model,meta-llama/Meta-Llama-3.1-70B-Instruct
tensor_parallel_size,8
timestamp,2026-05-31T16:48:00.535061

Build Times
provider,build_time_s
torchinferno,4.1

few_shot
metric,torchinferno,winner
ttft_median_ms,6191.76,
ttft_p99_ms,228816.59,
tpot_median_ms,79.47,
tpot_p99_ms,157.27,
e2e_median_ms,14890.11,
e2e_p99_ms,243258.38,
throughput_median_tps,7.79,
total_output_tokens,142217,
num_requests,1000,
correctness_rate,0.00,

long_output
metric,torchinferno,winner
ttft_median_ms,831.97,
ttft_p99_ms,96187.48,
tpot_median_ms,72.35,
tpot_p99_ms,283.30,
e2e_median_ms,4458.10,
e2e_p99_ms,101480.98,
throughput_median_tps,7.02,
total_output_tokens,35996,
num_requests,1000,
correctness_rate,0.00,

Per-Request Raw Data
provider,benchmark,request_idx,ttft_ms,tpot_ms,e2e_latency_ms,output_tokens,throughput_tps,correct
torchinferno,few_shot,0,1783.74,65.22,2305.47,9,3.90,0
torchinferno,few_shot,1,1775.09,61.38,2818.62,18,6.39,0
torchinferno,few_shot,2,1783.47,68.76,3227.43,22,6.82,0
torchinferno,few_shot,3,1771.80,80.23,3536.95,23,6.50,0
torchinferno,few_shot,4,3547.04,47.60,4213.50,15,3.56,0
torchinferno,few_shot,5,1779.58,65.21,4713.82,46,9.76,0
torchinferno,few_shot,6,1785.88,69.97,5074.26,48,9.46,0
torchinferno,few_shot,7,1781.02,68.67,5557.94,56,10.08,0
torchinferno,few_shot,8,5050.09,88.44,5934.54,11,1.85,0
torchinferno,few_shot,9,1785.73,67.53,6580.06,72,10.94,0
torchinferno,few_shot,10,3213.41,65.50,7143.56,61,8.54,0
torchinferno,few_shot,11,1788.21,63.84,7724.97,94,12.17,0
torchinferno,few_shot,12,5929.23,48.33,8684.05,58,6.68,0
torchinferno,few_shot,13,7124.05,41.66,9415.47,56,5.95,0
torchinferno,few_shot,14,5545.50,43.31,10655.55,119,11.17,0
torchinferno,few_shot,15,8677.83,43.03,11001.27,55,5.00,0
torchinferno,few_shot,16,10647.91,47.45,12024.10,30,2.49,0
torchinferno,few_shot,17,11008.00,44.55,12478.04,34,2.72,0
torchinferno,few_shot,18,2817.58,49.47,13305.86,213,16.01,0
torchinferno,few_shot,19,1261.94,50.11,14039.63,256,18.23,0
torchinferno,few_shot,20,1256.90,50.14,14042.62,256,18.23,0
torchinferno,few_shot,21,1277.44,50.14,14062.48,256,18.20,0
torchinferno,few_shot,22,1260.39,50.16,14051.60,256,18.22,0
torchinferno,few_shot,23,1262.24,50.17,14054.97,256,18.21,0
torchinferno,few_shot,24,1263.75,50.17,14056.32,256,18.21,0
torchinferno,few_shot,25,1277.25,50.18,14073.43,256,18.19,0
torchinferno,few_shot,26,1264.88,50.19,14064.48,256,18.20,0
torchinferno,few_shot,27,1277.30,50.20,14078.69,256,18.18,0
torchinferno,few_shot,28,1259.63,50.21,14063.73,256,18.20,0
torchinferno,few_shot,29,1275.01,50.23,14084.43,256,18.18,0
torchinferno,few_shot,30,1260.34,50.24,14072.12,256,18.19,0
torchinferno,few_shot,31,1273.69,50.28,14095.31,256,18.16,0
torchinferno,few_shot,32,9410.66,45.10,14462.24,113,7.81,0
torchinferno,few_shot,33,1765.95,51.34,14857.94,256,17.23,0
torchinferno,few_shot,34,1773.71,51.32,14860.96,256,17.23,0
torchinferno,few_shot,35,14024.07,118.63,14854.51,8,0.54,0
torchinferno,few_shot,36,1781.01,51.36,14876.83,256,17.21,0
torchinferno,few_shot,37,1784.10,51.36,14880.49,256,17.20,0
torchinferno,few_shot,38,1764.91,51.41,14873.39,256,17.21,0
torchinferno,few_shot,39,1765.07,51.41,14874.50,256,17.21,0
torchinferno,few_shot,40,1768.25,51.42,14881.57,256,17.20,0
torchinferno,few_shot,41,1776.09,51.40,14883.46,256,17.20,0
torchinferno,few_shot,42,1782.50,51.43,14896.77,256,17.18,0
torchinferno,few_shot,43,1793.19,51.42,14906.53,256,17.17,0
torchinferno,few_shot,44,14026.99,144.70,15184.57,9,0.59,0
torchinferno,few_shot,45,9410.75,143.80,10561.11,9,0.85,0
torchinferno,few_shot,46,6195.16,177.24,7258.62,7,0.96,0
torchinferno,few_shot,47,10828.24,148.93,13062.15,16,1.22,0
torchinferno,few_shot,48,11240.77,148.47,13467.86,16,1.19,0
torchinferno,few_shot,49,2283.68,56.13,16596.29,256,15.43,0
torchinferno,few_shot,50,1913.93,140.11,3034.81,9,2.97,0
torchinferno,few_shot,51,11747.14,127.75,15196.34,28,1.84,0
torchinferno,few_shot,52,12473.14,83.42,17811.79,65,3.65,0
torchinferno,few_shot,53,7152.46,150.83,10470.83,23,2.20,0
torchinferno,few_shot,54,13276.65,105.92,18572.86,51,2.75,0
torchinferno,few_shot,55,3031.81,123.74,5011.69,17,3.39,0
torchinferno,few_shot,56,4222.23,127.51,8812.49,37,4.20,0
torchinferno,few_shot,57,4196.17,61.20,19803.41,256,12.93,0
torchinferno,few_shot,58,4122.98,118.81,6142.70,18,2.93,0
torchinferno,few_shot,59,7703.31,62.89,20595.70,206,10.00,0
torchinferno,few_shot,60,4712.80,63.62,20936.38,256,12.23,0
torchinferno,few_shot,61,1575.63,136.41,7987.01,48,6.01,0
torchinferno,few_shot,62,5458.41,135.69,12242.91,51,4.17,0
torchinferno,few_shot,63,10504.24,129.47,18531.22,63,3.40,0
torchinferno,few_shot,64,9333.17,132.64,17689.70,64,3.62,0
torchinferno,few_shot,65,2835.64,136.41,10747.61,59,5.49,0
torchinferno,few_shot,66,2212.82,136.86,9055.63,51,5.63,0
torchinferno,few_shot,67,5333.76,121.16,8847.46,30,3.39,0
torchinferno,few_shot,68,6551.42,68.52,24024.61,256,10.66,0
torchinferno,few_shot,69,4983.61,136.10,10291.42,40,3.89,0
torchinferno,few_shot,70,4996.75,135.77,10291.93,40,3.89,0
torchinferno,few_shot,71,5724.22,130.52,10292.33,36,3.50,0
torchinferno,few_shot,72,4556.57,102.16,11912.36,73,6.13,0
torchinferno,few_shot,73,6797.77,86.47,11553.67,56,4.85,0
torchinferno,few_shot,74,8743.82,60.71,11354.16,44,3.88,0
torchinferno,few_shot,75,8946.95,93.28,21912.53,140,6.39,0
torchinferno,few_shot,76,9341.42,50.61,11213.85,38,3.39,0
torchinferno,few_shot,77,1574.93,87.74,14911.14,153,10.26,0
torchinferno,few_shot,78,9343.66,49.21,13182.23,79,5.99,0
torchinferno,few_shot,79,10367.71,56.27,11549.44,22,1.90,0
torchinferno,few_shot,80,7919.25,62.10,15681.38,126,8.04,0
torchinferno,few_shot,81,10111.39,64.50,12691.36,41,3.23,0
torchinferno,few_shot,82,10719.76,128.26,12258.84,13,1.06,0
torchinferno,few_shot,83,9475.45,60.49,14254.22,80,5.61,0
torchinferno,few_shot,84,7737.61,87.29,24933.99,198,7.94,0
torchinferno,few_shot,85,10715.92,128.57,11873.02,10,0.84,0
torchinferno,few_shot,86,12018.78,81.76,32867.67,256,7.79,0
torchinferno,few_shot,87,10656.57,100.67,13978.71,34,2.43,0
torchinferno,few_shot,88,8487.01,65.46,17521.18,139,7.93,0
torchinferno,few_shot,89,10090.09,101.92,11415.11,14,1.23,0
torchinferno,few_shot,90,14038.87,89.93,34542.30,229,6.63,0
torchinferno,few_shot,91,10820.79,115.75,14061.67,29,2.06,0
torchinferno,few_shot,92,9823.31,69.29,10377.63,9,0.87,0
torchinferno,few_shot,93,9830.27,105.37,11516.17,17,1.48,0
torchinferno,few_shot,94,9787.16,96.14,11517.76,19,1.65,0
torchinferno,few_shot,95,14027.67,89.23,36782.03,256,6.96,0
torchinferno,few_shot,96,9825.14,89.27,32589.03,256,7.86,0
torchinferno,few_shot,97,14040.10,89.21,36787.56,256,6.96,0
torchinferno,few_shot,98,14034.45,89.23,36787.83,256,6.96,0
torchinferno,few_shot,99,14035.45,89.24,36791.31,256,6.96,0
torchinferno,few_shot,100,10670.80,100.35,16993.04,64,3.77,0
torchinferno,few_shot,101,10402.58,103.61,15479.34,50,3.23,0
torchinferno,few_shot,102,3865.39,90.42,26921.89,256,9.51,0
torchinferno,few_shot,103,2397.19,90.40,25449.18,256,10.06,0
torchinferno,few_shot,104,9323.21,90.47,32392.05,256,7.90,0
torchinferno,few_shot,105,1153.08,145.05,24216.04,160,6.61,0
torchinferno,few_shot,106,9455.29,116.81,12258.66,25,2.04,0
torchinferno,few_shot,107,2215.73,89.25,24975.38,256,10.25,0
torchinferno,few_shot,108,2546.02,89.24,25301.22,256,10.12,0
torchinferno,few_shot,109,10399.57,114.49,18070.31,68,3.76,0
torchinferno,few_shot,110,8831.44,82.63,24861.63,195,7.84,0
torchinferno,few_shot,111,6674.26,170.29,9569.21,18,1.88,0
torchinferno,few_shot,112,9302.44,138.60,13876.23,34,2.45,0
torchinferno,few_shot,113,5074.82,157.27,6175.68,8,1.30,0
torchinferno,few_shot,114,3427.69,92.87,27110.49,256,9.44,0
torchinferno,few_shot,115,8936.98,167.93,13638.96,29,2.13,0
torchinferno,few_shot,116,3749.41,92.82,27419.25,256,9.34,0
torchinferno,few_shot,117,4964.30,97.80,6235.66,14,2.25,0
torchinferno,few_shot,118,5450.83,127.60,10044.36,37,3.68,0
torchinferno,few_shot,119,4940.01,90.39,27988.74,256,9.15,0
torchinferno,few_shot,120,5235.23,137.07,9758.61,34,3.48,0
torchinferno,few_shot,121,9596.50,133.45,17603.62,61,3.47,0
torchinferno,few_shot,122,6640.80,140.52,13385.68,49,3.66,0
torchinferno,few_shot,123,4897.80,131.42,8708.92,30,3.44,0
torchinferno,few_shot,124,6066.69,92.76,29719.65,256,8.61,0
torchinferno,few_shot,125,6399.15,92.72,30043.02,256,8.52,0
torchinferno,few_shot,126,4878.41,131.21,9077.26,33,3.64,0
torchinferno,few_shot,127,4702.88,130.93,8892.76,33,3.71,0
torchinferno,few_shot,128,7194.86,93.89,31138.08,256,8.22,0
torchinferno,few_shot,129,7519.43,93.86,31452.51,256,8.14,0
torchinferno,few_shot,130,8216.95,92.68,31850.04,256,8.04,0
torchinferno,few_shot,131,8820.03,92.67,32451.53,256,7.89,0
torchinferno,few_shot,132,5377.84,131.65,14461.47,70,4.84,0
torchinferno,few_shot,133,6320.51,110.17,8744.26,23,2.63,0
torchinferno,few_shot,134,5178.31,125.74,13602.84,68,5.00,0
torchinferno,few_shot,135,8888.35,91.52,32226.51,256,7.94,0
torchinferno,few_shot,136,6314.22,121.96,10948.68,39,3.56,0
torchinferno,few_shot,137,5714.19,120.13,12681.49,59,4.65,0
torchinferno,few_shot,138,5667.26,65.65,8161.81,39,4.78,0
torchinferno,few_shot,139,5655.92,60.30,7766.42,36,4.64,0
torchinferno,few_shot,140,6335.65,95.93,7198.99,10,1.39,0
torchinferno,few_shot,141,5659.93,98.07,14289.81,89,6.23,0
torchinferno,few_shot,142,5566.04,79.10,11419.51,75,6.57,0
torchinferno,few_shot,143,9765.26,107.55,27833.73,169,6.07,0
torchinferno,few_shot,144,5663.17,98.92,14664.94,92,6.27,0
torchinferno,few_shot,145,5312.31,105.54,15760.83,100,6.34,0
torchinferno,few_shot,146,5946.70,91.13,13145.62,80,6.09,0
torchinferno,few_shot,147,10028.23,99.98,35522.68,256,7.21,0
torchinferno,few_shot,148,6205.25,109.97,7854.73,16,2.04,0
torchinferno,few_shot,149,6174.19,115.40,8597.69,22,2.56,0
torchinferno,few_shot,150,6547.61,97.81,10362.02,40,3.86,0
torchinferno,few_shot,151,5715.12,83.07,7127.34,18,2.53,0
torchinferno,few_shot,152,8499.55,106.92,26996.45,174,6.45,0
torchinferno,few_shot,153,4656.38,53.97,5304.01,13,2.45,0
torchinferno,few_shot,154,10734.56,101.39,36588.86,256,7.00,0
torchinferno,few_shot,155,5552.71,74.68,9435.90,53,5.62,0
torchinferno,few_shot,156,10331.75,95.49,34682.02,256,7.38,0
torchinferno,few_shot,157,6543.93,68.29,13577.78,104,7.66,0
torchinferno,few_shot,158,4802.16,52.17,7880.08,60,7.61,0
torchinferno,few_shot,159,7825.21,89.14,30556.87,256,8.38,0
torchinferno,few_shot,160,6652.69,89.14,29384.32,256,8.71,0
torchinferno,few_shot,161,7017.00,89.12,29742.26,256,8.61,0
torchinferno,few_shot,162,6188.35,86.63,28278.58,256,9.05,0
torchinferno,few_shot,163,6612.32,86.67,28713.67,256,8.92,0
torchinferno,few_shot,164,5238.94,84.34,26745.27,256,9.57,0
torchinferno,few_shot,165,5167.08,84.29,26661.77,256,9.60,0
torchinferno,few_shot,166,4734.53,129.87,5903.36,10,1.69,0
torchinferno,few_shot,167,5077.18,120.56,6644.40,14,2.11,0
torchinferno,few_shot,168,5227.35,105.34,7650.25,24,3.14,0
torchinferno,few_shot,169,4934.95,162.35,6396.13,10,1.56,0
torchinferno,few_shot,170,4373.44,84.21,25847.44,256,9.90,0
torchinferno,few_shot,171,4688.94,84.25,26171.73,256,9.78,0
torchinferno,few_shot,172,5647.40,107.73,9633.49,38,3.94,0
torchinferno,few_shot,173,6177.77,101.43,10640.76,45,4.23,0
torchinferno,few_shot,174,5617.10,81.71,26452.72,256,9.68,0
torchinferno,few_shot,175,5994.07,81.68,26822.42,256,9.54,0
torchinferno,few_shot,176,6320.59,80.47,26839.97,256,9.54,0
torchinferno,few_shot,177,5947.47,95.75,12554.32,70,5.58,0
torchinferno,few_shot,178,6242.70,80.54,26779.59,256,9.56,0
torchinferno,few_shot,179,4908.20,77.48,13973.06,118,8.44,0
torchinferno,few_shot,180,5481.30,78.59,25443.96,255,10.02,0
torchinferno,few_shot,181,3305.94,116.33,7610.06,38,4.99,0
torchinferno,few_shot,182,3959.86,149.52,6950.25,21,3.02,0
torchinferno,few_shot,183,5573.20,80.58,26120.31,256,9.80,0
torchinferno,few_shot,184,3993.42,105.24,4835.35,9,1.86,0
torchinferno,few_shot,185,5844.15,81.76,26693.72,256,9.59,0
torchinferno,few_shot,186,3980.15,117.21,8668.52,41,4.73,0
torchinferno,few_shot,187,6163.82,81.83,27031.73,256,9.47,0
torchinferno,few_shot,188,3921.96,132.64,7370.48,27,3.66,0
torchinferno,few_shot,189,5633.71,81.86,26507.07,256,9.66,0
torchinferno,few_shot,190,5666.65,80.73,26252.12,256,9.75,0
torchinferno,few_shot,191,3447.99,103.58,10387.70,68,6.55,0
torchinferno,few_shot,192,5929.96,82.99,26842.76,253,9.43,0
torchinferno,few_shot,193,6501.94,85.05,25382.90,223,8.79,0
torchinferno,few_shot,194,3816.59,104.10,7147.86,33,4.62,0
torchinferno,few_shot,195,3427.70,86.63,6979.46,42,6.02,0
torchinferno,few_shot,196,6360.38,84.80,27900.31,255,9.14,0
torchinferno,few_shot,197,3556.26,84.88,6696.87,38,5.67,0
torchinferno,few_shot,198,4211.65,97.08,12171.82,83,6.82,0
torchinferno,few_shot,199,3091.23,83.60,8023.71,60,7.48,0
torchinferno,few_shot,200,6216.23,82.10,27151.16,256,9.43,0
torchinferno,few_shot,201,6007.82,80.85,26624.54,256,9.62,0
torchinferno,few_shot,202,3224.20,104.52,4060.35,9,2.22,0
torchinferno,few_shot,203,5777.38,79.61,26077.10,256,9.82,0
torchinferno,few_shot,204,2836.44,74.38,3803.36,14,3.68,0
torchinferno,few_shot,205,6055.73,80.74,26645.66,256,9.61,0
torchinferno,few_shot,206,5000.81,80.70,25580.25,256,10.01,0
torchinferno,few_shot,207,3596.14,75.22,7808.68,57,7.30,0
torchinferno,few_shot,208,3545.61,74.09,8732.07,71,8.13,0
torchinferno,few_shot,209,4918.02,81.76,25768.05,256,9.93,0
torchinferno,few_shot,210,5930.06,87.85,25696.76,226,8.79,0
torchinferno,few_shot,211,2984.11,61.88,3541.04,10,2.82,0
torchinferno,few_shot,212,3970.91,86.84,16127.96,141,8.74,0
torchinferno,few_shot,213,3283.13,67.44,5306.32,31,5.84,0
torchinferno,few_shot,214,3873.01,81.99,18140.02,175,9.65,0
torchinferno,few_shot,215,6126.17,84.06,27561.23,256,9.29,0
torchinferno,few_shot,216,2959.25,66.35,6940.11,61,8.79,0
torchinferno,few_shot,217,4145.96,83.45,23506.59,233,9.91,0
torchinferno,few_shot,218,4820.51,84.81,24919.65,238,9.55,0
torchinferno,few_shot,219,2822.22,72.12,9457.70,93,9.83,0
torchinferno,few_shot,220,5251.57,86.39,27281.96,256,9.38,0
torchinferno,few_shot,221,4783.21,85.27,26527.19,256,9.65,0
torchinferno,few_shot,222,3414.19,74.71,7597.98,57,7.50,0
torchinferno,few_shot,223,3125.82,82.88,24261.24,256,10.55,0
torchinferno,few_shot,224,3745.90,107.74,6547.03,27,4.12,0
torchinferno,few_shot,225,3713.49,122.21,6035.39,20,3.31,0
torchinferno,few_shot,226,2806.77,104.28,3641.01,9,2.47,0
torchinferno,few_shot,227,2770.16,67.13,3307.17,9,2.72,0
torchinferno,few_shot,228,4350.37,84.14,25805.20,256,9.92,0
torchinferno,few_shot,229,4254.96,82.95,25406.56,256,10.08,0
torchinferno,few_shot,230,3889.43,81.73,24730.26,256,10.35,0
torchinferno,few_shot,231,3966.28,80.53,24501.59,256,10.45,0
torchinferno,few_shot,232,3795.41,79.34,24027.78,256,10.65,0
torchinferno,few_shot,233,2873.51,101.72,6942.43,41,5.91,0
torchinferno,few_shot,234,2788.19,96.07,6534.98,40,6.12,0
torchinferno,few_shot,235,3296.19,105.43,9305.42,58,6.23,0
torchinferno,few_shot,236,3813.83,81.62,24625.87,256,10.40,0
torchinferno,few_shot,237,3445.23,81.62,24258.94,256,10.55,0
torchinferno,few_shot,238,2899.57,137.34,4822.35,15,3.11,0
torchinferno,few_shot,239,3628.02,81.60,24435.24,256,10.48,0
torchinferno,few_shot,240,3617.19,81.49,24396.27,256,10.49,0
torchinferno,few_shot,241,2420.46,102.59,3241.17,9,2.78,0
torchinferno,few_shot,242,3041.91,112.61,6983.19,36,5.16,0
torchinferno,few_shot,243,2907.23,103.20,8170.43,52,6.36,0
torchinferno,few_shot,244,3411.79,82.69,24497.06,256,10.45,0
torchinferno,few_shot,245,3452.81,81.50,24234.52,256,10.56,0
torchinferno,few_shot,246,2931.69,82.62,23999.00,256,10.67,0
torchinferno,few_shot,247,2227.94,86.32,5249.31,36,6.86,0
torchinferno,few_shot,248,3962.16,82.56,25015.83,256,10.23,0
torchinferno,few_shot,249,3686.55,82.53,24731.14,256,10.35,0
torchinferno,few_shot,250,3081.70,81.34,23822.47,256,10.75,0
torchinferno,few_shot,251,2227.01,81.31,22961.08,256,11.15,0
torchinferno,few_shot,252,2076.14,75.38,6222.19,56,9.00,0
torchinferno,few_shot,253,1201.18,75.21,5337.51,56,10.49,0
torchinferno,few_shot,254,2419.53,82.47,23450.21,256,10.92,0
torchinferno,few_shot,255,2772.20,81.26,23492.39,256,10.90,0
torchinferno,few_shot,256,1676.63,79.60,5258.77,46,8.75,0
torchinferno,few_shot,257,2733.49,82.37,23739.06,256,10.78,0
torchinferno,few_shot,258,789.02,80.42,6096.52,67,10.99,0
torchinferno,few_shot,259,3360.16,88.18,20820.51,199,9.56,0
torchinferno,few_shot,260,2886.98,84.73,24493.28,256,10.45,0
torchinferno,few_shot,261,898.48,90.27,3877.22,34,8.77,0
torchinferno,few_shot,262,754.97,83.93,2097.83,17,8.10,0
torchinferno,few_shot,263,826.58,92.55,2955.24,24,8.12,0
torchinferno,few_shot,264,3193.85,84.74,24801.58,256,10.32,0
torchinferno,few_shot,265,2920.75,84.72,24524.62,256,10.44,0
torchinferno,few_shot,266,3521.89,92.52,23135.61,213,9.21,0
torchinferno,few_shot,267,730.22,102.52,1550.37,9,5.81,0
torchinferno,few_shot,268,770.19,96.66,5699.66,52,9.12,0
torchinferno,few_shot,269,470.61,104.07,1303.18,9,6.91,0
torchinferno,few_shot,270,794.93,65.95,5213.48,68,13.04,0
torchinferno,few_shot,271,3651.83,85.80,25530.95,256,10.03,0
torchinferno,few_shot,272,395.46,76.14,7248.14,91,12.55,0
torchinferno,few_shot,273,3557.97,84.63,25138.78,256,10.18,0
torchinferno,few_shot,274,3194.25,82.25,24167.44,256,10.59,0
torchinferno,few_shot,275,2346.98,77.96,17626.18,197,11.18,0
torchinferno,few_shot,276,1016.96,75.07,10175.45,123,12.09,0
torchinferno,few_shot,277,3006.99,82.33,24001.38,256,10.67,0
torchinferno,few_shot,278,635.20,63.55,1207.14,10,8.28,0
torchinferno,few_shot,279,1036.09,71.27,3459.29,35,10.12,0
torchinferno,few_shot,280,399.27,74.80,2792.84,33,11.82,0
torchinferno,few_shot,281,348.59,94.89,1202.58,10,8.32,0
torchinferno,few_shot,282,2906.28,81.11,23589.92,256,10.85,0
torchinferno,few_shot,283,2809.38,79.93,23192.67,256,11.04,0
torchinferno,few_shot,284,2886.70,78.75,22967.43,256,11.15,0
torchinferno,few_shot,285,458.26,55.07,1669.89,23,13.77,0
torchinferno,few_shot,286,3042.54,77.63,22838.38,256,11.21,0
torchinferno,few_shot,287,2744.80,75.30,21946.76,256,11.66,0
torchinferno,few_shot,288,2751.09,74.07,21640.12,256,11.83,0
torchinferno,few_shot,289,395.06,62.88,4041.95,59,14.60,0
torchinferno,few_shot,290,2215.90,72.93,20811.81,256,12.30,0
torchinferno,few_shot,291,399.90,65.56,4005.60,56,13.98,0
torchinferno,few_shot,292,2460.37,71.99,20817.29,256,12.30,0
torchinferno,few_shot,293,1723.42,72.12,20112.95,256,12.73,0
torchinferno,few_shot,294,2521.48,72.12,20911.25,256,12.24,0
torchinferno,few_shot,295,1107.77,69.73,18888.95,256,13.55,0
torchinferno,few_shot,296,487.72,58.57,3416.47,51,14.93,0
torchinferno,few_shot,297,998.82,69.23,17961.26,246,13.70,0
torchinferno,few_shot,298,389.23,60.87,3737.22,56,14.98,0
torchinferno,few_shot,299,534.02,61.89,3319.13,46,13.86,0
torchinferno,few_shot,300,978.32,68.62,18476.27,256,13.86,0
torchinferno,few_shot,301,1013.33,68.61,18509.35,256,13.83,0
torchinferno,few_shot,302,941.08,67.41,18130.35,256,14.12,0
torchinferno,few_shot,303,500.19,54.08,2825.48,44,15.57,0
torchinferno,few_shot,304,837.55,53.98,2618.85,34,12.98,0
torchinferno,few_shot,305,377.49,61.41,10509.38,166,15.80,0
torchinferno,few_shot,306,741.03,66.32,17653.74,256,14.50,0
torchinferno,few_shot,307,1212.70,66.29,18116.25,256,14.13,0
torchinferno,few_shot,308,514.03,55.78,3358.90,52,15.48,0
torchinferno,few_shot,309,374.62,60.44,6902.33,109,15.79,0
torchinferno,few_shot,310,1393.20,63.96,17703.50,256,14.46,0
torchinferno,few_shot,311,976.42,64.02,17301.39,256,14.80,0
torchinferno,few_shot,312,832.78,64.90,2390.42,25,10.46,0
torchinferno,few_shot,313,917.08,59.09,1508.01,11,7.29,0
torchinferno,few_shot,314,478.16,58.25,2167.43,30,13.84,0
torchinferno,few_shot,315,770.21,61.66,16493.76,256,15.52,0
torchinferno,few_shot,316,744.77,61.70,16478.57,256,15.54,0
torchinferno,few_shot,317,796.00,60.51,16226.80,256,15.78,0
torchinferno,few_shot,318,865.61,60.59,16317.33,256,15.69,0
torchinferno,few_shot,319,420.34,60.61,15874.73,256,16.13,0
torchinferno,few_shot,320,409.49,62.45,5093.34,76,14.92,0
torchinferno,few_shot,321,839.64,64.31,2383.01,25,10.49,0
torchinferno,few_shot,322,843.07,59.70,2454.93,28,11.41,0
torchinferno,few_shot,323,478.22,66.19,1007.71,9,8.93,0
torchinferno,few_shot,324,407.48,56.62,1539.88,21,13.64,0
torchinferno,few_shot,325,480.87,61.73,16221.41,256,15.78,0
torchinferno,few_shot,326,535.17,62.24,10929.12,168,15.37,0
torchinferno,few_shot,327,399.08,66.34,929.79,9,9.68,0
torchinferno,few_shot,328,481.17,63.21,6106.50,90,14.74,0
torchinferno,few_shot,329,496.57,61.71,16232.35,256,15.77,0
torchinferno,few_shot,330,500.64,44.39,1299.58,19,14.62,0
torchinferno,few_shot,331,497.93,57.39,3826.40,59,15.42,0
torchinferno,few_shot,332,825.70,60.53,16260.57,256,15.74,0
torchinferno,few_shot,333,356.91,61.01,10423.41,166,15.93,0
torchinferno,few_shot,334,826.06,60.57,16271.71,256,15.73,0
torchinferno,few_shot,335,371.26,57.87,2628.09,40,15.22,0
torchinferno,few_shot,336,437.26,62.46,999.41,10,10.01,0
torchinferno,few_shot,337,476.21,50.66,2401.19,39,16.24,0
torchinferno,few_shot,338,457.37,59.37,15597.21,256,16.41,0
torchinferno,few_shot,339,435.37,59.75,13221.76,215,16.26,0
torchinferno,few_shot,340,506.31,63.49,1585.56,18,11.35,0
torchinferno,few_shot,341,844.11,73.44,1358.22,8,5.89,0
torchinferno,few_shot,342,484.65,67.00,2025.68,24,11.85,0
torchinferno,few_shot,343,538.57,60.52,15970.79,256,16.03,0
torchinferno,few_shot,344,432.93,60.53,15867.23,256,16.13,0
torchinferno,few_shot,345,454.39,60.43,15863.24,256,16.14,0
torchinferno,few_shot,346,435.79,60.43,15846.33,256,16.16,0
torchinferno,few_shot,347,538.75,64.52,3635.93,49,13.48,0
torchinferno,few_shot,348,510.24,62.63,1073.87,10,9.31,0
torchinferno,few_shot,349,835.96,61.36,12371.42,189,15.28,0
torchinferno,few_shot,350,383.37,59.37,10594.29,173,16.33,0
torchinferno,few_shot,351,517.64,54.85,3424.49,54,15.77,0
torchinferno,few_shot,352,426.32,58.98,15465.57,256,16.55,0
torchinferno,few_shot,353,512.85,58.97,15550.65,256,16.46,0
torchinferno,few_shot,354,350.17,47.15,1057.44,16,15.13,0
torchinferno,few_shot,355,504.55,52.46,3495.01,58,16.60,0
torchinferno,few_shot,356,385.97,47.33,2373.97,43,18.11,0
torchinferno,few_shot,357,836.36,45.97,2904.87,46,15.84,0
torchinferno,few_shot,358,455.62,58.94,15485.14,256,16.53,0
torchinferno,few_shot,359,504.37,29.99,684.30,7,10.23,0
torchinferno,few_shot,360,505.31,58.92,15529.61,256,16.48,0
torchinferno,few_shot,361,521.87,64.23,2063.51,25,12.12,0
torchinferno,few_shot,362,450.09,58.94,15479.36,256,16.54,0
torchinferno,few_shot,363,449.83,55.75,2178.08,32,14.69,0
torchinferno,few_shot,364,382.09,56.48,14785.43,256,17.31,0
torchinferno,few_shot,365,507.09,55.59,14571.65,254,17.43,0
torchinferno,few_shot,366,355.51,55.28,14451.95,256,17.71,0
torchinferno,few_shot,367,437.98,55.27,14530.68,256,17.62,0
torchinferno,few_shot,368,507.55,55.25,14596.91,256,17.54,0
torchinferno,few_shot,369,361.34,66.84,896.05,9,10.04,0
torchinferno,few_shot,370,528.24,46.94,2593.78,45,17.35,0
torchinferno,few_shot,371,831.45,47.87,4134.19,70,16.93,0
torchinferno,few_shot,372,432.37,55.26,14523.56,256,17.63,0
torchinferno,few_shot,373,378.49,51.30,6431.65,119,18.50,0
torchinferno,few_shot,374,355.10,54.98,5028.16,86,17.10,0
torchinferno,few_shot,375,485.83,66.55,1018.23,9,8.84,0
torchinferno,few_shot,376,838.35,54.18,2030.38,23,11.33,0
torchinferno,few_shot,377,828.19,54.75,13421.79,231,17.21,0
torchinferno,few_shot,378,842.97,53.83,8972.04,152,16.94,0
torchinferno,few_shot,379,504.10,66.76,1038.19,9,8.67,0
torchinferno,few_shot,380,478.98,55.32,14584.70,256,17.55,0
torchinferno,few_shot,381,843.41,57.53,3604.99,49,13.59,0
torchinferno,few_shot,382,467.36,54.12,14267.40,256,17.94,0
torchinferno,few_shot,383,525.39,55.19,9024.42,155,17.18,0
torchinferno,few_shot,384,430.29,55.27,14524.65,256,17.63,0
torchinferno,few_shot,385,480.49,53.98,3395.47,55,16.20,0
torchinferno,few_shot,386,483.28,47.08,2507.93,44,17.54,0
torchinferno,few_shot,387,477.85,46.62,2529.17,45,17.79,0
torchinferno,few_shot,388,509.22,51.32,6565.23,119,18.13,0
torchinferno,few_shot,389,465.81,54.00,14234.82,256,17.98,0
torchinferno,few_shot,390,838.95,51.27,2069.37,25,12.08,0
torchinferno,few_shot,391,526.03,60.28,1611.11,19,11.79,0
torchinferno,few_shot,392,487.87,53.84,2803.11,44,15.70,0
torchinferno,few_shot,393,461.22,53.94,14215.46,256,18.01,0
torchinferno,few_shot,394,855.23,58.53,14609.33,236,16.15,0
torchinferno,few_shot,395,844.69,53.93,14597.73,256,17.54,0
torchinferno,few_shot,396,846.78,53.95,14603.44,256,17.53,0
torchinferno,few_shot,397,482.78,52.73,13930.14,256,18.38,0
torchinferno,few_shot,398,402.76,46.29,2485.83,46,18.50,0
torchinferno,few_shot,399,831.81,51.78,8029.85,140,17.43,0
torchinferno,few_shot,400,539.29,42.21,2101.21,38,18.08,0
torchinferno,few_shot,401,430.08,52.79,13891.01,256,18.43,0
torchinferno,few_shot,402,832.43,51.57,13982.38,256,18.31,0
torchinferno,few_shot,403,837.70,51.56,13984.58,256,18.31,0
torchinferno,few_shot,404,482.20,51.78,13634.92,255,18.70,0
torchinferno,few_shot,405,357.38,44.73,2504.59,49,19.56,0
torchinferno,few_shot,406,842.92,47.44,6108.66,112,18.33,0
torchinferno,few_shot,407,839.10,38.26,1795.59,26,14.48,0
torchinferno,few_shot,408,845.20,51.56,13993.42,256,18.29,0
torchinferno,few_shot,409,354.60,50.36,13195.38,256,19.40,0
torchinferno,few_shot,410,379.26,50.38,13225.31,256,19.36,0
torchinferno,few_shot,411,835.89,49.18,13377.07,256,19.14,0
torchinferno,few_shot,412,517.57,35.34,1719.13,35,20.36,0
torchinferno,few_shot,413,477.46,40.73,2228.82,44,19.74,0
torchinferno,few_shot,414,834.14,48.10,13100.77,256,19.54,0
torchinferno,few_shot,415,445.74,37.27,1489.27,29,19.47,0
torchinferno,few_shot,416,532.10,48.12,12801.45,256,20.00,0
torchinferno,few_shot,417,536.42,44.95,9031.78,190,21.04,0
torchinferno,few_shot,418,374.66,46.97,12353.02,256,20.72,0
torchinferno,few_shot,419,524.70,46.98,12503.61,256,20.47,0
torchinferno,few_shot,420,399.35,47.00,12385.60,256,20.67,0
torchinferno,few_shot,421,833.42,45.78,12507.49,256,20.47,0
torchinferno,few_shot,422,830.03,45.83,12516.89,256,20.45,0
torchinferno,few_shot,423,479.11,45.84,12168.02,256,21.04,0
torchinferno,few_shot,424,536.26,67.84,1553.78,16,10.30,0
torchinferno,few_shot,425,836.65,45.80,12515.97,256,20.45,0
torchinferno,few_shot,426,845.93,64.61,2396.49,25,10.43,0
torchinferno,few_shot,427,535.48,54.54,5225.77,87,16.65,0
torchinferno,few_shot,428,840.50,47.19,12827.06,255,19.88,0
torchinferno,few_shot,429,357.61,54.32,4974.43,86,17.29,0
torchinferno,few_shot,430,358.00,48.18,12644.08,256,20.25,0
torchinferno,few_shot,431,405.73,48.14,12680.88,256,20.19,0
torchinferno,few_shot,432,484.64,49.55,2367.45,39,16.47,0
torchinferno,few_shot,433,545.91,49.36,8739.87,167,19.11,0
torchinferno,few_shot,434,842.83,52.99,3757.29,56,14.90,0
torchinferno,few_shot,435,523.05,48.09,12786.53,256,20.02,0
torchinferno,few_shot,436,838.97,48.02,13085.27,256,19.56,0
torchinferno,few_shot,437,844.86,48.01,13087.01,256,19.56,0
torchinferno,few_shot,438,469.04,47.94,12693.58,256,20.17,0
torchinferno,few_shot,439,540.88,51.98,8181.53,148,18.09,0
torchinferno,few_shot,440,826.17,44.24,2949.75,49,16.61,0
torchinferno,few_shot,441,835.79,42.02,3104.63,55,17.72,0
torchinferno,few_shot,442,831.21,46.82,6636.73,125,18.83,0
torchinferno,few_shot,443,862.82,48.86,13321.80,256,19.22,0
torchinferno,few_shot,444,396.00,47.67,2302.88,41,17.80,0
torchinferno,few_shot,445,835.87,41.35,3854.49,74,19.20,0
torchinferno,few_shot,446,516.96,41.86,2023.92,37,18.28,0
torchinferno,few_shot,447,588.45,49.88,13308.26,256,19.24,0
torchinferno,few_shot,448,540.30,49.90,13264.41,256,19.30,0
torchinferno,few_shot,449,524.62,28.50,695.64,7,10.06,0
torchinferno,few_shot,450,519.18,30.78,642.31,5,7.78,0
torchinferno,few_shot,451,839.36,48.49,13203.62,256,19.39,0
torchinferno,few_shot,452,842.99,48.50,13209.53,256,19.38,0
torchinferno,few_shot,453,519.34,43.92,4032.81,81,20.09,0
torchinferno,few_shot,454,383.17,26.13,827.39,18,21.76,0
torchinferno,few_shot,455,507.10,47.47,12563.99,255,20.30,0
torchinferno,few_shot,456,502.22,46.08,12251.71,256,20.90,0
torchinferno,few_shot,457,525.23,44.88,11970.75,256,21.39,0
torchinferno,few_shot,458,458.19,38.35,2260.59,48,21.23,0
torchinferno,few_shot,459,383.02,40.56,5128.06,118,23.01,0
torchinferno,few_shot,460,517.00,44.88,11962.64,256,21.40,0
torchinferno,few_shot,461,521.74,27.63,742.81,9,12.12,0
torchinferno,few_shot,462,489.50,68.81,11637.30,163,14.01,0
torchinferno,few_shot,463,822.19,43.72,11969.66,256,21.39,0
torchinferno,few_shot,464,823.34,27.21,1041.02,9,8.65,0
torchinferno,few_shot,465,819.23,27.09,1063.04,10,9.41,0
torchinferno,few_shot,466,533.68,43.20,4810.76,100,20.79,0
torchinferno,few_shot,467,444.64,43.58,1185.53,18,15.18,0
torchinferno,few_shot,468,516.05,44.80,11940.62,256,21.44,0
torchinferno,few_shot,469,396.76,38.88,1291.01,24,18.59,0
torchinferno,few_shot,470,473.62,43.60,11592.30,256,22.08,0
torchinferno,few_shot,471,826.73,25.37,1334.09,21,15.74,0
torchinferno,few_shot,472,500.16,35.11,1553.58,31,19.95,0
torchinferno,few_shot,473,473.74,43.60,11592.45,256,22.08,0
torchinferno,few_shot,474,447.92,43.63,11573.84,256,22.12,0
torchinferno,few_shot,475,375.28,61.53,929.08,10,10.76,0
torchinferno,few_shot,476,519.21,43.58,11631.32,256,22.01,0
torchinferno,few_shot,477,822.94,25.60,1411.84,24,17.00,0
torchinferno,few_shot,478,830.16,38.62,2529.29,45,17.79,0
torchinferno,few_shot,479,382.89,26.57,754.86,15,19.87,0
torchinferno,few_shot,480,532.46,42.34,11329.69,256,22.60,0
torchinferno,few_shot,481,485.70,42.35,11285.63,256,22.68,0
torchinferno,few_shot,482,842.93,41.14,11332.52,256,22.59,0
torchinferno,few_shot,483,523.79,60.76,1070.65,10,9.34,0
torchinferno,few_shot,484,526.32,43.47,11610.09,256,22.05,0
torchinferno,few_shot,485,522.80,52.53,2256.15,34,15.07,0
torchinferno,few_shot,486,350.27,44.65,11735.59,256,21.81,0
torchinferno,few_shot,487,495.38,44.65,11882.18,256,21.54,0
torchinferno,few_shot,488,517.98,46.22,1858.49,30,16.14,0
torchinferno,few_shot,489,471.41,44.63,11852.71,256,21.60,0
torchinferno,few_shot,490,471.20,43.47,11556.00,256,22.15,0
torchinferno,few_shot,491,495.34,42.64,6251.97,136,21.75,0
torchinferno,few_shot,492,452.53,42.29,11235.75,256,22.78,0
torchinferno,few_shot,493,524.03,42.79,11306.40,253,22.38,0
torchinferno,few_shot,494,453.41,40.83,4332.36,96,22.16,0
torchinferno,few_shot,495,522.33,41.34,2878.42,58,20.15,0
torchinferno,few_shot,496,539.26,48.76,1807.09,27,14.94,0
torchinferno,few_shot,497,825.33,42.38,11631.43,256,22.01,0
torchinferno,few_shot,498,446.21,42.37,11251.76,256,22.75,0
torchinferno,few_shot,499,518.97,42.37,11324.51,256,22.61,0
torchinferno,few_shot,500,423.35,33.06,1679.76,39,23.22,0
torchinferno,few_shot,501,519.15,25.50,1156.55,26,22.48,0
torchinferno,few_shot,502,530.22,28.01,698.30,7,10.02,0
torchinferno,few_shot,503,524.09,25.61,959.53,18,18.76,0
torchinferno,few_shot,504,823.96,42.33,11617.67,256,22.04,0
torchinferno,few_shot,505,525.74,41.81,6463.24,143,22.13,0
torchinferno,few_shot,506,524.45,40.03,8410.25,198,23.54,0
torchinferno,few_shot,507,448.14,41.14,10937.69,256,23.41,0
torchinferno,few_shot,508,518.63,34.34,1617.39,33,20.40,0
torchinferno,few_shot,509,517.16,39.92,10697.31,256,23.93,0
torchinferno,few_shot,510,498.01,39.87,10663.80,256,24.01,0
torchinferno,few_shot,511,517.84,37.38,7508.70,188,25.04,0
torchinferno,few_shot,512,507.23,38.51,10328.44,256,24.79,0
torchinferno,few_shot,513,441.97,38.56,10273.67,256,24.92,0
torchinferno,few_shot,514,352.20,36.41,6759.68,177,26.18,0
torchinferno,few_shot,515,525.57,32.38,1820.86,41,22.52,0
torchinferno,few_shot,516,456.70,37.32,9973.62,256,25.67,0
torchinferno,few_shot,517,531.05,37.33,10050.65,256,25.47,0
torchinferno,few_shot,518,471.34,36.27,2393.85,54,22.56,0
torchinferno,few_shot,519,447.31,37.33,9966.84,256,25.69,0
torchinferno,few_shot,520,820.91,36.12,10030.60,256,25.52,0
torchinferno,few_shot,521,527.21,37.78,5741.07,139,24.21,0
torchinferno,few_shot,522,514.96,36.83,1546.18,29,18.76,0
torchinferno,few_shot,523,820.85,36.72,3795.51,82,21.60,0
torchinferno,few_shot,524,469.54,37.63,10065.88,256,25.43,0
torchinferno,few_shot,525,814.04,37.82,10457.17,256,24.48,0
torchinferno,few_shot,526,472.71,54.03,1769.32,25,14.13,0
torchinferno,few_shot,527,518.65,39.19,10512.91,256,24.35,0
torchinferno,few_shot,528,885.31,24.53,1915.51,43,22.45,0
torchinferno,few_shot,529,402.19,37.98,10085.86,256,25.38,0
torchinferno,few_shot,530,419.76,65.73,945.59,9,9.52,0
torchinferno,few_shot,531,474.04,38.62,8970.84,221,24.64,0
torchinferno,few_shot,532,376.32,26.20,585.90,9,15.36,0
torchinferno,few_shot,533,459.04,23.91,1463.31,43,29.39,0
torchinferno,few_shot,534,905.39,34.99,7518.80,190,25.27,0
torchinferno,few_shot,535,825.49,32.33,5254.81,138,26.26,0
torchinferno,few_shot,536,545.52,37.41,10084.36,256,25.39,0
torchinferno,few_shot,537,424.50,36.00,9605.68,256,26.65,0
torchinferno,few_shot,538,489.41,36.99,9921.14,256,25.80,0
torchinferno,few_shot,539,508.83,24.29,1456.14,40,27.47,0
torchinferno,few_shot,540,462.68,34.50,4429.87,116,26.19,0
torchinferno,few_shot,541,459.90,33.12,8904.62,256,28.75,0
torchinferno,few_shot,542,397.47,32.26,1623.34,39,24.02,0
torchinferno,few_shot,543,516.71,35.69,5976.69,154,25.77,0
torchinferno,few_shot,544,496.39,36.34,4058.12,99,24.40,0
torchinferno,few_shot,545,832.56,35.32,3623.04,80,22.08,0
torchinferno,few_shot,546,417.54,36.90,9827.85,256,26.05,0
torchinferno,few_shot,547,419.88,33.93,1539.42,34,22.09,0
torchinferno,few_shot,548,822.25,35.72,8109.41,205,25.28,0
torchinferno,few_shot,549,500.88,30.88,1797.67,43,23.92,0
torchinferno,few_shot,550,456.17,39.15,3588.46,81,22.57,0
torchinferno,few_shot,551,436.63,39.25,2006.68,41,20.43,0
torchinferno,few_shot,552,440.63,36.04,2206.46,50,22.66,0
torchinferno,few_shot,553,510.24,33.03,8931.62,256,28.66,0
torchinferno,few_shot,554,368.54,31.41,6430.72,194,30.17,0
torchinferno,few_shot,555,518.47,24.76,939.32,18,19.16,0
torchinferno,few_shot,556,509.33,30.56,8302.70,256,30.83,0
torchinferno,few_shot,557,468.78,29.33,7947.49,256,32.21,0
torchinferno,few_shot,558,468.56,29.35,7953.79,256,32.19,0
torchinferno,few_shot,559,513.34,27.02,729.48,9,12.34,0
torchinferno,few_shot,560,504.36,31.61,1800.28,42,23.33,0
torchinferno,few_shot,561,443.11,32.50,3855.14,106,27.50,0
torchinferno,few_shot,562,444.15,29.47,7958.31,256,32.17,0
torchinferno,few_shot,563,497.01,26.01,653.09,7,10.72,0
torchinferno,few_shot,564,475.48,33.54,2420.94,59,24.37,0
torchinferno,few_shot,565,499.47,41.85,1210.98,18,14.86,0
torchinferno,few_shot,566,421.76,27.72,2140.44,63,29.43,0
torchinferno,few_shot,567,507.46,23.41,1865.25,59,31.63,0
torchinferno,few_shot,568,418.21,24.51,908.41,21,23.12,0
torchinferno,few_shot,569,452.62,30.02,8108.85,256,31.57,0
torchinferno,few_shot,570,523.97,30.03,8182.30,256,31.29,0
torchinferno,few_shot,571,436.50,27.11,6346.51,219,34.51,0
torchinferno,few_shot,572,478.47,24.97,3599.67,126,35.00,0
torchinferno,few_shot,573,476.87,27.28,3968.84,129,32.50,0
torchinferno,few_shot,574,457.80,23.31,1483.46,45,30.33,0
torchinferno,few_shot,575,405.98,24.80,6730.87,256,38.03,0
torchinferno,few_shot,576,347.19,24.80,6672.39,256,38.37,0
torchinferno,few_shot,577,469.65,24.63,666.66,9,13.50,0
torchinferno,few_shot,578,434.99,22.87,1075.47,29,26.97,0
torchinferno,few_shot,579,477.72,25.78,7050.62,256,36.31,0
torchinferno,few_shot,580,370.66,20.81,5677.00,256,45.09,0
torchinferno,few_shot,581,150322.70,65.30,150845.10,9,0.06,0
torchinferno,few_shot,582,145326.63,66.64,145859.73,9,0.06,0
torchinferno,few_shot,583,158930.69,67.93,160425.25,23,0.14,0
torchinferno,few_shot,584,142030.32,105.05,142870.72,9,0.06,0
torchinferno,few_shot,585,183833.21,73.51,186185.65,33,0.18,0
torchinferno,few_shot,586,191945.41,81.28,194627.54,34,0.17,0
torchinferno,few_shot,587,158986.74,83.16,162063.48,38,0.23,0
torchinferno,few_shot,588,180985.96,83.66,184081.55,38,0.21,0
torchinferno,few_shot,589,123867.41,107.74,124298.37,5,0.04,0
torchinferno,few_shot,590,210391.68,89.55,214242.34,44,0.21,0
torchinferno,few_shot,591,182647.04,84.14,187022.08,53,0.28,0
torchinferno,few_shot,592,128943.84,107.52,130986.72,20,0.15,0
torchinferno,few_shot,593,164191.59,84.71,169443.70,63,0.37,0
torchinferno,few_shot,594,131057.71,102.74,134345.53,33,0.25,0
torchinferno,few_shot,595,108424.08,48.59,109104.41,15,0.14,0
torchinferno,few_shot,596,236034.03,79.39,243258.38,92,0.38,0
torchinferno,few_shot,597,250111.40,79.45,257341.61,92,0.36,0
torchinferno,few_shot,598,210744.03,79.47,217975.64,92,0.42,0
torchinferno,few_shot,599,250096.03,79.48,257328.32,92,0.36,0
torchinferno,few_shot,600,228816.59,79.56,236056.87,92,0.39,0
torchinferno,few_shot,601,226398.95,79.56,233638.87,92,0.39,0
torchinferno,few_shot,602,250090.85,79.59,257333.90,92,0.36,0
torchinferno,few_shot,603,110954.65,72.08,113837.87,41,0.36,0
torchinferno,few_shot,604,131620.08,84.83,137303.39,68,0.50,0
torchinferno,few_shot,605,80871.05,109.05,82070.65,12,0.15,0
torchinferno,few_shot,606,110978.70,63.53,114536.65,57,0.50,0
torchinferno,few_shot,607,84805.68,61.42,87385.29,43,0.49,0
torchinferno,few_shot,608,160690.98,72.94,170464.43,135,0.79,0
torchinferno,few_shot,609,99792.77,69.94,103079.94,48,0.47,0
torchinferno,few_shot,610,61195.03,56.04,63941.00,50,0.78,0
torchinferno,few_shot,611,40452.88,43.69,42637.47,51,1.20,0
torchinferno,few_shot,612,36637.53,42.47,38888.62,54,1.39,0
torchinferno,few_shot,613,119421.26,57.47,129133.25,170,1.32,0
torchinferno,few_shot,614,55975.67,49.54,60285.27,88,1.46,0
torchinferno,few_shot,615,81538.33,52.89,88995.14,142,1.60,0
torchinferno,few_shot,616,12845.50,72.91,13355.87,8,0.60,0
torchinferno,few_shot,617,227712.20,62.12,243552.12,256,1.05,0
torchinferno,few_shot,618,250103.90,62.14,265948.86,256,0.96,0
torchinferno,few_shot,619,989.78,62.16,16841.85,256,15.20,0
torchinferno,few_shot,620,250104.13,62.17,265958.59,256,0.96,0
torchinferno,few_shot,621,243540.36,62.17,259394.59,256,0.99,0
torchinferno,few_shot,622,218031.87,62.19,233890.00,256,1.09,0
torchinferno,few_shot,623,234150.99,62.21,250014.88,256,1.02,0
torchinferno,few_shot,624,250092.96,62.22,265958.31,256,0.96,0
torchinferno,few_shot,625,198239.37,62.08,214068.98,256,1.20,0
torchinferno,few_shot,626,202668.07,62.09,218502.02,256,1.17,0
torchinferno,few_shot,627,203717.90,62.08,219548.21,256,1.17,0
torchinferno,few_shot,628,159765.84,62.09,175598.17,256,1.46,0
torchinferno,few_shot,629,179715.37,62.08,195547.00,256,1.31,0
torchinferno,few_shot,630,208964.82,62.09,224798.26,256,1.14,0
torchinferno,few_shot,631,200967.95,62.13,216809.99,256,1.18,0
torchinferno,few_shot,632,72600.34,54.44,82181.51,177,2.15,0
torchinferno,few_shot,633,8950.42,65.27,9994.77,17,1.70,0
torchinferno,few_shot,634,11977.13,94.12,13671.30,19,1.39,0
torchinferno,few_shot,635,136649.75,63.25,152777.78,256,1.68,0
torchinferno,few_shot,636,12961.95,72.51,16297.18,47,2.88,0
torchinferno,few_shot,637,122134.60,60.94,137675.36,256,1.86,0
torchinferno,few_shot,638,25539.39,65.12,32571.90,109,3.35,0
torchinferno,few_shot,639,117528.33,60.99,133081.62,256,1.92,0
torchinferno,few_shot,640,10544.93,183.05,11643.24,7,0.60,0
torchinferno,few_shot,641,10367.57,88.21,13013.89,31,2.38,0
torchinferno,few_shot,642,12396.14,88.68,17184.59,55,3.20,0
torchinferno,few_shot,643,111101.70,61.01,126660.10,256,2.02,0
torchinferno,few_shot,644,8940.89,78.78,13982.58,65,4.65,0
torchinferno,few_shot,645,10787.95,86.16,16474.62,67,4.07,0
torchinferno,few_shot,646,104877.64,61.01,120435.64,256,2.13,0
torchinferno,few_shot,647,10307.11,83.00,15370.14,62,4.03,0
torchinferno,few_shot,648,92757.06,62.13,108599.21,256,2.36,0
torchinferno,few_shot,649,104727.20,62.37,120568.27,255,2.11,0
torchinferno,few_shot,650,12425.67,79.55,19664.74,92,4.68,0
torchinferno,few_shot,651,65206.80,62.20,81068.53,256,3.16,0
torchinferno,few_shot,652,63982.58,62.20,79843.78,256,3.21,0
torchinferno,few_shot,653,7965.55,88.89,10543.22,30,2.85,0
torchinferno,few_shot,654,9574.57,88.53,17365.20,89,5.13,0
torchinferno,few_shot,655,10094.65,83.79,14535.34,54,3.72,0
torchinferno,few_shot,656,60681.96,64.78,77201.17,256,3.32,0
torchinferno,few_shot,657,30662.53,66.05,45589.14,227,4.98,0
torchinferno,few_shot,658,8425.18,83.26,13753.95,65,4.73,0
torchinferno,few_shot,659,8745.94,73.55,11099.65,33,2.97,0
torchinferno,few_shot,660,7240.24,95.58,11445.64,45,3.93,0
torchinferno,few_shot,661,8941.32,83.49,20463.36,139,6.79,0
torchinferno,few_shot,662,7911.50,94.24,13377.15,59,4.41,0
torchinferno,few_shot,663,11104.60,142.17,12241.98,9,0.74,0
torchinferno,few_shot,664,9207.31,90.73,13017.94,43,3.30,0
torchinferno,few_shot,665,11880.14,87.87,13198.18,16,1.21,0
torchinferno,few_shot,666,9951.05,83.00,19662.57,118,6.00,0
torchinferno,few_shot,667,11648.75,89.92,26036.26,161,6.18,0
torchinferno,few_shot,668,7943.97,89.00,14796.83,78,5.27,0
torchinferno,few_shot,669,12172.40,81.34,13961.83,23,1.65,0
torchinferno,few_shot,670,12237.69,77.69,13636.18,19,1.39,0
torchinferno,few_shot,671,9817.34,85.31,15874.21,72,4.54,0
torchinferno,few_shot,672,16587.83,75.61,35868.74,256,7.14,0
torchinferno,few_shot,673,12720.36,112.12,32005.55,173,5.41,0
torchinferno,few_shot,674,12103.06,59.72,14790.55,46,3.11,0
torchinferno,few_shot,675,12241.17,70.69,17472.31,75,4.29,0
torchinferno,few_shot,676,12710.68,78.02,32605.65,256,7.85,0
torchinferno,few_shot,677,10609.62,82.98,26458.76,192,7.26,0
torchinferno,few_shot,678,10776.62,80.64,18759.67,100,5.33,0
torchinferno,few_shot,679,8103.91,79.81,21511.45,169,7.86,0
torchinferno,few_shot,680,11844.84,68.90,16667.50,71,4.26,0
torchinferno,few_shot,681,12819.90,80.34,33307.76,256,7.69,0
torchinferno,few_shot,682,11131.39,80.32,31613.68,256,8.10,0
torchinferno,few_shot,683,13136.89,80.41,33642.23,256,7.61,0
torchinferno,few_shot,684,10197.29,80.33,30681.78,256,8.34,0
torchinferno,few_shot,685,10570.07,80.41,31074.14,256,8.24,0
torchinferno,few_shot,686,9514.32,80.39,30012.49,256,8.53,0
torchinferno,few_shot,687,8949.38,80.36,29440.77,256,8.70,0
torchinferno,few_shot,688,12835.99,72.11,15720.30,41,2.61,0
torchinferno,few_shot,689,13031.84,85.52,16965.82,47,2.77,0
torchinferno,few_shot,690,9969.12,81.65,30789.29,256,8.31,0
torchinferno,few_shot,691,12086.12,70.13,14049.67,29,2.06,0
torchinferno,few_shot,692,12914.22,85.35,15560.10,32,2.06,0
torchinferno,few_shot,693,9937.01,79.34,29217.64,244,8.35,0
torchinferno,few_shot,694,10178.81,79.76,29879.80,248,8.30,0
torchinferno,few_shot,695,12554.25,64.56,15588.51,48,3.08,0
torchinferno,few_shot,696,8313.72,76.64,27855.93,256,9.19,0
torchinferno,few_shot,697,9440.83,76.63,28980.68,256,8.83,0
torchinferno,few_shot,698,11354.07,63.88,13398.19,33,2.46,0
torchinferno,few_shot,699,11600.13,64.91,15624.35,63,4.03,0
torchinferno,few_shot,700,11290.35,80.03,12650.93,18,1.42,0
torchinferno,few_shot,701,13020.45,78.24,18888.71,76,4.02,0
torchinferno,few_shot,702,11299.68,97.66,12959.83,18,1.39,0
torchinferno,few_shot,703,11332.98,76.36,14539.97,43,2.96,0
torchinferno,few_shot,704,10651.58,103.61,11480.43,9,0.78,0
torchinferno,few_shot,705,11583.94,79.35,17376.38,74,4.26,0
torchinferno,few_shot,706,12205.20,77.20,24403.09,159,6.52,0
torchinferno,few_shot,707,12054.75,78.09,26891.50,191,7.10,0
torchinferno,few_shot,708,7248.56,82.39,28257.49,256,9.06,0
torchinferno,few_shot,709,7882.94,82.45,28907.97,256,8.86,0
torchinferno,few_shot,710,11987.10,82.46,24686.30,155,6.28,0
torchinferno,few_shot,711,7627.68,83.57,28938.93,256,8.85,0
torchinferno,few_shot,712,8261.57,82.40,29274.63,256,8.74,0
torchinferno,few_shot,713,10104.90,120.76,11674.72,14,1.20,0
torchinferno,few_shot,714,10491.68,127.02,14302.39,31,2.17,0
torchinferno,few_shot,715,11991.16,83.04,26357.74,174,6.60,0
torchinferno,few_shot,716,9478.27,108.73,11870.38,23,1.94,0
torchinferno,few_shot,717,9911.91,83.43,31185.57,256,8.21,0
torchinferno,few_shot,718,10177.07,114.40,14867.28,42,2.82,0
torchinferno,few_shot,719,10355.25,84.54,31911.72,256,8.02,0
torchinferno,few_shot,720,11520.16,82.22,32485.73,256,7.88,0
torchinferno,few_shot,721,10787.09,102.52,19603.46,87,4.44,0
torchinferno,few_shot,722,9714.74,99.79,14604.39,50,3.42,0
torchinferno,few_shot,723,10900.93,108.54,19583.96,81,4.14,0
torchinferno,few_shot,724,9698.27,89.39,13542.06,44,3.25,0
torchinferno,few_shot,725,10718.33,74.34,11684.78,14,1.20,0
torchinferno,few_shot,726,11480.24,89.59,24560.11,147,5.99,0
torchinferno,few_shot,727,11068.04,93.72,14441.83,37,2.56,0
torchinferno,few_shot,728,11229.97,120.70,12799.14,14,1.09,0
torchinferno,few_shot,729,12270.11,84.64,33852.87,256,7.56,0
torchinferno,few_shot,730,11398.98,141.15,12528.19,9,0.72,0
torchinferno,few_shot,731,11480.04,90.61,26158.66,163,6.23,0
torchinferno,few_shot,732,10962.50,90.33,15207.85,48,3.16,0
torchinferno,few_shot,733,12161.63,71.18,12659.89,8,0.63,0
torchinferno,few_shot,734,10694.31,93.18,17403.53,73,4.19,0
torchinferno,few_shot,735,11311.10,92.05,15545.47,47,3.02,0
torchinferno,few_shot,736,12242.00,97.71,13121.42,10,0.76,0
torchinferno,few_shot,737,10964.11,91.50,26884.83,175,6.51,0
torchinferno,few_shot,738,12251.06,88.42,34798.00,256,7.36,0
torchinferno,few_shot,739,12706.79,88.43,35257.27,256,7.26,0
torchinferno,few_shot,740,12801.27,87.27,35054.73,256,7.30,0
torchinferno,few_shot,741,12880.89,89.37,33257.85,229,6.89,0
torchinferno,few_shot,742,12235.75,102.03,15602.72,34,2.18,0
torchinferno,few_shot,743,11902.24,97.84,14446.14,27,1.87,0
torchinferno,few_shot,744,12717.36,88.47,35276.84,256,7.26,0
torchinferno,few_shot,745,12671.83,107.76,13533.89,9,0.66,0
torchinferno,few_shot,746,13237.64,87.55,35563.35,256,7.20,0
torchinferno,few_shot,747,13260.18,87.52,35578.02,256,7.20,0
torchinferno,few_shot,748,12877.87,87.62,35221.45,256,7.27,0
torchinferno,few_shot,749,10041.67,90.19,25914.43,177,6.83,0
torchinferno,few_shot,750,12198.36,69.54,12754.65,9,0.71,0
torchinferno,few_shot,751,12162.70,80.06,15925.55,48,3.01,0
torchinferno,few_shot,752,12293.18,82.72,17835.34,68,3.81,0
torchinferno,few_shot,753,12728.22,76.99,16115.76,45,2.79,0
torchinferno,few_shot,754,11820.05,88.96,13154.44,16,1.22,0
torchinferno,few_shot,755,11696.77,88.92,34372.00,256,7.45,0
torchinferno,few_shot,756,11827.55,84.20,13174.81,17,1.29,0
torchinferno,few_shot,757,12624.28,78.28,16381.84,49,2.99,0
torchinferno,few_shot,758,11960.11,69.78,13425.45,22,1.64,0
torchinferno,few_shot,759,12002.85,81.28,22487.48,130,5.78,0
torchinferno,few_shot,760,12612.04,79.46,19525.38,88,4.51,0
torchinferno,few_shot,761,10460.83,91.41,33769.77,256,7.58,0
torchinferno,few_shot,762,10423.91,91.45,33743.77,256,7.59,0
torchinferno,few_shot,763,11899.42,90.19,15777.57,44,2.79,0
torchinferno,few_shot,764,10309.38,92.67,33940.13,256,7.54,0
torchinferno,few_shot,765,10594.14,90.29,33618.87,256,7.61,0
torchinferno,few_shot,766,10042.80,89.20,32789.81,256,7.81,0
torchinferno,few_shot,767,11948.42,94.92,16599.65,50,3.01,0
torchinferno,few_shot,768,9152.82,86.87,31305.93,256,8.18,0
torchinferno,few_shot,769,12066.32,96.96,14587.29,27,1.85,0
torchinferno,few_shot,770,9119.25,86.92,31282.94,256,8.18,0
torchinferno,few_shot,771,12053.27,102.98,16172.47,41,2.54,0
torchinferno,few_shot,772,11977.49,89.35,12871.04,11,0.85,0
torchinferno,few_shot,773,9350.62,88.10,31814.88,256,8.05,0
torchinferno,few_shot,774,11395.66,88.59,30885.34,221,7.16,0
torchinferno,few_shot,775,10086.56,88.14,32561.61,256,7.86,0
torchinferno,few_shot,776,12038.54,113.05,15204.03,29,1.91,0
torchinferno,few_shot,777,10138.72,88.12,32610.23,256,7.85,0
torchinferno,few_shot,778,12092.23,105.65,18959.49,66,3.48,0
torchinferno,few_shot,779,11399.50,74.63,12369.72,14,1.13,0
torchinferno,few_shot,780,11772.28,79.17,12722.33,13,1.02,0
torchinferno,few_shot,781,11416.91,88.18,33902.15,256,7.55,0
torchinferno,few_shot,782,12133.87,104.06,20250.31,79,3.90,0
torchinferno,few_shot,783,11389.33,89.42,34190.91,256,7.49,0
torchinferno,few_shot,784,11433.45,94.71,15221.89,41,2.69,0
torchinferno,few_shot,785,11400.04,96.52,16419.34,53,3.23,0
torchinferno,few_shot,786,11631.65,87.03,33825.32,256,7.57,0
torchinferno,few_shot,787,11281.01,85.89,33181.77,256,7.72,0
torchinferno,few_shot,788,11652.12,86.26,33562.37,255,7.60,0
torchinferno,few_shot,789,11455.95,95.81,13563.84,23,1.70,0
torchinferno,few_shot,790,11559.93,87.09,33768.07,256,7.58,0
torchinferno,few_shot,791,11904.82,92.37,25852.66,152,5.88,0
torchinferno,few_shot,792,11019.81,94.49,15650.06,50,3.19,0
torchinferno,few_shot,793,11949.03,99.73,21821.82,100,4.58,0
torchinferno,few_shot,794,11338.61,84.18,16641.99,64,3.85,0
torchinferno,few_shot,795,11818.39,66.13,12347.45,9,0.73,0
torchinferno,few_shot,796,12331.68,88.24,34833.78,256,7.35,0
torchinferno,few_shot,797,11872.08,92.02,21994.06,111,5.05,0
torchinferno,few_shot,798,12014.14,100.22,16523.84,46,2.78,0
torchinferno,few_shot,799,11665.12,91.69,15057.57,38,2.52,0
torchinferno,few_shot,800,12043.05,89.28,34810.72,256,7.35,0
torchinferno,few_shot,801,12177.52,89.26,34939.39,256,7.33,0
torchinferno,few_shot,802,11422.38,87.99,19165.07,89,4.64,0
torchinferno,few_shot,803,12376.18,86.82,34515.50,256,7.42,0
torchinferno,few_shot,804,11730.97,89.02,14312.50,30,2.10,0
torchinferno,few_shot,805,11355.47,89.56,13057.08,20,1.53,0
torchinferno,few_shot,806,12286.91,89.01,34984.55,256,7.32,0
torchinferno,few_shot,807,11546.63,92.32,16993.79,60,3.53,0
torchinferno,few_shot,808,11942.67,112.53,15881.28,36,2.27,0
torchinferno,few_shot,809,11252.07,99.14,14523.83,34,2.34,0
torchinferno,few_shot,810,12193.82,149.13,13685.15,11,0.80,0
torchinferno,few_shot,811,12223.21,92.53,35819.45,256,7.15,0
torchinferno,few_shot,812,12188.94,136.52,14100.28,15,1.06,0
torchinferno,few_shot,813,12376.58,104.77,13214.76,9,0.68,0
torchinferno,few_shot,814,12191.84,93.61,36061.41,256,7.10,0
torchinferno,few_shot,815,12165.77,132.48,15610.19,27,1.73,0
torchinferno,few_shot,816,12086.95,111.28,14535.21,23,1.58,0
torchinferno,few_shot,817,12342.07,98.19,28837.16,169,5.86,0
torchinferno,few_shot,818,11920.80,94.88,36114.09,256,7.09,0
torchinferno,few_shot,819,11654.81,92.75,21764.49,110,5.05,0
torchinferno,few_shot,820,10623.77,86.50,27059.02,191,7.06,0
torchinferno,few_shot,821,12186.32,88.79,34826.78,256,7.35,0
torchinferno,few_shot,822,12174.76,88.72,34797.45,256,7.36,0
torchinferno,few_shot,823,12144.94,88.65,34749.74,256,7.37,0
torchinferno,few_shot,824,11880.82,87.49,34189.84,256,7.49,0
torchinferno,few_shot,825,12214.66,138.86,13742.08,12,0.87,0
torchinferno,few_shot,826,11959.18,88.30,27324.11,175,6.40,0
torchinferno,few_shot,827,12559.28,76.30,19426.13,91,4.68,0
torchinferno,few_shot,828,11905.80,88.61,34500.53,256,7.42,0
torchinferno,few_shot,829,11601.76,73.81,16251.52,64,3.94,0
torchinferno,few_shot,830,11704.25,80.19,20685.18,113,5.46,0
torchinferno,few_shot,831,11558.82,88.64,34161.61,256,7.49,0
torchinferno,few_shot,832,11378.54,87.47,33684.42,256,7.60,0
torchinferno,few_shot,833,12150.02,98.80,16299.73,43,2.64,0
torchinferno,few_shot,834,11331.11,87.42,33623.91,256,7.61,0
torchinferno,few_shot,835,12574.20,94.72,14279.14,19,1.33,0
torchinferno,few_shot,836,12352.63,88.65,25207.27,146,5.79,0
torchinferno,few_shot,837,11215.72,88.75,33847.38,256,7.56,0
torchinferno,few_shot,838,11214.90,88.76,33849.46,256,7.56,0
torchinferno,few_shot,839,11996.80,95.04,16273.75,46,2.83,0
torchinferno,few_shot,840,12176.81,98.27,16402.35,44,2.68,0
torchinferno,few_shot,841,12590.98,92.65,16111.55,39,2.42,0
torchinferno,few_shot,842,12820.14,136.52,13639.26,7,0.51,0
torchinferno,few_shot,843,11406.16,89.38,34108.62,255,7.48,0
torchinferno,few_shot,844,12150.32,123.26,14985.25,24,1.60,0
torchinferno,few_shot,845,12797.64,162.94,13938.23,8,0.57,0
torchinferno,few_shot,846,11961.61,106.41,19410.39,71,3.66,0
torchinferno,few_shot,847,12400.23,108.25,17379.63,47,2.70,0
torchinferno,few_shot,848,12352.90,88.01,26698.19,164,6.14,0
torchinferno,few_shot,849,12840.21,164.13,15794.47,19,1.20,0
torchinferno,few_shot,850,12690.06,180.04,14490.45,11,0.76,0
torchinferno,few_shot,851,11886.22,95.02,36116.64,256,7.09,0
torchinferno,few_shot,852,11633.39,95.01,35859.90,256,7.14,0
torchinferno,few_shot,853,13363.75,140.83,14490.37,9,0.62,0
torchinferno,few_shot,854,12486.26,133.05,19404.86,53,2.73,0
torchinferno,few_shot,855,12555.21,141.62,13688.19,9,0.66,0
torchinferno,few_shot,856,11575.50,96.15,36093.49,256,7.09,0
torchinferno,few_shot,857,11972.61,93.73,35873.77,256,7.14,0
torchinferno,few_shot,858,13482.82,95.83,17603.64,44,2.50,0
torchinferno,few_shot,859,11726.04,92.56,35328.50,256,7.25,0
torchinferno,few_shot,860,11363.93,92.60,34976.41,256,7.32,0
torchinferno,few_shot,861,13139.06,96.76,18460.99,56,3.03,0
torchinferno,few_shot,862,12435.39,73.78,15681.89,45,2.87,0
torchinferno,few_shot,863,12310.99,66.91,15255.19,45,2.95,0
torchinferno,few_shot,864,11903.13,93.69,35793.26,256,7.15,0
torchinferno,few_shot,865,12384.94,115.12,14341.98,18,1.26,0
torchinferno,few_shot,866,12301.40,74.44,13269.12,14,1.06,0
torchinferno,few_shot,867,12168.77,90.23,35177.58,256,7.28,0
torchinferno,few_shot,868,12743.35,88.49,16194.64,40,2.47,0
torchinferno,few_shot,869,12297.68,98.21,15636.88,35,2.24,0
torchinferno,few_shot,870,12434.69,85.52,19362.15,82,4.24,0
torchinferno,few_shot,871,12847.76,97.94,18234.23,56,3.07,0
torchinferno,few_shot,872,12509.17,91.47,35833.45,256,7.14,0
torchinferno,few_shot,873,12523.80,91.39,35826.97,256,7.15,0
torchinferno,few_shot,874,11495.63,91.41,34804.15,256,7.36,0
torchinferno,few_shot,875,11973.81,91.45,35293.44,256,7.25,0
torchinferno,few_shot,876,11483.95,91.32,34771.55,256,7.36,0
torchinferno,few_shot,877,13460.68,100.04,23664.84,103,4.35,0
torchinferno,few_shot,878,11351.55,92.54,34949.60,256,7.32,0
torchinferno,few_shot,879,12722.85,161.66,15309.41,17,1.11,0
torchinferno,few_shot,880,12322.81,117.75,18210.13,51,2.80,0
torchinferno,few_shot,881,12773.40,95.99,16133.13,36,2.23,0
torchinferno,few_shot,882,12746.49,98.96,27095.78,146,5.39,0
torchinferno,few_shot,883,11661.26,72.95,13558.01,27,1.99,0
torchinferno,few_shot,884,11751.06,141.17,12880.44,9,0.70,0
torchinferno,few_shot,885,11997.35,97.36,36824.52,256,6.95,0
torchinferno,few_shot,886,12693.37,104.43,17601.38,48,2.73,0
torchinferno,few_shot,887,11738.18,91.65,16045.61,48,2.99,0
torchinferno,few_shot,888,12159.55,98.79,37351.57,256,6.85,0
torchinferno,few_shot,889,11239.11,85.07,15237.24,48,3.15,0
torchinferno,few_shot,890,12011.36,98.87,36036.95,244,6.77,0
torchinferno,few_shot,891,11750.06,110.55,14624.25,27,1.85,0
torchinferno,few_shot,892,12204.39,100.09,37727.58,256,6.79,0
torchinferno,few_shot,893,11886.20,118.16,13895.00,18,1.30,0
torchinferno,few_shot,894,11256.16,95.00,16386.38,55,3.36,0
torchinferno,few_shot,895,12237.49,101.37,38087.49,256,6.72,0
torchinferno,few_shot,896,12248.54,94.24,24122.59,127,5.26,0
torchinferno,few_shot,897,12122.54,97.77,37054.07,256,6.91,0
torchinferno,few_shot,898,12491.38,95.42,36823.79,256,6.95,0
torchinferno,few_shot,899,10965.68,61.41,13114.94,36,2.74,0
torchinferno,few_shot,900,12416.21,89.53,29157.75,188,6.45,0
torchinferno,few_shot,901,11492.72,72.79,15350.79,54,3.52,0
torchinferno,few_shot,902,12507.73,96.59,37138.63,256,6.89,0
torchinferno,few_shot,903,12193.34,96.67,36845.16,256,6.95,0
torchinferno,few_shot,904,11170.22,90.64,17242.91,68,3.94,0
torchinferno,few_shot,905,12347.22,97.73,37268.44,256,6.87,0
torchinferno,few_shot,906,11468.05,104.99,12307.93,9,0.73,0
torchinferno,few_shot,907,12756.16,93.92,36706.21,256,6.97,0
torchinferno,few_shot,908,12717.78,92.66,36345.25,256,7.04,0
torchinferno,few_shot,909,11044.47,80.22,18344.94,92,5.02,0
torchinferno,few_shot,910,11200.06,85.82,19610.66,99,5.05,0
torchinferno,few_shot,911,13005.72,90.44,36069.07,256,7.10,0
torchinferno,few_shot,912,11571.05,82.46,16518.70,61,3.69,0
torchinferno,few_shot,913,11979.64,69.16,15437.59,51,3.30,0
torchinferno,few_shot,914,13190.02,59.53,14856.83,29,1.95,0
torchinferno,few_shot,915,12102.09,84.77,28462.07,194,6.82,0
torchinferno,few_shot,916,12827.64,88.21,35322.15,256,7.25,0
torchinferno,few_shot,917,11472.63,79.88,17862.72,81,4.53,0
torchinferno,few_shot,918,12277.06,83.67,33611.73,256,7.62,0
torchinferno,few_shot,919,12457.31,83.67,33793.64,256,7.58,0
torchinferno,few_shot,920,12326.20,83.68,33665.07,256,7.60,0
torchinferno,few_shot,921,14003.27,105.85,14850.05,9,0.61,0
torchinferno,few_shot,922,12401.41,83.64,33728.85,256,7.59,0
torchinferno,few_shot,923,13804.27,68.50,15790.88,30,1.90,0
torchinferno,few_shot,924,12599.67,81.17,33298.86,256,7.69,0
torchinferno,few_shot,925,12444.09,81.16,33139.96,256,7.72,0
torchinferno,few_shot,926,11743.56,81.17,32440.88,256,7.89,0
torchinferno,few_shot,927,11675.13,79.97,32068.09,256,7.98,0
torchinferno,few_shot,928,13970.81,81.17,16243.69,29,1.79,0
torchinferno,few_shot,929,11403.85,77.34,24860.75,175,7.04,0
torchinferno,few_shot,930,14411.62,94.75,17443.71,33,1.89,0
torchinferno,few_shot,931,14207.98,101.83,15939.08,18,1.13,0
torchinferno,few_shot,932,11777.17,81.45,32546.17,256,7.87,0
torchinferno,few_shot,933,14500.19,92.73,17560.27,34,1.94,0
torchinferno,few_shot,934,13412.27,80.92,20695.04,91,4.40,0
torchinferno,few_shot,935,11858.33,82.64,32931.72,256,7.77,0
torchinferno,few_shot,936,14169.05,107.11,18667.54,43,2.30,0
torchinferno,few_shot,937,11848.08,82.61,32914.81,256,7.78,0
torchinferno,few_shot,938,11970.95,81.43,32734.86,256,7.82,0
torchinferno,few_shot,939,12084.66,81.55,32878.83,256,7.79,0
torchinferno,few_shot,940,11118.34,80.52,31650.91,256,8.09,0
torchinferno,few_shot,941,11013.19,79.34,31244.40,256,8.19,0
torchinferno,few_shot,942,14017.90,109.51,19055.51,47,2.47,0
torchinferno,few_shot,943,13699.89,94.08,17369.01,40,2.30,0
torchinferno,few_shot,944,13353.48,92.66,16689.22,37,2.22,0
torchinferno,few_shot,945,11467.41,82.13,32411.38,256,7.90,0
torchinferno,few_shot,946,11490.97,82.10,32427.54,256,7.89,0
torchinferno,few_shot,947,13731.43,91.07,18376.14,52,2.83,0
torchinferno,few_shot,948,11322.09,82.17,32275.09,256,7.93,0
torchinferno,few_shot,949,11243.89,82.14,32189.98,256,7.95,0
torchinferno,few_shot,950,13780.50,88.38,21911.77,93,4.24,0
torchinferno,few_shot,951,13306.27,94.07,15846.22,28,1.77,0
torchinferno,few_shot,952,11507.59,83.17,32716.79,256,7.82,0
torchinferno,few_shot,953,13153.66,95.56,15255.92,23,1.51,0
torchinferno,few_shot,954,13200.10,110.48,15188.76,19,1.25,0
torchinferno,few_shot,955,11516.53,82.02,32432.11,256,7.89,0
torchinferno,few_shot,956,12447.77,48.86,13131.74,15,1.14,0
torchinferno,few_shot,957,12538.10,81.95,33435.31,256,7.66,0
torchinferno,few_shot,958,12124.21,87.76,14318.30,26,1.82,0
torchinferno,few_shot,959,13163.32,90.19,18304.40,58,3.17,0
torchinferno,few_shot,960,12703.69,83.15,33906.96,256,7.55,0
torchinferno,few_shot,961,12789.07,83.12,33984.06,256,7.53,0
torchinferno,few_shot,962,12847.69,83.13,34046.48,256,7.52,0
torchinferno,few_shot,963,13198.81,90.70,18368.96,58,3.16,0
torchinferno,few_shot,964,13954.12,97.90,28051.56,145,5.17,0
torchinferno,few_shot,965,14133.39,95.16,29643.81,164,5.53,0
torchinferno,few_shot,966,13558.70,85.69,35409.43,256,7.23,0
torchinferno,few_shot,967,13181.74,88.09,35028.08,249,7.11,0
torchinferno,few_shot,968,12642.89,90.23,18688.17,68,3.64,0
torchinferno,few_shot,969,12482.93,85.15,15633.54,38,2.43,0
torchinferno,few_shot,970,12552.76,82.41,18403.77,72,3.91,0
torchinferno,few_shot,971,13324.70,84.42,34852.42,256,7.35,0
torchinferno,few_shot,972,13095.57,76.82,16859.71,50,2.97,0
torchinferno,few_shot,973,13392.70,83.25,34622.03,256,7.39,0
torchinferno,few_shot,974,13350.03,80.71,33930.10,256,7.54,0
torchinferno,few_shot,975,13416.07,77.04,26127.10,166,6.35,0
torchinferno,few_shot,976,13497.22,73.35,23912.37,143,5.98,0
torchinferno,few_shot,977,13985.64,77.01,33622.60,256,7.61,0
torchinferno,few_shot,978,14160.15,74.58,33179.32,256,7.72,0
torchinferno,few_shot,979,13786.13,67.19,30919.73,256,8.28,0
torchinferno,few_shot,980,13972.25,64.74,30479.94,256,8.40,0
torchinferno,few_shot,981,13693.49,63.55,29898.60,256,8.56,0
torchinferno,few_shot,982,13706.74,61.12,29292.95,256,8.74,0
torchinferno,few_shot,983,13319.01,57.23,27912.79,256,9.17,0
torchinferno,few_shot,984,13324.13,55.85,27565.37,256,9.29,0
torchinferno,few_shot,985,13301.85,54.51,27200.81,256,9.41,0
torchinferno,few_shot,986,13300.82,53.17,26860.17,256,9.53,0
torchinferno,few_shot,987,13195.25,50.43,26055.63,256,9.83,0
torchinferno,few_shot,988,12748.69,37.40,21162.83,226,10.68,0
torchinferno,few_shot,989,12954.57,43.03,23926.81,256,10.70,0
torchinferno,few_shot,990,12494.54,39.50,22566.84,256,11.34,0
torchinferno,few_shot,991,12744.14,36.93,22162.41,256,11.55,0
torchinferno,few_shot,992,13130.28,33.30,21621.75,256,11.84,0
torchinferno,few_shot,993,12520.26,32.06,20695.16,256,12.37,0
torchinferno,few_shot,994,12603.73,30.77,20451.20,256,12.52,0
torchinferno,few_shot,995,12681.39,29.47,20196.36,256,12.68,0
torchinferno,few_shot,996,12475.45,28.24,19675.47,256,13.01,0
torchinferno,few_shot,997,12454.46,27.00,19339.37,256,13.24,0
torchinferno,few_shot,998,12762.35,25.69,19313.18,256,13.26,0
torchinferno,few_shot,999,12809.07,24.40,19030.41,256,13.45,0
torchinferno,long_output,0,862.03,21.45,1355.45,24,17.71,0
torchinferno,long_output,1,860.94,21.53,1356.07,24,17.70,0
torchinferno,long_output,2,859.08,21.44,1373.70,25,18.20,0
torchinferno,long_output,3,856.92,21.48,1372.33,25,18.22,0
torchinferno,long_output,4,859.83,21.57,1377.56,25,18.15,0
torchinferno,long_output,5,855.27,21.21,1385.48,26,18.77,0
torchinferno,long_output,6,3818.61,51.07,4533.60,15,3.31,0
torchinferno,long_output,7,3789.37,50.69,4499.04,15,3.33,0
torchinferno,long_output,8,3813.05,47.47,4525.06,16,3.54,0
torchinferno,long_output,9,3810.54,60.64,4902.08,19,3.88,0
torchinferno,long_output,10,3819.92,69.73,5284.27,22,4.16,0
torchinferno,long_output,11,3790.35,70.01,5260.49,22,4.18,0
torchinferno,long_output,12,3503.22,87.07,5680.07,26,4.58,0
torchinferno,long_output,13,3506.78,86.94,5680.17,26,4.58,0
torchinferno,long_output,14,3499.28,96.07,5997.19,27,4.50,0
torchinferno,long_output,15,3497.91,96.34,6002.86,27,4.50,0
torchinferno,long_output,16,3495.19,96.29,5998.67,27,4.50,0
torchinferno,long_output,17,3490.67,104.73,6318.32,28,4.43,0
torchinferno,long_output,18,3489.63,104.76,6318.21,28,4.43,0
torchinferno,long_output,19,3484.51,104.94,6317.79,28,4.43,0
torchinferno,long_output,20,3789.30,99.33,6272.67,26,4.14,0
torchinferno,long_output,21,3487.81,112.63,6641.36,29,4.37,0
torchinferno,long_output,22,3481.04,112.95,6643.69,29,4.37,0
torchinferno,long_output,23,3483.68,113.02,6648.10,29,4.36,0
torchinferno,long_output,24,3477.86,120.12,6961.43,30,4.31,0
torchinferno,long_output,25,3480.35,120.06,6962.14,30,4.31,0
torchinferno,long_output,26,3469.50,127.08,7281.80,31,4.26,0
torchinferno,long_output,27,3823.29,119.44,7286.92,30,4.12,0
torchinferno,long_output,28,3794.64,126.84,7599.88,31,4.08,0
torchinferno,long_output,29,3819.89,126.95,7628.34,31,4.06,0
torchinferno,long_output,30,3814.43,141.27,7628.69,28,3.67,0
torchinferno,long_output,31,4498.27,238.48,7598.57,14,1.84,0
torchinferno,long_output,32,3802.02,133.32,7934.95,32,4.03,0
torchinferno,long_output,33,3811.89,129.10,7943.25,33,4.15,0
torchinferno,long_output,34,3802.56,129.32,7940.74,33,4.16,0
torchinferno,long_output,35,3800.96,134.98,8255.43,34,4.12,0
torchinferno,long_output,36,3797.46,139.47,8260.64,33,3.99,0
torchinferno,long_output,37,3798.96,140.52,8576.67,35,4.08,0
torchinferno,long_output,38,7192.48,331.58,8850.37,6,0.68,0
torchinferno,long_output,39,5246.73,264.18,8945.26,15,1.68,0
torchinferno,long_output,40,4487.83,214.10,8983.97,22,2.45,0
torchinferno,long_output,41,4481.54,196.69,9005.48,24,2.67,0
torchinferno,long_output,42,5583.01,244.05,8999.74,15,1.67,0
torchinferno,long_output,43,6872.86,154.84,9040.68,15,1.66,0
torchinferno,long_output,44,6950.85,119.57,7787.80,8,1.03,0
torchinferno,long_output,45,7543.96,137.32,9054.47,12,1.33,0
torchinferno,long_output,46,6544.83,157.84,9070.33,17,1.87,0
torchinferno,long_output,47,2124.83,123.82,7820.55,47,6.01,0
torchinferno,long_output,48,6230.29,152.32,9124.38,20,2.19,0
torchinferno,long_output,49,7535.58,113.03,9118.02,15,1.65,0
torchinferno,long_output,50,6239.66,139.68,9173.02,22,2.40,0
torchinferno,long_output,51,6549.65,125.73,9190.08,22,2.39,0
torchinferno,long_output,52,4400.59,26.73,4774.86,15,3.14,0
torchinferno,long_output,53,5911.23,118.33,9342.89,30,3.21,0
torchinferno,long_output,54,4862.63,125.42,9377.81,37,3.95,0
torchinferno,long_output,55,6648.96,61.85,8133.37,25,3.07,0
torchinferno,long_output,56,5903.09,112.64,9394.81,32,3.41,0
torchinferno,long_output,57,5251.15,116.10,9430.79,37,3.92,0
torchinferno,long_output,58,7198.92,76.97,9430.91,30,3.18,0
torchinferno,long_output,59,5587.31,105.43,9488.30,38,4.00,0
torchinferno,long_output,60,5908.65,95.24,9527.70,39,4.09,0
torchinferno,long_output,61,6222.21,89.76,9543.21,38,3.98,0
torchinferno,long_output,62,6236.90,85.46,9569.80,40,4.18,0
torchinferno,long_output,63,6554.72,78.26,9606.90,40,4.16,0
torchinferno,long_output,64,6874.76,67.53,9643.46,42,4.36,0
torchinferno,long_output,65,6635.91,47.94,8457.61,39,4.61,0
torchinferno,long_output,66,7533.34,52.66,9744.86,43,4.41,0
torchinferno,long_output,67,7532.25,50.68,9762.36,45,4.61,0
torchinferno,long_output,68,7861.23,44.33,9767.30,44,4.50,0
torchinferno,long_output,69,6944.71,36.48,8586.30,46,5.36,0
torchinferno,long_output,70,7266.01,29.47,8621.48,47,5.45,0
torchinferno,long_output,71,5206.66,53.47,5848.29,13,2.22,0
torchinferno,long_output,72,4210.52,70.82,5202.04,15,2.88,0
torchinferno,long_output,73,4888.59,70.79,5879.59,15,2.55,0
torchinferno,long_output,74,3564.60,71.24,4562.01,15,3.29,0
torchinferno,long_output,75,4531.93,71.37,5531.11,15,2.71,0
torchinferno,long_output,76,5866.62,71.92,6873.56,15,2.18,0
torchinferno,long_output,77,4881.66,68.79,6326.17,22,3.48,0
torchinferno,long_output,78,4168.39,70.74,5158.80,15,2.91,0
torchinferno,long_output,79,4133.03,71.09,5128.31,15,2.92,0
torchinferno,long_output,80,4109.97,71.19,5106.64,15,2.94,0
torchinferno,long_output,81,4098.94,71.91,5105.66,15,2.94,0
torchinferno,long_output,82,4204.07,68.74,6610.00,36,5.45,0
torchinferno,long_output,83,5526.61,72.67,8287.88,39,4.71,0
torchinferno,long_output,84,6907.54,75.84,10472.04,48,4.58,0
torchinferno,long_output,85,7281.42,75.95,10851.05,48,4.42,0
torchinferno,long_output,86,7277.11,76.13,10855.29,48,4.42,0
torchinferno,long_output,87,6524.11,81.24,10423.57,49,4.70,0
torchinferno,long_output,88,6532.25,81.43,10440.69,49,4.69,0
torchinferno,long_output,89,6175.36,81.40,10082.45,49,4.86,0
torchinferno,long_output,90,6173.24,86.47,10410.50,50,4.80,0
torchinferno,long_output,91,5011.34,136.53,6922.70,15,2.17,0
torchinferno,long_output,92,5849.26,86.75,10099.97,50,4.95,0
torchinferno,long_output,93,5846.96,86.81,10100.42,50,4.95,0
torchinferno,long_output,94,4953.76,137.74,6882.17,15,2.18,0
torchinferno,long_output,95,5005.11,137.52,6930.35,15,2.16,0
torchinferno,long_output,96,5518.37,91.52,10094.43,51,5.05,0
torchinferno,long_output,97,5847.89,91.53,10424.36,51,4.89,0
torchinferno,long_output,98,5517.18,96.19,10422.85,52,4.99,0
torchinferno,long_output,99,5537.12,95.83,10424.35,52,4.99,0
torchinferno,long_output,100,5865.83,95.83,10753.02,52,4.84,0
torchinferno,long_output,101,5217.06,100.15,10424.68,53,5.08,0
torchinferno,long_output,102,5531.24,100.32,10747.96,53,4.93,0
torchinferno,long_output,103,5346.23,202.86,8186.26,15,1.83,0
torchinferno,long_output,104,4534.70,99.12,9788.23,54,5.52,0
torchinferno,long_output,105,4540.06,97.44,9801.59,55,5.61,0
torchinferno,long_output,106,5683.57,180.67,8212.95,15,1.83,0
torchinferno,long_output,107,4207.39,97.99,9498.96,55,5.79,0
torchinferno,long_output,108,4525.95,96.23,9818.85,56,5.70,0
torchinferno,long_output,109,3883.59,94.77,9190.76,57,6.20,0
torchinferno,long_output,110,3887.39,94.80,9195.95,57,6.20,0
torchinferno,long_output,111,4979.55,127.53,8422.92,28,3.32,0
torchinferno,long_output,112,5989.35,158.89,8213.87,15,1.83,0
torchinferno,long_output,113,4042.58,97.30,8518.39,47,5.52,0
torchinferno,long_output,114,6434.31,113.91,8028.99,15,1.87,0
torchinferno,long_output,115,6464.95,113.72,8057.03,15,1.86,0
torchinferno,long_output,116,6552.55,114.28,8152.41,15,1.84,0
torchinferno,long_output,117,6712.48,92.68,8010.05,15,1.87,0
torchinferno,long_output,118,7213.04,48.98,7898.75,15,1.90,0
torchinferno,long_output,119,1864.05,86.98,7778.76,69,8.87,0
torchinferno,long_output,120,7518.72,26.57,7943.91,17,2.14,0
torchinferno,long_output,121,3869.92,95.28,9205.46,57,6.19,0
torchinferno,long_output,122,6285.88,101.37,8718.70,25,2.87,0
torchinferno,long_output,123,4484.60,87.51,9560.03,59,6.17,0
torchinferno,long_output,124,403.78,56.95,973.28,11,11.30,0
torchinferno,long_output,125,499.99,48.93,1136.13,14,12.32,0
torchinferno,long_output,126,454.94,70.63,1443.76,15,10.39,0
torchinferno,long_output,127,6952.42,65.22,9430.81,39,4.14,0
torchinferno,long_output,128,525.90,50.07,1677.44,24,14.31,0
torchinferno,long_output,129,475.56,65.65,1985.59,24,12.09,0
torchinferno,long_output,130,472.35,62.90,1981.89,25,12.61,0
torchinferno,long_output,131,471.58,65.92,1987.67,24,12.07,0
torchinferno,long_output,132,404.20,61.20,1934.20,26,13.44,0
torchinferno,long_output,133,494.26,63.82,1579.20,18,11.40,0
torchinferno,long_output,134,352.34,73.16,1376.62,15,10.90,0
torchinferno,long_output,135,513.19,86.21,1030.44,7,6.79,0
torchinferno,long_output,136,465.94,62.97,2040.11,26,12.74,0
torchinferno,long_output,137,827.79,63.19,2407.43,26,10.80,0
torchinferno,long_output,138,6131.63,81.00,10991.36,61,5.55,0
torchinferno,long_output,139,6082.02,80.19,10973.86,62,5.65,0
torchinferno,long_output,140,6299.89,73.90,10881.72,63,5.79,0
torchinferno,long_output,141,6268.29,74.28,10873.61,63,5.79,0
torchinferno,long_output,142,449.51,66.60,1981.42,24,12.11,0
torchinferno,long_output,143,6584.80,73.13,11191.78,64,5.72,0
torchinferno,long_output,144,6479.54,73.26,11094.64,64,5.77,0
torchinferno,long_output,145,6517.12,73.46,11145.41,64,5.74,0
torchinferno,long_output,146,422.26,59.32,2023.94,28,13.83,0
torchinferno,long_output,147,6670.60,66.08,11031.56,67,6.07,0
torchinferno,long_output,148,403.53,27.58,569.01,7,12.30,0
torchinferno,long_output,149,7193.20,57.21,10969.33,67,6.11,0
torchinferno,long_output,150,7454.29,57.43,11244.61,67,5.96,0
torchinferno,long_output,151,440.60,72.05,1449.35,15,10.35,0
torchinferno,long_output,152,486.99,72.34,1499.77,15,10.00,0
torchinferno,long_output,153,446.12,59.71,2058.33,28,13.60,0
torchinferno,long_output,154,441.24,26.15,598.11,7,11.70,0
torchinferno,long_output,155,449.18,71.51,1450.39,15,10.34,0
torchinferno,long_output,156,379.35,66.98,1384.11,16,11.56,0
torchinferno,long_output,157,451.87,72.08,1460.93,15,10.27,0
torchinferno,long_output,158,866.19,56.88,2458.86,29,11.79,0
torchinferno,long_output,159,480.94,55.40,1090.31,12,11.01,0
torchinferno,long_output,160,837.03,56.10,1454.17,12,8.25,0
torchinferno,long_output,161,507.89,55.97,2130.88,30,14.08,0
torchinferno,long_output,162,509.00,56.06,2134.74,30,14.05,0
torchinferno,long_output,163,506.59,56.00,2130.66,30,14.08,0
torchinferno,long_output,164,489.13,70.87,1481.36,15,10.13,0
torchinferno,long_output,165,413.26,59.08,1476.78,19,12.87,0
torchinferno,long_output,166,496.20,57.84,2115.80,29,13.71,0
torchinferno,long_output,167,504.23,55.64,1617.01,21,12.99,0
torchinferno,long_output,168,506.08,54.63,2144.92,31,14.45,0
torchinferno,long_output,169,494.78,70.38,1480.06,15,10.13,0
torchinferno,long_output,170,354.16,62.32,2348.28,33,14.05,0
torchinferno,long_output,171,401.72,71.22,1398.83,15,10.72,0
torchinferno,long_output,172,384.64,47.98,1008.33,14,13.88,0
torchinferno,long_output,173,405.64,52.57,1036.45,13,12.54,0
torchinferno,long_output,174,378.70,69.74,1355.10,15,11.07,0
torchinferno,long_output,175,375.47,70.06,1356.28,15,11.06,0
torchinferno,long_output,176,505.37,73.62,2493.19,28,11.23,0
torchinferno,long_output,177,384.97,60.05,1405.83,18,12.80,0
torchinferno,long_output,178,839.27,61.61,2379.53,26,10.93,0
torchinferno,long_output,179,354.65,49.72,951.29,13,13.67,0
torchinferno,long_output,180,381.01,52.89,1491.67,22,14.75,0
torchinferno,long_output,181,493.70,53.13,1609.49,22,13.67,0
torchinferno,long_output,182,837.00,72.67,2871.87,29,10.10,0
torchinferno,long_output,183,494.65,57.24,2555.36,37,14.48,0
torchinferno,long_output,184,492.50,57.35,2556.93,37,14.47,0
torchinferno,long_output,185,494.41,56.64,2080.33,29,13.94,0
torchinferno,long_output,186,418.71,62.24,1912.59,25,13.07,0
torchinferno,long_output,187,499.77,56.07,2574.52,38,14.76,0
torchinferno,long_output,188,831.05,56.16,2908.96,38,13.06,0
torchinferno,long_output,189,351.26,55.02,1451.57,21,14.47,0
torchinferno,long_output,190,480.48,53.37,1601.33,22,13.74,0
torchinferno,long_output,191,396.43,26.82,557.35,7,12.56,0
torchinferno,long_output,192,372.47,27.70,538.65,7,13.00,0
torchinferno,long_output,193,352.11,89.46,1336.21,12,8.98,0
torchinferno,long_output,194,353.11,70.56,1341.01,15,11.19,0
torchinferno,long_output,195,377.10,60.73,2381.24,34,14.28,0
torchinferno,long_output,196,487.57,61.23,2936.79,41,13.96,0
torchinferno,long_output,197,373.23,60.22,2842.34,42,14.78,0
torchinferno,long_output,198,396.77,63.01,1404.96,17,12.10,0
torchinferno,long_output,199,375.86,70.65,1364.98,15,10.99,0
torchinferno,long_output,200,478.55,59.86,2992.80,43,14.37,0
torchinferno,long_output,201,486.04,61.29,2999.00,42,14.00,0
torchinferno,long_output,202,346.03,58.94,2880.48,44,15.28,0
torchinferno,long_output,203,377.66,60.60,2922.86,43,14.71,0
torchinferno,long_output,204,469.30,58.45,3040.92,45,14.80,0
torchinferno,long_output,205,490.16,59.76,3059.89,44,14.38,0
torchinferno,long_output,206,493.17,58.44,3064.33,45,14.69,0
torchinferno,long_output,207,425.08,58.87,3015.14,45,14.92,0
torchinferno,long_output,208,448.24,57.62,3041.02,46,15.13,0
torchinferno,long_output,209,817.04,54.38,1958.99,22,11.23,0
torchinferno,long_output,210,486.89,62.10,2039.30,26,12.75,0
torchinferno,long_output,211,450.43,56.38,1070.55,12,11.21,0
torchinferno,long_output,212,400.59,30.61,523.03,5,9.56,0
torchinferno,long_output,213,419.37,58.40,3047.17,46,15.10,0
torchinferno,long_output,214,398.79,65.39,921.95,9,9.76,0
torchinferno,long_output,215,428.38,47.32,1090.80,15,13.75,0
torchinferno,long_output,216,384.53,70.87,1376.71,15,10.90,0
torchinferno,long_output,217,468.44,63.52,3453.75,48,13.90,0
torchinferno,long_output,218,374.16,62.27,3363.04,49,14.57,0
torchinferno,long_output,219,353.79,61.34,3359.25,50,14.88,0
torchinferno,long_output,220,370.62,62.67,3378.83,49,14.50,0
torchinferno,long_output,221,500.97,58.60,2083.18,28,13.44,0
torchinferno,long_output,222,355.35,70.79,1346.43,15,11.14,0
torchinferno,long_output,223,382.18,70.89,1374.64,15,10.91,0
torchinferno,long_output,224,480.78,62.83,2993.89,41,13.69,0
torchinferno,long_output,225,816.90,61.60,3835.24,50,13.04,0
torchinferno,long_output,226,486.93,60.79,3526.33,51,14.46,0
torchinferno,long_output,227,442.29,61.26,3505.14,51,14.55,0
torchinferno,long_output,228,432.29,56.66,2585.36,39,15.08,0
torchinferno,long_output,229,492.55,65.70,1018.13,9,8.84,0
torchinferno,long_output,230,502.40,61.19,3562.00,51,14.32,0
torchinferno,long_output,231,475.53,60.50,3561.04,52,14.60,0
torchinferno,long_output,232,380.95,56.66,2533.84,39,15.39,0
torchinferno,long_output,233,825.91,71.68,1829.45,15,8.20,0
torchinferno,long_output,234,495.37,71.83,1500.96,15,9.99,0
torchinferno,long_output,235,402.67,72.21,1413.68,15,10.61,0
torchinferno,long_output,236,472.34,72.19,1482.99,15,10.11,0
torchinferno,long_output,237,453.51,59.36,3540.12,53,14.97,0
torchinferno,long_output,238,499.21,71.89,1505.66,15,9.96,0
torchinferno,long_output,239,426.06,72.12,1435.70,15,10.45,0
torchinferno,long_output,240,496.53,72.36,1509.60,15,9.94,0
torchinferno,long_output,241,471.62,72.73,1489.81,15,10.07,0
torchinferno,long_output,242,475.14,72.71,1493.09,15,10.05,0
torchinferno,long_output,243,403.17,59.35,3548.55,54,15.22,0
torchinferno,long_output,244,355.41,57.68,3527.94,56,15.87,0
torchinferno,long_output,245,486.46,72.19,1497.15,15,10.02,0
torchinferno,long_output,246,431.26,73.33,1457.82,15,10.29,0
torchinferno,long_output,247,449.25,59.58,3607.02,54,14.97,0
torchinferno,long_output,248,500.95,72.13,1510.80,15,9.93,0
torchinferno,long_output,249,379.48,62.74,3892.71,57,14.64,0
torchinferno,long_output,250,505.13,72.55,1520.80,15,9.86,0
torchinferno,long_output,251,506.70,72.47,1521.24,15,9.86,0
torchinferno,long_output,252,512.02,48.90,1196.66,15,12.53,0
torchinferno,long_output,253,513.30,49.17,1201.67,15,12.48,0
torchinferno,long_output,254,407.44,55.34,2123.12,32,15.07,0
torchinferno,long_output,255,468.95,56.73,3702.33,58,15.67,0
torchinferno,long_output,256,371.82,47.27,1080.89,16,14.80,0
torchinferno,long_output,257,476.11,56.29,3234.13,50,15.46,0
torchinferno,long_output,258,507.31,26.54,878.82,15,17.07,0
torchinferno,long_output,259,495.58,51.66,3440.19,58,16.86,0
torchinferno,long_output,260,508.43,44.16,1965.83,34,17.30,0
torchinferno,long_output,261,415.67,43.52,1895.30,35,18.47,0
torchinferno,long_output,262,505.24,35.36,1566.19,31,19.79,0
torchinferno,long_output,263,447.67,45.02,3149.05,61,19.37,0
torchinferno,long_output,264,842.91,41.13,3146.01,57,18.12,0
torchinferno,long_output,265,844.91,33.82,2941.52,63,21.42,0
torchinferno,long_output,266,518.89,28.22,2324.66,65,27.96,0
torchinferno,long_output,267,516.11,27.81,2323.64,66,28.40,0
torchinferno,long_output,268,842.92,23.13,2369.63,67,28.27,0
torchinferno,long_output,269,504.13,22.93,2040.32,68,33.33,0
torchinferno,long_output,270,16979.20,50.13,17681.01,15,0.85,0
torchinferno,long_output,271,18278.43,68.39,19304.22,16,0.83,0
torchinferno,long_output,272,17673.99,71.68,18677.54,15,0.80,0
torchinferno,long_output,273,5119.62,68.32,6144.42,16,2.60,0
torchinferno,long_output,274,18622.10,59.79,21252.66,45,2.12,0
torchinferno,long_output,275,18280.66,65.50,21228.23,46,2.17,0
torchinferno,long_output,276,18290.95,70.40,21599.62,48,2.22,0
torchinferno,long_output,277,5444.10,128.53,7372.12,16,2.17,0
torchinferno,long_output,278,5794.03,87.14,7972.54,26,3.26,0
torchinferno,long_output,279,20963.31,77.63,26242.17,69,2.63,0
torchinferno,long_output,280,20607.73,77.89,25904.22,69,2.66,0
torchinferno,long_output,281,20604.82,81.89,26255.34,70,2.67,0
torchinferno,long_output,282,20596.66,82.03,26256.99,70,2.67,0
torchinferno,long_output,283,20601.52,82.02,26261.08,70,2.67,0
torchinferno,long_output,284,20158.20,85.61,26151.07,71,2.71,0
torchinferno,long_output,285,19613.97,85.69,25612.10,71,2.77,0
torchinferno,long_output,286,20598.00,85.75,26600.55,71,2.67,0
torchinferno,long_output,287,19609.22,89.29,25948.62,72,2.77,0
torchinferno,long_output,288,19609.08,89.30,25949.15,72,2.77,0
torchinferno,long_output,289,20190.48,87.05,26283.92,71,2.70,0
torchinferno,long_output,290,19425.46,90.46,25848.45,72,2.79,0
torchinferno,long_output,291,18973.81,90.44,25394.92,72,2.84,0
torchinferno,long_output,292,19784.19,89.31,26214.18,73,2.78,0
torchinferno,long_output,293,18952.19,92.75,25722.62,74,2.88,0
torchinferno,long_output,294,18638.46,93.97,25404.30,73,2.87,0
torchinferno,long_output,295,18970.97,92.72,25739.55,74,2.87,0
torchinferno,long_output,296,18295.35,95.81,25385.22,75,2.95,0
torchinferno,long_output,297,18627.97,97.13,25718.31,74,2.88,0
torchinferno,long_output,298,1605.75,102.42,9287.35,76,8.18,0
torchinferno,long_output,299,18279.75,99.00,25704.44,76,2.96,0
torchinferno,long_output,300,17953.79,102.26,25725.84,77,2.99,0
torchinferno,long_output,301,18274.91,103.68,26051.26,76,2.92,0
torchinferno,long_output,302,7772.99,254.50,11335.96,15,1.32,0
torchinferno,long_output,303,17626.31,101.25,25422.20,78,3.07,0
torchinferno,long_output,304,17957.81,102.58,25753.62,77,2.99,0
torchinferno,long_output,305,17298.51,101.33,25101.11,78,3.11,0
torchinferno,long_output,306,17298.03,100.23,25116.04,79,3.15,0
torchinferno,long_output,307,8228.31,276.63,12101.07,15,1.24,0
torchinferno,long_output,308,8594.51,251.37,12113.75,15,1.24,0
torchinferno,long_output,309,8563.75,247.08,12764.07,18,1.41,0
torchinferno,long_output,310,8709.23,250.40,12214.86,15,1.23,0
torchinferno,long_output,311,6061.85,205.32,8936.34,15,1.68,0
torchinferno,long_output,312,5035.43,206.33,7924.01,15,1.89,0
torchinferno,long_output,313,1742.02,159.55,3975.78,15,3.77,0
torchinferno,long_output,314,4139.62,144.73,7178.90,22,3.06,0
torchinferno,long_output,315,2079.42,132.29,5122.14,24,4.69,0
torchinferno,long_output,316,2415.08,132.61,5465.19,24,4.39,0
torchinferno,long_output,317,1743.79,140.58,5117.79,25,4.88,0
torchinferno,long_output,318,1747.39,153.63,5127.33,23,4.49,0
torchinferno,long_output,319,2879.25,138.74,4821.66,15,3.11,0
torchinferno,long_output,320,8385.05,184.55,15582.69,40,2.57,0
torchinferno,long_output,321,2547.87,146.10,5177.71,19,3.67,0
torchinferno,long_output,322,1804.37,154.07,5502.05,25,4.54,0
torchinferno,long_output,323,2166.05,153.84,5858.32,25,4.27,0
torchinferno,long_output,324,2482.89,147.80,6177.96,26,4.21,0
torchinferno,long_output,325,2982.59,182.28,5534.48,15,2.71,0
torchinferno,long_output,326,2171.65,154.52,6189.23,27,4.36,0
torchinferno,long_output,327,6368.26,159.39,17365.89,70,4.03,0
torchinferno,long_output,328,6690.93,161.82,17694.93,69,3.90,0
torchinferno,long_output,329,6855.92,159.68,17874.02,70,3.92,0
torchinferno,long_output,330,8431.02,191.59,18010.74,51,2.83,0
torchinferno,long_output,331,7178.80,159.78,18203.88,70,3.85,0
torchinferno,long_output,332,4113.13,223.25,7238.66,15,2.07,0
torchinferno,long_output,333,3690.60,222.17,6800.97,15,2.21,0
torchinferno,long_output,334,3149.18,202.74,4568.38,8,1.75,0
torchinferno,long_output,335,3329.09,246.77,6783.91,15,2.21,0
torchinferno,long_output,336,3043.15,193.97,8280.40,28,3.38,0
torchinferno,long_output,337,4440.16,237.27,8236.46,17,2.06,0
torchinferno,long_output,338,3415.94,224.76,8585.34,24,2.80,0
torchinferno,long_output,339,3116.66,287.55,4841.98,7,1.45,0
torchinferno,long_output,340,3305.10,269.86,7083.08,15,2.12,0
torchinferno,long_output,341,8641.94,190.71,18940.49,55,2.90,0
torchinferno,long_output,342,3301.91,270.56,7089.75,15,2.12,0
torchinferno,long_output,343,3440.18,229.11,9626.20,28,2.91,0
torchinferno,long_output,344,3749.66,229.56,9947.85,28,2.81,0
torchinferno,long_output,345,3744.48,221.76,9953.83,29,2.91,0
torchinferno,long_output,346,3226.33,257.47,7345.79,17,2.31,0
torchinferno,long_output,347,3449.03,334.69,5791.84,8,1.38,0
torchinferno,long_output,348,3684.45,248.05,9141.57,23,2.52,0
torchinferno,long_output,349,8230.76,198.67,22336.31,72,3.22,0
torchinferno,long_output,350,3452.43,268.98,7218.12,15,2.08,0
torchinferno,long_output,351,3103.36,269.10,6870.83,15,2.18,0
torchinferno,long_output,352,3355.52,284.91,10193.39,25,2.45,0
torchinferno,long_output,353,3432.99,265.60,7151.46,15,2.10,0
torchinferno,long_output,354,8708.35,202.29,23070.64,72,3.12,0
torchinferno,long_output,355,3437.43,264.91,7146.23,15,2.10,0
torchinferno,long_output,356,8673.99,204.20,23376.68,73,3.12,0
torchinferno,long_output,357,8821.04,203.93,23503.70,73,3.11,0
torchinferno,long_output,358,3092.88,329.67,5070.88,7,1.38,0
torchinferno,long_output,359,8740.25,201.51,23450.59,74,3.16,0
torchinferno,long_output,360,8855.44,198.48,23542.64,75,3.19,0
torchinferno,long_output,361,3433.09,261.05,10220.27,27,2.64,0
torchinferno,long_output,362,8854.55,202.95,23872.92,75,3.14,0
torchinferno,long_output,363,2700.47,251.48,6724.22,17,2.53,0
torchinferno,long_output,364,5065.65,201.37,20369.60,77,3.78,0
torchinferno,long_output,365,5748.64,201.47,21060.16,77,3.66,0
torchinferno,long_output,366,3035.56,284.77,7022.29,15,2.14,0
torchinferno,long_output,367,3108.24,252.57,11190.39,33,2.95,0
torchinferno,long_output,368,4140.94,203.10,19779.53,78,3.94,0
torchinferno,long_output,369,4458.39,205.87,20104.25,77,3.83,0
torchinferno,long_output,370,3091.48,253.63,8417.66,22,2.61,0
torchinferno,long_output,371,4101.63,200.77,19761.90,79,4.00,0
torchinferno,long_output,372,2690.86,253.29,8009.88,22,2.75,0
torchinferno,long_output,373,3535.32,200.31,19159.63,79,4.12,0
torchinferno,long_output,374,3489.07,271.15,12165.95,33,2.71,0
torchinferno,long_output,375,3090.59,326.97,7668.11,15,1.96,0
torchinferno,long_output,376,3783.28,236.88,11837.29,35,2.96,0
torchinferno,long_output,377,3430.80,237.16,11494.08,35,3.05,0
torchinferno,long_output,378,3079.44,253.31,8398.97,22,2.62,0
torchinferno,long_output,379,3367.80,245.67,8035.62,20,2.49,0
torchinferno,long_output,380,3028.53,238.31,6364.86,15,2.36,0
torchinferno,long_output,381,3064.75,253.51,8388.45,22,2.62,0
torchinferno,long_output,382,3443.22,232.45,11811.34,37,3.13,0
torchinferno,long_output,383,3044.27,253.69,8371.70,22,2.63,0
torchinferno,long_output,384,3084.79,232.81,11466.11,37,3.23,0
torchinferno,long_output,385,3108.17,232.03,11461.24,37,3.23,0
torchinferno,long_output,386,3383.98,252.50,7676.44,18,2.34,0
torchinferno,long_output,387,3068.01,234.24,11734.97,38,3.24,0
torchinferno,long_output,388,2942.19,265.46,6924.04,16,2.31,0
torchinferno,long_output,389,3043.35,266.70,8644.13,22,2.55,0
torchinferno,long_output,390,2621.68,261.73,6285.93,15,2.39,0
torchinferno,long_output,391,3093.51,241.98,12046.79,38,3.15,0
torchinferno,long_output,392,2267.19,240.37,5632.41,15,2.66,0
torchinferno,long_output,393,3031.85,246.10,9676.44,28,2.89,0
torchinferno,long_output,394,2664.83,240.05,6025.57,15,2.49,0
torchinferno,long_output,395,3034.85,226.95,10751.06,35,3.26,0
torchinferno,long_output,396,2377.45,239.61,5732.00,15,2.62,0
torchinferno,long_output,397,2021.18,240.56,5388.99,15,2.78,0
torchinferno,long_output,398,2343.45,211.69,5730.47,17,2.97,0
torchinferno,long_output,399,3387.19,225.84,12420.60,41,3.30,0
torchinferno,long_output,400,3046.97,231.56,11383.20,37,3.25,0
torchinferno,long_output,401,2303.10,202.57,4734.00,13,2.75,0
torchinferno,long_output,402,2362.40,206.17,7516.67,26,3.46,0
torchinferno,long_output,403,3365.55,209.81,12177.48,43,3.53,0
torchinferno,long_output,404,2949.59,209.28,11111.67,40,3.60,0
torchinferno,long_output,405,2702.90,223.89,5837.35,15,2.57,0
torchinferno,long_output,406,2952.16,205.63,11794.35,44,3.73,0
torchinferno,long_output,407,2937.34,201.55,11805.37,45,3.81,0
torchinferno,long_output,408,2618.64,197.73,11516.68,46,3.99,0
torchinferno,long_output,409,2942.97,197.52,11831.15,46,3.89,0
torchinferno,long_output,410,3702.62,223.63,6833.49,15,2.20,0
torchinferno,long_output,411,3387.21,223.56,6517.08,15,2.30,0
torchinferno,long_output,412,2626.01,206.72,12135.26,47,3.87,0
torchinferno,long_output,413,2957.98,206.85,12473.15,47,3.77,0
torchinferno,long_output,414,3440.79,241.81,6826.07,15,2.20,0
torchinferno,long_output,415,3040.31,226.91,7805.48,22,2.82,0
torchinferno,long_output,416,2598.26,206.75,12108.63,47,3.88,0
torchinferno,long_output,417,2593.22,209.10,12421.00,48,3.86,0
torchinferno,long_output,418,2596.21,209.09,12423.41,48,3.86,0
torchinferno,long_output,419,3539.17,283.01,7501.27,15,2.00,0
torchinferno,long_output,420,3893.37,218.19,7602.55,18,2.37,0
torchinferno,long_output,421,2690.52,205.25,12542.39,49,3.91,0
torchinferno,long_output,422,2696.50,205.09,12540.89,49,3.91,0
torchinferno,long_output,423,2366.01,211.88,12536.29,49,3.91,0
torchinferno,long_output,424,3826.28,261.00,7480.24,15,2.01,0
torchinferno,long_output,425,3798.12,261.77,7462.87,15,2.01,0
torchinferno,long_output,426,3792.71,262.38,7466.06,15,2.01,0
torchinferno,long_output,427,2366.91,214.44,12874.36,50,3.88,0
torchinferno,long_output,428,2364.61,210.19,12874.35,51,3.96,0
torchinferno,long_output,429,3768.25,241.23,7145.52,15,2.10,0
torchinferno,long_output,430,2348.44,206.37,12873.17,52,4.04,0
torchinferno,long_output,431,3386.24,241.26,6763.87,15,2.22,0
torchinferno,long_output,432,2663.50,212.49,12863.00,49,3.81,0
torchinferno,long_output,433,2663.55,206.38,13189.13,52,3.94,0
torchinferno,long_output,434,2676.07,202.67,13214.98,53,4.01,0
torchinferno,long_output,435,2280.28,202.84,12827.77,53,4.13,0
torchinferno,long_output,436,3277.42,240.77,6648.22,15,2.26,0
torchinferno,long_output,437,2253.97,205.14,13126.30,54,4.11,0
torchinferno,long_output,438,2620.78,204.96,13483.85,54,4.00,0
torchinferno,long_output,439,3349.29,283.48,7317.97,15,2.05,0
torchinferno,long_output,440,3863.19,237.90,12189.54,36,2.95,0
torchinferno,long_output,441,3333.03,283.05,7295.71,15,2.06,0
torchinferno,long_output,442,3017.99,283.02,6980.31,15,2.15,0
torchinferno,long_output,443,3357.13,222.26,13803.22,48,3.48,0
torchinferno,long_output,444,3011.77,282.92,6972.66,15,2.15,0
torchinferno,long_output,445,3021.27,282.78,6980.17,15,2.15,0
torchinferno,long_output,446,3791.50,243.74,11103.70,31,2.79,0
torchinferno,long_output,447,3026.59,283.11,6990.17,15,2.15,0
torchinferno,long_output,448,2716.27,283.30,6682.47,15,2.24,0
torchinferno,long_output,449,3034.75,228.64,15152.43,54,3.56,0
torchinferno,long_output,450,3046.47,284.48,7029.21,15,2.13,0
torchinferno,long_output,451,3052.42,247.23,6760.92,16,2.37,0
torchinferno,long_output,452,2976.68,184.39,3714.25,5,1.35,0
torchinferno,long_output,453,2620.14,245.97,6309.62,16,2.54,0
torchinferno,long_output,454,3378.61,220.75,15519.90,56,3.61,0
torchinferno,long_output,455,2629.89,263.86,6323.97,15,2.37,0
torchinferno,long_output,456,2978.32,200.57,5786.33,15,2.59,0
torchinferno,long_output,457,3534.31,207.67,15371.57,58,3.77,0
torchinferno,long_output,458,2630.51,157.73,4838.67,15,3.10,0
torchinferno,long_output,459,3525.60,202.83,15086.63,58,3.84,0
torchinferno,long_output,460,2966.24,154.57,6212.17,22,3.54,0
torchinferno,long_output,461,3863.62,204.80,15741.87,59,3.75,0
torchinferno,long_output,462,2364.53,158.13,4578.36,15,3.28,0
torchinferno,long_output,463,3369.57,195.44,10600.87,38,3.58,0
torchinferno,long_output,464,3765.68,189.11,15112.26,61,4.04,0
torchinferno,long_output,465,2995.92,179.71,9285.73,36,3.88,0
torchinferno,long_output,466,3762.55,192.33,15109.83,60,3.97,0
torchinferno,long_output,467,3257.36,177.38,4676.39,9,1.92,0
torchinferno,long_output,468,2722.95,157.95,6671.67,26,3.90,0
torchinferno,long_output,469,2975.07,189.43,14340.62,61,4.25,0
torchinferno,long_output,470,3285.32,181.49,14356.19,62,4.32,0
torchinferno,long_output,471,2805.50,168.68,6347.88,22,3.47,0
torchinferno,long_output,472,3288.61,187.00,14695.47,62,4.22,0
torchinferno,long_output,473,2696.41,175.10,11451.20,51,4.45,0
torchinferno,long_output,474,3577.38,156.33,5765.97,15,2.60,0
torchinferno,long_output,475,3574.25,134.50,5457.21,15,2.75,0
torchinferno,long_output,476,3694.85,187.12,15109.18,62,4.10,0
torchinferno,long_output,477,3307.55,162.40,5093.90,12,2.36,0
torchinferno,long_output,478,2944.34,166.69,11778.90,54,4.58,0
torchinferno,long_output,479,697.85,164.86,2511.28,12,4.78,0
torchinferno,long_output,480,3025.92,174.54,14196.28,65,4.58,0
torchinferno,long_output,481,3049.35,172.65,14271.79,66,4.62,0
torchinferno,long_output,482,2618.47,166.05,13577.64,67,4.93,0
torchinferno,long_output,483,693.40,148.91,3969.43,23,5.79,0
torchinferno,long_output,484,708.24,148.48,3974.83,23,5.79,0
torchinferno,long_output,485,372.10,149.85,3968.40,25,6.30,0
torchinferno,long_output,486,2342.34,145.65,9624.86,51,5.30,0
torchinferno,long_output,487,1085.16,157.81,3294.56,15,4.55,0
torchinferno,long_output,488,1097.56,130.15,4091.02,24,5.87,0
torchinferno,long_output,489,1075.15,120.64,4091.06,26,6.36,0
torchinferno,long_output,490,1412.32,114.68,3017.89,15,4.97,0
torchinferno,long_output,491,2982.93,146.60,13098.64,70,5.34,0
torchinferno,long_output,492,2978.62,148.87,13101.64,69,5.27,0
torchinferno,long_output,493,770.33,132.76,4089.27,26,6.36,0
torchinferno,long_output,494,2980.04,151.37,13424.47,70,5.21,0
torchinferno,long_output,495,1422.08,133.05,4748.38,26,5.48,0
torchinferno,long_output,496,2645.36,146.96,12785.42,70,5.47,0
torchinferno,long_output,497,2918.54,146.78,9817.23,48,4.89,0
torchinferno,long_output,498,2946.52,145.15,13107.29,71,5.42,0
torchinferno,long_output,499,2985.27,134.56,12539.12,72,5.74,0
torchinferno,long_output,500,1064.81,105.64,3811.42,27,7.08,0
torchinferno,long_output,501,2670.27,134.89,12247.62,72,5.88,0
torchinferno,long_output,502,2993.77,134.83,12566.46,72,5.73,0
torchinferno,long_output,503,3932.93,125.53,9205.08,43,4.67,0
torchinferno,long_output,504,1718.65,102.74,4492.65,28,6.23,0
torchinferno,long_output,505,2353.12,135.68,12257.49,74,6.04,0
torchinferno,long_output,506,1476.57,111.40,3815.89,22,5.77,0
torchinferno,long_output,507,2353.33,131.53,11954.87,74,6.19,0
torchinferno,long_output,508,1775.01,106.06,4532.54,27,5.96,0
torchinferno,long_output,509,1127.96,177.88,2550.97,9,3.53,0
torchinferno,long_output,510,486.89,196.79,3045.17,14,4.60,0
torchinferno,long_output,511,1846.03,125.20,5226.35,28,5.36,0
torchinferno,long_output,512,693.53,150.27,3248.17,18,5.54,0
torchinferno,long_output,513,1458.11,136.68,5148.48,28,5.44,0
torchinferno,long_output,514,1439.94,131.79,5129.96,29,5.65,0
torchinferno,long_output,515,461.85,202.74,2894.78,13,4.49,0
torchinferno,long_output,516,727.55,128.03,4440.54,30,6.76,0
torchinferno,long_output,517,761.80,190.38,2855.92,12,4.20,0
torchinferno,long_output,518,449.06,200.09,3250.30,15,4.61,0
torchinferno,long_output,519,2858.73,146.71,13715.32,75,5.47,0
torchinferno,long_output,520,2857.29,144.92,13726.34,76,5.54,0
torchinferno,long_output,521,1054.75,200.34,3859.46,15,3.89,0
torchinferno,long_output,522,822.54,148.76,5136.52,30,5.84,0
torchinferno,long_output,523,817.15,154.62,5146.37,29,5.64,0
torchinferno,long_output,524,489.29,149.90,4836.44,30,6.20,0
torchinferno,long_output,525,495.55,144.99,4845.39,31,6.40,0
torchinferno,long_output,526,2925.73,141.19,13515.22,76,5.62,0
torchinferno,long_output,527,463.98,141.35,4845.93,32,6.60,0
torchinferno,long_output,528,669.08,141.38,5051.79,32,6.33,0
torchinferno,long_output,529,669.01,147.15,5377.67,33,6.14,0
torchinferno,long_output,530,1056.88,200.70,3866.71,15,3.88,0
torchinferno,long_output,531,1655.85,157.68,3863.37,15,3.88,0
torchinferno,long_output,532,1099.34,184.95,4613.34,20,4.34,0
torchinferno,long_output,533,1359.63,170.67,3919.73,16,4.08,0
torchinferno,long_output,534,1038.87,158.93,3263.84,15,4.60,0
torchinferno,long_output,535,802.16,156.94,5824.12,33,5.67,0
torchinferno,long_output,536,3986.24,143.88,14921.08,77,5.16,0
torchinferno,long_output,537,460.74,198.01,5807.03,28,4.82,0
torchinferno,long_output,538,471.57,162.11,5821.35,34,5.84,0
torchinferno,long_output,539,472.57,162.42,5832.30,34,5.83,0
torchinferno,long_output,540,1042.24,160.67,3613.02,17,4.71,0
torchinferno,long_output,541,447.30,157.95,5817.65,35,6.02,0
torchinferno,long_output,542,3950.70,138.06,14581.10,78,5.35,0
torchinferno,long_output,543,3626.82,136.62,14282.81,79,5.53,0
torchinferno,long_output,544,1094.82,159.85,5410.69,28,5.17,0
torchinferno,long_output,545,372.87,141.22,2632.45,17,6.46,0
torchinferno,long_output,546,1033.45,149.18,5807.06,33,5.68,0
torchinferno,long_output,547,1371.69,150.37,5431.56,28,5.16,0
torchinferno,long_output,548,397.08,150.62,4463.81,28,6.27,0
torchinferno,long_output,549,1098.98,160.29,6869.46,37,5.39,0
torchinferno,long_output,550,1047.39,151.69,6508.10,37,5.69,0
torchinferno,long_output,551,1431.75,149.26,4416.94,21,4.75,0
torchinferno,long_output,552,1010.20,128.90,3717.03,22,5.92,0
torchinferno,long_output,553,784.50,186.65,1904.41,7,3.68,0
torchinferno,long_output,554,786.07,161.53,3047.45,15,4.92,0
torchinferno,long_output,555,705.58,162.09,2974.82,15,5.04,0
torchinferno,long_output,556,784.44,156.06,4841.88,27,5.58,0
torchinferno,long_output,557,472.15,159.00,2698.19,15,5.56,0
torchinferno,long_output,558,741.18,128.79,3445.83,22,6.38,0
torchinferno,long_output,559,721.64,134.93,5983.92,40,6.68,0
torchinferno,long_output,560,804.10,183.50,3373.11,15,4.45,0
torchinferno,long_output,561,803.74,184.04,3380.31,15,4.44,0
torchinferno,long_output,562,719.44,132.35,6013.37,41,6.82,0
torchinferno,long_output,563,704.12,132.39,5999.65,41,6.83,0
torchinferno,long_output,564,724.08,95.76,1585.92,10,6.31,0
torchinferno,long_output,565,1078.08,124.69,6065.49,41,6.76,0
torchinferno,long_output,566,1449.65,116.50,3080.71,15,4.87,0
torchinferno,long_output,567,1435.81,118.28,4984.31,31,6.22,0
torchinferno,long_output,568,408.27,116.19,2034.90,15,7.37,0
torchinferno,long_output,569,1481.33,107.88,3531.01,20,5.66,0
torchinferno,long_output,570,1113.02,131.69,5327.18,33,6.19,0
torchinferno,long_output,571,1106.58,129.85,6430.44,42,6.53,0
torchinferno,long_output,572,403.73,130.31,5746.40,42,7.31,0
torchinferno,long_output,573,389.19,127.16,5729.77,43,7.50,0
torchinferno,long_output,574,784.58,127.31,6131.63,43,7.01,0
torchinferno,long_output,575,677.28,117.96,5749.63,44,7.65,0
torchinferno,long_output,576,1108.42,95.42,3207.61,23,7.17,0
torchinferno,long_output,577,469.28,118.38,4020.68,31,7.71,0
torchinferno,long_output,578,434.35,78.23,903.75,7,7.75,0
torchinferno,long_output,579,1068.21,74.63,2486.15,20,8.04,0
torchinferno,long_output,580,837.31,118.47,1666.59,8,4.80,0
torchinferno,long_output,581,1120.87,95.06,2451.77,15,6.12,0
torchinferno,long_output,582,1440.56,109.11,6241.36,45,7.21,0
torchinferno,long_output,583,461.57,107.06,5279.16,46,8.71,0
torchinferno,long_output,584,846.86,85.93,1792.11,12,6.70,0
torchinferno,long_output,585,739.72,102.77,5261.73,45,8.55,0
torchinferno,long_output,586,1118.77,68.05,2615.91,23,8.79,0
torchinferno,long_output,587,475.58,28.38,645.84,7,10.84,0
torchinferno,long_output,588,507.16,95.06,1838.01,15,8.16,0
torchinferno,long_output,589,738.80,95.81,2080.07,15,7.21,0
torchinferno,long_output,590,731.41,104.70,2406.55,17,7.06,0
torchinferno,long_output,591,862.04,131.43,1650.65,7,4.24,0
torchinferno,long_output,592,476.50,110.59,5674.46,48,8.46,0
torchinferno,long_output,593,423.60,116.44,2053.78,15,7.30,0
torchinferno,long_output,594,495.92,116.69,2129.60,15,7.04,0
torchinferno,long_output,595,812.60,117.29,2454.73,15,6.11,0
torchinferno,long_output,596,471.20,117.85,6010.22,48,7.99,0
torchinferno,long_output,597,825.99,109.25,2464.71,16,6.49,0
torchinferno,long_output,598,1163.08,101.82,6050.54,49,8.10,0
torchinferno,long_output,599,1471.02,95.99,6078.37,49,8.06,0
torchinferno,long_output,600,411.86,115.82,2033.32,15,7.38,0
torchinferno,long_output,601,856.32,115.71,2476.33,15,6.06,0
torchinferno,long_output,602,501.47,116.14,2127.47,15,7.05,0
torchinferno,long_output,603,754.94,100.48,5678.23,50,8.81,0
torchinferno,long_output,604,1029.46,93.43,2337.47,15,6.42,0
torchinferno,long_output,605,402.64,97.21,5360.49,52,9.70,0
torchinferno,long_output,606,415.30,97.20,5372.34,52,9.68,0
torchinferno,long_output,607,468.58,86.63,3067.47,31,10.11,0
torchinferno,long_output,608,777.90,94.22,2096.97,15,7.15,0
torchinferno,long_output,609,429.31,95.80,5027.65,49,9.75,0
torchinferno,long_output,610,1131.40,95.51,6097.90,53,8.69,0
torchinferno,long_output,611,790.99,99.84,6082.54,54,8.88,0
torchinferno,long_output,612,473.45,114.19,4812.72,39,8.10,0
torchinferno,long_output,613,834.21,158.15,3048.28,15,4.92,0
torchinferno,long_output,614,782.06,158.01,2994.23,15,5.01,0
torchinferno,long_output,615,493.23,161.45,3399.40,19,5.59,0
torchinferno,long_output,616,844.42,115.42,7076.86,55,7.77,0
torchinferno,long_output,617,486.42,115.60,6728.89,55,8.17,0
torchinferno,long_output,618,495.11,113.77,6752.58,56,8.29,0
torchinferno,long_output,619,1735.41,182.61,2831.08,7,2.47,0
torchinferno,long_output,620,474.70,117.71,7066.21,57,8.07,0
torchinferno,long_output,621,794.83,202.20,3625.66,15,4.14,0
torchinferno,long_output,622,809.50,211.24,3978.07,16,4.02,0
torchinferno,long_output,623,1157.08,123.66,8082.00,57,7.05,0
torchinferno,long_output,624,488.71,123.27,7761.37,60,7.73,0
torchinferno,long_output,625,1381.33,160.36,3626.35,15,4.14,0
torchinferno,long_output,626,735.93,137.88,2666.19,15,5.63,0
torchinferno,long_output,627,1074.20,137.99,3006.10,15,4.99,0
torchinferno,long_output,628,694.80,137.28,2616.71,15,5.73,0
torchinferno,long_output,629,393.30,135.55,8255.27,59,7.15,0
torchinferno,long_output,630,856.54,136.81,9065.14,61,6.73,0
torchinferno,long_output,631,857.47,136.83,9067.18,61,6.73,0
torchinferno,long_output,632,494.32,135.05,8732.46,62,7.10,0
torchinferno,long_output,633,1835.08,151.97,3658.68,13,3.55,0
torchinferno,long_output,634,719.86,133.12,8973.17,63,7.02,0
torchinferno,long_output,635,1388.96,147.18,6540.12,36,5.50,0
torchinferno,long_output,636,575.09,138.58,7919.77,54,6.82,0
torchinferno,long_output,637,1455.53,126.29,9411.83,64,6.80,0
torchinferno,long_output,638,1453.24,126.38,9415.45,64,6.80,0
torchinferno,long_output,639,1113.68,126.36,9074.36,64,7.05,0
torchinferno,long_output,640,1587.25,135.22,3480.35,15,4.31,0
torchinferno,long_output,641,449.63,124.72,8431.52,65,7.71,0
torchinferno,long_output,642,1102.95,82.11,2827.22,22,7.78,0
torchinferno,long_output,643,1064.10,71.05,2058.78,15,7.29,0
torchinferno,long_output,644,830.55,121.23,8831.53,67,7.59,0
torchinferno,long_output,645,488.03,123.21,8496.63,66,7.77,0
torchinferno,long_output,646,485.61,119.78,8510.97,68,7.99,0
torchinferno,long_output,647,572.66,120.35,8515.62,67,7.87,0
torchinferno,long_output,648,768.65,49.55,1462.31,15,10.26,0
torchinferno,long_output,649,1166.63,100.28,4776.55,37,7.75,0
torchinferno,long_output,650,712.80,54.11,1849.12,22,11.90,0
torchinferno,long_output,651,730.71,115.58,8474.54,68,8.02,0
torchinferno,long_output,652,823.99,115.37,8553.57,68,7.95,0
torchinferno,long_output,653,822.18,114.05,8577.82,69,8.04,0
torchinferno,long_output,654,462.30,112.81,8246.19,70,8.49,0
torchinferno,long_output,655,1097.40,69.54,3461.63,35,10.11,0
torchinferno,long_output,656,1503.12,83.91,5362.84,47,8.76,0
torchinferno,long_output,657,1135.16,108.59,8627.66,70,8.11,0
torchinferno,long_output,658,1459.61,104.25,8652.54,70,8.09,0
torchinferno,long_output,659,471.89,50.85,1641.46,24,14.62,0
torchinferno,long_output,660,487.87,53.51,1664.99,23,13.81,0
torchinferno,long_output,661,359.27,71.61,1361.76,15,11.02,0
torchinferno,long_output,662,1429.66,98.72,8340.01,71,8.51,0
torchinferno,long_output,663,1433.16,87.87,7759.83,73,9.41,0
torchinferno,long_output,664,1421.52,89.04,7743.56,72,9.30,0
torchinferno,long_output,665,499.97,62.70,2004.75,25,12.47,0
torchinferno,long_output,666,834.03,62.83,2341.83,25,10.68,0
torchinferno,long_output,667,453.73,62.88,1962.86,25,12.74,0
torchinferno,long_output,668,1416.76,88.17,7765.13,73,9.40,0
torchinferno,long_output,669,451.30,63.66,1979.15,25,12.63,0
torchinferno,long_output,670,427.74,63.79,1958.68,25,12.76,0
torchinferno,long_output,671,432.29,61.27,1964.08,26,13.24,0
torchinferno,long_output,672,408.39,61.96,1957.33,26,13.28,0
torchinferno,long_output,673,382.67,59.73,1935.55,27,13.95,0
torchinferno,long_output,674,356.06,60.67,1933.37,27,13.97,0
torchinferno,long_output,675,452.38,71.56,1454.19,15,10.32,0
torchinferno,long_output,676,403.09,60.69,1981.13,27,13.63,0
torchinferno,long_output,677,1490.79,77.58,7231.83,75,10.37,0
torchinferno,long_output,678,377.17,58.47,1955.85,28,14.32,0
torchinferno,long_output,679,352.55,57.04,1949.81,29,14.87,0
torchinferno,long_output,680,353.57,57.16,1954.11,29,14.84,0
torchinferno,long_output,681,1395.81,60.16,5005.70,61,12.19,0
torchinferno,long_output,682,497.86,51.91,1120.84,13,11.60,0
torchinferno,long_output,683,457.91,65.14,1956.17,24,12.27,0
torchinferno,long_output,684,476.14,71.79,1481.22,15,10.13,0
torchinferno,long_output,685,471.83,72.29,977.87,8,8.18,0
torchinferno,long_output,686,452.89,74.74,976.07,8,8.20,0
torchinferno,long_output,687,1584.32,72.89,7050.91,76,10.78,0
torchinferno,long_output,688,424.27,55.98,2047.57,30,14.65,0
torchinferno,long_output,689,499.68,53.69,1143.96,13,11.36,0
torchinferno,long_output,690,832.89,54.58,1979.11,22,11.12,0
torchinferno,long_output,691,497.43,71.54,1498.99,15,10.01,0
torchinferno,long_output,692,473.37,64.14,1499.65,17,11.34,0
torchinferno,long_output,693,1440.52,63.91,6361.83,78,12.26,0
torchinferno,long_output,694,356.92,29.41,474.58,5,10.54,0
torchinferno,long_output,695,1393.02,59.98,6011.74,78,12.97,0
torchinferno,long_output,696,836.70,62.79,2469.25,27,10.93,0
torchinferno,long_output,697,448.47,54.40,1590.80,22,13.83,0
torchinferno,long_output,698,495.98,54.36,1637.51,22,13.44,0
torchinferno,long_output,699,470.82,54.49,1615.19,22,13.62,0
torchinferno,long_output,700,359.88,53.55,2019.85,32,15.84,0
torchinferno,long_output,701,427.39,53.01,1593.63,23,14.43,0
torchinferno,long_output,702,378.56,70.96,1371.96,15,10.93,0
torchinferno,long_output,703,493.46,64.41,1974.96,24,12.15,0
torchinferno,long_output,704,497.08,61.81,2474.95,33,13.33,0
torchinferno,long_output,705,468.51,60.75,2473.18,34,13.75,0
torchinferno,long_output,706,495.20,58.49,1548.03,19,12.27,0
torchinferno,long_output,707,350.49,46.75,1004.92,15,14.93,0
torchinferno,long_output,708,489.18,69.83,1466.80,15,10.23,0
torchinferno,long_output,709,371.49,70.18,1354.08,15,11.08,0
torchinferno,long_output,710,421.60,62.24,2413.31,33,13.67,0
torchinferno,long_output,711,432.37,58.13,2466.88,36,14.59,0
torchinferno,long_output,712,429.85,57.08,2484.77,37,14.89,0
torchinferno,long_output,713,401.53,57.35,2466.06,37,15.00,0
torchinferno,long_output,714,403.09,59.14,2472.92,36,14.56,0
torchinferno,long_output,715,376.44,61.52,2468.29,35,14.18,0
torchinferno,long_output,716,465.99,53.16,1582.38,22,13.90,0
torchinferno,long_output,717,351.90,51.69,1489.12,23,15.45,0
torchinferno,long_output,718,474.76,54.48,2109.16,31,14.70,0
torchinferno,long_output,719,444.04,58.05,2011.41,28,13.92,0
torchinferno,long_output,720,424.24,57.86,2507.37,37,14.76,0
torchinferno,long_output,721,498.03,56.42,2585.71,38,14.70,0
torchinferno,long_output,722,497.98,55.37,2601.90,39,14.99,0
torchinferno,long_output,723,380.03,56.00,2508.18,39,15.55,0
torchinferno,long_output,724,350.79,61.62,2815.58,41,14.56,0
torchinferno,long_output,725,481.65,60.99,1518.40,18,11.85,0
torchinferno,long_output,726,814.96,56.99,2410.66,29,12.03,0
torchinferno,long_output,727,359.28,48.80,993.64,14,14.09,0
torchinferno,long_output,728,366.97,60.61,2851.92,42,14.73,0
torchinferno,long_output,729,345.55,59.75,2854.90,43,15.06,0
torchinferno,long_output,730,347.38,58.81,2876.30,44,15.30,0
torchinferno,long_output,731,821.98,53.55,1946.57,22,11.30,0
torchinferno,long_output,732,400.61,70.21,1383.51,15,10.84,0
torchinferno,long_output,733,495.79,62.59,1997.92,25,12.51,0
torchinferno,long_output,734,816.03,64.98,3350.15,40,11.94,0
torchinferno,long_output,735,491.00,58.09,3047.00,45,14.77,0
torchinferno,long_output,736,349.44,70.32,1333.88,15,11.25,0
torchinferno,long_output,737,359.62,57.90,1922.99,28,14.56,0
torchinferno,long_output,738,492.05,58.17,3051.34,45,14.75,0
torchinferno,long_output,739,418.53,57.29,2996.78,46,15.35,0
torchinferno,long_output,740,471.64,57.30,3049.96,46,15.08,0
torchinferno,long_output,741,820.68,53.51,1944.47,22,11.31,0
torchinferno,long_output,742,446.50,48.30,1074.34,14,13.03,0
torchinferno,long_output,743,417.76,27.54,583.03,7,12.01,0
torchinferno,long_output,744,350.33,53.33,1470.33,22,14.96,0
torchinferno,long_output,745,476.35,56.49,3074.73,47,15.29,0
torchinferno,long_output,746,490.74,56.60,3094.23,47,15.19,0
torchinferno,long_output,747,490.86,55.73,2107.03,30,14.24,0
torchinferno,long_output,748,397.47,55.75,3017.62,48,15.91,0
torchinferno,long_output,749,425.79,56.96,3046.00,47,15.43,0
torchinferno,long_output,750,402.84,55.86,3028.46,48,15.85,0
torchinferno,long_output,751,378.23,62.71,3325.58,48,14.43,0
torchinferno,long_output,752,392.31,70.39,1377.79,15,10.89,0
torchinferno,long_output,753,394.79,61.53,3348.22,49,14.63,0
torchinferno,long_output,754,463.46,53.40,1584.77,22,13.88,0
torchinferno,long_output,755,393.67,70.49,1380.50,15,10.87,0
torchinferno,long_output,756,484.92,70.82,1476.39,15,10.16,0
torchinferno,long_output,757,342.72,71.16,1338.94,15,11.20,0
torchinferno,long_output,758,392.31,70.94,1385.42,15,10.83,0
torchinferno,long_output,759,823.55,60.71,3798.11,50,13.16,0
torchinferno,long_output,760,825.42,60.66,3797.95,50,13.17,0
torchinferno,long_output,761,419.98,62.90,2432.71,33,13.57,0
torchinferno,long_output,762,379.21,61.18,3377.24,50,14.81,0
torchinferno,long_output,763,372.79,60.04,3374.57,51,15.11,0
torchinferno,long_output,764,344.84,71.31,1343.23,15,11.17,0
torchinferno,long_output,765,811.96,71.40,1811.53,15,8.28,0
torchinferno,long_output,766,493.82,60.99,2506.40,34,13.57,0
torchinferno,long_output,767,448.71,59.33,3474.45,52,14.97,0
torchinferno,long_output,768,371.06,58.67,3421.96,53,15.49,0
torchinferno,long_output,769,341.39,52.95,1506.38,23,15.27,0
torchinferno,long_output,770,498.20,28.09,666.75,7,10.50,0
torchinferno,long_output,771,824.99,70.98,1818.73,15,8.25,0
torchinferno,long_output,772,354.75,71.57,1356.79,15,11.06,0
torchinferno,long_output,773,469.57,58.82,3527.99,53,15.02,0
torchinferno,long_output,774,499.54,58.45,1610.00,20,12.42,0
torchinferno,long_output,775,480.97,70.96,1474.36,15,10.17,0
torchinferno,long_output,776,498.92,71.22,1495.94,15,10.03,0
torchinferno,long_output,777,482.78,71.48,1483.51,15,10.11,0
torchinferno,long_output,778,492.81,72.23,1504.05,15,9.97,0
torchinferno,long_output,779,490.83,72.19,1501.46,15,9.99,0
torchinferno,long_output,780,441.11,72.65,1458.24,15,10.29,0
torchinferno,long_output,781,347.03,59.28,2955.29,45,15.23,0
torchinferno,long_output,782,493.87,52.25,1120.89,13,11.60,0
torchinferno,long_output,783,428.52,71.37,1427.68,15,10.51,0
torchinferno,long_output,784,410.32,71.49,1411.12,15,10.63,0
torchinferno,long_output,785,495.56,72.06,1504.44,15,9.97,0
torchinferno,long_output,786,369.49,63.48,3860.81,56,14.50,0
torchinferno,long_output,787,371.67,63.56,3867.33,56,14.48,0
torchinferno,long_output,788,821.43,73.57,3470.08,37,10.66,0
torchinferno,long_output,789,493.88,71.97,1501.52,15,9.99,0
torchinferno,long_output,790,490.29,72.08,1499.36,15,10.00,0
torchinferno,long_output,791,357.70,62.14,3899.83,58,14.87,0
torchinferno,long_output,792,347.53,61.55,3917.58,59,15.06,0
torchinferno,long_output,793,487.06,63.90,2020.77,25,12.37,0
torchinferno,long_output,794,823.26,60.60,4398.46,60,13.64,0
torchinferno,long_output,795,498.71,60.95,4094.66,60,14.65,0
torchinferno,long_output,796,500.10,60.22,4113.00,61,14.83,0
torchinferno,long_output,797,349.39,71.52,1350.74,15,11.10,0
torchinferno,long_output,798,457.35,59.12,4122.56,63,15.28,0
torchinferno,long_output,799,447.19,63.57,4452.39,64,14.37,0
torchinferno,long_output,800,501.71,63.05,3023.84,41,13.56,0
torchinferno,long_output,801,373.66,60.60,2979.36,44,14.77,0
torchinferno,long_output,802,425.95,71.86,1432.00,15,10.47,0
torchinferno,long_output,803,453.79,63.00,4485.92,65,14.49,0
torchinferno,long_output,804,504.72,60.30,4122.43,61,14.80,0
torchinferno,long_output,805,483.24,63.22,4023.49,57,14.17,0
torchinferno,long_output,806,836.99,62.37,4890.90,66,13.49,0
torchinferno,long_output,807,840.86,62.40,4896.81,66,13.48,0
torchinferno,long_output,808,500.81,60.91,4581.98,68,14.84,0
torchinferno,long_output,809,406.72,60.97,4491.54,68,15.14,0
torchinferno,long_output,810,379.02,60.43,4488.57,69,15.37,0
torchinferno,long_output,811,424.79,57.35,2603.99,39,14.98,0
torchinferno,long_output,812,838.63,61.32,1881.05,18,9.57,0
torchinferno,long_output,813,499.13,59.72,4619.84,70,15.15,0
torchinferno,long_output,814,379.65,59.22,4524.97,71,15.69,0
torchinferno,long_output,815,501.59,49.20,1190.33,15,12.60,0
torchinferno,long_output,816,505.87,55.14,4365.78,71,16.26,0
torchinferno,long_output,817,510.44,56.63,4361.62,69,15.82,0
torchinferno,long_output,818,504.19,55.11,4361.80,71,16.28,0
torchinferno,long_output,819,500.93,54.34,4358.71,72,16.52,0
torchinferno,long_output,820,500.98,53.68,4365.90,73,16.72,0
torchinferno,long_output,821,445.98,53.33,3858.90,65,16.84,0
torchinferno,long_output,822,484.75,46.59,2395.06,42,17.54,0
torchinferno,long_output,823,501.16,53.09,4376.58,74,16.91,0
torchinferno,long_output,824,489.25,53.95,4373.69,73,16.69,0
torchinferno,long_output,825,469.19,52.70,4368.86,75,17.17,0
torchinferno,long_output,826,400.24,52.23,4317.84,76,17.60,0
torchinferno,long_output,827,377.74,52.29,4299.72,76,17.68,0
torchinferno,long_output,828,502.78,52.21,1651.40,23,13.93,0
torchinferno,long_output,829,501.55,50.06,1652.83,24,14.52,0
torchinferno,long_output,830,501.15,64.05,1974.36,24,12.16,0
torchinferno,long_output,831,495.96,52.15,4407.43,76,17.24,0
torchinferno,long_output,832,489.40,61.39,1962.73,25,12.74,0
torchinferno,long_output,833,483.32,61.60,1961.67,25,12.74,0
torchinferno,long_output,834,437.34,62.40,1935.05,25,12.92,0
torchinferno,long_output,835,443.92,59.92,1942.03,26,13.39,0
torchinferno,long_output,836,505.10,51.53,4421.61,77,17.41,0
torchinferno,long_output,837,405.37,51.81,4343.14,77,17.73,0
torchinferno,long_output,838,420.21,70.29,1404.26,15,10.68,0
torchinferno,long_output,839,470.13,62.33,1966.00,25,12.72,0
torchinferno,long_output,840,464.07,58.72,1990.89,27,13.56,0
torchinferno,long_output,841,442.24,58.19,1547.91,20,12.92,0
torchinferno,long_output,842,477.70,51.19,4419.14,78,17.65,0
torchinferno,long_output,843,390.36,50.72,4346.21,79,18.18,0
torchinferno,long_output,844,493.87,70.39,1479.36,15,10.14,0
torchinferno,long_output,845,419.49,59.63,1969.89,27,13.71,0
torchinferno,long_output,846,370.00,30.74,492.96,5,10.14,0
torchinferno,long_output,847,448.59,50.73,4405.44,79,17.93,0
torchinferno,long_output,848,467.49,50.81,4430.41,79,17.83,0
torchinferno,long_output,849,811.84,64.41,2293.23,24,10.47,0
torchinferno,long_output,850,403.17,65.87,1391.16,16,11.50,0
torchinferno,long_output,851,377.02,64.67,1411.75,17,12.04,0
torchinferno,long_output,852,818.24,57.31,2365.51,28,11.84,0
torchinferno,long_output,853,414.41,56.32,1991.42,29,14.56,0
torchinferno,long_output,854,488.80,67.57,1637.45,18,10.99,0
torchinferno,long_output,855,416.99,26.96,578.78,7,12.09,0
torchinferno,long_output,856,499.83,69.77,1476.59,15,10.16,0
torchinferno,long_output,857,443.67,65.61,1427.80,16,11.21,0
torchinferno,long_output,858,495.74,55.82,2058.77,29,14.09,0
torchinferno,long_output,859,466.24,54.89,2058.02,30,14.58,0
torchinferno,long_output,860,474.21,54.77,2062.57,30,14.54,0
torchinferno,long_output,861,476.71,54.12,2100.29,31,14.76,0
torchinferno,long_output,862,442.30,46.31,1090.61,15,13.75,0
torchinferno,long_output,863,378.72,52.48,2005.63,32,15.96,0
torchinferno,long_output,864,487.37,48.07,1160.36,15,12.93,0
torchinferno,long_output,865,354.68,51.59,2005.54,33,16.45,0
torchinferno,long_output,866,417.29,44.93,1136.10,17,14.96,0
torchinferno,long_output,867,479.72,39.36,1267.00,21,16.57,0
torchinferno,long_output,868,373.03,45.38,1643.79,29,17.64,0
torchinferno,long_output,869,813.72,26.62,1133.22,13,11.47,0
torchinferno,long_output,870,488.09,51.46,2134.69,33,15.46,0
torchinferno,long_output,871,366.86,48.21,1041.81,15,14.40,0
torchinferno,long_output,872,481.58,46.43,1178.07,16,13.58,0
torchinferno,long_output,873,342.90,50.74,2017.23,34,16.85,0
torchinferno,long_output,874,351.09,49.50,2033.94,35,17.21,0
torchinferno,long_output,875,396.43,44.56,1688.63,30,17.77,0
torchinferno,long_output,876,393.97,50.46,1554.53,24,15.44,0
torchinferno,long_output,877,502.85,70.46,1489.30,15,10.07,0
torchinferno,long_output,878,503.67,70.74,1494.00,15,10.04,0
torchinferno,long_output,879,486.87,70.50,1473.83,15,10.18,0
torchinferno,long_output,880,351.80,70.73,1342.03,15,11.18,0
torchinferno,long_output,881,485.78,62.75,1489.76,17,11.41,0
torchinferno,long_output,882,484.96,48.55,2232.90,37,16.57,0
torchinferno,long_output,883,811.89,48.69,2564.89,37,14.43,0
torchinferno,long_output,884,369.54,47.91,2142.37,38,17.74,0
torchinferno,long_output,885,374.78,53.22,1492.47,22,14.74,0
torchinferno,long_output,886,376.58,53.42,1498.45,22,14.68,0
torchinferno,long_output,887,489.97,63.16,1500.59,17,11.33,0
torchinferno,long_output,888,356.34,53.78,1485.78,22,14.81,0
torchinferno,long_output,889,495.14,53.76,1624.17,22,13.55,0
torchinferno,long_output,890,492.61,48.44,1122.35,14,12.47,0
torchinferno,long_output,891,510.20,60.37,2623.03,36,13.72,0
torchinferno,long_output,892,353.94,70.19,1336.61,15,11.22,0
torchinferno,long_output,893,442.40,61.60,2906.41,41,14.11,0
torchinferno,long_output,894,449.65,61.10,2465.81,34,13.79,0
torchinferno,long_output,895,348.12,62.43,910.00,10,10.99,0
torchinferno,long_output,896,495.61,53.44,1617.78,22,13.60,0
torchinferno,long_output,897,346.06,70.38,1331.38,15,11.27,0
torchinferno,long_output,898,470.24,59.74,2979.34,43,14.43,0
torchinferno,long_output,899,465.00,59.87,2979.33,43,14.43,0
torchinferno,long_output,900,403.12,63.32,2365.90,32,13.53,0
torchinferno,long_output,901,494.00,58.82,3023.24,44,14.55,0
torchinferno,long_output,902,489.83,57.94,3039.15,45,14.81,0
torchinferno,long_output,903,494.47,59.37,3047.34,44,14.44,0
torchinferno,long_output,904,472.73,57.19,3046.20,46,15.10,0
torchinferno,long_output,905,398.54,57.30,2977.19,46,15.45,0
torchinferno,long_output,906,381.06,57.65,2975.42,46,15.46,0
torchinferno,long_output,907,359.99,57.72,2957.59,46,15.55,0
torchinferno,long_output,908,349.03,54.62,1496.02,22,14.71,0
torchinferno,long_output,909,436.94,56.84,1516.94,20,13.18,0
torchinferno,long_output,910,493.26,50.75,1102.24,13,11.79,0
torchinferno,long_output,911,469.08,55.75,3089.23,48,15.54,0
torchinferno,long_output,912,444.45,63.43,2410.72,32,13.27,0
torchinferno,long_output,913,391.97,55.81,1005.88,12,11.93,0
torchinferno,long_output,914,436.99,54.81,2081.14,31,14.90,0
torchinferno,long_output,915,354.64,61.34,3298.83,49,14.85,0
torchinferno,long_output,916,423.34,64.21,1900.22,24,12.63,0
torchinferno,long_output,917,349.91,62.75,3299.36,48,14.55,0
torchinferno,long_output,918,351.57,53.34,1471.79,22,14.95,0
torchinferno,long_output,919,372.62,51.71,1510.16,23,15.23,0
torchinferno,long_output,920,490.36,61.43,3439.00,49,14.25,0
torchinferno,long_output,921,425.47,60.55,3392.52,50,14.74,0
torchinferno,long_output,922,487.32,60.66,3459.47,50,14.45,0
torchinferno,long_output,923,486.97,27.26,650.56,7,10.76,0
torchinferno,long_output,924,817.31,70.30,1801.56,15,8.33,0
torchinferno,long_output,925,484.66,59.95,3482.40,51,14.65,0
torchinferno,long_output,926,466.07,27.02,628.19,7,11.14,0
torchinferno,long_output,927,491.75,70.20,1474.51,15,10.17,0
torchinferno,long_output,928,352.17,70.69,1341.81,15,11.18,0
torchinferno,long_output,929,485.37,70.88,1477.64,15,10.15,0
torchinferno,long_output,930,815.74,70.87,1807.97,15,8.30,0
torchinferno,long_output,931,486.36,62.51,1986.63,25,12.58,0
torchinferno,long_output,932,488.96,70.23,1472.12,15,10.19,0
torchinferno,long_output,933,462.62,70.45,1448.95,15,10.35,0
torchinferno,long_output,934,398.15,59.51,3433.11,52,15.15,0
torchinferno,long_output,935,374.55,58.45,3414.16,53,15.52,0
torchinferno,long_output,936,350.74,57.72,3410.06,54,15.84,0
torchinferno,long_output,937,824.72,69.48,1797.49,15,8.34,0
torchinferno,long_output,938,492.12,69.61,1466.70,15,10.23,0
torchinferno,long_output,939,397.94,57.03,3477.81,55,15.81,0
torchinferno,long_output,940,378.15,56.98,3455.11,55,15.92,0
torchinferno,long_output,941,824.27,57.01,3902.78,55,14.09,0
torchinferno,long_output,942,463.06,48.27,1138.79,15,13.17,0
torchinferno,long_output,943,479.29,48.32,1155.79,15,12.98,0
torchinferno,long_output,944,486.11,46.29,1180.51,16,13.55,0
torchinferno,long_output,945,447.43,45.59,1724.06,29,16.82,0
torchinferno,long_output,946,368.48,51.84,3167.98,55,17.36,0
torchinferno,long_output,947,482.19,26.63,854.97,15,17.54,0
torchinferno,long_output,948,822.66,39.03,3047.54,58,19.03,0
torchinferno,long_output,949,818.45,28.36,2491.97,60,24.08,0
torchinferno,long_output,950,483.21,28.40,2158.78,60,27.79,0
torchinferno,long_output,951,480.27,28.23,2173.92,61,28.06,0
torchinferno,long_output,952,481.61,23.17,1894.91,62,32.72,0
torchinferno,long_output,953,392.10,23.15,1804.40,62,34.36,0
torchinferno,long_output,954,388.19,23.07,1818.66,63,34.64,0
torchinferno,long_output,955,59461.71,79.78,59940.37,7,0.12,0
torchinferno,long_output,956,96158.60,72.02,97166.93,15,0.15,0
torchinferno,long_output,957,60279.08,74.33,61691.36,20,0.32,0
torchinferno,long_output,958,32513.77,60.97,34586.61,35,1.01,0
torchinferno,long_output,959,33418.65,73.60,34817.08,20,0.57,0
torchinferno,long_output,960,95811.01,73.26,98594.70,39,0.40,0
torchinferno,long_output,961,33284.14,71.10,36554.72,47,1.29,0
torchinferno,long_output,962,117783.34,82.00,121719.37,49,0.40,0
torchinferno,long_output,963,117810.82,82.15,121753.90,49,0.40,0
torchinferno,long_output,964,117801.58,82.21,121747.48,49,0.40,0
torchinferno,long_output,965,96173.23,82.18,100117.93,49,0.49,0
torchinferno,long_output,966,20555.40,40.12,21397.85,22,1.03,0
torchinferno,long_output,967,117830.81,67.02,123125.08,80,0.65,0
torchinferno,long_output,968,96187.48,67.01,101480.98,80,0.79,0
torchinferno,long_output,969,117777.25,66.50,123097.55,81,0.66,0
torchinferno,long_output,970,59467.74,62.95,64440.74,80,1.24,0
torchinferno,long_output,971,32908.68,62.98,37883.89,80,2.11,0
torchinferno,long_output,972,59833.68,63.02,64812.31,80,1.23,0
torchinferno,long_output,973,33255.81,63.05,38236.58,80,2.09,0
torchinferno,long_output,974,117777.53,66.51,123098.05,81,0.66,0
torchinferno,long_output,975,117759.26,65.91,123097.93,82,0.67,0
torchinferno,long_output,976,117758.72,65.96,123101.78,82,0.67,0
torchinferno,long_output,977,96149.74,62.52,101151.67,81,0.80,0
torchinferno,long_output,978,96149.42,62.51,101150.19,81,0.80,0
torchinferno,long_output,979,117642.37,65.96,122985.17,82,0.67,0
torchinferno,long_output,980,59070.89,62.46,64067.36,81,1.26,0
torchinferno,long_output,981,58742.20,62.54,63745.27,81,1.27,0
torchinferno,long_output,982,32900.99,62.53,37903.70,81,2.14,0
torchinferno,long_output,983,95814.67,61.95,100832.66,82,0.81,0
torchinferno,long_output,984,95801.69,62.06,100828.75,82,0.81,0
torchinferno,long_output,985,58403.14,62.02,63426.64,82,1.29,0
torchinferno,long_output,986,95473.77,62.01,100496.69,82,0.82,0
torchinferno,long_output,987,57724.52,62.05,62750.70,82,1.31,0
torchinferno,long_output,988,58075.94,61.95,63093.69,82,1.30,0
torchinferno,long_output,989,32926.83,58.46,37603.26,81,2.15,0
torchinferno,long_output,990,33821.51,50.41,37904.85,82,2.16,0
torchinferno,long_output,991,20696.08,41.79,22910.92,54,2.36,0
torchinferno,long_output,992,19838.20,46.19,23071.81,71,3.08,0
torchinferno,long_output,993,34488.46,48.94,38109.87,75,1.97,0
torchinferno,long_output,994,20199.53,39.28,23302.65,80,3.43,0
torchinferno,long_output,995,20993.32,31.43,23507.85,81,3.45,0
torchinferno,long_output,996,20920.20,31.41,23432.84,81,3.46,0
torchinferno,long_output,997,20476.69,31.29,23011.25,82,3.56,0
torchinferno,long_output,998,21306.97,26.77,23475.23,82,3.49,0
torchinferno,long_output,999,21756.34,22.46,23575.68,82,3.48,0
