model,meta-llama/Meta-Llama-3.1-70B-Instruct
tensor_parallel_size,8
timestamp,2026-06-11T21:03:02.852227

Build Times
provider,build_time_s
torchinferno,392.8
vllm,1353.1
sglang,218.1

few_shot
metric,torchinferno,vllm,sglang,winner
ttft_median_ms,315.52,156.49,145.13,sglang
ttft_p99_ms,1694.15,294.99,904.69,vllm
tpot_median_ms,95.42,46.18,68.33,vllm
tpot_p99_ms,642.65,141.33,591.67,vllm
e2e_median_ms,394.70,206.26,216.73,vllm
e2e_p99_ms,2324.42,338.24,972.28,vllm
throughput_median_tps,3.26,7.26,5.41,vllm
total_output_tokens,1461,1461,1461,torchinferno
num_requests,1000,1000,1000,
correctness_rate,0.98,0.98,0.98,torchinferno

self_consistency
metric,torchinferno,vllm,sglang,winner
ttft_median_ms,396.19,201.30,204.50,vllm
ttft_p99_ms,1154.81,488.05,70259.41,vllm
tpot_median_ms,0.00,0.00,0.00,torchinferno
tpot_p99_ms,0.00,0.00,0.00,torchinferno
e2e_median_ms,532.75,224.90,343.24,vllm
e2e_p99_ms,1522.25,537.04,70346.51,vllm
throughput_median_tps,1.88,4.45,2.91,vllm
total_output_tokens,1000,1000,1000,torchinferno
num_requests,1000,1000,1000,
correctness_rate,1.00,1.00,1.00,torchinferno
unique_final_answers,1,1,1,torchinferno

multi_turn
metric,torchinferno,vllm,sglang,winner
ttft_median_ms,695.75,168.85,173.67,vllm
ttft_p99_ms,2646.20,315.47,603.14,vllm
tpot_median_ms,65.77,58.08,98.40,vllm
tpot_p99_ms,189.20,205.37,273.32,torchinferno
e2e_median_ms,766.05,221.95,275.42,vllm
e2e_p99_ms,2691.34,423.91,650.67,vllm
throughput_median_tps,1.58,6.41,4.82,vllm
total_output_tokens,1450,1450,1450,torchinferno
num_requests,1000,1000,1000,
correctness_rate,0.98,0.98,0.98,torchinferno
ttft_first_turn_ms,1102.11,141.63,322.12,vllm
ttft_last_turn_ms,1147.16,173.03,197.50,vllm
ttft_growth_ratio,1.04,1.22,0.61,sglang

tree_of_thought
metric,torchinferno,vllm,sglang,winner
ttft_median_ms,453.67,61.03,87.18,vllm
ttft_p99_ms,1054.29,3726.74,582.57,sglang
tpot_median_ms,58.86,28.44,43.69,vllm
tpot_p99_ms,454.67,1748.75,139.58,sglang
e2e_median_ms,501.29,82.35,145.89,vllm
e2e_p99_ms,1286.76,3790.32,624.09,sglang
throughput_median_tps,3.41,14.34,9.25,vllm
total_output_tokens,1465,1468,1461,vllm
num_requests,992,992,992,
correctness_rate,0.97,0.97,0.97,sglang

long_output
metric,torchinferno,vllm,sglang,winner
ttft_median_ms,201.54,78.19,77.33,sglang
ttft_p99_ms,1227.49,182.08,144.27,sglang
tpot_median_ms,26.42,15.11,24.11,vllm
tpot_p99_ms,54.82,20.29,30.60,vllm
e2e_median_ms,1223.66,642.91,892.93,vllm
e2e_p99_ms,2596.47,1052.32,1729.14,vllm
throughput_median_tps,30.82,57.81,38.81,vllm
total_output_tokens,36715,36715,36715,torchinferno
num_requests,1000,1000,1000,
correctness_rate,1.00,1.00,1.00,torchinferno

Per-Request Raw Data
provider,benchmark,request_idx,ttft_ms,tpot_ms,e2e_latency_ms,output_tokens,throughput_tps,correct
torchinferno,few_shot,0,1306.72,0.00,1313.73,1,0.76,1
torchinferno,few_shot,1,1308.58,0.00,1319.09,1,0.76,1
torchinferno,few_shot,2,1306.01,0.00,1318.51,1,0.76,1
torchinferno,few_shot,3,1302.74,0.00,1318.22,1,0.76,1
torchinferno,few_shot,4,1309.13,19.16,1328.29,2,1.51,1
torchinferno,few_shot,5,1304.08,21.34,1325.42,2,1.51,1
torchinferno,few_shot,6,1305.99,20.31,1326.30,2,1.51,1
torchinferno,few_shot,7,1311.09,21.77,1332.86,2,1.50,1
torchinferno,few_shot,8,1673.01,0.00,2218.12,1,0.45,1
torchinferno,few_shot,9,1677.76,0.00,2226.95,1,0.45,1
torchinferno,few_shot,10,1683.95,0.00,2227.62,1,0.45,1
torchinferno,few_shot,11,1679.17,0.00,2237.68,1,0.45,1
torchinferno,few_shot,12,1690.56,0.00,2240.00,1,0.45,1
torchinferno,few_shot,13,1681.38,0.00,2234.83,1,0.45,1
torchinferno,few_shot,14,1675.26,0.00,2232.72,1,0.45,1
torchinferno,few_shot,15,1687.45,0.00,2245.57,1,0.45,1
torchinferno,few_shot,16,1680.56,0.00,2242.78,1,0.45,1
torchinferno,few_shot,17,1693.99,0.00,2253.75,1,0.44,1
torchinferno,few_shot,18,1675.86,570.21,2246.07,2,0.89,1
torchinferno,few_shot,19,1684.23,562.61,2246.83,2,0.89,1
torchinferno,few_shot,20,2238.06,0.00,2243.37,1,0.45,1
torchinferno,few_shot,21,1680.62,0.00,2250.14,1,0.44,1
torchinferno,few_shot,22,1677.41,0.00,2251.77,1,0.44,1
torchinferno,few_shot,23,1687.46,0.00,2249.17,1,0.44,1
torchinferno,few_shot,24,1696.04,0.00,2259.85,1,0.44,1
torchinferno,few_shot,25,1680.57,0.00,2253.22,1,0.44,1
torchinferno,few_shot,26,1684.50,575.63,2260.13,2,0.88,1
torchinferno,few_shot,27,1680.43,582.63,2263.06,2,0.88,1
torchinferno,few_shot,28,1684.41,0.00,2256.76,1,0.44,1
torchinferno,few_shot,29,1680.06,0.00,2259.79,1,0.44,1
torchinferno,few_shot,30,1675.84,583.76,2259.60,2,0.89,1
torchinferno,few_shot,31,1688.64,0.00,2262.80,1,0.44,1
torchinferno,few_shot,32,962.73,0.00,963.00,1,1.04,1
torchinferno,few_shot,33,1685.08,598.37,2283.45,2,0.88,1
torchinferno,few_shot,34,948.41,0.00,973.72,1,1.03,1
torchinferno,few_shot,35,1686.79,0.00,2302.50,1,0.43,1
torchinferno,few_shot,36,1687.47,609.02,2296.49,2,0.87,1
torchinferno,few_shot,37,1688.46,623.67,2312.13,2,0.87,1
torchinferno,few_shot,38,1681.92,617.94,2299.85,2,0.87,1
torchinferno,few_shot,39,1679.37,627.49,2306.86,2,0.87,1
torchinferno,few_shot,40,1676.05,0.00,2302.99,1,0.43,1
torchinferno,few_shot,41,2226.67,76.02,2302.69,2,0.87,1
torchinferno,few_shot,42,1676.05,634.01,2310.05,2,0.87,1
torchinferno,few_shot,43,911.04,0.00,996.75,1,1.00,1
torchinferno,few_shot,44,1682.06,633.53,2315.59,2,0.86,1
torchinferno,few_shot,45,1689.64,625.89,2315.53,2,0.86,1
torchinferno,few_shot,46,2222.85,85.70,2308.55,2,0.87,1
torchinferno,few_shot,47,1694.15,627.73,2321.87,2,0.86,1
torchinferno,few_shot,48,1688.75,0.00,2315.63,1,0.43,1
torchinferno,few_shot,49,1676.64,639.45,2316.09,2,0.86,1
torchinferno,few_shot,50,2219.66,95.04,2314.70,2,0.86,1
torchinferno,few_shot,51,1677.75,644.16,2321.91,2,0.86,1
torchinferno,few_shot,52,2218.53,0.00,2315.10,1,0.43,1
torchinferno,few_shot,53,1681.83,0.00,2316.72,1,0.43,1
torchinferno,few_shot,54,1680.40,638.68,2319.08,2,0.86,1
torchinferno,few_shot,55,1680.57,0.00,2324.72,1,0.43,1
torchinferno,few_shot,56,1678.09,0.00,2322.98,1,0.43,1
torchinferno,few_shot,57,1684.68,0.00,2325.56,1,0.43,1
torchinferno,few_shot,58,1681.58,0.00,2326.02,1,0.43,1
torchinferno,few_shot,59,2237.07,84.47,2321.53,2,0.86,1
torchinferno,few_shot,60,1685.24,642.65,2327.89,2,0.86,1
torchinferno,few_shot,61,2218.89,105.53,2324.42,2,0.86,1
torchinferno,few_shot,62,1691.32,641.50,2332.82,2,0.86,1
torchinferno,few_shot,63,1676.99,657.27,2334.27,2,0.86,1
torchinferno,few_shot,64,1680.26,649.69,2329.95,2,0.86,1
torchinferno,few_shot,65,2262.16,65.72,2327.88,2,0.86,1
torchinferno,few_shot,66,1679.41,650.83,2330.24,2,0.86,1
torchinferno,few_shot,67,1149.50,0.00,1161.83,1,0.86,1
torchinferno,few_shot,68,1142.12,0.00,1154.81,1,0.87,1
torchinferno,few_shot,69,1142.51,0.00,1157.71,1,0.86,1
torchinferno,few_shot,70,1138.41,0.00,1154.12,1,0.87,1
torchinferno,few_shot,71,1140.07,183.56,1323.63,2,1.51,1
torchinferno,few_shot,72,471.65,0.00,509.07,1,1.96,1
torchinferno,few_shot,73,470.17,0.00,520.32,1,1.92,1
torchinferno,few_shot,74,460.44,0.00,511.70,1,1.95,1
torchinferno,few_shot,75,473.91,0.00,528.84,1,1.89,1
torchinferno,few_shot,76,495.59,0.00,552.92,1,1.81,1
torchinferno,few_shot,77,416.95,0.00,473.96,1,2.11,1
torchinferno,few_shot,78,408.79,0.00,460.36,1,2.17,1
torchinferno,few_shot,79,403.61,0.00,459.48,1,2.18,1
torchinferno,few_shot,80,423.70,51.46,475.15,2,4.21,1
torchinferno,few_shot,81,415.40,0.00,468.36,1,2.14,1
torchinferno,few_shot,82,420.02,0.00,475.26,1,2.10,1
torchinferno,few_shot,83,482.18,67.40,549.58,2,3.64,1
torchinferno,few_shot,84,466.13,0.00,539.23,1,1.85,1
torchinferno,few_shot,85,441.70,0.00,465.07,1,2.15,1
torchinferno,few_shot,86,384.42,0.00,459.22,1,2.18,1
torchinferno,few_shot,87,491.46,67.61,559.07,2,3.58,1
torchinferno,few_shot,88,482.46,0.00,555.68,1,1.80,1
torchinferno,few_shot,89,469.00,0.00,544.76,1,1.84,1
torchinferno,few_shot,90,416.20,0.00,485.22,1,2.06,1
torchinferno,few_shot,91,498.05,70.77,568.82,2,3.52,1
torchinferno,few_shot,92,476.24,0.00,552.72,1,1.81,1
torchinferno,few_shot,93,459.20,21.31,480.51,2,4.16,1
torchinferno,few_shot,94,316.70,0.00,332.20,1,3.01,1
torchinferno,few_shot,95,414.46,81.60,496.05,2,4.03,1
torchinferno,few_shot,96,464.46,16.01,480.48,2,4.16,1
torchinferno,few_shot,97,431.23,0.00,511.18,1,1.96,1
torchinferno,few_shot,98,489.99,0.00,577.85,1,1.73,1
torchinferno,few_shot,99,414.08,84.05,498.13,2,4.01,1
torchinferno,few_shot,100,481.06,5.39,486.45,2,4.11,1
torchinferno,few_shot,101,483.08,0.00,483.45,1,2.07,1
torchinferno,few_shot,102,476.54,10.51,487.05,2,4.11,1
torchinferno,few_shot,103,466.72,92.36,559.08,2,3.58,1
torchinferno,few_shot,104,413.85,0.00,513.88,1,1.95,1
torchinferno,few_shot,105,442.38,0.00,498.71,1,2.01,1
torchinferno,few_shot,106,476.89,101.09,577.98,2,3.46,1
torchinferno,few_shot,107,488.82,109.08,597.90,2,3.35,1
torchinferno,few_shot,108,464.51,105.93,570.44,2,3.51,1
torchinferno,few_shot,109,449.14,0.00,499.86,1,2.00,1
torchinferno,few_shot,110,416.58,113.40,529.98,2,3.77,1
torchinferno,few_shot,111,436.28,104.57,540.85,2,3.70,1
torchinferno,few_shot,112,478.46,0.00,593.04,1,1.69,1
torchinferno,few_shot,113,466.57,0.00,575.15,1,1.74,1
torchinferno,few_shot,114,455.58,60.67,516.25,2,3.87,1
torchinferno,few_shot,115,417.10,115.78,532.88,2,3.75,1
torchinferno,few_shot,116,406.06,0.00,520.66,1,1.92,1
torchinferno,few_shot,117,446.51,0.00,573.35,1,1.74,1
torchinferno,few_shot,118,419.11,0.00,538.85,1,1.86,1
torchinferno,few_shot,119,342.46,29.33,371.79,2,5.38,1
torchinferno,few_shot,120,481.63,0.00,562.30,1,1.78,1
torchinferno,few_shot,121,434.34,0.00,563.37,1,1.78,1
torchinferno,few_shot,122,300.21,0.00,375.09,1,2.67,1
torchinferno,few_shot,123,461.64,130.29,591.94,2,3.38,1
torchinferno,few_shot,124,428.56,0.00,552.91,1,1.81,1
torchinferno,few_shot,125,408.24,129.95,538.19,2,3.72,1
torchinferno,few_shot,126,470.18,142.20,612.38,2,3.27,1
torchinferno,few_shot,127,494.48,130.19,624.66,2,3.20,1
torchinferno,few_shot,128,490.55,0.00,631.65,1,1.58,1
torchinferno,few_shot,129,472.01,0.00,606.63,1,1.65,1
torchinferno,few_shot,130,405.18,142.68,547.86,2,3.65,1
torchinferno,few_shot,131,401.62,0.00,549.31,1,1.82,1
torchinferno,few_shot,132,403.78,144.17,547.94,2,3.65,1
torchinferno,few_shot,133,457.53,84.82,542.36,2,3.69,1
torchinferno,few_shot,134,528.20,0.00,539.92,1,1.85,1
torchinferno,few_shot,135,359.57,120.79,480.37,2,4.16,1
torchinferno,few_shot,136,369.67,0.00,406.42,1,2.46,1
torchinferno,few_shot,137,362.69,0.00,413.17,1,2.42,1
torchinferno,few_shot,138,408.23,0.00,445.24,1,2.25,1
torchinferno,few_shot,139,398.28,0.00,440.89,1,2.27,1
torchinferno,few_shot,140,417.74,0.00,476.82,1,2.10,1
torchinferno,few_shot,141,437.36,0.00,490.98,1,2.04,1
torchinferno,few_shot,142,384.27,0.00,438.23,1,2.28,1
torchinferno,few_shot,143,372.66,0.00,425.81,1,2.35,1
torchinferno,few_shot,144,383.83,64.37,448.20,2,4.46,1
torchinferno,few_shot,145,429.60,66.23,495.83,2,4.03,1
torchinferno,few_shot,146,432.15,0.00,494.20,1,2.02,1
torchinferno,few_shot,147,405.61,74.17,479.78,2,4.17,1
torchinferno,few_shot,148,451.82,0.00,452.17,1,2.21,1
torchinferno,few_shot,149,355.18,63.05,418.23,2,4.78,1
torchinferno,few_shot,150,396.80,26.28,423.08,2,4.73,1
torchinferno,few_shot,151,398.13,0.00,474.77,1,2.11,1
torchinferno,few_shot,152,368.34,0.00,434.47,1,2.30,1
torchinferno,few_shot,153,393.35,0.00,420.01,1,2.38,1
torchinferno,few_shot,154,485.03,0.56,485.59,2,4.12,1
torchinferno,few_shot,155,338.59,86.27,424.86,2,4.71,1
torchinferno,few_shot,156,352.17,89.33,441.49,2,4.53,1
torchinferno,few_shot,157,419.76,78.50,498.26,2,4.01,1
torchinferno,few_shot,158,431.03,82.39,513.42,2,3.90,1
torchinferno,few_shot,159,345.89,0.00,427.47,1,2.34,1
torchinferno,few_shot,160,372.98,86.67,459.65,2,4.35,1
torchinferno,few_shot,161,392.99,91.03,484.03,2,4.13,1
torchinferno,few_shot,162,402.64,0.00,495.22,1,2.02,1
torchinferno,few_shot,163,378.07,84.48,462.55,2,4.32,1
torchinferno,few_shot,164,420.01,95.87,515.87,2,3.88,1
torchinferno,few_shot,165,386.81,95.72,482.54,2,4.14,1
torchinferno,few_shot,166,355.57,104.43,460.00,2,4.35,1
torchinferno,few_shot,167,374.33,99.67,474.00,2,4.22,1
torchinferno,few_shot,168,391.14,0.00,497.84,1,2.01,1
torchinferno,few_shot,169,426.80,47.78,522.36,3,5.74,0
torchinferno,few_shot,170,359.11,0.00,454.28,1,2.20,1
torchinferno,few_shot,171,351.11,0.00,447.77,1,2.23,1
torchinferno,few_shot,172,473.16,50.83,523.99,2,3.82,1
torchinferno,few_shot,173,385.94,0.00,448.53,1,2.23,1
torchinferno,few_shot,174,430.81,0.00,551.11,1,1.81,1
torchinferno,few_shot,175,361.56,114.90,476.46,2,4.20,1
torchinferno,few_shot,176,401.18,122.89,524.07,2,3.82,1
torchinferno,few_shot,177,354.57,0.00,462.81,1,2.16,1
torchinferno,few_shot,178,412.24,117.41,529.65,2,3.78,1
torchinferno,few_shot,179,408.59,0.00,530.33,1,1.89,1
torchinferno,few_shot,180,479.45,0.00,479.71,1,2.08,1
torchinferno,few_shot,181,409.79,0.00,529.90,1,1.89,1
torchinferno,few_shot,182,435.38,126.45,561.83,2,3.56,1
torchinferno,few_shot,183,387.95,76.52,464.48,2,4.31,1
torchinferno,few_shot,184,397.60,0.00,531.01,1,1.88,1
torchinferno,few_shot,185,435.83,128.41,564.24,2,3.54,1
torchinferno,few_shot,186,443.66,0.00,528.04,1,1.89,1
torchinferno,few_shot,187,433.99,0.00,516.45,1,1.94,1
torchinferno,few_shot,188,404.81,128.33,533.15,2,3.75,1
torchinferno,few_shot,189,356.89,0.00,490.99,1,2.04,1
torchinferno,few_shot,190,432.06,0.00,526.46,1,1.90,1
torchinferno,few_shot,191,425.43,90.90,516.34,2,3.87,1
torchinferno,few_shot,192,354.67,138.64,493.31,2,4.05,1
torchinferno,few_shot,193,559.77,0.00,560.25,1,1.78,1
torchinferno,few_shot,194,408.71,0.00,513.03,1,1.95,1
torchinferno,few_shot,195,225.67,0.00,231.23,1,4.32,1
torchinferno,few_shot,196,443.15,0.00,597.72,1,1.67,1
torchinferno,few_shot,197,386.76,158.00,544.76,2,3.67,1
torchinferno,few_shot,198,430.67,176.57,607.25,2,3.29,1
torchinferno,few_shot,199,302.78,139.03,441.80,2,4.53,1
torchinferno,few_shot,200,259.00,0.00,306.50,1,3.26,1
torchinferno,few_shot,201,204.40,0.00,250.57,1,3.99,1
torchinferno,few_shot,202,255.03,0.00,304.72,1,3.28,1
torchinferno,few_shot,203,274.88,0.00,329.16,1,3.04,1
torchinferno,few_shot,204,257.06,0.00,300.15,1,3.33,1
torchinferno,few_shot,205,237.49,0.00,295.78,1,3.38,1
torchinferno,few_shot,206,196.51,0.00,248.63,1,4.02,1
torchinferno,few_shot,207,248.64,0.00,296.88,1,3.37,1
torchinferno,few_shot,208,264.30,0.00,315.88,1,3.17,1
torchinferno,few_shot,209,234.29,0.00,285.59,1,3.50,1
torchinferno,few_shot,210,236.75,0.00,303.66,1,3.29,1
torchinferno,few_shot,211,240.38,61.43,301.81,2,6.63,1
torchinferno,few_shot,212,221.37,0.00,279.85,1,3.57,1
torchinferno,few_shot,213,258.94,0.00,330.59,1,3.02,1
torchinferno,few_shot,214,262.17,0.00,326.08,1,3.07,1
torchinferno,few_shot,215,204.04,0.00,275.05,1,3.64,1
torchinferno,few_shot,216,245.78,0.00,256.23,1,3.90,1
torchinferno,few_shot,217,273.62,0.00,350.63,1,2.85,1
torchinferno,few_shot,218,247.63,71.19,318.82,2,6.27,1
torchinferno,few_shot,219,213.15,72.27,285.42,2,7.01,1
torchinferno,few_shot,220,215.59,79.47,295.06,2,6.78,1
torchinferno,few_shot,221,265.44,0.00,355.49,1,2.81,1
torchinferno,few_shot,222,198.22,77.01,275.22,2,7.27,1
torchinferno,few_shot,223,240.63,0.00,332.55,1,3.01,1
torchinferno,few_shot,224,241.43,0.00,319.38,1,3.13,1
torchinferno,few_shot,225,204.09,85.11,289.19,2,6.92,1
torchinferno,few_shot,226,330.92,0.00,361.25,1,2.77,1
torchinferno,few_shot,227,214.81,0.00,309.15,1,3.23,1
torchinferno,few_shot,228,302.93,0.39,303.32,2,6.59,1
torchinferno,few_shot,229,232.86,93.86,326.72,2,6.12,1
torchinferno,few_shot,230,243.00,100.25,343.25,2,5.83,1
torchinferno,few_shot,231,246.86,49.58,296.44,2,6.75,1
torchinferno,few_shot,232,262.47,102.01,364.47,2,5.49,1
torchinferno,few_shot,233,281.78,0.00,297.14,1,3.37,1
torchinferno,few_shot,234,254.13,0.00,366.42,1,2.73,1
torchinferno,few_shot,235,222.36,0.00,327.47,1,3.05,1
torchinferno,few_shot,236,219.09,0.00,272.62,1,3.67,1
torchinferno,few_shot,237,216.32,111.41,327.72,2,6.10,1
torchinferno,few_shot,238,237.06,113.91,350.97,2,5.70,1
torchinferno,few_shot,239,301.22,0.00,341.65,1,2.93,1
torchinferno,few_shot,240,217.05,0.00,336.46,1,2.97,1
torchinferno,few_shot,241,283.57,115.41,398.98,2,5.01,1
torchinferno,few_shot,242,215.79,115.67,331.45,2,6.03,1
torchinferno,few_shot,243,285.53,0.00,404.39,1,2.47,1
torchinferno,few_shot,244,269.81,0.00,389.58,1,2.57,1
torchinferno,few_shot,245,187.45,0.00,302.30,1,3.31,1
torchinferno,few_shot,246,270.65,45.16,315.81,2,6.33,1
torchinferno,few_shot,247,284.29,0.00,412.55,1,2.42,1
torchinferno,few_shot,248,256.17,0.00,380.47,1,2.63,1
torchinferno,few_shot,249,266.92,129.17,396.09,2,5.05,1
torchinferno,few_shot,250,232.67,0.00,356.54,1,2.80,1
torchinferno,few_shot,251,272.07,138.00,410.08,2,4.88,1
torchinferno,few_shot,252,193.70,0.00,331.07,1,3.02,1
torchinferno,few_shot,253,229.68,0.00,371.24,1,2.69,1
torchinferno,few_shot,254,234.63,132.80,367.44,2,5.44,1
torchinferno,few_shot,255,320.63,0.00,329.81,1,3.03,1
torchinferno,few_shot,256,226.06,0.00,366.10,1,2.73,1
torchinferno,few_shot,257,243.98,0.00,342.33,1,2.92,1
torchinferno,few_shot,258,301.21,0.00,396.25,1,2.52,1
torchinferno,few_shot,259,316.27,17.83,334.10,2,5.99,1
torchinferno,few_shot,260,221.04,104.99,326.04,2,6.13,1
torchinferno,few_shot,261,266.78,89.61,356.39,2,5.61,1
torchinferno,few_shot,262,214.12,0.00,515.81,1,1.94,1
torchinferno,few_shot,263,277.62,418.40,696.02,2,2.87,1
torchinferno,few_shot,264,523.53,0.00,557.31,1,1.79,1
torchinferno,few_shot,265,484.84,0.00,532.12,1,1.88,1
torchinferno,few_shot,266,503.36,0.00,558.51,1,1.79,1
torchinferno,few_shot,267,545.95,0.00,592.76,1,1.69,1
torchinferno,few_shot,268,524.24,0.00,575.32,1,1.74,1
torchinferno,few_shot,269,581.42,0.00,628.17,1,1.59,1
torchinferno,few_shot,270,564.93,0.00,627.26,1,1.59,1
torchinferno,few_shot,271,512.16,0.00,571.24,1,1.75,1
torchinferno,few_shot,272,526.01,0.00,577.67,1,1.73,1
torchinferno,few_shot,273,528.50,0.00,594.93,1,1.68,1
torchinferno,few_shot,274,553.28,0.00,619.94,1,1.61,1
torchinferno,few_shot,275,504.67,0.00,566.22,1,1.77,1
torchinferno,few_shot,276,550.19,0.00,550.47,1,1.82,1
torchinferno,few_shot,277,539.11,0.00,606.54,1,1.65,1
torchinferno,few_shot,278,486.27,0.00,560.94,1,1.78,1
torchinferno,few_shot,279,542.81,77.64,620.44,2,3.22,0
torchinferno,few_shot,280,554.13,0.00,628.16,1,1.59,1
torchinferno,few_shot,281,569.29,74.41,643.70,2,3.11,1
torchinferno,few_shot,282,546.92,81.80,628.72,2,3.18,1
torchinferno,few_shot,283,550.47,0.00,621.81,1,1.61,1
torchinferno,few_shot,284,552.93,5.10,558.03,2,3.58,0
torchinferno,few_shot,285,566.76,0.00,648.44,1,1.54,1
torchinferno,few_shot,286,526.25,77.79,604.04,2,3.31,1
torchinferno,few_shot,287,526.15,0.00,565.96,1,1.77,1
torchinferno,few_shot,288,533.50,78.51,612.01,2,3.27,1
torchinferno,few_shot,289,568.10,21.23,589.33,2,3.39,1
torchinferno,few_shot,290,568.89,0.00,654.81,1,1.53,1
torchinferno,few_shot,291,583.61,90.33,673.94,2,2.97,1
torchinferno,few_shot,292,539.12,91.49,630.61,2,3.17,1
torchinferno,few_shot,293,535.96,0.00,625.84,1,1.60,1
torchinferno,few_shot,294,555.51,95.43,650.94,2,3.07,1
torchinferno,few_shot,295,602.80,0.00,656.99,1,1.52,1
torchinferno,few_shot,296,545.63,103.91,649.53,2,3.08,1
torchinferno,few_shot,297,563.03,52.24,615.27,2,3.25,1
torchinferno,few_shot,298,576.28,0.00,682.44,1,1.47,1
torchinferno,few_shot,299,504.15,0.00,603.64,1,1.66,1
torchinferno,few_shot,300,525.62,108.65,634.27,2,3.15,1
torchinferno,few_shot,301,491.53,0.00,597.25,1,1.67,1
torchinferno,few_shot,302,529.81,112.21,642.02,2,3.12,1
torchinferno,few_shot,303,581.87,0.00,582.14,1,1.72,1
torchinferno,few_shot,304,544.65,0.00,659.81,1,1.52,1
torchinferno,few_shot,305,679.44,0.25,680.18,4,5.88,1
torchinferno,few_shot,306,515.08,112.19,627.27,2,3.19,1
torchinferno,few_shot,307,543.21,58.38,659.97,3,4.55,1
torchinferno,few_shot,308,588.62,0.00,596.57,1,1.68,1
torchinferno,few_shot,309,566.08,0.00,640.38,1,1.56,1
torchinferno,few_shot,310,533.46,0.00,659.02,1,1.52,1
torchinferno,few_shot,311,593.03,13.26,606.29,2,3.30,1
torchinferno,few_shot,312,581.57,131.36,712.93,2,2.81,1
torchinferno,few_shot,313,549.65,136.24,685.89,2,2.92,1
torchinferno,few_shot,314,588.96,26.82,615.78,2,3.25,1
torchinferno,few_shot,315,546.35,0.00,674.93,1,1.48,1
torchinferno,few_shot,316,558.25,0.00,647.83,1,1.54,1
torchinferno,few_shot,317,502.60,141.91,644.51,2,3.10,1
torchinferno,few_shot,318,499.81,0.00,634.34,1,1.58,1
torchinferno,few_shot,319,501.10,144.47,645.58,2,3.10,1
torchinferno,few_shot,320,573.60,0.00,715.51,1,1.40,1
torchinferno,few_shot,321,485.92,147.50,633.42,2,3.16,1
torchinferno,few_shot,322,502.48,0.00,645.13,1,1.55,1
torchinferno,few_shot,323,518.27,0.00,666.63,1,1.50,1
torchinferno,few_shot,324,566.28,99.63,665.91,2,3.00,1
torchinferno,few_shot,325,571.42,41.83,822.39,7,8.51,0
torchinferno,few_shot,326,276.96,0.00,315.20,1,3.17,1
torchinferno,few_shot,327,248.28,0.00,289.47,1,3.45,1
torchinferno,few_shot,328,177.72,0.00,230.88,1,4.33,1
torchinferno,few_shot,329,234.05,0.00,283.53,1,3.53,1
torchinferno,few_shot,330,218.50,0.00,272.19,1,3.67,1
torchinferno,few_shot,331,267.49,0.00,326.23,1,3.07,1
torchinferno,few_shot,332,280.15,0.00,335.32,1,2.98,1
torchinferno,few_shot,333,507.21,0.00,573.69,1,1.74,1
torchinferno,few_shot,334,214.29,0.00,267.70,1,3.74,1
torchinferno,few_shot,335,262.41,0.00,262.73,1,3.81,1
torchinferno,few_shot,336,244.38,0.00,308.74,1,3.24,1
torchinferno,few_shot,337,253.33,0.00,268.90,1,3.72,1
torchinferno,few_shot,338,219.76,77.05,296.81,2,6.74,1
torchinferno,few_shot,339,204.29,0.00,282.95,1,3.53,1
torchinferno,few_shot,340,259.39,0.00,331.84,1,3.01,1
torchinferno,few_shot,341,316.79,0.00,322.11,1,3.10,1
torchinferno,few_shot,342,256.65,73.42,330.07,2,6.06,1
torchinferno,few_shot,343,186.24,81.12,267.37,2,7.48,1
torchinferno,few_shot,344,235.62,83.93,319.56,2,6.26,1
torchinferno,few_shot,345,257.33,80.80,338.13,2,5.91,1
torchinferno,few_shot,346,274.59,0.00,351.63,1,2.84,1
torchinferno,few_shot,347,202.83,0.00,280.34,1,3.57,1
torchinferno,few_shot,348,268.91,91.89,360.80,2,5.54,1
torchinferno,few_shot,349,281.32,87.91,369.23,2,5.42,1
torchinferno,few_shot,350,223.18,0.00,304.57,1,3.28,1
torchinferno,few_shot,351,242.63,45.48,288.11,2,6.94,1
torchinferno,few_shot,352,219.51,37.30,256.81,2,7.79,1
torchinferno,few_shot,353,256.16,0.00,281.75,1,3.55,1
torchinferno,few_shot,354,271.23,0.00,325.72,1,3.07,1
torchinferno,few_shot,355,228.82,0.00,322.55,1,3.10,1
torchinferno,few_shot,356,265.74,102.38,368.12,2,5.43,1
torchinferno,few_shot,357,169.27,101.42,270.69,2,7.39,1
torchinferno,few_shot,358,223.01,98.36,321.37,2,6.22,0
torchinferno,few_shot,359,272.71,0.00,370.94,1,2.70,1
torchinferno,few_shot,360,234.22,103.08,337.30,2,5.93,1
torchinferno,few_shot,361,224.38,0.00,331.97,1,3.01,1
torchinferno,few_shot,362,227.41,110.94,338.35,2,5.91,1
torchinferno,few_shot,363,217.18,0.00,324.04,1,3.09,1
torchinferno,few_shot,364,226.82,0.00,291.40,1,3.43,1
torchinferno,few_shot,365,249.97,0.00,363.54,1,2.75,1
torchinferno,few_shot,366,249.44,108.02,357.46,2,5.60,1
torchinferno,few_shot,367,223.33,114.19,337.52,2,5.93,1
torchinferno,few_shot,368,196.89,0.00,311.09,1,3.21,1
torchinferno,few_shot,369,305.30,0.00,381.44,1,2.62,1
torchinferno,few_shot,370,257.70,126.81,384.51,2,5.20,1
torchinferno,few_shot,371,204.09,0.00,324.59,1,3.08,1
torchinferno,few_shot,372,224.63,123.72,348.35,2,5.74,1
torchinferno,few_shot,373,326.26,0.00,397.19,1,2.52,1
torchinferno,few_shot,374,243.09,122.92,366.01,2,5.46,1
torchinferno,few_shot,375,202.45,0.00,338.79,1,2.95,1
torchinferno,few_shot,376,253.99,134.32,388.30,2,5.15,1
torchinferno,few_shot,377,367.34,0.00,382.83,1,2.61,1
torchinferno,few_shot,378,236.17,77.47,313.64,2,6.38,1
torchinferno,few_shot,379,200.67,143.26,343.93,2,5.82,1
torchinferno,few_shot,380,241.08,0.00,375.73,1,2.66,1
torchinferno,few_shot,381,263.02,145.77,408.79,2,4.89,1
torchinferno,few_shot,382,310.63,0.00,335.46,1,2.98,1
torchinferno,few_shot,383,397.60,0.00,552.65,1,1.81,1
torchinferno,few_shot,384,282.95,152.16,435.11,2,4.60,1
torchinferno,few_shot,385,237.78,99.20,336.98,2,5.94,1
torchinferno,few_shot,386,237.65,55.57,404.36,4,9.89,0
torchinferno,few_shot,387,199.24,71.80,486.45,5,10.28,1
torchinferno,few_shot,388,258.91,0.00,298.03,1,3.36,1
torchinferno,few_shot,389,300.87,0.00,350.80,1,2.85,1
torchinferno,few_shot,390,310.39,0.00,346.60,1,2.89,1
torchinferno,few_shot,391,246.47,0.00,285.71,1,3.50,1
torchinferno,few_shot,392,277.43,0.00,332.67,1,3.01,1
torchinferno,few_shot,393,311.84,0.00,363.20,1,2.75,1
torchinferno,few_shot,394,555.00,0.00,609.76,1,1.64,1
torchinferno,few_shot,395,302.48,0.00,357.90,1,2.79,1
torchinferno,few_shot,396,312.15,0.00,312.47,1,3.20,1
torchinferno,few_shot,397,226.90,0.00,296.44,1,3.37,1
torchinferno,few_shot,398,449.89,58.28,508.17,2,3.94,1
torchinferno,few_shot,399,281.44,67.15,348.58,2,5.74,1
torchinferno,few_shot,400,255.52,71.17,326.69,2,6.12,1
torchinferno,few_shot,401,314.18,62.25,376.43,2,5.31,1
torchinferno,few_shot,402,295.81,0.00,375.63,1,2.66,1
torchinferno,few_shot,403,274.21,0.00,351.68,1,2.84,1
torchinferno,few_shot,404,276.47,0.00,353.88,1,2.83,1
torchinferno,few_shot,405,287.33,78.57,365.89,2,5.47,1
torchinferno,few_shot,406,230.36,0.00,303.65,1,3.29,1
torchinferno,few_shot,407,281.86,75.30,357.15,2,5.60,1
torchinferno,few_shot,408,224.78,84.57,309.35,2,6.47,1
torchinferno,few_shot,409,289.72,5.12,294.84,2,6.78,1
torchinferno,few_shot,410,294.79,0.00,376.28,1,2.66,1
torchinferno,few_shot,411,346.50,0.00,346.78,1,2.88,1
torchinferno,few_shot,412,294.37,0.00,373.24,1,2.68,1
torchinferno,few_shot,413,319.58,84.91,404.49,2,4.94,0
torchinferno,few_shot,414,303.22,0.00,401.40,1,2.49,1
torchinferno,few_shot,415,298.72,42.65,341.37,2,5.86,1
torchinferno,few_shot,416,286.57,0.00,386.72,1,2.59,1
torchinferno,few_shot,417,243.18,89.32,332.51,2,6.01,1
torchinferno,few_shot,418,242.36,101.27,343.63,2,5.82,1
torchinferno,few_shot,419,231.29,0.00,331.84,1,3.01,1
torchinferno,few_shot,420,371.02,0.00,386.56,1,2.59,1
torchinferno,few_shot,421,325.92,0.00,372.28,1,2.69,1
torchinferno,few_shot,422,228.12,99.86,327.97,2,6.10,1
torchinferno,few_shot,423,322.95,0.00,353.48,1,2.83,1
torchinferno,few_shot,424,294.99,25.68,320.67,2,6.24,1
torchinferno,few_shot,425,238.33,110.97,349.30,2,5.73,1
torchinferno,few_shot,426,326.72,0.00,426.77,1,2.34,1
torchinferno,few_shot,427,241.29,109.76,351.05,2,5.70,1
torchinferno,few_shot,428,322.13,0.00,387.91,1,2.58,1
torchinferno,few_shot,429,347.05,40.70,387.75,2,5.16,1
torchinferno,few_shot,430,263.79,112.61,376.40,2,5.31,0
torchinferno,few_shot,431,273.24,112.46,385.70,2,5.19,1
torchinferno,few_shot,432,284.37,0.00,400.53,1,2.50,1
torchinferno,few_shot,433,298.07,118.16,416.23,2,4.81,1
torchinferno,few_shot,434,321.38,0.00,321.64,1,3.11,1
torchinferno,few_shot,435,324.64,67.19,391.83,2,5.10,1
torchinferno,few_shot,436,225.87,129.01,354.88,2,5.64,1
torchinferno,few_shot,437,268.66,121.58,390.24,2,5.13,1
torchinferno,few_shot,438,260.47,129.70,390.17,2,5.13,1
torchinferno,few_shot,439,221.12,131.59,352.72,2,5.67,0
torchinferno,few_shot,440,259.93,0.00,386.51,1,2.59,1
torchinferno,few_shot,441,244.50,124.69,369.18,2,5.42,1
torchinferno,few_shot,442,262.47,0.00,393.10,1,2.54,1
torchinferno,few_shot,443,323.28,0.00,460.49,1,2.17,1
torchinferno,few_shot,444,269.71,0.00,406.48,1,2.46,1
torchinferno,few_shot,445,318.80,0.00,358.27,1,2.79,1
torchinferno,few_shot,446,350.91,10.95,361.87,2,5.53,1
torchinferno,few_shot,447,246.56,154.46,401.02,2,4.99,1
torchinferno,few_shot,448,359.19,0.00,369.33,1,2.71,1
torchinferno,few_shot,449,243.29,149.45,392.73,2,5.09,1
torchinferno,few_shot,450,298.88,156.77,455.66,2,4.39,1
torchinferno,few_shot,451,211.59,113.10,324.70,2,6.16,1
torchinferno,few_shot,452,252.05,0.00,284.95,1,3.51,1
torchinferno,few_shot,453,263.49,0.00,304.42,1,3.28,1
torchinferno,few_shot,454,236.23,0.00,280.62,1,3.56,1
torchinferno,few_shot,455,270.64,0.00,312.08,1,3.20,1
torchinferno,few_shot,456,256.95,0.00,301.38,1,3.32,1
torchinferno,few_shot,457,266.87,0.00,324.07,1,3.09,1
torchinferno,few_shot,458,248.68,0.00,306.30,1,3.26,1
torchinferno,few_shot,459,264.07,0.00,313.25,1,3.19,1
torchinferno,few_shot,460,275.15,0.00,337.94,1,2.96,1
torchinferno,few_shot,461,281.20,0.00,342.09,1,2.92,1
torchinferno,few_shot,462,263.23,0.00,319.14,1,3.13,1
torchinferno,few_shot,463,224.70,0.00,230.03,1,4.35,1
torchinferno,few_shot,464,249.80,0.00,267.41,1,3.74,1
torchinferno,few_shot,465,267.08,0.00,281.49,1,3.55,1
torchinferno,few_shot,466,180.50,61.59,242.10,2,8.26,1
torchinferno,few_shot,467,256.83,0.00,326.59,1,3.06,1
torchinferno,few_shot,468,299.42,0.00,304.68,1,3.28,1
torchinferno,few_shot,469,279.13,0.00,348.24,1,2.87,1
torchinferno,few_shot,470,224.21,73.29,297.50,2,6.72,1
torchinferno,few_shot,471,215.36,81.96,297.32,2,6.73,1
torchinferno,few_shot,472,216.55,86.07,302.63,2,6.61,1
torchinferno,few_shot,473,242.91,0.00,333.48,1,3.00,1
torchinferno,few_shot,474,219.56,0.00,309.76,1,3.23,1
torchinferno,few_shot,475,266.45,82.73,349.19,2,5.73,1
torchinferno,few_shot,476,198.42,84.14,282.56,2,7.08,1
torchinferno,few_shot,477,195.88,0.00,282.91,1,3.53,1
torchinferno,few_shot,478,293.40,28.96,322.36,2,6.20,1
torchinferno,few_shot,479,249.36,99.42,348.79,2,5.73,1
torchinferno,few_shot,480,227.60,0.00,329.66,1,3.03,1
torchinferno,few_shot,481,235.48,98.44,333.92,2,5.99,1
torchinferno,few_shot,482,243.07,104.62,347.69,2,5.75,1
torchinferno,few_shot,483,223.47,0.00,323.81,1,3.09,1
torchinferno,few_shot,484,285.34,0.00,300.85,1,3.32,1
torchinferno,few_shot,485,256.32,56.23,312.55,2,6.40,1
torchinferno,few_shot,486,230.65,0.00,281.86,1,3.55,1
torchinferno,few_shot,487,274.18,0.00,388.78,1,2.57,1
torchinferno,few_shot,488,178.90,109.08,287.98,2,6.94,1
torchinferno,few_shot,489,237.19,113.12,350.32,2,5.71,1
torchinferno,few_shot,490,202.54,109.79,312.33,2,6.40,1
torchinferno,few_shot,491,207.84,114.35,322.18,2,6.21,1
torchinferno,few_shot,492,224.20,68.28,292.47,2,6.84,1
torchinferno,few_shot,493,190.42,0.00,312.81,1,3.20,1
torchinferno,few_shot,494,279.22,114.37,393.58,2,5.08,1
torchinferno,few_shot,495,187.93,119.13,307.06,2,6.51,1
torchinferno,few_shot,496,304.57,29.37,333.93,2,5.99,1
torchinferno,few_shot,497,230.66,0.00,349.77,1,2.86,1
torchinferno,few_shot,498,238.91,133.02,371.93,2,5.38,1
torchinferno,few_shot,499,196.41,130.78,327.19,2,6.11,1
torchinferno,few_shot,500,245.28,121.41,366.70,2,5.45,1
torchinferno,few_shot,501,285.75,75.98,361.73,2,5.53,1
torchinferno,few_shot,502,338.27,0.67,338.94,2,5.90,0
torchinferno,few_shot,503,186.23,131.75,317.97,2,6.29,1
torchinferno,few_shot,504,271.22,0.00,413.29,1,2.42,1
torchinferno,few_shot,505,219.31,0.00,362.40,1,2.76,1
torchinferno,few_shot,506,201.52,0.00,343.97,1,2.91,1
torchinferno,few_shot,507,247.50,138.97,386.47,2,5.17,1
torchinferno,few_shot,508,225.74,0.00,331.27,1,3.02,1
torchinferno,few_shot,509,235.24,139.20,374.44,2,5.34,1
torchinferno,few_shot,510,241.66,147.05,388.70,2,5.15,1
torchinferno,few_shot,511,218.61,143.47,362.08,2,5.52,1
torchinferno,few_shot,512,225.93,154.05,379.98,2,5.26,1
torchinferno,few_shot,513,233.97,104.35,338.32,2,5.91,1
torchinferno,few_shot,514,224.02,0.00,272.92,1,3.66,1
torchinferno,few_shot,515,311.29,181.10,492.38,2,4.06,0
torchinferno,few_shot,516,323.18,0.00,369.35,1,2.71,1
torchinferno,few_shot,517,235.16,0.00,280.37,1,3.57,1
torchinferno,few_shot,518,291.39,0.00,344.27,1,2.90,1
torchinferno,few_shot,519,292.56,0.00,349.35,1,2.86,1
torchinferno,few_shot,520,268.46,0.00,316.31,1,3.16,1
torchinferno,few_shot,521,274.06,0.00,333.98,1,2.99,1
torchinferno,few_shot,522,254.75,0.00,314.05,1,3.18,1
torchinferno,few_shot,523,320.99,0.00,378.51,1,2.64,1
torchinferno,few_shot,524,288.92,0.00,345.66,1,2.89,1
torchinferno,few_shot,525,313.45,0.00,370.97,1,2.70,1
torchinferno,few_shot,526,257.51,65.08,322.58,2,6.20,1
torchinferno,few_shot,527,259.01,0.00,317.27,1,3.15,1
torchinferno,few_shot,528,317.50,65.72,383.22,2,5.22,1
torchinferno,few_shot,529,312.95,0.00,386.67,1,2.59,1
torchinferno,few_shot,530,261.45,75.79,337.24,2,5.93,1
torchinferno,few_shot,531,328.87,76.39,405.26,2,4.94,1
torchinferno,few_shot,532,371.98,0.47,372.44,2,5.37,1
torchinferno,few_shot,533,275.99,0.00,348.03,1,2.87,1
torchinferno,few_shot,534,261.80,69.58,331.38,2,6.04,1
torchinferno,few_shot,535,308.44,0.00,339.97,1,2.94,1
torchinferno,few_shot,536,246.87,79.80,326.67,2,6.12,1
torchinferno,few_shot,537,291.12,0.00,365.29,1,2.74,1
torchinferno,few_shot,538,296.12,81.24,377.37,2,5.30,1
torchinferno,few_shot,539,291.09,0.00,328.75,1,3.04,1
torchinferno,few_shot,540,289.84,0.00,372.25,1,2.69,1
torchinferno,few_shot,541,304.42,90.25,394.67,2,5.07,1
torchinferno,few_shot,542,333.21,5.00,338.21,2,5.91,1
torchinferno,few_shot,543,314.77,86.00,400.77,2,4.99,1
torchinferno,few_shot,544,272.08,98.39,370.47,2,5.40,1
torchinferno,few_shot,545,305.14,0.00,351.75,1,2.84,1
torchinferno,few_shot,546,313.21,0.00,408.94,1,2.45,1
torchinferno,few_shot,547,275.81,95.12,370.93,2,5.39,1
torchinferno,few_shot,548,337.82,0.00,386.94,1,2.58,1
torchinferno,few_shot,549,284.85,95.43,380.28,2,5.26,1
torchinferno,few_shot,550,263.46,0.00,368.73,1,2.71,1
torchinferno,few_shot,551,371.55,0.00,425.53,1,2.35,1
torchinferno,few_shot,552,332.27,106.76,439.03,2,4.56,1
torchinferno,few_shot,553,378.44,0.00,378.71,1,2.64,1
torchinferno,few_shot,554,238.48,106.83,345.31,2,5.79,1
torchinferno,few_shot,555,272.53,0.00,378.73,1,2.64,1
torchinferno,few_shot,556,246.82,113.92,360.74,2,5.54,0
torchinferno,few_shot,557,248.50,0.00,357.14,1,2.80,1
torchinferno,few_shot,558,341.65,107.86,449.50,2,4.45,0
torchinferno,few_shot,559,314.34,118.22,432.55,2,4.62,1
torchinferno,few_shot,560,232.59,0.00,343.83,1,2.91,1
torchinferno,few_shot,561,321.63,0.00,351.64,1,2.84,1
torchinferno,few_shot,562,352.68,0.00,357.41,1,2.80,1
torchinferno,few_shot,563,339.70,0.00,415.90,1,2.40,1
torchinferno,few_shot,564,286.32,0.00,410.22,1,2.44,1
torchinferno,few_shot,565,231.45,128.28,359.73,2,5.56,1
torchinferno,few_shot,566,289.22,0.00,427.91,1,2.34,1
torchinferno,few_shot,567,326.68,134.17,460.85,2,4.34,1
torchinferno,few_shot,568,246.68,129.57,376.25,2,5.32,1
torchinferno,few_shot,569,295.30,145.49,440.79,2,4.54,1
torchinferno,few_shot,570,321.98,0.00,453.64,1,2.20,1
torchinferno,few_shot,571,210.71,0.00,351.29,1,2.85,1
torchinferno,few_shot,572,274.55,95.40,369.95,2,5.41,1
torchinferno,few_shot,573,313.78,100.48,414.26,2,4.83,1
torchinferno,few_shot,574,344.25,0.00,368.72,1,2.71,1
torchinferno,few_shot,575,326.40,147.00,473.40,2,4.22,0
torchinferno,few_shot,576,253.15,0.00,403.53,1,2.48,1
torchinferno,few_shot,577,271.91,0.00,433.06,1,2.31,1
torchinferno,few_shot,578,176.40,302.06,478.46,2,4.18,1
torchinferno,few_shot,579,285.69,298.83,584.52,2,3.42,1
torchinferno,few_shot,580,351.16,0.00,398.26,1,2.51,1
torchinferno,few_shot,581,406.82,0.00,456.82,1,2.19,1
torchinferno,few_shot,582,369.97,0.00,414.35,1,2.41,1
torchinferno,few_shot,583,372.41,0.00,423.44,1,2.36,1
torchinferno,few_shot,584,349.12,0.00,391.29,1,2.56,1
torchinferno,few_shot,585,389.53,0.00,434.99,1,2.30,1
torchinferno,few_shot,586,440.53,0.00,492.53,1,2.03,1
torchinferno,few_shot,587,401.53,0.00,463.25,1,2.16,1
torchinferno,few_shot,588,431.54,0.00,480.86,1,2.08,1
torchinferno,few_shot,589,401.44,60.17,461.61,2,4.33,1
torchinferno,few_shot,590,418.33,52.86,471.19,2,4.24,1
torchinferno,few_shot,591,361.14,61.33,422.47,2,4.73,1
torchinferno,few_shot,592,401.96,0.00,402.22,1,2.49,1
torchinferno,few_shot,593,341.53,0.00,410.67,1,2.44,1
torchinferno,few_shot,594,380.32,67.28,447.60,2,4.47,1
torchinferno,few_shot,595,419.06,0.00,441.32,1,2.27,1
torchinferno,few_shot,596,393.47,69.55,463.01,2,4.32,1
torchinferno,few_shot,597,420.03,0.00,492.26,1,2.03,1
torchinferno,few_shot,598,392.85,0.00,474.97,1,2.11,1
torchinferno,few_shot,599,430.77,70.28,501.05,2,3.99,1
torchinferno,few_shot,600,392.78,0.00,475.16,1,2.10,1
torchinferno,few_shot,601,420.13,86.71,506.85,2,3.95,1
torchinferno,few_shot,602,426.79,0.00,510.44,1,1.96,1
torchinferno,few_shot,603,334.91,87.86,422.77,2,4.73,1
torchinferno,few_shot,604,401.25,89.59,490.84,2,4.07,1
torchinferno,few_shot,605,446.78,81.40,528.18,2,3.79,1
torchinferno,few_shot,606,346.32,90.24,436.56,2,4.58,1
torchinferno,few_shot,607,393.41,0.00,479.42,1,2.09,1
torchinferno,few_shot,608,361.32,98.89,460.21,2,4.35,1
torchinferno,few_shot,609,423.14,102.01,525.15,2,3.81,1
torchinferno,few_shot,610,427.74,0.00,524.77,1,1.91,1
torchinferno,few_shot,611,460.54,45.86,506.40,2,3.95,1
torchinferno,few_shot,612,394.94,0.00,492.12,1,2.03,1
torchinferno,few_shot,613,351.45,0.00,453.34,1,2.21,1
torchinferno,few_shot,614,402.16,94.54,496.70,2,4.03,1
torchinferno,few_shot,615,405.76,0.00,454.88,1,2.20,1
torchinferno,few_shot,616,396.84,0.00,493.97,1,2.02,1
torchinferno,few_shot,617,371.92,0.00,475.77,1,2.10,1
torchinferno,few_shot,618,411.20,0.00,527.10,1,1.90,1
torchinferno,few_shot,619,367.27,109.00,476.28,2,4.20,1
torchinferno,few_shot,620,376.16,114.42,490.58,2,4.08,1
torchinferno,few_shot,621,423.69,107.90,531.59,2,3.76,1
torchinferno,few_shot,622,398.42,52.90,451.32,2,4.43,1
torchinferno,few_shot,623,505.21,0.00,505.68,1,1.98,1
torchinferno,few_shot,624,387.32,0.00,508.11,1,1.97,1
torchinferno,few_shot,625,418.19,127.27,545.45,2,3.67,1
torchinferno,few_shot,626,438.35,0.00,523.63,1,1.91,1
torchinferno,few_shot,627,333.00,0.00,462.92,1,2.16,1
torchinferno,few_shot,628,362.66,130.45,493.12,2,4.06,1
torchinferno,few_shot,629,414.39,0.00,470.88,1,2.12,1
torchinferno,few_shot,630,480.63,13.77,494.39,2,4.05,1
torchinferno,few_shot,631,419.21,0.00,461.02,1,2.17,1
torchinferno,few_shot,632,419.81,127.85,547.66,2,3.65,1
torchinferno,few_shot,633,217.73,0.00,218.05,1,4.59,1
torchinferno,few_shot,634,339.55,132.50,472.05,2,4.24,1
torchinferno,few_shot,635,384.71,0.00,522.33,1,1.91,1
torchinferno,few_shot,636,513.71,0.44,514.15,2,3.89,1
torchinferno,few_shot,637,349.65,151.64,501.29,2,3.99,1
torchinferno,few_shot,638,410.04,142.54,552.58,2,3.62,1
torchinferno,few_shot,639,429.55,0.00,524.97,1,1.90,1
torchinferno,few_shot,640,499.77,0.00,500.01,1,2.00,1
torchinferno,few_shot,641,375.80,158.39,534.19,2,3.74,1
torchinferno,few_shot,642,487.48,1.74,489.22,2,4.09,1
torchinferno,few_shot,643,206.41,121.98,328.39,2,6.09,1
torchinferno,few_shot,644,265.53,0.00,301.18,1,3.32,1
torchinferno,few_shot,645,194.11,0.00,232.31,1,4.30,1
torchinferno,few_shot,646,202.43,0.00,244.54,1,4.09,1
torchinferno,few_shot,647,242.02,0.00,294.03,1,3.40,1
torchinferno,few_shot,648,203.85,0.00,257.41,1,3.88,1
torchinferno,few_shot,649,234.31,0.00,287.27,1,3.48,1
torchinferno,few_shot,650,246.88,0.00,298.28,1,3.35,1
torchinferno,few_shot,651,224.65,0.00,275.81,1,3.63,1
torchinferno,few_shot,652,246.56,0.00,246.90,1,4.05,1
torchinferno,few_shot,653,266.34,71.99,338.33,2,5.91,1
torchinferno,few_shot,654,201.55,0.00,270.34,1,3.70,1
torchinferno,few_shot,655,193.46,67.53,260.98,2,7.66,0
torchinferno,few_shot,656,219.75,61.68,281.44,2,7.11,1
torchinferno,few_shot,657,302.37,0.00,302.67,1,3.30,1
torchinferno,few_shot,658,255.81,0.00,266.16,1,3.76,1
torchinferno,few_shot,659,279.65,71.30,350.94,2,5.70,1
torchinferno,few_shot,660,272.05,74.89,346.94,2,5.76,1
torchinferno,few_shot,661,216.06,0.00,297.06,1,3.37,1
torchinferno,few_shot,662,226.54,81.79,308.33,2,6.49,1
torchinferno,few_shot,663,196.09,82.89,278.98,2,7.17,1
torchinferno,few_shot,664,183.02,83.23,266.25,2,7.51,1
torchinferno,few_shot,665,267.30,0.00,310.31,1,3.22,1
torchinferno,few_shot,666,357.56,0.00,367.99,1,2.72,1
torchinferno,few_shot,667,257.77,0.00,342.51,1,2.92,1
torchinferno,few_shot,668,246.61,91.92,338.53,2,5.91,1
torchinferno,few_shot,669,244.08,87.78,331.86,2,6.03,1
torchinferno,few_shot,670,272.61,0.00,360.40,1,2.77,1
torchinferno,few_shot,671,263.79,88.58,352.37,2,5.68,1
torchinferno,few_shot,672,237.42,102.68,340.09,2,5.88,1
torchinferno,few_shot,673,245.37,105.24,350.61,2,5.70,1
torchinferno,few_shot,674,197.29,0.00,302.59,1,3.30,1
torchinferno,few_shot,675,227.08,0.00,274.41,1,3.64,1
torchinferno,few_shot,676,269.32,98.27,367.58,2,5.44,1
torchinferno,few_shot,677,226.07,111.57,337.64,2,5.92,1
torchinferno,few_shot,678,258.71,113.56,372.27,2,5.37,1
torchinferno,few_shot,679,216.53,105.87,322.40,2,6.20,1
torchinferno,few_shot,680,287.94,107.44,395.38,2,5.06,1
torchinferno,few_shot,681,352.64,0.00,382.72,1,2.61,1
torchinferno,few_shot,682,224.96,0.00,332.63,1,3.01,1
torchinferno,few_shot,683,192.57,54.00,300.56,3,9.98,1
torchinferno,few_shot,684,295.38,0.00,365.10,1,2.74,1
torchinferno,few_shot,685,223.96,0.00,345.77,1,2.89,1
torchinferno,few_shot,686,268.40,61.24,329.64,2,6.07,1
torchinferno,few_shot,687,222.32,0.00,296.88,1,3.37,1
torchinferno,few_shot,688,203.61,0.00,337.31,1,2.96,1
torchinferno,few_shot,689,253.15,0.00,388.46,1,2.57,1
torchinferno,few_shot,690,185.31,138.16,323.47,2,6.18,1
torchinferno,few_shot,691,227.39,141.71,369.11,2,5.42,1
torchinferno,few_shot,692,220.30,138.49,358.79,2,5.57,1
torchinferno,few_shot,693,331.87,4.92,336.79,2,5.94,1
torchinferno,few_shot,694,402.37,0.00,426.26,1,2.35,1
torchinferno,few_shot,695,276.69,142.47,419.17,2,4.77,1
torchinferno,few_shot,696,278.56,0.00,426.23,1,2.35,1
torchinferno,few_shot,697,306.05,0.00,306.40,1,3.26,1
torchinferno,few_shot,698,255.75,0.00,406.94,1,2.46,1
torchinferno,few_shot,699,244.60,0.00,387.95,1,2.58,1
torchinferno,few_shot,700,223.63,0.00,327.07,1,3.06,1
torchinferno,few_shot,701,193.68,0.00,353.86,1,2.83,1
torchinferno,few_shot,702,277.02,0.00,423.71,1,2.36,1
torchinferno,few_shot,703,265.41,71.20,336.61,2,5.94,1
torchinferno,few_shot,704,233.72,166.58,400.30,2,5.00,1
torchinferno,few_shot,705,224.70,164.08,388.78,2,5.14,1
torchinferno,few_shot,706,259.69,165.14,424.83,2,4.71,1
torchinferno,few_shot,707,210.21,115.54,325.75,2,6.14,1
torchinferno,few_shot,708,271.66,0.00,316.94,1,3.16,1
torchinferno,few_shot,709,242.62,0.00,283.67,1,3.53,1
torchinferno,few_shot,710,187.12,0.00,228.50,1,4.38,1
torchinferno,few_shot,711,245.85,0.00,299.45,1,3.34,1
torchinferno,few_shot,712,230.77,0.00,278.07,1,3.60,1
torchinferno,few_shot,713,186.74,0.00,246.57,1,4.06,1
torchinferno,few_shot,714,246.96,0.00,298.96,1,3.34,1
torchinferno,few_shot,715,241.77,0.00,294.67,1,3.39,1
torchinferno,few_shot,716,270.49,61.52,332.01,2,6.02,1
torchinferno,few_shot,717,200.39,0.00,257.80,1,3.88,1
torchinferno,few_shot,718,197.95,0.00,253.11,1,3.95,1
torchinferno,few_shot,719,220.21,0.00,292.32,1,3.42,1
torchinferno,few_shot,720,245.82,0.00,309.35,1,3.23,1
torchinferno,few_shot,721,263.26,0.00,278.71,1,3.59,1
torchinferno,few_shot,722,327.24,4.46,331.70,2,6.03,1
torchinferno,few_shot,723,215.99,122.24,338.24,2,5.91,1
torchinferno,few_shot,724,260.23,137.45,397.68,2,5.03,1
torchinferno,few_shot,725,234.36,134.98,369.35,2,5.41,1
torchinferno,few_shot,726,235.89,130.64,366.53,2,5.46,1
torchinferno,few_shot,727,262.37,136.36,398.72,2,5.02,1
torchinferno,few_shot,728,192.62,0.00,327.79,1,3.05,1
torchinferno,few_shot,729,246.47,141.25,387.72,2,5.16,1
torchinferno,few_shot,730,239.36,0.00,371.51,1,2.69,1
torchinferno,few_shot,731,174.58,0.00,320.29,1,3.12,1
torchinferno,few_shot,732,237.84,139.68,377.52,2,5.30,1
torchinferno,few_shot,733,247.11,148.43,395.54,2,5.06,1
torchinferno,few_shot,734,238.38,0.00,385.55,1,2.59,1
torchinferno,few_shot,735,217.12,0.00,362.78,1,2.76,1
torchinferno,few_shot,736,257.22,145.32,402.54,2,4.97,1
torchinferno,few_shot,737,196.47,0.00,339.79,1,2.94,1
torchinferno,few_shot,738,166.50,0.00,325.60,1,3.07,1
torchinferno,few_shot,739,203.13,158.41,361.54,2,5.53,1
torchinferno,few_shot,740,179.10,0.00,330.40,1,3.03,1
torchinferno,few_shot,741,218.57,160.85,379.42,2,5.27,1
torchinferno,few_shot,742,235.42,108.92,344.34,2,5.81,1
torchinferno,few_shot,743,279.03,0.00,386.83,1,2.59,1
torchinferno,few_shot,744,277.21,0.00,437.08,1,2.29,1
torchinferno,few_shot,745,214.64,0.00,384.52,1,2.60,1
torchinferno,few_shot,746,242.67,172.18,414.85,2,4.82,1
torchinferno,few_shot,747,256.19,0.00,427.49,1,2.34,1
torchinferno,few_shot,748,308.24,0.00,432.25,1,2.31,1
torchinferno,few_shot,749,273.84,0.00,445.14,1,2.25,1
torchinferno,few_shot,750,217.99,0.00,389.82,1,2.57,1
torchinferno,few_shot,751,210.45,124.37,334.82,2,5.97,1
torchinferno,few_shot,752,218.71,180.04,398.75,2,5.02,1
torchinferno,few_shot,753,266.61,0.00,391.60,1,2.55,1
torchinferno,few_shot,754,234.45,111.79,346.23,2,5.78,1
torchinferno,few_shot,755,166.42,176.82,343.24,2,5.83,1
torchinferno,few_shot,756,290.09,180.18,470.27,2,4.25,1
torchinferno,few_shot,757,397.46,0.00,397.96,1,2.51,1
torchinferno,few_shot,758,452.88,18.36,471.23,2,4.24,1
torchinferno,few_shot,759,256.77,0.00,266.96,1,3.75,1
torchinferno,few_shot,760,353.31,54.67,407.98,2,4.90,0
torchinferno,few_shot,761,168.98,0.00,362.22,1,2.76,1
torchinferno,few_shot,762,441.36,12.99,454.34,2,4.40,1
torchinferno,few_shot,763,180.67,195.15,375.82,2,5.32,0
torchinferno,few_shot,764,353.13,20.41,373.54,2,5.35,1
torchinferno,few_shot,765,186.19,0.00,386.51,1,2.59,1
torchinferno,few_shot,766,217.31,203.45,420.76,2,4.75,1
torchinferno,few_shot,767,277.19,207.31,484.50,2,4.13,1
torchinferno,few_shot,768,252.41,142.86,395.27,2,5.06,1
torchinferno,few_shot,769,214.11,205.13,419.24,2,4.77,1
torchinferno,few_shot,770,235.39,211.53,446.92,2,4.48,1
torchinferno,few_shot,771,360.81,115.28,476.09,2,4.20,1
torchinferno,few_shot,772,334.93,0.00,380.50,1,2.63,1
torchinferno,few_shot,773,334.01,0.00,381.15,1,2.62,1
torchinferno,few_shot,774,194.15,0.00,244.69,1,4.09,1
torchinferno,few_shot,775,344.26,0.00,392.29,1,2.55,1
torchinferno,few_shot,776,246.39,0.00,291.20,1,3.43,1
torchinferno,few_shot,777,195.92,0.00,240.82,1,4.15,1
torchinferno,few_shot,778,231.55,0.00,277.92,1,3.60,1
torchinferno,few_shot,779,249.84,0.00,307.12,1,3.26,1
torchinferno,few_shot,780,261.49,0.00,316.27,1,3.16,1
torchinferno,few_shot,781,226.03,0.00,290.66,1,3.44,1
torchinferno,few_shot,782,223.28,67.87,291.15,2,6.87,1
torchinferno,few_shot,783,243.97,0.00,244.22,1,4.09,1
torchinferno,few_shot,784,319.17,0.00,392.78,1,2.55,1
torchinferno,few_shot,785,324.66,64.20,388.86,2,5.14,1
torchinferno,few_shot,786,330.17,0.00,396.93,1,2.52,1
torchinferno,few_shot,787,253.64,64.06,317.70,2,6.30,1
torchinferno,few_shot,788,291.08,0.00,311.21,1,3.21,1
torchinferno,few_shot,789,261.54,0.45,261.99,2,7.63,1
torchinferno,few_shot,790,252.69,0.00,266.68,1,3.75,1
torchinferno,few_shot,791,232.37,87.61,319.97,2,6.25,0
torchinferno,few_shot,792,256.89,0.00,333.14,1,3.00,1
torchinferno,few_shot,793,314.60,83.74,398.34,2,5.02,1
torchinferno,few_shot,794,351.31,76.01,427.32,2,4.68,1
torchinferno,few_shot,795,342.81,0.00,343.13,1,2.91,1
torchinferno,few_shot,796,206.91,0.00,290.52,1,3.44,1
torchinferno,few_shot,797,195.53,93.50,289.04,2,6.92,1
torchinferno,few_shot,798,334.49,90.61,425.10,2,4.70,1
torchinferno,few_shot,799,365.13,47.60,412.73,2,4.85,1
torchinferno,few_shot,800,298.27,0.00,344.42,1,2.90,1
torchinferno,few_shot,801,271.74,41.73,313.46,2,6.38,0
torchinferno,few_shot,802,189.24,103.46,292.70,2,6.83,1
torchinferno,few_shot,803,229.93,0.00,327.45,1,3.05,1
torchinferno,few_shot,804,298.07,10.54,308.61,2,6.48,1
torchinferno,few_shot,805,304.03,0.00,317.93,1,3.15,1
torchinferno,few_shot,806,201.94,112.50,314.45,2,6.36,1
torchinferno,few_shot,807,229.89,112.39,342.29,2,5.84,1
torchinferno,few_shot,808,204.00,0.00,315.00,1,3.17,1
torchinferno,few_shot,809,332.69,113.73,446.42,2,4.48,1
torchinferno,few_shot,810,190.22,116.15,306.37,2,6.53,1
torchinferno,few_shot,811,214.61,119.55,334.16,2,5.99,1
torchinferno,few_shot,812,190.57,122.54,313.11,2,6.39,1
torchinferno,few_shot,813,266.56,0.00,376.84,1,2.65,1
torchinferno,few_shot,814,301.22,0.00,301.50,1,3.32,1
torchinferno,few_shot,815,246.76,115.31,362.07,2,5.52,1
torchinferno,few_shot,816,213.11,116.91,330.02,2,6.06,0
torchinferno,few_shot,817,255.60,0.00,378.20,1,2.64,1
torchinferno,few_shot,818,219.36,129.20,348.56,2,5.74,1
torchinferno,few_shot,819,249.36,0.00,371.56,1,2.69,1
torchinferno,few_shot,820,319.85,121.46,441.31,2,4.53,1
torchinferno,few_shot,821,295.85,75.81,371.66,2,5.38,1
torchinferno,few_shot,822,327.56,134.20,461.77,2,4.33,1
torchinferno,few_shot,823,220.27,0.00,349.32,1,2.86,1
torchinferno,few_shot,824,355.22,4.59,359.80,2,5.56,1
torchinferno,few_shot,825,220.99,0.68,221.67,2,9.02,1
torchinferno,few_shot,826,333.46,134.82,468.29,2,4.27,1
torchinferno,few_shot,827,252.38,0.00,397.81,1,2.51,1
torchinferno,few_shot,828,301.32,14.03,315.35,2,6.34,1
torchinferno,few_shot,829,215.71,0.00,365.24,1,2.74,1
torchinferno,few_shot,830,224.51,0.00,377.37,1,2.65,1
torchinferno,few_shot,831,281.89,0.00,363.64,1,2.75,1
torchinferno,few_shot,832,340.51,0.00,503.24,1,1.99,1
torchinferno,few_shot,833,197.16,159.88,357.03,2,5.60,1
torchinferno,few_shot,834,179.38,161.37,340.74,2,5.87,0
torchinferno,few_shot,835,241.04,159.51,400.55,2,4.99,1
torchinferno,few_shot,836,292.62,0.00,400.42,1,2.50,1
torchinferno,few_shot,837,461.28,0.00,500.89,1,2.00,1
torchinferno,few_shot,838,447.17,0.00,496.52,1,2.01,1
torchinferno,few_shot,839,454.38,0.00,503.05,1,1.99,1
torchinferno,few_shot,840,432.37,0.00,469.88,1,2.13,1
torchinferno,few_shot,841,444.38,0.00,483.23,1,2.07,1
torchinferno,few_shot,842,471.13,0.00,523.93,1,1.91,1
torchinferno,few_shot,843,481.88,0.00,530.90,1,1.88,1
torchinferno,few_shot,844,457.71,0.00,517.41,1,1.93,1
torchinferno,few_shot,845,472.16,0.00,529.00,1,1.89,1
torchinferno,few_shot,846,464.47,0.00,464.73,1,2.15,1
torchinferno,few_shot,847,412.65,0.00,473.74,1,2.11,1
torchinferno,few_shot,848,399.03,72.70,471.74,2,4.24,1
torchinferno,few_shot,849,437.99,71.19,509.18,2,3.93,1
torchinferno,few_shot,850,435.72,0.00,505.52,1,1.98,1
torchinferno,few_shot,851,442.15,0.00,510.32,1,1.96,1
torchinferno,few_shot,852,374.47,69.75,444.22,2,4.50,1
torchinferno,few_shot,853,424.40,0.00,448.03,1,2.23,1
torchinferno,few_shot,854,471.87,0.00,544.83,1,1.84,1
torchinferno,few_shot,855,392.29,69.56,461.86,2,4.33,1
torchinferno,few_shot,856,365.23,0.00,445.28,1,2.25,1
torchinferno,few_shot,857,445.61,0.00,524.40,1,1.91,1
torchinferno,few_shot,858,425.58,89.32,514.90,2,3.88,1
torchinferno,few_shot,859,453.62,0.00,545.09,1,1.83,1
torchinferno,few_shot,860,395.27,0.00,486.80,1,2.05,1
torchinferno,few_shot,861,417.15,93.01,510.16,2,3.92,1
torchinferno,few_shot,862,437.54,89.78,527.31,2,3.79,1
torchinferno,few_shot,863,446.76,0.00,467.25,1,2.14,1
torchinferno,few_shot,864,448.23,0.00,534.29,1,1.87,1
torchinferno,few_shot,865,411.81,0.00,509.55,1,1.96,1
torchinferno,few_shot,866,443.46,0.00,448.24,1,2.23,1
torchinferno,few_shot,867,459.31,0.00,499.98,1,2.00,1
torchinferno,few_shot,868,381.30,104.45,485.76,2,4.12,1
torchinferno,few_shot,869,487.22,0.00,522.15,1,1.92,1
torchinferno,few_shot,870,425.78,0.00,465.57,1,2.15,1
torchinferno,few_shot,871,381.06,0.00,488.56,1,2.05,1
torchinferno,few_shot,872,399.42,101.15,500.57,2,4.00,1
torchinferno,few_shot,873,485.41,97.81,583.21,2,3.43,1
torchinferno,few_shot,874,477.96,100.40,578.36,2,3.46,1
torchinferno,few_shot,875,406.67,102.99,509.66,2,3.92,1
torchinferno,few_shot,876,417.08,0.00,531.62,1,1.88,1
torchinferno,few_shot,877,383.64,0.00,494.04,1,2.02,1
torchinferno,few_shot,878,412.38,107.26,519.64,2,3.85,1
torchinferno,few_shot,879,415.02,0.00,525.58,1,1.90,1
torchinferno,few_shot,880,369.87,0.00,488.39,1,2.05,1
torchinferno,few_shot,881,425.82,0.00,550.10,1,1.82,1
torchinferno,few_shot,882,399.83,0.00,515.68,1,1.94,1
torchinferno,few_shot,883,447.05,130.12,577.17,2,3.47,1
torchinferno,few_shot,884,447.88,126.24,574.12,2,3.48,1
torchinferno,few_shot,885,417.33,0.00,533.76,1,1.87,1
torchinferno,few_shot,886,458.85,125.67,584.51,2,3.42,1
torchinferno,few_shot,887,376.97,130.97,507.94,2,3.94,1
torchinferno,few_shot,888,398.57,0.00,524.91,1,1.91,1
torchinferno,few_shot,889,480.62,80.89,561.50,2,3.56,1
torchinferno,few_shot,890,571.57,17.19,588.76,2,3.40,1
torchinferno,few_shot,891,418.60,74.76,493.37,2,4.05,1
torchinferno,few_shot,892,424.69,142.61,567.30,2,3.53,1
torchinferno,few_shot,893,506.75,80.37,587.12,2,3.41,1
torchinferno,few_shot,894,402.06,138.96,541.02,2,3.70,1
torchinferno,few_shot,895,539.32,0.00,563.86,1,1.77,1
torchinferno,few_shot,896,425.99,0.00,521.33,1,1.92,1
torchinferno,few_shot,897,377.57,148.54,526.10,2,3.80,1
torchinferno,few_shot,898,551.29,0.00,575.70,1,1.74,1
torchinferno,few_shot,899,546.26,26.03,572.30,2,3.49,1
torchinferno,few_shot,900,238.69,36.87,275.56,2,7.26,1
torchinferno,few_shot,901,309.41,0.00,318.57,1,3.14,1
torchinferno,few_shot,902,321.11,0.00,336.76,1,2.97,1
torchinferno,few_shot,903,333.55,0.00,344.95,1,2.90,1
torchinferno,few_shot,904,341.65,0.00,358.64,1,2.79,1
torchinferno,few_shot,905,309.87,0.00,325.39,1,3.07,1
torchinferno,few_shot,906,254.57,0.00,277.84,1,3.60,1
torchinferno,few_shot,907,311.41,0.00,337.60,1,2.96,1
torchinferno,few_shot,908,352.35,0.00,382.14,1,2.62,1
torchinferno,few_shot,909,259.87,0.00,286.72,1,3.49,1
torchinferno,few_shot,910,280.22,0.00,307.61,1,3.25,1
torchinferno,few_shot,911,255.20,0.00,286.15,1,3.49,1
torchinferno,few_shot,912,349.49,32.96,382.45,2,5.23,1
torchinferno,few_shot,913,306.21,0.00,339.62,1,2.94,1
torchinferno,few_shot,914,306.49,32.10,338.59,2,5.91,1
torchinferno,few_shot,915,260.72,38.41,299.13,2,6.69,1
torchinferno,few_shot,916,345.01,41.95,386.97,2,5.17,1
torchinferno,few_shot,917,342.00,0.00,378.70,1,2.64,1
torchinferno,few_shot,918,350.51,44.77,395.28,2,5.06,1
torchinferno,few_shot,919,298.10,38.82,336.92,2,5.94,0
torchinferno,few_shot,920,361.86,43.07,404.92,2,4.94,1
torchinferno,few_shot,921,301.17,44.03,345.20,2,5.79,1
torchinferno,few_shot,922,268.60,43.77,312.37,2,6.40,1
torchinferno,few_shot,923,292.50,0.00,337.78,1,2.96,1
torchinferno,few_shot,924,321.80,48.85,370.66,2,5.40,1
torchinferno,few_shot,925,306.69,51.98,358.66,2,5.58,1
torchinferno,few_shot,926,300.26,49.95,350.21,2,5.71,1
torchinferno,few_shot,927,267.22,56.66,323.88,2,6.18,1
torchinferno,few_shot,928,328.32,0.00,389.78,1,2.57,1
torchinferno,few_shot,929,323.12,65.84,388.96,2,5.14,1
torchinferno,few_shot,930,396.70,0.00,411.98,1,2.43,1
torchinferno,few_shot,931,417.46,0.00,425.71,1,2.35,1
torchinferno,few_shot,932,445.16,0.00,462.47,1,2.16,1
torchinferno,few_shot,933,371.08,0.00,394.74,1,2.53,1
torchinferno,few_shot,934,417.02,0.00,433.36,1,2.31,1
torchinferno,few_shot,935,373.55,0.00,393.71,1,2.54,1
torchinferno,few_shot,936,393.95,0.00,414.22,1,2.41,1
torchinferno,few_shot,937,409.19,28.77,437.96,2,4.57,1
torchinferno,few_shot,938,350.19,29.04,379.23,2,5.27,1
torchinferno,few_shot,939,365.10,0.00,397.36,1,2.52,1
torchinferno,few_shot,940,305.42,0.00,331.16,1,3.02,1
torchinferno,few_shot,941,425.11,0.00,447.86,1,2.23,1
torchinferno,few_shot,942,427.47,0.00,450.06,1,2.22,1
torchinferno,few_shot,943,353.55,0.00,381.39,1,2.62,1
torchinferno,few_shot,944,364.73,0.00,390.86,1,2.56,1
torchinferno,few_shot,945,407.70,0.00,431.79,1,2.32,1
torchinferno,few_shot,946,386.94,0.00,422.55,1,2.37,1
torchinferno,few_shot,947,350.99,0.00,380.02,1,2.63,1
torchinferno,few_shot,948,424.34,30.82,455.16,2,4.39,1
torchinferno,few_shot,949,383.50,32.01,415.51,2,4.81,1
torchinferno,few_shot,950,367.08,0.00,402.87,1,2.48,1
torchinferno,few_shot,951,416.06,33.04,449.10,2,4.45,1
torchinferno,few_shot,952,381.02,0.00,413.67,1,2.42,1
torchinferno,few_shot,953,368.34,0.00,406.43,1,2.46,1
torchinferno,few_shot,954,448.50,0.00,476.78,1,2.10,1
torchinferno,few_shot,955,392.51,0.00,422.39,1,2.37,1
torchinferno,few_shot,956,373.50,35.81,409.31,2,4.89,1
torchinferno,few_shot,957,426.57,0.00,459.37,1,2.18,1
torchinferno,few_shot,958,336.54,37.75,374.29,2,5.34,1
torchinferno,few_shot,959,378.54,0.00,417.51,1,2.40,1
torchinferno,few_shot,960,393.52,0.00,431.29,1,2.32,1
torchinferno,few_shot,961,389.12,31.91,421.03,2,4.75,1
torchinferno,few_shot,962,325.41,33.73,359.14,2,5.57,1
torchinferno,few_shot,963,449.76,40.75,490.51,2,4.08,1
torchinferno,few_shot,964,443.14,0.00,476.42,1,2.10,1
torchinferno,few_shot,965,124.10,0.00,133.51,1,7.49,1
torchinferno,few_shot,966,152.76,0.00,168.72,1,5.93,1
torchinferno,few_shot,967,148.55,0.00,158.73,1,6.30,1
torchinferno,few_shot,968,135.26,0.00,148.37,1,6.74,1
torchinferno,few_shot,969,156.10,0.00,173.07,1,5.78,1
torchinferno,few_shot,970,136.55,0.00,154.92,1,6.45,1
torchinferno,few_shot,971,127.87,0.00,140.72,1,7.11,1
torchinferno,few_shot,972,112.91,0.00,130.82,1,7.64,1
torchinferno,few_shot,973,131.83,0.00,144.92,1,6.90,1
torchinferno,few_shot,974,121.99,0.00,143.47,1,6.97,1
torchinferno,few_shot,975,132.63,0.00,154.65,1,6.47,1
torchinferno,few_shot,976,121.68,0.00,139.87,1,7.15,1
torchinferno,few_shot,977,152.34,0.00,174.81,1,5.72,1
torchinferno,few_shot,978,142.63,0.00,164.31,1,6.09,1
torchinferno,few_shot,979,115.51,0.00,138.19,1,7.24,1
torchinferno,few_shot,980,110.45,0.00,131.44,1,7.61,1
torchinferno,few_shot,981,135.64,19.18,154.82,2,12.92,1
torchinferno,few_shot,982,165.80,22.04,187.83,2,10.65,1
torchinferno,few_shot,983,145.45,21.38,166.82,2,11.99,1
torchinferno,few_shot,984,145.21,20.55,165.76,2,12.07,1
torchinferno,few_shot,985,119.86,24.16,144.02,2,13.89,1
torchinferno,few_shot,986,157.86,26.32,184.18,2,10.86,1
torchinferno,few_shot,987,147.49,27.12,174.61,2,11.45,1
torchinferno,few_shot,988,148.14,31.87,180.00,2,11.11,1
torchinferno,few_shot,989,133.66,24.63,158.29,2,12.64,0
torchinferno,few_shot,990,146.83,31.80,178.63,2,11.20,1
torchinferno,few_shot,991,114.47,28.32,142.80,2,14.01,1
torchinferno,few_shot,992,127.52,29.46,156.98,2,12.74,1
torchinferno,few_shot,993,142.48,23.25,165.74,2,12.07,1
torchinferno,few_shot,994,111.19,0.00,178.16,1,5.61,1
torchinferno,few_shot,995,102.49,0.00,170.41,1,5.87,1
torchinferno,few_shot,996,105.13,0.00,172.88,1,5.78,1
torchinferno,few_shot,997,106.12,0.00,174.67,1,5.73,1
torchinferno,few_shot,998,111.16,143.85,255.01,2,7.84,1
torchinferno,few_shot,999,107.13,143.79,250.92,2,7.97,1
torchinferno,self_consistency,0,593.22,0.00,720.93,1,1.39,1
torchinferno,self_consistency,1,590.76,0.00,720.60,1,1.39,1
torchinferno,self_consistency,2,590.35,0.00,720.15,1,1.39,1
torchinferno,self_consistency,3,591.94,0.00,724.98,1,1.38,1
torchinferno,self_consistency,4,583.62,0.00,718.59,1,1.39,1
torchinferno,self_consistency,5,586.19,0.00,721.97,1,1.39,1
torchinferno,self_consistency,6,964.81,0.00,1193.63,1,0.84,1
torchinferno,self_consistency,7,955.34,0.00,1190.32,1,0.84,1
torchinferno,self_consistency,8,890.76,0.00,1124.32,1,0.89,1
torchinferno,self_consistency,9,877.79,0.00,1116.52,1,0.90,1
torchinferno,self_consistency,10,944.23,0.00,1182.13,1,0.85,1
torchinferno,self_consistency,11,903.33,0.00,1149.38,1,0.87,1
torchinferno,self_consistency,12,864.06,0.00,1111.11,1,0.90,1
torchinferno,self_consistency,13,977.89,0.00,1218.92,1,0.82,1
torchinferno,self_consistency,14,949.64,0.00,1200.43,1,0.83,1
torchinferno,self_consistency,15,912.75,0.00,1169.16,1,0.86,1
torchinferno,self_consistency,16,888.56,0.00,1140.45,1,0.88,1
torchinferno,self_consistency,17,879.31,0.00,1138.77,1,0.88,1
torchinferno,self_consistency,18,918.93,0.00,1172.15,1,0.85,1
torchinferno,self_consistency,19,871.98,0.00,1135.13,1,0.88,1
torchinferno,self_consistency,20,941.34,0.00,1203.84,1,0.83,1
torchinferno,self_consistency,21,885.51,0.00,1142.83,1,0.88,1
torchinferno,self_consistency,22,927.98,0.00,1190.47,1,0.84,1
torchinferno,self_consistency,23,891.44,0.00,1148.51,1,0.87,1
torchinferno,self_consistency,24,926.13,0.00,1197.79,1,0.83,1
torchinferno,self_consistency,25,934.64,0.00,1203.67,1,0.83,1
torchinferno,self_consistency,26,930.76,0.00,1196.76,1,0.84,1
torchinferno,self_consistency,27,937.94,0.00,1205.77,1,0.83,1
torchinferno,self_consistency,28,910.74,0.00,1182.46,1,0.85,1
torchinferno,self_consistency,29,912.74,0.00,1188.25,1,0.84,1
torchinferno,self_consistency,30,910.70,0.00,1191.86,1,0.84,1
torchinferno,self_consistency,31,900.01,0.00,1176.25,1,0.85,1
torchinferno,self_consistency,32,963.78,0.00,1240.18,1,0.81,1
torchinferno,self_consistency,33,958.13,0.00,1231.98,1,0.81,1
torchinferno,self_consistency,34,972.90,0.00,1252.38,1,0.80,1
torchinferno,self_consistency,35,873.78,0.00,1157.06,1,0.86,1
torchinferno,self_consistency,36,953.34,0.00,1247.56,1,0.80,1
torchinferno,self_consistency,37,893.54,0.00,1176.36,1,0.85,1
torchinferno,self_consistency,38,918.20,0.00,1211.31,1,0.83,1
torchinferno,self_consistency,39,913.32,0.00,1198.93,1,0.83,1
torchinferno,self_consistency,40,954.67,0.00,1243.13,1,0.80,1
torchinferno,self_consistency,41,871.33,0.00,1170.44,1,0.85,1
torchinferno,self_consistency,42,918.30,0.00,1211.12,1,0.83,1
torchinferno,self_consistency,43,935.63,0.00,1233.41,1,0.81,1
torchinferno,self_consistency,44,958.07,0.00,1256.73,1,0.80,1
torchinferno,self_consistency,45,866.74,0.00,1179.67,1,0.85,1
torchinferno,self_consistency,46,968.06,0.00,1271.87,1,0.79,1
torchinferno,self_consistency,47,933.32,0.00,1248.12,1,0.80,1
torchinferno,self_consistency,48,943.86,0.00,1255.31,1,0.80,1
torchinferno,self_consistency,49,1105.52,0.00,1133.80,1,0.88,1
torchinferno,self_consistency,50,1103.76,0.00,1158.29,1,0.86,1
torchinferno,self_consistency,51,1057.14,0.00,1145.77,1,0.87,1
torchinferno,self_consistency,52,1092.40,0.00,1144.65,1,0.87,1
torchinferno,self_consistency,53,952.72,0.00,1277.81,1,0.78,1
torchinferno,self_consistency,54,1071.00,0.00,1159.20,1,0.86,1
torchinferno,self_consistency,55,1133.24,0.00,1168.54,1,0.86,1
torchinferno,self_consistency,56,1104.07,0.00,1190.48,1,0.84,1
torchinferno,self_consistency,57,1093.23,0.00,1159.92,1,0.86,1
torchinferno,self_consistency,58,1131.13,0.00,1169.09,1,0.86,1
torchinferno,self_consistency,59,1079.68,0.00,1142.41,1,0.88,1
torchinferno,self_consistency,60,1089.79,0.00,1135.15,1,0.88,1
torchinferno,self_consistency,61,1111.68,0.00,1156.99,1,0.86,1
torchinferno,self_consistency,62,1117.00,0.00,1199.79,1,0.83,1
torchinferno,self_consistency,63,1076.11,0.00,1153.29,1,0.87,1
torchinferno,self_consistency,64,916.82,0.00,1254.83,1,0.80,1
torchinferno,self_consistency,65,1192.58,0.00,1197.59,1,0.84,1
torchinferno,self_consistency,66,1100.34,0.00,1209.02,1,0.83,1
torchinferno,self_consistency,67,1087.17,0.00,1179.41,1,0.85,1
torchinferno,self_consistency,68,1095.82,0.00,1207.22,1,0.83,1
torchinferno,self_consistency,69,1122.38,0.00,1203.39,1,0.83,1
torchinferno,self_consistency,70,1094.77,0.00,1200.19,1,0.83,1
torchinferno,self_consistency,71,1121.91,0.00,1203.25,1,0.83,1
torchinferno,self_consistency,72,942.17,0.00,1291.08,1,0.77,1
torchinferno,self_consistency,73,1115.76,0.00,1203.08,1,0.83,1
torchinferno,self_consistency,74,1063.32,0.00,1190.26,1,0.84,1
torchinferno,self_consistency,75,1056.13,0.00,1167.17,1,0.86,1
torchinferno,self_consistency,76,1154.81,0.00,1184.71,1,0.84,1
torchinferno,self_consistency,77,1034.22,0.00,1163.07,1,0.86,1
torchinferno,self_consistency,78,889.72,0.00,1261.39,1,0.79,1
torchinferno,self_consistency,79,951.11,0.00,1325.94,1,0.75,1
torchinferno,self_consistency,80,1109.95,0.00,1219.27,1,0.82,1
torchinferno,self_consistency,81,1078.87,0.00,1181.96,1,0.85,1
torchinferno,self_consistency,82,1070.79,0.00,1198.27,1,0.83,1
torchinferno,self_consistency,83,1109.19,0.00,1209.03,1,0.83,1
torchinferno,self_consistency,84,1097.39,0.00,1264.86,1,0.79,1
torchinferno,self_consistency,85,1154.59,0.00,1473.34,1,0.68,1
torchinferno,self_consistency,86,1147.83,0.00,1489.44,1,0.67,1
torchinferno,self_consistency,87,1102.81,0.00,1429.68,1,0.70,1
torchinferno,self_consistency,88,1077.40,0.00,1443.88,1,0.69,1
torchinferno,self_consistency,89,1098.43,0.00,1424.42,1,0.70,1
torchinferno,self_consistency,90,1105.71,0.00,1456.23,1,0.69,1
torchinferno,self_consistency,91,1083.34,0.00,1432.79,1,0.70,1
torchinferno,self_consistency,92,1123.87,0.00,1438.75,1,0.70,1
torchinferno,self_consistency,93,1163.64,0.00,1496.90,1,0.67,1
torchinferno,self_consistency,94,1132.02,0.00,1490.24,1,0.67,1
torchinferno,self_consistency,95,1149.24,0.00,1474.48,1,0.68,1
torchinferno,self_consistency,96,1138.75,0.00,1515.40,1,0.66,1
torchinferno,self_consistency,97,1104.40,0.00,1453.08,1,0.69,1
torchinferno,self_consistency,98,1155.67,0.00,1522.25,1,0.66,1
torchinferno,self_consistency,99,1139.62,0.00,1511.84,1,0.66,1
torchinferno,self_consistency,100,1106.34,0.00,1484.90,1,0.67,1
torchinferno,self_consistency,101,1133.65,0.00,1481.68,1,0.67,1
torchinferno,self_consistency,102,1126.76,0.00,1519.43,1,0.66,1
torchinferno,self_consistency,103,1146.53,0.00,1475.99,1,0.68,1
torchinferno,self_consistency,104,1089.90,0.00,1449.97,1,0.69,1
torchinferno,self_consistency,105,1128.21,0.00,1501.67,1,0.67,1
torchinferno,self_consistency,106,1188.60,0.00,1533.83,1,0.65,1
torchinferno,self_consistency,107,1098.89,0.00,1475.82,1,0.68,1
torchinferno,self_consistency,108,635.23,0.00,1002.47,1,1.00,1
torchinferno,self_consistency,109,1054.87,0.00,1451.94,1,0.69,1
torchinferno,self_consistency,110,1151.46,0.00,1503.79,1,0.66,1
torchinferno,self_consistency,111,1056.94,0.00,1452.48,1,0.69,1
torchinferno,self_consistency,112,620.92,0.00,1009.93,1,0.99,1
torchinferno,self_consistency,113,1157.89,0.00,1512.52,1,0.66,1
torchinferno,self_consistency,114,1108.68,0.00,1499.96,1,0.67,1
torchinferno,self_consistency,115,627.87,0.00,1012.22,1,0.99,1
torchinferno,self_consistency,116,1108.00,0.00,1496.16,1,0.67,1
torchinferno,self_consistency,117,1157.79,0.00,1555.18,1,0.64,1
torchinferno,self_consistency,118,1174.70,0.00,1564.84,1,0.64,1
torchinferno,self_consistency,119,1116.76,0.00,1508.03,1,0.66,1
torchinferno,self_consistency,120,633.98,0.00,1018.15,1,0.98,1
torchinferno,self_consistency,121,1091.68,0.00,1509.76,1,0.66,1
torchinferno,self_consistency,122,1136.77,0.00,1525.95,1,0.66,1
torchinferno,self_consistency,123,1094.42,0.00,1477.66,1,0.68,1
torchinferno,self_consistency,124,1155.94,0.00,1569.38,1,0.64,1
torchinferno,self_consistency,125,1159.32,0.00,1539.88,1,0.65,1
torchinferno,self_consistency,126,1140.25,0.00,1545.33,1,0.65,1
torchinferno,self_consistency,127,1095.23,0.00,1486.61,1,0.67,1
torchinferno,self_consistency,128,1077.18,0.00,1508.84,1,0.66,1
torchinferno,self_consistency,129,1081.99,0.00,1499.46,1,0.67,1
torchinferno,self_consistency,130,1150.59,0.00,1563.64,1,0.64,1
torchinferno,self_consistency,131,640.04,0.00,1049.82,1,0.95,1
torchinferno,self_consistency,132,1151.00,0.00,1566.37,1,0.64,1
torchinferno,self_consistency,133,959.59,0.00,1082.84,1,0.92,1
torchinferno,self_consistency,134,627.70,0.00,715.82,1,1.40,1
torchinferno,self_consistency,135,642.69,0.00,727.39,1,1.37,1
torchinferno,self_consistency,136,584.51,0.00,673.18,1,1.49,1
torchinferno,self_consistency,137,517.72,0.00,613.98,1,1.63,1
torchinferno,self_consistency,138,564.25,0.00,661.14,1,1.51,1
torchinferno,self_consistency,139,593.58,0.00,687.94,1,1.45,1
torchinferno,self_consistency,140,586.42,0.00,694.17,1,1.44,1
torchinferno,self_consistency,141,535.03,0.00,635.28,1,1.57,1
torchinferno,self_consistency,142,637.05,0.00,746.47,1,1.34,1
torchinferno,self_consistency,143,639.45,0.00,745.62,1,1.34,1
torchinferno,self_consistency,144,621.36,0.00,725.27,1,1.38,1
torchinferno,self_consistency,145,616.61,0.00,721.99,1,1.39,1
torchinferno,self_consistency,146,524.75,0.00,629.16,1,1.59,1
torchinferno,self_consistency,147,520.77,0.00,629.92,1,1.59,1
torchinferno,self_consistency,148,542.05,0.00,654.84,1,1.53,1
torchinferno,self_consistency,149,593.64,0.00,705.35,1,1.42,1
torchinferno,self_consistency,150,556.65,0.00,670.45,1,1.49,1
torchinferno,self_consistency,151,538.46,0.00,664.50,1,1.50,1
torchinferno,self_consistency,152,610.23,0.00,741.75,1,1.35,1
torchinferno,self_consistency,153,627.52,0.00,754.61,1,1.33,1
torchinferno,self_consistency,154,595.18,0.00,733.33,1,1.36,1
torchinferno,self_consistency,155,620.92,0.00,755.55,1,1.32,1
torchinferno,self_consistency,156,589.36,0.00,733.27,1,1.36,1
torchinferno,self_consistency,157,548.00,0.00,689.65,1,1.45,1
torchinferno,self_consistency,158,569.16,0.00,711.79,1,1.40,1
torchinferno,self_consistency,159,592.20,0.00,741.97,1,1.35,1
torchinferno,self_consistency,160,615.73,0.00,752.78,1,1.33,1
torchinferno,self_consistency,161,550.85,0.00,693.63,1,1.44,1
torchinferno,self_consistency,162,638.26,0.00,781.04,1,1.28,1
torchinferno,self_consistency,163,552.31,0.00,705.96,1,1.42,1
torchinferno,self_consistency,164,624.87,0.00,781.40,1,1.28,1
torchinferno,self_consistency,165,595.18,0.00,750.26,1,1.33,1
torchinferno,self_consistency,166,524.34,0.00,673.79,1,1.48,1
torchinferno,self_consistency,167,565.56,0.00,732.25,1,1.37,1
torchinferno,self_consistency,168,570.67,0.00,735.97,1,1.36,1
torchinferno,self_consistency,169,585.84,0.00,741.35,1,1.35,1
torchinferno,self_consistency,170,526.70,0.00,686.96,1,1.46,1
torchinferno,self_consistency,171,572.74,0.00,742.64,1,1.35,1
torchinferno,self_consistency,172,534.03,0.00,710.24,1,1.41,1
torchinferno,self_consistency,173,627.88,0.00,793.02,1,1.26,1
torchinferno,self_consistency,174,620.96,0.00,798.27,1,1.25,1
torchinferno,self_consistency,175,554.86,0.00,730.14,1,1.37,1
torchinferno,self_consistency,176,539.38,0.00,708.83,1,1.41,1
torchinferno,self_consistency,177,593.48,0.00,766.85,1,1.30,1
torchinferno,self_consistency,178,520.30,0.00,704.76,1,1.42,1
torchinferno,self_consistency,179,612.82,0.00,792.11,1,1.26,1
torchinferno,self_consistency,180,490.63,0.00,676.08,1,1.48,1
torchinferno,self_consistency,181,543.95,0.00,737.48,1,1.36,1
torchinferno,self_consistency,182,683.21,0.00,1013.22,1,0.99,1
torchinferno,self_consistency,183,672.05,0.00,996.94,1,1.00,1
torchinferno,self_consistency,184,648.66,0.00,984.66,1,1.02,1
torchinferno,self_consistency,185,626.44,0.00,914.68,1,1.09,1
torchinferno,self_consistency,186,728.86,0.00,1001.77,1,1.00,1
torchinferno,self_consistency,187,717.32,0.00,1009.45,1,0.99,1
torchinferno,self_consistency,188,669.62,0.00,1002.18,1,1.00,1
torchinferno,self_consistency,189,654.65,0.00,975.85,1,1.02,1
torchinferno,self_consistency,190,608.06,0.00,947.08,1,1.06,1
torchinferno,self_consistency,191,557.61,0.00,906.04,1,1.10,1
torchinferno,self_consistency,192,685.55,0.00,1012.72,1,0.99,1
torchinferno,self_consistency,193,686.00,0.00,975.68,1,1.02,1
torchinferno,self_consistency,194,645.22,0.00,983.07,1,1.02,1
torchinferno,self_consistency,195,615.96,0.00,929.01,1,1.08,1
torchinferno,self_consistency,196,661.50,0.00,965.00,1,1.04,1
torchinferno,self_consistency,197,609.17,0.00,962.56,1,1.04,1
torchinferno,self_consistency,198,628.68,0.00,970.81,1,1.03,1
torchinferno,self_consistency,199,674.97,0.00,964.34,1,1.04,1
torchinferno,self_consistency,200,748.05,0.00,1068.61,1,0.94,1
torchinferno,self_consistency,201,731.28,0.00,1084.04,1,0.92,1
torchinferno,self_consistency,202,627.33,0.00,958.74,1,1.04,1
torchinferno,self_consistency,203,608.28,0.00,986.14,1,1.01,1
torchinferno,self_consistency,204,676.70,0.00,971.89,1,1.03,1
torchinferno,self_consistency,205,714.53,0.00,1088.39,1,0.92,1
torchinferno,self_consistency,206,685.81,0.00,1071.26,1,0.93,1
torchinferno,self_consistency,207,654.84,0.00,1028.81,1,0.97,1
torchinferno,self_consistency,208,706.17,0.00,1040.90,1,0.96,1
torchinferno,self_consistency,209,643.93,0.00,1023.07,1,0.98,1
torchinferno,self_consistency,210,727.12,0.00,1085.22,1,0.92,1
torchinferno,self_consistency,211,719.41,0.00,1097.75,1,0.91,1
torchinferno,self_consistency,212,691.98,0.00,1050.83,1,0.95,1
torchinferno,self_consistency,213,635.36,0.00,706.21,1,1.42,1
torchinferno,self_consistency,214,595.31,0.00,699.12,1,1.43,1
torchinferno,self_consistency,215,636.14,0.00,741.18,1,1.35,1
torchinferno,self_consistency,216,616.35,0.00,706.24,1,1.42,1
torchinferno,self_consistency,217,627.41,0.00,720.45,1,1.39,1
torchinferno,self_consistency,218,629.07,0.00,739.25,1,1.35,1
torchinferno,self_consistency,219,656.19,0.00,736.96,1,1.36,1
torchinferno,self_consistency,220,574.73,0.00,688.28,1,1.45,1
torchinferno,self_consistency,221,593.61,0.00,686.40,1,1.46,1
torchinferno,self_consistency,222,559.70,0.00,684.55,1,1.46,1
torchinferno,self_consistency,223,623.69,0.00,717.06,1,1.39,1
torchinferno,self_consistency,224,624.04,0.00,727.97,1,1.37,1
torchinferno,self_consistency,225,614.65,0.00,743.90,1,1.34,1
torchinferno,self_consistency,226,626.22,0.00,745.12,1,1.34,1
torchinferno,self_consistency,227,554.24,0.00,688.85,1,1.45,1
torchinferno,self_consistency,228,641.28,0.00,752.71,1,1.33,1
torchinferno,self_consistency,229,635.11,0.00,746.71,1,1.34,1
torchinferno,self_consistency,230,577.05,0.00,711.73,1,1.41,1
torchinferno,self_consistency,231,627.26,0.00,723.93,1,1.38,1
torchinferno,self_consistency,232,616.89,0.00,749.69,1,1.33,1
torchinferno,self_consistency,233,581.70,0.00,709.42,1,1.41,1
torchinferno,self_consistency,234,616.15,0.00,733.17,1,1.36,1
torchinferno,self_consistency,235,615.73,0.00,756.34,1,1.32,1
torchinferno,self_consistency,236,598.54,0.00,740.13,1,1.35,1
torchinferno,self_consistency,237,613.60,0.00,747.35,1,1.34,1
torchinferno,self_consistency,238,623.39,0.00,754.28,1,1.33,1
torchinferno,self_consistency,239,555.78,0.00,704.33,1,1.42,1
torchinferno,self_consistency,240,637.87,0.00,784.22,1,1.28,1
torchinferno,self_consistency,241,615.23,0.00,746.86,1,1.34,1
torchinferno,self_consistency,242,587.05,0.00,750.30,1,1.33,1
torchinferno,self_consistency,243,579.42,0.00,743.13,1,1.35,1
torchinferno,self_consistency,244,556.06,0.00,717.81,1,1.39,1
torchinferno,self_consistency,245,606.77,0.00,743.05,1,1.35,1
torchinferno,self_consistency,246,611.77,0.00,739.03,1,1.35,1
torchinferno,self_consistency,247,637.84,0.00,777.82,1,1.29,1
torchinferno,self_consistency,248,561.43,0.00,719.07,1,1.39,1
torchinferno,self_consistency,249,579.06,0.00,745.04,1,1.34,1
torchinferno,self_consistency,250,572.37,0.00,734.97,1,1.36,1
torchinferno,self_consistency,251,597.26,0.00,759.17,1,1.32,1
torchinferno,self_consistency,252,567.85,0.00,745.09,1,1.34,1
torchinferno,self_consistency,253,608.49,0.00,768.87,1,1.30,1
torchinferno,self_consistency,254,646.41,0.00,801.21,1,1.25,1
torchinferno,self_consistency,255,465.36,0.00,494.65,1,2.02,1
torchinferno,self_consistency,256,612.46,0.00,789.86,1,1.27,1
torchinferno,self_consistency,257,517.79,0.00,574.66,1,1.74,1
torchinferno,self_consistency,258,500.24,0.00,574.65,1,1.74,1
torchinferno,self_consistency,259,616.51,0.00,814.02,1,1.23,1
torchinferno,self_consistency,260,658.54,0.00,833.85,1,1.20,1
torchinferno,self_consistency,261,448.32,0.00,506.61,1,1.97,1
torchinferno,self_consistency,262,445.90,0.00,522.96,1,1.91,1
torchinferno,self_consistency,263,477.42,0.00,506.18,1,1.98,1
torchinferno,self_consistency,264,445.96,0.00,522.20,1,1.91,1
torchinferno,self_consistency,265,470.02,0.00,538.13,1,1.86,1
torchinferno,self_consistency,266,582.68,0.00,780.91,1,1.28,1
torchinferno,self_consistency,267,546.24,0.00,587.87,1,1.70,1
torchinferno,self_consistency,268,585.58,0.00,780.16,1,1.28,1
torchinferno,self_consistency,269,622.85,0.00,843.46,1,1.19,1
torchinferno,self_consistency,270,514.27,0.00,589.37,1,1.70,1
torchinferno,self_consistency,271,542.46,0.00,584.36,1,1.71,1
torchinferno,self_consistency,272,496.18,0.00,596.06,1,1.68,1
torchinferno,self_consistency,273,473.05,0.00,550.13,1,1.82,1
torchinferno,self_consistency,274,420.36,0.00,532.76,1,1.88,1
torchinferno,self_consistency,275,458.31,0.00,575.02,1,1.74,1
torchinferno,self_consistency,276,428.02,0.00,554.19,1,1.80,1
torchinferno,self_consistency,277,507.56,0.00,617.38,1,1.62,1
torchinferno,self_consistency,278,526.65,0.00,597.81,1,1.67,1
torchinferno,self_consistency,279,484.30,0.00,624.32,1,1.60,1
torchinferno,self_consistency,280,659.81,0.00,766.69,1,1.30,1
torchinferno,self_consistency,281,470.99,0.00,609.87,1,1.64,1
torchinferno,self_consistency,282,428.13,0.00,562.31,1,1.78,1
torchinferno,self_consistency,283,538.22,0.00,582.46,1,1.72,1
torchinferno,self_consistency,284,529.10,0.00,625.80,1,1.60,1
torchinferno,self_consistency,285,503.12,0.00,636.66,1,1.57,1
torchinferno,self_consistency,286,517.34,0.00,628.56,1,1.59,1
torchinferno,self_consistency,287,521.44,0.00,626.94,1,1.60,1
torchinferno,self_consistency,288,520.20,0.00,582.58,1,1.72,1
torchinferno,self_consistency,289,526.14,0.00,647.89,1,1.54,1
torchinferno,self_consistency,290,502.83,0.00,631.15,1,1.58,1
torchinferno,self_consistency,291,427.16,0.00,624.06,1,1.60,1
torchinferno,self_consistency,292,564.46,0.00,760.01,1,1.32,1
torchinferno,self_consistency,293,253.12,0.00,491.23,1,2.04,1
torchinferno,self_consistency,294,557.70,0.00,807.35,1,1.24,1
torchinferno,self_consistency,295,279.47,0.00,507.70,1,1.97,1
torchinferno,self_consistency,296,253.30,0.00,442.13,1,2.26,1
torchinferno,self_consistency,297,529.73,0.00,776.95,1,1.29,1
torchinferno,self_consistency,298,267.43,0.00,507.56,1,1.97,1
torchinferno,self_consistency,299,622.13,0.00,826.02,1,1.21,1
torchinferno,self_consistency,300,262.28,0.00,508.97,1,1.96,1
torchinferno,self_consistency,301,213.40,0.00,464.80,1,2.15,1
torchinferno,self_consistency,302,540.28,0.00,767.03,1,1.30,1
torchinferno,self_consistency,303,299.81,0.00,496.07,1,2.02,1
torchinferno,self_consistency,304,238.35,0.00,477.86,1,2.09,1
torchinferno,self_consistency,305,234.23,0.00,466.60,1,2.14,1
torchinferno,self_consistency,306,571.36,0.00,809.47,1,1.24,1
torchinferno,self_consistency,307,221.05,0.00,494.24,1,2.02,1
torchinferno,self_consistency,308,315.29,0.00,515.69,1,1.94,1
torchinferno,self_consistency,309,233.31,0.00,509.44,1,1.96,1
torchinferno,self_consistency,310,535.94,0.00,795.43,1,1.26,1
torchinferno,self_consistency,311,218.69,0.00,479.19,1,2.09,1
torchinferno,self_consistency,312,284.87,0.00,541.21,1,1.85,1
torchinferno,self_consistency,313,571.85,0.00,831.97,1,1.20,1
torchinferno,self_consistency,314,615.71,0.00,883.75,1,1.13,1
torchinferno,self_consistency,315,624.42,0.00,872.88,1,1.15,1
torchinferno,self_consistency,316,520.63,0.00,798.17,1,1.25,1
torchinferno,self_consistency,317,286.30,0.00,521.34,1,1.92,1
torchinferno,self_consistency,318,556.96,0.00,816.72,1,1.22,1
torchinferno,self_consistency,319,272.03,0.00,537.99,1,1.86,1
torchinferno,self_consistency,320,539.25,0.00,812.17,1,1.23,1
torchinferno,self_consistency,321,275.71,0.00,514.12,1,1.95,1
torchinferno,self_consistency,322,321.82,0.00,538.07,1,1.86,1
torchinferno,self_consistency,323,280.00,0.00,556.91,1,1.80,1
torchinferno,self_consistency,324,275.42,0.00,563.51,1,1.77,1
torchinferno,self_consistency,325,550.90,0.00,858.36,1,1.17,1
torchinferno,self_consistency,326,292.69,0.00,542.46,1,1.84,1
torchinferno,self_consistency,327,596.25,0.00,885.18,1,1.13,1
torchinferno,self_consistency,328,284.27,0.00,573.11,1,1.74,1
torchinferno,self_consistency,329,274.37,0.00,549.20,1,1.82,1
torchinferno,self_consistency,330,262.42,0.00,560.70,1,1.78,1
torchinferno,self_consistency,331,231.70,0.00,537.64,1,1.86,1
torchinferno,self_consistency,332,308.92,0.00,584.00,1,1.71,1
torchinferno,self_consistency,333,547.25,0.00,844.03,1,1.18,1
torchinferno,self_consistency,334,599.56,0.00,883.68,1,1.13,1
torchinferno,self_consistency,335,560.53,0.00,871.56,1,1.15,1
torchinferno,self_consistency,336,209.72,0.00,518.18,1,1.93,1
torchinferno,self_consistency,337,289.76,0.00,580.68,1,1.72,1
torchinferno,self_consistency,338,247.17,0.00,536.07,1,1.87,1
torchinferno,self_consistency,339,506.84,0.00,547.99,1,1.82,1
torchinferno,self_consistency,340,397.67,0.00,449.35,1,2.23,1
torchinferno,self_consistency,341,225.83,0.00,570.75,1,1.75,1
torchinferno,self_consistency,342,464.95,0.00,568.63,1,1.76,1
torchinferno,self_consistency,343,424.46,0.00,529.64,1,1.89,1
torchinferno,self_consistency,344,474.92,0.00,578.36,1,1.73,1
torchinferno,self_consistency,345,471.20,0.00,583.83,1,1.71,1
torchinferno,self_consistency,346,467.53,0.00,565.63,1,1.77,1
torchinferno,self_consistency,347,451.11,0.00,530.23,1,1.89,1
torchinferno,self_consistency,348,467.63,0.00,565.73,1,1.77,1
torchinferno,self_consistency,349,451.09,0.00,565.56,1,1.77,1
torchinferno,self_consistency,350,461.46,0.00,573.21,1,1.74,1
torchinferno,self_consistency,351,429.67,0.00,541.65,1,1.85,1
torchinferno,self_consistency,352,479.94,0.00,593.38,1,1.69,1
torchinferno,self_consistency,353,442.47,0.00,557.46,1,1.79,1
torchinferno,self_consistency,354,435.05,0.00,555.15,1,1.80,1
torchinferno,self_consistency,355,448.21,0.00,542.99,1,1.84,1
torchinferno,self_consistency,356,391.48,0.00,522.26,1,1.91,1
torchinferno,self_consistency,357,423.19,0.00,544.94,1,1.84,1
torchinferno,self_consistency,358,431.60,0.00,559.46,1,1.79,1
torchinferno,self_consistency,359,437.59,0.00,560.22,1,1.78,1
torchinferno,self_consistency,360,388.96,0.00,517.90,1,1.93,1
torchinferno,self_consistency,361,354.74,0.00,480.58,1,2.08,1
torchinferno,self_consistency,362,393.05,0.00,515.14,1,1.94,1
torchinferno,self_consistency,363,441.42,0.00,588.87,1,1.70,1
torchinferno,self_consistency,364,403.19,0.00,539.50,1,1.85,1
torchinferno,self_consistency,365,476.83,0.00,595.04,1,1.68,1
torchinferno,self_consistency,366,410.50,0.00,535.56,1,1.87,1
torchinferno,self_consistency,367,369.05,0.00,511.11,1,1.96,1
torchinferno,self_consistency,368,421.85,0.00,560.94,1,1.78,1
torchinferno,self_consistency,369,405.67,0.00,547.09,1,1.83,1
torchinferno,self_consistency,370,452.22,0.00,607.13,1,1.65,1
torchinferno,self_consistency,371,418.96,0.00,573.56,1,1.74,1
torchinferno,self_consistency,372,357.44,0.00,496.09,1,2.02,1
torchinferno,self_consistency,373,370.66,0.00,523.23,1,1.91,1
torchinferno,self_consistency,374,435.09,0.00,594.86,1,1.68,1
torchinferno,self_consistency,375,459.27,0.00,628.76,1,1.59,1
torchinferno,self_consistency,376,414.50,0.00,578.49,1,1.73,1
torchinferno,self_consistency,377,458.64,0.00,619.64,1,1.61,1
torchinferno,self_consistency,378,442.83,0.00,617.74,1,1.62,1
torchinferno,self_consistency,379,495.01,0.00,640.45,1,1.56,1
torchinferno,self_consistency,380,425.67,0.00,575.29,1,1.74,1
torchinferno,self_consistency,381,460.99,0.00,484.73,1,2.06,1
torchinferno,self_consistency,382,318.83,0.00,499.17,1,2.00,1
torchinferno,self_consistency,383,417.24,0.00,469.36,1,2.13,1
torchinferno,self_consistency,384,401.43,0.00,560.49,1,1.78,1
torchinferno,self_consistency,385,369.44,0.00,546.51,1,1.83,1
torchinferno,self_consistency,386,510.38,0.00,543.85,1,1.84,1
torchinferno,self_consistency,387,511.46,0.00,556.76,1,1.80,1
torchinferno,self_consistency,388,565.57,0.00,598.98,1,1.67,1
torchinferno,self_consistency,389,527.03,0.00,560.19,1,1.79,1
torchinferno,self_consistency,390,515.71,0.00,588.04,1,1.70,1
torchinferno,self_consistency,391,429.66,0.00,505.45,1,1.98,1
torchinferno,self_consistency,392,521.92,0.00,568.79,1,1.76,1
torchinferno,self_consistency,393,587.78,0.00,649.32,1,1.54,1
torchinferno,self_consistency,394,508.38,0.00,518.40,1,1.93,1
torchinferno,self_consistency,395,476.03,0.00,674.08,1,1.48,1
torchinferno,self_consistency,396,450.51,0.00,530.47,1,1.89,1
torchinferno,self_consistency,397,583.47,0.00,583.76,1,1.71,1
torchinferno,self_consistency,398,443.00,0.00,508.38,1,1.97,1
torchinferno,self_consistency,399,416.46,0.00,525.24,1,1.90,1
torchinferno,self_consistency,400,478.44,0.00,577.81,1,1.73,1
torchinferno,self_consistency,401,536.20,0.00,637.33,1,1.57,1
torchinferno,self_consistency,402,585.58,0.00,660.97,1,1.51,1
torchinferno,self_consistency,403,424.17,0.00,522.45,1,1.91,1
torchinferno,self_consistency,404,500.07,0.00,612.23,1,1.63,1
torchinferno,self_consistency,405,541.23,0.00,624.82,1,1.60,1
torchinferno,self_consistency,406,588.87,0.00,594.27,1,1.68,1
torchinferno,self_consistency,407,330.93,0.00,546.45,1,1.83,1
torchinferno,self_consistency,408,429.60,0.00,668.95,1,1.49,1
torchinferno,self_consistency,409,451.31,0.00,672.59,1,1.49,1
torchinferno,self_consistency,410,514.42,0.00,618.10,1,1.62,1
torchinferno,self_consistency,411,410.77,0.00,546.47,1,1.83,1
torchinferno,self_consistency,412,423.41,0.00,649.95,1,1.54,1
torchinferno,self_consistency,413,527.60,0.00,635.61,1,1.57,1
torchinferno,self_consistency,414,470.45,0.00,578.75,1,1.73,1
torchinferno,self_consistency,415,398.56,0.00,639.56,1,1.56,1
torchinferno,self_consistency,416,410.87,0.00,549.91,1,1.82,1
torchinferno,self_consistency,417,480.63,0.00,541.57,1,1.85,1
torchinferno,self_consistency,418,650.30,0.00,659.20,1,1.52,1
torchinferno,self_consistency,419,445.53,0.00,602.84,1,1.66,1
torchinferno,self_consistency,420,294.30,0.00,370.28,1,2.70,1
torchinferno,self_consistency,421,262.21,0.00,340.44,1,2.94,1
torchinferno,self_consistency,422,256.09,0.00,364.00,1,2.75,1
torchinferno,self_consistency,423,281.50,0.00,356.17,1,2.81,1
torchinferno,self_consistency,424,254.70,0.00,371.29,1,2.69,1
torchinferno,self_consistency,425,315.01,0.00,421.67,1,2.37,1
torchinferno,self_consistency,426,271.23,0.00,383.36,1,2.61,1
torchinferno,self_consistency,427,334.20,0.00,419.82,1,2.38,1
torchinferno,self_consistency,428,327.54,0.00,411.54,1,2.43,1
torchinferno,self_consistency,429,303.06,0.00,426.44,1,2.34,1
torchinferno,self_consistency,430,348.70,0.00,429.52,1,2.33,1
torchinferno,self_consistency,431,318.28,0.00,412.05,1,2.43,1
torchinferno,self_consistency,432,353.30,0.00,436.12,1,2.29,1
torchinferno,self_consistency,433,316.32,0.00,405.34,1,2.47,1
torchinferno,self_consistency,434,275.94,0.00,391.85,1,2.55,1
torchinferno,self_consistency,435,332.92,0.00,456.22,1,2.19,1
torchinferno,self_consistency,436,308.54,0.00,420.61,1,2.38,1
torchinferno,self_consistency,437,300.88,0.00,411.87,1,2.43,1
torchinferno,self_consistency,438,341.03,0.00,419.59,1,2.38,1
torchinferno,self_consistency,439,341.06,0.00,457.12,1,2.19,1
torchinferno,self_consistency,440,344.57,0.00,438.45,1,2.28,1
torchinferno,self_consistency,441,271.33,0.00,417.49,1,2.40,1
torchinferno,self_consistency,442,317.15,0.00,467.43,1,2.14,1
torchinferno,self_consistency,443,337.99,0.00,470.16,1,2.13,1
torchinferno,self_consistency,444,277.45,0.00,429.56,1,2.33,1
torchinferno,self_consistency,445,319.96,0.00,466.16,1,2.15,1
torchinferno,self_consistency,446,275.92,0.00,416.10,1,2.40,1
torchinferno,self_consistency,447,263.63,0.00,405.11,1,2.47,1
torchinferno,self_consistency,448,250.05,0.00,387.22,1,2.58,1
torchinferno,self_consistency,449,258.50,0.00,407.52,1,2.45,1
torchinferno,self_consistency,450,324.16,0.00,452.40,1,2.21,1
torchinferno,self_consistency,451,286.02,0.00,450.46,1,2.22,1
torchinferno,self_consistency,452,354.14,0.00,457.99,1,2.18,1
torchinferno,self_consistency,453,242.94,0.00,409.53,1,2.44,1
torchinferno,self_consistency,454,312.38,0.00,449.20,1,2.23,1
torchinferno,self_consistency,455,231.84,0.00,405.65,1,2.47,1
torchinferno,self_consistency,456,308.54,0.00,478.61,1,2.09,1
torchinferno,self_consistency,457,345.46,0.00,470.37,1,2.13,1
torchinferno,self_consistency,458,261.22,0.00,414.02,1,2.42,1
torchinferno,self_consistency,459,344.35,0.00,467.55,1,2.14,1
torchinferno,self_consistency,460,314.25,0.00,487.35,1,2.05,1
torchinferno,self_consistency,461,319.85,0.00,475.91,1,2.10,1
torchinferno,self_consistency,462,264.62,0.00,420.78,1,2.38,1
torchinferno,self_consistency,463,292.11,0.00,438.15,1,2.28,1
torchinferno,self_consistency,464,377.96,0.00,498.30,1,2.01,1
torchinferno,self_consistency,465,290.69,0.00,460.51,1,2.17,1
torchinferno,self_consistency,466,303.86,0.00,450.49,1,2.22,1
torchinferno,self_consistency,467,281.16,0.00,450.59,1,2.22,1
torchinferno,self_consistency,468,407.30,0.00,467.14,1,2.14,1
torchinferno,self_consistency,469,380.06,0.00,515.68,1,1.94,1
torchinferno,self_consistency,470,390.90,0.00,476.76,1,2.10,1
torchinferno,self_consistency,471,329.98,0.00,424.69,1,2.35,1
torchinferno,self_consistency,472,338.80,0.00,442.08,1,2.26,1
torchinferno,self_consistency,473,381.80,0.00,489.49,1,2.04,1
torchinferno,self_consistency,474,379.28,0.00,475.41,1,2.10,1
torchinferno,self_consistency,475,331.70,0.00,443.83,1,2.25,1
torchinferno,self_consistency,476,302.13,0.00,415.53,1,2.41,1
torchinferno,self_consistency,477,291.40,0.00,405.18,1,2.47,1
torchinferno,self_consistency,478,322.19,0.00,428.84,1,2.33,1
torchinferno,self_consistency,479,316.09,0.00,433.22,1,2.31,1
torchinferno,self_consistency,480,366.92,0.00,483.23,1,2.07,1
torchinferno,self_consistency,481,294.85,0.00,420.97,1,2.38,1
torchinferno,self_consistency,482,303.66,0.00,431.26,1,2.32,1
torchinferno,self_consistency,483,361.04,0.00,480.07,1,2.08,1
torchinferno,self_consistency,484,319.00,0.00,445.85,1,2.24,1
torchinferno,self_consistency,485,316.72,0.00,450.72,1,2.22,1
torchinferno,self_consistency,486,367.57,0.00,499.50,1,2.00,1
torchinferno,self_consistency,487,389.23,0.00,515.18,1,1.94,1
torchinferno,self_consistency,488,312.83,0.00,447.54,1,2.23,1
torchinferno,self_consistency,489,391.73,0.00,523.69,1,1.91,1
torchinferno,self_consistency,490,245.33,0.00,385.37,1,2.59,1
torchinferno,self_consistency,491,368.02,0.00,501.29,1,1.99,1
torchinferno,self_consistency,492,301.87,0.00,440.33,1,2.27,1
torchinferno,self_consistency,493,340.24,0.00,479.10,1,2.09,1
torchinferno,self_consistency,494,389.29,0.00,529.01,1,1.89,1
torchinferno,self_consistency,495,331.12,0.00,484.19,1,2.07,1
torchinferno,self_consistency,496,335.80,0.00,478.35,1,2.09,1
torchinferno,self_consistency,497,385.17,0.00,538.93,1,1.86,1
torchinferno,self_consistency,498,376.49,0.00,528.88,1,1.89,1
torchinferno,self_consistency,499,382.16,0.00,536.56,1,1.86,1
torchinferno,self_consistency,500,364.25,0.00,526.44,1,1.90,1
torchinferno,self_consistency,501,249.91,0.00,402.43,1,2.48,1
torchinferno,self_consistency,502,347.02,0.00,502.97,1,1.99,1
torchinferno,self_consistency,503,301.01,0.00,459.33,1,2.18,1
torchinferno,self_consistency,504,388.63,0.00,557.93,1,1.79,1
torchinferno,self_consistency,505,329.84,0.00,495.61,1,2.02,1
torchinferno,self_consistency,506,238.29,0.00,402.55,1,2.48,1
torchinferno,self_consistency,507,271.96,0.00,443.63,1,2.25,1
torchinferno,self_consistency,508,268.84,0.00,439.63,1,2.27,1
torchinferno,self_consistency,509,346.65,0.00,523.60,1,1.91,1
torchinferno,self_consistency,510,340.19,0.00,520.82,1,1.92,1
torchinferno,self_consistency,511,476.87,0.00,477.17,1,2.10,1
torchinferno,self_consistency,512,452.16,0.00,519.23,1,1.93,1
torchinferno,self_consistency,513,308.48,0.00,488.92,1,2.05,1
torchinferno,self_consistency,514,387.75,0.00,434.90,1,2.30,1
torchinferno,self_consistency,515,311.35,0.00,496.04,1,2.02,1
torchinferno,self_consistency,516,458.74,0.00,489.98,1,2.04,1
torchinferno,self_consistency,517,284.12,0.00,467.74,1,2.14,1
torchinferno,self_consistency,518,485.22,0.00,490.25,1,2.04,1
torchinferno,self_consistency,519,459.31,0.00,508.58,1,1.97,1
torchinferno,self_consistency,520,288.45,0.00,485.62,1,2.06,1
torchinferno,self_consistency,521,515.54,0.00,544.07,1,1.84,1
torchinferno,self_consistency,522,404.70,0.00,469.81,1,2.13,1
torchinferno,self_consistency,523,405.78,0.00,477.05,1,2.10,1
torchinferno,self_consistency,524,353.48,0.00,556.74,1,1.80,1
torchinferno,self_consistency,525,361.42,0.00,426.27,1,2.35,1
torchinferno,self_consistency,526,356.83,0.00,558.24,1,1.79,1
torchinferno,self_consistency,527,423.54,0.00,492.79,1,2.03,1
torchinferno,self_consistency,528,371.70,0.00,461.35,1,2.17,1
torchinferno,self_consistency,529,420.41,0.00,498.71,1,2.01,1
torchinferno,self_consistency,530,476.59,0.00,547.87,1,1.83,1
torchinferno,self_consistency,531,383.25,0.00,484.37,1,2.06,1
torchinferno,self_consistency,532,395.12,0.00,613.42,1,1.63,1
torchinferno,self_consistency,533,326.28,0.00,452.31,1,2.21,1
torchinferno,self_consistency,534,385.99,0.00,481.56,1,2.08,1
torchinferno,self_consistency,535,508.10,0.00,595.40,1,1.68,1
torchinferno,self_consistency,536,440.67,0.00,562.76,1,1.78,1
torchinferno,self_consistency,537,460.51,0.00,470.10,1,2.13,1
torchinferno,self_consistency,538,493.54,0.00,563.44,1,1.77,1
torchinferno,self_consistency,539,331.26,0.00,402.44,1,2.48,1
torchinferno,self_consistency,540,435.23,0.00,508.41,1,1.97,1
torchinferno,self_consistency,541,389.78,0.00,528.92,1,1.89,1
torchinferno,self_consistency,542,548.45,0.00,587.16,1,1.70,1
torchinferno,self_consistency,543,412.79,0.00,528.04,1,1.89,1
torchinferno,self_consistency,544,375.84,0.00,523.72,1,1.91,1
torchinferno,self_consistency,545,475.31,0.00,483.77,1,2.07,1
torchinferno,self_consistency,546,412.41,0.00,529.27,1,1.89,1
torchinferno,self_consistency,547,395.57,0.00,513.93,1,1.95,1
torchinferno,self_consistency,548,476.08,0.00,661.21,1,1.51,1
torchinferno,self_consistency,549,385.40,0.00,487.96,1,2.05,1
torchinferno,self_consistency,550,329.84,0.00,418.31,1,2.39,1
torchinferno,self_consistency,551,337.76,0.00,437.75,1,2.28,1
torchinferno,self_consistency,552,373.68,0.00,474.41,1,2.11,1
torchinferno,self_consistency,553,382.31,0.00,464.95,1,2.15,1
torchinferno,self_consistency,554,386.79,0.00,461.50,1,2.17,1
torchinferno,self_consistency,555,359.48,0.00,469.45,1,2.13,1
torchinferno,self_consistency,556,304.51,0.00,424.31,1,2.36,1
torchinferno,self_consistency,557,369.44,0.00,466.14,1,2.15,1
torchinferno,self_consistency,558,320.76,0.00,429.10,1,2.33,1
torchinferno,self_consistency,559,249.23,0.00,369.47,1,2.71,1
torchinferno,self_consistency,560,379.94,0.00,493.48,1,2.03,1
torchinferno,self_consistency,561,332.40,0.00,444.27,1,2.25,1
torchinferno,self_consistency,562,329.33,0.00,461.68,1,2.17,1
torchinferno,self_consistency,563,383.19,0.00,474.68,1,2.11,1
torchinferno,self_consistency,564,350.42,0.00,458.72,1,2.18,1
torchinferno,self_consistency,565,336.57,0.00,471.71,1,2.12,1
torchinferno,self_consistency,566,299.43,0.00,434.50,1,2.30,1
torchinferno,self_consistency,567,333.88,0.00,459.54,1,2.18,1
torchinferno,self_consistency,568,422.53,0.00,522.20,1,1.91,1
torchinferno,self_consistency,569,396.03,0.00,502.11,1,1.99,1
torchinferno,self_consistency,570,350.77,0.00,452.82,1,2.21,1
torchinferno,self_consistency,571,349.55,0.00,458.50,1,2.18,1
torchinferno,self_consistency,572,352.92,0.00,484.12,1,2.07,1
torchinferno,self_consistency,573,362.29,0.00,504.64,1,1.98,1
torchinferno,self_consistency,574,341.87,0.00,492.46,1,2.03,1
torchinferno,self_consistency,575,326.35,0.00,454.09,1,2.20,1
torchinferno,self_consistency,576,352.27,0.00,489.97,1,2.04,1
torchinferno,self_consistency,577,367.26,0.00,521.06,1,1.92,1
torchinferno,self_consistency,578,416.94,0.00,526.66,1,1.90,1
torchinferno,self_consistency,579,326.32,0.00,477.76,1,2.09,1
torchinferno,self_consistency,580,332.16,0.00,485.31,1,2.06,1
torchinferno,self_consistency,581,333.06,0.00,485.21,1,2.06,1
torchinferno,self_consistency,582,316.05,0.00,467.20,1,2.14,1
torchinferno,self_consistency,583,378.89,0.00,523.61,1,1.91,1
torchinferno,self_consistency,584,324.60,0.00,493.08,1,2.03,1
torchinferno,self_consistency,585,396.08,0.00,546.63,1,1.83,1
torchinferno,self_consistency,586,405.86,0.00,526.23,1,1.90,1
torchinferno,self_consistency,587,404.65,0.00,545.34,1,1.83,1
torchinferno,self_consistency,588,394.30,0.00,548.16,1,1.82,1
torchinferno,self_consistency,589,345.30,0.00,493.21,1,2.03,1
torchinferno,self_consistency,590,375.29,0.00,552.59,1,1.81,1
torchinferno,self_consistency,591,368.63,0.00,533.43,1,1.87,1
torchinferno,self_consistency,592,375.99,0.00,517.99,1,1.93,1
torchinferno,self_consistency,593,400.28,0.00,543.22,1,1.84,1
torchinferno,self_consistency,594,428.08,0.00,557.84,1,1.79,1
torchinferno,self_consistency,595,386.04,0.00,518.79,1,1.93,1
torchinferno,self_consistency,596,355.68,0.00,525.21,1,1.90,1
torchinferno,self_consistency,597,377.35,0.00,489.31,1,2.04,1
torchinferno,self_consistency,598,361.31,0.00,452.42,1,2.21,1
torchinferno,self_consistency,599,350.75,0.00,444.58,1,2.25,1
torchinferno,self_consistency,600,399.06,0.00,495.46,1,2.02,1
torchinferno,self_consistency,601,348.19,0.00,445.30,1,2.25,1
torchinferno,self_consistency,602,382.98,0.00,482.79,1,2.07,1
torchinferno,self_consistency,603,357.01,0.00,465.53,1,2.15,1
torchinferno,self_consistency,604,372.43,0.00,489.05,1,2.04,1
torchinferno,self_consistency,605,361.33,0.00,479.97,1,2.08,1
torchinferno,self_consistency,606,239.66,0.00,363.72,1,2.75,1
torchinferno,self_consistency,607,389.82,0.00,511.78,1,1.95,1
torchinferno,self_consistency,608,240.28,0.00,370.71,1,2.70,1
torchinferno,self_consistency,609,386.57,0.00,517.25,1,1.93,1
torchinferno,self_consistency,610,391.55,0.00,523.25,1,1.91,1
torchinferno,self_consistency,611,290.39,0.00,424.00,1,2.36,1
torchinferno,self_consistency,612,330.93,0.00,459.26,1,2.18,1
torchinferno,self_consistency,613,375.18,0.00,503.70,1,1.99,1
torchinferno,self_consistency,614,306.52,0.00,447.87,1,2.23,1
torchinferno,self_consistency,615,342.66,0.00,486.74,1,2.05,1
torchinferno,self_consistency,616,321.23,0.00,460.02,1,2.17,1
torchinferno,self_consistency,617,386.13,0.00,534.25,1,1.87,1
torchinferno,self_consistency,618,376.22,0.00,521.30,1,1.92,1
torchinferno,self_consistency,619,368.68,0.00,506.86,1,1.97,1
torchinferno,self_consistency,620,373.06,0.00,519.82,1,1.92,1
torchinferno,self_consistency,621,317.36,0.00,464.50,1,2.15,1
torchinferno,self_consistency,622,329.16,0.00,474.08,1,2.11,1
torchinferno,self_consistency,623,299.44,0.00,445.28,1,2.25,1
torchinferno,self_consistency,624,335.53,0.00,492.42,1,2.03,1
torchinferno,self_consistency,625,251.16,0.00,402.44,1,2.48,1
torchinferno,self_consistency,626,289.33,0.00,439.38,1,2.28,1
torchinferno,self_consistency,627,376.36,0.00,539.68,1,1.85,1
torchinferno,self_consistency,628,331.86,0.00,486.33,1,2.06,1
torchinferno,self_consistency,629,389.37,0.00,546.33,1,1.83,1
torchinferno,self_consistency,630,339.80,0.00,505.38,1,1.98,1
torchinferno,self_consistency,631,292.72,0.00,461.27,1,2.17,1
torchinferno,self_consistency,632,373.20,0.00,532.11,1,1.88,1
torchinferno,self_consistency,633,335.81,0.00,505.74,1,1.98,1
torchinferno,self_consistency,634,333.48,0.00,512.68,1,1.95,1
torchinferno,self_consistency,635,282.39,0.00,449.63,1,2.22,1
torchinferno,self_consistency,636,369.86,0.00,454.15,1,2.20,1
torchinferno,self_consistency,637,351.45,0.00,522.63,1,1.91,1
torchinferno,self_consistency,638,351.80,0.00,397.65,1,2.51,1
torchinferno,self_consistency,639,377.77,0.00,403.35,1,2.48,1
torchinferno,self_consistency,640,543.82,0.00,555.43,1,1.80,1
torchinferno,self_consistency,641,335.18,0.00,515.26,1,1.94,1
torchinferno,self_consistency,642,313.84,0.00,355.70,1,2.81,1
torchinferno,self_consistency,643,311.21,0.00,499.47,1,2.00,1
torchinferno,self_consistency,644,321.74,0.00,514.69,1,1.94,1
torchinferno,self_consistency,645,385.62,0.00,454.06,1,2.20,1
torchinferno,self_consistency,646,420.36,0.00,483.08,1,2.07,1
torchinferno,self_consistency,647,312.73,0.00,510.58,1,1.96,1
torchinferno,self_consistency,648,422.52,0.00,489.03,1,2.04,1
torchinferno,self_consistency,649,397.63,0.00,463.63,1,2.16,1
torchinferno,self_consistency,650,443.59,0.00,497.59,1,2.01,1
torchinferno,self_consistency,651,328.25,0.00,534.34,1,1.87,1
torchinferno,self_consistency,652,422.27,0.00,493.21,1,2.03,1
torchinferno,self_consistency,653,449.56,0.00,557.98,1,1.79,1
torchinferno,self_consistency,654,436.22,0.00,542.11,1,1.84,1
torchinferno,self_consistency,655,406.71,0.00,478.30,1,2.09,1
torchinferno,self_consistency,656,438.74,0.00,521.17,1,1.92,1
torchinferno,self_consistency,657,358.22,0.00,471.76,1,2.12,1
torchinferno,self_consistency,658,536.14,0.00,549.54,1,1.82,1
torchinferno,self_consistency,659,321.77,0.00,542.94,1,1.84,1
torchinferno,self_consistency,660,456.70,0.00,538.94,1,1.86,1
torchinferno,self_consistency,661,324.46,0.00,561.84,1,1.78,1
torchinferno,self_consistency,662,380.22,0.00,607.56,1,1.65,1
torchinferno,self_consistency,663,485.85,0.00,486.45,1,2.06,1
torchinferno,self_consistency,664,518.74,0.00,543.16,1,1.84,1
torchinferno,self_consistency,665,461.99,0.00,546.09,1,1.83,1
torchinferno,self_consistency,666,473.66,0.00,497.98,1,2.01,1
torchinferno,self_consistency,667,370.78,0.00,521.59,1,1.92,1
torchinferno,self_consistency,668,354.89,0.00,512.09,1,1.95,1
torchinferno,self_consistency,669,348.18,0.00,485.24,1,2.06,1
torchinferno,self_consistency,670,455.71,0.00,564.97,1,1.77,1
torchinferno,self_consistency,671,382.32,0.00,546.72,1,1.83,1
torchinferno,self_consistency,672,482.29,0.00,620.34,1,1.61,1
torchinferno,self_consistency,673,486.30,0.00,501.20,1,2.00,1
torchinferno,self_consistency,674,362.51,0.00,467.75,1,2.14,1
torchinferno,self_consistency,675,285.80,0.00,555.97,1,1.80,1
torchinferno,self_consistency,676,354.75,0.00,541.55,1,1.85,1
torchinferno,self_consistency,677,358.96,0.00,464.84,1,2.15,1
torchinferno,self_consistency,678,320.22,0.00,426.25,1,2.35,1
torchinferno,self_consistency,679,327.96,0.00,439.50,1,2.28,1
torchinferno,self_consistency,680,380.70,0.00,484.64,1,2.06,1
torchinferno,self_consistency,681,418.04,0.00,485.18,1,2.06,1
torchinferno,self_consistency,682,397.48,0.00,485.27,1,2.06,1
torchinferno,self_consistency,683,436.72,0.00,555.36,1,1.80,1
torchinferno,self_consistency,684,426.88,0.00,506.49,1,1.97,1
torchinferno,self_consistency,685,332.31,0.00,452.33,1,2.21,1
torchinferno,self_consistency,686,373.48,0.00,490.61,1,2.04,1
torchinferno,self_consistency,687,331.68,0.00,461.08,1,2.17,1
torchinferno,self_consistency,688,381.28,0.00,432.99,1,2.31,1
torchinferno,self_consistency,689,379.28,0.00,463.77,1,2.16,1
torchinferno,self_consistency,690,426.07,0.00,495.38,1,2.02,1
torchinferno,self_consistency,691,354.96,0.00,460.79,1,2.17,1
torchinferno,self_consistency,692,354.21,0.00,465.29,1,2.15,1
torchinferno,self_consistency,693,322.16,0.00,456.86,1,2.19,1
torchinferno,self_consistency,694,362.94,0.00,490.26,1,2.04,1
torchinferno,self_consistency,695,365.67,0.00,466.46,1,2.14,1
torchinferno,self_consistency,696,391.76,0.00,480.76,1,2.08,1
torchinferno,self_consistency,697,346.62,0.00,462.49,1,2.16,1
torchinferno,self_consistency,698,377.61,0.00,510.21,1,1.96,1
torchinferno,self_consistency,699,391.07,0.00,396.10,1,2.52,1
torchinferno,self_consistency,700,339.31,0.00,484.38,1,2.06,1
torchinferno,self_consistency,701,332.16,0.00,474.18,1,2.11,1
torchinferno,self_consistency,702,356.34,0.00,477.08,1,2.10,1
torchinferno,self_consistency,703,359.82,0.00,505.27,1,1.98,1
torchinferno,self_consistency,704,446.72,0.00,537.57,1,1.86,1
torchinferno,self_consistency,705,390.91,0.00,516.13,1,1.94,1
torchinferno,self_consistency,706,374.56,0.00,522.42,1,1.91,1
torchinferno,self_consistency,707,325.00,0.00,490.43,1,2.04,1
torchinferno,self_consistency,708,326.20,0.00,481.15,1,2.08,1
torchinferno,self_consistency,709,309.73,0.00,478.98,1,2.09,1
torchinferno,self_consistency,710,343.91,0.00,512.73,1,1.95,1
torchinferno,self_consistency,711,390.32,0.00,558.01,1,1.79,1
torchinferno,self_consistency,712,422.03,0.00,540.42,1,1.85,1
torchinferno,self_consistency,713,378.26,0.00,538.08,1,1.86,1
torchinferno,self_consistency,714,392.64,0.00,532.79,1,1.88,1
torchinferno,self_consistency,715,388.39,0.00,551.96,1,1.81,1
torchinferno,self_consistency,716,340.08,0.00,486.21,1,2.06,1
torchinferno,self_consistency,717,316.94,0.00,502.04,1,1.99,1
torchinferno,self_consistency,718,408.59,0.00,572.50,1,1.75,1
torchinferno,self_consistency,719,362.40,0.00,538.65,1,1.86,1
torchinferno,self_consistency,720,383.94,0.00,539.87,1,1.85,1
torchinferno,self_consistency,721,356.84,0.00,517.50,1,1.93,1
torchinferno,self_consistency,722,397.73,0.00,559.45,1,1.79,1
torchinferno,self_consistency,723,346.32,0.00,513.96,1,1.95,1
torchinferno,self_consistency,724,403.66,0.00,595.42,1,1.68,1
torchinferno,self_consistency,725,392.81,0.00,566.18,1,1.77,1
torchinferno,self_consistency,726,242.18,0.00,347.22,1,2.88,1
torchinferno,self_consistency,727,226.47,0.00,332.30,1,3.01,1
torchinferno,self_consistency,728,168.03,0.00,238.55,1,4.19,1
torchinferno,self_consistency,729,165.67,0.00,257.47,1,3.88,1
torchinferno,self_consistency,730,181.65,0.00,265.48,1,3.77,1
torchinferno,self_consistency,731,196.37,0.00,292.15,1,3.42,1
torchinferno,self_consistency,732,193.88,0.00,281.69,1,3.55,1
torchinferno,self_consistency,733,229.19,0.00,319.15,1,3.13,1
torchinferno,self_consistency,734,224.39,0.00,314.97,1,3.17,1
torchinferno,self_consistency,735,207.61,0.00,327.28,1,3.06,1
torchinferno,self_consistency,736,220.93,0.00,330.35,1,3.03,1
torchinferno,self_consistency,737,306.24,0.00,369.30,1,2.71,1
torchinferno,self_consistency,738,217.58,0.00,339.38,1,2.95,1
torchinferno,self_consistency,739,230.28,0.00,326.01,1,3.07,1
torchinferno,self_consistency,740,309.09,0.00,393.72,1,2.54,1
torchinferno,self_consistency,741,268.86,0.00,355.25,1,2.81,1
torchinferno,self_consistency,742,245.11,0.00,353.25,1,2.83,1
torchinferno,self_consistency,743,155.45,0.00,267.74,1,3.73,1
torchinferno,self_consistency,744,264.25,0.00,374.91,1,2.67,1
torchinferno,self_consistency,745,233.24,0.00,323.53,1,3.09,1
torchinferno,self_consistency,746,282.41,0.00,377.01,1,2.65,1
torchinferno,self_consistency,747,175.96,0.00,259.19,1,3.86,1
torchinferno,self_consistency,748,255.22,0.00,363.59,1,2.75,1
torchinferno,self_consistency,749,284.69,0.00,373.82,1,2.68,1
torchinferno,self_consistency,750,184.45,0.00,323.55,1,3.09,1
torchinferno,self_consistency,751,233.64,0.00,372.32,1,2.69,1
torchinferno,self_consistency,752,285.06,0.00,398.74,1,2.51,1
torchinferno,self_consistency,753,263.75,0.00,418.79,1,2.39,1
torchinferno,self_consistency,754,217.68,0.00,355.06,1,2.82,1
torchinferno,self_consistency,755,236.28,0.00,380.76,1,2.63,1
torchinferno,self_consistency,756,237.99,0.00,378.20,1,2.64,1
torchinferno,self_consistency,757,299.70,0.00,434.12,1,2.30,1
torchinferno,self_consistency,758,208.62,0.00,330.40,1,3.03,1
torchinferno,self_consistency,759,163.77,0.00,327.20,1,3.06,1
torchinferno,self_consistency,760,307.78,0.00,431.12,1,2.32,1
torchinferno,self_consistency,761,168.13,0.00,292.01,1,3.42,1
torchinferno,self_consistency,762,132.28,0.00,288.79,1,3.46,1
torchinferno,self_consistency,763,205.72,0.00,374.15,1,2.67,1
torchinferno,self_consistency,764,271.55,0.00,391.09,1,2.56,1
torchinferno,self_consistency,765,289.03,0.00,451.36,1,2.22,1
torchinferno,self_consistency,766,274.99,0.00,410.23,1,2.44,1
torchinferno,self_consistency,767,155.57,0.00,338.05,1,2.96,1
torchinferno,self_consistency,768,196.13,0.00,382.28,1,2.62,1
torchinferno,self_consistency,769,214.09,0.00,378.61,1,2.64,1
torchinferno,self_consistency,770,317.34,0.00,333.35,1,3.00,1
torchinferno,self_consistency,771,219.29,0.00,375.96,1,2.66,1
torchinferno,self_consistency,772,257.34,0.00,269.91,1,3.70,1
torchinferno,self_consistency,773,277.61,0.00,325.14,1,3.08,1
torchinferno,self_consistency,774,326.06,0.00,358.90,1,2.79,1
torchinferno,self_consistency,775,366.56,0.00,386.51,1,2.59,1
torchinferno,self_consistency,776,254.31,0.00,302.04,1,3.31,1
torchinferno,self_consistency,777,258.39,0.00,438.85,1,2.28,1
torchinferno,self_consistency,778,322.39,0.00,377.73,1,2.65,1
torchinferno,self_consistency,779,192.30,0.00,353.82,1,2.83,1
torchinferno,self_consistency,780,241.13,0.00,304.11,1,3.29,1
torchinferno,self_consistency,781,235.03,0.00,451.17,1,2.22,1
torchinferno,self_consistency,782,392.84,0.00,456.48,1,2.19,1
torchinferno,self_consistency,783,296.36,0.00,378.08,1,2.64,1
torchinferno,self_consistency,784,290.28,0.00,383.41,1,2.61,1
torchinferno,self_consistency,785,308.63,0.00,392.51,1,2.55,1
torchinferno,self_consistency,786,422.91,0.00,462.04,1,2.16,1
torchinferno,self_consistency,787,316.67,0.00,436.29,1,2.29,1
torchinferno,self_consistency,788,350.28,0.00,441.35,1,2.27,1
torchinferno,self_consistency,789,257.37,0.00,336.85,1,2.97,1
torchinferno,self_consistency,790,307.43,0.00,377.04,1,2.65,1
torchinferno,self_consistency,791,291.59,0.00,419.82,1,2.38,1
torchinferno,self_consistency,792,396.74,0.00,434.99,1,2.30,1
torchinferno,self_consistency,793,330.15,0.00,453.76,1,2.20,1
torchinferno,self_consistency,794,286.29,0.00,350.61,1,2.85,1
torchinferno,self_consistency,795,360.26,0.00,433.88,1,2.30,1
torchinferno,self_consistency,796,309.77,0.00,430.03,1,2.33,1
torchinferno,self_consistency,797,312.04,0.00,446.83,1,2.24,1
torchinferno,self_consistency,798,259.81,0.00,405.95,1,2.46,1
torchinferno,self_consistency,799,321.09,0.00,559.22,1,1.79,1
torchinferno,self_consistency,800,263.13,0.00,484.89,1,2.06,1
torchinferno,self_consistency,801,279.60,0.00,506.94,1,1.97,1
torchinferno,self_consistency,802,217.70,0.00,448.38,1,2.23,1
torchinferno,self_consistency,803,238.05,0.00,480.04,1,2.08,1
torchinferno,self_consistency,804,420.70,0.00,643.17,1,1.55,1
torchinferno,self_consistency,805,251.31,0.00,494.17,1,2.02,1
torchinferno,self_consistency,806,234.09,0.00,470.45,1,2.13,1
torchinferno,self_consistency,807,227.72,0.00,487.48,1,2.05,1
torchinferno,self_consistency,808,230.24,0.00,487.91,1,2.05,1
torchinferno,self_consistency,809,340.85,0.00,589.83,1,1.70,1
torchinferno,self_consistency,810,225.58,0.00,489.23,1,2.04,1
torchinferno,self_consistency,811,229.18,0.00,448.86,1,2.23,1
torchinferno,self_consistency,812,279.13,0.00,502.65,1,1.99,1
torchinferno,self_consistency,813,264.95,0.00,518.56,1,1.93,1
torchinferno,self_consistency,814,258.91,0.00,526.81,1,1.90,1
torchinferno,self_consistency,815,215.13,0.00,480.67,1,2.08,1
torchinferno,self_consistency,816,334.72,0.00,596.15,1,1.68,1
torchinferno,self_consistency,817,233.66,0.00,489.01,1,2.04,1
torchinferno,self_consistency,818,280.89,0.00,524.58,1,1.91,1
torchinferno,self_consistency,819,263.58,0.00,501.28,1,1.99,1
torchinferno,self_consistency,820,232.90,0.00,513.44,1,1.95,1
torchinferno,self_consistency,821,192.21,0.00,461.84,1,2.17,1
torchinferno,self_consistency,822,175.77,0.00,455.30,1,2.20,1
torchinferno,self_consistency,823,320.17,0.00,540.19,1,1.85,1
torchinferno,self_consistency,824,253.29,0.00,543.42,1,1.84,1
torchinferno,self_consistency,825,251.37,0.00,522.94,1,1.91,1
torchinferno,self_consistency,826,238.22,0.00,530.68,1,1.88,1
torchinferno,self_consistency,827,391.85,0.00,652.39,1,1.53,1
torchinferno,self_consistency,828,230.92,0.00,517.32,1,1.93,1
torchinferno,self_consistency,829,195.42,0.00,467.62,1,2.14,1
torchinferno,self_consistency,830,252.34,0.00,541.41,1,1.85,1
torchinferno,self_consistency,831,279.48,0.00,568.23,1,1.76,1
torchinferno,self_consistency,832,351.80,0.00,635.78,1,1.57,1
torchinferno,self_consistency,833,211.00,0.00,512.90,1,1.95,1
torchinferno,self_consistency,834,275.99,0.00,566.71,1,1.76,1
torchinferno,self_consistency,835,213.27,0.00,514.83,1,1.94,1
torchinferno,self_consistency,836,231.94,0.00,512.57,1,1.95,1
torchinferno,self_consistency,837,467.54,0.00,495.23,1,2.02,1
torchinferno,self_consistency,838,276.66,0.00,575.27,1,1.74,1
torchinferno,self_consistency,839,243.27,0.00,537.09,1,1.86,1
torchinferno,self_consistency,840,447.50,0.00,472.49,1,2.12,1
torchinferno,self_consistency,841,229.82,0.00,508.98,1,1.96,1
torchinferno,self_consistency,842,308.11,0.00,572.81,1,1.75,1
torchinferno,self_consistency,843,195.96,0.00,515.59,1,1.94,1
torchinferno,self_consistency,844,219.68,0.00,534.80,1,1.87,1
torchinferno,self_consistency,845,441.27,0.00,441.58,1,2.26,1
torchinferno,self_consistency,846,274.89,0.00,577.33,1,1.73,1
torchinferno,self_consistency,847,207.24,0.00,507.08,1,1.97,1
torchinferno,self_consistency,848,428.36,0.00,435.96,1,2.29,1
torchinferno,self_consistency,849,285.57,0.00,603.90,1,1.66,1
torchinferno,self_consistency,850,436.72,0.00,498.69,1,2.01,1
torchinferno,self_consistency,851,185.63,0.00,527.86,1,1.89,1
torchinferno,self_consistency,852,545.73,0.00,548.80,1,1.82,1
torchinferno,self_consistency,853,352.90,0.00,452.82,1,2.21,1
torchinferno,self_consistency,854,438.66,0.00,554.52,1,1.80,1
torchinferno,self_consistency,855,439.44,0.00,529.34,1,1.89,1
torchinferno,self_consistency,856,439.16,0.00,587.17,1,1.70,1
torchinferno,self_consistency,857,474.47,0.00,566.13,1,1.77,1
torchinferno,self_consistency,858,440.75,0.00,539.74,1,1.85,1
torchinferno,self_consistency,859,446.42,0.00,553.62,1,1.81,1
torchinferno,self_consistency,860,466.66,0.00,572.93,1,1.75,1
torchinferno,self_consistency,861,384.91,0.00,490.28,1,2.04,1
torchinferno,self_consistency,862,372.16,0.00,469.40,1,2.13,1
torchinferno,self_consistency,863,395.18,0.00,498.38,1,2.01,1
torchinferno,self_consistency,864,461.48,0.00,592.67,1,1.69,1
torchinferno,self_consistency,865,384.64,0.00,469.44,1,2.13,1
torchinferno,self_consistency,866,435.71,0.00,556.75,1,1.80,1
torchinferno,self_consistency,867,355.06,0.00,492.21,1,2.03,1
torchinferno,self_consistency,868,394.33,0.00,529.22,1,1.89,1
torchinferno,self_consistency,869,414.71,0.00,544.10,1,1.84,1
torchinferno,self_consistency,870,381.43,0.00,518.71,1,1.93,1
torchinferno,self_consistency,871,483.34,0.00,588.69,1,1.70,1
torchinferno,self_consistency,872,395.50,0.00,543.55,1,1.84,1
torchinferno,self_consistency,873,365.39,0.00,501.24,1,2.00,1
torchinferno,self_consistency,874,410.95,0.00,542.17,1,1.84,1
torchinferno,self_consistency,875,437.77,0.00,575.96,1,1.74,1
torchinferno,self_consistency,876,494.24,0.00,609.41,1,1.64,1
torchinferno,self_consistency,877,411.59,0.00,558.82,1,1.79,1
torchinferno,self_consistency,878,405.12,0.00,551.12,1,1.81,1
torchinferno,self_consistency,879,413.73,0.00,539.40,1,1.85,1
torchinferno,self_consistency,880,390.85,0.00,532.74,1,1.88,1
torchinferno,self_consistency,881,457.22,0.00,600.01,1,1.67,1
torchinferno,self_consistency,882,384.34,0.00,531.12,1,1.88,1
torchinferno,self_consistency,883,417.11,0.00,559.78,1,1.79,1
torchinferno,self_consistency,884,476.33,0.00,595.24,1,1.68,1
torchinferno,self_consistency,885,463.08,0.00,615.29,1,1.63,1
torchinferno,self_consistency,886,339.55,0.00,475.71,1,2.10,1
torchinferno,self_consistency,887,321.63,0.00,463.80,1,2.16,1
torchinferno,self_consistency,888,460.04,0.00,584.48,1,1.71,1
torchinferno,self_consistency,889,420.61,0.00,574.06,1,1.74,1
torchinferno,self_consistency,890,416.82,0.00,555.81,1,1.80,1
torchinferno,self_consistency,891,385.43,0.00,524.45,1,1.91,1
torchinferno,self_consistency,892,447.45,0.00,608.18,1,1.64,1
torchinferno,self_consistency,893,442.85,0.00,597.19,1,1.67,1
torchinferno,self_consistency,894,336.31,0.00,482.27,1,2.07,1
torchinferno,self_consistency,895,392.46,0.00,532.93,1,1.88,1
torchinferno,self_consistency,896,410.10,0.00,562.76,1,1.78,1
torchinferno,self_consistency,897,312.65,0.00,472.73,1,2.12,1
torchinferno,self_consistency,898,353.38,0.00,511.75,1,1.95,1
torchinferno,self_consistency,899,368.24,0.00,516.28,1,1.94,1
torchinferno,self_consistency,900,427.09,0.00,578.53,1,1.73,1
torchinferno,self_consistency,901,451.06,0.00,601.75,1,1.66,1
torchinferno,self_consistency,902,404.32,0.00,549.79,1,1.82,1
torchinferno,self_consistency,903,396.30,0.00,558.89,1,1.79,1
torchinferno,self_consistency,904,494.04,0.00,631.63,1,1.58,1
torchinferno,self_consistency,905,469.03,0.00,550.45,1,1.82,1
torchinferno,self_consistency,906,516.13,0.00,564.22,1,1.77,1
torchinferno,self_consistency,907,556.45,0.00,605.68,1,1.65,1
torchinferno,self_consistency,908,563.78,0.00,637.08,1,1.57,1
torchinferno,self_consistency,909,444.81,0.00,486.96,1,2.05,1
torchinferno,self_consistency,910,578.72,0.00,625.12,1,1.60,1
torchinferno,self_consistency,911,228.61,0.00,308.61,1,3.24,1
torchinferno,self_consistency,912,480.49,0.00,566.04,1,1.77,1
torchinferno,self_consistency,913,508.12,0.00,564.76,1,1.77,1
torchinferno,self_consistency,914,526.01,0.00,569.47,1,1.76,1
torchinferno,self_consistency,915,467.19,0.00,523.85,1,1.91,1
torchinferno,self_consistency,916,595.81,0.00,660.40,1,1.51,1
torchinferno,self_consistency,917,392.68,0.00,481.81,1,2.08,1
torchinferno,self_consistency,918,557.79,0.00,606.90,1,1.65,1
torchinferno,self_consistency,919,474.64,0.00,522.69,1,1.91,1
torchinferno,self_consistency,920,455.61,0.00,542.54,1,1.84,1
torchinferno,self_consistency,921,491.46,0.00,564.71,1,1.77,1
torchinferno,self_consistency,922,496.17,0.00,546.40,1,1.83,1
torchinferno,self_consistency,923,541.24,0.00,592.93,1,1.69,1
torchinferno,self_consistency,924,582.71,0.00,638.95,1,1.57,1
torchinferno,self_consistency,925,470.25,0.00,539.55,1,1.85,1
torchinferno,self_consistency,926,476.15,0.00,528.60,1,1.89,1
torchinferno,self_consistency,927,546.23,0.00,627.99,1,1.59,1
torchinferno,self_consistency,928,322.09,0.00,417.48,1,2.40,1
torchinferno,self_consistency,929,257.15,0.00,357.79,1,2.79,1
torchinferno,self_consistency,930,242.93,0.00,331.17,1,3.02,1
torchinferno,self_consistency,931,269.29,0.00,368.20,1,2.72,1
torchinferno,self_consistency,932,317.43,0.00,418.13,1,2.39,1
torchinferno,self_consistency,933,312.38,0.00,411.97,1,2.43,1
torchinferno,self_consistency,934,327.38,0.00,433.68,1,2.31,1
torchinferno,self_consistency,935,237.10,0.00,344.93,1,2.90,1
torchinferno,self_consistency,936,270.51,0.00,377.50,1,2.65,1
torchinferno,self_consistency,937,307.70,0.00,405.22,1,2.47,1
torchinferno,self_consistency,938,314.44,0.00,423.96,1,2.36,1
torchinferno,self_consistency,939,278.93,0.00,382.51,1,2.61,1
torchinferno,self_consistency,940,273.27,0.00,377.40,1,2.65,1
torchinferno,self_consistency,941,321.01,0.00,427.71,1,2.34,1
torchinferno,self_consistency,942,242.34,0.00,351.23,1,2.85,1
torchinferno,self_consistency,943,255.23,0.00,356.07,1,2.81,1
torchinferno,self_consistency,944,340.24,0.00,442.75,1,2.26,1
torchinferno,self_consistency,945,248.74,0.00,347.37,1,2.88,1
torchinferno,self_consistency,946,266.07,0.00,368.19,1,2.72,1
torchinferno,self_consistency,947,272.73,0.00,374.87,1,2.67,1
torchinferno,self_consistency,948,259.88,0.00,365.57,1,2.74,1
torchinferno,self_consistency,949,279.68,0.00,393.09,1,2.54,1
torchinferno,self_consistency,950,296.76,0.00,399.62,1,2.50,1
torchinferno,self_consistency,951,307.10,0.00,424.94,1,2.35,1
torchinferno,self_consistency,952,298.40,0.00,407.67,1,2.45,1
torchinferno,self_consistency,953,254.13,0.00,367.53,1,2.72,1
torchinferno,self_consistency,954,311.87,0.00,423.00,1,2.36,1
torchinferno,self_consistency,955,304.56,0.00,415.18,1,2.41,1
torchinferno,self_consistency,956,297.59,0.00,413.40,1,2.42,1
torchinferno,self_consistency,957,322.36,0.00,439.65,1,2.27,1
torchinferno,self_consistency,958,309.69,0.00,424.30,1,2.36,1
torchinferno,self_consistency,959,270.59,0.00,383.91,1,2.60,1
torchinferno,self_consistency,960,259.37,0.00,379.62,1,2.63,1
torchinferno,self_consistency,961,324.47,0.00,434.67,1,2.30,1
torchinferno,self_consistency,962,299.36,0.00,411.60,1,2.43,1
torchinferno,self_consistency,963,313.10,0.00,423.85,1,2.36,1
torchinferno,self_consistency,964,263.25,0.00,388.00,1,2.58,1
torchinferno,self_consistency,965,324.82,0.00,449.82,1,2.22,1
torchinferno,self_consistency,966,306.61,0.00,423.06,1,2.36,1
torchinferno,self_consistency,967,291.02,0.00,409.87,1,2.44,1
torchinferno,self_consistency,968,241.08,0.00,365.98,1,2.73,1
torchinferno,self_consistency,969,246.03,0.00,373.01,1,2.68,1
torchinferno,self_consistency,970,333.49,0.00,458.92,1,2.18,1
torchinferno,self_consistency,971,314.09,0.00,439.90,1,2.27,1
torchinferno,self_consistency,972,284.27,0.00,403.01,1,2.48,1
torchinferno,self_consistency,973,317.67,0.00,434.71,1,2.30,1
torchinferno,self_consistency,974,276.48,0.00,398.26,1,2.51,1
torchinferno,self_consistency,975,316.98,0.00,437.42,1,2.29,1
torchinferno,self_consistency,976,371.69,0.00,448.17,1,2.23,1
torchinferno,self_consistency,977,351.41,0.00,415.66,1,2.41,1
torchinferno,self_consistency,978,211.67,0.00,273.11,1,3.66,1
torchinferno,self_consistency,979,381.44,0.00,464.50,1,2.15,1
torchinferno,self_consistency,980,190.03,0.00,273.41,1,3.66,1
torchinferno,self_consistency,981,236.25,0.00,298.48,1,3.35,1
torchinferno,self_consistency,982,296.52,0.00,364.54,1,2.74,1
torchinferno,self_consistency,983,384.72,0.00,470.76,1,2.12,1
torchinferno,self_consistency,984,224.61,0.00,284.89,1,3.51,1
torchinferno,self_consistency,985,214.99,0.00,277.43,1,3.60,1
torchinferno,self_consistency,986,219.91,0.00,302.15,1,3.31,1
torchinferno,self_consistency,987,203.16,0.00,283.50,1,3.53,1
torchinferno,self_consistency,988,316.21,0.00,392.54,1,2.55,1
torchinferno,self_consistency,989,204.58,0.00,290.25,1,3.45,1
torchinferno,self_consistency,990,229.10,0.00,295.82,1,3.38,1
torchinferno,self_consistency,991,378.00,0.00,441.89,1,2.26,1
torchinferno,self_consistency,992,330.92,0.00,408.37,1,2.45,1
torchinferno,self_consistency,993,189.16,0.00,271.32,1,3.69,1
torchinferno,self_consistency,994,299.75,0.00,390.33,1,2.56,1
torchinferno,self_consistency,995,198.06,0.00,274.88,1,3.64,1
torchinferno,self_consistency,996,204.74,0.00,284.13,1,3.52,1
torchinferno,self_consistency,997,207.30,0.00,294.88,1,3.39,1
torchinferno,self_consistency,998,226.17,0.00,290.62,1,3.44,1
torchinferno,self_consistency,999,212.48,0.00,296.85,1,3.37,1
torchinferno,multi_turn,0,1050.51,0.00,1196.60,1,0.84,1
torchinferno,multi_turn,1,442.78,0.00,485.54,1,2.06,1
torchinferno,multi_turn,2,569.69,0.00,667.23,1,1.50,1
torchinferno,multi_turn,3,906.72,0.00,977.70,1,1.02,1
torchinferno,multi_turn,4,395.71,0.00,441.02,1,2.27,1
torchinferno,multi_turn,5,617.66,60.26,677.92,2,2.95,1
torchinferno,multi_turn,6,340.51,0.00,352.44,1,2.84,1
torchinferno,multi_turn,7,448.05,0.00,448.36,1,2.23,1
torchinferno,multi_turn,8,624.28,0.00,637.12,1,1.57,1
torchinferno,multi_turn,9,1007.72,36.03,1043.75,2,1.92,1
torchinferno,multi_turn,10,597.31,100.38,697.69,2,2.87,1
torchinferno,multi_turn,11,898.60,71.22,969.83,2,2.06,1
torchinferno,multi_turn,12,384.37,0.00,449.08,1,2.23,1
torchinferno,multi_turn,13,612.64,0.00,653.94,1,1.53,1
torchinferno,multi_turn,14,348.66,23.02,371.69,2,5.38,0
torchinferno,multi_turn,15,419.36,0.00,519.85,1,1.92,1
torchinferno,multi_turn,16,934.26,0.00,1133.58,1,0.88,1
torchinferno,multi_turn,17,392.23,87.67,479.90,2,4.17,1
torchinferno,multi_turn,18,529.08,0.00,628.21,1,1.59,1
torchinferno,multi_turn,19,908.28,56.75,965.03,2,2.07,1
torchinferno,multi_turn,20,406.94,0.00,482.20,1,2.07,1
torchinferno,multi_turn,21,598.42,0.00,632.71,1,1.58,1
torchinferno,multi_turn,22,658.66,0.00,677.26,1,1.48,1
torchinferno,multi_turn,23,386.92,22.13,409.05,2,4.89,1
torchinferno,multi_turn,24,1025.97,0.00,1228.26,1,0.81,1
torchinferno,multi_turn,25,384.86,0.00,423.73,1,2.36,1
torchinferno,multi_turn,26,569.68,0.00,620.01,1,1.61,1
torchinferno,multi_turn,27,1033.00,0.00,1074.89,1,0.93,1
torchinferno,multi_turn,28,345.40,69.71,415.11,2,4.82,1
torchinferno,multi_turn,29,604.38,135.72,740.10,2,2.70,1
torchinferno,multi_turn,30,565.19,0.00,594.35,1,1.68,1
torchinferno,multi_turn,31,375.00,23.52,398.53,2,5.02,1
torchinferno,multi_turn,32,1005.33,212.69,1218.03,2,1.64,1
torchinferno,multi_turn,33,378.26,0.00,442.79,1,2.26,1
torchinferno,multi_turn,34,554.76,72.52,627.28,2,3.19,1
torchinferno,multi_turn,35,927.82,68.99,996.81,2,2.01,1
torchinferno,multi_turn,36,393.27,142.90,536.17,2,3.73,1
torchinferno,multi_turn,37,530.34,0.00,539.92,1,1.85,1
torchinferno,multi_turn,38,681.58,79.19,760.77,2,2.63,1
torchinferno,multi_turn,39,1524.74,0.00,1538.43,1,0.65,1
torchinferno,multi_turn,40,992.66,184.22,1176.89,2,1.70,1
torchinferno,multi_turn,41,399.22,0.00,453.95,1,2.20,1
torchinferno,multi_turn,42,563.54,0.00,633.53,1,1.58,1
torchinferno,multi_turn,43,931.25,36.19,967.44,2,2.07,1
torchinferno,multi_turn,44,796.95,39.48,836.43,2,2.39,1
torchinferno,multi_turn,45,422.88,0.00,432.98,1,2.31,1
torchinferno,multi_turn,46,536.48,21.48,557.97,2,3.58,1
torchinferno,multi_turn,47,1568.37,0.00,1589.38,1,0.63,1
torchinferno,multi_turn,48,1049.35,169.64,1218.99,2,1.64,1
torchinferno,multi_turn,49,405.18,91.27,496.45,2,4.03,1
torchinferno,multi_turn,50,544.39,0.00,581.93,1,1.72,1
torchinferno,multi_turn,51,959.17,0.00,973.04,1,1.03,1
torchinferno,multi_turn,52,454.68,0.00,558.48,1,1.79,1
torchinferno,multi_turn,53,562.01,0.00,581.73,1,1.72,1
torchinferno,multi_turn,54,883.15,0.00,883.48,1,1.13,1
torchinferno,multi_turn,55,1401.15,0.00,1412.89,1,0.71,1
torchinferno,multi_turn,56,1051.84,130.87,1182.71,2,1.69,1
torchinferno,multi_turn,57,451.29,55.96,507.25,2,3.94,1
torchinferno,multi_turn,58,567.08,52.54,619.62,2,3.23,1
torchinferno,multi_turn,59,961.46,119.02,1080.48,2,1.85,1
torchinferno,multi_turn,60,698.58,0.00,722.41,1,1.38,1
torchinferno,multi_turn,61,448.64,0.00,458.66,1,2.18,1
torchinferno,multi_turn,62,694.43,0.00,713.10,1,1.40,1
torchinferno,multi_turn,63,1417.24,0.00,1437.59,1,0.70,1
torchinferno,multi_turn,64,1025.25,0.00,1204.50,1,0.83,1
torchinferno,multi_turn,65,415.32,104.17,519.50,2,3.85,1
torchinferno,multi_turn,66,804.50,0.00,820.67,1,1.22,1
torchinferno,multi_turn,67,1154.04,0.00,1186.31,1,0.84,1
torchinferno,multi_turn,68,648.50,0.00,655.50,1,1.53,1
torchinferno,multi_turn,69,384.36,25.22,409.57,2,4.88,1
torchinferno,multi_turn,70,460.63,0.41,461.04,2,4.34,1
torchinferno,multi_turn,71,1419.17,37.90,1457.07,2,1.37,1
torchinferno,multi_turn,72,975.23,0.00,1159.33,1,0.86,1
torchinferno,multi_turn,73,397.63,0.00,411.84,1,2.43,1
torchinferno,multi_turn,74,604.34,0.00,687.78,1,1.45,1
torchinferno,multi_turn,75,925.52,0.00,1007.50,1,0.99,1
torchinferno,multi_turn,76,741.87,47.60,789.47,2,2.53,1
torchinferno,multi_turn,77,391.94,37.25,429.19,2,4.66,1
torchinferno,multi_turn,78,531.16,83.11,614.28,2,3.26,1
torchinferno,multi_turn,79,1514.80,0.00,1552.82,1,0.64,1
torchinferno,multi_turn,80,971.97,0.00,1100.54,1,0.91,1
torchinferno,multi_turn,81,445.38,0.00,497.75,1,2.01,1
torchinferno,multi_turn,82,569.40,0.00,595.80,1,1.68,1
torchinferno,multi_turn,83,992.33,74.17,1066.50,2,1.88,1
torchinferno,multi_turn,84,747.53,39.62,787.15,2,2.54,1
torchinferno,multi_turn,85,407.91,51.52,459.43,2,4.35,1
torchinferno,multi_turn,86,678.76,0.00,679.21,1,1.47,1
torchinferno,multi_turn,87,1428.55,0.00,1470.77,1,0.68,1
torchinferno,multi_turn,88,959.00,0.00,1138.19,1,0.88,1
torchinferno,multi_turn,89,402.31,0.00,478.37,1,2.09,1
torchinferno,multi_turn,90,547.04,0.00,619.45,1,1.61,1
torchinferno,multi_turn,91,928.04,0.00,1050.51,1,0.95,1
torchinferno,multi_turn,92,348.27,0.00,436.63,1,2.29,1
torchinferno,multi_turn,93,570.86,72.10,642.96,2,3.11,1
torchinferno,multi_turn,94,629.79,114.33,744.12,2,2.69,1
torchinferno,multi_turn,95,1495.08,43.13,1538.21,2,1.30,1
torchinferno,multi_turn,96,968.62,128.07,1096.69,2,1.82,1
torchinferno,multi_turn,97,447.71,0.00,469.80,1,2.13,1
torchinferno,multi_turn,98,612.13,59.72,671.86,2,2.98,1
torchinferno,multi_turn,99,927.34,0.00,985.82,1,1.01,1
torchinferno,multi_turn,100,411.87,0.00,522.07,1,1.92,1
torchinferno,multi_turn,101,556.62,0.00,662.38,1,1.51,1
torchinferno,multi_turn,102,597.53,124.87,722.39,2,2.77,1
torchinferno,multi_turn,103,1472.79,51.96,1524.75,2,1.31,1
torchinferno,multi_turn,104,1008.75,0.00,1169.10,1,0.86,1
torchinferno,multi_turn,105,415.92,0.00,454.53,1,2.20,1
torchinferno,multi_turn,106,592.28,0.00,641.47,1,1.56,1
torchinferno,multi_turn,107,949.15,0.00,1038.30,1,0.96,1
torchinferno,multi_turn,108,372.75,105.65,478.40,2,4.18,1
torchinferno,multi_turn,109,559.96,0.00,658.33,1,1.52,1
torchinferno,multi_turn,110,602.63,0.00,673.59,1,1.48,1
torchinferno,multi_turn,111,1534.54,0.00,1592.99,1,0.63,1
torchinferno,multi_turn,112,1038.71,0.00,1184.42,1,0.84,1
torchinferno,multi_turn,113,443.24,76.93,520.17,2,3.84,1
torchinferno,multi_turn,114,545.95,52.54,598.49,2,3.34,1
torchinferno,multi_turn,115,948.94,46.81,995.75,2,2.01,1
torchinferno,multi_turn,116,411.07,133.59,544.67,2,3.67,1
torchinferno,multi_turn,117,539.70,0.00,589.38,1,1.70,1
torchinferno,multi_turn,118,659.29,0.00,770.17,1,1.30,1
torchinferno,multi_turn,119,1485.98,64.65,1550.63,2,1.29,1
torchinferno,multi_turn,120,625.17,125.55,750.71,2,2.66,1
torchinferno,multi_turn,121,900.53,36.87,937.40,2,2.13,1
torchinferno,multi_turn,122,588.43,0.00,649.14,1,1.54,1
torchinferno,multi_turn,123,946.87,0.00,1070.08,1,0.93,1
torchinferno,multi_turn,124,698.52,0.00,710.19,1,1.41,1
torchinferno,multi_turn,125,458.38,0.00,480.06,1,2.08,1
torchinferno,multi_turn,126,646.50,36.52,683.01,2,2.93,1
torchinferno,multi_turn,127,1426.69,80.68,1507.37,2,1.33,1
torchinferno,multi_turn,128,931.96,0.00,1082.46,1,0.92,1
torchinferno,multi_turn,129,514.79,0.00,530.88,1,1.88,1
torchinferno,multi_turn,130,568.18,0.48,568.66,2,3.52,1
torchinferno,multi_turn,131,974.88,47.94,1022.82,2,1.96,1
torchinferno,multi_turn,132,404.67,52.56,457.23,2,4.37,1
torchinferno,multi_turn,133,735.54,12.90,748.45,2,2.67,1
torchinferno,multi_turn,134,580.45,0.00,691.13,1,1.45,1
torchinferno,multi_turn,135,1481.19,0.00,1580.30,1,0.63,1
torchinferno,multi_turn,136,993.82,168.30,1162.12,2,1.72,1
torchinferno,multi_turn,137,423.04,0.00,517.57,1,1.93,1
torchinferno,multi_turn,138,522.52,92.40,614.92,2,3.25,1
torchinferno,multi_turn,139,921.57,104.47,1026.04,2,1.95,1
torchinferno,multi_turn,140,353.17,0.00,477.62,1,2.09,1
torchinferno,multi_turn,141,551.29,0.00,579.81,1,1.72,1
torchinferno,multi_turn,142,674.66,0.00,803.52,1,1.24,1
torchinferno,multi_turn,143,1464.54,116.88,1581.43,2,1.26,1
torchinferno,multi_turn,144,1047.56,0.00,1168.50,1,0.86,1
torchinferno,multi_turn,145,475.98,0.00,540.24,1,1.85,1
torchinferno,multi_turn,146,552.86,0.00,668.26,1,1.50,1
torchinferno,multi_turn,147,892.87,0.00,978.66,1,1.02,1
torchinferno,multi_turn,148,376.16,37.77,413.93,2,4.83,1
torchinferno,multi_turn,149,626.56,0.00,738.50,1,1.35,1
torchinferno,multi_turn,150,586.24,0.00,644.15,1,1.55,1
torchinferno,multi_turn,151,1547.51,123.38,1670.88,2,1.20,1
torchinferno,multi_turn,152,1008.20,0.00,1194.62,1,0.84,1
torchinferno,multi_turn,153,412.86,90.26,503.12,2,3.98,1
torchinferno,multi_turn,154,527.71,103.10,630.81,2,3.17,1
torchinferno,multi_turn,155,898.67,0.00,976.61,1,1.02,1
torchinferno,multi_turn,156,391.44,138.67,530.11,2,3.77,1
torchinferno,multi_turn,157,519.07,0.00,643.61,1,1.55,1
torchinferno,multi_turn,158,582.36,112.87,695.23,2,2.88,1
torchinferno,multi_turn,159,1493.11,0.00,1609.29,1,0.62,1
torchinferno,multi_turn,160,1048.84,164.97,1213.81,2,1.65,1
torchinferno,multi_turn,161,450.79,54.03,504.81,2,3.96,1
torchinferno,multi_turn,162,537.05,37.88,574.93,2,3.48,1
torchinferno,multi_turn,163,977.19,0.00,998.54,1,1.00,1
torchinferno,multi_turn,164,452.09,0.00,506.78,1,1.97,1
torchinferno,multi_turn,165,599.18,149.63,748.81,2,2.67,1
torchinferno,multi_turn,166,600.57,28.48,629.05,2,3.18,1
torchinferno,multi_turn,167,1521.44,0.00,1654.02,1,0.60,1
torchinferno,multi_turn,168,1022.66,0.00,1173.16,1,0.85,1
torchinferno,multi_turn,169,442.61,35.58,478.19,2,4.18,1
torchinferno,multi_turn,170,584.54,83.93,668.47,2,2.99,1
torchinferno,multi_turn,171,910.35,0.00,1040.18,1,0.96,1
torchinferno,multi_turn,172,705.24,49.90,755.14,2,2.65,1
torchinferno,multi_turn,173,387.72,0.00,405.57,1,2.47,1
torchinferno,multi_turn,174,683.54,0.00,775.12,1,1.29,1
torchinferno,multi_turn,175,1371.38,135.71,1507.09,2,1.33,1
torchinferno,multi_turn,176,1024.90,186.33,1211.23,2,1.65,1
torchinferno,multi_turn,177,402.71,38.11,440.82,2,4.54,1
torchinferno,multi_turn,178,577.88,0.00,641.72,1,1.56,1
torchinferno,multi_turn,179,942.33,36.67,979.00,2,2.04,1
torchinferno,multi_turn,180,429.60,0.00,559.67,1,1.79,1
torchinferno,multi_turn,181,536.39,0.00,556.10,1,1.80,1
torchinferno,multi_turn,182,683.88,86.32,770.19,2,2.60,1
torchinferno,multi_turn,183,1513.28,0.00,1650.22,1,0.61,1
torchinferno,multi_turn,184,1010.57,147.68,1158.25,2,1.73,1
torchinferno,multi_turn,185,438.20,0.00,463.29,1,2.16,1
torchinferno,multi_turn,186,589.65,0.00,606.44,1,1.65,1
torchinferno,multi_turn,187,982.95,0.00,1081.51,1,0.92,1
torchinferno,multi_turn,188,373.07,0.00,444.84,1,2.25,1
torchinferno,multi_turn,189,599.56,0.00,711.57,1,1.41,1
torchinferno,multi_turn,190,588.79,0.00,730.32,1,1.37,1
torchinferno,multi_turn,191,1457.20,138.50,1595.70,2,1.25,1
torchinferno,multi_turn,192,621.92,0.00,637.21,1,1.57,1
torchinferno,multi_turn,193,1006.34,0.00,1077.94,1,0.93,1
torchinferno,multi_turn,194,544.91,0.00,616.89,1,1.62,1
torchinferno,multi_turn,195,945.69,45.51,991.20,2,2.02,1
torchinferno,multi_turn,196,418.87,0.00,441.57,1,2.26,1
torchinferno,multi_turn,197,637.27,0.00,771.94,1,1.30,1
torchinferno,multi_turn,198,789.90,0.00,790.16,1,1.27,1
torchinferno,multi_turn,199,2622.55,0.00,2666.02,1,0.38,1
torchinferno,multi_turn,200,965.78,0.00,1093.95,1,0.91,1
torchinferno,multi_turn,201,459.09,118.65,577.74,2,3.46,1
torchinferno,multi_turn,202,790.77,0.00,803.02,1,1.25,1
torchinferno,multi_turn,203,1159.14,68.11,1227.25,2,1.63,1
torchinferno,multi_turn,204,615.21,49.87,665.08,2,3.01,1
torchinferno,multi_turn,205,336.06,0.00,350.27,1,2.85,1
torchinferno,multi_turn,206,491.11,0.00,491.62,1,2.03,1
torchinferno,multi_turn,207,2646.20,62.42,2708.61,2,0.74,1
torchinferno,multi_turn,208,1524.27,57.44,1581.72,2,1.26,1
torchinferno,multi_turn,209,556.47,79.00,635.47,2,3.15,1
torchinferno,multi_turn,210,918.86,54.78,973.64,2,2.05,1
torchinferno,multi_turn,211,409.98,0.00,496.78,1,2.01,1
torchinferno,multi_turn,212,585.91,143.58,729.49,2,2.74,1
torchinferno,multi_turn,213,564.42,0.00,573.81,1,1.74,1
torchinferno,multi_turn,214,1589.35,0.00,1695.43,1,0.59,1
torchinferno,multi_turn,215,1686.92,0.00,1692.69,1,0.59,1
torchinferno,multi_turn,216,938.74,151.81,1090.55,2,1.83,1
torchinferno,multi_turn,217,437.73,30.17,467.91,2,4.27,1
torchinferno,multi_turn,218,881.07,37.52,918.58,2,2.18,1
torchinferno,multi_turn,219,1139.94,56.90,1196.84,2,1.67,1
torchinferno,multi_turn,220,608.54,116.77,725.32,2,2.76,1
torchinferno,multi_turn,221,596.33,0.00,651.67,1,1.53,1
torchinferno,multi_turn,222,1543.86,122.80,1666.66,2,1.20,1
torchinferno,multi_turn,223,1671.39,0.00,1681.64,1,0.59,1
torchinferno,multi_turn,224,1033.15,197.13,1230.28,2,1.63,1
torchinferno,multi_turn,225,1016.24,0.00,1046.14,1,0.96,1
torchinferno,multi_turn,226,966.83,120.75,1087.58,2,1.84,1
torchinferno,multi_turn,227,346.36,0.00,474.90,1,2.11,1
torchinferno,multi_turn,228,538.89,0.00,570.86,1,1.75,1
torchinferno,multi_turn,229,672.51,56.40,728.90,2,2.74,1
torchinferno,multi_turn,230,1533.85,35.31,1569.16,2,1.27,1
torchinferno,multi_turn,231,1763.64,0.00,1788.08,1,0.56,1
torchinferno,multi_turn,232,1039.48,0.00,1217.68,1,0.82,1
torchinferno,multi_turn,233,410.34,0.00,529.91,1,1.89,1
torchinferno,multi_turn,234,796.65,44.47,841.12,2,2.38,1
torchinferno,multi_turn,235,1128.20,0.00,1165.68,1,0.86,1
torchinferno,multi_turn,236,631.62,32.53,664.15,2,3.01,1
torchinferno,multi_turn,237,682.03,123.86,805.88,2,2.48,1
torchinferno,multi_turn,238,1471.92,0.00,1540.35,1,0.65,1
torchinferno,multi_turn,239,1728.96,0.00,1746.59,1,0.57,1
torchinferno,multi_turn,240,1030.55,0.00,1152.72,1,0.87,1
torchinferno,multi_turn,241,1093.05,0.00,1123.08,1,0.89,1
torchinferno,multi_turn,242,975.21,0.00,1068.15,1,0.94,1
torchinferno,multi_turn,243,364.31,0.00,495.82,1,2.02,1
torchinferno,multi_turn,244,539.91,0.00,657.60,1,1.52,1
torchinferno,multi_turn,245,753.70,5.36,759.06,2,2.63,1
torchinferno,multi_turn,246,1418.75,122.36,1541.11,2,1.30,0
torchinferno,multi_turn,247,1676.10,0.00,1698.90,1,0.59,1
torchinferno,multi_turn,248,1023.29,0.00,1156.49,1,0.86,1
torchinferno,multi_turn,249,453.29,30.18,634.38,7,11.03,0
torchinferno,multi_turn,250,720.81,32.75,753.56,2,2.65,1
torchinferno,multi_turn,251,1147.66,0.00,1199.48,1,0.83,1
torchinferno,multi_turn,252,624.50,0.00,667.28,1,1.50,1
torchinferno,multi_turn,253,651.28,0.00,688.81,1,1.45,1
torchinferno,multi_turn,254,1556.16,0.00,1642.22,1,0.61,1
torchinferno,multi_turn,255,1735.44,10.60,1746.04,2,1.15,1
torchinferno,multi_turn,256,1515.75,81.91,1597.66,2,1.25,1
torchinferno,multi_turn,257,529.12,0.00,584.37,1,1.71,1
torchinferno,multi_turn,258,961.09,0.00,991.64,1,1.01,1
torchinferno,multi_turn,259,431.59,82.00,513.60,2,3.89,1
torchinferno,multi_turn,260,585.25,82.04,667.29,2,3.00,1
torchinferno,multi_turn,261,609.26,0.00,754.34,1,1.33,1
torchinferno,multi_turn,262,1457.16,56.96,1514.12,2,1.32,1
torchinferno,multi_turn,263,1744.73,29.23,1773.97,2,1.13,1
torchinferno,multi_turn,264,628.41,0.00,639.35,1,1.56,1
torchinferno,multi_turn,265,1016.01,56.78,1072.80,2,1.86,1
torchinferno,multi_turn,266,848.15,0.00,874.62,1,1.14,1
torchinferno,multi_turn,267,1157.73,0.00,1164.72,1,0.86,1
torchinferno,multi_turn,268,689.03,0.00,739.93,1,1.35,1
torchinferno,multi_turn,269,626.90,184.96,811.86,2,2.46,1
torchinferno,multi_turn,270,1404.19,106.74,1510.93,2,1.32,1
torchinferno,multi_turn,271,1689.76,37.45,1727.22,2,1.16,1
torchinferno,multi_turn,272,987.99,0.00,1148.68,1,0.87,1
torchinferno,multi_turn,273,1046.95,95.01,1141.96,2,1.75,1
torchinferno,multi_turn,274,910.87,0.00,1008.66,1,0.99,1
torchinferno,multi_turn,275,730.49,0.00,781.84,1,1.28,1
torchinferno,multi_turn,276,394.39,46.81,441.20,2,4.53,1
torchinferno,multi_turn,277,518.44,0.00,579.30,1,1.73,1
torchinferno,multi_turn,278,1541.38,0.00,1631.53,1,0.61,1
torchinferno,multi_turn,279,1703.39,0.00,1736.66,1,0.58,1
torchinferno,multi_turn,280,1011.49,0.00,1161.13,1,0.86,1
torchinferno,multi_turn,281,425.63,0.00,538.92,1,1.86,1
torchinferno,multi_turn,282,803.91,28.00,831.91,2,2.40,1
torchinferno,multi_turn,283,1141.87,147.36,1289.23,2,1.55,1
torchinferno,multi_turn,284,535.86,0.00,585.63,1,1.71,1
torchinferno,multi_turn,285,647.16,0.00,831.05,1,1.20,1
torchinferno,multi_turn,286,1412.01,71.47,1483.48,2,1.35,1
torchinferno,multi_turn,287,1723.46,0.00,1764.39,1,0.57,1
torchinferno,multi_turn,288,1030.74,135.77,1166.52,2,1.71,1
torchinferno,multi_turn,289,1063.83,33.72,1097.55,2,1.82,1
torchinferno,multi_turn,290,976.22,0.00,1017.12,1,0.98,1
torchinferno,multi_turn,291,416.84,93.50,510.34,2,3.92,1
torchinferno,multi_turn,292,579.93,0.00,655.67,1,1.53,1
torchinferno,multi_turn,293,628.30,69.97,698.27,2,2.86,1
torchinferno,multi_turn,294,1537.59,0.00,1553.10,1,0.64,1
torchinferno,multi_turn,295,1775.10,0.00,1819.28,1,0.55,1
torchinferno,multi_turn,296,1009.33,0.00,1179.96,1,0.85,1
torchinferno,multi_turn,297,1032.56,0.00,1063.63,1,0.94,1
torchinferno,multi_turn,298,984.60,0.00,1005.48,1,0.99,1
torchinferno,multi_turn,299,440.95,56.25,497.20,2,4.02,1
torchinferno,multi_turn,300,611.38,0.00,711.43,1,1.41,1
torchinferno,multi_turn,301,599.06,0.00,642.57,1,1.56,1
torchinferno,multi_turn,302,1553.17,0.00,1634.08,1,0.61,1
torchinferno,multi_turn,303,1720.77,51.15,1771.92,2,1.13,1
torchinferno,multi_turn,304,971.74,0.00,1157.04,1,0.86,1
torchinferno,multi_turn,305,1010.17,0.00,1021.98,1,0.98,1
torchinferno,multi_turn,306,1002.45,29.27,1178.10,7,5.94,0
torchinferno,multi_turn,307,646.42,43.42,689.85,2,2.90,1
torchinferno,multi_turn,308,399.77,0.00,421.48,1,2.37,1
torchinferno,multi_turn,309,675.27,24.38,699.65,2,2.86,1
torchinferno,multi_turn,310,1446.82,136.19,1583.00,2,1.26,1
torchinferno,multi_turn,311,1648.34,0.00,1709.73,1,0.58,1
torchinferno,multi_turn,312,976.47,195.39,1171.86,2,1.71,1
torchinferno,multi_turn,313,391.18,57.06,448.24,2,4.46,1
torchinferno,multi_turn,314,846.97,0.00,883.89,1,1.13,1
torchinferno,multi_turn,315,1140.35,0.00,1169.87,1,0.85,1
torchinferno,multi_turn,316,644.56,0.00,740.15,1,1.35,1
torchinferno,multi_turn,317,611.92,0.00,733.33,1,1.36,1
torchinferno,multi_turn,318,1473.99,109.87,1583.87,2,1.26,1
torchinferno,multi_turn,319,1682.71,61.53,1744.24,2,1.15,1
torchinferno,multi_turn,320,995.78,0.00,1106.87,1,0.90,1
torchinferno,multi_turn,321,1090.08,0.00,1157.35,1,0.86,1
torchinferno,multi_turn,322,941.01,0.00,995.87,1,1.00,1
torchinferno,multi_turn,323,395.21,0.00,470.28,1,2.13,1
torchinferno,multi_turn,324,594.69,0.00,693.59,1,1.44,1
torchinferno,multi_turn,325,608.71,0.00,709.53,1,1.41,1
torchinferno,multi_turn,326,1495.18,122.77,1617.95,2,1.24,1
torchinferno,multi_turn,327,1671.28,0.00,1739.83,1,0.57,1
torchinferno,multi_turn,328,960.01,0.00,1086.09,1,0.92,1
torchinferno,multi_turn,329,452.20,63.14,515.34,2,3.88,1
torchinferno,multi_turn,330,850.77,0.00,874.47,1,1.14,1
torchinferno,multi_turn,331,1150.93,0.00,1164.48,1,0.86,1
torchinferno,multi_turn,332,667.59,18.56,686.15,2,2.91,1
torchinferno,multi_turn,333,681.05,152.52,833.57,2,2.40,1
torchinferno,multi_turn,334,1447.44,0.00,1483.04,1,0.67,1
torchinferno,multi_turn,335,1761.01,0.00,1820.15,1,0.55,1
torchinferno,multi_turn,336,1029.37,0.00,1198.49,1,0.83,1
torchinferno,multi_turn,337,1039.32,61.31,1100.63,2,1.82,1
torchinferno,multi_turn,338,953.06,0.00,963.51,1,1.04,1
torchinferno,multi_turn,339,804.16,0.00,816.72,1,1.22,1
torchinferno,multi_turn,340,452.49,0.00,452.80,1,2.21,1
torchinferno,multi_turn,341,539.39,47.50,586.89,2,3.41,1
torchinferno,multi_turn,342,1553.23,0.00,1617.24,1,0.62,1
torchinferno,multi_turn,343,1727.93,72.38,1800.31,2,1.11,1
torchinferno,multi_turn,344,1529.91,0.00,1549.32,1,0.65,1
torchinferno,multi_turn,345,604.43,0.00,694.61,1,1.44,1
torchinferno,multi_turn,346,907.52,137.78,1045.30,2,1.91,1
torchinferno,multi_turn,347,689.34,0.00,711.38,1,1.41,1
torchinferno,multi_turn,348,424.39,43.35,467.74,2,4.28,1
torchinferno,multi_turn,349,715.12,16.41,731.52,2,2.73,1
torchinferno,multi_turn,350,1386.83,0.00,1416.73,1,0.71,1
torchinferno,multi_turn,351,1767.51,65.66,1833.17,2,1.09,1
torchinferno,multi_turn,352,1045.05,134.56,1179.61,2,1.70,1
torchinferno,multi_turn,353,444.37,0.00,463.34,1,2.16,1
torchinferno,multi_turn,354,891.55,47.13,938.68,2,2.13,1
torchinferno,multi_turn,355,1129.07,0.00,1178.61,1,0.85,1
torchinferno,multi_turn,356,617.52,0.00,686.08,1,1.46,1
torchinferno,multi_turn,357,635.05,55.57,690.61,2,2.90,1
torchinferno,multi_turn,358,1542.73,46.51,1589.24,2,1.26,1
torchinferno,multi_turn,359,1751.37,0.00,1823.21,1,0.55,1
torchinferno,multi_turn,360,957.58,0.00,1131.01,1,0.88,1
torchinferno,multi_turn,361,1029.72,0.00,1146.23,1,0.87,1
torchinferno,multi_turn,362,893.18,103.09,996.26,2,2.01,1
torchinferno,multi_turn,363,355.33,0.00,476.76,1,2.10,1
torchinferno,multi_turn,364,540.36,0.00,738.05,1,1.35,1
torchinferno,multi_turn,365,652.15,0.00,670.11,1,1.49,1
torchinferno,multi_turn,366,1472.98,0.00,1493.55,1,0.67,1
torchinferno,multi_turn,367,1740.89,73.06,1813.95,2,1.10,0
torchinferno,multi_turn,368,1495.40,0.00,1583.09,1,0.63,1
torchinferno,multi_turn,369,538.86,122.39,661.25,2,3.02,1
torchinferno,multi_turn,370,886.07,95.69,981.75,2,2.04,1
torchinferno,multi_turn,371,367.39,95.93,463.32,2,4.32,1
torchinferno,multi_turn,372,570.80,0.00,584.31,1,1.71,1
torchinferno,multi_turn,373,690.38,98.77,789.14,2,2.53,1
torchinferno,multi_turn,374,1504.08,76.65,1580.73,2,1.27,1
torchinferno,multi_turn,375,1701.88,0.00,1787.72,1,0.56,1
torchinferno,multi_turn,376,1000.24,189.20,1189.44,2,1.68,1
torchinferno,multi_turn,377,1007.34,0.00,1131.25,1,0.88,1
torchinferno,multi_turn,378,896.62,0.00,969.45,1,1.03,1
torchinferno,multi_turn,379,382.53,0.00,466.30,1,2.14,1
torchinferno,multi_turn,380,590.77,0.00,624.36,1,1.60,1
torchinferno,multi_turn,381,655.64,0.00,708.93,1,1.41,1
torchinferno,multi_turn,382,1555.17,105.87,1661.03,2,1.20,1
torchinferno,multi_turn,383,1680.31,86.69,1767.00,2,1.13,1
torchinferno,multi_turn,384,1504.46,0.00,1580.46,1,0.63,1
torchinferno,multi_turn,385,553.20,100.76,653.95,2,3.06,1
torchinferno,multi_turn,386,906.38,57.35,963.73,2,2.08,1
torchinferno,multi_turn,387,765.72,31.89,797.60,2,2.51,1
torchinferno,multi_turn,388,406.26,0.00,479.66,1,2.08,1
torchinferno,multi_turn,389,542.76,0.00,582.81,1,1.72,1
torchinferno,multi_turn,390,1504.95,0.00,1600.41,1,0.62,1
torchinferno,multi_turn,391,1702.72,90.96,1793.68,2,1.12,1
torchinferno,multi_turn,392,1043.26,183.43,1226.70,2,1.63,1
torchinferno,multi_turn,393,1025.81,0.00,1060.44,1,0.94,1
torchinferno,multi_turn,394,981.00,0.00,1008.70,1,0.99,1
torchinferno,multi_turn,395,426.18,0.00,465.03,1,2.15,1
torchinferno,multi_turn,396,637.08,0.00,718.08,1,1.39,1
torchinferno,multi_turn,397,611.72,128.78,740.50,2,2.70,1
torchinferno,multi_turn,398,1483.63,0.00,1565.32,1,0.64,1
torchinferno,multi_turn,399,1698.51,99.49,1798.00,2,1.11,1
torchinferno,multi_turn,400,1035.93,0.00,1163.66,1,0.86,1
torchinferno,multi_turn,401,461.81,0.00,567.66,1,1.76,1
torchinferno,multi_turn,402,806.76,0.00,818.64,1,1.22,1
torchinferno,multi_turn,403,1170.88,0.00,1263.25,1,0.79,1
torchinferno,multi_turn,404,577.25,0.00,651.38,1,1.54,1
torchinferno,multi_turn,405,831.14,0.00,831.41,1,1.20,1
torchinferno,multi_turn,406,2639.13,32.49,2671.62,2,0.75,1
torchinferno,multi_turn,407,1204.83,0.00,1213.92,1,0.82,1
torchinferno,multi_turn,408,936.50,71.22,1221.39,5,4.09,0
torchinferno,multi_turn,409,929.20,0.00,1038.42,1,0.96,1
torchinferno,multi_turn,410,888.66,0.00,912.56,1,1.10,1
torchinferno,multi_turn,411,460.26,25.81,486.07,2,4.11,1
torchinferno,multi_turn,412,625.45,104.09,729.54,2,2.74,1
torchinferno,multi_turn,413,598.18,0.00,654.93,1,1.53,1
torchinferno,multi_turn,414,2790.43,0.00,2827.76,1,0.35,1
torchinferno,multi_turn,415,1190.75,26.64,1217.39,2,1.64,1
torchinferno,multi_turn,416,1017.94,0.00,1218.51,1,0.82,1
torchinferno,multi_turn,417,996.05,0.00,1016.28,1,0.98,1
torchinferno,multi_turn,418,983.57,79.62,1063.18,2,1.88,1
torchinferno,multi_turn,419,384.21,0.00,406.88,1,2.46,1
torchinferno,multi_turn,420,643.16,0.00,718.88,1,1.39,1
torchinferno,multi_turn,421,634.30,0.00,729.20,1,1.37,1
torchinferno,multi_turn,422,2748.58,0.00,2801.89,1,0.36,1
torchinferno,multi_turn,423,1175.68,31.14,1206.82,2,1.66,1
torchinferno,multi_turn,424,953.42,161.60,1115.01,2,1.79,1
torchinferno,multi_turn,425,425.77,0.00,476.51,1,2.10,1
torchinferno,multi_turn,426,857.78,0.00,880.00,1,1.14,1
torchinferno,multi_turn,427,1151.36,0.00,1176.54,1,0.85,1
torchinferno,multi_turn,428,652.34,0.00,832.11,1,1.20,1
torchinferno,multi_turn,429,526.51,143.98,670.49,2,2.98,1
torchinferno,multi_turn,430,2693.70,0.00,2706.01,1,0.37,1
torchinferno,multi_turn,431,1228.54,0.00,1252.87,1,0.80,1
torchinferno,multi_turn,432,1517.30,0.00,1594.00,1,0.63,1
torchinferno,multi_turn,433,826.26,0.00,862.13,1,1.16,1
torchinferno,multi_turn,434,1137.60,0.00,1236.52,1,0.81,1
torchinferno,multi_turn,435,585.17,68.13,653.31,2,3.06,1
torchinferno,multi_turn,436,629.94,0.00,638.20,1,1.57,1
torchinferno,multi_turn,437,1582.75,69.77,1652.52,2,1.21,1
torchinferno,multi_turn,438,1734.38,49.70,1784.08,2,1.12,1
torchinferno,multi_turn,439,623.28,0.00,663.13,1,1.51,1
torchinferno,multi_turn,440,991.12,0.00,1199.31,1,0.83,1
torchinferno,multi_turn,441,995.99,108.24,1104.23,2,1.81,1
torchinferno,multi_turn,442,905.84,0.00,1009.12,1,0.99,1
torchinferno,multi_turn,443,721.86,36.19,758.05,2,2.64,1
torchinferno,multi_turn,444,412.73,0.00,432.23,1,2.31,1
torchinferno,multi_turn,445,531.92,228.97,760.89,2,2.63,1
torchinferno,multi_turn,446,2620.20,49.80,2670.00,2,0.75,1
torchinferno,multi_turn,447,1178.35,41.66,1220.01,2,1.64,1
torchinferno,multi_turn,448,1515.54,0.00,1540.66,1,0.65,1
torchinferno,multi_turn,449,644.30,0.00,644.61,1,1.55,1
torchinferno,multi_turn,450,957.44,0.00,1071.85,1,0.93,1
torchinferno,multi_turn,451,714.78,51.73,766.50,2,2.61,1
torchinferno,multi_turn,452,389.94,0.00,396.55,1,2.52,1
torchinferno,multi_turn,453,549.34,172.73,722.06,2,2.77,1
torchinferno,multi_turn,454,2674.69,0.00,2691.34,1,0.37,1
torchinferno,multi_turn,455,1218.19,40.11,1258.30,2,1.59,1
torchinferno,multi_turn,456,1513.22,0.00,1513.57,1,0.66,1
torchinferno,multi_turn,457,615.80,0.00,652.40,1,1.53,1
torchinferno,multi_turn,458,970.92,128.21,1099.13,2,1.82,1
torchinferno,multi_turn,459,697.08,0.00,712.12,1,1.40,1
torchinferno,multi_turn,460,478.32,7.78,486.10,2,4.11,1
torchinferno,multi_turn,461,656.05,75.70,731.75,2,2.73,1
torchinferno,multi_turn,462,2613.91,0.00,2645.42,1,0.38,1
torchinferno,multi_turn,463,1208.25,60.87,1269.12,2,1.58,1
torchinferno,multi_turn,464,961.67,177.02,1138.69,2,1.76,1
torchinferno,multi_turn,465,1025.25,0.00,1059.57,1,0.94,1
torchinferno,multi_turn,466,973.15,99.06,1072.21,2,1.87,1
torchinferno,multi_turn,467,361.51,137.59,499.10,2,4.01,1
torchinferno,multi_turn,468,541.11,0.00,597.23,1,1.67,1
torchinferno,multi_turn,469,634.76,0.00,720.00,1,1.39,1
torchinferno,multi_turn,470,2764.45,45.62,2810.06,2,0.71,1
torchinferno,multi_turn,471,1179.31,0.00,1268.50,1,0.79,1
torchinferno,multi_turn,472,1517.11,0.00,1576.49,1,0.63,1
torchinferno,multi_turn,473,573.96,0.00,653.93,1,1.53,1
torchinferno,multi_turn,474,916.39,45.98,962.37,2,2.08,1
torchinferno,multi_turn,475,785.68,0.00,816.17,1,1.23,1
torchinferno,multi_turn,476,437.87,0.00,448.00,1,2.23,1
torchinferno,multi_turn,477,524.01,97.06,621.08,2,3.22,1
torchinferno,multi_turn,478,2754.22,0.00,2771.51,1,0.36,1
torchinferno,multi_turn,479,1205.44,0.00,1309.13,1,0.76,1
torchinferno,multi_turn,480,1009.96,0.00,1129.03,1,0.89,1
torchinferno,multi_turn,481,1096.90,74.14,1171.04,2,1.71,0
torchinferno,multi_turn,482,924.61,121.04,1045.64,2,1.91,0
torchinferno,multi_turn,483,707.32,0.00,731.39,1,1.37,1
torchinferno,multi_turn,484,413.97,0.00,496.78,1,2.01,1
torchinferno,multi_turn,485,482.11,108.07,590.18,2,3.39,1
torchinferno,multi_turn,486,2737.18,0.00,2761.78,1,0.36,1
torchinferno,multi_turn,487,1201.06,0.00,1307.56,1,0.76,1
torchinferno,multi_turn,488,1516.16,122.03,1638.19,2,1.22,1
torchinferno,multi_turn,489,793.04,0.00,834.01,1,1.20,1
torchinferno,multi_turn,490,1136.14,99.39,1235.53,2,1.62,1
torchinferno,multi_turn,491,577.54,0.00,661.42,1,1.51,1
torchinferno,multi_turn,492,609.00,0.00,632.02,1,1.58,1
torchinferno,multi_turn,493,1572.20,0.00,1598.29,1,0.63,1
torchinferno,multi_turn,494,1774.19,93.59,1867.78,2,1.07,1
torchinferno,multi_turn,495,796.18,31.30,827.48,2,2.42,1
torchinferno,multi_turn,496,1514.37,131.51,1645.88,2,1.22,1
torchinferno,multi_turn,497,785.07,37.62,822.68,2,2.43,1
torchinferno,multi_turn,498,1132.96,0.00,1153.11,1,0.87,1
torchinferno,multi_turn,499,653.17,115.78,768.95,2,2.60,1
torchinferno,multi_turn,500,585.16,36.48,621.64,2,3.22,1
torchinferno,multi_turn,501,2812.05,26.42,2838.47,2,0.70,1
torchinferno,multi_turn,502,1197.98,0.00,1279.98,1,0.78,1
torchinferno,multi_turn,503,688.49,0.00,709.19,1,1.41,1
torchinferno,multi_turn,504,1523.95,70.40,1594.35,2,1.25,1
torchinferno,multi_turn,505,849.70,25.06,874.76,2,2.29,1
torchinferno,multi_turn,506,1156.80,0.00,1254.59,1,0.80,1
torchinferno,multi_turn,507,574.23,114.53,688.76,2,2.90,1
torchinferno,multi_turn,508,574.67,0.00,721.05,1,1.39,1
torchinferno,multi_turn,509,2706.10,0.00,2754.02,1,0.36,1
torchinferno,multi_turn,510,1174.04,91.16,1265.20,2,1.58,1
torchinferno,multi_turn,511,668.47,143.98,812.45,2,2.46,1
torchinferno,multi_turn,512,1373.38,0.00,1480.58,1,0.68,1
torchinferno,multi_turn,513,1670.99,0.00,1691.60,1,0.59,1
torchinferno,multi_turn,514,666.77,0.00,702.05,1,1.42,1
torchinferno,multi_turn,515,717.45,0.00,737.64,1,1.36,1
torchinferno,multi_turn,516,737.17,0.00,781.98,1,1.28,1
torchinferno,multi_turn,517,590.49,19.62,629.73,3,4.76,0
torchinferno,multi_turn,518,490.49,0.00,543.41,1,1.84,1
torchinferno,multi_turn,519,573.40,0.00,587.51,1,1.70,1
torchinferno,multi_turn,520,1443.64,0.00,1496.73,1,0.67,1
torchinferno,multi_turn,521,1736.01,0.00,1770.15,1,0.56,1
torchinferno,multi_turn,522,656.42,0.00,698.44,1,1.43,1
torchinferno,multi_turn,523,721.87,0.00,801.43,1,1.25,1
torchinferno,multi_turn,524,669.31,0.00,730.74,1,1.37,1
torchinferno,multi_turn,525,884.99,0.00,921.29,1,1.09,1
torchinferno,multi_turn,526,475.89,0.00,527.05,1,1.90,1
torchinferno,multi_turn,527,270.90,106.99,377.89,2,5.29,1
torchinferno,multi_turn,528,1748.47,0.00,1789.79,1,0.56,1
torchinferno,multi_turn,529,651.52,0.00,651.87,1,1.53,1
torchinferno,multi_turn,530,746.50,0.00,792.32,1,1.26,1
torchinferno,multi_turn,531,703.32,98.16,801.49,2,2.50,1
torchinferno,multi_turn,532,853.11,32.05,885.16,2,2.26,1
torchinferno,multi_turn,533,487.95,97.87,585.82,2,3.41,1
torchinferno,multi_turn,534,219.69,82.38,302.06,2,6.62,1
torchinferno,multi_turn,535,1078.52,0.00,1120.37,1,0.89,1
torchinferno,multi_turn,536,1664.41,0.00,1783.30,1,0.56,1
torchinferno,multi_turn,537,779.23,0.00,811.44,1,1.23,1
torchinferno,multi_turn,538,626.89,9.73,636.62,2,3.14,1
torchinferno,multi_turn,539,628.88,0.00,676.91,1,1.48,1
torchinferno,multi_turn,540,896.94,0.00,923.50,1,1.08,1
torchinferno,multi_turn,541,493.53,0.00,559.17,1,1.79,1
torchinferno,multi_turn,542,256.38,31.10,287.48,2,6.96,1
torchinferno,multi_turn,543,1141.81,0.00,1175.85,1,0.85,1
torchinferno,multi_turn,544,1721.75,0.00,1775.98,1,0.56,1
torchinferno,multi_turn,545,639.39,98.98,738.37,2,2.71,1
torchinferno,multi_turn,546,649.71,60.19,709.90,2,2.82,1
torchinferno,multi_turn,547,293.18,0.00,304.75,1,3.28,1
torchinferno,multi_turn,548,1022.26,0.00,1081.06,1,0.93,1
torchinferno,multi_turn,549,473.08,63.10,536.19,2,3.73,1
torchinferno,multi_turn,550,557.90,41.36,599.25,2,3.34,1
torchinferno,multi_turn,551,1122.19,60.51,1182.70,2,1.69,1
torchinferno,multi_turn,552,1749.13,0.00,1785.13,1,0.56,1
torchinferno,multi_turn,553,650.28,0.00,654.85,1,1.53,1
torchinferno,multi_turn,554,743.47,0.00,772.07,1,1.30,1
torchinferno,multi_turn,555,725.26,0.00,741.00,1,1.35,1
torchinferno,multi_turn,556,621.81,0.00,635.69,1,1.57,1
torchinferno,multi_turn,557,516.74,29.69,546.43,2,3.66,1
torchinferno,multi_turn,558,594.37,71.15,665.52,2,3.01,1
torchinferno,multi_turn,559,1096.56,61.67,1158.22,2,1.73,1
torchinferno,multi_turn,560,1727.60,0.00,1732.68,1,0.58,1
torchinferno,multi_turn,561,704.39,0.00,723.93,1,1.38,1
torchinferno,multi_turn,562,701.60,0.00,709.46,1,1.41,1
torchinferno,multi_turn,563,341.01,0.00,354.07,1,2.82,1
torchinferno,multi_turn,564,1017.19,50.58,1067.77,2,1.87,1
torchinferno,multi_turn,565,482.00,0.00,530.19,1,1.89,1
torchinferno,multi_turn,566,576.88,0.00,609.98,1,1.64,1
torchinferno,multi_turn,567,1132.04,70.69,1202.74,2,1.66,1
torchinferno,multi_turn,568,1738.51,89.25,1827.76,2,1.09,1
torchinferno,multi_turn,569,593.81,58.88,652.69,2,3.06,1
torchinferno,multi_turn,570,704.12,91.68,795.80,2,2.51,1
torchinferno,multi_turn,571,667.41,0.00,738.96,1,1.35,1
torchinferno,multi_turn,572,858.27,0.00,872.97,1,1.15,1
torchinferno,multi_turn,573,515.42,62.18,577.60,2,3.46,1
torchinferno,multi_turn,574,256.18,42.57,298.75,2,6.69,1
torchinferno,multi_turn,575,1122.29,72.23,1194.51,2,1.67,1
torchinferno,multi_turn,576,1652.52,78.87,1731.39,2,1.16,1
torchinferno,multi_turn,577,604.59,0.00,633.49,1,1.58,1
torchinferno,multi_turn,578,732.14,88.61,820.74,2,2.44,1
torchinferno,multi_turn,579,674.02,104.73,778.74,2,2.57,1
torchinferno,multi_turn,580,822.84,49.80,872.64,2,2.29,1
torchinferno,multi_turn,581,477.40,84.50,561.90,2,3.56,1
torchinferno,multi_turn,582,540.28,0.00,568.10,1,1.76,1
torchinferno,multi_turn,583,1379.68,0.00,1395.35,1,0.72,1
torchinferno,multi_turn,584,2420.12,57.69,2477.81,2,0.81,1
torchinferno,multi_turn,585,1168.96,0.00,1236.55,1,0.81,1
torchinferno,multi_turn,586,690.91,101.38,792.29,2,2.52,1
torchinferno,multi_turn,587,652.89,132.41,785.30,2,2.55,1
torchinferno,multi_turn,588,807.36,0.00,858.77,1,1.16,1
torchinferno,multi_turn,589,478.31,0.00,554.90,1,1.80,1
torchinferno,multi_turn,590,540.59,129.97,670.55,2,2.98,1
torchinferno,multi_turn,591,1280.05,0.00,1314.38,1,0.76,1
torchinferno,multi_turn,592,1656.67,0.00,1703.93,1,0.59,1
torchinferno,multi_turn,593,646.34,61.12,707.46,2,2.83,1
torchinferno,multi_turn,594,684.33,83.20,767.53,2,2.61,1
torchinferno,multi_turn,595,674.66,0.00,737.59,1,1.36,1
torchinferno,multi_turn,596,879.25,69.08,948.33,2,2.11,1
torchinferno,multi_turn,597,462.32,30.51,492.82,2,4.06,1
torchinferno,multi_turn,598,584.29,0.00,632.82,1,1.58,1
torchinferno,multi_turn,599,1363.91,0.00,1423.54,1,0.70,1
torchinferno,multi_turn,600,1660.51,0.00,1678.90,1,0.60,1
torchinferno,multi_turn,601,666.76,80.01,746.77,2,2.68,1
torchinferno,multi_turn,602,678.28,0.00,695.45,1,1.44,1
torchinferno,multi_turn,603,733.65,101.18,834.83,2,2.40,1
torchinferno,multi_turn,604,838.21,0.00,897.73,1,1.11,1
torchinferno,multi_turn,605,457.72,0.00,472.91,1,2.11,1
torchinferno,multi_turn,606,615.52,0.00,656.03,1,1.52,1
torchinferno,multi_turn,607,1363.98,65.28,1429.26,2,1.40,1
torchinferno,multi_turn,608,1715.85,61.89,1777.74,2,1.13,1
torchinferno,multi_turn,609,810.68,0.00,835.46,1,1.20,1
torchinferno,multi_turn,610,619.71,0.00,692.49,1,1.44,1
torchinferno,multi_turn,611,592.13,0.00,628.62,1,1.59,1
torchinferno,multi_turn,612,904.43,97.75,1002.18,2,2.00,1
torchinferno,multi_turn,613,419.50,0.00,506.13,1,1.98,1
torchinferno,multi_turn,614,542.52,70.02,612.54,2,3.27,1
torchinferno,multi_turn,615,1327.03,65.52,1392.55,2,1.44,1
torchinferno,multi_turn,616,2419.35,40.87,2460.22,2,0.81,1
torchinferno,multi_turn,617,1187.23,0.00,1282.78,1,0.78,1
torchinferno,multi_turn,618,668.22,26.87,695.08,2,2.88,1
torchinferno,multi_turn,619,729.76,0.00,842.67,1,1.19,1
torchinferno,multi_turn,620,822.17,72.61,894.79,2,2.24,1
torchinferno,multi_turn,621,442.54,0.00,506.53,1,1.97,1
torchinferno,multi_turn,622,573.43,0.00,582.50,1,1.72,1
torchinferno,multi_turn,623,1385.25,72.41,1457.66,2,1.37,1
torchinferno,multi_turn,624,1766.13,63.45,1829.59,2,1.09,0
torchinferno,multi_turn,625,625.99,0.00,691.02,1,1.45,1
torchinferno,multi_turn,626,682.99,0.00,750.34,1,1.33,1
torchinferno,multi_turn,627,796.96,0.00,802.08,1,1.25,1
torchinferno,multi_turn,628,826.17,87.22,913.39,2,2.19,1
torchinferno,multi_turn,629,437.66,114.27,551.93,2,3.62,1
torchinferno,multi_turn,630,519.24,0.00,564.11,1,1.77,1
torchinferno,multi_turn,631,1358.69,0.00,1422.73,1,0.70,1
torchinferno,multi_turn,632,1730.93,102.44,1833.36,2,1.09,1
torchinferno,multi_turn,633,791.33,0.00,814.39,1,1.23,1
torchinferno,multi_turn,634,622.05,32.25,654.30,2,3.06,1
torchinferno,multi_turn,635,626.77,0.00,749.33,1,1.33,1
torchinferno,multi_turn,636,821.79,117.81,939.60,2,2.13,1
torchinferno,multi_turn,637,398.99,42.54,441.53,2,4.53,1
torchinferno,multi_turn,638,585.22,0.00,615.41,1,1.62,1
torchinferno,multi_turn,639,1382.47,0.00,1444.50,1,0.69,1
torchinferno,multi_turn,640,1671.52,0.00,1758.95,1,0.57,1
torchinferno,multi_turn,641,616.31,0.00,646.86,1,1.55,1
torchinferno,multi_turn,642,707.64,66.60,774.24,2,2.58,1
torchinferno,multi_turn,643,682.73,93.76,776.49,2,2.58,1
torchinferno,multi_turn,644,848.13,104.73,952.86,2,2.10,1
torchinferno,multi_turn,645,426.21,0.00,433.71,1,2.31,1
torchinferno,multi_turn,646,613.13,54.72,667.85,2,2.99,1
torchinferno,multi_turn,647,1349.58,0.00,1419.79,1,0.70,1
torchinferno,multi_turn,648,1658.77,95.34,1754.11,2,1.14,1
torchinferno,multi_turn,649,790.39,33.78,824.18,2,2.43,1
torchinferno,multi_turn,650,624.34,15.95,640.29,2,3.12,1
torchinferno,multi_turn,651,632.32,103.02,735.34,2,2.72,1
torchinferno,multi_turn,652,832.20,0.00,890.59,1,1.12,1
torchinferno,multi_turn,653,470.20,0.00,495.76,1,2.02,1
torchinferno,multi_turn,654,592.15,0.00,686.76,1,1.46,1
torchinferno,multi_turn,655,1317.78,89.52,1407.31,2,1.42,1
torchinferno,multi_turn,656,1771.65,33.44,1805.08,2,1.11,1
torchinferno,multi_turn,657,656.74,0.00,702.22,1,1.42,1
torchinferno,multi_turn,658,706.68,0.00,789.29,1,1.27,1
torchinferno,multi_turn,659,684.94,0.00,741.68,1,1.35,1
torchinferno,multi_turn,660,880.17,0.00,961.58,1,1.04,1
torchinferno,multi_turn,661,442.47,0.00,506.83,1,1.97,1
torchinferno,multi_turn,662,549.32,120.14,669.46,2,2.99,1
torchinferno,multi_turn,663,1295.90,0.00,1384.75,1,0.72,1
torchinferno,multi_turn,664,613.10,106.54,719.64,2,2.78,1
torchinferno,multi_turn,665,653.30,0.00,702.08,1,1.42,1
torchinferno,multi_turn,666,706.25,0.00,736.30,1,1.36,1
torchinferno,multi_turn,667,913.08,0.00,1015.68,1,0.98,1
torchinferno,multi_turn,668,413.99,0.00,462.00,1,2.16,1
torchinferno,multi_turn,669,580.20,0.00,599.85,1,1.67,1
torchinferno,multi_turn,670,1382.77,46.60,1429.38,2,1.40,1
torchinferno,multi_turn,671,620.38,0.00,642.77,1,1.56,1
torchinferno,multi_turn,672,1752.81,107.84,1860.66,2,1.07,1
torchinferno,multi_turn,673,784.51,0.00,797.71,1,1.25,1
torchinferno,multi_turn,674,633.84,0.00,674.21,1,1.48,1
torchinferno,multi_turn,675,1243.52,61.49,1305.01,2,1.53,1
torchinferno,multi_turn,676,476.08,0.00,494.99,1,2.02,1
torchinferno,multi_turn,677,599.83,55.79,655.62,2,3.05,1
torchinferno,multi_turn,678,1113.47,56.54,1170.01,2,1.71,1
torchinferno,multi_turn,679,1155.93,0.00,1181.47,1,0.85,1
torchinferno,multi_turn,680,823.95,37.97,861.92,2,2.32,1
torchinferno,multi_turn,681,623.08,18.88,641.96,2,3.12,1
torchinferno,multi_turn,682,625.62,0.00,706.48,1,1.42,1
torchinferno,multi_turn,683,856.25,39.40,895.65,2,2.23,1
torchinferno,multi_turn,684,483.21,0.00,595.60,1,1.68,1
torchinferno,multi_turn,685,517.59,0.00,610.48,1,1.64,1
torchinferno,multi_turn,686,1317.23,0.00,1341.99,1,0.75,1
torchinferno,multi_turn,687,634.70,0.00,663.14,1,1.51,1
torchinferno,multi_turn,688,596.81,0.00,685.15,1,1.46,1
torchinferno,multi_turn,689,660.04,105.54,765.59,2,2.61,0
torchinferno,multi_turn,690,651.47,0.00,733.19,1,1.36,1
torchinferno,multi_turn,691,863.29,0.00,890.44,1,1.12,1
torchinferno,multi_turn,692,489.95,0.00,608.64,1,1.64,1
torchinferno,multi_turn,693,517.30,0.00,567.88,1,1.76,1
torchinferno,multi_turn,694,1348.47,0.00,1389.12,1,0.72,1
torchinferno,multi_turn,695,630.67,0.00,657.39,1,1.52,1
torchinferno,multi_turn,696,609.85,0.00,635.63,1,1.57,1
torchinferno,multi_turn,697,729.22,0.00,762.18,1,1.31,1
torchinferno,multi_turn,698,733.56,25.29,758.84,2,2.64,1
torchinferno,multi_turn,699,599.65,0.00,623.27,1,1.60,1
torchinferno,multi_turn,700,505.08,0.00,566.31,1,1.77,1
torchinferno,multi_turn,701,569.65,76.60,646.25,2,3.09,1
torchinferno,multi_turn,702,1088.35,0.00,1110.46,1,0.90,1
torchinferno,multi_turn,703,1191.23,0.00,1218.18,1,0.82,1
torchinferno,multi_turn,704,1759.89,76.90,1836.79,2,1.09,1
torchinferno,multi_turn,705,601.61,0.00,699.60,1,1.43,1
torchinferno,multi_turn,706,667.08,49.80,716.88,2,2.79,1
torchinferno,multi_turn,707,1328.09,0.00,1356.48,1,0.74,1
torchinferno,multi_turn,708,505.45,53.46,558.90,2,3.58,1
torchinferno,multi_turn,709,567.93,60.51,628.44,2,3.18,1
torchinferno,multi_turn,710,1103.31,0.00,1168.05,1,0.86,1
torchinferno,multi_turn,711,1150.73,34.00,1184.74,2,1.69,1
torchinferno,multi_turn,712,667.43,52.10,719.52,2,2.78,1
torchinferno,multi_turn,713,703.56,0.00,722.22,1,1.38,1
torchinferno,multi_turn,714,738.86,0.00,758.74,1,1.32,1
torchinferno,multi_turn,715,926.00,0.00,933.05,1,1.07,1
torchinferno,multi_turn,716,509.93,66.29,576.22,2,3.47,1
torchinferno,multi_turn,717,556.03,0.00,594.83,1,1.68,1
torchinferno,multi_turn,718,1364.78,79.52,1444.30,2,1.38,1
torchinferno,multi_turn,719,595.36,32.32,627.69,2,3.19,1
torchinferno,multi_turn,720,863.46,0.00,875.31,1,1.14,1
torchinferno,multi_turn,721,628.45,0.00,668.66,1,1.50,1
torchinferno,multi_turn,722,646.64,0.00,739.21,1,1.35,1
torchinferno,multi_turn,723,827.29,0.00,902.08,1,1.11,1
torchinferno,multi_turn,724,449.61,0.00,487.49,1,2.05,1
torchinferno,multi_turn,725,577.10,0.00,686.28,1,1.46,1
torchinferno,multi_turn,726,1300.18,70.43,1370.61,2,1.46,1
torchinferno,multi_turn,727,604.15,29.70,633.85,2,3.16,1
torchinferno,multi_turn,728,661.55,0.00,740.03,1,1.35,1
torchinferno,multi_turn,729,672.64,76.75,749.39,2,2.67,1
torchinferno,multi_turn,730,691.31,76.84,768.15,2,2.60,1
torchinferno,multi_turn,731,864.08,0.00,937.10,1,1.07,1
torchinferno,multi_turn,732,443.56,0.00,473.99,1,2.11,1
torchinferno,multi_turn,733,590.56,67.15,657.71,2,3.04,1
torchinferno,multi_turn,734,1345.90,0.00,1358.39,1,0.74,1
torchinferno,multi_turn,735,658.39,0.00,686.64,1,1.46,1
torchinferno,multi_turn,736,1168.82,88.05,1256.87,2,1.59,1
torchinferno,multi_turn,737,662.45,0.00,815.24,1,1.23,1
torchinferno,multi_turn,738,607.50,76.82,684.32,2,2.92,1
torchinferno,multi_turn,739,862.32,0.00,884.87,1,1.13,1
torchinferno,multi_turn,740,499.88,97.34,597.23,2,3.35,1
torchinferno,multi_turn,741,529.68,0.00,605.34,1,1.65,1
torchinferno,multi_turn,742,1328.71,0.00,1388.23,1,0.72,1
torchinferno,multi_turn,743,614.75,0.00,649.83,1,1.54,1
torchinferno,multi_turn,744,1787.74,66.15,1853.88,2,1.08,1
torchinferno,multi_turn,745,610.27,0.00,681.69,1,1.47,1
torchinferno,multi_turn,746,768.14,65.88,834.02,2,2.40,1
torchinferno,multi_turn,747,1231.13,0.00,1260.01,1,0.79,1
torchinferno,multi_turn,748,502.90,0.00,529.25,1,1.89,1
torchinferno,multi_turn,749,603.03,0.00,668.68,1,1.50,1
torchinferno,multi_turn,750,1092.87,0.00,1132.94,1,0.88,1
torchinferno,multi_turn,751,1178.52,0.00,1221.98,1,0.82,1
torchinferno,multi_turn,752,814.33,43.07,857.40,2,2.33,1
torchinferno,multi_turn,753,644.35,0.00,644.65,1,1.55,1
torchinferno,multi_turn,754,620.90,82.50,703.40,2,2.84,1
torchinferno,multi_turn,755,542.96,26.96,596.88,3,5.03,0
torchinferno,multi_turn,756,473.00,53.54,526.54,2,3.80,1
torchinferno,multi_turn,757,571.18,0.00,587.32,1,1.70,1
torchinferno,multi_turn,758,1152.80,0.00,1162.79,1,0.86,1
torchinferno,multi_turn,759,1204.17,42.85,1247.02,2,1.60,1
torchinferno,multi_turn,760,633.96,0.00,725.44,1,1.38,1
torchinferno,multi_turn,761,660.90,0.00,790.69,1,1.26,1
torchinferno,multi_turn,762,628.88,59.51,688.39,2,2.91,1
torchinferno,multi_turn,763,889.09,118.98,1008.07,2,1.98,1
torchinferno,multi_turn,764,399.17,117.08,516.25,2,3.87,1
torchinferno,multi_turn,765,505.42,0.00,518.09,1,1.93,1
torchinferno,multi_turn,766,1399.88,0.00,1444.70,1,0.69,1
torchinferno,multi_turn,767,624.39,0.00,663.63,1,1.51,1
torchinferno,multi_turn,768,645.12,0.00,673.20,1,1.49,1
torchinferno,multi_turn,769,741.11,55.22,796.33,2,2.51,1
torchinferno,multi_turn,770,690.28,41.11,731.39,2,2.73,1
torchinferno,multi_turn,771,591.20,0.00,611.52,1,1.64,1
torchinferno,multi_turn,772,511.54,0.00,528.54,1,1.89,1
torchinferno,multi_turn,773,602.09,67.60,669.69,2,2.99,1
torchinferno,multi_turn,774,1099.53,0.00,1121.37,1,0.89,1
torchinferno,multi_turn,775,1189.79,0.00,1239.50,1,0.81,1
torchinferno,multi_turn,776,800.53,28.97,829.50,2,2.41,1
torchinferno,multi_turn,777,623.82,0.00,624.10,1,1.60,1
torchinferno,multi_turn,778,652.38,94.17,746.55,2,2.68,1
torchinferno,multi_turn,779,844.61,92.50,937.11,2,2.13,1
torchinferno,multi_turn,780,435.30,115.07,550.38,2,3.63,1
torchinferno,multi_turn,781,506.98,98.38,605.36,2,3.30,1
torchinferno,multi_turn,782,1300.48,87.00,1387.48,2,1.44,1
torchinferno,multi_turn,783,594.64,0.00,637.18,1,1.57,1
torchinferno,multi_turn,784,1188.62,0.00,1233.65,1,0.81,1
torchinferno,multi_turn,785,721.40,74.16,795.56,2,2.51,1
torchinferno,multi_turn,786,679.38,134.38,813.76,2,2.46,1
torchinferno,multi_turn,787,802.23,0.00,850.72,1,1.18,1
torchinferno,multi_turn,788,470.78,88.56,559.34,2,3.58,1
torchinferno,multi_turn,789,543.10,0.00,621.67,1,1.61,1
torchinferno,multi_turn,790,1326.43,49.14,1375.56,2,1.45,0
torchinferno,multi_turn,791,612.55,0.00,667.42,1,1.50,1
torchinferno,multi_turn,792,625.91,0.00,720.26,1,1.39,1
torchinferno,multi_turn,793,664.68,95.20,759.89,2,2.63,1
torchinferno,multi_turn,794,717.13,43.17,760.30,2,2.63,1
torchinferno,multi_turn,795,830.53,0.00,935.79,1,1.07,1
torchinferno,multi_turn,796,414.56,78.72,493.29,2,4.05,1
torchinferno,multi_turn,797,555.39,0.00,620.82,1,1.61,1
torchinferno,multi_turn,798,1339.76,0.00,1425.37,1,0.70,1
torchinferno,multi_turn,799,589.06,43.64,632.70,2,3.16,1
torchinferno,multi_turn,800,814.16,0.00,830.89,1,1.20,1
torchinferno,multi_turn,801,673.53,0.00,683.60,1,1.46,1
torchinferno,multi_turn,802,610.00,64.88,674.88,2,2.96,1
torchinferno,multi_turn,803,868.01,70.02,938.03,2,2.13,1
torchinferno,multi_turn,804,448.73,0.00,590.35,1,1.69,1
torchinferno,multi_turn,805,489.29,46.22,535.52,2,3.73,1
torchinferno,multi_turn,806,1354.50,90.22,1444.72,2,1.38,1
torchinferno,multi_turn,807,583.29,52.42,635.71,2,3.15,1
torchinferno,multi_turn,808,1669.72,0.00,1727.38,1,0.58,1
torchinferno,multi_turn,809,843.26,0.00,879.42,1,1.14,1
torchinferno,multi_turn,810,667.30,0.00,676.56,1,1.48,1
torchinferno,multi_turn,811,1216.06,44.48,1260.54,2,1.59,1
torchinferno,multi_turn,812,487.49,42.45,529.94,2,3.77,1
torchinferno,multi_turn,813,581.29,0.00,627.48,1,1.59,1
torchinferno,multi_turn,814,1121.31,49.65,1170.96,2,1.71,1
torchinferno,multi_turn,815,1158.51,64.20,1222.71,2,1.64,1
torchinferno,multi_turn,816,632.45,0.00,644.61,1,1.55,1
torchinferno,multi_turn,817,741.35,0.00,812.04,1,1.23,1
torchinferno,multi_turn,818,686.26,0.00,738.34,1,1.35,1
torchinferno,multi_turn,819,576.66,37.67,614.33,2,3.26,1
torchinferno,multi_turn,820,490.84,0.00,504.00,1,1.98,1
torchinferno,multi_turn,821,613.38,0.00,630.38,1,1.59,1
torchinferno,multi_turn,822,1149.75,0.00,1177.38,1,0.85,1
torchinferno,multi_turn,823,1188.37,56.76,1245.13,2,1.61,1
torchinferno,multi_turn,824,830.61,0.00,853.58,1,1.17,1
torchinferno,multi_turn,825,642.40,0.41,642.82,2,3.11,1
torchinferno,multi_turn,826,644.30,0.00,665.92,1,1.50,1
torchinferno,multi_turn,827,910.35,0.00,986.61,1,1.01,1
torchinferno,multi_turn,828,456.35,91.28,547.63,2,3.65,1
torchinferno,multi_turn,829,531.87,0.00,648.12,1,1.54,1
torchinferno,multi_turn,830,1292.68,0.00,1350.07,1,0.74,1
torchinferno,multi_turn,831,608.68,0.00,670.04,1,1.49,1
torchinferno,multi_turn,832,675.99,25.78,701.77,2,2.85,1
torchinferno,multi_turn,833,726.38,0.00,789.48,1,1.27,1
torchinferno,multi_turn,834,698.68,47.75,746.44,2,2.68,1
torchinferno,multi_turn,835,891.93,57.29,1006.50,3,2.98,0
torchinferno,multi_turn,836,408.15,96.72,504.87,2,3.96,1
torchinferno,multi_turn,837,528.16,0.00,593.24,1,1.69,1
torchinferno,multi_turn,838,1335.81,0.00,1366.11,1,0.73,1
torchinferno,multi_turn,839,647.43,0.00,710.07,1,1.41,1
torchinferno,multi_turn,840,1781.04,80.22,1941.49,3,1.55,0
torchinferno,multi_turn,841,735.02,22.57,757.59,2,2.64,1
torchinferno,multi_turn,842,638.41,0.00,683.01,1,1.46,1
torchinferno,multi_turn,843,1224.26,46.57,1270.83,2,1.57,0
torchinferno,multi_turn,844,483.29,36.76,520.05,2,3.85,1
torchinferno,multi_turn,845,593.23,53.97,647.21,2,3.09,1
torchinferno,multi_turn,846,1107.46,47.01,1154.46,2,1.73,1
torchinferno,multi_turn,847,1174.23,0.00,1236.34,1,0.81,1
torchinferno,multi_turn,848,852.77,0.00,867.92,1,1.15,1
torchinferno,multi_turn,849,688.74,0.00,689.05,1,1.45,1
torchinferno,multi_turn,850,598.89,0.00,698.86,1,1.43,1
torchinferno,multi_turn,851,847.66,83.14,930.80,2,2.15,1
torchinferno,multi_turn,852,433.44,0.00,540.27,1,1.85,1
torchinferno,multi_turn,853,519.13,0.00,560.41,1,1.78,1
torchinferno,multi_turn,854,1363.65,0.00,1377.44,1,0.73,1
torchinferno,multi_turn,855,663.34,61.44,724.78,2,2.76,1
torchinferno,multi_turn,856,654.28,0.00,717.94,1,1.39,1
torchinferno,multi_turn,857,701.48,0.00,725.59,1,1.38,1
torchinferno,multi_turn,858,728.73,0.00,851.72,1,1.17,1
torchinferno,multi_turn,859,820.71,0.00,848.48,1,1.18,1
torchinferno,multi_turn,860,495.11,19.28,514.38,2,3.89,1
torchinferno,multi_turn,861,605.45,102.87,708.32,2,2.82,1
torchinferno,multi_turn,862,1301.54,0.00,1370.78,1,0.73,1
torchinferno,multi_turn,863,598.38,70.80,669.19,2,2.99,1
torchinferno,multi_turn,864,652.00,0.00,708.89,1,1.41,1
torchinferno,multi_turn,865,693.69,0.00,760.83,1,1.31,1
torchinferno,multi_turn,866,685.65,37.06,722.71,2,2.77,1
torchinferno,multi_turn,867,907.64,54.14,961.78,2,2.08,1
torchinferno,multi_turn,868,470.68,0.00,503.61,1,1.99,1
torchinferno,multi_turn,869,589.89,98.27,688.16,2,2.91,1
torchinferno,multi_turn,870,1306.26,0.00,1367.41,1,0.73,1
torchinferno,multi_turn,871,608.50,74.04,682.53,2,2.93,1
torchinferno,multi_turn,872,646.70,0.00,691.76,1,1.45,1
torchinferno,multi_turn,873,706.12,0.00,804.55,1,1.24,1
torchinferno,multi_turn,874,687.74,39.11,726.85,2,2.75,1
torchinferno,multi_turn,875,877.33,91.92,969.25,2,2.06,1
torchinferno,multi_turn,876,424.75,127.13,551.88,2,3.62,1
torchinferno,multi_turn,877,497.65,0.00,520.72,1,1.92,1
torchinferno,multi_turn,878,1386.93,0.00,1419.70,1,0.70,1
torchinferno,multi_turn,879,638.40,69.32,707.72,2,2.83,0
torchinferno,multi_turn,880,612.71,0.00,613.04,1,1.63,1
torchinferno,multi_turn,881,746.83,51.57,798.40,2,2.51,1
torchinferno,multi_turn,882,705.63,77.66,860.95,3,3.48,1
torchinferno,multi_turn,883,790.35,0.00,881.27,1,1.13,1
torchinferno,multi_turn,884,420.98,72.12,565.23,3,5.31,1
torchinferno,multi_turn,885,480.91,0.00,502.33,1,1.99,1
torchinferno,multi_turn,886,1382.97,75.53,1534.03,3,1.96,1
torchinferno,multi_turn,887,751.36,115.14,866.50,2,2.31,1
torchinferno,multi_turn,888,856.40,42.13,898.53,2,2.23,1
torchinferno,multi_turn,889,650.95,0.00,655.85,1,1.52,1
torchinferno,multi_turn,890,1233.67,0.00,1254.85,1,0.80,1
torchinferno,multi_turn,891,511.27,46.46,557.73,2,3.59,1
torchinferno,multi_turn,892,575.08,0.00,644.97,1,1.55,1
torchinferno,multi_turn,893,1096.15,46.58,1142.73,2,1.75,1
torchinferno,multi_turn,894,1179.63,52.23,1231.87,2,1.62,1
torchinferno,multi_turn,895,468.71,0.00,482.18,1,2.07,1
torchinferno,multi_turn,896,674.98,0.00,748.22,1,1.34,1
torchinferno,multi_turn,897,683.43,136.11,819.55,2,2.44,1
torchinferno,multi_turn,898,804.54,0.00,894.37,1,1.12,1
torchinferno,multi_turn,899,435.64,0.00,513.52,1,1.95,1
torchinferno,multi_turn,900,546.60,0.00,629.27,1,1.59,1
torchinferno,multi_turn,901,1316.11,0.00,1363.05,1,0.73,1
torchinferno,multi_turn,902,628.36,0.00,670.75,1,1.49,1
torchinferno,multi_turn,903,485.13,0.00,501.24,1,2.00,1
torchinferno,multi_turn,904,714.30,0.00,844.34,1,1.18,1
torchinferno,multi_turn,905,646.16,0.00,724.42,1,1.38,1
torchinferno,multi_turn,906,849.75,0.00,865.11,1,1.16,1
torchinferno,multi_turn,907,505.80,0.00,527.32,1,1.90,1
torchinferno,multi_turn,908,605.21,61.09,666.30,2,3.00,1
torchinferno,multi_turn,909,1345.66,0.00,1364.60,1,0.73,1
torchinferno,multi_turn,910,656.74,56.85,713.59,2,2.80,1
torchinferno,multi_turn,911,461.29,0.00,482.07,1,2.07,1
torchinferno,multi_turn,912,651.44,0.00,677.48,1,1.48,1
torchinferno,multi_turn,913,734.57,0.00,753.74,1,1.33,1
torchinferno,multi_turn,914,926.14,110.58,1036.71,2,1.93,1
torchinferno,multi_turn,915,406.24,0.00,426.03,1,2.35,1
torchinferno,multi_turn,916,304.85,0.00,324.09,1,3.09,1
torchinferno,multi_turn,917,1149.61,0.00,1177.85,1,0.85,1
torchinferno,multi_turn,918,1176.88,0.00,1229.39,1,0.81,1
torchinferno,multi_turn,919,481.06,0.00,498.99,1,2.00,1
torchinferno,multi_turn,920,621.38,70.76,692.15,2,2.89,1
torchinferno,multi_turn,921,681.74,0.00,774.53,1,1.29,1
torchinferno,multi_turn,922,1288.97,55.52,1344.49,2,1.49,1
torchinferno,multi_turn,923,479.95,39.01,518.96,2,3.85,1
torchinferno,multi_turn,924,583.34,50.67,634.01,2,3.15,1
torchinferno,multi_turn,925,1113.24,43.18,1156.42,2,1.73,1
torchinferno,multi_turn,926,1178.33,35.69,1214.03,2,1.65,1
torchinferno,multi_turn,927,486.88,25.72,512.60,2,3.90,1
torchinferno,multi_turn,928,718.91,0.00,804.68,1,1.24,1
torchinferno,multi_turn,929,674.03,0.00,716.04,1,1.40,1
torchinferno,multi_turn,930,889.39,0.00,914.63,1,1.09,1
torchinferno,multi_turn,931,494.78,97.15,591.93,2,3.38,1
torchinferno,multi_turn,932,535.88,31.01,566.89,2,3.53,1
torchinferno,multi_turn,933,1367.18,28.67,1395.85,2,1.43,1
torchinferno,multi_turn,934,643.70,0.00,656.96,1,1.52,1
torchinferno,multi_turn,935,517.34,24.84,542.18,2,3.69,1
torchinferno,multi_turn,936,723.67,41.46,765.13,2,2.61,1
torchinferno,multi_turn,937,705.52,0.00,779.72,1,1.28,1
torchinferno,multi_turn,938,873.78,0.00,933.64,1,1.07,1
torchinferno,multi_turn,939,459.40,0.00,564.56,1,1.77,1
torchinferno,multi_turn,940,526.38,0.00,602.36,1,1.66,1
torchinferno,multi_turn,941,1326.02,77.79,1403.81,2,1.42,1
torchinferno,multi_turn,942,589.30,53.90,643.20,2,3.11,0
torchinferno,multi_turn,943,477.00,23.37,500.37,2,4.00,1
torchinferno,multi_turn,944,739.92,108.97,848.89,2,2.36,1
torchinferno,multi_turn,945,651.82,49.57,701.39,2,2.85,1
torchinferno,multi_turn,946,886.01,76.24,962.25,2,2.08,1
torchinferno,multi_turn,947,440.48,0.00,473.01,1,2.11,1
torchinferno,multi_turn,948,296.68,74.06,370.75,2,5.39,1
torchinferno,multi_turn,949,1091.32,72.97,1164.28,2,1.72,1
torchinferno,multi_turn,950,1145.67,0.00,1168.96,1,0.86,1
torchinferno,multi_turn,951,496.28,27.33,523.60,2,3.82,1
torchinferno,multi_turn,952,729.08,0.00,811.98,1,1.23,1
torchinferno,multi_turn,953,266.59,123.64,390.23,2,5.13,1
torchinferno,multi_turn,954,906.48,0.00,921.09,1,1.09,1
torchinferno,multi_turn,955,519.69,26.36,546.05,2,3.66,1
torchinferno,multi_turn,956,600.88,0.00,607.84,1,1.65,1
torchinferno,multi_turn,957,1154.10,0.00,1170.94,1,0.85,1
torchinferno,multi_turn,958,1195.51,0.00,1235.54,1,0.81,1
torchinferno,multi_turn,959,493.09,24.13,517.22,2,3.87,1
torchinferno,multi_turn,960,615.11,0.00,719.14,1,1.39,1
torchinferno,multi_turn,961,646.01,0.00,812.78,1,1.23,1
torchinferno,multi_turn,962,1220.29,32.28,1252.57,2,1.60,1
torchinferno,multi_turn,963,502.04,27.61,529.65,2,3.78,1
torchinferno,multi_turn,964,593.42,56.73,650.15,2,3.08,1
torchinferno,multi_turn,965,1112.45,20.47,1132.92,2,1.77,1
torchinferno,multi_turn,966,1186.09,0.00,1208.93,1,0.83,1
torchinferno,multi_turn,967,510.41,29.66,540.08,2,3.70,1
torchinferno,multi_turn,968,694.13,106.40,800.53,2,2.50,1
torchinferno,multi_turn,969,645.81,0.00,674.38,1,1.48,1
torchinferno,multi_turn,970,909.10,66.05,975.15,2,2.05,1
torchinferno,multi_turn,971,461.30,73.22,534.53,2,3.74,1
torchinferno,multi_turn,972,245.02,0.00,266.86,1,3.75,1
torchinferno,multi_turn,973,1142.57,0.00,1196.45,1,0.84,1
torchinferno,multi_turn,974,1157.80,0.00,1217.08,1,0.82,1
torchinferno,multi_turn,975,470.52,30.44,500.96,2,3.99,0
torchinferno,multi_turn,976,662.46,0.00,689.27,1,1.45,1
torchinferno,multi_turn,977,719.66,0.00,741.69,1,1.35,1
torchinferno,multi_turn,978,932.57,118.64,1051.21,2,1.90,1
torchinferno,multi_turn,979,396.02,0.00,450.32,1,2.22,1
torchinferno,multi_turn,980,567.65,0.00,649.89,1,1.54,1
torchinferno,multi_turn,981,1332.24,31.86,1364.10,2,1.47,1
torchinferno,multi_turn,982,628.19,0.00,653.47,1,1.53,1
torchinferno,multi_turn,983,507.29,29.08,536.37,2,3.73,1
torchinferno,multi_turn,984,720.19,0.00,857.73,1,1.17,1
torchinferno,multi_turn,985,1251.83,0.00,1261.70,1,0.79,1
torchinferno,multi_turn,986,518.43,0.00,536.63,1,1.86,1
torchinferno,multi_turn,987,607.13,38.75,645.88,2,3.10,1
torchinferno,multi_turn,988,1127.52,61.48,1188.99,2,1.68,1
torchinferno,multi_turn,989,1159.07,64.34,1223.42,2,1.63,1
torchinferno,multi_turn,990,457.22,0.00,470.82,1,2.12,1
torchinferno,multi_turn,991,41.21,0.00,149.66,1,6.68,1
torchinferno,multi_turn,992,724.60,0.00,807.54,1,1.24,1
torchinferno,multi_turn,993,1311.25,33.59,1344.84,2,1.49,1
torchinferno,multi_turn,994,493.95,74.10,568.05,2,3.52,1
torchinferno,multi_turn,995,554.69,22.43,577.12,2,3.47,1
torchinferno,multi_turn,996,1142.98,0.00,1205.94,1,0.83,1
torchinferno,multi_turn,997,1154.05,0.00,1173.00,1,0.85,1
torchinferno,multi_turn,998,503.27,26.37,529.64,2,3.78,1
torchinferno,multi_turn,999,329.15,0.00,339.22,1,2.95,1
torchinferno,tree_of_thought,0,806.46,0.00,1110.89,1,0.90,1
torchinferno,tree_of_thought,1,788.60,0.00,1113.60,1,0.90,1
torchinferno,tree_of_thought,2,813.82,0.00,1144.62,1,0.87,1
torchinferno,tree_of_thought,3,835.62,441.06,1276.68,2,1.57,1
torchinferno,tree_of_thought,4,146.42,0.00,170.73,1,5.86,1
torchinferno,tree_of_thought,5,133.24,29.01,162.26,2,12.33,1
torchinferno,tree_of_thought,6,171.58,28.70,200.28,2,9.99,1
torchinferno,tree_of_thought,7,188.78,0.00,221.69,1,4.51,1
torchinferno,tree_of_thought,8,129.30,72.83,202.13,2,9.89,1
torchinferno,tree_of_thought,9,150.37,74.97,225.34,2,8.88,1
torchinferno,tree_of_thought,10,154.62,0.00,180.21,1,5.55,1
torchinferno,tree_of_thought,11,191.60,0.00,198.91,1,5.03,1
torchinferno,tree_of_thought,12,489.06,0.00,529.44,1,1.89,1
torchinferno,tree_of_thought,13,518.04,66.15,584.19,2,3.42,1
torchinferno,tree_of_thought,14,450.95,0.00,513.87,1,1.95,1
torchinferno,tree_of_thought,15,464.59,136.86,601.45,2,3.33,1
torchinferno,tree_of_thought,16,650.53,24.58,675.11,2,2.96,1
torchinferno,tree_of_thought,17,500.52,0.00,552.05,1,1.81,1
torchinferno,tree_of_thought,18,460.20,0.00,476.66,1,2.10,1
torchinferno,tree_of_thought,19,434.26,77.58,511.84,2,3.91,1
torchinferno,tree_of_thought,20,476.83,68.30,545.13,2,3.67,1
torchinferno,tree_of_thought,21,172.67,0.00,222.45,1,4.50,1
torchinferno,tree_of_thought,22,146.54,0.00,208.62,1,4.79,1
torchinferno,tree_of_thought,23,126.57,53.31,179.88,2,11.12,1
torchinferno,tree_of_thought,24,200.46,71.31,271.77,2,7.36,1
torchinferno,tree_of_thought,25,475.47,0.00,490.32,1,2.04,1
torchinferno,tree_of_thought,26,524.21,0.00,572.07,1,1.75,1
torchinferno,tree_of_thought,27,541.14,68.03,609.17,2,3.28,1
torchinferno,tree_of_thought,28,577.84,82.52,660.36,2,3.03,0
torchinferno,tree_of_thought,29,546.46,0.00,579.79,1,1.72,1
torchinferno,tree_of_thought,30,418.57,0.00,425.96,1,2.35,1
torchinferno,tree_of_thought,31,309.63,0.00,428.20,1,2.34,1
torchinferno,tree_of_thought,32,852.31,0.00,1168.64,1,0.86,1
torchinferno,tree_of_thought,33,835.66,0.00,1161.77,1,0.86,1
torchinferno,tree_of_thought,34,856.93,444.84,1301.78,2,1.54,1
torchinferno,tree_of_thought,35,188.98,0.00,200.44,1,4.99,1
torchinferno,tree_of_thought,36,184.14,21.81,205.95,2,9.71,1
torchinferno,tree_of_thought,37,163.74,36.75,200.49,2,9.98,1
torchinferno,tree_of_thought,38,151.01,35.33,186.34,2,10.73,1
torchinferno,tree_of_thought,39,186.00,0.00,227.32,1,4.40,1
torchinferno,tree_of_thought,40,168.68,60.74,229.42,2,8.72,1
torchinferno,tree_of_thought,41,134.05,56.03,190.07,2,10.52,1
torchinferno,tree_of_thought,42,150.55,66.14,216.69,2,9.23,1
torchinferno,tree_of_thought,43,462.09,0.00,499.21,1,2.00,1
torchinferno,tree_of_thought,44,496.72,0.00,541.61,1,1.85,1
torchinferno,tree_of_thought,45,528.83,66.30,595.13,2,3.36,1
torchinferno,tree_of_thought,46,496.72,108.87,605.59,2,3.30,1
torchinferno,tree_of_thought,47,652.43,28.09,680.52,2,2.94,1
torchinferno,tree_of_thought,48,495.10,0.00,552.97,1,1.81,1
torchinferno,tree_of_thought,49,462.74,0.00,471.23,1,2.12,1
torchinferno,tree_of_thought,50,465.19,62.36,527.55,2,3.79,1
torchinferno,tree_of_thought,51,433.92,68.49,502.41,2,3.98,1
torchinferno,tree_of_thought,52,183.29,0.00,223.66,1,4.47,1
torchinferno,tree_of_thought,53,156.55,0.00,215.16,1,4.65,1
torchinferno,tree_of_thought,54,115.96,69.42,185.38,2,10.79,1
torchinferno,tree_of_thought,55,206.90,0.00,282.68,1,3.54,1
torchinferno,tree_of_thought,56,474.41,27.08,501.49,2,3.99,1
torchinferno,tree_of_thought,57,530.28,59.83,590.11,2,3.39,1
torchinferno,tree_of_thought,58,540.87,0.00,569.63,1,1.76,1
torchinferno,tree_of_thought,59,557.99,74.75,632.74,2,3.16,1
torchinferno,tree_of_thought,60,523.30,72.05,667.39,3,4.50,1
torchinferno,tree_of_thought,61,331.51,0.00,341.74,1,2.93,1
torchinferno,tree_of_thought,62,767.71,0.00,1084.97,1,0.92,1
torchinferno,tree_of_thought,63,757.83,0.00,1085.61,1,0.92,1
torchinferno,tree_of_thought,64,779.04,0.00,1110.92,1,0.90,1
torchinferno,tree_of_thought,65,764.76,0.00,1097.89,1,0.91,1
torchinferno,tree_of_thought,66,301.25,0.00,327.77,1,3.05,1
torchinferno,tree_of_thought,67,327.14,0.00,332.41,1,3.01,1
torchinferno,tree_of_thought,68,296.54,35.70,332.24,2,6.02,1
torchinferno,tree_of_thought,69,294.02,80.93,455.87,3,6.58,0
torchinferno,tree_of_thought,70,369.64,0.00,381.19,1,2.62,1
torchinferno,tree_of_thought,71,370.25,264.72,634.97,2,3.15,1
torchinferno,tree_of_thought,72,366.24,264.51,630.75,2,3.17,1
torchinferno,tree_of_thought,73,368.37,264.01,632.37,2,3.16,1
torchinferno,tree_of_thought,74,602.42,0.00,613.46,1,1.63,1
torchinferno,tree_of_thought,75,601.54,0.00,619.03,1,1.62,1
torchinferno,tree_of_thought,76,602.66,26.50,629.16,2,3.18,0
torchinferno,tree_of_thought,77,603.68,21.64,625.32,2,3.20,1
torchinferno,tree_of_thought,78,280.33,26.00,306.33,2,6.53,1
torchinferno,tree_of_thought,79,486.17,67.24,553.41,2,3.61,1
torchinferno,tree_of_thought,80,453.69,66.93,520.62,2,3.84,1
torchinferno,tree_of_thought,81,456.28,21.45,477.74,2,4.19,1
torchinferno,tree_of_thought,82,423.94,0.00,509.62,1,1.96,1
torchinferno,tree_of_thought,83,178.69,0.00,225.01,1,4.44,1
torchinferno,tree_of_thought,84,146.52,71.52,218.04,2,9.17,1
torchinferno,tree_of_thought,85,133.39,38.95,172.34,2,11.60,1
torchinferno,tree_of_thought,86,190.08,0.00,196.51,1,5.09,1
torchinferno,tree_of_thought,87,455.87,0.00,470.53,1,2.13,1
torchinferno,tree_of_thought,88,541.06,0.00,591.79,1,1.69,1
torchinferno,tree_of_thought,89,573.81,0.00,630.80,1,1.59,1
torchinferno,tree_of_thought,90,547.85,0.00,553.04,1,1.81,1
torchinferno,tree_of_thought,91,510.84,0.00,591.63,1,1.69,1
torchinferno,tree_of_thought,92,432.56,0.00,444.90,1,2.25,1
torchinferno,tree_of_thought,93,308.70,0.00,425.80,1,2.35,1
torchinferno,tree_of_thought,94,868.43,436.03,1304.46,2,1.53,1
torchinferno,tree_of_thought,95,854.97,435.54,1290.51,2,1.55,1
torchinferno,tree_of_thought,96,832.09,454.67,1286.76,2,1.55,1
torchinferno,tree_of_thought,97,203.32,0.00,203.65,1,4.91,1
torchinferno,tree_of_thought,98,140.18,0.00,165.96,1,6.03,1
torchinferno,tree_of_thought,99,212.22,0.00,215.61,1,4.64,1
torchinferno,tree_of_thought,100,149.54,50.35,199.89,2,10.01,1
torchinferno,tree_of_thought,101,167.08,58.20,225.28,2,8.88,1
torchinferno,tree_of_thought,102,163.86,0.00,187.30,1,5.34,1
torchinferno,tree_of_thought,103,145.62,0.00,221.85,1,4.51,1
torchinferno,tree_of_thought,104,182.71,0.00,187.06,1,5.35,1
torchinferno,tree_of_thought,105,526.49,0.00,580.70,1,1.72,1
torchinferno,tree_of_thought,106,495.72,0.00,551.53,1,1.81,1
torchinferno,tree_of_thought,107,457.58,74.02,531.60,2,3.76,0
torchinferno,tree_of_thought,108,494.37,0.00,501.56,1,1.99,1
torchinferno,tree_of_thought,109,760.02,0.00,771.91,1,1.30,1
torchinferno,tree_of_thought,110,198.24,181.39,379.63,2,5.27,1
torchinferno,tree_of_thought,111,474.20,0.00,525.81,1,1.90,1
torchinferno,tree_of_thought,112,506.89,79.54,586.43,2,3.41,1
torchinferno,tree_of_thought,113,442.97,55.40,664.56,5,7.52,1
torchinferno,tree_of_thought,114,175.81,0.00,182.55,1,5.48,1
torchinferno,tree_of_thought,115,169.03,0.00,180.67,1,5.54,1
torchinferno,tree_of_thought,116,171.11,0.00,186.72,1,5.36,1
torchinferno,tree_of_thought,117,168.56,129.23,297.79,2,6.72,1
torchinferno,tree_of_thought,118,338.43,0.00,351.45,1,2.85,1
torchinferno,tree_of_thought,119,550.12,0.00,588.29,1,1.70,1
torchinferno,tree_of_thought,120,514.72,84.38,599.10,2,3.34,1
torchinferno,tree_of_thought,121,535.09,39.72,574.81,2,3.48,1
torchinferno,tree_of_thought,122,586.95,81.67,668.61,2,2.99,1
torchinferno,tree_of_thought,123,432.02,0.00,446.86,1,2.24,1
torchinferno,tree_of_thought,124,760.26,0.00,1099.31,1,0.91,1
torchinferno,tree_of_thought,125,762.80,438.78,1201.58,2,1.66,1
torchinferno,tree_of_thought,126,764.37,455.37,1219.74,2,1.64,1
torchinferno,tree_of_thought,127,1071.73,253.14,1324.87,2,1.51,1
torchinferno,tree_of_thought,128,300.34,0.00,339.98,1,2.94,1
torchinferno,tree_of_thought,129,299.01,0.00,345.28,1,2.90,1
torchinferno,tree_of_thought,130,282.65,66.59,349.24,2,5.73,1
torchinferno,tree_of_thought,131,296.77,72.24,369.01,2,5.42,1
torchinferno,tree_of_thought,132,530.05,0.00,584.10,1,1.71,1
torchinferno,tree_of_thought,133,494.86,63.19,558.04,2,3.58,0
torchinferno,tree_of_thought,134,451.80,72.95,524.75,2,3.81,1
torchinferno,tree_of_thought,135,467.52,135.86,603.38,2,3.31,1
torchinferno,tree_of_thought,136,339.57,0.00,353.16,1,2.83,1
torchinferno,tree_of_thought,137,332.88,0.00,349.74,1,2.86,1
torchinferno,tree_of_thought,138,334.99,0.00,347.66,1,2.88,1
torchinferno,tree_of_thought,139,328.26,27.44,355.70,2,5.62,1
torchinferno,tree_of_thought,140,272.26,26.92,299.19,2,6.68,1
torchinferno,tree_of_thought,141,433.89,0.00,475.84,1,2.10,1
torchinferno,tree_of_thought,142,472.05,0.00,529.00,1,1.89,1
torchinferno,tree_of_thought,143,493.45,0.00,566.18,1,1.77,1
torchinferno,tree_of_thought,144,451.33,0.00,482.45,1,2.07,1
torchinferno,tree_of_thought,145,128.73,0.00,178.43,1,5.60,1
torchinferno,tree_of_thought,146,153.32,0.00,217.78,1,4.59,1
torchinferno,tree_of_thought,147,209.58,59.68,269.26,2,7.43,1
torchinferno,tree_of_thought,148,194.27,57.49,251.76,2,7.94,1
torchinferno,tree_of_thought,149,466.90,24.83,491.73,2,4.07,1
torchinferno,tree_of_thought,150,535.94,0.00,582.05,1,1.72,1
torchinferno,tree_of_thought,151,558.57,0.00,615.08,1,1.63,1
torchinferno,tree_of_thought,152,502.30,57.37,559.67,2,3.57,1
torchinferno,tree_of_thought,153,521.68,0.00,552.10,1,1.81,1
torchinferno,tree_of_thought,154,424.99,0.00,441.06,1,2.27,1
torchinferno,tree_of_thought,155,304.15,0.00,421.86,1,2.37,1
torchinferno,tree_of_thought,156,853.22,0.00,1181.15,1,0.85,1
torchinferno,tree_of_thought,157,854.30,0.00,1180.39,1,0.85,1
torchinferno,tree_of_thought,158,831.68,440.56,1272.24,2,1.57,1
torchinferno,tree_of_thought,159,184.90,0.00,207.40,1,4.82,1
torchinferno,tree_of_thought,160,188.92,0.00,211.07,1,4.74,1
torchinferno,tree_of_thought,161,192.90,0.00,210.41,1,4.75,1
torchinferno,tree_of_thought,162,189.32,0.00,207.28,1,4.82,1
torchinferno,tree_of_thought,163,188.08,0.00,250.27,1,4.00,1
torchinferno,tree_of_thought,164,188.19,69.72,257.92,2,7.75,1
torchinferno,tree_of_thought,165,181.69,0.00,261.81,1,3.82,1
torchinferno,tree_of_thought,166,185.39,84.33,269.72,2,7.42,1
torchinferno,tree_of_thought,167,487.45,51.26,538.71,2,3.71,1
torchinferno,tree_of_thought,168,517.15,68.62,585.77,2,3.41,1
torchinferno,tree_of_thought,169,488.81,0.00,490.83,1,2.04,1
torchinferno,tree_of_thought,170,444.14,87.22,618.57,3,4.85,1
torchinferno,tree_of_thought,171,656.90,0.00,670.61,1,1.49,1
torchinferno,tree_of_thought,172,194.80,0.00,312.58,1,3.20,1
torchinferno,tree_of_thought,173,506.98,0.00,562.85,1,1.78,1
torchinferno,tree_of_thought,174,476.02,0.00,531.46,1,1.88,1
torchinferno,tree_of_thought,175,446.50,38.52,523.54,3,5.73,0
torchinferno,tree_of_thought,176,171.57,0.00,232.20,1,4.31,1
torchinferno,tree_of_thought,177,191.94,69.65,261.59,2,7.65,1
torchinferno,tree_of_thought,178,161.65,19.28,180.93,2,11.05,1
torchinferno,tree_of_thought,179,134.04,0.00,210.88,1,4.74,1
torchinferno,tree_of_thought,180,473.14,0.00,487.72,1,2.05,1
torchinferno,tree_of_thought,181,528.48,0.00,592.47,1,1.69,1
torchinferno,tree_of_thought,182,563.05,0.00,625.38,1,1.60,1
torchinferno,tree_of_thought,183,512.92,65.48,578.40,2,3.46,1
torchinferno,tree_of_thought,184,590.53,86.71,677.24,2,2.95,1
torchinferno,tree_of_thought,185,431.08,0.00,447.41,1,2.24,1
torchinferno,tree_of_thought,186,767.11,0.00,1102.51,1,0.91,1
torchinferno,tree_of_thought,187,763.97,0.00,1097.17,1,0.91,1
torchinferno,tree_of_thought,188,774.81,452.35,1227.16,2,1.63,1
torchinferno,tree_of_thought,189,779.60,461.79,1241.39,2,1.61,1
torchinferno,tree_of_thought,190,145.72,0.00,170.06,1,5.88,1
torchinferno,tree_of_thought,191,164.73,0.00,187.26,1,5.34,1
torchinferno,tree_of_thought,192,116.71,0.00,142.50,1,7.02,1
torchinferno,tree_of_thought,193,129.50,0.00,171.67,1,5.83,1
torchinferno,tree_of_thought,194,179.61,0.00,231.47,1,4.32,1
torchinferno,tree_of_thought,195,137.19,57.20,194.38,2,10.29,1
torchinferno,tree_of_thought,196,151.49,0.00,182.79,1,5.47,1
torchinferno,tree_of_thought,197,152.67,79.86,232.52,2,8.60,1
torchinferno,tree_of_thought,198,532.37,0.00,587.24,1,1.70,1
torchinferno,tree_of_thought,199,470.40,0.00,536.89,1,1.86,1
torchinferno,tree_of_thought,200,494.48,0.00,503.37,1,1.99,1
torchinferno,tree_of_thought,201,514.13,0.00,583.02,1,1.72,1
torchinferno,tree_of_thought,202,758.92,25.30,784.23,2,2.55,1
torchinferno,tree_of_thought,203,499.92,0.00,540.66,1,1.85,1
torchinferno,tree_of_thought,204,474.16,0.00,513.13,1,1.95,1
torchinferno,tree_of_thought,205,447.00,58.70,505.70,2,3.95,1
torchinferno,tree_of_thought,206,464.37,31.42,495.79,2,4.03,1
torchinferno,tree_of_thought,207,157.07,59.73,216.80,2,9.23,1
torchinferno,tree_of_thought,208,183.99,0.00,248.76,1,4.02,1
torchinferno,tree_of_thought,209,127.46,66.17,193.63,2,10.33,0
torchinferno,tree_of_thought,210,150.75,21.90,172.65,2,11.58,1
torchinferno,tree_of_thought,211,467.86,27.61,495.47,2,4.04,1
torchinferno,tree_of_thought,212,546.22,24.44,570.66,2,3.50,1
torchinferno,tree_of_thought,213,528.96,71.53,600.49,2,3.33,1
torchinferno,tree_of_thought,214,539.72,17.92,557.64,2,3.59,1
torchinferno,tree_of_thought,215,557.83,81.31,639.14,2,3.13,1
torchinferno,tree_of_thought,216,429.15,0.00,445.09,1,2.25,1
torchinferno,tree_of_thought,217,1054.29,0.00,1170.14,1,0.85,1
torchinferno,tree_of_thought,218,1044.64,0.00,1187.69,1,0.84,1
torchinferno,tree_of_thought,219,1063.93,0.00,1195.58,1,0.84,1
torchinferno,tree_of_thought,220,1048.97,265.11,1314.08,2,1.52,1
torchinferno,tree_of_thought,221,299.47,0.00,370.13,1,2.70,1
torchinferno,tree_of_thought,222,291.63,71.16,362.79,2,5.51,1
torchinferno,tree_of_thought,223,276.01,70.10,346.11,2,5.78,1
torchinferno,tree_of_thought,224,279.29,79.51,358.80,2,5.57,1
torchinferno,tree_of_thought,225,475.57,0.00,535.26,1,1.87,1
torchinferno,tree_of_thought,226,503.77,63.68,567.45,2,3.52,1
torchinferno,tree_of_thought,227,545.31,60.92,606.23,2,3.30,1
torchinferno,tree_of_thought,228,443.40,87.92,619.25,3,4.84,1
torchinferno,tree_of_thought,229,337.58,0.00,347.46,1,2.88,1
torchinferno,tree_of_thought,230,350.23,23.37,373.60,2,5.35,1
torchinferno,tree_of_thought,231,337.28,28.46,365.73,2,5.47,1
torchinferno,tree_of_thought,232,347.29,29.65,376.94,2,5.31,1
torchinferno,tree_of_thought,233,277.94,0.00,292.25,1,3.42,1
torchinferno,tree_of_thought,234,458.98,0.00,496.73,1,2.01,1
torchinferno,tree_of_thought,235,522.67,0.00,568.93,1,1.76,1
torchinferno,tree_of_thought,236,470.91,0.00,491.34,1,2.04,1
torchinferno,tree_of_thought,237,477.63,82.37,560.01,2,3.57,1
torchinferno,tree_of_thought,238,132.31,0.00,189.70,1,5.27,1
torchinferno,tree_of_thought,239,151.21,0.00,161.31,1,6.20,1
torchinferno,tree_of_thought,240,163.73,61.93,225.65,2,8.86,1
torchinferno,tree_of_thought,241,190.45,83.26,273.71,2,7.31,1
torchinferno,tree_of_thought,242,466.24,0.00,483.47,1,2.07,1
torchinferno,tree_of_thought,243,543.88,0.00,613.42,1,1.63,1
torchinferno,tree_of_thought,244,580.52,77.19,657.71,2,3.04,1
torchinferno,tree_of_thought,245,541.79,23.28,565.07,2,3.54,1
torchinferno,tree_of_thought,246,504.62,91.30,595.92,2,3.36,1
torchinferno,tree_of_thought,247,427.80,0.00,443.58,1,2.25,1
torchinferno,tree_of_thought,248,789.10,0.00,1106.47,1,0.90,1
torchinferno,tree_of_thought,249,786.10,0.00,1116.06,1,0.90,1
torchinferno,tree_of_thought,250,773.32,0.00,1106.91,1,0.90,1
torchinferno,tree_of_thought,251,785.02,458.23,1243.25,2,1.61,1
torchinferno,tree_of_thought,252,135.77,0.00,149.58,1,6.69,1
torchinferno,tree_of_thought,253,144.97,0.00,149.25,1,6.70,1
torchinferno,tree_of_thought,254,147.96,27.18,175.14,2,11.42,1
torchinferno,tree_of_thought,255,165.31,37.68,202.99,2,9.85,1
torchinferno,tree_of_thought,256,146.04,0.00,192.42,1,5.20,1
torchinferno,tree_of_thought,257,162.71,0.00,215.23,1,4.65,1
torchinferno,tree_of_thought,258,158.69,0.00,194.70,1,5.14,1
torchinferno,tree_of_thought,259,142.39,41.87,184.26,2,10.85,1
torchinferno,tree_of_thought,260,534.36,0.00,580.21,1,1.72,1
torchinferno,tree_of_thought,261,447.42,0.00,488.09,1,2.05,1
torchinferno,tree_of_thought,262,488.30,0.00,551.59,1,1.81,1
torchinferno,tree_of_thought,263,513.46,76.23,589.70,2,3.39,1
torchinferno,tree_of_thought,264,760.63,21.45,782.08,2,2.56,1
torchinferno,tree_of_thought,265,465.51,0.00,523.32,1,1.91,1
torchinferno,tree_of_thought,266,428.37,0.00,500.69,1,2.00,1
torchinferno,tree_of_thought,267,497.65,73.93,571.58,2,3.50,1
torchinferno,tree_of_thought,268,461.59,28.59,490.18,2,4.08,1
torchinferno,tree_of_thought,269,155.14,0.00,219.21,1,4.56,1
torchinferno,tree_of_thought,270,181.66,79.08,260.74,2,7.67,1
torchinferno,tree_of_thought,271,137.07,0.00,207.04,1,4.83,1
torchinferno,tree_of_thought,272,149.89,28.55,178.44,2,11.21,1
torchinferno,tree_of_thought,273,455.05,24.62,479.68,2,4.17,1
torchinferno,tree_of_thought,274,535.08,0.00,583.92,1,1.71,1
torchinferno,tree_of_thought,275,517.79,0.00,557.09,1,1.80,1
torchinferno,tree_of_thought,276,548.52,36.63,585.15,2,3.42,1
torchinferno,tree_of_thought,277,552.71,0.00,644.68,1,1.55,1
torchinferno,tree_of_thought,278,422.41,0.00,443.27,1,2.26,1
torchinferno,tree_of_thought,279,305.55,225.91,531.46,2,3.76,1
torchinferno,tree_of_thought,280,827.14,0.00,1155.19,1,0.87,1
torchinferno,tree_of_thought,281,854.84,0.00,1176.79,1,0.85,1
torchinferno,tree_of_thought,282,867.80,432.70,1300.51,2,1.54,1
torchinferno,tree_of_thought,283,160.71,0.00,172.62,1,5.79,1
torchinferno,tree_of_thought,284,173.06,0.00,206.08,1,4.85,1
torchinferno,tree_of_thought,285,142.91,38.25,181.16,2,11.04,1
torchinferno,tree_of_thought,286,129.63,40.27,169.90,2,11.77,1
torchinferno,tree_of_thought,287,176.37,0.00,228.47,1,4.38,1
torchinferno,tree_of_thought,288,151.82,0.00,199.39,1,5.02,1
torchinferno,tree_of_thought,289,188.07,62.48,250.55,2,7.98,1
torchinferno,tree_of_thought,290,178.63,76.77,255.40,2,7.83,1
torchinferno,tree_of_thought,291,498.73,0.00,548.33,1,1.82,1
torchinferno,tree_of_thought,292,465.84,0.00,523.74,1,1.91,1
torchinferno,tree_of_thought,293,528.60,0.00,593.97,1,1.68,1
torchinferno,tree_of_thought,294,498.28,115.24,613.53,2,3.26,1
torchinferno,tree_of_thought,295,652.28,0.00,666.60,1,1.50,1
torchinferno,tree_of_thought,296,193.71,0.00,309.88,1,3.23,1
torchinferno,tree_of_thought,297,443.34,59.33,502.67,2,3.98,1
torchinferno,tree_of_thought,298,502.00,78.29,580.29,2,3.45,1
torchinferno,tree_of_thought,299,473.06,75.66,548.72,2,3.64,1
torchinferno,tree_of_thought,300,156.12,0.00,205.47,1,4.87,1
torchinferno,tree_of_thought,301,201.13,0.00,242.16,1,4.13,1
torchinferno,tree_of_thought,302,137.00,0.00,193.24,1,5.17,1
torchinferno,tree_of_thought,303,148.46,28.57,177.03,2,11.30,1
torchinferno,tree_of_thought,304,463.36,0.00,482.00,1,2.07,1
torchinferno,tree_of_thought,305,568.91,0.00,617.60,1,1.62,1
torchinferno,tree_of_thought,306,536.88,0.00,585.30,1,1.71,1
torchinferno,tree_of_thought,307,534.31,0.00,544.80,1,1.84,1
torchinferno,tree_of_thought,308,513.16,64.01,577.17,2,3.47,1
torchinferno,tree_of_thought,309,435.82,24.21,460.03,2,4.35,1
torchinferno,tree_of_thought,310,797.51,442.35,1239.86,2,1.61,1
torchinferno,tree_of_thought,311,801.70,445.75,1247.44,2,1.60,1
torchinferno,tree_of_thought,312,800.41,459.78,1260.19,2,1.59,1
torchinferno,tree_of_thought,313,791.98,452.42,1244.40,2,1.61,1
torchinferno,tree_of_thought,314,154.26,0.00,166.13,1,6.02,1
torchinferno,tree_of_thought,315,166.12,0.00,187.24,1,5.34,1
torchinferno,tree_of_thought,316,149.55,0.00,162.95,1,6.14,1
torchinferno,tree_of_thought,317,123.45,0.00,158.66,1,6.30,1
torchinferno,tree_of_thought,318,140.43,0.00,188.38,1,5.31,1
torchinferno,tree_of_thought,319,174.02,64.58,238.60,2,8.38,1
torchinferno,tree_of_thought,320,154.67,79.63,234.30,2,8.54,1
torchinferno,tree_of_thought,321,160.81,34.91,195.72,2,10.22,1
torchinferno,tree_of_thought,322,509.72,0.00,559.88,1,1.79,1
torchinferno,tree_of_thought,323,538.20,0.00,598.83,1,1.67,1
torchinferno,tree_of_thought,324,485.12,67.50,552.62,2,3.62,1
torchinferno,tree_of_thought,325,510.48,0.00,514.30,1,1.94,1
torchinferno,tree_of_thought,326,761.77,18.99,780.75,2,2.56,1
torchinferno,tree_of_thought,327,506.80,57.69,564.48,2,3.54,1
torchinferno,tree_of_thought,328,460.30,0.00,494.12,1,2.02,1
torchinferno,tree_of_thought,329,447.48,69.07,516.55,2,3.87,0
torchinferno,tree_of_thought,330,481.97,0.00,555.56,1,1.80,1
torchinferno,tree_of_thought,331,147.74,0.00,206.23,1,4.85,1
torchinferno,tree_of_thought,332,143.94,25.35,169.29,2,11.81,1
torchinferno,tree_of_thought,333,189.48,65.56,255.05,2,7.84,1
torchinferno,tree_of_thought,334,122.79,82.64,205.42,2,9.74,0
torchinferno,tree_of_thought,335,467.80,0.00,476.75,1,2.10,1
torchinferno,tree_of_thought,336,593.82,0.00,645.74,1,1.55,1
torchinferno,tree_of_thought,337,547.49,0.00,598.76,1,1.67,1
torchinferno,tree_of_thought,338,581.56,0.00,638.42,1,1.57,1
torchinferno,tree_of_thought,339,597.33,76.03,673.36,2,2.97,1
torchinferno,tree_of_thought,340,438.89,23.83,462.73,2,4.32,1
torchinferno,tree_of_thought,341,1068.88,0.00,1180.93,1,0.85,1
torchinferno,tree_of_thought,342,1061.15,0.00,1188.30,1,0.84,1
torchinferno,tree_of_thought,343,1064.00,250.73,1314.73,2,1.52,1
torchinferno,tree_of_thought,344,1070.90,255.69,1326.59,2,1.51,1
torchinferno,tree_of_thought,345,276.87,0.00,326.25,1,3.07,1
torchinferno,tree_of_thought,346,286.33,57.49,343.82,2,5.82,1
torchinferno,tree_of_thought,347,299.04,0.00,360.94,1,2.77,1
torchinferno,tree_of_thought,348,288.95,81.51,370.46,2,5.40,1
torchinferno,tree_of_thought,349,537.68,0.00,591.64,1,1.69,1
torchinferno,tree_of_thought,350,508.94,0.00,554.30,1,1.80,1
torchinferno,tree_of_thought,351,528.21,76.06,604.27,2,3.31,1
torchinferno,tree_of_thought,352,481.86,70.30,552.16,2,3.62,1
torchinferno,tree_of_thought,353,437.09,0.00,448.00,1,2.23,1
torchinferno,tree_of_thought,354,445.11,0.00,464.32,1,2.15,1
torchinferno,tree_of_thought,355,437.26,26.69,463.95,2,4.31,1
torchinferno,tree_of_thought,356,444.22,27.68,471.91,2,4.24,1
torchinferno,tree_of_thought,357,272.62,0.00,282.84,1,3.54,1
torchinferno,tree_of_thought,358,199.99,0.00,315.10,1,3.17,1
torchinferno,tree_of_thought,359,509.31,0.00,565.71,1,1.77,1
torchinferno,tree_of_thought,360,486.81,0.00,556.34,1,1.80,1
torchinferno,tree_of_thought,361,451.92,71.54,523.46,2,3.82,1
torchinferno,tree_of_thought,362,205.55,0.00,264.90,1,3.78,1
torchinferno,tree_of_thought,363,199.97,0.00,247.93,1,4.03,1
torchinferno,tree_of_thought,364,210.64,65.51,276.15,2,7.24,1
torchinferno,tree_of_thought,365,206.32,0.00,279.20,1,3.58,1
torchinferno,tree_of_thought,366,472.31,0.00,488.03,1,2.05,1
torchinferno,tree_of_thought,367,524.52,0.00,572.75,1,1.75,1
torchinferno,tree_of_thought,368,575.69,0.00,643.78,1,1.55,1
torchinferno,tree_of_thought,369,543.72,78.13,621.85,2,3.22,1
torchinferno,tree_of_thought,370,550.41,0.00,568.72,1,1.76,1
torchinferno,tree_of_thought,371,426.94,0.00,453.24,1,2.21,1
torchinferno,tree_of_thought,372,842.55,0.00,1159.94,1,0.86,1
torchinferno,tree_of_thought,373,830.50,0.00,1144.38,1,0.87,1
torchinferno,tree_of_thought,374,852.59,0.00,1182.66,1,0.85,1
torchinferno,tree_of_thought,375,834.64,0.00,1160.87,1,0.86,1
torchinferno,tree_of_thought,376,301.00,0.00,324.33,1,3.08,1
torchinferno,tree_of_thought,377,309.40,0.00,336.53,1,2.97,1
torchinferno,tree_of_thought,378,308.57,36.42,344.99,2,5.80,1
torchinferno,tree_of_thought,379,314.50,38.04,352.54,2,5.67,1
torchinferno,tree_of_thought,380,136.96,0.00,192.35,1,5.20,1
torchinferno,tree_of_thought,381,166.80,0.00,229.69,1,4.35,1
torchinferno,tree_of_thought,382,125.87,62.69,188.56,2,10.61,1
torchinferno,tree_of_thought,383,158.79,23.61,182.40,2,10.96,1
torchinferno,tree_of_thought,384,473.34,0.00,511.28,1,1.96,1
torchinferno,tree_of_thought,385,493.37,0.00,544.18,1,1.84,1
torchinferno,tree_of_thought,386,532.24,0.00,600.59,1,1.67,1
torchinferno,tree_of_thought,387,481.68,130.68,612.36,2,3.27,1
torchinferno,tree_of_thought,388,647.77,0.00,665.81,1,1.50,1
torchinferno,tree_of_thought,389,184.85,182.11,366.96,2,5.45,1
torchinferno,tree_of_thought,390,496.17,0.00,535.60,1,1.87,1
torchinferno,tree_of_thought,391,454.36,0.00,503.70,1,1.99,1
torchinferno,tree_of_thought,392,428.12,68.67,496.79,2,4.03,1
torchinferno,tree_of_thought,393,210.84,55.34,266.17,2,7.51,1
torchinferno,tree_of_thought,394,147.88,62.11,209.99,2,9.52,1
torchinferno,tree_of_thought,395,156.44,31.20,187.64,2,10.66,1
torchinferno,tree_of_thought,396,179.22,0.00,246.72,1,4.05,1
torchinferno,tree_of_thought,397,467.21,0.00,483.87,1,2.07,1
torchinferno,tree_of_thought,398,513.59,68.11,581.70,2,3.44,1
torchinferno,tree_of_thought,399,535.21,21.43,556.63,2,3.59,1
torchinferno,tree_of_thought,400,582.74,41.39,665.52,3,4.51,1
torchinferno,tree_of_thought,401,541.60,88.59,630.19,2,3.17,0
torchinferno,tree_of_thought,402,421.89,24.67,446.56,2,4.48,1
torchinferno,tree_of_thought,403,799.30,0.00,1137.73,1,0.88,1
torchinferno,tree_of_thought,404,838.04,433.78,1271.82,2,1.57,1
torchinferno,tree_of_thought,405,835.29,448.79,1284.08,2,1.56,1
torchinferno,tree_of_thought,406,822.95,453.19,1276.15,2,1.57,1
torchinferno,tree_of_thought,407,164.19,0.00,190.05,1,5.26,1
torchinferno,tree_of_thought,408,136.47,29.44,165.91,2,12.06,1
torchinferno,tree_of_thought,409,121.03,0.00,156.14,1,6.40,1
torchinferno,tree_of_thought,410,149.14,44.83,193.97,2,10.31,1
torchinferno,tree_of_thought,411,140.11,58.34,198.45,2,10.08,1
torchinferno,tree_of_thought,412,130.86,0.00,195.05,1,5.13,1
torchinferno,tree_of_thought,413,167.41,0.00,245.31,1,4.08,1
torchinferno,tree_of_thought,414,152.55,39.09,191.64,2,10.44,1
torchinferno,tree_of_thought,415,442.45,64.67,507.11,2,3.94,1
torchinferno,tree_of_thought,416,517.34,63.25,580.59,2,3.44,1
torchinferno,tree_of_thought,417,460.73,0.00,488.06,1,2.05,1
torchinferno,tree_of_thought,418,493.59,0.00,560.04,1,1.79,1
torchinferno,tree_of_thought,419,764.70,20.92,785.62,2,2.55,1
torchinferno,tree_of_thought,420,500.75,0.00,554.36,1,1.80,1
torchinferno,tree_of_thought,421,438.98,0.00,503.61,1,1.99,1
torchinferno,tree_of_thought,422,476.36,0.00,548.73,1,1.82,1
torchinferno,tree_of_thought,423,478.70,19.90,498.59,2,4.01,1
torchinferno,tree_of_thought,424,149.68,0.00,199.56,1,5.01,1
torchinferno,tree_of_thought,425,172.83,72.90,245.73,2,8.14,1
torchinferno,tree_of_thought,426,115.29,77.35,192.64,2,10.38,1
torchinferno,tree_of_thought,427,139.97,34.09,174.06,2,11.49,1
torchinferno,tree_of_thought,428,467.74,80.53,628.80,3,4.77,1
torchinferno,tree_of_thought,429,434.97,0.00,488.77,1,2.05,1
torchinferno,tree_of_thought,430,435.28,0.00,500.00,1,2.00,1
torchinferno,tree_of_thought,431,444.81,79.68,524.49,2,3.81,1
torchinferno,tree_of_thought,432,496.67,26.68,523.34,2,3.82,1
torchinferno,tree_of_thought,433,420.55,25.39,445.94,2,4.48,1
torchinferno,tree_of_thought,434,1084.26,0.00,1196.46,1,0.84,1
torchinferno,tree_of_thought,435,766.08,443.06,1209.14,2,1.65,1
torchinferno,tree_of_thought,436,1068.60,0.00,1198.59,1,0.83,1
torchinferno,tree_of_thought,437,1056.27,266.93,1323.20,2,1.51,1
torchinferno,tree_of_thought,438,275.13,0.00,327.95,1,3.05,1
torchinferno,tree_of_thought,439,290.20,0.00,362.36,1,2.76,1
torchinferno,tree_of_thought,440,274.24,77.03,351.27,2,5.69,1
torchinferno,tree_of_thought,441,283.31,81.43,364.74,2,5.48,1
torchinferno,tree_of_thought,442,498.10,0.00,558.40,1,1.79,1
torchinferno,tree_of_thought,443,466.05,72.31,538.36,2,3.71,1
torchinferno,tree_of_thought,444,530.33,79.91,610.24,2,3.28,0
torchinferno,tree_of_thought,445,485.90,0.00,513.07,1,1.95,1
torchinferno,tree_of_thought,446,438.15,0.00,455.19,1,2.20,1
torchinferno,tree_of_thought,447,437.37,0.00,448.92,1,2.23,1
torchinferno,tree_of_thought,448,437.38,26.37,463.75,2,4.31,1
torchinferno,tree_of_thought,449,429.51,30.91,460.43,2,4.34,1
torchinferno,tree_of_thought,450,273.95,0.00,293.11,1,3.41,1
torchinferno,tree_of_thought,451,189.31,0.00,305.88,1,3.27,1
torchinferno,tree_of_thought,452,465.55,0.00,499.70,1,2.00,1
torchinferno,tree_of_thought,453,498.58,51.52,550.10,2,3.64,1
torchinferno,tree_of_thought,454,423.43,0.00,501.29,1,1.99,1
torchinferno,tree_of_thought,455,130.50,0.00,177.48,1,5.63,1
torchinferno,tree_of_thought,456,191.27,0.00,241.69,1,4.14,1
torchinferno,tree_of_thought,457,156.77,0.00,176.34,1,5.67,1
torchinferno,tree_of_thought,458,159.30,82.03,241.34,2,8.29,1
torchinferno,tree_of_thought,459,456.96,0.00,472.70,1,2.12,1
torchinferno,tree_of_thought,460,498.49,0.00,542.46,1,1.84,1
torchinferno,tree_of_thought,461,562.12,0.00,612.17,1,1.63,1
torchinferno,tree_of_thought,462,590.50,0.00,648.16,1,1.54,1
torchinferno,tree_of_thought,463,529.40,77.50,606.90,2,3.30,1
torchinferno,tree_of_thought,464,430.36,29.57,459.93,2,4.35,1
torchinferno,tree_of_thought,465,795.83,0.00,1111.57,1,0.90,1
torchinferno,tree_of_thought,466,799.55,0.00,1125.41,1,0.89,1
torchinferno,tree_of_thought,467,793.70,0.00,1121.28,1,0.89,1
torchinferno,tree_of_thought,468,785.80,0.00,1114.03,1,0.90,1
torchinferno,tree_of_thought,469,294.39,0.00,318.20,1,3.14,1
torchinferno,tree_of_thought,470,333.05,0.00,333.41,1,3.00,1
torchinferno,tree_of_thought,471,301.27,43.66,344.92,2,5.80,1
torchinferno,tree_of_thought,472,291.28,0.00,342.05,1,2.92,1
torchinferno,tree_of_thought,473,152.86,0.00,192.53,1,5.19,1
torchinferno,tree_of_thought,474,179.16,0.51,179.67,2,11.13,1
torchinferno,tree_of_thought,475,133.34,81.15,214.50,2,9.32,1
torchinferno,tree_of_thought,476,145.54,0.00,181.04,1,5.52,1
torchinferno,tree_of_thought,477,486.79,50.19,536.98,2,3.72,1
torchinferno,tree_of_thought,478,506.97,69.74,576.71,2,3.47,1
torchinferno,tree_of_thought,479,456.24,141.58,597.82,2,3.35,1
torchinferno,tree_of_thought,480,442.51,77.72,753.40,5,6.64,0
torchinferno,tree_of_thought,481,535.71,25.80,561.51,2,3.56,1
torchinferno,tree_of_thought,482,468.18,0.00,513.98,1,1.95,1
torchinferno,tree_of_thought,483,498.20,67.21,565.42,2,3.54,1
torchinferno,tree_of_thought,484,453.81,28.79,482.59,2,4.14,1
torchinferno,tree_of_thought,485,436.86,72.83,509.69,2,3.92,1
torchinferno,tree_of_thought,486,203.08,0.00,248.07,1,4.03,1
torchinferno,tree_of_thought,487,170.28,0.00,231.22,1,4.32,1
torchinferno,tree_of_thought,488,135.97,0.00,204.30,1,4.89,1
torchinferno,tree_of_thought,489,163.53,28.65,192.17,2,10.41,1
torchinferno,tree_of_thought,490,460.36,0.00,479.40,1,2.09,1
torchinferno,tree_of_thought,491,512.52,0.00,556.18,1,1.80,1
torchinferno,tree_of_thought,492,579.25,62.95,642.20,2,3.11,1
torchinferno,tree_of_thought,493,540.14,74.51,614.64,2,3.25,1
torchinferno,tree_of_thought,494,535.30,0.00,559.64,1,1.79,1
torchinferno,tree_of_thought,495,432.90,33.41,466.31,2,4.29,1
torchinferno,tree_of_thought,496,518.25,0.00,557.75,1,1.79,1
torchinferno,tree_of_thought,497,485.98,57.23,543.22,2,3.68,0
torchinferno,tree_of_thought,498,460.04,0.00,484.36,1,2.06,1
torchinferno,tree_of_thought,499,449.75,82.16,531.92,2,3.76,0
torchinferno,tree_of_thought,500,490.49,0.00,528.79,1,1.89,1
torchinferno,tree_of_thought,501,531.40,0.00,594.08,1,1.68,1
torchinferno,tree_of_thought,502,460.15,0.00,509.59,1,1.96,1
torchinferno,tree_of_thought,503,501.30,80.32,581.62,2,3.44,1
torchinferno,tree_of_thought,504,168.57,0.00,188.29,1,5.31,1
torchinferno,tree_of_thought,505,85.00,22.92,107.92,2,18.53,1
torchinferno,tree_of_thought,506,114.30,26.25,140.55,2,14.23,1
torchinferno,tree_of_thought,507,96.56,27.74,124.29,2,16.09,1
torchinferno,tree_of_thought,508,261.69,0.00,277.11,1,3.61,1
torchinferno,tree_of_thought,509,196.86,0.00,212.28,1,4.71,1
torchinferno,tree_of_thought,510,227.40,0.00,254.29,1,3.93,1
torchinferno,tree_of_thought,511,211.49,25.85,237.34,2,8.43,1
torchinferno,tree_of_thought,512,521.25,0.00,536.47,1,1.86,1
torchinferno,tree_of_thought,513,623.63,0.00,681.17,1,1.47,1
torchinferno,tree_of_thought,514,605.53,0.00,652.84,1,1.53,1
torchinferno,tree_of_thought,515,572.38,52.55,624.93,2,3.20,1
torchinferno,tree_of_thought,516,643.37,0.00,719.35,1,1.39,1
torchinferno,tree_of_thought,517,249.58,0.00,261.58,1,3.82,1
torchinferno,tree_of_thought,518,245.05,0.00,257.64,1,3.88,1
torchinferno,tree_of_thought,519,247.94,136.79,384.73,2,5.20,1
torchinferno,tree_of_thought,520,530.66,0.00,608.12,1,1.64,1
torchinferno,tree_of_thought,521,421.21,0.00,440.30,1,2.27,1
torchinferno,tree_of_thought,522,421.84,0.00,466.07,1,2.15,1
torchinferno,tree_of_thought,523,448.57,0.00,511.14,1,1.96,1
torchinferno,tree_of_thought,524,438.90,0.00,448.62,1,2.23,1
torchinferno,tree_of_thought,525,482.01,0.00,548.14,1,1.82,1
torchinferno,tree_of_thought,526,235.74,0.00,247.30,1,4.04,1
torchinferno,tree_of_thought,527,481.36,0.00,532.30,1,1.88,1
torchinferno,tree_of_thought,528,472.38,0.00,481.52,1,2.08,1
torchinferno,tree_of_thought,529,520.18,0.00,579.66,1,1.73,1
torchinferno,tree_of_thought,530,452.35,72.68,525.02,2,3.81,1
torchinferno,tree_of_thought,531,513.03,0.00,553.92,1,1.81,1
torchinferno,tree_of_thought,532,530.31,0.00,588.42,1,1.70,1
torchinferno,tree_of_thought,533,435.91,68.91,504.82,2,3.96,1
torchinferno,tree_of_thought,534,484.47,0.00,537.04,1,1.86,1
torchinferno,tree_of_thought,535,197.13,0.00,203.26,1,4.92,1
torchinferno,tree_of_thought,536,172.09,0.00,184.51,1,5.42,1
torchinferno,tree_of_thought,537,117.47,0.00,133.52,1,7.49,1
torchinferno,tree_of_thought,538,90.18,23.05,113.22,2,17.66,1
torchinferno,tree_of_thought,539,93.04,25.57,118.61,2,16.86,1
torchinferno,tree_of_thought,540,93.89,29.63,123.52,2,16.19,1
torchinferno,tree_of_thought,541,98.59,27.97,126.55,2,15.80,1
torchinferno,tree_of_thought,542,98.19,30.26,128.45,2,15.57,1
torchinferno,tree_of_thought,543,780.79,34.98,990.64,7,7.07,0
torchinferno,tree_of_thought,544,461.08,0.00,489.06,1,2.04,1
torchinferno,tree_of_thought,545,448.73,0.00,496.26,1,2.02,1
torchinferno,tree_of_thought,546,446.98,0.00,499.09,1,2.00,1
torchinferno,tree_of_thought,547,494.12,0.00,536.18,1,1.87,1
torchinferno,tree_of_thought,548,459.97,0.00,493.45,1,2.03,1
torchinferno,tree_of_thought,549,477.23,0.00,541.45,1,1.85,1
torchinferno,tree_of_thought,550,504.84,70.36,575.20,2,3.48,1
torchinferno,tree_of_thought,551,484.12,18.62,502.74,2,3.98,1
torchinferno,tree_of_thought,552,426.99,0.00,440.60,1,2.27,1
torchinferno,tree_of_thought,553,321.49,24.51,346.00,2,5.78,1
torchinferno,tree_of_thought,554,481.10,0.00,525.48,1,1.90,1
torchinferno,tree_of_thought,555,441.27,0.00,498.56,1,2.01,1
torchinferno,tree_of_thought,556,410.03,70.98,481.01,2,4.16,1
torchinferno,tree_of_thought,557,234.04,0.00,247.32,1,4.04,1
torchinferno,tree_of_thought,558,523.16,0.00,585.10,1,1.71,1
torchinferno,tree_of_thought,559,473.12,0.00,492.70,1,2.03,1
torchinferno,tree_of_thought,560,459.03,73.64,532.67,2,3.75,1
torchinferno,tree_of_thought,561,496.66,74.51,571.17,2,3.50,1
torchinferno,tree_of_thought,562,503.17,0.00,539.78,1,1.85,1
torchinferno,tree_of_thought,563,473.81,49.76,523.57,2,3.82,1
torchinferno,tree_of_thought,564,531.79,67.36,599.16,2,3.34,1
torchinferno,tree_of_thought,565,479.78,0.00,511.09,1,1.96,1
torchinferno,tree_of_thought,566,161.86,0.00,173.98,1,5.75,1
torchinferno,tree_of_thought,567,104.38,29.16,133.54,2,14.98,1
torchinferno,tree_of_thought,568,94.05,0.00,104.31,1,9.59,1
torchinferno,tree_of_thought,569,139.55,32.76,172.31,2,11.61,1
torchinferno,tree_of_thought,570,218.79,0.00,231.25,1,4.32,1
torchinferno,tree_of_thought,571,185.43,0.00,213.07,1,4.69,1
torchinferno,tree_of_thought,572,254.88,30.18,285.06,2,7.02,1
torchinferno,tree_of_thought,573,200.95,20.04,241.04,3,12.45,1
torchinferno,tree_of_thought,574,511.04,0.00,530.88,1,1.88,1
torchinferno,tree_of_thought,575,633.41,0.00,674.47,1,1.48,1
torchinferno,tree_of_thought,576,598.85,54.12,652.96,2,3.06,1
torchinferno,tree_of_thought,577,579.77,26.00,605.76,2,3.30,1
torchinferno,tree_of_thought,578,562.56,71.73,634.29,2,3.15,1
torchinferno,tree_of_thought,579,471.14,56.08,527.21,2,3.79,1
torchinferno,tree_of_thought,580,506.69,61.67,568.36,2,3.52,1
torchinferno,tree_of_thought,581,449.96,71.97,521.93,2,3.83,1
torchinferno,tree_of_thought,582,464.16,30.73,648.51,7,10.79,1
torchinferno,tree_of_thought,583,280.07,0.00,298.60,1,3.35,1
torchinferno,tree_of_thought,584,310.60,24.54,335.14,2,5.97,1
torchinferno,tree_of_thought,585,454.99,0.00,511.63,1,1.95,1
torchinferno,tree_of_thought,586,425.17,0.00,479.54,1,2.09,1
torchinferno,tree_of_thought,587,395.68,56.74,452.42,2,4.42,1
torchinferno,tree_of_thought,588,233.54,0.00,246.47,1,4.06,1
torchinferno,tree_of_thought,589,253.53,0.00,266.04,1,3.76,1
torchinferno,tree_of_thought,590,450.72,0.00,506.54,1,1.97,1
torchinferno,tree_of_thought,591,481.67,0.00,545.03,1,1.83,1
torchinferno,tree_of_thought,592,513.39,69.38,582.76,2,3.43,1
torchinferno,tree_of_thought,593,462.27,0.00,515.40,1,1.94,1
torchinferno,tree_of_thought,594,495.44,66.16,561.60,2,3.56,1
torchinferno,tree_of_thought,595,546.48,0.00,596.25,1,1.68,1
torchinferno,tree_of_thought,596,479.98,29.42,509.40,2,3.93,1
torchinferno,tree_of_thought,597,55.32,0.00,73.37,1,13.63,1
torchinferno,tree_of_thought,598,177.69,0.00,204.08,1,4.90,1
torchinferno,tree_of_thought,599,96.76,23.02,119.79,2,16.70,1
torchinferno,tree_of_thought,600,107.56,31.24,138.79,2,14.41,1
torchinferno,tree_of_thought,601,219.15,0.00,241.08,1,4.15,1
torchinferno,tree_of_thought,602,202.88,0.00,225.33,1,4.44,1
torchinferno,tree_of_thought,603,187.43,0.00,211.55,1,4.73,1
torchinferno,tree_of_thought,604,261.24,31.12,292.36,2,6.84,1
torchinferno,tree_of_thought,605,522.42,0.00,540.24,1,1.85,1
torchinferno,tree_of_thought,606,604.01,0.00,636.34,1,1.57,1
torchinferno,tree_of_thought,607,566.08,0.00,618.93,1,1.62,1
torchinferno,tree_of_thought,608,583.38,0.00,600.51,1,1.67,1
torchinferno,tree_of_thought,609,615.40,0.00,690.06,1,1.45,1
torchinferno,tree_of_thought,610,241.55,0.00,254.89,1,3.92,1
torchinferno,tree_of_thought,611,455.21,0.00,504.11,1,1.98,1
torchinferno,tree_of_thought,612,483.40,0.00,542.23,1,1.84,1
torchinferno,tree_of_thought,613,508.84,76.85,585.69,2,3.41,1
torchinferno,tree_of_thought,614,427.39,0.00,442.86,1,2.26,1
torchinferno,tree_of_thought,615,315.26,25.26,340.52,2,5.87,1
torchinferno,tree_of_thought,616,454.73,0.00,523.50,1,1.91,1
torchinferno,tree_of_thought,617,400.12,60.03,460.15,2,4.35,1
torchinferno,tree_of_thought,618,424.16,77.13,501.29,2,3.99,1
torchinferno,tree_of_thought,619,230.87,130.69,361.55,2,5.53,1
torchinferno,tree_of_thought,620,520.14,0.00,569.07,1,1.76,1
torchinferno,tree_of_thought,621,480.98,0.00,490.35,1,2.04,1
torchinferno,tree_of_thought,622,466.94,68.00,534.94,2,3.74,1
torchinferno,tree_of_thought,623,491.51,40.56,572.63,3,5.24,0
torchinferno,tree_of_thought,624,530.62,0.00,555.28,1,1.80,1
torchinferno,tree_of_thought,625,465.64,0.00,494.91,1,2.02,1
torchinferno,tree_of_thought,626,499.10,0.00,532.78,1,1.88,1
torchinferno,tree_of_thought,627,493.72,8.34,502.06,2,3.98,1
torchinferno,tree_of_thought,628,69.81,21.80,91.61,2,21.83,1
torchinferno,tree_of_thought,629,186.12,28.37,214.49,2,9.32,1
torchinferno,tree_of_thought,630,63.37,0.00,81.31,1,12.30,1
torchinferno,tree_of_thought,631,103.74,24.28,128.02,2,15.62,1
torchinferno,tree_of_thought,632,97.54,0.00,107.47,1,9.31,1
torchinferno,tree_of_thought,633,89.03,0.00,99.31,1,10.07,1
torchinferno,tree_of_thought,634,91.07,0.00,104.80,1,9.54,1
torchinferno,tree_of_thought,635,85.63,0.00,100.01,1,10.00,1
torchinferno,tree_of_thought,636,792.04,0.00,804.90,1,1.24,1
torchinferno,tree_of_thought,637,623.36,0.00,657.66,1,1.52,1
torchinferno,tree_of_thought,638,562.03,0.00,603.33,1,1.66,1
torchinferno,tree_of_thought,639,583.29,64.68,647.97,2,3.09,1
torchinferno,tree_of_thought,640,646.82,78.64,725.46,2,2.76,1
torchinferno,tree_of_thought,641,483.82,0.00,520.86,1,1.92,1
torchinferno,tree_of_thought,642,506.42,0.00,575.43,1,1.74,1
torchinferno,tree_of_thought,643,452.93,0.00,520.08,1,1.92,1
torchinferno,tree_of_thought,644,528.54,80.86,609.40,2,3.28,1
torchinferno,tree_of_thought,645,419.83,0.00,443.43,1,2.26,1
torchinferno,tree_of_thought,646,440.39,0.00,488.57,1,2.05,1
torchinferno,tree_of_thought,647,486.53,0.00,547.07,1,1.83,1
torchinferno,tree_of_thought,648,414.36,0.00,485.95,1,2.06,1
torchinferno,tree_of_thought,649,432.81,27.23,460.04,2,4.35,1
torchinferno,tree_of_thought,650,226.23,130.34,356.57,2,5.61,1
torchinferno,tree_of_thought,651,474.03,0.00,520.67,1,1.92,1
torchinferno,tree_of_thought,652,448.25,59.37,507.62,2,3.94,1
torchinferno,tree_of_thought,653,498.69,83.39,582.08,2,3.44,1
torchinferno,tree_of_thought,654,457.12,31.15,488.27,2,4.10,1
torchinferno,tree_of_thought,655,506.08,0.00,551.38,1,1.81,1
torchinferno,tree_of_thought,656,474.60,53.82,528.42,2,3.78,1
torchinferno,tree_of_thought,657,519.96,72.33,592.28,2,3.38,1
torchinferno,tree_of_thought,658,502.93,0.00,506.05,1,1.98,1
torchinferno,tree_of_thought,659,176.10,0.00,195.80,1,5.11,1
torchinferno,tree_of_thought,660,70.85,0.00,81.87,1,12.21,1
torchinferno,tree_of_thought,661,98.54,0.00,116.37,1,8.59,1
torchinferno,tree_of_thought,662,130.65,30.83,161.48,2,12.39,0
torchinferno,tree_of_thought,663,218.04,0.00,241.97,1,4.13,1
torchinferno,tree_of_thought,664,250.14,0.00,287.27,1,3.48,1
torchinferno,tree_of_thought,665,200.53,33.89,234.42,2,8.53,1
torchinferno,tree_of_thought,666,192.38,16.92,226.22,3,13.26,0
torchinferno,tree_of_thought,667,506.40,26.32,532.71,2,3.75,1
torchinferno,tree_of_thought,668,624.83,0.00,660.80,1,1.51,1
torchinferno,tree_of_thought,669,591.72,0.00,655.26,1,1.53,1
torchinferno,tree_of_thought,670,600.70,0.00,611.59,1,1.64,1
torchinferno,tree_of_thought,671,611.01,26.19,637.20,2,3.14,1
torchinferno,tree_of_thought,672,472.36,0.00,516.92,1,1.93,1
torchinferno,tree_of_thought,673,444.82,0.00,494.31,1,2.02,1
torchinferno,tree_of_thought,674,502.68,0.00,567.49,1,1.76,1
torchinferno,tree_of_thought,675,459.64,34.37,494.01,2,4.05,1
torchinferno,tree_of_thought,676,415.23,27.19,442.41,2,4.52,1
torchinferno,tree_of_thought,677,470.28,0.00,532.88,1,1.88,1
torchinferno,tree_of_thought,678,401.47,72.96,474.43,2,4.22,1
torchinferno,tree_of_thought,679,436.57,0.00,513.29,1,1.95,1
torchinferno,tree_of_thought,680,434.49,16.75,451.24,2,4.43,1
torchinferno,tree_of_thought,681,400.15,0.00,412.48,1,2.42,1
torchinferno,tree_of_thought,682,244.45,0.00,256.61,1,3.90,1
torchinferno,tree_of_thought,683,425.76,0.00,478.15,1,2.09,1
torchinferno,tree_of_thought,684,459.42,59.03,518.45,2,3.86,1
torchinferno,tree_of_thought,685,502.17,81.21,583.37,2,3.43,1
torchinferno,tree_of_thought,686,467.61,0.00,534.62,1,1.87,1
torchinferno,tree_of_thought,687,439.23,0.00,511.47,1,1.96,1
torchinferno,tree_of_thought,688,516.81,67.51,584.32,2,3.42,1
torchinferno,tree_of_thought,689,456.85,38.85,495.70,2,4.03,1
torchinferno,tree_of_thought,690,61.56,0.00,79.02,1,12.66,1
torchinferno,tree_of_thought,691,180.52,28.98,209.51,2,9.55,1
torchinferno,tree_of_thought,692,99.19,0.00,113.73,1,8.79,1
torchinferno,tree_of_thought,693,113.73,0.00,126.25,1,7.92,1
torchinferno,tree_of_thought,694,289.79,0.00,308.97,1,3.24,1
torchinferno,tree_of_thought,695,291.36,32.69,324.04,2,6.17,1
torchinferno,tree_of_thought,696,288.24,36.71,324.95,2,6.15,1
torchinferno,tree_of_thought,697,293.31,31.02,324.33,2,6.17,1
torchinferno,tree_of_thought,698,517.51,27.39,544.90,2,3.67,1
torchinferno,tree_of_thought,699,615.44,0.00,615.79,1,1.62,1
torchinferno,tree_of_thought,700,609.57,0.00,678.49,1,1.47,1
torchinferno,tree_of_thought,701,578.41,84.80,663.21,2,3.02,1
torchinferno,tree_of_thought,702,571.81,41.17,612.98,2,3.26,0
torchinferno,tree_of_thought,703,514.19,0.00,560.07,1,1.79,1
torchinferno,tree_of_thought,704,483.50,52.24,535.75,2,3.73,1
torchinferno,tree_of_thought,705,454.09,0.00,508.96,1,1.96,1
torchinferno,tree_of_thought,706,472.78,19.81,492.59,2,4.06,1
torchinferno,tree_of_thought,707,421.13,0.00,433.85,1,2.30,1
torchinferno,tree_of_thought,708,328.13,24.16,352.30,2,5.68,1
torchinferno,tree_of_thought,709,312.01,25.35,337.36,2,5.93,1
torchinferno,tree_of_thought,710,453.64,0.00,504.85,1,1.98,1
torchinferno,tree_of_thought,711,424.01,76.13,500.14,2,4.00,1
torchinferno,tree_of_thought,712,405.36,0.00,416.64,1,2.40,1
torchinferno,tree_of_thought,713,520.44,0.00,567.96,1,1.76,1
torchinferno,tree_of_thought,714,455.48,0.00,501.71,1,1.99,1
torchinferno,tree_of_thought,715,503.44,0.00,546.40,1,1.83,1
torchinferno,tree_of_thought,716,480.29,0.00,498.44,1,2.01,1
torchinferno,tree_of_thought,717,514.92,59.12,574.04,2,3.48,1
torchinferno,tree_of_thought,718,467.51,0.00,544.60,1,1.84,1
torchinferno,tree_of_thought,719,540.96,67.58,608.55,2,3.29,1
torchinferno,tree_of_thought,720,489.18,28.36,517.54,2,3.86,1
torchinferno,tree_of_thought,721,169.74,29.27,199.01,2,10.05,1
torchinferno,tree_of_thought,722,114.48,0.00,127.75,1,7.83,1
torchinferno,tree_of_thought,723,87.94,28.23,116.16,2,17.22,1
torchinferno,tree_of_thought,724,102.21,0.00,115.96,1,8.62,1
torchinferno,tree_of_thought,725,286.53,0.00,313.89,1,3.19,1
torchinferno,tree_of_thought,726,241.88,36.92,278.80,2,7.17,1
torchinferno,tree_of_thought,727,217.01,29.92,246.93,2,8.10,1
torchinferno,tree_of_thought,728,271.16,37.96,309.12,2,6.47,1
torchinferno,tree_of_thought,729,520.16,0.00,529.78,1,1.89,1
torchinferno,tree_of_thought,730,626.65,0.00,685.30,1,1.46,1
torchinferno,tree_of_thought,731,608.13,0.00,657.87,1,1.52,1
torchinferno,tree_of_thought,732,583.81,58.01,641.82,2,3.12,1
torchinferno,tree_of_thought,733,663.60,63.17,726.77,2,2.75,1
torchinferno,tree_of_thought,734,462.25,0.00,508.53,1,1.97,1
torchinferno,tree_of_thought,735,525.68,0.00,578.69,1,1.73,1
torchinferno,tree_of_thought,736,490.53,0.00,549.60,1,1.82,1
torchinferno,tree_of_thought,737,473.89,19.73,513.35,3,5.84,0
torchinferno,tree_of_thought,738,408.84,25.04,433.88,2,4.61,1
torchinferno,tree_of_thought,739,448.03,0.00,496.90,1,2.01,1
torchinferno,tree_of_thought,740,475.56,0.00,534.15,1,1.87,1
torchinferno,tree_of_thought,741,408.84,0.00,468.85,1,2.13,1
torchinferno,tree_of_thought,742,427.17,31.75,458.93,2,4.36,1
torchinferno,tree_of_thought,743,395.67,0.00,407.74,1,2.45,1
torchinferno,tree_of_thought,744,257.13,132.12,389.25,2,5.14,1
torchinferno,tree_of_thought,745,496.83,0.00,538.17,1,1.86,1
torchinferno,tree_of_thought,746,454.73,64.22,518.95,2,3.85,1
torchinferno,tree_of_thought,747,530.61,63.76,594.37,2,3.36,1
torchinferno,tree_of_thought,748,470.61,0.00,512.19,1,1.95,1
torchinferno,tree_of_thought,749,483.65,0.00,488.39,1,2.05,1
torchinferno,tree_of_thought,750,516.04,0.00,583.84,1,1.71,1
torchinferno,tree_of_thought,751,505.91,56.89,562.80,2,3.55,0
torchinferno,tree_of_thought,752,184.70,0.00,207.78,1,4.81,1
torchinferno,tree_of_thought,753,152.33,26.84,179.17,2,11.16,1
torchinferno,tree_of_thought,754,103.19,23.44,126.62,2,15.80,1
torchinferno,tree_of_thought,755,142.40,26.88,169.28,2,11.81,1
torchinferno,tree_of_thought,756,218.53,0.00,229.36,1,4.36,1
torchinferno,tree_of_thought,757,191.63,0.00,216.10,1,4.63,1
torchinferno,tree_of_thought,758,247.93,25.76,273.69,2,7.31,1
torchinferno,tree_of_thought,759,180.30,0.00,210.35,1,4.75,1
torchinferno,tree_of_thought,760,521.83,0.00,539.91,1,1.85,1
torchinferno,tree_of_thought,761,572.85,76.13,648.97,2,3.08,1
torchinferno,tree_of_thought,762,595.73,24.71,620.44,2,3.22,1
torchinferno,tree_of_thought,763,614.36,0.00,685.88,1,1.46,1
torchinferno,tree_of_thought,764,631.66,85.26,716.92,2,2.79,1
torchinferno,tree_of_thought,765,244.05,0.00,257.37,1,3.89,1
torchinferno,tree_of_thought,766,514.72,0.00,572.40,1,1.75,1
torchinferno,tree_of_thought,767,466.36,0.00,523.25,1,1.91,1
torchinferno,tree_of_thought,768,486.70,0.00,561.66,1,1.78,1
torchinferno,tree_of_thought,769,419.62,0.00,436.14,1,2.29,1
torchinferno,tree_of_thought,770,421.43,59.62,481.05,2,4.16,1
torchinferno,tree_of_thought,771,432.41,0.00,451.14,1,2.22,1
torchinferno,tree_of_thought,772,480.25,71.98,552.23,2,3.62,1
torchinferno,tree_of_thought,773,446.65,0.00,524.42,1,1.91,1
torchinferno,tree_of_thought,774,398.87,0.00,413.24,1,2.42,1
torchinferno,tree_of_thought,775,486.65,0.00,533.61,1,1.87,1
torchinferno,tree_of_thought,776,513.42,0.00,570.18,1,1.75,1
torchinferno,tree_of_thought,777,457.77,0.00,515.32,1,1.94,1
torchinferno,tree_of_thought,778,462.61,31.93,494.54,2,4.04,1
torchinferno,tree_of_thought,779,516.78,0.00,572.51,1,1.75,1
torchinferno,tree_of_thought,780,533.23,0.00,595.25,1,1.68,1
torchinferno,tree_of_thought,781,464.05,64.43,528.48,2,3.78,1
torchinferno,tree_of_thought,782,488.26,39.24,566.73,3,5.29,0
torchinferno,tree_of_thought,783,162.83,0.00,181.83,1,5.50,1
torchinferno,tree_of_thought,784,109.02,0.00,129.11,1,7.75,1
torchinferno,tree_of_thought,785,85.68,25.53,111.21,2,17.98,1
torchinferno,tree_of_thought,786,97.14,0.00,111.30,1,8.98,1
torchinferno,tree_of_thought,787,271.54,0.00,275.19,1,3.63,1
torchinferno,tree_of_thought,788,290.32,0.00,304.55,1,3.28,1
torchinferno,tree_of_thought,789,276.81,0.00,303.11,1,3.30,1
torchinferno,tree_of_thought,790,238.27,0.00,262.24,1,3.81,1
torchinferno,tree_of_thought,791,518.19,0.00,538.70,1,1.86,1
torchinferno,tree_of_thought,792,631.87,54.69,686.56,2,2.91,1
torchinferno,tree_of_thought,793,606.10,0.00,675.26,1,1.48,1
torchinferno,tree_of_thought,794,580.65,34.09,648.82,3,4.62,0
torchinferno,tree_of_thought,795,584.61,0.00,623.96,1,1.60,1
torchinferno,tree_of_thought,796,501.36,0.00,545.30,1,1.83,1
torchinferno,tree_of_thought,797,474.25,0.00,523.16,1,1.91,1
torchinferno,tree_of_thought,798,506.36,0.00,512.45,1,1.95,1
torchinferno,tree_of_thought,799,466.00,30.70,496.70,2,4.03,1
torchinferno,tree_of_thought,800,413.27,28.63,441.90,2,4.53,1
torchinferno,tree_of_thought,801,465.99,0.00,508.33,1,1.97,1
torchinferno,tree_of_thought,802,431.34,0.00,483.14,1,2.07,1
torchinferno,tree_of_thought,803,394.89,0.00,452.07,1,2.21,1
torchinferno,tree_of_thought,804,419.28,27.17,446.45,2,4.48,1
torchinferno,tree_of_thought,805,392.76,0.00,408.70,1,2.45,1
torchinferno,tree_of_thought,806,249.31,131.21,380.53,2,5.26,1
torchinferno,tree_of_thought,807,474.26,0.00,525.04,1,1.90,1
torchinferno,tree_of_thought,808,505.66,60.16,565.82,2,3.53,1
torchinferno,tree_of_thought,809,443.23,62.15,505.37,2,3.96,1
torchinferno,tree_of_thought,810,524.74,0.00,563.30,1,1.78,1
torchinferno,tree_of_thought,811,495.90,0.00,547.43,1,1.83,1
torchinferno,tree_of_thought,812,472.25,0.00,492.50,1,2.03,1
torchinferno,tree_of_thought,813,450.75,78.09,528.84,2,3.78,1
torchinferno,tree_of_thought,814,62.53,0.00,74.65,1,13.40,1
torchinferno,tree_of_thought,815,169.08,34.86,203.94,2,9.81,1
torchinferno,tree_of_thought,816,89.33,0.00,102.51,1,9.76,1
torchinferno,tree_of_thought,817,104.13,23.27,127.40,2,15.70,1
torchinferno,tree_of_thought,818,190.30,0.00,211.99,1,4.72,1
torchinferno,tree_of_thought,819,257.80,0.00,281.82,1,3.55,1
torchinferno,tree_of_thought,820,238.07,0.00,254.43,1,3.93,1
torchinferno,tree_of_thought,821,207.94,0.00,236.59,1,4.23,1
torchinferno,tree_of_thought,822,518.50,0.00,535.63,1,1.87,1
torchinferno,tree_of_thought,823,632.14,0.00,674.31,1,1.48,1
torchinferno,tree_of_thought,824,605.11,0.00,644.85,1,1.55,1
torchinferno,tree_of_thought,825,573.33,55.18,628.52,2,3.18,1
torchinferno,tree_of_thought,826,651.00,68.77,719.77,2,2.78,1
torchinferno,tree_of_thought,827,441.15,74.33,515.48,2,3.88,1
torchinferno,tree_of_thought,828,535.44,0.00,608.60,1,1.64,1
torchinferno,tree_of_thought,829,499.54,0.00,577.53,1,1.73,1
torchinferno,tree_of_thought,830,466.59,41.54,549.66,3,5.46,0
torchinferno,tree_of_thought,831,422.18,27.96,450.14,2,4.44,1
torchinferno,tree_of_thought,832,460.14,0.00,505.83,1,1.98,1
torchinferno,tree_of_thought,833,400.64,71.50,472.14,2,4.24,1
torchinferno,tree_of_thought,834,439.00,6.45,445.45,2,4.49,1
torchinferno,tree_of_thought,835,432.98,0.00,506.46,1,1.97,1
torchinferno,tree_of_thought,836,403.45,22.29,425.74,2,4.70,1
torchinferno,tree_of_thought,837,252.58,0.00,263.96,1,3.79,1
torchinferno,tree_of_thought,838,468.22,0.00,517.97,1,1.93,1
torchinferno,tree_of_thought,839,505.08,0.00,554.56,1,1.80,1
torchinferno,tree_of_thought,840,447.90,0.00,501.77,1,1.99,1
torchinferno,tree_of_thought,841,253.40,0.00,264.60,1,3.78,1
torchinferno,tree_of_thought,842,243.86,0.00,255.92,1,3.91,1
torchinferno,tree_of_thought,843,249.72,136.48,386.20,2,5.18,1
torchinferno,tree_of_thought,844,246.64,137.83,384.47,2,5.20,0
torchinferno,tree_of_thought,845,255.65,0.00,268.65,1,3.72,1
torchinferno,tree_of_thought,846,255.20,0.00,268.25,1,3.73,1
torchinferno,tree_of_thought,847,256.40,0.00,270.31,1,3.70,1
torchinferno,tree_of_thought,848,250.84,70.21,391.26,3,7.67,1
torchinferno,tree_of_thought,849,79.92,0.00,96.04,1,10.41,1
torchinferno,tree_of_thought,850,82.77,0.00,100.60,1,9.94,1
torchinferno,tree_of_thought,851,93.93,28.37,122.29,2,16.35,1
torchinferno,tree_of_thought,852,83.66,24.82,108.48,2,18.44,1
torchinferno,tree_of_thought,853,838.54,27.40,865.94,2,2.31,1
torchinferno,tree_of_thought,854,582.70,0.00,639.66,1,1.56,1
torchinferno,tree_of_thought,855,594.15,0.00,612.32,1,1.63,1
torchinferno,tree_of_thought,856,579.65,0.00,598.75,1,1.67,1
torchinferno,tree_of_thought,857,606.03,80.83,686.87,2,2.91,1
torchinferno,tree_of_thought,858,523.83,0.00,581.49,1,1.72,1
torchinferno,tree_of_thought,859,451.31,76.75,528.06,2,3.79,0
torchinferno,tree_of_thought,860,482.12,0.00,559.43,1,1.79,1
torchinferno,tree_of_thought,861,467.25,20.87,509.00,3,5.89,1
torchinferno,tree_of_thought,862,413.75,0.00,424.37,1,2.36,1
torchinferno,tree_of_thought,863,326.11,0.00,337.22,1,2.97,1
torchinferno,tree_of_thought,864,417.57,0.00,456.76,1,2.19,1
torchinferno,tree_of_thought,865,451.88,0.00,516.28,1,1.94,1
torchinferno,tree_of_thought,866,476.94,80.82,557.75,2,3.59,1
torchinferno,tree_of_thought,867,403.25,24.26,427.51,2,4.68,1
torchinferno,tree_of_thought,868,460.70,0.00,509.47,1,1.96,1
torchinferno,tree_of_thought,869,429.11,72.89,502.01,2,3.98,1
torchinferno,tree_of_thought,870,498.84,72.11,570.95,2,3.50,1
torchinferno,tree_of_thought,871,451.18,27.89,479.08,2,4.17,1
torchinferno,tree_of_thought,872,495.23,0.00,519.57,1,1.92,1
torchinferno,tree_of_thought,873,460.31,0.00,502.77,1,1.99,1
torchinferno,tree_of_thought,874,523.10,0.00,583.05,1,1.72,1
torchinferno,tree_of_thought,875,466.08,26.69,492.77,2,4.06,1
torchinferno,tree_of_thought,876,63.20,0.00,83.68,1,11.95,1
torchinferno,tree_of_thought,877,183.02,0.00,203.89,1,4.90,1
torchinferno,tree_of_thought,878,189.29,33.92,223.21,2,8.96,1
torchinferno,tree_of_thought,879,93.76,30.29,124.05,2,16.12,1
torchinferno,tree_of_thought,880,83.32,0.00,90.95,1,11.00,1
torchinferno,tree_of_thought,881,90.92,29.40,120.32,2,16.62,1
torchinferno,tree_of_thought,882,80.75,30.43,111.19,2,17.99,1
torchinferno,tree_of_thought,883,87.13,36.37,268.97,6,22.31,0
torchinferno,tree_of_thought,884,632.58,0.00,655.03,1,1.53,1
torchinferno,tree_of_thought,885,608.88,0.00,646.03,1,1.55,1
torchinferno,tree_of_thought,886,573.58,0.00,618.35,1,1.62,1
torchinferno,tree_of_thought,887,621.72,76.86,698.58,2,2.86,1
torchinferno,tree_of_thought,888,588.81,26.85,615.66,2,3.25,1
torchinferno,tree_of_thought,889,531.91,0.00,567.59,1,1.76,1
torchinferno,tree_of_thought,890,489.15,63.62,552.77,2,3.62,1
torchinferno,tree_of_thought,891,465.32,65.96,531.28,2,3.76,1
torchinferno,tree_of_thought,892,488.26,12.35,512.96,3,5.85,0
torchinferno,tree_of_thought,893,420.58,23.94,444.52,2,4.50,1
torchinferno,tree_of_thought,894,415.64,0.00,433.01,1,2.31,1
torchinferno,tree_of_thought,895,398.32,0.00,472.80,1,2.12,1
torchinferno,tree_of_thought,896,471.64,69.79,541.43,2,3.69,1
torchinferno,tree_of_thought,897,439.97,72.71,512.68,2,3.90,1
torchinferno,tree_of_thought,898,406.89,24.04,430.93,2,4.64,1
torchinferno,tree_of_thought,899,507.40,0.00,561.49,1,1.78,1
torchinferno,tree_of_thought,900,473.10,0.00,534.39,1,1.87,1
torchinferno,tree_of_thought,901,449.34,73.52,522.86,2,3.83,1
torchinferno,tree_of_thought,902,469.72,28.63,498.35,2,4.01,1
torchinferno,tree_of_thought,903,513.52,0.00,562.45,1,1.78,1
torchinferno,tree_of_thought,904,461.41,75.81,537.22,2,3.72,1
torchinferno,tree_of_thought,905,537.25,0.00,601.55,1,1.66,1
torchinferno,tree_of_thought,906,485.20,0.00,508.54,1,1.97,1
torchinferno,tree_of_thought,907,161.79,27.94,189.73,2,10.54,1
torchinferno,tree_of_thought,908,75.37,0.00,92.18,1,10.85,1
torchinferno,tree_of_thought,909,107.94,0.00,126.08,1,7.93,1
torchinferno,tree_of_thought,910,91.95,24.21,116.15,2,17.22,1
torchinferno,tree_of_thought,911,264.72,0.00,285.45,1,3.50,1
torchinferno,tree_of_thought,912,247.52,0.00,259.01,1,3.86,1
torchinferno,tree_of_thought,913,197.38,23.21,220.59,2,9.07,1
torchinferno,tree_of_thought,914,215.39,0.00,241.01,1,4.15,1
torchinferno,tree_of_thought,915,517.68,25.43,543.12,2,3.68,1
torchinferno,tree_of_thought,916,605.89,0.00,679.21,1,1.47,1
torchinferno,tree_of_thought,917,617.61,5.59,623.20,2,3.21,1
torchinferno,tree_of_thought,918,579.42,75.63,655.06,2,3.05,1
torchinferno,tree_of_thought,919,570.03,0.00,604.22,1,1.66,1
torchinferno,tree_of_thought,920,523.39,0.00,572.23,1,1.75,1
torchinferno,tree_of_thought,921,498.22,0.00,545.81,1,1.83,1
torchinferno,tree_of_thought,922,466.28,62.84,529.12,2,3.78,1
torchinferno,tree_of_thought,923,441.00,70.92,511.92,2,3.91,1
torchinferno,tree_of_thought,924,419.08,0.00,434.71,1,2.30,1
torchinferno,tree_of_thought,925,481.73,0.00,526.84,1,1.90,1
torchinferno,tree_of_thought,926,458.65,0.00,508.43,1,1.97,1
torchinferno,tree_of_thought,927,393.45,58.25,451.70,2,4.43,1
torchinferno,tree_of_thought,928,415.79,69.02,484.80,2,4.13,1
torchinferno,tree_of_thought,929,410.48,23.00,433.48,2,4.61,1
torchinferno,tree_of_thought,930,428.82,0.00,485.32,1,2.06,1
torchinferno,tree_of_thought,931,501.91,0.00,557.87,1,1.79,1
torchinferno,tree_of_thought,932,471.56,0.00,530.21,1,1.89,1
torchinferno,tree_of_thought,933,485.58,0.00,485.85,1,2.06,1
torchinferno,tree_of_thought,934,483.78,0.00,518.13,1,1.93,1
torchinferno,tree_of_thought,935,468.36,0.00,476.95,1,2.10,1
torchinferno,tree_of_thought,936,454.84,0.00,510.13,1,1.96,1
torchinferno,tree_of_thought,937,505.03,79.24,584.27,2,3.42,1
torchinferno,tree_of_thought,938,197.29,0.00,217.36,1,4.60,1
torchinferno,tree_of_thought,939,195.35,0.00,220.47,1,4.54,1
torchinferno,tree_of_thought,940,158.85,25.89,184.74,2,10.83,1
torchinferno,tree_of_thought,941,192.82,28.73,221.55,2,9.03,1
torchinferno,tree_of_thought,942,83.82,0.00,93.14,1,10.74,1
torchinferno,tree_of_thought,943,77.29,0.00,90.86,1,11.01,1
torchinferno,tree_of_thought,944,84.24,27.57,111.81,2,17.89,1
torchinferno,tree_of_thought,945,76.02,31.29,107.31,2,18.64,1
torchinferno,tree_of_thought,946,836.02,0.00,852.42,1,1.17,1
torchinferno,tree_of_thought,947,630.99,0.00,690.37,1,1.45,1
torchinferno,tree_of_thought,948,568.21,0.00,635.64,1,1.57,1
torchinferno,tree_of_thought,949,609.03,62.09,671.12,2,2.98,1
torchinferno,tree_of_thought,950,590.60,38.47,629.07,2,3.18,1
torchinferno,tree_of_thought,951,476.75,0.00,486.48,1,2.06,1
torchinferno,tree_of_thought,952,518.36,65.91,584.27,2,3.42,1
torchinferno,tree_of_thought,953,490.06,66.41,556.48,2,3.59,1
torchinferno,tree_of_thought,954,460.63,71.10,531.73,2,3.76,1
torchinferno,tree_of_thought,955,408.15,24.83,432.99,2,4.62,1
torchinferno,tree_of_thought,956,448.33,0.00,488.36,1,2.05,1
torchinferno,tree_of_thought,957,415.37,0.00,464.52,1,2.15,1
torchinferno,tree_of_thought,958,430.21,0.00,442.01,1,2.26,1
torchinferno,tree_of_thought,959,482.89,66.62,549.50,2,3.64,1
torchinferno,tree_of_thought,960,398.25,17.67,433.58,3,6.92,0
torchinferno,tree_of_thought,961,481.57,0.00,534.28,1,1.87,1
torchinferno,tree_of_thought,962,457.92,0.00,472.98,1,2.11,1
torchinferno,tree_of_thought,963,439.84,0.00,510.08,1,1.96,1
torchinferno,tree_of_thought,964,509.90,76.02,585.92,2,3.41,1
torchinferno,tree_of_thought,965,480.65,0.00,530.33,1,1.89,1
torchinferno,tree_of_thought,966,522.02,0.00,567.96,1,1.76,1
torchinferno,tree_of_thought,967,447.38,0.00,514.21,1,1.94,1
torchinferno,tree_of_thought,968,470.95,30.62,501.57,2,3.99,1
torchinferno,tree_of_thought,969,59.37,0.00,80.83,1,12.37,1
torchinferno,tree_of_thought,970,176.98,17.56,194.55,2,10.28,1
torchinferno,tree_of_thought,971,93.02,24.98,118.00,2,16.95,1
torchinferno,tree_of_thought,972,101.64,0.00,117.34,1,8.52,1
torchinferno,tree_of_thought,973,198.83,26.48,225.31,2,8.88,1
torchinferno,tree_of_thought,974,220.41,0.00,246.35,1,4.06,1
torchinferno,tree_of_thought,975,255.39,24.60,279.99,2,7.14,1
torchinferno,tree_of_thought,976,267.48,40.01,307.49,2,6.50,1
torchinferno,tree_of_thought,977,512.50,0.00,529.23,1,1.89,1
torchinferno,tree_of_thought,978,648.87,0.00,677.47,1,1.48,1
torchinferno,tree_of_thought,979,615.93,0.00,656.18,1,1.52,1
torchinferno,tree_of_thought,980,583.49,68.59,652.08,2,3.07,1
torchinferno,tree_of_thought,981,588.04,36.71,624.75,2,3.20,1
torchinferno,tree_of_thought,982,466.84,0.00,516.46,1,1.94,1
torchinferno,tree_of_thought,983,519.82,0.00,594.24,1,1.68,1
torchinferno,tree_of_thought,984,482.09,0.00,503.95,1,1.98,1
torchinferno,tree_of_thought,985,487.64,87.72,575.36,2,3.48,1
torchinferno,tree_of_thought,986,409.93,23.35,433.28,2,4.62,1
torchinferno,tree_of_thought,987,440.14,0.00,483.70,1,2.07,1
torchinferno,tree_of_thought,988,398.59,0.00,455.18,1,2.20,1
torchinferno,tree_of_thought,989,467.91,0.00,524.07,1,1.91,1
torchinferno,tree_of_thought,990,428.15,0.00,444.56,1,2.25,1
torchinferno,tree_of_thought,991,402.69,39.57,560.95,5,8.91,0
torchinferno,long_output,0,457.86,120.29,1420.14,9,6.34,1
torchinferno,long_output,1,458.22,122.56,1438.70,9,6.26,1
torchinferno,long_output,2,453.86,110.09,1444.65,10,6.92,1
torchinferno,long_output,3,452.52,110.63,1448.14,10,6.91,1
torchinferno,long_output,4,455.84,130.04,1496.17,9,6.02,1
torchinferno,long_output,5,1086.52,42.04,1506.94,11,7.30,1
torchinferno,long_output,6,1082.12,48.88,1522.05,10,6.57,1
torchinferno,long_output,7,1079.79,44.08,1520.60,11,7.23,1
torchinferno,long_output,8,1095.49,43.23,1527.76,11,7.20,1
torchinferno,long_output,9,1072.15,41.22,1525.63,12,7.87,1
torchinferno,long_output,10,1080.96,41.24,1534.57,12,7.82,1
torchinferno,long_output,11,1070.40,38.41,1531.29,13,8.49,1
torchinferno,long_output,12,1083.74,37.96,1539.20,13,8.45,1
torchinferno,long_output,13,1072.38,39.69,1548.65,13,8.39,1
torchinferno,long_output,14,1074.68,36.61,1550.64,14,9.03,1
torchinferno,long_output,15,1063.27,37.50,1550.77,14,9.03,1
torchinferno,long_output,16,1066.52,37.64,1555.85,14,9.00,1
torchinferno,long_output,17,1077.39,45.44,1577.23,12,7.61,1
torchinferno,long_output,18,1073.28,34.91,1562.08,15,9.60,1
torchinferno,long_output,19,1053.17,36.25,1560.70,15,9.61,1
torchinferno,long_output,20,1054.90,36.79,1569.98,15,9.55,1
torchinferno,long_output,21,1055.03,46.78,1756.73,16,9.11,1
torchinferno,long_output,22,1057.32,46.74,1758.41,16,9.10,1
torchinferno,long_output,23,1057.51,46.60,1756.55,16,9.11,1
torchinferno,long_output,24,1051.39,44.28,1759.94,17,9.66,1
torchinferno,long_output,25,1043.60,44.77,1759.86,17,9.66,1
torchinferno,long_output,26,1036.73,42.84,1764.98,18,10.20,1
torchinferno,long_output,27,1051.49,42.31,1770.78,18,10.16,1
torchinferno,long_output,28,1043.77,42.58,1767.71,18,10.18,1
torchinferno,long_output,29,1033.15,40.66,1765.11,19,10.76,1
torchinferno,long_output,30,1025.94,41.49,1772.77,19,10.72,1
torchinferno,long_output,31,1036.89,40.92,1773.45,19,10.71,1
torchinferno,long_output,32,1041.26,47.14,1795.48,17,9.47,1
torchinferno,long_output,33,1020.43,56.70,2097.64,20,9.53,1
torchinferno,long_output,34,1036.29,56.67,2113.05,20,9.47,1
torchinferno,long_output,35,1030.83,56.87,2111.34,20,9.47,1
torchinferno,long_output,36,1024.38,54.38,2111.91,21,9.94,1
torchinferno,long_output,37,1014.34,54.82,2110.80,21,9.95,1
torchinferno,long_output,38,1023.34,55.06,2124.54,21,9.88,1
torchinferno,long_output,39,1016.71,52.78,2125.02,22,10.35,1
torchinferno,long_output,40,1015.94,52.96,2128.11,22,10.34,1
torchinferno,long_output,41,1011.38,52.85,2121.33,22,10.37,1
torchinferno,long_output,42,998.29,50.98,2119.92,23,10.85,1
torchinferno,long_output,43,1001.94,51.42,2133.22,23,10.78,1
torchinferno,long_output,44,1010.06,51.35,2139.68,23,10.75,1
torchinferno,long_output,45,995.61,52.20,2196.27,24,10.93,1
torchinferno,long_output,46,990.55,52.50,2198.07,24,10.92,1
torchinferno,long_output,47,1005.58,52.34,2209.49,24,10.86,1
torchinferno,long_output,48,988.14,51.28,2218.85,25,11.27,1
torchinferno,long_output,49,982.45,49.31,2215.12,26,11.74,1
torchinferno,long_output,50,980.89,51.63,2219.90,25,11.26,1
torchinferno,long_output,51,996.51,51.32,2228.15,25,11.22,1
torchinferno,long_output,52,981.57,49.82,2227.13,26,11.67,1
torchinferno,long_output,53,1254.88,39.23,2235.58,26,11.63,1
torchinferno,long_output,54,1265.31,39.61,2295.08,27,11.76,1
torchinferno,long_output,55,1240.13,40.84,2302.02,27,11.73,1
torchinferno,long_output,56,1252.80,40.39,2302.86,27,11.72,1
torchinferno,long_output,57,1239.74,39.64,2310.09,28,12.12,1
torchinferno,long_output,58,1261.37,39.04,2315.58,28,12.09,1
torchinferno,long_output,59,1236.44,40.48,2329.36,28,12.02,1
torchinferno,long_output,60,1229.31,39.44,2333.57,29,12.43,1
torchinferno,long_output,61,1227.49,39.61,2336.61,29,12.41,1
torchinferno,long_output,62,1241.47,39.75,2354.34,29,12.32,1
torchinferno,long_output,63,1223.72,38.91,2352.00,30,12.76,1
torchinferno,long_output,64,351.67,35.94,1393.98,30,21.52,1
torchinferno,long_output,65,344.10,34.55,1380.48,31,22.46,1
torchinferno,long_output,66,733.83,24.12,1457.52,31,21.27,1
torchinferno,long_output,67,649.61,23.59,1381.04,32,23.17,1
torchinferno,long_output,68,658.77,23.84,1397.92,32,22.89,1
torchinferno,long_output,69,753.43,26.50,1521.98,30,19.71,1
torchinferno,long_output,70,680.70,23.72,1416.07,32,22.60,1
torchinferno,long_output,71,599.79,23.50,1375.29,34,24.72,1
torchinferno,long_output,72,604.11,22.43,1366.86,35,25.61,1
torchinferno,long_output,73,681.47,25.67,1451.62,31,21.36,1
torchinferno,long_output,74,673.34,22.90,1406.01,33,23.47,1
torchinferno,long_output,75,601.48,22.89,1379.79,35,25.37,1
torchinferno,long_output,76,616.35,24.13,1412.77,34,24.07,1
torchinferno,long_output,77,632.53,24.81,1426.51,33,23.13,1
torchinferno,long_output,78,643.30,24.82,1437.48,33,22.96,1
torchinferno,long_output,79,602.04,23.48,1400.47,35,24.99,1
torchinferno,long_output,80,613.02,24.52,1422.34,34,23.90,1
torchinferno,long_output,81,584.21,28.11,1568.22,36,22.96,1
torchinferno,long_output,82,585.84,28.68,1589.81,36,22.64,1
torchinferno,long_output,83,578.25,28.81,1586.56,36,22.69,1
torchinferno,long_output,84,570.46,28.25,1587.40,37,23.31,1
torchinferno,long_output,85,506.09,35.17,1772.11,37,20.88,1
torchinferno,long_output,86,499.30,34.42,1773.01,38,21.43,1
torchinferno,long_output,87,504.28,35.83,1794.07,37,20.62,1
torchinferno,long_output,88,471.69,34.33,1776.32,39,21.96,1
torchinferno,long_output,89,504.58,34.99,1799.09,38,21.12,1
torchinferno,long_output,90,490.41,35.25,1794.50,38,21.18,1
torchinferno,long_output,91,520.02,33.31,1785.62,39,21.84,1
torchinferno,long_output,92,490.21,34.29,1793.08,39,21.75,1
torchinferno,long_output,93,468.97,39.29,2001.39,40,19.99,1
torchinferno,long_output,94,459.87,39.39,1996.17,40,20.04,1
torchinferno,long_output,95,452.54,39.60,1996.75,40,20.03,1
torchinferno,long_output,96,452.61,38.70,2000.54,41,20.49,1
torchinferno,long_output,97,263.69,42.70,1971.88,41,20.79,1
torchinferno,long_output,98,245.12,42.86,1959.59,41,20.92,1
torchinferno,long_output,99,241.71,42.21,1972.37,42,21.29,1
torchinferno,long_output,100,214.42,41.71,1966.14,43,21.87,1
torchinferno,long_output,101,227.74,41.53,1971.95,43,21.81,1
torchinferno,long_output,102,235.72,42.91,1995.21,42,21.05,1
torchinferno,long_output,103,242.29,42.72,1993.66,42,21.07,1
torchinferno,long_output,104,227.89,41.60,1974.94,43,21.77,1
torchinferno,long_output,105,207.27,41.83,2005.81,44,21.94,1
torchinferno,long_output,106,198.50,42.13,2010.19,44,21.89,1
torchinferno,long_output,107,195.32,41.24,2009.97,45,22.39,1
torchinferno,long_output,108,204.14,42.73,2041.37,44,21.55,1
torchinferno,long_output,109,247.74,41.29,2064.33,45,21.80,1
torchinferno,long_output,110,213.28,40.59,2039.89,46,22.55,1
torchinferno,long_output,111,229.16,39.76,2058.28,47,22.83,1
torchinferno,long_output,112,229.32,41.37,2091.01,46,22.00,1
torchinferno,long_output,113,242.85,42.31,2104.70,45,21.38,1
torchinferno,long_output,114,214.00,40.38,2071.43,47,22.69,1
torchinferno,long_output,115,220.15,41.34,2080.56,46,22.11,1
torchinferno,long_output,116,194.24,40.65,2064.12,47,22.77,1
torchinferno,long_output,117,198.66,40.29,2092.38,48,22.94,1
torchinferno,long_output,118,256.71,40.85,2176.48,48,22.05,1
torchinferno,long_output,119,249.88,41.32,2192.10,48,21.90,1
torchinferno,long_output,120,249.76,40.30,2184.26,49,22.43,1
torchinferno,long_output,121,222.94,40.84,2183.48,49,22.44,1
torchinferno,long_output,122,218.58,39.88,2172.67,50,23.01,1
torchinferno,long_output,123,243.84,40.95,2209.56,49,22.18,1
torchinferno,long_output,124,203.22,40.39,2182.24,50,22.91,1
torchinferno,long_output,125,182.50,39.85,2174.75,51,23.45,1
torchinferno,long_output,126,179.06,39.85,2171.78,51,23.48,1
torchinferno,long_output,127,203.58,40.58,2192.03,50,22.81,1
torchinferno,long_output,128,203.31,39.25,517.33,9,17.40,1
torchinferno,long_output,129,203.65,39.33,518.29,9,17.36,1
torchinferno,long_output,130,198.46,44.02,550.65,9,16.34,1
torchinferno,long_output,131,195.62,39.10,547.55,10,18.26,1
torchinferno,long_output,132,172.05,38.34,517.14,10,19.34,1
torchinferno,long_output,133,195.86,40.90,564.00,10,17.73,1
torchinferno,long_output,134,312.91,38.49,697.81,11,15.76,1
torchinferno,long_output,135,297.10,38.55,682.55,11,16.12,1
torchinferno,long_output,136,552.37,19.46,746.98,11,14.73,1
torchinferno,long_output,137,343.01,43.12,2541.98,52,20.46,1
torchinferno,long_output,138,518.80,16.84,720.84,13,18.03,1
torchinferno,long_output,139,529.87,21.71,768.65,12,15.61,1
torchinferno,long_output,140,497.82,19.94,737.08,13,17.64,1
torchinferno,long_output,141,506.35,20.13,747.87,13,17.38,1
torchinferno,long_output,142,526.55,22.19,770.69,12,15.57,1
torchinferno,long_output,143,544.28,22.21,788.64,12,15.22,1
torchinferno,long_output,144,503.48,19.33,754.75,14,18.55,1
torchinferno,long_output,145,645.80,36.94,2529.60,52,20.56,1
torchinferno,long_output,146,723.06,37.66,2606.28,51,19.57,1
torchinferno,long_output,147,642.42,37.08,2533.25,52,20.53,1
torchinferno,long_output,148,631.51,36.57,2532.92,53,20.92,1
torchinferno,long_output,149,602.04,36.73,2512.04,53,21.10,1
torchinferno,long_output,150,617.74,36.46,2513.50,53,21.09,1
torchinferno,long_output,151,600.66,36.11,2514.67,54,21.47,1
torchinferno,long_output,152,325.32,16.79,543.63,14,25.75,1
torchinferno,long_output,153,589.54,35.71,2517.95,55,21.84,1
torchinferno,long_output,154,287.51,16.47,518.05,15,28.95,1
torchinferno,long_output,155,605.96,36.36,2533.09,54,21.32,1
torchinferno,long_output,156,336.99,17.26,561.31,14,24.94,1
torchinferno,long_output,157,581.36,35.85,2517.40,55,21.85,1
torchinferno,long_output,158,597.72,36.64,2539.38,54,21.27,1
torchinferno,long_output,159,288.98,18.26,544.64,15,27.54,1
torchinferno,long_output,160,291.45,18.59,551.71,15,27.19,1
torchinferno,long_output,161,587.85,36.23,2544.28,55,21.62,1
torchinferno,long_output,162,567.86,38.75,2699.11,56,20.75,1
torchinferno,long_output,163,278.35,29.02,713.62,16,22.42,1
torchinferno,long_output,164,585.28,38.75,2716.39,56,20.62,1
torchinferno,long_output,165,578.22,38.86,2715.29,56,20.62,1
torchinferno,long_output,166,574.73,38.20,2714.03,57,21.00,1
torchinferno,long_output,167,639.21,35.82,2681.16,58,21.63,1
torchinferno,long_output,168,669.59,36.35,2705.12,57,21.07,1
torchinferno,long_output,169,628.38,36.17,2690.11,58,21.56,1
torchinferno,long_output,170,658.37,36.81,2719.51,57,20.96,1
torchinferno,long_output,171,564.37,35.25,2573.73,58,22.54,1
torchinferno,long_output,172,522.96,35.09,2557.98,59,23.07,1
torchinferno,long_output,173,530.53,35.10,2566.51,59,22.99,1
torchinferno,long_output,174,548.80,35.07,2582.90,59,22.84,1
torchinferno,long_output,175,523.16,34.85,2579.19,60,23.26,1
torchinferno,long_output,176,509.47,35.13,2581.97,60,23.24,1
torchinferno,long_output,177,516.97,35.19,2593.20,60,23.14,1
torchinferno,long_output,178,514.62,34.70,2596.47,61,23.49,1
torchinferno,long_output,179,381.15,40.41,987.27,16,16.21,1
torchinferno,long_output,180,381.72,34.70,2463.90,61,24.76,1
torchinferno,long_output,181,382.16,41.15,999.39,16,16.01,1
torchinferno,long_output,182,397.23,34.64,2475.48,61,24.64,1
torchinferno,long_output,183,373.53,34.29,2465.10,62,25.15,1
torchinferno,long_output,184,325.25,40.25,969.30,17,17.54,1
torchinferno,long_output,185,297.70,40.81,950.66,17,17.88,1
torchinferno,long_output,186,392.92,34.56,2501.33,62,24.79,1
torchinferno,long_output,187,463.46,34.74,1019.37,17,16.68,1
torchinferno,long_output,188,201.17,33.69,2256.14,62,27.48,1
torchinferno,long_output,189,443.66,32.96,1003.98,18,17.93,1
torchinferno,long_output,190,210.69,33.32,2276.66,63,27.67,1
torchinferno,long_output,191,424.51,32.22,1004.40,19,18.92,1
torchinferno,long_output,192,428.20,32.05,1005.02,19,18.91,1
torchinferno,long_output,193,169.11,33.64,2254.67,63,27.94,1
torchinferno,long_output,194,466.54,33.67,1038.92,18,17.33,1
torchinferno,long_output,195,194.82,33.53,2273.84,63,27.71,1
torchinferno,long_output,196,441.04,35.18,1039.03,18,17.32,1
torchinferno,long_output,197,459.97,31.96,1035.22,19,18.35,1
torchinferno,long_output,198,164.46,36.66,2474.33,64,25.87,1
torchinferno,long_output,199,163.14,36.66,2472.41,64,25.89,1
torchinferno,long_output,200,163.55,36.05,2470.57,65,26.31,1
torchinferno,long_output,201,160.31,36.73,2473.99,64,25.87,1
torchinferno,long_output,202,381.07,40.98,1200.57,21,17.49,1
torchinferno,long_output,203,391.56,43.52,1218.42,20,16.41,1
torchinferno,long_output,204,404.90,43.53,1231.98,20,16.23,1
torchinferno,long_output,205,376.40,39.87,1213.69,22,18.13,1
torchinferno,long_output,206,391.77,41.84,1228.66,21,17.09,1
torchinferno,long_output,207,379.21,39.96,1218.47,22,18.06,1
torchinferno,long_output,208,372.21,40.04,1213.04,22,18.14,1
torchinferno,long_output,209,400.71,42.10,1242.79,21,16.90,1
torchinferno,long_output,210,406.94,44.74,1257.09,20,15.91,1
torchinferno,long_output,211,367.90,38.62,1217.64,23,18.89,1
torchinferno,long_output,212,369.83,38.73,1221.84,23,18.82,1
torchinferno,long_output,213,368.18,38.74,1220.36,23,18.85,1
torchinferno,long_output,214,371.32,39.05,1269.37,24,18.91,1
torchinferno,long_output,215,338.86,40.29,1265.63,24,18.96,1
torchinferno,long_output,216,351.69,38.51,1275.87,25,19.59,1
torchinferno,long_output,217,357.70,40.74,1294.72,24,18.54,1
torchinferno,long_output,218,171.54,38.97,1106.89,25,22.59,1
torchinferno,long_output,219,224.40,36.54,2562.98,65,25.36,1
torchinferno,long_output,220,338.36,39.47,1285.58,25,19.45,1
torchinferno,long_output,221,216.78,36.60,2558.94,65,25.40,1
torchinferno,long_output,222,152.46,38.30,1110.06,26,23.42,1
torchinferno,long_output,223,183.18,36.39,2548.47,66,25.90,1
torchinferno,long_output,224,202.06,36.31,2561.95,66,25.76,1
torchinferno,long_output,225,435.43,31.64,1226.43,26,21.20,1
torchinferno,long_output,226,236.02,35.66,2553.68,66,25.85,1
torchinferno,long_output,227,415.88,32.98,1240.37,26,20.96,1
torchinferno,long_output,228,214.86,35.28,2543.57,67,26.34,1
torchinferno,long_output,229,403.34,32.23,1241.22,27,21.75,1
torchinferno,long_output,230,242.30,35.29,2571.17,67,26.06,1
torchinferno,long_output,231,350.66,32.27,1189.75,27,22.69,1
torchinferno,long_output,232,332.20,33.00,1190.13,27,22.69,1
torchinferno,long_output,233,306.42,33.96,1223.47,28,22.89,1
torchinferno,long_output,234,300.44,34.42,1229.85,28,22.77,1
torchinferno,long_output,235,135.53,33.56,1041.66,28,26.88,1
torchinferno,long_output,236,125.44,32.98,1048.76,29,27.65,1
torchinferno,long_output,237,116.80,33.34,1050.40,29,27.61,1
torchinferno,long_output,238,126.06,34.43,1089.98,29,26.61,1
torchinferno,long_output,239,171.95,32.45,1113.01,30,26.95,1
torchinferno,long_output,240,182.62,32.58,1127.54,30,26.61,1
torchinferno,long_output,241,158.76,31.65,1108.41,31,27.97,1
torchinferno,long_output,242,185.32,32.52,1128.26,30,26.59,1
torchinferno,long_output,243,362.20,25.67,1132.26,31,27.38,1
torchinferno,long_output,244,337.33,26.24,1124.62,31,27.56,1
torchinferno,long_output,245,335.88,25.99,1141.68,32,28.03,1
torchinferno,long_output,246,345.51,25.88,1147.74,32,27.88,1
torchinferno,long_output,247,297.84,26.08,1132.49,33,29.14,1
torchinferno,long_output,248,316.99,26.19,1155.01,33,28.57,1
torchinferno,long_output,249,335.06,26.96,1170.68,32,27.33,1
torchinferno,long_output,250,308.59,26.72,1163.67,33,28.36,1
torchinferno,long_output,251,343.51,24.02,1160.05,35,30.17,1
torchinferno,long_output,252,346.76,24.04,1164.23,35,30.06,1
torchinferno,long_output,253,362.50,25.27,1196.46,34,28.42,1
torchinferno,long_output,254,349.55,24.34,1177.14,35,29.73,1
torchinferno,long_output,255,392.07,24.59,1203.68,34,28.25,1
torchinferno,long_output,256,360.89,25.51,1202.80,34,28.27,1
torchinferno,long_output,257,341.24,24.54,1200.12,36,30.00,1
torchinferno,long_output,258,358.70,24.55,1217.88,36,29.56,1
torchinferno,long_output,259,332.21,24.50,1214.38,37,30.47,1
torchinferno,long_output,260,321.72,24.98,1221.03,37,30.30,1
torchinferno,long_output,261,350.07,25.07,1227.37,36,29.33,1
torchinferno,long_output,262,235.96,24.94,1133.82,37,32.63,1
torchinferno,long_output,263,217.62,24.12,1134.31,39,34.38,1
torchinferno,long_output,264,213.83,24.36,1139.69,39,34.22,1
torchinferno,long_output,265,227.75,24.94,1150.37,38,33.03,1
torchinferno,long_output,266,221.15,25.19,1153.36,38,32.95,1
torchinferno,long_output,267,235.89,24.13,1152.89,39,33.83,1
torchinferno,long_output,268,231.65,25.15,1162.10,38,32.70,1
torchinferno,long_output,269,211.61,25.21,1194.99,40,33.47,1
torchinferno,long_output,270,201.65,25.32,1189.04,40,33.64,1
torchinferno,long_output,271,190.88,25.22,1199.56,41,34.18,1
torchinferno,long_output,272,197.06,25.90,1207.25,40,33.13,1
torchinferno,long_output,273,180.86,25.02,1206.52,42,34.81,1
torchinferno,long_output,274,192.30,25.63,1217.42,41,33.68,1
torchinferno,long_output,275,193.18,25.77,1223.85,41,33.50,1
torchinferno,long_output,276,183.69,25.39,1224.59,42,34.30,1
torchinferno,long_output,277,188.58,25.31,1226.41,42,34.25,1
torchinferno,long_output,278,241.84,24.83,1284.83,43,33.47,1
torchinferno,long_output,279,252.28,24.80,1293.86,43,33.23,1
torchinferno,long_output,280,223.06,25.14,1278.92,43,33.62,1
torchinferno,long_output,281,229.27,26.62,1374.02,44,32.02,1
torchinferno,long_output,282,222.81,27.02,1384.55,44,31.78,1
torchinferno,long_output,283,212.43,27.55,1397.23,44,31.49,1
torchinferno,long_output,284,204.78,26.47,1396.10,46,32.95,1
torchinferno,long_output,285,210.85,27.05,1401.23,45,32.11,1
torchinferno,long_output,286,209.12,26.44,1399.05,46,32.88,1
torchinferno,long_output,287,223.49,26.95,1409.32,45,31.93,1
torchinferno,long_output,288,212.95,27.35,1416.38,45,31.77,1
torchinferno,long_output,289,189.30,26.27,1371.27,46,33.55,1
torchinferno,long_output,290,206.42,25.50,1379.64,47,34.07,1
torchinferno,long_output,291,173.36,26.31,1383.56,47,33.97,1
torchinferno,long_output,292,182.85,26.22,1389.19,47,33.83,1
torchinferno,long_output,293,172.38,26.97,1440.05,48,33.33,1
torchinferno,long_output,294,170.72,27.20,1448.91,48,33.13,1
torchinferno,long_output,295,135.56,27.13,1410.52,48,34.03,1
torchinferno,long_output,296,129.95,27.10,1430.91,49,34.24,1
torchinferno,long_output,297,173.31,26.84,1461.41,49,33.53,1
torchinferno,long_output,298,139.45,27.10,1440.49,49,34.02,1
torchinferno,long_output,299,187.88,22.01,363.94,9,24.73,1
torchinferno,long_output,300,185.00,44.82,543.53,9,16.56,1
torchinferno,long_output,301,161.94,29.91,1627.72,50,30.72,1
torchinferno,long_output,302,163.73,39.58,519.98,10,19.23,1
torchinferno,long_output,303,166.60,40.09,527.44,10,18.96,1
torchinferno,long_output,304,91.58,41.78,467.57,10,21.39,1
torchinferno,long_output,305,112.06,29.82,1603.05,51,31.81,1
torchinferno,long_output,306,205.34,45.50,569.36,9,15.81,1
torchinferno,long_output,307,178.46,30.78,1686.44,50,29.65,1
torchinferno,long_output,308,148.28,30.85,1660.17,50,30.12,1
torchinferno,long_output,309,176.04,37.79,553.96,11,19.86,1
torchinferno,long_output,310,144.25,29.69,1628.58,51,31.32,1
torchinferno,long_output,311,142.86,29.92,1638.66,51,31.12,1
torchinferno,long_output,312,91.01,39.41,485.10,11,22.68,1
torchinferno,long_output,313,135.38,33.39,1838.08,52,28.29,1
torchinferno,long_output,314,140.40,33.65,1856.49,52,28.01,1
torchinferno,long_output,315,336.21,38.45,720.70,11,15.26,1
torchinferno,long_output,316,121.53,33.60,1835.00,52,28.34,1
torchinferno,long_output,317,121.00,33.07,1840.53,53,28.80,1
torchinferno,long_output,318,328.24,39.73,765.25,12,15.68,1
torchinferno,long_output,319,318.73,40.49,764.13,12,15.70,1
torchinferno,long_output,320,314.81,41.21,768.13,12,15.62,1
torchinferno,long_output,321,196.85,32.74,1899.09,53,27.91,1
torchinferno,long_output,322,210.22,32.45,1897.74,53,27.93,1
torchinferno,long_output,323,178.16,32.34,1892.38,54,28.54,1
torchinferno,long_output,324,170.90,32.63,1900.42,54,28.41,1
torchinferno,long_output,325,158.48,32.93,1903.97,54,28.36,1
torchinferno,long_output,326,139.93,32.48,1893.79,55,29.04,1
torchinferno,long_output,327,378.60,18.29,598.14,13,21.73,1
torchinferno,long_output,328,329.58,21.95,593.03,13,21.92,1
torchinferno,long_output,329,315.98,23.81,601.69,13,21.61,1
torchinferno,long_output,330,305.08,22.78,601.21,14,23.29,1
torchinferno,long_output,331,313.36,22.60,607.22,14,23.06,1
torchinferno,long_output,332,285.81,21.14,581.73,15,25.79,1
torchinferno,long_output,333,178.57,31.60,1884.90,55,29.18,1
torchinferno,long_output,334,283.87,21.84,589.65,15,25.44,1
torchinferno,long_output,335,312.62,23.11,613.08,14,22.84,1
torchinferno,long_output,336,167.22,31.77,1882.60,55,29.21,1
torchinferno,long_output,337,300.35,21.59,602.60,15,24.89,1
torchinferno,long_output,338,155.54,31.80,1904.57,56,29.40,1
torchinferno,long_output,339,171.50,31.75,1917.96,56,29.20,1
torchinferno,long_output,340,170.44,31.99,1929.87,56,29.02,1
torchinferno,long_output,341,150.53,31.73,1927.46,57,29.57,1
torchinferno,long_output,342,300.77,25.63,685.21,16,23.35,1
torchinferno,long_output,343,302.31,25.22,680.64,16,23.51,1
torchinferno,long_output,344,294.14,27.36,704.51,16,22.71,1
torchinferno,long_output,345,255.05,31.23,2004.08,57,28.44,1
torchinferno,long_output,346,249.69,31.67,2023.25,57,28.17,1
torchinferno,long_output,347,223.89,31.29,2007.28,58,28.89,1
torchinferno,long_output,348,298.50,25.99,714.34,17,23.80,1
torchinferno,long_output,349,240.96,31.04,2010.07,58,28.85,1
torchinferno,long_output,350,226.45,31.51,2022.46,58,28.68,1
torchinferno,long_output,351,161.39,25.45,568.58,17,29.90,1
torchinferno,long_output,352,167.47,26.51,591.56,17,28.74,1
torchinferno,long_output,353,203.39,30.36,1964.10,59,30.04,1
torchinferno,long_output,354,118.04,26.17,562.91,18,31.98,1
torchinferno,long_output,355,221.40,30.64,1998.72,59,29.52,1
torchinferno,long_output,356,189.68,30.89,1981.18,59,29.78,1
torchinferno,long_output,357,189.14,30.82,2007.23,60,29.89,1
torchinferno,long_output,358,198.57,30.87,2020.19,60,29.70,1
torchinferno,long_output,359,187.81,31.11,2023.35,60,29.65,1
torchinferno,long_output,360,178.70,30.93,2034.34,61,29.99,1
torchinferno,long_output,361,142.99,26.75,597.72,18,30.11,1
torchinferno,long_output,362,157.26,27.47,624.19,18,28.84,1
torchinferno,long_output,363,289.97,29.79,2077.52,61,29.36,1
torchinferno,long_output,364,285.24,29.86,2077.14,61,29.37,1
torchinferno,long_output,365,255.83,29.35,2046.23,62,30.30,1
torchinferno,long_output,366,181.40,25.14,634.01,19,29.97,1
torchinferno,long_output,367,244.01,29.17,2052.28,63,30.70,1
torchinferno,long_output,368,290.06,29.44,2085.86,62,29.72,1
torchinferno,long_output,369,247.22,29.37,2067.88,63,30.47,1
torchinferno,long_output,370,239.79,29.43,2064.53,63,30.52,1
torchinferno,long_output,371,168.13,27.14,656.71,19,28.93,1
torchinferno,long_output,372,198.54,25.27,653.41,19,29.08,1
torchinferno,long_output,373,279.76,30.04,2112.29,62,29.35,1
torchinferno,long_output,374,166.42,26.71,673.83,20,29.68,1
torchinferno,long_output,375,257.63,29.24,2099.81,64,30.48,1
torchinferno,long_output,376,154.52,27.66,680.04,20,29.41,1
torchinferno,long_output,377,121.57,26.78,657.15,21,31.96,1
torchinferno,long_output,378,127.01,27.00,667.05,21,31.48,1
torchinferno,long_output,379,137.17,28.95,687.13,20,29.11,1
torchinferno,long_output,380,120.31,27.76,675.45,21,31.09,1
torchinferno,long_output,381,206.24,29.83,2085.53,64,30.69,1
torchinferno,long_output,382,209.12,29.96,2096.66,64,30.52,1
torchinferno,long_output,383,215.92,29.60,2110.46,65,30.80,1
torchinferno,long_output,384,193.19,26.44,748.44,22,29.39,1
torchinferno,long_output,385,181.02,25.46,741.03,23,31.04,1
torchinferno,long_output,386,189.54,25.25,745.12,23,30.87,1
torchinferno,long_output,387,209.01,26.73,770.28,22,28.56,1
torchinferno,long_output,388,185.26,25.98,756.91,23,30.39,1
torchinferno,long_output,389,220.43,26.78,782.79,22,28.10,1
torchinferno,long_output,390,172.22,26.28,776.57,24,30.90,1
torchinferno,long_output,391,155.69,27.13,779.76,24,30.78,1
torchinferno,long_output,392,176.83,26.63,789.26,24,30.41,1
torchinferno,long_output,393,168.98,26.22,798.31,25,31.32,1
torchinferno,long_output,394,201.86,28.85,2076.85,66,31.78,1
torchinferno,long_output,395,205.65,29.75,2109.40,65,30.81,1
torchinferno,long_output,396,253.43,29.30,2128.38,65,30.54,1
torchinferno,long_output,397,153.43,27.66,817.39,25,30.59,1
torchinferno,long_output,398,204.43,29.30,2108.85,66,31.30,1
torchinferno,long_output,399,201.58,28.65,2092.67,67,32.02,1
torchinferno,long_output,400,193.97,29.31,2098.98,66,31.44,1
torchinferno,long_output,401,174.05,29.21,2102.04,67,31.87,1
torchinferno,long_output,402,218.67,27.65,882.33,25,28.33,1
torchinferno,long_output,403,192.54,27.28,874.51,26,29.73,1
torchinferno,long_output,404,205.00,27.28,887.03,26,29.31,1
torchinferno,long_output,405,108.13,26.03,784.91,27,34.40,1
torchinferno,long_output,406,215.24,27.46,901.73,26,28.83,1
torchinferno,long_output,407,193.65,26.96,894.60,27,30.18,1
torchinferno,long_output,408,205.43,27.50,920.31,27,29.34,1
torchinferno,long_output,409,160.58,28.18,921.37,28,30.39,1
torchinferno,long_output,410,169.65,28.56,940.81,28,29.76,1
torchinferno,long_output,411,190.15,28.33,955.17,28,29.31,1
torchinferno,long_output,412,153.20,27.71,928.97,29,31.22,1
torchinferno,long_output,413,158.96,28.12,946.43,29,30.64,1
torchinferno,long_output,414,185.53,28.26,976.68,29,29.69,1
torchinferno,long_output,415,178.77,26.91,959.06,30,31.28,1
torchinferno,long_output,416,138.59,26.38,930.04,31,33.33,1
torchinferno,long_output,417,168.83,27.32,961.01,30,31.22,1
torchinferno,long_output,418,154.45,26.78,957.93,31,32.36,1
torchinferno,long_output,419,135.41,27.16,950.13,31,32.63,1
torchinferno,long_output,420,162.44,27.91,971.87,30,30.87,1
torchinferno,long_output,421,191.13,27.17,1033.25,32,30.97,1
torchinferno,long_output,422,194.96,27.35,1042.68,32,30.69,1
torchinferno,long_output,423,212.22,27.57,1066.81,32,30.00,1
torchinferno,long_output,424,171.16,27.31,1045.11,33,31.58,1
torchinferno,long_output,425,150.42,27.46,1029.21,33,32.06,1
torchinferno,long_output,426,170.09,27.25,1042.18,33,31.66,1
torchinferno,long_output,427,199.87,24.92,1022.24,34,33.26,1
torchinferno,long_output,428,164.23,24.59,1000.26,35,34.99,1
torchinferno,long_output,429,197.73,25.36,1034.44,34,32.87,1
torchinferno,long_output,430,177.03,24.72,1017.66,35,34.39,1
torchinferno,long_output,431,186.82,25.87,1040.55,34,32.68,1
torchinferno,long_output,432,186.53,24.94,1034.63,35,33.83,1
torchinferno,long_output,433,153.22,24.53,1011.76,36,35.58,1
torchinferno,long_output,434,164.80,24.65,1027.46,36,35.04,1
torchinferno,long_output,435,165.95,24.46,1021.89,36,35.23,1
torchinferno,long_output,436,150.49,24.44,1030.39,37,35.91,1
torchinferno,long_output,437,144.19,24.99,1043.78,37,35.45,1
torchinferno,long_output,438,136.74,23.95,1022.97,38,37.15,1
torchinferno,long_output,439,223.11,24.54,1131.05,38,33.60,1
torchinferno,long_output,440,199.98,25.02,1125.84,38,33.75,1
torchinferno,long_output,441,207.35,24.05,1121.29,39,34.78,1
torchinferno,long_output,442,226.92,26.39,1177.10,37,31.43,1
torchinferno,long_output,443,185.05,25.08,1138.13,39,34.27,1
torchinferno,long_output,444,202.87,25.09,1156.39,39,33.73,1
torchinferno,long_output,445,221.13,25.67,1222.43,40,32.72,1
torchinferno,long_output,446,192.93,26.04,1208.30,40,33.10,1
torchinferno,long_output,447,232.11,26.06,1248.57,40,32.04,1
torchinferno,long_output,448,179.54,25.37,1194.52,41,34.32,1
torchinferno,long_output,449,173.03,26.02,1213.91,41,33.78,1
torchinferno,long_output,450,176.90,26.18,1223.96,41,33.50,1
torchinferno,long_output,451,123.88,25.05,1176.14,43,36.56,1
torchinferno,long_output,452,162.70,25.56,1210.76,42,34.69,1
torchinferno,long_output,453,185.34,25.48,1229.91,42,34.15,1
torchinferno,long_output,454,228.49,23.85,1230.08,43,34.96,1
torchinferno,long_output,455,159.85,27.53,1288.73,42,32.59,1
torchinferno,long_output,456,246.82,23.99,1254.21,43,34.28,1
torchinferno,long_output,457,228.10,23.93,1257.14,44,35.00,1
torchinferno,long_output,458,240.61,23.97,1271.51,44,34.60,1
torchinferno,long_output,459,205.89,24.59,1263.26,44,34.83,1
torchinferno,long_output,460,198.60,24.01,1255.21,45,35.85,1
torchinferno,long_output,461,209.80,24.11,1270.55,45,35.42,1
torchinferno,long_output,462,205.77,24.38,1278.64,45,35.19,1
torchinferno,long_output,463,185.07,24.14,1271.37,46,36.18,1
torchinferno,long_output,464,177.23,24.20,1266.41,46,36.32,1
torchinferno,long_output,465,189.01,24.36,1285.37,46,35.79,1
torchinferno,long_output,466,199.48,24.22,1313.79,47,35.77,1
torchinferno,long_output,467,194.01,24.11,1303.22,47,36.06,1
torchinferno,long_output,468,186.17,24.41,1309.00,47,35.91,1
torchinferno,long_output,469,174.73,26.05,1399.12,48,34.31,1
torchinferno,long_output,470,177.06,25.91,1394.88,48,34.41,1
torchinferno,long_output,471,128.51,26.05,1378.69,49,35.54,1
torchinferno,long_output,472,127.74,26.83,1388.96,48,34.56,1
torchinferno,long_output,473,171.21,25.75,1407.38,49,34.82,1
torchinferno,long_output,474,239.01,22.80,421.42,9,21.36,1
torchinferno,long_output,475,152.40,25.31,1392.78,50,35.90,1
torchinferno,long_output,476,193.24,25.93,1437.97,49,34.08,1
torchinferno,long_output,477,160.64,25.61,1415.56,50,35.32,1
torchinferno,long_output,478,264.34,23.56,452.84,9,19.87,1
torchinferno,long_output,479,135.98,25.31,1401.70,51,36.38,1
torchinferno,long_output,480,173.69,25.90,1442.91,50,34.65,1
torchinferno,long_output,481,208.21,21.91,383.50,9,23.47,1
torchinferno,long_output,482,250.54,14.34,379.61,10,26.34,1
torchinferno,long_output,483,191.76,22.80,396.93,10,25.19,1
torchinferno,long_output,484,167.83,24.88,1411.67,51,36.13,1
torchinferno,long_output,485,179.39,24.91,1425.02,51,35.79,1
torchinferno,long_output,486,139.68,25.15,1422.42,52,36.56,1
torchinferno,long_output,487,133.37,25.48,1432.72,52,36.29,1
torchinferno,long_output,488,140.10,25.10,1445.44,53,36.67,1
torchinferno,long_output,489,178.61,22.12,377.73,10,26.47,1
torchinferno,long_output,490,150.85,26.34,1494.25,52,34.80,1
torchinferno,long_output,491,178.07,22.81,406.21,11,27.08,1
torchinferno,long_output,492,142.36,22.70,369.33,11,29.78,1
torchinferno,long_output,493,138.66,24.40,382.62,11,28.75,1
torchinferno,long_output,494,139.09,26.06,1494.38,53,35.47,1
torchinferno,long_output,495,150.82,23.46,408.92,12,29.35,1
torchinferno,long_output,496,175.47,22.50,423.02,12,28.37,1
torchinferno,long_output,497,121.03,23.45,402.40,13,32.31,1
torchinferno,long_output,498,152.93,25.42,432.56,12,27.74,1
torchinferno,long_output,499,153.09,22.11,418.46,13,31.07,1
torchinferno,long_output,500,140.37,23.71,424.87,13,30.60,1
torchinferno,long_output,501,111.31,22.81,407.78,14,34.33,1
torchinferno,long_output,502,110.79,23.26,413.20,14,33.88,1
torchinferno,long_output,503,248.79,25.02,1574.98,54,34.29,1
torchinferno,long_output,504,237.90,25.26,1576.79,54,34.25,1
torchinferno,long_output,505,164.72,24.74,1500.79,55,36.65,1
torchinferno,long_output,506,157.10,24.82,1497.47,55,36.73,1
torchinferno,long_output,507,224.03,24.99,1573.22,55,34.96,1
torchinferno,long_output,508,271.20,25.86,1616.06,53,32.80,1
torchinferno,long_output,509,236.77,25.44,1584.89,54,34.07,1
torchinferno,long_output,510,134.45,24.97,1508.00,56,37.14,1
torchinferno,long_output,511,147.27,25.24,1535.24,56,36.48,1
torchinferno,long_output,512,160.61,22.67,455.26,14,30.75,1
torchinferno,long_output,513,139.73,21.20,436.55,15,34.36,1
torchinferno,long_output,514,123.55,22.33,436.18,15,34.39,1
torchinferno,long_output,515,178.19,20.67,467.62,15,32.08,1
torchinferno,long_output,516,269.70,24.36,1609.31,56,34.80,1
torchinferno,long_output,517,126.28,23.57,479.83,16,33.35,1
torchinferno,long_output,518,248.29,24.41,1614.97,57,35.29,1
torchinferno,long_output,519,253.28,24.32,1615.41,57,35.29,1
torchinferno,long_output,520,262.57,24.44,1631.06,57,34.95,1
torchinferno,long_output,521,212.37,24.35,1600.56,58,36.24,1
torchinferno,long_output,522,245.02,24.54,1643.95,58,35.28,1
torchinferno,long_output,523,203.58,24.26,1610.60,59,36.63,1
torchinferno,long_output,524,226.10,24.66,1631.74,58,35.54,1
torchinferno,long_output,525,173.04,25.52,555.88,16,28.78,1
torchinferno,long_output,526,191.39,25.72,577.17,16,27.72,1
torchinferno,long_output,527,133.73,24.61,527.54,17,32.22,1
torchinferno,long_output,528,154.92,25.12,556.79,17,30.53,1
torchinferno,long_output,529,117.65,25.08,544.07,18,33.08,1
torchinferno,long_output,530,148.93,27.01,581.08,17,29.26,1
torchinferno,long_output,531,218.79,24.03,1612.47,59,36.59,1
torchinferno,long_output,532,199.97,24.38,1614.06,59,36.55,1
torchinferno,long_output,533,226.61,24.01,1643.22,60,36.51,1
torchinferno,long_output,534,172.96,24.55,1621.63,60,37.00,1
torchinferno,long_output,535,182.95,24.48,1627.17,60,36.87,1
torchinferno,long_output,536,167.19,24.54,1639.65,61,37.20,1
torchinferno,long_output,537,123.48,24.93,547.20,18,32.89,1
torchinferno,long_output,538,123.61,26.73,577.96,18,31.14,1
torchinferno,long_output,539,147.70,25.57,607.92,19,31.25,1
torchinferno,long_output,540,170.10,24.98,1668.96,61,36.55,1
torchinferno,long_output,541,168.54,25.40,1692.36,61,36.04,1
torchinferno,long_output,542,188.44,25.30,643.90,19,29.51,1
torchinferno,long_output,543,150.44,25.18,1686.22,62,36.77,1
torchinferno,long_output,544,180.19,26.66,660.07,19,28.78,1
torchinferno,long_output,545,109.61,24.75,1669.04,64,38.35,1
torchinferno,long_output,546,177.93,25.73,666.77,20,30.00,1
torchinferno,long_output,547,161.21,25.37,668.57,21,31.41,1
torchinferno,long_output,548,196.26,25.72,684.99,20,29.20,1
torchinferno,long_output,549,144.55,26.51,674.66,21,31.13,1
torchinferno,long_output,550,263.36,24.35,1748.67,62,35.46,1
torchinferno,long_output,551,246.37,24.42,1735.94,62,35.72,1
torchinferno,long_output,552,128.46,24.75,672.98,23,34.18,1
torchinferno,long_output,553,122.07,25.06,673.44,23,34.15,1
torchinferno,long_output,554,241.62,24.21,1742.94,63,36.15,1
torchinferno,long_output,555,140.74,26.78,703.11,22,31.29,1
torchinferno,long_output,556,136.73,26.68,697.09,22,31.56,1
torchinferno,long_output,557,236.01,24.53,1756.64,63,35.86,1
torchinferno,long_output,558,245.71,24.50,1764.56,63,35.70,1
torchinferno,long_output,559,160.26,24.50,1703.68,64,37.57,1
torchinferno,long_output,560,110.15,26.25,713.98,24,33.61,1
torchinferno,long_output,561,281.17,25.64,768.38,20,26.03,1
torchinferno,long_output,562,153.22,24.47,1719.41,65,37.80,1
torchinferno,long_output,563,269.34,24.81,765.45,21,27.43,1
torchinferno,long_output,564,249.34,24.94,773.18,22,28.45,1
torchinferno,long_output,565,248.25,23.86,773.24,23,29.74,1
torchinferno,long_output,566,167.91,25.45,1771.17,64,36.13,1
torchinferno,long_output,567,218.05,26.97,838.36,24,28.63,1
torchinferno,long_output,568,192.87,27.47,824.59,24,29.11,1
torchinferno,long_output,569,282.94,23.88,1811.16,65,35.89,1
torchinferno,long_output,570,201.21,25.42,811.35,25,30.81,1
torchinferno,long_output,571,128.40,25.43,764.16,26,34.02,1
torchinferno,long_output,572,178.37,26.96,825.48,25,30.29,1
torchinferno,long_output,573,270.61,23.91,1824.74,66,36.17,1
torchinferno,long_output,574,266.54,23.91,1820.44,66,36.25,1
torchinferno,long_output,575,291.21,24.19,1839.27,65,35.34,1
torchinferno,long_output,576,262.97,23.98,1821.88,66,36.23,1
torchinferno,long_output,577,166.45,27.55,827.58,25,30.21,1
torchinferno,long_output,578,257.12,23.76,1825.42,67,36.70,1
torchinferno,long_output,579,169.13,26.75,837.95,26,31.03,1
torchinferno,long_output,580,252.41,23.98,1835.10,67,36.51,1
torchinferno,long_output,581,230.20,24.66,846.82,26,30.70,1
torchinferno,long_output,582,192.44,25.07,844.37,27,31.98,1
torchinferno,long_output,583,228.68,24.56,867.25,27,31.13,1
torchinferno,long_output,584,210.34,25.25,866.82,27,31.15,1
torchinferno,long_output,585,165.66,26.99,894.49,28,31.30,1
torchinferno,long_output,586,176.80,26.76,899.39,28,31.13,1
torchinferno,long_output,587,190.33,27.23,925.52,28,30.25,1
torchinferno,long_output,588,163.34,26.85,915.12,29,31.69,1
torchinferno,long_output,589,192.74,26.98,948.06,29,30.59,1
torchinferno,long_output,590,157.83,26.06,913.67,30,32.83,1
torchinferno,long_output,591,188.48,27.23,950.88,29,30.50,1
torchinferno,long_output,592,144.90,25.72,916.50,31,33.82,1
torchinferno,long_output,593,133.81,25.82,908.36,31,34.13,1
torchinferno,long_output,594,206.91,25.92,958.62,30,31.30,1
torchinferno,long_output,595,159.81,26.10,942.88,31,32.88,1
torchinferno,long_output,596,181.66,27.05,966.16,30,31.05,1
torchinferno,long_output,597,204.16,25.86,1005.71,32,31.82,1
torchinferno,long_output,598,225.41,25.78,1024.55,32,31.23,1
torchinferno,long_output,599,171.99,26.40,1016.82,33,32.45,1
torchinferno,long_output,600,142.69,26.35,985.98,33,33.47,1
torchinferno,long_output,601,169.93,26.57,1020.26,33,32.34,1
torchinferno,long_output,602,193.13,27.96,1059.90,32,30.19,1
torchinferno,long_output,603,131.25,24.59,942.56,34,36.07,1
torchinferno,long_output,604,158.05,24.23,957.63,34,35.50,1
torchinferno,long_output,605,174.25,23.40,946.41,34,35.93,1
torchinferno,long_output,606,115.63,24.04,932.85,35,37.52,1
torchinferno,long_output,607,123.22,24.50,956.20,35,36.60,1
torchinferno,long_output,608,141.67,24.46,973.27,35,35.96,1
torchinferno,long_output,609,216.72,24.46,1072.95,36,33.55,1
torchinferno,long_output,610,262.86,23.74,1093.75,36,32.91,1
torchinferno,long_output,611,202.17,24.33,1077.89,37,34.33,1
torchinferno,long_output,612,244.52,24.72,1109.66,36,32.44,1
torchinferno,long_output,613,193.86,24.91,1090.56,37,33.93,1
torchinferno,long_output,614,170.34,23.83,1076.06,39,36.24,1
torchinferno,long_output,615,213.50,25.20,1120.74,37,33.01,1
torchinferno,long_output,616,163.61,24.15,1081.45,39,36.06,1
torchinferno,long_output,617,165.95,24.22,1086.17,39,35.91,1
torchinferno,long_output,618,157.12,23.81,1085.60,40,36.85,1
torchinferno,long_output,619,181.38,25.24,1115.32,38,34.07,1
torchinferno,long_output,620,248.36,23.85,1130.90,38,33.60,1
torchinferno,long_output,621,174.78,25.78,1128.69,38,33.67,1
torchinferno,long_output,622,182.77,23.10,1083.74,40,36.91,1
torchinferno,long_output,623,163.06,24.44,1116.04,40,35.84,1
torchinferno,long_output,624,211.89,27.42,1308.63,41,31.33,1
torchinferno,long_output,625,209.02,26.97,1314.80,42,31.94,1
torchinferno,long_output,626,186.77,26.98,1292.87,42,32.49,1
torchinferno,long_output,627,218.60,27.85,1332.61,41,30.77,1
torchinferno,long_output,628,233.67,27.74,1343.31,41,30.52,1
torchinferno,long_output,629,182.11,27.39,1305.08,42,32.18,1
torchinferno,long_output,630,175.04,26.75,1298.54,43,33.11,1
torchinferno,long_output,631,222.35,27.31,1369.52,43,31.40,1
torchinferno,long_output,632,209.95,27.88,1380.75,43,31.14,1
torchinferno,long_output,633,199.25,28.64,1430.76,44,30.75,1
torchinferno,long_output,634,201.42,29.09,1452.45,44,30.29,1
torchinferno,long_output,635,197.06,28.22,1438.67,45,31.28,1
torchinferno,long_output,636,199.37,28.32,1445.62,45,31.13,1
torchinferno,long_output,637,215.94,28.98,1462.27,44,30.09,1
torchinferno,long_output,638,154.56,28.07,1445.92,47,32.51,1
torchinferno,long_output,639,181.65,28.74,1475.05,46,31.19,1
torchinferno,long_output,640,186.41,29.55,1486.72,45,30.27,1
torchinferno,long_output,641,146.55,28.46,1455.90,47,32.28,1
torchinferno,long_output,642,170.36,28.96,1473.68,46,31.21,1
torchinferno,long_output,643,180.54,29.08,1489.25,46,30.89,1
torchinferno,long_output,644,151.25,28.64,1468.90,47,32.00,1
torchinferno,long_output,645,185.75,29.94,1592.87,48,30.13,1
torchinferno,long_output,646,161.60,30.16,1579.10,48,30.40,1
torchinferno,long_output,647,167.19,30.94,1621.48,48,29.60,1
torchinferno,long_output,648,154.22,30.68,1626.76,49,30.12,1
torchinferno,long_output,649,179.98,29.62,1601.56,49,30.60,1
torchinferno,long_output,650,168.46,29.87,1601.99,49,30.59,1
torchinferno,long_output,651,171.58,29.03,1594.23,50,31.36,1
torchinferno,long_output,652,185.75,29.20,1616.38,50,30.93,1
torchinferno,long_output,653,199.41,22.89,382.53,9,23.53,1
torchinferno,long_output,654,234.34,18.41,381.59,9,23.59,1
torchinferno,long_output,655,196.33,23.03,380.54,9,23.65,1
torchinferno,long_output,656,171.07,28.82,1583.26,50,31.58,1
torchinferno,long_output,657,187.07,22.91,393.23,10,25.43,1
torchinferno,long_output,658,146.62,28.64,1578.46,51,32.31,1
torchinferno,long_output,659,162.91,28.83,1604.30,51,31.79,1
torchinferno,long_output,660,194.94,24.55,415.87,10,24.05,1
torchinferno,long_output,661,150.96,29.06,1603.92,51,31.80,1
torchinferno,long_output,662,135.63,28.80,1604.54,52,32.41,1
torchinferno,long_output,663,132.22,29.13,1617.65,52,32.15,1
torchinferno,long_output,664,125.49,29.21,1615.04,52,32.20,1
torchinferno,long_output,665,135.65,28.51,1618.39,53,32.75,1
torchinferno,long_output,666,90.16,22.40,291.80,10,34.27,1
torchinferno,long_output,667,118.16,23.52,353.34,11,31.13,1
torchinferno,long_output,668,166.66,23.00,396.71,11,27.73,1
torchinferno,long_output,669,110.21,24.22,352.41,11,31.21,1
torchinferno,long_output,670,143.68,29.62,1683.86,53,31.48,1
torchinferno,long_output,671,139.03,24.24,405.67,12,29.58,1
torchinferno,long_output,672,140.45,26.33,430.06,12,27.90,1
torchinferno,long_output,673,119.03,24.66,414.96,13,31.33,1
torchinferno,long_output,674,160.40,28.18,470.37,12,25.51,1
torchinferno,long_output,675,218.58,29.11,1761.47,54,30.66,1
torchinferno,long_output,676,210.32,29.40,1768.74,54,30.53,1
torchinferno,long_output,677,154.92,28.96,1718.90,55,32.00,1
torchinferno,long_output,678,201.82,28.77,1755.58,55,31.33,1
torchinferno,long_output,679,240.09,30.13,1806.94,53,29.33,1
torchinferno,long_output,680,199.78,29.79,1778.48,54,30.36,1
torchinferno,long_output,681,178.25,22.56,448.98,13,28.95,1
torchinferno,long_output,682,168.43,23.55,450.98,13,28.83,1
torchinferno,long_output,683,160.26,22.66,454.87,14,30.78,1
torchinferno,long_output,684,145.41,22.68,440.21,14,31.80,1
torchinferno,long_output,685,192.30,28.04,1706.21,55,32.24,1
torchinferno,long_output,686,131.71,21.54,433.30,15,34.62,1
torchinferno,long_output,687,146.66,24.18,461.00,14,30.37,1
torchinferno,long_output,688,127.00,22.22,438.04,15,34.24,1
torchinferno,long_output,689,142.20,22.63,459.01,15,32.68,1
torchinferno,long_output,690,153.73,28.34,1712.45,56,32.70,1
torchinferno,long_output,691,176.01,28.37,1736.31,56,32.25,1
torchinferno,long_output,692,131.04,22.86,473.90,16,33.76,1
torchinferno,long_output,693,190.69,28.42,1754.01,56,31.93,1
torchinferno,long_output,694,159.85,28.34,1747.08,57,32.63,1
torchinferno,long_output,695,201.53,24.95,575.80,16,27.79,1
torchinferno,long_output,696,154.83,24.57,547.98,17,31.02,1
torchinferno,long_output,697,181.89,26.57,580.45,16,27.56,1
torchinferno,long_output,698,180.77,24.54,573.43,17,29.65,1
torchinferno,long_output,699,172.53,24.81,569.56,17,29.85,1
torchinferno,long_output,700,135.70,23.54,535.80,18,33.59,1
torchinferno,long_output,701,330.02,26.40,1808.20,57,31.52,1
torchinferno,long_output,702,117.67,24.71,537.67,18,33.48,1
torchinferno,long_output,703,116.69,25.43,548.98,18,32.79,1
torchinferno,long_output,704,486.00,25.05,1888.99,57,30.17,1
torchinferno,long_output,705,466.59,24.90,1885.73,58,30.76,1
torchinferno,long_output,706,472.40,24.94,1893.95,58,30.62,1
torchinferno,long_output,707,450.73,25.15,1884.34,58,30.78,1
torchinferno,long_output,708,434.48,24.71,1867.83,59,31.59,1
torchinferno,long_output,709,431.60,24.96,1879.47,59,31.39,1
torchinferno,long_output,710,434.39,25.07,1888.35,59,31.24,1
torchinferno,long_output,711,161.95,25.47,620.38,19,30.63,1
torchinferno,long_output,712,414.10,24.96,1886.47,60,31.81,1
torchinferno,long_output,713,431.27,24.84,1897.12,60,31.63,1
torchinferno,long_output,714,406.19,25.06,1884.71,60,31.84,1
torchinferno,long_output,715,384.13,24.77,1895.17,62,32.71,1
torchinferno,long_output,716,401.23,25.31,1920.00,61,31.77,1
torchinferno,long_output,717,401.09,25.42,1926.17,61,31.67,1
torchinferno,long_output,718,198.33,24.30,635.77,19,29.89,1
torchinferno,long_output,719,171.82,25.12,624.00,19,30.45,1
torchinferno,long_output,720,397.74,25.77,1944.15,61,31.38,1
torchinferno,long_output,721,130.74,26.40,632.24,20,31.63,1
torchinferno,long_output,722,154.32,26.63,660.28,20,30.29,1
torchinferno,long_output,723,139.25,24.74,633.97,21,33.12,1
torchinferno,long_output,724,113.32,25.68,626.94,21,33.50,1
torchinferno,long_output,725,269.07,24.40,1757.28,62,35.28,1
torchinferno,long_output,726,128.63,28.64,672.81,20,29.73,1
torchinferno,long_output,727,300.04,23.47,1755.33,63,35.89,1
torchinferno,long_output,728,133.51,26.70,667.45,21,31.46,1
torchinferno,long_output,729,263.17,24.71,1770.57,62,35.02,1
torchinferno,long_output,730,278.46,24.07,1770.70,63,35.58,1
torchinferno,long_output,731,247.47,24.52,1767.42,63,35.65,1
torchinferno,long_output,732,269.34,24.50,1812.65,64,35.31,1
torchinferno,long_output,733,246.90,24.41,759.49,22,28.97,1
torchinferno,long_output,734,219.34,25.73,759.77,22,28.96,1
torchinferno,long_output,735,187.45,25.75,728.11,22,30.22,1
torchinferno,long_output,736,170.50,25.13,723.45,23,31.79,1
torchinferno,long_output,737,176.94,25.15,730.21,23,31.50,1
torchinferno,long_output,738,186.84,25.09,738.87,23,31.13,1
torchinferno,long_output,739,241.17,25.95,1876.19,64,34.11,1
torchinferno,long_output,740,167.13,26.38,773.87,24,31.01,1
torchinferno,long_output,741,159.43,26.93,778.81,24,30.82,1
torchinferno,long_output,742,194.98,25.78,787.83,24,30.46,1
torchinferno,long_output,743,173.39,25.27,1790.48,65,36.30,1
torchinferno,long_output,744,103.60,25.32,1723.84,65,37.71,1
torchinferno,long_output,745,133.39,26.59,771.59,25,32.40,1
torchinferno,long_output,746,144.82,27.30,800.00,25,31.25,1
torchinferno,long_output,747,173.62,26.06,1815.72,64,35.25,1
torchinferno,long_output,748,149.26,27.75,815.22,25,30.67,1
torchinferno,long_output,749,255.51,24.16,1801.68,65,36.08,1
torchinferno,long_output,750,202.55,26.17,856.86,26,30.34,1
torchinferno,long_output,751,240.30,24.24,1815.87,66,36.35,1
torchinferno,long_output,752,208.31,26.78,877.78,26,29.62,1
torchinferno,long_output,753,215.72,23.91,1793.59,67,37.36,1
torchinferno,long_output,754,244.87,24.23,1819.82,66,36.27,1
torchinferno,long_output,755,211.02,26.91,883.86,26,29.42,1
torchinferno,long_output,756,264.77,24.23,1839.56,66,35.88,1
torchinferno,long_output,757,176.93,26.56,867.60,27,31.12,1
torchinferno,long_output,758,229.95,23.94,1810.27,67,37.01,1
torchinferno,long_output,759,186.72,26.94,887.11,27,30.44,1
torchinferno,long_output,760,169.85,27.27,878.94,27,30.72,1
torchinferno,long_output,761,173.71,28.14,933.48,28,30.00,1
torchinferno,long_output,762,169.33,28.57,940.63,28,29.77,1
torchinferno,long_output,763,190.60,28.90,970.92,28,28.84,1
torchinferno,long_output,764,174.49,27.24,937.15,29,30.94,1
torchinferno,long_output,765,159.12,28.13,946.64,29,30.63,1
torchinferno,long_output,766,155.65,27.18,943.99,30,31.78,1
torchinferno,long_output,767,168.26,28.59,968.89,29,29.93,1
torchinferno,long_output,768,175.35,27.28,966.39,30,31.04,1
torchinferno,long_output,769,155.66,26.44,948.93,31,32.67,1
torchinferno,long_output,770,144.16,26.77,947.32,31,32.72,1
torchinferno,long_output,771,194.82,26.70,969.04,30,30.96,1
torchinferno,long_output,772,131.74,27.31,951.17,31,32.59,1
torchinferno,long_output,773,120.07,27.18,962.55,32,33.24,1
torchinferno,long_output,774,143.94,26.63,969.62,32,33.00,1
torchinferno,long_output,775,131.94,27.51,984.63,32,32.50,1
torchinferno,long_output,776,219.76,25.89,1048.33,33,31.48,1
torchinferno,long_output,777,220.29,26.40,1065.22,33,30.98,1
torchinferno,long_output,778,228.05,26.27,1068.70,33,30.88,1
torchinferno,long_output,779,182.63,26.01,1040.94,34,32.66,1
torchinferno,long_output,780,173.10,25.88,1027.08,34,33.10,1
torchinferno,long_output,781,161.60,25.71,1035.60,35,33.80,1
torchinferno,long_output,782,154.35,26.17,1044.16,35,33.52,1
torchinferno,long_output,783,168.30,27.04,1060.71,34,32.05,1
torchinferno,long_output,784,166.28,25.88,1046.13,35,33.46,1
torchinferno,long_output,785,223.79,27.25,1177.62,36,30.57,1
torchinferno,long_output,786,217.66,26.50,1171.70,37,31.58,1
torchinferno,long_output,787,249.91,27.66,1218.06,36,29.56,1
torchinferno,long_output,788,204.30,27.29,1186.89,37,31.17,1
torchinferno,long_output,789,231.20,28.16,1216.68,36,29.59,1
torchinferno,long_output,790,201.97,26.24,1172.87,38,32.40,1
torchinferno,long_output,791,191.99,27.02,1191.61,38,31.89,1
torchinferno,long_output,792,202.66,27.13,1206.58,38,31.49,1
torchinferno,long_output,793,183.77,26.80,1202.16,39,32.44,1
torchinferno,long_output,794,234.93,28.13,1247.71,37,29.65,1
torchinferno,long_output,795,201.54,26.92,1224.31,39,31.85,1
torchinferno,long_output,796,225.76,25.50,1194.64,39,32.65,1
torchinferno,long_output,797,182.20,25.10,1161.01,40,34.45,1
torchinferno,long_output,798,168.14,24.82,1160.91,41,35.32,1
torchinferno,long_output,799,183.75,25.75,1187.91,40,33.67,1
torchinferno,long_output,800,173.67,25.38,1188.72,41,34.49,1
torchinferno,long_output,801,184.44,26.06,1200.92,40,33.31,1
torchinferno,long_output,802,171.98,25.81,1204.43,41,34.04,1
torchinferno,long_output,803,159.96,25.52,1206.26,42,34.82,1
torchinferno,long_output,804,219.72,24.34,1217.57,42,34.49,1
torchinferno,long_output,805,223.07,24.66,1234.30,42,34.03,1
torchinferno,long_output,806,198.68,24.28,1218.58,43,35.29,1
torchinferno,long_output,807,220.38,24.23,1238.14,43,34.73,1
torchinferno,long_output,808,209.60,24.16,1224.16,43,35.13,1
torchinferno,long_output,809,197.81,26.22,1325.07,44,33.21,1
torchinferno,long_output,810,175.95,26.49,1314.99,44,33.46,1
torchinferno,long_output,811,185.33,26.64,1330.80,44,33.06,1
torchinferno,long_output,812,171.83,26.25,1327.00,45,33.91,1
torchinferno,long_output,813,234.11,26.15,1384.62,45,32.50,1
torchinferno,long_output,814,217.28,26.45,1380.89,45,32.59,1
torchinferno,long_output,815,202.09,26.16,1379.29,46,33.35,1
torchinferno,long_output,816,204.16,26.34,1389.30,46,33.11,1
torchinferno,long_output,817,188.68,25.79,1375.04,47,34.18,1
torchinferno,long_output,818,218.45,25.39,1386.59,47,33.90,1
torchinferno,long_output,819,197.56,26.70,1398.91,46,32.88,1
torchinferno,long_output,820,194.57,25.97,1389.40,47,33.83,1
torchinferno,long_output,821,182.01,26.02,1405.01,48,34.16,1
torchinferno,long_output,822,182.09,26.38,1421.85,48,33.76,1
torchinferno,long_output,823,163.56,27.78,1469.11,48,32.67,1
torchinferno,long_output,824,149.98,27.94,1491.27,49,32.86,1
torchinferno,long_output,825,185.87,27.68,1514.73,49,32.35,1
torchinferno,long_output,826,163.23,26.85,1478.81,50,33.81,1
torchinferno,long_output,827,173.05,27.79,1507.06,49,32.51,1
torchinferno,long_output,828,226.39,20.62,391.33,9,23.00,1
torchinferno,long_output,829,222.22,22.63,403.24,9,22.32,1
torchinferno,long_output,830,202.33,21.13,392.46,10,25.48,1
torchinferno,long_output,831,155.45,27.31,1493.41,50,33.48,1
torchinferno,long_output,832,195.31,22.97,402.09,10,24.87,1
torchinferno,long_output,833,141.25,26.65,1473.57,51,34.61,1
torchinferno,long_output,834,180.97,19.03,371.31,11,29.62,1
torchinferno,long_output,835,153.61,27.40,1496.37,50,33.41,1
torchinferno,long_output,836,215.90,27.00,431.91,9,20.84,1
torchinferno,long_output,837,144.42,27.31,1509.76,51,33.78,1
torchinferno,long_output,838,258.92,21.27,450.34,10,22.21,1
torchinferno,long_output,839,149.72,26.74,1486.91,51,34.30,1
torchinferno,long_output,840,143.32,26.92,1516.48,52,34.29,1
torchinferno,long_output,841,131.35,27.23,1520.11,52,34.21,1
torchinferno,long_output,842,144.44,27.42,1543.07,52,33.70,1
torchinferno,long_output,843,123.65,27.39,1547.70,53,34.24,1
torchinferno,long_output,844,131.95,23.64,368.36,11,29.86,1
torchinferno,long_output,845,167.89,24.77,415.56,11,26.47,1
torchinferno,long_output,846,186.03,26.71,1575.05,53,33.65,1
torchinferno,long_output,847,204.05,26.59,1586.98,53,33.40,1
torchinferno,long_output,848,176.50,26.68,1590.52,54,33.95,1
torchinferno,long_output,849,135.81,25.65,418.01,12,28.71,1
torchinferno,long_output,850,132.84,25.70,415.51,12,28.88,1
torchinferno,long_output,851,232.40,25.18,1566.90,54,34.46,1
torchinferno,long_output,852,144.61,27.15,443.23,12,27.07,1
torchinferno,long_output,853,256.50,25.15,1589.47,54,33.97,1
torchinferno,long_output,854,272.83,24.46,1593.73,55,34.51,1
torchinferno,long_output,855,236.11,25.06,1589.20,55,34.61,1
torchinferno,long_output,856,290.11,23.98,1585.22,55,34.70,1
torchinferno,long_output,857,242.75,24.17,1572.23,56,35.62,1
torchinferno,long_output,858,208.98,24.87,1577.02,56,35.51,1
torchinferno,long_output,859,196.55,25.30,1587.84,56,35.27,1
torchinferno,long_output,860,161.21,22.70,433.57,13,29.98,1
torchinferno,long_output,861,150.41,24.24,441.30,13,29.46,1
torchinferno,long_output,862,173.68,20.49,440.03,14,31.82,1
torchinferno,long_output,863,159.38,24.71,455.89,13,28.52,1
torchinferno,long_output,864,148.07,23.11,448.56,14,31.21,1
torchinferno,long_output,865,137.54,21.61,440.04,15,34.09,1
torchinferno,long_output,866,145.75,23.62,452.85,14,30.92,1
torchinferno,long_output,867,126.72,22.03,435.09,15,34.48,1
torchinferno,long_output,868,210.97,25.31,1628.43,57,35.00,1
torchinferno,long_output,869,137.39,22.68,454.95,15,32.97,1
torchinferno,long_output,870,117.13,23.53,470.08,16,34.04,1
torchinferno,long_output,871,138.47,25.52,521.28,16,30.69,1
torchinferno,long_output,872,156.80,26.17,549.33,16,29.13,1
torchinferno,long_output,873,167.88,25.16,570.51,17,29.80,1
torchinferno,long_output,874,194.40,24.58,587.76,17,28.92,1
torchinferno,long_output,875,225.62,26.32,1699.74,57,33.53,1
torchinferno,long_output,876,240.99,26.53,1726.93,57,33.01,1
torchinferno,long_output,877,125.83,24.63,544.47,18,33.06,1
torchinferno,long_output,878,143.74,24.34,557.47,18,32.29,1
torchinferno,long_output,879,214.62,26.08,1700.96,58,34.10,1
torchinferno,long_output,880,214.44,26.39,1718.40,58,33.75,1
torchinferno,long_output,881,178.33,26.15,1695.03,59,34.81,1
torchinferno,long_output,882,111.44,26.12,555.52,18,32.40,1
torchinferno,long_output,883,165.00,27.88,611.07,17,27.82,1
torchinferno,long_output,884,403.68,24.25,1785.96,58,32.48,1
torchinferno,long_output,885,173.89,23.50,596.97,19,31.83,1
torchinferno,long_output,886,354.05,24.56,1778.64,59,33.17,1
torchinferno,long_output,887,140.63,24.29,577.85,19,32.88,1
torchinferno,long_output,888,162.37,24.33,600.33,19,31.65,1
torchinferno,long_output,889,373.87,24.54,1796.93,59,32.83,1
torchinferno,long_output,890,327.13,25.28,1818.88,60,32.99,1
torchinferno,long_output,891,261.77,25.00,1761.90,61,34.62,1
torchinferno,long_output,892,326.04,25.31,1819.06,60,32.98,1
torchinferno,long_output,893,258.36,24.74,1767.40,62,35.08,1
torchinferno,long_output,894,341.21,25.68,1856.19,60,32.32,1
torchinferno,long_output,895,283.24,25.36,1805.02,61,33.79,1
torchinferno,long_output,896,269.02,24.63,1771.59,62,35.00,1
torchinferno,long_output,897,233.16,25.30,1776.51,62,34.90,1
torchinferno,long_output,898,285.81,25.87,1837.73,61,33.19,1
torchinferno,long_output,899,224.96,24.93,1770.55,63,35.58,1
torchinferno,long_output,900,213.17,25.10,1769.50,63,35.60,1
torchinferno,long_output,901,166.40,26.78,675.17,20,29.62,1
torchinferno,long_output,902,152.31,27.02,665.61,20,30.05,1
torchinferno,long_output,903,169.00,27.47,690.99,20,28.94,1
torchinferno,long_output,904,130.93,26.44,659.82,21,31.83,1
torchinferno,long_output,905,114.49,25.62,652.47,22,33.72,1
torchinferno,long_output,906,108.08,26.11,656.50,22,33.51,1
torchinferno,long_output,907,117.93,27.58,669.49,21,31.37,1
torchinferno,long_output,908,135.27,28.02,695.60,21,30.19,1
torchinferno,long_output,909,264.03,24.43,1778.70,63,35.42,1
torchinferno,long_output,910,265.04,24.92,1834.90,64,34.88,1
torchinferno,long_output,911,234.15,25.41,1835.02,64,34.88,1
torchinferno,long_output,912,249.28,25.15,1833.69,64,34.90,1
torchinferno,long_output,913,235.77,25.03,1837.50,65,35.37,1
torchinferno,long_output,914,213.99,26.52,770.81,22,28.54,1
torchinferno,long_output,915,197.70,25.84,766.22,23,30.02,1
torchinferno,long_output,916,206.23,26.35,785.84,23,29.27,1
torchinferno,long_output,917,226.05,25.71,791.66,23,29.05,1
torchinferno,long_output,918,201.38,26.49,810.55,24,29.61,1
torchinferno,long_output,919,183.11,27.55,816.65,24,29.39,1
torchinferno,long_output,920,217.04,25.50,1849.25,65,35.15,1
torchinferno,long_output,921,178.13,26.67,818.11,25,30.56,1
torchinferno,long_output,922,187.81,28.24,837.26,24,28.66,1
torchinferno,long_output,923,153.69,26.48,815.60,26,31.88,1
torchinferno,long_output,924,227.52,25.75,1875.33,65,34.66,1
torchinferno,long_output,925,165.62,27.97,836.78,25,29.88,1
torchinferno,long_output,926,158.26,27.28,840.21,26,30.94,1
torchinferno,long_output,927,211.21,25.59,1874.60,66,35.21,1
torchinferno,long_output,928,177.92,28.42,860.10,25,29.07,1
torchinferno,long_output,929,230.89,25.52,1889.90,66,34.92,1
torchinferno,long_output,930,185.86,27.02,861.36,26,30.18,1
torchinferno,long_output,931,237.94,24.34,1820.30,66,36.26,1
torchinferno,long_output,932,219.51,24.11,1810.61,67,37.00,1
torchinferno,long_output,933,200.24,26.82,897.55,27,30.08,1
torchinferno,long_output,934,238.74,24.29,1841.68,67,36.38,1
torchinferno,long_output,935,165.47,27.91,891.17,27,30.30,1
torchinferno,long_output,936,179.28,27.94,905.80,27,29.81,1
torchinferno,long_output,937,184.02,27.18,917.98,28,30.50,1
torchinferno,long_output,938,189.16,27.13,921.80,28,30.38,1
torchinferno,long_output,939,171.55,26.82,922.57,29,31.43,1
torchinferno,long_output,940,185.18,27.87,937.54,28,29.87,1
torchinferno,long_output,941,172.32,25.60,914.82,30,32.79,1
torchinferno,long_output,942,168.64,27.51,938.99,29,30.88,1
torchinferno,long_output,943,174.89,27.22,937.07,29,30.95,1
torchinferno,long_output,944,150.75,26.84,929.05,30,32.29,1
torchinferno,long_output,945,195.69,26.46,963.05,30,31.15,1
torchinferno,long_output,946,139.49,26.68,940.02,31,32.98,1
torchinferno,long_output,947,189.63,25.64,958.96,31,32.33,1
torchinferno,long_output,948,183.59,24.63,922.52,31,33.60,1
torchinferno,long_output,949,170.63,24.41,927.23,32,34.51,1
torchinferno,long_output,950,170.71,24.41,927.44,32,34.50,1
torchinferno,long_output,951,165.96,24.74,932.81,32,34.31,1
torchinferno,long_output,952,171.24,24.23,946.59,33,34.86,1
torchinferno,long_output,953,163.83,24.95,962.27,33,34.29,1
torchinferno,long_output,954,228.98,21.85,928.15,33,35.55,1
torchinferno,long_output,955,199.33,21.73,916.32,34,37.11,1
torchinferno,long_output,956,231.11,21.29,933.72,34,36.41,1
torchinferno,long_output,957,232.58,21.35,937.26,34,36.28,1
torchinferno,long_output,958,178.67,21.57,912.22,35,38.37,1
torchinferno,long_output,959,190.40,21.65,926.64,35,37.77,1
torchinferno,long_output,960,191.90,21.72,930.48,35,37.62,1
torchinferno,long_output,961,180.58,20.78,907.74,36,39.66,1
torchinferno,long_output,962,183.36,21.19,924.96,36,38.92,1
torchinferno,long_output,963,162.67,21.51,915.42,36,39.33,1
torchinferno,long_output,964,153.09,21.10,912.78,37,40.54,1
torchinferno,long_output,965,252.66,19.19,943.33,37,39.22,1
torchinferno,long_output,966,263.43,18.64,934.54,37,39.59,1
torchinferno,long_output,967,239.15,18.88,937.56,38,40.53,1
torchinferno,long_output,968,272.06,17.52,920.35,38,41.29,1
torchinferno,long_output,969,238.25,19.07,943.75,38,40.27,1
torchinferno,long_output,970,207.60,18.86,924.39,39,42.19,1
torchinferno,long_output,971,204.13,18.75,916.46,39,42.55,1
torchinferno,long_output,972,211.75,18.95,931.91,39,41.85,1
torchinferno,long_output,973,200.67,18.70,930.12,40,43.01,1
torchinferno,long_output,974,223.89,17.53,907.40,40,44.08,1
torchinferno,long_output,975,223.64,17.44,903.67,40,44.26,1
torchinferno,long_output,976,222.61,17.14,908.04,41,45.15,1
torchinferno,long_output,977,186.48,17.28,877.88,41,46.70,1
torchinferno,long_output,978,220.84,17.17,907.74,41,45.17,1
torchinferno,long_output,979,169.57,17.03,867.93,42,48.39,1
torchinferno,long_output,980,171.16,17.15,874.30,42,48.04,1
torchinferno,long_output,981,161.31,17.30,870.48,42,48.25,1
torchinferno,long_output,982,216.45,15.18,854.11,43,50.35,1
torchinferno,long_output,983,221.21,15.44,869.54,43,49.45,1
torchinferno,long_output,984,219.58,15.58,873.89,43,49.21,1
torchinferno,long_output,985,198.21,15.24,853.45,44,51.56,1
torchinferno,long_output,986,206.35,15.28,863.47,44,50.96,1
torchinferno,long_output,987,212.62,14.85,851.36,44,51.68,1
torchinferno,long_output,988,183.39,15.31,857.06,45,52.50,1
torchinferno,long_output,989,173.30,15.26,844.69,45,53.27,1
torchinferno,long_output,990,185.07,15.18,852.91,45,52.76,1
torchinferno,long_output,991,168.62,15.12,848.96,46,54.18,1
torchinferno,long_output,992,169.75,14.91,840.73,46,54.71,1
torchinferno,long_output,993,168.32,15.08,847.06,46,54.31,1
torchinferno,long_output,994,151.68,15.15,848.56,47,55.39,1
torchinferno,long_output,995,190.64,14.03,836.23,47,56.20,1
torchinferno,long_output,996,178.35,13.97,821.12,47,57.24,1
torchinferno,long_output,997,169.16,14.00,827.16,48,58.03,1
torchinferno,long_output,998,161.94,13.98,818.93,48,58.61,1
torchinferno,long_output,999,128.57,15.33,848.97,48,56.54,1
vllm,few_shot,0,213.60,0.00,213.76,1,4.68,1
vllm,few_shot,1,206.61,0.00,209.93,1,4.76,1
vllm,few_shot,2,222.35,0.00,226.18,1,4.42,1
vllm,few_shot,3,216.53,0.00,220.35,1,4.54,1
vllm,few_shot,4,211.44,0.00,215.73,1,4.64,1
vllm,few_shot,5,206.89,0.00,211.76,1,4.72,1
vllm,few_shot,6,221.73,0.00,225.70,1,4.43,1
vllm,few_shot,7,208.30,0.00,212.73,1,4.70,1
vllm,few_shot,8,216.76,0.00,216.87,1,4.61,1
vllm,few_shot,9,219.12,0.00,232.20,1,4.31,1
vllm,few_shot,10,233.14,0.00,237.48,1,4.21,1
vllm,few_shot,11,231.85,0.00,242.31,1,4.13,1
vllm,few_shot,12,220.34,0.00,227.01,1,4.41,1
vllm,few_shot,13,218.63,0.00,218.93,1,4.57,1
vllm,few_shot,14,214.88,25.97,240.85,2,8.30,1
vllm,few_shot,15,211.38,27.80,239.18,2,8.36,1
vllm,few_shot,16,215.53,32.90,248.43,2,8.05,1
vllm,few_shot,17,239.22,0.00,252.25,1,3.96,1
vllm,few_shot,18,228.36,30.18,258.54,2,7.74,1
vllm,few_shot,19,224.65,0.00,243.79,1,4.10,1
vllm,few_shot,20,230.50,0.00,249.46,1,4.01,1
vllm,few_shot,21,230.14,33.25,263.40,2,7.59,1
vllm,few_shot,22,238.96,36.78,275.74,2,7.25,1
vllm,few_shot,23,234.41,34.31,268.72,2,7.44,1
vllm,few_shot,24,229.61,35.35,264.97,2,7.55,1
vllm,few_shot,25,238.07,0.00,265.15,1,3.77,1
vllm,few_shot,26,240.27,35.74,276.00,2,7.25,1
vllm,few_shot,27,238.91,0.00,259.42,1,3.85,1
vllm,few_shot,28,227.87,41.08,268.95,2,7.44,1
vllm,few_shot,29,255.67,0.00,275.65,1,3.63,1
vllm,few_shot,30,237.66,0.00,267.03,1,3.74,1
vllm,few_shot,31,228.54,86.31,314.85,2,6.35,1
vllm,few_shot,32,246.72,0.00,310.50,1,3.22,1
vllm,few_shot,33,251.38,0.00,313.65,1,3.19,1
vllm,few_shot,34,241.99,0.00,307.97,1,3.25,1
vllm,few_shot,35,230.81,92.55,323.36,2,6.19,1
vllm,few_shot,36,237.38,0.00,309.17,1,3.23,1
vllm,few_shot,37,248.85,0.00,323.39,1,3.09,1
vllm,few_shot,38,242.84,0.00,311.84,1,3.21,1
vllm,few_shot,39,250.33,0.00,325.50,1,3.07,1
vllm,few_shot,40,242.01,0.00,321.19,1,3.11,1
vllm,few_shot,41,237.28,101.09,338.37,2,5.91,1
vllm,few_shot,42,284.74,0.00,309.74,1,3.23,1
vllm,few_shot,43,240.22,89.61,329.83,2,6.06,1
vllm,few_shot,44,294.03,0.00,310.92,1,3.22,1
vllm,few_shot,45,291.44,0.00,308.82,1,3.24,1
vllm,few_shot,46,156.21,0.00,181.36,1,5.51,1
vllm,few_shot,47,277.66,0.00,310.42,1,3.22,1
vllm,few_shot,48,297.68,0.00,327.10,1,3.06,1
vllm,few_shot,49,150.39,0.00,187.70,1,5.33,1
vllm,few_shot,50,278.12,0.00,311.00,1,3.22,1
vllm,few_shot,51,140.91,0.00,174.35,1,5.74,1
vllm,few_shot,52,148.67,0.00,188.37,1,5.31,1
vllm,few_shot,53,245.64,103.11,348.75,2,5.73,1
vllm,few_shot,54,309.64,0.00,333.86,1,3.00,1
vllm,few_shot,55,289.62,0.00,333.57,1,3.00,1
vllm,few_shot,56,297.17,45.17,342.35,2,5.84,1
vllm,few_shot,57,298.24,40.00,338.24,2,5.91,1
vllm,few_shot,58,129.00,0.00,148.39,1,6.74,1
vllm,few_shot,59,270.85,49.94,320.79,2,6.23,1
vllm,few_shot,60,278.59,49.98,328.57,2,6.09,1
vllm,few_shot,61,283.97,53.15,337.12,2,5.93,1
vllm,few_shot,62,130.12,0.00,130.34,1,7.67,1
vllm,few_shot,63,138.86,54.51,193.37,2,10.34,1
vllm,few_shot,64,117.64,0.00,153.48,1,6.52,1
vllm,few_shot,65,284.72,44.96,329.69,2,6.07,1
vllm,few_shot,66,165.92,0.00,205.71,1,4.86,1
vllm,few_shot,67,290.07,58.92,348.98,2,5.73,1
vllm,few_shot,68,133.14,39.62,172.77,2,11.58,1
vllm,few_shot,69,169.46,0.00,206.24,1,4.85,1
vllm,few_shot,70,129.59,0.00,143.42,1,6.97,1
vllm,few_shot,71,297.06,65.88,362.94,2,5.51,1
vllm,few_shot,72,172.48,29.89,202.37,2,9.88,1
vllm,few_shot,73,173.50,0.00,215.08,1,4.65,1
vllm,few_shot,74,103.23,22.54,125.77,2,15.90,1
vllm,few_shot,75,102.26,27.09,129.35,2,15.46,1
vllm,few_shot,76,145.49,0.00,145.71,1,6.86,1
vllm,few_shot,77,278.49,67.84,346.33,2,5.77,1
vllm,few_shot,78,136.05,50.38,186.43,2,10.73,1
vllm,few_shot,79,291.11,75.04,366.15,2,5.46,1
vllm,few_shot,80,290.02,67.86,357.88,2,5.59,1
vllm,few_shot,81,135.19,0.00,135.46,1,7.38,1
vllm,few_shot,82,167.19,0.00,227.41,1,4.40,1
vllm,few_shot,83,127.53,0.00,163.13,1,6.13,1
vllm,few_shot,84,107.11,0.00,143.22,1,6.98,1
vllm,few_shot,85,74.24,0.00,74.46,1,13.43,1
vllm,few_shot,86,125.06,45.17,170.23,2,11.75,1
vllm,few_shot,87,84.02,0.00,87.22,1,11.46,1
vllm,few_shot,88,163.55,0.00,233.37,1,4.28,1
vllm,few_shot,89,142.55,6.57,149.13,2,13.41,1
vllm,few_shot,90,119.32,0.00,170.95,1,5.85,1
vllm,few_shot,91,68.30,0.00,94.67,1,10.56,1
vllm,few_shot,92,294.99,89.72,384.72,2,5.20,1
vllm,few_shot,93,161.60,80.81,242.41,2,8.25,1
vllm,few_shot,94,146.97,36.59,183.56,2,10.90,1
vllm,few_shot,95,156.17,0.00,175.23,1,5.71,1
vllm,few_shot,96,178.04,0.00,248.28,1,4.03,1
vllm,few_shot,97,170.32,84.54,254.86,2,7.85,1
vllm,few_shot,98,85.21,0.00,103.56,1,9.66,1
vllm,few_shot,99,96.23,0.00,111.62,1,8.96,1
vllm,few_shot,100,77.96,32.89,110.85,2,18.04,1
vllm,few_shot,101,87.26,0.00,109.88,1,9.10,1
vllm,few_shot,102,96.70,0.00,109.69,1,9.12,1
vllm,few_shot,103,101.46,27.71,129.17,2,15.48,1
vllm,few_shot,104,94.74,0.00,107.64,1,9.29,1
vllm,few_shot,105,95.24,35.67,130.91,2,15.28,1
vllm,few_shot,106,136.93,0.00,159.24,1,6.28,1
vllm,few_shot,107,113.61,0.00,137.51,1,7.27,1
vllm,few_shot,108,126.46,30.26,156.72,2,12.76,1
vllm,few_shot,109,127.71,0.00,141.92,1,7.05,1
vllm,few_shot,110,105.30,32.42,137.72,2,14.52,1
vllm,few_shot,111,107.12,0.00,127.59,1,7.84,1
vllm,few_shot,112,115.12,36.18,151.30,2,13.22,1
vllm,few_shot,113,119.12,0.00,140.96,1,7.09,1
vllm,few_shot,114,112.10,0.00,125.08,1,8.00,1
vllm,few_shot,115,110.81,23.87,134.68,2,14.85,1
vllm,few_shot,116,104.35,30.73,135.08,2,14.81,1
vllm,few_shot,117,137.53,0.00,151.98,1,6.58,1
vllm,few_shot,118,144.40,0.00,155.67,1,6.42,1
vllm,few_shot,119,136.01,0.00,188.95,1,5.29,1
vllm,few_shot,120,109.00,0.00,173.04,1,5.78,1
vllm,few_shot,121,153.75,0.00,218.20,1,4.58,1
vllm,few_shot,122,146.19,82.36,228.55,2,8.75,1
vllm,few_shot,123,131.28,84.71,215.99,2,9.26,1
vllm,few_shot,124,116.50,0.00,189.30,1,5.28,1
vllm,few_shot,125,176.21,0.00,242.05,1,4.13,1
vllm,few_shot,126,132.55,121.83,254.37,2,7.86,1
vllm,few_shot,127,137.05,128.52,265.57,2,7.53,1
vllm,few_shot,128,190.71,0.00,254.09,1,3.94,1
vllm,few_shot,129,150.94,0.00,217.95,1,4.59,1
vllm,few_shot,130,208.56,0.00,274.92,1,3.64,1
vllm,few_shot,131,190.00,0.00,254.74,1,3.93,1
vllm,few_shot,132,168.99,0.00,236.52,1,4.23,1
vllm,few_shot,133,184.98,0.00,252.33,1,3.96,1
vllm,few_shot,134,230.60,0.00,298.55,1,3.35,1
vllm,few_shot,135,155.80,0.00,229.36,1,4.36,1
vllm,few_shot,136,177.59,0.00,247.13,1,4.05,1
vllm,few_shot,137,222.73,0.00,222.98,1,4.48,1
vllm,few_shot,138,182.52,0.00,265.34,1,3.77,1
vllm,few_shot,139,210.61,85.23,295.84,2,6.76,1
vllm,few_shot,140,204.23,0.00,228.21,1,4.38,1
vllm,few_shot,141,176.40,82.90,259.29,2,7.71,1
vllm,few_shot,142,184.48,89.65,274.13,2,7.30,1
vllm,few_shot,143,249.77,0.00,278.36,1,3.59,1
vllm,few_shot,144,182.29,79.18,261.47,2,7.65,1
vllm,few_shot,145,188.82,0.00,221.05,1,4.52,1
vllm,few_shot,146,140.54,0.00,176.86,1,5.65,1
vllm,few_shot,147,153.37,0.00,242.81,1,4.12,1
vllm,few_shot,148,172.38,98.65,271.03,2,7.38,1
vllm,few_shot,149,163.19,23.96,187.15,2,10.69,1
vllm,few_shot,150,177.24,44.97,267.17,3,11.23,0
vllm,few_shot,151,199.02,95.54,294.55,2,6.79,1
vllm,few_shot,152,153.54,99.29,252.83,2,7.91,1
vllm,few_shot,153,153.98,0.00,163.90,1,6.10,1
vllm,few_shot,154,212.23,47.98,260.20,2,7.69,1
vllm,few_shot,155,167.61,40.39,208.00,2,9.62,1
vllm,few_shot,156,192.98,0.00,237.23,1,4.22,1
vllm,few_shot,157,142.62,0.00,171.90,1,5.82,1
vllm,few_shot,158,142.79,0.00,192.10,1,5.21,1
vllm,few_shot,159,220.28,0.00,258.46,1,3.87,1
vllm,few_shot,160,180.86,110.78,291.64,2,6.86,1
vllm,few_shot,161,187.40,56.21,243.61,2,8.21,1
vllm,few_shot,162,100.32,0.00,108.76,1,9.19,1
vllm,few_shot,163,240.23,40.61,280.85,2,7.12,1
vllm,few_shot,164,88.50,19.23,107.73,2,18.57,1
vllm,few_shot,165,220.89,58.81,279.69,2,7.15,1
vllm,few_shot,166,100.41,23.27,123.68,2,16.17,1
vllm,few_shot,167,187.28,5.10,192.38,2,10.40,1
vllm,few_shot,168,120.65,0.00,125.57,1,7.96,1
vllm,few_shot,169,186.89,0.00,247.85,1,4.03,1
vllm,few_shot,170,166.06,35.12,201.18,2,9.94,1
vllm,few_shot,171,160.79,123.80,284.59,2,7.03,1
vllm,few_shot,172,194.75,10.06,204.81,2,9.77,1
vllm,few_shot,173,255.35,75.35,330.70,2,6.05,1
vllm,few_shot,174,99.20,24.51,123.71,2,16.17,1
vllm,few_shot,175,243.63,27.90,271.53,2,7.37,1
vllm,few_shot,176,184.34,0.00,194.57,1,5.14,1
vllm,few_shot,177,184.24,23.26,207.50,2,9.64,1
vllm,few_shot,178,186.20,132.53,318.73,2,6.27,1
vllm,few_shot,179,177.25,18.79,196.04,2,10.20,1
vllm,few_shot,180,164.97,34.24,199.21,2,10.04,1
vllm,few_shot,181,151.73,0.00,210.40,1,4.75,1
vllm,few_shot,182,149.34,64.09,213.43,2,9.37,1
vllm,few_shot,183,243.65,76.51,320.16,2,6.25,1
vllm,few_shot,184,229.03,84.56,313.59,2,6.38,1
vllm,few_shot,185,129.62,0.00,149.75,1,6.68,1
vllm,few_shot,186,207.34,92.79,300.13,2,6.66,1
vllm,few_shot,187,180.38,0.00,275.18,1,3.63,1
vllm,few_shot,188,150.89,0.00,236.64,1,4.23,1
vllm,few_shot,189,79.86,10.54,90.41,2,22.12,1
vllm,few_shot,190,86.13,0.00,97.92,1,10.21,1
vllm,few_shot,191,81.74,0.00,94.75,1,10.55,1
vllm,few_shot,192,115.20,0.00,123.51,1,8.10,1
vllm,few_shot,193,111.39,0.00,122.56,1,8.16,1
vllm,few_shot,194,117.79,26.08,143.88,2,13.90,1
vllm,few_shot,195,148.18,0.00,156.83,1,6.38,1
vllm,few_shot,196,127.86,0.00,140.95,1,7.09,1
vllm,few_shot,197,103.53,0.00,116.12,1,8.61,1
vllm,few_shot,198,144.85,0.00,161.20,1,6.20,1
vllm,few_shot,199,131.69,0.00,147.80,1,6.77,1
vllm,few_shot,200,122.85,0.00,143.37,1,6.98,1
vllm,few_shot,201,156.21,0.00,176.75,1,5.66,1
vllm,few_shot,202,137.67,0.00,168.09,1,5.95,1
vllm,few_shot,203,132.53,0.00,164.37,1,6.08,1
vllm,few_shot,204,123.28,0.00,155.01,1,6.45,1
vllm,few_shot,205,86.12,51.46,137.59,2,14.54,1
vllm,few_shot,206,134.76,0.00,170.76,1,5.86,1
vllm,few_shot,207,168.82,0.00,207.46,1,4.82,1
vllm,few_shot,208,166.33,0.00,217.82,1,4.59,1
vllm,few_shot,209,149.54,90.62,240.17,2,8.33,1
vllm,few_shot,210,118.56,92.39,210.96,2,9.48,1
vllm,few_shot,211,143.23,0.00,207.66,1,4.82,1
vllm,few_shot,212,165.35,0.00,226.94,1,4.41,1
vllm,few_shot,213,189.28,0.00,255.60,1,3.91,1
vllm,few_shot,214,164.37,95.71,260.08,2,7.69,1
vllm,few_shot,215,132.72,0.00,206.29,1,4.85,1
vllm,few_shot,216,142.88,0.00,212.41,1,4.71,1
vllm,few_shot,217,147.75,0.00,226.42,1,4.42,1
vllm,few_shot,218,181.15,0.00,200.06,1,5.00,1
vllm,few_shot,219,171.83,0.00,250.66,1,3.99,1
vllm,few_shot,220,195.23,0.00,276.28,1,3.62,1
vllm,few_shot,221,164.08,0.00,247.33,1,4.04,1
vllm,few_shot,222,235.28,0.00,259.47,1,3.85,1
vllm,few_shot,223,191.77,0.00,222.77,1,4.49,1
vllm,few_shot,224,177.66,0.00,263.47,1,3.80,1
vllm,few_shot,225,141.88,0.00,220.40,1,4.54,1
vllm,few_shot,226,125.43,34.13,159.56,2,12.53,1
vllm,few_shot,227,200.03,0.00,222.10,1,4.50,1
vllm,few_shot,228,197.66,0.00,217.63,1,4.59,1
vllm,few_shot,229,191.78,82.38,274.16,2,7.29,1
vllm,few_shot,230,184.86,0.00,210.77,1,4.74,1
vllm,few_shot,231,200.33,0.00,230.55,1,4.34,1
vllm,few_shot,232,142.54,0.00,167.45,1,5.97,1
vllm,few_shot,233,170.29,0.00,209.01,1,4.78,1
vllm,few_shot,234,95.97,0.00,96.20,1,10.40,1
vllm,few_shot,235,203.24,34.97,238.21,2,8.40,1
vllm,few_shot,236,188.51,103.80,292.31,2,6.84,1
vllm,few_shot,237,137.86,0.00,142.84,1,7.00,1
vllm,few_shot,238,175.91,101.72,277.63,2,7.20,1
vllm,few_shot,239,138.30,108.65,246.95,2,8.10,1
vllm,few_shot,240,120.10,29.77,149.87,2,13.35,1
vllm,few_shot,241,232.02,0.00,262.56,1,3.81,1
vllm,few_shot,242,182.37,0.00,233.40,1,4.28,1
vllm,few_shot,243,162.34,0.00,216.64,1,4.62,1
vllm,few_shot,244,183.21,58.91,242.12,2,8.26,1
vllm,few_shot,245,99.84,0.00,109.96,1,9.09,1
vllm,few_shot,246,234.85,0.00,279.52,1,3.58,1
vllm,few_shot,247,173.16,62.14,235.30,2,8.50,1
vllm,few_shot,248,249.80,0.36,250.17,2,7.99,1
vllm,few_shot,249,173.87,115.73,289.60,2,6.91,1
vllm,few_shot,250,98.87,47.48,146.35,2,13.67,1
vllm,few_shot,251,151.59,53.91,205.50,2,9.73,1
vllm,few_shot,252,95.17,0.00,115.62,1,8.65,1
vllm,few_shot,253,177.91,0.00,240.15,1,4.16,1
vllm,few_shot,254,115.73,0.00,172.53,1,5.80,1
vllm,few_shot,255,137.42,72.23,209.65,2,9.54,1
vllm,few_shot,256,182.63,66.50,249.14,2,8.03,1
vllm,few_shot,257,183.94,65.28,249.23,2,8.02,1
vllm,few_shot,258,226.01,0.00,265.71,1,3.76,1
vllm,few_shot,259,201.28,0.00,277.48,1,3.60,1
vllm,few_shot,260,220.75,68.03,288.78,2,6.93,1
vllm,few_shot,261,119.18,0.00,191.59,1,5.22,1
vllm,few_shot,262,92.82,33.15,125.97,2,15.88,1
vllm,few_shot,263,135.24,0.00,163.41,1,6.12,1
vllm,few_shot,264,146.23,140.20,286.43,2,6.98,1
vllm,few_shot,265,121.51,141.33,262.84,2,7.61,1
vllm,few_shot,266,135.55,0.00,135.78,1,7.37,1
vllm,few_shot,267,126.62,144.56,271.18,2,7.38,1
vllm,few_shot,268,160.81,5.90,166.71,2,12.00,1
vllm,few_shot,269,150.27,146.06,296.32,2,6.75,1
vllm,few_shot,270,176.14,1.24,177.38,2,11.28,1
vllm,few_shot,271,123.80,8.50,217.29,12,55.23,0
vllm,few_shot,272,136.72,0.00,159.53,1,6.27,1
vllm,few_shot,273,126.21,29.15,155.35,2,12.87,0
vllm,few_shot,274,129.88,0.00,145.63,1,6.87,1
vllm,few_shot,275,123.49,38.07,161.56,2,12.38,1
vllm,few_shot,276,142.47,38.68,181.15,2,11.04,1
vllm,few_shot,277,149.67,0.00,182.32,1,5.48,1
vllm,few_shot,278,163.81,0.00,196.49,1,5.09,1
vllm,few_shot,279,130.04,0.00,163.61,1,6.11,1
vllm,few_shot,280,122.95,0.00,158.68,1,6.30,1
vllm,few_shot,281,163.10,0.00,197.52,1,5.06,1
vllm,few_shot,282,120.83,0.00,160.99,1,6.21,1
vllm,few_shot,283,152.78,0.00,210.40,1,4.75,1
vllm,few_shot,284,138.23,0.00,194.31,1,5.15,1
vllm,few_shot,285,168.12,0.00,229.40,1,4.36,1
vllm,few_shot,286,206.42,0.00,265.36,1,3.77,1
vllm,few_shot,287,133.56,0.00,193.71,1,5.16,1
vllm,few_shot,288,170.75,0.00,233.26,1,4.29,1
vllm,few_shot,289,106.10,93.74,199.84,2,10.01,1
vllm,few_shot,290,182.83,0.00,188.02,1,5.32,1
vllm,few_shot,291,163.21,0.00,230.73,1,4.33,1
vllm,few_shot,292,187.39,0.00,196.52,1,5.09,1
vllm,few_shot,293,173.40,66.38,239.77,2,8.34,1
vllm,few_shot,294,121.15,0.00,201.03,1,4.97,1
vllm,few_shot,295,208.24,0.00,218.33,1,4.58,1
vllm,few_shot,296,237.02,0.00,242.32,1,4.13,1
vllm,few_shot,297,107.62,0.00,118.13,1,8.47,1
vllm,few_shot,298,174.43,0.00,255.56,1,3.91,1
vllm,few_shot,299,157.76,75.11,232.87,2,8.59,1
vllm,few_shot,300,153.26,112.00,265.26,2,7.54,1
vllm,few_shot,301,220.60,0.00,225.47,1,4.44,1
vllm,few_shot,302,178.89,0.00,213.90,1,4.68,1
vllm,few_shot,303,150.14,78.71,228.85,2,8.74,1
vllm,few_shot,304,194.22,37.43,231.65,2,8.63,1
vllm,few_shot,305,237.20,0.00,252.17,1,3.97,1
vllm,few_shot,306,174.81,86.98,261.79,2,7.64,1
vllm,few_shot,307,148.08,59.91,267.91,3,11.20,1
vllm,few_shot,308,235.33,42.98,278.31,2,7.19,1
vllm,few_shot,309,210.97,38.87,249.84,2,8.00,1
vllm,few_shot,310,176.31,0.00,272.59,1,3.67,1
vllm,few_shot,311,173.27,0.00,206.81,1,4.84,1
vllm,few_shot,312,198.40,0.00,232.45,1,4.30,1
vllm,few_shot,313,134.19,129.45,263.64,2,7.59,1
vllm,few_shot,314,200.15,34.53,234.68,2,8.52,1
vllm,few_shot,315,181.59,0.00,225.86,1,4.43,1
vllm,few_shot,316,201.86,50.47,252.33,2,7.93,1
vllm,few_shot,317,125.76,4.95,130.70,2,15.30,1
vllm,few_shot,318,210.46,0.00,235.80,1,4.24,1
vllm,few_shot,319,188.03,47.59,235.62,2,8.49,0
vllm,few_shot,320,94.16,0.00,98.67,1,10.13,1
vllm,few_shot,321,115.06,0.36,115.42,2,17.33,1
vllm,few_shot,322,112.31,0.00,226.06,1,4.42,1
vllm,few_shot,323,227.16,58.10,285.26,2,7.01,1
vllm,few_shot,324,100.60,9.52,110.12,2,18.16,1
vllm,few_shot,325,261.20,0.00,290.94,1,3.44,1
vllm,few_shot,326,208.64,24.86,233.49,2,8.57,1
vllm,few_shot,327,200.21,0.00,256.06,1,3.91,1
vllm,few_shot,328,141.78,0.00,146.51,1,6.83,1
vllm,few_shot,329,160.72,0.00,280.53,1,3.56,1
vllm,few_shot,330,176.29,0.00,299.18,1,3.34,1
vllm,few_shot,331,199.23,66.34,265.57,2,7.53,1
vllm,few_shot,332,258.73,56.31,315.04,2,6.35,1
vllm,few_shot,333,184.21,69.28,253.50,2,7.89,1
vllm,few_shot,334,127.02,0.00,131.40,1,7.61,1
vllm,few_shot,335,198.23,0.00,327.37,1,3.05,1
vllm,few_shot,336,94.01,29.96,123.97,2,16.13,1
vllm,few_shot,337,119.63,4.49,124.12,2,16.11,1
vllm,few_shot,338,179.97,0.00,248.44,1,4.03,1
vllm,few_shot,339,156.63,57.90,330.32,4,12.11,1
vllm,few_shot,340,126.39,0.00,126.61,1,7.90,1
vllm,few_shot,341,180.56,74.58,255.15,2,7.84,1
vllm,few_shot,342,223.56,0.00,274.48,1,3.64,1
vllm,few_shot,343,174.69,83.90,258.59,2,7.73,1
vllm,few_shot,344,123.79,0.00,136.41,1,7.33,1
vllm,few_shot,345,136.07,0.00,277.69,1,3.60,1
vllm,few_shot,346,103.71,74.36,178.08,2,11.23,1
vllm,few_shot,347,97.64,19.72,117.36,2,17.04,1
vllm,few_shot,348,68.03,0.00,78.36,1,12.76,1
vllm,few_shot,349,100.87,26.07,126.94,2,15.76,1
vllm,few_shot,350,125.24,0.00,139.53,1,7.17,1
vllm,few_shot,351,130.25,0.00,149.53,1,6.69,1
vllm,few_shot,352,105.53,0.00,123.96,1,8.07,1
vllm,few_shot,353,124.55,0.00,146.60,1,6.82,1
vllm,few_shot,354,167.20,0.00,182.51,1,5.48,1
vllm,few_shot,355,165.12,0.00,182.10,1,5.49,1
vllm,few_shot,356,167.28,0.00,183.12,1,5.46,1
vllm,few_shot,357,178.02,0.00,192.81,1,5.19,1
vllm,few_shot,358,192.35,0.00,209.50,1,4.77,1
vllm,few_shot,359,180.11,0.00,202.50,1,4.94,1
vllm,few_shot,360,206.32,0.00,228.18,1,4.38,1
vllm,few_shot,361,198.56,0.00,226.88,1,4.41,1
vllm,few_shot,362,158.55,0.00,183.55,1,5.45,1
vllm,few_shot,363,180.15,0.00,203.52,1,4.91,1
vllm,few_shot,364,149.82,0.00,178.23,1,5.61,1
vllm,few_shot,365,164.70,0.00,189.18,1,5.29,1
vllm,few_shot,366,143.59,0.00,170.22,1,5.87,1
vllm,few_shot,367,156.35,0.00,192.85,1,5.19,1
vllm,few_shot,368,202.89,0.00,239.13,1,4.18,1
vllm,few_shot,369,178.28,0.00,231.70,1,4.32,1
vllm,few_shot,370,150.96,71.49,222.45,2,8.99,1
vllm,few_shot,371,140.62,44.65,274.57,4,14.57,0
vllm,few_shot,372,133.92,73.36,207.28,2,9.65,1
vllm,few_shot,373,150.29,81.23,231.52,2,8.64,1
vllm,few_shot,374,193.44,77.35,270.79,2,7.39,1
vllm,few_shot,375,186.84,80.14,266.98,2,7.49,1
vllm,few_shot,376,152.06,85.32,237.37,2,8.43,1
vllm,few_shot,377,167.11,78.90,246.01,2,8.13,1
vllm,few_shot,378,193.70,86.47,280.17,2,7.14,1
vllm,few_shot,379,239.12,0.00,243.61,1,4.10,1
vllm,few_shot,380,176.75,58.58,235.33,2,8.50,1
vllm,few_shot,381,122.45,0.00,133.08,1,7.51,1
vllm,few_shot,382,179.24,92.77,272.01,2,7.35,1
vllm,few_shot,383,223.30,0.00,226.67,1,4.41,1
vllm,few_shot,384,157.84,0.00,180.43,1,5.54,1
vllm,few_shot,385,212.26,0.00,221.90,1,4.51,1
vllm,few_shot,386,227.57,0.00,227.83,1,4.39,1
vllm,few_shot,387,152.73,0.00,157.71,1,6.34,1
vllm,few_shot,388,177.27,98.50,275.77,2,7.25,0
vllm,few_shot,389,198.37,0.00,229.44,1,4.36,1
vllm,few_shot,390,146.37,105.12,251.50,2,7.95,1
vllm,few_shot,391,157.49,0.00,243.76,1,4.10,1
vllm,few_shot,392,204.18,0.00,223.35,1,4.48,1
vllm,few_shot,393,170.32,11.23,181.55,2,11.02,1
vllm,few_shot,394,252.83,0.00,253.05,1,3.95,1
vllm,few_shot,395,200.47,0.00,236.22,1,4.23,1
vllm,few_shot,396,218.03,0.00,253.02,1,3.95,1
vllm,few_shot,397,151.55,0.00,235.24,1,4.25,1
vllm,few_shot,398,224.90,0.00,247.03,1,4.05,1
vllm,few_shot,399,113.38,39.81,153.19,2,13.06,1
vllm,few_shot,400,197.09,40.74,237.84,2,8.41,1
vllm,few_shot,401,270.03,37.39,307.43,2,6.51,1
vllm,few_shot,402,88.76,0.00,93.82,1,10.66,1
vllm,few_shot,403,97.14,0.00,102.05,1,9.80,1
vllm,few_shot,404,148.07,121.93,270.01,2,7.41,1
vllm,few_shot,405,168.21,93.62,261.83,2,7.64,1
vllm,few_shot,406,252.97,0.00,262.45,1,3.81,1
vllm,few_shot,407,186.79,0.00,299.22,1,3.34,1
vllm,few_shot,408,129.53,42.09,171.62,2,11.65,1
vllm,few_shot,409,115.00,54.12,169.13,2,11.83,1
vllm,few_shot,410,213.23,42.77,256.01,2,7.81,1
vllm,few_shot,411,91.45,0.00,101.21,1,9.88,1
vllm,few_shot,412,84.06,16.06,100.12,2,19.98,1
vllm,few_shot,413,100.98,0.00,110.52,1,9.05,1
vllm,few_shot,414,110.80,4.57,115.36,2,17.34,1
vllm,few_shot,415,277.97,0.00,282.91,1,3.53,1
vllm,few_shot,416,308.01,0.00,313.12,1,3.19,1
vllm,few_shot,417,122.97,0.33,123.30,2,16.22,0
vllm,few_shot,418,310.03,0.00,314.12,1,3.18,1
vllm,few_shot,419,114.94,3.22,118.16,2,16.93,1
vllm,few_shot,420,119.05,0.00,132.17,1,7.57,1
vllm,few_shot,421,296.61,28.40,325.01,2,6.15,1
vllm,few_shot,422,112.18,0.33,112.51,2,17.78,1
vllm,few_shot,423,114.30,0.00,123.50,1,8.10,1
vllm,few_shot,424,230.90,61.78,292.69,2,6.83,0
vllm,few_shot,425,212.87,0.00,273.08,1,3.66,1
vllm,few_shot,426,261.83,58.69,320.53,2,6.24,1
vllm,few_shot,427,190.48,32.48,320.41,5,15.61,1
vllm,few_shot,428,138.31,0.31,138.62,2,14.43,1
vllm,few_shot,429,106.62,17.95,124.56,2,16.06,1
vllm,few_shot,430,139.31,0.34,139.65,2,14.32,1
vllm,few_shot,431,113.77,0.00,134.81,1,7.42,1
vllm,few_shot,432,227.46,63.73,291.18,2,6.87,1
vllm,few_shot,433,93.55,22.13,115.68,2,17.29,1
vllm,few_shot,434,78.86,0.00,90.56,1,11.04,1
vllm,few_shot,435,147.23,0.00,169.08,1,5.91,1
vllm,few_shot,436,114.43,36.92,151.35,2,13.21,1
vllm,few_shot,437,103.28,0.00,128.82,1,7.76,1
vllm,few_shot,438,133.20,0.00,161.29,1,6.20,1
vllm,few_shot,439,112.42,0.00,141.45,1,7.07,1
vllm,few_shot,440,157.60,0.00,173.83,1,5.75,1
vllm,few_shot,441,113.29,0.00,130.14,1,7.68,1
vllm,few_shot,442,155.04,0.00,165.93,1,6.03,1
vllm,few_shot,443,170.01,0.00,189.64,1,5.27,1
vllm,few_shot,444,143.23,0.00,163.69,1,6.11,1
vllm,few_shot,445,141.10,46.74,187.84,2,10.65,1
vllm,few_shot,446,145.85,0.00,171.86,1,5.82,1
vllm,few_shot,447,143.90,0.00,172.24,1,5.81,1
vllm,few_shot,448,100.47,52.13,152.60,2,13.11,1
vllm,few_shot,449,114.76,0.00,137.65,1,7.26,1
vllm,few_shot,450,178.68,70.55,249.23,2,8.02,1
vllm,few_shot,451,146.29,72.59,218.88,2,9.14,1
vllm,few_shot,452,125.92,74.37,200.29,2,9.99,1
vllm,few_shot,453,161.71,72.66,234.37,2,8.53,1
vllm,few_shot,454,193.62,57.91,251.53,2,7.95,1
vllm,few_shot,455,220.62,0.00,233.70,1,4.28,1
vllm,few_shot,456,168.78,88.13,256.92,2,7.78,1
vllm,few_shot,457,130.07,0.00,203.18,1,4.92,1
vllm,few_shot,458,203.75,65.53,269.28,2,7.43,1
vllm,few_shot,459,255.80,0.00,266.23,1,3.76,1
vllm,few_shot,460,141.36,0.00,151.53,1,6.60,1
vllm,few_shot,461,213.63,0.00,217.17,1,4.60,1
vllm,few_shot,462,119.72,0.00,141.99,1,7.04,1
vllm,few_shot,463,137.93,79.74,217.67,2,9.19,1
vllm,few_shot,464,114.88,0.00,194.96,1,5.13,1
vllm,few_shot,465,229.97,0.00,239.93,1,4.17,1
vllm,few_shot,466,170.06,0.00,201.27,1,4.97,1
vllm,few_shot,467,196.02,0.00,229.88,1,4.35,1
vllm,few_shot,468,151.08,0.00,234.26,1,4.27,1
vllm,few_shot,469,230.07,0.00,254.05,1,3.94,1
vllm,few_shot,470,194.15,27.38,221.53,2,9.03,1
vllm,few_shot,471,178.97,37.70,216.66,2,9.23,1
vllm,few_shot,472,175.07,0.00,215.84,1,4.63,1
vllm,few_shot,473,134.79,107.24,242.03,2,8.26,1
vllm,few_shot,474,172.01,33.07,205.08,2,9.75,1
vllm,few_shot,475,282.13,5.35,287.48,2,6.96,1
vllm,few_shot,476,185.88,30.22,216.10,2,9.25,1
vllm,few_shot,477,184.88,36.68,221.55,2,9.03,1
vllm,few_shot,478,177.59,34.65,212.24,2,9.42,1
vllm,few_shot,479,89.69,0.00,94.56,1,10.58,1
vllm,few_shot,480,236.26,45.33,281.59,2,7.10,0
vllm,few_shot,481,102.96,0.00,121.20,1,8.25,1
vllm,few_shot,482,110.72,15.55,126.27,2,15.84,1
vllm,few_shot,483,192.80,51.97,244.76,2,8.17,1
vllm,few_shot,484,194.10,56.48,250.58,2,7.98,0
vllm,few_shot,485,179.54,54.36,233.89,2,8.55,1
vllm,few_shot,486,134.73,115.18,249.90,2,8.00,1
vllm,few_shot,487,224.84,0.00,269.08,1,3.72,1
vllm,few_shot,488,102.10,0.00,112.39,1,8.90,1
vllm,few_shot,489,81.55,25.20,106.75,2,18.74,1
vllm,few_shot,490,213.83,19.37,233.20,2,8.58,1
vllm,few_shot,491,229.21,0.00,264.30,1,3.78,1
vllm,few_shot,492,161.02,66.28,227.29,2,8.80,0
vllm,few_shot,493,119.65,5.34,124.99,2,16.00,1
vllm,few_shot,494,89.32,26.82,116.14,2,17.22,1
vllm,few_shot,495,174.19,0.00,242.70,1,4.12,1
vllm,few_shot,496,233.03,0.00,279.56,1,3.58,1
vllm,few_shot,497,159.15,74.42,233.57,2,8.56,1
vllm,few_shot,498,116.10,0.32,116.43,2,17.18,1
vllm,few_shot,499,213.76,69.44,283.20,2,7.06,1
vllm,few_shot,500,98.38,42.37,140.75,2,14.21,0
vllm,few_shot,501,170.30,75.30,245.60,2,8.14,1
vllm,few_shot,502,90.49,0.00,136.12,1,7.35,1
vllm,few_shot,503,172.48,74.14,246.61,2,8.11,1
vllm,few_shot,504,144.33,9.06,153.39,2,13.04,1
vllm,few_shot,505,142.20,0.00,150.13,1,6.66,1
vllm,few_shot,506,115.30,17.45,132.76,2,15.07,1
vllm,few_shot,507,170.39,0.00,256.78,1,3.89,1
vllm,few_shot,508,232.75,81.06,313.81,2,6.37,1
vllm,few_shot,509,134.44,7.75,142.20,2,14.06,1
vllm,few_shot,510,297.87,11.10,308.98,2,6.47,1
vllm,few_shot,511,171.81,0.00,313.13,1,3.19,1
vllm,few_shot,512,128.79,146.55,275.34,2,7.26,1
vllm,few_shot,513,82.74,59.20,141.93,2,14.09,1
vllm,few_shot,514,108.39,0.00,118.23,1,8.46,1
vllm,few_shot,515,84.26,21.44,105.70,2,18.92,1
vllm,few_shot,516,85.91,0.00,106.17,1,9.42,1
vllm,few_shot,517,103.17,0.00,111.64,1,8.96,1
vllm,few_shot,518,130.70,20.48,151.18,2,13.23,0
vllm,few_shot,519,116.61,0.00,131.32,1,7.61,1
vllm,few_shot,520,100.19,0.00,116.13,1,8.61,1
vllm,few_shot,521,130.48,0.00,147.99,1,6.76,1
vllm,few_shot,522,136.89,0.00,154.22,1,6.48,1
vllm,few_shot,523,120.44,58.06,178.50,2,11.20,1
vllm,few_shot,524,126.84,60.05,186.88,2,10.70,1
vllm,few_shot,525,153.01,64.78,217.79,2,9.18,1
vllm,few_shot,526,126.58,69.73,196.32,2,10.19,1
vllm,few_shot,527,148.02,0.00,172.45,1,5.80,1
vllm,few_shot,528,140.39,0.00,161.55,1,6.19,1
vllm,few_shot,529,179.13,0.00,207.01,1,4.83,1
vllm,few_shot,530,155.99,0.00,172.99,1,5.78,1
vllm,few_shot,531,194.93,0.00,224.06,1,4.46,1
vllm,few_shot,532,201.04,0.00,218.38,1,4.58,1
vllm,few_shot,533,153.53,0.00,183.60,1,5.45,1
vllm,few_shot,534,204.42,0.00,229.97,1,4.35,1
vllm,few_shot,535,208.26,0.00,235.34,1,4.25,1
vllm,few_shot,536,174.38,0.00,204.71,1,4.89,1
vllm,few_shot,537,215.60,0.00,250.80,1,3.99,1
vllm,few_shot,538,180.52,0.00,217.43,1,4.60,1
vllm,few_shot,539,179.71,0.00,211.26,1,4.73,1
vllm,few_shot,540,183.99,0.00,211.48,1,4.73,1
vllm,few_shot,541,176.24,0.00,208.97,1,4.79,1
vllm,few_shot,542,166.65,0.00,204.47,1,4.89,1
vllm,few_shot,543,166.08,38.61,204.69,2,9.77,1
vllm,few_shot,544,166.99,0.00,181.64,1,5.51,1
vllm,few_shot,545,169.17,37.11,206.28,2,9.70,1
vllm,few_shot,546,171.89,0.00,188.94,1,5.29,1
vllm,few_shot,547,211.54,52.15,263.68,2,7.58,0
vllm,few_shot,548,189.75,0.00,232.01,1,4.31,1
vllm,few_shot,549,174.94,0.00,206.88,1,4.83,1
vllm,few_shot,550,151.10,52.89,203.99,2,9.80,1
vllm,few_shot,551,165.02,0.00,200.94,1,4.98,1
vllm,few_shot,552,235.75,0.00,249.38,1,4.01,1
vllm,few_shot,553,216.36,0.00,216.58,1,4.62,1
vllm,few_shot,554,211.61,54.42,266.03,2,7.52,1
vllm,few_shot,555,216.97,31.31,248.28,2,8.06,1
vllm,few_shot,556,169.12,0.00,214.29,1,4.67,1
vllm,few_shot,557,189.81,63.58,253.39,2,7.89,1
vllm,few_shot,558,92.51,0.00,111.47,1,8.97,1
vllm,few_shot,559,197.64,0.34,197.98,2,10.10,1
vllm,few_shot,560,181.81,24.63,206.45,2,9.69,1
vllm,few_shot,561,136.86,21.25,158.12,2,12.65,1
vllm,few_shot,562,148.79,75.57,224.37,2,8.91,1
vllm,few_shot,563,193.96,0.00,237.81,1,4.21,1
vllm,few_shot,564,178.48,0.00,204.56,1,4.89,1
vllm,few_shot,565,212.67,64.60,277.27,2,7.21,1
vllm,few_shot,566,199.99,71.19,271.18,2,7.38,1
vllm,few_shot,567,101.25,19.20,120.45,2,16.60,1
vllm,few_shot,568,152.88,58.91,211.79,2,9.44,1
vllm,few_shot,569,177.49,46.07,223.56,2,8.95,1
vllm,few_shot,570,146.34,77.22,223.56,2,8.95,1
vllm,few_shot,571,198.61,20.01,218.62,2,9.15,1
vllm,few_shot,572,205.27,0.00,210.14,1,4.76,1
vllm,few_shot,573,134.54,0.32,134.86,2,14.83,1
vllm,few_shot,574,199.09,0.00,242.86,1,4.12,1
vllm,few_shot,575,142.70,90.86,233.56,2,8.56,0
vllm,few_shot,576,118.91,40.08,159.00,2,12.58,1
vllm,few_shot,577,90.67,42.92,133.59,2,14.97,1
vllm,few_shot,578,146.38,47.01,193.38,2,10.34,1
vllm,few_shot,579,191.48,0.00,227.98,1,4.39,1
vllm,few_shot,580,79.67,0.00,87.27,1,11.46,1
vllm,few_shot,581,186.23,76.41,262.64,2,7.61,1
vllm,few_shot,582,174.57,90.08,264.65,2,7.56,1
vllm,few_shot,583,105.00,0.00,144.22,1,6.93,1
vllm,few_shot,584,155.06,101.93,256.99,2,7.78,1
vllm,few_shot,585,89.86,10.91,100.78,2,19.85,1
vllm,few_shot,586,61.99,0.00,97.38,1,10.27,1
vllm,few_shot,587,162.72,0.00,239.83,1,4.17,1
vllm,few_shot,588,131.60,0.00,166.45,1,6.01,1
vllm,few_shot,589,68.15,0.00,108.91,1,9.18,1
vllm,few_shot,590,234.84,0.00,235.06,1,4.25,1
vllm,few_shot,591,90.09,18.74,108.83,2,18.38,1
vllm,few_shot,592,106.30,25.45,131.75,2,15.18,1
vllm,few_shot,593,106.78,26.87,133.66,2,14.96,1
vllm,few_shot,594,105.52,0.00,121.44,1,8.23,1
vllm,few_shot,595,113.46,32.47,145.94,2,13.70,1
vllm,few_shot,596,116.77,33.86,150.63,2,13.28,1
vllm,few_shot,597,98.26,0.00,122.52,1,8.16,1
vllm,few_shot,598,126.15,0.00,135.00,1,7.41,1
vllm,few_shot,599,140.26,0.00,158.47,1,6.31,1
vllm,few_shot,600,101.50,0.00,128.83,1,7.76,1
vllm,few_shot,601,123.50,37.96,161.46,2,12.39,1
vllm,few_shot,602,145.21,0.00,170.83,1,5.85,1
vllm,few_shot,603,113.92,44.54,158.46,2,12.62,1
vllm,few_shot,604,113.99,0.00,144.78,1,6.91,1
vllm,few_shot,605,136.54,0.00,164.35,1,6.08,1
vllm,few_shot,606,116.92,0.00,152.22,1,6.57,1
vllm,few_shot,607,136.79,0.00,173.94,1,5.75,1
vllm,few_shot,608,167.05,0.00,203.89,1,4.90,1
vllm,few_shot,609,159.17,47.04,206.21,2,9.70,1
vllm,few_shot,610,116.90,48.29,165.19,2,12.11,1
vllm,few_shot,611,140.13,49.80,189.93,2,10.53,1
vllm,few_shot,612,152.89,0.00,206.97,1,4.83,1
vllm,few_shot,613,190.43,0.00,243.99,1,4.10,1
vllm,few_shot,614,191.55,0.00,235.72,1,4.24,1
vllm,few_shot,615,139.36,0.00,198.57,1,5.04,1
vllm,few_shot,616,189.83,0.00,241.38,1,4.14,1
vllm,few_shot,617,136.07,0.00,187.87,1,5.32,1
vllm,few_shot,618,146.11,0.00,199.60,1,5.01,1
vllm,few_shot,619,138.25,0.00,199.47,1,5.01,1
vllm,few_shot,620,126.77,0.00,199.60,1,5.01,1
vllm,few_shot,621,214.84,0.00,232.20,1,4.31,1
vllm,few_shot,622,197.74,0.00,218.43,1,4.58,1
vllm,few_shot,623,173.65,0.00,255.00,1,3.92,1
vllm,few_shot,624,241.92,0.00,257.25,1,3.89,1
vllm,few_shot,625,179.56,87.35,266.91,2,7.49,1
vllm,few_shot,626,168.06,0.00,201.46,1,4.96,1
vllm,few_shot,627,127.16,86.15,213.30,2,9.38,1
vllm,few_shot,628,139.17,110.83,249.99,2,8.00,1
vllm,few_shot,629,169.56,0.00,198.96,1,5.03,1
vllm,few_shot,630,155.30,0.00,194.05,1,5.15,1
vllm,few_shot,631,133.89,119.03,252.93,2,7.91,1
vllm,few_shot,632,188.82,42.14,230.95,2,8.66,1
vllm,few_shot,633,167.71,0.00,210.35,1,4.75,1
vllm,few_shot,634,172.66,0.00,266.50,1,3.75,1
vllm,few_shot,635,122.37,0.00,122.59,1,8.16,1
vllm,few_shot,636,172.20,36.16,208.36,2,9.60,1
vllm,few_shot,637,187.74,45.68,233.42,2,8.57,1
vllm,few_shot,638,157.30,0.00,208.67,1,4.79,1
vllm,few_shot,639,155.51,96.49,252.00,2,7.94,1
vllm,few_shot,640,91.40,0.00,91.63,1,10.91,1
vllm,few_shot,641,144.04,109.53,253.58,2,7.89,1
vllm,few_shot,642,188.02,0.00,239.57,1,4.17,1
vllm,few_shot,643,123.41,0.00,165.60,1,6.04,1
vllm,few_shot,644,98.57,0.00,98.84,1,10.12,1
vllm,few_shot,645,193.87,60.07,253.94,2,7.88,1
vllm,few_shot,646,206.72,51.63,258.35,2,7.74,1
vllm,few_shot,647,191.69,50.41,242.10,2,8.26,1
vllm,few_shot,648,109.12,3.02,112.14,2,17.84,1
vllm,few_shot,649,132.39,0.00,254.16,1,3.93,1
vllm,few_shot,650,96.38,13.96,110.34,2,18.13,1
vllm,few_shot,651,108.34,50.63,158.97,2,12.58,1
vllm,few_shot,652,160.83,72.06,232.89,2,8.59,1
vllm,few_shot,653,132.56,0.00,155.71,1,6.42,1
vllm,few_shot,654,91.82,17.85,109.67,2,18.24,1
vllm,few_shot,655,176.49,62.71,239.20,2,8.36,1
vllm,few_shot,656,220.63,0.00,291.85,1,3.43,1
vllm,few_shot,657,179.70,0.00,246.40,1,4.06,1
vllm,few_shot,658,162.03,77.99,240.01,2,8.33,1
vllm,few_shot,659,92.20,0.00,125.74,1,7.95,1
vllm,few_shot,660,135.75,0.00,184.14,1,5.43,1
vllm,few_shot,661,157.49,122.44,279.93,2,7.14,1
vllm,few_shot,662,90.42,62.52,152.95,2,13.08,1
vllm,few_shot,663,85.49,0.00,123.42,1,8.10,1
vllm,few_shot,664,184.52,32.94,217.47,2,9.20,1
vllm,few_shot,665,174.27,139.10,313.37,2,6.38,1
vllm,few_shot,666,119.37,53.81,173.18,2,11.55,1
vllm,few_shot,667,111.57,0.00,134.23,1,7.45,1
vllm,few_shot,668,127.65,68.75,196.40,2,10.18,1
vllm,few_shot,669,175.15,84.65,259.79,2,7.70,1
vllm,few_shot,670,185.93,79.98,265.90,2,7.52,1
vllm,few_shot,671,183.76,80.42,264.18,2,7.57,1
vllm,few_shot,672,87.78,43.83,131.61,2,15.20,1
vllm,few_shot,673,140.84,0.33,141.17,2,14.17,1
vllm,few_shot,674,140.04,7.84,147.88,2,13.52,1
vllm,few_shot,675,152.09,0.00,152.43,1,6.56,1
vllm,few_shot,676,101.10,0.00,107.65,1,9.29,1
vllm,few_shot,677,116.58,0.00,126.86,1,7.88,1
vllm,few_shot,678,114.50,0.00,125.79,1,7.95,1
vllm,few_shot,679,78.28,26.16,104.44,2,19.15,1
vllm,few_shot,680,121.89,29.15,151.04,2,13.24,1
vllm,few_shot,681,119.20,32.13,151.33,2,13.22,1
vllm,few_shot,682,154.25,0.00,171.13,1,5.84,1
vllm,few_shot,683,120.27,0.00,139.24,1,7.18,1
vllm,few_shot,684,91.44,0.00,108.46,1,9.22,1
vllm,few_shot,685,145.46,0.00,163.91,1,6.10,1
vllm,few_shot,686,130.11,0.00,143.08,1,6.99,1
vllm,few_shot,687,104.42,22.55,126.97,2,15.75,1
vllm,few_shot,688,123.93,0.00,137.53,1,7.27,1
vllm,few_shot,689,119.18,74.28,193.46,2,10.34,1
vllm,few_shot,690,146.96,71.23,218.19,2,9.17,1
vllm,few_shot,691,131.27,0.00,198.41,1,5.04,1
vllm,few_shot,692,127.90,80.04,207.94,2,9.62,1
vllm,few_shot,693,145.88,79.48,225.36,2,8.87,1
vllm,few_shot,694,108.18,84.62,192.81,2,10.37,1
vllm,few_shot,695,135.73,84.90,220.63,2,9.07,1
vllm,few_shot,696,177.29,0.00,196.82,1,5.08,1
vllm,few_shot,697,205.08,0.00,221.26,1,4.52,1
vllm,few_shot,698,186.32,0.00,197.79,1,5.06,1
vllm,few_shot,699,167.22,0.00,193.94,1,5.16,1
vllm,few_shot,700,150.39,0.00,169.87,1,5.89,1
vllm,few_shot,701,161.13,0.00,183.04,1,5.46,1
vllm,few_shot,702,171.07,27.50,198.57,2,10.07,1
vllm,few_shot,703,147.05,0.00,178.75,1,5.59,1
vllm,few_shot,704,160.38,0.00,192.05,1,5.21,1
vllm,few_shot,705,170.69,36.25,206.93,2,9.66,1
vllm,few_shot,706,183.96,0.00,221.04,1,4.52,1
vllm,few_shot,707,144.06,0.00,180.14,1,5.55,1
vllm,few_shot,708,237.75,4.91,242.67,2,8.24,1
vllm,few_shot,709,158.30,42.26,200.56,2,9.97,1
vllm,few_shot,710,202.69,0.00,243.17,1,4.11,1
vllm,few_shot,711,149.28,44.16,193.44,2,10.34,1
vllm,few_shot,712,178.58,0.00,211.68,1,4.72,1
vllm,few_shot,713,189.48,36.03,225.51,2,8.87,1
vllm,few_shot,714,175.15,41.26,216.42,2,9.24,1
vllm,few_shot,715,199.06,0.00,232.72,1,4.30,1
vllm,few_shot,716,159.44,38.02,197.46,2,10.13,1
vllm,few_shot,717,141.92,35.52,177.44,2,11.27,1
vllm,few_shot,718,114.36,0.00,119.57,1,8.36,1
vllm,few_shot,719,139.81,0.42,140.23,2,14.26,1
vllm,few_shot,720,200.79,35.15,235.94,2,8.48,1
vllm,few_shot,721,136.99,0.00,156.75,1,6.38,1
vllm,few_shot,722,120.91,35.63,156.53,2,12.78,0
vllm,few_shot,723,209.15,0.00,267.60,1,3.74,1
vllm,few_shot,724,180.99,0.00,243.04,1,4.11,1
vllm,few_shot,725,211.28,0.00,268.67,1,3.72,1
vllm,few_shot,726,108.10,0.00,127.35,1,7.85,1
vllm,few_shot,727,143.20,119.74,262.94,2,7.61,0
vllm,few_shot,728,167.17,0.00,222.69,1,4.49,1
vllm,few_shot,729,149.19,58.12,207.31,2,9.65,1
vllm,few_shot,730,97.53,0.00,224.08,1,4.46,1
vllm,few_shot,731,118.30,0.00,123.59,1,8.09,1
vllm,few_shot,732,167.42,65.62,233.04,2,8.58,1
vllm,few_shot,733,174.13,0.00,224.68,1,4.45,1
vllm,few_shot,734,222.43,62.99,285.42,2,7.01,1
vllm,few_shot,735,111.15,24.29,135.44,2,14.77,1
vllm,few_shot,736,114.67,0.00,157.54,1,6.35,1
vllm,few_shot,737,165.04,0.00,223.09,1,4.48,1
vllm,few_shot,738,99.13,33.17,132.30,2,15.12,1
vllm,few_shot,739,131.90,9.92,141.82,2,14.10,1
vllm,few_shot,740,208.21,0.00,283.80,1,3.52,1
vllm,few_shot,741,168.93,76.01,244.94,2,8.17,1
vllm,few_shot,742,167.93,0.00,243.84,1,4.10,1
vllm,few_shot,743,181.62,70.49,252.11,2,7.93,1
vllm,few_shot,744,107.75,0.00,161.26,1,6.20,1
vllm,few_shot,745,204.66,0.00,289.67,1,3.45,1
vllm,few_shot,746,135.30,71.18,277.67,3,10.80,1
vllm,few_shot,747,165.37,84.28,249.65,2,8.01,1
vllm,few_shot,748,178.26,143.76,322.02,2,6.21,1
vllm,few_shot,749,159.43,80.33,239.76,2,8.34,1
vllm,few_shot,750,164.84,85.99,250.83,2,7.97,1
vllm,few_shot,751,160.46,83.77,244.24,2,8.19,1
vllm,few_shot,752,153.27,0.00,154.10,1,6.49,1
vllm,few_shot,753,89.46,0.00,99.09,1,10.09,1
vllm,few_shot,754,115.01,0.00,125.59,1,7.96,1
vllm,few_shot,755,108.59,0.00,120.53,1,8.30,1
vllm,few_shot,756,105.63,0.00,118.10,1,8.47,1
vllm,few_shot,757,129.55,0.00,160.07,1,6.25,1
vllm,few_shot,758,143.53,0.00,154.85,1,6.46,1
vllm,few_shot,759,112.96,0.00,123.87,1,8.07,1
vllm,few_shot,760,111.48,0.00,123.17,1,8.12,1
vllm,few_shot,761,110.69,41.63,152.32,2,13.13,1
vllm,few_shot,762,143.98,0.00,158.44,1,6.31,1
vllm,few_shot,763,130.94,0.00,149.63,1,6.68,1
vllm,few_shot,764,133.60,31.40,165.00,2,12.12,1
vllm,few_shot,765,135.27,32.29,167.56,2,11.94,1
vllm,few_shot,766,117.87,31.12,148.99,2,13.42,1
vllm,few_shot,767,177.01,0.00,180.71,1,5.53,1
vllm,few_shot,768,146.85,33.65,180.50,2,11.08,1
vllm,few_shot,769,137.32,0.00,158.90,1,6.29,1
vllm,few_shot,770,139.81,29.12,168.92,2,11.84,1
vllm,few_shot,771,118.86,0.00,130.93,1,7.64,1
vllm,few_shot,772,107.15,20.96,128.12,2,15.61,1
vllm,few_shot,773,146.80,0.00,162.57,1,6.15,1
vllm,few_shot,774,126.14,0.00,143.46,1,6.97,1
vllm,few_shot,775,139.47,0.00,171.83,1,5.82,1
vllm,few_shot,776,160.82,0.00,178.75,1,5.59,1
vllm,few_shot,777,158.90,36.56,195.45,2,10.23,0
vllm,few_shot,778,162.34,0.00,182.07,1,5.49,1
vllm,few_shot,779,176.26,0.00,198.81,1,5.03,1
vllm,few_shot,780,106.40,38.65,145.05,2,13.79,1
vllm,few_shot,781,130.30,37.57,167.87,2,11.91,1
vllm,few_shot,782,166.20,0.00,166.61,1,6.00,1
vllm,few_shot,783,120.50,46.18,166.68,2,12.00,1
vllm,few_shot,784,152.47,46.32,198.79,2,10.06,1
vllm,few_shot,785,144.46,54.38,198.84,2,10.06,1
vllm,few_shot,786,152.07,0.00,163.99,1,6.10,1
vllm,few_shot,787,154.07,54.63,208.70,2,9.58,1
vllm,few_shot,788,177.59,59.32,236.90,2,8.44,1
vllm,few_shot,789,151.13,52.40,203.53,2,9.83,1
vllm,few_shot,790,185.54,0.00,198.07,1,5.05,1
vllm,few_shot,791,158.40,0.00,175.53,1,5.70,1
vllm,few_shot,792,169.49,0.00,182.53,1,5.48,1
vllm,few_shot,793,179.98,0.00,195.10,1,5.13,1
vllm,few_shot,794,153.20,27.46,180.66,2,11.07,0
vllm,few_shot,795,189.52,0.00,194.19,1,5.15,1
vllm,few_shot,796,203.84,0.00,227.11,1,4.40,1
vllm,few_shot,797,188.80,0.00,198.39,1,5.04,1
vllm,few_shot,798,183.82,0.00,214.33,1,4.67,1
vllm,few_shot,799,124.59,0.00,145.95,1,6.85,1
vllm,few_shot,800,209.01,42.62,251.63,2,7.95,1
vllm,few_shot,801,176.31,0.00,193.94,1,5.16,1
vllm,few_shot,802,79.21,0.00,110.47,1,9.05,1
vllm,few_shot,803,153.65,0.00,185.42,1,5.39,1
vllm,few_shot,804,234.80,36.94,271.75,2,7.36,1
vllm,few_shot,805,161.74,46.22,207.95,2,9.62,1
vllm,few_shot,806,196.69,39.09,235.79,2,8.48,1
vllm,few_shot,807,149.70,8.90,158.61,2,12.61,0
vllm,few_shot,808,159.70,0.00,208.75,1,4.79,1
vllm,few_shot,809,131.34,29.94,161.28,2,12.40,1
vllm,few_shot,810,94.96,16.51,111.46,2,17.94,1
vllm,few_shot,811,169.47,54.03,223.51,2,8.95,0
vllm,few_shot,812,218.34,0.00,228.63,1,4.37,1
vllm,few_shot,813,93.45,23.02,116.47,2,17.17,1
vllm,few_shot,814,154.91,59.88,214.79,2,9.31,1
vllm,few_shot,815,170.25,61.25,231.50,2,8.64,1
vllm,few_shot,816,215.87,0.00,274.91,1,3.64,1
vllm,few_shot,817,90.98,0.00,101.32,1,9.87,1
vllm,few_shot,818,206.96,0.00,238.72,1,4.19,1
vllm,few_shot,819,193.73,0.00,238.15,1,4.20,1
vllm,few_shot,820,99.05,0.00,125.95,1,7.94,1
vllm,few_shot,821,175.22,58.98,234.21,2,8.54,1
vllm,few_shot,822,192.91,59.95,252.85,2,7.91,1
vllm,few_shot,823,126.93,0.38,127.31,2,15.71,1
vllm,few_shot,824,232.73,8.90,241.63,2,8.28,1
vllm,few_shot,825,118.07,9.48,127.55,2,15.68,1
vllm,few_shot,826,96.85,0.00,97.08,1,10.30,1
vllm,few_shot,827,146.45,66.23,212.67,2,9.40,1
vllm,few_shot,828,164.30,74.02,238.31,2,8.39,1
vllm,few_shot,829,108.52,0.00,117.40,1,8.52,1
vllm,few_shot,830,95.42,0.00,100.23,1,9.98,1
vllm,few_shot,831,104.25,0.00,113.36,1,8.82,1
vllm,few_shot,832,104.99,13.59,118.58,2,16.87,0
vllm,few_shot,833,109.91,0.00,114.73,1,8.72,1
vllm,few_shot,834,90.80,36.11,126.91,2,15.76,1
vllm,few_shot,835,116.57,0.00,116.79,1,8.56,1
vllm,few_shot,836,68.13,0.00,112.27,1,8.91,1
vllm,few_shot,837,108.45,15.90,124.36,2,16.08,1
vllm,few_shot,838,89.48,0.00,131.02,1,7.63,1
vllm,few_shot,839,96.16,0.00,117.62,1,8.50,1
vllm,few_shot,840,90.08,39.43,129.51,2,15.44,1
vllm,few_shot,841,122.77,0.00,137.50,1,7.27,1
vllm,few_shot,842,97.69,25.34,123.03,2,16.26,1
vllm,few_shot,843,106.17,0.00,117.70,1,8.50,1
vllm,few_shot,844,96.49,33.57,130.06,2,15.38,1
vllm,few_shot,845,85.81,71.16,156.96,2,12.74,1
vllm,few_shot,846,90.73,0.00,131.46,1,7.61,1
vllm,few_shot,847,114.06,19.83,133.89,2,14.94,1
vllm,few_shot,848,108.02,19.79,127.81,2,15.65,1
vllm,few_shot,849,117.47,0.00,131.97,1,7.58,1
vllm,few_shot,850,74.29,26.78,101.08,2,19.79,1
vllm,few_shot,851,119.13,0.00,128.40,1,7.79,1
vllm,few_shot,852,124.68,0.00,131.17,1,7.62,1
vllm,few_shot,853,110.02,0.00,123.05,1,8.13,1
vllm,few_shot,854,146.33,0.00,167.70,1,5.96,1
vllm,few_shot,855,148.62,32.16,180.78,2,11.06,1
vllm,few_shot,856,143.02,0.00,167.02,1,5.99,1
vllm,few_shot,857,109.79,0.00,156.32,1,6.40,1
vllm,few_shot,858,110.49,65.65,176.14,2,11.35,1
vllm,few_shot,859,141.29,0.00,193.97,1,5.16,1
vllm,few_shot,860,146.96,0.00,197.01,1,5.08,1
vllm,few_shot,861,155.08,0.00,209.67,1,4.77,1
vllm,few_shot,862,178.26,0.00,228.63,1,4.37,1
vllm,few_shot,863,130.10,81.81,211.90,2,9.44,1
vllm,few_shot,864,188.53,0.00,248.49,1,4.02,1
vllm,few_shot,865,156.10,85.69,241.78,2,8.27,1
vllm,few_shot,866,132.56,0.00,200.33,1,4.99,1
vllm,few_shot,867,142.42,0.00,210.69,1,4.75,1
vllm,few_shot,868,124.52,72.20,196.71,2,10.17,1
vllm,few_shot,869,148.62,0.00,166.68,1,6.00,1
vllm,few_shot,870,151.13,0.00,175.23,1,5.71,1
vllm,few_shot,871,178.00,0.00,202.79,1,4.93,1
vllm,few_shot,872,180.43,0.00,194.09,1,5.15,1
vllm,few_shot,873,211.18,0.00,246.76,1,4.05,1
vllm,few_shot,874,172.57,0.00,193.87,1,5.16,1
vllm,few_shot,875,168.72,84.45,253.18,2,7.90,1
vllm,few_shot,876,160.53,80.17,240.70,2,8.31,1
vllm,few_shot,877,171.87,0.00,212.11,1,4.71,1
vllm,few_shot,878,143.49,41.02,184.51,2,10.84,1
vllm,few_shot,879,208.91,0.00,233.35,1,4.29,1
vllm,few_shot,880,171.12,38.70,209.82,2,9.53,1
vllm,few_shot,881,182.01,42.72,224.73,2,8.90,1
vllm,few_shot,882,205.51,0.00,241.13,1,4.15,1
vllm,few_shot,883,177.11,0.00,200.26,1,4.99,1
vllm,few_shot,884,165.46,33.49,198.95,2,10.05,1
vllm,few_shot,885,162.81,0.00,186.15,1,5.37,1
vllm,few_shot,886,187.65,0.00,225.81,1,4.43,1
vllm,few_shot,887,227.89,42.83,270.72,2,7.39,1
vllm,few_shot,888,90.36,0.00,117.87,1,8.48,1
vllm,few_shot,889,210.57,0.00,210.94,1,4.74,1
vllm,few_shot,890,117.47,0.00,148.89,1,6.72,1
vllm,few_shot,891,176.90,109.16,286.05,2,6.99,1
vllm,few_shot,892,159.56,47.72,207.29,2,9.65,1
vllm,few_shot,893,163.30,39.18,202.48,2,9.88,1
vllm,few_shot,894,203.61,23.57,227.18,2,8.80,1
vllm,few_shot,895,205.60,0.00,251.32,1,3.98,1
vllm,few_shot,896,151.12,0.00,170.44,1,5.87,1
vllm,few_shot,897,93.97,0.00,135.69,1,7.37,1
vllm,few_shot,898,184.15,56.71,240.86,2,8.30,1
vllm,few_shot,899,217.00,0.00,268.48,1,3.72,1
vllm,few_shot,900,193.06,0.00,251.23,1,3.98,1
vllm,few_shot,901,176.57,0.00,205.78,1,4.86,1
vllm,few_shot,902,154.78,0.00,222.45,1,4.50,1
vllm,few_shot,903,178.13,0.00,178.50,1,5.60,1
vllm,few_shot,904,150.66,4.89,155.55,2,12.86,1
vllm,few_shot,905,220.53,13.97,234.50,2,8.53,1
vllm,few_shot,906,142.39,78.47,220.86,2,9.06,1
vllm,few_shot,907,220.07,69.59,289.65,2,6.90,1
vllm,few_shot,908,157.05,0.00,213.79,1,4.68,1
vllm,few_shot,909,144.16,4.72,148.88,2,13.43,1
vllm,few_shot,910,108.69,0.00,131.78,1,7.59,1
vllm,few_shot,911,110.63,0.00,134.29,1,7.45,1
vllm,few_shot,912,194.42,77.87,272.29,2,7.35,1
vllm,few_shot,913,268.31,3.91,272.22,2,7.35,1
vllm,few_shot,914,176.78,0.00,256.71,1,3.90,1
vllm,few_shot,915,173.56,0.00,247.18,1,4.05,1
vllm,few_shot,916,235.74,0.38,236.12,2,8.47,1
vllm,few_shot,917,90.94,0.00,91.18,1,10.97,1
vllm,few_shot,918,70.39,0.00,94.15,1,10.62,1
vllm,few_shot,919,188.37,89.42,277.79,2,7.20,1
vllm,few_shot,920,81.72,0.32,82.04,2,24.38,1
vllm,few_shot,921,142.65,3.45,146.09,2,13.69,1
vllm,few_shot,922,209.65,95.17,304.81,2,6.56,1
vllm,few_shot,923,108.52,0.39,108.90,2,18.37,1
vllm,few_shot,924,60.95,29.52,90.46,2,22.11,1
vllm,few_shot,925,233.51,17.39,250.90,2,7.97,1
vllm,few_shot,926,91.02,0.00,97.72,1,10.23,1
vllm,few_shot,927,108.19,0.00,116.39,1,8.59,1
vllm,few_shot,928,81.27,0.00,102.43,1,9.76,1
vllm,few_shot,929,92.69,24.88,117.57,2,17.01,1
vllm,few_shot,930,90.27,0.00,107.13,1,9.33,1
vllm,few_shot,931,99.29,0.00,110.42,1,9.06,1
vllm,few_shot,932,114.85,0.00,127.28,1,7.86,1
vllm,few_shot,933,93.33,0.00,106.16,1,9.42,1
vllm,few_shot,934,136.44,0.00,150.20,1,6.66,1
vllm,few_shot,935,108.02,0.00,123.21,1,8.12,1
vllm,few_shot,936,96.81,26.51,123.31,2,16.22,1
vllm,few_shot,937,122.03,0.00,131.63,1,7.60,1
vllm,few_shot,938,112.33,0.00,125.04,1,8.00,1
vllm,few_shot,939,99.58,23.08,122.66,2,16.30,1
vllm,few_shot,940,96.51,0.00,111.22,1,8.99,1
vllm,few_shot,941,99.04,0.00,114.92,1,8.70,1
vllm,few_shot,942,115.76,0.00,130.34,1,7.67,1
vllm,few_shot,943,155.30,0.00,181.47,1,5.51,1
vllm,few_shot,944,159.81,0.00,187.90,1,5.32,1
vllm,few_shot,945,95.86,44.83,140.69,2,14.22,1
vllm,few_shot,946,170.53,0.00,227.01,1,4.41,1
vllm,few_shot,947,185.18,0.00,247.26,1,4.04,1
vllm,few_shot,948,154.88,0.00,213.28,1,4.69,1
vllm,few_shot,949,167.28,0.00,228.10,1,4.38,1
vllm,few_shot,950,133.72,0.00,194.83,1,5.13,1
vllm,few_shot,951,150.80,0.00,210.91,1,4.74,1
vllm,few_shot,952,133.75,0.00,191.53,1,5.22,1
vllm,few_shot,953,143.85,0.00,205.02,1,4.88,1
vllm,few_shot,954,94.60,92.69,187.29,2,10.68,0
vllm,few_shot,955,153.73,92.26,245.99,2,8.13,1
vllm,few_shot,956,125.01,90.54,215.55,2,9.28,1
vllm,few_shot,957,177.13,0.00,239.47,1,4.18,1
vllm,few_shot,958,128.03,0.00,195.72,1,5.11,1
vllm,few_shot,959,142.83,64.40,207.23,2,9.65,1
vllm,few_shot,960,120.85,0.00,134.38,1,7.44,1
vllm,few_shot,961,180.13,0.00,186.83,1,5.35,1
vllm,few_shot,962,160.55,72.59,233.14,2,8.58,1
vllm,few_shot,963,172.47,0.00,245.70,1,4.07,1
vllm,few_shot,964,153.06,0.00,169.38,1,5.90,1
vllm,few_shot,965,244.44,0.00,257.62,1,3.88,1
vllm,few_shot,966,177.93,0.00,191.08,1,5.23,1
vllm,few_shot,967,202.80,0.00,219.16,1,4.56,1
vllm,few_shot,968,128.53,76.31,204.84,2,9.76,1
vllm,few_shot,969,190.81,70.88,261.69,2,7.64,0
vllm,few_shot,970,171.60,0.00,195.02,1,5.13,1
vllm,few_shot,971,164.67,0.00,183.78,1,5.44,1
vllm,few_shot,972,243.80,0.00,254.60,1,3.93,1
vllm,few_shot,973,155.66,0.00,178.27,1,5.61,1
vllm,few_shot,974,216.82,0.00,234.97,1,4.26,1
vllm,few_shot,975,147.86,78.73,226.58,2,8.83,1
vllm,few_shot,976,195.38,0.00,203.58,1,4.91,1
vllm,few_shot,977,244.55,22.61,267.16,2,7.49,1
vllm,few_shot,978,153.56,15.65,169.21,2,11.82,1
vllm,few_shot,979,235.09,23.27,258.37,2,7.74,1
vllm,few_shot,980,220.67,0.00,234.59,1,4.26,1
vllm,few_shot,981,231.70,0.00,237.61,1,4.21,1
vllm,few_shot,982,161.94,77.07,239.01,2,8.37,1
vllm,few_shot,983,137.08,0.00,139.98,1,7.14,1
vllm,few_shot,984,177.81,0.00,192.45,1,5.20,1
vllm,few_shot,985,153.03,78.40,231.44,2,8.64,1
vllm,few_shot,986,136.93,74.79,211.72,2,9.45,1
vllm,few_shot,987,219.91,25.41,245.32,2,8.15,1
vllm,few_shot,988,188.38,78.18,266.55,2,7.50,1
vllm,few_shot,989,161.55,28.19,189.74,2,10.54,1
vllm,few_shot,990,116.43,27.48,143.91,2,13.90,1
vllm,few_shot,991,204.20,19.00,223.21,2,8.96,1
vllm,few_shot,992,163.81,0.00,192.35,1,5.20,1
vllm,few_shot,993,203.92,14.78,218.70,2,9.14,1
vllm,few_shot,994,173.60,28.00,201.60,2,9.92,1
vllm,few_shot,995,177.82,27.78,205.60,2,9.73,1
vllm,few_shot,996,194.04,19.07,213.11,2,9.38,1
vllm,few_shot,997,131.80,0.00,141.93,1,7.05,1
vllm,few_shot,998,160.39,25.36,185.75,2,10.77,1
vllm,few_shot,999,130.63,0.00,144.88,1,6.90,1
vllm,self_consistency,0,195.02,0.00,205.38,1,4.87,1
vllm,self_consistency,1,301.16,0.00,311.53,1,3.21,1
vllm,self_consistency,2,169.58,0.00,192.89,1,5.18,1
vllm,self_consistency,3,94.17,0.00,108.74,1,9.20,1
vllm,self_consistency,4,143.25,0.00,163.51,1,6.12,1
vllm,self_consistency,5,146.43,0.00,146.69,1,6.82,1
vllm,self_consistency,6,199.39,0.00,224.88,1,4.45,1
vllm,self_consistency,7,173.79,0.00,196.18,1,5.10,1
vllm,self_consistency,8,223.16,0.00,235.42,1,4.25,1
vllm,self_consistency,9,101.59,0.00,124.05,1,8.06,1
vllm,self_consistency,10,120.48,0.00,148.44,1,6.74,1
vllm,self_consistency,11,228.93,0.00,234.39,1,4.27,1
vllm,self_consistency,12,480.23,0.00,500.67,1,2.00,1
vllm,self_consistency,13,365.28,0.00,405.83,1,2.46,1
vllm,self_consistency,14,117.13,0.00,134.01,1,7.46,1
vllm,self_consistency,15,211.99,0.00,231.51,1,4.32,1
vllm,self_consistency,16,132.13,0.00,159.12,1,6.28,1
vllm,self_consistency,17,195.07,0.00,234.83,1,4.26,1
vllm,self_consistency,18,263.55,0.00,263.83,1,3.79,1
vllm,self_consistency,19,181.65,0.00,204.21,1,4.90,1
vllm,self_consistency,20,206.91,0.00,224.72,1,4.45,1
vllm,self_consistency,21,132.66,0.00,132.94,1,7.52,1
vllm,self_consistency,22,213.20,0.00,223.34,1,4.48,1
vllm,self_consistency,23,127.22,0.00,146.55,1,6.82,1
vllm,self_consistency,24,115.14,0.00,119.34,1,8.38,1
vllm,self_consistency,25,222.70,0.00,265.66,1,3.76,1
vllm,self_consistency,26,137.58,0.00,147.07,1,6.80,1
vllm,self_consistency,27,125.80,0.00,165.48,1,6.04,1
vllm,self_consistency,28,319.44,0.00,324.76,1,3.08,1
vllm,self_consistency,29,134.42,0.00,214.48,1,4.66,1
vllm,self_consistency,30,216.57,0.00,238.69,1,4.19,1
vllm,self_consistency,31,135.61,0.00,151.21,1,6.61,1
vllm,self_consistency,32,175.98,0.00,196.32,1,5.09,1
vllm,self_consistency,33,159.31,0.00,176.17,1,5.68,1
vllm,self_consistency,34,101.30,0.00,106.04,1,9.43,1
vllm,self_consistency,35,207.26,0.00,212.16,1,4.71,1
vllm,self_consistency,36,218.63,0.00,238.41,1,4.19,1
vllm,self_consistency,37,226.75,0.00,248.62,1,4.02,1
vllm,self_consistency,38,225.94,0.00,246.14,1,4.06,1
vllm,self_consistency,39,102.06,0.00,129.63,1,7.71,1
vllm,self_consistency,40,79.16,0.00,83.18,1,12.02,1
vllm,self_consistency,41,341.54,0.00,352.05,1,2.84,1
vllm,self_consistency,42,207.40,0.00,210.66,1,4.75,1
vllm,self_consistency,43,310.96,0.00,331.30,1,3.02,1
vllm,self_consistency,44,172.01,0.00,378.72,1,2.64,1
vllm,self_consistency,45,318.00,0.00,361.43,1,2.77,1
vllm,self_consistency,46,202.95,0.00,213.37,1,4.69,1
vllm,self_consistency,47,76.72,0.00,109.68,1,9.12,1
vllm,self_consistency,48,378.06,0.00,423.68,1,2.36,1
vllm,self_consistency,49,169.54,0.00,217.28,1,4.60,1
vllm,self_consistency,50,298.92,0.00,314.37,1,3.18,1
vllm,self_consistency,51,193.90,0.00,216.11,1,4.63,1
vllm,self_consistency,52,249.31,0.00,262.36,1,3.81,1
vllm,self_consistency,53,178.28,0.00,238.23,1,4.20,1
vllm,self_consistency,54,185.74,0.00,221.69,1,4.51,1
vllm,self_consistency,55,77.70,0.00,90.73,1,11.02,1
vllm,self_consistency,56,253.70,0.00,268.00,1,3.73,1
vllm,self_consistency,57,229.66,0.00,229.96,1,4.35,1
vllm,self_consistency,58,152.83,0.00,156.55,1,6.39,1
vllm,self_consistency,59,211.21,0.00,290.19,1,3.45,1
vllm,self_consistency,60,146.83,0.00,187.29,1,5.34,1
vllm,self_consistency,61,104.94,0.00,118.28,1,8.45,1
vllm,self_consistency,62,126.66,0.00,169.65,1,5.89,1
vllm,self_consistency,63,167.92,0.00,253.60,1,3.94,1
vllm,self_consistency,64,251.09,0.00,251.38,1,3.98,1
vllm,self_consistency,65,242.52,0.00,252.88,1,3.95,1
vllm,self_consistency,66,136.69,0.00,146.85,1,6.81,1
vllm,self_consistency,67,285.33,0.00,298.83,1,3.35,1
vllm,self_consistency,68,149.93,0.00,217.74,1,4.59,1
vllm,self_consistency,69,236.88,0.00,252.13,1,3.97,1
vllm,self_consistency,70,139.99,0.00,144.32,1,6.93,1
vllm,self_consistency,71,262.63,0.00,285.94,1,3.50,1
vllm,self_consistency,72,100.42,0.00,159.30,1,6.28,1
vllm,self_consistency,73,178.98,0.00,194.71,1,5.14,1
vllm,self_consistency,74,121.92,0.00,163.83,1,6.10,1
vllm,self_consistency,75,94.67,0.00,94.97,1,10.53,1
vllm,self_consistency,76,85.25,0.00,99.30,1,10.07,1
vllm,self_consistency,77,244.34,0.00,244.62,1,4.09,1
vllm,self_consistency,78,127.23,0.00,176.31,1,5.67,1
vllm,self_consistency,79,155.79,0.00,246.66,1,4.05,1
vllm,self_consistency,80,254.24,0.00,259.57,1,3.85,1
vllm,self_consistency,81,230.25,0.00,237.49,1,4.21,1
vllm,self_consistency,82,281.83,0.00,306.75,1,3.26,1
vllm,self_consistency,83,125.78,0.00,212.94,1,4.70,1
vllm,self_consistency,84,324.64,0.00,405.27,1,2.47,1
vllm,self_consistency,85,185.76,0.00,186.10,1,5.37,1
vllm,self_consistency,86,316.41,0.00,350.78,1,2.85,1
vllm,self_consistency,87,142.95,0.00,212.27,1,4.71,1
vllm,self_consistency,88,297.33,0.00,297.61,1,3.36,1
vllm,self_consistency,89,192.13,0.00,202.45,1,4.94,1
vllm,self_consistency,90,217.74,0.00,218.04,1,4.59,1
vllm,self_consistency,91,179.21,0.00,198.87,1,5.03,1
vllm,self_consistency,92,240.50,0.00,240.88,1,4.15,1
vllm,self_consistency,93,110.82,0.00,111.10,1,9.00,1
vllm,self_consistency,94,120.38,0.00,129.47,1,7.72,1
vllm,self_consistency,95,150.28,0.00,150.54,1,6.64,1
vllm,self_consistency,96,129.13,0.00,155.83,1,6.42,1
vllm,self_consistency,97,191.98,0.00,273.23,1,3.66,1
vllm,self_consistency,98,165.33,0.00,182.70,1,5.47,1
vllm,self_consistency,99,112.42,0.00,142.93,1,7.00,1
vllm,self_consistency,100,264.24,0.00,289.10,1,3.46,1
vllm,self_consistency,101,266.99,0.00,267.25,1,3.74,1
vllm,self_consistency,102,87.94,0.00,113.53,1,8.81,1
vllm,self_consistency,103,205.73,0.00,220.83,1,4.53,1
vllm,self_consistency,104,180.15,0.00,198.84,1,5.03,1
vllm,self_consistency,105,230.91,0.00,278.86,1,3.59,1
vllm,self_consistency,106,188.52,0.00,208.87,1,4.79,1
vllm,self_consistency,107,67.80,0.00,95.29,1,10.49,1
vllm,self_consistency,108,210.31,0.00,239.39,1,4.18,1
vllm,self_consistency,109,162.23,0.00,167.49,1,5.97,1
vllm,self_consistency,110,186.26,0.00,191.00,1,5.24,1
vllm,self_consistency,111,132.14,0.00,150.17,1,6.66,1
vllm,self_consistency,112,271.09,0.00,312.29,1,3.20,1
vllm,self_consistency,113,137.02,0.00,137.28,1,7.28,1
vllm,self_consistency,114,296.33,0.00,300.88,1,3.32,1
vllm,self_consistency,115,202.98,0.00,237.02,1,4.22,1
vllm,self_consistency,116,137.29,0.00,137.58,1,7.27,1
vllm,self_consistency,117,174.13,0.00,178.62,1,5.60,1
vllm,self_consistency,118,108.89,0.00,122.42,1,8.17,1
vllm,self_consistency,119,339.63,0.00,369.69,1,2.70,1
vllm,self_consistency,120,195.45,0.00,200.39,1,4.99,1
vllm,self_consistency,121,203.76,0.00,233.70,1,4.28,1
vllm,self_consistency,122,129.60,0.00,162.52,1,6.15,1
vllm,self_consistency,123,198.89,0.00,204.17,1,4.90,1
vllm,self_consistency,124,212.99,0.00,213.37,1,4.69,1
vllm,self_consistency,125,153.87,0.00,168.37,1,5.94,1
vllm,self_consistency,126,257.96,0.00,258.21,1,3.87,1
vllm,self_consistency,127,108.59,0.00,149.02,1,6.71,1
vllm,self_consistency,128,228.82,0.00,239.30,1,4.18,1
vllm,self_consistency,129,203.65,0.00,204.00,1,4.90,1
vllm,self_consistency,130,154.02,0.00,190.97,1,5.24,1
vllm,self_consistency,131,166.67,0.00,185.98,1,5.38,1
vllm,self_consistency,132,129.63,0.00,172.73,1,5.79,1
vllm,self_consistency,133,449.51,0.00,463.70,1,2.16,1
vllm,self_consistency,134,96.90,0.00,111.18,1,8.99,1
vllm,self_consistency,135,256.47,0.00,260.97,1,3.83,1
vllm,self_consistency,136,159.61,0.00,159.86,1,6.26,1
vllm,self_consistency,137,182.54,0.00,182.85,1,5.47,1
vllm,self_consistency,138,79.81,0.00,124.09,1,8.06,1
vllm,self_consistency,139,89.20,0.00,89.49,1,11.17,1
vllm,self_consistency,140,67.11,0.00,76.11,1,13.14,1
vllm,self_consistency,141,92.40,0.00,107.87,1,9.27,1
vllm,self_consistency,142,297.54,0.00,297.85,1,3.36,1
vllm,self_consistency,143,217.32,0.00,223.19,1,4.48,1
vllm,self_consistency,144,806.07,0.00,806.38,1,1.24,1
vllm,self_consistency,145,116.89,0.00,137.37,1,7.28,1
vllm,self_consistency,146,462.53,0.00,463.05,1,2.16,1
vllm,self_consistency,147,173.35,0.00,236.84,1,4.22,1
vllm,self_consistency,148,298.23,0.00,298.53,1,3.35,1
vllm,self_consistency,149,165.07,0.00,170.14,1,5.88,1
vllm,self_consistency,150,233.83,0.00,246.56,1,4.06,1
vllm,self_consistency,151,181.89,0.00,211.84,1,4.72,1
vllm,self_consistency,152,80.03,0.00,97.76,1,10.23,1
vllm,self_consistency,153,63.84,0.00,94.18,1,10.62,1
vllm,self_consistency,154,181.39,0.00,219.53,1,4.56,1
vllm,self_consistency,155,260.86,0.00,311.23,1,3.21,1
vllm,self_consistency,156,175.83,0.00,176.11,1,5.68,1
vllm,self_consistency,157,264.62,0.00,264.87,1,3.78,1
vllm,self_consistency,158,413.00,0.00,426.64,1,2.34,1
vllm,self_consistency,159,410.78,0.00,526.91,1,1.90,1
vllm,self_consistency,160,277.63,0.00,375.50,1,2.66,1
vllm,self_consistency,161,191.89,0.00,232.44,1,4.30,1
vllm,self_consistency,162,191.41,0.00,246.36,1,4.06,1
vllm,self_consistency,163,211.50,0.00,221.83,1,4.51,1
vllm,self_consistency,164,192.74,0.00,264.26,1,3.78,1
vllm,self_consistency,165,96.42,0.00,140.88,1,7.10,1
vllm,self_consistency,166,234.30,0.00,244.23,1,4.09,1
vllm,self_consistency,167,143.65,0.00,158.15,1,6.32,1
vllm,self_consistency,168,174.34,0.00,179.06,1,5.58,1
vllm,self_consistency,169,111.24,0.00,121.65,1,8.22,1
vllm,self_consistency,170,111.15,0.00,149.08,1,6.71,1
vllm,self_consistency,171,63.31,0.00,98.20,1,10.18,1
vllm,self_consistency,172,354.93,0.00,355.32,1,2.81,1
vllm,self_consistency,173,198.52,0.00,262.57,1,3.81,1
vllm,self_consistency,174,200.28,0.00,205.64,1,4.86,1
vllm,self_consistency,175,162.93,0.00,167.93,1,5.95,1
vllm,self_consistency,176,254.76,0.00,271.21,1,3.69,1
vllm,self_consistency,177,204.19,0.00,204.57,1,4.89,1
vllm,self_consistency,178,217.67,0.00,222.31,1,4.50,1
vllm,self_consistency,179,226.70,0.00,253.57,1,3.94,1
vllm,self_consistency,180,223.93,0.00,349.49,1,2.86,1
vllm,self_consistency,181,175.59,0.00,179.63,1,5.57,1
vllm,self_consistency,182,124.60,0.00,128.50,1,7.78,1
vllm,self_consistency,183,181.11,0.00,227.46,1,4.40,1
vllm,self_consistency,184,99.07,0.00,197.11,1,5.07,1
vllm,self_consistency,185,188.85,0.00,189.14,1,5.29,1
vllm,self_consistency,186,115.29,0.00,138.12,1,7.24,1
vllm,self_consistency,187,227.37,0.00,241.45,1,4.14,1
vllm,self_consistency,188,184.20,0.00,200.97,1,4.98,1
vllm,self_consistency,189,225.53,0.00,234.99,1,4.26,1
vllm,self_consistency,190,92.88,0.00,97.42,1,10.27,1
vllm,self_consistency,191,55.48,0.00,77.97,1,12.82,1
vllm,self_consistency,192,205.26,0.00,240.04,1,4.17,1
vllm,self_consistency,193,147.98,0.00,172.34,1,5.80,1
vllm,self_consistency,194,148.37,0.00,172.69,1,5.79,1
vllm,self_consistency,195,230.07,0.00,285.11,1,3.51,1
vllm,self_consistency,196,359.31,0.00,384.31,1,2.60,1
vllm,self_consistency,197,223.82,0.00,224.07,1,4.46,1
vllm,self_consistency,198,125.01,0.00,164.10,1,6.09,1
vllm,self_consistency,199,250.54,0.00,256.85,1,3.89,1
vllm,self_consistency,200,87.79,0.00,88.07,1,11.35,1
vllm,self_consistency,201,153.24,0.00,156.63,1,6.38,1
vllm,self_consistency,202,204.10,0.00,209.38,1,4.78,1
vllm,self_consistency,203,109.93,0.00,141.57,1,7.06,1
vllm,self_consistency,204,142.72,0.00,159.44,1,6.27,1
vllm,self_consistency,205,208.22,0.00,208.51,1,4.80,1
vllm,self_consistency,206,333.38,0.00,338.37,1,2.96,1
vllm,self_consistency,207,261.64,0.00,339.36,1,2.95,1
vllm,self_consistency,208,193.76,0.00,203.64,1,4.91,1
vllm,self_consistency,209,153.49,0.00,153.75,1,6.50,1
vllm,self_consistency,210,268.25,0.00,273.22,1,3.66,1
vllm,self_consistency,211,187.91,0.00,208.19,1,4.80,1
vllm,self_consistency,212,122.06,0.00,286.22,1,3.49,1
vllm,self_consistency,213,249.85,0.00,258.91,1,3.86,1
vllm,self_consistency,214,86.88,0.00,91.37,1,10.94,1
vllm,self_consistency,215,87.55,0.00,97.69,1,10.24,1
vllm,self_consistency,216,228.73,0.00,229.08,1,4.37,1
vllm,self_consistency,217,351.59,0.00,385.63,1,2.59,1
vllm,self_consistency,218,183.03,0.00,302.87,1,3.30,1
vllm,self_consistency,219,98.79,0.00,224.03,1,4.46,1
vllm,self_consistency,220,132.23,0.00,152.25,1,6.57,1
vllm,self_consistency,221,120.61,0.00,125.96,1,7.94,1
vllm,self_consistency,222,95.36,0.00,119.92,1,8.34,1
vllm,self_consistency,223,166.42,0.00,170.12,1,5.88,1
vllm,self_consistency,224,216.29,0.00,216.58,1,4.62,1
vllm,self_consistency,225,253.21,0.00,263.58,1,3.79,1
vllm,self_consistency,226,94.74,0.00,118.83,1,8.42,1
vllm,self_consistency,227,66.21,0.00,101.94,1,9.81,1
vllm,self_consistency,228,289.63,0.00,309.56,1,3.23,1
vllm,self_consistency,229,303.12,0.00,303.38,1,3.30,1
vllm,self_consistency,230,223.29,0.00,342.72,1,2.92,1
vllm,self_consistency,231,141.77,0.00,154.92,1,6.46,1
vllm,self_consistency,232,156.34,0.00,189.09,1,5.29,1
vllm,self_consistency,233,284.13,0.00,304.31,1,3.29,1
vllm,self_consistency,234,173.87,0.00,189.47,1,5.28,1
vllm,self_consistency,235,108.51,0.00,119.13,1,8.39,1
vllm,self_consistency,236,202.91,0.00,232.78,1,4.30,1
vllm,self_consistency,237,259.28,0.00,259.56,1,3.85,1
vllm,self_consistency,238,205.31,0.00,221.28,1,4.52,1
vllm,self_consistency,239,134.70,0.00,147.34,1,6.79,1
vllm,self_consistency,240,152.30,0.00,152.60,1,6.55,1
vllm,self_consistency,241,309.19,0.00,319.51,1,3.13,1
vllm,self_consistency,242,183.70,0.00,188.61,1,5.30,1
vllm,self_consistency,243,213.29,0.00,242.69,1,4.12,1
vllm,self_consistency,244,236.09,0.00,236.33,1,4.23,1
vllm,self_consistency,245,64.15,0.00,90.75,1,11.02,1
vllm,self_consistency,246,275.75,0.00,291.27,1,3.43,1
vllm,self_consistency,247,290.85,0.00,291.13,1,3.43,1
vllm,self_consistency,248,199.02,0.00,227.65,1,4.39,1
vllm,self_consistency,249,147.93,0.00,276.69,1,3.61,1
vllm,self_consistency,250,130.21,0.00,142.30,1,7.03,1
vllm,self_consistency,251,216.73,0.00,236.67,1,4.23,1
vllm,self_consistency,252,132.64,0.00,132.89,1,7.52,1
vllm,self_consistency,253,188.28,0.00,192.46,1,5.20,1
vllm,self_consistency,254,85.65,0.00,92.09,1,10.86,1
vllm,self_consistency,255,151.03,0.00,175.56,1,5.70,1
vllm,self_consistency,256,312.26,0.00,312.50,1,3.20,1
vllm,self_consistency,257,153.99,0.00,161.78,1,6.18,1
vllm,self_consistency,258,65.25,0.00,85.42,1,11.71,1
vllm,self_consistency,259,173.48,0.00,178.43,1,5.60,1
vllm,self_consistency,260,148.15,0.00,166.50,1,6.01,1
vllm,self_consistency,261,93.93,0.00,119.91,1,8.34,1
vllm,self_consistency,262,79.41,0.00,107.88,1,9.27,1
vllm,self_consistency,263,192.91,0.00,197.33,1,5.07,1
vllm,self_consistency,264,201.71,0.00,224.39,1,4.46,1
vllm,self_consistency,265,78.06,0.00,93.70,1,10.67,1
vllm,self_consistency,266,154.77,0.00,163.16,1,6.13,1
vllm,self_consistency,267,238.59,0.00,262.26,1,3.81,1
vllm,self_consistency,268,150.68,0.00,163.54,1,6.11,1
vllm,self_consistency,269,344.49,0.00,404.17,1,2.47,1
vllm,self_consistency,270,150.34,0.00,178.18,1,5.61,1
vllm,self_consistency,271,230.34,0.00,260.21,1,3.84,1
vllm,self_consistency,272,232.25,0.00,251.76,1,3.97,1
vllm,self_consistency,273,116.46,0.00,161.45,1,6.19,1
vllm,self_consistency,274,57.75,0.00,83.40,1,11.99,1
vllm,self_consistency,275,160.46,0.00,199.75,1,5.01,1
vllm,self_consistency,276,200.63,0.00,205.78,1,4.86,1
vllm,self_consistency,277,182.71,0.00,186.58,1,5.36,1
vllm,self_consistency,278,353.30,0.00,378.60,1,2.64,1
vllm,self_consistency,279,142.02,0.00,203.74,1,4.91,1
vllm,self_consistency,280,310.55,0.00,415.47,1,2.41,1
vllm,self_consistency,281,214.31,0.00,214.66,1,4.66,1
vllm,self_consistency,282,126.01,0.00,126.33,1,7.92,1
vllm,self_consistency,283,155.16,0.00,155.42,1,6.43,1
vllm,self_consistency,284,72.13,0.00,114.10,1,8.76,1
vllm,self_consistency,285,181.24,0.00,211.75,1,4.72,1
vllm,self_consistency,286,94.13,0.00,103.14,1,9.70,1
vllm,self_consistency,287,199.66,0.00,214.52,1,4.66,1
vllm,self_consistency,288,180.66,0.00,190.83,1,5.24,1
vllm,self_consistency,289,311.85,0.00,326.65,1,3.06,1
vllm,self_consistency,290,172.52,0.00,209.30,1,4.78,1
vllm,self_consistency,291,129.48,0.00,196.64,1,5.09,1
vllm,self_consistency,292,361.06,0.00,361.43,1,2.77,1
vllm,self_consistency,293,247.85,0.00,267.32,1,3.74,1
vllm,self_consistency,294,224.65,0.00,224.94,1,4.45,1
vllm,self_consistency,295,226.32,0.00,241.35,1,4.14,1
vllm,self_consistency,296,194.78,0.00,221.95,1,4.51,1
vllm,self_consistency,297,149.75,0.00,179.07,1,5.58,1
vllm,self_consistency,298,143.15,0.00,171.26,1,5.84,1
vllm,self_consistency,299,233.34,0.00,233.67,1,4.28,1
vllm,self_consistency,300,264.35,0.00,375.54,1,2.66,1
vllm,self_consistency,301,161.86,0.00,162.19,1,6.17,1
vllm,self_consistency,302,345.14,0.00,399.46,1,2.50,1
vllm,self_consistency,303,323.55,0.00,333.10,1,3.00,1
vllm,self_consistency,304,167.51,0.00,167.79,1,5.96,1
vllm,self_consistency,305,167.53,0.00,167.81,1,5.96,1
vllm,self_consistency,306,118.93,0.00,139.38,1,7.17,1
vllm,self_consistency,307,281.73,0.00,282.02,1,3.55,1
vllm,self_consistency,308,159.43,0.00,176.40,1,5.67,1
vllm,self_consistency,309,195.83,0.00,201.19,1,4.97,1
vllm,self_consistency,310,73.57,0.00,73.84,1,13.54,1
vllm,self_consistency,311,124.34,0.00,156.03,1,6.41,1
vllm,self_consistency,312,214.43,0.00,224.31,1,4.46,1
vllm,self_consistency,313,337.97,0.00,338.26,1,2.96,1
vllm,self_consistency,314,120.46,0.00,140.37,1,7.12,1
vllm,self_consistency,315,148.35,0.00,148.69,1,6.73,1
vllm,self_consistency,316,85.37,0.00,103.77,1,9.64,1
vllm,self_consistency,317,67.52,0.00,75.73,1,13.20,1
vllm,self_consistency,318,327.41,0.00,337.09,1,2.97,1
vllm,self_consistency,319,221.46,0.00,221.74,1,4.51,1
vllm,self_consistency,320,311.35,0.00,331.07,1,3.02,1
vllm,self_consistency,321,448.24,0.00,448.56,1,2.23,1
vllm,self_consistency,322,242.30,0.00,246.72,1,4.05,1
vllm,self_consistency,323,241.04,0.00,262.58,1,3.81,1
vllm,self_consistency,324,165.69,0.00,176.04,1,5.68,1
vllm,self_consistency,325,320.93,0.00,321.22,1,3.11,1
vllm,self_consistency,326,374.74,0.00,395.46,1,2.53,1
vllm,self_consistency,327,278.81,0.00,302.75,1,3.30,1
vllm,self_consistency,328,165.69,0.00,220.12,1,4.54,1
vllm,self_consistency,329,99.58,0.00,145.26,1,6.88,1
vllm,self_consistency,330,240.56,0.00,295.07,1,3.39,1
vllm,self_consistency,331,286.78,0.00,324.21,1,3.08,1
vllm,self_consistency,332,160.63,0.00,175.95,1,5.68,1
vllm,self_consistency,333,196.26,0.00,320.18,1,3.12,1
vllm,self_consistency,334,72.51,0.00,72.79,1,13.74,1
vllm,self_consistency,335,162.34,0.00,186.29,1,5.37,1
vllm,self_consistency,336,334.18,0.00,334.49,1,2.99,1
vllm,self_consistency,337,212.46,0.00,242.61,1,4.12,1
vllm,self_consistency,338,111.81,0.00,188.77,1,5.30,1
vllm,self_consistency,339,164.93,0.00,165.28,1,6.05,1
vllm,self_consistency,340,128.25,0.00,128.59,1,7.78,1
vllm,self_consistency,341,350.72,0.00,384.87,1,2.60,1
vllm,self_consistency,342,156.04,0.00,156.28,1,6.40,1
vllm,self_consistency,343,189.56,0.00,204.21,1,4.90,1
vllm,self_consistency,344,143.14,0.00,145.77,1,6.86,1
vllm,self_consistency,345,119.67,0.00,149.50,1,6.69,1
vllm,self_consistency,346,149.42,0.00,154.74,1,6.46,1
vllm,self_consistency,347,313.67,0.00,314.04,1,3.18,1
vllm,self_consistency,348,141.64,0.00,170.69,1,5.86,1
vllm,self_consistency,349,109.43,0.00,130.30,1,7.67,1
vllm,self_consistency,350,222.68,0.00,222.93,1,4.49,1
vllm,self_consistency,351,177.71,0.00,182.82,1,5.47,1
vllm,self_consistency,352,145.22,0.00,149.25,1,6.70,1
vllm,self_consistency,353,114.32,0.00,200.87,1,4.98,1
vllm,self_consistency,354,338.63,0.00,419.01,1,2.39,1
vllm,self_consistency,355,112.86,0.00,142.73,1,7.01,1
vllm,self_consistency,356,319.85,0.00,340.00,1,2.94,1
vllm,self_consistency,357,443.34,0.00,493.38,1,2.03,1
vllm,self_consistency,358,196.37,0.00,205.56,1,4.86,1
vllm,self_consistency,359,145.28,0.00,173.99,1,5.75,1
vllm,self_consistency,360,122.96,0.00,199.30,1,5.02,1
vllm,self_consistency,361,112.61,0.00,124.99,1,8.00,1
vllm,self_consistency,362,297.01,0.00,323.40,1,3.09,1
vllm,self_consistency,363,275.47,0.00,313.17,1,3.19,1
vllm,self_consistency,364,79.74,0.00,99.21,1,10.08,1
vllm,self_consistency,365,451.14,0.00,471.15,1,2.12,1
vllm,self_consistency,366,179.24,0.00,179.57,1,5.57,1
vllm,self_consistency,367,247.00,0.00,266.17,1,3.76,1
vllm,self_consistency,368,172.09,0.00,199.89,1,5.00,1
vllm,self_consistency,369,149.03,0.00,172.38,1,5.80,1
vllm,self_consistency,370,146.55,0.00,156.52,1,6.39,1
vllm,self_consistency,371,173.58,0.00,244.88,1,4.08,1
vllm,self_consistency,372,127.49,0.00,156.49,1,6.39,1
vllm,self_consistency,373,520.15,0.00,565.86,1,1.77,1
vllm,self_consistency,374,184.86,0.00,185.12,1,5.40,1
vllm,self_consistency,375,113.81,0.00,160.47,1,6.23,1
vllm,self_consistency,376,214.12,0.00,214.42,1,4.66,1
vllm,self_consistency,377,90.21,0.00,93.35,1,10.71,1
vllm,self_consistency,378,268.02,0.00,331.70,1,3.01,1
vllm,self_consistency,379,145.72,0.00,190.95,1,5.24,1
vllm,self_consistency,380,196.54,0.00,198.84,1,5.03,1
vllm,self_consistency,381,79.97,0.00,101.50,1,9.85,1
vllm,self_consistency,382,231.03,0.00,231.33,1,4.32,1
vllm,self_consistency,383,171.72,0.00,186.23,1,5.37,1
vllm,self_consistency,384,147.81,0.00,152.60,1,6.55,1
vllm,self_consistency,385,119.78,0.00,120.01,1,8.33,1
vllm,self_consistency,386,140.65,0.00,208.60,1,4.79,1
vllm,self_consistency,387,345.35,0.00,374.26,1,2.67,1
vllm,self_consistency,388,150.30,0.00,160.31,1,6.24,1
vllm,self_consistency,389,72.98,0.00,99.78,1,10.02,1
vllm,self_consistency,390,158.25,0.00,178.81,1,5.59,1
vllm,self_consistency,391,144.41,0.00,165.47,1,6.04,1
vllm,self_consistency,392,178.18,0.00,192.54,1,5.19,1
vllm,self_consistency,393,170.04,0.00,179.13,1,5.58,1
vllm,self_consistency,394,85.10,0.00,85.32,1,11.72,1
vllm,self_consistency,395,141.73,0.00,256.25,1,3.90,1
vllm,self_consistency,396,149.02,0.00,178.63,1,5.60,1
vllm,self_consistency,397,216.62,0.00,230.87,1,4.33,1
vllm,self_consistency,398,112.58,0.00,136.64,1,7.32,1
vllm,self_consistency,399,225.51,0.00,230.37,1,4.34,1
vllm,self_consistency,400,313.69,0.00,357.81,1,2.79,1
vllm,self_consistency,401,233.88,0.00,246.82,1,4.05,1
vllm,self_consistency,402,191.86,0.00,196.58,1,5.09,1
vllm,self_consistency,403,83.55,0.00,91.07,1,10.98,1
vllm,self_consistency,404,118.04,0.00,151.65,1,6.59,1
vllm,self_consistency,405,161.17,0.00,191.47,1,5.22,1
vllm,self_consistency,406,110.15,0.00,157.97,1,6.33,1
vllm,self_consistency,407,334.14,0.00,344.28,1,2.90,1
vllm,self_consistency,408,324.08,0.00,358.21,1,2.79,1
vllm,self_consistency,409,239.63,0.00,269.95,1,3.70,1
vllm,self_consistency,410,300.21,0.00,300.49,1,3.33,1
vllm,self_consistency,411,144.88,0.00,145.13,1,6.89,1
vllm,self_consistency,412,253.12,0.00,298.64,1,3.35,1
vllm,self_consistency,413,207.92,0.00,226.50,1,4.41,1
vllm,self_consistency,414,208.54,0.00,208.91,1,4.79,1
vllm,self_consistency,415,71.06,0.00,97.58,1,10.25,1
vllm,self_consistency,416,201.33,0.00,206.41,1,4.84,1
vllm,self_consistency,417,254.24,0.00,316.51,1,3.16,1
vllm,self_consistency,418,159.76,0.00,165.51,1,6.04,1
vllm,self_consistency,419,89.51,0.00,113.21,1,8.83,1
vllm,self_consistency,420,369.70,0.00,369.99,1,2.70,1
vllm,self_consistency,421,205.70,0.00,210.00,1,4.76,1
vllm,self_consistency,422,89.15,0.00,103.37,1,9.67,1
vllm,self_consistency,423,170.32,0.00,199.32,1,5.02,1
vllm,self_consistency,424,229.17,0.00,244.18,1,4.10,1
vllm,self_consistency,425,169.99,0.00,170.23,1,5.87,1
vllm,self_consistency,426,99.58,0.00,103.82,1,9.63,1
vllm,self_consistency,427,67.11,0.00,87.53,1,11.42,1
vllm,self_consistency,428,186.21,0.00,186.54,1,5.36,1
vllm,self_consistency,429,157.22,0.00,191.15,1,5.23,1
vllm,self_consistency,430,267.67,0.00,297.59,1,3.36,1
vllm,self_consistency,431,213.03,0.00,222.57,1,4.49,1
vllm,self_consistency,432,182.75,0.00,187.65,1,5.33,1
vllm,self_consistency,433,229.17,0.00,254.07,1,3.94,1
vllm,self_consistency,434,77.49,0.00,112.75,1,8.87,1
vllm,self_consistency,435,167.05,0.00,191.36,1,5.23,1
vllm,self_consistency,436,223.02,0.00,280.03,1,3.57,1
vllm,self_consistency,437,277.98,0.00,288.60,1,3.46,1
vllm,self_consistency,438,240.95,0.00,309.04,1,3.24,1
vllm,self_consistency,439,227.86,0.00,232.84,1,4.29,1
vllm,self_consistency,440,272.50,0.00,319.35,1,3.13,1
vllm,self_consistency,441,164.21,0.00,169.37,1,5.90,1
vllm,self_consistency,442,103.68,0.00,126.94,1,7.88,1
vllm,self_consistency,443,180.52,0.00,185.78,1,5.38,1
vllm,self_consistency,444,171.61,0.00,177.11,1,5.65,1
vllm,self_consistency,445,131.47,0.00,145.43,1,6.88,1
vllm,self_consistency,446,154.75,0.00,172.05,1,5.81,1
vllm,self_consistency,447,87.75,0.00,103.69,1,9.64,1
vllm,self_consistency,448,266.29,0.00,276.36,1,3.62,1
vllm,self_consistency,449,162.20,0.00,252.45,1,3.96,1
vllm,self_consistency,450,108.63,0.00,117.41,1,8.52,1
vllm,self_consistency,451,171.36,0.00,196.34,1,5.09,1
vllm,self_consistency,452,155.69,0.00,178.23,1,5.61,1
vllm,self_consistency,453,196.25,0.00,201.08,1,4.97,1
vllm,self_consistency,454,425.83,0.00,445.99,1,2.24,1
vllm,self_consistency,455,262.57,0.00,292.62,1,3.42,1
vllm,self_consistency,456,384.31,0.00,394.36,1,2.54,1
vllm,self_consistency,457,194.27,0.00,226.80,1,4.41,1
vllm,self_consistency,458,444.45,0.00,454.81,1,2.20,1
vllm,self_consistency,459,259.08,0.00,274.58,1,3.64,1
vllm,self_consistency,460,143.87,0.00,190.06,1,5.26,1
vllm,self_consistency,461,203.05,0.00,262.53,1,3.81,1
vllm,self_consistency,462,162.31,0.00,169.04,1,5.92,1
vllm,self_consistency,463,76.56,0.00,103.35,1,9.68,1
vllm,self_consistency,464,296.34,0.00,326.85,1,3.06,1
vllm,self_consistency,465,225.23,0.00,230.50,1,4.34,1
vllm,self_consistency,466,55.71,0.00,74.04,1,13.51,1
vllm,self_consistency,467,226.02,0.00,226.31,1,4.42,1
vllm,self_consistency,468,153.48,0.00,181.59,1,5.51,1
vllm,self_consistency,469,153.37,0.00,163.33,1,6.12,1
vllm,self_consistency,470,103.88,0.00,120.17,1,8.32,1
vllm,self_consistency,471,104.25,0.00,138.43,1,7.22,1
vllm,self_consistency,472,314.79,0.00,360.11,1,2.78,1
vllm,self_consistency,473,155.94,0.00,181.60,1,5.51,1
vllm,self_consistency,474,128.00,0.00,159.94,1,6.25,1
vllm,self_consistency,475,67.46,0.00,67.72,1,14.77,1
vllm,self_consistency,476,79.88,0.00,89.24,1,11.21,1
vllm,self_consistency,477,188.77,0.00,199.25,1,5.02,1
vllm,self_consistency,478,231.70,0.00,248.93,1,4.02,1
vllm,self_consistency,479,154.28,0.00,186.08,1,5.37,1
vllm,self_consistency,480,256.64,0.00,294.73,1,3.39,1
vllm,self_consistency,481,413.69,0.00,418.59,1,2.39,1
vllm,self_consistency,482,142.99,0.00,152.58,1,6.55,1
vllm,self_consistency,483,242.72,0.00,252.84,1,3.96,1
vllm,self_consistency,484,160.44,0.00,177.62,1,5.63,1
vllm,self_consistency,485,70.82,0.00,96.46,1,10.37,1
vllm,self_consistency,486,230.29,0.00,230.60,1,4.34,1
vllm,self_consistency,487,112.22,0.00,131.94,1,7.58,1
vllm,self_consistency,488,340.67,0.00,340.96,1,2.93,1
vllm,self_consistency,489,274.35,0.00,313.59,1,3.19,1
vllm,self_consistency,490,289.97,0.00,290.31,1,3.44,1
vllm,self_consistency,491,291.95,0.00,297.28,1,3.36,1
vllm,self_consistency,492,149.49,0.00,266.79,1,3.75,1
vllm,self_consistency,493,143.64,0.00,148.60,1,6.73,1
vllm,self_consistency,494,356.04,0.00,390.52,1,2.56,1
vllm,self_consistency,495,114.15,0.00,147.52,1,6.78,1
vllm,self_consistency,496,133.65,0.00,155.36,1,6.44,1
vllm,self_consistency,497,137.83,0.00,148.17,1,6.75,1
vllm,self_consistency,498,120.57,0.00,130.94,1,7.64,1
vllm,self_consistency,499,188.80,0.00,230.87,1,4.33,1
vllm,self_consistency,500,342.62,0.00,342.92,1,2.92,1
vllm,self_consistency,501,60.61,0.00,81.85,1,12.22,1
vllm,self_consistency,502,192.37,0.00,192.75,1,5.19,1
vllm,self_consistency,503,225.14,0.00,240.94,1,4.15,1
vllm,self_consistency,504,236.09,0.00,347.24,1,2.88,1
vllm,self_consistency,505,160.17,0.00,169.93,1,5.88,1
vllm,self_consistency,506,255.55,0.00,255.88,1,3.91,1
vllm,self_consistency,507,103.32,0.00,215.06,1,4.65,1
vllm,self_consistency,508,129.31,0.00,147.38,1,6.79,1
vllm,self_consistency,509,123.87,0.00,124.12,1,8.06,1
vllm,self_consistency,510,252.56,0.00,257.93,1,3.88,1
vllm,self_consistency,511,279.98,0.00,353.24,1,2.83,1
vllm,self_consistency,512,195.40,0.00,221.00,1,4.52,1
vllm,self_consistency,513,213.78,0.00,274.26,1,3.65,1
vllm,self_consistency,514,314.93,0.00,354.96,1,2.82,1
vllm,self_consistency,515,345.63,0.00,345.93,1,2.89,1
vllm,self_consistency,516,315.18,0.00,330.54,1,3.03,1
vllm,self_consistency,517,203.89,0.00,332.30,1,3.01,1
vllm,self_consistency,518,66.55,0.00,76.44,1,13.08,1
vllm,self_consistency,519,226.35,0.00,251.69,1,3.97,1
vllm,self_consistency,520,206.36,0.00,206.64,1,4.84,1
vllm,self_consistency,521,197.38,0.00,216.29,1,4.62,1
vllm,self_consistency,522,130.45,0.00,159.29,1,6.28,1
vllm,self_consistency,523,139.77,0.00,149.87,1,6.67,1
vllm,self_consistency,524,196.85,0.00,230.63,1,4.34,1
vllm,self_consistency,525,120.09,0.00,170.81,1,5.85,1
vllm,self_consistency,526,356.79,0.00,386.82,1,2.59,1
vllm,self_consistency,527,309.86,0.00,374.24,1,2.67,1
vllm,self_consistency,528,181.89,0.00,308.70,1,3.24,1
vllm,self_consistency,529,367.28,0.00,367.57,1,2.72,1
vllm,self_consistency,530,134.54,0.00,182.82,1,5.47,1
vllm,self_consistency,531,177.90,0.00,193.25,1,5.17,1
vllm,self_consistency,532,92.35,0.00,115.32,1,8.67,1
vllm,self_consistency,533,451.44,0.00,451.74,1,2.21,1
vllm,self_consistency,534,168.36,0.00,246.16,1,4.06,1
vllm,self_consistency,535,326.42,0.00,410.88,1,2.43,1
vllm,self_consistency,536,186.58,0.00,191.45,1,5.22,1
vllm,self_consistency,537,167.74,0.00,168.01,1,5.95,1
vllm,self_consistency,538,166.09,0.00,175.31,1,5.70,1
vllm,self_consistency,539,96.90,0.00,114.01,1,8.77,1
vllm,self_consistency,540,258.15,0.00,299.01,1,3.34,1
vllm,self_consistency,541,375.02,0.00,414.63,1,2.41,1
vllm,self_consistency,542,186.75,0.00,200.08,1,5.00,1
vllm,self_consistency,543,194.50,0.00,226.86,1,4.41,1
vllm,self_consistency,544,171.96,0.00,172.31,1,5.80,1
vllm,self_consistency,545,267.34,0.00,272.48,1,3.67,1
vllm,self_consistency,546,317.05,0.00,332.60,1,3.01,1
vllm,self_consistency,547,232.00,0.00,232.31,1,4.30,1
vllm,self_consistency,548,207.14,0.00,259.90,1,3.85,1
vllm,self_consistency,549,68.57,0.00,91.11,1,10.98,1
vllm,self_consistency,550,365.67,0.00,371.02,1,2.70,1
vllm,self_consistency,551,587.37,0.00,592.45,1,1.69,1
vllm,self_consistency,552,394.80,0.00,435.28,1,2.30,1
vllm,self_consistency,553,196.16,0.00,201.46,1,4.96,1
vllm,self_consistency,554,138.81,0.00,178.90,1,5.59,1
vllm,self_consistency,555,334.52,0.00,334.82,1,2.99,1
vllm,self_consistency,556,273.68,0.00,279.17,1,3.58,1
vllm,self_consistency,557,268.86,0.00,308.27,1,3.24,1
vllm,self_consistency,558,124.10,0.00,133.24,1,7.51,1
vllm,self_consistency,559,146.07,0.00,146.34,1,6.83,1
vllm,self_consistency,560,167.11,0.00,220.80,1,4.53,1
vllm,self_consistency,561,80.84,0.00,98.40,1,10.16,1
vllm,self_consistency,562,176.10,0.00,200.95,1,4.98,1
vllm,self_consistency,563,195.30,0.00,228.84,1,4.37,1
vllm,self_consistency,564,243.18,0.00,273.97,1,3.65,1
vllm,self_consistency,565,451.36,0.00,476.53,1,2.10,1
vllm,self_consistency,566,90.55,0.00,109.72,1,9.11,1
vllm,self_consistency,567,236.27,0.00,241.62,1,4.14,1
vllm,self_consistency,568,231.28,0.00,231.55,1,4.32,1
vllm,self_consistency,569,72.31,0.00,97.02,1,10.31,1
vllm,self_consistency,570,265.91,0.00,296.38,1,3.37,1
vllm,self_consistency,571,119.84,0.00,192.07,1,5.21,1
vllm,self_consistency,572,309.95,0.00,325.09,1,3.08,1
vllm,self_consistency,573,133.35,0.00,133.62,1,7.48,1
vllm,self_consistency,574,163.23,0.00,220.33,1,4.54,1
vllm,self_consistency,575,199.73,0.00,204.93,1,4.88,1
vllm,self_consistency,576,160.15,0.00,184.02,1,5.43,1
vllm,self_consistency,577,296.35,0.00,306.54,1,3.26,1
vllm,self_consistency,578,192.59,0.00,192.85,1,5.19,1
vllm,self_consistency,579,205.25,0.00,258.24,1,3.87,1
vllm,self_consistency,580,114.29,0.00,131.21,1,7.62,1
vllm,self_consistency,581,174.23,0.00,230.97,1,4.33,1
vllm,self_consistency,582,118.73,0.00,172.94,1,5.78,1
vllm,self_consistency,583,176.98,0.00,261.74,1,3.82,1
vllm,self_consistency,584,218.36,0.00,239.28,1,4.18,1
vllm,self_consistency,585,140.06,0.00,157.43,1,6.35,1
vllm,self_consistency,586,43.43,0.00,62.33,1,16.04,1
vllm,self_consistency,587,192.42,0.00,247.69,1,4.04,1
vllm,self_consistency,588,393.27,0.00,393.59,1,2.54,1
vllm,self_consistency,589,320.91,0.00,335.60,1,2.98,1
vllm,self_consistency,590,217.95,0.00,227.70,1,4.39,1
vllm,self_consistency,591,313.44,0.00,379.23,1,2.64,1
vllm,self_consistency,592,167.26,0.00,188.28,1,5.31,1
vllm,self_consistency,593,203.40,0.00,203.76,1,4.91,1
vllm,self_consistency,594,201.18,0.00,221.17,1,4.52,1
vllm,self_consistency,595,180.69,0.00,181.02,1,5.52,1
vllm,self_consistency,596,216.72,0.00,221.95,1,4.51,1
vllm,self_consistency,597,130.11,0.00,135.04,1,7.41,1
vllm,self_consistency,598,270.78,0.00,274.22,1,3.65,1
vllm,self_consistency,599,136.22,0.00,195.57,1,5.11,1
vllm,self_consistency,600,163.32,0.00,188.31,1,5.31,1
vllm,self_consistency,601,183.26,0.00,227.58,1,4.39,1
vllm,self_consistency,602,365.13,0.00,365.41,1,2.74,1
vllm,self_consistency,603,280.46,0.00,300.19,1,3.33,1
vllm,self_consistency,604,294.67,0.00,318.62,1,3.14,1
vllm,self_consistency,605,65.55,0.00,105.52,1,9.48,1
vllm,self_consistency,606,238.47,0.00,256.69,1,3.90,1
vllm,self_consistency,607,173.56,0.00,221.77,1,4.51,1
vllm,self_consistency,608,183.58,0.00,185.81,1,5.38,1
vllm,self_consistency,609,180.95,0.00,222.91,1,4.49,1
vllm,self_consistency,610,148.56,0.00,225.51,1,4.43,1
vllm,self_consistency,611,211.45,0.00,244.99,1,4.08,1
vllm,self_consistency,612,175.88,0.00,206.34,1,4.85,1
vllm,self_consistency,613,213.40,0.00,213.70,1,4.68,1
vllm,self_consistency,614,109.66,0.00,128.77,1,7.77,1
vllm,self_consistency,615,225.29,0.00,228.89,1,4.37,1
vllm,self_consistency,616,181.44,0.00,230.19,1,4.34,1
vllm,self_consistency,617,125.94,0.00,160.52,1,6.23,1
vllm,self_consistency,618,407.77,0.00,411.66,1,2.43,1
vllm,self_consistency,619,264.30,0.00,269.58,1,3.71,1
vllm,self_consistency,620,428.47,0.00,428.80,1,2.33,1
vllm,self_consistency,621,239.65,0.00,266.85,1,3.75,1
vllm,self_consistency,622,225.38,0.00,225.68,1,4.43,1
vllm,self_consistency,623,291.45,0.00,310.51,1,3.22,1
vllm,self_consistency,624,165.07,0.00,184.39,1,5.42,1
vllm,self_consistency,625,200.12,0.00,210.12,1,4.76,1
vllm,self_consistency,626,174.81,0.00,195.14,1,5.12,1
vllm,self_consistency,627,161.88,0.00,179.74,1,5.56,1
vllm,self_consistency,628,132.83,0.00,210.40,1,4.75,1
vllm,self_consistency,629,156.48,0.00,156.78,1,6.38,1
vllm,self_consistency,630,217.25,0.00,235.17,1,4.25,1
vllm,self_consistency,631,124.76,0.00,166.09,1,6.02,1
vllm,self_consistency,632,172.24,0.00,182.21,1,5.49,1
vllm,self_consistency,633,165.56,0.00,188.39,1,5.31,1
vllm,self_consistency,634,328.07,0.00,328.39,1,3.05,1
vllm,self_consistency,635,223.01,0.00,253.80,1,3.94,1
vllm,self_consistency,636,210.55,0.00,240.48,1,4.16,1
vllm,self_consistency,637,122.71,0.00,159.53,1,6.27,1
vllm,self_consistency,638,180.58,0.00,195.52,1,5.11,1
vllm,self_consistency,639,210.99,0.00,215.11,1,4.65,1
vllm,self_consistency,640,256.57,0.00,291.74,1,3.43,1
vllm,self_consistency,641,189.90,0.00,202.93,1,4.93,1
vllm,self_consistency,642,122.33,0.00,122.66,1,8.15,1
vllm,self_consistency,643,76.28,0.00,76.62,1,13.05,1
vllm,self_consistency,644,556.47,0.00,581.19,1,1.72,1
vllm,self_consistency,645,283.28,0.00,298.14,1,3.35,1
vllm,self_consistency,646,128.47,0.00,142.49,1,7.02,1
vllm,self_consistency,647,142.64,0.00,150.48,1,6.65,1
vllm,self_consistency,648,413.64,0.00,423.44,1,2.36,1
vllm,self_consistency,649,119.81,0.00,161.06,1,6.21,1
vllm,self_consistency,650,311.67,0.00,337.39,1,2.96,1
vllm,self_consistency,651,177.62,0.00,207.17,1,4.83,1
vllm,self_consistency,652,66.53,0.00,91.60,1,10.92,1
vllm,self_consistency,653,207.22,0.00,207.51,1,4.82,1
vllm,self_consistency,654,355.60,0.00,370.12,1,2.70,1
vllm,self_consistency,655,378.54,0.00,464.10,1,2.15,1
vllm,self_consistency,656,368.93,0.00,369.23,1,2.71,1
vllm,self_consistency,657,116.92,0.00,141.08,1,7.09,1
vllm,self_consistency,658,192.44,0.00,227.83,1,4.39,1
vllm,self_consistency,659,238.35,0.00,253.14,1,3.95,1
vllm,self_consistency,660,169.65,0.00,185.39,1,5.39,1
vllm,self_consistency,661,198.96,0.00,199.28,1,5.02,1
vllm,self_consistency,662,178.34,0.00,193.40,1,5.17,1
vllm,self_consistency,663,287.94,0.00,298.33,1,3.35,1
vllm,self_consistency,664,81.90,0.00,113.38,1,8.82,1
vllm,self_consistency,665,307.06,0.00,307.33,1,3.25,1
vllm,self_consistency,666,230.53,0.00,235.15,1,4.25,1
vllm,self_consistency,667,196.22,0.00,211.09,1,4.74,1
vllm,self_consistency,668,218.86,0.00,223.79,1,4.47,1
vllm,self_consistency,669,108.31,0.00,127.50,1,7.84,1
vllm,self_consistency,670,233.95,0.00,239.11,1,4.18,1
vllm,self_consistency,671,231.31,0.00,321.84,1,3.11,1
vllm,self_consistency,672,196.66,0.00,201.39,1,4.97,1
vllm,self_consistency,673,282.18,0.00,287.48,1,3.48,1
vllm,self_consistency,674,231.48,0.00,231.74,1,4.32,1
vllm,self_consistency,675,208.09,0.00,212.54,1,4.70,1
vllm,self_consistency,676,223.07,0.00,232.28,1,4.31,1
vllm,self_consistency,677,166.36,0.00,190.41,1,5.25,1
vllm,self_consistency,678,199.83,0.00,200.10,1,5.00,1
vllm,self_consistency,679,167.07,0.00,215.09,1,4.65,1
vllm,self_consistency,680,229.41,0.00,249.85,1,4.00,1
vllm,self_consistency,681,288.19,0.00,354.94,1,2.82,1
vllm,self_consistency,682,135.08,0.00,153.27,1,6.52,1
vllm,self_consistency,683,176.80,0.00,270.61,1,3.70,1
vllm,self_consistency,684,316.32,0.00,325.73,1,3.07,1
vllm,self_consistency,685,199.62,0.00,204.03,1,4.90,1
vllm,self_consistency,686,130.21,0.00,148.17,1,6.75,1
vllm,self_consistency,687,161.92,0.00,235.85,1,4.24,1
vllm,self_consistency,688,531.38,0.00,628.23,1,1.59,1
vllm,self_consistency,689,275.49,0.00,275.84,1,3.63,1
vllm,self_consistency,690,184.37,0.00,227.32,1,4.40,1
vllm,self_consistency,691,168.02,0.00,182.30,1,5.49,1
vllm,self_consistency,692,121.47,0.00,142.42,1,7.02,1
vllm,self_consistency,693,142.41,0.00,196.10,1,5.10,1
vllm,self_consistency,694,341.84,0.00,345.95,1,2.89,1
vllm,self_consistency,695,206.21,0.00,211.12,1,4.74,1
vllm,self_consistency,696,94.26,0.00,185.71,1,5.38,1
vllm,self_consistency,697,233.17,0.00,233.44,1,4.28,1
vllm,self_consistency,698,345.31,0.00,345.62,1,2.89,1
vllm,self_consistency,699,401.64,0.00,401.99,1,2.49,1
vllm,self_consistency,700,168.89,0.00,198.11,1,5.05,1
vllm,self_consistency,701,332.92,0.00,338.11,1,2.96,1
vllm,self_consistency,702,155.08,0.00,167.41,1,5.97,1
vllm,self_consistency,703,164.09,0.00,168.22,1,5.94,1
vllm,self_consistency,704,166.42,0.00,211.98,1,4.72,1
vllm,self_consistency,705,212.91,0.00,240.56,1,4.16,1
vllm,self_consistency,706,187.26,0.00,187.51,1,5.33,1
vllm,self_consistency,707,205.89,0.00,211.40,1,4.73,1
vllm,self_consistency,708,217.35,0.00,242.88,1,4.12,1
vllm,self_consistency,709,205.65,0.00,219.87,1,4.55,1
vllm,self_consistency,710,210.80,0.00,291.86,1,3.43,1
vllm,self_consistency,711,118.83,0.00,155.84,1,6.42,1
vllm,self_consistency,712,61.14,0.00,96.64,1,10.35,1
vllm,self_consistency,713,268.86,0.00,312.14,1,3.20,1
vllm,self_consistency,714,128.98,0.00,129.24,1,7.74,1
vllm,self_consistency,715,236.83,0.00,281.20,1,3.56,1
vllm,self_consistency,716,277.12,0.00,355.19,1,2.82,1
vllm,self_consistency,717,118.32,0.00,134.17,1,7.45,1
vllm,self_consistency,718,264.47,0.00,264.86,1,3.78,1
vllm,self_consistency,719,251.52,0.00,251.83,1,3.97,1
vllm,self_consistency,720,268.31,0.00,268.62,1,3.72,1
vllm,self_consistency,721,290.04,0.00,290.29,1,3.44,1
vllm,self_consistency,722,353.31,0.00,373.78,1,2.68,1
vllm,self_consistency,723,176.28,0.00,216.61,1,4.62,1
vllm,self_consistency,724,109.82,0.00,174.64,1,5.73,1
vllm,self_consistency,725,108.37,0.00,147.96,1,6.76,1
vllm,self_consistency,726,174.55,0.00,190.63,1,5.25,1
vllm,self_consistency,727,183.55,0.00,184.04,1,5.43,1
vllm,self_consistency,728,271.62,0.00,299.17,1,3.34,1
vllm,self_consistency,729,320.10,0.00,391.81,1,2.55,1
vllm,self_consistency,730,128.74,0.00,258.76,1,3.86,1
vllm,self_consistency,731,188.63,0.00,198.74,1,5.03,1
vllm,self_consistency,732,366.36,0.00,369.78,1,2.70,1
vllm,self_consistency,733,225.87,0.00,252.99,1,3.95,1
vllm,self_consistency,734,196.96,0.00,201.29,1,4.97,1
vllm,self_consistency,735,95.87,0.00,100.54,1,9.95,1
vllm,self_consistency,736,285.13,0.00,289.83,1,3.45,1
vllm,self_consistency,737,171.34,0.00,203.71,1,4.91,1
vllm,self_consistency,738,246.69,0.00,262.10,1,3.82,1
vllm,self_consistency,739,211.92,0.00,232.59,1,4.30,1
vllm,self_consistency,740,246.75,0.00,257.08,1,3.89,1
vllm,self_consistency,741,262.22,0.00,301.41,1,3.32,1
vllm,self_consistency,742,106.04,0.00,154.40,1,6.48,1
vllm,self_consistency,743,134.37,0.00,160.10,1,6.25,1
vllm,self_consistency,744,189.31,0.00,202.70,1,4.93,1
vllm,self_consistency,745,105.01,0.00,121.14,1,8.26,1
vllm,self_consistency,746,131.27,0.00,179.80,1,5.56,1
vllm,self_consistency,747,167.95,0.00,236.22,1,4.23,1
vllm,self_consistency,748,234.72,0.00,333.19,1,3.00,1
vllm,self_consistency,749,132.76,0.00,221.36,1,4.52,1
vllm,self_consistency,750,208.12,0.00,212.31,1,4.71,1
vllm,self_consistency,751,176.64,0.00,252.81,1,3.96,1
vllm,self_consistency,752,199.41,0.00,199.69,1,5.01,1
vllm,self_consistency,753,157.90,0.00,183.13,1,5.46,1
vllm,self_consistency,754,219.32,0.00,253.21,1,3.95,1
vllm,self_consistency,755,78.43,0.00,98.58,1,10.14,1
vllm,self_consistency,756,284.09,0.00,284.36,1,3.52,1
vllm,self_consistency,757,256.40,0.00,313.76,1,3.19,1
vllm,self_consistency,758,205.72,0.00,218.77,1,4.57,1
vllm,self_consistency,759,385.87,0.00,390.03,1,2.56,1
vllm,self_consistency,760,208.55,0.00,228.38,1,4.38,1
vllm,self_consistency,761,197.43,0.00,223.15,1,4.48,1
vllm,self_consistency,762,106.51,0.00,111.44,1,8.97,1
vllm,self_consistency,763,450.35,0.00,491.19,1,2.04,1
vllm,self_consistency,764,196.23,0.00,226.74,1,4.41,1
vllm,self_consistency,765,181.79,0.00,224.91,1,4.45,1
vllm,self_consistency,766,253.70,0.00,254.04,1,3.94,1
vllm,self_consistency,767,145.92,0.00,162.39,1,6.16,1
vllm,self_consistency,768,144.10,0.00,266.78,1,3.75,1
vllm,self_consistency,769,180.46,0.00,194.77,1,5.13,1
vllm,self_consistency,770,184.77,0.00,198.87,1,5.03,1
vllm,self_consistency,771,295.58,0.00,320.51,1,3.12,1
vllm,self_consistency,772,126.53,0.00,131.17,1,7.62,1
vllm,self_consistency,773,221.11,0.00,256.25,1,3.90,1
vllm,self_consistency,774,228.38,0.00,232.57,1,4.30,1
vllm,self_consistency,775,258.81,0.00,268.81,1,3.72,1
vllm,self_consistency,776,143.71,0.00,205.86,1,4.86,1
vllm,self_consistency,777,57.51,0.00,88.15,1,11.34,1
vllm,self_consistency,778,176.24,0.00,208.04,1,4.81,1
vllm,self_consistency,779,79.64,0.00,97.89,1,10.22,1
vllm,self_consistency,780,375.69,0.00,375.97,1,2.66,1
vllm,self_consistency,781,244.45,0.00,249.86,1,4.00,1
vllm,self_consistency,782,161.85,0.00,197.35,1,5.07,1
vllm,self_consistency,783,264.02,0.00,320.96,1,3.12,1
vllm,self_consistency,784,215.49,0.00,316.16,1,3.16,1
vllm,self_consistency,785,263.21,0.00,268.34,1,3.73,1
vllm,self_consistency,786,143.34,0.00,193.95,1,5.16,1
vllm,self_consistency,787,301.54,0.00,305.88,1,3.27,1
vllm,self_consistency,788,135.53,0.00,135.81,1,7.36,1
vllm,self_consistency,789,196.81,0.00,217.24,1,4.60,1
vllm,self_consistency,790,172.32,0.00,313.15,1,3.19,1
vllm,self_consistency,791,298.53,0.00,308.80,1,3.24,1
vllm,self_consistency,792,256.97,0.00,267.48,1,3.74,1
vllm,self_consistency,793,156.21,0.00,199.26,1,5.02,1
vllm,self_consistency,794,151.64,0.00,198.56,1,5.04,1
vllm,self_consistency,795,70.66,0.00,78.89,1,12.68,1
vllm,self_consistency,796,123.26,0.00,128.43,1,7.79,1
vllm,self_consistency,797,118.35,0.00,167.68,1,5.96,1
vllm,self_consistency,798,213.22,0.00,297.69,1,3.36,1
vllm,self_consistency,799,311.12,0.00,331.07,1,3.02,1
vllm,self_consistency,800,212.92,0.00,238.34,1,4.20,1
vllm,self_consistency,801,198.56,0.00,198.90,1,5.03,1
vllm,self_consistency,802,282.31,0.00,282.83,1,3.54,1
vllm,self_consistency,803,338.16,0.00,338.46,1,2.95,1
vllm,self_consistency,804,181.04,0.00,181.40,1,5.51,1
vllm,self_consistency,805,60.97,0.00,75.68,1,13.21,1
vllm,self_consistency,806,179.67,0.00,191.72,1,5.22,1
vllm,self_consistency,807,132.91,0.00,156.03,1,6.41,1
vllm,self_consistency,808,205.30,0.00,247.34,1,4.04,1
vllm,self_consistency,809,308.57,0.00,308.87,1,3.24,1
vllm,self_consistency,810,279.43,0.00,318.13,1,3.14,1
vllm,self_consistency,811,63.27,0.00,80.70,1,12.39,1
vllm,self_consistency,812,189.38,0.00,194.03,1,5.15,1
vllm,self_consistency,813,488.05,0.00,544.53,1,1.84,1
vllm,self_consistency,814,251.96,0.00,252.23,1,3.96,1
vllm,self_consistency,815,171.97,0.00,172.31,1,5.80,1
vllm,self_consistency,816,139.51,0.00,144.37,1,6.93,1
vllm,self_consistency,817,456.83,0.00,537.04,1,1.86,1
vllm,self_consistency,818,201.30,0.00,227.63,1,4.39,1
vllm,self_consistency,819,106.47,0.00,139.67,1,7.16,1
vllm,self_consistency,820,173.23,0.00,200.72,1,4.98,1
vllm,self_consistency,821,256.57,0.00,256.88,1,3.89,1
vllm,self_consistency,822,272.48,0.00,322.85,1,3.10,1
vllm,self_consistency,823,353.94,0.00,369.48,1,2.71,1
vllm,self_consistency,824,402.73,0.00,403.09,1,2.48,1
vllm,self_consistency,825,240.50,0.00,300.97,1,3.32,1
vllm,self_consistency,826,207.75,0.00,293.19,1,3.41,1
vllm,self_consistency,827,206.76,0.00,283.03,1,3.53,1
vllm,self_consistency,828,241.27,0.00,241.68,1,4.14,1
vllm,self_consistency,829,282.77,0.00,361.79,1,2.76,1
vllm,self_consistency,830,207.28,0.00,212.64,1,4.70,1
vllm,self_consistency,831,232.08,0.00,232.48,1,4.30,1
vllm,self_consistency,832,223.02,0.00,253.68,1,3.94,1
vllm,self_consistency,833,164.48,0.00,164.79,1,6.07,1
vllm,self_consistency,834,226.41,0.00,271.71,1,3.68,1
vllm,self_consistency,835,407.78,0.00,413.13,1,2.42,1
vllm,self_consistency,836,201.30,0.00,247.32,1,4.04,1
vllm,self_consistency,837,258.63,0.00,284.01,1,3.52,1
vllm,self_consistency,838,251.42,0.00,352.23,1,2.84,1
vllm,self_consistency,839,280.23,0.00,424.07,1,2.36,1
vllm,self_consistency,840,184.27,0.00,250.03,1,4.00,1
vllm,self_consistency,841,272.87,0.00,343.59,1,2.91,1
vllm,self_consistency,842,354.26,0.00,359.62,1,2.78,1
vllm,self_consistency,843,321.67,0.00,372.54,1,2.68,1
vllm,self_consistency,844,287.60,0.00,287.91,1,3.47,1
vllm,self_consistency,845,198.12,0.00,243.98,1,4.10,1
vllm,self_consistency,846,313.61,0.00,378.92,1,2.64,1
vllm,self_consistency,847,351.65,0.00,351.90,1,2.84,1
vllm,self_consistency,848,271.44,0.00,302.33,1,3.31,1
vllm,self_consistency,849,246.41,0.00,296.92,1,3.37,1
vllm,self_consistency,850,214.77,0.00,215.11,1,4.65,1
vllm,self_consistency,851,203.20,0.00,213.59,1,4.68,1
vllm,self_consistency,852,218.69,0.00,244.41,1,4.09,1
vllm,self_consistency,853,302.22,0.00,317.61,1,3.15,1
vllm,self_consistency,854,276.64,0.00,421.64,1,2.37,1
vllm,self_consistency,855,206.10,0.00,259.53,1,3.85,1
vllm,self_consistency,856,327.36,0.00,408.66,1,2.45,1
vllm,self_consistency,857,282.14,0.00,287.62,1,3.48,1
vllm,self_consistency,858,242.95,0.00,288.78,1,3.46,1
vllm,self_consistency,859,373.06,0.00,514.79,1,1.94,1
vllm,self_consistency,860,358.37,0.00,403.81,1,2.48,1
vllm,self_consistency,861,267.44,0.00,267.75,1,3.73,1
vllm,self_consistency,862,496.09,0.00,496.39,1,2.01,1
vllm,self_consistency,863,273.53,0.00,409.89,1,2.44,1
vllm,self_consistency,864,586.92,0.00,587.24,1,1.70,1
vllm,self_consistency,865,276.38,0.00,556.39,1,1.80,1
vllm,self_consistency,866,262.65,0.00,262.96,1,3.80,1
vllm,self_consistency,867,285.22,0.00,290.22,1,3.45,1
vllm,self_consistency,868,382.44,0.00,439.29,1,2.28,1
vllm,self_consistency,869,376.55,0.00,403.68,1,2.48,1
vllm,self_consistency,870,362.94,0.00,363.25,1,2.75,1
vllm,self_consistency,871,251.95,0.00,267.00,1,3.75,1
vllm,self_consistency,872,384.42,0.00,384.73,1,2.60,1
vllm,self_consistency,873,233.24,0.00,318.77,1,3.14,1
vllm,self_consistency,874,347.43,0.00,352.11,1,2.84,1
vllm,self_consistency,875,344.00,0.00,407.74,1,2.45,1
vllm,self_consistency,876,277.59,0.00,321.93,1,3.11,1
vllm,self_consistency,877,370.38,0.00,384.62,1,2.60,1
vllm,self_consistency,878,165.26,0.00,437.92,1,2.28,1
vllm,self_consistency,879,391.18,0.00,411.39,1,2.43,1
vllm,self_consistency,880,259.61,0.00,308.31,1,3.24,1
vllm,self_consistency,881,388.71,0.00,410.96,1,2.43,1
vllm,self_consistency,882,334.44,0.00,347.08,1,2.88,1
vllm,self_consistency,883,322.15,0.00,325.74,1,3.07,1
vllm,self_consistency,884,425.32,0.00,441.32,1,2.27,1
vllm,self_consistency,885,301.60,0.00,322.57,1,3.10,1
vllm,self_consistency,886,152.50,0.00,163.39,1,6.12,1
vllm,self_consistency,887,429.86,0.00,455.27,1,2.20,1
vllm,self_consistency,888,338.47,0.00,365.55,1,2.74,1
vllm,self_consistency,889,238.92,0.00,257.89,1,3.88,1
vllm,self_consistency,890,252.90,0.00,253.19,1,3.95,1
vllm,self_consistency,891,199.99,0.00,212.69,1,4.70,1
vllm,self_consistency,892,401.44,0.00,418.27,1,2.39,1
vllm,self_consistency,893,195.28,0.00,213.98,1,4.67,1
vllm,self_consistency,894,268.25,0.00,295.82,1,3.38,1
vllm,self_consistency,895,304.75,0.00,324.89,1,3.08,1
vllm,self_consistency,896,253.47,0.00,269.91,1,3.70,1
vllm,self_consistency,897,381.18,0.00,381.44,1,2.62,1
vllm,self_consistency,898,317.57,0.00,317.89,1,3.15,1
vllm,self_consistency,899,279.27,0.00,288.80,1,3.46,1
vllm,self_consistency,900,431.67,0.00,471.29,1,2.12,1
vllm,self_consistency,901,205.59,0.00,240.33,1,4.16,1
vllm,self_consistency,902,183.76,0.00,214.38,1,4.66,1
vllm,self_consistency,903,191.41,0.00,200.07,1,5.00,1
vllm,self_consistency,904,151.80,0.00,169.57,1,5.90,1
vllm,self_consistency,905,236.51,0.00,250.59,1,3.99,1
vllm,self_consistency,906,220.52,0.00,238.29,1,4.20,1
vllm,self_consistency,907,370.85,0.00,373.81,1,2.68,1
vllm,self_consistency,908,261.44,0.00,272.90,1,3.66,1
vllm,self_consistency,909,167.82,0.00,185.12,1,5.40,1
vllm,self_consistency,910,441.07,0.00,453.64,1,2.20,1
vllm,self_consistency,911,184.68,0.00,195.15,1,5.12,1
vllm,self_consistency,912,515.27,0.00,528.09,1,1.89,1
vllm,self_consistency,913,228.26,0.00,245.54,1,4.07,1
vllm,self_consistency,914,195.23,0.00,213.63,1,4.68,1
vllm,self_consistency,915,259.12,0.00,277.80,1,3.60,1
vllm,self_consistency,916,287.74,0.00,296.79,1,3.37,1
vllm,self_consistency,917,388.08,0.00,401.85,1,2.49,1
vllm,self_consistency,918,235.70,0.00,247.64,1,4.04,1
vllm,self_consistency,919,202.12,0.00,217.27,1,4.60,1
vllm,self_consistency,920,195.44,0.00,211.88,1,4.72,1
vllm,self_consistency,921,163.28,0.00,181.42,1,5.51,1
vllm,self_consistency,922,195.89,0.00,214.50,1,4.66,1
vllm,self_consistency,923,169.44,0.00,186.21,1,5.37,1
vllm,self_consistency,924,271.33,0.00,282.71,1,3.54,1
vllm,self_consistency,925,175.56,0.00,185.48,1,5.39,1
vllm,self_consistency,926,207.14,0.00,221.18,1,4.52,1
vllm,self_consistency,927,290.16,0.00,306.90,1,3.26,1
vllm,self_consistency,928,205.64,0.00,220.05,1,4.54,1
vllm,self_consistency,929,196.60,0.00,213.31,1,4.69,1
vllm,self_consistency,930,330.88,0.00,348.57,1,2.87,1
vllm,self_consistency,931,177.97,0.00,191.88,1,5.21,1
vllm,self_consistency,932,360.58,0.00,374.16,1,2.67,1
vllm,self_consistency,933,314.10,0.00,326.73,1,3.06,1
vllm,self_consistency,934,249.06,0.00,263.33,1,3.80,1
vllm,self_consistency,935,322.57,0.00,340.82,1,2.93,1
vllm,self_consistency,936,354.63,0.00,367.19,1,2.72,1
vllm,self_consistency,937,159.70,0.00,179.86,1,5.56,1
vllm,self_consistency,938,462.67,0.00,478.26,1,2.09,1
vllm,self_consistency,939,316.77,0.00,336.47,1,2.97,1
vllm,self_consistency,940,149.44,0.00,168.88,1,5.92,1
vllm,self_consistency,941,395.67,0.00,409.79,1,2.44,1
vllm,self_consistency,942,288.04,0.00,307.11,1,3.26,1
vllm,self_consistency,943,627.85,0.00,645.81,1,1.55,1
vllm,self_consistency,944,196.38,0.00,225.29,1,4.44,1
vllm,self_consistency,945,317.20,0.00,343.24,1,2.91,1
vllm,self_consistency,946,196.27,0.00,223.20,1,4.48,1
vllm,self_consistency,947,343.04,0.00,374.65,1,2.67,1
vllm,self_consistency,948,322.04,0.00,356.00,1,2.81,1
vllm,self_consistency,949,251.40,0.00,287.03,1,3.48,1
vllm,self_consistency,950,451.93,0.00,485.52,1,2.06,1
vllm,self_consistency,951,331.64,0.00,363.97,1,2.75,1
vllm,self_consistency,952,303.11,0.00,337.40,1,2.96,1
vllm,self_consistency,953,410.83,0.00,445.91,1,2.24,1
vllm,self_consistency,954,228.05,0.00,244.64,1,4.09,1
vllm,self_consistency,955,347.90,0.00,381.26,1,2.62,1
vllm,self_consistency,956,221.22,0.00,226.05,1,4.42,1
vllm,self_consistency,957,194.72,0.00,213.65,1,4.68,1
vllm,self_consistency,958,249.39,0.00,263.73,1,3.79,1
vllm,self_consistency,959,284.20,0.00,294.11,1,3.40,1
vllm,self_consistency,960,291.34,0.00,309.40,1,3.23,1
vllm,self_consistency,961,259.04,0.00,276.45,1,3.62,1
vllm,self_consistency,962,216.87,0.00,226.28,1,4.42,1
vllm,self_consistency,963,252.04,0.00,269.43,1,3.71,1
vllm,self_consistency,964,190.91,0.00,204.78,1,4.88,1
vllm,self_consistency,965,247.09,0.00,260.43,1,3.84,1
vllm,self_consistency,966,214.53,0.00,231.79,1,4.31,1
vllm,self_consistency,967,192.70,0.00,201.76,1,4.96,1
vllm,self_consistency,968,166.11,0.00,213.19,1,4.69,1
vllm,self_consistency,969,242.70,0.00,288.25,1,3.47,1
vllm,self_consistency,970,205.31,0.00,249.82,1,4.00,1
vllm,self_consistency,971,272.89,0.00,281.69,1,3.55,1
vllm,self_consistency,972,203.86,0.00,208.27,1,4.80,1
vllm,self_consistency,973,315.93,0.00,334.62,1,2.99,1
vllm,self_consistency,974,287.07,0.00,301.17,1,3.32,1
vllm,self_consistency,975,240.84,0.00,259.27,1,3.86,1
vllm,self_consistency,976,318.20,0.00,331.93,1,3.01,1
vllm,self_consistency,977,223.75,0.00,246.23,1,4.06,1
vllm,self_consistency,978,272.98,0.00,286.55,1,3.49,1
vllm,self_consistency,979,405.29,0.00,423.65,1,2.36,1
vllm,self_consistency,980,204.79,0.00,226.95,1,4.41,1
vllm,self_consistency,981,225.79,0.00,247.93,1,4.03,1
vllm,self_consistency,982,338.20,0.00,356.01,1,2.81,1
vllm,self_consistency,983,256.33,0.00,273.92,1,3.65,1
vllm,self_consistency,984,203.63,0.00,224.55,1,4.45,1
vllm,self_consistency,985,299.47,0.00,312.72,1,3.20,1
vllm,self_consistency,986,289.86,0.00,293.32,1,3.41,1
vllm,self_consistency,987,297.83,0.00,309.80,1,3.23,1
vllm,self_consistency,988,325.76,0.00,345.86,1,2.89,1
vllm,self_consistency,989,243.30,0.00,267.29,1,3.74,1
vllm,self_consistency,990,259.75,0.00,261.57,1,3.82,1
vllm,self_consistency,991,291.78,0.00,318.38,1,3.14,1
vllm,self_consistency,992,342.46,0.00,361.37,1,2.77,1
vllm,self_consistency,993,295.21,0.00,313.64,1,3.19,1
vllm,self_consistency,994,207.01,0.00,234.62,1,4.26,1
vllm,self_consistency,995,425.69,0.00,442.31,1,2.26,1
vllm,self_consistency,996,185.57,0.00,205.32,1,4.87,1
vllm,self_consistency,997,214.88,0.00,216.05,1,4.63,1
vllm,self_consistency,998,250.10,0.00,260.17,1,3.84,1
vllm,self_consistency,999,477.95,0.00,483.39,1,2.07,1
vllm,multi_turn,0,58.65,0.00,74.10,1,13.49,1
vllm,multi_turn,1,83.67,22.28,217.33,7,32.21,0
vllm,multi_turn,2,107.57,114.09,221.65,2,9.02,1
vllm,multi_turn,3,133.45,0.00,158.95,1,6.29,1
vllm,multi_turn,4,130.69,0.00,135.71,1,7.37,1
vllm,multi_turn,5,158.72,0.00,190.73,1,5.24,1
vllm,multi_turn,6,92.07,0.00,97.18,1,10.29,1
vllm,multi_turn,7,98.75,10.66,109.41,2,18.28,1
vllm,multi_turn,8,55.87,0.00,66.45,1,15.05,1
vllm,multi_turn,9,64.59,0.00,67.75,1,14.76,1
vllm,multi_turn,10,120.87,0.00,121.11,1,8.26,1
vllm,multi_turn,11,160.75,48.22,208.96,2,9.57,1
vllm,multi_turn,12,292.31,0.00,355.86,1,2.81,1
vllm,multi_turn,13,191.21,0.00,207.35,1,4.82,1
vllm,multi_turn,14,146.34,0.00,151.06,1,6.62,1
vllm,multi_turn,15,138.57,0.00,154.51,1,6.47,1
vllm,multi_turn,16,50.39,42.41,92.80,2,21.55,1
vllm,multi_turn,17,95.83,27.24,123.07,2,16.25,1
vllm,multi_turn,18,91.08,0.00,105.34,1,9.49,1
vllm,multi_turn,19,121.64,0.00,162.21,1,6.16,1
vllm,multi_turn,20,194.61,0.00,219.98,1,4.55,1
vllm,multi_turn,21,99.08,0.00,188.48,1,5.31,1
vllm,multi_turn,22,163.39,0.00,208.44,1,4.80,1
vllm,multi_turn,23,260.11,0.00,287.83,1,3.47,1
vllm,multi_turn,24,73.54,0.00,94.47,1,10.59,1
vllm,multi_turn,25,137.30,0.00,137.54,1,7.27,1
vllm,multi_turn,26,165.25,0.00,194.89,1,5.13,1
vllm,multi_turn,27,236.65,0.00,255.97,1,3.91,1
vllm,multi_turn,28,161.35,0.00,161.63,1,6.19,1
vllm,multi_turn,29,138.64,0.00,150.15,1,6.66,1
vllm,multi_turn,30,172.63,19.74,192.37,2,10.40,1
vllm,multi_turn,31,174.19,0.00,209.43,1,4.77,1
vllm,multi_turn,32,70.26,0.00,88.16,1,11.34,1
vllm,multi_turn,33,98.47,34.64,133.11,2,15.03,1
vllm,multi_turn,34,107.64,0.00,131.88,1,7.58,1
vllm,multi_turn,35,90.30,0.00,113.66,1,8.80,1
vllm,multi_turn,36,177.68,0.00,196.96,1,5.08,1
vllm,multi_turn,37,118.30,99.61,217.92,2,9.18,1
vllm,multi_turn,38,190.59,20.46,211.05,2,9.48,1
vllm,multi_turn,39,256.94,80.90,337.84,2,5.92,1
vllm,multi_turn,40,51.02,25.54,76.57,2,26.12,1
vllm,multi_turn,41,108.44,39.14,147.57,2,13.55,1
vllm,multi_turn,42,115.17,39.05,154.22,2,12.97,1
vllm,multi_turn,43,129.50,15.52,145.02,2,13.79,1
vllm,multi_turn,44,218.82,0.00,247.50,1,4.04,1
vllm,multi_turn,45,193.50,0.00,223.61,1,4.47,1
vllm,multi_turn,46,200.00,0.00,223.18,1,4.48,1
vllm,multi_turn,47,247.37,0.00,247.59,1,4.04,1
vllm,multi_turn,48,55.19,25.27,80.46,2,24.86,1
vllm,multi_turn,49,122.72,81.25,203.97,2,9.81,1
vllm,multi_turn,50,124.59,0.00,157.75,1,6.34,1
vllm,multi_turn,51,154.41,39.31,193.71,2,10.32,1
vllm,multi_turn,52,177.49,0.00,177.77,1,5.63,1
vllm,multi_turn,53,175.61,80.50,256.11,2,7.81,1
vllm,multi_turn,54,220.65,0.00,228.54,1,4.38,1
vllm,multi_turn,55,136.39,0.00,146.36,1,6.83,1
vllm,multi_turn,56,51.57,0.00,64.81,1,15.43,1
vllm,multi_turn,57,72.84,20.05,92.89,2,21.53,1
vllm,multi_turn,58,119.87,44.29,164.17,2,12.18,1
vllm,multi_turn,59,204.71,15.38,220.09,2,9.09,1
vllm,multi_turn,60,244.22,0.00,259.15,1,3.86,1
vllm,multi_turn,61,175.82,0.00,192.71,1,5.19,1
vllm,multi_turn,62,109.36,128.46,237.82,2,8.41,0
vllm,multi_turn,63,242.22,0.00,251.67,1,3.97,1
vllm,multi_turn,64,66.02,0.00,95.06,1,10.52,1
vllm,multi_turn,65,110.62,0.00,115.15,1,8.68,1
vllm,multi_turn,66,95.35,17.89,113.24,2,17.66,1
vllm,multi_turn,67,102.14,32.99,135.13,2,14.80,1
vllm,multi_turn,68,111.87,0.00,134.64,1,7.43,1
vllm,multi_turn,69,234.47,0.00,244.35,1,4.09,1
vllm,multi_turn,70,185.30,55.05,240.36,2,8.32,1
vllm,multi_turn,71,337.77,0.00,362.70,1,2.76,1
vllm,multi_turn,72,70.99,31.49,102.48,2,19.52,1
vllm,multi_turn,73,134.27,0.00,138.33,1,7.23,1
vllm,multi_turn,74,139.86,0.00,168.41,1,5.94,1
vllm,multi_turn,75,180.41,0.00,195.57,1,5.11,1
vllm,multi_turn,76,153.89,0.00,212.64,1,4.70,1
vllm,multi_turn,77,144.49,0.00,178.01,1,5.62,1
vllm,multi_turn,78,146.52,0.00,151.34,1,6.61,1
vllm,multi_turn,79,284.13,25.44,309.56,2,6.46,1
vllm,multi_turn,80,52.22,0.00,67.41,1,14.83,1
vllm,multi_turn,81,71.76,0.00,80.44,1,12.43,1
vllm,multi_turn,82,105.29,0.00,139.11,1,7.19,1
vllm,multi_turn,83,121.39,0.00,156.07,1,6.41,1
vllm,multi_turn,84,133.15,59.33,192.48,2,10.39,1
vllm,multi_turn,85,178.43,0.00,197.49,1,5.06,1
vllm,multi_turn,86,198.19,0.00,251.56,1,3.98,1
vllm,multi_turn,87,362.49,69.54,432.03,2,4.63,1
vllm,multi_turn,88,47.05,0.00,68.43,1,14.61,1
vllm,multi_turn,89,95.63,62.01,157.64,2,12.69,1
vllm,multi_turn,90,172.42,0.00,194.67,1,5.14,1
vllm,multi_turn,91,154.37,0.00,154.73,1,6.46,1
vllm,multi_turn,92,177.75,0.00,203.10,1,4.92,1
vllm,multi_turn,93,204.37,76.17,280.54,2,7.13,1
vllm,multi_turn,94,285.45,0.00,321.50,1,3.11,1
vllm,multi_turn,95,113.54,0.34,113.88,2,17.56,1
vllm,multi_turn,96,72.35,0.00,85.33,1,11.72,1
vllm,multi_turn,97,167.27,13.08,180.35,2,11.09,1
vllm,multi_turn,98,147.40,43.95,191.35,2,10.45,1
vllm,multi_turn,99,138.29,0.00,171.29,1,5.84,1
vllm,multi_turn,100,173.26,38.87,212.13,2,9.43,1
vllm,multi_turn,101,159.59,0.00,193.92,1,5.16,1
vllm,multi_turn,102,236.69,18.45,255.14,2,7.84,1
vllm,multi_turn,103,124.44,0.00,200.88,1,4.98,1
vllm,multi_turn,104,85.49,0.00,115.59,1,8.65,1
vllm,multi_turn,105,137.63,6.96,144.60,2,13.83,1
vllm,multi_turn,106,267.46,0.00,267.78,1,3.73,1
vllm,multi_turn,107,100.63,0.00,152.51,1,6.56,1
vllm,multi_turn,108,200.12,57.58,257.70,2,7.76,1
vllm,multi_turn,109,156.57,0.00,156.79,1,6.38,1
vllm,multi_turn,110,92.31,0.00,99.38,1,10.06,1
vllm,multi_turn,111,185.93,0.00,261.49,1,3.82,1
vllm,multi_turn,112,78.23,15.92,94.15,2,21.24,1
vllm,multi_turn,113,100.92,0.00,140.38,1,7.12,1
vllm,multi_turn,114,180.64,113.11,293.76,2,6.81,1
vllm,multi_turn,115,144.52,49.40,193.92,2,10.31,1
vllm,multi_turn,116,146.13,0.00,149.52,1,6.69,1
vllm,multi_turn,117,135.56,0.00,239.63,1,4.17,1
vllm,multi_turn,118,191.87,0.00,220.21,1,4.54,1
vllm,multi_turn,119,142.20,0.36,142.56,2,14.03,1
vllm,multi_turn,120,59.20,31.62,90.82,2,22.02,1
vllm,multi_turn,121,73.34,25.77,99.11,2,20.18,1
vllm,multi_turn,122,91.73,0.00,91.99,1,10.87,1
vllm,multi_turn,123,129.87,0.00,148.05,1,6.75,1
vllm,multi_turn,124,117.06,0.00,121.78,1,8.21,1
vllm,multi_turn,125,195.30,0.00,230.25,1,4.34,1
vllm,multi_turn,126,229.10,96.29,325.39,2,6.15,1
vllm,multi_turn,127,268.30,173.09,441.39,2,4.53,1
vllm,multi_turn,128,47.43,30.28,77.71,2,25.74,1
vllm,multi_turn,129,74.00,29.71,103.71,2,19.28,1
vllm,multi_turn,130,92.02,71.97,163.99,2,12.20,1
vllm,multi_turn,131,129.25,0.00,153.56,1,6.51,1
vllm,multi_turn,132,127.59,0.00,131.31,1,7.62,1
vllm,multi_turn,133,149.76,131.97,281.73,2,7.10,1
vllm,multi_turn,134,163.00,162.84,325.83,2,6.14,1
vllm,multi_turn,135,315.47,0.00,315.70,1,3.17,1
vllm,multi_turn,136,57.12,0.00,93.90,1,10.65,1
vllm,multi_turn,137,123.22,24.73,147.96,2,13.52,1
vllm,multi_turn,138,111.33,22.71,134.04,2,14.92,1
vllm,multi_turn,139,140.19,0.00,170.25,1,5.87,1
vllm,multi_turn,140,160.39,149.06,309.46,2,6.46,1
vllm,multi_turn,141,190.54,0.00,204.00,1,4.90,1
vllm,multi_turn,142,276.83,0.00,309.25,1,3.23,1
vllm,multi_turn,143,145.62,19.24,164.86,2,12.13,1
vllm,multi_turn,144,52.25,0.00,72.63,1,13.77,1
vllm,multi_turn,145,75.16,0.00,92.87,1,10.77,1
vllm,multi_turn,146,89.38,19.96,109.34,2,18.29,1
vllm,multi_turn,147,161.90,0.00,172.57,1,5.79,1
vllm,multi_turn,148,232.26,78.88,311.15,2,6.43,1
vllm,multi_turn,149,270.80,153.11,423.91,2,4.72,1
vllm,multi_turn,150,181.29,0.00,214.26,1,4.67,1
vllm,multi_turn,151,151.19,0.00,166.16,1,6.02,1
vllm,multi_turn,152,70.90,0.00,71.17,1,14.05,1
vllm,multi_turn,153,79.51,0.00,104.22,1,9.59,1
vllm,multi_turn,154,219.97,67.01,286.98,2,6.97,1
vllm,multi_turn,155,212.99,0.00,239.68,1,4.17,1
vllm,multi_turn,156,192.07,0.00,204.90,1,4.88,1
vllm,multi_turn,157,118.91,0.00,219.51,1,4.56,1
vllm,multi_turn,158,135.18,0.00,140.19,1,7.13,1
vllm,multi_turn,159,226.91,40.56,267.47,2,7.48,1
vllm,multi_turn,160,106.45,0.00,129.82,1,7.70,1
vllm,multi_turn,161,122.57,0.00,167.96,1,5.95,1
vllm,multi_turn,162,131.62,0.00,203.25,1,4.92,1
vllm,multi_turn,163,199.44,40.92,240.36,2,8.32,1
vllm,multi_turn,164,225.91,0.00,243.86,1,4.10,1
vllm,multi_turn,165,96.99,0.00,100.40,1,9.96,1
vllm,multi_turn,166,246.77,0.00,267.72,1,3.74,1
vllm,multi_turn,167,200.32,0.37,200.68,2,9.97,1
vllm,multi_turn,168,64.01,24.91,88.92,2,22.49,1
vllm,multi_turn,169,92.97,56.16,149.13,2,13.41,1
vllm,multi_turn,170,203.10,0.00,231.98,1,4.31,1
vllm,multi_turn,171,114.86,34.10,148.97,2,13.43,1
vllm,multi_turn,172,174.86,0.00,175.09,1,5.71,1
vllm,multi_turn,173,184.97,0.00,204.50,1,4.89,1
vllm,multi_turn,174,134.50,58.96,193.46,2,10.34,1
vllm,multi_turn,175,291.29,0.00,375.78,1,2.66,1
vllm,multi_turn,176,52.84,0.00,77.21,1,12.95,1
vllm,multi_turn,177,86.16,0.00,102.64,1,9.74,1
vllm,multi_turn,178,119.76,0.00,136.66,1,7.32,1
vllm,multi_turn,179,124.70,0.00,189.51,1,5.28,1
vllm,multi_turn,180,287.60,0.00,359.22,1,2.78,1
vllm,multi_turn,181,161.71,150.80,312.51,2,6.40,1
vllm,multi_turn,182,190.71,0.00,229.06,1,4.37,1
vllm,multi_turn,183,181.94,0.00,190.05,1,5.26,1
vllm,multi_turn,184,66.74,32.80,99.55,2,20.09,1
vllm,multi_turn,185,91.40,0.00,91.65,1,10.91,1
vllm,multi_turn,186,193.73,0.00,221.36,1,4.52,1
vllm,multi_turn,187,176.50,33.53,210.03,2,9.52,1
vllm,multi_turn,188,140.08,47.39,187.46,2,10.67,1
vllm,multi_turn,189,199.67,0.00,331.30,1,3.02,1
vllm,multi_turn,190,242.86,99.87,342.73,2,5.84,1
vllm,multi_turn,191,128.60,0.00,154.43,1,6.48,1
vllm,multi_turn,192,57.67,38.34,96.01,2,20.83,1
vllm,multi_turn,193,79.81,0.00,105.16,1,9.51,1
vllm,multi_turn,194,211.95,93.67,305.62,2,6.54,1
vllm,multi_turn,195,256.78,0.00,275.52,1,3.63,1
vllm,multi_turn,196,202.20,0.00,222.11,1,4.50,1
vllm,multi_turn,197,143.35,45.26,188.60,2,10.60,1
vllm,multi_turn,198,237.83,135.28,373.10,2,5.36,1
vllm,multi_turn,199,105.84,0.00,142.15,1,7.03,1
vllm,multi_turn,200,113.00,0.00,126.40,1,7.91,1
vllm,multi_turn,201,140.09,0.00,146.39,1,6.83,1
vllm,multi_turn,202,154.84,0.00,159.67,1,6.26,1
vllm,multi_turn,203,145.39,0.00,171.35,1,5.84,1
vllm,multi_turn,204,138.86,0.00,190.73,1,5.24,1
vllm,multi_turn,205,210.44,0.00,225.69,1,4.43,1
vllm,multi_turn,206,261.51,86.96,348.47,2,5.74,1
vllm,multi_turn,207,258.69,0.00,321.13,1,3.11,1
vllm,multi_turn,208,60.11,34.13,94.24,2,21.22,1
vllm,multi_turn,209,88.45,0.00,106.24,1,9.41,1
vllm,multi_turn,210,138.80,18.29,157.08,2,12.73,1
vllm,multi_turn,211,195.18,0.00,204.41,1,4.89,1
vllm,multi_turn,212,212.23,0.00,236.41,1,4.23,1
vllm,multi_turn,213,211.22,225.03,436.25,2,4.58,1
vllm,multi_turn,214,197.44,61.96,259.40,2,7.71,1
vllm,multi_turn,215,265.39,0.00,280.48,1,3.57,1
vllm,multi_turn,216,113.38,0.00,142.68,1,7.01,1
vllm,multi_turn,217,130.82,0.00,158.56,1,6.31,1
vllm,multi_turn,218,164.05,0.00,198.83,1,5.03,1
vllm,multi_turn,219,103.87,0.00,160.57,1,6.23,1
vllm,multi_turn,220,215.42,39.04,254.46,2,7.86,1
vllm,multi_turn,221,153.61,25.44,179.05,2,11.17,1
vllm,multi_turn,222,259.60,95.47,355.07,2,5.63,1
vllm,multi_turn,223,232.78,0.00,242.92,1,4.12,1
vllm,multi_turn,224,63.39,0.00,92.64,1,10.79,1
vllm,multi_turn,225,101.74,0.00,121.89,1,8.20,1
vllm,multi_turn,226,159.94,0.00,206.82,1,4.84,1
vllm,multi_turn,227,209.01,0.00,233.15,1,4.29,1
vllm,multi_turn,228,135.92,29.35,165.28,2,12.10,1
vllm,multi_turn,229,189.18,0.00,203.71,1,4.91,1
vllm,multi_turn,230,307.26,0.00,450.79,1,2.22,1
vllm,multi_turn,231,235.55,0.00,273.10,1,3.66,1
vllm,multi_turn,232,79.98,0.00,96.02,1,10.41,1
vllm,multi_turn,233,119.66,51.29,170.95,2,11.70,0
vllm,multi_turn,234,138.09,66.94,205.03,2,9.75,0
vllm,multi_turn,235,297.87,0.00,306.58,1,3.26,1
vllm,multi_turn,236,216.94,0.00,421.66,1,2.37,1
vllm,multi_turn,237,201.82,57.05,258.88,2,7.73,1
vllm,multi_turn,238,188.98,0.00,214.40,1,4.66,1
vllm,multi_turn,239,88.90,0.00,89.14,1,11.22,1
vllm,multi_turn,240,114.04,0.00,159.59,1,6.27,1
vllm,multi_turn,241,194.10,0.00,236.33,1,4.23,1
vllm,multi_turn,242,211.58,0.00,265.83,1,3.76,1
vllm,multi_turn,243,153.67,24.95,178.62,2,11.20,1
vllm,multi_turn,244,133.87,139.73,273.61,2,7.31,1
vllm,multi_turn,245,237.84,53.70,291.54,2,6.86,1
vllm,multi_turn,246,145.86,0.00,155.35,1,6.44,1
vllm,multi_turn,247,151.94,0.00,152.15,1,6.57,1
vllm,multi_turn,248,64.61,0.00,94.85,1,10.54,1
vllm,multi_turn,249,122.23,0.00,172.42,1,5.80,1
vllm,multi_turn,250,154.14,0.00,267.38,1,3.74,1
vllm,multi_turn,251,194.35,0.00,258.60,1,3.87,1
vllm,multi_turn,252,131.21,0.00,147.35,1,6.79,1
vllm,multi_turn,253,97.89,91.22,189.12,2,10.58,1
vllm,multi_turn,254,231.87,119.84,351.71,2,5.69,0
vllm,multi_turn,255,279.25,0.00,304.65,1,3.28,1
vllm,multi_turn,256,103.09,39.58,142.67,2,14.02,1
vllm,multi_turn,257,125.28,24.36,149.65,2,13.36,1
vllm,multi_turn,258,115.69,0.00,144.95,1,6.90,1
vllm,multi_turn,259,167.59,0.00,167.88,1,5.96,1
vllm,multi_turn,260,105.10,0.00,213.35,1,4.69,1
vllm,multi_turn,261,166.47,0.00,246.82,1,4.05,1
vllm,multi_turn,262,290.57,43.04,333.61,2,6.00,1
vllm,multi_turn,263,218.57,115.23,333.80,2,5.99,1
vllm,multi_turn,264,110.95,0.00,144.70,1,6.91,1
vllm,multi_turn,265,157.64,18.33,175.97,2,11.37,1
vllm,multi_turn,266,192.13,0.00,197.03,1,5.08,1
vllm,multi_turn,267,120.65,29.17,149.82,2,13.35,1
vllm,multi_turn,268,111.10,0.00,141.63,1,7.06,1
vllm,multi_turn,269,227.73,0.00,243.29,1,4.11,1
vllm,multi_turn,270,154.51,0.00,183.70,1,5.44,1
vllm,multi_turn,271,190.08,81.38,271.45,2,7.37,1
vllm,multi_turn,272,72.53,0.00,83.29,1,12.01,1
vllm,multi_turn,273,122.83,28.93,151.76,2,13.18,1
vllm,multi_turn,274,180.58,146.36,326.94,2,6.12,1
vllm,multi_turn,275,165.43,134.11,299.54,2,6.68,1
vllm,multi_turn,276,166.09,59.52,225.61,2,8.86,1
vllm,multi_turn,277,272.39,0.00,317.57,1,3.15,1
vllm,multi_turn,278,145.90,0.00,150.13,1,6.66,1
vllm,multi_turn,279,205.50,80.82,286.32,2,6.99,1
vllm,multi_turn,280,112.47,49.04,161.50,2,12.38,1
vllm,multi_turn,281,160.61,0.00,165.28,1,6.05,1
vllm,multi_turn,282,122.67,0.00,159.99,1,6.25,1
vllm,multi_turn,283,188.67,0.00,305.56,1,3.27,1
vllm,multi_turn,284,178.11,0.00,259.96,1,3.85,1
vllm,multi_turn,285,249.77,0.00,270.76,1,3.69,1
vllm,multi_turn,286,154.12,4.60,158.72,2,12.60,1
vllm,multi_turn,287,229.88,73.57,303.45,2,6.59,1
vllm,multi_turn,288,171.60,0.00,175.53,1,5.70,1
vllm,multi_turn,289,135.22,125.94,261.17,2,7.66,1
vllm,multi_turn,290,188.63,0.00,239.52,1,4.18,1
vllm,multi_turn,291,161.56,37.35,198.91,2,10.05,1
vllm,multi_turn,292,146.35,0.34,146.69,2,13.63,1
vllm,multi_turn,293,310.93,0.00,356.55,1,2.80,1
vllm,multi_turn,294,193.75,0.00,223.69,1,4.47,1
vllm,multi_turn,295,131.09,8.99,140.08,2,14.28,1
vllm,multi_turn,296,97.19,20.37,117.56,2,17.01,1
vllm,multi_turn,297,98.22,0.00,105.75,1,9.46,1
vllm,multi_turn,298,118.99,116.27,235.26,2,8.50,1
vllm,multi_turn,299,137.26,0.00,231.55,1,4.32,1
vllm,multi_turn,300,108.72,0.00,127.91,1,7.82,1
vllm,multi_turn,301,159.79,0.00,160.04,1,6.25,1
vllm,multi_turn,302,222.75,117.41,340.16,2,5.88,1
vllm,multi_turn,303,199.44,177.55,377.00,2,5.31,1
vllm,multi_turn,304,70.44,7.68,78.13,2,25.60,1
vllm,multi_turn,305,132.17,0.00,177.93,1,5.62,1
vllm,multi_turn,306,121.29,153.40,274.69,2,7.28,1
vllm,multi_turn,307,102.44,101.77,204.22,2,9.79,1
vllm,multi_turn,308,164.46,33.23,197.70,2,10.12,1
vllm,multi_turn,309,134.94,0.00,168.41,1,5.94,1
vllm,multi_turn,310,314.66,121.04,435.70,2,4.59,1
vllm,multi_turn,311,237.04,0.00,285.07,1,3.51,1
vllm,multi_turn,312,70.82,0.00,108.37,1,9.23,1
vllm,multi_turn,313,131.44,0.00,163.33,1,6.12,1
vllm,multi_turn,314,177.88,0.00,263.57,1,3.79,1
vllm,multi_turn,315,171.94,0.00,221.79,1,4.51,1
vllm,multi_turn,316,217.75,102.82,320.57,2,6.24,1
vllm,multi_turn,317,275.64,156.28,431.92,2,4.63,1
vllm,multi_turn,318,166.28,0.00,223.51,1,4.47,1
vllm,multi_turn,319,107.55,0.32,107.88,2,18.54,1
vllm,multi_turn,320,33.66,0.00,46.18,1,21.65,1
vllm,multi_turn,321,50.37,45.40,95.77,2,20.88,1
vllm,multi_turn,322,95.51,0.00,103.18,1,9.69,1
vllm,multi_turn,323,195.53,0.00,235.04,1,4.25,1
vllm,multi_turn,324,242.52,0.00,295.68,1,3.38,1
vllm,multi_turn,325,383.94,50.26,434.20,2,4.61,1
vllm,multi_turn,326,209.55,105.92,315.47,2,6.34,1
vllm,multi_turn,327,368.10,0.49,368.59,2,5.43,1
vllm,multi_turn,328,60.73,30.37,91.10,2,21.95,1
vllm,multi_turn,329,86.53,0.00,110.19,1,9.07,1
vllm,multi_turn,330,96.80,0.00,109.56,1,9.13,1
vllm,multi_turn,331,136.51,0.00,239.03,1,4.18,1
vllm,multi_turn,332,186.75,0.00,299.49,1,3.34,1
vllm,multi_turn,333,239.79,51.93,291.72,2,6.86,1
vllm,multi_turn,334,303.51,0.00,453.92,1,2.20,1
vllm,multi_turn,335,167.96,131.03,298.99,2,6.69,1
vllm,multi_turn,336,208.33,0.00,237.09,1,4.22,1
vllm,multi_turn,337,152.51,0.00,165.59,1,6.04,1
vllm,multi_turn,338,140.46,127.77,268.23,2,7.46,1
vllm,multi_turn,339,183.24,0.00,193.22,1,5.18,1
vllm,multi_turn,340,228.69,0.00,235.26,1,4.25,1
vllm,multi_turn,341,127.52,0.00,217.62,1,4.60,1
vllm,multi_turn,342,234.36,0.00,272.25,1,3.67,1
vllm,multi_turn,343,163.84,65.65,229.49,2,8.71,0
vllm,multi_turn,344,112.58,0.00,136.08,1,7.35,1
vllm,multi_turn,345,123.16,0.00,165.35,1,6.05,1
vllm,multi_turn,346,174.41,0.00,196.38,1,5.09,1
vllm,multi_turn,347,142.36,0.00,152.30,1,6.57,1
vllm,multi_turn,348,211.80,0.00,367.96,1,2.72,1
vllm,multi_turn,349,181.84,168.05,349.89,2,5.72,1
vllm,multi_turn,350,204.46,55.27,259.73,2,7.70,1
vllm,multi_turn,351,140.15,76.15,216.30,2,9.25,1
vllm,multi_turn,352,112.07,51.42,163.49,2,12.23,1
vllm,multi_turn,353,243.89,0.00,244.21,1,4.09,1
vllm,multi_turn,354,199.29,0.00,244.40,1,4.09,1
vllm,multi_turn,355,162.49,3.48,165.97,2,12.05,1
vllm,multi_turn,356,158.20,122.07,280.27,2,7.14,1
vllm,multi_turn,357,197.05,0.00,230.37,1,4.34,1
vllm,multi_turn,358,122.44,24.86,147.31,2,13.58,1
vllm,multi_turn,359,174.26,34.83,209.10,2,9.56,1
vllm,multi_turn,360,156.03,0.00,179.58,1,5.57,1
vllm,multi_turn,361,178.85,0.00,199.72,1,5.01,1
vllm,multi_turn,362,106.35,26.92,133.27,2,15.01,1
vllm,multi_turn,363,184.48,84.04,268.52,2,7.45,0
vllm,multi_turn,364,303.69,117.32,421.00,2,4.75,1
vllm,multi_turn,365,110.12,32.03,142.15,2,14.07,1
vllm,multi_turn,366,138.61,0.00,148.57,1,6.73,1
vllm,multi_turn,367,264.37,0.00,274.10,1,3.65,1
vllm,multi_turn,368,155.96,32.05,188.01,2,10.64,1
vllm,multi_turn,369,122.14,0.00,132.49,1,7.55,1
vllm,multi_turn,370,218.50,0.00,257.84,1,3.88,1
vllm,multi_turn,371,126.40,0.00,139.57,1,7.16,1
vllm,multi_turn,372,151.85,0.00,262.73,1,3.81,1
vllm,multi_turn,373,268.31,50.18,318.48,2,6.28,1
vllm,multi_turn,374,209.77,0.00,388.55,1,2.57,1
vllm,multi_turn,375,167.01,0.00,220.88,1,4.53,1
vllm,multi_turn,376,108.90,0.00,124.48,1,8.03,1
vllm,multi_turn,377,85.83,55.14,140.97,2,14.19,1
vllm,multi_turn,378,153.78,0.00,199.22,1,5.02,1
vllm,multi_turn,379,206.53,99.70,306.23,2,6.53,1
vllm,multi_turn,380,196.26,0.00,234.24,1,4.27,1
vllm,multi_turn,381,291.27,95.09,386.36,2,5.18,1
vllm,multi_turn,382,246.84,137.70,384.53,2,5.20,1
vllm,multi_turn,383,197.11,79.25,276.35,2,7.24,1
vllm,multi_turn,384,154.74,0.00,184.03,1,5.43,1
vllm,multi_turn,385,263.10,0.00,296.96,1,3.37,1
vllm,multi_turn,386,201.18,42.36,243.54,2,8.21,1
vllm,multi_turn,387,113.59,0.00,133.69,1,7.48,1
vllm,multi_turn,388,219.50,128.27,347.76,2,5.75,1
vllm,multi_turn,389,127.48,33.51,160.99,2,12.42,1
vllm,multi_turn,390,139.47,0.00,222.17,1,4.50,1
vllm,multi_turn,391,198.58,50.09,248.67,2,8.04,1
vllm,multi_turn,392,84.33,0.00,122.57,1,8.16,1
vllm,multi_turn,393,134.60,112.76,247.35,2,8.09,1
vllm,multi_turn,394,193.22,0.00,242.09,1,4.13,1
vllm,multi_turn,395,227.67,0.00,326.47,1,3.06,1
vllm,multi_turn,396,140.61,40.29,180.90,2,11.06,1
vllm,multi_turn,397,131.79,85.09,216.88,2,9.22,1
vllm,multi_turn,398,173.88,0.00,331.51,1,3.02,1
vllm,multi_turn,399,208.29,0.00,274.11,1,3.65,1
vllm,multi_turn,400,97.94,34.39,132.33,2,15.11,1
vllm,multi_turn,401,132.39,0.00,156.14,1,6.40,1
vllm,multi_turn,402,134.14,32.53,166.67,2,12.00,1
vllm,multi_turn,403,165.93,63.86,229.79,2,8.70,1
vllm,multi_turn,404,303.10,0.00,313.17,1,3.19,1
vllm,multi_turn,405,292.05,0.00,402.01,1,2.49,1
vllm,multi_turn,406,219.73,109.05,328.78,2,6.08,1
vllm,multi_turn,407,277.27,0.00,277.53,1,3.60,1
vllm,multi_turn,408,147.76,28.08,175.84,2,11.37,1
vllm,multi_turn,409,146.36,3.53,149.89,2,13.34,1
vllm,multi_turn,410,188.79,0.00,233.70,1,4.28,1
vllm,multi_turn,411,199.59,46.93,246.51,2,8.11,1
vllm,multi_turn,412,117.36,0.00,131.82,1,7.59,1
vllm,multi_turn,413,308.90,0.00,309.20,1,3.23,1
vllm,multi_turn,414,377.50,7.86,385.36,2,5.19,1
vllm,multi_turn,415,197.69,107.67,305.36,2,6.55,1
vllm,multi_turn,416,154.16,24.87,253.66,5,19.71,0
vllm,multi_turn,417,130.48,0.00,147.19,1,6.79,1
vllm,multi_turn,418,154.95,0.00,155.19,1,6.44,1
vllm,multi_turn,419,245.05,55.36,300.41,2,6.66,1
vllm,multi_turn,420,311.02,78.21,389.22,2,5.14,1
vllm,multi_turn,421,112.89,0.00,132.18,1,7.57,1
vllm,multi_turn,422,135.80,0.00,194.44,1,5.14,1
vllm,multi_turn,423,298.45,27.42,325.87,2,6.14,1
vllm,multi_turn,424,137.01,73.80,210.82,2,9.49,1
vllm,multi_turn,425,180.91,0.00,225.21,1,4.44,1
vllm,multi_turn,426,153.12,30.40,183.52,2,10.90,1
vllm,multi_turn,427,101.31,0.00,232.02,1,4.31,1
vllm,multi_turn,428,277.74,0.00,379.13,1,2.64,1
vllm,multi_turn,429,196.59,0.00,228.33,1,4.38,1
vllm,multi_turn,430,166.36,81.07,247.43,2,8.08,1
vllm,multi_turn,431,158.33,25.55,183.87,2,10.88,1
vllm,multi_turn,432,117.43,0.00,148.99,1,6.71,1
vllm,multi_turn,433,176.06,0.00,198.70,1,5.03,1
vllm,multi_turn,434,90.95,0.00,154.02,1,6.49,1
vllm,multi_turn,435,150.27,212.46,362.73,2,5.51,1
vllm,multi_turn,436,222.06,0.00,248.03,1,4.03,1
vllm,multi_turn,437,228.24,84.68,312.92,2,6.39,1
vllm,multi_turn,438,255.67,0.00,280.95,1,3.56,1
vllm,multi_turn,439,152.32,27.19,179.51,2,11.14,1
vllm,multi_turn,440,103.63,0.00,138.48,1,7.22,1
vllm,multi_turn,441,159.13,0.00,276.51,1,3.62,1
vllm,multi_turn,442,223.65,16.01,319.68,7,21.90,0
vllm,multi_turn,443,138.67,205.37,344.04,2,5.81,1
vllm,multi_turn,444,358.12,0.00,368.99,1,2.71,1
vllm,multi_turn,445,161.89,90.94,252.82,2,7.91,1
vllm,multi_turn,446,197.58,99.57,297.15,2,6.73,1
vllm,multi_turn,447,118.75,0.00,128.60,1,7.78,1
vllm,multi_turn,448,209.09,14.02,223.11,2,8.96,1
vllm,multi_turn,449,165.22,58.33,223.55,2,8.95,1
vllm,multi_turn,450,76.22,0.00,90.40,1,11.06,1
vllm,multi_turn,451,170.31,75.65,245.97,2,8.13,1
vllm,multi_turn,452,251.23,73.37,324.60,2,6.16,1
vllm,multi_turn,453,248.02,162.86,410.88,2,4.87,1
vllm,multi_turn,454,200.49,0.00,260.94,1,3.83,1
vllm,multi_turn,455,137.67,0.00,153.63,1,6.51,1
vllm,multi_turn,456,152.37,0.00,155.75,1,6.42,1
vllm,multi_turn,457,166.68,0.00,222.39,1,4.50,1
vllm,multi_turn,458,179.51,0.00,186.84,1,5.35,1
vllm,multi_turn,459,122.66,140.72,263.38,2,7.59,1
vllm,multi_turn,460,239.61,0.00,268.73,1,3.72,1
vllm,multi_turn,461,298.91,124.12,423.03,2,4.73,1
vllm,multi_turn,462,169.56,63.79,233.35,2,8.57,1
vllm,multi_turn,463,218.87,0.00,244.01,1,4.10,1
vllm,multi_turn,464,204.49,18.38,222.87,2,8.97,1
vllm,multi_turn,465,157.76,32.62,190.38,2,10.51,1
vllm,multi_turn,466,142.66,8.13,150.79,2,13.26,1
vllm,multi_turn,467,240.03,52.02,292.05,2,6.85,1
vllm,multi_turn,468,253.56,84.70,338.26,2,5.91,1
vllm,multi_turn,469,257.74,0.00,312.29,1,3.20,1
vllm,multi_turn,470,226.85,123.88,350.73,2,5.70,1
vllm,multi_turn,471,220.52,0.00,261.22,1,3.83,1
vllm,multi_turn,472,112.77,0.00,148.95,1,6.71,1
vllm,multi_turn,473,254.46,0.00,279.40,1,3.58,1
vllm,multi_turn,474,161.16,29.61,190.77,2,10.48,1
vllm,multi_turn,475,135.88,0.00,196.48,1,5.09,1
vllm,multi_turn,476,342.15,0.00,342.38,1,2.92,1
vllm,multi_turn,477,241.10,115.35,356.45,2,5.61,1
vllm,multi_turn,478,238.83,0.00,253.05,1,3.95,1
vllm,multi_turn,479,262.98,0.00,317.54,1,3.15,1
vllm,multi_turn,480,221.93,24.35,246.28,2,8.12,1
vllm,multi_turn,481,174.59,111.64,286.24,2,6.99,1
vllm,multi_turn,482,166.49,123.02,289.51,2,6.91,1
vllm,multi_turn,483,180.36,0.00,227.36,1,4.40,1
vllm,multi_turn,484,102.19,40.55,142.74,2,14.01,1
vllm,multi_turn,485,158.18,0.00,320.51,1,3.12,1
vllm,multi_turn,486,186.32,0.00,237.33,1,4.21,1
vllm,multi_turn,487,232.00,0.00,297.44,1,3.36,1
vllm,multi_turn,488,142.42,0.00,146.85,1,6.81,1
vllm,multi_turn,489,204.77,113.83,318.60,2,6.28,1
vllm,multi_turn,490,227.89,145.56,373.45,2,5.36,1
vllm,multi_turn,491,338.19,25.32,363.51,2,5.50,1
vllm,multi_turn,492,199.95,0.00,262.46,1,3.81,1
vllm,multi_turn,493,209.99,0.00,272.07,1,3.68,1
vllm,multi_turn,494,141.66,0.00,167.24,1,5.98,1
vllm,multi_turn,495,110.67,10.46,121.14,2,16.51,1
vllm,multi_turn,496,198.61,0.00,224.17,1,4.46,1
vllm,multi_turn,497,168.73,14.33,183.07,2,10.93,1
vllm,multi_turn,498,242.36,114.08,356.43,2,5.61,1
vllm,multi_turn,499,266.99,102.85,369.83,2,5.41,1
vllm,multi_turn,500,81.46,0.00,96.34,1,10.38,1
vllm,multi_turn,501,174.03,0.31,174.34,2,11.47,1
vllm,multi_turn,502,172.08,87.01,259.08,2,7.72,1
vllm,multi_turn,503,260.66,0.00,348.89,1,2.87,1
vllm,multi_turn,504,398.04,0.00,401.70,1,2.49,1
vllm,multi_turn,505,200.33,0.00,250.55,1,3.99,1
vllm,multi_turn,506,189.60,16.89,206.49,2,9.69,1
vllm,multi_turn,507,170.33,0.00,304.61,1,3.28,1
vllm,multi_turn,508,193.13,58.14,251.27,2,7.96,1
vllm,multi_turn,509,213.57,96.76,310.33,2,6.44,1
vllm,multi_turn,510,212.18,0.00,224.93,1,4.45,1
vllm,multi_turn,511,224.53,106.33,330.86,2,6.04,1
vllm,multi_turn,512,210.00,0.00,228.64,1,4.37,1
vllm,multi_turn,513,218.16,0.00,241.49,1,4.14,1
vllm,multi_turn,514,103.60,0.00,143.64,1,6.96,1
vllm,multi_turn,515,121.51,0.00,143.71,1,6.96,1
vllm,multi_turn,516,143.02,0.00,160.85,1,6.22,1
vllm,multi_turn,517,211.55,0.00,245.77,1,4.07,1
vllm,multi_turn,518,190.67,0.00,254.84,1,3.92,1
vllm,multi_turn,519,218.61,93.28,311.89,2,6.41,1
vllm,multi_turn,520,122.76,39.38,162.15,2,12.33,1
vllm,multi_turn,521,216.24,0.00,226.02,1,4.42,1
vllm,multi_turn,522,199.51,82.24,281.75,2,7.10,1
vllm,multi_turn,523,200.15,0.00,222.53,1,4.49,1
vllm,multi_turn,524,152.57,0.41,152.98,2,13.07,1
vllm,multi_turn,525,186.46,0.00,281.99,1,3.55,1
vllm,multi_turn,526,143.45,0.00,204.71,1,4.88,1
vllm,multi_turn,527,205.82,18.73,224.55,2,8.91,1
vllm,multi_turn,528,117.57,0.00,256.12,1,3.90,1
vllm,multi_turn,529,193.12,0.00,198.17,1,5.05,1
vllm,multi_turn,530,211.77,0.00,276.63,1,3.61,1
vllm,multi_turn,531,166.22,0.00,179.89,1,5.56,1
vllm,multi_turn,532,127.01,0.00,228.93,1,4.37,1
vllm,multi_turn,533,222.00,10.27,242.54,3,12.37,0
vllm,multi_turn,534,167.47,0.00,231.38,1,4.32,1
vllm,multi_turn,535,204.51,0.00,223.75,1,4.47,1
vllm,multi_turn,536,157.87,26.76,184.63,2,10.83,0
vllm,multi_turn,537,133.23,0.00,138.23,1,7.23,1
vllm,multi_turn,538,196.26,0.00,250.21,1,4.00,1
vllm,multi_turn,539,118.87,0.00,119.08,1,8.40,1
vllm,multi_turn,540,176.68,79.25,255.94,2,7.81,1
vllm,multi_turn,541,166.45,163.75,330.20,2,6.06,1
vllm,multi_turn,542,202.66,0.00,207.73,1,4.81,1
vllm,multi_turn,543,258.04,0.00,285.79,1,3.50,1
vllm,multi_turn,544,124.40,26.56,150.96,2,13.25,1
vllm,multi_turn,545,126.54,0.00,246.93,1,4.05,1
vllm,multi_turn,546,176.35,69.31,245.66,2,8.14,1
vllm,multi_turn,547,147.05,0.00,163.60,1,6.11,1
vllm,multi_turn,548,147.78,22.44,170.22,2,11.75,1
vllm,multi_turn,549,129.57,77.43,206.99,2,9.66,1
vllm,multi_turn,550,208.38,0.00,264.04,1,3.79,1
vllm,multi_turn,551,289.07,58.03,347.10,2,5.76,1
vllm,multi_turn,552,221.20,85.24,306.44,2,6.53,1
vllm,multi_turn,553,135.02,0.00,144.34,1,6.93,1
vllm,multi_turn,554,153.91,110.15,264.06,2,7.57,1
vllm,multi_turn,555,172.45,0.00,205.29,1,4.87,1
vllm,multi_turn,556,104.88,0.00,114.55,1,8.73,1
vllm,multi_turn,557,134.65,0.00,171.32,1,5.84,1
vllm,multi_turn,558,203.56,0.00,252.08,1,3.97,1
vllm,multi_turn,559,297.96,0.00,355.75,1,2.81,1
vllm,multi_turn,560,133.43,1.80,137.04,3,21.89,0
vllm,multi_turn,561,175.75,76.87,252.62,2,7.92,1
vllm,multi_turn,562,152.55,0.00,218.75,1,4.57,1
vllm,multi_turn,563,210.84,78.78,289.62,2,6.91,0
vllm,multi_turn,564,207.76,85.51,293.26,2,6.82,1
vllm,multi_turn,565,144.08,14.27,158.35,2,12.63,1
vllm,multi_turn,566,146.74,41.44,188.18,2,10.63,1
vllm,multi_turn,567,216.15,0.00,303.27,1,3.30,1
vllm,multi_turn,568,216.49,172.94,389.43,2,5.14,1
vllm,multi_turn,569,179.09,0.00,257.51,1,3.88,1
vllm,multi_turn,570,156.94,0.00,177.53,1,5.63,1
vllm,multi_turn,571,116.38,0.00,120.30,1,8.31,1
vllm,multi_turn,572,240.71,0.00,240.95,1,4.15,1
vllm,multi_turn,573,187.43,0.00,201.50,1,4.96,1
vllm,multi_turn,574,94.53,111.89,206.41,2,9.69,1
vllm,multi_turn,575,226.11,0.00,235.71,1,4.24,1
vllm,multi_turn,576,216.08,49.66,265.74,2,7.53,1
vllm,multi_turn,577,234.91,0.00,304.75,1,3.28,1
vllm,multi_turn,578,148.91,0.00,173.75,1,5.76,1
vllm,multi_turn,579,134.40,0.00,134.66,1,7.43,1
vllm,multi_turn,580,226.25,114.70,340.95,2,5.87,1
vllm,multi_turn,581,147.57,0.00,202.98,1,4.93,1
vllm,multi_turn,582,178.89,65.07,243.96,2,8.20,1
vllm,multi_turn,583,102.34,8.44,110.78,2,18.05,1
vllm,multi_turn,584,118.89,19.97,138.86,2,14.40,1
vllm,multi_turn,585,174.51,0.00,244.79,1,4.09,1
vllm,multi_turn,586,267.31,109.53,376.84,2,5.31,1
vllm,multi_turn,587,197.18,88.69,285.87,2,7.00,1
vllm,multi_turn,588,116.19,0.00,145.55,1,6.87,1
vllm,multi_turn,589,99.36,0.00,104.39,1,9.58,1
vllm,multi_turn,590,184.98,107.21,292.19,2,6.84,1
vllm,multi_turn,591,241.18,0.00,375.01,1,2.67,1
vllm,multi_turn,592,196.03,0.00,271.60,1,3.68,1
vllm,multi_turn,593,157.99,0.00,220.94,1,4.53,1
vllm,multi_turn,594,121.30,0.00,134.54,1,7.43,1
vllm,multi_turn,595,166.28,27.18,193.46,2,10.34,1
vllm,multi_turn,596,205.30,104.26,309.56,2,6.46,1
vllm,multi_turn,597,226.54,0.00,298.51,1,3.35,1
vllm,multi_turn,598,172.43,93.86,266.29,2,7.51,1
vllm,multi_turn,599,142.50,28.91,171.41,2,11.67,1
vllm,multi_turn,600,221.84,51.09,272.93,2,7.33,1
vllm,multi_turn,601,177.18,0.00,187.87,1,5.32,1
vllm,multi_turn,602,112.70,0.00,122.96,1,8.13,1
vllm,multi_turn,603,181.48,133.36,314.84,2,6.35,1
vllm,multi_turn,604,96.10,0.00,110.21,1,9.07,1
vllm,multi_turn,605,118.78,56.42,175.20,2,11.42,1
vllm,multi_turn,606,211.85,35.86,247.71,2,8.07,1
vllm,multi_turn,607,215.52,0.00,271.57,1,3.68,1
vllm,multi_turn,608,224.65,0.00,229.87,1,4.35,1
vllm,multi_turn,609,128.64,0.00,139.50,1,7.17,1
vllm,multi_turn,610,126.98,97.32,224.30,2,8.92,1
vllm,multi_turn,611,182.87,98.16,281.03,2,7.12,1
vllm,multi_turn,612,193.05,104.54,297.59,2,6.72,1
vllm,multi_turn,613,173.32,0.00,256.80,1,3.89,1
vllm,multi_turn,614,210.70,146.84,357.54,2,5.59,1
vllm,multi_turn,615,115.06,0.00,182.95,1,5.47,1
vllm,multi_turn,616,174.03,0.00,248.52,1,4.02,1
vllm,multi_turn,617,229.13,0.00,249.21,1,4.01,1
vllm,multi_turn,618,195.48,0.00,224.50,1,4.45,1
vllm,multi_turn,619,112.55,4.98,117.53,2,17.02,1
vllm,multi_turn,620,171.81,0.00,220.16,1,4.54,1
vllm,multi_turn,621,152.22,0.00,171.39,1,5.83,1
vllm,multi_turn,622,142.87,0.00,177.43,1,5.64,1
vllm,multi_turn,623,199.54,68.35,267.89,2,7.47,1
vllm,multi_turn,624,236.55,77.28,313.82,2,6.37,1
vllm,multi_turn,625,201.81,130.49,332.31,2,6.02,1
vllm,multi_turn,626,168.25,87.93,256.18,2,7.81,1
vllm,multi_turn,627,128.68,0.00,153.66,1,6.51,1
vllm,multi_turn,628,172.95,0.00,184.98,1,5.41,1
vllm,multi_turn,629,190.84,84.96,275.79,2,7.25,1
vllm,multi_turn,630,119.56,174.33,293.89,2,6.81,1
vllm,multi_turn,631,131.59,73.55,205.15,2,9.75,1
vllm,multi_turn,632,197.12,0.00,256.91,1,3.89,1
vllm,multi_turn,633,166.18,0.00,175.82,1,5.69,1
vllm,multi_turn,634,190.19,0.00,190.41,1,5.25,1
vllm,multi_turn,635,161.49,69.96,231.46,2,8.64,1
vllm,multi_turn,636,145.96,0.00,171.98,1,5.81,1
vllm,multi_turn,637,142.76,0.00,147.60,1,6.78,1
vllm,multi_turn,638,219.23,0.00,282.25,1,3.54,1
vllm,multi_turn,639,204.10,38.39,242.49,2,8.25,1
vllm,multi_turn,640,145.84,0.00,179.78,1,5.56,1
vllm,multi_turn,641,118.95,0.36,119.31,2,16.76,1
vllm,multi_turn,642,217.46,122.74,340.20,2,5.88,1
vllm,multi_turn,643,165.93,0.00,196.11,1,5.10,1
vllm,multi_turn,644,205.85,0.00,333.35,1,3.00,1
vllm,multi_turn,645,233.25,99.02,332.27,2,6.02,1
vllm,multi_turn,646,173.31,79.93,253.24,2,7.90,1
vllm,multi_turn,647,216.76,54.51,271.27,2,7.37,1
vllm,multi_turn,648,251.62,0.00,324.71,1,3.08,1
vllm,multi_turn,649,114.58,34.00,148.58,2,13.46,1
vllm,multi_turn,650,133.57,43.20,176.77,2,11.31,1
vllm,multi_turn,651,130.62,0.00,260.98,1,3.83,1
vllm,multi_turn,652,192.51,0.00,247.82,1,4.04,1
vllm,multi_turn,653,188.22,84.37,272.59,2,7.34,1
vllm,multi_turn,654,194.17,0.00,210.54,1,4.75,1
vllm,multi_turn,655,113.85,0.00,114.06,1,8.77,1
vllm,multi_turn,656,127.46,0.00,165.55,1,6.04,1
vllm,multi_turn,657,207.26,47.11,254.37,2,7.86,1
vllm,multi_turn,658,201.44,73.55,274.99,2,7.27,1
vllm,multi_turn,659,218.27,0.00,318.19,1,3.14,1
vllm,multi_turn,660,138.37,86.17,224.54,2,8.91,1
vllm,multi_turn,661,260.46,0.00,288.63,1,3.46,1
vllm,multi_turn,662,150.75,25.35,176.10,2,11.36,0
vllm,multi_turn,663,126.91,0.00,146.46,1,6.83,1
vllm,multi_turn,664,268.06,0.00,277.14,1,3.61,1
vllm,multi_turn,665,209.62,0.00,254.73,1,3.93,1
vllm,multi_turn,666,63.71,0.00,115.49,1,8.66,1
vllm,multi_turn,667,194.08,0.00,233.08,1,4.29,1
vllm,multi_turn,668,294.27,0.00,304.59,1,3.28,1
vllm,multi_turn,669,224.41,43.87,268.29,2,7.45,1
vllm,multi_turn,670,243.01,71.72,314.73,2,6.35,1
vllm,multi_turn,671,191.15,100.93,292.08,2,6.85,1
vllm,multi_turn,672,104.91,19.57,124.47,2,16.07,1
vllm,multi_turn,673,289.99,38.94,328.93,2,6.08,1
vllm,multi_turn,674,189.08,68.93,258.01,2,7.75,1
vllm,multi_turn,675,300.59,14.70,315.29,2,6.34,1
vllm,multi_turn,676,183.21,0.00,298.69,1,3.35,1
vllm,multi_turn,677,123.40,0.00,177.57,1,5.63,1
vllm,multi_turn,678,92.07,0.00,97.32,1,10.27,1
vllm,multi_turn,679,207.47,55.43,262.90,2,7.61,1
vllm,multi_turn,680,217.70,125.28,342.98,2,5.83,1
vllm,multi_turn,681,232.16,0.00,263.39,1,3.80,1
vllm,multi_turn,682,180.67,203.65,384.32,2,5.20,1
vllm,multi_turn,683,152.74,0.00,187.77,1,5.33,1
vllm,multi_turn,684,192.75,79.60,272.35,2,7.34,1
vllm,multi_turn,685,67.34,0.00,77.22,1,12.95,1
vllm,multi_turn,686,98.63,0.00,111.14,1,9.00,1
vllm,multi_turn,687,135.56,0.00,169.89,1,5.89,1
vllm,multi_turn,688,240.09,0.00,360.70,1,2.77,1
vllm,multi_turn,689,188.55,0.00,265.72,1,3.76,1
vllm,multi_turn,690,199.58,0.00,264.85,1,3.78,1
vllm,multi_turn,691,147.90,92.01,239.91,2,8.34,1
vllm,multi_turn,692,164.40,27.07,191.47,2,10.45,1
vllm,multi_turn,693,109.43,112.96,222.38,2,8.99,1
vllm,multi_turn,694,157.09,139.73,296.82,2,6.74,1
vllm,multi_turn,695,162.62,0.00,238.94,1,4.19,1
vllm,multi_turn,696,120.54,0.00,132.02,1,7.57,1
vllm,multi_turn,697,109.22,0.00,114.19,1,8.76,1
vllm,multi_turn,698,254.07,58.83,312.90,2,6.39,1
vllm,multi_turn,699,186.47,162.65,349.12,2,5.73,1
vllm,multi_turn,700,181.69,0.00,298.76,1,3.35,1
vllm,multi_turn,701,241.64,0.33,241.97,2,8.27,1
vllm,multi_turn,702,145.82,0.00,159.19,1,6.28,1
vllm,multi_turn,703,100.55,63.77,164.33,2,12.17,1
vllm,multi_turn,704,204.98,96.31,301.29,2,6.64,1
vllm,multi_turn,705,187.38,0.00,195.79,1,5.11,1
vllm,multi_turn,706,147.52,0.00,161.19,1,6.20,1
vllm,multi_turn,707,205.06,0.00,284.03,1,3.52,1
vllm,multi_turn,708,219.35,31.28,250.63,2,7.98,1
vllm,multi_turn,709,179.21,0.00,228.37,1,4.38,1
vllm,multi_turn,710,143.03,12.25,155.27,2,12.88,1
vllm,multi_turn,711,249.07,0.43,249.50,2,8.02,1
vllm,multi_turn,712,188.16,0.00,242.39,1,4.13,1
vllm,multi_turn,713,224.30,0.00,273.52,1,3.66,1
vllm,multi_turn,714,181.31,114.53,295.84,2,6.76,1
vllm,multi_turn,715,170.73,0.00,203.47,1,4.91,1
vllm,multi_turn,716,110.06,0.00,130.21,1,7.68,1
vllm,multi_turn,717,194.92,0.00,273.07,1,3.66,1
vllm,multi_turn,718,223.34,121.31,344.65,2,5.80,1
vllm,multi_turn,719,209.03,0.00,274.99,1,3.64,1
vllm,multi_turn,720,142.30,74.21,216.52,2,9.24,1
vllm,multi_turn,721,240.06,116.00,356.07,2,5.62,1
vllm,multi_turn,722,210.07,0.00,224.05,1,4.46,1
vllm,multi_turn,723,190.67,63.89,254.56,2,7.86,1
vllm,multi_turn,724,191.65,0.00,205.01,1,4.88,1
vllm,multi_turn,725,186.49,0.00,203.54,1,4.91,1
vllm,multi_turn,726,119.91,0.00,160.76,1,6.22,1
vllm,multi_turn,727,102.33,0.00,107.24,1,9.32,1
vllm,multi_turn,728,142.02,0.00,186.98,1,5.35,1
vllm,multi_turn,729,112.41,0.00,137.02,1,7.30,1
vllm,multi_turn,730,167.76,104.13,271.89,2,7.36,1
vllm,multi_turn,731,136.41,178.67,315.08,2,6.35,1
vllm,multi_turn,732,151.35,146.16,297.52,2,6.72,1
vllm,multi_turn,733,209.57,0.00,244.02,1,4.10,1
vllm,multi_turn,734,167.70,0.00,220.60,1,4.53,1
vllm,multi_turn,735,105.19,22.10,127.29,2,15.71,0
vllm,multi_turn,736,125.16,0.00,134.94,1,7.41,1
vllm,multi_turn,737,127.62,118.53,246.15,2,8.13,1
vllm,multi_turn,738,158.42,129.12,287.54,2,6.96,1
vllm,multi_turn,739,268.48,0.00,282.25,1,3.54,1
vllm,multi_turn,740,162.79,0.00,266.09,1,3.76,1
vllm,multi_turn,741,224.32,67.60,291.92,2,6.85,1
vllm,multi_turn,742,159.30,0.00,209.70,1,4.77,1
vllm,multi_turn,743,132.34,0.00,143.71,1,6.96,1
vllm,multi_turn,744,268.89,0.00,293.12,1,3.41,1
vllm,multi_turn,745,189.66,0.00,222.41,1,4.50,1
vllm,multi_turn,746,185.00,202.81,387.82,2,5.16,1
vllm,multi_turn,747,188.20,28.99,217.19,2,9.21,1
vllm,multi_turn,748,237.07,84.05,321.12,2,6.23,1
vllm,multi_turn,749,139.64,0.00,153.35,1,6.52,1
vllm,multi_turn,750,132.03,0.00,137.22,1,7.29,1
vllm,multi_turn,751,85.16,0.00,109.09,1,9.17,1
vllm,multi_turn,752,102.64,0.00,125.73,1,7.95,1
vllm,multi_turn,753,177.71,0.00,296.50,1,3.37,1
vllm,multi_turn,754,180.34,26.44,206.78,2,9.67,1
vllm,multi_turn,755,247.65,0.00,291.70,1,3.43,1
vllm,multi_turn,756,202.71,0.00,268.60,1,3.72,1
vllm,multi_turn,757,132.05,0.35,132.40,2,15.11,1
vllm,multi_turn,758,108.80,0.00,171.92,1,5.82,1
vllm,multi_turn,759,168.97,0.00,197.08,1,5.07,1
vllm,multi_turn,760,236.39,66.35,302.74,2,6.61,1
vllm,multi_turn,761,219.35,0.00,261.13,1,3.83,1
vllm,multi_turn,762,258.52,49.35,307.87,2,6.50,1
vllm,multi_turn,763,244.67,0.00,380.80,1,2.63,1
vllm,multi_turn,764,172.41,71.79,244.20,2,8.19,1
vllm,multi_turn,765,200.92,121.40,322.32,2,6.21,1
vllm,multi_turn,766,177.81,0.00,189.31,1,5.28,1
vllm,multi_turn,767,184.27,0.00,207.16,1,4.83,1
vllm,multi_turn,768,220.58,0.00,303.31,1,3.30,1
vllm,multi_turn,769,192.73,0.00,300.83,1,3.32,1
vllm,multi_turn,770,207.71,0.00,218.95,1,4.57,1
vllm,multi_turn,771,215.56,0.00,319.37,1,3.13,1
vllm,multi_turn,772,194.77,167.25,362.02,2,5.52,1
vllm,multi_turn,773,192.15,0.00,241.14,1,4.15,1
vllm,multi_turn,774,224.45,0.00,272.63,1,3.67,1
vllm,multi_turn,775,137.27,49.57,186.83,2,10.70,1
vllm,multi_turn,776,150.36,0.00,164.24,1,6.09,1
vllm,multi_turn,777,197.15,0.00,221.64,1,4.51,1
vllm,multi_turn,778,141.31,0.00,154.39,1,6.48,1
vllm,multi_turn,779,179.47,5.30,184.76,2,10.82,1
vllm,multi_turn,780,94.48,30.38,124.86,2,16.02,1
vllm,multi_turn,781,183.15,0.36,183.50,2,10.90,1
vllm,multi_turn,782,190.14,0.00,233.64,1,4.28,1
vllm,multi_turn,783,141.69,52.19,193.88,2,10.32,1
vllm,multi_turn,784,173.74,0.00,195.25,1,5.12,1
vllm,multi_turn,785,166.99,40.07,207.07,2,9.66,1
vllm,multi_turn,786,152.55,5.21,157.77,2,12.68,1
vllm,multi_turn,787,157.56,0.00,314.36,1,3.18,1
vllm,multi_turn,788,133.48,152.15,285.63,2,7.00,1
vllm,multi_turn,789,190.48,0.00,310.24,1,3.22,1
vllm,multi_turn,790,179.81,0.00,253.03,1,3.95,1
vllm,multi_turn,791,124.57,31.91,156.48,2,12.78,1
vllm,multi_turn,792,163.49,0.00,187.39,1,5.34,1
vllm,multi_turn,793,208.30,161.76,370.06,2,5.40,1
vllm,multi_turn,794,194.59,0.00,235.88,1,4.24,1
vllm,multi_turn,795,166.43,107.66,274.10,2,7.30,1
vllm,multi_turn,796,211.02,0.00,270.97,1,3.69,1
vllm,multi_turn,797,274.24,0.00,321.42,1,3.11,1
vllm,multi_turn,798,274.03,0.00,313.22,1,3.19,1
vllm,multi_turn,799,155.07,28.32,183.39,2,10.91,1
vllm,multi_turn,800,171.08,48.53,219.61,2,9.11,1
vllm,multi_turn,801,217.04,0.00,246.36,1,4.06,1
vllm,multi_turn,802,207.02,73.21,280.23,2,7.14,1
vllm,multi_turn,803,290.77,138.02,428.79,2,4.66,1
vllm,multi_turn,804,176.84,56.68,233.52,2,8.56,1
vllm,multi_turn,805,233.16,91.34,324.50,2,6.16,1
vllm,multi_turn,806,179.03,0.00,247.53,1,4.04,1
vllm,multi_turn,807,148.29,0.00,174.78,1,5.72,1
vllm,multi_turn,808,183.58,213.22,396.80,2,5.04,1
vllm,multi_turn,809,148.16,0.00,224.58,1,4.45,1
vllm,multi_turn,810,218.47,0.00,293.17,1,3.41,1
vllm,multi_turn,811,139.67,147.60,287.27,2,6.96,1
vllm,multi_turn,812,242.84,0.00,317.52,1,3.15,1
vllm,multi_turn,813,185.45,69.84,255.29,2,7.83,1
vllm,multi_turn,814,193.30,72.12,265.42,2,7.54,1
vllm,multi_turn,815,204.07,0.00,216.30,1,4.62,1
vllm,multi_turn,816,226.32,0.00,300.49,1,3.33,1
vllm,multi_turn,817,233.76,0.00,259.14,1,3.86,1
vllm,multi_turn,818,270.55,0.00,387.00,1,2.58,1
vllm,multi_turn,819,281.75,0.00,293.96,1,3.40,1
vllm,multi_turn,820,171.91,0.00,232.07,1,4.31,1
vllm,multi_turn,821,98.65,0.00,99.40,1,10.06,1
vllm,multi_turn,822,169.89,50.09,219.98,2,9.09,1
vllm,multi_turn,823,117.81,37.96,155.77,2,12.84,1
vllm,multi_turn,824,176.11,0.00,262.50,1,3.81,1
vllm,multi_turn,825,214.30,64.11,278.41,2,7.18,1
vllm,multi_turn,826,68.47,0.00,80.54,1,12.42,1
vllm,multi_turn,827,155.72,50.47,206.19,2,9.70,1
vllm,multi_turn,828,213.00,0.00,263.59,1,3.79,1
vllm,multi_turn,829,148.21,0.00,165.20,1,6.05,1
vllm,multi_turn,830,168.55,0.00,186.00,1,5.38,1
vllm,multi_turn,831,115.76,27.66,143.42,2,13.94,1
vllm,multi_turn,832,102.99,0.00,114.40,1,8.74,1
vllm,multi_turn,833,179.94,5.21,185.14,2,10.80,1
vllm,multi_turn,834,220.04,38.72,297.48,3,10.08,1
vllm,multi_turn,835,122.10,0.00,134.66,1,7.43,1
vllm,multi_turn,836,126.32,28.07,182.45,3,16.44,1
vllm,multi_turn,837,212.00,0.00,232.17,1,4.31,1
vllm,multi_turn,838,181.09,64.85,310.79,3,9.65,1
vllm,multi_turn,839,120.14,64.43,184.58,2,10.84,1
vllm,multi_turn,840,195.66,0.00,244.03,1,4.10,1
vllm,multi_turn,841,150.82,0.00,162.62,1,6.15,1
vllm,multi_turn,842,130.83,0.00,185.92,1,5.38,1
vllm,multi_turn,843,183.97,0.00,249.89,1,4.00,1
vllm,multi_turn,844,304.85,103.46,408.31,2,4.90,1
vllm,multi_turn,845,186.70,77.26,263.96,2,7.58,1
vllm,multi_turn,846,213.17,0.00,247.28,1,4.04,1
vllm,multi_turn,847,183.74,14.33,198.07,2,10.10,1
vllm,multi_turn,848,114.91,0.00,182.39,1,5.48,1
vllm,multi_turn,849,219.62,153.04,372.66,2,5.37,1
vllm,multi_turn,850,209.86,96.19,306.05,2,6.53,1
vllm,multi_turn,851,183.57,0.00,289.06,1,3.46,1
vllm,multi_turn,852,175.06,92.48,267.54,2,7.48,1
vllm,multi_turn,853,197.04,65.60,262.64,2,7.61,1
vllm,multi_turn,854,197.34,0.00,242.96,1,4.12,1
vllm,multi_turn,855,181.53,0.00,247.23,1,4.04,1
vllm,multi_turn,856,234.00,0.00,234.21,1,4.27,1
vllm,multi_turn,857,238.00,64.69,302.69,2,6.61,1
vllm,multi_turn,858,234.15,0.00,337.36,1,2.96,1
vllm,multi_turn,859,173.13,0.00,209.36,1,4.78,1
vllm,multi_turn,860,204.76,210.76,415.52,2,4.81,1
vllm,multi_turn,861,142.96,0.00,175.78,1,5.69,1
vllm,multi_turn,862,149.47,0.00,186.61,1,5.36,1
vllm,multi_turn,863,92.28,0.00,109.42,1,9.14,1
vllm,multi_turn,864,254.10,143.19,397.28,2,5.03,1
vllm,multi_turn,865,198.10,0.00,217.56,1,4.60,1
vllm,multi_turn,866,156.91,101.85,258.76,2,7.73,1
vllm,multi_turn,867,180.64,43.55,267.75,3,11.20,0
vllm,multi_turn,868,295.96,71.88,367.84,2,5.44,1
vllm,multi_turn,869,223.16,0.00,312.67,1,3.20,1
vllm,multi_turn,870,87.67,0.00,144.60,1,6.92,1
vllm,multi_turn,871,71.18,0.00,94.51,1,10.58,1
vllm,multi_turn,872,222.97,0.00,240.50,1,4.16,1
vllm,multi_turn,873,145.34,0.00,155.34,1,6.44,1
vllm,multi_turn,874,226.37,45.28,271.65,2,7.36,1
vllm,multi_turn,875,163.49,106.85,270.34,2,7.40,1
vllm,multi_turn,876,221.98,115.26,337.23,2,5.93,1
vllm,multi_turn,877,225.77,43.75,269.52,2,7.42,1
vllm,multi_turn,878,101.50,0.00,135.73,1,7.37,1
vllm,multi_turn,879,96.19,37.22,133.40,2,14.99,1
vllm,multi_turn,880,110.50,0.00,188.05,1,5.32,1
vllm,multi_turn,881,203.54,0.00,311.73,1,3.21,1
vllm,multi_turn,882,122.35,0.00,179.87,1,5.56,1
vllm,multi_turn,883,217.84,0.00,231.62,1,4.32,1
vllm,multi_turn,884,180.06,5.35,185.41,2,10.79,1
vllm,multi_turn,885,176.55,0.00,274.45,1,3.64,1
vllm,multi_turn,886,106.20,31.95,138.14,2,14.48,1
vllm,multi_turn,887,86.35,0.00,106.09,1,9.43,1
vllm,multi_turn,888,236.58,0.00,271.01,1,3.69,1
vllm,multi_turn,889,160.06,0.00,182.06,1,5.49,1
vllm,multi_turn,890,107.12,20.79,127.91,2,15.64,1
vllm,multi_turn,891,186.58,201.73,388.31,2,5.15,1
vllm,multi_turn,892,160.86,0.00,239.21,1,4.18,1
vllm,multi_turn,893,157.41,66.70,224.11,2,8.92,1
vllm,multi_turn,894,157.70,66.85,224.55,2,8.91,1
vllm,multi_turn,895,83.59,25.43,109.02,2,18.34,1
vllm,multi_turn,896,156.25,148.03,304.28,2,6.57,1
vllm,multi_turn,897,268.94,0.00,269.26,1,3.71,1
vllm,multi_turn,898,195.75,74.28,270.03,2,7.41,1
vllm,multi_turn,899,185.70,157.07,342.78,2,5.83,1
vllm,multi_turn,900,136.81,183.79,320.60,2,6.24,1
vllm,multi_turn,901,170.44,23.38,193.82,2,10.32,1
vllm,multi_turn,902,113.90,73.86,187.76,2,10.65,1
vllm,multi_turn,903,78.26,21.72,99.97,2,20.01,1
vllm,multi_turn,904,258.36,0.00,282.92,1,3.53,1
vllm,multi_turn,905,152.46,29.79,182.25,2,10.97,1
vllm,multi_turn,906,134.72,0.00,184.98,1,5.41,1
vllm,multi_turn,907,249.09,0.00,338.29,1,2.96,1
vllm,multi_turn,908,151.22,0.00,194.12,1,5.15,1
vllm,multi_turn,909,137.14,0.00,162.67,1,6.15,1
vllm,multi_turn,910,73.72,0.00,82.10,1,12.18,1
vllm,multi_turn,911,45.62,0.00,66.36,1,15.07,1
vllm,multi_turn,912,184.51,89.47,273.98,2,7.30,1
vllm,multi_turn,913,193.30,0.00,232.77,1,4.30,1
vllm,multi_turn,914,101.01,38.59,139.61,2,14.33,1
vllm,multi_turn,915,180.83,27.49,235.80,3,12.72,0
vllm,multi_turn,916,277.34,52.33,329.66,2,6.07,1
vllm,multi_turn,917,212.41,0.00,253.09,1,3.95,1
vllm,multi_turn,918,144.26,0.00,168.69,1,5.93,1
vllm,multi_turn,919,101.99,49.62,151.60,2,13.19,1
vllm,multi_turn,920,193.19,88.03,281.22,2,7.11,1
vllm,multi_turn,921,230.64,0.00,289.23,1,3.46,1
vllm,multi_turn,922,282.52,0.00,340.46,1,2.94,1
vllm,multi_turn,923,267.73,0.00,272.89,1,3.66,1
vllm,multi_turn,924,210.01,0.00,266.99,1,3.75,1
vllm,multi_turn,925,123.48,0.00,132.98,1,7.52,1
vllm,multi_turn,926,75.76,29.29,105.05,2,19.04,1
vllm,multi_turn,927,75.36,0.00,107.67,1,9.29,1
vllm,multi_turn,928,131.07,0.00,138.46,1,7.22,1
vllm,multi_turn,929,130.51,0.00,145.92,1,6.85,1
vllm,multi_turn,930,199.54,146.75,346.29,2,5.78,1
vllm,multi_turn,931,179.14,0.00,214.81,1,4.66,1
vllm,multi_turn,932,148.24,0.00,158.65,1,6.30,1
vllm,multi_turn,933,137.18,67.89,205.07,2,9.75,1
vllm,multi_turn,934,121.12,0.00,174.74,1,5.72,1
vllm,multi_turn,935,60.11,32.82,92.93,2,21.52,1
vllm,multi_turn,936,133.21,0.00,198.18,1,5.05,1
vllm,multi_turn,937,241.10,0.00,245.10,1,4.08,1
vllm,multi_turn,938,237.77,0.00,323.10,1,3.10,1
vllm,multi_turn,939,214.46,132.06,346.53,2,5.77,1
vllm,multi_turn,940,218.06,4.94,223.00,2,8.97,1
vllm,multi_turn,941,127.28,39.82,167.11,2,11.97,1
vllm,multi_turn,942,85.29,0.00,103.19,1,9.69,1
vllm,multi_turn,943,42.33,0.00,52.50,1,19.05,1
vllm,multi_turn,944,215.13,0.00,249.58,1,4.01,1
vllm,multi_turn,945,265.48,71.41,336.90,2,5.94,0
vllm,multi_turn,946,233.51,0.00,301.80,1,3.31,1
vllm,multi_turn,947,224.93,0.00,361.57,1,2.77,1
vllm,multi_turn,948,238.75,0.00,242.06,1,4.13,1
vllm,multi_turn,949,117.12,0.00,127.45,1,7.85,1
vllm,multi_turn,950,96.54,0.00,116.70,1,8.57,1
vllm,multi_turn,951,48.13,0.00,58.72,1,17.03,1
vllm,multi_turn,952,245.36,0.43,245.79,2,8.14,1
vllm,multi_turn,953,274.67,0.00,295.08,1,3.39,1
vllm,multi_turn,954,242.66,129.28,371.94,2,5.38,1
vllm,multi_turn,955,276.70,0.34,277.04,2,7.22,1
vllm,multi_turn,956,183.97,88.02,271.99,2,7.35,1
vllm,multi_turn,957,120.77,57.68,178.45,2,11.21,1
vllm,multi_turn,958,65.52,23.95,89.47,2,22.35,1
vllm,multi_turn,959,43.62,0.00,54.89,1,18.22,1
vllm,multi_turn,960,175.04,0.00,220.65,1,4.53,1
vllm,multi_turn,961,259.35,75.59,334.94,2,5.97,1
vllm,multi_turn,962,190.75,82.38,273.13,2,7.32,1
vllm,multi_turn,963,159.18,104.06,263.24,2,7.60,1
vllm,multi_turn,964,253.37,0.00,348.26,1,2.87,1
vllm,multi_turn,965,110.18,0.00,131.86,1,7.58,1
vllm,multi_turn,966,81.61,34.80,116.42,2,17.18,1
vllm,multi_turn,967,51.98,0.00,62.57,1,15.98,1
vllm,multi_turn,968,127.30,14.94,142.24,2,14.06,1
vllm,multi_turn,969,172.48,0.00,262.25,1,3.81,1
vllm,multi_turn,970,234.83,0.00,373.86,1,2.67,1
vllm,multi_turn,971,267.98,0.00,314.56,1,3.18,1
vllm,multi_turn,972,164.87,0.00,228.29,1,4.38,1
vllm,multi_turn,973,98.56,37.74,136.29,2,14.67,1
vllm,multi_turn,974,85.68,33.72,119.40,2,16.75,0
vllm,multi_turn,975,53.28,22.19,75.47,2,26.50,1
vllm,multi_turn,976,185.55,141.13,326.69,2,6.12,1
vllm,multi_turn,977,219.71,0.00,316.44,1,3.16,1
vllm,multi_turn,978,148.71,72.71,221.41,2,9.03,1
vllm,multi_turn,979,165.59,29.21,194.79,2,10.27,1
vllm,multi_turn,980,142.73,0.00,142.95,1,7.00,1
vllm,multi_turn,981,144.60,0.00,192.97,1,5.18,1
vllm,multi_turn,982,77.41,0.00,101.10,1,9.89,1
vllm,multi_turn,983,41.92,21.50,63.42,2,31.53,0
vllm,multi_turn,984,186.60,101.73,288.33,2,6.94,1
vllm,multi_turn,985,127.82,177.86,305.67,2,6.54,1
vllm,multi_turn,986,159.73,47.00,206.72,2,9.67,1
vllm,multi_turn,987,246.55,0.00,361.22,1,2.77,1
vllm,multi_turn,988,192.99,27.61,220.60,2,9.07,1
vllm,multi_turn,989,177.75,28.12,205.86,2,9.72,1
vllm,multi_turn,990,84.73,0.00,98.54,1,10.15,1
vllm,multi_turn,991,57.49,21.55,79.04,2,25.30,1
vllm,multi_turn,992,224.07,0.00,301.51,1,3.32,1
vllm,multi_turn,993,204.19,0.00,343.54,1,2.91,1
vllm,multi_turn,994,185.29,90.83,276.12,2,7.24,1
vllm,multi_turn,995,236.76,0.00,259.99,1,3.85,1
vllm,multi_turn,996,104.77,0.00,158.17,1,6.32,1
vllm,multi_turn,997,73.67,0.00,97.85,1,10.22,1
vllm,multi_turn,998,38.08,0.00,48.05,1,20.81,1
vllm,multi_turn,999,37.07,0.00,46.43,1,21.54,1
vllm,tree_of_thought,0,33.65,0.00,46.02,1,21.73,1
vllm,tree_of_thought,1,55.59,27.70,83.30,2,24.01,1
vllm,tree_of_thought,2,50.92,0.00,72.08,1,13.87,1
vllm,tree_of_thought,3,66.88,0.00,76.04,1,13.15,1
vllm,tree_of_thought,4,64.66,0.00,72.13,1,13.86,1
vllm,tree_of_thought,5,56.20,24.66,80.85,2,24.74,1
vllm,tree_of_thought,6,70.18,33.56,103.73,2,19.28,1
vllm,tree_of_thought,7,61.65,33.44,95.09,2,21.03,1
vllm,tree_of_thought,8,66.60,0.00,80.13,1,12.48,1
vllm,tree_of_thought,9,61.71,30.35,92.06,2,21.73,1
vllm,tree_of_thought,10,58.14,23.44,81.58,2,24.51,1
vllm,tree_of_thought,11,56.43,25.49,81.92,2,24.41,1
vllm,tree_of_thought,12,59.93,30.52,90.45,2,22.11,1
vllm,tree_of_thought,13,61.39,0.00,71.90,1,13.91,1
vllm,tree_of_thought,14,60.12,0.00,79.16,1,12.63,1
vllm,tree_of_thought,15,49.98,30.85,80.82,2,24.75,1
vllm,tree_of_thought,16,2060.95,1720.29,3781.24,2,0.53,1
vllm,tree_of_thought,17,64.98,0.00,80.57,1,12.41,1
vllm,tree_of_thought,18,60.87,22.25,83.12,2,24.06,1
vllm,tree_of_thought,19,61.68,30.76,92.43,2,21.64,1
vllm,tree_of_thought,20,61.59,0.00,95.47,1,10.47,1
vllm,tree_of_thought,21,144.95,0.00,157.74,1,6.34,1
vllm,tree_of_thought,22,136.36,0.00,152.32,1,6.57,1
vllm,tree_of_thought,23,137.04,0.00,155.19,1,6.44,1
vllm,tree_of_thought,24,134.43,26.53,160.97,2,12.43,1
vllm,tree_of_thought,25,58.78,28.33,87.11,2,22.96,1
vllm,tree_of_thought,26,49.45,30.05,79.51,2,25.15,1
vllm,tree_of_thought,27,52.00,0.00,147.18,1,6.79,1
vllm,tree_of_thought,28,133.94,0.26,134.45,3,22.31,1
vllm,tree_of_thought,29,64.10,99.08,163.17,2,12.26,1
vllm,tree_of_thought,30,62.54,0.00,73.21,1,13.66,1
vllm,tree_of_thought,31,42.75,34.41,77.17,2,25.92,1
vllm,tree_of_thought,32,61.84,0.00,75.53,1,13.24,1
vllm,tree_of_thought,33,63.33,30.61,93.94,2,21.29,1
vllm,tree_of_thought,34,51.01,0.00,60.88,1,16.42,1
vllm,tree_of_thought,35,48.09,0.00,64.90,1,15.41,1
vllm,tree_of_thought,36,60.38,0.00,75.97,1,13.16,1
vllm,tree_of_thought,37,59.72,36.45,96.17,2,20.80,1
vllm,tree_of_thought,38,70.51,23.48,93.99,2,21.28,1
vllm,tree_of_thought,39,65.21,0.00,74.61,1,13.40,1
vllm,tree_of_thought,40,57.26,33.22,90.48,2,22.10,1
vllm,tree_of_thought,41,51.64,0.00,68.20,1,14.66,1
vllm,tree_of_thought,42,58.41,24.65,83.06,2,24.08,1
vllm,tree_of_thought,43,56.93,0.00,66.14,1,15.12,1
vllm,tree_of_thought,44,65.66,0.00,78.36,1,12.76,1
vllm,tree_of_thought,45,69.93,0.00,87.64,1,11.41,1
vllm,tree_of_thought,46,53.80,25.20,79.00,2,25.32,1
vllm,tree_of_thought,47,2078.41,0.00,2091.89,1,0.48,1
vllm,tree_of_thought,48,1759.25,0.00,1771.94,1,0.56,1
vllm,tree_of_thought,49,1761.14,18.56,1779.70,2,1.12,0
vllm,tree_of_thought,50,1759.01,23.85,1782.87,2,1.12,1
vllm,tree_of_thought,51,1758.21,39.54,1797.75,2,1.11,1
vllm,tree_of_thought,52,126.55,0.00,138.21,1,7.24,1
vllm,tree_of_thought,53,138.28,0.00,150.83,1,6.63,1
vllm,tree_of_thought,54,134.94,0.00,145.98,1,6.85,1
vllm,tree_of_thought,55,122.61,21.31,143.93,2,13.90,1
vllm,tree_of_thought,56,65.44,0.00,83.22,1,12.02,1
vllm,tree_of_thought,57,47.12,0.00,58.73,1,17.03,1
vllm,tree_of_thought,58,51.09,0.00,66.30,1,15.08,1
vllm,tree_of_thought,59,138.59,0.00,143.65,1,6.96,1
vllm,tree_of_thought,60,60.21,101.32,161.53,2,12.38,1
vllm,tree_of_thought,61,41.44,31.66,73.10,2,27.36,1
vllm,tree_of_thought,62,62.61,0.00,77.58,1,12.89,1
vllm,tree_of_thought,63,63.70,0.00,82.59,1,12.11,1
vllm,tree_of_thought,64,66.99,0.00,77.06,1,12.98,1
vllm,tree_of_thought,65,60.20,29.52,89.72,2,22.29,1
vllm,tree_of_thought,66,61.43,0.00,75.12,1,13.31,1
vllm,tree_of_thought,67,58.99,0.00,75.91,1,13.17,1
vllm,tree_of_thought,68,60.82,0.00,79.35,1,12.60,1
vllm,tree_of_thought,69,64.55,0.00,74.41,1,13.44,1
vllm,tree_of_thought,70,59.75,0.00,71.79,1,13.93,1
vllm,tree_of_thought,71,57.70,0.00,70.39,1,14.21,1
vllm,tree_of_thought,72,67.66,29.02,96.68,2,20.69,1
vllm,tree_of_thought,73,55.53,33.02,88.55,2,22.59,1
vllm,tree_of_thought,74,52.08,32.94,85.02,2,23.52,1
vllm,tree_of_thought,75,57.99,34.34,92.33,2,21.66,1
vllm,tree_of_thought,76,65.35,0.00,77.26,1,12.94,1
vllm,tree_of_thought,77,62.56,20.53,103.62,3,28.95,1
vllm,tree_of_thought,78,3736.23,0.00,3785.96,1,0.26,1
vllm,tree_of_thought,79,130.64,0.00,145.73,1,6.86,1
vllm,tree_of_thought,80,203.76,0.00,210.87,1,4.74,1
vllm,tree_of_thought,81,190.35,0.00,197.87,1,5.05,1
vllm,tree_of_thought,82,185.69,14.43,214.55,3,13.98,0
vllm,tree_of_thought,83,53.40,30.55,83.95,2,23.82,1
vllm,tree_of_thought,84,47.89,0.00,65.56,1,15.25,1
vllm,tree_of_thought,85,54.14,0.00,69.77,1,14.33,1
vllm,tree_of_thought,86,54.71,98.79,153.50,2,13.03,1
vllm,tree_of_thought,87,49.49,0.00,66.33,1,15.08,1
vllm,tree_of_thought,88,56.90,0.00,71.64,1,13.96,1
vllm,tree_of_thought,89,61.84,0.00,79.78,1,12.53,1
vllm,tree_of_thought,90,50.55,32.75,83.31,2,24.01,1
vllm,tree_of_thought,91,49.17,27.71,76.88,2,26.02,1
vllm,tree_of_thought,92,52.74,0.00,69.90,1,14.31,1
vllm,tree_of_thought,93,55.03,0.00,77.77,1,12.86,1
vllm,tree_of_thought,94,58.71,30.23,88.94,2,22.49,1
vllm,tree_of_thought,95,59.52,25.36,84.89,2,23.56,1
vllm,tree_of_thought,96,52.59,33.27,85.85,2,23.30,1
vllm,tree_of_thought,97,55.28,0.00,70.90,1,14.11,1
vllm,tree_of_thought,98,58.87,0.00,72.00,1,13.89,1
vllm,tree_of_thought,99,48.77,27.42,76.20,2,26.25,1
vllm,tree_of_thought,100,64.60,0.00,78.09,1,12.81,1
vllm,tree_of_thought,101,58.07,36.76,94.83,2,21.09,1
vllm,tree_of_thought,102,70.34,0.00,83.95,1,11.91,1
vllm,tree_of_thought,103,62.94,0.00,79.50,1,12.58,1
vllm,tree_of_thought,104,60.30,0.00,74.83,1,13.36,1
vllm,tree_of_thought,105,51.08,0.00,69.11,1,14.47,1
vllm,tree_of_thought,106,49.16,0.00,78.94,1,12.67,1
vllm,tree_of_thought,107,49.35,28.63,77.98,2,25.65,0
vllm,tree_of_thought,108,70.87,0.00,82.76,1,12.08,1
vllm,tree_of_thought,109,3717.75,0.00,3765.38,1,0.27,1
vllm,tree_of_thought,110,128.99,77.56,206.55,2,9.68,1
vllm,tree_of_thought,111,134.02,77.73,211.75,2,9.45,1
vllm,tree_of_thought,112,200.22,0.00,206.89,1,4.83,1
vllm,tree_of_thought,113,184.17,0.00,198.63,1,5.03,1
vllm,tree_of_thought,114,64.13,0.00,86.61,1,11.55,1
vllm,tree_of_thought,115,59.65,0.00,79.06,1,12.65,1
vllm,tree_of_thought,116,68.05,29.76,97.81,2,20.45,1
vllm,tree_of_thought,117,68.07,0.00,81.20,1,12.32,1
vllm,tree_of_thought,118,118.13,0.00,118.39,1,8.45,1
vllm,tree_of_thought,119,65.12,0.00,79.94,1,12.51,1
vllm,tree_of_thought,120,60.40,42.85,103.24,2,19.37,1
vllm,tree_of_thought,121,53.64,22.42,76.05,2,26.30,1
vllm,tree_of_thought,122,63.98,29.58,93.56,2,21.38,1
vllm,tree_of_thought,123,70.36,0.00,89.37,1,11.19,1
vllm,tree_of_thought,124,61.31,0.00,77.12,1,12.97,1
vllm,tree_of_thought,125,60.61,0.00,75.35,1,13.27,1
vllm,tree_of_thought,126,63.27,0.00,78.19,1,12.79,1
vllm,tree_of_thought,127,56.27,0.00,75.54,1,13.24,1
vllm,tree_of_thought,128,70.34,20.43,90.77,2,22.03,1
vllm,tree_of_thought,129,60.28,0.00,81.51,1,12.27,1
vllm,tree_of_thought,130,61.07,0.00,74.54,1,13.42,1
vllm,tree_of_thought,131,62.09,26.82,88.90,2,22.50,1
vllm,tree_of_thought,132,67.60,0.00,75.17,1,13.30,1
vllm,tree_of_thought,133,56.65,0.00,78.19,1,12.79,1
vllm,tree_of_thought,134,61.44,31.04,92.48,2,21.63,1
vllm,tree_of_thought,135,56.31,30.67,86.99,2,22.99,1
vllm,tree_of_thought,136,61.81,0.00,73.01,1,13.70,1
vllm,tree_of_thought,137,61.37,0.00,78.52,1,12.74,1
vllm,tree_of_thought,138,67.09,0.00,80.90,1,12.36,1
vllm,tree_of_thought,139,52.81,2029.44,2082.25,2,0.96,1
vllm,tree_of_thought,140,1774.96,0.00,1786.36,1,0.56,1
vllm,tree_of_thought,141,162.78,0.00,179.37,1,5.57,1
vllm,tree_of_thought,142,171.55,0.00,185.66,1,5.39,1
vllm,tree_of_thought,143,159.20,24.93,184.12,2,10.86,1
vllm,tree_of_thought,144,178.18,29.98,208.16,2,9.61,1
vllm,tree_of_thought,145,68.90,24.40,93.30,2,21.44,1
vllm,tree_of_thought,146,48.41,0.00,65.56,1,15.25,1
vllm,tree_of_thought,147,54.73,28.35,83.08,2,24.07,1
vllm,tree_of_thought,148,55.75,107.87,163.62,2,12.22,1
vllm,tree_of_thought,149,49.99,0.00,68.73,1,14.55,1
vllm,tree_of_thought,150,67.61,0.00,75.52,1,13.24,1
vllm,tree_of_thought,151,61.56,25.58,87.14,2,22.95,0
vllm,tree_of_thought,152,55.52,24.36,79.88,2,25.04,1
vllm,tree_of_thought,153,62.22,27.03,89.25,2,22.41,1
vllm,tree_of_thought,154,84.52,23.28,107.80,2,18.55,1
vllm,tree_of_thought,155,60.91,0.00,80.82,1,12.37,1
vllm,tree_of_thought,156,55.42,22.81,78.23,2,25.57,1
vllm,tree_of_thought,157,64.29,0.00,79.40,1,12.59,1
vllm,tree_of_thought,158,48.89,0.00,63.94,1,15.64,1
vllm,tree_of_thought,159,60.89,0.00,75.97,1,13.16,1
vllm,tree_of_thought,160,76.96,23.19,100.15,2,19.97,1
vllm,tree_of_thought,161,51.89,29.24,81.13,2,24.65,1
vllm,tree_of_thought,162,51.39,35.21,86.60,2,23.09,1
vllm,tree_of_thought,163,49.48,34.70,84.18,2,23.76,1
vllm,tree_of_thought,164,59.64,23.94,83.58,2,23.93,1
vllm,tree_of_thought,165,59.07,0.00,75.02,1,13.33,1
vllm,tree_of_thought,166,2069.08,0.00,2087.75,1,0.48,1
vllm,tree_of_thought,167,1750.88,0.00,1763.89,1,0.57,1
vllm,tree_of_thought,168,1756.30,23.73,1780.03,2,1.12,1
vllm,tree_of_thought,169,1757.48,25.50,1782.98,2,1.12,1
vllm,tree_of_thought,170,1755.39,31.50,1786.88,2,1.12,1
vllm,tree_of_thought,171,150.88,0.00,166.70,1,6.00,1
vllm,tree_of_thought,172,63.51,0.00,84.93,1,11.77,1
vllm,tree_of_thought,173,61.41,0.00,77.59,1,12.89,1
vllm,tree_of_thought,174,71.19,32.65,103.83,2,19.26,1
vllm,tree_of_thought,175,57.51,0.00,76.94,1,13.00,1
vllm,tree_of_thought,176,54.07,100.84,154.91,2,12.91,1
vllm,tree_of_thought,177,102.42,0.00,116.68,1,8.57,1
vllm,tree_of_thought,178,138.83,10.33,149.16,2,13.41,1
vllm,tree_of_thought,179,131.25,0.00,137.37,1,7.28,1
vllm,tree_of_thought,180,54.36,0.00,73.20,1,13.66,1
vllm,tree_of_thought,181,58.56,22.95,81.50,2,24.54,1
vllm,tree_of_thought,182,52.65,0.00,67.08,1,14.91,1
vllm,tree_of_thought,183,47.23,30.79,78.02,2,25.63,1
vllm,tree_of_thought,184,67.08,42.59,109.67,2,18.24,1
vllm,tree_of_thought,185,54.48,0.00,73.37,1,13.63,1
vllm,tree_of_thought,186,70.46,25.97,96.43,2,20.74,1
vllm,tree_of_thought,187,50.72,0.00,68.20,1,14.66,1
vllm,tree_of_thought,188,60.79,28.62,89.41,2,22.37,1
vllm,tree_of_thought,189,66.59,0.00,78.01,1,12.82,1
vllm,tree_of_thought,190,47.43,0.00,62.71,1,15.95,1
vllm,tree_of_thought,191,66.37,31.20,97.57,2,20.50,1
vllm,tree_of_thought,192,61.59,28.17,89.76,2,22.28,1
vllm,tree_of_thought,193,50.89,0.00,65.25,1,15.33,1
vllm,tree_of_thought,194,60.34,0.00,77.89,1,12.84,1
vllm,tree_of_thought,195,53.84,0.00,73.08,1,13.68,1
vllm,tree_of_thought,196,70.32,31.73,102.06,2,19.60,1
vllm,tree_of_thought,197,55.26,34.44,89.70,2,22.30,1
vllm,tree_of_thought,198,3710.58,0.00,3751.15,1,0.27,1
vllm,tree_of_thought,199,3745.15,0.00,3793.21,1,0.26,1
vllm,tree_of_thought,200,3715.92,55.61,3771.53,2,0.53,1
vllm,tree_of_thought,201,3721.87,68.44,3790.32,2,0.53,1
vllm,tree_of_thought,202,175.48,0.00,191.82,1,5.21,1
vllm,tree_of_thought,203,80.14,0.00,94.57,1,10.57,1
vllm,tree_of_thought,204,62.40,0.00,80.63,1,12.40,1
vllm,tree_of_thought,205,54.50,0.00,74.42,1,13.44,1
vllm,tree_of_thought,206,58.58,27.97,86.55,2,23.11,1
vllm,tree_of_thought,207,97.40,0.37,97.76,2,20.46,1
vllm,tree_of_thought,208,131.07,0.00,134.78,1,7.42,1
vllm,tree_of_thought,209,122.07,0.00,125.51,1,7.97,1
vllm,tree_of_thought,210,149.19,0.00,167.32,1,5.98,1
vllm,tree_of_thought,211,64.74,0.00,76.67,1,13.04,1
vllm,tree_of_thought,212,47.71,26.05,99.80,3,30.06,1
vllm,tree_of_thought,213,66.34,0.00,81.56,1,12.26,1
vllm,tree_of_thought,214,70.89,25.85,96.75,2,20.67,1
vllm,tree_of_thought,215,69.59,0.00,84.43,1,11.84,1
vllm,tree_of_thought,216,52.40,0.00,73.69,1,13.57,1
vllm,tree_of_thought,217,49.95,0.00,64.08,1,15.60,1
vllm,tree_of_thought,218,60.08,0.00,71.66,1,13.95,1
vllm,tree_of_thought,219,52.54,29.89,82.43,2,24.26,1
vllm,tree_of_thought,220,53.54,0.00,71.49,1,13.99,1
vllm,tree_of_thought,221,62.53,23.05,85.58,2,23.37,1
vllm,tree_of_thought,222,66.24,24.93,91.17,2,21.94,1
vllm,tree_of_thought,223,57.40,0.00,68.74,1,14.55,1
vllm,tree_of_thought,224,59.96,0.00,73.61,1,13.59,1
vllm,tree_of_thought,225,51.26,0.00,59.99,1,16.67,1
vllm,tree_of_thought,226,51.81,0.00,66.28,1,15.09,1
vllm,tree_of_thought,227,57.65,0.00,75.98,1,13.16,1
vllm,tree_of_thought,228,56.72,30.55,87.27,2,22.92,1
vllm,tree_of_thought,229,61.82,0.00,76.71,1,13.04,1
vllm,tree_of_thought,230,46.88,2030.98,2077.86,2,0.96,1
vllm,tree_of_thought,231,3757.64,0.00,3797.53,1,0.26,1
vllm,tree_of_thought,232,3729.23,0.00,3777.34,1,0.26,1
vllm,tree_of_thought,233,128.45,81.47,209.92,2,9.53,1
vllm,tree_of_thought,234,47.88,26.11,73.99,2,27.03,1
vllm,tree_of_thought,235,55.00,0.00,74.21,1,13.48,1
vllm,tree_of_thought,236,71.74,0.00,88.02,1,11.36,1
vllm,tree_of_thought,237,59.65,26.79,86.43,2,23.14,1
vllm,tree_of_thought,238,123.11,0.00,127.69,1,7.83,1
vllm,tree_of_thought,239,59.16,92.81,151.97,2,13.16,1
vllm,tree_of_thought,240,146.10,0.00,150.31,1,6.65,1
vllm,tree_of_thought,241,125.35,3.75,129.09,2,15.49,1
vllm,tree_of_thought,242,59.26,36.26,95.52,2,20.94,1
vllm,tree_of_thought,243,54.67,0.00,67.82,1,14.74,1
vllm,tree_of_thought,244,62.73,0.00,75.00,1,13.33,1
vllm,tree_of_thought,245,74.27,0.00,85.11,1,11.75,1
vllm,tree_of_thought,246,65.41,37.85,103.26,2,19.37,1
vllm,tree_of_thought,247,92.78,0.00,100.84,1,9.92,1
vllm,tree_of_thought,248,48.23,29.21,77.44,2,25.83,1
vllm,tree_of_thought,249,55.70,0.00,67.51,1,14.81,1
vllm,tree_of_thought,250,48.43,35.02,83.45,2,23.97,1
vllm,tree_of_thought,251,57.13,0.00,75.29,1,13.28,1
vllm,tree_of_thought,252,57.70,0.00,73.27,1,13.65,1
vllm,tree_of_thought,253,73.76,0.00,84.49,1,11.84,1
vllm,tree_of_thought,254,54.13,0.00,74.67,1,13.39,1
vllm,tree_of_thought,255,50.34,0.00,62.39,1,16.03,1
vllm,tree_of_thought,256,60.36,0.00,69.68,1,14.35,1
vllm,tree_of_thought,257,64.85,29.89,94.73,2,21.11,1
vllm,tree_of_thought,258,72.26,20.08,92.34,2,21.66,1
vllm,tree_of_thought,259,52.71,0.00,63.91,1,15.65,1
vllm,tree_of_thought,260,63.90,0.00,76.16,1,13.13,1
vllm,tree_of_thought,261,61.44,0.00,75.46,1,13.25,1
vllm,tree_of_thought,262,53.08,0.00,66.11,1,15.13,1
vllm,tree_of_thought,263,2051.61,0.00,2065.79,1,0.48,1
vllm,tree_of_thought,264,1770.72,27.39,1798.11,2,1.11,1
vllm,tree_of_thought,265,154.67,0.00,168.70,1,5.93,1
vllm,tree_of_thought,266,159.03,0.00,172.48,1,5.80,1
vllm,tree_of_thought,267,144.42,26.53,170.95,2,11.70,1
vllm,tree_of_thought,268,154.39,20.68,175.08,2,11.42,1
vllm,tree_of_thought,269,51.89,0.00,69.48,1,14.39,1
vllm,tree_of_thought,270,51.36,26.39,77.75,2,25.72,1
vllm,tree_of_thought,271,49.00,28.86,77.86,2,25.69,0
vllm,tree_of_thought,272,55.98,121.59,177.57,2,11.26,1
vllm,tree_of_thought,273,64.19,34.16,98.36,2,20.33,1
vllm,tree_of_thought,274,58.66,26.35,85.01,2,23.53,1
vllm,tree_of_thought,275,57.26,39.84,97.10,2,20.60,1
vllm,tree_of_thought,276,61.94,31.89,93.84,2,21.31,1
vllm,tree_of_thought,277,53.65,35.30,88.95,2,22.48,1
vllm,tree_of_thought,278,73.05,0.00,84.17,1,11.88,1
vllm,tree_of_thought,279,65.66,27.03,92.70,2,21.58,1
vllm,tree_of_thought,280,77.97,0.00,85.96,1,11.63,1
vllm,tree_of_thought,281,53.15,0.00,66.00,1,15.15,1
vllm,tree_of_thought,282,67.95,33.15,101.10,2,19.78,1
vllm,tree_of_thought,283,56.53,0.00,74.33,1,13.45,1
vllm,tree_of_thought,284,56.59,30.42,87.01,2,22.99,1
vllm,tree_of_thought,285,63.48,23.25,86.74,2,23.06,1
vllm,tree_of_thought,286,62.15,0.00,74.60,1,13.41,1
vllm,tree_of_thought,287,63.89,24.00,87.89,2,22.76,0
vllm,tree_of_thought,288,72.55,0.00,82.62,1,12.10,1
vllm,tree_of_thought,289,52.17,25.40,77.57,2,25.78,1
vllm,tree_of_thought,290,56.05,0.00,70.62,1,14.16,1
vllm,tree_of_thought,291,2073.37,0.00,2087.04,1,0.48,1
vllm,tree_of_thought,292,2052.43,1748.16,3800.59,2,0.53,1
vllm,tree_of_thought,293,3716.90,0.00,3765.45,1,0.27,1
vllm,tree_of_thought,294,3733.65,69.95,3803.60,2,0.53,1
vllm,tree_of_thought,295,154.21,0.00,166.99,1,5.99,1
vllm,tree_of_thought,296,58.41,0.00,75.02,1,13.33,1
vllm,tree_of_thought,297,59.46,35.08,94.54,2,21.15,1
vllm,tree_of_thought,298,60.98,0.00,74.65,1,13.40,1
vllm,tree_of_thought,299,58.79,0.00,72.02,1,13.88,1
vllm,tree_of_thought,300,108.31,0.00,108.53,1,9.21,1
vllm,tree_of_thought,301,123.42,0.00,139.43,1,7.17,1
vllm,tree_of_thought,302,128.98,5.13,134.11,2,14.91,1
vllm,tree_of_thought,303,108.54,0.00,127.25,1,7.86,1
vllm,tree_of_thought,304,66.25,0.00,82.14,1,12.17,1
vllm,tree_of_thought,305,58.51,0.00,77.11,1,12.97,1
vllm,tree_of_thought,306,77.04,0.00,96.77,1,10.33,1
vllm,tree_of_thought,307,62.00,34.18,96.17,2,20.80,1
vllm,tree_of_thought,308,71.87,0.00,82.10,1,12.18,1
vllm,tree_of_thought,309,90.39,16.72,107.12,2,18.67,1
vllm,tree_of_thought,310,52.80,37.07,89.87,2,22.25,1
vllm,tree_of_thought,311,58.64,23.30,81.93,2,24.41,1
vllm,tree_of_thought,312,60.34,23.82,84.16,2,23.76,1
vllm,tree_of_thought,313,50.12,0.00,70.46,1,14.19,1
vllm,tree_of_thought,314,61.10,0.00,73.96,1,13.52,1
vllm,tree_of_thought,315,69.44,30.21,99.65,2,20.07,1
vllm,tree_of_thought,316,55.73,32.49,88.22,2,22.67,1
vllm,tree_of_thought,317,60.25,15.04,225.69,12,53.17,0
vllm,tree_of_thought,318,62.56,0.00,78.73,1,12.70,1
vllm,tree_of_thought,319,49.10,28.33,77.43,2,25.83,1
vllm,tree_of_thought,320,53.11,0.00,59.85,1,16.71,1
vllm,tree_of_thought,321,63.55,32.58,96.13,2,20.80,1
vllm,tree_of_thought,322,3703.23,0.00,3752.93,1,0.27,1
vllm,tree_of_thought,323,3713.07,0.00,3763.19,1,0.27,1
vllm,tree_of_thought,324,3726.74,62.35,3789.09,2,0.53,1
vllm,tree_of_thought,325,3709.78,64.31,3774.08,2,0.53,1
vllm,tree_of_thought,326,172.49,15.81,188.29,2,10.62,1
vllm,tree_of_thought,327,49.70,0.00,67.41,1,14.83,1
vllm,tree_of_thought,328,56.50,0.00,76.27,1,13.11,1
vllm,tree_of_thought,329,69.72,0.00,83.78,1,11.94,1
vllm,tree_of_thought,330,64.05,29.85,93.91,2,21.30,1
vllm,tree_of_thought,331,108.07,0.34,108.41,2,18.45,1
vllm,tree_of_thought,332,49.45,0.00,65.73,1,15.21,1
vllm,tree_of_thought,333,60.31,29.13,89.44,2,22.36,1
vllm,tree_of_thought,334,57.96,25.95,83.91,2,23.84,1
vllm,tree_of_thought,335,52.63,22.51,97.66,3,30.72,1
vllm,tree_of_thought,336,63.81,12.81,76.62,2,26.10,1
vllm,tree_of_thought,337,56.29,21.33,77.62,2,25.77,1
vllm,tree_of_thought,338,61.98,0.00,74.65,1,13.40,1
vllm,tree_of_thought,339,50.55,0.00,78.84,1,12.68,1
vllm,tree_of_thought,340,56.60,28.02,84.62,2,23.64,1
vllm,tree_of_thought,341,57.48,22.62,80.10,2,24.97,1
vllm,tree_of_thought,342,62.18,34.58,96.76,2,20.67,1
vllm,tree_of_thought,343,53.16,32.64,85.80,2,23.31,1
vllm,tree_of_thought,344,61.77,26.16,87.93,2,22.75,1
vllm,tree_of_thought,345,65.00,0.00,79.25,1,12.62,1
vllm,tree_of_thought,346,54.41,0.00,71.32,1,14.02,1
vllm,tree_of_thought,347,51.85,0.00,70.82,1,14.12,1
vllm,tree_of_thought,348,64.65,0.00,79.73,1,12.54,1
vllm,tree_of_thought,349,52.78,19.67,72.45,2,27.61,1
vllm,tree_of_thought,350,57.16,27.05,84.20,2,23.75,1
vllm,tree_of_thought,351,62.54,0.00,71.60,1,13.97,1
vllm,tree_of_thought,352,58.03,34.97,93.01,2,21.50,1
vllm,tree_of_thought,353,54.52,0.00,71.89,1,13.91,1
vllm,tree_of_thought,354,64.43,0.00,2082.50,1,0.48,1
vllm,tree_of_thought,355,2049.30,1720.64,3769.93,2,0.53,1
vllm,tree_of_thought,356,3739.06,0.00,3785.31,1,0.26,1
vllm,tree_of_thought,357,138.31,76.32,214.63,2,9.32,1
vllm,tree_of_thought,358,53.81,40.21,94.02,2,21.27,1
vllm,tree_of_thought,359,65.91,0.00,86.12,1,11.61,1
vllm,tree_of_thought,360,48.82,28.85,77.66,2,25.75,0
vllm,tree_of_thought,361,59.09,0.00,70.99,1,14.09,1
vllm,tree_of_thought,362,112.47,3.91,116.38,2,17.18,1
vllm,tree_of_thought,363,83.65,0.36,84.02,2,23.80,1
vllm,tree_of_thought,364,112.05,0.00,115.78,1,8.64,1
vllm,tree_of_thought,365,68.59,26.71,95.31,2,20.99,1
vllm,tree_of_thought,366,63.71,0.00,73.40,1,13.62,1
vllm,tree_of_thought,367,58.53,0.00,66.54,1,15.03,1
vllm,tree_of_thought,368,58.19,0.00,70.88,1,14.11,1
vllm,tree_of_thought,369,54.86,0.00,75.03,1,13.33,1
vllm,tree_of_thought,370,66.14,25.19,91.33,2,21.90,1
vllm,tree_of_thought,371,73.51,32.01,105.52,2,18.95,1
vllm,tree_of_thought,372,53.58,0.00,68.34,1,14.63,1
vllm,tree_of_thought,373,73.13,28.37,101.50,2,19.70,1
vllm,tree_of_thought,374,62.30,28.58,90.88,2,22.01,1
vllm,tree_of_thought,375,50.72,31.07,81.79,2,24.45,1
vllm,tree_of_thought,376,54.32,0.00,66.57,1,15.02,1
vllm,tree_of_thought,377,62.63,27.23,89.86,2,22.26,1
vllm,tree_of_thought,378,67.72,0.00,82.61,1,12.10,1
vllm,tree_of_thought,379,56.67,22.56,79.23,2,25.24,1
vllm,tree_of_thought,380,56.63,0.00,78.50,1,12.74,1
vllm,tree_of_thought,381,57.96,32.41,90.37,2,22.13,0
vllm,tree_of_thought,382,53.07,34.87,87.94,2,22.74,1
vllm,tree_of_thought,383,59.37,28.79,88.16,2,22.69,1
vllm,tree_of_thought,384,2059.48,0.00,2077.90,1,0.48,1
vllm,tree_of_thought,385,3724.66,0.00,3769.12,1,0.27,1
vllm,tree_of_thought,386,3749.26,0.00,3799.13,1,0.26,1
vllm,tree_of_thought,387,3720.13,62.41,3782.54,2,0.53,1
vllm,tree_of_thought,388,166.04,20.01,186.05,2,10.75,1
vllm,tree_of_thought,389,67.62,0.00,74.20,1,13.48,1
vllm,tree_of_thought,390,73.19,0.00,91.54,1,10.92,1
vllm,tree_of_thought,391,61.91,0.00,74.49,1,13.43,1
vllm,tree_of_thought,392,59.49,0.00,75.21,1,13.30,1
vllm,tree_of_thought,393,68.11,28.80,96.91,2,20.64,1
vllm,tree_of_thought,394,64.02,0.00,79.69,1,12.55,1
vllm,tree_of_thought,395,66.72,0.00,72.95,1,13.71,1
vllm,tree_of_thought,396,77.12,24.51,101.63,2,19.68,1
vllm,tree_of_thought,397,67.96,36.89,104.85,2,19.07,1
vllm,tree_of_thought,398,62.19,0.00,68.32,1,14.64,1
vllm,tree_of_thought,399,78.45,0.00,95.49,1,10.47,1
vllm,tree_of_thought,400,75.99,21.15,97.14,2,20.59,1
vllm,tree_of_thought,401,61.76,0.00,73.29,1,13.65,1
vllm,tree_of_thought,402,58.40,0.00,72.85,1,13.73,1
vllm,tree_of_thought,403,50.54,0.00,61.04,1,16.38,1
vllm,tree_of_thought,404,62.41,0.00,74.29,1,13.46,1
vllm,tree_of_thought,405,55.66,0.00,78.84,1,12.68,1
vllm,tree_of_thought,406,59.07,0.00,75.25,1,13.29,1
vllm,tree_of_thought,407,48.71,0.00,65.75,1,15.21,1
vllm,tree_of_thought,408,58.28,29.64,87.92,2,22.75,1
vllm,tree_of_thought,409,60.05,0.00,76.87,1,13.01,1
vllm,tree_of_thought,410,65.41,0.00,78.93,1,12.67,1
vllm,tree_of_thought,411,56.54,0.00,70.42,1,14.20,1
vllm,tree_of_thought,412,53.78,32.51,86.29,2,23.18,1
vllm,tree_of_thought,413,50.00,32.19,82.19,2,24.33,1
vllm,tree_of_thought,414,55.90,0.00,72.83,1,13.73,1
vllm,tree_of_thought,415,65.88,26.12,92.00,2,21.74,1
vllm,tree_of_thought,416,57.34,2032.52,2089.86,2,0.96,1
vllm,tree_of_thought,417,2058.46,884.43,3827.31,3,0.78,0
vllm,tree_of_thought,418,3749.26,58.17,3807.43,2,0.53,1
vllm,tree_of_thought,419,171.51,27.41,198.93,2,10.05,1
vllm,tree_of_thought,420,66.61,0.00,77.64,1,12.88,1
vllm,tree_of_thought,421,82.10,20.40,102.50,2,19.51,1
vllm,tree_of_thought,422,61.05,26.50,87.55,2,22.85,1
vllm,tree_of_thought,423,53.10,27.82,80.92,2,24.72,1
vllm,tree_of_thought,424,72.68,0.00,87.51,1,11.43,1
vllm,tree_of_thought,425,65.98,0.00,84.65,1,11.81,1
vllm,tree_of_thought,426,63.89,0.00,73.40,1,13.62,1
vllm,tree_of_thought,427,53.59,30.52,84.11,2,23.78,1
vllm,tree_of_thought,428,72.68,0.00,94.65,1,10.57,1
vllm,tree_of_thought,429,53.40,24.73,78.13,2,25.60,1
vllm,tree_of_thought,430,65.13,35.89,101.02,2,19.80,1
vllm,tree_of_thought,431,56.77,0.00,75.09,1,13.32,1
vllm,tree_of_thought,432,56.45,0.00,74.70,1,13.39,1
vllm,tree_of_thought,433,66.35,27.21,93.56,2,21.38,1
vllm,tree_of_thought,434,60.81,0.00,70.81,1,14.12,1
vllm,tree_of_thought,435,72.44,0.00,87.65,1,11.41,1
vllm,tree_of_thought,436,58.10,18.97,96.04,3,31.24,0
vllm,tree_of_thought,437,47.71,16.84,148.76,7,47.05,1
vllm,tree_of_thought,438,61.92,0.00,71.64,1,13.96,1
vllm,tree_of_thought,439,49.54,0.00,66.11,1,15.13,1
vllm,tree_of_thought,440,70.72,28.84,99.57,2,20.09,1
vllm,tree_of_thought,441,52.68,20.13,92.95,3,32.28,0
vllm,tree_of_thought,442,55.47,28.51,83.97,2,23.82,1
vllm,tree_of_thought,443,67.34,0.00,84.46,1,11.84,1
vllm,tree_of_thought,444,58.42,33.06,91.48,2,21.86,1
vllm,tree_of_thought,445,63.89,20.65,84.54,2,23.66,1
vllm,tree_of_thought,446,3718.66,0.00,3765.77,1,0.27,1
vllm,tree_of_thought,447,3739.58,0.00,3783.83,1,0.26,1
vllm,tree_of_thought,448,2062.33,1748.75,3811.08,2,0.52,0
vllm,tree_of_thought,449,3715.70,64.74,3780.44,2,0.53,1
vllm,tree_of_thought,450,169.73,20.01,189.73,2,10.54,1
vllm,tree_of_thought,451,72.13,25.88,98.01,2,20.41,1
vllm,tree_of_thought,452,57.56,32.13,89.69,2,22.30,1
vllm,tree_of_thought,453,54.53,0.00,69.47,1,14.39,1
vllm,tree_of_thought,454,65.01,21.77,86.78,2,23.05,1
vllm,tree_of_thought,455,63.19,0.00,82.28,1,12.15,1
vllm,tree_of_thought,456,53.49,31.69,85.18,2,23.48,1
vllm,tree_of_thought,457,55.87,0.00,75.34,1,13.27,1
vllm,tree_of_thought,458,56.77,26.47,83.24,2,24.03,1
vllm,tree_of_thought,459,76.56,0.00,97.17,1,10.29,1
vllm,tree_of_thought,460,59.44,0.00,77.09,1,12.97,1
vllm,tree_of_thought,461,63.15,0.00,71.96,1,13.90,1
vllm,tree_of_thought,462,86.70,0.00,104.69,1,9.55,1
vllm,tree_of_thought,463,70.37,0.00,89.02,1,11.23,1
vllm,tree_of_thought,464,70.14,0.00,83.96,1,11.91,1
vllm,tree_of_thought,465,51.83,32.41,84.24,2,23.74,1
vllm,tree_of_thought,466,62.13,0.00,76.14,1,13.13,1
vllm,tree_of_thought,467,56.99,0.00,74.55,1,13.41,1
vllm,tree_of_thought,468,64.37,0.00,82.25,1,12.16,1
vllm,tree_of_thought,469,61.05,0.00,74.82,1,13.36,1
vllm,tree_of_thought,470,53.38,31.05,84.43,2,23.69,1
vllm,tree_of_thought,471,54.50,0.00,69.39,1,14.41,1
vllm,tree_of_thought,472,60.52,28.96,89.48,2,22.35,1
vllm,tree_of_thought,473,59.65,27.44,87.09,2,22.96,1
vllm,tree_of_thought,474,51.31,24.91,76.22,2,26.24,1
vllm,tree_of_thought,475,75.10,0.00,83.74,1,11.94,1
vllm,tree_of_thought,476,54.92,0.00,73.83,1,13.54,1
vllm,tree_of_thought,477,53.14,0.00,64.71,1,15.45,1
vllm,tree_of_thought,478,63.26,29.87,93.14,2,21.47,1
vllm,tree_of_thought,479,62.11,0.00,2080.20,1,0.48,1
vllm,tree_of_thought,480,2058.29,1752.61,3810.90,2,0.52,1
vllm,tree_of_thought,481,176.94,27.26,204.19,2,9.79,1
vllm,tree_of_thought,482,49.12,0.00,72.71,1,13.75,1
vllm,tree_of_thought,483,62.79,29.11,91.90,2,21.76,1
vllm,tree_of_thought,484,42.59,28.91,71.51,2,27.97,1
vllm,tree_of_thought,485,55.12,0.00,72.57,1,13.78,1
vllm,tree_of_thought,486,139.47,29.65,169.11,2,11.83,1
vllm,tree_of_thought,487,53.11,0.00,69.33,1,14.42,1
vllm,tree_of_thought,488,66.83,0.00,87.22,1,11.47,1
vllm,tree_of_thought,489,64.86,32.13,96.99,2,20.62,1
vllm,tree_of_thought,490,69.22,0.00,93.82,1,10.66,1
vllm,tree_of_thought,491,62.96,35.88,98.84,2,20.23,1
vllm,tree_of_thought,492,68.10,27.26,95.35,2,20.97,1
vllm,tree_of_thought,493,60.33,0.00,80.43,1,12.43,1
vllm,tree_of_thought,494,65.78,0.00,79.75,1,12.54,1
vllm,tree_of_thought,495,68.89,0.00,89.50,1,11.17,1
vllm,tree_of_thought,496,46.99,30.05,77.04,2,25.96,1
vllm,tree_of_thought,497,47.92,29.99,77.92,2,25.67,1
vllm,tree_of_thought,498,67.75,0.00,79.68,1,12.55,1
vllm,tree_of_thought,499,56.91,26.67,83.58,2,23.93,1
vllm,tree_of_thought,500,54.64,0.00,69.97,1,14.29,1
vllm,tree_of_thought,501,51.96,0.00,68.94,1,14.51,1
vllm,tree_of_thought,502,56.03,0.00,85.60,1,11.68,1
vllm,tree_of_thought,503,54.12,31.01,85.13,2,23.49,0
vllm,tree_of_thought,504,62.43,0.00,78.69,1,12.71,1
vllm,tree_of_thought,505,56.24,25.84,82.08,2,24.37,1
vllm,tree_of_thought,506,66.38,37.79,104.17,2,19.20,1
vllm,tree_of_thought,507,69.11,24.23,93.34,2,21.43,1
vllm,tree_of_thought,508,58.11,34.60,92.71,2,21.57,1
vllm,tree_of_thought,509,65.00,0.00,76.08,1,13.14,1
vllm,tree_of_thought,510,61.34,0.00,73.75,1,13.56,1
vllm,tree_of_thought,511,59.60,0.00,68.52,1,14.59,1
vllm,tree_of_thought,512,55.98,0.00,68.08,1,14.69,1
vllm,tree_of_thought,513,56.35,24.68,81.03,2,24.68,1
vllm,tree_of_thought,514,64.19,0.00,79.84,1,12.53,1
vllm,tree_of_thought,515,71.42,25.80,97.23,2,20.57,1
vllm,tree_of_thought,516,62.87,34.49,97.36,2,20.54,1
vllm,tree_of_thought,517,58.41,0.00,74.82,1,13.37,1
vllm,tree_of_thought,518,50.26,0.00,66.06,1,15.14,1
vllm,tree_of_thought,519,52.22,0.00,72.20,1,13.85,1
vllm,tree_of_thought,520,55.03,0.00,70.51,1,14.18,1
vllm,tree_of_thought,521,61.84,0.00,78.08,1,12.81,1
vllm,tree_of_thought,522,71.50,28.68,100.18,2,19.96,1
vllm,tree_of_thought,523,60.38,0.00,81.31,1,12.30,1
vllm,tree_of_thought,524,59.22,0.00,74.44,1,13.43,1
vllm,tree_of_thought,525,62.28,27.34,89.62,2,22.32,1
vllm,tree_of_thought,526,61.20,0.00,76.26,1,13.11,1
vllm,tree_of_thought,527,44.06,0.00,56.98,1,17.55,1
vllm,tree_of_thought,528,61.52,21.94,83.46,2,23.96,1
vllm,tree_of_thought,529,67.62,0.00,78.51,1,12.74,1
vllm,tree_of_thought,530,54.78,0.00,71.49,1,13.99,1
vllm,tree_of_thought,531,64.44,0.00,77.35,1,12.93,1
vllm,tree_of_thought,532,63.21,0.00,80.09,1,12.49,1
vllm,tree_of_thought,533,72.43,14.33,86.75,2,23.05,1
vllm,tree_of_thought,534,57.43,27.80,85.22,2,23.47,1
vllm,tree_of_thought,535,59.83,0.00,77.72,1,12.87,1
vllm,tree_of_thought,536,58.09,0.00,77.25,1,12.94,1
vllm,tree_of_thought,537,59.31,26.42,85.73,2,23.33,1
vllm,tree_of_thought,538,74.34,16.74,91.08,2,21.96,1
vllm,tree_of_thought,539,66.10,0.00,74.43,1,13.43,1
vllm,tree_of_thought,540,75.24,24.58,99.82,2,20.04,1
vllm,tree_of_thought,541,56.56,0.00,69.93,1,14.30,1
vllm,tree_of_thought,542,72.48,0.00,89.90,1,11.12,1
vllm,tree_of_thought,543,52.43,0.00,70.88,1,14.11,1
vllm,tree_of_thought,544,60.30,0.00,75.97,1,13.16,1
vllm,tree_of_thought,545,68.37,0.00,84.06,1,11.90,1
vllm,tree_of_thought,546,62.24,0.00,65.40,1,15.29,1
vllm,tree_of_thought,547,56.56,0.00,74.68,1,13.39,1
vllm,tree_of_thought,548,51.48,0.00,73.92,1,13.53,1
vllm,tree_of_thought,549,49.70,28.86,78.56,2,25.46,1
vllm,tree_of_thought,550,50.34,0.00,64.93,1,15.40,1
vllm,tree_of_thought,551,64.31,0.00,77.55,1,12.89,1
vllm,tree_of_thought,552,56.11,0.00,79.75,1,12.54,1
vllm,tree_of_thought,553,54.04,0.00,72.40,1,13.81,1
vllm,tree_of_thought,554,66.16,22.76,88.92,2,22.49,1
vllm,tree_of_thought,555,60.97,28.45,89.42,2,22.37,1
vllm,tree_of_thought,556,60.10,28.81,88.91,2,22.49,1
vllm,tree_of_thought,557,59.12,33.05,92.17,2,21.70,1
vllm,tree_of_thought,558,68.33,0.00,89.95,1,11.12,1
vllm,tree_of_thought,559,66.42,0.00,79.36,1,12.60,1
vllm,tree_of_thought,560,80.14,0.00,93.74,1,10.67,1
vllm,tree_of_thought,561,49.88,0.00,67.14,1,14.89,1
vllm,tree_of_thought,562,47.55,0.00,58.81,1,17.00,1
vllm,tree_of_thought,563,64.55,30.80,95.35,2,20.97,1
vllm,tree_of_thought,564,59.35,28.03,87.37,2,22.89,0
vllm,tree_of_thought,565,65.57,0.00,79.50,1,12.58,1
vllm,tree_of_thought,566,58.63,0.00,73.58,1,13.59,1
vllm,tree_of_thought,567,62.57,0.00,80.20,1,12.47,1
vllm,tree_of_thought,568,61.92,0.00,78.05,1,12.81,1
vllm,tree_of_thought,569,50.97,22.88,96.73,3,31.01,1
vllm,tree_of_thought,570,57.23,0.00,77.17,1,12.96,1
vllm,tree_of_thought,571,58.78,35.79,94.57,2,21.15,1
vllm,tree_of_thought,572,55.39,0.00,68.38,1,14.62,1
vllm,tree_of_thought,573,62.59,27.97,90.56,2,22.08,1
vllm,tree_of_thought,574,47.16,32.58,79.73,2,25.08,1
vllm,tree_of_thought,575,65.58,0.00,75.46,1,13.25,1
vllm,tree_of_thought,576,56.07,25.74,81.82,2,24.45,0
vllm,tree_of_thought,577,65.48,0.00,78.36,1,12.76,1
vllm,tree_of_thought,578,76.40,0.00,94.52,1,10.58,1
vllm,tree_of_thought,579,63.50,0.00,78.47,1,12.74,1
vllm,tree_of_thought,580,59.51,0.00,78.59,1,12.72,1
vllm,tree_of_thought,581,56.41,32.61,89.03,2,22.47,0
vllm,tree_of_thought,582,69.41,0.00,81.45,1,12.28,1
vllm,tree_of_thought,583,69.56,0.00,92.27,1,10.84,1
vllm,tree_of_thought,584,55.53,23.07,78.60,2,25.45,1
vllm,tree_of_thought,585,52.49,0.00,76.58,1,13.06,1
vllm,tree_of_thought,586,71.97,0.00,82.37,1,12.14,1
vllm,tree_of_thought,587,66.84,0.00,79.52,1,12.58,1
vllm,tree_of_thought,588,50.16,25.37,75.53,2,26.48,1
vllm,tree_of_thought,589,80.39,23.44,103.83,2,19.26,1
vllm,tree_of_thought,590,67.63,0.00,80.38,1,12.44,1
vllm,tree_of_thought,591,75.50,36.71,112.21,2,17.82,1
vllm,tree_of_thought,592,61.80,26.08,87.88,2,22.76,1
vllm,tree_of_thought,593,78.58,0.00,88.81,1,11.26,1
vllm,tree_of_thought,594,61.17,0.00,81.77,1,12.23,1
vllm,tree_of_thought,595,55.32,26.89,82.21,2,24.33,1
vllm,tree_of_thought,596,60.73,0.00,70.58,1,14.17,1
vllm,tree_of_thought,597,55.70,29.92,85.62,2,23.36,1
vllm,tree_of_thought,598,60.82,0.00,73.19,1,13.66,1
vllm,tree_of_thought,599,60.56,0.00,75.58,1,13.23,1
vllm,tree_of_thought,600,59.89,28.44,88.33,2,22.64,1
vllm,tree_of_thought,601,51.89,0.00,68.14,1,14.68,1
vllm,tree_of_thought,602,54.12,0.00,60.72,1,16.47,1
vllm,tree_of_thought,603,61.39,0.00,77.79,1,12.85,1
vllm,tree_of_thought,604,60.64,0.00,75.65,1,13.22,1
vllm,tree_of_thought,605,62.82,0.00,76.30,1,13.11,1
vllm,tree_of_thought,606,53.02,34.18,87.20,2,22.94,1
vllm,tree_of_thought,607,59.45,0.00,73.43,1,13.62,1
vllm,tree_of_thought,608,79.77,0.00,83.80,1,11.93,1
vllm,tree_of_thought,609,54.51,17.37,71.88,2,27.83,1
vllm,tree_of_thought,610,52.16,0.00,69.61,1,14.36,1
vllm,tree_of_thought,611,55.72,0.00,69.13,1,14.47,1
vllm,tree_of_thought,612,62.07,0.00,81.14,1,12.32,1
vllm,tree_of_thought,613,62.27,25.74,88.01,2,22.73,1
vllm,tree_of_thought,614,82.69,28.83,111.52,2,17.93,1
vllm,tree_of_thought,615,55.55,0.00,74.42,1,13.44,1
vllm,tree_of_thought,616,67.02,0.00,81.14,1,12.33,1
vllm,tree_of_thought,617,54.54,25.19,79.73,2,25.08,1
vllm,tree_of_thought,618,65.23,25.67,90.90,2,22.00,1
vllm,tree_of_thought,619,65.42,22.37,87.79,2,22.78,1
vllm,tree_of_thought,620,61.77,0.00,81.83,1,12.22,1
vllm,tree_of_thought,621,60.84,0.00,78.19,1,12.79,1
vllm,tree_of_thought,622,70.13,0.00,84.10,1,11.89,1
vllm,tree_of_thought,623,71.17,0.00,85.75,1,11.66,1
vllm,tree_of_thought,624,53.90,30.28,84.18,2,23.76,1
vllm,tree_of_thought,625,56.68,0.00,70.06,1,14.27,1
vllm,tree_of_thought,626,61.39,26.93,88.33,2,22.64,1
vllm,tree_of_thought,627,53.76,32.70,86.46,2,23.13,1
vllm,tree_of_thought,628,47.44,0.00,65.95,1,15.16,1
vllm,tree_of_thought,629,63.36,34.02,97.38,2,20.54,1
vllm,tree_of_thought,630,47.73,0.00,63.09,1,15.85,1
vllm,tree_of_thought,631,64.62,23.60,88.22,2,22.67,1
vllm,tree_of_thought,632,49.31,0.00,62.26,1,16.06,1
vllm,tree_of_thought,633,59.39,27.28,86.67,2,23.08,1
vllm,tree_of_thought,634,58.19,31.07,89.26,2,22.41,1
vllm,tree_of_thought,635,51.52,27.73,79.25,2,25.24,1
vllm,tree_of_thought,636,62.24,0.00,72.33,1,13.82,1
vllm,tree_of_thought,637,66.87,0.00,67.25,1,14.87,1
vllm,tree_of_thought,638,66.54,23.41,89.95,2,22.23,1
vllm,tree_of_thought,639,65.64,0.00,79.78,1,12.53,1
vllm,tree_of_thought,640,61.60,33.10,94.70,2,21.12,1
vllm,tree_of_thought,641,53.80,0.00,62.40,1,16.03,1
vllm,tree_of_thought,642,74.04,0.00,82.95,1,12.06,1
vllm,tree_of_thought,643,61.08,0.00,78.48,1,12.74,1
vllm,tree_of_thought,644,74.29,26.49,127.27,3,23.57,0
vllm,tree_of_thought,645,52.83,28.19,81.01,2,24.69,1
vllm,tree_of_thought,646,64.50,0.00,81.17,1,12.32,1
vllm,tree_of_thought,647,60.96,0.00,74.67,1,13.39,1
vllm,tree_of_thought,648,72.35,0.00,86.18,1,11.60,1
vllm,tree_of_thought,649,48.20,29.15,77.34,2,25.86,1
vllm,tree_of_thought,650,45.93,0.00,63.18,1,15.83,1
vllm,tree_of_thought,651,71.89,0.00,85.82,1,11.65,1
vllm,tree_of_thought,652,48.67,0.00,62.13,1,16.10,1
vllm,tree_of_thought,653,65.50,27.39,92.89,2,21.53,1
vllm,tree_of_thought,654,71.33,17.63,106.60,3,28.14,0
vllm,tree_of_thought,655,58.22,0.00,71.08,1,14.07,1
vllm,tree_of_thought,656,61.38,0.00,75.96,1,13.16,1
vllm,tree_of_thought,657,72.23,0.00,90.72,1,11.02,1
vllm,tree_of_thought,658,61.16,33.27,94.43,2,21.18,1
vllm,tree_of_thought,659,67.13,26.61,93.74,2,21.34,1
vllm,tree_of_thought,660,71.89,30.83,102.72,2,19.47,1
vllm,tree_of_thought,661,44.71,0.00,63.29,1,15.80,1
vllm,tree_of_thought,662,70.05,32.60,102.65,2,19.48,1
vllm,tree_of_thought,663,71.60,0.00,81.48,1,12.27,1
vllm,tree_of_thought,664,56.39,0.00,72.80,1,13.74,1
vllm,tree_of_thought,665,61.89,0.00,75.00,1,13.33,1
vllm,tree_of_thought,666,52.36,0.00,68.58,1,14.58,1
vllm,tree_of_thought,667,57.78,0.00,79.86,1,12.52,1
vllm,tree_of_thought,668,59.77,27.61,87.39,2,22.89,1
vllm,tree_of_thought,669,58.60,0.00,71.33,1,14.02,1
vllm,tree_of_thought,670,60.69,0.00,73.88,1,13.54,1
vllm,tree_of_thought,671,59.15,32.23,91.38,2,21.89,1
vllm,tree_of_thought,672,66.90,37.09,103.98,2,19.23,1
vllm,tree_of_thought,673,70.63,0.00,80.94,1,12.35,1
vllm,tree_of_thought,674,64.37,0.00,75.47,1,13.25,1
vllm,tree_of_thought,675,66.10,0.00,85.21,1,11.74,1
vllm,tree_of_thought,676,53.29,0.00,67.20,1,14.88,1
vllm,tree_of_thought,677,64.59,0.00,75.45,1,13.25,1
vllm,tree_of_thought,678,58.48,0.00,73.16,1,13.67,1
vllm,tree_of_thought,679,65.74,0.00,82.02,1,12.19,1
vllm,tree_of_thought,680,62.29,35.30,97.59,2,20.49,1
vllm,tree_of_thought,681,49.22,24.39,73.62,2,27.17,1
vllm,tree_of_thought,682,61.45,0.00,82.06,1,12.19,1
vllm,tree_of_thought,683,56.12,32.17,88.29,2,22.65,1
vllm,tree_of_thought,684,52.56,0.00,72.93,1,13.71,1
vllm,tree_of_thought,685,46.80,43.90,90.70,2,22.05,1
vllm,tree_of_thought,686,54.82,34.29,89.11,2,22.44,1
vllm,tree_of_thought,687,71.50,0.00,72.39,1,13.81,1
vllm,tree_of_thought,688,58.17,0.00,70.52,1,14.18,1
vllm,tree_of_thought,689,57.17,33.68,90.85,2,22.01,1
vllm,tree_of_thought,690,60.30,27.11,87.41,2,22.88,1
vllm,tree_of_thought,691,55.87,0.00,70.03,1,14.28,1
vllm,tree_of_thought,692,57.60,0.00,67.52,1,14.81,1
vllm,tree_of_thought,693,68.85,0.00,85.81,1,11.65,1
vllm,tree_of_thought,694,66.66,0.00,74.85,1,13.36,1
vllm,tree_of_thought,695,59.73,27.70,87.43,2,22.88,1
vllm,tree_of_thought,696,74.13,29.29,103.42,2,19.34,1
vllm,tree_of_thought,697,47.99,34.47,82.46,2,24.25,1
vllm,tree_of_thought,698,51.89,31.32,83.22,2,24.03,1
vllm,tree_of_thought,699,57.49,0.00,74.88,1,13.36,1
vllm,tree_of_thought,700,55.36,25.50,80.86,2,24.73,1
vllm,tree_of_thought,701,69.75,0.00,87.67,1,11.41,1
vllm,tree_of_thought,702,69.23,30.44,99.67,2,20.07,0
vllm,tree_of_thought,703,70.43,0.00,84.61,1,11.82,1
vllm,tree_of_thought,704,62.34,32.30,94.64,2,21.13,1
vllm,tree_of_thought,705,69.04,0.00,80.72,1,12.39,1
vllm,tree_of_thought,706,53.23,34.29,87.52,2,22.85,1
vllm,tree_of_thought,707,60.93,0.00,68.90,1,14.51,1
vllm,tree_of_thought,708,56.76,0.00,79.82,1,12.53,1
vllm,tree_of_thought,709,62.44,31.19,93.63,2,21.36,1
vllm,tree_of_thought,710,74.07,29.08,103.15,2,19.39,1
vllm,tree_of_thought,711,80.02,26.63,106.66,2,18.75,1
vllm,tree_of_thought,712,47.27,0.00,68.20,1,14.66,1
vllm,tree_of_thought,713,57.05,0.00,74.61,1,13.40,1
vllm,tree_of_thought,714,89.80,31.66,121.46,2,16.47,0
vllm,tree_of_thought,715,76.30,25.67,101.98,2,19.61,0
vllm,tree_of_thought,716,60.85,0.00,76.72,1,13.03,1
vllm,tree_of_thought,717,48.99,0.00,64.48,1,15.51,1
vllm,tree_of_thought,718,58.39,31.16,89.55,2,22.33,1
vllm,tree_of_thought,719,56.27,0.00,70.51,1,14.18,1
vllm,tree_of_thought,720,82.92,0.00,96.87,1,10.32,1
vllm,tree_of_thought,721,74.10,0.00,86.07,1,11.62,1
vllm,tree_of_thought,722,56.93,35.97,92.89,2,21.53,1
vllm,tree_of_thought,723,57.60,26.39,83.99,2,23.81,1
vllm,tree_of_thought,724,52.12,29.78,81.90,2,24.42,1
vllm,tree_of_thought,725,65.06,0.00,77.14,1,12.96,1
vllm,tree_of_thought,726,65.34,0.00,80.26,1,12.46,1
vllm,tree_of_thought,727,60.10,26.38,86.48,2,23.13,1
vllm,tree_of_thought,728,79.71,0.00,90.82,1,11.01,1
vllm,tree_of_thought,729,51.37,0.00,70.75,1,14.13,1
vllm,tree_of_thought,730,62.81,0.00,77.00,1,12.99,1
vllm,tree_of_thought,731,70.99,0.00,84.10,1,11.89,1
vllm,tree_of_thought,732,58.66,16.02,154.77,7,45.23,0
vllm,tree_of_thought,733,71.71,29.69,101.40,2,19.72,1
vllm,tree_of_thought,734,49.34,28.30,77.64,2,25.76,1
vllm,tree_of_thought,735,60.18,19.66,99.51,3,30.15,1
vllm,tree_of_thought,736,61.13,0.00,76.83,1,13.01,1
vllm,tree_of_thought,737,68.32,0.00,84.47,1,11.84,1
vllm,tree_of_thought,738,62.65,0.00,73.16,1,13.67,1
vllm,tree_of_thought,739,60.05,0.00,68.58,1,14.58,1
vllm,tree_of_thought,740,55.25,0.00,67.67,1,14.78,1
vllm,tree_of_thought,741,63.01,0.00,75.78,1,13.20,1
vllm,tree_of_thought,742,60.91,0.00,73.41,1,13.62,1
vllm,tree_of_thought,743,50.11,0.00,64.07,1,15.61,1
vllm,tree_of_thought,744,59.74,0.00,71.00,1,14.08,1
vllm,tree_of_thought,745,72.81,22.86,95.68,2,20.90,1
vllm,tree_of_thought,746,70.40,30.48,100.88,2,19.83,1
vllm,tree_of_thought,747,65.08,0.00,89.05,1,11.23,1
vllm,tree_of_thought,748,51.14,32.53,83.67,2,23.90,1
vllm,tree_of_thought,749,59.25,0.00,71.28,1,14.03,1
vllm,tree_of_thought,750,61.26,26.74,88.00,2,22.73,1
vllm,tree_of_thought,751,66.15,0.00,80.67,1,12.40,1
vllm,tree_of_thought,752,61.34,0.00,72.97,1,13.70,1
vllm,tree_of_thought,753,57.79,28.18,85.97,2,23.26,1
vllm,tree_of_thought,754,63.94,34.08,98.02,2,20.40,1
vllm,tree_of_thought,755,58.25,0.00,71.46,1,13.99,1
vllm,tree_of_thought,756,61.67,29.19,90.86,2,22.01,1
vllm,tree_of_thought,757,53.65,0.00,67.47,1,14.82,1
vllm,tree_of_thought,758,58.26,0.00,81.07,1,12.34,1
vllm,tree_of_thought,759,65.30,24.37,114.03,3,26.31,1
vllm,tree_of_thought,760,66.50,0.00,82.91,1,12.06,1
vllm,tree_of_thought,761,56.35,0.00,66.51,1,15.04,1
vllm,tree_of_thought,762,63.04,30.27,93.31,2,21.43,1
vllm,tree_of_thought,763,62.80,30.72,93.52,2,21.39,1
vllm,tree_of_thought,764,59.03,31.98,91.01,2,21.98,1
vllm,tree_of_thought,765,53.98,33.90,87.87,2,22.76,1
vllm,tree_of_thought,766,49.49,0.00,65.16,1,15.35,1
vllm,tree_of_thought,767,65.40,24.42,89.82,2,22.27,1
vllm,tree_of_thought,768,59.78,23.49,83.27,2,24.02,1
vllm,tree_of_thought,769,58.77,0.00,75.64,1,13.22,1
vllm,tree_of_thought,770,52.76,0.00,67.49,1,14.82,1
vllm,tree_of_thought,771,60.80,29.12,89.92,2,22.24,1
vllm,tree_of_thought,772,66.38,0.00,76.58,1,13.06,1
vllm,tree_of_thought,773,60.48,25.78,86.26,2,23.18,1
vllm,tree_of_thought,774,50.79,0.00,66.13,1,15.12,1
vllm,tree_of_thought,775,53.59,0.00,65.21,1,15.34,1
vllm,tree_of_thought,776,45.30,0.00,64.12,1,15.59,1
vllm,tree_of_thought,777,65.05,0.00,80.19,1,12.47,1
vllm,tree_of_thought,778,78.40,29.25,107.66,2,18.58,1
vllm,tree_of_thought,779,51.04,0.00,64.99,1,15.39,1
vllm,tree_of_thought,780,69.39,0.00,80.20,1,12.47,1
vllm,tree_of_thought,781,69.90,21.27,112.44,3,26.68,0
vllm,tree_of_thought,782,73.53,25.15,98.68,2,20.27,1
vllm,tree_of_thought,783,51.37,0.00,70.06,1,14.27,1
vllm,tree_of_thought,784,47.48,0.00,63.23,1,15.82,1
vllm,tree_of_thought,785,64.94,24.43,89.37,2,22.38,1
vllm,tree_of_thought,786,59.30,0.00,77.80,1,12.85,1
vllm,tree_of_thought,787,70.68,0.00,90.11,1,11.10,1
vllm,tree_of_thought,788,59.14,0.00,74.18,1,13.48,1
vllm,tree_of_thought,789,73.37,0.00,88.81,1,11.26,1
vllm,tree_of_thought,790,51.17,0.00,68.97,1,14.50,1
vllm,tree_of_thought,791,61.15,0.00,76.62,1,13.05,1
vllm,tree_of_thought,792,63.82,18.52,82.34,2,24.29,1
vllm,tree_of_thought,793,52.57,0.00,65.64,1,15.24,1
vllm,tree_of_thought,794,62.23,22.20,106.64,3,28.13,0
vllm,tree_of_thought,795,67.92,0.00,83.65,1,11.95,1
vllm,tree_of_thought,796,53.39,0.00,71.52,1,13.98,1
vllm,tree_of_thought,797,67.48,0.00,80.69,1,12.39,1
vllm,tree_of_thought,798,52.66,0.00,66.89,1,14.95,1
vllm,tree_of_thought,799,78.39,19.39,97.79,2,20.45,1
vllm,tree_of_thought,800,56.99,26.95,83.94,2,23.83,1
vllm,tree_of_thought,801,46.31,0.00,61.01,1,16.39,1
vllm,tree_of_thought,802,52.06,0.00,66.80,1,14.97,1
vllm,tree_of_thought,803,55.35,0.00,78.08,1,12.81,1
vllm,tree_of_thought,804,50.50,27.28,77.78,2,25.71,1
vllm,tree_of_thought,805,57.35,0.00,68.93,1,14.51,1
vllm,tree_of_thought,806,56.73,0.00,71.75,1,13.94,1
vllm,tree_of_thought,807,73.46,0.00,93.32,1,10.72,1
vllm,tree_of_thought,808,57.16,33.02,90.19,2,22.18,1
vllm,tree_of_thought,809,71.05,28.37,99.42,2,20.12,1
vllm,tree_of_thought,810,50.93,0.00,64.08,1,15.61,1
vllm,tree_of_thought,811,59.46,0.00,71.90,1,13.91,1
vllm,tree_of_thought,812,58.73,25.37,84.09,2,23.78,1
vllm,tree_of_thought,813,64.35,0.00,70.18,1,14.25,1
vllm,tree_of_thought,814,51.81,0.00,62.39,1,16.03,1
vllm,tree_of_thought,815,64.18,24.88,89.06,2,22.46,1
vllm,tree_of_thought,816,69.65,0.00,85.14,1,11.75,1
vllm,tree_of_thought,817,51.21,28.25,79.47,2,25.17,1
vllm,tree_of_thought,818,58.49,0.00,71.89,1,13.91,1
vllm,tree_of_thought,819,64.02,0.00,77.71,1,12.87,1
vllm,tree_of_thought,820,55.02,0.00,76.75,1,13.03,1
vllm,tree_of_thought,821,66.15,14.60,80.75,2,24.77,1
vllm,tree_of_thought,822,58.03,24.77,82.81,2,24.15,1
vllm,tree_of_thought,823,61.28,0.00,77.58,1,12.89,1
vllm,tree_of_thought,824,67.36,31.22,98.58,2,20.29,1
vllm,tree_of_thought,825,57.93,26.09,84.03,2,23.80,1
vllm,tree_of_thought,826,58.90,0.00,73.54,1,13.60,1
vllm,tree_of_thought,827,58.01,0.00,64.91,1,15.40,1
vllm,tree_of_thought,828,62.37,0.00,75.22,1,13.29,1
vllm,tree_of_thought,829,55.86,28.91,84.77,2,23.59,1
vllm,tree_of_thought,830,70.18,22.91,93.10,2,21.48,1
vllm,tree_of_thought,831,70.93,0.00,84.65,1,11.81,1
vllm,tree_of_thought,832,49.90,0.00,62.70,1,15.95,1
vllm,tree_of_thought,833,53.45,0.00,68.07,1,14.69,1
vllm,tree_of_thought,834,47.65,29.96,77.61,2,25.77,1
vllm,tree_of_thought,835,51.67,32.05,83.72,2,23.89,1
vllm,tree_of_thought,836,53.20,22.81,76.02,2,26.31,1
vllm,tree_of_thought,837,57.35,31.14,88.49,2,22.60,1
vllm,tree_of_thought,838,69.10,0.00,87.22,1,11.46,1
vllm,tree_of_thought,839,54.00,0.00,69.85,1,14.32,1
vllm,tree_of_thought,840,53.88,0.00,67.79,1,14.75,1
vllm,tree_of_thought,841,59.65,0.00,77.29,1,12.94,1
vllm,tree_of_thought,842,61.04,0.00,79.07,1,12.65,1
vllm,tree_of_thought,843,64.68,0.00,78.81,1,12.69,1
vllm,tree_of_thought,844,56.75,24.88,81.63,2,24.50,1
vllm,tree_of_thought,845,65.13,24.11,89.24,2,22.41,1
vllm,tree_of_thought,846,57.18,0.00,74.16,1,13.48,1
vllm,tree_of_thought,847,66.04,28.70,94.74,2,21.11,1
vllm,tree_of_thought,848,64.89,0.00,78.80,1,12.69,1
vllm,tree_of_thought,849,64.88,36.56,101.44,2,19.72,1
vllm,tree_of_thought,850,58.12,0.00,75.47,1,13.25,1
vllm,tree_of_thought,851,48.58,43.41,91.99,2,21.74,0
vllm,tree_of_thought,852,63.50,21.10,84.60,2,23.64,1
vllm,tree_of_thought,853,83.67,0.00,97.91,1,10.21,1
vllm,tree_of_thought,854,63.96,0.00,76.89,1,13.01,1
vllm,tree_of_thought,855,54.83,0.00,71.14,1,14.06,1
vllm,tree_of_thought,856,56.30,29.21,85.51,2,23.39,1
vllm,tree_of_thought,857,59.19,37.34,96.53,2,20.72,1
vllm,tree_of_thought,858,57.71,0.00,71.88,1,13.91,1
vllm,tree_of_thought,859,57.57,0.00,70.77,1,14.13,1
vllm,tree_of_thought,860,58.45,0.00,71.74,1,13.94,1
vllm,tree_of_thought,861,56.65,29.08,85.72,2,23.33,1
vllm,tree_of_thought,862,52.42,33.82,86.24,2,23.19,1
vllm,tree_of_thought,863,56.86,0.00,66.06,1,15.14,1
vllm,tree_of_thought,864,61.29,0.00,70.64,1,14.16,1
vllm,tree_of_thought,865,67.56,0.00,73.71,1,13.57,1
vllm,tree_of_thought,866,59.90,0.00,70.51,1,14.18,1
vllm,tree_of_thought,867,52.95,14.32,110.23,5,45.36,0
vllm,tree_of_thought,868,48.77,24.65,73.42,2,27.24,1
vllm,tree_of_thought,869,60.66,0.00,83.14,1,12.03,1
vllm,tree_of_thought,870,61.45,28.33,89.77,2,22.28,1
vllm,tree_of_thought,871,60.32,35.11,95.43,2,20.96,1
vllm,tree_of_thought,872,68.29,25.95,94.24,2,21.22,1
vllm,tree_of_thought,873,71.89,0.00,85.87,1,11.64,1
vllm,tree_of_thought,874,48.79,0.00,66.24,1,15.10,1
vllm,tree_of_thought,875,68.78,25.85,94.63,2,21.14,1
vllm,tree_of_thought,876,65.80,0.00,80.19,1,12.47,1
vllm,tree_of_thought,877,58.43,0.00,76.32,1,13.10,1
vllm,tree_of_thought,878,52.01,0.00,64.81,1,15.43,1
vllm,tree_of_thought,879,57.77,31.42,89.20,2,22.42,1
vllm,tree_of_thought,880,49.37,0.00,68.00,1,14.71,1
vllm,tree_of_thought,881,77.68,0.00,80.70,1,12.39,1
vllm,tree_of_thought,882,58.41,24.39,82.80,2,24.16,1
vllm,tree_of_thought,883,59.12,0.00,73.21,1,13.66,1
vllm,tree_of_thought,884,62.05,30.63,92.69,2,21.58,1
vllm,tree_of_thought,885,58.05,0.00,72.98,1,13.70,1
vllm,tree_of_thought,886,62.90,0.00,75.03,1,13.33,1
vllm,tree_of_thought,887,75.67,30.38,106.05,2,18.86,1
vllm,tree_of_thought,888,68.67,0.00,96.67,1,10.34,1
vllm,tree_of_thought,889,57.59,0.00,73.18,1,13.66,1
vllm,tree_of_thought,890,67.53,0.00,76.72,1,13.03,1
vllm,tree_of_thought,891,62.18,0.00,77.82,1,12.85,1
vllm,tree_of_thought,892,71.43,22.95,94.38,2,21.19,1
vllm,tree_of_thought,893,52.59,23.53,76.12,2,26.28,1
vllm,tree_of_thought,894,51.07,0.00,60.46,1,16.54,1
vllm,tree_of_thought,895,54.91,0.00,65.59,1,15.25,1
vllm,tree_of_thought,896,70.88,21.66,92.53,2,21.61,1
vllm,tree_of_thought,897,77.15,23.56,100.71,2,19.86,1
vllm,tree_of_thought,898,40.60,0.00,50.49,1,19.80,1
vllm,tree_of_thought,899,70.01,0.00,79.11,1,12.64,1
vllm,tree_of_thought,900,68.37,0.00,85.64,1,11.68,1
vllm,tree_of_thought,901,81.78,24.94,106.72,2,18.74,1
vllm,tree_of_thought,902,64.72,0.00,88.30,1,11.32,1
vllm,tree_of_thought,903,55.23,0.00,66.66,1,15.00,1
vllm,tree_of_thought,904,76.75,0.00,89.75,1,11.14,1
vllm,tree_of_thought,905,67.18,0.00,75.13,1,13.31,1
vllm,tree_of_thought,906,47.61,30.97,78.58,2,25.45,1
vllm,tree_of_thought,907,65.71,0.00,77.84,1,12.85,1
vllm,tree_of_thought,908,56.03,0.00,72.52,1,13.79,1
vllm,tree_of_thought,909,54.52,0.00,77.84,1,12.85,1
vllm,tree_of_thought,910,59.29,26.59,85.88,2,23.29,1
vllm,tree_of_thought,911,58.12,32.92,91.04,2,21.97,1
vllm,tree_of_thought,912,54.29,32.14,86.42,2,23.14,1
vllm,tree_of_thought,913,64.79,21.97,86.76,2,23.05,1
vllm,tree_of_thought,914,65.64,28.77,94.41,2,21.18,1
vllm,tree_of_thought,915,62.77,15.35,154.84,7,45.21,0
vllm,tree_of_thought,916,63.31,0.00,82.76,1,12.08,1
vllm,tree_of_thought,917,70.14,0.00,76.54,1,13.07,1
vllm,tree_of_thought,918,63.12,0.00,84.18,1,11.88,1
vllm,tree_of_thought,919,69.35,0.00,89.03,1,11.23,1
vllm,tree_of_thought,920,59.54,0.00,74.39,1,13.44,1
vllm,tree_of_thought,921,55.52,30.77,86.29,2,23.18,1
vllm,tree_of_thought,922,60.27,0.00,76.25,1,13.12,1
vllm,tree_of_thought,923,61.26,24.00,85.25,2,23.46,1
vllm,tree_of_thought,924,50.67,0.00,61.42,1,16.28,1
vllm,tree_of_thought,925,55.05,0.00,75.85,1,13.18,1
vllm,tree_of_thought,926,53.93,30.39,84.32,2,23.72,1
vllm,tree_of_thought,927,79.29,0.00,92.05,1,10.86,1
vllm,tree_of_thought,928,66.14,23.43,89.57,2,22.33,1
vllm,tree_of_thought,929,40.79,0.00,51.44,1,19.44,1
vllm,tree_of_thought,930,49.64,0.00,62.52,1,16.00,1
vllm,tree_of_thought,931,55.71,0.00,66.71,1,14.99,1
vllm,tree_of_thought,932,64.28,0.00,75.49,1,13.25,1
vllm,tree_of_thought,933,57.81,0.00,73.48,1,13.61,1
vllm,tree_of_thought,934,59.46,29.85,89.31,2,22.39,1
vllm,tree_of_thought,935,53.93,0.00,66.74,1,14.98,1
vllm,tree_of_thought,936,47.92,0.00,67.77,1,14.76,1
vllm,tree_of_thought,937,65.62,0.00,85.88,1,11.64,1
vllm,tree_of_thought,938,75.41,0.00,84.93,1,11.77,1
vllm,tree_of_thought,939,61.01,0.00,85.33,1,11.72,1
vllm,tree_of_thought,940,59.94,26.07,86.01,2,23.25,1
vllm,tree_of_thought,941,67.37,21.82,89.19,2,22.42,1
vllm,tree_of_thought,942,64.91,0.00,73.63,1,13.58,1
vllm,tree_of_thought,943,57.36,25.37,82.73,2,24.18,1
vllm,tree_of_thought,944,71.32,28.08,99.40,2,20.12,1
vllm,tree_of_thought,945,51.98,0.00,69.84,1,14.32,1
vllm,tree_of_thought,946,58.23,0.00,76.06,1,13.15,1
vllm,tree_of_thought,947,64.06,0.00,79.58,1,12.57,1
vllm,tree_of_thought,948,63.09,37.99,101.08,2,19.79,1
vllm,tree_of_thought,949,76.05,0.00,92.85,1,10.77,1
vllm,tree_of_thought,950,63.40,34.39,97.79,2,20.45,1
vllm,tree_of_thought,951,56.82,24.73,81.54,2,24.53,1
vllm,tree_of_thought,952,68.08,21.26,89.34,2,22.39,1
vllm,tree_of_thought,953,52.67,0.00,70.36,1,14.21,1
vllm,tree_of_thought,954,74.53,23.83,98.36,2,20.33,1
vllm,tree_of_thought,955,53.17,24.43,77.60,2,25.77,1
vllm,tree_of_thought,956,50.44,31.25,81.69,2,24.48,1
vllm,tree_of_thought,957,60.98,0.00,74.78,1,13.37,1
vllm,tree_of_thought,958,71.63,0.00,86.16,1,11.61,1
vllm,tree_of_thought,959,74.67,0.00,90.64,1,11.03,1
vllm,tree_of_thought,960,41.06,15.86,72.77,3,41.23,0
vllm,tree_of_thought,961,48.95,30.61,79.56,2,25.14,1
vllm,tree_of_thought,962,63.53,0.00,79.79,1,12.53,1
vllm,tree_of_thought,963,50.36,29.78,80.14,2,24.95,1
vllm,tree_of_thought,964,66.55,29.53,96.08,2,20.82,1
vllm,tree_of_thought,965,51.58,0.00,66.73,1,14.99,1
vllm,tree_of_thought,966,55.80,0.00,70.04,1,14.28,1
vllm,tree_of_thought,967,57.15,0.00,69.17,1,14.46,1
vllm,tree_of_thought,968,50.59,23.72,74.31,2,26.91,1
vllm,tree_of_thought,969,52.88,26.34,79.23,2,25.24,1
vllm,tree_of_thought,970,52.92,0.00,64.79,1,15.43,1
vllm,tree_of_thought,971,59.72,0.00,74.18,1,13.48,1
vllm,tree_of_thought,972,68.94,23.12,92.06,2,21.73,1
vllm,tree_of_thought,973,77.72,29.91,107.63,2,18.58,1
vllm,tree_of_thought,974,59.14,0.00,71.60,1,13.97,1
vllm,tree_of_thought,975,59.36,33.82,93.18,2,21.46,1
vllm,tree_of_thought,976,67.45,19.68,126.48,4,31.62,0
vllm,tree_of_thought,977,51.28,0.00,67.27,1,14.87,1
vllm,tree_of_thought,978,60.67,0.00,76.19,1,13.12,1
vllm,tree_of_thought,979,65.04,0.00,78.66,1,12.71,1
vllm,tree_of_thought,980,70.36,24.83,95.18,2,21.01,1
vllm,tree_of_thought,981,54.30,21.65,75.96,2,26.33,1
vllm,tree_of_thought,982,62.56,0.00,80.48,1,12.42,1
vllm,tree_of_thought,983,56.49,0.00,72.74,1,13.75,1
vllm,tree_of_thought,984,59.64,29.62,89.27,2,22.40,1
vllm,tree_of_thought,985,64.27,31.65,95.92,2,20.85,1
vllm,tree_of_thought,986,51.11,25.41,76.51,2,26.14,1
vllm,tree_of_thought,987,47.90,0.00,60.23,1,16.60,1
vllm,tree_of_thought,988,48.70,0.00,62.43,1,16.02,1
vllm,tree_of_thought,989,50.26,21.29,71.55,2,27.95,1
vllm,tree_of_thought,990,53.74,20.33,74.07,2,27.00,1
vllm,tree_of_thought,991,34.61,19.52,54.13,2,36.95,1
vllm,long_output,0,29.07,22.11,205.97,9,43.69,1
vllm,long_output,1,53.74,22.29,232.08,9,38.78,1
vllm,long_output,2,53.77,22.70,235.40,9,38.23,1
vllm,long_output,3,53.83,20.42,237.62,10,42.08,1
vllm,long_output,4,52.90,21.42,245.63,10,40.71,1
vllm,long_output,5,48.99,22.92,255.28,10,39.17,1
vllm,long_output,6,48.24,20.70,255.29,11,43.09,1
vllm,long_output,7,65.24,19.63,261.57,11,42.05,1
vllm,long_output,8,66.53,19.83,284.61,12,42.16,1
vllm,long_output,9,70.37,20.01,290.52,12,41.31,1
vllm,long_output,10,57.75,19.25,288.70,13,45.03,1
vllm,long_output,11,65.68,20.67,293.10,12,40.94,1
vllm,long_output,12,65.10,23.83,303.39,11,36.26,1
vllm,long_output,13,72.76,17.08,294.84,14,47.48,1
vllm,long_output,14,63.10,19.76,300.19,13,43.31,1
vllm,long_output,15,66.55,17.74,297.16,14,47.11,1
vllm,long_output,16,63.61,17.11,303.10,15,49.49,1
vllm,long_output,17,74.48,20.29,318.01,13,40.88,1
vllm,long_output,18,68.35,19.44,321.12,14,43.60,1
vllm,long_output,19,62.24,19.36,333.35,15,45.00,1
vllm,long_output,20,77.85,18.90,342.49,15,43.80,1
vllm,long_output,21,73.91,16.51,338.12,17,50.28,1
vllm,long_output,22,66.92,17.04,339.49,17,50.07,1
vllm,long_output,23,76.60,15.58,341.39,18,52.72,1
vllm,long_output,24,78.63,19.47,370.66,16,43.17,1
vllm,long_output,25,83.23,16.33,360.79,18,49.89,1
vllm,long_output,26,93.24,17.18,368.12,17,46.18,1
vllm,long_output,27,88.95,15.16,361.86,19,52.51,1
vllm,long_output,28,76.29,16.12,366.47,19,51.85,1
vllm,long_output,29,78.13,15.90,364.27,19,52.16,1
vllm,long_output,30,102.55,19.51,395.17,16,40.49,1
vllm,long_output,31,101.62,19.89,399.95,16,40.01,1
vllm,long_output,32,93.22,17.73,394.70,18,45.60,1
vllm,long_output,33,80.35,15.92,382.74,20,52.25,1
vllm,long_output,34,76.72,15.50,386.82,21,54.29,1
vllm,long_output,35,85.70,15.09,387.55,21,54.19,1
vllm,long_output,36,68.85,17.17,395.17,20,50.61,1
vllm,long_output,37,92.96,16.34,403.49,20,49.57,1
vllm,long_output,38,108.35,15.03,408.93,21,51.35,1
vllm,long_output,39,97.00,15.11,414.30,22,53.10,1
vllm,long_output,40,103.16,15.13,420.79,22,52.28,1
vllm,long_output,41,89.61,15.82,421.91,22,52.14,1
vllm,long_output,42,83.89,15.54,425.80,23,54.02,1
vllm,long_output,43,89.54,15.02,419.93,23,54.77,1
vllm,long_output,44,88.03,15.80,435.63,23,52.80,1
vllm,long_output,45,91.78,16.06,461.25,24,52.03,1
vllm,long_output,46,89.11,16.55,469.68,24,51.10,1
vllm,long_output,47,115.79,15.68,476.49,24,50.37,1
vllm,long_output,48,82.61,16.02,467.20,25,53.51,1
vllm,long_output,49,82.33,16.23,471.84,25,52.98,1
vllm,long_output,50,80.35,16.55,477.61,25,52.34,1
vllm,long_output,51,74.27,16.05,475.47,26,54.68,1
vllm,long_output,52,91.64,15.43,477.43,26,54.46,1
vllm,long_output,53,75.99,16.18,480.59,26,54.10,1
vllm,long_output,54,71.35,17.44,524.84,27,51.44,1
vllm,long_output,55,82.30,17.59,539.67,27,50.03,1
vllm,long_output,56,100.28,18.24,574.53,27,47.00,1
vllm,long_output,57,70.46,18.27,563.83,28,49.66,1
vllm,long_output,58,81.20,17.90,564.43,28,49.61,1
vllm,long_output,59,90.99,18.61,593.33,28,47.19,1
vllm,long_output,60,67.91,18.37,582.23,29,49.81,1
vllm,long_output,61,84.34,18.00,588.20,29,49.30,1
vllm,long_output,62,92.65,18.01,596.99,29,48.58,1
vllm,long_output,63,81.35,18.26,610.93,30,49.11,1
vllm,long_output,64,112.96,16.50,591.44,30,50.72,1
vllm,long_output,65,93.07,17.19,608.71,31,50.93,1
vllm,long_output,66,108.84,18.02,649.52,31,47.73,1
vllm,long_output,67,151.66,17.58,661.41,30,45.36,1
vllm,long_output,68,129.73,17.41,652.03,31,47.54,1
vllm,long_output,69,139.57,17.50,682.03,32,46.92,1
vllm,long_output,70,142.24,17.50,684.81,32,46.73,1
vllm,long_output,71,119.27,17.37,675.06,33,48.88,1
vllm,long_output,72,121.65,17.95,696.18,33,47.40,1
vllm,long_output,73,135.45,17.23,704.20,34,48.28,1
vllm,long_output,74,143.18,17.10,707.64,34,48.05,1
vllm,long_output,75,139.29,17.29,709.73,34,47.91,1
vllm,long_output,76,109.84,17.37,700.50,35,49.96,1
vllm,long_output,77,151.08,18.30,736.55,33,44.80,1
vllm,long_output,78,182.70,16.29,736.71,35,47.51,1
vllm,long_output,79,155.60,17.09,736.55,35,47.52,1
vllm,long_output,80,221.93,19.09,813.61,32,39.33,1
vllm,long_output,81,128.36,16.71,713.19,36,50.48,1
vllm,long_output,82,130.39,17.42,740.20,36,48.64,1
vllm,long_output,83,99.93,17.16,717.59,37,51.56,1
vllm,long_output,84,162.40,17.02,758.24,36,47.48,1
vllm,long_output,85,127.92,16.76,731.29,37,50.60,1
vllm,long_output,86,113.10,16.48,723.04,38,52.56,1
vllm,long_output,87,154.56,17.08,769.27,37,48.10,1
vllm,long_output,88,154.11,16.30,757.03,38,50.20,1
vllm,long_output,89,159.10,16.66,775.52,38,49.00,1
vllm,long_output,90,170.68,15.83,772.04,39,50.52,1
vllm,long_output,91,140.80,16.37,763.04,39,51.11,1
vllm,long_output,92,135.51,16.10,763.53,40,52.39,1
vllm,long_output,93,104.78,15.91,741.24,41,55.31,1
vllm,long_output,94,99.32,16.05,757.31,42,55.46,1
vllm,long_output,95,148.19,15.87,783.05,41,52.36,1
vllm,long_output,96,225.92,15.15,801.69,39,48.65,1
vllm,long_output,97,154.48,15.68,781.88,41,52.44,1
vllm,long_output,98,112.97,16.18,776.18,42,54.11,1
vllm,long_output,99,213.22,15.09,801.66,40,49.90,1
vllm,long_output,100,222.59,15.04,809.34,40,49.42,1
vllm,long_output,101,127.49,16.05,785.36,42,53.48,1
vllm,long_output,102,95.69,16.31,780.52,43,55.09,1
vllm,long_output,103,161.60,15.10,795.62,43,54.05,1
vllm,long_output,104,140.49,15.27,782.02,43,54.99,1
vllm,long_output,105,145.59,15.26,801.78,44,54.88,1
vllm,long_output,106,134.69,15.48,800.39,44,54.97,1
vllm,long_output,107,125.77,15.66,799.27,44,55.05,1
vllm,long_output,108,115.65,15.46,796.04,45,56.53,1
vllm,long_output,109,123.33,15.06,785.81,45,57.27,1
vllm,long_output,110,150.91,14.70,797.67,45,56.41,1
vllm,long_output,111,114.04,15.11,794.14,46,57.92,1
vllm,long_output,112,117.04,15.23,802.31,46,57.33,1
vllm,long_output,113,124.87,15.15,806.78,46,57.02,1
vllm,long_output,114,111.80,14.84,794.48,47,59.16,1
vllm,long_output,115,119.01,14.99,808.72,47,58.12,1
vllm,long_output,116,106.02,15.15,802.89,47,58.54,1
vllm,long_output,117,113.34,14.74,805.93,48,59.56,1
vllm,long_output,118,65.78,15.02,771.84,48,62.19,1
vllm,long_output,119,86.47,14.94,788.76,48,60.85,1
vllm,long_output,120,87.89,14.90,803.22,49,61.00,1
vllm,long_output,121,101.22,15.02,822.36,49,59.58,1
vllm,long_output,122,105.01,15.01,840.60,50,59.48,1
vllm,long_output,123,75.43,14.00,187.41,9,48.02,1
vllm,long_output,124,143.01,14.96,860.85,49,56.92,1
vllm,long_output,125,98.45,15.01,834.14,50,59.94,1
vllm,long_output,126,88.38,14.32,202.96,9,44.34,1
vllm,long_output,127,84.89,14.73,202.74,9,44.39,1
vllm,long_output,128,66.34,14.38,195.76,10,51.08,1
vllm,long_output,129,52.10,15.17,188.65,10,53.01,1
vllm,long_output,130,68.48,16.25,214.75,10,46.57,1
vllm,long_output,131,117.94,15.00,868.16,51,58.75,1
vllm,long_output,132,93.41,14.82,834.39,51,61.12,1
vllm,long_output,133,49.60,14.74,197.01,11,55.84,1
vllm,long_output,134,118.37,15.01,868.66,51,58.71,1
vllm,long_output,135,57.45,15.21,209.52,11,52.50,1
vllm,long_output,136,194.31,14.79,918.89,50,54.41,1
vllm,long_output,137,72.33,14.81,827.42,52,62.85,1
vllm,long_output,138,55.02,14.68,803.83,52,64.69,1
vllm,long_output,139,45.54,14.57,191.19,11,57.53,1
vllm,long_output,140,77.49,14.78,831.15,52,62.56,1
vllm,long_output,141,71.53,14.87,844.81,53,62.74,1
vllm,long_output,142,49.72,15.41,219.26,12,54.73,1
vllm,long_output,143,75.45,14.65,837.11,53,63.31,1
vllm,long_output,144,47.20,15.36,216.18,12,55.51,1
vllm,long_output,145,65.74,14.73,831.82,53,63.72,1
vllm,long_output,146,76.74,14.62,851.85,54,63.39,1
vllm,long_output,147,90.92,14.73,252.92,12,47.45,1
vllm,long_output,148,83.65,14.41,256.55,13,50.67,1
vllm,long_output,149,114.36,13.92,852.18,54,63.37,1
vllm,long_output,150,57.55,15.16,254.59,14,54.99,1
vllm,long_output,151,99.34,14.40,272.12,13,47.77,1
vllm,long_output,152,79.42,15.12,275.97,14,50.73,1
vllm,long_output,153,95.06,15.54,281.52,13,46.18,1
vllm,long_output,154,88.24,14.11,271.66,14,51.54,1
vllm,long_output,155,104.63,14.48,872.26,54,61.91,1
vllm,long_output,156,83.43,14.25,282.92,15,53.02,1
vllm,long_output,157,89.46,14.65,880.32,55,62.48,1
vllm,long_output,158,72.92,15.15,285.08,15,52.62,1
vllm,long_output,159,101.19,14.55,886.85,55,62.02,1
vllm,long_output,160,89.85,14.19,288.45,15,52.00,1
vllm,long_output,161,71.07,13.86,278.91,16,57.37,1
vllm,long_output,162,85.89,14.86,888.33,55,61.91,1
vllm,long_output,163,67.16,14.24,280.74,16,56.99,1
vllm,long_output,164,85.71,14.08,296.90,16,53.89,1
vllm,long_output,165,53.75,14.21,281.11,17,60.47,1
vllm,long_output,166,111.36,14.33,899.40,56,62.26,1
vllm,long_output,167,89.86,14.70,898.38,56,62.33,1
vllm,long_output,168,55.97,14.30,284.76,17,59.70,1
vllm,long_output,169,54.85,14.19,281.97,17,60.29,1
vllm,long_output,170,89.88,14.47,899.96,57,63.34,1
vllm,long_output,171,166.04,14.23,948.90,56,59.02,1
vllm,long_output,172,53.76,14.62,302.26,18,59.55,1
vllm,long_output,173,94.31,14.51,921.65,58,62.93,1
vllm,long_output,174,85.42,14.54,914.45,58,63.43,1
vllm,long_output,175,140.18,14.38,945.62,57,60.28,1
vllm,long_output,176,49.58,15.12,306.63,18,58.70,1
vllm,long_output,177,102.81,14.65,937.98,58,61.83,1
vllm,long_output,178,142.24,14.70,965.54,57,59.03,1
vllm,long_output,179,49.69,14.91,303.16,18,59.37,1
vllm,long_output,180,95.74,14.55,939.86,59,62.78,1
vllm,long_output,181,77.14,14.55,921.20,59,64.05,1
vllm,long_output,182,84.73,14.45,922.77,59,63.94,1
vllm,long_output,183,55.04,15.19,328.47,19,57.84,1
vllm,long_output,184,66.23,14.52,923.04,60,65.00,1
vllm,long_output,185,63.84,14.78,329.81,19,57.61,1
vllm,long_output,186,85.44,14.40,935.22,60,64.16,1
vllm,long_output,187,83.86,14.46,936.92,60,64.04,1
vllm,long_output,188,74.87,15.22,348.79,19,54.47,1
vllm,long_output,189,63.34,15.06,349.57,20,57.21,1
vllm,long_output,190,80.73,14.36,942.04,61,64.75,1
vllm,long_output,191,85.60,14.61,962.06,61,63.41,1
vllm,long_output,192,95.83,14.18,946.70,61,64.43,1
vllm,long_output,193,93.64,14.06,951.41,62,65.17,1
vllm,long_output,194,76.92,14.37,953.33,62,65.04,1
vllm,long_output,195,72.61,14.41,951.50,62,65.16,1
vllm,long_output,196,56.61,15.78,356.48,20,56.10,1
vllm,long_output,197,64.87,14.34,953.71,63,66.06,1
vllm,long_output,198,57.39,16.22,365.65,20,54.70,1
vllm,long_output,199,91.04,14.19,970.87,63,64.89,1
vllm,long_output,200,94.38,14.25,977.64,63,64.44,1
vllm,long_output,201,67.76,14.93,366.46,21,57.31,1
vllm,long_output,202,80.03,14.18,973.13,64,65.77,1
vllm,long_output,203,68.86,14.01,951.59,64,67.26,1
vllm,long_output,204,77.41,15.64,390.31,21,53.80,1
vllm,long_output,205,76.26,15.83,392.80,21,53.46,1
vllm,long_output,206,66.31,14.14,957.15,64,66.87,1
vllm,long_output,207,54.06,14.19,962.43,65,67.54,1
vllm,long_output,208,77.02,15.07,393.41,22,55.92,1
vllm,long_output,209,88.93,15.06,405.28,22,54.28,1
vllm,long_output,210,71.58,15.68,400.93,22,54.87,1
vllm,long_output,211,58.81,14.07,959.34,65,67.76,1
vllm,long_output,212,71.61,14.03,969.70,65,67.03,1
vllm,long_output,213,67.85,15.97,419.26,23,54.86,1
vllm,long_output,214,62.18,14.12,980.08,66,67.34,1
vllm,long_output,215,67.60,15.79,415.06,23,55.41,1
vllm,long_output,216,59.49,14.17,980.51,66,67.31,1
vllm,long_output,217,97.73,15.72,443.54,23,51.86,1
vllm,long_output,218,60.26,14.10,976.98,66,67.56,1
vllm,long_output,219,73.81,15.69,434.70,24,55.21,1
vllm,long_output,220,76.60,16.00,444.70,24,53.97,1
vllm,long_output,221,54.47,14.21,992.10,67,67.53,1
vllm,long_output,222,80.22,15.67,440.70,24,54.46,1
vllm,long_output,223,80.32,15.99,464.07,25,53.87,1
vllm,long_output,224,76.74,15.98,460.27,25,54.32,1
vllm,long_output,225,79.71,15.99,463.47,25,53.94,1
vllm,long_output,226,71.43,15.56,460.42,26,56.47,1
vllm,long_output,227,83.28,14.23,1022.26,67,65.54,1
vllm,long_output,228,82.77,16.16,486.74,26,53.42,1
vllm,long_output,229,88.07,15.77,482.20,26,53.92,1
vllm,long_output,230,73.01,15.45,474.81,27,56.86,1
vllm,long_output,231,72.19,15.76,482.04,27,56.01,1
vllm,long_output,232,69.79,15.79,480.44,27,56.20,1
vllm,long_output,233,66.35,15.62,488.01,28,57.38,1
vllm,long_output,234,71.00,15.82,498.19,28,56.20,1
vllm,long_output,235,63.90,15.60,484.97,28,57.74,1
vllm,long_output,236,57.31,15.83,500.46,29,57.95,1
vllm,long_output,237,73.07,15.86,517.24,29,56.07,1
vllm,long_output,238,71.88,16.13,523.42,29,55.40,1
vllm,long_output,239,89.58,15.73,545.87,30,54.96,1
vllm,long_output,240,84.20,15.87,544.34,30,55.11,1
vllm,long_output,241,79.20,16.46,556.56,30,53.90,1
vllm,long_output,242,72.75,15.98,552.26,31,56.13,1
vllm,long_output,243,78.35,15.37,539.56,31,57.45,1
vllm,long_output,244,79.03,16.32,568.54,31,54.53,1
vllm,long_output,245,66.72,15.61,550.60,32,58.12,1
vllm,long_output,246,70.12,15.79,559.67,32,57.18,1
vllm,long_output,247,72.52,16.41,581.17,32,55.06,1
vllm,long_output,248,54.65,15.58,553.08,33,59.67,1
vllm,long_output,249,64.57,15.15,549.50,33,60.05,1
vllm,long_output,250,58.40,15.49,554.06,33,59.56,1
vllm,long_output,251,53.68,15.38,561.26,34,60.58,1
vllm,long_output,252,75.69,15.56,589.06,34,57.72,1
vllm,long_output,253,72.03,15.52,584.33,34,58.19,1
vllm,long_output,254,65.63,15.40,589.34,35,59.39,1
vllm,long_output,255,51.20,15.67,584.15,35,59.92,1
vllm,long_output,256,59.21,15.80,596.46,35,58.68,1
vllm,long_output,257,64.06,16.15,629.40,36,57.20,1
vllm,long_output,258,88.73,15.83,642.81,36,56.00,1
vllm,long_output,259,81.72,16.05,643.55,36,55.94,1
vllm,long_output,260,51.34,16.44,643.01,37,57.54,1
vllm,long_output,261,79.13,15.75,646.06,37,57.27,1
vllm,long_output,262,70.30,16.56,666.57,37,55.51,1
vllm,long_output,263,79.20,15.42,649.73,38,58.49,1
vllm,long_output,264,76.90,16.03,670.05,38,56.71,1
vllm,long_output,265,78.88,15.51,668.42,39,58.35,1
vllm,long_output,266,81.12,15.55,672.06,39,58.03,1
vllm,long_output,267,94.03,16.42,701.74,38,54.15,1
vllm,long_output,268,92.62,15.55,683.40,39,57.07,1
vllm,long_output,269,81.87,15.48,685.63,40,58.34,1
vllm,long_output,270,75.12,15.54,681.34,40,58.71,1
vllm,long_output,271,66.64,16.18,697.84,40,57.32,1
vllm,long_output,272,76.01,15.27,686.97,41,59.68,1
vllm,long_output,273,101.55,14.92,698.49,41,58.70,1
vllm,long_output,274,57.45,15.24,682.45,42,61.54,1
vllm,long_output,275,94.32,14.83,702.23,42,59.81,1
vllm,long_output,276,91.68,15.73,720.90,41,56.87,1
vllm,long_output,277,68.53,14.87,693.23,43,62.03,1
vllm,long_output,278,75.04,15.39,706.05,42,59.49,1
vllm,long_output,279,62.59,14.93,689.67,43,62.35,1
vllm,long_output,280,61.72,15.37,707.40,43,60.79,1
vllm,long_output,281,67.82,14.72,700.77,44,62.79,1
vllm,long_output,282,76.50,14.66,706.91,44,62.24,1
vllm,long_output,283,63.03,14.99,707.47,44,62.19,1
vllm,long_output,284,60.98,14.83,713.31,45,63.09,1
vllm,long_output,285,61.84,15.24,732.46,45,61.44,1
vllm,long_output,286,70.49,15.05,732.80,45,61.41,1
vllm,long_output,287,69.84,15.78,779.89,46,58.98,1
vllm,long_output,288,67.39,15.87,781.68,46,58.85,1
vllm,long_output,289,71.84,15.85,785.26,46,58.58,1
vllm,long_output,290,59.98,15.74,784.14,47,59.94,1
vllm,long_output,291,76.15,15.70,798.23,47,58.88,1
vllm,long_output,292,83.62,15.76,808.69,47,58.12,1
vllm,long_output,293,76.35,15.50,804.71,48,59.65,1
vllm,long_output,294,59.08,15.63,793.71,48,60.48,1
vllm,long_output,295,69.12,15.58,801.28,48,59.90,1
vllm,long_output,296,65.27,15.47,807.95,49,60.65,1
vllm,long_output,297,64.31,15.29,798.27,49,61.38,1
vllm,long_output,298,67.97,15.36,805.34,49,60.84,1
vllm,long_output,299,88.66,14.72,809.94,50,61.73,1
vllm,long_output,300,50.67,15.37,803.71,50,62.21,1
vllm,long_output,301,62.15,15.22,807.71,50,61.90,1
vllm,long_output,302,48.21,15.20,169.80,9,53.00,1
vllm,long_output,303,55.08,14.94,174.62,9,51.54,1
vllm,long_output,304,64.63,15.50,188.65,9,47.71,1
vllm,long_output,305,59.48,15.27,822.74,51,61.99,1
vllm,long_output,306,50.00,14.45,180.03,10,55.55,1
vllm,long_output,307,64.03,14.51,194.60,10,51.39,1
vllm,long_output,308,83.90,15.27,847.62,51,60.17,1
vllm,long_output,309,76.43,14.72,208.87,10,47.88,1
vllm,long_output,310,58.43,14.38,202.19,11,54.41,1
vllm,long_output,311,77.22,15.21,853.07,52,60.96,1
vllm,long_output,312,62.51,14.10,203.55,11,54.04,1
vllm,long_output,313,131.22,14.90,876.40,51,58.19,1
vllm,long_output,314,76.72,15.31,857.45,52,60.65,1
vllm,long_output,315,113.29,14.88,872.20,52,59.62,1
vllm,long_output,316,74.28,15.66,230.90,11,47.64,1
vllm,long_output,317,83.90,14.88,857.74,53,61.79,1
vllm,long_output,318,49.10,14.03,203.48,12,58.97,1
vllm,long_output,319,61.53,14.72,223.40,12,53.72,1
vllm,long_output,320,74.64,15.02,855.74,53,61.93,1
vllm,long_output,321,66.92,14.71,228.73,12,52.46,1
vllm,long_output,322,67.65,15.12,853.80,53,62.08,1
vllm,long_output,323,85.27,14.66,862.07,54,62.64,1
vllm,long_output,324,109.83,14.57,881.83,54,61.24,1
vllm,long_output,325,92.64,14.81,877.35,54,61.55,1
vllm,long_output,326,69.82,14.74,866.03,55,63.51,1
vllm,long_output,327,47.04,15.38,231.56,13,56.14,1
vllm,long_output,328,84.74,14.83,885.57,55,62.11,1
vllm,long_output,329,51.74,15.01,231.84,13,56.07,1
vllm,long_output,330,60.98,14.40,233.76,13,55.61,1
vllm,long_output,331,55.40,15.16,252.52,14,55.44,1
vllm,long_output,332,83.86,14.76,880.85,55,62.44,1
vllm,long_output,333,49.24,14.57,238.67,14,58.66,1
vllm,long_output,334,81.19,14.50,878.68,56,63.73,1
vllm,long_output,335,59.49,14.79,873.04,56,64.14,1
vllm,long_output,336,84.51,14.63,889.38,56,62.97,1
vllm,long_output,337,53.36,14.93,247.44,14,56.58,1
vllm,long_output,338,58.58,14.53,261.97,15,57.26,1
vllm,long_output,339,59.20,14.75,885.46,57,64.37,1
vllm,long_output,340,67.32,15.30,281.50,15,53.29,1
vllm,long_output,341,85.26,14.61,903.42,57,63.09,1
vllm,long_output,342,106.35,14.72,930.90,57,61.23,1
vllm,long_output,343,77.00,15.66,311.84,16,51.31,1
vllm,long_output,344,94.47,16.02,318.78,15,47.05,1
vllm,long_output,345,106.90,14.27,320.90,16,49.86,1
vllm,long_output,346,108.50,15.06,334.40,16,47.85,1
vllm,long_output,347,100.33,14.68,937.14,58,61.89,1
vllm,long_output,348,88.69,14.65,323.08,17,52.62,1
vllm,long_output,349,90.02,15.11,331.85,17,51.23,1
vllm,long_output,350,92.90,15.58,342.10,17,49.69,1
vllm,long_output,351,75.80,14.86,328.47,18,54.80,1
vllm,long_output,352,74.64,14.60,322.92,18,55.74,1
vllm,long_output,353,81.13,14.99,336.00,18,53.57,1
vllm,long_output,354,90.29,14.80,948.90,59,62.18,1
vllm,long_output,355,152.33,14.86,999.38,58,58.04,1
vllm,long_output,356,70.92,14.52,332.25,19,57.19,1
vllm,long_output,357,72.02,14.68,336.22,19,56.51,1
vllm,long_output,358,70.17,14.18,339.51,20,58.91,1
vllm,long_output,359,94.14,14.30,351.61,19,54.04,1
vllm,long_output,360,122.41,14.80,980.89,59,60.15,1
vllm,long_output,361,162.02,14.70,999.79,58,58.01,1
vllm,long_output,362,73.14,14.96,357.39,20,55.96,1
vllm,long_output,363,110.16,14.71,978.04,60,61.35,1
vllm,long_output,364,59.57,15.12,346.76,20,57.68,1
vllm,long_output,365,61.76,14.55,352.69,21,59.54,1
vllm,long_output,366,63.05,14.49,352.87,21,59.51,1
vllm,long_output,367,174.14,14.70,1027.00,59,57.45,1
vllm,long_output,368,63.31,15.03,363.94,21,57.70,1
vllm,long_output,369,110.45,14.81,998.84,61,61.07,1
vllm,long_output,370,150.40,14.81,1024.08,60,58.59,1
vllm,long_output,371,136.07,14.78,1023.02,61,59.63,1
vllm,long_output,372,64.62,15.22,384.31,22,57.24,1
vllm,long_output,373,59.44,15.60,387.14,22,56.83,1
vllm,long_output,374,166.75,14.73,1035.81,60,57.93,1
vllm,long_output,375,106.62,14.94,1018.16,62,60.89,1
vllm,long_output,376,57.49,15.14,390.49,23,58.90,1
vllm,long_output,377,152.35,14.74,1036.76,61,58.84,1
vllm,long_output,378,112.63,14.95,1024.78,62,60.50,1
vllm,long_output,379,74.25,16.16,413.62,22,53.19,1
vllm,long_output,380,126.49,14.68,1021.67,62,60.68,1
vllm,long_output,381,101.55,14.79,1018.61,63,61.85,1
vllm,long_output,382,84.82,14.60,1004.89,64,63.69,1
vllm,long_output,383,76.48,14.93,405.05,23,56.78,1
vllm,long_output,384,77.19,15.32,414.17,23,55.53,1
vllm,long_output,385,184.15,14.02,1053.51,63,59.80,1
vllm,long_output,386,154.41,14.09,1028.10,63,61.28,1
vllm,long_output,387,72.31,14.86,414.07,24,57.96,1
vllm,long_output,388,58.79,16.33,450.74,25,55.46,1
vllm,long_output,389,80.90,16.34,456.64,24,52.56,1
vllm,long_output,390,140.97,14.76,1070.97,64,59.76,1
vllm,long_output,391,152.16,14.70,1078.19,64,59.36,1
vllm,long_output,392,79.76,16.51,459.38,24,52.24,1
vllm,long_output,393,117.08,14.62,1052.64,65,61.75,1
vllm,long_output,394,64.59,16.43,458.81,25,54.49,1
vllm,long_output,395,110.15,14.75,1054.37,65,61.65,1
vllm,long_output,396,115.76,14.64,1052.98,65,61.73,1
vllm,long_output,397,58.88,16.70,459.79,25,54.37,1
vllm,long_output,398,58.33,16.37,467.56,26,55.61,1
vllm,long_output,399,101.81,14.72,1058.65,66,62.34,1
vllm,long_output,400,105.08,14.81,1068.05,66,61.79,1
vllm,long_output,401,95.75,14.48,1036.93,66,63.65,1
vllm,long_output,402,83.20,15.05,1076.33,67,62.25,1
vllm,long_output,403,50.86,18.05,502.17,26,51.77,1
vllm,long_output,404,53.52,17.62,493.90,26,52.64,1
vllm,long_output,405,57.24,15.08,1052.32,67,63.67,1
vllm,long_output,406,70.87,17.41,523.41,27,51.58,1
vllm,long_output,407,69.24,17.95,535.87,27,50.39,1
vllm,long_output,408,59.65,18.21,533.05,27,50.65,1
vllm,long_output,409,75.14,17.46,546.63,28,51.22,1
vllm,long_output,410,78.62,17.29,545.55,28,51.32,1
vllm,long_output,411,82.55,17.43,553.06,28,50.63,1
vllm,long_output,412,54.32,17.43,542.48,29,53.46,1
vllm,long_output,413,69.46,17.32,554.29,29,52.32,1
vllm,long_output,414,69.77,17.50,559.74,29,51.81,1
vllm,long_output,415,68.64,17.19,567.06,30,52.90,1
vllm,long_output,416,72.38,17.15,569.81,30,52.65,1
vllm,long_output,417,69.82,17.41,574.84,30,52.19,1
vllm,long_output,418,66.99,17.51,592.30,31,52.34,1
vllm,long_output,419,80.05,16.92,587.59,31,52.76,1
vllm,long_output,420,74.14,17.19,589.97,31,52.54,1
vllm,long_output,421,70.85,16.90,594.90,32,53.79,1
vllm,long_output,422,72.06,16.96,597.95,32,53.52,1
vllm,long_output,423,71.72,17.48,613.54,32,52.16,1
vllm,long_output,424,66.23,16.78,603.31,33,54.70,1
vllm,long_output,425,62.23,17.01,606.50,33,54.41,1
vllm,long_output,426,63.61,16.86,603.22,33,54.71,1
vllm,long_output,427,63.70,16.60,611.39,34,55.61,1
vllm,long_output,428,54.79,16.73,606.87,34,56.03,1
vllm,long_output,429,58.02,16.90,615.67,34,55.22,1
vllm,long_output,430,45.93,16.69,613.30,35,57.07,1
vllm,long_output,431,48.83,16.97,625.95,35,55.91,1
vllm,long_output,432,59.65,17.03,638.84,35,54.79,1
vllm,long_output,433,49.57,16.88,640.30,36,56.22,1
vllm,long_output,434,58.75,16.73,644.47,36,55.86,1
vllm,long_output,435,127.98,16.02,688.69,36,52.27,1
vllm,long_output,436,120.45,16.02,697.07,37,53.08,1
vllm,long_output,437,116.69,15.96,691.10,37,53.54,1
vllm,long_output,438,112.84,16.29,699.40,37,52.90,1
vllm,long_output,439,99.05,15.78,682.79,38,55.65,1
vllm,long_output,440,97.65,16.07,692.12,38,54.90,1
vllm,long_output,441,93.09,15.82,694.14,39,56.18,1
vllm,long_output,442,104.03,16.42,711.49,38,53.41,1
vllm,long_output,443,105.27,15.53,695.60,39,56.07,1
vllm,long_output,444,97.08,15.66,692.05,39,56.35,1
vllm,long_output,445,84.89,15.58,692.55,40,57.76,1
vllm,long_output,446,98.33,15.24,692.79,40,57.74,1
vllm,long_output,447,87.62,15.52,692.79,40,57.74,1
vllm,long_output,448,78.57,15.51,698.96,41,58.66,1
vllm,long_output,449,83.55,15.48,702.88,41,58.33,1
vllm,long_output,450,95.05,15.42,711.75,41,57.60,1
vllm,long_output,451,83.88,15.35,713.10,42,58.90,1
vllm,long_output,452,102.93,15.90,754.78,42,55.65,1
vllm,long_output,453,106.23,15.90,758.24,42,55.39,1
vllm,long_output,454,95.80,15.83,760.87,43,56.51,1
vllm,long_output,455,101.09,15.74,762.03,43,56.43,1
vllm,long_output,456,105.33,15.72,765.76,43,56.15,1
vllm,long_output,457,79.65,15.80,759.15,44,57.96,1
vllm,long_output,458,89.93,15.81,769.77,44,57.16,1
vllm,long_output,459,89.46,15.73,765.84,44,57.45,1
vllm,long_output,460,102.95,15.41,780.78,45,57.63,1
vllm,long_output,461,99.87,15.35,775.34,45,58.04,1
vllm,long_output,462,87.67,15.44,766.86,45,58.68,1
vllm,long_output,463,84.09,15.16,766.22,46,60.03,1
vllm,long_output,464,79.14,15.35,770.09,46,59.73,1
vllm,long_output,465,82.63,15.41,775.99,46,59.28,1
vllm,long_output,466,62.04,15.51,775.62,47,60.60,1
vllm,long_output,467,59.20,15.64,778.84,47,60.35,1
vllm,long_output,468,64.53,15.71,786.99,47,59.72,1
vllm,long_output,469,55.60,15.61,789.13,48,60.83,1
vllm,long_output,470,70.69,15.59,803.58,48,59.73,1
vllm,long_output,471,75.05,13.30,181.42,9,49.61,1
vllm,long_output,472,77.85,15.39,800.99,48,59.93,1
vllm,long_output,473,68.24,14.80,186.64,9,48.22,1
vllm,long_output,474,72.81,15.49,816.37,49,60.02,1
vllm,long_output,475,45.39,14.27,159.53,9,56.42,1
vllm,long_output,476,52.79,15.58,800.86,49,61.18,1
vllm,long_output,477,75.07,15.05,797.67,49,61.43,1
vllm,long_output,478,64.54,15.23,810.71,50,61.67,1
vllm,long_output,479,63.45,15.10,803.17,50,62.25,1
vllm,long_output,480,59.89,15.31,810.06,50,61.72,1
vllm,long_output,481,62.35,15.02,813.43,51,62.70,1
vllm,long_output,482,60.13,15.05,812.45,51,62.77,1
vllm,long_output,483,65.53,15.13,822.02,51,62.04,1
vllm,long_output,484,62.76,15.19,199.45,10,50.14,1
vllm,long_output,485,58.54,15.00,193.52,10,51.67,1
vllm,long_output,486,70.51,15.31,208.33,10,48.00,1
vllm,long_output,487,54.44,15.28,833.81,52,62.36,1
vllm,long_output,488,56.88,15.16,830.02,52,62.65,1
vllm,long_output,489,70.00,15.08,839.10,52,61.97,1
vllm,long_output,490,58.52,15.02,839.46,53,63.14,1
vllm,long_output,491,41.25,15.71,198.36,11,55.46,1
vllm,long_output,492,65.11,15.10,850.41,53,62.32,1
vllm,long_output,493,82.60,14.86,855.50,53,61.95,1
vllm,long_output,494,72.36,14.87,221.09,11,49.75,1
vllm,long_output,495,77.98,15.47,232.72,11,47.27,1
vllm,long_output,496,72.18,14.97,865.35,54,62.40,1
vllm,long_output,497,83.94,14.87,871.81,54,61.94,1
vllm,long_output,498,78.06,14.93,869.32,54,62.12,1
vllm,long_output,499,55.67,15.35,224.55,12,53.44,1
vllm,long_output,500,71.73,15.73,244.78,12,49.02,1
vllm,long_output,501,59.50,15.02,870.44,55,63.19,1
vllm,long_output,502,70.35,15.31,238.74,12,50.26,1
vllm,long_output,503,60.43,14.59,235.56,13,55.19,1
vllm,long_output,504,77.15,14.62,866.63,55,63.46,1
vllm,long_output,505,62.17,14.84,863.46,55,63.70,1
vllm,long_output,506,71.38,14.58,246.39,13,52.76,1
vllm,long_output,507,55.20,14.67,861.93,56,64.97,1
vllm,long_output,508,61.98,14.77,874.09,56,64.07,1
vllm,long_output,509,47.73,16.27,242.91,13,53.52,1
vllm,long_output,510,51.91,14.52,240.70,14,58.16,1
vllm,long_output,511,47.82,14.70,856.32,56,65.40,1
vllm,long_output,512,55.06,15.39,255.10,14,54.88,1
vllm,long_output,513,57.21,14.68,248.07,14,56.43,1
vllm,long_output,514,46.81,14.86,254.87,15,58.85,1
vllm,long_output,515,58.10,14.75,264.56,15,56.70,1
vllm,long_output,516,63.20,14.59,880.41,57,64.74,1
vllm,long_output,517,74.70,14.70,898.07,57,63.47,1
vllm,long_output,518,50.92,14.97,260.47,15,57.59,1
vllm,long_output,519,59.38,14.86,891.53,57,63.94,1
vllm,long_output,520,62.63,14.55,280.92,16,56.96,1
vllm,long_output,521,64.66,16.02,304.94,16,52.47,1
vllm,long_output,522,59.54,16.27,303.57,16,52.71,1
vllm,long_output,523,62.30,14.77,904.38,58,64.13,1
vllm,long_output,524,57.30,14.83,294.54,17,57.72,1
vllm,long_output,525,47.85,14.90,286.20,17,59.40,1
vllm,long_output,526,67.09,15.21,310.51,17,54.75,1
vllm,long_output,527,69.31,14.84,915.40,58,63.36,1
vllm,long_output,528,47.81,14.74,298.46,18,60.31,1
vllm,long_output,529,84.43,14.77,940.99,59,62.70,1
vllm,long_output,530,65.45,14.66,314.60,18,57.21,1
vllm,long_output,531,137.59,14.33,954.35,58,60.77,1
vllm,long_output,532,50.69,14.73,301.18,18,59.76,1
vllm,long_output,533,115.35,14.32,946.11,59,62.36,1
vllm,long_output,534,125.93,14.26,953.03,59,61.91,1
vllm,long_output,535,103.78,14.36,951.28,60,63.07,1
vllm,long_output,536,108.82,14.28,951.44,60,63.06,1
vllm,long_output,537,104.37,14.02,945.51,61,64.52,1
vllm,long_output,538,51.70,15.25,326.29,19,58.23,1
vllm,long_output,539,108.30,14.45,961.12,60,62.43,1
vllm,long_output,540,90.81,14.03,932.69,61,65.40,1
vllm,long_output,541,108.17,14.03,949.89,61,64.22,1
vllm,long_output,542,97.59,13.99,950.96,62,65.20,1
vllm,long_output,543,98.15,13.84,942.19,62,65.80,1
vllm,long_output,544,69.47,15.56,349.57,19,54.35,1
vllm,long_output,545,82.30,15.14,354.74,19,53.56,1
vllm,long_output,546,66.53,15.12,353.82,20,56.53,1
vllm,long_output,547,98.83,14.03,954.95,62,64.93,1
vllm,long_output,548,73.46,14.86,355.85,20,56.20,1
vllm,long_output,549,81.57,14.90,364.64,20,54.85,1
vllm,long_output,550,84.38,14.03,954.24,63,66.02,1
vllm,long_output,551,92.71,14.16,970.42,63,64.92,1
vllm,long_output,552,87.69,14.67,381.13,21,55.10,1
vllm,long_output,553,91.55,14.96,390.79,21,53.74,1
vllm,long_output,554,119.25,14.44,408.01,21,51.47,1
vllm,long_output,555,77.53,14.86,389.49,22,56.48,1
vllm,long_output,556,77.24,15.02,392.67,22,56.03,1
vllm,long_output,557,105.46,14.29,405.51,22,54.25,1
vllm,long_output,558,62.83,14.98,392.49,23,58.60,1
vllm,long_output,559,79.22,15.23,414.22,23,55.53,1
vllm,long_output,560,78.84,15.48,419.40,23,54.84,1
vllm,long_output,561,89.43,14.30,975.97,63,64.55,1
vllm,long_output,562,87.78,14.45,420.10,24,57.13,1
vllm,long_output,563,69.51,15.35,422.50,24,56.80,1
vllm,long_output,564,73.02,14.35,977.17,64,65.49,1
vllm,long_output,565,89.04,14.38,994.81,64,64.33,1
vllm,long_output,566,82.22,15.35,435.18,24,55.15,1
vllm,long_output,567,69.63,14.41,991.61,65,65.55,1
vllm,long_output,568,101.14,14.37,1006.48,64,63.59,1
vllm,long_output,569,87.64,14.23,998.17,65,65.12,1
vllm,long_output,570,95.01,14.32,1011.30,65,64.27,1
vllm,long_output,571,72.54,15.49,444.34,25,56.26,1
vllm,long_output,572,68.10,15.67,444.16,25,56.29,1
vllm,long_output,573,81.47,14.31,1011.38,66,65.26,1
vllm,long_output,574,83.96,14.06,997.69,66,66.15,1
vllm,long_output,575,89.19,14.10,1005.76,66,65.62,1
vllm,long_output,576,71.72,15.53,444.45,25,56.25,1
vllm,long_output,577,61.78,15.56,450.74,26,57.68,1
vllm,long_output,578,61.42,15.52,449.45,26,57.85,1
vllm,long_output,579,86.62,14.15,1020.38,67,65.66,1
vllm,long_output,580,82.31,14.22,1021.05,67,65.62,1
vllm,long_output,581,57.81,15.52,461.32,27,58.53,1
vllm,long_output,582,82.26,15.64,473.18,26,54.95,1
vllm,long_output,583,63.07,15.51,466.35,27,57.90,1
vllm,long_output,584,68.56,16.13,487.81,27,55.35,1
vllm,long_output,585,55.62,15.87,484.18,28,57.83,1
vllm,long_output,586,58.23,15.90,487.47,28,57.44,1
vllm,long_output,587,73.71,16.04,506.76,28,55.25,1
vllm,long_output,588,69.69,15.97,516.79,29,56.12,1
vllm,long_output,589,69.29,15.91,514.76,29,56.34,1
vllm,long_output,590,92.82,16.10,543.74,29,53.33,1
vllm,long_output,591,95.98,15.90,557.12,30,53.85,1
vllm,long_output,592,121.25,14.92,554.02,30,54.15,1
vllm,long_output,593,99.68,15.86,559.56,30,53.61,1
vllm,long_output,594,80.56,15.80,554.47,31,55.91,1
vllm,long_output,595,88.10,15.72,559.81,31,55.38,1
vllm,long_output,596,102.44,15.96,581.38,31,53.32,1
vllm,long_output,597,82.87,15.41,560.65,32,57.08,1
vllm,long_output,598,84.53,16.07,582.84,32,54.90,1
vllm,long_output,599,117.76,15.71,604.66,32,52.92,1
vllm,long_output,600,81.84,15.41,590.35,34,57.59,1
vllm,long_output,601,97.32,15.93,607.00,33,54.37,1
vllm,long_output,602,97.48,15.37,604.70,34,56.23,1
vllm,long_output,603,89.65,15.64,605.75,34,56.13,1
vllm,long_output,604,159.27,15.19,645.36,33,51.13,1
vllm,long_output,605,162.93,15.19,648.92,33,50.85,1
vllm,long_output,606,86.82,15.83,625.03,35,56.00,1
vllm,long_output,607,87.69,15.65,619.76,35,56.47,1
vllm,long_output,608,83.56,15.28,618.28,36,58.23,1
vllm,long_output,609,80.78,15.49,623.01,36,57.78,1
vllm,long_output,610,84.37,15.62,631.13,36,57.04,1
vllm,long_output,611,121.17,15.46,646.75,35,54.12,1
vllm,long_output,612,111.22,14.56,635.51,37,58.22,1
vllm,long_output,613,104.46,14.89,640.53,37,57.76,1
vllm,long_output,614,93.25,15.17,639.53,37,57.86,1
vllm,long_output,615,73.53,14.83,622.26,38,61.07,1
vllm,long_output,616,83.52,15.15,644.01,38,59.01,1
vllm,long_output,617,87.29,14.85,636.80,38,59.67,1
vllm,long_output,618,68.43,14.97,637.42,39,61.18,1
vllm,long_output,619,71.93,15.04,643.51,39,60.61,1
vllm,long_output,620,72.71,15.12,647.19,39,60.26,1
vllm,long_output,621,71.94,14.84,650.83,40,61.46,1
vllm,long_output,622,58.55,15.29,654.74,40,61.09,1
vllm,long_output,623,79.54,15.36,678.48,40,58.96,1
vllm,long_output,624,59.26,15.43,676.56,41,60.60,1
vllm,long_output,625,76.58,15.39,692.03,41,59.25,1
vllm,long_output,626,53.72,15.87,688.63,41,59.54,1
vllm,long_output,627,94.38,14.92,705.95,42,59.49,1
vllm,long_output,628,70.84,15.06,703.17,43,61.15,1
vllm,long_output,629,97.38,15.33,726.11,42,57.84,1
vllm,long_output,630,89.56,15.66,731.50,42,57.42,1
vllm,long_output,631,101.30,14.93,728.16,43,59.05,1
vllm,long_output,632,91.01,15.17,728.27,43,59.04,1
vllm,long_output,633,77.32,15.19,730.62,44,60.22,1
vllm,long_output,634,69.01,15.03,730.53,45,61.60,1
vllm,long_output,635,85.94,15.15,737.22,44,59.68,1
vllm,long_output,636,73.57,15.00,733.53,45,61.35,1
vllm,long_output,637,95.09,15.11,760.02,45,59.21,1
vllm,long_output,638,114.45,15.49,780.71,44,56.36,1
vllm,long_output,639,68.69,14.90,739.34,46,62.22,1
vllm,long_output,640,68.57,15.05,745.79,46,61.68,1
vllm,long_output,641,72.64,15.05,749.99,46,61.33,1
vllm,long_output,642,65.70,15.14,762.17,47,61.67,1
vllm,long_output,643,72.14,15.05,764.34,47,61.49,1
vllm,long_output,644,77.33,15.06,770.02,47,61.04,1
vllm,long_output,645,73.92,15.16,786.23,48,61.05,1
vllm,long_output,646,70.91,15.28,789.20,48,60.82,1
vllm,long_output,647,68.34,15.30,787.46,48,60.96,1
vllm,long_output,648,52.91,15.01,773.54,49,63.35,1
vllm,long_output,649,79.18,14.87,792.99,49,61.79,1
vllm,long_output,650,61.20,14.83,179.86,9,50.04,1
vllm,long_output,651,71.94,15.61,821.42,49,59.65,1
vllm,long_output,652,48.91,14.91,779.30,50,64.16,1
vllm,long_output,653,51.71,14.90,781.85,50,63.95,1
vllm,long_output,654,65.39,15.22,187.14,9,48.09,1
vllm,long_output,655,74.41,17.36,213.30,9,42.19,1
vllm,long_output,656,56.89,14.58,188.11,10,53.16,1
vllm,long_output,657,63.12,15.62,203.67,10,49.10,1
vllm,long_output,658,50.87,15.79,824.71,50,60.63,1
vllm,long_output,659,67.31,15.21,204.16,10,48.98,1
vllm,long_output,660,44.90,15.41,815.25,51,62.56,1
vllm,long_output,661,82.69,14.69,229.56,11,47.92,1
vllm,long_output,662,59.56,15.47,833.26,51,61.21,1
vllm,long_output,663,61.52,14.31,204.58,11,53.77,1
vllm,long_output,664,63.59,14.82,819.64,52,63.44,1
vllm,long_output,665,76.44,19.01,266.51,11,41.27,1
vllm,long_output,666,121.40,14.59,851.06,51,59.93,1
vllm,long_output,667,111.33,14.66,859.07,52,60.53,1
vllm,long_output,668,107.60,14.73,858.66,52,60.56,1
vllm,long_output,669,94.17,14.61,853.70,53,62.08,1
vllm,long_output,670,72.96,14.80,842.45,53,62.91,1
vllm,long_output,671,95.99,14.01,250.05,12,47.99,1
vllm,long_output,672,86.80,15.12,873.26,53,60.69,1
vllm,long_output,673,76.13,14.18,827.61,54,65.25,1
vllm,long_output,674,70.98,14.63,846.61,54,63.78,1
vllm,long_output,675,85.19,14.64,260.86,13,49.84,1
vllm,long_output,676,78.23,14.43,857.36,55,64.15,1
vllm,long_output,677,125.58,14.48,284.83,12,42.13,1
vllm,long_output,678,90.44,14.48,872.37,55,63.05,1
vllm,long_output,679,134.08,11.25,269.02,13,48.32,1
vllm,long_output,680,94.61,15.31,906.02,54,59.60,1
vllm,long_output,681,133.44,15.61,305.13,12,39.33,1
vllm,long_output,682,80.54,15.93,271.73,13,47.84,1
vllm,long_output,683,84.15,14.42,862.85,55,63.74,1
vllm,long_output,684,83.79,14.47,879.69,56,63.66,1
vllm,long_output,685,97.41,14.22,282.21,14,49.61,1
vllm,long_output,686,84.23,14.24,867.69,56,64.54,1
vllm,long_output,687,132.91,12.74,298.55,14,46.89,1
vllm,long_output,688,72.34,14.94,893.97,56,62.64,1
vllm,long_output,689,91.18,14.35,894.97,57,63.69,1
vllm,long_output,690,138.82,13.71,317.05,14,44.16,1
vllm,long_output,691,108.48,14.00,892.61,57,63.86,1
vllm,long_output,692,83.53,14.58,900.20,57,63.32,1
vllm,long_output,693,84.50,13.93,878.64,58,66.01,1
vllm,long_output,694,80.17,15.26,293.85,15,51.05,1
vllm,long_output,695,97.88,13.91,890.86,58,65.11,1
vllm,long_output,696,81.37,14.25,893.69,58,64.90,1
vllm,long_output,697,97.51,13.71,892.62,59,66.10,1
vllm,long_output,698,82.16,14.14,902.45,59,65.38,1
vllm,long_output,699,84.60,14.25,911.09,59,64.76,1
vllm,long_output,700,162.88,14.09,360.20,15,41.64,1
vllm,long_output,701,123.33,14.93,332.37,15,45.13,1
vllm,long_output,702,64.16,13.86,881.84,60,68.04,1
vllm,long_output,703,72.08,13.70,880.21,60,68.17,1
vllm,long_output,704,114.04,13.60,318.06,16,50.31,1
vllm,long_output,705,68.14,13.75,892.85,61,68.32,1
vllm,long_output,706,64.51,14.16,899.75,60,66.69,1
vllm,long_output,707,105.87,14.22,333.39,17,50.99,1
vllm,long_output,708,57.36,13.88,890.37,61,68.51,1
vllm,long_output,709,57.05,13.89,890.39,61,68.51,1
vllm,long_output,710,84.78,14.36,314.50,17,54.05,1
vllm,long_output,711,197.85,12.07,378.91,16,42.23,1
vllm,long_output,712,158.27,14.52,376.06,16,42.55,1
vllm,long_output,713,142.92,13.55,359.72,17,47.26,1
vllm,long_output,714,108.54,14.49,354.95,18,50.71,1
vllm,long_output,715,53.07,14.06,910.78,62,68.07,1
vllm,long_output,716,79.03,13.71,915.55,62,67.72,1
vllm,long_output,717,128.30,14.53,375.28,18,47.96,1
vllm,long_output,718,108.46,14.06,361.48,19,52.56,1
vllm,long_output,719,123.91,14.63,372.62,18,48.31,1
vllm,long_output,720,69.27,13.91,918.05,62,67.53,1
vllm,long_output,721,71.37,13.88,931.68,63,67.62,1
vllm,long_output,722,118.89,14.79,399.98,20,50.00,1
vllm,long_output,723,75.11,13.96,940.89,63,66.96,1
vllm,long_output,724,71.24,13.98,937.96,63,67.17,1
vllm,long_output,725,116.50,14.93,400.10,20,49.99,1
vllm,long_output,726,65.48,13.90,941.26,64,67.99,1
vllm,long_output,727,158.99,14.95,428.09,19,44.38,1
vllm,long_output,728,55.39,14.08,942.30,64,67.92,1
vllm,long_output,729,139.02,14.46,413.75,20,48.34,1
vllm,long_output,730,182.08,16.39,477.17,19,39.82,1
vllm,long_output,731,86.59,13.70,949.87,64,67.38,1
vllm,long_output,732,72.61,13.61,943.42,65,68.90,1
vllm,long_output,733,79.07,13.62,951.02,65,68.35,1
vllm,long_output,734,119.57,15.20,423.64,21,49.57,1
vllm,long_output,735,77.25,13.87,965.00,65,67.36,1
vllm,long_output,736,113.13,14.42,416.02,22,52.88,1
vllm,long_output,737,60.75,13.74,954.12,66,69.17,1
vllm,long_output,738,135.75,15.35,442.74,21,47.43,1
vllm,long_output,739,78.04,14.78,417.90,24,57.43,1
vllm,long_output,740,170.42,15.07,471.80,21,44.51,1
vllm,long_output,741,110.44,15.42,449.79,23,51.14,1
vllm,long_output,742,75.63,13.60,959.50,66,68.79,1
vllm,long_output,743,80.07,13.68,969.53,66,68.07,1
vllm,long_output,744,152.88,15.22,472.40,22,46.57,1
vllm,long_output,745,70.75,13.58,967.08,67,69.28,1
vllm,long_output,746,65.37,13.64,965.40,67,69.40,1
vllm,long_output,747,96.13,14.69,434.07,24,55.29,1
vllm,long_output,748,131.28,15.59,474.30,23,48.49,1
vllm,long_output,749,160.13,15.38,498.38,23,46.15,1
vllm,long_output,750,191.26,15.54,517.69,22,42.50,1
vllm,long_output,751,105.91,15.19,470.55,25,53.13,1
vllm,long_output,752,159.77,16.34,535.57,24,44.81,1
vllm,long_output,753,99.82,16.91,505.70,25,49.44,1
vllm,long_output,754,83.70,16.44,494.69,26,52.56,1
vllm,long_output,755,118.89,16.49,514.55,25,48.59,1
vllm,long_output,756,122.82,16.66,539.34,26,48.21,1
vllm,long_output,757,131.82,16.23,537.60,26,48.36,1
vllm,long_output,758,128.71,16.67,562.19,27,48.03,1
vllm,long_output,759,137.21,16.16,557.28,27,48.45,1
vllm,long_output,760,149.74,16.35,574.96,27,46.96,1
vllm,long_output,761,136.98,16.22,574.86,28,48.71,1
vllm,long_output,762,104.22,16.25,559.21,29,51.86,1
vllm,long_output,763,119.15,15.99,566.93,29,51.15,1
vllm,long_output,764,123.22,16.11,574.19,29,50.51,1
vllm,long_output,765,86.43,16.22,556.74,30,53.88,1
vllm,long_output,766,169.07,16.07,603.06,28,46.43,1
vllm,long_output,767,107.91,16.45,585.04,30,51.28,1
vllm,long_output,768,170.65,16.25,609.40,28,45.95,1
vllm,long_output,769,93.35,16.05,574.78,31,53.93,1
vllm,long_output,770,131.73,15.95,594.17,30,50.49,1
vllm,long_output,771,119.47,15.93,597.39,31,51.89,1
vllm,long_output,772,87.18,16.34,593.78,32,53.89,1
vllm,long_output,773,113.92,16.08,596.20,31,52.00,1
vllm,long_output,774,110.35,16.03,607.31,32,52.69,1
vllm,long_output,775,97.41,16.01,593.86,32,53.88,1
vllm,long_output,776,71.46,16.08,586.04,33,56.31,1
vllm,long_output,777,81.54,16.21,600.11,33,54.99,1
vllm,long_output,778,75.86,16.00,587.98,33,56.12,1
vllm,long_output,779,74.39,15.86,597.67,34,56.89,1
vllm,long_output,780,76.20,15.46,586.44,34,57.98,1
vllm,long_output,781,66.44,15.78,587.07,34,57.92,1
vllm,long_output,782,64.89,15.57,594.36,35,58.89,1
vllm,long_output,783,58.85,15.75,594.26,35,58.90,1
vllm,long_output,784,66.28,15.68,599.48,35,58.38,1
vllm,long_output,785,70.25,15.61,616.50,36,58.39,1
vllm,long_output,786,80.27,16.27,649.76,36,55.41,1
vllm,long_output,787,86.02,16.27,655.63,36,54.91,1
vllm,long_output,788,88.15,15.91,660.97,37,55.98,1
vllm,long_output,789,96.40,15.75,663.25,37,55.79,1
vllm,long_output,790,93.08,15.62,671.08,38,56.63,1
vllm,long_output,791,96.92,16.29,683.37,37,54.14,1
vllm,long_output,792,80.62,15.74,662.93,38,57.32,1
vllm,long_output,793,76.21,15.89,680.09,39,57.35,1
vllm,long_output,794,130.74,15.70,711.47,38,53.41,1
vllm,long_output,795,65.22,15.67,676.43,40,59.13,1
vllm,long_output,796,101.85,15.55,692.76,39,56.30,1
vllm,long_output,797,91.00,15.58,682.88,39,57.11,1
vllm,long_output,798,89.55,15.62,698.66,40,57.25,1
vllm,long_output,799,89.50,15.77,704.50,40,56.78,1
vllm,long_output,800,72.92,15.56,695.32,41,58.97,1
vllm,long_output,801,67.68,15.58,691.00,41,59.33,1
vllm,long_output,802,91.51,15.40,707.48,41,57.95,1
vllm,long_output,803,107.15,15.25,732.38,42,57.35,1
vllm,long_output,804,120.08,15.37,750.26,42,55.98,1
vllm,long_output,805,127.77,15.30,755.16,42,55.62,1
vllm,long_output,806,103.86,15.35,748.69,43,57.43,1
vllm,long_output,807,115.27,15.07,748.21,43,57.47,1
vllm,long_output,808,98.29,15.62,754.18,43,57.02,1
vllm,long_output,809,98.74,15.06,746.27,44,58.96,1
vllm,long_output,810,102.91,14.97,746.64,44,58.93,1
vllm,long_output,811,85.09,15.48,750.62,44,58.62,1
vllm,long_output,812,89.55,14.93,746.34,45,60.29,1
vllm,long_output,813,99.10,14.91,755.13,45,59.59,1
vllm,long_output,814,83.32,15.07,746.43,45,60.29,1
vllm,long_output,815,81.85,14.76,746.07,46,61.66,1
vllm,long_output,816,72.50,15.41,766.01,46,60.05,1
vllm,long_output,817,79.25,15.49,776.36,46,59.25,1
vllm,long_output,818,59.50,15.66,779.69,47,60.28,1
vllm,long_output,819,65.31,15.79,791.54,47,59.38,1
vllm,long_output,820,60.43,15.61,778.40,47,60.38,1
vllm,long_output,821,60.57,15.45,786.65,48,61.02,1
vllm,long_output,822,57.00,15.44,782.49,48,61.34,1
vllm,long_output,823,62.69,15.47,789.77,48,60.78,1
vllm,long_output,824,55.92,15.40,795.32,49,61.61,1
vllm,long_output,825,49.86,15.44,791.06,49,61.94,1
vllm,long_output,826,51.77,15.39,790.72,49,61.97,1
vllm,long_output,827,53.50,15.25,800.57,50,62.46,1
vllm,long_output,828,44.38,15.25,166.36,9,54.10,1
vllm,long_output,829,43.48,14.96,163.14,9,55.17,1
vllm,long_output,830,54.24,15.48,812.72,50,61.52,1
vllm,long_output,831,50.56,15.59,814.67,50,61.37,1
vllm,long_output,832,62.21,14.31,176.69,9,50.94,1
vllm,long_output,833,56.33,14.39,185.82,10,53.81,1
vllm,long_output,834,72.21,15.04,824.30,51,61.87,1
vllm,long_output,835,77.34,15.04,829.51,51,61.48,1
vllm,long_output,836,69.91,15.18,828.73,51,61.54,1
vllm,long_output,837,63.89,14.93,825.35,52,63.00,1
vllm,long_output,838,48.96,14.48,179.31,10,55.77,1
vllm,long_output,839,48.35,14.80,181.51,10,55.09,1
vllm,long_output,840,68.38,15.13,839.83,52,61.92,1
vllm,long_output,841,42.52,15.33,195.83,11,56.17,1
vllm,long_output,842,93.36,15.11,863.82,52,60.20,1
vllm,long_output,843,42.50,15.51,197.59,11,55.67,1
vllm,long_output,844,44.81,15.15,196.27,11,56.05,1
vllm,long_output,845,101.29,14.92,877.01,53,60.43,1
vllm,long_output,846,80.96,14.82,866.56,54,62.32,1
vllm,long_output,847,116.15,14.83,887.25,53,59.73,1
vllm,long_output,848,98.56,14.86,871.35,53,60.83,1
vllm,long_output,849,45.02,14.90,208.94,12,57.43,1
vllm,long_output,850,81.87,14.95,874.27,54,61.77,1
vllm,long_output,851,73.71,15.00,868.65,54,62.17,1
vllm,long_output,852,44.76,15.22,212.21,12,56.55,1
vllm,long_output,853,71.16,14.80,870.46,55,63.19,1
vllm,long_output,854,65.31,14.71,859.43,55,64.00,1
vllm,long_output,855,62.73,14.72,857.63,55,64.13,1
vllm,long_output,856,62.52,14.68,870.02,56,64.37,1
vllm,long_output,857,67.03,14.61,870.78,56,64.31,1
vllm,long_output,858,85.08,14.33,242.70,12,49.44,1
vllm,long_output,859,65.19,14.74,876.16,56,63.92,1
vllm,long_output,860,73.56,14.94,252.82,13,51.42,1
vllm,long_output,861,63.78,14.70,887.20,57,64.25,1
vllm,long_output,862,72.61,15.43,257.73,13,50.44,1
vllm,long_output,863,62.63,15.78,252.04,13,51.58,1
vllm,long_output,864,55.90,14.97,250.46,14,55.90,1
vllm,long_output,865,52.73,14.46,240.66,14,58.17,1
vllm,long_output,866,57.56,14.60,875.16,57,65.13,1
vllm,long_output,867,77.09,14.15,261.01,14,53.64,1
vllm,long_output,868,61.09,14.57,265.10,15,56.58,1
vllm,long_output,869,74.90,14.07,271.93,15,55.16,1
vllm,long_output,870,58.99,14.97,268.55,15,55.86,1
vllm,long_output,871,59.15,14.10,270.59,16,59.13,1
vllm,long_output,872,53.90,14.79,275.71,16,58.03,1
vllm,long_output,873,70.53,14.47,287.59,16,55.63,1
vllm,long_output,874,63.92,14.77,890.95,57,63.98,1
vllm,long_output,875,47.27,15.19,290.31,17,58.56,1
vllm,long_output,876,58.35,14.79,901.64,58,64.33,1
vllm,long_output,877,58.11,15.06,298.99,17,56.86,1
vllm,long_output,878,55.48,14.60,289.03,17,58.82,1
vllm,long_output,879,43.66,14.73,294.00,18,61.22,1
vllm,long_output,880,82.27,14.64,916.63,58,63.28,1
vllm,long_output,881,87.93,14.55,917.26,58,63.23,1
vllm,long_output,882,77.38,14.51,918.88,59,64.21,1
vllm,long_output,883,68.17,14.56,912.52,59,64.66,1
vllm,long_output,884,72.42,14.75,927.75,59,63.59,1
vllm,long_output,885,60.40,14.86,313.09,18,57.49,1
vllm,long_output,886,64.57,14.89,317.70,18,56.66,1
vllm,long_output,887,56.31,15.09,327.92,19,57.94,1
vllm,long_output,888,79.73,14.28,922.17,60,65.06,1
vllm,long_output,889,78.59,14.71,343.36,19,55.34,1
vllm,long_output,890,85.64,14.49,346.54,19,54.83,1
vllm,long_output,891,65.09,14.16,334.15,20,59.85,1
vllm,long_output,892,69.88,14.56,929.06,60,64.58,1
vllm,long_output,893,67.16,14.41,931.49,61,65.49,1
vllm,long_output,894,85.83,14.50,941.61,60,63.72,1
vllm,long_output,895,70.49,14.43,936.06,61,65.17,1
vllm,long_output,896,87.70,13.83,350.54,20,57.05,1
vllm,long_output,897,75.20,14.80,356.48,20,56.10,1
vllm,long_output,898,68.90,13.48,338.56,21,62.03,1
vllm,long_output,899,52.96,14.76,348.17,21,60.32,1
vllm,long_output,900,67.46,14.69,361.30,21,58.12,1
vllm,long_output,901,80.51,14.41,945.09,61,64.54,1
vllm,long_output,902,75.09,14.24,943.80,62,65.69,1
vllm,long_output,903,68.05,14.29,939.56,62,65.99,1
vllm,long_output,904,84.38,14.32,957.94,62,64.72,1
vllm,long_output,905,53.35,14.68,361.60,22,60.84,1
vllm,long_output,906,71.22,14.24,954.22,63,66.02,1
vllm,long_output,907,58.62,14.98,373.15,22,58.96,1
vllm,long_output,908,53.15,14.86,365.25,22,60.23,1
vllm,long_output,909,50.87,14.87,378.09,23,60.83,1
vllm,long_output,910,47.10,15.04,378.02,23,60.84,1
vllm,long_output,911,74.82,15.68,419.75,23,54.80,1
vllm,long_output,912,75.45,14.89,998.79,63,63.08,1
vllm,long_output,913,83.64,15.12,431.50,24,55.62,1
vllm,long_output,914,75.42,15.57,433.60,24,55.35,1
vllm,long_output,915,81.09,14.51,995.45,64,64.29,1
vllm,long_output,916,83.20,14.80,1001.06,63,62.93,1
vllm,long_output,917,68.53,15.28,435.29,25,57.43,1
vllm,long_output,918,88.62,15.44,443.83,24,54.08,1
vllm,long_output,919,57.47,15.63,432.61,25,57.79,1
vllm,long_output,920,117.60,14.14,1008.14,64,63.48,1
vllm,long_output,921,114.53,14.27,1013.47,64,63.15,1
vllm,long_output,922,112.13,14.05,1011.62,65,64.25,1
vllm,long_output,923,69.07,15.48,440.67,25,56.73,1
vllm,long_output,924,101.75,14.17,1008.74,65,64.44,1
vllm,long_output,925,51.42,14.98,425.96,26,61.04,1
vllm,long_output,926,99.30,14.35,1017.82,65,63.86,1
vllm,long_output,927,59.62,14.76,428.59,26,60.66,1
vllm,long_output,928,100.44,14.28,1028.86,66,64.15,1
vllm,long_output,929,55.32,15.30,437.73,26,59.40,1
vllm,long_output,930,52.42,14.79,436.92,27,61.80,1
vllm,long_output,931,98.90,14.02,1010.00,66,65.35,1
vllm,long_output,932,101.36,14.16,1022.05,66,64.58,1
vllm,long_output,933,90.19,13.93,1009.38,67,66.38,1
vllm,long_output,934,112.25,13.85,1026.10,67,65.30,1
vllm,long_output,935,58.57,15.07,450.45,27,59.94,1
vllm,long_output,936,72.21,14.93,460.37,27,58.65,1
vllm,long_output,937,52.50,15.21,463.14,28,60.46,1
vllm,long_output,938,63.51,16.00,495.52,28,56.51,1
vllm,long_output,939,59.63,16.27,498.83,28,56.13,1
vllm,long_output,940,50.79,15.92,496.48,29,58.41,1
vllm,long_output,941,65.30,15.82,508.25,29,57.06,1
vllm,long_output,942,67.34,15.81,510.16,29,56.85,1
vllm,long_output,943,49.59,15.81,508.05,30,59.05,1
vllm,long_output,944,48.49,15.91,509.81,30,58.85,1
vllm,long_output,945,52.31,15.88,512.95,30,58.49,1
vllm,long_output,946,76.60,15.35,537.13,31,57.71,1
vllm,long_output,947,69.06,15.46,532.88,31,58.17,1
vllm,long_output,948,87.42,15.24,544.60,31,56.92,1
vllm,long_output,949,63.69,15.40,541.02,32,59.15,1
vllm,long_output,950,72.22,15.11,540.57,32,59.20,1
vllm,long_output,951,65.73,15.22,537.52,32,59.53,1
vllm,long_output,952,84.60,14.78,557.53,33,59.19,1
vllm,long_output,953,102.48,14.56,568.51,33,58.05,1
vllm,long_output,954,92.48,14.63,560.56,33,58.87,1
vllm,long_output,955,87.63,14.48,565.58,34,60.12,1
vllm,long_output,956,84.01,14.41,559.40,34,60.78,1
vllm,long_output,957,80.70,14.72,566.32,34,60.04,1
vllm,long_output,958,78.15,14.35,565.95,35,61.84,1
vllm,long_output,959,69.80,14.57,565.17,35,61.93,1
vllm,long_output,960,94.61,14.19,576.95,35,60.66,1
vllm,long_output,961,80.88,14.33,582.39,36,61.81,1
vllm,long_output,962,108.37,13.81,591.86,36,60.82,1
vllm,long_output,963,92.42,14.09,585.56,36,61.48,1
vllm,long_output,964,67.36,14.14,576.31,37,64.20,1
vllm,long_output,965,94.95,13.76,590.19,37,62.69,1
vllm,long_output,966,89.81,14.03,594.72,37,62.21,1
vllm,long_output,967,85.95,13.79,596.15,38,63.74,1
vllm,long_output,968,73.36,13.90,587.69,38,64.66,1
vllm,long_output,969,68.87,13.89,582.73,38,65.21,1
vllm,long_output,970,66.67,13.80,591.21,39,65.97,1
vllm,long_output,971,74.11,13.63,591.96,39,65.88,1
vllm,long_output,972,65.30,13.74,587.41,39,66.39,1
vllm,long_output,973,52.81,13.57,582.20,40,68.71,1
vllm,long_output,974,55.49,13.48,581.08,40,68.84,1
vllm,long_output,975,86.57,13.56,615.40,40,65.00,1
vllm,long_output,976,74.49,13.48,613.56,41,66.82,1
vllm,long_output,977,109.16,13.30,641.20,41,63.94,1
vllm,long_output,978,99.96,13.38,635.13,41,64.55,1
vllm,long_output,979,96.82,13.29,641.61,42,65.46,1
vllm,long_output,980,107.03,13.30,652.33,42,64.38,1
vllm,long_output,981,91.68,13.18,645.32,43,66.63,1
vllm,long_output,982,92.73,13.27,649.93,43,66.16,1
vllm,long_output,983,132.76,12.82,658.34,42,63.80,1
vllm,long_output,984,118.44,12.80,656.19,43,65.53,1
vllm,long_output,985,78.50,13.02,651.49,45,69.07,1
vllm,long_output,986,106.09,12.93,661.89,44,66.48,1
vllm,long_output,987,103.88,12.79,653.77,44,67.30,1
vllm,long_output,988,66.83,13.19,647.38,45,69.51,1
vllm,long_output,989,138.82,12.24,665.02,44,66.16,1
vllm,long_output,990,95.79,12.80,659.19,45,68.27,1
vllm,long_output,991,80.37,12.66,649.99,46,70.77,1
vllm,long_output,992,108.32,12.32,662.83,46,69.40,1
vllm,long_output,993,102.35,12.33,657.37,46,69.98,1
vllm,long_output,994,103.60,12.07,658.90,47,71.33,1
vllm,long_output,995,95.52,12.08,651.24,47,72.17,1
vllm,long_output,996,99.57,12.27,663.92,47,70.79,1
vllm,long_output,997,85.18,12.08,652.73,48,73.54,1
vllm,long_output,998,90.60,12.11,659.81,48,72.75,1
vllm,long_output,999,80.62,12.14,651.22,48,73.71,1
sglang,few_shot,0,868.63,0.00,873.42,1,1.14,1
sglang,few_shot,1,895.13,0.00,920.47,1,1.09,1
sglang,few_shot,2,858.77,0.00,868.95,1,1.15,1
sglang,few_shot,3,836.40,0.00,855.65,1,1.17,1
sglang,few_shot,4,837.82,0.00,848.23,1,1.18,1
sglang,few_shot,5,884.21,0.00,899.22,1,1.11,1
sglang,few_shot,6,886.83,0.00,918.55,1,1.09,1
sglang,few_shot,7,867.17,0.00,888.09,1,1.13,1
sglang,few_shot,8,842.69,0.00,867.70,1,1.15,1
sglang,few_shot,9,366.02,0.00,939.86,1,1.06,1
sglang,few_shot,10,873.29,0.00,905.89,1,1.10,1
sglang,few_shot,11,853.03,0.00,853.27,1,1.17,1
sglang,few_shot,12,895.97,0.00,936.33,1,1.07,1
sglang,few_shot,13,378.02,0.00,955.53,1,1.05,1
sglang,few_shot,14,845.49,5.11,850.59,2,2.35,1
sglang,few_shot,15,856.72,15.07,871.79,2,2.29,1
sglang,few_shot,16,890.38,0.00,914.80,1,1.09,1
sglang,few_shot,17,902.55,0.00,945.02,1,1.06,1
sglang,few_shot,18,836.07,0.00,871.53,1,1.15,1
sglang,few_shot,19,863.50,0.00,910.72,1,1.10,1
sglang,few_shot,20,852.47,0.00,896.77,1,1.12,1
sglang,few_shot,21,830.63,0.00,872.91,1,1.15,1
sglang,few_shot,22,860.90,4.51,865.41,2,2.31,1
sglang,few_shot,23,897.19,48.22,945.40,2,2.12,1
sglang,few_shot,24,844.77,0.00,893.18,1,1.12,1
sglang,few_shot,25,841.45,37.96,879.41,2,2.27,1
sglang,few_shot,26,899.36,0.00,957.80,1,1.04,1
sglang,few_shot,27,897.27,55.59,952.86,2,2.10,1
sglang,few_shot,28,884.83,59.91,944.73,2,2.12,1
sglang,few_shot,29,371.09,0.00,972.28,1,1.03,1
sglang,few_shot,30,902.94,19.09,922.03,2,2.17,1
sglang,few_shot,31,904.14,0.00,913.88,1,1.09,1
sglang,few_shot,32,904.69,0.00,923.00,1,1.08,1
sglang,few_shot,33,365.11,609.28,974.39,2,2.05,1
sglang,few_shot,34,869.15,0.00,936.07,1,1.07,1
sglang,few_shot,35,862.43,68.60,931.04,2,2.15,1
sglang,few_shot,36,907.51,12.92,920.43,2,2.17,1
sglang,few_shot,37,886.72,69.26,955.98,2,2.09,1
sglang,few_shot,38,867.84,76.26,944.10,2,2.12,1
sglang,few_shot,39,880.85,78.20,959.05,2,2.09,1
sglang,few_shot,40,851.21,71.00,922.21,2,2.17,1
sglang,few_shot,41,905.03,5.20,910.23,2,2.20,1
sglang,few_shot,42,862.34,64.42,926.75,2,2.16,1
sglang,few_shot,43,892.67,0.00,982.06,1,1.02,1
sglang,few_shot,44,841.60,75.18,916.78,2,2.18,1
sglang,few_shot,45,958.10,5.30,963.40,2,2.08,1
sglang,few_shot,46,372.81,631.21,1004.02,2,1.99,1
sglang,few_shot,47,905.70,0.00,929.16,1,1.08,1
sglang,few_shot,48,921.44,47.22,968.66,2,2.06,1
sglang,few_shot,49,932.25,14.22,946.47,2,2.11,1
sglang,few_shot,50,919.65,68.67,988.32,2,2.02,1
sglang,few_shot,51,919.85,0.00,938.90,1,1.07,1
sglang,few_shot,52,898.76,87.52,986.28,2,2.03,1
sglang,few_shot,53,898.45,84.74,983.19,2,2.03,1
sglang,few_shot,54,376.38,640.68,1017.06,2,1.97,1
sglang,few_shot,55,879.90,52.86,932.77,2,2.14,1
sglang,few_shot,56,872.38,0.00,967.20,1,1.03,1
sglang,few_shot,57,878.75,86.52,965.28,2,2.07,1
sglang,few_shot,58,880.63,40.31,920.94,2,2.17,1
sglang,few_shot,59,372.87,644.19,1017.06,2,1.97,1
sglang,few_shot,60,853.99,83.49,937.48,2,2.13,1
sglang,few_shot,61,362.02,0.00,1009.44,1,0.99,1
sglang,few_shot,62,892.03,30.41,922.44,2,2.17,1
sglang,few_shot,63,924.00,0.00,958.95,1,1.04,1
sglang,few_shot,64,407.80,0.00,408.14,1,2.45,1
sglang,few_shot,65,361.27,0.00,366.47,1,2.73,1
sglang,few_shot,66,413.46,0.00,438.00,1,2.28,1
sglang,few_shot,67,406.35,0.00,430.01,1,2.33,1
sglang,few_shot,68,380.83,0.00,398.97,1,2.51,1
sglang,few_shot,69,352.54,0.00,362.34,1,2.76,1
sglang,few_shot,70,419.62,0.00,429.60,1,2.33,1
sglang,few_shot,71,419.17,0.00,424.38,1,2.36,1
sglang,few_shot,72,435.34,0.00,455.53,1,2.20,1
sglang,few_shot,73,408.90,0.00,413.66,1,2.42,1
sglang,few_shot,74,400.44,0.00,405.66,1,2.47,1
sglang,few_shot,75,413.28,0.00,450.00,1,2.22,1
sglang,few_shot,76,416.95,0.00,417.17,1,2.40,1
sglang,few_shot,77,415.39,0.00,420.26,1,2.38,1
sglang,few_shot,78,422.88,0.00,427.92,1,2.34,1
sglang,few_shot,79,385.58,0.00,390.83,1,2.56,1
sglang,few_shot,80,363.83,0.00,399.31,1,2.50,1
sglang,few_shot,81,388.78,0.00,434.69,1,2.30,1
sglang,few_shot,82,428.82,0.00,463.93,1,2.16,1
sglang,few_shot,83,409.15,0.00,455.13,1,2.20,1
sglang,few_shot,84,421.92,0.00,471.68,1,2.12,1
sglang,few_shot,85,441.42,0.00,477.05,1,2.10,1
sglang,few_shot,86,394.64,0.00,449.32,1,2.23,1
sglang,few_shot,87,399.43,0.00,450.07,1,2.22,1
sglang,few_shot,88,403.87,0.00,404.20,1,2.47,1
sglang,few_shot,89,468.48,0.00,482.50,1,2.07,1
sglang,few_shot,90,373.80,0.00,433.25,1,2.31,1
sglang,few_shot,91,413.67,0.00,418.60,1,2.39,1
sglang,few_shot,92,379.84,0.00,439.61,1,2.27,1
sglang,few_shot,93,416.60,0.00,424.43,1,2.36,1
sglang,few_shot,94,378.64,0.00,410.63,1,2.44,1
sglang,few_shot,95,391.90,0.00,458.71,1,2.18,1
sglang,few_shot,96,419.35,0.00,433.35,1,2.31,1
sglang,few_shot,97,386.61,53.06,439.67,2,4.55,1
sglang,few_shot,98,387.27,62.89,450.17,2,4.44,1
sglang,few_shot,99,402.37,22.46,424.82,2,4.71,1
sglang,few_shot,100,390.35,32.90,423.25,2,4.73,1
sglang,few_shot,101,415.80,0.00,495.46,1,2.02,1
sglang,few_shot,102,378.66,83.11,461.78,2,4.33,1
sglang,few_shot,103,441.79,35.19,476.98,2,4.19,1
sglang,few_shot,104,369.93,52.17,422.10,2,4.74,1
sglang,few_shot,105,420.10,27.17,447.27,2,4.47,1
sglang,few_shot,106,403.89,88.05,491.94,2,4.07,1
sglang,few_shot,107,406.62,38.62,445.24,2,4.49,1
sglang,few_shot,108,424.80,71.54,496.34,2,4.03,1
sglang,few_shot,109,417.39,0.00,441.78,1,2.26,1
sglang,few_shot,110,405.88,71.49,477.37,2,4.19,1
sglang,few_shot,111,408.90,43.22,452.12,2,4.42,1
sglang,few_shot,112,443.42,0.00,507.02,1,1.97,1
sglang,few_shot,113,352.50,85.75,438.25,2,4.56,1
sglang,few_shot,114,364.22,71.64,435.86,2,4.59,1
sglang,few_shot,115,427.07,21.36,448.43,2,4.46,1
sglang,few_shot,116,442.55,0.00,454.94,1,2.20,1
sglang,few_shot,117,406.20,47.86,454.06,2,4.40,1
sglang,few_shot,118,348.34,100.77,449.11,2,4.45,1
sglang,few_shot,119,423.19,93.54,516.74,2,3.87,1
sglang,few_shot,120,409.52,97.56,507.08,2,3.94,1
sglang,few_shot,121,413.12,0.00,463.90,1,2.16,1
sglang,few_shot,122,397.82,89.36,487.17,2,4.11,1
sglang,few_shot,123,445.35,73.54,518.88,2,3.85,1
sglang,few_shot,124,401.29,101.32,502.62,2,3.98,1
sglang,few_shot,125,490.83,0.00,498.69,1,2.01,1
sglang,few_shot,126,409.15,110.93,520.09,2,3.85,1
sglang,few_shot,127,377.90,74.96,452.86,2,4.42,1
sglang,few_shot,128,131.99,0.00,207.60,1,4.82,1
sglang,few_shot,129,155.35,0.00,236.99,1,4.22,1
sglang,few_shot,130,163.84,0.00,179.67,1,5.57,1
sglang,few_shot,131,148.09,0.00,159.57,1,6.27,1
sglang,few_shot,132,155.95,0.00,195.59,1,5.11,1
sglang,few_shot,133,186.54,0.00,220.98,1,4.53,1
sglang,few_shot,134,166.27,0.00,195.42,1,5.12,1
sglang,few_shot,135,141.28,0.00,161.79,1,6.18,1
sglang,few_shot,136,132.60,29.89,162.48,2,12.31,1
sglang,few_shot,137,170.80,0.00,193.65,1,5.16,1
sglang,few_shot,138,141.13,51.60,192.73,2,10.38,1
sglang,few_shot,139,141.39,39.24,180.63,2,11.07,1
sglang,few_shot,140,196.24,0.00,242.23,1,4.13,1
sglang,few_shot,141,196.33,0.00,248.89,1,4.02,1
sglang,few_shot,142,171.16,50.05,221.21,2,9.04,1
sglang,few_shot,143,184.03,53.81,237.85,2,8.41,1
sglang,few_shot,144,168.03,0.00,224.79,1,4.45,1
sglang,few_shot,145,145.03,0.00,246.04,1,4.06,1
sglang,few_shot,146,163.90,0.00,217.41,1,4.60,1
sglang,few_shot,147,226.15,31.44,257.59,2,7.76,1
sglang,few_shot,148,144.07,0.00,195.68,1,5.11,1
sglang,few_shot,149,168.50,32.78,201.27,2,9.94,1
sglang,few_shot,150,162.43,0.00,205.64,1,4.86,1
sglang,few_shot,151,193.04,0.00,251.67,1,3.97,1
sglang,few_shot,152,207.58,0.00,269.88,1,3.71,1
sglang,few_shot,153,151.38,0.00,203.25,1,4.92,1
sglang,few_shot,154,143.33,0.00,187.82,1,5.32,1
sglang,few_shot,155,202.98,58.58,261.56,2,7.65,1
sglang,few_shot,156,136.53,45.82,182.36,2,10.97,1
sglang,few_shot,157,127.99,117.02,245.01,2,8.16,1
sglang,few_shot,158,158.67,75.46,234.13,2,8.54,1
sglang,few_shot,159,155.76,51.69,207.45,2,9.64,1
sglang,few_shot,160,213.65,41.54,255.19,2,7.84,1
sglang,few_shot,161,165.51,0.00,214.99,1,4.65,1
sglang,few_shot,162,215.63,0.00,272.40,1,3.67,1
sglang,few_shot,163,144.37,64.89,209.26,2,9.56,1
sglang,few_shot,164,182.49,72.14,254.63,2,7.85,1
sglang,few_shot,165,133.00,0.00,186.62,1,5.36,1
sglang,few_shot,166,140.11,0.00,206.41,1,4.84,1
sglang,few_shot,167,155.26,0.00,226.51,1,4.41,1
sglang,few_shot,168,160.25,0.00,235.58,1,4.24,1
sglang,few_shot,169,147.05,0.00,212.08,1,4.72,1
sglang,few_shot,170,179.01,38.04,255.10,3,11.76,0
sglang,few_shot,171,133.29,71.78,205.07,2,9.75,1
sglang,few_shot,172,154.82,0.00,286.27,1,3.49,1
sglang,few_shot,173,138.68,70.69,209.37,2,9.55,1
sglang,few_shot,174,175.46,0.00,242.83,1,4.12,1
sglang,few_shot,175,147.80,0.00,216.55,1,4.62,1
sglang,few_shot,176,131.71,73.53,205.24,2,9.74,1
sglang,few_shot,177,126.59,0.00,216.11,1,4.63,1
sglang,few_shot,178,145.17,77.50,222.67,2,8.98,1
sglang,few_shot,179,153.80,63.65,217.45,2,9.20,1
sglang,few_shot,180,200.36,72.49,272.85,2,7.33,1
sglang,few_shot,181,193.34,83.57,276.91,2,7.22,1
sglang,few_shot,182,130.96,0.00,210.53,1,4.75,1
sglang,few_shot,183,151.95,74.23,226.19,2,8.84,1
sglang,few_shot,184,142.56,97.89,240.45,2,8.32,1
sglang,few_shot,185,167.72,91.18,258.90,2,7.73,1
sglang,few_shot,186,156.40,0.00,252.09,1,3.97,1
sglang,few_shot,187,160.46,99.75,260.21,2,7.69,1
sglang,few_shot,188,137.39,179.98,317.37,2,6.30,1
sglang,few_shot,189,146.95,106.74,253.69,2,7.88,1
sglang,few_shot,190,176.03,95.16,271.19,2,7.38,1
sglang,few_shot,191,175.49,100.79,276.28,2,7.24,1
sglang,few_shot,192,135.35,0.00,217.34,1,4.60,1
sglang,few_shot,193,120.50,0.00,169.74,1,5.89,1
sglang,few_shot,194,90.91,0.00,173.35,1,5.77,1
sglang,few_shot,195,163.09,0.00,207.91,1,4.81,1
sglang,few_shot,196,135.35,0.00,185.96,1,5.38,1
sglang,few_shot,197,134.68,0.00,226.31,1,4.42,1
sglang,few_shot,198,127.62,0.00,186.84,1,5.35,1
sglang,few_shot,199,159.32,0.00,207.27,1,4.82,1
sglang,few_shot,200,146.92,0.00,205.97,1,4.86,1
sglang,few_shot,201,129.39,0.00,165.29,1,6.05,1
sglang,few_shot,202,151.75,0.00,209.63,1,4.77,1
sglang,few_shot,203,159.63,0.00,214.17,1,4.67,1
sglang,few_shot,204,136.18,0.00,171.62,1,5.83,1
sglang,few_shot,205,148.71,0.00,180.18,1,5.55,1
sglang,few_shot,206,161.37,63.11,224.49,2,8.91,1
sglang,few_shot,207,165.19,34.26,199.44,2,10.03,1
sglang,few_shot,208,136.76,43.14,179.90,2,11.12,1
sglang,few_shot,209,172.98,0.00,212.11,1,4.71,1
sglang,few_shot,210,173.86,0.00,240.63,1,4.16,1
sglang,few_shot,211,111.84,0.00,181.05,1,5.52,1
sglang,few_shot,212,130.13,51.17,181.30,2,11.03,1
sglang,few_shot,213,161.29,0.00,207.89,1,4.81,1
sglang,few_shot,214,186.74,0.00,238.40,1,4.19,1
sglang,few_shot,215,119.95,70.05,190.00,2,10.53,1
sglang,few_shot,216,149.09,0.00,203.76,1,4.91,1
sglang,few_shot,217,96.07,0.00,209.81,1,4.77,1
sglang,few_shot,218,136.55,0.00,218.12,1,4.58,1
sglang,few_shot,219,181.63,0.00,235.64,1,4.24,1
sglang,few_shot,220,180.85,74.64,255.50,2,7.83,1
sglang,few_shot,221,170.63,0.00,218.91,1,4.57,1
sglang,few_shot,222,145.05,0.00,229.54,1,4.36,1
sglang,few_shot,223,156.79,0.00,244.06,1,4.10,1
sglang,few_shot,224,106.31,147.53,253.84,2,7.88,1
sglang,few_shot,225,121.27,119.34,240.61,2,8.31,1
sglang,few_shot,226,125.53,0.00,205.57,1,4.86,1
sglang,few_shot,227,186.38,0.00,245.42,1,4.07,1
sglang,few_shot,228,83.75,125.06,208.81,2,9.58,1
sglang,few_shot,229,133.82,0.00,217.42,1,4.60,1
sglang,few_shot,230,141.83,62.18,204.01,2,9.80,1
sglang,few_shot,231,138.99,93.08,232.07,2,8.62,1
sglang,few_shot,232,130.93,131.18,262.11,2,7.63,1
sglang,few_shot,233,142.54,88.95,231.49,2,8.64,1
sglang,few_shot,234,162.33,67.73,230.06,2,8.69,1
sglang,few_shot,235,133.74,93.92,227.66,2,8.78,1
sglang,few_shot,236,157.70,0.00,222.78,1,4.49,1
sglang,few_shot,237,131.85,68.50,200.35,2,9.98,1
sglang,few_shot,238,138.17,0.00,214.47,1,4.66,1
sglang,few_shot,239,140.55,78.15,218.70,2,9.14,1
sglang,few_shot,240,127.54,137.09,264.63,2,7.56,1
sglang,few_shot,241,133.67,0.00,270.98,1,3.69,1
sglang,few_shot,242,131.64,0.00,210.97,1,4.74,1
sglang,few_shot,243,157.80,0.00,233.67,1,4.28,1
sglang,few_shot,244,172.48,0.00,253.03,1,3.95,1
sglang,few_shot,245,153.55,0.00,237.43,1,4.21,1
sglang,few_shot,246,122.27,109.14,231.41,2,8.64,1
sglang,few_shot,247,129.31,101.79,231.10,2,8.65,1
sglang,few_shot,248,171.91,0.00,253.92,1,3.94,1
sglang,few_shot,249,176.83,0.00,267.81,1,3.73,1
sglang,few_shot,250,143.70,0.00,293.32,1,3.41,1
sglang,few_shot,251,150.90,116.58,267.47,2,7.48,1
sglang,few_shot,252,167.22,0.00,280.12,1,3.57,1
sglang,few_shot,253,148.08,0.00,258.89,1,3.86,1
sglang,few_shot,254,124.23,99.47,223.70,2,8.94,1
sglang,few_shot,255,149.18,101.27,250.45,2,7.99,1
sglang,few_shot,256,142.73,0.00,209.09,1,4.78,1
sglang,few_shot,257,132.77,0.00,137.78,1,7.26,1
sglang,few_shot,258,115.59,0.00,188.19,1,5.31,1
sglang,few_shot,259,132.25,21.54,153.80,2,13.00,1
sglang,few_shot,260,144.74,0.00,164.01,1,6.10,1
sglang,few_shot,261,134.87,0.00,214.39,1,4.66,1
sglang,few_shot,262,92.66,104.74,197.40,2,10.13,1
sglang,few_shot,263,187.15,27.40,214.55,2,9.32,1
sglang,few_shot,264,181.87,10.28,192.15,2,10.41,1
sglang,few_shot,265,131.00,0.00,213.88,1,4.68,1
sglang,few_shot,266,143.53,0.00,168.04,1,5.95,1
sglang,few_shot,267,137.29,0.00,173.15,1,5.78,1
sglang,few_shot,268,166.02,28.34,194.35,2,10.29,1
sglang,few_shot,269,142.56,0.00,162.04,1,6.17,1
sglang,few_shot,270,189.31,0.00,194.46,1,5.14,1
sglang,few_shot,271,182.42,0.00,207.60,1,4.82,1
sglang,few_shot,272,161.89,15.90,193.68,3,15.49,1
sglang,few_shot,273,157.22,0.00,206.09,1,4.85,1
sglang,few_shot,274,150.46,42.03,192.49,2,10.39,1
sglang,few_shot,275,139.89,33.05,172.94,2,11.56,1
sglang,few_shot,276,126.19,54.71,180.90,2,11.06,1
sglang,few_shot,277,123.73,0.00,166.93,1,5.99,1
sglang,few_shot,278,135.46,0.00,189.73,1,5.27,1
sglang,few_shot,279,163.37,0.00,202.92,1,4.93,1
sglang,few_shot,280,128.51,0.00,175.97,1,5.68,1
sglang,few_shot,281,165.33,0.00,185.80,1,5.38,1
sglang,few_shot,282,122.30,0.00,223.23,1,4.48,1
sglang,few_shot,283,177.46,64.98,242.44,2,8.25,1
sglang,few_shot,284,141.65,43.67,185.32,2,10.79,1
sglang,few_shot,285,164.69,0.00,227.58,1,4.39,1
sglang,few_shot,286,125.25,0.00,174.69,1,5.72,1
sglang,few_shot,287,164.06,53.04,217.10,2,9.21,1
sglang,few_shot,288,110.52,0.00,219.91,1,4.55,1
sglang,few_shot,289,143.15,0.00,215.59,1,4.64,1
sglang,few_shot,290,112.92,0.00,181.27,1,5.52,1
sglang,few_shot,291,154.93,68.77,223.70,2,8.94,1
sglang,few_shot,292,156.82,23.78,228.14,4,17.53,1
sglang,few_shot,293,185.89,55.63,241.52,2,8.28,1
sglang,few_shot,294,168.71,75.72,244.43,2,8.18,1
sglang,few_shot,295,119.71,0.00,180.65,1,5.54,1
sglang,few_shot,296,122.90,59.87,182.77,2,10.94,1
sglang,few_shot,297,127.32,0.00,247.07,1,4.05,1
sglang,few_shot,298,129.88,0.00,208.37,1,4.80,1
sglang,few_shot,299,156.68,0.00,224.16,1,4.46,1
sglang,few_shot,300,191.73,8.88,244.98,7,28.57,0
sglang,few_shot,301,145.41,50.79,196.20,2,10.19,1
sglang,few_shot,302,136.15,0.00,220.42,1,4.54,1
sglang,few_shot,303,133.63,0.00,220.70,1,4.53,1
sglang,few_shot,304,156.82,58.62,215.45,2,9.28,1
sglang,few_shot,305,140.20,0.00,207.52,1,4.82,1
sglang,few_shot,306,103.04,0.00,227.37,1,4.40,1
sglang,few_shot,307,204.75,0.34,205.09,2,9.75,1
sglang,few_shot,308,132.00,89.60,221.61,2,9.02,1
sglang,few_shot,309,123.66,0.00,203.63,1,4.91,1
sglang,few_shot,310,119.66,0.00,254.12,1,3.94,1
sglang,few_shot,311,179.98,0.00,257.89,1,3.88,1
sglang,few_shot,312,161.36,68.47,229.84,2,8.70,1
sglang,few_shot,313,174.09,0.00,253.02,1,3.95,1
sglang,few_shot,314,192.41,0.00,271.67,1,3.68,1
sglang,few_shot,315,190.33,74.63,264.96,2,7.55,1
sglang,few_shot,316,131.44,0.00,233.64,1,4.28,1
sglang,few_shot,317,230.76,3.99,234.75,2,8.52,1
sglang,few_shot,318,210.49,0.00,229.79,1,4.35,1
sglang,few_shot,319,169.06,87.12,256.18,2,7.81,0
sglang,few_shot,320,120.50,0.00,159.14,1,6.28,1
sglang,few_shot,321,129.95,0.00,147.94,1,6.76,1
sglang,few_shot,322,139.35,0.00,162.80,1,6.14,1
sglang,few_shot,323,146.47,0.00,200.38,1,4.99,1
sglang,few_shot,324,135.67,0.00,192.42,1,5.20,1
sglang,few_shot,325,170.83,0.00,184.70,1,5.41,1
sglang,few_shot,326,159.58,0.00,179.32,1,5.58,1
sglang,few_shot,327,132.43,0.00,194.10,1,5.15,1
sglang,few_shot,328,150.31,19.28,169.58,2,11.79,1
sglang,few_shot,329,187.26,0.00,197.66,1,5.06,1
sglang,few_shot,330,117.60,0.00,182.99,1,5.46,1
sglang,few_shot,331,165.26,0.00,170.18,1,5.88,1
sglang,few_shot,332,146.82,0.00,212.95,1,4.70,1
sglang,few_shot,333,131.14,0.00,170.74,1,5.86,1
sglang,few_shot,334,158.59,0.00,223.00,1,4.48,1
sglang,few_shot,335,153.99,0.00,199.35,1,5.02,1
sglang,few_shot,336,153.87,0.00,154.10,1,6.49,1
sglang,few_shot,337,141.22,38.98,180.20,2,11.10,1
sglang,few_shot,338,128.66,0.00,173.26,1,5.77,1
sglang,few_shot,339,127.58,53.90,181.48,2,11.02,0
sglang,few_shot,340,155.86,35.74,191.60,2,10.44,1
sglang,few_shot,341,165.67,0.00,219.96,1,4.55,1
sglang,few_shot,342,135.63,0.00,183.37,1,5.45,1
sglang,few_shot,343,89.50,116.73,206.23,2,9.70,1
sglang,few_shot,344,116.81,82.62,199.44,2,10.03,1
sglang,few_shot,345,137.72,79.88,217.60,2,9.19,1
sglang,few_shot,346,167.16,60.00,227.16,2,8.80,1
sglang,few_shot,347,121.01,47.71,168.72,2,11.85,1
sglang,few_shot,348,98.64,0.00,178.65,1,5.60,1
sglang,few_shot,349,172.71,57.73,230.44,2,8.68,1
sglang,few_shot,350,192.09,53.35,245.44,2,8.15,1
sglang,few_shot,351,112.09,88.07,200.15,2,9.99,1
sglang,few_shot,352,117.68,0.00,180.46,1,5.54,1
sglang,few_shot,353,161.52,15.63,208.41,4,19.19,0
sglang,few_shot,354,225.79,0.00,240.90,1,4.15,1
sglang,few_shot,355,148.26,96.49,244.75,2,8.17,1
sglang,few_shot,356,134.60,0.00,226.40,1,4.42,1
sglang,few_shot,357,138.87,0.00,202.76,1,4.93,1
sglang,few_shot,358,118.94,0.00,182.51,1,5.48,1
sglang,few_shot,359,102.91,0.00,197.96,1,5.05,1
sglang,few_shot,360,129.97,93.18,223.15,2,8.96,1
sglang,few_shot,361,161.40,67.31,228.71,2,8.74,1
sglang,few_shot,362,130.25,0.00,195.01,1,5.13,1
sglang,few_shot,363,117.04,0.00,215.54,1,4.64,1
sglang,few_shot,364,138.26,96.69,234.95,2,8.51,1
sglang,few_shot,365,162.55,0.00,227.63,1,4.39,1
sglang,few_shot,366,123.38,19.37,200.88,5,24.89,1
sglang,few_shot,367,131.49,0.00,191.57,1,5.22,1
sglang,few_shot,368,128.56,0.00,197.27,1,5.07,1
sglang,few_shot,369,135.82,0.00,207.80,1,4.81,1
sglang,few_shot,370,153.58,74.25,227.83,2,8.78,1
sglang,few_shot,371,179.63,70.27,249.90,2,8.00,1
sglang,few_shot,372,188.12,0.00,257.96,1,3.88,1
sglang,few_shot,373,133.23,0.00,206.45,1,4.84,1
sglang,few_shot,374,111.01,79.84,190.85,2,10.48,1
sglang,few_shot,375,144.16,0.00,233.89,1,4.28,1
sglang,few_shot,376,153.92,77.41,231.33,2,8.65,1
sglang,few_shot,377,145.52,76.56,222.07,2,9.01,1
sglang,few_shot,378,135.27,0.00,254.44,1,3.93,1
sglang,few_shot,379,123.85,86.92,210.77,2,9.49,1
sglang,few_shot,380,131.68,115.66,247.34,2,8.09,1
sglang,few_shot,381,130.26,89.64,219.90,2,9.10,1
sglang,few_shot,382,227.47,47.27,274.74,2,7.28,0
sglang,few_shot,383,148.24,0.00,248.12,1,4.03,1
sglang,few_shot,384,156.20,0.00,210.29,1,4.76,1
sglang,few_shot,385,111.89,0.00,200.16,1,5.00,1
sglang,few_shot,386,110.32,0.00,174.63,1,5.73,1
sglang,few_shot,387,121.77,0.00,180.38,1,5.54,1
sglang,few_shot,388,122.86,0.00,186.17,1,5.37,1
sglang,few_shot,389,142.81,0.00,176.14,1,5.68,1
sglang,few_shot,390,139.82,0.00,198.70,1,5.03,1
sglang,few_shot,391,134.86,0.00,164.28,1,6.09,1
sglang,few_shot,392,148.79,68.43,217.22,2,9.21,1
sglang,few_shot,393,116.29,0.00,187.58,1,5.33,1
sglang,few_shot,394,144.01,36.26,180.28,2,11.09,1
sglang,few_shot,395,174.07,0.00,209.07,1,4.78,1
sglang,few_shot,396,186.07,32.18,218.25,2,9.16,1
sglang,few_shot,397,118.51,72.61,191.13,2,10.46,1
sglang,few_shot,398,159.45,0.00,187.56,1,5.33,1
sglang,few_shot,399,88.82,0.00,166.45,1,6.01,1
sglang,few_shot,400,146.16,0.00,174.07,1,5.74,1
sglang,few_shot,401,122.04,0.00,198.12,1,5.05,1
sglang,few_shot,402,120.88,44.09,164.97,2,12.12,1
sglang,few_shot,403,130.15,42.73,172.88,2,11.57,1
sglang,few_shot,404,159.74,0.00,204.63,1,4.89,1
sglang,few_shot,405,154.84,0.00,191.74,1,5.22,1
sglang,few_shot,406,144.36,38.61,182.97,2,10.93,1
sglang,few_shot,407,143.22,0.00,200.44,1,4.99,1
sglang,few_shot,408,131.71,0.00,172.80,1,5.79,1
sglang,few_shot,409,133.94,0.00,172.67,1,5.79,1
sglang,few_shot,410,132.79,0.00,216.92,1,4.61,1
sglang,few_shot,411,142.47,41.98,184.45,2,10.84,1
sglang,few_shot,412,194.69,0.00,228.84,1,4.37,1
sglang,few_shot,413,140.71,0.00,230.00,1,4.35,1
sglang,few_shot,414,151.16,0.00,194.28,1,5.15,1
sglang,few_shot,415,121.38,0.00,170.63,1,5.86,1
sglang,few_shot,416,168.91,51.77,220.68,2,9.06,1
sglang,few_shot,417,119.31,51.74,171.05,2,11.69,1
sglang,few_shot,418,152.52,49.44,201.96,2,9.90,0
sglang,few_shot,419,107.21,0.00,201.95,1,4.95,1
sglang,few_shot,420,178.04,67.94,245.98,2,8.13,1
sglang,few_shot,421,126.30,102.06,228.36,2,8.76,1
sglang,few_shot,422,118.27,66.40,184.68,2,10.83,1
sglang,few_shot,423,124.60,69.45,194.06,2,10.31,1
sglang,few_shot,424,146.46,64.56,211.03,2,9.48,1
sglang,few_shot,425,110.43,107.49,217.92,2,9.18,1
sglang,few_shot,426,122.84,76.21,199.05,2,10.05,1
sglang,few_shot,427,118.46,72.44,190.89,2,10.48,1
sglang,few_shot,428,140.29,105.14,245.43,2,8.15,1
sglang,few_shot,429,143.80,78.11,221.91,2,9.01,1
sglang,few_shot,430,178.03,81.21,259.25,2,7.71,1
sglang,few_shot,431,182.18,0.00,246.52,1,4.06,1
sglang,few_shot,432,147.86,0.00,219.32,1,4.56,1
sglang,few_shot,433,147.72,0.00,268.33,1,3.73,1
sglang,few_shot,434,127.10,77.80,204.90,2,9.76,1
sglang,few_shot,435,186.03,0.00,258.88,1,3.86,1
sglang,few_shot,436,121.70,76.34,198.04,2,10.10,0
sglang,few_shot,437,96.33,0.00,218.68,1,4.57,1
sglang,few_shot,438,120.20,87.14,207.34,2,9.65,1
sglang,few_shot,439,115.81,0.00,240.44,1,4.16,1
sglang,few_shot,440,164.92,71.96,236.88,2,8.44,1
sglang,few_shot,441,139.32,91.75,231.07,2,8.66,1
sglang,few_shot,442,168.55,96.92,265.47,2,7.53,0
sglang,few_shot,443,134.59,96.09,230.69,2,8.67,1
sglang,few_shot,444,120.33,0.00,208.45,1,4.80,1
sglang,few_shot,445,213.04,37.12,250.16,2,7.99,1
sglang,few_shot,446,89.82,135.11,224.93,2,8.89,1
sglang,few_shot,447,124.82,79.13,203.95,2,9.81,1
sglang,few_shot,448,127.30,0.00,166.47,1,6.01,1
sglang,few_shot,449,102.82,0.00,173.70,1,5.76,1
sglang,few_shot,450,121.64,0.00,196.64,1,5.09,1
sglang,few_shot,451,163.34,0.00,168.52,1,5.93,1
sglang,few_shot,452,140.53,0.00,190.52,1,5.25,1
sglang,few_shot,453,174.25,0.00,195.40,1,5.12,1
sglang,few_shot,454,103.79,0.00,185.05,1,5.40,1
sglang,few_shot,455,151.37,27.89,179.26,2,11.16,1
sglang,few_shot,456,126.91,0.00,161.05,1,6.21,1
sglang,few_shot,457,123.91,0.00,146.46,1,6.83,1
sglang,few_shot,458,117.33,0.00,176.89,1,5.65,1
sglang,few_shot,459,143.82,0.00,201.83,1,4.95,1
sglang,few_shot,460,167.65,0.00,198.16,1,5.05,1
sglang,few_shot,461,148.66,34.52,183.18,2,10.92,1
sglang,few_shot,462,135.32,27.54,162.86,2,12.28,1
sglang,few_shot,463,135.55,0.00,203.35,1,4.92,1
sglang,few_shot,464,161.54,0.00,201.18,1,4.97,1
sglang,few_shot,465,144.94,0.00,177.28,1,5.64,1
sglang,few_shot,466,154.38,69.79,224.16,2,8.92,1
sglang,few_shot,467,130.58,0.00,192.19,1,5.20,1
sglang,few_shot,468,116.26,73.49,189.75,2,10.54,1
sglang,few_shot,469,120.49,35.23,155.72,2,12.84,1
sglang,few_shot,470,96.15,77.11,173.26,2,11.54,1
sglang,few_shot,471,106.18,52.75,158.93,2,12.58,1
sglang,few_shot,472,155.49,35.56,191.06,2,10.47,1
sglang,few_shot,473,158.70,0.00,233.89,1,4.28,1
sglang,few_shot,474,157.44,0.00,210.87,1,4.74,1
sglang,few_shot,475,135.72,44.20,179.92,2,11.12,1
sglang,few_shot,476,127.36,40.96,168.32,2,11.88,1
sglang,few_shot,477,144.29,41.77,186.06,2,10.75,1
sglang,few_shot,478,118.41,0.00,192.33,1,5.20,1
sglang,few_shot,479,136.69,0.00,178.67,1,5.60,1
sglang,few_shot,480,127.93,0.00,175.25,1,5.71,1
sglang,few_shot,481,146.37,35.94,182.31,2,10.97,0
sglang,few_shot,482,168.72,0.00,231.11,1,4.33,1
sglang,few_shot,483,110.20,58.74,168.94,2,11.84,1
sglang,few_shot,484,165.83,66.31,232.14,2,8.62,1
sglang,few_shot,485,138.05,84.78,222.83,2,8.98,1
sglang,few_shot,486,130.90,82.78,213.69,2,9.36,1
sglang,few_shot,487,133.24,0.00,200.91,1,4.98,1
sglang,few_shot,488,124.32,62.69,187.01,2,10.69,1
sglang,few_shot,489,134.53,66.33,200.85,2,9.96,1
sglang,few_shot,490,157.48,0.00,248.40,1,4.03,1
sglang,few_shot,491,177.17,0.00,247.40,1,4.04,1
sglang,few_shot,492,128.79,59.35,188.15,2,10.63,0
sglang,few_shot,493,118.09,0.00,183.05,1,5.46,1
sglang,few_shot,494,118.11,0.00,191.52,1,5.22,1
sglang,few_shot,495,100.38,93.70,194.09,2,10.30,1
sglang,few_shot,496,133.84,75.40,209.24,2,9.56,1
sglang,few_shot,497,139.11,0.00,232.64,1,4.30,1
sglang,few_shot,498,153.98,0.00,251.19,1,3.98,1
sglang,few_shot,499,129.71,99.70,229.41,2,8.72,1
sglang,few_shot,500,132.72,102.12,234.85,2,8.52,1
sglang,few_shot,501,109.24,134.99,244.23,2,8.19,1
sglang,few_shot,502,143.03,0.00,220.91,1,4.53,1
sglang,few_shot,503,123.56,102.45,226.01,2,8.85,1
sglang,few_shot,504,114.89,107.02,221.92,2,9.01,1
sglang,few_shot,505,120.70,76.59,197.29,2,10.14,1
sglang,few_shot,506,124.92,113.89,238.81,2,8.37,1
sglang,few_shot,507,124.86,0.00,208.34,1,4.80,1
sglang,few_shot,508,97.73,168.60,266.33,2,7.51,1
sglang,few_shot,509,113.65,0.00,195.74,1,5.11,1
sglang,few_shot,510,129.73,114.27,244.01,2,8.20,0
sglang,few_shot,511,131.67,91.90,223.57,2,8.95,1
sglang,few_shot,512,121.82,0.00,168.71,1,5.93,1
sglang,few_shot,513,119.37,0.00,165.66,1,6.04,1
sglang,few_shot,514,104.25,0.00,158.11,1,6.32,1
sglang,few_shot,515,115.56,0.00,170.44,1,5.87,1
sglang,few_shot,516,138.27,0.00,156.77,1,6.38,1
sglang,few_shot,517,115.53,0.00,165.69,1,6.04,1
sglang,few_shot,518,85.63,0.00,193.60,1,5.17,1
sglang,few_shot,519,121.41,0.00,175.10,1,5.71,1
sglang,few_shot,520,170.94,0.00,196.86,1,5.08,1
sglang,few_shot,521,119.76,0.00,155.51,1,6.43,1
sglang,few_shot,522,137.03,59.15,196.18,2,10.19,1
sglang,few_shot,523,106.73,0.00,163.35,1,6.12,1
sglang,few_shot,524,157.75,0.00,187.55,1,5.33,1
sglang,few_shot,525,116.37,0.00,210.27,1,4.76,1
sglang,few_shot,526,125.10,29.67,154.78,2,12.92,1
sglang,few_shot,527,115.06,0.00,154.51,1,6.47,1
sglang,few_shot,528,90.83,0.00,161.43,1,6.19,1
sglang,few_shot,529,125.98,72.26,198.24,2,10.09,1
sglang,few_shot,530,143.65,74.40,218.05,2,9.17,1
sglang,few_shot,531,184.99,0.00,223.45,1,4.48,1
sglang,few_shot,532,132.19,0.00,199.75,1,5.01,1
sglang,few_shot,533,131.67,35.76,167.43,2,11.95,1
sglang,few_shot,534,149.93,0.00,199.77,1,5.01,1
sglang,few_shot,535,160.41,0.00,209.92,1,4.76,1
sglang,few_shot,536,165.20,35.87,201.07,2,9.95,1
sglang,few_shot,537,103.14,0.00,174.36,1,5.74,1
sglang,few_shot,538,175.81,0.00,211.68,1,4.72,1
sglang,few_shot,539,141.50,80.79,222.30,2,9.00,0
sglang,few_shot,540,137.30,57.39,194.69,2,10.27,1
sglang,few_shot,541,146.70,0.00,186.80,1,5.35,1
sglang,few_shot,542,127.33,0.00,175.10,1,5.71,1
sglang,few_shot,543,126.41,88.35,214.76,2,9.31,1
sglang,few_shot,544,87.74,0.00,203.80,1,4.91,1
sglang,few_shot,545,122.39,55.59,177.98,2,11.24,1
sglang,few_shot,546,138.84,55.89,194.73,2,10.27,1
sglang,few_shot,547,198.70,49.34,248.05,2,8.06,1
sglang,few_shot,548,121.30,65.07,186.37,2,10.73,0
sglang,few_shot,549,120.42,65.60,186.02,2,10.75,1
sglang,few_shot,550,173.26,56.78,230.04,2,8.69,1
sglang,few_shot,551,140.16,0.00,206.24,1,4.85,1
sglang,few_shot,552,149.03,0.00,247.67,1,4.04,1
sglang,few_shot,553,129.64,125.59,255.23,2,7.84,1
sglang,few_shot,554,166.94,61.15,228.09,2,8.77,1
sglang,few_shot,555,116.43,0.00,174.67,1,5.73,1
sglang,few_shot,556,131.45,0.00,188.08,1,5.32,1
sglang,few_shot,557,174.41,75.20,249.61,2,8.01,0
sglang,few_shot,558,136.19,63.42,199.61,2,10.02,1
sglang,few_shot,559,159.11,0.00,228.41,1,4.38,1
sglang,few_shot,560,106.32,0.00,207.72,1,4.81,1
sglang,few_shot,561,138.65,0.00,240.28,1,4.16,1
sglang,few_shot,562,159.94,0.00,227.19,1,4.40,1
sglang,few_shot,563,110.78,0.00,213.68,1,4.68,1
sglang,few_shot,564,115.19,102.74,217.93,2,9.18,1
sglang,few_shot,565,112.29,80.14,192.43,2,10.39,1
sglang,few_shot,566,129.62,82.36,211.99,2,9.43,1
sglang,few_shot,567,113.13,0.00,252.01,1,3.97,1
sglang,few_shot,568,131.69,0.00,213.43,1,4.69,1
sglang,few_shot,569,147.79,73.31,221.10,2,9.05,1
sglang,few_shot,570,110.10,0.00,202.83,1,4.93,1
sglang,few_shot,571,146.32,116.44,262.77,2,7.61,1
sglang,few_shot,572,115.40,86.82,202.23,2,9.89,1
sglang,few_shot,573,144.94,90.28,235.22,2,8.50,1
sglang,few_shot,574,175.66,89.93,265.59,2,7.53,1
sglang,few_shot,575,153.93,100.43,254.36,2,7.86,1
sglang,few_shot,576,122.47,0.00,159.38,1,6.27,1
sglang,few_shot,577,117.67,0.00,130.05,1,7.69,1
sglang,few_shot,578,143.89,0.00,194.16,1,5.15,1
sglang,few_shot,579,110.48,0.00,157.91,1,6.33,1
sglang,few_shot,580,119.32,0.00,124.61,1,8.03,1
sglang,few_shot,581,119.42,0.00,137.63,1,7.27,1
sglang,few_shot,582,144.29,0.00,193.52,1,5.17,1
sglang,few_shot,583,104.32,0.00,152.86,1,6.54,1
sglang,few_shot,584,150.45,0.00,168.34,1,5.94,1
sglang,few_shot,585,114.58,0.00,138.38,1,7.23,1
sglang,few_shot,586,170.80,0.00,208.25,1,4.80,1
sglang,few_shot,587,116.39,37.21,153.60,2,13.02,1
sglang,few_shot,588,159.44,0.00,184.89,1,5.41,1
sglang,few_shot,589,117.60,0.00,145.85,1,6.86,1
sglang,few_shot,590,157.99,41.84,199.83,2,10.01,1
sglang,few_shot,591,86.30,0.00,180.54,1,5.54,1
sglang,few_shot,592,195.83,0.35,196.18,2,10.19,1
sglang,few_shot,593,143.67,0.00,148.85,1,6.72,1
sglang,few_shot,594,119.01,72.20,191.21,2,10.46,1
sglang,few_shot,595,102.37,74.06,176.43,2,11.34,1
sglang,few_shot,596,116.35,0.00,157.34,1,6.36,1
sglang,few_shot,597,120.85,0.00,191.31,1,5.23,1
sglang,few_shot,598,132.65,0.00,184.43,1,5.42,1
sglang,few_shot,599,103.96,77.62,181.58,2,11.01,1
sglang,few_shot,600,114.12,38.03,152.14,2,13.15,1
sglang,few_shot,601,185.34,40.86,226.20,2,8.84,1
sglang,few_shot,602,131.67,19.80,151.47,2,13.20,1
sglang,few_shot,603,95.27,0.00,180.67,1,5.53,1
sglang,few_shot,604,171.03,55.74,226.77,2,8.82,1
sglang,few_shot,605,138.48,0.00,220.90,1,4.53,1
sglang,few_shot,606,127.09,49.20,176.29,2,11.35,1
sglang,few_shot,607,157.30,0.00,214.72,1,4.66,1
sglang,few_shot,608,132.25,0.00,191.52,1,5.22,1
sglang,few_shot,609,143.44,0.00,194.19,1,5.15,1
sglang,few_shot,610,123.18,89.51,212.69,2,9.40,1
sglang,few_shot,611,140.80,50.21,191.02,2,10.47,1
sglang,few_shot,612,138.59,67.20,205.79,2,9.72,1
sglang,few_shot,613,116.83,63.04,179.88,2,11.12,1
sglang,few_shot,614,141.19,91.08,232.27,2,8.61,1
sglang,few_shot,615,121.17,63.46,184.62,2,10.83,1
sglang,few_shot,616,145.89,62.97,208.86,2,9.58,1
sglang,few_shot,617,151.93,67.22,219.15,2,9.13,1
sglang,few_shot,618,120.24,0.00,215.58,1,4.64,1
sglang,few_shot,619,160.55,58.38,218.93,2,9.14,1
sglang,few_shot,620,128.58,0.00,225.69,1,4.43,1
sglang,few_shot,621,140.23,97.82,238.06,2,8.40,1
sglang,few_shot,622,119.71,68.09,187.81,2,10.65,1
sglang,few_shot,623,128.05,73.37,201.42,2,9.93,1
sglang,few_shot,624,117.13,0.00,193.38,1,5.17,1
sglang,few_shot,625,135.82,0.00,244.11,1,4.10,1
sglang,few_shot,626,118.86,108.81,227.67,2,8.78,1
sglang,few_shot,627,176.57,62.12,238.69,2,8.38,1
sglang,few_shot,628,196.31,0.00,215.08,1,4.65,1
sglang,few_shot,629,132.94,0.00,211.05,1,4.74,1
sglang,few_shot,630,106.53,0.00,210.86,1,4.74,1
sglang,few_shot,631,119.95,70.30,190.25,2,10.51,1
sglang,few_shot,632,149.39,87.25,236.64,2,8.45,1
sglang,few_shot,633,117.07,91.81,208.89,2,9.57,1
sglang,few_shot,634,147.44,109.52,256.96,2,7.78,1
sglang,few_shot,635,135.59,0.00,245.56,1,4.07,1
sglang,few_shot,636,158.35,0.00,250.66,1,3.99,1
sglang,few_shot,637,116.96,0.00,207.25,1,4.83,1
sglang,few_shot,638,134.15,0.00,219.86,1,4.55,1
sglang,few_shot,639,130.95,91.61,222.56,2,8.99,1
sglang,few_shot,640,138.60,0.00,197.98,1,5.05,1
sglang,few_shot,641,110.70,0.00,165.86,1,6.03,1
sglang,few_shot,642,142.60,0.00,165.32,1,6.05,1
sglang,few_shot,643,154.73,0.00,159.39,1,6.27,1
sglang,few_shot,644,117.08,91.37,208.45,2,9.59,1
sglang,few_shot,645,128.36,0.00,184.36,1,5.42,1
sglang,few_shot,646,183.89,16.95,200.83,2,9.96,1
sglang,few_shot,647,134.69,15.32,150.01,2,13.33,1
sglang,few_shot,648,132.82,0.00,153.76,1,6.50,1
sglang,few_shot,649,140.95,0.00,169.34,1,5.91,1
sglang,few_shot,650,93.15,0.00,159.45,1,6.27,1
sglang,few_shot,651,130.70,72.86,203.56,2,9.83,1
sglang,few_shot,652,174.54,0.00,221.75,1,4.51,1
sglang,few_shot,653,187.85,10.46,198.31,2,10.09,1
sglang,few_shot,654,149.07,0.00,220.13,1,4.54,1
sglang,few_shot,655,128.74,0.00,202.79,1,4.93,1
sglang,few_shot,656,127.26,36.71,163.97,2,12.20,0
sglang,few_shot,657,181.91,25.37,207.28,2,9.65,1
sglang,few_shot,658,138.81,0.00,172.54,1,5.80,1
sglang,few_shot,659,187.85,33.58,221.43,2,9.03,1
sglang,few_shot,660,154.37,14.86,169.23,2,11.82,1
sglang,few_shot,661,158.49,0.00,215.90,1,4.63,1
sglang,few_shot,662,135.58,87.41,222.99,2,8.97,1
sglang,few_shot,663,161.73,0.00,201.94,1,4.95,1
sglang,few_shot,664,139.50,20.41,159.91,2,12.51,1
sglang,few_shot,665,175.66,0.00,212.64,1,4.70,1
sglang,few_shot,666,171.10,0.00,181.45,1,5.51,1
sglang,few_shot,667,156.82,0.00,200.23,1,4.99,1
sglang,few_shot,668,131.10,0.00,192.84,1,5.19,1
sglang,few_shot,669,121.92,0.00,170.88,1,5.85,1
sglang,few_shot,670,112.77,0.00,205.67,1,4.86,1
sglang,few_shot,671,132.30,66.61,198.91,2,10.05,1
sglang,few_shot,672,155.07,0.00,213.65,1,4.68,1
sglang,few_shot,673,121.02,92.45,213.48,2,9.37,1
sglang,few_shot,674,128.47,0.00,219.94,1,4.55,1
sglang,few_shot,675,138.78,73.40,212.18,2,9.43,1
sglang,few_shot,676,173.58,0.00,234.76,1,4.26,1
sglang,few_shot,677,156.11,0.00,216.33,1,4.62,1
sglang,few_shot,678,113.53,0.00,170.17,1,5.88,1
sglang,few_shot,679,123.90,0.00,187.10,1,5.34,1
sglang,few_shot,680,172.17,0.00,236.69,1,4.22,1
sglang,few_shot,681,148.39,0.00,205.50,1,4.87,1
sglang,few_shot,682,141.85,0.00,196.55,1,5.09,1
sglang,few_shot,683,186.10,58.35,244.45,2,8.18,1
sglang,few_shot,684,126.55,83.04,209.59,2,9.54,1
sglang,few_shot,685,130.05,29.98,190.02,3,15.79,1
sglang,few_shot,686,192.10,67.72,259.82,2,7.70,1
sglang,few_shot,687,126.61,0.00,201.30,1,4.97,1
sglang,few_shot,688,103.58,115.32,218.91,2,9.14,1
sglang,few_shot,689,149.59,0.00,264.46,1,3.78,1
sglang,few_shot,690,138.95,71.27,210.21,2,9.51,1
sglang,few_shot,691,116.55,76.04,192.59,2,10.38,1
sglang,few_shot,692,154.92,76.15,231.07,2,8.66,1
sglang,few_shot,693,134.04,79.94,213.98,2,9.35,1
sglang,few_shot,694,156.84,0.00,273.85,1,3.65,1
sglang,few_shot,695,154.54,116.34,270.87,2,7.38,1
sglang,few_shot,696,113.61,122.20,235.81,2,8.48,1
sglang,few_shot,697,121.11,120.66,241.77,2,8.27,1
sglang,few_shot,698,141.83,79.05,220.89,2,9.05,1
sglang,few_shot,699,134.79,78.62,213.41,2,9.37,1
sglang,few_shot,700,113.62,122.28,235.90,2,8.48,1
sglang,few_shot,701,135.46,0.00,222.13,1,4.50,1
sglang,few_shot,702,130.91,122.17,253.07,2,7.90,1
sglang,few_shot,703,137.47,102.53,240.00,2,8.33,1
sglang,few_shot,704,147.52,0.00,188.95,1,5.29,1
sglang,few_shot,705,117.14,0.00,166.95,1,5.99,1
sglang,few_shot,706,139.39,0.00,166.42,1,6.01,1
sglang,few_shot,707,102.42,0.00,160.28,1,6.24,1
sglang,few_shot,708,151.74,0.00,183.85,1,5.44,1
sglang,few_shot,709,127.65,0.00,145.28,1,6.88,1
sglang,few_shot,710,139.90,0.00,156.34,1,6.40,1
sglang,few_shot,711,137.37,0.00,175.45,1,5.70,1
sglang,few_shot,712,171.64,0.00,205.27,1,4.87,1
sglang,few_shot,713,165.15,0.00,180.19,1,5.55,1
sglang,few_shot,714,84.87,0.00,153.06,1,6.53,1
sglang,few_shot,715,133.33,10.34,143.67,2,13.92,1
sglang,few_shot,716,133.33,0.00,171.81,1,5.82,1
sglang,few_shot,717,120.43,0.00,153.35,1,6.52,1
sglang,few_shot,718,143.62,45.05,188.67,2,10.60,1
sglang,few_shot,719,113.35,29.22,142.57,2,14.03,1
sglang,few_shot,720,125.24,41.00,166.25,2,12.03,1
sglang,few_shot,721,173.50,19.97,193.47,2,10.34,1
sglang,few_shot,722,121.20,0.00,162.24,1,6.16,1
sglang,few_shot,723,162.38,39.40,201.78,2,9.91,1
sglang,few_shot,724,147.84,42.28,190.12,2,10.52,1
sglang,few_shot,725,146.96,0.00,176.05,1,5.68,1
sglang,few_shot,726,145.80,51.27,197.07,2,10.15,1
sglang,few_shot,727,101.49,81.08,182.58,2,10.95,1
sglang,few_shot,728,133.21,0.00,177.69,1,5.63,1
sglang,few_shot,729,111.21,0.00,164.79,1,6.07,1
sglang,few_shot,730,156.09,0.00,203.65,1,4.91,1
sglang,few_shot,731,122.87,83.90,206.77,2,9.67,1
sglang,few_shot,732,149.39,0.00,199.86,1,5.00,1
sglang,few_shot,733,104.76,0.00,192.60,1,5.19,1
sglang,few_shot,734,131.70,53.80,185.50,2,10.78,1
sglang,few_shot,735,135.59,92.61,228.20,2,8.76,1
sglang,few_shot,736,133.20,0.00,220.72,1,4.53,1
sglang,few_shot,737,117.56,0.00,168.56,1,5.93,1
sglang,few_shot,738,188.73,44.80,233.53,2,8.56,1
sglang,few_shot,739,124.93,0.00,165.16,1,6.05,1
sglang,few_shot,740,92.83,0.00,188.21,1,5.31,1
sglang,few_shot,741,132.13,54.21,186.35,2,10.73,1
sglang,few_shot,742,97.14,128.47,225.61,2,8.86,1
sglang,few_shot,743,123.66,0.00,185.50,1,5.39,1
sglang,few_shot,744,116.83,0.00,173.97,1,5.75,1
sglang,few_shot,745,125.63,57.52,183.16,2,10.92,1
sglang,few_shot,746,172.38,59.41,231.79,2,8.63,1
sglang,few_shot,747,136.25,0.00,236.73,1,4.22,1
sglang,few_shot,748,134.27,104.80,239.08,2,8.37,1
sglang,few_shot,749,108.50,102.64,211.14,2,9.47,1
sglang,few_shot,750,141.94,65.41,207.35,2,9.65,1
sglang,few_shot,751,120.91,65.65,186.56,2,10.72,0
sglang,few_shot,752,125.30,0.00,232.54,1,4.30,1
sglang,few_shot,753,164.85,82.56,247.42,2,8.08,1
sglang,few_shot,754,127.41,0.00,199.57,1,5.01,1
sglang,few_shot,755,169.09,0.00,241.72,1,4.14,1
sglang,few_shot,756,134.31,0.00,213.07,1,4.69,1
sglang,few_shot,757,107.88,88.81,196.69,2,10.17,1
sglang,few_shot,758,124.89,118.40,243.29,2,8.22,1
sglang,few_shot,759,112.94,0.00,196.64,1,5.09,1
sglang,few_shot,760,175.97,0.00,262.44,1,3.81,1
sglang,few_shot,761,130.04,87.96,218.00,2,9.17,0
sglang,few_shot,762,175.19,0.00,227.09,1,4.40,1
sglang,few_shot,763,147.90,94.94,242.85,2,8.24,1
sglang,few_shot,764,142.51,90.71,233.22,2,8.58,1
sglang,few_shot,765,230.31,2.82,233.13,2,8.58,1
sglang,few_shot,766,113.84,0.00,199.41,1,5.01,1
sglang,few_shot,767,143.40,72.66,216.06,2,9.26,1
sglang,few_shot,768,582.64,0.00,591.16,1,1.69,1
sglang,few_shot,769,619.42,0.00,634.13,1,1.58,1
sglang,few_shot,770,617.91,0.00,618.13,1,1.62,1
sglang,few_shot,771,628.20,17.94,646.14,2,3.10,1
sglang,few_shot,772,624.65,0.00,624.88,1,1.60,1
sglang,few_shot,773,573.66,0.00,597.49,1,1.67,1
sglang,few_shot,774,581.89,0.00,597.32,1,1.67,1
sglang,few_shot,775,578.36,9.93,588.30,2,3.40,1
sglang,few_shot,776,600.00,0.00,610.28,1,1.64,1
sglang,few_shot,777,104.71,535.66,640.37,2,3.12,1
sglang,few_shot,778,570.39,0.00,598.66,1,1.67,1
sglang,few_shot,779,85.74,540.27,626.02,2,3.19,1
sglang,few_shot,780,631.18,20.15,651.33,2,3.07,1
sglang,few_shot,781,598.27,15.58,613.85,2,3.26,1
sglang,few_shot,782,570.72,30.37,601.09,2,3.33,1
sglang,few_shot,783,585.81,0.00,596.14,1,1.68,1
sglang,few_shot,784,616.25,35.43,651.68,2,3.07,1
sglang,few_shot,785,68.37,0.00,618.76,1,1.62,1
sglang,few_shot,786,611.17,51.35,662.52,2,3.02,1
sglang,few_shot,787,574.95,0.00,605.18,1,1.65,1
sglang,few_shot,788,652.87,0.00,653.08,1,1.53,1
sglang,few_shot,789,604.02,0.00,653.50,1,1.53,1
sglang,few_shot,790,594.45,0.00,620.04,1,1.61,1
sglang,few_shot,791,572.13,40.06,612.19,2,3.27,1
sglang,few_shot,792,614.68,10.13,624.81,2,3.20,1
sglang,few_shot,793,623.07,0.00,668.50,1,1.50,1
sglang,few_shot,794,632.64,0.00,637.77,1,1.57,1
sglang,few_shot,795,646.33,0.33,646.66,2,3.09,1
sglang,few_shot,796,650.10,0.00,650.32,1,1.54,1
sglang,few_shot,797,616.81,19.94,636.74,2,3.14,0
sglang,few_shot,798,651.94,0.00,687.44,1,1.45,1
sglang,few_shot,799,573.03,68.22,641.26,2,3.12,1
sglang,few_shot,800,651.54,0.00,681.81,1,1.47,1
sglang,few_shot,801,590.02,71.43,661.45,2,3.02,1
sglang,few_shot,802,565.55,0.00,633.08,1,1.58,1
sglang,few_shot,803,627.52,58.73,686.24,2,2.91,1
sglang,few_shot,804,632.33,0.00,667.89,1,1.50,1
sglang,few_shot,805,611.02,0.00,666.03,1,1.50,1
sglang,few_shot,806,640.55,64.63,705.18,2,2.84,1
sglang,few_shot,807,604.57,0.00,672.94,1,1.49,1
sglang,few_shot,808,87.10,0.00,691.74,1,1.45,1
sglang,few_shot,809,611.49,70.35,681.84,2,2.93,1
sglang,few_shot,810,617.28,20.29,637.57,2,3.14,1
sglang,few_shot,811,605.13,77.43,682.56,2,2.93,1
sglang,few_shot,812,591.30,0.00,634.80,1,1.58,1
sglang,few_shot,813,623.23,49.32,672.55,2,2.97,1
sglang,few_shot,814,593.22,0.00,675.24,1,1.48,1
sglang,few_shot,815,652.21,40.75,692.96,2,2.89,1
sglang,few_shot,816,565.84,81.07,646.92,2,3.09,1
sglang,few_shot,817,633.35,0.00,706.12,1,1.42,1
sglang,few_shot,818,99.55,591.67,691.22,2,2.89,1
sglang,few_shot,819,607.86,0.00,697.82,1,1.43,1
sglang,few_shot,820,591.71,80.08,671.79,2,2.98,1
sglang,few_shot,821,626.28,90.37,716.65,2,2.79,1
sglang,few_shot,822,679.41,0.00,686.56,1,1.46,1
sglang,few_shot,823,646.90,12.72,659.62,2,3.03,0
sglang,few_shot,824,597.86,86.65,684.51,2,2.92,0
sglang,few_shot,825,640.71,22.23,662.94,2,3.02,1
sglang,few_shot,826,584.88,98.37,683.25,2,2.93,1
sglang,few_shot,827,646.80,4.78,651.58,2,3.07,1
sglang,few_shot,828,642.78,0.00,691.51,1,1.45,1
sglang,few_shot,829,685.53,0.00,685.76,1,1.46,1
sglang,few_shot,830,670.87,8.37,679.24,2,2.94,1
sglang,few_shot,831,678.32,0.00,678.52,1,1.47,1
sglang,few_shot,832,78.08,16.20,94.28,2,21.21,1
sglang,few_shot,833,157.96,0.00,205.62,1,4.86,1
sglang,few_shot,834,199.04,0.00,245.86,1,4.07,1
sglang,few_shot,835,124.96,0.00,184.08,1,5.43,1
sglang,few_shot,836,174.68,0.00,235.17,1,4.25,1
sglang,few_shot,837,140.78,0.00,191.20,1,5.23,1
sglang,few_shot,838,136.86,0.00,197.23,1,5.07,1
sglang,few_shot,839,174.41,0.00,198.23,1,5.04,1
sglang,few_shot,840,154.65,0.00,188.69,1,5.30,1
sglang,few_shot,841,140.61,0.00,183.36,1,5.45,1
sglang,few_shot,842,130.88,0.00,173.55,1,5.76,1
sglang,few_shot,843,159.02,66.99,226.01,2,8.85,1
sglang,few_shot,844,149.37,33.74,183.11,2,10.92,1
sglang,few_shot,845,125.37,65.52,190.89,2,10.48,1
sglang,few_shot,846,145.09,111.28,256.36,2,7.80,1
sglang,few_shot,847,146.26,52.09,198.35,2,10.08,1
sglang,few_shot,848,173.38,0.00,211.36,1,4.73,1
sglang,few_shot,849,141.22,0.00,209.41,1,4.78,1
sglang,few_shot,850,121.50,63.92,185.42,2,10.79,1
sglang,few_shot,851,184.21,0.00,223.69,1,4.47,1
sglang,few_shot,852,197.41,0.00,253.16,1,3.95,1
sglang,few_shot,853,217.87,0.00,259.49,1,3.85,1
sglang,few_shot,854,167.69,0.00,221.58,1,4.51,1
sglang,few_shot,855,136.16,0.00,208.48,1,4.80,1
sglang,few_shot,856,196.10,0.00,248.69,1,4.02,1
sglang,few_shot,857,199.61,0.00,259.46,1,3.85,1
sglang,few_shot,858,196.10,0.00,251.38,1,3.98,1
sglang,few_shot,859,181.74,0.00,255.41,1,3.92,1
sglang,few_shot,860,170.62,88.58,259.20,2,7.72,1
sglang,few_shot,861,149.23,86.96,236.20,2,8.47,1
sglang,few_shot,862,169.27,0.00,256.05,1,3.91,1
sglang,few_shot,863,143.42,63.78,207.20,2,9.65,1
sglang,few_shot,864,155.81,0.00,241.93,1,4.13,1
sglang,few_shot,865,129.47,83.59,213.07,2,9.39,1
sglang,few_shot,866,143.07,90.02,233.09,2,8.58,1
sglang,few_shot,867,129.43,0.00,197.99,1,5.05,1
sglang,few_shot,868,139.41,64.14,203.54,2,9.83,1
sglang,few_shot,869,155.12,0.00,229.34,1,4.36,1
sglang,few_shot,870,135.21,63.36,198.58,2,10.07,1
sglang,few_shot,871,122.08,0.00,187.83,1,5.32,1
sglang,few_shot,872,171.89,70.56,242.46,2,8.25,1
sglang,few_shot,873,169.16,0.00,266.08,1,3.76,1
sglang,few_shot,874,155.98,105.01,260.99,2,7.66,1
sglang,few_shot,875,154.02,64.42,218.44,2,9.16,1
sglang,few_shot,876,155.60,0.00,226.93,1,4.41,1
sglang,few_shot,877,169.63,0.00,265.25,1,3.77,1
sglang,few_shot,878,147.39,0.00,217.20,1,4.60,1
sglang,few_shot,879,140.71,0.00,224.27,1,4.46,1
sglang,few_shot,880,172.84,0.00,247.50,1,4.04,1
sglang,few_shot,881,155.60,110.18,265.78,2,7.53,1
sglang,few_shot,882,174.95,0.00,258.34,1,3.87,1
sglang,few_shot,883,146.42,0.00,226.25,1,4.42,1
sglang,few_shot,884,152.90,110.40,263.29,2,7.60,1
sglang,few_shot,885,141.36,110.61,251.96,2,7.94,1
sglang,few_shot,886,170.76,0.00,258.93,1,3.86,1
sglang,few_shot,887,189.31,87.82,277.13,2,7.22,1
sglang,few_shot,888,136.06,106.61,242.67,2,8.24,1
sglang,few_shot,889,135.70,0.00,220.54,1,4.53,1
sglang,few_shot,890,199.90,108.14,308.04,2,6.49,0
sglang,few_shot,891,142.37,0.00,226.76,1,4.41,1
sglang,few_shot,892,125.02,0.00,250.87,1,3.99,1
sglang,few_shot,893,184.34,115.65,299.98,2,6.67,1
sglang,few_shot,894,148.87,95.00,243.87,2,8.20,1
sglang,few_shot,895,101.24,163.20,264.45,2,7.56,1
sglang,few_shot,896,165.08,114.56,279.64,2,7.15,1
sglang,few_shot,897,129.51,0.00,184.48,1,5.42,1
sglang,few_shot,898,136.65,0.00,192.44,1,5.20,1
sglang,few_shot,899,123.65,0.00,181.98,1,5.50,1
sglang,few_shot,900,86.44,0.00,156.31,1,6.40,1
sglang,few_shot,901,176.20,0.00,204.29,1,4.89,1
sglang,few_shot,902,123.15,0.00,190.65,1,5.25,1
sglang,few_shot,903,173.30,0.00,202.27,1,4.94,1
sglang,few_shot,904,129.21,0.00,162.49,1,6.15,1
sglang,few_shot,905,150.21,0.00,189.62,1,5.27,1
sglang,few_shot,906,141.34,0.00,165.30,1,6.05,1
sglang,few_shot,907,133.49,0.00,171.04,1,5.85,1
sglang,few_shot,908,147.30,79.34,226.64,2,8.82,1
sglang,few_shot,909,93.71,0.00,167.04,1,5.99,1
sglang,few_shot,910,134.62,0.00,162.52,1,6.15,1
sglang,few_shot,911,180.76,0.00,212.24,1,4.71,1
sglang,few_shot,912,120.77,0.00,194.59,1,5.14,1
sglang,few_shot,913,180.03,43.74,223.76,2,8.94,1
sglang,few_shot,914,149.10,0.00,185.57,1,5.39,1
sglang,few_shot,915,148.72,0.00,235.11,1,4.25,1
sglang,few_shot,916,108.28,0.00,188.25,1,5.31,1
sglang,few_shot,917,153.79,0.00,197.57,1,5.06,1
sglang,few_shot,918,142.64,0.00,183.61,1,5.45,1
sglang,few_shot,919,127.77,63.11,190.88,2,10.48,1
sglang,few_shot,920,152.09,0.00,202.26,1,4.94,1
sglang,few_shot,921,120.51,0.00,211.96,1,4.72,1
sglang,few_shot,922,104.35,0.00,197.50,1,5.06,1
sglang,few_shot,923,158.23,57.76,215.99,2,9.26,1
sglang,few_shot,924,164.39,60.03,224.42,2,8.91,1
sglang,few_shot,925,150.99,0.00,212.65,1,4.70,1
sglang,few_shot,926,170.07,0.00,227.58,1,4.39,1
sglang,few_shot,927,141.01,0.00,193.88,1,5.16,1
sglang,few_shot,928,130.50,0.00,184.67,1,5.42,1
sglang,few_shot,929,157.76,69.39,227.15,2,8.80,1
sglang,few_shot,930,122.81,58.39,181.20,2,11.04,1
sglang,few_shot,931,152.21,63.51,215.72,2,9.27,1
sglang,few_shot,932,130.18,0.00,206.31,1,4.85,1
sglang,few_shot,933,134.71,0.00,241.27,1,4.14,1
sglang,few_shot,934,125.38,0.00,189.63,1,5.27,1
sglang,few_shot,935,148.41,57.27,205.68,2,9.72,1
sglang,few_shot,936,128.13,0.00,189.78,1,5.27,1
sglang,few_shot,937,135.37,61.16,196.53,2,10.18,1
sglang,few_shot,938,182.48,0.00,260.60,1,3.84,1
sglang,few_shot,939,157.69,0.00,233.59,1,4.28,1
sglang,few_shot,940,90.12,106.43,196.54,2,10.18,1
sglang,few_shot,941,128.94,0.00,207.58,1,4.82,1
sglang,few_shot,942,155.18,0.00,236.30,1,4.23,1
sglang,few_shot,943,152.44,76.62,229.06,2,8.73,1
sglang,few_shot,944,160.64,59.63,220.27,2,9.08,1
sglang,few_shot,945,137.36,60.31,197.66,2,10.12,1
sglang,few_shot,946,123.63,110.81,234.44,2,8.53,1
sglang,few_shot,947,131.90,0.00,240.05,1,4.17,1
sglang,few_shot,948,111.00,0.00,256.79,1,3.89,1
sglang,few_shot,949,107.23,0.00,193.24,1,5.17,1
sglang,few_shot,950,181.07,76.88,257.95,2,7.75,1
sglang,few_shot,951,177.47,84.60,262.07,2,7.63,1
sglang,few_shot,952,115.32,111.46,226.78,2,8.82,1
sglang,few_shot,953,144.70,75.98,220.69,2,9.06,1
sglang,few_shot,954,131.55,0.00,248.79,1,4.02,1
sglang,few_shot,955,174.26,81.72,255.98,2,7.81,1
sglang,few_shot,956,168.94,86.02,254.97,2,7.84,1
sglang,few_shot,957,139.24,0.00,222.96,1,4.49,1
sglang,few_shot,958,137.99,71.65,209.64,2,9.54,1
sglang,few_shot,959,137.32,117.67,254.99,2,7.84,1
sglang,few_shot,960,147.87,75.03,222.90,2,8.97,0
sglang,few_shot,961,123.71,0.00,137.53,1,7.27,1
sglang,few_shot,962,121.38,0.00,143.00,1,6.99,1
sglang,few_shot,963,100.98,0.00,106.43,1,9.40,1
sglang,few_shot,964,88.19,0.00,105.44,1,9.48,1
sglang,few_shot,965,103.42,0.00,114.40,1,8.74,1
sglang,few_shot,966,115.65,0.00,135.75,1,7.37,1
sglang,few_shot,967,124.12,0.00,127.57,1,7.84,1
sglang,few_shot,968,96.12,0.00,114.40,1,8.74,1
sglang,few_shot,969,113.25,0.00,122.82,1,8.14,1
sglang,few_shot,970,93.28,0.00,121.79,1,8.21,1
sglang,few_shot,971,142.97,0.00,154.95,1,6.45,1
sglang,few_shot,972,132.81,0.00,143.85,1,6.95,1
sglang,few_shot,973,102.29,0.00,116.18,1,8.61,1
sglang,few_shot,974,119.32,0.00,142.82,1,7.00,1
sglang,few_shot,975,103.57,0.00,130.30,1,7.67,1
sglang,few_shot,976,94.78,0.00,108.51,1,9.22,1
sglang,few_shot,977,126.89,0.00,139.00,1,7.19,1
sglang,few_shot,978,108.20,0.00,134.71,1,7.42,1
sglang,few_shot,979,112.51,0.00,120.77,1,8.28,1
sglang,few_shot,980,105.74,0.00,125.61,1,7.96,1
sglang,few_shot,981,94.54,0.00,113.91,1,8.78,1
sglang,few_shot,982,124.21,31.32,155.54,2,12.86,1
sglang,few_shot,983,94.42,62.84,157.26,2,12.72,1
sglang,few_shot,984,121.87,26.91,148.78,2,13.44,1
sglang,few_shot,985,110.49,0.00,125.93,1,7.94,1
sglang,few_shot,986,115.56,29.08,144.63,2,13.83,1
sglang,few_shot,987,108.92,21.53,130.45,2,15.33,1
sglang,few_shot,988,99.94,33.21,133.14,2,15.02,1
sglang,few_shot,989,106.03,26.18,132.21,2,15.13,0
sglang,few_shot,990,96.27,23.38,119.65,2,16.72,1
sglang,few_shot,991,133.78,19.02,152.80,2,13.09,1
sglang,few_shot,992,107.79,31.43,139.22,2,14.37,1
sglang,few_shot,993,102.04,21.55,123.58,2,16.18,1
sglang,few_shot,994,94.69,23.24,117.93,2,16.96,1
sglang,few_shot,995,116.62,26.24,142.86,2,14.00,1
sglang,few_shot,996,103.38,22.32,125.69,2,15.91,1
sglang,few_shot,997,131.81,15.85,147.66,2,13.54,1
sglang,few_shot,998,117.39,31.53,148.92,2,13.43,1
sglang,few_shot,999,112.78,29.42,142.19,2,14.07,1
sglang,self_consistency,0,70154.03,0.00,70154.40,1,0.01,1
sglang,self_consistency,1,69995.31,0.00,69995.66,1,0.01,1
sglang,self_consistency,2,69966.63,0.00,69966.90,1,0.01,1
sglang,self_consistency,3,70002.49,0.00,70161.73,1,0.01,1
sglang,self_consistency,4,70040.94,0.00,70058.52,1,0.01,1
sglang,self_consistency,5,70124.97,0.00,70145.57,1,0.01,1
sglang,self_consistency,6,70108.16,0.00,70156.73,1,0.01,1
sglang,self_consistency,7,70030.72,0.00,70031.00,1,0.01,1
sglang,self_consistency,8,70111.28,0.00,70121.62,1,0.01,1
sglang,self_consistency,9,70035.41,0.00,70040.82,1,0.01,1
sglang,self_consistency,10,70118.72,0.00,70164.34,1,0.01,1
sglang,self_consistency,11,70032.64,0.00,70032.96,1,0.01,1
sglang,self_consistency,12,69995.45,0.00,70022.46,1,0.01,1
sglang,self_consistency,13,70059.72,0.00,70075.45,1,0.01,1
sglang,self_consistency,14,70048.87,0.00,70081.64,1,0.01,1
sglang,self_consistency,15,69976.27,0.00,69976.57,1,0.01,1
sglang,self_consistency,16,70050.40,0.00,70099.53,1,0.01,1
sglang,self_consistency,17,70108.15,0.00,70154.75,1,0.01,1
sglang,self_consistency,18,70050.69,0.00,70050.96,1,0.01,1
sglang,self_consistency,19,70007.01,0.00,70032.45,1,0.01,1
sglang,self_consistency,20,70088.34,0.00,70152.04,1,0.01,1
sglang,self_consistency,21,70043.31,0.00,70043.60,1,0.01,1
sglang,self_consistency,22,69998.73,0.00,70050.03,1,0.01,1
sglang,self_consistency,23,70114.19,0.00,70190.23,1,0.01,1
sglang,self_consistency,24,70062.27,0.00,70107.79,1,0.01,1
sglang,self_consistency,25,70041.96,0.00,70042.25,1,0.01,1
sglang,self_consistency,26,70063.35,0.00,70073.71,1,0.01,1
sglang,self_consistency,27,70124.77,0.00,70175.82,1,0.01,1
sglang,self_consistency,28,70002.00,0.00,70068.69,1,0.01,1
sglang,self_consistency,29,70008.43,0.00,70028.77,1,0.01,1
sglang,self_consistency,30,70093.84,0.00,70114.45,1,0.01,1
sglang,self_consistency,31,70132.95,0.00,70153.51,1,0.01,1
sglang,self_consistency,32,70096.14,0.00,70142.18,1,0.01,1
sglang,self_consistency,33,70087.06,0.00,70164.39,1,0.01,1
sglang,self_consistency,34,70118.80,0.00,70216.86,1,0.01,1
sglang,self_consistency,35,70028.26,0.00,70028.53,1,0.01,1
sglang,self_consistency,36,70028.39,0.00,70028.70,1,0.01,1
sglang,self_consistency,37,70098.61,0.00,70098.87,1,0.01,1
sglang,self_consistency,38,70115.53,0.00,70203.97,1,0.01,1
sglang,self_consistency,39,69994.71,0.00,70065.52,1,0.01,1
sglang,self_consistency,40,70073.09,0.00,70093.56,1,0.01,1
sglang,self_consistency,41,70132.15,0.00,70236.12,1,0.01,1
sglang,self_consistency,42,70049.90,0.00,70065.33,1,0.01,1
sglang,self_consistency,43,70030.47,0.00,70030.74,1,0.01,1
sglang,self_consistency,44,70073.21,0.00,70144.43,1,0.01,1
sglang,self_consistency,45,70107.48,0.00,70225.29,1,0.01,1
sglang,self_consistency,46,70039.29,0.00,70069.95,1,0.01,1
sglang,self_consistency,47,70037.54,0.00,70042.82,1,0.01,1
sglang,self_consistency,48,70119.28,0.00,70223.81,1,0.01,1
sglang,self_consistency,49,70076.70,0.00,70076.94,1,0.01,1
sglang,self_consistency,50,70048.55,0.00,70048.79,1,0.01,1
sglang,self_consistency,51,69951.84,0.00,70033.16,1,0.01,1
sglang,self_consistency,52,70047.80,0.00,70083.14,1,0.01,1
sglang,self_consistency,53,70185.25,0.00,70185.50,1,0.01,1
sglang,self_consistency,54,70220.08,0.00,70220.39,1,0.01,1
sglang,self_consistency,55,70175.77,0.00,70181.13,1,0.01,1
sglang,self_consistency,56,70128.22,0.00,70148.91,1,0.01,1
sglang,self_consistency,57,70103.61,0.00,70129.13,1,0.01,1
sglang,self_consistency,58,70152.48,0.00,70157.92,1,0.01,1
sglang,self_consistency,59,70119.51,0.00,70241.69,1,0.01,1
sglang,self_consistency,60,70118.68,0.00,70266.21,1,0.01,1
sglang,self_consistency,61,70116.98,0.00,70193.35,1,0.01,1
sglang,self_consistency,62,69949.84,0.00,70055.68,1,0.01,1
sglang,self_consistency,63,70116.35,0.00,70267.17,1,0.01,1
sglang,self_consistency,64,70093.56,0.00,70236.46,1,0.01,1
sglang,self_consistency,65,70063.28,0.00,70073.11,1,0.01,1
sglang,self_consistency,66,69974.65,0.00,70095.95,1,0.01,1
sglang,self_consistency,67,70041.42,0.00,70086.57,1,0.01,1
sglang,self_consistency,68,70221.27,0.00,70221.63,1,0.01,1
sglang,self_consistency,69,70259.41,0.00,70259.69,1,0.01,1
sglang,self_consistency,70,70060.88,0.00,70162.08,1,0.01,1
sglang,self_consistency,71,70179.61,0.00,70190.18,1,0.01,1
sglang,self_consistency,72,70084.10,0.00,70234.56,1,0.01,1
sglang,self_consistency,73,70120.94,0.00,70294.46,1,0.01,1
sglang,self_consistency,74,70051.74,0.00,70122.81,1,0.01,1
sglang,self_consistency,75,70054.36,0.00,70089.48,1,0.01,1
sglang,self_consistency,76,70085.34,0.00,70085.69,1,0.01,1
sglang,self_consistency,77,70118.89,0.00,70124.13,1,0.01,1
sglang,self_consistency,78,70095.59,0.00,70269.30,1,0.01,1
sglang,self_consistency,79,70096.23,0.00,70156.86,1,0.01,1
sglang,self_consistency,80,70217.64,0.00,70248.22,1,0.01,1
sglang,self_consistency,81,70026.63,0.00,70142.93,1,0.01,1
sglang,self_consistency,82,70011.23,0.00,70168.22,1,0.01,1
sglang,self_consistency,83,70207.56,0.00,70248.42,1,0.01,1
sglang,self_consistency,84,70241.98,0.00,70242.23,1,0.01,1
sglang,self_consistency,85,70093.81,0.00,70279.15,1,0.01,1
sglang,self_consistency,86,70135.27,0.00,70196.07,1,0.01,1
sglang,self_consistency,87,70200.90,0.00,70241.62,1,0.01,1
sglang,self_consistency,88,70242.58,0.00,70247.84,1,0.01,1
sglang,self_consistency,89,70258.02,0.00,70268.18,1,0.01,1
sglang,self_consistency,90,70108.56,0.00,70143.80,1,0.01,1
sglang,self_consistency,91,70121.85,0.00,70122.24,1,0.01,1
sglang,self_consistency,92,70098.36,0.00,70298.92,1,0.01,1
sglang,self_consistency,93,70199.44,0.00,70270.50,1,0.01,1
sglang,self_consistency,94,70208.28,0.00,70283.98,1,0.01,1
sglang,self_consistency,95,70057.11,0.00,70266.84,1,0.01,1
sglang,self_consistency,96,69972.43,0.00,70169.00,1,0.01,1
sglang,self_consistency,97,70143.14,0.00,70254.88,1,0.01,1
sglang,self_consistency,98,70099.89,0.00,70230.55,1,0.01,1
sglang,self_consistency,99,70119.25,0.00,70344.27,1,0.01,1
sglang,self_consistency,100,70245.47,0.00,70245.75,1,0.01,1
sglang,self_consistency,101,70215.03,0.00,70215.34,1,0.01,1
sglang,self_consistency,102,70089.32,0.00,70240.33,1,0.01,1
sglang,self_consistency,103,70171.02,0.00,70181.22,1,0.01,1
sglang,self_consistency,104,70090.28,0.00,70262.44,1,0.01,1
sglang,self_consistency,105,70124.55,0.00,70358.26,1,0.01,1
sglang,self_consistency,106,70247.65,0.00,70318.46,1,0.01,1
sglang,self_consistency,107,70151.24,0.00,70166.75,1,0.01,1
sglang,self_consistency,108,70143.73,0.00,70183.41,1,0.01,1
sglang,self_consistency,109,70042.69,0.00,70157.79,1,0.01,1
sglang,self_consistency,110,70191.32,0.00,70191.58,1,0.01,1
sglang,self_consistency,111,70071.12,0.00,70307.22,1,0.01,1
sglang,self_consistency,112,70265.77,0.00,70266.06,1,0.01,1
sglang,self_consistency,113,70341.13,0.00,70351.61,1,0.01,1
sglang,self_consistency,114,70307.13,0.00,70326.77,1,0.01,1
sglang,self_consistency,115,70286.72,0.00,70291.21,1,0.01,1
sglang,self_consistency,116,70265.05,0.00,70299.47,1,0.01,1
sglang,self_consistency,117,70335.33,0.00,70349.45,1,0.01,1
sglang,self_consistency,118,70088.59,0.00,70347.15,1,0.01,1
sglang,self_consistency,119,70106.19,0.00,70372.12,1,0.01,1
sglang,self_consistency,120,70152.39,0.00,70226.61,1,0.01,1
sglang,self_consistency,121,70317.49,0.00,70346.51,1,0.01,1
sglang,self_consistency,122,70109.12,0.00,70370.56,1,0.01,1
sglang,self_consistency,123,70087.05,0.00,70351.23,1,0.01,1
sglang,self_consistency,124,70317.64,0.00,70332.04,1,0.01,1
sglang,self_consistency,125,70202.38,0.00,70406.70,1,0.01,1
sglang,self_consistency,126,70211.91,0.00,70255.46,1,0.01,1
sglang,self_consistency,127,70366.10,0.00,70368.40,1,0.01,1
sglang,self_consistency,128,248.22,0.00,392.22,1,2.55,1
sglang,self_consistency,129,267.20,0.00,395.99,1,2.53,1
sglang,self_consistency,130,192.91,0.00,351.26,1,2.85,1
sglang,self_consistency,131,289.20,0.00,443.03,1,2.26,1
sglang,self_consistency,132,215.66,0.00,314.42,1,3.18,1
sglang,self_consistency,133,307.21,0.00,439.19,1,2.28,1
sglang,self_consistency,134,300.39,0.00,431.11,1,2.32,1
sglang,self_consistency,135,312.86,0.00,416.92,1,2.40,1
sglang,self_consistency,136,332.83,0.00,430.28,1,2.32,1
sglang,self_consistency,137,194.40,0.00,232.66,1,4.30,1
sglang,self_consistency,138,180.43,0.00,198.28,1,5.04,1
sglang,self_consistency,139,325.58,0.00,432.62,1,2.31,1
sglang,self_consistency,140,225.90,0.00,366.96,1,2.73,1
sglang,self_consistency,141,176.11,0.00,253.62,1,3.94,1
sglang,self_consistency,142,278.87,0.00,380.41,1,2.63,1
sglang,self_consistency,143,275.86,0.00,326.10,1,3.07,1
sglang,self_consistency,144,334.23,0.00,439.23,1,2.28,1
sglang,self_consistency,145,252.77,0.00,332.64,1,3.01,1
sglang,self_consistency,146,192.20,0.00,238.98,1,4.18,1
sglang,self_consistency,147,223.03,0.00,343.09,1,2.91,1
sglang,self_consistency,148,335.84,0.00,395.96,1,2.53,1
sglang,self_consistency,149,280.01,0.00,375.16,1,2.67,1
sglang,self_consistency,150,230.62,0.00,289.47,1,3.45,1
sglang,self_consistency,151,296.81,0.00,411.71,1,2.43,1
sglang,self_consistency,152,234.15,0.00,301.51,1,3.32,1
sglang,self_consistency,153,318.68,0.00,416.16,1,2.40,1
sglang,self_consistency,154,264.61,0.00,305.07,1,3.28,1
sglang,self_consistency,155,228.34,0.00,323.45,1,3.09,1
sglang,self_consistency,156,282.02,0.00,442.32,1,2.26,1
sglang,self_consistency,157,230.22,0.00,299.01,1,3.34,1
sglang,self_consistency,158,259.02,0.00,332.76,1,3.01,1
sglang,self_consistency,159,172.85,0.00,240.13,1,4.16,1
sglang,self_consistency,160,233.33,0.00,428.92,1,2.33,1
sglang,self_consistency,161,231.80,0.00,297.20,1,3.36,1
sglang,self_consistency,162,294.94,0.00,430.40,1,2.32,1
sglang,self_consistency,163,224.38,0.00,360.46,1,2.77,1
sglang,self_consistency,164,245.77,0.00,418.63,1,2.39,1
sglang,self_consistency,165,190.87,0.00,253.11,1,3.95,1
sglang,self_consistency,166,315.49,0.00,340.57,1,2.94,1
sglang,self_consistency,167,262.61,0.00,463.95,1,2.16,1
sglang,self_consistency,168,207.40,0.00,264.44,1,3.78,1
sglang,self_consistency,169,377.96,0.00,494.97,1,2.02,1
sglang,self_consistency,170,200.53,0.00,284.59,1,3.51,1
sglang,self_consistency,171,182.79,0.00,272.01,1,3.68,1
sglang,self_consistency,172,154.60,0.00,303.23,1,3.30,1
sglang,self_consistency,173,340.71,0.00,424.06,1,2.36,1
sglang,self_consistency,174,226.06,0.00,307.68,1,3.25,1
sglang,self_consistency,175,227.96,0.00,383.03,1,2.61,1
sglang,self_consistency,176,193.08,0.00,269.15,1,3.72,1
sglang,self_consistency,177,206.73,0.00,361.31,1,2.77,1
sglang,self_consistency,178,344.18,0.00,427.29,1,2.34,1
sglang,self_consistency,179,258.11,0.00,355.37,1,2.81,1
sglang,self_consistency,180,282.20,0.00,469.85,1,2.13,1
sglang,self_consistency,181,340.34,0.00,408.17,1,2.45,1
sglang,self_consistency,182,197.17,0.00,319.06,1,3.13,1
sglang,self_consistency,183,152.90,0.00,307.29,1,3.25,1
sglang,self_consistency,184,286.05,0.00,444.94,1,2.25,1
sglang,self_consistency,185,326.45,0.00,422.94,1,2.36,1
sglang,self_consistency,186,349.06,0.00,445.38,1,2.25,1
sglang,self_consistency,187,211.33,0.00,346.63,1,2.88,1
sglang,self_consistency,188,383.30,0.00,474.04,1,2.11,1
sglang,self_consistency,189,214.50,0.00,341.48,1,2.93,1
sglang,self_consistency,190,401.53,0.00,487.65,1,2.05,1
sglang,self_consistency,191,252.91,0.00,340.89,1,2.93,1
sglang,self_consistency,192,309.22,0.00,422.12,1,2.37,1
sglang,self_consistency,193,343.57,0.00,489.06,1,2.04,1
sglang,self_consistency,194,312.03,0.00,416.50,1,2.40,1
sglang,self_consistency,195,262.42,0.00,371.39,1,2.69,1
sglang,self_consistency,196,254.51,0.00,426.66,1,2.34,1
sglang,self_consistency,197,213.70,0.00,326.34,1,3.06,1
sglang,self_consistency,198,336.38,0.00,479.23,1,2.09,1
sglang,self_consistency,199,191.27,0.00,285.32,1,3.50,1
sglang,self_consistency,200,277.15,0.00,420.30,1,2.38,1
sglang,self_consistency,201,304.23,0.00,324.68,1,3.08,1
sglang,self_consistency,202,209.07,0.00,358.30,1,2.79,1
sglang,self_consistency,203,344.03,0.00,437.03,1,2.29,1
sglang,self_consistency,204,386.02,0.00,507.06,1,1.97,1
sglang,self_consistency,205,382.86,0.00,527.46,1,1.90,1
sglang,self_consistency,206,364.96,0.00,520.70,1,1.92,1
sglang,self_consistency,207,291.15,0.00,398.18,1,2.51,1
sglang,self_consistency,208,198.93,0.00,348.01,1,2.87,1
sglang,self_consistency,209,279.38,0.00,391.38,1,2.56,1
sglang,self_consistency,210,172.66,0.00,337.48,1,2.96,1
sglang,self_consistency,211,298.66,0.00,428.54,1,2.33,1
sglang,self_consistency,212,213.97,0.00,331.47,1,3.02,1
sglang,self_consistency,213,293.47,0.00,517.03,1,1.93,1
sglang,self_consistency,214,238.78,0.00,359.43,1,2.78,1
sglang,self_consistency,215,263.10,0.00,430.12,1,2.32,1
sglang,self_consistency,216,355.96,0.00,516.81,1,1.93,1
sglang,self_consistency,217,271.07,0.00,439.58,1,2.27,1
sglang,self_consistency,218,276.32,0.00,470.67,1,2.12,1
sglang,self_consistency,219,308.18,0.00,429.42,1,2.33,1
sglang,self_consistency,220,137.10,0.00,333.35,1,3.00,1
sglang,self_consistency,221,172.53,0.00,344.04,1,2.91,1
sglang,self_consistency,222,247.82,0.00,448.67,1,2.23,1
sglang,self_consistency,223,177.40,0.00,302.58,1,3.30,1
sglang,self_consistency,224,294.49,0.00,474.50,1,2.11,1
sglang,self_consistency,225,312.28,0.00,480.34,1,2.08,1
sglang,self_consistency,226,176.48,0.00,343.39,1,2.91,1
sglang,self_consistency,227,306.75,0.00,510.04,1,1.96,1
sglang,self_consistency,228,182.49,0.00,309.16,1,3.23,1
sglang,self_consistency,229,322.43,0.00,508.79,1,1.97,1
sglang,self_consistency,230,241.50,0.00,376.94,1,2.65,1
sglang,self_consistency,231,234.41,0.00,409.21,1,2.44,1
sglang,self_consistency,232,237.17,0.00,373.56,1,2.68,1
sglang,self_consistency,233,333.71,0.00,483.97,1,2.07,1
sglang,self_consistency,234,296.46,0.00,446.77,1,2.24,1
sglang,self_consistency,235,187.67,0.00,518.06,1,1.93,1
sglang,self_consistency,236,193.33,0.00,339.18,1,2.95,1
sglang,self_consistency,237,197.89,0.00,338.66,1,2.95,1
sglang,self_consistency,238,185.55,0.00,332.58,1,3.01,1
sglang,self_consistency,239,361.38,0.00,510.04,1,1.96,1
sglang,self_consistency,240,306.07,0.00,563.62,1,1.77,1
sglang,self_consistency,241,319.04,0.00,514.04,1,1.95,1
sglang,self_consistency,242,191.37,0.00,454.36,1,2.20,1
sglang,self_consistency,243,154.65,0.00,310.90,1,3.22,1
sglang,self_consistency,244,289.77,0.00,437.66,1,2.28,1
sglang,self_consistency,245,227.52,0.00,424.06,1,2.36,1
sglang,self_consistency,246,175.59,0.00,326.48,1,3.06,1
sglang,self_consistency,247,188.70,0.00,338.34,1,2.96,1
sglang,self_consistency,248,212.98,0.00,361.34,1,2.77,1
sglang,self_consistency,249,296.62,0.00,500.50,1,2.00,1
sglang,self_consistency,250,245.66,0.00,447.88,1,2.23,1
sglang,self_consistency,251,242.09,0.00,517.92,1,1.93,1
sglang,self_consistency,252,284.09,0.00,466.07,1,2.15,1
sglang,self_consistency,253,242.03,0.00,452.20,1,2.21,1
sglang,self_consistency,254,137.32,0.00,382.54,1,2.61,1
sglang,self_consistency,255,258.34,0.00,424.74,1,2.35,1
sglang,self_consistency,256,155.53,0.00,263.00,1,3.80,1
sglang,self_consistency,257,226.36,0.00,336.79,1,2.97,1
sglang,self_consistency,258,150.77,0.00,261.33,1,3.83,1
sglang,self_consistency,259,146.71,0.00,258.75,1,3.86,1
sglang,self_consistency,260,223.26,0.00,338.96,1,2.95,1
sglang,self_consistency,261,207.44,0.00,327.33,1,3.06,1
sglang,self_consistency,262,180.64,0.00,299.95,1,3.33,1
sglang,self_consistency,263,255.30,0.00,321.36,1,3.11,1
sglang,self_consistency,264,240.31,0.00,332.74,1,3.01,1
sglang,self_consistency,265,251.83,0.00,336.61,1,2.97,1
sglang,self_consistency,266,217.89,0.00,344.06,1,2.91,1
sglang,self_consistency,267,258.57,0.00,316.86,1,3.16,1
sglang,self_consistency,268,170.78,0.00,265.08,1,3.77,1
sglang,self_consistency,269,179.13,0.00,305.07,1,3.28,1
sglang,self_consistency,270,147.31,0.00,237.33,1,4.21,1
sglang,self_consistency,271,217.40,0.00,283.74,1,3.52,1
sglang,self_consistency,272,205.23,0.00,274.53,1,3.64,1
sglang,self_consistency,273,187.04,0.00,225.62,1,4.43,1
sglang,self_consistency,274,204.67,0.00,340.58,1,2.94,1
sglang,self_consistency,275,206.83,0.00,319.88,1,3.13,1
sglang,self_consistency,276,281.69,0.00,327.95,1,3.05,1
sglang,self_consistency,277,230.97,0.00,315.53,1,3.17,1
sglang,self_consistency,278,239.27,0.00,318.38,1,3.14,1
sglang,self_consistency,279,197.97,0.00,280.55,1,3.56,1
sglang,self_consistency,280,193.76,0.00,281.85,1,3.55,1
sglang,self_consistency,281,177.18,0.00,239.25,1,4.18,1
sglang,self_consistency,282,250.62,0.00,338.42,1,2.95,1
sglang,self_consistency,283,246.96,0.00,364.73,1,2.74,1
sglang,self_consistency,284,230.94,0.00,298.85,1,3.35,1
sglang,self_consistency,285,182.90,0.00,369.00,1,2.71,1
sglang,self_consistency,286,162.41,0.00,248.46,1,4.02,1
sglang,self_consistency,287,172.98,0.00,293.37,1,3.41,1
sglang,self_consistency,288,288.86,0.00,362.54,1,2.76,1
sglang,self_consistency,289,264.01,0.00,364.40,1,2.74,1
sglang,self_consistency,290,236.05,0.00,302.38,1,3.31,1
sglang,self_consistency,291,175.09,0.00,239.54,1,4.17,1
sglang,self_consistency,292,250.22,0.00,326.65,1,3.06,1
sglang,self_consistency,293,223.85,0.00,323.39,1,3.09,1
sglang,self_consistency,294,271.26,0.00,367.96,1,2.72,1
sglang,self_consistency,295,157.65,0.00,230.48,1,4.34,1
sglang,self_consistency,296,172.84,0.00,296.71,1,3.37,1
sglang,self_consistency,297,179.71,0.00,251.81,1,3.97,1
sglang,self_consistency,298,182.52,0.00,290.91,1,3.44,1
sglang,self_consistency,299,181.15,0.00,279.80,1,3.57,1
sglang,self_consistency,300,174.48,0.00,244.89,1,4.08,1
sglang,self_consistency,301,266.93,0.00,356.29,1,2.81,1
sglang,self_consistency,302,195.91,0.00,296.75,1,3.37,1
sglang,self_consistency,303,206.25,0.00,308.53,1,3.24,1
sglang,self_consistency,304,190.46,0.00,269.03,1,3.72,1
sglang,self_consistency,305,185.78,0.00,306.49,1,3.26,1
sglang,self_consistency,306,196.81,0.00,311.26,1,3.21,1
sglang,self_consistency,307,161.24,0.00,276.33,1,3.62,1
sglang,self_consistency,308,255.62,0.00,328.41,1,3.05,1
sglang,self_consistency,309,169.37,0.00,308.33,1,3.24,1
sglang,self_consistency,310,234.31,0.00,343.94,1,2.91,1
sglang,self_consistency,311,238.37,0.00,315.88,1,3.17,1
sglang,self_consistency,312,158.30,0.00,312.58,1,3.20,1
sglang,self_consistency,313,164.50,0.00,257.12,1,3.89,1
sglang,self_consistency,314,155.22,0.00,397.73,1,2.51,1
sglang,self_consistency,315,198.30,0.00,383.30,1,2.61,1
sglang,self_consistency,316,292.45,0.00,381.69,1,2.62,1
sglang,self_consistency,317,219.44,0.00,372.32,1,2.69,1
sglang,self_consistency,318,250.03,0.00,352.81,1,2.83,1
sglang,self_consistency,319,227.38,0.00,424.25,1,2.36,1
sglang,self_consistency,320,137.02,0.00,302.69,1,3.30,1
sglang,self_consistency,321,191.85,0.00,352.97,1,2.83,1
sglang,self_consistency,322,244.68,0.00,379.61,1,2.63,1
sglang,self_consistency,323,160.36,0.00,324.38,1,3.08,1
sglang,self_consistency,324,204.51,0.00,314.88,1,3.18,1
sglang,self_consistency,325,182.55,0.00,282.17,1,3.54,1
sglang,self_consistency,326,235.95,0.00,398.00,1,2.51,1
sglang,self_consistency,327,176.51,0.00,292.77,1,3.42,1
sglang,self_consistency,328,179.14,0.00,283.78,1,3.52,1
sglang,self_consistency,329,237.68,0.00,382.30,1,2.62,1
sglang,self_consistency,330,253.61,0.00,426.59,1,2.34,1
sglang,self_consistency,331,182.34,0.00,306.30,1,3.26,1
sglang,self_consistency,332,254.04,0.00,425.79,1,2.35,1
sglang,self_consistency,333,213.98,0.00,355.86,1,2.81,1
sglang,self_consistency,334,167.18,0.00,277.66,1,3.60,1
sglang,self_consistency,335,163.21,0.00,332.94,1,3.00,1
sglang,self_consistency,336,260.60,0.00,371.04,1,2.70,1
sglang,self_consistency,337,208.71,0.00,326.41,1,3.06,1
sglang,self_consistency,338,216.66,0.00,323.53,1,3.09,1
sglang,self_consistency,339,256.74,0.00,368.16,1,2.72,1
sglang,self_consistency,340,236.38,0.00,414.80,1,2.41,1
sglang,self_consistency,341,229.54,0.00,338.36,1,2.96,1
sglang,self_consistency,342,197.65,0.00,317.96,1,3.15,1
sglang,self_consistency,343,267.09,0.00,382.21,1,2.62,1
sglang,self_consistency,344,145.40,0.00,304.14,1,3.29,1
sglang,self_consistency,345,245.80,0.00,361.57,1,2.77,1
sglang,self_consistency,346,209.67,0.00,342.09,1,2.92,1
sglang,self_consistency,347,229.13,0.00,415.52,1,2.41,1
sglang,self_consistency,348,243.83,0.00,379.84,1,2.63,1
sglang,self_consistency,349,214.40,0.00,343.44,1,2.91,1
sglang,self_consistency,350,161.80,0.00,331.29,1,3.02,1
sglang,self_consistency,351,232.46,0.00,390.70,1,2.56,1
sglang,self_consistency,352,166.24,0.00,396.59,1,2.52,1
sglang,self_consistency,353,200.15,0.00,359.66,1,2.78,1
sglang,self_consistency,354,188.80,0.00,326.00,1,3.07,1
sglang,self_consistency,355,249.51,0.00,414.81,1,2.41,1
sglang,self_consistency,356,252.94,0.00,446.69,1,2.24,1
sglang,self_consistency,357,201.25,0.00,404.48,1,2.47,1
sglang,self_consistency,358,260.23,0.00,393.04,1,2.54,1
sglang,self_consistency,359,168.55,0.00,407.98,1,2.45,1
sglang,self_consistency,360,195.91,0.00,343.39,1,2.91,1
sglang,self_consistency,361,222.98,0.00,434.85,1,2.30,1
sglang,self_consistency,362,269.69,0.00,440.57,1,2.27,1
sglang,self_consistency,363,182.53,0.00,395.55,1,2.53,1
sglang,self_consistency,364,171.89,0.00,413.52,1,2.42,1
sglang,self_consistency,365,155.36,0.00,355.24,1,2.82,1
sglang,self_consistency,366,126.64,0.00,341.70,1,2.93,1
sglang,self_consistency,367,197.18,0.00,332.90,1,3.00,1
sglang,self_consistency,368,260.97,0.00,470.67,1,2.12,1
sglang,self_consistency,369,246.91,0.00,392.60,1,2.55,1
sglang,self_consistency,370,193.20,0.00,336.10,1,2.98,1
sglang,self_consistency,371,224.86,0.00,369.45,1,2.71,1
sglang,self_consistency,372,117.25,0.00,369.59,1,2.71,1
sglang,self_consistency,373,196.37,0.00,366.14,1,2.73,1
sglang,self_consistency,374,190.91,0.00,348.30,1,2.87,1
sglang,self_consistency,375,225.92,0.00,450.57,1,2.22,1
sglang,self_consistency,376,180.23,0.00,431.36,1,2.32,1
sglang,self_consistency,377,258.23,0.00,426.04,1,2.35,1
sglang,self_consistency,378,192.44,0.00,393.42,1,2.54,1
sglang,self_consistency,379,185.43,0.00,364.34,1,2.74,1
sglang,self_consistency,380,255.24,0.00,489.32,1,2.04,1
sglang,self_consistency,381,292.19,0.00,457.28,1,2.19,1
sglang,self_consistency,382,196.98,0.00,374.29,1,2.67,1
sglang,self_consistency,383,243.66,0.00,434.88,1,2.30,1
sglang,self_consistency,384,131.64,0.00,155.29,1,6.44,1
sglang,self_consistency,385,203.51,0.00,329.35,1,3.04,1
sglang,self_consistency,386,191.93,0.00,279.20,1,3.58,1
sglang,self_consistency,387,168.33,0.00,246.19,1,4.06,1
sglang,self_consistency,388,204.34,0.00,296.96,1,3.37,1
sglang,self_consistency,389,196.79,0.00,287.78,1,3.47,1
sglang,self_consistency,390,249.24,0.00,342.08,1,2.92,1
sglang,self_consistency,391,210.79,0.00,307.21,1,3.26,1
sglang,self_consistency,392,178.31,0.00,224.59,1,4.45,1
sglang,self_consistency,393,164.63,0.00,265.98,1,3.76,1
sglang,self_consistency,394,204.13,0.00,305.61,1,3.27,1
sglang,self_consistency,395,205.60,0.00,276.67,1,3.61,1
sglang,self_consistency,396,249.41,0.00,346.56,1,2.89,1
sglang,self_consistency,397,153.44,0.00,245.44,1,4.07,1
sglang,self_consistency,398,175.53,0.00,225.55,1,4.43,1
sglang,self_consistency,399,246.08,0.00,319.18,1,3.13,1
sglang,self_consistency,400,192.98,0.00,229.09,1,4.37,1
sglang,self_consistency,401,241.90,0.00,317.84,1,3.15,1
sglang,self_consistency,402,186.70,0.00,295.96,1,3.38,1
sglang,self_consistency,403,232.38,0.00,311.37,1,3.21,1
sglang,self_consistency,404,268.27,0.00,332.13,1,3.01,1
sglang,self_consistency,405,260.66,0.00,359.15,1,2.78,1
sglang,self_consistency,406,172.27,0.00,229.74,1,4.35,1
sglang,self_consistency,407,197.80,0.00,286.58,1,3.49,1
sglang,self_consistency,408,204.97,0.00,288.80,1,3.46,1
sglang,self_consistency,409,208.62,0.00,255.46,1,3.91,1
sglang,self_consistency,410,192.17,0.00,259.50,1,3.85,1
sglang,self_consistency,411,157.03,0.00,263.27,1,3.80,1
sglang,self_consistency,412,262.63,0.00,313.60,1,3.19,1
sglang,self_consistency,413,199.37,0.00,246.88,1,4.05,1
sglang,self_consistency,414,192.17,0.00,257.43,1,3.88,1
sglang,self_consistency,415,259.70,0.00,357.61,1,2.80,1
sglang,self_consistency,416,211.11,0.00,286.63,1,3.49,1
sglang,self_consistency,417,196.79,0.00,362.00,1,2.76,1
sglang,self_consistency,418,153.43,0.00,229.77,1,4.35,1
sglang,self_consistency,419,224.15,0.00,326.69,1,3.06,1
sglang,self_consistency,420,194.03,0.00,307.78,1,3.25,1
sglang,self_consistency,421,205.47,0.00,281.93,1,3.55,1
sglang,self_consistency,422,221.55,0.00,347.50,1,2.88,1
sglang,self_consistency,423,204.74,0.00,253.25,1,3.95,1
sglang,self_consistency,424,185.32,0.00,268.00,1,3.73,1
sglang,self_consistency,425,247.10,0.00,374.99,1,2.67,1
sglang,self_consistency,426,298.25,0.00,383.90,1,2.60,1
sglang,self_consistency,427,190.31,0.00,271.85,1,3.68,1
sglang,self_consistency,428,196.72,0.00,322.00,1,3.11,1
sglang,self_consistency,429,214.01,0.00,307.71,1,3.25,1
sglang,self_consistency,430,194.63,0.00,334.24,1,2.99,1
sglang,self_consistency,431,165.79,0.00,257.32,1,3.89,1
sglang,self_consistency,432,205.92,0.00,272.52,1,3.67,1
sglang,self_consistency,433,202.11,0.00,288.49,1,3.47,1
sglang,self_consistency,434,191.77,0.00,328.21,1,3.05,1
sglang,self_consistency,435,210.10,0.00,296.11,1,3.38,1
sglang,self_consistency,436,203.44,0.00,301.53,1,3.32,1
sglang,self_consistency,437,220.35,0.00,368.83,1,2.71,1
sglang,self_consistency,438,163.73,0.00,315.68,1,3.17,1
sglang,self_consistency,439,199.05,0.00,269.69,1,3.71,1
sglang,self_consistency,440,184.29,0.00,265.50,1,3.77,1
sglang,self_consistency,441,260.78,0.00,351.84,1,2.84,1
sglang,self_consistency,442,211.35,0.00,365.41,1,2.74,1
sglang,self_consistency,443,164.64,0.00,264.89,1,3.78,1
sglang,self_consistency,444,215.11,0.00,298.88,1,3.35,1
sglang,self_consistency,445,183.51,0.00,284.10,1,3.52,1
sglang,self_consistency,446,185.93,0.00,341.46,1,2.93,1
sglang,self_consistency,447,211.82,0.00,318.22,1,3.14,1
sglang,self_consistency,448,188.48,0.00,324.06,1,3.09,1
sglang,self_consistency,449,304.23,0.00,404.88,1,2.47,1
sglang,self_consistency,450,167.47,0.00,330.33,1,3.03,1
sglang,self_consistency,451,288.46,0.00,387.77,1,2.58,1
sglang,self_consistency,452,173.41,0.00,262.75,1,3.81,1
sglang,self_consistency,453,215.01,0.00,319.35,1,3.13,1
sglang,self_consistency,454,180.98,0.00,318.52,1,3.14,1
sglang,self_consistency,455,177.58,0.00,272.60,1,3.67,1
sglang,self_consistency,456,182.76,0.00,280.59,1,3.56,1
sglang,self_consistency,457,233.47,0.00,359.92,1,2.78,1
sglang,self_consistency,458,263.00,0.00,424.12,1,2.36,1
sglang,self_consistency,459,250.38,0.00,352.23,1,2.84,1
sglang,self_consistency,460,147.52,0.00,245.48,1,4.07,1
sglang,self_consistency,461,267.02,0.00,367.54,1,2.72,1
sglang,self_consistency,462,196.10,0.00,316.07,1,3.16,1
sglang,self_consistency,463,227.01,0.00,400.27,1,2.50,1
sglang,self_consistency,464,233.50,0.00,347.21,1,2.88,1
sglang,self_consistency,465,270.48,0.00,424.50,1,2.36,1
sglang,self_consistency,466,280.64,0.00,388.35,1,2.57,1
sglang,self_consistency,467,191.01,0.00,295.76,1,3.38,1
sglang,self_consistency,468,282.97,0.00,398.44,1,2.51,1
sglang,self_consistency,469,266.04,0.00,372.77,1,2.68,1
sglang,self_consistency,470,183.91,0.00,346.68,1,2.88,1
sglang,self_consistency,471,252.53,0.00,393.19,1,2.54,1
sglang,self_consistency,472,179.89,0.00,305.41,1,3.27,1
sglang,self_consistency,473,271.38,0.00,435.86,1,2.29,1
sglang,self_consistency,474,246.96,0.00,375.65,1,2.66,1
sglang,self_consistency,475,211.03,0.00,395.16,1,2.53,1
sglang,self_consistency,476,257.30,0.00,386.74,1,2.59,1
sglang,self_consistency,477,268.81,0.00,433.24,1,2.31,1
sglang,self_consistency,478,247.85,0.00,399.31,1,2.50,1
sglang,self_consistency,479,192.78,0.00,336.89,1,2.97,1
sglang,self_consistency,480,167.10,0.00,366.95,1,2.73,1
sglang,self_consistency,481,301.35,0.00,434.32,1,2.30,1
sglang,self_consistency,482,162.44,0.00,286.69,1,3.49,1
sglang,self_consistency,483,181.46,0.00,305.76,1,3.27,1
sglang,self_consistency,484,232.05,0.00,431.81,1,2.32,1
sglang,self_consistency,485,168.40,0.00,311.95,1,3.21,1
sglang,self_consistency,486,177.76,0.00,327.36,1,3.05,1
sglang,self_consistency,487,199.75,0.00,335.96,1,2.98,1
sglang,self_consistency,488,244.12,0.00,447.59,1,2.23,1
sglang,self_consistency,489,321.97,0.00,416.94,1,2.40,1
sglang,self_consistency,490,229.41,0.00,359.84,1,2.78,1
sglang,self_consistency,491,253.68,0.00,384.62,1,2.60,1
sglang,self_consistency,492,206.92,0.00,410.13,1,2.44,1
sglang,self_consistency,493,199.01,0.00,339.44,1,2.95,1
sglang,self_consistency,494,218.58,0.00,372.00,1,2.69,1
sglang,self_consistency,495,201.18,0.00,371.36,1,2.69,1
sglang,self_consistency,496,150.17,0.00,365.02,1,2.74,1
sglang,self_consistency,497,152.00,0.00,374.56,1,2.67,1
sglang,self_consistency,498,203.04,0.00,352.07,1,2.84,1
sglang,self_consistency,499,197.71,0.00,357.89,1,2.79,1
sglang,self_consistency,500,189.58,0.00,316.84,1,3.16,1
sglang,self_consistency,501,298.80,0.00,453.89,1,2.20,1
sglang,self_consistency,502,249.10,0.00,413.37,1,2.42,1
sglang,self_consistency,503,233.33,0.00,387.64,1,2.58,1
sglang,self_consistency,504,168.63,0.00,337.53,1,2.96,1
sglang,self_consistency,505,256.86,0.00,460.37,1,2.17,1
sglang,self_consistency,506,201.33,0.00,404.09,1,2.47,1
sglang,self_consistency,507,174.77,0.00,401.35,1,2.49,1
sglang,self_consistency,508,186.72,0.00,361.41,1,2.77,1
sglang,self_consistency,509,221.80,0.00,449.37,1,2.23,1
sglang,self_consistency,510,227.27,0.00,385.16,1,2.60,1
sglang,self_consistency,511,286.23,0.00,464.45,1,2.15,1
sglang,self_consistency,512,316.64,0.00,494.40,1,2.02,1
sglang,self_consistency,513,194.04,0.00,294.95,1,3.39,1
sglang,self_consistency,514,164.70,0.00,266.41,1,3.75,1
sglang,self_consistency,515,202.93,0.00,315.01,1,3.17,1
sglang,self_consistency,516,162.96,0.00,273.10,1,3.66,1
sglang,self_consistency,517,181.74,0.00,289.61,1,3.45,1
sglang,self_consistency,518,193.95,0.00,337.50,1,2.96,1
sglang,self_consistency,519,187.88,0.00,278.46,1,3.59,1
sglang,self_consistency,520,210.74,0.00,272.77,1,3.67,1
sglang,self_consistency,521,174.76,0.00,336.71,1,2.97,1
sglang,self_consistency,522,170.93,0.00,319.38,1,3.13,1
sglang,self_consistency,523,125.30,0.00,237.55,1,4.21,1
sglang,self_consistency,524,142.42,0.00,294.23,1,3.40,1
sglang,self_consistency,525,197.88,0.00,294.51,1,3.40,1
sglang,self_consistency,526,181.51,0.00,275.76,1,3.63,1
sglang,self_consistency,527,219.95,0.00,309.63,1,3.23,1
sglang,self_consistency,528,151.06,0.00,344.94,1,2.90,1
sglang,self_consistency,529,149.70,0.00,277.89,1,3.60,1
sglang,self_consistency,530,180.54,0.00,339.33,1,2.95,1
sglang,self_consistency,531,177.11,0.00,310.97,1,3.22,1
sglang,self_consistency,532,217.42,0.00,256.35,1,3.90,1
sglang,self_consistency,533,215.84,0.00,268.87,1,3.72,1
sglang,self_consistency,534,151.58,0.00,253.30,1,3.95,1
sglang,self_consistency,535,223.85,0.00,363.05,1,2.75,1
sglang,self_consistency,536,187.68,0.00,235.02,1,4.25,1
sglang,self_consistency,537,218.73,0.00,281.44,1,3.55,1
sglang,self_consistency,538,204.49,0.00,315.70,1,3.17,1
sglang,self_consistency,539,191.65,0.00,328.60,1,3.04,1
sglang,self_consistency,540,175.77,0.00,222.91,1,4.49,1
sglang,self_consistency,541,240.91,0.00,353.85,1,2.83,1
sglang,self_consistency,542,235.68,0.00,348.92,1,2.87,1
sglang,self_consistency,543,169.69,0.00,361.38,1,2.77,1
sglang,self_consistency,544,168.79,0.00,317.28,1,3.15,1
sglang,self_consistency,545,220.75,0.00,273.75,1,3.65,1
sglang,self_consistency,546,214.31,0.00,309.31,1,3.23,1
sglang,self_consistency,547,174.24,0.00,328.96,1,3.04,1
sglang,self_consistency,548,238.46,0.00,341.39,1,2.93,1
sglang,self_consistency,549,204.48,0.00,334.13,1,2.99,1
sglang,self_consistency,550,249.24,0.00,371.89,1,2.69,1
sglang,self_consistency,551,185.10,0.00,292.60,1,3.42,1
sglang,self_consistency,552,315.27,0.00,378.05,1,2.65,1
sglang,self_consistency,553,230.55,0.00,301.08,1,3.32,1
sglang,self_consistency,554,214.71,0.00,313.83,1,3.19,1
sglang,self_consistency,555,188.35,0.00,260.66,1,3.84,1
sglang,self_consistency,556,177.12,0.00,367.08,1,2.72,1
sglang,self_consistency,557,169.27,0.00,240.08,1,4.17,1
sglang,self_consistency,558,179.43,0.00,285.40,1,3.50,1
sglang,self_consistency,559,143.02,0.00,278.33,1,3.59,1
sglang,self_consistency,560,184.30,0.00,267.48,1,3.74,1
sglang,self_consistency,561,181.86,0.00,287.58,1,3.48,1
sglang,self_consistency,562,208.29,0.00,342.71,1,2.92,1
sglang,self_consistency,563,170.83,0.00,306.52,1,3.26,1
sglang,self_consistency,564,317.85,0.00,400.04,1,2.50,1
sglang,self_consistency,565,195.48,0.00,313.36,1,3.19,1
sglang,self_consistency,566,195.22,0.00,283.87,1,3.52,1
sglang,self_consistency,567,261.44,0.00,398.65,1,2.51,1
sglang,self_consistency,568,245.18,0.00,367.82,1,2.72,1
sglang,self_consistency,569,192.70,0.00,276.83,1,3.61,1
sglang,self_consistency,570,197.73,0.00,368.83,1,2.71,1
sglang,self_consistency,571,179.72,0.00,274.62,1,3.64,1
sglang,self_consistency,572,183.00,0.00,287.10,1,3.48,1
sglang,self_consistency,573,188.10,0.00,335.71,1,2.98,1
sglang,self_consistency,574,198.14,0.00,380.08,1,2.63,1
sglang,self_consistency,575,161.35,0.00,343.59,1,2.91,1
sglang,self_consistency,576,189.62,0.00,281.73,1,3.55,1
sglang,self_consistency,577,239.21,0.00,390.14,1,2.56,1
sglang,self_consistency,578,176.53,0.00,267.32,1,3.74,1
sglang,self_consistency,579,218.39,0.00,398.50,1,2.51,1
sglang,self_consistency,580,169.22,0.00,297.90,1,3.36,1
sglang,self_consistency,581,185.65,0.00,294.84,1,3.39,1
sglang,self_consistency,582,127.58,0.00,317.62,1,3.15,1
sglang,self_consistency,583,197.65,0.00,386.90,1,2.58,1
sglang,self_consistency,584,150.56,0.00,288.35,1,3.47,1
sglang,self_consistency,585,160.29,0.00,265.70,1,3.76,1
sglang,self_consistency,586,166.26,0.00,285.06,1,3.51,1
sglang,self_consistency,587,175.10,0.00,285.09,1,3.51,1
sglang,self_consistency,588,261.96,0.00,377.50,1,2.65,1
sglang,self_consistency,589,151.52,0.00,341.62,1,2.93,1
sglang,self_consistency,590,210.77,0.00,386.32,1,2.59,1
sglang,self_consistency,591,254.87,0.00,393.55,1,2.54,1
sglang,self_consistency,592,282.93,0.00,398.54,1,2.51,1
sglang,self_consistency,593,234.34,0.00,358.62,1,2.79,1
sglang,self_consistency,594,197.09,0.00,352.08,1,2.84,1
sglang,self_consistency,595,158.22,0.00,406.39,1,2.46,1
sglang,self_consistency,596,160.45,0.00,336.49,1,2.97,1
sglang,self_consistency,597,164.42,0.00,287.56,1,3.48,1
sglang,self_consistency,598,230.99,0.00,435.76,1,2.29,1
sglang,self_consistency,599,237.72,0.00,354.88,1,2.82,1
sglang,self_consistency,600,220.27,0.00,378.94,1,2.64,1
sglang,self_consistency,601,268.98,0.00,401.58,1,2.49,1
sglang,self_consistency,602,227.07,0.00,388.68,1,2.57,1
sglang,self_consistency,603,141.44,0.00,296.77,1,3.37,1
sglang,self_consistency,604,244.34,0.00,421.86,1,2.37,1
sglang,self_consistency,605,167.74,0.00,353.86,1,2.83,1
sglang,self_consistency,606,165.05,0.00,301.77,1,3.31,1
sglang,self_consistency,607,162.35,0.00,326.13,1,3.07,1
sglang,self_consistency,608,236.44,0.00,368.54,1,2.71,1
sglang,self_consistency,609,190.02,0.00,385.39,1,2.59,1
sglang,self_consistency,610,219.68,0.00,357.80,1,2.79,1
sglang,self_consistency,611,165.04,0.00,309.55,1,3.23,1
sglang,self_consistency,612,196.68,0.00,449.44,1,2.22,1
sglang,self_consistency,613,177.21,0.00,338.71,1,2.95,1
sglang,self_consistency,614,167.63,0.00,317.63,1,3.15,1
sglang,self_consistency,615,222.95,0.00,359.16,1,2.78,1
sglang,self_consistency,616,174.11,0.00,314.66,1,3.18,1
sglang,self_consistency,617,191.14,0.00,332.34,1,3.01,1
sglang,self_consistency,618,269.29,0.00,443.02,1,2.26,1
sglang,self_consistency,619,146.62,0.00,370.56,1,2.70,1
sglang,self_consistency,620,187.68,0.00,416.91,1,2.40,1
sglang,self_consistency,621,258.57,0.00,463.32,1,2.16,1
sglang,self_consistency,622,200.57,0.00,430.11,1,2.32,1
sglang,self_consistency,623,171.96,0.00,435.79,1,2.29,1
sglang,self_consistency,624,195.50,0.00,337.79,1,2.96,1
sglang,self_consistency,625,177.65,0.00,366.97,1,2.73,1
sglang,self_consistency,626,145.68,0.00,331.44,1,3.02,1
sglang,self_consistency,627,269.20,0.00,451.29,1,2.22,1
sglang,self_consistency,628,225.63,0.00,386.45,1,2.59,1
sglang,self_consistency,629,221.18,0.00,404.05,1,2.47,1
sglang,self_consistency,630,215.25,0.00,406.23,1,2.46,1
sglang,self_consistency,631,198.20,0.00,359.03,1,2.79,1
sglang,self_consistency,632,157.71,0.00,323.65,1,3.09,1
sglang,self_consistency,633,155.28,0.00,374.79,1,2.67,1
sglang,self_consistency,634,189.62,0.00,377.14,1,2.65,1
sglang,self_consistency,635,143.55,0.00,367.15,1,2.72,1
sglang,self_consistency,636,155.75,0.00,356.31,1,2.81,1
sglang,self_consistency,637,188.49,0.00,404.13,1,2.47,1
sglang,self_consistency,638,178.21,0.00,374.06,1,2.67,1
sglang,self_consistency,639,173.60,0.00,377.93,1,2.65,1
sglang,self_consistency,640,169.21,0.00,366.20,1,2.73,1
sglang,self_consistency,641,126.59,0.00,261.62,1,3.82,1
sglang,self_consistency,642,119.40,0.00,257.54,1,3.88,1
sglang,self_consistency,643,182.19,0.00,319.37,1,3.13,1
sglang,self_consistency,644,207.24,0.00,342.56,1,2.92,1
sglang,self_consistency,645,136.43,0.00,237.12,1,4.22,1
sglang,self_consistency,646,154.93,0.00,292.84,1,3.41,1
sglang,self_consistency,647,158.38,0.00,337.51,1,2.96,1
sglang,self_consistency,648,186.53,0.00,296.20,1,3.38,1
sglang,self_consistency,649,196.10,0.00,308.86,1,3.24,1
sglang,self_consistency,650,199.46,0.00,311.65,1,3.21,1
sglang,self_consistency,651,145.84,0.00,289.31,1,3.46,1
sglang,self_consistency,652,145.39,0.00,231.35,1,4.32,1
sglang,self_consistency,653,167.43,0.00,284.64,1,3.51,1
sglang,self_consistency,654,169.26,0.00,242.75,1,4.12,1
sglang,self_consistency,655,231.99,0.00,328.48,1,3.04,1
sglang,self_consistency,656,186.57,0.00,339.18,1,2.95,1
sglang,self_consistency,657,172.41,0.00,327.69,1,3.05,1
sglang,self_consistency,658,183.97,0.00,226.33,1,4.42,1
sglang,self_consistency,659,215.98,0.00,288.43,1,3.47,1
sglang,self_consistency,660,169.97,0.00,357.80,1,2.79,1
sglang,self_consistency,661,179.41,0.00,286.22,1,3.49,1
sglang,self_consistency,662,162.22,0.00,258.52,1,3.87,1
sglang,self_consistency,663,236.83,0.00,371.46,1,2.69,1
sglang,self_consistency,664,225.98,0.00,328.33,1,3.05,1
sglang,self_consistency,665,197.89,0.00,283.37,1,3.53,1
sglang,self_consistency,666,230.12,0.00,337.81,1,2.96,1
sglang,self_consistency,667,213.04,0.00,356.16,1,2.81,1
sglang,self_consistency,668,151.08,0.00,241.11,1,4.15,1
sglang,self_consistency,669,165.58,0.00,277.25,1,3.61,1
sglang,self_consistency,670,193.64,0.00,330.87,1,3.02,1
sglang,self_consistency,671,166.33,0.00,280.71,1,3.56,1
sglang,self_consistency,672,236.57,0.00,347.53,1,2.88,1
sglang,self_consistency,673,240.92,0.00,335.61,1,2.98,1
sglang,self_consistency,674,228.82,0.00,294.22,1,3.40,1
sglang,self_consistency,675,243.64,0.00,332.86,1,3.00,1
sglang,self_consistency,676,213.78,0.00,332.80,1,3.00,1
sglang,self_consistency,677,166.93,0.00,310.38,1,3.22,1
sglang,self_consistency,678,218.01,0.00,315.43,1,3.17,1
sglang,self_consistency,679,248.11,0.00,392.62,1,2.55,1
sglang,self_consistency,680,266.45,0.00,392.55,1,2.55,1
sglang,self_consistency,681,183.92,0.00,265.69,1,3.76,1
sglang,self_consistency,682,158.36,0.00,251.88,1,3.97,1
sglang,self_consistency,683,202.17,0.00,276.47,1,3.62,1
sglang,self_consistency,684,193.26,0.00,344.61,1,2.90,1
sglang,self_consistency,685,174.72,0.00,305.61,1,3.27,1
sglang,self_consistency,686,206.20,0.00,288.32,1,3.47,1
sglang,self_consistency,687,182.78,0.00,255.94,1,3.91,1
sglang,self_consistency,688,201.44,0.00,333.19,1,3.00,1
sglang,self_consistency,689,183.98,0.00,320.30,1,3.12,1
sglang,self_consistency,690,225.63,0.00,304.60,1,3.28,1
sglang,self_consistency,691,174.74,0.00,265.27,1,3.77,1
sglang,self_consistency,692,173.32,0.00,285.78,1,3.50,1
sglang,self_consistency,693,276.41,0.00,405.99,1,2.46,1
sglang,self_consistency,694,259.33,0.00,346.07,1,2.89,1
sglang,self_consistency,695,186.64,0.00,303.46,1,3.30,1
sglang,self_consistency,696,186.19,0.00,349.87,1,2.86,1
sglang,self_consistency,697,201.17,0.00,311.59,1,3.21,1
sglang,self_consistency,698,186.10,0.00,323.43,1,3.09,1
sglang,self_consistency,699,254.57,0.00,382.26,1,2.62,1
sglang,self_consistency,700,196.47,0.00,285.78,1,3.50,1
sglang,self_consistency,701,177.63,0.00,284.17,1,3.52,1
sglang,self_consistency,702,179.91,0.00,298.97,1,3.34,1
sglang,self_consistency,703,212.02,0.00,342.98,1,2.92,1
sglang,self_consistency,704,215.22,0.00,315.35,1,3.17,1
sglang,self_consistency,705,177.79,0.00,350.80,1,2.85,1
sglang,self_consistency,706,266.04,0.00,391.82,1,2.55,1
sglang,self_consistency,707,214.78,0.00,402.75,1,2.48,1
sglang,self_consistency,708,214.70,0.00,390.19,1,2.56,1
sglang,self_consistency,709,143.22,0.00,361.71,1,2.76,1
sglang,self_consistency,710,234.81,0.00,396.56,1,2.52,1
sglang,self_consistency,711,179.89,0.00,295.54,1,3.38,1
sglang,self_consistency,712,196.35,0.00,384.36,1,2.60,1
sglang,self_consistency,713,191.49,0.00,344.71,1,2.90,1
sglang,self_consistency,714,174.01,0.00,341.32,1,2.93,1
sglang,self_consistency,715,174.84,0.00,344.16,1,2.91,1
sglang,self_consistency,716,248.52,0.00,365.70,1,2.73,1
sglang,self_consistency,717,240.40,0.00,436.56,1,2.29,1
sglang,self_consistency,718,181.01,0.00,339.51,1,2.95,1
sglang,self_consistency,719,182.82,0.00,333.17,1,3.00,1
sglang,self_consistency,720,225.64,0.00,373.21,1,2.68,1
sglang,self_consistency,721,219.88,0.00,344.92,1,2.90,1
sglang,self_consistency,722,165.05,0.00,367.93,1,2.72,1
sglang,self_consistency,723,207.14,0.00,378.51,1,2.64,1
sglang,self_consistency,724,234.47,0.00,399.78,1,2.50,1
sglang,self_consistency,725,233.30,0.00,363.33,1,2.75,1
sglang,self_consistency,726,199.25,0.00,405.98,1,2.46,1
sglang,self_consistency,727,234.95,0.00,392.52,1,2.55,1
sglang,self_consistency,728,269.16,0.00,440.71,1,2.27,1
sglang,self_consistency,729,230.28,0.00,381.68,1,2.62,1
sglang,self_consistency,730,298.20,0.00,430.75,1,2.32,1
sglang,self_consistency,731,181.57,0.00,390.76,1,2.56,1
sglang,self_consistency,732,161.19,0.00,323.28,1,3.09,1
sglang,self_consistency,733,200.74,0.00,326.58,1,3.06,1
sglang,self_consistency,734,210.28,0.00,367.48,1,2.72,1
sglang,self_consistency,735,230.96,0.00,438.36,1,2.28,1
sglang,self_consistency,736,159.55,0.00,434.61,1,2.30,1
sglang,self_consistency,737,205.79,0.00,337.70,1,2.96,1
sglang,self_consistency,738,234.43,0.00,372.89,1,2.68,1
sglang,self_consistency,739,190.20,0.00,349.27,1,2.86,1
sglang,self_consistency,740,161.80,0.00,346.15,1,2.89,1
sglang,self_consistency,741,154.42,0.00,332.25,1,3.01,1
sglang,self_consistency,742,225.10,0.00,460.49,1,2.17,1
sglang,self_consistency,743,167.88,0.00,369.78,1,2.70,1
sglang,self_consistency,744,205.83,0.00,404.57,1,2.47,1
sglang,self_consistency,745,203.33,0.00,420.89,1,2.38,1
sglang,self_consistency,746,183.02,0.00,350.13,1,2.86,1
sglang,self_consistency,747,203.67,0.00,374.40,1,2.67,1
sglang,self_consistency,748,200.05,0.00,479.13,1,2.09,1
sglang,self_consistency,749,261.76,0.00,456.38,1,2.19,1
sglang,self_consistency,750,178.05,0.00,371.96,1,2.69,1
sglang,self_consistency,751,199.55,0.00,401.26,1,2.49,1
sglang,self_consistency,752,210.55,0.00,471.84,1,2.12,1
sglang,self_consistency,753,173.38,0.00,493.91,1,2.02,1
sglang,self_consistency,754,228.39,0.00,486.44,1,2.06,1
sglang,self_consistency,755,294.58,0.00,478.47,1,2.09,1
sglang,self_consistency,756,141.65,0.00,375.41,1,2.66,1
sglang,self_consistency,757,189.75,0.00,369.16,1,2.71,1
sglang,self_consistency,758,197.21,0.00,411.50,1,2.43,1
sglang,self_consistency,759,246.70,0.00,480.32,1,2.08,1
sglang,self_consistency,760,251.80,0.00,438.26,1,2.28,1
sglang,self_consistency,761,192.56,0.00,387.41,1,2.58,1
sglang,self_consistency,762,203.95,0.00,387.23,1,2.58,1
sglang,self_consistency,763,171.25,0.00,369.69,1,2.70,1
sglang,self_consistency,764,191.53,0.00,403.32,1,2.48,1
sglang,self_consistency,765,207.58,0.00,403.25,1,2.48,1
sglang,self_consistency,766,154.94,0.00,370.08,1,2.70,1
sglang,self_consistency,767,247.49,0.00,518.83,1,1.93,1
sglang,self_consistency,768,248.76,0.00,469.32,1,2.13,1
sglang,self_consistency,769,176.09,0.00,291.30,1,3.43,1
sglang,self_consistency,770,159.32,0.00,285.41,1,3.50,1
sglang,self_consistency,771,188.05,0.00,314.73,1,3.18,1
sglang,self_consistency,772,84.65,0.00,261.67,1,3.82,1
sglang,self_consistency,773,209.91,0.00,331.80,1,3.01,1
sglang,self_consistency,774,202.90,0.00,332.03,1,3.01,1
sglang,self_consistency,775,150.23,0.00,274.69,1,3.64,1
sglang,self_consistency,776,208.65,0.00,331.56,1,3.02,1
sglang,self_consistency,777,100.69,0.00,230.89,1,4.33,1
sglang,self_consistency,778,211.03,0.00,314.55,1,3.18,1
sglang,self_consistency,779,141.96,0.00,310.45,1,3.22,1
sglang,self_consistency,780,99.72,0.00,240.40,1,4.16,1
sglang,self_consistency,781,199.99,0.00,333.44,1,3.00,1
sglang,self_consistency,782,188.34,0.00,329.96,1,3.03,1
sglang,self_consistency,783,132.85,0.00,246.61,1,4.05,1
sglang,self_consistency,784,163.50,0.00,254.96,1,3.92,1
sglang,self_consistency,785,196.84,0.00,340.62,1,2.94,1
sglang,self_consistency,786,189.05,0.00,240.46,1,4.16,1
sglang,self_consistency,787,149.93,0.00,269.04,1,3.72,1
sglang,self_consistency,788,161.20,0.00,254.70,1,3.93,1
sglang,self_consistency,789,142.00,0.00,260.99,1,3.83,1
sglang,self_consistency,790,180.86,0.00,298.85,1,3.35,1
sglang,self_consistency,791,136.73,0.00,266.04,1,3.76,1
sglang,self_consistency,792,152.20,0.00,255.50,1,3.91,1
sglang,self_consistency,793,187.07,0.00,246.08,1,4.06,1
sglang,self_consistency,794,243.43,0.00,341.63,1,2.93,1
sglang,self_consistency,795,146.26,0.00,275.95,1,3.62,1
sglang,self_consistency,796,245.22,0.00,342.60,1,2.92,1
sglang,self_consistency,797,188.77,0.00,276.06,1,3.62,1
sglang,self_consistency,798,143.62,0.00,201.18,1,4.97,1
sglang,self_consistency,799,217.89,0.00,301.69,1,3.31,1
sglang,self_consistency,800,201.72,0.00,355.74,1,2.81,1
sglang,self_consistency,801,205.21,0.00,294.14,1,3.40,1
sglang,self_consistency,802,197.92,0.00,306.77,1,3.26,1
sglang,self_consistency,803,165.82,0.00,329.26,1,3.04,1
sglang,self_consistency,804,179.14,0.00,291.13,1,3.43,1
sglang,self_consistency,805,175.19,0.00,290.82,1,3.44,1
sglang,self_consistency,806,148.45,0.00,217.94,1,4.59,1
sglang,self_consistency,807,175.46,0.00,278.41,1,3.59,1
sglang,self_consistency,808,174.78,0.00,342.70,1,2.92,1
sglang,self_consistency,809,227.02,0.00,348.50,1,2.87,1
sglang,self_consistency,810,135.17,0.00,282.58,1,3.54,1
sglang,self_consistency,811,151.02,0.00,303.24,1,3.30,1
sglang,self_consistency,812,160.99,0.00,289.40,1,3.46,1
sglang,self_consistency,813,196.83,0.00,374.94,1,2.67,1
sglang,self_consistency,814,204.58,0.00,317.36,1,3.15,1
sglang,self_consistency,815,169.11,0.00,341.02,1,2.93,1
sglang,self_consistency,816,158.03,0.00,279.49,1,3.58,1
sglang,self_consistency,817,245.70,0.00,357.35,1,2.80,1
sglang,self_consistency,818,100.55,0.00,286.90,1,3.49,1
sglang,self_consistency,819,131.77,0.00,313.53,1,3.19,1
sglang,self_consistency,820,201.77,0.00,338.38,1,2.96,1
sglang,self_consistency,821,155.43,0.00,246.17,1,4.06,1
sglang,self_consistency,822,228.58,0.00,356.26,1,2.81,1
sglang,self_consistency,823,202.74,0.00,359.63,1,2.78,1
sglang,self_consistency,824,251.78,0.00,367.13,1,2.72,1
sglang,self_consistency,825,194.48,0.00,356.59,1,2.80,1
sglang,self_consistency,826,277.79,0.00,364.98,1,2.74,1
sglang,self_consistency,827,147.69,0.00,234.18,1,4.27,1
sglang,self_consistency,828,187.83,0.00,355.95,1,2.81,1
sglang,self_consistency,829,234.85,0.00,354.87,1,2.82,1
sglang,self_consistency,830,152.59,0.00,258.03,1,3.88,1
sglang,self_consistency,831,176.01,0.00,270.06,1,3.70,1
sglang,self_consistency,832,151.72,0.00,244.94,1,4.08,1
sglang,self_consistency,833,247.33,0.00,373.99,1,2.67,1
sglang,self_consistency,834,175.07,0.00,282.74,1,3.54,1
sglang,self_consistency,835,196.15,0.00,323.65,1,3.09,1
sglang,self_consistency,836,143.62,0.00,249.11,1,4.01,1
sglang,self_consistency,837,144.19,0.00,244.31,1,4.09,1
sglang,self_consistency,838,216.73,0.00,415.36,1,2.41,1
sglang,self_consistency,839,202.97,0.00,353.52,1,2.83,1
sglang,self_consistency,840,146.54,0.00,259.17,1,3.86,1
sglang,self_consistency,841,133.45,0.00,247.45,1,4.04,1
sglang,self_consistency,842,181.72,0.00,366.05,1,2.73,1
sglang,self_consistency,843,258.73,0.00,410.26,1,2.44,1
sglang,self_consistency,844,175.96,0.00,290.13,1,3.45,1
sglang,self_consistency,845,191.20,0.00,331.96,1,3.01,1
sglang,self_consistency,846,140.32,0.00,251.47,1,3.98,1
sglang,self_consistency,847,169.72,0.00,360.71,1,2.77,1
sglang,self_consistency,848,219.23,0.00,383.27,1,2.61,1
sglang,self_consistency,849,224.23,0.00,418.52,1,2.39,1
sglang,self_consistency,850,201.89,0.00,349.53,1,2.86,1
sglang,self_consistency,851,153.00,0.00,269.46,1,3.71,1
sglang,self_consistency,852,177.25,0.00,341.12,1,2.93,1
sglang,self_consistency,853,154.58,0.00,276.56,1,3.62,1
sglang,self_consistency,854,173.64,0.00,340.10,1,2.94,1
sglang,self_consistency,855,154.19,0.00,358.15,1,2.79,1
sglang,self_consistency,856,179.59,0.00,358.19,1,2.79,1
sglang,self_consistency,857,154.66,0.00,289.37,1,3.46,1
sglang,self_consistency,858,279.82,0.00,414.83,1,2.41,1
sglang,self_consistency,859,164.51,0.00,324.70,1,3.08,1
sglang,self_consistency,860,148.05,0.00,270.63,1,3.70,1
sglang,self_consistency,861,193.49,0.00,370.92,1,2.70,1
sglang,self_consistency,862,208.46,0.00,437.51,1,2.29,1
sglang,self_consistency,863,240.40,0.00,414.84,1,2.41,1
sglang,self_consistency,864,145.14,0.00,277.20,1,3.61,1
sglang,self_consistency,865,141.10,0.00,272.15,1,3.67,1
sglang,self_consistency,866,199.55,0.00,365.63,1,2.73,1
sglang,self_consistency,867,182.23,0.00,387.44,1,2.58,1
sglang,self_consistency,868,147.70,0.00,286.81,1,3.49,1
sglang,self_consistency,869,194.19,0.00,389.57,1,2.57,1
sglang,self_consistency,870,182.66,0.00,369.22,1,2.71,1
sglang,self_consistency,871,222.98,0.00,436.40,1,2.29,1
sglang,self_consistency,872,187.49,0.00,358.61,1,2.79,1
sglang,self_consistency,873,185.30,0.00,401.37,1,2.49,1
sglang,self_consistency,874,286.05,0.00,452.76,1,2.21,1
sglang,self_consistency,875,215.02,0.00,387.75,1,2.58,1
sglang,self_consistency,876,156.40,0.00,399.03,1,2.51,1
sglang,self_consistency,877,177.27,0.00,345.29,1,2.90,1
sglang,self_consistency,878,168.59,0.00,356.36,1,2.81,1
sglang,self_consistency,879,167.83,0.00,409.13,1,2.44,1
sglang,self_consistency,880,173.27,0.00,313.10,1,3.19,1
sglang,self_consistency,881,152.81,0.00,302.86,1,3.30,1
sglang,self_consistency,882,160.73,0.00,299.32,1,3.34,1
sglang,self_consistency,883,142.77,0.00,294.14,1,3.40,1
sglang,self_consistency,884,133.89,0.00,348.29,1,2.87,1
sglang,self_consistency,885,179.61,0.00,401.75,1,2.49,1
sglang,self_consistency,886,129.60,0.00,353.72,1,2.83,1
sglang,self_consistency,887,204.40,0.00,406.10,1,2.46,1
sglang,self_consistency,888,209.18,0.00,387.91,1,2.58,1
sglang,self_consistency,889,261.49,0.00,433.31,1,2.31,1
sglang,self_consistency,890,152.13,0.00,293.65,1,3.41,1
sglang,self_consistency,891,205.51,0.00,386.59,1,2.59,1
sglang,self_consistency,892,275.71,0.00,429.69,1,2.33,1
sglang,self_consistency,893,118.64,0.00,350.86,1,2.85,1
sglang,self_consistency,894,174.07,0.00,329.58,1,3.03,1
sglang,self_consistency,895,274.93,0.00,462.39,1,2.16,1
sglang,self_consistency,896,184.02,0.00,343.46,1,2.91,1
sglang,self_consistency,897,196.75,0.00,294.48,1,3.40,1
sglang,self_consistency,898,105.33,0.00,208.30,1,4.80,1
sglang,self_consistency,899,186.94,0.00,290.72,1,3.44,1
sglang,self_consistency,900,148.59,0.00,253.81,1,3.94,1
sglang,self_consistency,901,178.83,0.00,286.91,1,3.49,1
sglang,self_consistency,902,182.64,0.00,261.85,1,3.82,1
sglang,self_consistency,903,133.87,0.00,271.08,1,3.69,1
sglang,self_consistency,904,194.64,0.00,299.65,1,3.34,1
sglang,self_consistency,905,155.88,0.00,260.33,1,3.84,1
sglang,self_consistency,906,191.03,0.00,295.04,1,3.39,1
sglang,self_consistency,907,144.03,0.00,251.89,1,3.97,1
sglang,self_consistency,908,176.59,0.00,249.06,1,4.02,1
sglang,self_consistency,909,143.30,0.00,198.01,1,5.05,1
sglang,self_consistency,910,139.10,0.00,188.96,1,5.29,1
sglang,self_consistency,911,175.17,0.00,252.91,1,3.95,1
sglang,self_consistency,912,172.01,0.00,278.40,1,3.59,1
sglang,self_consistency,913,181.68,0.00,293.94,1,3.40,1
sglang,self_consistency,914,169.94,0.00,281.72,1,3.55,1
sglang,self_consistency,915,201.71,0.00,240.43,1,4.16,1
sglang,self_consistency,916,147.88,0.00,204.60,1,4.89,1
sglang,self_consistency,917,152.62,0.00,239.76,1,4.17,1
sglang,self_consistency,918,158.95,0.00,242.71,1,4.12,1
sglang,self_consistency,919,168.16,0.00,253.09,1,3.95,1
sglang,self_consistency,920,209.43,0.00,266.05,1,3.76,1
sglang,self_consistency,921,177.84,0.00,207.37,1,4.82,1
sglang,self_consistency,922,149.86,0.00,237.89,1,4.20,1
sglang,self_consistency,923,193.78,0.00,272.43,1,3.67,1
sglang,self_consistency,924,152.49,0.00,239.83,1,4.17,1
sglang,self_consistency,925,219.70,0.00,284.98,1,3.51,1
sglang,self_consistency,926,200.53,0.00,254.29,1,3.93,1
sglang,self_consistency,927,161.54,0.00,224.69,1,4.45,1
sglang,self_consistency,928,190.60,0.00,302.92,1,3.30,1
sglang,self_consistency,929,204.31,0.00,284.60,1,3.51,1
sglang,self_consistency,930,199.15,0.00,284.05,1,3.52,1
sglang,self_consistency,931,156.71,0.00,235.88,1,4.24,1
sglang,self_consistency,932,158.57,0.00,194.72,1,5.14,1
sglang,self_consistency,933,159.87,0.00,243.71,1,4.10,1
sglang,self_consistency,934,176.28,0.00,246.42,1,4.06,1
sglang,self_consistency,935,155.53,0.00,240.94,1,4.15,1
sglang,self_consistency,936,193.16,0.00,231.36,1,4.32,1
sglang,self_consistency,937,218.42,0.00,299.94,1,3.33,1
sglang,self_consistency,938,225.06,0.00,295.22,1,3.39,1
sglang,self_consistency,939,140.49,0.00,202.84,1,4.93,1
sglang,self_consistency,940,206.23,0.00,270.63,1,3.70,1
sglang,self_consistency,941,176.85,0.00,292.94,1,3.41,1
sglang,self_consistency,942,171.04,0.00,233.32,1,4.29,1
sglang,self_consistency,943,190.07,0.00,309.47,1,3.23,1
sglang,self_consistency,944,150.98,0.00,195.85,1,5.11,1
sglang,self_consistency,945,223.79,0.00,256.57,1,3.90,1
sglang,self_consistency,946,225.26,0.00,292.13,1,3.42,1
sglang,self_consistency,947,162.02,0.00,223.69,1,4.47,1
sglang,self_consistency,948,239.26,0.00,300.42,1,3.33,1
sglang,self_consistency,949,131.18,0.00,194.18,1,5.15,1
sglang,self_consistency,950,127.90,0.00,202.40,1,4.94,1
sglang,self_consistency,951,208.91,0.00,296.56,1,3.37,1
sglang,self_consistency,952,139.49,0.00,232.54,1,4.30,1
sglang,self_consistency,953,262.90,0.00,300.32,1,3.33,1
sglang,self_consistency,954,137.07,0.00,223.89,1,4.47,1
sglang,self_consistency,955,235.56,0.00,284.93,1,3.51,1
sglang,self_consistency,956,149.80,0.00,243.41,1,4.11,1
sglang,self_consistency,957,160.12,0.00,258.22,1,3.87,1
sglang,self_consistency,958,225.43,0.00,318.47,1,3.14,1
sglang,self_consistency,959,208.62,0.00,271.39,1,3.68,1
sglang,self_consistency,960,162.90,0.00,257.10,1,3.89,1
sglang,self_consistency,961,125.49,0.00,219.24,1,4.56,1
sglang,self_consistency,962,178.81,0.00,278.95,1,3.58,1
sglang,self_consistency,963,217.98,0.00,267.05,1,3.74,1
sglang,self_consistency,964,195.61,0.00,246.31,1,4.06,1
sglang,self_consistency,965,167.24,0.00,210.45,1,4.75,1
sglang,self_consistency,966,216.05,0.00,257.88,1,3.88,1
sglang,self_consistency,967,197.63,0.00,237.81,1,4.21,1
sglang,self_consistency,968,198.51,0.00,292.46,1,3.42,1
sglang,self_consistency,969,223.31,0.00,278.64,1,3.59,1
sglang,self_consistency,970,213.83,0.00,289.89,1,3.45,1
sglang,self_consistency,971,156.15,0.00,234.54,1,4.26,1
sglang,self_consistency,972,157.71,0.00,234.00,1,4.27,1
sglang,self_consistency,973,186.86,0.00,242.14,1,4.13,1
sglang,self_consistency,974,197.82,0.00,247.38,1,4.04,1
sglang,self_consistency,975,185.79,0.00,227.33,1,4.40,1
sglang,self_consistency,976,157.44,0.00,202.87,1,4.93,1
sglang,self_consistency,977,192.10,0.00,232.29,1,4.30,1
sglang,self_consistency,978,150.30,0.00,229.00,1,4.37,1
sglang,self_consistency,979,216.68,0.00,293.11,1,3.41,1
sglang,self_consistency,980,241.18,0.00,314.34,1,3.18,1
sglang,self_consistency,981,239.05,0.00,286.43,1,3.49,1
sglang,self_consistency,982,165.75,0.00,216.15,1,4.63,1
sglang,self_consistency,983,197.21,0.00,238.81,1,4.19,1
sglang,self_consistency,984,166.48,0.00,208.64,1,4.79,1
sglang,self_consistency,985,164.10,0.00,256.52,1,3.90,1
sglang,self_consistency,986,193.21,0.00,245.00,1,4.08,1
sglang,self_consistency,987,236.14,0.00,289.48,1,3.45,1
sglang,self_consistency,988,162.78,0.00,215.69,1,4.64,1
sglang,self_consistency,989,178.04,0.00,247.60,1,4.04,1
sglang,self_consistency,990,164.80,0.00,222.01,1,4.50,1
sglang,self_consistency,991,171.45,0.00,218.89,1,4.57,1
sglang,self_consistency,992,183.12,0.00,228.16,1,4.38,1
sglang,self_consistency,993,176.53,0.00,227.58,1,4.39,1
sglang,self_consistency,994,181.52,0.00,235.78,1,4.24,1
sglang,self_consistency,995,167.05,0.00,219.30,1,4.56,1
sglang,self_consistency,996,194.07,0.00,277.61,1,3.60,1
sglang,self_consistency,997,165.46,0.00,222.53,1,4.49,1
sglang,self_consistency,998,162.47,0.00,213.88,1,4.68,1
sglang,self_consistency,999,188.71,0.00,268.47,1,3.72,1
sglang,multi_turn,0,623.63,1.08,624.71,2,3.20,1
sglang,multi_turn,1,136.89,93.56,230.45,2,8.68,1
sglang,multi_turn,2,216.17,100.61,316.78,2,6.31,1
sglang,multi_turn,3,153.91,0.00,171.43,1,5.83,1
sglang,multi_turn,4,226.74,74.93,301.67,2,6.63,1
sglang,multi_turn,5,250.96,0.00,294.98,1,3.39,1
sglang,multi_turn,6,257.93,0.00,288.52,1,3.47,1
sglang,multi_turn,7,238.55,0.00,310.41,1,3.22,1
sglang,multi_turn,8,540.80,0.00,594.27,1,1.68,1
sglang,multi_turn,9,201.74,0.00,262.43,1,3.81,1
sglang,multi_turn,10,129.16,0.00,298.83,1,3.35,1
sglang,multi_turn,11,201.64,0.00,255.14,1,3.92,1
sglang,multi_turn,12,203.05,0.00,288.46,1,3.47,1
sglang,multi_turn,13,241.49,0.00,374.73,1,2.67,1
sglang,multi_turn,14,154.45,92.66,247.11,2,8.09,1
sglang,multi_turn,15,179.14,0.00,259.61,1,3.85,1
sglang,multi_turn,16,567.91,24.15,592.06,2,3.38,1
sglang,multi_turn,17,187.89,0.00,303.27,1,3.30,1
sglang,multi_turn,18,197.78,0.00,250.32,1,3.99,1
sglang,multi_turn,19,204.42,0.00,302.62,1,3.30,1
sglang,multi_turn,20,148.35,0.00,296.29,1,3.38,1
sglang,multi_turn,21,147.97,75.27,223.24,2,8.96,1
sglang,multi_turn,22,256.38,0.00,363.26,1,2.75,1
sglang,multi_turn,23,180.91,0.00,239.28,1,4.18,1
sglang,multi_turn,24,547.37,0.00,650.79,1,1.54,1
sglang,multi_turn,25,157.84,0.00,194.27,1,5.15,1
sglang,multi_turn,26,151.69,0.00,313.43,1,3.19,1
sglang,multi_turn,27,214.07,0.00,304.73,1,3.28,1
sglang,multi_turn,28,160.16,58.47,218.63,2,9.15,1
sglang,multi_turn,29,253.53,0.00,285.27,1,3.51,1
sglang,multi_turn,30,244.29,0.00,301.28,1,3.32,1
sglang,multi_turn,31,238.97,0.00,323.89,1,3.09,1
sglang,multi_turn,32,91.00,522.93,613.93,2,3.26,1
sglang,multi_turn,33,236.66,41.46,278.11,2,7.19,1
sglang,multi_turn,34,154.57,248.55,403.13,2,4.96,1
sglang,multi_turn,35,129.36,0.00,203.16,1,4.92,1
sglang,multi_turn,36,198.69,0.00,293.94,1,3.40,1
sglang,multi_turn,37,203.17,92.84,296.01,2,6.76,1
sglang,multi_turn,38,170.78,92.83,263.61,2,7.59,1
sglang,multi_turn,39,237.33,0.00,290.74,1,3.44,1
sglang,multi_turn,40,560.42,85.34,645.77,2,3.10,1
sglang,multi_turn,41,185.14,89.12,274.26,2,7.29,1
sglang,multi_turn,42,216.39,0.00,308.84,1,3.24,1
sglang,multi_turn,43,158.79,105.13,263.91,2,7.58,1
sglang,multi_turn,44,188.02,0.00,322.83,1,3.10,1
sglang,multi_turn,45,140.91,0.00,263.28,1,3.80,1
sglang,multi_turn,46,146.42,219.30,365.71,2,5.47,1
sglang,multi_turn,47,143.94,0.00,167.39,1,5.97,1
sglang,multi_turn,48,78.40,0.00,632.23,1,1.58,1
sglang,multi_turn,49,211.58,0.00,244.99,1,4.08,1
sglang,multi_turn,50,203.81,214.82,418.63,2,4.78,1
sglang,multi_turn,51,244.18,0.00,269.97,1,3.70,1
sglang,multi_turn,52,127.92,150.58,278.50,2,7.18,1
sglang,multi_turn,53,146.82,169.18,316.00,2,6.33,1
sglang,multi_turn,54,127.85,0.00,278.96,1,3.58,1
sglang,multi_turn,55,174.51,0.00,197.26,1,5.07,1
sglang,multi_turn,56,591.39,47.42,638.81,2,3.13,1
sglang,multi_turn,57,164.58,148.82,313.40,2,6.38,1
sglang,multi_turn,58,204.90,0.00,335.52,1,2.98,1
sglang,multi_turn,59,151.72,0.00,176.59,1,5.66,1
sglang,multi_turn,60,197.07,0.00,287.02,1,3.48,1
sglang,multi_turn,61,225.97,0.00,389.89,1,2.56,1
sglang,multi_turn,62,149.20,0.00,206.48,1,4.84,1
sglang,multi_turn,63,223.80,0.00,289.21,1,3.46,1
sglang,multi_turn,64,568.37,94.37,662.74,2,3.02,1
sglang,multi_turn,65,123.51,0.00,253.75,1,3.94,1
sglang,multi_turn,66,215.03,134.68,349.70,2,5.72,1
sglang,multi_turn,67,136.65,0.00,222.50,1,4.49,1
sglang,multi_turn,68,195.20,0.00,249.18,1,4.01,1
sglang,multi_turn,69,224.58,175.17,399.75,2,5.00,1
sglang,multi_turn,70,132.77,108.82,241.58,2,8.28,1
sglang,multi_turn,71,208.99,0.00,243.86,1,4.10,1
sglang,multi_turn,72,86.31,0.00,603.75,1,1.66,1
sglang,multi_turn,73,206.45,0.00,263.89,1,3.79,1
sglang,multi_turn,74,171.11,0.00,367.54,1,2.72,1
sglang,multi_turn,75,182.32,0.00,304.49,1,3.28,1
sglang,multi_turn,76,150.12,0.00,203.29,1,4.92,1
sglang,multi_turn,77,234.44,182.11,416.55,2,4.80,1
sglang,multi_turn,78,135.53,0.00,297.23,1,3.36,1
sglang,multi_turn,79,165.32,0.00,186.88,1,5.35,1
sglang,multi_turn,80,576.86,0.00,577.08,1,1.73,1
sglang,multi_turn,81,132.24,122.34,254.58,2,7.86,1
sglang,multi_turn,82,155.21,210.20,365.41,2,5.47,1
sglang,multi_turn,83,132.30,81.52,213.82,2,9.35,1
sglang,multi_turn,84,157.98,0.00,273.63,1,3.65,1
sglang,multi_turn,85,171.12,79.41,250.53,2,7.98,1
sglang,multi_turn,86,181.26,247.10,428.37,2,4.67,1
sglang,multi_turn,87,157.56,0.00,181.74,1,5.50,1
sglang,multi_turn,88,548.14,0.00,591.93,1,1.69,1
sglang,multi_turn,89,173.97,139.10,313.06,2,6.39,1
sglang,multi_turn,90,122.14,0.00,341.33,1,2.93,1
sglang,multi_turn,91,128.82,0.00,204.46,1,4.89,1
sglang,multi_turn,92,164.03,130.22,294.25,2,6.80,1
sglang,multi_turn,93,126.22,0.00,212.79,1,4.70,1
sglang,multi_turn,94,244.55,0.00,308.82,1,3.24,1
sglang,multi_turn,95,239.05,0.00,331.55,1,3.02,1
sglang,multi_turn,96,563.61,0.00,624.09,1,1.60,1
sglang,multi_turn,97,211.13,65.38,276.52,2,7.23,1
sglang,multi_turn,98,162.64,0.00,348.97,1,2.87,1
sglang,multi_turn,99,98.17,0.00,193.22,1,5.18,1
sglang,multi_turn,100,163.58,0.00,302.32,1,3.31,1
sglang,multi_turn,101,179.56,151.51,331.07,2,6.04,1
sglang,multi_turn,102,147.70,0.00,205.43,1,4.87,1
sglang,multi_turn,103,311.77,30.54,342.30,2,5.84,1
sglang,multi_turn,104,550.35,10.16,560.51,2,3.57,1
sglang,multi_turn,105,219.24,0.00,313.56,1,3.19,1
sglang,multi_turn,106,155.83,190.26,346.10,2,5.78,1
sglang,multi_turn,107,152.03,16.04,168.07,2,11.90,1
sglang,multi_turn,108,180.15,0.00,330.87,1,3.02,1
sglang,multi_turn,109,174.51,0.00,272.94,1,3.66,1
sglang,multi_turn,110,204.64,99.93,304.58,2,6.57,1
sglang,multi_turn,111,249.62,0.00,291.66,1,3.43,1
sglang,multi_turn,112,575.11,0.00,575.34,1,1.74,1
sglang,multi_turn,113,205.04,0.00,271.80,1,3.68,1
sglang,multi_turn,114,213.13,0.00,336.16,1,2.97,1
sglang,multi_turn,115,203.80,0.00,323.32,1,3.09,1
sglang,multi_turn,116,166.02,0.00,216.82,1,4.61,1
sglang,multi_turn,117,201.05,75.30,276.34,2,7.24,1
sglang,multi_turn,118,229.02,133.26,362.29,2,5.52,0
sglang,multi_turn,119,193.95,0.00,262.54,1,3.81,1
sglang,multi_turn,120,562.37,37.12,599.48,2,3.34,1
sglang,multi_turn,121,181.36,169.50,350.86,2,5.70,1
sglang,multi_turn,122,185.49,0.00,302.07,1,3.31,1
sglang,multi_turn,123,143.32,82.78,226.11,2,8.85,1
sglang,multi_turn,124,188.48,0.00,325.65,1,3.07,1
sglang,multi_turn,125,125.69,124.92,250.60,2,7.98,1
sglang,multi_turn,126,203.36,0.00,252.34,1,3.96,1
sglang,multi_turn,127,223.21,0.00,321.93,1,3.11,1
sglang,multi_turn,128,605.49,15.96,621.44,2,3.22,1
sglang,multi_turn,129,123.72,106.61,230.33,2,8.68,1
sglang,multi_turn,130,170.98,0.00,279.29,1,3.58,1
sglang,multi_turn,131,221.36,67.91,289.27,2,6.91,1
sglang,multi_turn,132,141.71,0.00,275.26,1,3.63,1
sglang,multi_turn,133,221.81,0.00,325.70,1,3.07,1
sglang,multi_turn,134,192.96,118.52,311.48,2,6.42,1
sglang,multi_turn,135,208.17,43.15,251.32,2,7.96,1
sglang,multi_turn,136,574.59,0.00,662.95,1,1.51,1
sglang,multi_turn,137,184.25,0.00,268.67,1,3.72,1
sglang,multi_turn,138,222.03,0.00,289.41,1,3.46,1
sglang,multi_turn,139,144.99,0.00,202.70,1,4.93,1
sglang,multi_turn,140,233.05,0.00,424.65,1,2.35,1
sglang,multi_turn,141,130.05,0.00,206.60,1,4.84,1
sglang,multi_turn,142,198.01,167.21,365.22,2,5.48,1
sglang,multi_turn,143,153.11,0.00,228.63,1,4.37,1
sglang,multi_turn,144,545.72,0.00,580.80,1,1.72,1
sglang,multi_turn,145,157.76,0.00,230.21,1,4.34,1
sglang,multi_turn,146,199.22,0.00,425.28,1,2.35,1
sglang,multi_turn,147,134.37,0.00,134.60,1,7.43,1
sglang,multi_turn,148,192.69,0.00,290.55,1,3.44,1
sglang,multi_turn,149,249.85,163.70,413.55,2,4.84,1
sglang,multi_turn,150,138.14,170.46,308.59,2,6.48,1
sglang,multi_turn,151,161.70,44.86,206.56,2,9.68,1
sglang,multi_turn,152,89.41,0.00,650.37,1,1.54,1
sglang,multi_turn,153,221.51,116.67,338.19,2,5.91,1
sglang,multi_turn,154,176.81,86.44,263.25,2,7.60,1
sglang,multi_turn,155,170.24,74.30,244.54,2,8.18,1
sglang,multi_turn,156,217.15,0.00,363.56,1,2.75,1
sglang,multi_turn,157,141.34,0.00,260.15,1,3.84,1
sglang,multi_turn,158,176.72,129.34,306.06,2,6.53,0
sglang,multi_turn,159,167.12,0.00,241.82,1,4.14,1
sglang,multi_turn,160,568.19,23.91,592.11,2,3.38,1
sglang,multi_turn,161,166.46,0.00,279.77,1,3.57,1
sglang,multi_turn,162,197.28,0.00,249.15,1,4.01,1
sglang,multi_turn,163,210.19,71.05,281.24,2,7.11,1
sglang,multi_turn,164,195.60,60.91,256.50,2,7.80,1
sglang,multi_turn,165,141.82,0.00,310.73,1,3.22,1
sglang,multi_turn,166,234.06,63.90,297.96,2,6.71,1
sglang,multi_turn,167,218.94,78.74,297.67,2,6.72,1
sglang,multi_turn,168,562.98,10.43,573.42,2,3.49,1
sglang,multi_turn,169,241.53,0.00,361.19,1,2.77,1
sglang,multi_turn,170,181.78,80.33,262.11,2,7.63,1
sglang,multi_turn,171,269.21,48.55,317.76,2,6.29,1
sglang,multi_turn,172,138.75,106.41,245.16,2,8.16,1
sglang,multi_turn,173,183.17,0.00,322.84,1,3.10,1
sglang,multi_turn,174,160.40,195.28,355.68,2,5.62,1
sglang,multi_turn,175,141.30,0.00,182.01,1,5.49,1
sglang,multi_turn,176,555.19,0.00,588.74,1,1.70,1
sglang,multi_turn,177,184.30,0.00,257.81,1,3.88,1
sglang,multi_turn,178,212.47,0.00,347.36,1,2.88,1
sglang,multi_turn,179,147.31,0.00,304.96,1,3.28,1
sglang,multi_turn,180,136.67,166.39,303.06,2,6.60,1
sglang,multi_turn,181,116.29,147.55,263.84,2,7.58,1
sglang,multi_turn,182,197.55,0.00,352.46,1,2.84,1
sglang,multi_turn,183,161.78,52.54,214.32,2,9.33,1
sglang,multi_turn,184,580.08,0.00,606.76,1,1.65,1
sglang,multi_turn,185,176.53,0.00,203.18,1,4.92,1
sglang,multi_turn,186,269.41,98.04,367.45,2,5.44,1
sglang,multi_turn,187,174.04,0.00,277.83,1,3.60,1
sglang,multi_turn,188,173.43,0.00,309.94,1,3.23,1
sglang,multi_turn,189,152.96,110.26,263.23,2,7.60,1
sglang,multi_turn,190,179.50,0.00,303.89,1,3.29,1
sglang,multi_turn,191,145.47,0.00,255.92,1,3.91,1
sglang,multi_turn,192,545.79,30.77,576.56,2,3.47,1
sglang,multi_turn,193,124.86,0.00,243.34,1,4.11,1
sglang,multi_turn,194,202.61,192.74,395.36,2,5.06,1
sglang,multi_turn,195,135.78,0.00,175.92,1,5.68,1
sglang,multi_turn,196,241.32,0.00,358.78,1,2.79,1
sglang,multi_turn,197,164.96,0.00,276.11,1,3.62,1
sglang,multi_turn,198,190.26,97.23,287.49,2,6.96,1
sglang,multi_turn,199,200.01,88.37,288.38,2,6.94,1
sglang,multi_turn,200,553.87,0.00,607.31,1,1.65,1
sglang,multi_turn,201,141.93,145.98,287.91,2,6.95,1
sglang,multi_turn,202,196.72,0.00,232.74,1,4.30,1
sglang,multi_turn,203,222.25,0.00,287.07,1,3.48,1
sglang,multi_turn,204,193.65,123.97,317.62,2,6.30,1
sglang,multi_turn,205,158.98,161.31,320.30,2,6.24,1
sglang,multi_turn,206,173.00,0.00,248.46,1,4.02,1
sglang,multi_turn,207,244.06,0.00,300.44,1,3.33,1
sglang,multi_turn,208,562.29,0.00,607.59,1,1.65,1
sglang,multi_turn,209,177.55,98.52,276.07,2,7.24,1
sglang,multi_turn,210,129.55,0.00,281.13,1,3.56,1
sglang,multi_turn,211,155.98,0.00,258.44,1,3.87,1
sglang,multi_turn,212,261.32,0.00,362.17,1,2.76,1
sglang,multi_turn,213,143.34,91.91,235.25,2,8.50,1
sglang,multi_turn,214,214.49,67.54,282.03,2,7.09,1
sglang,multi_turn,215,289.63,52.16,341.80,2,5.85,1
sglang,multi_turn,216,605.81,0.00,606.01,1,1.65,1
sglang,multi_turn,217,150.58,0.00,186.91,1,5.35,1
sglang,multi_turn,218,197.02,180.81,377.83,2,5.29,1
sglang,multi_turn,219,230.42,0.00,294.98,1,3.39,1
sglang,multi_turn,220,131.91,109.50,241.41,2,8.28,1
sglang,multi_turn,221,175.24,105.11,280.34,2,7.13,1
sglang,multi_turn,222,191.13,0.00,258.66,1,3.87,1
sglang,multi_turn,223,239.20,83.88,323.08,2,6.19,1
sglang,multi_turn,224,582.20,5.07,587.27,2,3.41,1
sglang,multi_turn,225,185.30,0.00,335.35,1,2.98,1
sglang,multi_turn,226,124.85,0.00,297.65,1,3.36,1
sglang,multi_turn,227,161.72,0.00,201.62,1,4.96,1
sglang,multi_turn,228,210.86,0.00,341.73,1,2.93,1
sglang,multi_turn,229,146.90,0.00,328.25,1,3.05,1
sglang,multi_turn,230,149.83,0.00,190.88,1,5.24,1
sglang,multi_turn,231,263.34,83.47,346.81,2,5.77,1
sglang,multi_turn,232,85.79,533.50,619.28,2,3.23,1
sglang,multi_turn,233,147.23,0.00,306.81,1,3.26,1
sglang,multi_turn,234,113.24,0.00,260.16,1,3.84,1
sglang,multi_turn,235,245.19,0.00,290.03,1,3.45,1
sglang,multi_turn,236,191.73,0.00,379.89,1,2.63,1
sglang,multi_turn,237,131.66,81.95,213.61,2,9.36,1
sglang,multi_turn,238,218.90,0.00,323.89,1,3.09,1
sglang,multi_turn,239,187.89,91.29,279.19,2,7.16,1
sglang,multi_turn,240,610.14,0.43,610.57,2,3.28,1
sglang,multi_turn,241,185.38,98.40,283.78,2,7.05,1
sglang,multi_turn,242,148.20,0.00,335.07,1,2.98,1
sglang,multi_turn,243,87.08,0.00,253.43,1,3.95,1
sglang,multi_turn,244,133.02,0.00,195.99,1,5.10,1
sglang,multi_turn,245,253.04,0.00,284.53,1,3.51,1
sglang,multi_turn,246,259.10,144.82,403.92,2,4.95,1
sglang,multi_turn,247,191.34,57.94,249.28,2,8.02,1
sglang,multi_turn,248,608.21,0.00,612.76,1,1.63,1
sglang,multi_turn,249,154.15,0.00,227.71,1,4.39,1
sglang,multi_turn,250,161.05,0.00,295.63,1,3.38,1
sglang,multi_turn,251,178.19,139.63,317.82,2,6.29,1
sglang,multi_turn,252,158.22,0.00,315.66,1,3.17,1
sglang,multi_turn,253,129.27,78.91,208.18,2,9.61,1
sglang,multi_turn,254,210.89,184.39,395.29,2,5.06,1
sglang,multi_turn,255,157.12,0.00,205.50,1,4.87,1
sglang,multi_turn,256,559.51,0.00,618.27,1,1.62,1
sglang,multi_turn,257,193.70,0.00,251.72,1,3.97,1
sglang,multi_turn,258,191.78,0.00,310.20,1,3.22,1
sglang,multi_turn,259,196.29,140.88,337.17,2,5.93,1
sglang,multi_turn,260,144.97,0.00,293.75,1,3.40,1
sglang,multi_turn,261,134.99,0.00,195.37,1,5.12,1
sglang,multi_turn,262,237.58,0.00,286.95,1,3.48,1
sglang,multi_turn,263,228.12,118.44,346.55,2,5.77,1
sglang,multi_turn,264,613.97,0.00,617.54,1,1.62,1
sglang,multi_turn,265,139.77,0.00,210.19,1,4.76,1
sglang,multi_turn,266,118.96,0.00,274.84,1,3.64,1
sglang,multi_turn,267,215.45,77.96,293.41,2,6.82,1
sglang,multi_turn,268,212.02,0.00,230.60,1,4.34,1
sglang,multi_turn,269,275.46,154.82,430.28,2,4.65,1
sglang,multi_turn,270,143.78,0.00,270.02,1,3.70,1
sglang,multi_turn,271,158.86,97.33,256.19,2,7.81,1
sglang,multi_turn,272,603.14,0.00,618.72,1,1.62,1
sglang,multi_turn,273,201.56,45.05,246.60,2,8.11,1
sglang,multi_turn,274,193.22,127.30,320.52,2,6.24,1
sglang,multi_turn,275,221.85,0.00,277.30,1,3.61,1
sglang,multi_turn,276,207.40,122.64,330.04,2,6.06,1
sglang,multi_turn,277,162.56,0.00,313.84,1,3.19,1
sglang,multi_turn,278,146.94,148.38,295.32,2,6.77,1
sglang,multi_turn,279,183.85,0.00,241.62,1,4.14,1
sglang,multi_turn,280,619.13,0.00,619.36,1,1.61,1
sglang,multi_turn,281,164.19,0.00,270.34,1,3.70,1
sglang,multi_turn,282,189.22,118.13,307.35,2,6.51,1
sglang,multi_turn,283,144.77,0.00,274.55,1,3.64,1
sglang,multi_turn,284,116.97,59.47,176.43,2,11.34,1
sglang,multi_turn,285,236.26,99.85,336.10,2,5.95,1
sglang,multi_turn,286,194.92,0.00,379.20,1,2.64,1
sglang,multi_turn,287,173.79,65.95,239.74,2,8.34,1
sglang,multi_turn,288,86.39,0.00,714.37,1,1.40,1
sglang,multi_turn,289,142.38,0.00,256.82,1,3.89,1
sglang,multi_turn,290,188.55,0.00,300.41,1,3.33,1
sglang,multi_turn,291,157.07,0.00,258.21,1,3.87,1
sglang,multi_turn,292,166.29,176.46,342.75,2,5.84,1
sglang,multi_turn,293,129.32,0.00,255.14,1,3.92,1
sglang,multi_turn,294,133.85,0.00,283.69,1,3.52,1
sglang,multi_turn,295,173.92,99.02,272.94,2,7.33,1
sglang,multi_turn,296,580.21,0.00,585.34,1,1.71,1
sglang,multi_turn,297,161.10,0.00,223.06,1,4.48,1
sglang,multi_turn,298,209.03,0.00,332.99,1,3.00,1
sglang,multi_turn,299,294.46,66.78,361.24,2,5.54,1
sglang,multi_turn,300,131.69,71.03,202.72,2,9.87,1
sglang,multi_turn,301,159.81,133.18,293.00,2,6.83,1
sglang,multi_turn,302,242.34,0.00,397.45,1,2.52,1
sglang,multi_turn,303,129.49,0.00,225.82,1,4.43,1
sglang,multi_turn,304,558.36,0.00,576.84,1,1.73,1
sglang,multi_turn,305,192.29,0.00,316.95,1,3.16,1
sglang,multi_turn,306,161.26,156.38,317.64,2,6.30,1
sglang,multi_turn,307,121.18,0.00,286.40,1,3.49,1
sglang,multi_turn,308,158.91,0.00,241.60,1,4.14,1
sglang,multi_turn,309,203.04,0.00,343.11,1,2.91,1
sglang,multi_turn,310,168.00,0.00,304.94,1,3.28,1
sglang,multi_turn,311,162.31,93.26,255.57,2,7.83,1
sglang,multi_turn,312,553.34,0.00,624.83,1,1.60,1
sglang,multi_turn,313,208.55,93.72,302.27,2,6.62,1
sglang,multi_turn,314,200.48,68.92,269.39,2,7.42,1
sglang,multi_turn,315,195.47,0.00,332.36,1,3.01,1
sglang,multi_turn,316,140.44,123.65,264.09,2,7.57,1
sglang,multi_turn,317,135.44,0.00,216.29,1,4.62,1
sglang,multi_turn,318,221.11,0.00,417.44,1,2.40,1
sglang,multi_turn,319,129.39,95.73,225.12,2,8.88,1
sglang,multi_turn,320,543.41,0.00,599.09,1,1.67,1
sglang,multi_turn,321,188.03,0.00,236.30,1,4.23,1
sglang,multi_turn,322,199.01,35.23,410.38,7,17.06,0
sglang,multi_turn,323,119.71,46.31,166.02,2,12.05,1
sglang,multi_turn,324,226.25,0.00,327.31,1,3.06,1
sglang,multi_turn,325,193.21,122.42,315.64,2,6.34,1
sglang,multi_turn,326,180.25,181.32,361.58,2,5.53,1
sglang,multi_turn,327,146.80,0.00,205.70,1,4.86,1
sglang,multi_turn,328,91.19,566.59,657.78,2,3.04,1
sglang,multi_turn,329,168.32,98.39,266.71,2,7.50,1
sglang,multi_turn,330,163.30,0.00,294.26,1,3.40,1
sglang,multi_turn,331,223.00,0.00,259.42,1,3.85,1
sglang,multi_turn,332,204.71,0.00,306.10,1,3.27,1
sglang,multi_turn,333,181.05,0.00,356.79,1,2.80,1
sglang,multi_turn,334,160.41,121.21,281.63,2,7.10,1
sglang,multi_turn,335,197.01,75.27,272.28,2,7.35,1
sglang,multi_turn,336,610.37,0.32,610.69,2,3.27,1
sglang,multi_turn,337,143.16,84.98,228.14,2,8.77,1
sglang,multi_turn,338,159.02,0.00,269.65,1,3.71,1
sglang,multi_turn,339,211.00,48.54,259.54,2,7.71,1
sglang,multi_turn,340,217.94,143.28,361.22,2,5.54,1
sglang,multi_turn,341,106.63,227.91,334.54,2,5.98,1
sglang,multi_turn,342,142.25,0.00,227.96,1,4.39,1
sglang,multi_turn,343,200.00,0.00,303.73,1,3.29,1
sglang,multi_turn,344,530.33,0.00,616.82,1,1.62,1
sglang,multi_turn,345,129.39,0.00,198.99,1,5.03,1
sglang,multi_turn,346,277.34,124.13,401.47,2,4.98,1
sglang,multi_turn,347,86.55,0.00,241.86,1,4.13,1
sglang,multi_turn,348,178.00,0.00,188.32,1,5.31,1
sglang,multi_turn,349,241.33,0.00,312.53,1,3.20,1
sglang,multi_turn,350,218.74,0.00,281.28,1,3.56,1
sglang,multi_turn,351,247.22,127.72,374.95,2,5.33,0
sglang,multi_turn,352,563.83,0.00,564.11,1,1.77,1
sglang,multi_turn,353,208.67,93.16,301.83,2,6.63,0
sglang,multi_turn,354,139.38,198.98,338.36,2,5.91,0
sglang,multi_turn,355,180.63,0.00,218.04,1,4.59,1
sglang,multi_turn,356,205.39,0.00,253.73,1,3.94,1
sglang,multi_turn,357,209.91,212.47,422.38,2,4.74,1
sglang,multi_turn,358,124.85,0.00,349.62,1,2.86,1
sglang,multi_turn,359,136.17,0.00,201.72,1,4.96,1
sglang,multi_turn,360,533.89,0.00,630.75,1,1.59,1
sglang,multi_turn,361,158.45,59.53,217.98,2,9.18,1
sglang,multi_turn,362,168.63,0.00,365.30,1,2.74,1
sglang,multi_turn,363,144.96,87.41,232.37,2,8.61,1
sglang,multi_turn,364,168.22,165.38,333.60,2,6.00,1
sglang,multi_turn,365,143.44,0.00,230.56,1,4.34,1
sglang,multi_turn,366,228.33,0.00,391.75,1,2.55,1
sglang,multi_turn,367,155.32,70.00,225.32,2,8.88,1
sglang,multi_turn,368,588.70,14.12,645.19,5,7.75,0
sglang,multi_turn,369,143.67,0.00,182.24,1,5.49,1
sglang,multi_turn,370,197.47,0.00,331.50,1,3.02,1
sglang,multi_turn,371,212.92,15.39,228.31,2,8.76,1
sglang,multi_turn,372,242.81,39.94,282.75,2,7.07,1
sglang,multi_turn,373,246.74,0.00,338.33,1,2.96,1
sglang,multi_turn,374,167.23,0.00,287.42,1,3.48,1
sglang,multi_turn,375,238.05,81.00,319.05,2,6.27,1
sglang,multi_turn,376,551.58,0.00,595.29,1,1.68,1
sglang,multi_turn,377,176.94,0.00,237.15,1,4.22,1
sglang,multi_turn,378,144.94,273.32,418.26,2,4.78,1
sglang,multi_turn,379,138.45,98.11,236.55,2,8.45,1
sglang,multi_turn,380,176.40,0.00,304.32,1,3.29,1
sglang,multi_turn,381,160.43,0.00,216.45,1,4.62,1
sglang,multi_turn,382,150.42,145.61,296.03,2,6.76,1
sglang,multi_turn,383,208.96,0.00,347.03,1,2.88,1
sglang,multi_turn,384,622.95,54.07,677.02,2,2.95,1
sglang,multi_turn,385,131.68,0.00,229.97,1,4.35,1
sglang,multi_turn,386,211.73,92.86,304.59,2,6.57,1
sglang,multi_turn,387,149.21,147.19,296.40,2,6.75,1
sglang,multi_turn,388,140.21,0.00,282.72,1,3.54,1
sglang,multi_turn,389,86.56,0.00,163.38,1,6.12,1
sglang,multi_turn,390,249.66,0.00,349.61,1,2.86,1
sglang,multi_turn,391,255.95,84.57,340.52,2,5.87,1
sglang,multi_turn,392,589.43,0.00,598.30,1,1.67,1
sglang,multi_turn,393,133.87,98.01,231.87,2,8.63,1
sglang,multi_turn,394,179.69,0.00,333.68,1,3.00,1
sglang,multi_turn,395,129.17,175.93,305.10,2,6.56,1
sglang,multi_turn,396,146.28,0.00,233.60,1,4.28,1
sglang,multi_turn,397,198.55,0.00,237.81,1,4.21,1
sglang,multi_turn,398,226.59,0.00,279.29,1,3.58,1
sglang,multi_turn,399,257.08,134.51,391.59,2,5.11,1
sglang,multi_turn,400,556.56,20.68,577.24,2,3.46,1
sglang,multi_turn,401,231.01,0.00,323.31,1,3.09,1
sglang,multi_turn,402,208.52,0.00,268.97,1,3.72,1
sglang,multi_turn,403,123.37,194.88,318.25,2,6.28,1
sglang,multi_turn,404,160.48,68.03,228.50,2,8.75,1
sglang,multi_turn,405,187.30,0.00,256.42,1,3.90,1
sglang,multi_turn,406,227.53,88.64,316.18,2,6.33,1
sglang,multi_turn,407,246.28,0.00,352.78,1,2.83,1
sglang,multi_turn,408,577.99,0.00,687.75,1,1.45,1
sglang,multi_turn,409,160.29,85.00,245.29,2,8.15,1
sglang,multi_turn,410,147.72,174.20,321.92,2,6.21,1
sglang,multi_turn,411,309.61,0.33,309.94,2,6.45,1
sglang,multi_turn,412,133.62,152.51,286.13,2,6.99,1
sglang,multi_turn,413,116.43,0.00,154.61,1,6.47,1
sglang,multi_turn,414,242.48,0.00,288.75,1,3.46,1
sglang,multi_turn,415,218.74,171.27,390.00,2,5.13,1
sglang,multi_turn,416,547.53,0.00,612.96,1,1.63,1
sglang,multi_turn,417,143.41,135.05,278.46,2,7.18,1
sglang,multi_turn,418,96.88,0.00,245.24,1,4.08,1
sglang,multi_turn,419,157.38,219.55,376.93,2,5.31,1
sglang,multi_turn,420,108.81,0.00,227.41,1,4.40,1
sglang,multi_turn,421,162.69,191.84,354.52,2,5.64,1
sglang,multi_turn,422,143.82,152.53,296.35,2,6.75,1
sglang,multi_turn,423,167.85,86.44,254.29,2,7.86,1
sglang,multi_turn,424,52.76,0.00,715.58,1,1.40,1
sglang,multi_turn,425,141.75,0.00,189.22,1,5.28,1
sglang,multi_turn,426,146.05,0.00,308.08,1,3.25,1
sglang,multi_turn,427,228.62,47.74,276.37,2,7.24,1
sglang,multi_turn,428,123.31,0.00,334.39,1,2.99,1
sglang,multi_turn,429,172.36,0.00,340.12,1,2.94,1
sglang,multi_turn,430,139.80,0.00,257.63,1,3.88,1
sglang,multi_turn,431,201.35,0.00,283.12,1,3.53,1
sglang,multi_turn,432,597.05,32.21,629.26,2,3.18,1
sglang,multi_turn,433,109.35,161.95,271.30,2,7.37,1
sglang,multi_turn,434,182.89,147.14,330.02,2,6.06,1
sglang,multi_turn,435,124.39,51.44,175.83,2,11.37,1
sglang,multi_turn,436,190.12,124.64,314.76,2,6.35,1
sglang,multi_turn,437,156.87,0.00,256.69,1,3.90,1
sglang,multi_turn,438,200.57,143.89,344.46,2,5.81,1
sglang,multi_turn,439,225.99,0.00,303.75,1,3.29,1
sglang,multi_turn,440,573.58,91.60,665.19,2,3.01,1
sglang,multi_turn,441,175.34,0.00,242.07,1,4.13,1
sglang,multi_turn,442,176.67,184.85,361.52,2,5.53,1
sglang,multi_turn,443,138.75,0.00,235.87,1,4.24,1
sglang,multi_turn,444,145.94,0.00,224.50,1,4.45,1
sglang,multi_turn,445,214.11,182.23,396.34,2,5.05,1
sglang,multi_turn,446,143.29,53.92,197.21,2,10.14,1
sglang,multi_turn,447,279.85,0.00,364.63,1,2.74,1
sglang,multi_turn,448,98.94,0.00,641.02,1,1.56,1
sglang,multi_turn,449,230.35,59.25,289.60,2,6.91,1
sglang,multi_turn,450,124.42,0.00,307.00,1,3.26,1
sglang,multi_turn,451,201.12,0.00,219.27,1,4.56,1
sglang,multi_turn,452,227.68,0.00,289.72,1,3.45,1
sglang,multi_turn,453,257.65,123.73,381.38,2,5.24,1
sglang,multi_turn,454,184.59,132.67,317.26,2,6.30,1
sglang,multi_turn,455,187.19,82.46,269.64,2,7.42,1
sglang,multi_turn,456,591.95,0.00,605.33,1,1.65,1
sglang,multi_turn,457,140.21,107.60,247.81,2,8.07,1
sglang,multi_turn,458,213.06,70.14,283.21,2,7.06,1
sglang,multi_turn,459,175.38,158.47,333.86,2,5.99,1
sglang,multi_turn,460,134.42,0.00,211.71,1,4.72,1
sglang,multi_turn,461,216.55,0.00,314.50,1,3.18,1
sglang,multi_turn,462,184.71,0.00,376.03,1,2.66,1
sglang,multi_turn,463,137.50,93.41,230.91,2,8.66,1
sglang,multi_turn,464,535.12,0.00,575.42,1,1.74,1
sglang,multi_turn,465,179.54,0.00,271.58,1,3.68,1
sglang,multi_turn,466,255.89,0.00,343.19,1,2.91,1
sglang,multi_turn,467,165.15,0.00,271.98,1,3.68,1
sglang,multi_turn,468,188.14,40.14,228.28,2,8.76,1
sglang,multi_turn,469,230.54,189.65,420.19,2,4.76,1
sglang,multi_turn,470,125.58,153.30,278.89,2,7.17,1
sglang,multi_turn,471,168.14,0.00,255.36,1,3.92,1
sglang,multi_turn,472,583.70,0.00,609.27,1,1.64,1
sglang,multi_turn,473,156.74,0.00,227.33,1,4.40,1
sglang,multi_turn,474,124.14,229.75,353.89,2,5.65,1
sglang,multi_turn,475,156.91,58.85,215.76,2,9.27,0
sglang,multi_turn,476,188.52,147.94,336.46,2,5.94,1
sglang,multi_turn,477,102.37,154.02,256.40,2,7.80,1
sglang,multi_turn,478,206.84,0.00,294.81,1,3.39,1
sglang,multi_turn,479,244.50,0.00,331.32,1,3.02,1
sglang,multi_turn,480,543.39,65.50,608.89,2,3.28,1
sglang,multi_turn,481,146.56,0.00,260.54,1,3.84,1
sglang,multi_turn,482,179.12,0.00,318.16,1,3.14,1
sglang,multi_turn,483,174.43,0.00,309.12,1,3.23,1
sglang,multi_turn,484,155.90,0.00,230.06,1,4.35,1
sglang,multi_turn,485,173.82,0.00,324.73,1,3.08,1
sglang,multi_turn,486,186.33,97.69,284.01,2,7.04,1
sglang,multi_turn,487,229.10,97.84,326.94,2,6.12,1
sglang,multi_turn,488,84.66,566.01,650.67,2,3.07,1
sglang,multi_turn,489,193.46,49.79,243.25,2,8.22,1
sglang,multi_turn,490,199.87,161.51,361.37,2,5.53,1
sglang,multi_turn,491,115.46,105.25,220.71,2,9.06,1
sglang,multi_turn,492,193.20,0.00,262.36,1,3.81,1
sglang,multi_turn,493,214.10,0.00,266.56,1,3.75,1
sglang,multi_turn,494,286.37,0.00,331.71,1,3.01,1
sglang,multi_turn,495,218.78,0.00,374.59,1,2.67,1
sglang,multi_turn,496,596.18,0.37,596.55,2,3.35,1
sglang,multi_turn,497,171.01,0.00,198.85,1,5.03,1
sglang,multi_turn,498,277.70,55.32,333.02,2,6.01,1
sglang,multi_turn,499,200.13,0.00,309.23,1,3.23,1
sglang,multi_turn,500,179.09,0.00,312.33,1,3.20,1
sglang,multi_turn,501,155.56,0.00,216.83,1,4.61,1
sglang,multi_turn,502,205.59,128.64,334.24,2,5.98,1
sglang,multi_turn,503,237.03,90.03,327.06,2,6.12,1
sglang,multi_turn,504,552.36,0.00,606.94,1,1.65,1
sglang,multi_turn,505,205.75,14.24,291.18,7,24.04,0
sglang,multi_turn,506,164.26,157.51,321.77,2,6.22,1
sglang,multi_turn,507,176.92,0.00,200.91,1,4.98,1
sglang,multi_turn,508,180.38,0.00,272.44,1,3.67,1
sglang,multi_turn,509,234.52,0.00,349.26,1,2.86,1
sglang,multi_turn,510,180.19,0.00,282.09,1,3.55,1
sglang,multi_turn,511,225.20,138.58,363.79,2,5.50,1
sglang,multi_turn,512,154.55,109.63,264.17,2,7.57,1
sglang,multi_turn,513,131.03,0.00,238.38,1,4.19,1
sglang,multi_turn,514,110.35,146.38,256.73,2,7.79,1
sglang,multi_turn,515,110.93,0.00,249.80,1,4.00,1
sglang,multi_turn,516,98.04,0.00,222.60,1,4.49,1
sglang,multi_turn,517,216.89,0.00,326.72,1,3.06,1
sglang,multi_turn,518,212.91,0.00,252.99,1,3.95,1
sglang,multi_turn,519,229.29,0.00,287.08,1,3.48,1
sglang,multi_turn,520,102.09,0.00,140.72,1,7.11,1
sglang,multi_turn,521,199.31,0.00,249.11,1,4.01,1
sglang,multi_turn,522,150.62,82.35,232.97,2,8.58,1
sglang,multi_turn,523,190.82,0.00,306.44,1,3.26,1
sglang,multi_turn,524,154.41,0.00,208.09,1,4.81,1
sglang,multi_turn,525,231.77,0.00,402.73,1,2.48,1
sglang,multi_turn,526,114.83,0.00,228.29,1,4.38,1
sglang,multi_turn,527,202.71,0.00,260.43,1,3.84,1
sglang,multi_turn,528,117.68,121.29,238.97,2,8.37,1
sglang,multi_turn,529,130.44,0.00,219.47,1,4.56,1
sglang,multi_turn,530,146.37,0.00,180.04,1,5.55,1
sglang,multi_turn,531,165.89,93.36,259.25,2,7.71,1
sglang,multi_turn,532,210.83,0.00,279.19,1,3.58,1
sglang,multi_turn,533,196.70,158.58,355.28,2,5.63,1
sglang,multi_turn,534,195.48,51.21,246.69,2,8.11,1
sglang,multi_turn,535,250.23,0.00,285.92,1,3.50,1
sglang,multi_turn,536,117.79,0.00,168.78,1,5.92,1
sglang,multi_turn,537,152.03,0.00,244.15,1,4.10,1
sglang,multi_turn,538,118.35,124.44,242.79,2,8.24,1
sglang,multi_turn,539,174.33,0.00,289.88,1,3.45,1
sglang,multi_turn,540,162.98,0.00,220.04,1,4.54,1
sglang,multi_turn,541,195.12,190.77,385.90,2,5.18,1
sglang,multi_turn,542,185.60,0.00,277.36,1,3.61,1
sglang,multi_turn,543,192.51,0.00,227.68,1,4.39,1
sglang,multi_turn,544,127.49,0.00,143.43,1,6.97,1
sglang,multi_turn,545,210.36,99.54,309.91,2,6.45,1
sglang,multi_turn,546,134.02,61.84,195.85,2,10.21,1
sglang,multi_turn,547,164.62,152.53,317.15,2,6.31,1
sglang,multi_turn,548,128.64,0.00,173.98,1,5.75,1
sglang,multi_turn,549,242.59,0.00,411.02,1,2.43,1
sglang,multi_turn,550,158.37,38.42,196.79,2,10.16,1
sglang,multi_turn,551,272.29,0.00,300.66,1,3.33,1
sglang,multi_turn,552,157.92,0.00,253.85,1,3.94,1
sglang,multi_turn,553,155.21,0.00,192.67,1,5.19,1
sglang,multi_turn,554,198.68,0.00,280.96,1,3.56,1
sglang,multi_turn,555,117.01,0.00,200.71,1,4.98,1
sglang,multi_turn,556,152.15,0.00,311.65,1,3.21,1
sglang,multi_turn,557,213.97,32.28,278.53,3,10.77,0
sglang,multi_turn,558,178.87,0.00,397.07,1,2.52,1
sglang,multi_turn,559,180.17,0.00,196.62,1,5.09,1
sglang,multi_turn,560,122.23,0.00,171.17,1,5.84,1
sglang,multi_turn,561,151.79,134.63,286.42,2,6.98,1
sglang,multi_turn,562,144.87,27.31,172.17,2,11.62,1
sglang,multi_turn,563,177.33,0.00,318.26,1,3.14,1
sglang,multi_turn,564,120.81,0.00,182.77,1,5.47,1
sglang,multi_turn,565,246.68,106.09,352.77,2,5.67,1
sglang,multi_turn,566,210.68,0.00,384.60,1,2.60,1
sglang,multi_turn,567,180.98,0.00,205.02,1,4.88,1
sglang,multi_turn,568,184.17,28.27,212.45,2,9.41,0
sglang,multi_turn,569,150.11,0.00,222.02,1,4.50,1
sglang,multi_turn,570,165.78,0.00,239.95,1,4.17,1
sglang,multi_turn,571,204.21,0.00,257.39,1,3.89,1
sglang,multi_turn,572,207.28,151.70,358.98,2,5.57,1
sglang,multi_turn,573,144.39,182.99,327.38,2,6.11,1
sglang,multi_turn,574,155.36,0.00,174.45,1,5.73,1
sglang,multi_turn,575,273.22,0.00,311.10,1,3.21,1
sglang,multi_turn,576,118.63,0.00,173.54,1,5.76,1
sglang,multi_turn,577,144.59,127.13,271.72,2,7.36,1
sglang,multi_turn,578,151.84,0.00,246.41,1,4.06,1
sglang,multi_turn,579,150.95,0.00,193.50,1,5.17,1
sglang,multi_turn,580,225.01,109.70,334.71,2,5.98,1
sglang,multi_turn,581,178.25,0.00,337.46,1,2.96,1
sglang,multi_turn,582,179.10,0.00,343.65,1,2.91,1
sglang,multi_turn,583,142.16,0.00,165.26,1,6.05,1
sglang,multi_turn,584,126.92,35.52,162.44,2,12.31,1
sglang,multi_turn,585,193.10,0.00,225.94,1,4.43,1
sglang,multi_turn,586,173.54,0.00,222.98,1,4.48,1
sglang,multi_turn,587,228.25,0.00,273.80,1,3.65,1
sglang,multi_turn,588,220.41,0.00,293.72,1,3.40,1
sglang,multi_turn,589,182.30,0.00,347.43,1,2.88,1
sglang,multi_turn,590,188.36,118.08,306.44,2,6.53,1
sglang,multi_turn,591,127.80,0.00,228.60,1,4.37,1
sglang,multi_turn,592,137.93,0.00,182.49,1,5.48,1
sglang,multi_turn,593,177.53,0.00,228.11,1,4.38,1
sglang,multi_turn,594,182.62,96.84,279.45,2,7.16,1
sglang,multi_turn,595,147.92,95.77,243.69,2,8.21,1
sglang,multi_turn,596,171.63,97.63,269.26,2,7.43,1
sglang,multi_turn,597,127.43,0.00,293.65,1,3.41,1
sglang,multi_turn,598,237.80,0.00,317.96,1,3.15,1
sglang,multi_turn,599,193.59,0.00,253.84,1,3.94,1
sglang,multi_turn,600,157.78,106.55,264.33,2,7.57,1
sglang,multi_turn,601,97.63,0.00,209.89,1,4.76,1
sglang,multi_turn,602,165.44,0.00,274.58,1,3.64,1
sglang,multi_turn,603,127.74,0.00,209.11,1,4.78,1
sglang,multi_turn,604,196.88,0.00,215.47,1,4.64,1
sglang,multi_turn,605,268.40,0.00,333.43,1,3.00,1
sglang,multi_turn,606,156.81,152.77,309.58,2,6.46,1
sglang,multi_turn,607,225.25,0.00,291.43,1,3.43,1
sglang,multi_turn,608,131.21,0.00,228.00,1,4.39,1
sglang,multi_turn,609,176.98,15.51,192.49,2,10.39,1
sglang,multi_turn,610,201.20,124.94,326.13,2,6.13,1
sglang,multi_turn,611,118.58,0.00,173.25,1,5.77,1
sglang,multi_turn,612,202.33,119.31,321.64,2,6.22,1
sglang,multi_turn,613,182.78,147.13,329.90,2,6.06,1
sglang,multi_turn,614,137.80,0.00,267.22,1,3.74,1
sglang,multi_turn,615,223.61,0.00,249.49,1,4.01,1
sglang,multi_turn,616,180.40,79.83,260.23,2,7.69,1
sglang,multi_turn,617,83.98,0.00,193.99,1,5.15,1
sglang,multi_turn,618,141.93,128.96,270.89,2,7.38,1
sglang,multi_turn,619,101.42,0.00,161.27,1,6.20,1
sglang,multi_turn,620,213.32,140.94,354.26,2,5.65,1
sglang,multi_turn,621,116.45,209.59,326.04,2,6.13,1
sglang,multi_turn,622,194.44,0.00,257.95,1,3.88,1
sglang,multi_turn,623,257.58,0.00,274.19,1,3.65,1
sglang,multi_turn,624,123.25,0.00,180.66,1,5.54,1
sglang,multi_turn,625,175.90,59.88,235.78,2,8.48,0
sglang,multi_turn,626,161.34,0.00,297.07,1,3.37,1
sglang,multi_turn,627,120.01,0.00,190.52,1,5.25,1
sglang,multi_turn,628,148.15,0.00,235.07,1,4.25,1
sglang,multi_turn,629,215.93,0.00,307.90,1,3.25,1
sglang,multi_turn,630,228.28,0.00,370.07,1,2.70,1
sglang,multi_turn,631,171.97,0.00,241.98,1,4.13,1
sglang,multi_turn,632,147.33,0.00,245.45,1,4.07,1
sglang,multi_turn,633,138.61,0.00,178.07,1,5.62,1
sglang,multi_turn,634,201.28,0.00,305.90,1,3.27,1
sglang,multi_turn,635,96.87,83.69,180.56,2,11.08,1
sglang,multi_turn,636,187.04,82.39,269.43,2,7.42,1
sglang,multi_turn,637,179.29,202.80,382.09,2,5.23,1
sglang,multi_turn,638,196.77,55.55,252.32,2,7.93,1
sglang,multi_turn,639,251.83,0.00,287.79,1,3.47,1
sglang,multi_turn,640,152.51,0.00,180.13,1,5.55,1
sglang,multi_turn,641,153.86,83.89,237.75,2,8.41,1
sglang,multi_turn,642,163.04,111.23,274.27,2,7.29,1
sglang,multi_turn,643,147.30,0.00,221.65,1,4.51,1
sglang,multi_turn,644,172.28,167.85,340.13,2,5.88,1
sglang,multi_turn,645,124.55,0.00,241.71,1,4.14,1
sglang,multi_turn,646,169.29,248.56,417.84,2,4.79,0
sglang,multi_turn,647,148.83,0.00,171.30,1,5.84,1
sglang,multi_turn,648,134.26,69.60,203.87,2,9.81,1
sglang,multi_turn,649,159.29,0.00,191.59,1,5.22,1
sglang,multi_turn,650,186.52,118.20,304.72,2,6.56,1
sglang,multi_turn,651,162.03,0.00,172.54,1,5.80,1
sglang,multi_turn,652,209.25,129.27,338.53,2,5.91,1
sglang,multi_turn,653,169.74,0.00,232.15,1,4.31,1
sglang,multi_turn,654,257.69,0.00,316.12,1,3.16,1
sglang,multi_turn,655,194.86,0.00,324.09,1,3.09,1
sglang,multi_turn,656,120.48,0.00,194.46,1,5.14,1
sglang,multi_turn,657,100.95,112.97,213.92,2,9.35,1
sglang,multi_turn,658,107.58,0.00,196.75,1,5.08,1
sglang,multi_turn,659,174.34,0.00,347.98,1,2.87,1
sglang,multi_turn,660,130.06,0.00,234.43,1,4.27,1
sglang,multi_turn,661,160.61,0.00,269.61,1,3.71,1
sglang,multi_turn,662,207.94,0.00,409.42,1,2.44,1
sglang,multi_turn,663,161.61,0.00,182.19,1,5.49,1
sglang,multi_turn,664,141.55,31.91,173.45,2,11.53,1
sglang,multi_turn,665,145.51,114.83,260.34,2,7.68,1
sglang,multi_turn,666,132.03,0.00,209.95,1,4.76,1
sglang,multi_turn,667,155.31,104.52,259.83,2,7.70,1
sglang,multi_turn,668,162.32,0.00,349.08,1,2.86,1
sglang,multi_turn,669,155.18,0.00,316.53,1,3.16,1
sglang,multi_turn,670,162.15,0.00,243.71,1,4.10,1
sglang,multi_turn,671,208.71,0.00,254.77,1,3.93,1
sglang,multi_turn,672,151.21,88.47,239.68,2,8.34,1
sglang,multi_turn,673,123.08,0.00,215.62,1,4.64,1
sglang,multi_turn,674,147.50,122.99,270.49,2,7.39,1
sglang,multi_turn,675,112.32,75.53,263.39,3,11.39,0
sglang,multi_turn,676,137.65,115.04,252.69,2,7.91,1
sglang,multi_turn,677,181.00,0.00,230.60,1,4.34,1
sglang,multi_turn,678,189.55,0.00,433.62,1,2.31,1
sglang,multi_turn,679,151.12,0.00,177.34,1,5.64,1
sglang,multi_turn,680,154.20,67.81,222.00,2,9.01,1
sglang,multi_turn,681,171.76,0.00,253.82,1,3.94,1
sglang,multi_turn,682,131.99,0.00,232.08,1,4.31,1
sglang,multi_turn,683,120.55,74.02,194.57,2,10.28,1
sglang,multi_turn,684,199.98,0.00,392.58,1,2.55,1
sglang,multi_turn,685,145.14,42.68,187.82,2,10.65,1
sglang,multi_turn,686,287.05,65.28,352.33,2,5.68,1
sglang,multi_turn,687,229.23,0.00,270.31,1,3.70,1
sglang,multi_turn,688,124.93,77.68,202.60,2,9.87,1
sglang,multi_turn,689,141.71,0.00,216.81,1,4.61,1
sglang,multi_turn,690,102.87,130.21,233.08,2,8.58,1
sglang,multi_turn,691,160.31,147.33,307.64,2,6.50,1
sglang,multi_turn,692,139.51,103.77,243.28,2,8.22,1
sglang,multi_turn,693,192.02,85.36,277.38,2,7.21,1
sglang,multi_turn,694,235.09,112.79,347.88,2,5.75,1
sglang,multi_turn,695,160.57,0.00,230.41,1,4.34,1
sglang,multi_turn,696,114.94,0.00,221.39,1,4.52,1
sglang,multi_turn,697,125.22,0.00,168.82,1,5.92,1
sglang,multi_turn,698,131.84,0.00,261.72,1,3.82,1
sglang,multi_turn,699,157.69,112.68,270.37,2,7.40,1
sglang,multi_turn,700,132.87,84.80,217.66,2,9.19,1
sglang,multi_turn,701,201.97,82.39,284.36,2,7.03,1
sglang,multi_turn,702,244.45,0.00,463.17,1,2.16,1
sglang,multi_turn,703,142.81,0.00,167.39,1,5.97,1
sglang,multi_turn,704,176.67,24.45,225.58,3,13.30,0
sglang,multi_turn,705,139.69,97.85,237.54,2,8.42,1
sglang,multi_turn,706,114.83,0.00,285.95,1,3.50,1
sglang,multi_turn,707,134.94,122.01,256.95,2,7.78,0
sglang,multi_turn,708,143.92,142.21,286.12,2,6.99,1
sglang,multi_turn,709,152.28,94.89,247.17,2,8.09,1
sglang,multi_turn,710,223.77,86.75,310.53,2,6.44,1
sglang,multi_turn,711,243.20,0.00,263.48,1,3.80,1
sglang,multi_turn,712,133.22,0.00,220.07,1,4.54,1
sglang,multi_turn,713,115.90,97.24,213.15,2,9.38,1
sglang,multi_turn,714,139.39,0.00,266.55,1,3.75,1
sglang,multi_turn,715,124.71,103.02,227.73,2,8.78,1
sglang,multi_turn,716,155.13,0.00,188.93,1,5.29,1
sglang,multi_turn,717,236.39,0.00,403.16,1,2.48,1
sglang,multi_turn,718,204.45,0.00,276.10,1,3.62,1
sglang,multi_turn,719,191.97,69.77,261.73,2,7.64,1
sglang,multi_turn,720,170.04,0.00,256.32,1,3.90,1
sglang,multi_turn,721,134.07,0.00,155.24,1,6.44,1
sglang,multi_turn,722,151.89,0.00,224.58,1,4.45,1
sglang,multi_turn,723,219.25,84.52,303.77,2,6.58,1
sglang,multi_turn,724,190.06,107.09,297.15,2,6.73,1
sglang,multi_turn,725,148.98,0.00,326.09,1,3.07,1
sglang,multi_turn,726,151.61,114.70,266.31,2,7.51,1
sglang,multi_turn,727,161.18,105.99,267.17,2,7.49,1
sglang,multi_turn,728,159.57,0.00,269.26,1,3.71,1
sglang,multi_turn,729,133.55,0.00,206.56,1,4.84,1
sglang,multi_turn,730,136.13,0.00,189.66,1,5.27,1
sglang,multi_turn,731,212.91,0.00,307.47,1,3.25,1
sglang,multi_turn,732,186.60,0.00,304.06,1,3.29,1
sglang,multi_turn,733,170.50,0.00,246.98,1,4.05,1
sglang,multi_turn,734,210.27,0.00,268.00,1,3.73,1
sglang,multi_turn,735,267.52,63.81,331.34,2,6.04,1
sglang,multi_turn,736,166.02,0.00,215.81,1,4.63,1
sglang,multi_turn,737,170.76,0.00,197.35,1,5.07,1
sglang,multi_turn,738,183.68,0.00,238.57,1,4.19,1
sglang,multi_turn,739,175.52,0.00,303.94,1,3.29,1
sglang,multi_turn,740,170.80,148.98,319.78,2,6.25,1
sglang,multi_turn,741,155.38,0.00,216.15,1,4.63,1
sglang,multi_turn,742,272.74,0.00,417.64,1,2.39,1
sglang,multi_turn,743,116.30,75.34,191.65,2,10.44,1
sglang,multi_turn,744,105.50,0.00,205.56,1,4.86,1
sglang,multi_turn,745,103.59,0.00,218.25,1,4.58,1
sglang,multi_turn,746,105.29,106.90,212.20,2,9.43,1
sglang,multi_turn,747,194.83,111.91,306.74,2,6.52,1
sglang,multi_turn,748,162.55,79.38,241.92,2,8.27,1
sglang,multi_turn,749,170.57,155.70,326.27,2,6.13,1
sglang,multi_turn,750,205.18,0.00,287.31,1,3.48,1
sglang,multi_turn,751,222.75,48.89,271.64,2,7.36,1
sglang,multi_turn,752,150.74,0.00,230.76,1,4.33,1
sglang,multi_turn,753,128.80,61.50,190.30,2,10.51,1
sglang,multi_turn,754,161.03,94.81,255.84,2,7.82,1
sglang,multi_turn,755,178.35,0.00,238.01,1,4.20,1
sglang,multi_turn,756,192.35,0.00,282.24,1,3.54,1
sglang,multi_turn,757,223.11,112.80,335.90,2,5.95,1
sglang,multi_turn,758,212.30,0.00,267.29,1,3.74,1
sglang,multi_turn,759,242.34,0.00,285.54,1,3.50,1
sglang,multi_turn,760,121.42,0.00,188.80,1,5.30,1
sglang,multi_turn,761,106.58,0.00,166.47,1,6.01,1
sglang,multi_turn,762,221.35,62.18,283.53,2,7.05,1
sglang,multi_turn,763,137.21,0.00,204.57,1,4.89,1
sglang,multi_turn,764,241.36,0.00,308.13,1,3.25,1
sglang,multi_turn,765,232.63,160.79,393.42,2,5.08,1
sglang,multi_turn,766,157.82,0.00,183.83,1,5.44,1
sglang,multi_turn,767,253.34,70.85,324.19,2,6.17,1
sglang,multi_turn,768,148.39,0.00,161.93,1,6.18,1
sglang,multi_turn,769,195.48,0.00,221.94,1,4.51,1
sglang,multi_turn,770,181.92,0.00,237.67,1,4.21,1
sglang,multi_turn,771,225.85,23.49,249.34,2,8.02,1
sglang,multi_turn,772,232.08,0.00,387.53,1,2.58,1
sglang,multi_turn,773,148.12,0.00,262.23,1,3.81,1
sglang,multi_turn,774,210.19,0.00,264.24,1,3.78,1
sglang,multi_turn,775,223.56,68.04,291.60,2,6.86,1
sglang,multi_turn,776,179.88,76.40,256.28,2,7.80,1
sglang,multi_turn,777,147.86,0.00,251.64,1,3.97,1
sglang,multi_turn,778,125.58,53.25,178.83,2,11.18,1
sglang,multi_turn,779,193.16,72.27,265.43,2,7.53,1
sglang,multi_turn,780,197.32,0.00,309.52,1,3.23,1
sglang,multi_turn,781,80.58,0.00,220.81,1,4.53,1
sglang,multi_turn,782,213.69,259.26,472.95,2,4.23,1
sglang,multi_turn,783,136.33,0.00,165.09,1,6.06,1
sglang,multi_turn,784,134.54,104.91,239.45,2,8.35,1
sglang,multi_turn,785,98.74,0.00,175.94,1,5.68,1
sglang,multi_turn,786,137.22,165.30,302.53,2,6.61,1
sglang,multi_turn,787,162.63,0.39,163.01,2,12.27,1
sglang,multi_turn,788,145.15,227.22,372.37,2,5.37,1
sglang,multi_turn,789,172.26,91.82,264.09,2,7.57,1
sglang,multi_turn,790,223.66,0.00,348.11,1,2.87,1
sglang,multi_turn,791,182.98,0.00,228.41,1,4.38,1
sglang,multi_turn,792,109.71,63.59,173.30,2,11.54,1
sglang,multi_turn,793,175.39,0.00,233.69,1,4.28,1
sglang,multi_turn,794,150.90,105.48,256.38,2,7.80,1
sglang,multi_turn,795,176.22,53.25,282.71,3,10.61,0
sglang,multi_turn,796,145.52,64.34,209.85,2,9.53,1
sglang,multi_turn,797,198.94,0.00,259.24,1,3.86,1
sglang,multi_turn,798,306.66,0.00,433.96,1,2.30,1
sglang,multi_turn,799,173.31,48.49,221.80,2,9.02,1
sglang,multi_turn,800,158.00,106.91,264.91,2,7.55,1
sglang,multi_turn,801,118.63,0.00,217.70,1,4.59,1
sglang,multi_turn,802,142.20,93.78,235.98,2,8.48,1
sglang,multi_turn,803,159.03,0.00,241.99,1,4.13,1
sglang,multi_turn,804,174.09,44.45,218.53,2,9.15,1
sglang,multi_turn,805,217.19,181.03,398.22,2,5.02,1
sglang,multi_turn,806,192.05,0.00,364.86,1,2.74,1
sglang,multi_turn,807,145.62,26.19,171.81,2,11.64,1
sglang,multi_turn,808,134.72,0.00,213.88,1,4.68,1
sglang,multi_turn,809,132.86,0.00,183.68,1,5.44,1
sglang,multi_turn,810,131.71,153.08,284.79,2,7.02,1
sglang,multi_turn,811,144.99,99.33,244.32,2,8.19,1
sglang,multi_turn,812,129.60,0.00,226.09,1,4.42,1
sglang,multi_turn,813,196.86,150.01,346.87,2,5.77,1
sglang,multi_turn,814,214.65,124.03,338.68,2,5.91,1
sglang,multi_turn,815,153.14,79.37,232.51,2,8.60,1
sglang,multi_turn,816,147.36,0.00,187.26,1,5.34,1
sglang,multi_turn,817,200.37,0.00,269.38,1,3.71,1
sglang,multi_turn,818,175.24,0.00,235.17,1,4.25,1
sglang,multi_turn,819,170.73,0.00,215.75,1,4.63,1
sglang,multi_turn,820,188.38,0.00,247.38,1,4.04,1
sglang,multi_turn,821,207.35,133.67,341.02,2,5.86,1
sglang,multi_turn,822,229.37,184.89,414.25,2,4.83,1
sglang,multi_turn,823,156.27,45.91,202.18,2,9.89,1
sglang,multi_turn,824,159.13,35.29,194.42,2,10.29,1
sglang,multi_turn,825,170.58,0.00,269.16,1,3.72,1
sglang,multi_turn,826,138.86,0.00,167.21,1,5.98,1
sglang,multi_turn,827,207.61,0.00,301.65,1,3.32,1
sglang,multi_turn,828,186.04,97.50,283.54,2,7.05,1
sglang,multi_turn,829,123.74,0.00,250.99,1,3.98,1
sglang,multi_turn,830,264.50,151.44,415.93,2,4.81,1
sglang,multi_turn,831,134.58,72.98,207.56,2,9.64,1
sglang,multi_turn,832,132.26,0.00,174.34,1,5.74,1
sglang,multi_turn,833,161.85,0.00,266.14,1,3.76,1
sglang,multi_turn,834,136.62,0.00,175.01,1,5.71,1
sglang,multi_turn,835,162.02,169.32,331.34,2,6.04,1
sglang,multi_turn,836,148.14,119.34,267.48,2,7.48,1
sglang,multi_turn,837,161.09,92.92,254.01,2,7.87,1
sglang,multi_turn,838,201.19,0.00,347.81,1,2.88,1
sglang,multi_turn,839,131.41,111.44,242.85,2,8.24,1
sglang,multi_turn,840,132.08,72.66,204.74,2,9.77,1
sglang,multi_turn,841,140.29,107.54,247.83,2,8.07,1
sglang,multi_turn,842,136.17,97.31,233.48,2,8.57,1
sglang,multi_turn,843,139.56,0.00,231.33,1,4.32,1
sglang,multi_turn,844,135.26,159.10,294.36,2,6.79,1
sglang,multi_turn,845,136.25,151.67,287.92,2,6.95,1
sglang,multi_turn,846,214.25,0.00,266.80,1,3.75,1
sglang,multi_turn,847,253.63,46.54,300.18,2,6.66,1
sglang,multi_turn,848,146.87,83.96,230.83,2,8.66,1
sglang,multi_turn,849,146.69,0.00,171.28,1,5.84,1
sglang,multi_turn,850,190.70,0.00,255.12,1,3.92,1
sglang,multi_turn,851,163.71,0.00,222.72,1,4.49,1
sglang,multi_turn,852,182.07,101.02,283.09,2,7.06,1
sglang,multi_turn,853,263.44,0.00,296.05,1,3.38,1
sglang,multi_turn,854,294.32,123.43,417.75,2,4.79,1
sglang,multi_turn,855,176.02,52.81,228.83,2,8.74,1
sglang,multi_turn,856,155.52,37.96,193.48,2,10.34,1
sglang,multi_turn,857,137.38,118.07,255.46,2,7.83,1
sglang,multi_turn,858,167.59,101.54,269.12,2,7.43,1
sglang,multi_turn,859,136.91,131.29,268.19,2,7.46,1
sglang,multi_turn,860,130.74,0.00,188.09,1,5.32,1
sglang,multi_turn,861,241.08,0.00,366.31,1,2.73,1
sglang,multi_turn,862,126.94,0.00,338.87,1,2.95,1
sglang,multi_turn,863,164.48,51.83,216.31,2,9.25,1
sglang,multi_turn,864,162.39,0.00,217.89,1,4.59,1
sglang,multi_turn,865,164.53,0.00,175.13,1,5.71,1
sglang,multi_turn,866,200.58,112.88,313.46,2,6.38,1
sglang,multi_turn,867,142.31,0.00,217.63,1,4.59,1
sglang,multi_turn,868,133.12,0.00,277.81,1,3.60,1
sglang,multi_turn,869,177.48,0.00,324.79,1,3.08,1
sglang,multi_turn,870,224.71,113.60,338.31,2,5.91,1
sglang,multi_turn,871,160.56,0.00,236.61,1,4.23,1
sglang,multi_turn,872,120.72,0.00,161.64,1,6.19,1
sglang,multi_turn,873,185.84,0.00,275.58,1,3.63,1
sglang,multi_turn,874,137.91,0.00,193.75,1,5.16,1
sglang,multi_turn,875,183.79,0.00,212.89,1,4.70,1
sglang,multi_turn,876,175.49,128.33,303.82,2,6.58,1
sglang,multi_turn,877,239.41,0.00,318.40,1,3.14,1
sglang,multi_turn,878,207.07,200.09,407.16,2,4.91,1
sglang,multi_turn,879,160.25,0.00,189.71,1,5.27,1
sglang,multi_turn,880,159.68,0.00,221.40,1,4.52,1
sglang,multi_turn,881,171.03,104.96,276.00,2,7.25,1
sglang,multi_turn,882,127.66,115.17,242.82,2,8.24,1
sglang,multi_turn,883,118.97,0.00,200.56,1,4.99,1
sglang,multi_turn,884,193.15,0.00,233.40,1,4.28,1
sglang,multi_turn,885,251.02,163.74,414.77,2,4.82,1
sglang,multi_turn,886,177.95,115.50,293.46,2,6.82,1
sglang,multi_turn,887,192.73,34.59,227.33,2,8.80,1
sglang,multi_turn,888,153.48,84.42,237.90,2,8.41,1
sglang,multi_turn,889,155.54,0.00,261.23,1,3.83,1
sglang,multi_turn,890,139.28,32.85,172.12,2,11.62,1
sglang,multi_turn,891,174.11,0.00,259.09,1,3.86,1
sglang,multi_turn,892,183.07,107.77,290.84,2,6.88,1
sglang,multi_turn,893,222.72,0.00,274.68,1,3.64,1
sglang,multi_turn,894,287.34,0.00,372.13,1,2.69,1
sglang,multi_turn,895,205.18,50.62,255.80,2,7.82,1
sglang,multi_turn,896,115.87,0.00,153.66,1,6.51,1
sglang,multi_turn,897,130.65,154.40,285.05,2,7.02,1
sglang,multi_turn,898,130.98,73.75,204.73,2,9.77,1
sglang,multi_turn,899,124.97,0.00,300.46,1,3.33,1
sglang,multi_turn,900,118.33,180.09,298.42,2,6.70,1
sglang,multi_turn,901,165.66,0.00,331.89,1,3.01,1
sglang,multi_turn,902,157.12,0.00,304.29,1,3.29,1
sglang,multi_turn,903,166.03,35.41,201.43,2,9.93,1
sglang,multi_turn,904,136.38,0.00,200.85,1,4.98,1
sglang,multi_turn,905,164.30,0.00,220.75,1,4.53,1
sglang,multi_turn,906,173.03,0.00,260.69,1,3.84,1
sglang,multi_turn,907,150.40,107.25,257.65,2,7.76,1
sglang,multi_turn,908,132.78,0.00,304.69,1,3.28,1
sglang,multi_turn,909,127.65,0.00,244.50,1,4.09,1
sglang,multi_turn,910,206.34,0.00,336.79,1,2.97,1
sglang,multi_turn,911,182.64,76.02,258.66,2,7.73,1
sglang,multi_turn,912,106.26,0.00,196.41,1,5.09,1
sglang,multi_turn,913,113.38,88.40,201.78,2,9.91,1
sglang,multi_turn,914,129.99,59.20,248.40,3,12.08,1
sglang,multi_turn,915,176.37,0.00,304.73,1,3.28,1
sglang,multi_turn,916,136.28,67.27,270.82,3,11.08,1
sglang,multi_turn,917,134.39,0.00,194.36,1,5.14,1
sglang,multi_turn,918,224.98,70.52,366.02,3,8.20,1
sglang,multi_turn,919,215.14,74.00,289.14,2,6.92,1
sglang,multi_turn,920,146.93,52.16,199.09,2,10.05,1
sglang,multi_turn,921,147.23,0.00,211.00,1,4.74,1
sglang,multi_turn,922,182.26,126.38,308.64,2,6.48,1
sglang,multi_turn,923,117.26,41.74,159.01,2,12.58,1
sglang,multi_turn,924,180.48,121.94,302.43,2,6.61,1
sglang,multi_turn,925,180.61,181.29,361.90,2,5.53,1
sglang,multi_turn,926,178.91,162.27,341.19,2,5.86,1
sglang,multi_turn,927,118.02,78.01,196.02,2,10.20,1
sglang,multi_turn,928,137.94,0.00,187.47,1,5.33,1
sglang,multi_turn,929,132.39,0.00,205.36,1,4.87,1
sglang,multi_turn,930,173.67,111.16,284.83,2,7.02,1
sglang,multi_turn,931,162.35,119.82,282.17,2,7.09,1
sglang,multi_turn,932,143.10,164.21,307.32,2,6.51,1
sglang,multi_turn,933,135.32,0.00,245.63,1,4.07,1
sglang,multi_turn,934,218.83,0.00,319.95,1,3.13,1
sglang,multi_turn,935,212.13,39.13,251.27,2,7.96,0
sglang,multi_turn,936,83.39,0.00,208.06,1,4.81,1
sglang,multi_turn,937,112.49,0.00,185.27,1,5.40,1
sglang,multi_turn,938,174.52,130.19,304.71,2,6.56,1
sglang,multi_turn,939,137.29,120.10,257.40,2,7.77,1
sglang,multi_turn,940,109.88,0.00,244.29,1,4.09,1
sglang,multi_turn,941,206.33,41.80,248.13,2,8.06,1
sglang,multi_turn,942,244.57,0.00,414.93,1,2.41,1
sglang,multi_turn,943,191.73,31.47,223.20,2,8.96,1
sglang,multi_turn,944,130.98,0.00,177.83,1,5.62,1
sglang,multi_turn,945,164.14,133.82,297.96,2,6.71,1
sglang,multi_turn,946,135.60,0.00,259.14,1,3.86,1
sglang,multi_turn,947,123.21,69.81,193.01,2,10.36,1
sglang,multi_turn,948,202.85,0.00,289.47,1,3.45,1
sglang,multi_turn,949,165.58,0.00,363.44,1,2.75,1
sglang,multi_turn,950,175.57,0.00,333.13,1,3.00,1
sglang,multi_turn,951,152.31,33.30,185.61,2,10.78,1
sglang,multi_turn,952,151.01,108.04,259.05,2,7.72,1
sglang,multi_turn,953,137.15,78.69,215.84,2,9.27,1
sglang,multi_turn,954,118.54,76.49,195.03,2,10.25,1
sglang,multi_turn,955,195.50,0.00,315.65,1,3.17,1
sglang,multi_turn,956,145.40,0.00,251.59,1,3.97,1
sglang,multi_turn,957,197.19,179.96,377.15,2,5.30,1
sglang,multi_turn,958,152.45,32.54,184.98,2,10.81,1
sglang,multi_turn,959,262.70,51.05,313.75,2,6.37,1
sglang,multi_turn,960,152.71,0.00,176.72,1,5.66,1
sglang,multi_turn,961,156.07,0.00,212.05,1,4.72,1
sglang,multi_turn,962,133.01,0.00,272.20,1,3.67,1
sglang,multi_turn,963,144.44,0.00,201.15,1,4.97,1
sglang,multi_turn,964,182.70,117.05,299.74,2,6.67,1
sglang,multi_turn,965,259.20,166.98,426.18,2,4.69,1
sglang,multi_turn,966,153.74,0.00,186.10,1,5.37,1
sglang,multi_turn,967,241.84,75.92,317.76,2,6.29,1
sglang,multi_turn,968,125.18,80.21,205.38,2,9.74,1
sglang,multi_turn,969,140.09,0.00,189.50,1,5.28,1
sglang,multi_turn,970,158.22,81.17,239.38,2,8.35,1
sglang,multi_turn,971,178.45,50.01,228.46,2,8.75,1
sglang,multi_turn,972,181.27,0.00,257.82,1,3.88,1
sglang,multi_turn,973,222.97,0.00,304.73,1,3.28,1
sglang,multi_turn,974,278.89,0.00,312.84,1,3.20,1
sglang,multi_turn,975,268.97,54.72,323.69,2,6.18,0
sglang,multi_turn,976,131.35,0.00,181.29,1,5.52,1
sglang,multi_turn,977,161.81,0.00,214.47,1,4.66,1
sglang,multi_turn,978,220.66,111.35,332.01,2,6.02,1
sglang,multi_turn,979,90.85,80.14,170.99,2,11.70,1
sglang,multi_turn,980,158.07,211.65,369.72,2,5.41,1
sglang,multi_turn,981,149.66,0.00,256.80,1,3.89,1
sglang,multi_turn,982,222.87,140.57,363.43,2,5.50,1
sglang,multi_turn,983,177.65,0.00,216.04,1,4.63,1
sglang,multi_turn,984,116.06,65.39,181.45,2,11.02,1
sglang,multi_turn,985,157.61,0.00,174.93,1,5.72,1
sglang,multi_turn,986,164.30,0.00,233.82,1,4.28,1
sglang,multi_turn,987,192.79,0.00,240.80,1,4.15,1
sglang,multi_turn,988,217.87,0.00,276.27,1,3.62,1
sglang,multi_turn,989,233.79,131.03,364.82,2,5.48,1
sglang,multi_turn,990,249.25,133.99,383.24,2,5.22,0
sglang,multi_turn,991,152.60,56.12,208.72,2,9.58,1
sglang,multi_turn,992,152.37,0.00,195.22,1,5.12,1
sglang,multi_turn,993,133.81,0.00,209.29,1,4.78,1
sglang,multi_turn,994,173.67,0.00,276.07,1,3.62,1
sglang,multi_turn,995,169.12,0.00,254.87,1,3.92,1
sglang,multi_turn,996,139.73,0.00,249.44,1,4.01,1
sglang,multi_turn,997,183.01,0.00,260.07,1,3.85,1
sglang,multi_turn,998,252.72,98.65,351.37,2,5.69,1
sglang,multi_turn,999,257.72,37.52,295.25,2,6.77,1
sglang,tree_of_thought,0,96.58,27.55,124.14,2,16.11,1
sglang,tree_of_thought,1,106.53,0.00,141.02,1,7.09,1
sglang,tree_of_thought,2,97.21,36.09,133.31,2,15.00,1
sglang,tree_of_thought,3,106.34,34.74,141.08,2,14.18,1
sglang,tree_of_thought,4,114.17,59.82,173.99,2,11.49,1
sglang,tree_of_thought,5,83.42,0.00,154.70,1,6.46,1
sglang,tree_of_thought,6,94.25,0.00,131.02,1,7.63,1
sglang,tree_of_thought,7,80.26,28.84,109.10,2,18.33,1
sglang,tree_of_thought,8,92.19,15.04,107.22,2,18.65,0
sglang,tree_of_thought,9,113.44,0.00,117.80,1,8.49,1
sglang,tree_of_thought,10,75.71,38.73,114.44,2,17.48,1
sglang,tree_of_thought,11,94.97,46.54,141.50,2,14.13,1
sglang,tree_of_thought,12,95.11,0.00,134.74,1,7.42,1
sglang,tree_of_thought,13,120.62,0.00,157.09,1,6.37,1
sglang,tree_of_thought,14,88.27,34.97,123.24,2,16.23,1
sglang,tree_of_thought,15,104.20,0.00,191.31,1,5.23,1
sglang,tree_of_thought,16,67.71,13.64,81.36,2,24.58,1
sglang,tree_of_thought,17,74.79,0.00,149.62,1,6.68,1
sglang,tree_of_thought,18,80.60,0.00,109.04,1,9.17,1
sglang,tree_of_thought,19,80.35,0.00,135.85,1,7.36,1
sglang,tree_of_thought,20,70.15,0.00,94.73,1,10.56,1
sglang,tree_of_thought,21,71.28,0.00,131.57,1,7.60,1
sglang,tree_of_thought,22,77.97,104.97,182.93,2,10.93,1
sglang,tree_of_thought,23,78.57,90.83,169.40,2,11.81,1
sglang,tree_of_thought,24,63.75,0.00,110.17,1,9.08,1
sglang,tree_of_thought,25,104.17,21.85,126.02,2,15.87,1
sglang,tree_of_thought,26,68.83,0.00,100.97,1,9.90,1
sglang,tree_of_thought,27,80.78,0.00,148.87,1,6.72,1
sglang,tree_of_thought,28,74.07,0.00,179.33,1,5.58,1
sglang,tree_of_thought,29,80.74,50.29,131.03,2,15.26,1
sglang,tree_of_thought,30,64.57,0.00,72.89,1,13.72,1
sglang,tree_of_thought,31,105.31,0.00,132.66,1,7.54,1
sglang,tree_of_thought,32,101.94,0.00,131.67,1,7.59,1
sglang,tree_of_thought,33,119.73,35.91,155.63,2,12.85,1
sglang,tree_of_thought,34,120.47,32.69,153.15,2,13.06,1
sglang,tree_of_thought,35,91.18,0.00,109.24,1,9.15,1
sglang,tree_of_thought,36,102.53,0.00,163.29,1,6.12,1
sglang,tree_of_thought,37,72.20,0.00,95.86,1,10.43,1
sglang,tree_of_thought,38,124.16,0.00,152.74,1,6.55,1
sglang,tree_of_thought,39,90.95,0.00,118.91,1,8.41,1
sglang,tree_of_thought,40,63.76,0.00,88.14,1,11.35,1
sglang,tree_of_thought,41,97.89,20.87,118.75,2,16.84,1
sglang,tree_of_thought,42,133.28,26.34,159.62,2,12.53,1
sglang,tree_of_thought,43,79.05,0.00,105.29,1,9.50,1
sglang,tree_of_thought,44,122.90,0.00,153.08,1,6.53,1
sglang,tree_of_thought,45,97.58,0.00,133.45,1,7.49,1
sglang,tree_of_thought,46,104.58,0.00,178.57,1,5.60,1
sglang,tree_of_thought,47,76.10,24.15,100.25,2,19.95,1
sglang,tree_of_thought,48,88.88,0.00,147.52,1,6.78,1
sglang,tree_of_thought,49,99.74,0.00,129.22,1,7.74,1
sglang,tree_of_thought,50,43.49,35.36,78.85,2,25.37,1
sglang,tree_of_thought,51,82.02,28.69,110.71,2,18.07,1
sglang,tree_of_thought,52,83.20,0.00,182.45,1,5.48,1
sglang,tree_of_thought,53,76.64,70.42,147.06,2,13.60,1
sglang,tree_of_thought,54,75.54,50.97,126.51,2,15.81,1
sglang,tree_of_thought,55,78.86,100.05,178.91,2,11.18,1
sglang,tree_of_thought,56,92.35,19.64,111.99,2,17.86,1
sglang,tree_of_thought,57,93.92,67.52,161.44,2,12.39,1
sglang,tree_of_thought,58,72.27,43.03,115.30,2,17.35,1
sglang,tree_of_thought,59,95.10,42.00,137.10,2,14.59,1
sglang,tree_of_thought,60,84.94,100.45,185.39,2,10.79,1
sglang,tree_of_thought,61,57.71,0.00,68.54,1,14.59,1
sglang,tree_of_thought,62,137.25,0.00,149.98,1,6.67,1
sglang,tree_of_thought,63,130.38,0.00,147.81,1,6.77,1
sglang,tree_of_thought,64,111.11,39.49,150.60,2,13.28,1
sglang,tree_of_thought,65,109.11,0.00,150.91,1,6.63,1
sglang,tree_of_thought,66,83.30,0.00,97.61,1,10.25,1
sglang,tree_of_thought,67,107.49,0.00,128.35,1,7.79,1
sglang,tree_of_thought,68,86.92,93.16,180.08,2,11.11,1
sglang,tree_of_thought,69,94.36,68.70,163.06,2,12.27,1
sglang,tree_of_thought,70,96.26,0.00,115.55,1,8.65,1
sglang,tree_of_thought,71,197.88,0.00,221.86,1,4.51,1
sglang,tree_of_thought,72,86.54,0.00,107.60,1,9.29,1
sglang,tree_of_thought,73,67.07,32.46,99.54,2,20.09,1
sglang,tree_of_thought,74,79.91,0.00,179.76,1,5.56,1
sglang,tree_of_thought,75,110.50,0.00,143.98,1,6.95,1
sglang,tree_of_thought,76,101.20,0.00,136.85,1,7.31,1
sglang,tree_of_thought,77,91.97,89.60,181.57,2,11.02,1
sglang,tree_of_thought,78,69.74,15.86,85.60,2,23.37,1
sglang,tree_of_thought,79,77.17,0.00,124.36,1,8.04,1
sglang,tree_of_thought,80,85.50,0.00,114.05,1,8.77,1
sglang,tree_of_thought,81,81.10,87.39,168.49,2,11.87,1
sglang,tree_of_thought,82,67.65,34.19,101.84,2,19.64,1
sglang,tree_of_thought,83,84.27,0.00,159.06,1,6.29,1
sglang,tree_of_thought,84,88.78,0.00,141.38,1,7.07,1
sglang,tree_of_thought,85,90.54,104.59,195.13,2,10.25,1
sglang,tree_of_thought,86,80.33,46.29,126.62,2,15.80,1
sglang,tree_of_thought,87,76.69,49.99,126.68,2,15.79,1
sglang,tree_of_thought,88,72.86,0.00,100.68,1,9.93,1
sglang,tree_of_thought,89,85.21,0.00,171.51,1,5.83,1
sglang,tree_of_thought,90,87.28,0.00,150.09,1,6.66,1
sglang,tree_of_thought,91,82.85,55.31,138.16,2,14.48,1
sglang,tree_of_thought,92,53.17,0.00,63.88,1,15.65,1
sglang,tree_of_thought,93,97.50,0.00,119.85,1,8.34,1
sglang,tree_of_thought,94,79.28,0.00,103.51,1,9.66,1
sglang,tree_of_thought,95,76.70,36.14,112.84,2,17.72,1
sglang,tree_of_thought,96,99.31,36.11,135.42,2,14.77,1
sglang,tree_of_thought,97,67.46,0.00,91.17,1,10.97,1
sglang,tree_of_thought,98,102.49,0.00,161.07,1,6.21,1
sglang,tree_of_thought,99,109.89,33.56,143.45,2,13.94,1
sglang,tree_of_thought,100,90.25,34.28,124.53,2,16.06,1
sglang,tree_of_thought,101,126.95,0.00,130.23,1,7.68,1
sglang,tree_of_thought,102,93.61,0.00,112.08,1,8.92,1
sglang,tree_of_thought,103,172.46,75.87,248.33,2,8.05,1
sglang,tree_of_thought,104,79.82,30.44,110.25,2,18.14,1
sglang,tree_of_thought,105,103.53,0.00,166.86,1,5.99,1
sglang,tree_of_thought,106,69.97,0.00,100.89,1,9.91,1
sglang,tree_of_thought,107,110.62,46.38,157.01,2,12.74,1
sglang,tree_of_thought,108,94.33,50.92,145.25,2,13.77,1
sglang,tree_of_thought,109,72.74,0.00,80.12,1,12.48,1
sglang,tree_of_thought,110,83.83,0.00,158.19,1,6.32,1
sglang,tree_of_thought,111,96.51,0.00,174.21,1,5.74,1
sglang,tree_of_thought,112,91.61,0.00,138.73,1,7.21,1
sglang,tree_of_thought,113,98.07,30.16,128.23,2,15.60,1
sglang,tree_of_thought,114,93.78,0.00,186.96,1,5.35,1
sglang,tree_of_thought,115,86.87,0.00,124.22,1,8.05,1
sglang,tree_of_thought,116,90.65,0.00,178.78,1,5.59,1
sglang,tree_of_thought,117,93.51,60.99,154.51,2,12.94,1
sglang,tree_of_thought,118,104.24,0.00,120.00,1,8.33,1
sglang,tree_of_thought,119,97.94,0.00,181.85,1,5.50,1
sglang,tree_of_thought,120,75.57,0.00,144.27,1,6.93,1
sglang,tree_of_thought,121,78.88,0.00,124.95,1,8.00,1
sglang,tree_of_thought,122,72.08,103.56,175.64,2,11.39,1
sglang,tree_of_thought,123,70.31,0.00,77.08,1,12.97,1
sglang,tree_of_thought,124,100.83,0.00,124.92,1,8.00,1
sglang,tree_of_thought,125,112.94,0.00,134.68,1,7.42,1
sglang,tree_of_thought,126,105.52,0.00,128.26,1,7.80,1
sglang,tree_of_thought,127,111.69,0.00,147.43,1,6.78,1
sglang,tree_of_thought,128,104.78,0.00,171.56,1,5.83,1
sglang,tree_of_thought,129,96.99,0.00,164.69,1,6.07,1
sglang,tree_of_thought,130,92.65,14.63,121.92,3,24.61,0
sglang,tree_of_thought,131,102.90,47.27,150.17,2,13.32,1
sglang,tree_of_thought,132,108.40,3.61,112.01,2,17.86,1
sglang,tree_of_thought,133,113.32,0.00,138.49,1,7.22,1
sglang,tree_of_thought,134,57.25,38.46,95.71,2,20.90,1
sglang,tree_of_thought,135,85.33,38.62,123.95,2,16.14,1
sglang,tree_of_thought,136,101.64,0.00,132.74,1,7.53,1
sglang,tree_of_thought,137,124.78,0.00,155.68,1,6.42,1
sglang,tree_of_thought,138,103.39,78.76,182.15,2,10.98,0
sglang,tree_of_thought,139,88.19,37.14,125.34,2,15.96,1
sglang,tree_of_thought,140,62.34,19.41,81.75,2,24.46,1
sglang,tree_of_thought,141,78.22,61.19,139.40,2,14.35,1
sglang,tree_of_thought,142,85.93,0.00,116.94,1,8.55,1
sglang,tree_of_thought,143,89.93,83.46,173.39,2,11.53,1
sglang,tree_of_thought,144,76.40,30.86,107.26,2,18.65,1
sglang,tree_of_thought,145,82.68,0.00,177.91,1,5.62,1
sglang,tree_of_thought,146,78.46,0.00,145.03,1,6.90,1
sglang,tree_of_thought,147,75.74,48.68,124.42,2,16.07,1
sglang,tree_of_thought,148,84.61,93.94,178.55,2,11.20,1
sglang,tree_of_thought,149,96.29,0.00,109.56,1,9.13,1
sglang,tree_of_thought,150,92.92,0.00,179.39,1,5.57,1
sglang,tree_of_thought,151,75.78,0.00,135.76,1,7.37,1
sglang,tree_of_thought,152,100.96,0.00,159.40,1,6.27,1
sglang,tree_of_thought,153,84.92,0.00,115.89,1,8.63,1
sglang,tree_of_thought,154,56.98,0.00,79.63,1,12.56,1
sglang,tree_of_thought,155,94.69,0.00,174.17,1,5.74,1
sglang,tree_of_thought,156,97.95,0.00,195.28,1,5.12,1
sglang,tree_of_thought,157,85.44,0.00,176.16,1,5.68,1
sglang,tree_of_thought,158,82.86,121.77,204.63,2,9.77,1
sglang,tree_of_thought,159,67.93,0.00,177.83,1,5.62,1
sglang,tree_of_thought,160,102.24,61.97,164.21,2,12.18,1
sglang,tree_of_thought,161,95.69,94.86,190.55,2,10.50,1
sglang,tree_of_thought,162,105.39,92.44,197.83,2,10.11,1
sglang,tree_of_thought,163,101.20,0.00,124.03,1,8.06,1
sglang,tree_of_thought,164,111.93,117.01,228.93,2,8.74,1
sglang,tree_of_thought,165,71.13,28.43,99.55,2,20.09,1
sglang,tree_of_thought,166,99.34,26.09,125.43,2,15.94,1
sglang,tree_of_thought,167,85.84,0.00,160.71,1,6.22,1
sglang,tree_of_thought,168,105.20,0.00,144.90,1,6.90,1
sglang,tree_of_thought,169,82.39,112.06,194.46,2,10.29,1
sglang,tree_of_thought,170,89.73,43.17,132.90,2,15.05,1
sglang,tree_of_thought,171,72.09,12.28,84.37,2,23.70,1
sglang,tree_of_thought,172,71.36,0.00,93.20,1,10.73,1
sglang,tree_of_thought,173,80.49,62.01,142.50,2,14.03,1
sglang,tree_of_thought,174,80.19,42.50,122.69,2,16.30,1
sglang,tree_of_thought,175,77.05,33.34,177.06,4,22.59,1
sglang,tree_of_thought,176,93.13,0.00,172.13,1,5.81,1
sglang,tree_of_thought,177,96.22,0.00,148.89,1,6.72,1
sglang,tree_of_thought,178,63.09,40.32,103.41,2,19.34,1
sglang,tree_of_thought,179,89.50,0.00,135.42,1,7.38,1
sglang,tree_of_thought,180,98.55,19.38,117.93,2,16.96,1
sglang,tree_of_thought,181,65.47,0.00,106.98,1,9.35,1
sglang,tree_of_thought,182,88.20,0.00,129.99,1,7.69,1
sglang,tree_of_thought,183,84.30,73.16,157.46,2,12.70,1
sglang,tree_of_thought,184,77.90,105.00,182.90,2,10.94,1
sglang,tree_of_thought,185,62.22,0.00,71.01,1,14.08,1
sglang,tree_of_thought,186,74.34,0.00,92.29,1,10.84,1
sglang,tree_of_thought,187,84.85,0.00,107.90,1,9.27,1
sglang,tree_of_thought,188,82.28,26.25,108.53,2,18.43,1
sglang,tree_of_thought,189,80.22,0.00,106.14,1,9.42,1
sglang,tree_of_thought,190,97.96,0.00,170.26,1,5.87,1
sglang,tree_of_thought,191,78.70,36.71,115.41,2,17.33,1
sglang,tree_of_thought,192,101.02,41.03,142.05,2,14.08,1
sglang,tree_of_thought,193,93.23,76.90,170.13,2,11.76,1
sglang,tree_of_thought,194,102.20,0.35,102.54,2,19.50,1
sglang,tree_of_thought,195,119.74,20.98,140.71,2,14.21,1
sglang,tree_of_thought,196,101.03,0.00,125.95,1,7.94,1
sglang,tree_of_thought,197,84.73,17.02,118.77,3,25.26,1
sglang,tree_of_thought,198,112.23,42.54,154.76,2,12.92,1
sglang,tree_of_thought,199,90.15,110.01,200.16,2,9.99,1
sglang,tree_of_thought,200,101.25,0.00,138.42,1,7.22,1
sglang,tree_of_thought,201,102.68,81.29,183.97,2,10.87,1
sglang,tree_of_thought,202,60.42,0.00,67.80,1,14.75,1
sglang,tree_of_thought,203,61.78,0.00,173.26,1,5.77,1
sglang,tree_of_thought,204,90.34,0.00,147.31,1,6.79,1
sglang,tree_of_thought,205,96.62,0.00,125.70,1,7.96,1
sglang,tree_of_thought,206,83.25,97.07,180.32,2,11.09,1
sglang,tree_of_thought,207,70.90,0.00,126.30,1,7.92,1
sglang,tree_of_thought,208,75.49,0.00,156.77,1,6.38,1
sglang,tree_of_thought,209,91.45,118.48,209.92,2,9.53,1
sglang,tree_of_thought,210,95.01,97.33,192.34,2,10.40,1
sglang,tree_of_thought,211,93.98,0.00,112.08,1,8.92,1
sglang,tree_of_thought,212,100.28,0.00,155.28,1,6.44,1
sglang,tree_of_thought,213,93.05,99.00,192.05,2,10.41,1
sglang,tree_of_thought,214,70.36,50.74,121.10,2,16.52,1
sglang,tree_of_thought,215,72.89,74.01,146.90,2,13.61,1
sglang,tree_of_thought,216,59.83,0.00,70.58,1,14.17,1
sglang,tree_of_thought,217,94.05,0.00,153.94,1,6.50,1
sglang,tree_of_thought,218,89.85,0.00,174.83,1,5.72,1
sglang,tree_of_thought,219,98.79,0.00,162.85,1,6.14,1
sglang,tree_of_thought,220,81.23,116.60,197.83,2,10.11,1
sglang,tree_of_thought,221,110.32,0.00,135.32,1,7.39,1
sglang,tree_of_thought,222,87.11,25.60,112.71,2,17.75,1
sglang,tree_of_thought,223,92.60,69.98,162.58,2,12.30,1
sglang,tree_of_thought,224,93.78,0.00,186.84,1,5.35,1
sglang,tree_of_thought,225,110.08,0.35,110.44,2,18.11,1
sglang,tree_of_thought,226,103.32,0.00,108.42,1,9.22,1
sglang,tree_of_thought,227,137.53,0.33,137.87,2,14.51,1
sglang,tree_of_thought,228,109.69,0.00,121.24,1,8.25,1
sglang,tree_of_thought,229,102.94,0.00,205.58,1,4.86,1
sglang,tree_of_thought,230,97.45,0.00,200.24,1,4.99,1
sglang,tree_of_thought,231,87.83,113.55,201.38,2,9.93,1
sglang,tree_of_thought,232,67.80,162.61,230.41,2,8.68,1
sglang,tree_of_thought,233,66.67,19.63,86.30,2,23.18,1
sglang,tree_of_thought,234,98.14,0.00,149.37,1,6.69,1
sglang,tree_of_thought,235,50.66,0.00,72.56,1,13.78,1
sglang,tree_of_thought,236,100.08,35.91,135.99,2,14.71,1
sglang,tree_of_thought,237,86.04,29.25,115.29,2,17.35,1
sglang,tree_of_thought,238,88.06,0.00,145.69,1,6.86,1
sglang,tree_of_thought,239,89.42,0.00,171.17,1,5.84,1
sglang,tree_of_thought,240,86.25,117.01,203.27,2,9.84,1
sglang,tree_of_thought,241,82.04,47.63,129.68,2,15.42,1
sglang,tree_of_thought,242,98.80,0.00,116.26,1,8.60,1
sglang,tree_of_thought,243,76.33,0.00,135.60,1,7.37,1
sglang,tree_of_thought,244,74.09,0.00,112.01,1,8.93,1
sglang,tree_of_thought,245,87.63,104.60,192.23,2,10.40,1
sglang,tree_of_thought,246,95.36,74.63,170.00,2,11.77,1
sglang,tree_of_thought,247,59.23,0.00,74.57,1,13.41,1
sglang,tree_of_thought,248,87.32,0.00,191.83,1,5.21,1
sglang,tree_of_thought,249,88.33,97.43,185.75,2,10.77,1
sglang,tree_of_thought,250,77.17,121.10,198.27,2,10.09,1
sglang,tree_of_thought,251,98.93,77.16,176.09,2,11.36,1
sglang,tree_of_thought,252,93.29,0.00,165.13,1,6.06,1
sglang,tree_of_thought,253,96.18,0.00,141.92,1,7.05,1
sglang,tree_of_thought,254,78.77,0.00,107.25,1,9.32,1
sglang,tree_of_thought,255,100.05,42.92,142.97,2,13.99,1
sglang,tree_of_thought,256,89.45,0.00,89.66,1,11.15,1
sglang,tree_of_thought,257,109.25,0.33,109.58,2,18.25,1
sglang,tree_of_thought,258,73.18,0.00,93.48,1,10.70,1
sglang,tree_of_thought,259,99.79,0.00,115.25,1,8.68,1
sglang,tree_of_thought,260,90.54,0.00,189.65,1,5.27,1
sglang,tree_of_thought,261,97.57,0.00,159.98,1,6.25,1
sglang,tree_of_thought,262,102.19,0.00,207.83,1,4.81,1
sglang,tree_of_thought,263,87.55,113.96,201.51,2,9.92,0
sglang,tree_of_thought,264,71.63,0.00,82.83,1,12.07,1
sglang,tree_of_thought,265,72.97,0.00,127.81,1,7.82,1
sglang,tree_of_thought,266,75.94,0.00,106.66,1,9.38,1
sglang,tree_of_thought,267,91.26,91.88,183.14,2,10.92,1
sglang,tree_of_thought,268,103.95,61.98,165.93,2,12.05,1
sglang,tree_of_thought,269,88.16,0.00,187.19,1,5.34,1
sglang,tree_of_thought,270,72.40,0.00,169.40,1,5.90,1
sglang,tree_of_thought,271,91.51,0.00,129.95,1,7.70,1
sglang,tree_of_thought,272,72.13,95.86,167.99,2,11.91,1
sglang,tree_of_thought,273,99.33,0.00,113.16,1,8.84,1
sglang,tree_of_thought,274,106.47,0.00,192.13,1,5.20,1
sglang,tree_of_thought,275,69.84,137.68,207.52,2,9.64,1
sglang,tree_of_thought,276,96.62,65.72,162.34,2,12.32,1
sglang,tree_of_thought,277,83.23,107.92,191.16,2,10.46,1
sglang,tree_of_thought,278,57.94,0.00,69.81,1,14.32,1
sglang,tree_of_thought,279,93.25,0.00,170.93,1,5.85,1
sglang,tree_of_thought,280,77.66,0.00,194.28,1,5.15,1
sglang,tree_of_thought,281,92.15,0.00,188.91,1,5.29,1
sglang,tree_of_thought,282,84.71,92.42,177.14,2,11.29,1
sglang,tree_of_thought,283,105.23,0.00,174.98,1,5.72,1
sglang,tree_of_thought,284,94.59,0.00,110.61,1,9.04,1
sglang,tree_of_thought,285,104.90,0.00,163.55,1,6.11,1
sglang,tree_of_thought,286,108.22,0.00,141.97,1,7.04,1
sglang,tree_of_thought,287,107.14,0.00,108.21,1,9.24,1
sglang,tree_of_thought,288,121.64,0.00,131.52,1,7.60,1
sglang,tree_of_thought,289,102.32,31.15,133.47,2,14.98,1
sglang,tree_of_thought,290,74.60,40.92,115.52,2,17.31,1
sglang,tree_of_thought,291,92.44,0.00,125.82,1,7.95,1
sglang,tree_of_thought,292,92.08,84.83,176.91,2,11.31,1
sglang,tree_of_thought,293,81.01,122.67,203.69,2,9.82,1
sglang,tree_of_thought,294,105.81,18.61,161.66,4,24.74,1
sglang,tree_of_thought,295,64.80,0.00,72.41,1,13.81,1
sglang,tree_of_thought,296,95.20,0.00,162.54,1,6.15,1
sglang,tree_of_thought,297,94.25,0.00,144.02,1,6.94,1
sglang,tree_of_thought,298,95.99,0.00,126.69,1,7.89,1
sglang,tree_of_thought,299,83.31,14.77,112.85,3,26.58,0
sglang,tree_of_thought,300,78.86,0.00,159.78,1,6.26,1
sglang,tree_of_thought,301,87.67,0.00,194.70,1,5.14,1
sglang,tree_of_thought,302,85.47,61.29,146.76,2,13.63,1
sglang,tree_of_thought,303,61.04,156.29,217.33,2,9.20,1
sglang,tree_of_thought,304,103.35,0.00,113.65,1,8.80,1
sglang,tree_of_thought,305,75.24,0.00,158.99,1,6.29,1
sglang,tree_of_thought,306,85.07,0.00,141.47,1,7.07,1
sglang,tree_of_thought,307,96.17,98.91,195.08,2,10.25,1
sglang,tree_of_thought,308,78.16,47.37,125.53,2,15.93,1
sglang,tree_of_thought,309,62.00,0.00,77.19,1,12.95,1
sglang,tree_of_thought,310,91.08,0.00,175.98,1,5.68,1
sglang,tree_of_thought,311,91.72,113.41,205.13,2,9.75,1
sglang,tree_of_thought,312,105.58,0.00,173.83,1,5.75,1
sglang,tree_of_thought,313,85.96,114.37,200.33,2,9.98,1
sglang,tree_of_thought,314,94.68,0.00,166.58,1,6.00,1
sglang,tree_of_thought,315,93.94,0.00,145.99,1,6.85,1
sglang,tree_of_thought,316,81.10,30.13,111.23,2,17.98,1
sglang,tree_of_thought,317,109.92,28.36,138.28,2,14.46,1
sglang,tree_of_thought,318,123.56,2.21,125.77,2,15.90,1
sglang,tree_of_thought,319,167.36,0.00,227.76,1,4.39,1
sglang,tree_of_thought,320,77.08,0.00,88.82,1,11.26,1
sglang,tree_of_thought,321,92.38,36.49,128.86,2,15.52,1
sglang,tree_of_thought,322,107.57,0.00,171.77,1,5.82,1
sglang,tree_of_thought,323,88.69,0.00,196.81,1,5.08,1
sglang,tree_of_thought,324,112.21,33.48,145.69,2,13.73,1
sglang,tree_of_thought,325,88.18,0.00,168.41,1,5.94,1
sglang,tree_of_thought,326,69.28,0.00,79.20,1,12.63,1
sglang,tree_of_thought,327,101.27,0.00,173.71,1,5.76,1
sglang,tree_of_thought,328,88.62,85.63,174.25,2,11.48,1
sglang,tree_of_thought,329,94.17,32.36,126.54,2,15.81,0
sglang,tree_of_thought,330,87.42,66.49,153.91,2,12.99,1
sglang,tree_of_thought,331,74.52,0.00,154.77,1,6.46,1
sglang,tree_of_thought,332,73.14,47.65,120.79,2,16.56,1
sglang,tree_of_thought,333,74.34,0.00,145.32,1,6.88,1
sglang,tree_of_thought,334,80.07,28.15,248.95,7,28.12,0
sglang,tree_of_thought,335,65.12,0.00,77.71,1,12.87,1
sglang,tree_of_thought,336,93.77,0.00,168.55,1,5.93,1
sglang,tree_of_thought,337,93.36,0.00,153.91,1,6.50,1
sglang,tree_of_thought,338,75.37,0.00,107.11,1,9.34,1
sglang,tree_of_thought,339,90.25,48.79,139.05,2,14.38,1
sglang,tree_of_thought,340,70.09,12.25,82.35,2,24.29,1
sglang,tree_of_thought,341,99.58,0.00,162.20,1,6.17,1
sglang,tree_of_thought,342,93.69,108.23,201.92,2,9.90,1
sglang,tree_of_thought,343,87.74,99.83,187.56,2,10.66,1
sglang,tree_of_thought,344,80.71,120.57,201.29,2,9.94,1
sglang,tree_of_thought,345,106.37,0.00,187.12,1,5.34,1
sglang,tree_of_thought,346,101.19,0.00,130.04,1,7.69,1
sglang,tree_of_thought,347,92.00,91.27,183.27,2,10.91,1
sglang,tree_of_thought,348,87.58,73.49,161.07,2,12.42,1
sglang,tree_of_thought,349,107.82,0.00,112.65,1,8.88,1
sglang,tree_of_thought,350,88.58,0.00,116.56,1,8.58,1
sglang,tree_of_thought,351,75.04,31.33,106.37,2,18.80,1
sglang,tree_of_thought,352,171.67,74.84,246.51,2,8.11,1
sglang,tree_of_thought,353,125.34,0.00,158.79,1,6.30,1
sglang,tree_of_thought,354,89.64,0.00,122.06,1,8.19,1
sglang,tree_of_thought,355,98.66,44.88,143.53,2,13.93,1
sglang,tree_of_thought,356,104.95,83.46,188.40,2,10.62,1
sglang,tree_of_thought,357,79.88,15.64,95.52,2,20.94,1
sglang,tree_of_thought,358,78.71,0.00,130.69,1,7.65,1
sglang,tree_of_thought,359,75.27,0.00,111.21,1,8.99,1
sglang,tree_of_thought,360,59.91,35.63,95.55,2,20.93,1
sglang,tree_of_thought,361,96.42,0.00,166.91,1,5.99,1
sglang,tree_of_thought,362,79.32,0.00,151.74,1,6.59,1
sglang,tree_of_thought,363,64.90,40.87,105.76,2,18.91,1
sglang,tree_of_thought,364,83.11,113.40,196.51,2,10.18,1
sglang,tree_of_thought,365,76.89,72.63,149.52,2,13.38,1
sglang,tree_of_thought,366,92.77,14.41,121.58,3,24.67,1
sglang,tree_of_thought,367,72.32,0.00,106.86,1,9.36,1
sglang,tree_of_thought,368,62.89,0.00,105.70,1,9.46,1
sglang,tree_of_thought,369,90.90,74.24,165.14,2,12.11,1
sglang,tree_of_thought,370,97.55,45.65,143.20,2,13.97,1
sglang,tree_of_thought,371,69.53,13.92,83.45,2,23.97,1
sglang,tree_of_thought,372,94.74,0.00,154.68,1,6.47,1
sglang,tree_of_thought,373,121.92,0.00,150.49,1,6.65,1
sglang,tree_of_thought,374,120.43,0.00,141.14,1,7.09,1
sglang,tree_of_thought,375,119.43,0.00,154.53,1,6.47,1
sglang,tree_of_thought,376,85.04,0.00,112.86,1,8.86,1
sglang,tree_of_thought,377,109.98,0.00,136.87,1,7.31,1
sglang,tree_of_thought,378,98.32,0.00,181.86,1,5.50,1
sglang,tree_of_thought,379,111.73,60.51,172.23,2,11.61,1
sglang,tree_of_thought,380,87.85,12.51,100.36,2,19.93,1
sglang,tree_of_thought,381,130.57,0.00,132.99,1,7.52,1
sglang,tree_of_thought,382,77.21,0.00,97.19,1,10.29,1
sglang,tree_of_thought,383,89.50,35.62,125.12,2,15.98,1
sglang,tree_of_thought,384,84.36,113.14,197.50,2,10.13,1
sglang,tree_of_thought,385,94.82,39.72,134.54,2,14.87,1
sglang,tree_of_thought,386,91.87,86.06,177.93,2,11.24,1
sglang,tree_of_thought,387,118.65,18.56,155.77,3,19.26,0
sglang,tree_of_thought,388,64.93,29.51,94.44,2,21.18,1
sglang,tree_of_thought,389,103.83,0.00,127.05,1,7.87,1
sglang,tree_of_thought,390,75.58,91.76,167.34,2,11.95,1
sglang,tree_of_thought,391,79.15,39.78,118.94,2,16.82,1
sglang,tree_of_thought,392,67.91,32.71,100.62,2,19.88,1
sglang,tree_of_thought,393,72.41,0.00,132.31,1,7.56,1
sglang,tree_of_thought,394,75.38,0.00,186.37,1,5.37,1
sglang,tree_of_thought,395,78.74,0.00,162.41,1,6.16,1
sglang,tree_of_thought,396,65.21,45.90,111.11,2,18.00,1
sglang,tree_of_thought,397,92.28,0.00,107.95,1,9.26,1
sglang,tree_of_thought,398,75.01,0.00,113.47,1,8.81,1
sglang,tree_of_thought,399,97.84,92.57,190.41,2,10.50,1
sglang,tree_of_thought,400,82.90,0.00,145.34,1,6.88,1
sglang,tree_of_thought,401,74.12,98.60,172.71,2,11.58,1
sglang,tree_of_thought,402,56.71,19.76,76.47,2,26.15,1
sglang,tree_of_thought,403,79.82,0.00,180.93,1,5.53,1
sglang,tree_of_thought,404,104.58,0.00,159.80,1,6.26,1
sglang,tree_of_thought,405,93.41,0.00,194.43,1,5.14,1
sglang,tree_of_thought,406,93.04,0.00,177.65,1,5.63,1
sglang,tree_of_thought,407,98.75,0.00,149.84,1,6.67,1
sglang,tree_of_thought,408,95.39,92.07,187.45,2,10.67,1
sglang,tree_of_thought,409,79.54,40.09,119.63,2,16.72,1
sglang,tree_of_thought,410,107.61,0.00,145.66,1,6.87,1
sglang,tree_of_thought,411,113.79,0.00,116.85,1,8.56,1
sglang,tree_of_thought,412,98.09,0.00,98.33,1,10.17,1
sglang,tree_of_thought,413,85.80,28.36,114.16,2,17.52,1
sglang,tree_of_thought,414,97.06,40.56,137.62,2,14.53,1
sglang,tree_of_thought,415,87.09,0.00,184.73,1,5.41,1
sglang,tree_of_thought,416,113.91,0.00,157.20,1,6.36,1
sglang,tree_of_thought,417,94.57,45.10,139.68,2,14.32,1
sglang,tree_of_thought,418,104.40,0.00,183.93,1,5.44,1
sglang,tree_of_thought,419,75.85,0.00,79.83,1,12.53,1
sglang,tree_of_thought,420,83.97,0.00,156.13,1,6.40,1
sglang,tree_of_thought,421,83.05,0.00,144.54,1,6.92,1
sglang,tree_of_thought,422,94.71,30.71,125.42,2,15.95,1
sglang,tree_of_thought,423,94.38,93.81,188.19,2,10.63,1
sglang,tree_of_thought,424,94.20,0.00,171.25,1,5.84,1
sglang,tree_of_thought,425,90.59,36.99,127.58,2,15.68,1
sglang,tree_of_thought,426,86.66,120.19,206.84,2,9.67,1
sglang,tree_of_thought,427,94.34,66.66,161.00,2,12.42,1
sglang,tree_of_thought,428,109.89,0.00,121.10,1,8.26,1
sglang,tree_of_thought,429,67.03,0.00,186.54,1,5.36,1
sglang,tree_of_thought,430,83.81,98.36,182.17,2,10.98,0
sglang,tree_of_thought,431,92.64,65.83,158.47,2,12.62,1
sglang,tree_of_thought,432,89.03,50.16,139.20,2,14.37,1
sglang,tree_of_thought,433,62.37,15.38,77.76,2,25.72,1
sglang,tree_of_thought,434,79.60,0.00,102.80,1,9.73,1
sglang,tree_of_thought,435,92.14,28.52,120.66,2,16.58,1
sglang,tree_of_thought,436,93.45,0.00,129.04,1,7.75,1
sglang,tree_of_thought,437,112.72,27.96,140.68,2,14.22,1
sglang,tree_of_thought,438,109.81,0.00,168.83,1,5.92,1
sglang,tree_of_thought,439,97.81,30.37,128.18,2,15.60,1
sglang,tree_of_thought,440,72.47,0.00,110.17,1,9.08,1
sglang,tree_of_thought,441,90.34,66.49,156.83,2,12.75,1
sglang,tree_of_thought,442,99.68,0.00,108.78,1,9.19,1
sglang,tree_of_thought,443,142.67,1.78,144.45,2,13.85,0
sglang,tree_of_thought,444,95.11,0.00,107.70,1,9.29,1
sglang,tree_of_thought,445,107.94,34.32,142.25,2,14.06,1
sglang,tree_of_thought,446,79.52,0.00,181.41,1,5.51,1
sglang,tree_of_thought,447,94.98,74.99,169.98,2,11.77,1
sglang,tree_of_thought,448,93.95,0.00,129.56,1,7.72,1
sglang,tree_of_thought,449,103.43,49.48,152.92,2,13.08,1
sglang,tree_of_thought,450,75.89,0.00,85.53,1,11.69,1
sglang,tree_of_thought,451,93.39,0.00,162.08,1,6.17,1
sglang,tree_of_thought,452,70.00,0.00,102.29,1,9.78,1
sglang,tree_of_thought,453,99.70,0.00,126.91,1,7.88,1
sglang,tree_of_thought,454,90.25,63.13,153.38,2,13.04,1
sglang,tree_of_thought,455,83.91,0.00,114.04,1,8.77,1
sglang,tree_of_thought,456,85.96,0.00,191.39,1,5.23,1
sglang,tree_of_thought,457,91.70,80.45,172.16,2,11.62,1
sglang,tree_of_thought,458,88.94,0.00,149.59,1,6.68,1
sglang,tree_of_thought,459,74.33,0.00,118.98,1,8.40,1
sglang,tree_of_thought,460,94.64,0.00,148.55,1,6.73,1
sglang,tree_of_thought,461,87.06,0.00,179.71,1,5.56,1
sglang,tree_of_thought,462,75.75,0.00,117.36,1,8.52,1
sglang,tree_of_thought,463,99.29,46.10,145.39,2,13.76,1
sglang,tree_of_thought,464,50.41,23.05,73.46,2,27.23,1
sglang,tree_of_thought,465,89.63,71.43,161.06,2,12.42,1
sglang,tree_of_thought,466,120.01,37.77,157.79,2,12.68,1
sglang,tree_of_thought,467,86.52,96.69,183.20,2,10.92,1
sglang,tree_of_thought,468,94.15,76.03,170.19,2,11.75,1
sglang,tree_of_thought,469,84.78,0.00,159.08,1,6.29,1
sglang,tree_of_thought,470,96.07,0.00,119.96,1,8.34,1
sglang,tree_of_thought,471,89.12,0.00,149.91,1,6.67,1
sglang,tree_of_thought,472,83.86,0.00,105.24,1,9.50,1
sglang,tree_of_thought,473,105.95,4.40,110.35,2,18.12,1
sglang,tree_of_thought,474,137.37,0.33,137.71,2,14.52,1
sglang,tree_of_thought,475,103.29,0.00,123.52,1,8.10,1
sglang,tree_of_thought,476,89.54,31.53,121.07,2,16.52,1
sglang,tree_of_thought,477,88.43,0.00,153.22,1,6.53,1
sglang,tree_of_thought,478,113.29,0.00,186.44,1,5.36,1
sglang,tree_of_thought,479,95.06,0.00,128.83,1,7.76,1
sglang,tree_of_thought,480,113.22,42.09,155.30,2,12.88,1
sglang,tree_of_thought,481,71.42,20.36,91.78,2,21.79,1
sglang,tree_of_thought,482,91.22,0.00,127.00,1,7.87,1
sglang,tree_of_thought,483,45.58,0.00,78.45,1,12.75,1
sglang,tree_of_thought,484,90.64,67.18,157.82,2,12.67,1
sglang,tree_of_thought,485,78.87,31.48,110.34,2,18.13,0
sglang,tree_of_thought,486,85.38,0.00,170.30,1,5.87,1
sglang,tree_of_thought,487,85.67,69.97,155.64,2,12.85,0
sglang,tree_of_thought,488,81.78,48.57,130.35,2,15.34,1
sglang,tree_of_thought,489,86.19,119.23,205.42,2,9.74,1
sglang,tree_of_thought,490,95.29,0.00,112.33,1,8.90,1
sglang,tree_of_thought,491,76.19,0.00,166.35,1,6.01,1
sglang,tree_of_thought,492,89.01,0.00,128.04,1,7.81,1
sglang,tree_of_thought,493,100.57,97.51,198.08,2,10.10,1
sglang,tree_of_thought,494,91.55,0.00,159.43,1,6.27,1
sglang,tree_of_thought,495,66.89,17.62,84.51,2,23.67,1
sglang,tree_of_thought,496,538.54,0.00,548.61,1,1.82,1
sglang,tree_of_thought,497,573.37,0.00,589.52,1,1.70,1
sglang,tree_of_thought,498,565.42,70.96,636.39,2,3.14,1
sglang,tree_of_thought,499,573.09,42.72,615.80,2,3.25,1
sglang,tree_of_thought,500,79.82,0.00,145.55,1,6.87,1
sglang,tree_of_thought,501,80.56,0.00,116.15,1,8.61,1
sglang,tree_of_thought,502,103.39,84.08,187.47,2,10.67,1
sglang,tree_of_thought,503,72.52,70.31,142.83,2,14.00,1
sglang,tree_of_thought,504,79.26,0.00,163.13,1,6.13,1
sglang,tree_of_thought,505,79.77,0.00,108.55,1,9.21,1
sglang,tree_of_thought,506,100.92,39.01,139.93,2,14.29,1
sglang,tree_of_thought,507,87.87,75.32,163.19,2,12.26,1
sglang,tree_of_thought,508,75.39,0.00,173.81,1,5.75,1
sglang,tree_of_thought,509,83.31,0.00,115.48,1,8.66,1
sglang,tree_of_thought,510,78.75,128.90,207.65,2,9.63,1
sglang,tree_of_thought,511,75.03,42.94,160.91,3,18.64,1
sglang,tree_of_thought,512,85.92,0.00,104.06,1,9.61,1
sglang,tree_of_thought,513,80.74,0.00,182.12,1,5.49,1
sglang,tree_of_thought,514,86.72,49.23,135.95,2,14.71,1
sglang,tree_of_thought,515,63.43,95.15,158.58,2,12.61,1
sglang,tree_of_thought,516,69.76,115.59,185.35,2,10.79,1
sglang,tree_of_thought,517,120.42,26.53,146.94,2,13.61,1
sglang,tree_of_thought,518,119.49,66.60,186.09,2,10.75,1
sglang,tree_of_thought,519,105.98,12.30,130.57,3,22.98,1
sglang,tree_of_thought,520,131.11,38.56,169.67,2,11.79,1
sglang,tree_of_thought,521,69.46,0.00,90.28,1,11.08,1
sglang,tree_of_thought,522,66.77,0.00,132.76,1,7.53,1
sglang,tree_of_thought,523,85.46,32.42,117.88,2,16.97,1
sglang,tree_of_thought,524,86.81,92.52,179.33,2,11.15,1
sglang,tree_of_thought,525,88.61,0.00,159.19,1,6.28,1
sglang,tree_of_thought,526,82.28,0.00,102.77,1,9.73,1
sglang,tree_of_thought,527,534.87,4.50,539.37,2,3.71,1
sglang,tree_of_thought,528,584.62,0.00,615.33,1,1.63,1
sglang,tree_of_thought,529,580.90,22.40,603.30,2,3.32,1
sglang,tree_of_thought,530,562.21,27.22,589.43,2,3.39,1
sglang,tree_of_thought,531,66.03,0.00,87.51,1,11.43,1
sglang,tree_of_thought,532,73.79,0.00,133.52,1,7.49,1
sglang,tree_of_thought,533,79.60,84.63,164.24,2,12.18,1
sglang,tree_of_thought,534,83.19,39.36,122.54,2,16.32,1
sglang,tree_of_thought,535,84.09,0.00,103.38,1,9.67,1
sglang,tree_of_thought,536,110.14,0.00,137.02,1,7.30,1
sglang,tree_of_thought,537,95.96,0.00,160.15,1,6.24,1
sglang,tree_of_thought,538,60.00,26.94,86.94,2,23.01,0
sglang,tree_of_thought,539,69.19,0.00,178.88,1,5.59,1
sglang,tree_of_thought,540,97.26,0.00,159.44,1,6.27,1
sglang,tree_of_thought,541,75.58,0.00,110.87,1,9.02,1
sglang,tree_of_thought,542,72.44,77.10,149.54,2,13.37,1
sglang,tree_of_thought,543,87.39,20.50,107.89,2,18.54,1
sglang,tree_of_thought,544,81.13,0.00,161.13,1,6.21,1
sglang,tree_of_thought,545,89.86,0.00,118.28,1,8.45,1
sglang,tree_of_thought,546,101.24,44.69,145.93,2,13.71,1
sglang,tree_of_thought,547,79.75,0.00,188.41,1,5.31,1
sglang,tree_of_thought,548,112.35,0.00,165.36,1,6.05,1
sglang,tree_of_thought,549,127.42,0.00,184.24,1,5.43,1
sglang,tree_of_thought,550,140.64,0.00,153.41,1,6.52,1
sglang,tree_of_thought,551,110.38,30.37,140.75,2,14.21,1
sglang,tree_of_thought,552,63.66,32.66,96.32,2,20.76,1
sglang,tree_of_thought,553,79.12,0.00,148.69,1,6.73,1
sglang,tree_of_thought,554,80.81,0.00,136.79,1,7.31,1
sglang,tree_of_thought,555,77.55,33.46,111.02,2,18.02,1
sglang,tree_of_thought,556,95.25,34.88,130.13,2,15.37,1
sglang,tree_of_thought,557,83.20,0.00,96.65,1,10.35,1
sglang,tree_of_thought,558,536.92,0.00,546.74,1,1.83,1
sglang,tree_of_thought,559,565.43,0.00,630.65,1,1.59,1
sglang,tree_of_thought,560,579.97,0.00,611.98,1,1.63,1
sglang,tree_of_thought,561,567.19,27.11,594.30,2,3.37,1
sglang,tree_of_thought,562,70.16,0.00,173.86,1,5.75,1
sglang,tree_of_thought,563,83.45,0.00,157.68,1,6.34,1
sglang,tree_of_thought,564,78.52,0.00,138.88,1,7.20,1
sglang,tree_of_thought,565,78.08,40.68,118.76,2,16.84,1
sglang,tree_of_thought,566,78.13,0.00,150.94,1,6.62,1
sglang,tree_of_thought,567,83.50,0.00,169.21,1,5.91,1
sglang,tree_of_thought,568,82.22,0.00,119.41,1,8.37,1
sglang,tree_of_thought,569,79.92,69.05,148.97,2,13.43,1
sglang,tree_of_thought,570,79.05,0.00,198.13,1,5.05,1
sglang,tree_of_thought,571,63.08,0.00,118.87,1,8.41,1
sglang,tree_of_thought,572,86.60,0.00,177.91,1,5.62,1
sglang,tree_of_thought,573,82.91,0.00,163.04,1,6.13,1
sglang,tree_of_thought,574,82.09,0.00,95.93,1,10.42,1
sglang,tree_of_thought,575,90.59,0.00,129.22,1,7.74,1
sglang,tree_of_thought,576,64.97,0.00,188.27,1,5.31,1
sglang,tree_of_thought,577,93.20,114.86,208.06,2,9.61,1
sglang,tree_of_thought,578,72.54,72.00,216.53,3,13.85,0
sglang,tree_of_thought,579,94.88,0.00,118.08,1,8.47,1
sglang,tree_of_thought,580,93.75,24.71,118.46,2,16.88,1
sglang,tree_of_thought,581,92.00,0.00,125.33,1,7.98,1
sglang,tree_of_thought,582,115.34,0.00,146.65,1,6.82,1
sglang,tree_of_thought,583,64.27,16.36,80.63,2,24.81,1
sglang,tree_of_thought,584,67.57,0.00,146.50,1,6.83,1
sglang,tree_of_thought,585,80.57,0.00,128.84,1,7.76,1
sglang,tree_of_thought,586,70.34,37.02,107.36,2,18.63,1
sglang,tree_of_thought,587,84.74,0.00,128.43,1,7.79,1
sglang,tree_of_thought,588,77.09,0.00,99.65,1,10.03,1
sglang,tree_of_thought,589,546.91,0.00,558.27,1,1.79,1
sglang,tree_of_thought,590,574.87,0.00,595.29,1,1.68,1
sglang,tree_of_thought,591,571.82,72.49,644.31,2,3.10,1
sglang,tree_of_thought,592,582.57,41.52,624.09,2,3.20,1
sglang,tree_of_thought,593,81.76,0.00,111.91,1,8.94,1
sglang,tree_of_thought,594,60.86,35.46,96.32,2,20.77,1
sglang,tree_of_thought,595,87.51,81.71,169.22,2,11.82,1
sglang,tree_of_thought,596,76.87,0.00,144.59,1,6.92,1
sglang,tree_of_thought,597,74.67,0.00,138.52,1,7.22,1
sglang,tree_of_thought,598,79.91,0.00,116.82,1,8.56,1
sglang,tree_of_thought,599,59.04,0.00,92.51,1,10.81,1
sglang,tree_of_thought,600,72.46,97.81,170.27,2,11.75,1
sglang,tree_of_thought,601,55.12,0.00,201.42,1,4.96,1
sglang,tree_of_thought,602,73.16,129.95,203.11,2,9.85,1
sglang,tree_of_thought,603,90.17,130.84,221.00,2,9.05,1
sglang,tree_of_thought,604,76.28,108.78,185.06,2,10.81,1
sglang,tree_of_thought,605,81.38,32.92,114.30,2,17.50,1
sglang,tree_of_thought,606,69.32,0.00,177.52,1,5.63,1
sglang,tree_of_thought,607,77.79,88.75,166.54,2,12.01,1
sglang,tree_of_thought,608,97.60,0.00,142.53,1,7.02,1
sglang,tree_of_thought,609,82.49,44.54,127.03,2,15.74,0
sglang,tree_of_thought,610,122.30,0.00,181.37,1,5.51,1
sglang,tree_of_thought,611,129.58,0.00,151.16,1,6.62,1
sglang,tree_of_thought,612,104.26,72.29,176.55,2,11.33,1
sglang,tree_of_thought,613,103.53,33.65,137.18,2,14.58,1
sglang,tree_of_thought,614,80.87,0.00,85.73,1,11.66,1
sglang,tree_of_thought,615,87.64,0.00,139.69,1,7.16,1
sglang,tree_of_thought,616,95.84,30.27,126.11,2,15.86,1
sglang,tree_of_thought,617,82.57,85.87,168.44,2,11.87,1
sglang,tree_of_thought,618,92.59,94.15,186.73,2,10.71,1
sglang,tree_of_thought,619,86.74,0.00,103.42,1,9.67,1
sglang,tree_of_thought,620,540.16,0.00,557.82,1,1.79,1
sglang,tree_of_thought,621,546.84,0.00,632.35,1,1.58,1
sglang,tree_of_thought,622,571.51,0.00,591.94,1,1.69,1
sglang,tree_of_thought,623,581.90,0.00,614.33,1,1.63,1
sglang,tree_of_thought,624,94.96,0.00,137.26,1,7.29,1
sglang,tree_of_thought,625,96.01,32.09,128.10,2,15.61,1
sglang,tree_of_thought,626,92.35,83.94,176.29,2,11.35,1
sglang,tree_of_thought,627,74.64,119.62,194.26,2,10.30,1
sglang,tree_of_thought,628,46.33,0.00,75.72,1,13.21,1
sglang,tree_of_thought,629,95.37,0.00,128.78,1,7.77,1
sglang,tree_of_thought,630,74.01,32.71,106.71,2,18.74,1
sglang,tree_of_thought,631,88.89,72.29,161.18,2,12.41,1
sglang,tree_of_thought,632,93.27,0.00,179.65,1,5.57,1
sglang,tree_of_thought,633,85.72,82.43,168.15,2,11.89,1
sglang,tree_of_thought,634,78.87,70.74,149.61,2,13.37,1
sglang,tree_of_thought,635,73.98,44.77,118.75,2,16.84,1
sglang,tree_of_thought,636,81.05,0.00,98.23,1,10.18,1
sglang,tree_of_thought,637,83.03,0.00,176.35,1,5.67,1
sglang,tree_of_thought,638,82.59,0.00,162.43,1,6.16,1
sglang,tree_of_thought,639,107.35,37.15,144.50,2,13.84,1
sglang,tree_of_thought,640,66.32,144.09,210.40,2,9.51,1
sglang,tree_of_thought,641,128.02,0.00,184.24,1,5.43,1
sglang,tree_of_thought,642,142.96,0.00,191.82,1,5.21,1
sglang,tree_of_thought,643,136.26,0.00,207.73,1,4.81,1
sglang,tree_of_thought,644,121.29,38.97,199.24,3,15.06,0
sglang,tree_of_thought,645,70.96,16.08,87.04,2,22.98,1
sglang,tree_of_thought,646,84.56,0.00,111.27,1,8.99,1
sglang,tree_of_thought,647,71.42,0.00,151.43,1,6.60,1
sglang,tree_of_thought,648,75.42,0.00,132.55,1,7.54,1
sglang,tree_of_thought,649,70.27,34.10,104.38,2,19.16,1
sglang,tree_of_thought,650,87.39,0.00,105.58,1,9.47,1
sglang,tree_of_thought,651,541.11,13.61,554.72,2,3.61,1
sglang,tree_of_thought,652,553.78,17.16,570.94,2,3.50,1
sglang,tree_of_thought,653,571.22,0.00,633.69,1,1.58,1
sglang,tree_of_thought,654,582.78,35.40,618.17,2,3.24,1
sglang,tree_of_thought,655,92.84,0.00,165.90,1,6.03,1
sglang,tree_of_thought,656,96.00,62.68,158.68,2,12.60,1
sglang,tree_of_thought,657,70.07,0.00,136.54,1,7.32,1
sglang,tree_of_thought,658,75.17,0.00,113.81,1,8.79,1
sglang,tree_of_thought,659,77.12,0.00,166.87,1,5.99,1
sglang,tree_of_thought,660,72.46,30.85,103.31,2,19.36,1
sglang,tree_of_thought,661,86.71,64.02,150.73,2,13.27,1
sglang,tree_of_thought,662,102.47,31.71,134.18,2,14.91,1
sglang,tree_of_thought,663,63.42,0.00,184.95,1,5.41,1
sglang,tree_of_thought,664,72.71,0.00,162.86,1,6.14,1
sglang,tree_of_thought,665,71.74,0.00,151.21,1,6.61,1
sglang,tree_of_thought,666,80.00,139.58,219.58,2,9.11,1
sglang,tree_of_thought,667,85.00,0.00,106.37,1,9.40,1
sglang,tree_of_thought,668,68.08,137.31,205.38,2,9.74,1
sglang,tree_of_thought,669,84.70,92.09,176.79,2,11.31,1
sglang,tree_of_thought,670,110.77,47.61,158.37,2,12.63,1
sglang,tree_of_thought,671,83.22,0.00,201.86,1,4.95,1
sglang,tree_of_thought,672,120.83,0.00,180.28,1,5.55,1
sglang,tree_of_thought,673,113.11,0.00,168.24,1,5.94,1
sglang,tree_of_thought,674,125.95,0.00,156.07,1,6.41,1
sglang,tree_of_thought,675,106.23,18.61,143.45,3,20.91,1
sglang,tree_of_thought,676,70.71,0.00,86.29,1,11.59,1
sglang,tree_of_thought,677,67.71,0.00,146.48,1,6.83,1
sglang,tree_of_thought,678,55.02,122.26,177.27,2,11.28,1
sglang,tree_of_thought,679,70.28,65.29,135.57,2,14.75,1
sglang,tree_of_thought,680,81.64,0.00,120.31,1,8.31,1
sglang,tree_of_thought,681,85.43,0.00,108.78,1,9.19,1
sglang,tree_of_thought,682,547.01,14.10,561.11,2,3.56,1
sglang,tree_of_thought,683,535.21,8.92,544.14,2,3.68,1
sglang,tree_of_thought,684,588.44,0.00,617.97,1,1.62,1
sglang,tree_of_thought,685,581.46,27.44,608.89,2,3.28,1
sglang,tree_of_thought,686,82.70,0.00,154.76,1,6.46,1
sglang,tree_of_thought,687,85.60,0.00,146.00,1,6.85,1
sglang,tree_of_thought,688,64.92,0.00,103.42,1,9.67,1
sglang,tree_of_thought,689,92.28,35.40,127.68,2,15.66,1
sglang,tree_of_thought,690,78.26,0.00,134.19,1,7.45,1
sglang,tree_of_thought,691,85.50,0.00,115.38,1,8.67,1
sglang,tree_of_thought,692,108.97,65.97,174.94,2,11.43,1
sglang,tree_of_thought,693,73.63,32.11,105.75,2,18.91,1
sglang,tree_of_thought,694,73.28,0.00,188.20,1,5.31,1
sglang,tree_of_thought,695,80.87,0.00,142.68,1,7.01,1
sglang,tree_of_thought,696,83.19,0.00,180.04,1,5.55,1
sglang,tree_of_thought,697,81.43,0.00,126.43,1,7.91,1
sglang,tree_of_thought,698,87.58,0.00,110.55,1,9.05,1
sglang,tree_of_thought,699,74.08,0.00,149.06,1,6.71,1
sglang,tree_of_thought,700,72.01,0.00,175.96,1,5.68,1
sglang,tree_of_thought,701,97.13,47.72,144.84,2,13.81,1
sglang,tree_of_thought,702,96.06,117.42,213.48,2,9.37,1
sglang,tree_of_thought,703,126.02,0.00,173.78,1,5.75,1
sglang,tree_of_thought,704,114.72,0.00,172.38,1,5.80,1
sglang,tree_of_thought,705,110.55,29.22,139.77,2,14.31,1
sglang,tree_of_thought,706,119.65,21.44,162.53,3,18.46,0
sglang,tree_of_thought,707,63.35,23.66,87.01,2,22.99,1
sglang,tree_of_thought,708,67.87,0.00,145.85,1,6.86,1
sglang,tree_of_thought,709,80.30,0.00,134.77,1,7.42,1
sglang,tree_of_thought,710,74.51,32.84,107.35,2,18.63,1
sglang,tree_of_thought,711,89.46,36.94,126.41,2,15.82,1
sglang,tree_of_thought,712,75.90,27.02,102.92,2,19.43,1
sglang,tree_of_thought,713,527.23,10.46,537.69,2,3.72,1
sglang,tree_of_thought,714,583.89,0.00,614.95,1,1.63,1
sglang,tree_of_thought,715,558.48,25.30,583.78,2,3.43,1
sglang,tree_of_thought,716,573.45,27.91,601.36,2,3.33,1
sglang,tree_of_thought,717,85.25,0.00,165.79,1,6.03,1
sglang,tree_of_thought,718,93.20,0.00,143.33,1,6.98,1
sglang,tree_of_thought,719,64.68,0.00,125.94,1,7.94,1
sglang,tree_of_thought,720,64.05,43.69,107.74,2,18.56,1
sglang,tree_of_thought,721,78.55,0.00,103.05,1,9.70,1
sglang,tree_of_thought,722,97.93,0.00,134.97,1,7.41,1
sglang,tree_of_thought,723,94.70,69.11,163.81,2,12.21,1
sglang,tree_of_thought,724,55.30,33.97,89.27,2,22.40,1
sglang,tree_of_thought,725,88.81,0.00,178.84,1,5.59,1
sglang,tree_of_thought,726,82.79,123.92,206.71,2,9.68,1
sglang,tree_of_thought,727,75.35,0.00,140.56,1,7.11,1
sglang,tree_of_thought,728,88.22,84.14,172.36,2,11.60,1
sglang,tree_of_thought,729,85.29,0.00,104.38,1,9.58,1
sglang,tree_of_thought,730,75.40,0.00,152.37,1,6.56,1
sglang,tree_of_thought,731,70.98,0.00,173.57,1,5.76,1
sglang,tree_of_thought,732,86.59,113.83,200.42,2,9.98,1
sglang,tree_of_thought,733,98.36,47.67,146.03,2,13.70,1
sglang,tree_of_thought,734,114.20,0.00,177.64,1,5.63,1
sglang,tree_of_thought,735,114.03,32.75,146.78,2,13.63,1
sglang,tree_of_thought,736,143.55,23.83,167.38,2,11.95,1
sglang,tree_of_thought,737,106.42,13.69,133.79,3,22.42,0
sglang,tree_of_thought,738,64.51,16.84,81.34,2,24.59,1
sglang,tree_of_thought,739,99.45,0.00,127.25,1,7.86,1
sglang,tree_of_thought,740,73.04,0.00,109.71,1,9.12,1
sglang,tree_of_thought,741,77.71,94.16,171.87,2,11.64,1
sglang,tree_of_thought,742,85.58,73.04,158.62,2,12.61,1
sglang,tree_of_thought,743,72.44,29.02,101.46,2,19.71,1
sglang,tree_of_thought,744,553.78,0.00,568.46,1,1.76,1
sglang,tree_of_thought,745,536.98,13.29,550.27,2,3.63,1
sglang,tree_of_thought,746,578.33,0.00,608.24,1,1.64,1
sglang,tree_of_thought,747,565.99,0.00,630.99,1,1.58,1
sglang,tree_of_thought,748,102.63,0.00,170.03,1,5.88,1
sglang,tree_of_thought,749,79.37,35.78,115.15,2,17.37,1
sglang,tree_of_thought,750,74.85,0.00,140.41,1,7.12,1
sglang,tree_of_thought,751,77.10,86.50,163.60,2,12.22,1
sglang,tree_of_thought,752,77.30,0.00,151.54,1,6.60,1
sglang,tree_of_thought,753,83.17,0.00,134.22,1,7.45,1
sglang,tree_of_thought,754,90.90,36.11,127.01,2,15.75,1
sglang,tree_of_thought,755,59.37,39.03,98.41,2,20.32,1
sglang,tree_of_thought,756,79.52,0.00,166.45,1,6.01,1
sglang,tree_of_thought,757,77.50,0.00,109.28,1,9.15,1
sglang,tree_of_thought,758,65.90,140.01,205.91,2,9.71,1
sglang,tree_of_thought,759,67.55,0.00,158.77,1,6.30,1
sglang,tree_of_thought,760,75.25,0.00,99.51,1,10.05,1
sglang,tree_of_thought,761,81.57,0.00,180.36,1,5.54,1
sglang,tree_of_thought,762,114.11,0.00,146.15,1,6.84,1
sglang,tree_of_thought,763,85.12,0.00,172.07,1,5.81,1
sglang,tree_of_thought,764,85.84,0.00,132.82,1,7.53,1
sglang,tree_of_thought,765,123.95,0.00,180.03,1,5.55,1
sglang,tree_of_thought,766,107.59,61.34,168.93,2,11.84,1
sglang,tree_of_thought,767,100.86,0.00,130.42,1,7.67,1
sglang,tree_of_thought,768,118.31,0.00,154.05,1,6.49,1
sglang,tree_of_thought,769,74.56,0.00,83.57,1,11.97,1
sglang,tree_of_thought,770,86.17,0.00,142.02,1,7.04,1
sglang,tree_of_thought,771,93.39,39.81,133.20,2,15.02,1
sglang,tree_of_thought,772,81.69,32.23,113.92,2,17.56,1
sglang,tree_of_thought,773,77.78,101.44,179.22,2,11.16,1
sglang,tree_of_thought,774,81.48,20.84,102.32,2,19.55,1
sglang,tree_of_thought,775,535.88,0.00,543.02,1,1.84,1
sglang,tree_of_thought,776,552.08,0.00,563.30,1,1.78,1
sglang,tree_of_thought,777,589.29,0.00,617.84,1,1.62,1
sglang,tree_of_thought,778,576.21,0.00,601.97,1,1.66,1
sglang,tree_of_thought,779,73.23,0.00,172.73,1,5.79,1
sglang,tree_of_thought,780,85.69,57.10,142.80,2,14.01,0
sglang,tree_of_thought,781,89.83,80.81,170.64,2,11.72,1
sglang,tree_of_thought,782,81.97,0.00,125.48,1,7.97,1
sglang,tree_of_thought,783,82.30,0.00,155.56,1,6.43,1
sglang,tree_of_thought,784,81.60,0.00,142.97,1,6.99,1
sglang,tree_of_thought,785,89.46,0.00,119.82,1,8.35,1
sglang,tree_of_thought,786,76.15,33.18,109.34,2,18.29,1
sglang,tree_of_thought,787,84.10,0.00,173.84,1,5.75,1
sglang,tree_of_thought,788,73.33,0.00,130.36,1,7.67,1
sglang,tree_of_thought,789,65.14,37.51,102.65,2,19.48,1
sglang,tree_of_thought,790,84.07,82.92,166.99,2,11.98,1
sglang,tree_of_thought,791,83.96,22.80,106.76,2,18.73,1
sglang,tree_of_thought,792,83.58,0.00,158.16,1,6.32,1
sglang,tree_of_thought,793,99.00,0.00,141.71,1,7.06,1
sglang,tree_of_thought,794,78.70,108.05,186.75,2,10.71,1
sglang,tree_of_thought,795,87.26,0.00,129.87,1,7.70,1
sglang,tree_of_thought,796,136.10,0.00,183.01,1,5.46,1
sglang,tree_of_thought,797,117.65,0.00,166.47,1,6.01,1
sglang,tree_of_thought,798,116.59,0.00,145.80,1,6.86,1
sglang,tree_of_thought,799,141.70,25.54,167.24,2,11.96,0
sglang,tree_of_thought,800,74.45,0.00,92.89,1,10.77,1
sglang,tree_of_thought,801,82.06,0.00,153.47,1,6.52,1
sglang,tree_of_thought,802,79.46,0.00,109.12,1,9.16,1
sglang,tree_of_thought,803,87.70,60.80,148.50,2,13.47,1
sglang,tree_of_thought,804,89.56,0.00,129.71,1,7.71,1
sglang,tree_of_thought,805,91.45,18.72,110.17,2,18.15,1
sglang,tree_of_thought,806,533.86,0.00,542.14,1,1.84,1
sglang,tree_of_thought,807,593.65,0.00,618.03,1,1.62,1
sglang,tree_of_thought,808,573.98,33.81,607.79,2,3.29,1
sglang,tree_of_thought,809,560.44,30.24,590.68,2,3.39,1
sglang,tree_of_thought,810,90.33,0.00,163.58,1,6.11,1
sglang,tree_of_thought,811,65.79,0.00,98.63,1,10.14,1
sglang,tree_of_thought,812,92.06,35.13,127.19,2,15.72,1
sglang,tree_of_thought,813,88.93,0.00,152.64,1,6.55,1
sglang,tree_of_thought,814,79.65,0.00,107.93,1,9.27,1
sglang,tree_of_thought,815,103.93,0.00,134.99,1,7.41,1
sglang,tree_of_thought,816,96.08,68.96,165.04,2,12.12,1
sglang,tree_of_thought,817,62.63,26.86,89.49,2,22.35,1
sglang,tree_of_thought,818,78.35,0.00,195.99,1,5.10,1
sglang,tree_of_thought,819,82.41,0.00,157.83,1,6.34,1
sglang,tree_of_thought,820,84.81,0.00,182.65,1,5.47,1
sglang,tree_of_thought,821,69.95,74.00,143.95,2,13.89,1
sglang,tree_of_thought,822,84.13,29.83,113.95,2,17.55,1
sglang,tree_of_thought,823,80.87,77.32,158.20,2,12.64,1
sglang,tree_of_thought,824,72.19,0.00,178.26,1,5.61,1
sglang,tree_of_thought,825,86.64,0.00,118.04,1,8.47,1
sglang,tree_of_thought,826,96.04,54.16,150.20,2,13.32,1
sglang,tree_of_thought,827,115.88,0.00,176.40,1,5.67,1
sglang,tree_of_thought,828,138.00,0.00,166.44,1,6.01,1
sglang,tree_of_thought,829,114.80,38.94,153.74,2,13.01,1
sglang,tree_of_thought,830,102.98,30.37,133.35,2,15.00,1
sglang,tree_of_thought,831,70.76,0.00,84.24,1,11.87,1
sglang,tree_of_thought,832,87.53,0.00,146.38,1,6.83,1
sglang,tree_of_thought,833,87.60,0.00,179.11,1,5.58,1
sglang,tree_of_thought,834,75.37,63.72,139.09,2,14.38,1
sglang,tree_of_thought,835,77.88,41.11,118.99,2,16.81,1
sglang,tree_of_thought,836,72.67,25.36,98.02,2,20.40,1
sglang,tree_of_thought,837,532.47,0.00,538.60,1,1.86,1
sglang,tree_of_thought,838,584.00,0.00,617.13,1,1.62,1
sglang,tree_of_thought,839,579.47,0.00,597.35,1,1.67,1
sglang,tree_of_thought,840,556.79,0.00,583.42,1,1.71,1
sglang,tree_of_thought,841,69.92,0.00,122.89,1,8.14,1
sglang,tree_of_thought,842,70.19,0.00,100.42,1,9.96,1
sglang,tree_of_thought,843,68.68,0.00,148.62,1,6.73,1
sglang,tree_of_thought,844,92.31,84.32,176.64,2,11.32,1
sglang,tree_of_thought,845,77.52,0.00,171.15,1,5.84,1
sglang,tree_of_thought,846,85.49,0.00,149.63,1,6.68,1
sglang,tree_of_thought,847,80.40,31.13,111.53,2,17.93,1
sglang,tree_of_thought,848,99.89,36.11,136.00,2,14.71,1
sglang,tree_of_thought,849,79.30,0.00,134.52,1,7.43,1
sglang,tree_of_thought,850,88.68,0.00,183.96,1,5.44,1
sglang,tree_of_thought,851,85.80,84.66,170.46,2,11.73,1
sglang,tree_of_thought,852,83.31,133.28,216.58,2,9.23,1
sglang,tree_of_thought,853,79.60,0.00,98.75,1,10.13,1
sglang,tree_of_thought,854,86.60,0.00,181.49,1,5.51,1
sglang,tree_of_thought,855,72.77,0.00,150.41,1,6.65,1
sglang,tree_of_thought,856,87.06,48.86,135.91,2,14.72,1
sglang,tree_of_thought,857,65.25,116.97,182.23,2,10.98,1
sglang,tree_of_thought,858,108.12,0.00,127.19,1,7.86,1
sglang,tree_of_thought,859,98.56,75.02,173.58,2,11.52,1
sglang,tree_of_thought,860,115.96,40.12,156.08,2,12.81,1
sglang,tree_of_thought,861,112.89,79.50,192.39,2,10.40,1
sglang,tree_of_thought,862,83.97,11.73,95.71,2,20.90,1
sglang,tree_of_thought,863,87.66,0.00,115.92,1,8.63,1
sglang,tree_of_thought,864,82.05,0.00,137.33,1,7.28,1
sglang,tree_of_thought,865,71.32,0.00,109.77,1,9.11,1
sglang,tree_of_thought,866,72.98,97.16,170.14,2,11.76,1
sglang,tree_of_thought,867,79.33,18.67,116.67,3,25.71,0
sglang,tree_of_thought,868,542.28,0.00,544.67,1,1.84,1
sglang,tree_of_thought,869,593.00,0.00,626.45,1,1.60,1
sglang,tree_of_thought,870,564.99,0.00,588.95,1,1.70,1
sglang,tree_of_thought,871,576.15,33.93,610.08,2,3.28,1
sglang,tree_of_thought,872,94.54,0.00,159.84,1,6.26,1
sglang,tree_of_thought,873,92.17,0.00,139.61,1,7.16,1
sglang,tree_of_thought,874,70.68,0.00,125.57,1,7.96,1
sglang,tree_of_thought,875,66.73,42.57,109.30,2,18.30,1
sglang,tree_of_thought,876,70.99,0.00,153.97,1,6.49,1
sglang,tree_of_thought,877,104.44,0.00,137.12,1,7.29,1
sglang,tree_of_thought,878,83.95,0.00,120.68,1,8.29,1
sglang,tree_of_thought,879,56.98,35.84,92.81,2,21.55,1
sglang,tree_of_thought,880,82.37,32.16,114.54,2,17.46,1
sglang,tree_of_thought,881,71.91,82.13,154.03,2,12.98,1
sglang,tree_of_thought,882,69.31,136.06,205.37,2,9.74,1
sglang,tree_of_thought,883,75.12,106.69,181.81,2,11.00,1
sglang,tree_of_thought,884,83.76,47.18,366.85,7,19.08,0
sglang,tree_of_thought,885,95.86,0.00,115.46,1,8.66,1
sglang,tree_of_thought,886,88.83,0.00,110.54,1,9.05,1
sglang,tree_of_thought,887,105.25,0.00,139.36,1,7.18,1
sglang,tree_of_thought,888,102.16,0.00,121.91,1,8.20,1
sglang,tree_of_thought,889,60.23,0.00,62.11,1,16.10,1
sglang,tree_of_thought,890,49.37,0.00,67.32,1,14.86,1
sglang,tree_of_thought,891,50.06,15.01,65.07,2,30.74,1
sglang,tree_of_thought,892,55.01,23.27,78.28,2,25.55,1
sglang,tree_of_thought,893,87.01,0.00,163.83,1,6.10,1
sglang,tree_of_thought,894,61.48,0.00,84.65,1,11.81,1
sglang,tree_of_thought,895,80.16,0.00,93.38,1,10.71,1
sglang,tree_of_thought,896,64.35,18.71,83.06,2,24.08,1
sglang,tree_of_thought,897,81.47,25.33,106.79,2,18.73,1
sglang,tree_of_thought,898,50.34,0.00,58.70,1,17.04,1
sglang,tree_of_thought,899,539.35,0.00,547.77,1,1.83,1
sglang,tree_of_thought,900,569.70,0.00,584.64,1,1.71,1
sglang,tree_of_thought,901,563.39,71.27,634.65,2,3.15,0
sglang,tree_of_thought,902,574.59,37.87,612.46,2,3.27,0
sglang,tree_of_thought,903,84.42,0.00,155.57,1,6.43,1
sglang,tree_of_thought,904,86.23,0.00,117.10,1,8.54,1
sglang,tree_of_thought,905,69.07,0.00,103.45,1,9.67,1
sglang,tree_of_thought,906,92.91,62.97,155.87,2,12.83,1
sglang,tree_of_thought,907,116.10,26.27,142.36,2,14.05,1
sglang,tree_of_thought,908,84.49,33.89,118.37,2,16.90,1
sglang,tree_of_thought,909,68.85,0.00,166.52,1,6.01,1
sglang,tree_of_thought,910,54.33,37.42,91.75,2,21.80,1
sglang,tree_of_thought,911,71.85,0.00,195.35,1,5.12,1
sglang,tree_of_thought,912,86.12,0.00,180.56,1,5.54,1
sglang,tree_of_thought,913,76.91,79.54,156.45,2,12.78,1
sglang,tree_of_thought,914,87.78,0.00,123.01,1,8.13,1
sglang,tree_of_thought,915,79.59,0.00,104.61,1,9.56,1
sglang,tree_of_thought,916,84.70,0.00,174.56,1,5.73,1
sglang,tree_of_thought,917,86.43,48.82,135.25,2,14.79,1
sglang,tree_of_thought,918,107.53,0.00,160.05,1,6.25,1
sglang,tree_of_thought,919,84.12,54.93,413.71,7,16.92,0
sglang,tree_of_thought,920,49.87,0.00,57.52,1,17.39,1
sglang,tree_of_thought,921,61.08,0.00,73.34,1,13.64,1
sglang,tree_of_thought,922,64.04,0.00,68.24,1,14.65,1
sglang,tree_of_thought,923,63.31,10.01,73.32,2,27.28,1
sglang,tree_of_thought,924,83.40,0.00,166.18,1,6.02,1
sglang,tree_of_thought,925,95.64,0.00,110.34,1,9.06,1
sglang,tree_of_thought,926,79.75,0.00,93.22,1,10.73,1
sglang,tree_of_thought,927,70.40,0.00,86.85,1,11.51,1
sglang,tree_of_thought,928,57.98,0.00,79.76,1,12.54,1
sglang,tree_of_thought,929,56.57,0.00,64.86,1,15.42,1
sglang,tree_of_thought,930,530.27,11.39,541.66,2,3.69,1
sglang,tree_of_thought,931,588.45,0.00,614.90,1,1.63,1
sglang,tree_of_thought,932,572.45,0.00,596.90,1,1.68,1
sglang,tree_of_thought,933,558.30,0.00,584.32,1,1.71,1
sglang,tree_of_thought,934,97.97,0.00,170.86,1,5.85,1
sglang,tree_of_thought,935,70.58,0.00,129.06,1,7.75,1
sglang,tree_of_thought,936,74.35,32.94,107.29,2,18.64,1
sglang,tree_of_thought,937,73.33,0.00,155.89,1,6.41,1
sglang,tree_of_thought,938,98.49,0.00,161.24,1,6.20,1
sglang,tree_of_thought,939,77.72,0.00,114.58,1,8.73,1
sglang,tree_of_thought,940,84.33,98.77,183.10,2,10.92,1
sglang,tree_of_thought,941,117.33,28.70,146.03,2,13.70,1
sglang,tree_of_thought,942,64.98,129.64,194.63,2,10.28,1
sglang,tree_of_thought,943,68.07,0.00,147.37,1,6.79,1
sglang,tree_of_thought,944,89.43,84.97,174.40,2,11.47,1
sglang,tree_of_thought,945,75.29,46.71,121.99,2,16.39,1
sglang,tree_of_thought,946,89.56,0.00,104.29,1,9.59,1
sglang,tree_of_thought,947,91.78,0.00,180.21,1,5.55,1
sglang,tree_of_thought,948,69.59,0.00,174.54,1,5.73,1
sglang,tree_of_thought,949,92.28,46.20,138.48,2,14.44,1
sglang,tree_of_thought,950,70.70,94.89,165.59,2,12.08,1
sglang,tree_of_thought,951,126.60,0.00,144.23,1,6.93,1
sglang,tree_of_thought,952,106.56,0.00,124.64,1,8.02,1
sglang,tree_of_thought,953,119.83,0.00,183.99,1,5.44,1
sglang,tree_of_thought,954,140.71,26.73,167.44,2,11.94,1
sglang,tree_of_thought,955,76.72,22.61,99.33,2,20.14,1
sglang,tree_of_thought,956,95.80,0.00,149.58,1,6.69,1
sglang,tree_of_thought,957,79.87,0.00,135.70,1,7.37,1
sglang,tree_of_thought,958,89.03,0.00,122.82,1,8.14,1
sglang,tree_of_thought,959,67.97,0.00,104.19,1,9.60,1
sglang,tree_of_thought,960,93.90,20.48,175.82,5,28.44,0
sglang,tree_of_thought,961,538.47,0.00,547.94,1,1.83,1
sglang,tree_of_thought,962,575.26,0.00,590.75,1,1.69,1
sglang,tree_of_thought,963,581.81,36.01,617.82,2,3.24,1
sglang,tree_of_thought,964,571.06,42.83,828.01,7,8.45,0
sglang,tree_of_thought,965,78.36,0.00,158.78,1,6.30,1
sglang,tree_of_thought,966,86.33,0.00,167.41,1,5.97,1
sglang,tree_of_thought,967,55.60,0.00,184.28,1,5.43,1
sglang,tree_of_thought,968,85.98,73.54,159.52,2,12.54,1
sglang,tree_of_thought,969,75.13,65.84,140.96,2,14.19,1
sglang,tree_of_thought,970,72.07,0.00,109.07,1,9.17,1
sglang,tree_of_thought,971,84.05,83.33,167.38,2,11.95,1
sglang,tree_of_thought,972,93.63,100.78,194.41,2,10.29,1
sglang,tree_of_thought,973,75.92,0.00,94.62,1,10.57,1
sglang,tree_of_thought,974,60.08,0.00,110.55,1,9.05,1
sglang,tree_of_thought,975,77.69,0.00,96.18,1,10.40,1
sglang,tree_of_thought,976,76.87,0.00,93.31,1,10.72,1
sglang,tree_of_thought,977,59.91,0.00,185.16,1,5.40,1
sglang,tree_of_thought,978,129.83,0.00,190.28,1,5.26,1
sglang,tree_of_thought,979,142.52,0.00,204.46,1,4.89,1
sglang,tree_of_thought,980,138.44,69.52,207.95,2,9.62,1
sglang,tree_of_thought,981,159.29,69.87,229.16,2,8.73,1
sglang,tree_of_thought,982,70.63,0.00,80.68,1,12.39,1
sglang,tree_of_thought,983,60.91,0.00,75.40,1,13.26,1
sglang,tree_of_thought,984,75.60,0.00,89.13,1,11.22,1
sglang,tree_of_thought,985,77.21,18.92,96.13,2,20.81,1
sglang,tree_of_thought,986,84.39,0.00,159.84,1,6.26,1
sglang,tree_of_thought,987,65.89,0.00,118.86,1,8.41,1
sglang,tree_of_thought,988,68.41,0.00,88.46,1,11.30,1
sglang,tree_of_thought,989,84.01,0.00,98.37,1,10.17,1
sglang,tree_of_thought,990,64.59,24.21,88.80,2,22.52,1
sglang,tree_of_thought,991,50.44,15.97,66.41,2,30.12,1
sglang,long_output,0,126.20,23.44,313.74,9,28.69,1
sglang,long_output,1,123.73,24.80,322.15,9,27.94,1
sglang,long_output,2,121.96,25.17,323.33,9,27.84,1
sglang,long_output,3,65.07,29.10,327.00,10,30.58,1
sglang,long_output,4,116.62,23.90,331.72,10,30.15,1
sglang,long_output,5,120.55,23.90,335.63,10,29.79,1
sglang,long_output,6,114.51,22.19,336.42,11,32.70,1
sglang,long_output,7,120.20,22.05,340.71,11,32.29,1
sglang,long_output,8,111.58,23.14,342.96,11,32.07,1
sglang,long_output,9,112.20,21.46,348.26,12,34.46,1
sglang,long_output,10,107.88,22.06,350.52,12,34.24,1
sglang,long_output,11,108.61,22.34,354.37,12,33.86,1
sglang,long_output,12,140.70,19.16,370.58,13,35.08,1
sglang,long_output,13,147.63,19.19,377.96,13,34.40,1
sglang,long_output,14,111.26,22.58,382.24,13,34.01,1
sglang,long_output,15,141.28,23.91,452.14,14,30.96,1
sglang,long_output,16,146.76,24.14,460.55,14,30.40,1
sglang,long_output,17,139.64,24.61,459.57,14,30.46,1
sglang,long_output,18,143.46,22.95,464.82,15,32.27,1
sglang,long_output,19,136.43,23.82,469.93,15,31.92,1
sglang,long_output,20,140.26,23.51,469.45,15,31.95,1
sglang,long_output,21,130.16,22.61,469.34,16,34.09,1
sglang,long_output,22,139.07,22.45,475.82,16,33.63,1
sglang,long_output,23,135.22,22.98,479.98,16,33.33,1
sglang,long_output,24,132.15,21.44,475.16,17,35.78,1
sglang,long_output,25,138.93,21.43,481.77,17,35.29,1
sglang,long_output,26,134.84,21.99,486.66,17,34.93,1
sglang,long_output,27,132.32,22.07,507.54,18,35.46,1
sglang,long_output,28,127.70,22.78,515.00,18,34.95,1
sglang,long_output,29,128.79,22.63,513.43,18,35.06,1
sglang,long_output,30,122.90,25.24,577.19,19,32.92,1
sglang,long_output,31,115.42,25.73,578.56,19,32.84,1
sglang,long_output,32,128.30,25.49,587.10,19,32.36,1
sglang,long_output,33,174.91,21.63,585.85,20,34.14,1
sglang,long_output,34,113.23,25.22,592.50,20,33.76,1
sglang,long_output,35,115.97,25.31,596.86,20,33.51,1
sglang,long_output,36,145.95,22.45,594.98,21,35.30,1
sglang,long_output,37,153.08,22.26,598.29,21,35.10,1
sglang,long_output,38,120.24,24.12,602.74,21,34.84,1
sglang,long_output,39,143.19,21.97,604.46,22,36.40,1
sglang,long_output,40,144.27,21.93,604.76,22,36.38,1
sglang,long_output,41,152.23,21.86,611.30,22,35.99,1
sglang,long_output,42,135.81,22.67,634.47,23,36.25,1
sglang,long_output,43,142.42,22.49,637.14,23,36.10,1
sglang,long_output,44,148.76,22.20,637.24,23,36.09,1
sglang,long_output,45,130.20,24.76,699.72,24,34.30,1
sglang,long_output,46,133.69,24.88,705.88,24,34.00,1
sglang,long_output,47,145.22,24.20,701.72,24,34.20,1
sglang,long_output,48,128.09,24.31,711.50,25,35.14,1
sglang,long_output,49,124.13,24.54,713.17,25,35.05,1
sglang,long_output,50,127.15,23.48,714.06,26,36.41,1
sglang,long_output,51,130.96,24.56,720.46,25,34.70,1
sglang,long_output,52,126.74,23.64,717.80,26,36.22,1
sglang,long_output,53,125.07,24.13,728.27,26,35.70,1
sglang,long_output,54,120.66,24.03,745.43,27,36.22,1
sglang,long_output,55,141.41,23.41,750.05,27,36.00,1
sglang,long_output,56,126.75,24.14,754.28,27,35.80,1
sglang,long_output,57,117.23,25.87,815.83,28,34.32,1
sglang,long_output,58,133.53,25.69,827.18,28,33.85,1
sglang,long_output,59,123.08,26.01,825.30,28,33.93,1
sglang,long_output,60,122.09,25.28,830.01,29,34.94,1
sglang,long_output,61,122.58,25.49,836.16,29,34.68,1
sglang,long_output,62,127.83,25.25,834.92,29,34.73,1
sglang,long_output,63,121.55,24.76,839.48,30,35.74,1
sglang,long_output,64,89.96,25.79,837.83,30,35.81,1
sglang,long_output,65,97.28,25.87,847.57,30,35.40,1
sglang,long_output,66,119.33,23.88,835.64,31,37.10,1
sglang,long_output,67,125.59,23.88,842.10,31,36.81,1
sglang,long_output,68,117.01,23.94,835.23,31,37.12,1
sglang,long_output,69,107.46,23.53,836.99,32,38.23,1
sglang,long_output,70,111.34,23.78,848.58,32,37.71,1
sglang,long_output,71,107.44,23.77,844.37,32,37.90,1
sglang,long_output,72,90.51,23.68,848.16,33,38.91,1
sglang,long_output,73,101.28,23.86,864.66,33,38.17,1
sglang,long_output,74,92.61,23.99,860.40,33,38.35,1
sglang,long_output,75,58.21,25.19,889.61,34,38.22,1
sglang,long_output,76,83.43,25.54,926.10,34,36.71,1
sglang,long_output,77,67.21,25.38,904.86,34,37.57,1
sglang,long_output,78,58.66,24.88,904.55,35,38.69,1
sglang,long_output,79,121.52,23.17,909.28,35,38.49,1
sglang,long_output,80,90.95,24.38,919.91,35,38.05,1
sglang,long_output,81,121.43,23.08,929.19,36,38.74,1
sglang,long_output,82,107.91,23.13,917.32,36,39.24,1
sglang,long_output,83,113.04,23.17,923.88,36,38.97,1
sglang,long_output,84,111.35,22.59,924.56,37,40.02,1
sglang,long_output,85,102.24,22.85,924.91,37,40.00,1
sglang,long_output,86,99.96,22.74,918.45,37,40.29,1
sglang,long_output,87,91.14,22.90,938.30,38,40.50,1
sglang,long_output,88,92.50,23.11,947.39,38,40.11,1
sglang,long_output,89,94.60,23.01,946.09,38,40.17,1
sglang,long_output,90,88.16,24.18,1007.13,39,38.72,1
sglang,long_output,91,57.65,24.32,981.95,39,39.72,1
sglang,long_output,92,54.68,24.34,979.53,39,39.81,1
sglang,long_output,93,52.56,24.06,991.09,40,40.36,1
sglang,long_output,94,84.50,24.29,1031.63,40,38.77,1
sglang,long_output,95,129.16,23.33,1038.98,40,38.50,1
sglang,long_output,96,109.05,22.85,1022.93,41,40.08,1
sglang,long_output,97,79.62,23.98,1038.72,41,39.47,1
sglang,long_output,98,112.04,23.10,1036.21,41,39.57,1
sglang,long_output,99,98.11,22.69,1028.33,42,40.84,1
sglang,long_output,100,107.94,22.76,1041.17,42,40.34,1
sglang,long_output,101,98.54,22.94,1039.03,42,40.42,1
sglang,long_output,102,88.85,22.36,1027.92,43,41.83,1
sglang,long_output,103,98.53,22.44,1041.19,43,41.30,1
sglang,long_output,104,87.30,22.62,1037.36,43,41.45,1
sglang,long_output,105,56.83,22.55,1026.41,44,42.87,1
sglang,long_output,106,87.23,22.73,1064.49,44,41.33,1
sglang,long_output,107,54.54,22.83,1036.29,44,42.46,1
sglang,long_output,108,51.73,24.22,1117.30,45,40.28,1
sglang,long_output,109,116.35,23.13,1133.98,45,39.68,1
sglang,long_output,110,113.71,23.32,1139.80,45,39.48,1
sglang,long_output,111,94.64,22.98,1128.74,46,40.75,1
sglang,long_output,112,75.44,23.77,1145.26,46,40.17,1
sglang,long_output,113,101.35,23.15,1142.88,46,40.25,1
sglang,long_output,114,91.71,22.88,1144.04,47,41.08,1
sglang,long_output,115,89.27,22.96,1145.37,47,41.03,1
sglang,long_output,116,88.75,22.97,1145.32,47,41.04,1
sglang,long_output,117,55.85,22.80,1127.41,48,42.58,1
sglang,long_output,118,82.11,22.85,1155.90,48,41.53,1
sglang,long_output,119,58.83,23.02,1141.00,48,42.07,1
sglang,long_output,120,53.15,23.66,1188.60,49,41.22,1
sglang,long_output,121,82.52,23.30,1200.74,49,40.81,1
sglang,long_output,122,91.79,23.39,1214.69,49,40.34,1
sglang,long_output,123,78.05,22.95,1202.61,50,41.58,1
sglang,long_output,124,92.24,22.97,1217.86,50,41.06,1
sglang,long_output,125,78.77,22.73,1215.16,51,41.97,1
sglang,long_output,126,84.59,23.27,1224.71,50,40.83,1
sglang,long_output,127,69.92,22.92,1215.80,51,41.95,1
sglang,long_output,128,63.55,22.40,242.72,9,37.08,1
sglang,long_output,129,83.59,22.52,263.75,9,34.12,1
sglang,long_output,130,76.06,22.66,257.32,9,34.98,1
sglang,long_output,131,44.43,26.52,283.12,10,35.32,1
sglang,long_output,132,62.03,26.90,304.12,10,32.88,1
sglang,long_output,133,62.21,27.06,305.73,10,32.71,1
sglang,long_output,134,35.47,25.42,289.63,11,37.98,1
sglang,long_output,135,43.88,25.62,300.06,11,36.66,1
sglang,long_output,136,62.10,24.83,310.44,11,35.43,1
sglang,long_output,137,84.44,22.03,326.72,12,36.73,1
sglang,long_output,138,93.99,20.12,315.29,12,38.06,1
sglang,long_output,139,79.87,22.56,328.02,12,36.58,1
sglang,long_output,140,75.11,24.24,1287.08,51,39.62,1
sglang,long_output,141,88.62,19.76,325.77,13,39.91,1
sglang,long_output,142,75.80,19.85,314.02,13,41.40,1
sglang,long_output,143,79.10,19.93,318.31,13,40.84,1
sglang,long_output,144,98.31,23.53,1298.50,52,40.05,1
sglang,long_output,145,71.61,19.20,321.17,14,43.59,1
sglang,long_output,146,72.79,24.17,1305.69,52,39.83,1
sglang,long_output,147,42.63,19.20,292.21,14,47.91,1
sglang,long_output,148,39.84,19.39,291.86,14,47.97,1
sglang,long_output,149,97.32,23.69,1305.36,52,39.84,1
sglang,long_output,150,81.49,23.51,1304.09,53,40.64,1
sglang,long_output,151,38.76,19.35,309.63,15,48.44,1
sglang,long_output,152,77.27,23.66,1307.37,53,40.54,1
sglang,long_output,153,92.73,23.71,1325.40,53,39.99,1
sglang,long_output,154,76.34,24.29,1363.83,54,39.59,1
sglang,long_output,155,53.50,24.31,1341.81,54,40.24,1
sglang,long_output,156,56.89,24.41,1350.50,54,39.99,1
sglang,long_output,157,49.07,24.17,1354.24,55,40.61,1
sglang,long_output,158,75.16,22.75,393.63,15,38.11,1
sglang,long_output,159,74.50,22.84,394.22,15,38.05,1
sglang,long_output,160,65.21,22.54,403.28,16,39.67,1
sglang,long_output,161,54.99,22.40,391.01,16,40.92,1
sglang,long_output,162,57.00,22.43,393.40,16,40.67,1
sglang,long_output,163,71.64,23.90,1362.12,55,40.38,1
sglang,long_output,164,82.68,23.97,1376.87,55,39.95,1
sglang,long_output,165,72.08,23.96,1390.05,56,40.29,1
sglang,long_output,166,59.51,24.13,1386.52,56,40.39,1
sglang,long_output,167,59.57,24.51,451.80,17,37.63,1
sglang,long_output,168,77.67,24.43,1421.17,56,39.40,1
sglang,long_output,169,71.45,24.55,1446.16,57,39.41,1
sglang,long_output,170,87.38,24.00,1431.46,57,39.82,1
sglang,long_output,171,89.58,24.01,1434.37,57,39.74,1
sglang,long_output,172,84.11,24.58,1484.95,58,39.06,1
sglang,long_output,173,80.08,24.71,1488.75,58,38.96,1
sglang,long_output,174,75.92,24.76,1487.18,58,39.00,1
sglang,long_output,175,73.02,24.38,1487.22,59,39.67,1
sglang,long_output,176,51.48,24.33,1462.70,59,40.34,1
sglang,long_output,177,54.08,24.45,1472.34,59,40.07,1
sglang,long_output,178,71.57,26.33,492.91,17,34.49,1
sglang,long_output,179,49.67,24.14,1473.92,60,40.71,1
sglang,long_output,180,68.38,26.58,493.62,17,34.44,1
sglang,long_output,181,85.06,23.93,491.85,18,36.60,1
sglang,long_output,182,65.69,25.82,504.63,18,35.67,1
sglang,long_output,183,90.80,24.26,503.22,18,35.77,1
sglang,long_output,184,78.54,24.34,516.66,19,36.77,1
sglang,long_output,185,84.55,24.33,522.51,19,36.36,1
sglang,long_output,186,70.98,24.74,516.29,19,36.80,1
sglang,long_output,187,70.95,26.86,581.27,20,34.41,1
sglang,long_output,188,68.57,27.20,585.32,20,34.17,1
sglang,long_output,189,68.74,27.33,587.96,20,34.02,1
sglang,long_output,190,63.44,26.59,595.18,21,35.28,1
sglang,long_output,191,69.06,26.30,595.15,21,35.29,1
sglang,long_output,192,50.63,26.45,579.67,21,36.23,1
sglang,long_output,193,94.27,24.62,1547.04,60,38.78,1
sglang,long_output,194,47.81,25.62,585.75,22,37.56,1
sglang,long_output,195,88.75,24.80,1552.11,60,38.66,1
sglang,long_output,196,44.73,25.83,587.17,22,37.47,1
sglang,long_output,197,43.33,25.91,587.46,22,37.45,1
sglang,long_output,198,85.87,24.89,1579.42,61,38.62,1
sglang,long_output,199,77.47,24.92,1572.77,61,38.79,1
sglang,long_output,200,77.92,27.20,676.22,23,34.01,1
sglang,long_output,201,73.52,27.70,682.87,23,33.68,1
sglang,long_output,202,67.68,27.81,679.39,23,33.85,1
sglang,long_output,203,103.03,24.85,1593.78,61,38.27,1
sglang,long_output,204,56.12,26.97,676.49,24,35.48,1
sglang,long_output,205,136.62,24.03,1602.41,62,38.69,1
sglang,long_output,206,93.09,24.78,1604.37,62,38.64,1
sglang,long_output,207,128.85,24.20,1605.03,62,38.63,1
sglang,long_output,208,121.30,24.05,1612.51,63,39.07,1
sglang,long_output,209,125.28,24.21,1626.58,63,38.73,1
sglang,long_output,210,112.22,24.25,1615.41,63,39.00,1
sglang,long_output,211,111.54,24.74,1669.98,64,38.32,1
sglang,long_output,212,107.45,24.81,1670.72,64,38.31,1
sglang,long_output,213,104.48,24.81,1667.79,64,38.37,1
sglang,long_output,214,69.82,28.82,732.63,24,32.76,1
sglang,long_output,215,68.72,28.97,734.97,24,32.65,1
sglang,long_output,216,100.38,24.58,1673.78,65,38.83,1
sglang,long_output,217,77.51,24.64,1654.53,65,39.29,1
sglang,long_output,218,77.47,27.22,730.65,25,34.22,1
sglang,long_output,219,77.23,27.26,731.37,25,34.18,1
sglang,long_output,220,70.99,24.70,1651.85,65,39.35,1
sglang,long_output,221,70.27,24.35,1653.22,66,39.92,1
sglang,long_output,222,44.95,26.50,707.43,26,36.75,1
sglang,long_output,223,70.00,26.78,739.40,26,35.16,1
sglang,long_output,224,63.67,27.00,738.62,26,35.20,1
sglang,long_output,225,78.89,28.14,754.19,25,33.15,1
sglang,long_output,226,41.28,26.16,721.45,27,37.42,1
sglang,long_output,227,67.55,25.00,1692.76,66,38.99,1
sglang,long_output,228,67.21,26.28,750.57,27,35.97,1
sglang,long_output,229,73.54,27.28,782.80,27,34.49,1
sglang,long_output,230,40.24,25.74,735.09,28,38.09,1
sglang,long_output,231,37.02,25.99,738.85,28,37.90,1
sglang,long_output,232,37.91,26.16,744.14,28,37.63,1
sglang,long_output,233,78.47,24.78,1689.40,66,39.07,1
sglang,long_output,234,83.42,24.46,1697.58,67,39.47,1
sglang,long_output,235,67.75,24.79,1703.86,67,39.32,1
sglang,long_output,236,119.30,24.82,814.20,29,35.62,1
sglang,long_output,237,124.02,24.76,817.41,29,35.48,1
sglang,long_output,238,90.32,26.48,831.67,29,34.87,1
sglang,long_output,239,105.92,24.44,814.74,30,36.82,1
sglang,long_output,240,77.05,26.05,832.63,30,36.03,1
sglang,long_output,241,112.94,24.73,830.18,30,36.14,1
sglang,long_output,242,100.40,24.11,823.63,31,37.64,1
sglang,long_output,243,98.87,24.14,823.02,31,37.67,1
sglang,long_output,244,105.10,24.13,828.93,31,37.40,1
sglang,long_output,245,87.63,24.23,838.79,32,38.15,1
sglang,long_output,246,84.57,24.41,841.40,32,38.03,1
sglang,long_output,247,84.12,24.42,841.09,32,38.05,1
sglang,long_output,248,59.97,25.53,877.00,33,37.63,1
sglang,long_output,249,56.31,25.72,879.24,33,37.53,1
sglang,long_output,250,51.18,25.94,881.31,33,37.44,1
sglang,long_output,251,87.91,24.15,884.92,34,38.42,1
sglang,long_output,252,87.71,24.37,892.04,34,38.12,1
sglang,long_output,253,73.59,25.12,902.70,34,37.66,1
sglang,long_output,254,71.62,24.01,887.91,35,39.42,1
sglang,long_output,255,74.37,24.03,891.41,35,39.26,1
sglang,long_output,256,75.15,24.11,894.83,35,39.11,1
sglang,long_output,257,62.18,23.65,889.76,36,40.46,1
sglang,long_output,258,61.40,23.64,888.91,36,40.50,1
sglang,long_output,259,67.22,23.71,897.06,36,40.13,1
sglang,long_output,260,55.27,23.38,897.00,37,41.25,1
sglang,long_output,261,54.30,23.58,903.11,37,40.97,1
sglang,long_output,262,62.99,23.45,907.29,37,40.78,1
sglang,long_output,263,60.07,24.43,964.02,38,39.42,1
sglang,long_output,264,103.37,23.26,963.94,38,39.42,1
sglang,long_output,265,73.22,24.26,970.68,38,39.15,1
sglang,long_output,266,88.98,23.04,964.63,39,40.43,1
sglang,long_output,267,90.89,23.12,969.47,39,40.23,1
sglang,long_output,268,78.44,22.69,963.18,40,41.53,1
sglang,long_output,269,100.08,23.26,983.81,39,39.64,1
sglang,long_output,270,69.52,22.81,959.18,40,41.70,1
sglang,long_output,271,66.23,22.92,959.98,40,41.67,1
sglang,long_output,272,41.55,22.85,955.53,41,42.91,1
sglang,long_output,273,51.39,22.98,970.43,41,42.25,1
sglang,long_output,274,40.68,23.13,965.93,41,42.45,1
sglang,long_output,275,133.87,22.41,1052.57,42,39.90,1
sglang,long_output,276,102.13,23.25,1055.46,42,39.79,1
sglang,long_output,277,128.85,22.64,1056.98,42,39.74,1
sglang,long_output,278,124.80,22.17,1056.07,43,40.72,1
sglang,long_output,279,98.83,22.95,1062.73,43,40.46,1
sglang,long_output,280,124.38,22.26,1059.37,43,40.59,1
sglang,long_output,281,114.56,21.94,1058.13,44,41.58,1
sglang,long_output,282,115.94,21.96,1060.21,44,41.50,1
sglang,long_output,283,116.84,22.03,1064.25,44,41.34,1
sglang,long_output,284,114.14,21.72,1069.79,45,42.06,1
sglang,long_output,285,108.10,21.90,1071.56,45,41.99,1
sglang,long_output,286,102.11,21.95,1067.84,45,42.14,1
sglang,long_output,287,91.55,21.98,1080.51,46,42.57,1
sglang,long_output,288,93.40,22.01,1084.05,46,42.43,1
sglang,long_output,289,102.77,22.07,1095.89,46,41.97,1
sglang,long_output,290,88.52,23.26,1158.45,47,40.57,1
sglang,long_output,291,60.85,23.26,1130.93,47,41.56,1
sglang,long_output,292,64.25,22.91,1117.92,47,42.04,1
sglang,long_output,293,74.59,22.33,1124.20,48,42.70,1
sglang,long_output,294,68.65,22.34,1118.79,48,42.90,1
sglang,long_output,295,86.21,22.43,1140.20,48,42.10,1
sglang,long_output,296,42.21,22.46,1120.27,49,43.74,1
sglang,long_output,297,63.06,22.59,1147.42,49,42.70,1
sglang,long_output,298,53.90,24.27,248.07,9,36.28,1
sglang,long_output,299,57.50,24.66,254.78,9,35.32,1
sglang,long_output,300,63.07,22.69,1152.33,49,42.52,1
sglang,long_output,301,40.08,23.01,1167.34,50,42.83,1
sglang,long_output,302,69.34,31.57,321.87,9,27.96,1
sglang,long_output,303,44.08,29.66,311.01,10,32.15,1
sglang,long_output,304,71.52,23.67,1231.13,50,40.61,1
sglang,long_output,305,76.76,23.75,1240.43,50,40.31,1
sglang,long_output,306,92.36,23.23,1253.81,51,40.68,1
sglang,long_output,307,88.88,23.27,1252.23,51,40.73,1
sglang,long_output,308,48.46,27.86,299.22,10,33.42,1
sglang,long_output,309,68.62,28.34,323.71,10,30.89,1
sglang,long_output,310,104.11,23.38,1273.22,51,40.06,1
sglang,long_output,311,81.99,24.27,1319.65,52,39.40,1
sglang,long_output,312,84.71,24.43,1330.62,52,39.08,1
sglang,long_output,313,42.35,33.30,375.35,11,29.31,1
sglang,long_output,314,76.08,24.51,1326.29,52,39.21,1
sglang,long_output,315,72.47,24.13,1327.48,53,39.93,1
sglang,long_output,316,46.98,34.33,390.25,11,28.19,1
sglang,long_output,317,46.65,24.25,1307.90,53,40.52,1
sglang,long_output,318,67.30,29.81,365.40,11,30.10,1
sglang,long_output,319,45.28,23.85,1309.23,54,41.25,1
sglang,long_output,320,52.15,24.33,1317.22,53,40.24,1
sglang,long_output,321,64.84,28.01,372.93,12,32.18,1
sglang,long_output,322,61.93,28.05,370.42,12,32.40,1
sglang,long_output,323,80.14,26.34,369.93,12,32.44,1
sglang,long_output,324,42.64,24.50,336.62,13,38.62,1
sglang,long_output,325,78.32,25.02,378.50,13,34.35,1
sglang,long_output,326,74.96,24.25,1360.13,54,39.70,1
sglang,long_output,327,71.75,24.35,1362.53,54,39.63,1
sglang,long_output,328,68.50,24.01,1365.15,55,40.29,1
sglang,long_output,329,57.24,25.82,367.10,13,35.41,1
sglang,long_output,330,98.58,24.06,1397.80,55,39.35,1
sglang,long_output,331,71.37,24.12,384.92,14,36.37,1
sglang,long_output,332,67.33,24.25,382.54,14,36.60,1
sglang,long_output,333,92.76,24.25,1402.41,55,39.22,1
sglang,long_output,334,79.65,23.88,1393.01,56,40.20,1
sglang,long_output,335,57.76,21.57,359.74,15,41.70,1
sglang,long_output,336,54.26,21.66,357.56,15,41.95,1
sglang,long_output,337,61.75,26.62,407.80,14,34.33,1
sglang,long_output,338,80.38,24.10,1406.06,56,39.83,1
sglang,long_output,339,87.53,24.12,1414.39,56,39.59,1
sglang,long_output,340,58.02,22.73,376.21,15,39.87,1
sglang,long_output,341,75.88,23.81,1409.35,57,40.44,1
sglang,long_output,342,51.57,21.38,372.33,16,42.97,1
sglang,long_output,343,96.45,23.47,1410.74,57,40.40,1
sglang,long_output,344,76.46,23.10,1392.97,58,41.64,1
sglang,long_output,345,52.24,22.18,384.96,16,41.56,1
sglang,long_output,346,82.41,23.35,1413.22,58,41.04,1
sglang,long_output,347,92.55,23.34,1423.21,58,40.75,1
sglang,long_output,348,94.94,23.81,1428.20,57,39.91,1
sglang,long_output,349,46.90,23.24,1394.82,59,42.30,1
sglang,long_output,350,67.25,23.76,1445.17,59,40.83,1
sglang,long_output,351,130.45,22.36,465.89,16,34.34,1
sglang,long_output,352,109.82,22.48,469.52,17,36.21,1
sglang,long_output,353,118.80,22.06,471.77,17,36.03,1
sglang,long_output,354,113.32,22.72,476.83,17,35.65,1
sglang,long_output,355,111.99,22.53,495.04,18,36.36,1
sglang,long_output,356,97.44,23.04,489.04,18,36.81,1
sglang,long_output,357,97.69,23.31,493.98,18,36.44,1
sglang,long_output,358,98.37,24.71,543.18,19,34.98,1
sglang,long_output,359,102.92,24.88,550.74,19,34.50,1
sglang,long_output,360,92.22,25.45,550.37,19,34.52,1
sglang,long_output,361,90.07,24.17,549.27,20,36.41,1
sglang,long_output,362,92.37,24.05,549.30,20,36.41,1
sglang,long_output,363,91.05,24.17,550.19,20,36.35,1
sglang,long_output,364,81.33,23.73,555.85,21,37.78,1
sglang,long_output,365,82.85,23.66,556.04,21,37.77,1
sglang,long_output,366,74.61,24.31,1484.64,59,39.74,1
sglang,long_output,367,93.83,23.86,1501.74,60,39.95,1
sglang,long_output,368,88.78,23.87,1497.14,60,40.08,1
sglang,long_output,369,70.28,24.45,1512.78,60,39.66,1
sglang,long_output,370,81.21,24.59,1556.42,61,39.19,1
sglang,long_output,371,86.62,24.62,1563.85,61,39.01,1
sglang,long_output,372,80.66,24.82,1569.92,61,38.86,1
sglang,long_output,373,53.97,24.48,1547.34,62,40.07,1
sglang,long_output,374,48.43,24.49,1542.09,62,40.21,1
sglang,long_output,375,75.32,24.63,1577.57,62,39.30,1
sglang,long_output,376,91.99,25.46,601.18,21,34.93,1
sglang,long_output,377,46.16,24.34,1555.24,63,40.51,1
sglang,long_output,378,48.07,25.62,586.13,22,37.53,1
sglang,long_output,379,76.61,25.96,621.79,22,35.38,1
sglang,long_output,380,84.30,26.04,631.22,22,34.85,1
sglang,long_output,381,88.74,25.81,656.46,23,35.04,1
sglang,long_output,382,83.07,25.88,652.34,23,35.26,1
sglang,long_output,383,103.18,25.14,656.21,23,35.05,1
sglang,long_output,384,94.78,24.38,655.63,24,36.61,1
sglang,long_output,385,101.80,24.53,666.09,24,36.03,1
sglang,long_output,386,117.07,23.92,667.33,24,35.96,1
sglang,long_output,387,92.92,24.05,670.06,25,37.31,1
sglang,long_output,388,93.22,24.00,669.17,25,37.36,1
sglang,long_output,389,100.00,23.61,666.65,25,37.50,1
sglang,long_output,390,90.48,24.94,1636.75,63,38.49,1
sglang,long_output,391,88.15,24.37,697.40,26,37.28,1
sglang,long_output,392,79.99,24.46,691.48,26,37.60,1
sglang,long_output,393,95.37,24.01,695.51,26,37.38,1
sglang,long_output,394,98.18,25.12,1655.81,63,38.05,1
sglang,long_output,395,116.08,25.29,1709.19,64,37.44,1
sglang,long_output,396,89.41,25.87,1719.24,64,37.23,1
sglang,long_output,397,87.02,25.96,762.02,27,35.43,1
sglang,long_output,398,85.81,26.24,768.10,27,35.15,1
sglang,long_output,399,89.48,26.25,771.86,27,34.98,1
sglang,long_output,400,72.15,25.48,760.24,28,36.83,1
sglang,long_output,401,78.12,25.76,1726.80,65,37.64,1
sglang,long_output,402,81.26,26.25,1734.79,64,36.89,1
sglang,long_output,403,102.33,25.31,1722.13,65,37.74,1
sglang,long_output,404,72.91,25.80,769.58,28,36.38,1
sglang,long_output,405,106.81,25.38,1731.44,65,37.54,1
sglang,long_output,406,88.59,25.09,1719.36,66,38.39,1
sglang,long_output,407,51.60,25.32,760.69,29,38.12,1
sglang,long_output,408,95.11,25.19,1732.25,66,38.10,1
sglang,long_output,409,84.73,25.20,1722.46,66,38.32,1
sglang,long_output,410,63.57,24.84,1703.04,67,39.34,1
sglang,long_output,411,78.81,26.59,796.73,28,35.14,1
sglang,long_output,412,86.02,24.88,1727.86,67,38.78,1
sglang,long_output,413,66.20,25.91,791.55,29,36.64,1
sglang,long_output,414,67.52,26.40,806.73,29,35.95,1
sglang,long_output,415,63.77,25.25,795.95,30,37.69,1
sglang,long_output,416,66.75,25.31,800.70,30,37.47,1
sglang,long_output,417,81.30,25.47,820.02,30,36.58,1
sglang,long_output,418,63.15,24.80,807.13,31,38.41,1
sglang,long_output,419,35.81,24.83,780.62,31,39.71,1
sglang,long_output,420,38.64,25.05,790.17,31,39.23,1
sglang,long_output,421,34.12,24.86,804.83,32,39.76,1
sglang,long_output,422,115.75,24.20,865.95,32,36.95,1
sglang,long_output,423,84.78,25.52,876.05,32,36.53,1
sglang,long_output,424,105.69,23.99,873.38,33,37.78,1
sglang,long_output,425,115.47,23.97,882.58,33,37.39,1
sglang,long_output,426,106.31,24.22,881.33,33,37.44,1
sglang,long_output,427,86.76,23.60,865.70,34,39.27,1
sglang,long_output,428,93.00,23.66,873.77,34,38.91,1
sglang,long_output,429,103.45,23.95,893.83,34,38.04,1
sglang,long_output,430,50.57,23.65,854.72,35,40.95,1
sglang,long_output,431,51.19,23.97,866.24,35,40.40,1
sglang,long_output,432,78.96,24.07,897.27,35,39.01,1
sglang,long_output,433,49.17,25.19,930.97,36,38.67,1
sglang,long_output,434,105.38,23.50,927.89,36,38.80,1
sglang,long_output,435,77.41,24.58,937.80,36,38.39,1
sglang,long_output,436,87.90,23.32,927.35,37,39.90,1
sglang,long_output,437,97.65,23.30,936.28,37,39.52,1
sglang,long_output,438,87.55,23.63,938.12,37,39.44,1
sglang,long_output,439,81.87,23.19,939.91,38,40.43,1
sglang,long_output,440,80.39,23.21,939.28,38,40.46,1
sglang,long_output,441,73.10,23.30,935.04,38,40.64,1
sglang,long_output,442,52.47,23.10,930.29,39,41.92,1
sglang,long_output,443,45.82,23.22,928.01,39,42.03,1
sglang,long_output,444,43.99,23.33,930.48,39,41.91,1
sglang,long_output,445,79.40,23.22,984.99,40,40.61,1
sglang,long_output,446,113.09,22.29,982.58,40,40.71,1
sglang,long_output,447,120.14,22.47,996.49,40,40.14,1
sglang,long_output,448,104.74,21.91,980.98,41,41.80,1
sglang,long_output,449,99.56,21.92,976.43,41,41.99,1
sglang,long_output,450,99.04,22.06,981.45,41,41.77,1
sglang,long_output,451,86.24,21.79,979.71,42,42.87,1
sglang,long_output,452,92.86,21.73,983.89,42,42.69,1
sglang,long_output,453,88.11,21.97,989.01,42,42.47,1
sglang,long_output,454,64.07,21.92,984.55,43,43.67,1
sglang,long_output,455,57.49,21.89,977.02,43,44.01,1
sglang,long_output,456,57.13,22.10,985.45,43,43.63,1
sglang,long_output,457,55.51,23.13,1049.90,44,41.91,1
sglang,long_output,458,52.85,23.30,1054.85,44,41.71,1
sglang,long_output,459,147.94,21.66,1079.16,44,40.77,1
sglang,long_output,460,99.74,22.53,1090.85,45,41.25,1
sglang,long_output,461,141.14,21.52,1087.99,45,41.36,1
sglang,long_output,462,140.67,21.68,1094.62,45,41.11,1
sglang,long_output,463,131.63,21.31,1090.58,46,42.18,1
sglang,long_output,464,82.01,22.35,1087.95,46,42.28,1
sglang,long_output,465,134.96,21.58,1106.19,46,41.58,1
sglang,long_output,466,120.01,21.59,1113.23,47,42.22,1
sglang,long_output,467,125.53,21.45,1112.16,47,42.26,1
sglang,long_output,468,126.57,21.71,1125.41,47,41.76,1
sglang,long_output,469,115.39,22.55,1175.09,48,40.85,1
sglang,long_output,470,123.15,22.63,1186.91,48,40.44,1
sglang,long_output,471,116.08,22.76,1185.63,48,40.48,1
sglang,long_output,472,104.99,22.35,1177.95,49,41.60,1
sglang,long_output,473,105.15,22.47,1183.54,49,41.40,1
sglang,long_output,474,111.04,22.56,1194.15,49,41.03,1
sglang,long_output,475,95.11,22.27,1186.37,50,42.15,1
sglang,long_output,476,99.88,22.29,1192.16,50,41.94,1
sglang,long_output,477,98.22,22.45,1198.26,50,41.73,1
sglang,long_output,478,75.09,23.29,261.41,9,34.43,1
sglang,long_output,479,58.21,23.05,242.62,9,37.10,1
sglang,long_output,480,83.63,23.71,273.28,9,32.93,1
sglang,long_output,481,46.27,21.98,244.06,10,40.97,1
sglang,long_output,482,54.81,22.27,255.22,10,39.18,1
sglang,long_output,483,76.63,22.57,1205.11,51,42.32,1
sglang,long_output,484,93.48,21.91,1188.82,51,42.90,1
sglang,long_output,485,91.69,22.05,1194.14,51,42.71,1
sglang,long_output,486,83.12,22.13,1211.57,52,42.92,1
sglang,long_output,487,75.64,22.23,1209.34,52,43.00,1
sglang,long_output,488,79.97,22.24,1213.99,52,42.83,1
sglang,long_output,489,70.16,22.81,1256.21,53,42.19,1
sglang,long_output,490,49.94,22.91,1241.43,53,42.69,1
sglang,long_output,491,92.28,24.52,312.92,10,31.96,1
sglang,long_output,492,92.60,23.51,327.74,11,33.56,1
sglang,long_output,493,98.03,23.87,336.75,11,32.67,1
sglang,long_output,494,91.74,24.10,332.70,11,33.06,1
sglang,long_output,495,90.46,28.96,409.08,12,29.33,1
sglang,long_output,496,78.36,29.30,400.60,12,29.95,1
sglang,long_output,497,78.82,29.70,405.56,12,29.59,1
sglang,long_output,498,69.59,27.92,404.65,13,32.13,1
sglang,long_output,499,71.12,27.88,405.62,13,32.05,1
sglang,long_output,500,76.11,24.13,1331.08,53,39.82,1
sglang,long_output,501,90.72,23.94,1359.61,54,39.72,1
sglang,long_output,502,70.09,24.69,1378.49,54,39.17,1
sglang,long_output,503,93.98,24.12,1372.16,54,39.35,1
sglang,long_output,504,74.02,23.92,1365.96,55,40.26,1
sglang,long_output,505,83.34,23.96,1377.25,55,39.93,1
sglang,long_output,506,83.87,23.95,1377.20,55,39.94,1
sglang,long_output,507,67.71,23.68,1370.12,56,40.87,1
sglang,long_output,508,44.64,23.67,1346.57,56,41.59,1
sglang,long_output,509,52.12,23.76,1359.14,56,41.20,1
sglang,long_output,510,42.44,23.37,1350.98,57,42.19,1
sglang,long_output,511,69.08,29.89,427.76,13,30.39,1
sglang,long_output,512,67.12,29.59,451.81,14,30.99,1
sglang,long_output,513,66.80,29.69,452.75,14,30.92,1
sglang,long_output,514,75.80,28.24,442.98,14,31.60,1
sglang,long_output,515,66.08,30.83,497.74,15,30.14,1
sglang,long_output,516,75.32,30.89,507.77,15,29.54,1
sglang,long_output,517,66.65,31.22,503.66,15,29.78,1
sglang,long_output,518,39.12,29.46,481.06,16,33.26,1
sglang,long_output,519,33.88,29.77,480.48,16,33.30,1
sglang,long_output,520,61.29,29.91,509.89,16,31.38,1
sglang,long_output,521,55.93,24.17,1409.37,57,40.44,1
sglang,long_output,522,30.73,28.71,490.05,17,34.69,1
sglang,long_output,523,75.43,24.37,1440.04,57,39.58,1
sglang,long_output,524,70.87,28.76,531.06,17,32.01,1
sglang,long_output,525,65.42,29.06,530.42,17,32.05,1
sglang,long_output,526,70.44,24.10,1444.24,58,40.16,1
sglang,long_output,527,63.75,26.34,511.47,18,35.19,1
sglang,long_output,528,91.54,23.65,1439.62,58,40.29,1
sglang,long_output,529,94.97,23.65,1443.07,58,40.19,1
sglang,long_output,530,57.97,25.34,488.76,18,36.83,1
sglang,long_output,531,54.90,25.58,489.72,18,36.76,1
sglang,long_output,532,74.77,23.53,1439.28,59,40.99,1
sglang,long_output,533,84.36,23.51,1448.22,59,40.74,1
sglang,long_output,534,56.72,24.59,499.36,19,38.05,1
sglang,long_output,535,71.84,23.63,1442.40,59,40.90,1
sglang,long_output,536,53.59,23.53,1441.77,60,41.62,1
sglang,long_output,537,69.29,23.74,1469.67,60,40.83,1
sglang,long_output,538,50.81,23.70,1448.95,60,41.41,1
sglang,long_output,539,44.32,24.11,1490.81,61,40.92,1
sglang,long_output,540,83.90,26.81,566.46,19,33.54,1
sglang,long_output,541,82.91,26.80,565.33,19,33.61,1
sglang,long_output,542,84.24,25.25,564.09,20,35.46,1
sglang,long_output,543,70.55,26.48,573.63,20,34.87,1
sglang,long_output,544,78.86,26.55,583.32,20,34.29,1
sglang,long_output,545,30.15,24.85,527.22,21,39.83,1
sglang,long_output,546,85.41,24.75,580.48,21,36.18,1
sglang,long_output,547,92.86,24.81,589.15,21,35.64,1
sglang,long_output,548,82.93,24.18,590.79,22,37.24,1
sglang,long_output,549,100.24,22.84,579.93,22,37.94,1
sglang,long_output,550,103.63,22.92,584.90,22,37.61,1
sglang,long_output,551,90.10,22.27,580.02,23,39.65,1
sglang,long_output,552,93.15,22.45,587.01,23,39.18,1
sglang,long_output,553,84.20,22.53,579.95,23,39.66,1
sglang,long_output,554,80.23,22.70,602.31,24,39.85,1
sglang,long_output,555,68.95,22.85,594.54,24,40.37,1
sglang,long_output,556,82.42,22.94,609.98,24,39.35,1
sglang,long_output,557,74.30,25.68,1615.01,61,37.77,1
sglang,long_output,558,41.81,24.34,626.00,25,39.94,1
sglang,long_output,559,46.34,24.59,636.47,25,39.28,1
sglang,long_output,560,71.17,25.85,1622.10,61,37.61,1
sglang,long_output,561,45.70,24.75,639.60,25,39.09,1
sglang,long_output,562,97.97,24.94,1619.11,62,38.29,1
sglang,long_output,563,104.43,24.98,1628.14,62,38.08,1
sglang,long_output,564,101.08,25.03,1628.17,62,38.08,1
sglang,long_output,565,97.05,24.67,1626.42,63,38.74,1
sglang,long_output,566,84.65,24.66,1613.44,63,39.05,1
sglang,long_output,567,84.20,24.83,1623.47,63,38.81,1
sglang,long_output,568,56.83,24.45,1597.12,64,40.07,1
sglang,long_output,569,59.23,24.46,1599.94,64,40.00,1
sglang,long_output,570,77.60,24.64,1629.90,64,39.27,1
sglang,long_output,571,49.05,24.50,1617.35,65,40.19,1
sglang,long_output,572,83.01,25.69,725.18,26,35.85,1
sglang,long_output,573,77.31,26.05,728.46,26,35.69,1
sglang,long_output,574,80.52,26.07,732.34,26,35.50,1
sglang,long_output,575,67.75,25.21,723.11,27,37.34,1
sglang,long_output,576,73.54,25.26,730.18,27,36.98,1
sglang,long_output,577,67.41,25.48,729.92,27,36.99,1
sglang,long_output,578,55.04,24.88,726.78,28,38.53,1
sglang,long_output,579,58.72,25.24,1674.08,65,38.83,1
sglang,long_output,580,62.91,25.32,1683.24,65,38.62,1
sglang,long_output,581,65.59,25.17,745.23,28,37.57,1
sglang,long_output,582,74.74,25.04,750.73,28,37.30,1
sglang,long_output,583,79.35,24.09,753.78,29,38.47,1
sglang,long_output,584,72.96,24.74,765.60,29,37.88,1
sglang,long_output,585,68.25,24.80,762.58,29,38.03,1
sglang,long_output,586,69.91,23.81,760.47,30,39.45,1
sglang,long_output,587,98.44,24.74,1706.71,66,38.67,1
sglang,long_output,588,76.62,23.94,770.74,30,38.92,1
sglang,long_output,589,98.91,24.82,1711.91,66,38.55,1
sglang,long_output,590,79.29,25.41,1730.65,66,38.14,1
sglang,long_output,591,72.15,24.29,776.58,30,38.63,1
sglang,long_output,592,56.93,23.99,776.76,31,39.91,1
sglang,long_output,593,91.28,24.80,1728.04,67,38.77,1
sglang,long_output,594,67.31,24.09,789.87,31,39.25,1
sglang,long_output,595,87.76,24.87,1729.14,67,38.75,1
sglang,long_output,596,67.23,24.40,799.23,31,38.79,1
sglang,long_output,597,49.04,26.33,865.40,32,36.98,1
sglang,long_output,598,53.51,26.61,878.56,32,36.42,1
sglang,long_output,599,56.69,26.61,881.69,32,36.29,1
sglang,long_output,600,64.80,25.25,872.86,33,37.81,1
sglang,long_output,601,57.56,25.26,865.82,33,38.11,1
sglang,long_output,602,52.99,25.67,874.48,33,37.74,1
sglang,long_output,603,72.00,25.75,921.64,34,36.89,1
sglang,long_output,604,74.76,25.16,905.17,34,37.56,1
sglang,long_output,605,72.67,25.52,914.77,34,37.17,1
sglang,long_output,606,62.41,24.90,908.90,35,38.51,1
sglang,long_output,607,57.37,24.89,903.57,35,38.74,1
sglang,long_output,608,55.88,25.04,907.38,35,38.57,1
sglang,long_output,609,43.42,25.23,926.52,36,38.86,1
sglang,long_output,610,71.28,25.24,954.55,36,37.71,1
sglang,long_output,611,68.94,25.29,953.99,36,37.74,1
sglang,long_output,612,85.07,24.21,956.54,37,38.68,1
sglang,long_output,613,85.26,24.29,959.53,37,38.56,1
sglang,long_output,614,83.68,24.34,959.86,37,38.55,1
sglang,long_output,615,69.80,24.01,958.14,38,39.66,1
sglang,long_output,616,74.92,24.05,964.69,38,39.39,1
sglang,long_output,617,75.35,24.21,971.29,38,39.12,1
sglang,long_output,618,42.32,24.00,954.20,39,40.87,1
sglang,long_output,619,41.44,23.99,953.18,39,40.92,1
sglang,long_output,620,43.27,24.30,966.65,39,40.35,1
sglang,long_output,621,135.70,23.07,1035.47,40,38.63,1
sglang,long_output,622,126.23,23.12,1027.99,40,38.91,1
sglang,long_output,623,89.77,24.29,1037.02,40,38.57,1
sglang,long_output,624,127.79,22.81,1040.24,41,39.41,1
sglang,long_output,625,126.26,22.97,1044.87,41,39.24,1
sglang,long_output,626,119.98,23.10,1044.07,41,39.27,1
sglang,long_output,627,113.41,22.56,1038.43,42,40.45,1
sglang,long_output,628,117.68,22.70,1048.25,42,40.07,1
sglang,long_output,629,113.33,22.83,1049.50,42,40.02,1
sglang,long_output,630,113.77,22.70,1067.29,43,40.29,1
sglang,long_output,631,106.88,22.77,1063.05,43,40.45,1
sglang,long_output,632,95.50,23.02,1062.22,43,40.48,1
sglang,long_output,633,95.67,23.90,1123.48,44,39.16,1
sglang,long_output,634,88.66,24.02,1121.73,44,39.23,1
sglang,long_output,635,73.10,24.06,1107.69,44,39.72,1
sglang,long_output,636,88.45,23.17,1107.96,45,40.62,1
sglang,long_output,637,92.06,23.25,1114.86,45,40.36,1
sglang,long_output,638,98.53,23.34,1125.67,45,39.98,1
sglang,long_output,639,73.67,22.98,1107.58,46,41.53,1
sglang,long_output,640,81.86,22.98,1116.06,46,41.22,1
sglang,long_output,641,79.32,23.17,1121.99,46,41.00,1
sglang,long_output,642,67.54,22.70,1111.93,47,42.27,1
sglang,long_output,643,67.59,22.79,1115.90,47,42.12,1
sglang,long_output,644,64.36,22.89,1117.27,47,42.07,1
sglang,long_output,645,59.56,23.01,1141.01,48,42.07,1
sglang,long_output,646,76.28,23.09,1161.30,48,41.33,1
sglang,long_output,647,102.95,22.41,1156.44,48,41.51,1
sglang,long_output,648,96.39,22.15,1159.62,49,42.26,1
sglang,long_output,649,91.04,22.22,1157.77,49,42.32,1
sglang,long_output,650,97.56,22.28,1167.17,49,41.98,1
sglang,long_output,651,87.64,21.90,1160.65,50,43.08,1
sglang,long_output,652,78.72,22.05,1158.96,50,43.14,1
sglang,long_output,653,83.86,22.09,1166.38,50,42.87,1
sglang,long_output,654,73.42,22.15,1180.86,51,43.19,1
sglang,long_output,655,77.99,21.75,1165.73,51,43.75,1
sglang,long_output,656,74.08,22.22,1184.84,51,43.04,1
sglang,long_output,657,75.41,19.87,234.37,9,38.40,1
sglang,long_output,658,85.01,20.08,245.66,9,36.64,1
sglang,long_output,659,71.01,20.57,235.57,9,38.21,1
sglang,long_output,660,70.91,22.50,1218.28,52,42.68,1
sglang,long_output,661,74.02,22.52,1222.74,52,42.53,1
sglang,long_output,662,70.90,23.81,285.16,10,35.07,1
sglang,long_output,663,36.63,24.09,253.45,10,39.46,1
sglang,long_output,664,70.43,22.68,1227.19,52,42.37,1
sglang,long_output,665,65.30,24.57,286.46,10,34.91,1
sglang,long_output,666,68.72,23.85,1308.94,53,40.49,1
sglang,long_output,667,92.04,23.54,1315.97,53,40.27,1
sglang,long_output,668,82.13,23.53,1305.89,53,40.59,1
sglang,long_output,669,64.53,23.14,1291.01,54,41.83,1
sglang,long_output,670,79.87,23.30,1314.87,54,41.07,1
sglang,long_output,671,57.41,22.93,1295.59,55,42.45,1
sglang,long_output,672,67.44,23.47,1311.38,54,41.18,1
sglang,long_output,673,82.90,31.96,402.48,11,27.33,1
sglang,long_output,674,68.47,31.92,387.67,11,28.37,1
sglang,long_output,675,74.41,32.33,397.71,11,27.66,1
sglang,long_output,676,60.42,30.38,394.60,12,30.41,1
sglang,long_output,677,61.43,30.21,393.75,12,30.48,1
sglang,long_output,678,56.82,30.48,392.10,12,30.60,1
sglang,long_output,679,44.64,28.66,388.56,13,33.46,1
sglang,long_output,680,51.43,28.98,399.16,13,32.57,1
sglang,long_output,681,57.41,23.54,1328.53,55,41.40,1
sglang,long_output,682,84.02,26.27,399.30,13,32.56,1
sglang,long_output,683,77.92,29.06,455.74,14,30.72,1
sglang,long_output,684,78.57,29.02,455.85,14,30.71,1
sglang,long_output,685,95.82,27.46,452.83,14,30.92,1
sglang,long_output,686,65.15,23.85,1352.87,55,40.65,1
sglang,long_output,687,69.00,27.55,454.67,15,32.99,1
sglang,long_output,688,70.69,27.69,458.38,15,32.72,1
sglang,long_output,689,75.50,24.53,418.96,15,35.80,1
sglang,long_output,690,73.15,23.19,1348.58,56,41.53,1
sglang,long_output,691,79.94,23.21,1356.73,56,41.28,1
sglang,long_output,692,72.15,23.30,1353.81,56,41.36,1
sglang,long_output,693,61.15,24.16,423.52,16,37.78,1
sglang,long_output,694,62.89,24.00,422.82,16,37.84,1
sglang,long_output,695,67.92,24.01,428.09,16,37.38,1
sglang,long_output,696,37.06,23.26,1339.43,57,42.56,1
sglang,long_output,697,65.79,23.32,1371.83,57,41.55,1
sglang,long_output,698,61.99,23.66,440.48,17,38.59,1
sglang,long_output,699,61.62,23.70,440.80,17,38.57,1
sglang,long_output,700,53.39,26.32,474.53,17,35.82,1
sglang,long_output,701,77.60,23.96,1419.18,57,40.16,1
sglang,long_output,702,68.42,24.18,479.57,18,37.53,1
sglang,long_output,703,67.75,24.22,479.45,18,37.54,1
sglang,long_output,704,67.02,24.79,488.41,18,36.85,1
sglang,long_output,705,91.81,23.17,1412.64,58,41.06,1
sglang,long_output,706,63.95,23.31,483.47,19,39.30,1
sglang,long_output,707,54.53,23.56,478.53,19,39.71,1
sglang,long_output,708,50.29,23.63,475.62,19,39.95,1
sglang,long_output,709,97.35,23.35,1428.45,58,40.60,1
sglang,long_output,710,88.60,23.04,1424.97,59,41.40,1
sglang,long_output,711,75.80,24.12,1450.67,58,39.98,1
sglang,long_output,712,78.57,23.20,1424.46,59,41.42,1
sglang,long_output,713,74.09,23.26,1423.38,59,41.45,1
sglang,long_output,714,53.96,23.14,1419.08,60,42.28,1
sglang,long_output,715,70.33,23.18,1437.87,60,41.73,1
sglang,long_output,716,54.96,23.27,1427.65,60,42.03,1
sglang,long_output,717,45.32,23.92,1480.66,61,41.20,1
sglang,long_output,718,94.88,23.78,546.62,20,36.59,1
sglang,long_output,719,91.78,23.88,545.42,20,36.67,1
sglang,long_output,720,69.20,25.33,550.39,20,36.34,1
sglang,long_output,721,77.02,24.13,559.59,21,37.53,1
sglang,long_output,722,76.12,24.36,563.23,21,37.28,1
sglang,long_output,723,76.84,24.51,566.97,21,37.04,1
sglang,long_output,724,44.19,26.50,600.70,22,36.62,1
sglang,long_output,725,68.56,26.77,630.69,22,34.88,1
sglang,long_output,726,61.40,26.95,627.46,22,35.06,1
sglang,long_output,727,36.88,26.00,608.78,23,37.78,1
sglang,long_output,728,77.36,25.03,1579.18,61,38.63,1
sglang,long_output,729,75.40,25.11,1582.13,61,38.56,1
sglang,long_output,730,88.15,24.27,1568.52,62,39.53,1
sglang,long_output,731,74.03,24.89,1592.02,62,38.94,1
sglang,long_output,732,82.49,25.36,640.41,23,35.91,1
sglang,long_output,733,94.68,24.43,1584.81,62,39.12,1
sglang,long_output,734,83.49,25.56,645.73,23,35.62,1
sglang,long_output,735,87.81,24.12,1583.46,63,39.79,1
sglang,long_output,736,75.55,24.23,1578.02,63,39.92,1
sglang,long_output,737,116.26,23.27,651.40,24,36.84,1
sglang,long_output,738,111.13,23.58,653.39,24,36.73,1
sglang,long_output,739,82.02,25.15,660.49,24,36.34,1
sglang,long_output,740,80.38,24.35,1590.26,63,39.62,1
sglang,long_output,741,54.55,24.13,1574.47,64,40.65,1
sglang,long_output,742,114.74,23.14,670.15,25,37.30,1
sglang,long_output,743,50.68,24.22,1576.77,64,40.59,1
sglang,long_output,744,98.13,23.68,666.49,25,37.51,1
sglang,long_output,745,72.72,24.36,1607.24,64,39.82,1
sglang,long_output,746,104.59,23.73,674.18,25,37.08,1
sglang,long_output,747,100.87,26.41,761.00,26,34.17,1
sglang,long_output,748,93.75,26.49,756.07,26,34.39,1
sglang,long_output,749,90.45,26.71,758.15,26,34.29,1
sglang,long_output,750,45.13,25.67,1687.79,65,38.51,1
sglang,long_output,751,76.30,25.95,751.05,27,35.95,1
sglang,long_output,752,87.78,26.27,770.89,27,35.02,1
sglang,long_output,753,87.01,26.48,775.53,27,34.81,1
sglang,long_output,754,70.20,25.46,757.58,28,36.96,1
sglang,long_output,755,73.00,25.55,762.98,28,36.70,1
sglang,long_output,756,71.70,25.74,766.63,28,36.52,1
sglang,long_output,757,60.40,25.14,1669.35,65,38.94,1
sglang,long_output,758,66.76,25.22,1680.69,65,38.67,1
sglang,long_output,759,54.56,25.93,1739.83,66,37.93,1
sglang,long_output,760,54.23,27.36,820.30,29,35.35,1
sglang,long_output,761,70.20,25.95,1757.10,66,37.56,1
sglang,long_output,762,79.40,25.99,1768.82,66,37.31,1
sglang,long_output,763,69.19,25.70,1765.10,67,37.96,1
sglang,long_output,764,86.35,25.45,1765.77,67,37.94,1
sglang,long_output,765,113.26,26.88,865.78,29,33.50,1
sglang,long_output,766,80.67,28.38,875.33,29,33.13,1
sglang,long_output,767,110.62,26.26,872.12,30,34.40,1
sglang,long_output,768,98.89,26.66,871.94,30,34.41,1
sglang,long_output,769,111.34,26.63,883.58,30,33.95,1
sglang,long_output,770,98.23,26.04,879.38,31,35.25,1
sglang,long_output,771,99.40,25.89,876.11,31,35.38,1
sglang,long_output,772,98.31,26.04,879.48,31,35.25,1
sglang,long_output,773,84.65,26.25,898.31,32,35.62,1
sglang,long_output,774,92.81,26.37,910.33,32,35.15,1
sglang,long_output,775,88.10,26.31,903.73,32,35.41,1
sglang,long_output,776,75.91,27.50,955.87,33,34.52,1
sglang,long_output,777,61.12,27.53,942.11,33,35.03,1
sglang,long_output,778,79.29,27.68,965.11,33,34.19,1
sglang,long_output,779,48.75,26.87,935.59,34,36.34,1
sglang,long_output,780,59.30,27.06,952.33,34,35.70,1
sglang,long_output,781,75.45,26.75,958.33,34,35.48,1
sglang,long_output,782,57.69,25.69,931.08,35,37.59,1
sglang,long_output,783,59.96,25.85,938.90,35,37.28,1
sglang,long_output,784,61.26,25.88,941.21,35,37.19,1
sglang,long_output,785,46.56,24.80,914.53,36,39.36,1
sglang,long_output,786,51.52,25.09,929.65,36,38.72,1
sglang,long_output,787,44.12,25.14,924.15,36,38.95,1
sglang,long_output,788,71.07,25.02,971.81,37,38.07,1
sglang,long_output,789,74.91,25.11,979.01,37,37.79,1
sglang,long_output,790,67.43,25.33,979.36,37,37.78,1
sglang,long_output,791,64.33,24.70,978.32,38,38.84,1
sglang,long_output,792,73.40,25.01,998.91,38,38.04,1
sglang,long_output,793,78.28,25.04,1004.77,38,37.82,1
sglang,long_output,794,99.06,23.66,998.19,39,39.07,1
sglang,long_output,795,102.16,23.72,1003.54,39,38.86,1
sglang,long_output,796,99.80,23.81,1004.60,39,38.82,1
sglang,long_output,797,87.29,23.35,997.81,40,40.09,1
sglang,long_output,798,96.35,23.42,1009.75,40,39.61,1
sglang,long_output,799,91.57,23.57,1010.96,40,39.57,1
sglang,long_output,800,79.33,23.51,1019.76,41,40.21,1
sglang,long_output,801,84.93,23.57,1027.80,41,39.89,1
sglang,long_output,802,76.75,23.70,1024.80,41,40.01,1
sglang,long_output,803,73.74,24.63,1083.70,42,38.76,1
sglang,long_output,804,79.21,24.74,1093.47,42,38.41,1
sglang,long_output,805,85.27,24.25,1079.40,42,38.91,1
sglang,long_output,806,65.56,24.05,1075.52,43,39.98,1
sglang,long_output,807,79.20,23.96,1085.35,43,39.62,1
sglang,long_output,808,81.43,24.09,1093.36,43,39.33,1
sglang,long_output,809,71.31,23.61,1086.58,44,40.49,1
sglang,long_output,810,72.09,23.65,1089.02,44,40.40,1
sglang,long_output,811,86.27,23.85,1111.81,44,39.58,1
sglang,long_output,812,82.29,23.59,1120.06,45,40.18,1
sglang,long_output,813,86.45,23.71,1129.50,45,39.84,1
sglang,long_output,814,103.63,23.10,1120.05,45,40.18,1
sglang,long_output,815,91.71,22.79,1117.37,46,41.17,1
sglang,long_output,816,97.23,22.78,1122.42,46,40.98,1
sglang,long_output,817,98.11,22.87,1127.18,46,40.81,1
sglang,long_output,818,82.86,22.97,1139.58,47,41.24,1
sglang,long_output,819,82.94,23.04,1142.75,47,41.13,1
sglang,long_output,820,88.90,23.14,1153.24,47,40.75,1
sglang,long_output,821,47.94,23.73,1163.40,48,41.26,1
sglang,long_output,822,51.79,23.87,1173.84,48,40.89,1
sglang,long_output,823,58.78,23.62,1168.92,48,41.06,1
sglang,long_output,824,75.11,22.05,251.47,9,35.79,1
sglang,long_output,825,76.27,22.08,252.90,9,35.59,1
sglang,long_output,826,48.66,22.25,226.69,9,39.70,1
sglang,long_output,827,61.37,23.68,1197.85,49,40.91,1
sglang,long_output,828,44.69,20.71,231.07,10,43.28,1
sglang,long_output,829,38.72,21.24,229.91,10,43.50,1
sglang,long_output,830,56.78,23.27,1173.75,49,41.75,1
sglang,long_output,831,57.09,23.41,1180.53,49,41.51,1
sglang,long_output,832,51.99,24.00,1228.00,50,40.72,1
sglang,long_output,833,45.41,24.08,1225.38,50,40.80,1
sglang,long_output,834,62.84,25.20,289.68,10,34.52,1
sglang,long_output,835,61.24,23.55,296.75,11,37.07,1
sglang,long_output,836,76.39,23.86,1245.63,50,40.14,1
sglang,long_output,837,88.32,23.06,1241.39,51,41.08,1
sglang,long_output,838,69.06,23.71,1254.62,51,40.65,1
sglang,long_output,839,93.26,23.22,1254.29,51,40.66,1
sglang,long_output,840,75.97,22.86,1242.02,52,41.87,1
sglang,long_output,841,76.34,22.92,1245.09,52,41.76,1
sglang,long_output,842,81.04,22.98,1252.81,52,41.51,1
sglang,long_output,843,66.79,25.48,321.62,11,34.20,1
sglang,long_output,844,74.99,23.17,1280.03,53,41.41,1
sglang,long_output,845,48.81,23.16,1253.22,53,42.29,1
sglang,long_output,846,41.85,23.17,1246.45,53,42.52,1
sglang,long_output,847,38.77,23.62,1290.80,54,41.83,1
sglang,long_output,848,69.48,27.92,348.66,11,31.55,1
sglang,long_output,849,65.91,28.09,374.93,12,32.01,1
sglang,long_output,850,85.84,26.28,374.90,12,32.01,1
sglang,long_output,851,76.11,26.72,370.04,12,32.43,1
sglang,long_output,852,74.91,29.82,432.70,13,30.04,1
sglang,long_output,853,72.60,30.48,438.30,13,29.66,1
sglang,long_output,854,36.41,30.60,403.55,13,32.21,1
sglang,long_output,855,32.70,28.97,409.29,14,34.21,1
sglang,long_output,856,72.08,24.69,1380.87,54,39.11,1
sglang,long_output,857,76.02,24.77,1388.64,54,38.89,1
sglang,long_output,858,67.28,24.39,1384.24,55,39.73,1
sglang,long_output,859,61.35,24.45,1381.56,55,39.81,1
sglang,long_output,860,71.33,24.50,1394.16,55,39.45,1
sglang,long_output,861,63.93,29.21,443.64,14,31.56,1
sglang,long_output,862,67.83,29.28,448.42,14,31.22,1
sglang,long_output,863,54.28,28.09,447.51,15,33.52,1
sglang,long_output,864,41.69,28.16,435.97,15,34.41,1
sglang,long_output,865,71.82,23.97,1389.98,56,40.29,1
sglang,long_output,866,79.83,23.96,1397.53,56,40.07,1
sglang,long_output,867,73.00,24.40,1414.92,56,39.58,1
sglang,long_output,868,61.24,24.07,1409.24,57,40.45,1
sglang,long_output,869,55.41,24.18,1409.39,57,40.44,1
sglang,long_output,870,71.82,24.22,1428.40,57,39.90,1
sglang,long_output,871,54.57,24.62,1458.12,58,39.78,1
sglang,long_output,872,75.75,29.66,490.97,15,30.55,1
sglang,long_output,873,81.24,26.67,481.22,16,33.25,1
sglang,long_output,874,83.45,27.01,488.58,16,32.75,1
sglang,long_output,875,72.76,27.38,483.41,16,33.10,1
sglang,long_output,876,73.26,26.72,500.77,17,33.95,1
sglang,long_output,877,70.14,27.41,508.70,17,33.42,1
sglang,long_output,878,67.51,27.42,506.26,17,33.58,1
sglang,long_output,879,64.09,28.45,547.71,18,32.86,1
sglang,long_output,880,33.77,28.74,522.34,18,34.46,1
sglang,long_output,881,35.38,28.92,526.98,18,34.16,1
sglang,long_output,882,33.60,27.79,533.75,19,35.60,1
sglang,long_output,883,72.87,25.76,1540.98,58,37.64,1
sglang,long_output,884,80.53,25.83,1552.99,58,37.35,1
sglang,long_output,885,65.43,25.54,1546.75,59,38.14,1
sglang,long_output,886,60.05,27.11,548.05,19,34.67,1
sglang,long_output,887,75.50,28.25,584.00,19,32.53,1
sglang,long_output,888,74.07,25.61,1559.46,59,37.83,1
sglang,long_output,889,49.06,25.67,536.80,20,37.26,1
sglang,long_output,890,47.09,25.66,534.63,20,37.41,1
sglang,long_output,891,50.45,25.77,540.12,20,37.03,1
sglang,long_output,892,71.70,25.73,1564.26,59,37.72,1
sglang,long_output,893,89.83,24.88,1557.48,60,38.52,1
sglang,long_output,894,69.61,25.48,1572.77,60,38.15,1
sglang,long_output,895,92.61,24.98,1566.34,60,38.31,1
sglang,long_output,896,77.77,24.69,1559.15,61,39.12,1
sglang,long_output,897,80.63,24.72,1563.77,61,39.01,1
sglang,long_output,898,84.32,24.86,1575.75,61,38.71,1
sglang,long_output,899,84.78,25.26,589.94,21,35.60,1
sglang,long_output,900,90.84,25.46,599.96,21,35.00,1
sglang,long_output,901,82.18,25.35,589.17,21,35.64,1
sglang,long_output,902,53.91,24.75,1563.61,62,39.65,1
sglang,long_output,903,69.77,25.47,604.67,22,36.38,1
sglang,long_output,904,66.98,25.46,601.56,22,36.57,1
sglang,long_output,905,47.74,24.92,1567.78,62,39.55,1
sglang,long_output,906,76.24,24.95,1597.97,62,38.80,1
sglang,long_output,907,69.52,25.71,609.48,22,36.10,1
sglang,long_output,908,47.39,25.80,1646.91,63,38.25,1
sglang,long_output,909,55.48,28.35,679.17,23,33.86,1
sglang,long_output,910,65.51,28.34,688.93,23,33.39,1
sglang,long_output,911,60.77,28.38,685.17,23,33.57,1
sglang,long_output,912,102.67,25.35,1674.35,63,37.63,1
sglang,long_output,913,68.59,26.92,687.75,24,34.90,1
sglang,long_output,914,94.59,25.48,1674.28,63,37.63,1
sglang,long_output,915,67.79,27.09,690.82,24,34.74,1
sglang,long_output,916,74.42,26.33,680.04,24,35.29,1
sglang,long_output,917,69.72,25.26,675.98,25,36.98,1
sglang,long_output,918,87.74,25.24,1677.73,64,38.15,1
sglang,long_output,919,72.26,25.64,687.66,25,36.36,1
sglang,long_output,920,93.27,25.34,1689.40,64,37.88,1
sglang,long_output,921,83.38,25.36,1680.88,64,38.08,1
sglang,long_output,922,68.81,25.86,689.42,25,36.26,1
sglang,long_output,923,43.17,24.85,664.48,26,39.13,1
sglang,long_output,924,63.64,25.06,690.21,26,37.67,1
sglang,long_output,925,74.20,25.12,1681.78,65,38.65,1
sglang,long_output,926,74.21,25.22,1688.43,65,38.50,1
sglang,long_output,927,34.56,25.62,675.02,26,38.52,1
sglang,long_output,928,32.98,24.70,675.29,27,39.98,1
sglang,long_output,929,80.29,25.38,1704.51,65,38.13,1
sglang,long_output,930,76.52,25.23,732.51,27,36.86,1
sglang,long_output,931,54.86,25.62,720.85,27,37.46,1
sglang,long_output,932,68.18,24.13,719.65,28,38.91,1
sglang,long_output,933,60.88,24.31,717.22,28,39.04,1
sglang,long_output,934,57.63,24.42,717.02,28,39.05,1
sglang,long_output,935,39.45,23.67,702.17,29,41.30,1
sglang,long_output,936,94.48,24.77,1704.83,66,38.71,1
sglang,long_output,937,75.49,25.29,1719.56,66,38.38,1
sglang,long_output,938,29.32,23.91,698.86,29,41.50,1
sglang,long_output,939,90.71,24.83,1704.75,66,38.72,1
sglang,long_output,940,31.03,24.02,703.72,29,41.21,1
sglang,long_output,941,81.91,24.80,1718.92,67,38.98,1
sglang,long_output,942,76.98,24.90,1720.19,67,38.95,1
sglang,long_output,943,66.36,23.49,747.60,30,40.13,1
sglang,long_output,944,71.01,23.73,759.06,30,39.52,1
sglang,long_output,945,75.97,23.80,766.24,30,39.15,1
sglang,long_output,946,58.96,23.31,758.22,31,40.89,1
sglang,long_output,947,67.70,21.90,724.57,31,42.78,1
sglang,long_output,948,77.60,21.96,736.38,31,42.10,1
sglang,long_output,949,67.10,21.29,727.17,32,44.01,1
sglang,long_output,950,69.47,21.40,732.79,32,43.67,1
sglang,long_output,951,70.56,21.31,731.32,32,43.76,1
sglang,long_output,952,51.18,20.87,719.15,33,45.89,1
sglang,long_output,953,51.31,21.01,723.63,33,45.60,1
sglang,long_output,954,66.47,21.12,742.15,33,44.47,1
sglang,long_output,955,47.66,20.65,728.96,34,46.64,1
sglang,long_output,956,74.07,19.29,710.55,34,47.85,1
sglang,long_output,957,101.22,18.36,707.14,34,48.08,1
sglang,long_output,958,80.70,18.24,700.85,35,49.94,1
sglang,long_output,959,93.47,18.13,710.06,35,49.29,1
sglang,long_output,960,96.09,18.23,716.01,35,48.88,1
sglang,long_output,961,82.95,18.00,713.05,36,50.49,1
sglang,long_output,962,73.48,18.12,707.78,36,50.86,1
sglang,long_output,963,71.62,18.26,710.64,36,50.66,1
sglang,long_output,964,71.36,17.87,714.61,37,51.78,1
sglang,long_output,965,76.12,17.32,699.77,37,52.87,1
sglang,long_output,966,71.07,18.01,719.42,37,51.43,1
sglang,long_output,967,62.32,17.36,704.55,38,53.94,1
sglang,long_output,968,66.21,17.22,703.21,38,54.04,1
sglang,long_output,969,69.11,17.19,705.18,38,53.89,1
sglang,long_output,970,61.66,16.98,706.88,39,55.17,1
sglang,long_output,971,64.44,17.09,713.68,39,54.65,1
sglang,long_output,972,81.41,16.06,691.63,39,56.39,1
sglang,long_output,973,64.34,16.09,691.70,40,57.83,1
sglang,long_output,974,65.31,16.03,690.62,40,57.92,1
sglang,long_output,975,71.70,16.01,696.14,40,57.46,1
sglang,long_output,976,140.32,13.80,692.19,41,59.23,1
sglang,long_output,977,95.45,14.77,686.27,41,59.74,1
sglang,long_output,978,97.45,14.81,689.68,41,59.45,1
sglang,long_output,979,121.02,13.88,690.08,42,60.86,1
sglang,long_output,980,120.18,13.93,691.44,42,60.74,1
sglang,long_output,981,92.39,14.70,695.00,42,60.43,1
sglang,long_output,982,113.68,13.79,692.76,43,62.07,1
sglang,long_output,983,109.84,13.84,691.04,43,62.23,1
sglang,long_output,984,120.80,13.71,696.63,43,61.73,1
sglang,long_output,985,104.56,13.77,696.70,44,63.15,1
sglang,long_output,986,109.41,13.69,698.03,44,63.03,1
sglang,long_output,987,104.85,13.71,694.40,44,63.36,1
sglang,long_output,988,90.12,13.66,691.36,45,65.09,1
sglang,long_output,989,101.71,13.58,699.01,45,64.38,1
sglang,long_output,990,99.36,13.60,697.75,45,64.49,1
sglang,long_output,991,82.96,13.63,696.39,46,66.05,1
sglang,long_output,992,85.64,13.52,693.85,46,66.30,1
sglang,long_output,993,80.73,13.58,691.74,46,66.50,1
sglang,long_output,994,77.21,12.46,650.52,47,72.25,1
sglang,long_output,995,67.32,12.48,641.22,47,73.30,1
sglang,long_output,996,67.35,12.35,635.40,47,73.97,1
sglang,long_output,997,60.45,12.26,636.63,48,75.40,1
sglang,long_output,998,64.53,12.26,640.78,48,74.91,1
sglang,long_output,999,56.65,12.25,632.41,48,75.90,1
