model,meta-llama/Meta-Llama-3.1-70B-Instruct
tensor_parallel_size,8
timestamp,2026-06-08T23:37:31.733259

Build Times
provider,build_time_s
torchinferno,317.9
vllm,1359.8
sglang,194.9

few_shot
metric,torchinferno,vllm,sglang,winner
ttft_median_ms,,160.29,147.15,sglang
ttft_p99_ms,,1150.99,1264.40,vllm
tpot_median_ms,,59.70,74.13,vllm
tpot_p99_ms,,151.64,7313.52,vllm
e2e_median_ms,,214.67,217.59,vllm
e2e_p99_ms,,1206.51,8545.77,vllm
throughput_median_tps,,6.94,5.45,vllm
total_output_tokens,,1460,1461,sglang
num_requests,,1000,1000,
correctness_rate,,0.98,0.98,vllm

self_consistency
metric,torchinferno,vllm,sglang,winner
ttft_median_ms,,208.72,210.23,vllm
ttft_p99_ms,,479.38,70088.91,vllm
tpot_median_ms,,0.00,0.00,vllm
tpot_p99_ms,,0.00,0.00,vllm
e2e_median_ms,,232.90,344.01,vllm
e2e_p99_ms,,518.77,70186.05,vllm
throughput_median_tps,,4.29,2.91,vllm
total_output_tokens,,1000,1000,vllm
num_requests,,1000,1000,
correctness_rate,,1.00,1.00,vllm
unique_final_answers,,1,1,vllm

multi_turn
metric,torchinferno,vllm,sglang,winner
ttft_median_ms,,184.26,161.60,sglang
ttft_p99_ms,,392.84,667.67,vllm
tpot_median_ms,,67.24,96.51,vllm
tpot_p99_ms,,198.64,215.87,vllm
e2e_median_ms,,240.18,264.57,vllm
e2e_p99_ms,,458.74,707.55,vllm
throughput_median_tps,,5.82,4.94,vllm
total_output_tokens,,1450,1462,sglang
num_requests,,1000,1000,
correctness_rate,,0.98,0.98,vllm
ttft_first_turn_ms,,162.54,109.67,sglang
ttft_last_turn_ms,,175.37,194.16,vllm
ttft_growth_ratio,,1.08,1.77,vllm

tree_of_thought
metric,torchinferno,vllm,sglang,winner
ttft_median_ms,,61.19,79.82,vllm
ttft_p99_ms,,2023.32,1017.87,sglang
tpot_median_ms,,27.76,67.66,vllm
tpot_p99_ms,,1731.13,167.72,sglang
e2e_median_ms,,82.53,164.20,vllm
e2e_p99_ms,,2047.48,1054.51,sglang
throughput_median_tps,,14.52,8.86,vllm
total_output_tokens,,1465,1454,vllm
num_requests,,992,992,
correctness_rate,,0.97,0.96,vllm

long_output
metric,torchinferno,vllm,sglang,winner
ttft_median_ms,,72.03,80.70,vllm
ttft_p99_ms,,124.69,144.52,vllm
tpot_median_ms,,14.79,23.01,vllm
tpot_p99_ms,,19.45,28.88,vllm
e2e_median_ms,,610.67,891.41,vllm
e2e_p99_ms,,999.21,1688.41,vllm
throughput_median_tps,,59.05,40.19,vllm
total_output_tokens,,36715,36715,vllm
num_requests,,1000,1000,
correctness_rate,,1.00,1.00,vllm

Per-Request Raw Data
provider,benchmark,request_idx,ttft_ms,tpot_ms,e2e_latency_ms,output_tokens,throughput_tps,correct
vllm,few_shot,0,995.73,0.00,995.89,1,1.00,1
vllm,few_shot,1,994.80,0.00,997.89,1,1.00,1
vllm,few_shot,2,993.84,0.00,996.64,1,1.00,1
vllm,few_shot,3,996.21,0.00,998.37,1,1.00,1
vllm,few_shot,4,1015.75,0.00,1033.79,1,0.97,1
vllm,few_shot,5,1028.94,0.00,1053.40,1,0.95,1
vllm,few_shot,6,1029.44,0.00,1056.13,1,0.95,1
vllm,few_shot,7,1055.35,0.00,1075.84,1,0.93,1
vllm,few_shot,8,1050.55,0.00,1074.92,1,0.93,1
vllm,few_shot,9,1052.13,0.00,1080.59,1,0.93,1
vllm,few_shot,10,1052.54,0.00,1083.17,1,0.92,1
vllm,few_shot,11,1054.46,91.87,1146.33,2,1.74,1
vllm,few_shot,12,1072.83,0.00,1146.13,1,0.87,1
vllm,few_shot,13,1050.53,99.21,1149.74,2,1.74,1
vllm,few_shot,14,1075.17,0.00,1149.54,1,0.87,1
vllm,few_shot,15,1052.58,100.62,1153.20,2,1.73,1
vllm,few_shot,16,1054.28,98.27,1152.56,2,1.74,1
vllm,few_shot,17,1076.04,0.00,1151.70,1,0.87,1
vllm,few_shot,18,1078.48,0.00,1153.27,1,0.87,1
vllm,few_shot,19,1058.32,106.13,1164.45,2,1.72,1
vllm,few_shot,20,1054.46,111.63,1166.09,2,1.72,1
vllm,few_shot,21,1076.39,82.97,1159.37,2,1.73,1
vllm,few_shot,22,1155.77,0.00,1156.03,1,0.87,1
vllm,few_shot,23,1069.78,93.07,1162.85,2,1.72,1
vllm,few_shot,24,1050.10,117.57,1167.67,2,1.71,1
vllm,few_shot,25,1135.48,0.00,1166.52,1,0.86,1
vllm,few_shot,26,1075.78,92.76,1168.54,2,1.71,1
vllm,few_shot,27,1151.59,0.00,1165.18,1,0.86,1
vllm,few_shot,28,1135.37,0.00,1168.94,1,0.86,1
vllm,few_shot,29,175.79,0.00,180.71,1,5.53,1
vllm,few_shot,30,1134.82,33.05,1167.87,2,1.71,1
vllm,few_shot,31,1056.15,122.31,1178.46,2,1.70,1
vllm,few_shot,32,1135.18,0.00,1173.32,1,0.85,1
vllm,few_shot,33,1140.80,33.22,1174.03,2,1.70,1
vllm,few_shot,34,1173.62,0.34,1173.95,2,1.70,1
vllm,few_shot,35,1073.44,105.37,1178.81,2,1.70,1
vllm,few_shot,36,1140.56,0.00,1179.00,1,0.85,1
vllm,few_shot,37,1141.80,0.00,1179.97,1,0.85,1
vllm,few_shot,38,1071.24,0.00,1183.05,1,0.85,1
vllm,few_shot,39,1133.62,0.00,1182.47,1,0.85,1
vllm,few_shot,40,1133.17,0.00,1181.76,1,0.85,1
vllm,few_shot,41,180.67,0.00,190.81,1,5.24,1
vllm,few_shot,42,1146.57,0.00,1188.33,1,0.84,1
vllm,few_shot,43,132.21,0.00,166.21,1,6.02,1
vllm,few_shot,44,1184.98,4.83,1189.81,2,1.68,1
vllm,few_shot,45,129.91,12.26,142.17,2,14.07,1
vllm,few_shot,46,200.71,0.00,205.76,1,4.86,1
vllm,few_shot,47,1141.38,51.68,1193.06,2,1.68,1
vllm,few_shot,48,1150.99,41.17,1192.16,2,1.68,1
vllm,few_shot,49,1134.17,61.34,1195.51,2,1.67,1
vllm,few_shot,50,1051.60,149.11,1200.71,2,1.67,1
vllm,few_shot,51,1079.27,121.20,1200.46,2,1.67,1
vllm,few_shot,52,1157.67,40.26,1197.93,2,1.67,1
vllm,few_shot,53,1198.45,0.35,1198.80,2,1.67,1
vllm,few_shot,54,1136.05,62.93,1198.97,2,1.67,1
vllm,few_shot,55,1159.43,41.88,1201.31,2,1.66,1
vllm,few_shot,56,1161.40,41.74,1203.14,2,1.66,1
vllm,few_shot,57,1069.51,0.00,1205.44,1,0.83,1
vllm,few_shot,58,1135.58,0.00,1205.33,1,0.83,1
vllm,few_shot,59,1073.14,135.30,1208.44,2,1.66,1
vllm,few_shot,60,128.12,0.00,137.26,1,7.29,1
vllm,few_shot,61,1134.27,0.00,1206.51,1,0.83,1
vllm,few_shot,62,125.68,0.00,162.39,1,6.16,1
vllm,few_shot,63,1075.72,137.94,1213.66,2,1.65,1
vllm,few_shot,64,123.78,13.77,137.55,2,14.54,1
vllm,few_shot,65,164.07,0.00,222.97,1,4.48,1
vllm,few_shot,66,1210.54,1.77,1212.31,2,1.65,1
vllm,few_shot,67,1147.85,0.00,1217.60,1,0.82,1
vllm,few_shot,68,1141.17,0.00,1215.15,1,0.82,1
vllm,few_shot,69,1068.23,151.64,1219.88,2,1.64,1
vllm,few_shot,70,144.31,0.00,144.55,1,6.92,1
vllm,few_shot,71,1139.20,0.00,1220.56,1,0.82,1
vllm,few_shot,72,143.90,0.00,153.46,1,6.52,1
vllm,few_shot,73,1137.98,0.00,1222.15,1,0.82,1
vllm,few_shot,74,1135.78,88.25,1224.03,2,1.63,1
vllm,few_shot,75,87.85,21.59,109.43,2,18.28,1
vllm,few_shot,76,97.13,0.00,107.29,1,9.32,1
vllm,few_shot,77,113.98,21.73,135.71,2,14.74,1
vllm,few_shot,78,103.82,22.57,126.39,2,15.82,1
vllm,few_shot,79,113.57,0.00,135.67,1,7.37,1
vllm,few_shot,80,130.09,0.00,147.10,1,6.80,1
vllm,few_shot,81,80.12,0.00,104.59,1,9.56,1
vllm,few_shot,82,123.56,0.00,151.07,1,6.62,1
vllm,few_shot,83,151.41,0.00,175.68,1,5.69,1
vllm,few_shot,84,160.58,0.00,184.77,1,5.41,1
vllm,few_shot,85,110.29,0.00,137.68,1,7.26,1
vllm,few_shot,86,145.38,0.00,174.05,1,5.75,1
vllm,few_shot,87,143.74,0.00,177.63,1,5.63,1
vllm,few_shot,88,113.03,0.00,163.21,1,6.13,1
vllm,few_shot,89,146.92,79.81,226.72,2,8.82,1
vllm,few_shot,90,91.30,85.88,177.18,2,11.29,1
vllm,few_shot,91,154.61,89.85,244.45,2,8.18,1
vllm,few_shot,92,154.49,0.00,211.45,1,4.73,1
vllm,few_shot,93,129.03,0.00,200.61,1,4.98,1
vllm,few_shot,94,158.49,0.00,222.30,1,4.50,1
vllm,few_shot,95,136.62,0.00,208.35,1,4.80,1
vllm,few_shot,96,153.79,97.01,250.80,2,7.97,1
vllm,few_shot,97,228.36,0.00,232.47,1,4.30,1
vllm,few_shot,98,173.08,0.00,196.89,1,5.08,1
vllm,few_shot,99,223.14,0.00,223.36,1,4.48,1
vllm,few_shot,100,171.17,0.00,190.42,1,5.25,1
vllm,few_shot,101,195.38,0.00,200.27,1,4.99,1
vllm,few_shot,102,154.24,83.41,237.65,2,8.42,1
vllm,few_shot,103,87.63,109.29,196.93,2,10.16,1
vllm,few_shot,104,179.72,0.00,203.62,1,4.91,1
vllm,few_shot,105,239.70,0.00,249.44,1,4.01,1
vllm,few_shot,106,132.54,90.54,223.07,2,8.97,1
vllm,few_shot,107,158.04,0.00,196.31,1,5.09,1
vllm,few_shot,108,201.78,32.05,233.82,2,8.55,1
vllm,few_shot,109,173.48,0.00,269.17,1,3.72,1
vllm,few_shot,110,156.15,0.00,193.76,1,5.16,1
vllm,few_shot,111,201.20,0.00,239.01,1,4.18,1
vllm,few_shot,112,166.31,0.00,198.24,1,5.04,1
vllm,few_shot,113,183.37,0.00,226.60,1,4.41,1
vllm,few_shot,114,215.84,29.65,245.49,2,8.15,1
vllm,few_shot,115,121.19,100.89,222.08,2,9.01,1
vllm,few_shot,116,139.93,103.42,243.35,2,8.22,1
vllm,few_shot,117,201.19,36.39,237.58,2,8.42,1
vllm,few_shot,118,227.33,0.00,278.82,1,3.59,1
vllm,few_shot,119,170.78,41.60,212.38,2,9.42,1
vllm,few_shot,120,177.33,50.53,227.86,2,8.78,1
vllm,few_shot,121,191.94,0.00,237.05,1,4.22,1
vllm,few_shot,122,140.14,38.83,178.97,2,11.18,1
vllm,few_shot,123,182.86,46.01,228.87,2,8.74,1
vllm,few_shot,124,102.93,4.08,107.02,2,18.69,1
vllm,few_shot,125,242.33,0.00,246.77,1,4.05,1
vllm,few_shot,126,108.95,0.00,113.85,1,8.78,1
vllm,few_shot,127,169.92,0.00,227.03,1,4.40,1
vllm,few_shot,128,187.88,60.72,248.60,2,8.05,1
vllm,few_shot,129,115.34,0.00,120.37,1,8.31,1
vllm,few_shot,130,107.99,4.11,112.11,2,17.84,1
vllm,few_shot,131,97.17,29.32,126.49,2,15.81,1
vllm,few_shot,132,118.16,52.91,171.07,2,11.69,1
vllm,few_shot,133,171.86,73.69,245.55,2,8.15,1
vllm,few_shot,134,109.15,40.73,149.88,2,13.34,1
vllm,few_shot,135,117.12,68.04,185.16,2,10.80,1
vllm,few_shot,136,202.19,0.00,269.28,1,3.71,1
vllm,few_shot,137,112.40,14.90,127.29,2,15.71,1
vllm,few_shot,138,156.73,0.00,231.27,1,4.32,1
vllm,few_shot,139,133.64,152.00,285.64,2,7.00,1
vllm,few_shot,140,126.97,131.73,258.70,2,7.73,1
vllm,few_shot,141,225.23,65.88,291.11,2,6.87,1
vllm,few_shot,142,138.76,128.89,267.65,2,7.47,1
vllm,few_shot,143,256.72,0.00,284.72,1,3.51,1
vllm,few_shot,144,160.21,81.22,241.43,2,8.28,1
vllm,few_shot,145,85.46,26.04,137.53,3,21.81,0
vllm,few_shot,146,97.89,38.30,136.18,2,14.69,1
vllm,few_shot,147,211.34,0.00,298.99,1,3.34,1
vllm,few_shot,148,256.88,0.00,267.54,1,3.74,1
vllm,few_shot,149,134.85,0.00,190.76,1,5.24,1
vllm,few_shot,150,194.97,70.52,265.49,2,7.53,1
vllm,few_shot,151,176.04,0.00,264.05,1,3.79,1
vllm,few_shot,152,78.23,0.00,94.25,1,10.61,1
vllm,few_shot,153,91.96,0.00,109.96,1,9.09,1
vllm,few_shot,154,100.96,0.00,121.05,1,8.26,1
vllm,few_shot,155,110.61,27.03,137.64,2,14.53,1
vllm,few_shot,156,98.47,22.93,121.41,2,16.47,1
vllm,few_shot,157,127.12,22.80,149.92,2,13.34,1
vllm,few_shot,158,125.54,0.00,143.44,1,6.97,1
vllm,few_shot,159,98.82,23.82,122.64,2,16.31,1
vllm,few_shot,160,138.81,0.00,193.76,1,5.16,1
vllm,few_shot,161,168.31,0.00,224.54,1,4.45,1
vllm,few_shot,162,130.65,0.00,188.84,1,5.30,1
vllm,few_shot,163,149.73,0.00,211.97,1,4.72,1
vllm,few_shot,164,160.55,0.00,222.41,1,4.50,1
vllm,few_shot,165,138.77,0.00,208.42,1,4.80,1
vllm,few_shot,166,177.78,0.00,250.73,1,3.99,1
vllm,few_shot,167,164.14,0.00,232.49,1,4.30,1
vllm,few_shot,168,176.16,0.00,246.43,1,4.06,1
vllm,few_shot,169,132.42,101.54,233.96,2,8.55,1
vllm,few_shot,170,116.45,0.00,192.19,1,5.20,1
vllm,few_shot,171,138.47,0.00,218.92,1,4.57,1
vllm,few_shot,172,173.25,0.00,251.53,1,3.98,1
vllm,few_shot,173,100.65,82.35,183.00,2,10.93,1
vllm,few_shot,174,210.91,0.00,228.54,1,4.38,1
vllm,few_shot,175,217.15,0.00,241.54,1,4.14,1
vllm,few_shot,176,177.70,0.00,192.84,1,5.19,1
vllm,few_shot,177,155.50,90.49,245.99,2,8.13,1
vllm,few_shot,178,181.50,0.00,203.90,1,4.90,1
vllm,few_shot,179,187.78,92.16,279.94,2,7.14,1
vllm,few_shot,180,143.03,95.41,238.45,2,8.39,1
vllm,few_shot,181,165.27,0.00,199.74,1,5.01,1
vllm,few_shot,182,134.69,98.90,233.58,2,8.56,1
vllm,few_shot,183,193.84,0.00,199.04,1,5.02,1
vllm,few_shot,184,144.11,107.20,251.31,2,7.96,1
vllm,few_shot,185,130.10,0.00,147.11,1,6.80,1
vllm,few_shot,186,157.25,0.00,207.22,1,4.83,1
vllm,few_shot,187,168.62,0.00,222.02,1,4.50,1
vllm,few_shot,188,179.76,53.05,232.81,2,8.59,1
vllm,few_shot,189,171.48,54.84,226.32,2,8.84,1
vllm,few_shot,190,182.81,0.00,219.87,1,4.55,1
vllm,few_shot,191,193.66,0.00,236.36,1,4.23,1
vllm,few_shot,192,138.21,0.44,138.65,2,14.43,1
vllm,few_shot,193,116.40,26.92,143.32,2,13.96,1
vllm,few_shot,194,119.79,0.00,142.49,1,7.02,1
vllm,few_shot,195,179.22,56.99,236.21,2,8.47,1
vllm,few_shot,196,212.67,35.36,248.03,2,8.06,1
vllm,few_shot,197,289.66,0.35,290.01,2,6.90,1
vllm,few_shot,198,206.75,0.00,249.86,1,4.00,1
vllm,few_shot,199,203.40,56.54,259.94,2,7.69,1
vllm,few_shot,200,232.75,0.00,232.98,1,4.29,1
vllm,few_shot,201,217.30,9.49,226.79,2,8.82,1
vllm,few_shot,202,136.32,0.00,179.36,1,5.58,1
vllm,few_shot,203,142.57,135.86,278.43,2,7.18,1
vllm,few_shot,204,199.69,0.00,225.03,1,4.44,1
vllm,few_shot,205,115.83,138.95,254.78,2,7.85,1
vllm,few_shot,206,175.85,0.00,225.93,1,4.43,1
vllm,few_shot,207,222.09,71.21,293.30,2,6.82,1
vllm,few_shot,208,189.32,0.00,269.32,1,3.71,1
vllm,few_shot,209,162.26,83.56,245.82,2,8.14,1
vllm,few_shot,210,212.10,0.00,217.34,1,4.60,1
vllm,few_shot,211,236.82,0.00,250.55,1,3.99,1
vllm,few_shot,212,175.25,0.00,254.44,1,3.93,1
vllm,few_shot,213,189.42,0.00,261.98,1,3.82,1
vllm,few_shot,214,116.45,0.00,172.56,1,5.79,1
vllm,few_shot,215,218.19,0.00,298.30,1,3.35,1
vllm,few_shot,216,219.06,0.00,268.01,1,3.73,1
vllm,few_shot,217,220.72,0.00,283.91,1,3.52,1
vllm,few_shot,218,150.27,0.00,247.65,1,4.04,1
vllm,few_shot,219,198.47,0.00,201.07,1,4.97,1
vllm,few_shot,220,82.04,0.00,82.25,1,12.16,1
vllm,few_shot,221,68.21,0.00,80.22,1,12.47,1
vllm,few_shot,222,104.55,0.00,104.77,1,9.54,1
vllm,few_shot,223,88.28,0.00,88.49,1,11.30,1
vllm,few_shot,224,85.16,0.00,96.93,1,10.32,1
vllm,few_shot,225,71.16,0.00,89.11,1,11.22,1
vllm,few_shot,226,190.75,101.23,291.98,2,6.85,1
vllm,few_shot,227,205.39,98.70,304.10,2,6.58,1
vllm,few_shot,228,73.08,26.47,99.55,2,20.09,1
vllm,few_shot,229,93.06,0.00,109.46,1,9.14,1
vllm,few_shot,230,169.28,0.00,285.54,1,3.50,1
vllm,few_shot,231,71.62,0.00,94.16,1,10.62,1
vllm,few_shot,232,77.56,0.00,106.07,1,9.43,1
vllm,few_shot,233,168.66,116.12,284.78,2,7.02,1
vllm,few_shot,234,88.27,25.94,114.21,2,17.51,1
vllm,few_shot,235,112.09,5.51,117.60,2,17.01,1
vllm,few_shot,236,82.34,27.60,109.94,2,18.19,1
vllm,few_shot,237,100.60,26.68,127.28,2,15.71,1
vllm,few_shot,238,103.41,0.00,121.99,1,8.20,1
vllm,few_shot,239,102.13,29.93,132.07,2,15.14,1
vllm,few_shot,240,116.92,0.00,137.27,1,7.28,1
vllm,few_shot,241,105.83,0.00,118.06,1,8.47,1
vllm,few_shot,242,88.40,30.17,118.57,2,16.87,1
vllm,few_shot,243,109.80,0.00,127.35,1,7.85,1
vllm,few_shot,244,95.14,26.94,122.09,2,16.38,1
vllm,few_shot,245,103.33,27.28,130.61,2,15.31,1
vllm,few_shot,246,136.22,35.05,171.27,2,11.68,1
vllm,few_shot,247,126.98,0.00,159.36,1,6.28,1
vllm,few_shot,248,150.16,38.73,188.89,2,10.59,1
vllm,few_shot,249,129.17,0.00,166.36,1,6.01,1
vllm,few_shot,250,167.33,0.00,206.47,1,4.84,1
vllm,few_shot,251,159.90,0.00,197.97,1,5.05,1
vllm,few_shot,252,165.83,0.00,214.01,1,4.67,1
vllm,few_shot,253,147.21,82.05,229.26,2,8.72,1
vllm,few_shot,254,156.47,0.00,209.17,1,4.78,1
vllm,few_shot,255,142.63,0.00,201.14,1,4.97,1
vllm,few_shot,256,161.76,0.00,220.67,1,4.53,1
vllm,few_shot,257,169.11,0.00,232.12,1,4.31,1
vllm,few_shot,258,127.40,0.00,191.60,1,5.22,1
vllm,few_shot,259,194.99,59.29,254.28,2,7.87,1
vllm,few_shot,260,81.58,52.39,186.36,3,16.10,1
vllm,few_shot,261,191.23,63.69,254.92,2,7.85,1
vllm,few_shot,262,140.99,0.00,208.22,1,4.80,1
vllm,few_shot,263,151.08,0.00,216.02,1,4.63,1
vllm,few_shot,264,126.32,0.00,130.95,1,7.64,1
vllm,few_shot,265,146.75,0.00,212.66,1,4.70,1
vllm,few_shot,266,186.32,0.00,260.89,1,3.83,1
vllm,few_shot,267,176.69,0.00,190.72,1,5.24,1
vllm,few_shot,268,143.75,0.00,222.53,1,4.49,1
vllm,few_shot,269,129.91,0.00,133.35,1,7.50,1
vllm,few_shot,270,120.95,0.00,144.68,1,6.91,1
vllm,few_shot,271,149.18,0.00,232.94,1,4.29,1
vllm,few_shot,272,144.01,113.30,257.30,2,7.77,1
vllm,few_shot,273,184.01,39.34,223.35,2,8.95,1
vllm,few_shot,274,152.55,0.00,192.07,1,5.21,1
vllm,few_shot,275,132.80,89.02,221.82,2,9.02,1
vllm,few_shot,276,211.35,0.00,236.78,1,4.22,1
vllm,few_shot,277,187.26,0.00,232.31,1,4.30,1
vllm,few_shot,278,122.38,5.08,127.46,2,15.69,1
vllm,few_shot,279,168.34,42.31,210.65,2,9.49,1
vllm,few_shot,280,194.63,0.00,194.86,1,5.13,1
vllm,few_shot,281,165.87,0.00,215.30,1,4.64,1
vllm,few_shot,282,127.93,5.35,133.28,2,15.01,1
vllm,few_shot,283,182.66,49.48,232.14,2,8.62,1
vllm,few_shot,284,154.87,0.00,207.03,1,4.83,1
vllm,few_shot,285,161.60,102.62,264.22,2,7.57,1
vllm,few_shot,286,176.27,0.00,225.33,1,4.44,1
vllm,few_shot,287,188.57,0.00,228.23,1,4.38,1
vllm,few_shot,288,191.97,0.00,225.88,1,4.43,1
vllm,few_shot,289,161.46,98.71,260.17,2,7.69,1
vllm,few_shot,290,123.39,134.68,258.07,2,7.75,1
vllm,few_shot,291,169.11,53.28,222.39,2,8.99,1
vllm,few_shot,292,165.13,0.00,226.39,1,4.42,1
vllm,few_shot,293,153.51,0.00,214.27,1,4.67,1
vllm,few_shot,294,222.35,33.50,255.85,2,7.82,1
vllm,few_shot,295,98.87,60.63,159.50,2,12.54,1
vllm,few_shot,296,122.43,39.79,162.22,2,12.33,1
vllm,few_shot,297,156.86,66.44,223.30,2,8.96,1
vllm,few_shot,298,121.48,24.01,265.55,7,26.36,0
vllm,few_shot,299,192.61,54.90,247.51,2,8.08,1
vllm,few_shot,300,178.01,0.00,287.81,1,3.47,1
vllm,few_shot,301,98.55,0.00,111.06,1,9.00,1
vllm,few_shot,302,130.64,123.55,254.19,2,7.87,0
vllm,few_shot,303,157.09,77.57,234.66,2,8.52,1
vllm,few_shot,304,158.96,0.00,236.59,1,4.23,1
vllm,few_shot,305,137.68,42.78,266.02,4,15.04,1
vllm,few_shot,306,132.90,54.79,187.69,2,10.66,1
vllm,few_shot,307,75.88,0.00,118.71,1,8.42,1
vllm,few_shot,308,77.00,50.35,127.36,2,15.70,1
vllm,few_shot,309,189.41,0.00,266.33,1,3.75,1
vllm,few_shot,310,127.94,0.00,128.16,1,7.80,1
vllm,few_shot,311,157.99,127.02,285.01,2,7.02,1
vllm,few_shot,312,112.56,0.00,196.13,1,5.10,1
vllm,few_shot,313,124.90,0.00,140.94,1,7.10,1
vllm,few_shot,314,163.56,83.12,246.67,2,8.11,1
vllm,few_shot,315,132.65,0.00,138.91,1,7.20,1
vllm,few_shot,316,63.68,0.00,85.10,1,11.75,1
vllm,few_shot,317,107.49,0.00,116.33,1,8.60,1
vllm,few_shot,318,103.64,0.00,113.71,1,8.79,1
vllm,few_shot,319,105.23,0.00,117.42,1,8.52,1
vllm,few_shot,320,122.61,38.87,161.48,2,12.39,1
vllm,few_shot,321,97.74,0.00,108.71,1,9.20,1
vllm,few_shot,322,126.53,0.00,136.51,1,7.33,1
vllm,few_shot,323,129.03,0.00,140.69,1,7.11,1
vllm,few_shot,324,143.95,54.56,198.51,2,10.08,1
vllm,few_shot,325,148.88,61.47,210.36,2,9.51,1
vllm,few_shot,326,133.45,0.00,197.24,1,5.07,1
vllm,few_shot,327,103.25,65.73,168.98,2,11.84,1
vllm,few_shot,328,95.68,0.00,163.99,1,6.10,1
vllm,few_shot,329,119.94,72.69,192.63,2,10.38,1
vllm,few_shot,330,148.23,0.00,167.06,1,5.99,1
vllm,few_shot,331,163.75,0.00,197.20,1,5.07,1
vllm,few_shot,332,157.77,0.00,181.33,1,5.51,1
vllm,few_shot,333,204.23,0.00,239.95,1,4.17,1
vllm,few_shot,334,187.91,0.00,226.77,1,4.41,1
vllm,few_shot,335,194.07,0.00,220.32,1,4.54,1
vllm,few_shot,336,157.02,0.00,198.28,1,5.04,1
vllm,few_shot,337,211.87,0.00,212.10,1,4.71,1
vllm,few_shot,338,141.97,0.00,181.08,1,5.52,1
vllm,few_shot,339,155.94,0.00,190.25,1,5.26,1
vllm,few_shot,340,196.50,0.00,242.56,1,4.12,1
vllm,few_shot,341,173.43,0.00,217.79,1,4.59,1
vllm,few_shot,342,146.07,0.00,168.41,1,5.94,1
vllm,few_shot,343,207.67,0.00,250.45,1,3.99,1
vllm,few_shot,344,197.70,0.00,208.09,1,4.81,1
vllm,few_shot,345,204.05,50.16,254.21,2,7.87,1
vllm,few_shot,346,172.83,0.00,213.52,1,4.68,1
vllm,few_shot,347,183.50,51.34,234.84,2,8.52,1
vllm,few_shot,348,137.58,13.90,151.47,2,13.20,1
vllm,few_shot,349,218.10,0.00,233.41,1,4.28,1
vllm,few_shot,350,185.27,0.00,194.35,1,5.15,1
vllm,few_shot,351,187.26,0.00,242.50,1,4.12,1
vllm,few_shot,352,174.44,0.00,237.74,1,4.21,1
vllm,few_shot,353,211.19,59.17,270.36,2,7.40,0
vllm,few_shot,354,196.00,0.00,205.08,1,4.88,1
vllm,few_shot,355,217.64,0.00,280.84,1,3.56,1
vllm,few_shot,356,150.16,22.10,172.26,2,11.61,1
vllm,few_shot,357,152.19,0.00,194.26,1,5.15,1
vllm,few_shot,358,185.08,0.00,243.44,1,4.11,1
vllm,few_shot,359,199.69,55.29,254.98,2,7.84,1
vllm,few_shot,360,120.18,3.87,124.05,2,16.12,1
vllm,few_shot,361,118.46,0.00,128.47,1,7.78,1
vllm,few_shot,362,237.59,14.36,251.94,2,7.94,1
vllm,few_shot,363,165.89,71.10,236.99,2,8.44,1
vllm,few_shot,364,183.10,50.24,233.33,2,8.57,1
vllm,few_shot,365,177.35,71.66,249.01,2,8.03,1
vllm,few_shot,366,204.72,72.11,276.82,2,7.22,1
vllm,few_shot,367,194.71,55.27,249.98,2,8.00,1
vllm,few_shot,368,151.31,82.69,234.00,2,8.55,1
vllm,few_shot,369,179.75,0.00,232.69,1,4.30,1
vllm,few_shot,370,157.75,88.53,246.28,2,8.12,1
vllm,few_shot,371,216.05,0.00,220.30,1,4.54,1
vllm,few_shot,372,83.69,6.93,90.61,2,22.07,1
vllm,few_shot,373,201.07,78.32,279.39,2,7.16,1
vllm,few_shot,374,82.76,0.00,87.00,1,11.49,1
vllm,few_shot,375,186.61,0.00,243.87,1,4.10,1
vllm,few_shot,376,133.23,0.00,200.44,1,4.99,1
vllm,few_shot,377,150.63,100.05,250.68,2,7.98,1
vllm,few_shot,378,85.62,9.91,95.53,2,20.94,1
vllm,few_shot,379,175.95,90.35,266.30,2,7.51,1
vllm,few_shot,380,68.40,20.12,88.52,2,22.59,0
vllm,few_shot,381,199.62,23.51,270.15,4,14.81,0
vllm,few_shot,382,219.66,6.21,244.49,5,20.45,1
vllm,few_shot,383,144.15,0.00,157.73,1,6.34,1
vllm,few_shot,384,212.50,105.95,318.45,2,6.28,1
vllm,few_shot,385,172.31,0.00,252.52,1,3.96,1
vllm,few_shot,386,203.57,0.00,311.23,1,3.21,1
vllm,few_shot,387,67.36,0.00,102.93,1,9.72,1
vllm,few_shot,388,227.38,21.43,248.82,2,8.04,1
vllm,few_shot,389,104.17,61.13,165.30,2,12.10,1
vllm,few_shot,390,102.31,0.00,102.54,1,9.75,1
vllm,few_shot,391,127.77,172.95,300.73,2,6.65,1
vllm,few_shot,392,216.50,0.00,305.67,1,3.27,1
vllm,few_shot,393,220.61,45.49,266.10,2,7.52,1
vllm,few_shot,394,88.44,0.00,100.77,1,9.92,1
vllm,few_shot,395,114.62,0.00,128.83,1,7.76,1
vllm,few_shot,396,95.53,24.62,120.15,2,16.65,1
vllm,few_shot,397,124.43,0.00,138.47,1,7.22,1
vllm,few_shot,398,126.21,0.00,141.81,1,7.05,1
vllm,few_shot,399,114.56,0.00,128.35,1,7.79,1
vllm,few_shot,400,118.76,0.00,135.49,1,7.38,1
vllm,few_shot,401,130.88,0.00,150.18,1,6.66,1
vllm,few_shot,402,116.50,0.00,179.04,1,5.59,1
vllm,few_shot,403,158.60,0.00,224.46,1,4.46,1
vllm,few_shot,404,110.92,0.00,179.77,1,5.56,1
vllm,few_shot,405,69.17,83.14,152.31,2,13.13,1
vllm,few_shot,406,103.05,85.04,188.08,2,10.63,1
vllm,few_shot,407,149.87,85.22,235.09,2,8.51,1
vllm,few_shot,408,197.98,0.00,220.31,1,4.54,1
vllm,few_shot,409,147.39,0.00,179.70,1,5.56,1
vllm,few_shot,410,218.19,0.00,242.26,1,4.13,1
vllm,few_shot,411,155.16,0.00,191.63,1,5.22,1
vllm,few_shot,412,185.22,0.00,212.65,1,4.70,1
vllm,few_shot,413,212.06,0.00,255.05,1,3.92,1
vllm,few_shot,414,187.28,0.00,229.78,1,4.35,1
vllm,few_shot,415,207.26,0.00,237.89,1,4.20,1
vllm,few_shot,416,120.96,104.59,225.56,2,8.87,1
vllm,few_shot,417,166.02,0.00,170.53,1,5.86,1
vllm,few_shot,418,185.37,0.00,190.68,1,5.24,1
vllm,few_shot,419,121.25,0.00,125.95,1,7.94,1
vllm,few_shot,420,106.75,0.00,111.79,1,8.95,1
vllm,few_shot,421,180.23,0.00,229.20,1,4.36,1
vllm,few_shot,422,177.69,57.04,234.73,2,8.52,0
vllm,few_shot,423,155.85,29.69,185.54,2,10.78,1
vllm,few_shot,424,206.16,53.97,260.13,2,7.69,1
vllm,few_shot,425,181.85,0.00,191.97,1,5.21,1
vllm,few_shot,426,180.56,0.00,195.71,1,5.11,1
vllm,few_shot,427,195.18,0.00,260.37,1,3.84,1
vllm,few_shot,428,206.80,0.00,246.01,1,4.06,1
vllm,few_shot,429,120.98,0.00,146.87,1,6.81,1
vllm,few_shot,430,215.43,0.00,268.73,1,3.72,1
vllm,few_shot,431,148.40,69.34,217.74,2,9.19,1
vllm,few_shot,432,187.95,68.05,256.00,2,7.81,1
vllm,few_shot,433,166.03,59.08,225.11,2,8.88,1
vllm,few_shot,434,168.72,0.00,239.70,1,4.17,1
vllm,few_shot,435,147.47,68.85,216.32,2,9.25,1
vllm,few_shot,436,174.49,35.20,209.69,2,9.54,1
vllm,few_shot,437,148.81,72.10,220.90,2,9.05,0
vllm,few_shot,438,133.74,0.00,133.97,1,7.46,1
vllm,few_shot,439,209.70,73.74,283.44,2,7.06,1
vllm,few_shot,440,199.16,0.00,219.48,1,4.56,1
vllm,few_shot,441,171.80,77.57,249.37,2,8.02,1
vllm,few_shot,442,174.98,0.00,225.72,1,4.43,1
vllm,few_shot,443,173.93,0.00,249.36,1,4.01,1
vllm,few_shot,444,187.49,59.70,247.19,2,8.09,1
vllm,few_shot,445,146.88,0.00,192.56,1,5.19,1
vllm,few_shot,446,160.31,79.64,239.95,2,8.33,1
vllm,few_shot,447,180.06,90.49,270.55,2,7.39,1
vllm,few_shot,448,191.57,62.70,254.27,2,7.87,1
vllm,few_shot,449,183.93,0.00,242.80,1,4.12,1
vllm,few_shot,450,84.67,0.00,84.92,1,11.78,1
vllm,few_shot,451,225.06,81.88,306.94,2,6.52,1
vllm,few_shot,452,164.46,0.00,227.11,1,4.40,1
vllm,few_shot,453,102.76,47.45,150.21,2,13.31,1
vllm,few_shot,454,69.01,15.31,84.32,2,23.72,1
vllm,few_shot,455,159.75,101.22,260.97,2,7.66,1
vllm,few_shot,456,145.58,0.00,153.92,1,6.50,1
vllm,few_shot,457,178.14,72.48,250.62,2,7.98,1
vllm,few_shot,458,62.52,0.00,96.31,1,10.38,1
vllm,few_shot,459,76.87,14.53,91.40,2,21.88,1
vllm,few_shot,460,191.23,99.95,291.18,2,6.87,1
vllm,few_shot,461,164.85,99.24,264.09,2,7.57,1
vllm,few_shot,462,58.09,0.00,95.74,1,10.45,1
vllm,few_shot,463,168.82,95.66,264.48,2,7.56,1
vllm,few_shot,464,141.90,105.12,247.02,2,8.10,1
vllm,few_shot,465,183.42,0.00,260.79,1,3.83,1
vllm,few_shot,466,120.67,48.08,168.75,2,11.85,1
vllm,few_shot,467,168.57,0.00,238.77,1,4.19,1
vllm,few_shot,468,182.81,112.65,295.46,2,6.77,1
vllm,few_shot,469,186.08,106.24,292.32,2,6.84,1
vllm,few_shot,470,199.77,61.64,261.42,2,7.65,1
vllm,few_shot,471,58.70,0.00,66.67,1,15.00,1
vllm,few_shot,472,135.50,0.00,153.17,1,6.53,1
vllm,few_shot,473,114.94,0.00,137.52,1,7.27,1
vllm,few_shot,474,135.88,77.85,213.73,2,9.36,1
vllm,few_shot,475,102.64,77.74,180.38,2,11.09,1
vllm,few_shot,476,151.56,0.00,163.16,1,6.13,1
vllm,few_shot,477,148.62,0.00,162.82,1,6.14,1
vllm,few_shot,478,177.94,0.00,195.46,1,5.12,1
vllm,few_shot,479,103.04,89.56,192.61,2,10.38,1
vllm,few_shot,480,169.39,0.00,190.25,1,5.26,1
vllm,few_shot,481,189.87,0.00,206.17,1,4.85,1
vllm,few_shot,482,164.04,0.00,181.55,1,5.51,1
vllm,few_shot,483,201.04,0.00,222.66,1,4.49,1
vllm,few_shot,484,152.68,0.00,178.13,1,5.61,1
vllm,few_shot,485,140.84,0.00,166.87,1,5.99,1
vllm,few_shot,486,192.44,65.68,258.13,2,7.75,1
vllm,few_shot,487,177.70,69.36,247.07,2,8.09,0
vllm,few_shot,488,141.68,76.48,218.16,2,9.17,0
vllm,few_shot,489,225.96,0.00,288.33,1,3.47,1
vllm,few_shot,490,204.19,70.89,275.08,2,7.27,1
vllm,few_shot,491,218.45,0.00,218.72,1,4.57,1
vllm,few_shot,492,178.66,82.91,261.57,2,7.65,1
vllm,few_shot,493,216.87,0.00,222.11,1,4.50,1
vllm,few_shot,494,239.11,0.00,252.66,1,3.96,1
vllm,few_shot,495,217.05,0.00,222.28,1,4.50,1
vllm,few_shot,496,176.72,0.00,185.10,1,5.40,1
vllm,few_shot,497,165.49,89.70,255.19,2,7.84,0
vllm,few_shot,498,267.54,0.00,277.71,1,3.60,1
vllm,few_shot,499,167.94,88.94,256.88,2,7.79,1
vllm,few_shot,500,225.85,70.63,296.48,2,6.75,1
vllm,few_shot,501,209.55,0.00,236.48,1,4.23,1
vllm,few_shot,502,139.51,87.75,227.26,2,8.80,1
vllm,few_shot,503,146.52,89.58,236.10,2,8.47,1
vllm,few_shot,504,151.17,94.33,245.50,2,8.15,1
vllm,few_shot,505,166.58,90.49,257.08,2,7.78,1
vllm,few_shot,506,203.28,29.48,232.76,2,8.59,1
vllm,few_shot,507,190.83,94.34,285.16,2,7.01,1
vllm,few_shot,508,215.20,35.81,251.02,2,7.97,1
vllm,few_shot,509,220.81,95.48,316.28,2,6.32,1
vllm,few_shot,510,232.30,0.00,236.63,1,4.23,1
vllm,few_shot,511,200.12,42.08,242.21,2,8.26,1
vllm,few_shot,512,157.93,111.23,269.16,2,7.43,1
vllm,few_shot,513,140.83,0.00,164.90,1,6.06,1
vllm,few_shot,514,272.36,0.00,296.13,1,3.38,1
vllm,few_shot,515,257.93,33.70,291.63,2,6.86,1
vllm,few_shot,516,95.00,0.00,110.61,1,9.04,1
vllm,few_shot,517,216.56,108.61,325.17,2,6.15,1
vllm,few_shot,518,243.12,14.23,257.35,2,7.77,1
vllm,few_shot,519,252.72,36.27,289.00,2,6.92,1
vllm,few_shot,520,211.88,125.29,337.17,2,5.93,1
vllm,few_shot,521,248.03,8.66,256.68,2,7.79,1
vllm,few_shot,522,160.04,14.62,174.66,2,11.45,1
vllm,few_shot,523,113.38,0.00,118.60,1,8.43,1
vllm,few_shot,524,197.13,128.46,325.59,2,6.14,1
vllm,few_shot,525,155.01,119.75,274.76,2,7.28,0
vllm,few_shot,526,231.43,50.30,281.73,2,7.10,1
vllm,few_shot,527,230.94,60.04,290.98,2,6.87,1
vllm,few_shot,528,259.69,60.16,319.85,2,6.25,1
vllm,few_shot,529,113.12,0.00,118.30,1,8.45,1
vllm,few_shot,530,303.27,10.46,313.73,2,6.37,1
vllm,few_shot,531,99.55,0.00,119.28,1,8.38,1
vllm,few_shot,532,247.33,60.83,308.15,2,6.49,1
vllm,few_shot,533,114.37,5.04,119.41,2,16.75,1
vllm,few_shot,534,81.26,0.00,125.89,1,7.94,1
vllm,few_shot,535,124.13,0.00,124.34,1,8.04,1
vllm,few_shot,536,239.23,0.00,313.67,1,3.19,1
vllm,few_shot,537,81.20,0.00,120.32,1,8.31,1
vllm,few_shot,538,83.34,0.00,122.62,1,8.16,1
vllm,few_shot,539,83.91,41.30,125.21,2,15.97,1
vllm,few_shot,540,89.67,32.57,122.24,2,16.36,1
vllm,few_shot,541,223.07,0.00,293.43,1,3.41,1
vllm,few_shot,542,119.76,0.00,131.97,1,7.58,1
vllm,few_shot,543,334.35,0.00,349.12,1,2.86,1
vllm,few_shot,544,313.45,0.00,319.81,1,3.13,1
vllm,few_shot,545,207.11,0.00,293.94,1,3.40,1
vllm,few_shot,546,288.76,18.62,307.38,2,6.51,1
vllm,few_shot,547,218.92,82.73,301.65,2,6.63,1
vllm,few_shot,548,181.08,158.83,339.91,2,5.88,1
vllm,few_shot,549,331.76,1.47,333.23,2,6.00,1
vllm,few_shot,550,83.86,0.00,99.17,1,10.08,1
vllm,few_shot,551,81.55,0.00,101.33,1,9.87,1
vllm,few_shot,552,93.01,0.00,119.59,1,8.36,1
vllm,few_shot,553,91.39,41.91,133.30,2,15.00,1
vllm,few_shot,554,134.30,0.00,143.63,1,6.96,1
vllm,few_shot,555,94.04,0.00,104.12,1,9.60,1
vllm,few_shot,556,110.60,32.62,143.22,2,13.96,1
vllm,few_shot,557,124.55,0.00,131.21,1,7.62,1
vllm,few_shot,558,145.33,0.00,163.96,1,6.10,1
vllm,few_shot,559,133.98,0.00,151.91,1,6.58,1
vllm,few_shot,560,100.29,38.37,138.66,2,14.42,1
vllm,few_shot,561,120.46,19.23,139.68,2,14.32,1
vllm,few_shot,562,149.98,15.70,165.68,2,12.07,1
vllm,few_shot,563,151.58,0.00,215.10,1,4.65,1
vllm,few_shot,564,133.68,0.00,200.49,1,4.99,1
vllm,few_shot,565,100.66,0.00,167.49,1,5.97,1
vllm,few_shot,566,169.18,0.00,237.75,1,4.21,1
vllm,few_shot,567,150.97,0.00,224.69,1,4.45,1
vllm,few_shot,568,141.13,0.00,218.22,1,4.58,1
vllm,few_shot,569,117.61,0.00,189.24,1,5.28,1
vllm,few_shot,570,161.67,0.00,181.87,1,5.50,1
vllm,few_shot,571,189.19,0.00,201.83,1,4.95,1
vllm,few_shot,572,189.08,0.00,214.52,1,4.66,1
vllm,few_shot,573,218.89,0.00,244.83,1,4.08,1
vllm,few_shot,574,107.90,88.85,196.75,2,10.17,1
vllm,few_shot,575,176.02,0.00,200.08,1,5.00,1
vllm,few_shot,576,185.28,0.00,211.65,1,4.72,1
vllm,few_shot,577,110.09,93.72,203.81,2,9.81,1
vllm,few_shot,578,203.24,0.00,233.51,1,4.28,1
vllm,few_shot,579,218.81,0.00,238.37,1,4.20,1
vllm,few_shot,580,104.06,92.49,196.55,2,10.18,1
vllm,few_shot,581,155.75,0.00,184.73,1,5.41,1
vllm,few_shot,582,224.97,41.78,266.75,2,7.50,1
vllm,few_shot,583,169.51,0.00,186.51,1,5.36,1
vllm,few_shot,584,195.39,41.16,236.55,2,8.46,1
vllm,few_shot,585,190.22,41.70,231.92,2,8.62,1
vllm,few_shot,586,175.59,0.00,196.97,1,5.08,1
vllm,few_shot,587,198.01,0.00,237.32,1,4.21,1
vllm,few_shot,588,179.66,0.00,205.34,1,4.87,1
vllm,few_shot,589,178.88,49.31,228.19,2,8.76,1
vllm,few_shot,590,177.26,55.50,232.77,2,8.59,1
vllm,few_shot,591,211.84,0.00,271.18,1,3.69,1
vllm,few_shot,592,117.33,0.00,130.60,1,7.66,1
vllm,few_shot,593,124.45,0.00,129.26,1,7.74,1
vllm,few_shot,594,138.39,0.00,143.34,1,6.98,1
vllm,few_shot,595,210.77,58.26,269.03,2,7.43,1
vllm,few_shot,596,156.55,59.03,215.58,2,9.28,1
vllm,few_shot,597,174.18,0.00,213.97,1,4.67,1
vllm,few_shot,598,197.40,0.00,241.36,1,4.14,1
vllm,few_shot,599,119.32,13.89,133.22,2,15.01,1
vllm,few_shot,600,184.94,0.00,225.38,1,4.44,1
vllm,few_shot,601,131.86,0.00,136.65,1,7.32,1
vllm,few_shot,602,154.53,69.10,223.63,2,8.94,1
vllm,few_shot,603,194.60,70.51,265.11,2,7.54,1
vllm,few_shot,604,163.56,71.07,234.63,2,8.52,1
vllm,few_shot,605,112.67,25.23,137.90,2,14.50,1
vllm,few_shot,606,129.29,0.00,134.34,1,7.44,1
vllm,few_shot,607,206.13,79.90,286.03,2,6.99,0
vllm,few_shot,608,114.74,28.95,143.69,2,13.92,1
vllm,few_shot,609,199.71,68.69,268.40,2,7.45,1
vllm,few_shot,610,131.74,0.00,156.48,1,6.39,1
vllm,few_shot,611,142.96,4.99,147.95,2,13.52,1
vllm,few_shot,612,133.81,8.72,142.54,2,14.03,1
vllm,few_shot,613,66.37,0.00,72.52,1,13.79,1
vllm,few_shot,614,177.74,84.16,261.90,2,7.64,1
vllm,few_shot,615,194.01,34.15,228.16,2,8.77,1
vllm,few_shot,616,222.43,51.83,274.25,2,7.29,1
vllm,few_shot,617,105.25,151.53,256.78,2,7.79,1
vllm,few_shot,618,165.25,0.00,234.89,1,4.26,1
vllm,few_shot,619,142.85,20.73,163.58,2,12.23,1
vllm,few_shot,620,165.88,51.36,217.24,2,9.21,1
vllm,few_shot,621,218.99,91.43,310.43,2,6.44,1
vllm,few_shot,622,175.22,0.00,249.45,1,4.01,1
vllm,few_shot,623,224.49,0.36,224.85,2,8.89,1
vllm,few_shot,624,167.59,0.00,247.30,1,4.04,1
vllm,few_shot,625,175.45,94.07,269.52,2,7.42,1
vllm,few_shot,626,190.23,94.01,284.24,2,7.04,1
vllm,few_shot,627,168.39,93.64,262.03,2,7.63,1
vllm,few_shot,628,77.05,0.00,89.92,1,11.12,1
vllm,few_shot,629,91.89,0.00,98.19,1,10.18,1
vllm,few_shot,630,77.69,17.98,95.67,2,20.91,1
vllm,few_shot,631,99.35,14.66,114.01,2,17.54,1
vllm,few_shot,632,84.85,29.65,114.50,2,17.47,1
vllm,few_shot,633,126.36,0.00,143.62,1,6.96,1
vllm,few_shot,634,126.36,0.00,140.78,1,7.10,1
vllm,few_shot,635,123.50,27.34,150.84,2,13.26,1
vllm,few_shot,636,133.09,0.00,152.24,1,6.57,1
vllm,few_shot,637,165.11,0.00,223.73,1,4.47,1
vllm,few_shot,638,159.53,0.00,221.07,1,4.52,1
vllm,few_shot,639,155.77,0.00,221.43,1,4.52,1
vllm,few_shot,640,138.84,82.71,221.54,2,9.03,1
vllm,few_shot,641,104.47,85.18,189.64,2,10.55,1
vllm,few_shot,642,155.58,84.87,240.44,2,8.32,1
vllm,few_shot,643,109.48,86.41,195.89,2,10.21,1
vllm,few_shot,644,113.05,0.00,185.77,1,5.38,1
vllm,few_shot,645,161.98,0.00,223.12,1,4.48,1
vllm,few_shot,646,144.37,0.00,206.42,1,4.84,1
vllm,few_shot,647,151.30,0.00,205.82,1,4.86,1
vllm,few_shot,648,227.56,0.00,290.34,1,3.44,1
vllm,few_shot,649,217.02,0.00,279.02,1,3.58,1
vllm,few_shot,650,206.03,0.00,275.91,1,3.62,1
vllm,few_shot,651,156.21,0.00,229.65,1,4.35,1
vllm,few_shot,652,105.88,131.94,237.82,2,8.41,1
vllm,few_shot,653,151.82,0.00,157.52,1,6.35,1
vllm,few_shot,654,153.19,78.27,231.46,2,8.64,1
vllm,few_shot,655,199.97,82.68,282.66,2,7.08,1
vllm,few_shot,656,178.55,0.00,250.60,1,3.99,1
vllm,few_shot,657,193.07,66.17,259.24,2,7.71,1
vllm,few_shot,658,164.77,0.00,236.87,1,4.22,1
vllm,few_shot,659,236.81,0.00,259.67,1,3.85,1
vllm,few_shot,660,176.75,0.00,248.22,1,4.03,1
vllm,few_shot,661,236.51,0.00,245.33,1,4.08,1
vllm,few_shot,662,204.16,0.00,280.79,1,3.56,1
vllm,few_shot,663,160.27,0.00,170.20,1,5.88,1
vllm,few_shot,664,164.52,92.75,257.26,2,7.77,1
vllm,few_shot,665,233.14,0.00,238.21,1,4.20,1
vllm,few_shot,666,190.66,95.85,286.51,2,6.98,1
vllm,few_shot,667,172.44,95.16,267.60,2,7.47,1
vllm,few_shot,668,241.17,0.00,267.91,1,3.73,1
vllm,few_shot,669,186.21,0.00,282.53,1,3.54,1
vllm,few_shot,670,199.91,19.14,219.06,2,9.13,1
vllm,few_shot,671,200.39,94.01,294.40,2,6.79,1
vllm,few_shot,672,155.77,155.23,311.00,2,6.43,1
vllm,few_shot,673,179.02,41.92,220.94,2,9.05,0
vllm,few_shot,674,262.91,45.10,308.01,2,6.49,1
vllm,few_shot,675,207.27,0.00,252.27,1,3.96,1
vllm,few_shot,676,206.86,0.00,252.97,1,3.95,1
vllm,few_shot,677,186.64,0.00,286.42,1,3.49,1
vllm,few_shot,678,88.92,0.00,98.97,1,10.10,1
vllm,few_shot,679,166.08,109.86,275.94,2,7.25,1
vllm,few_shot,680,192.90,0.00,296.69,1,3.37,1
vllm,few_shot,681,198.09,0.00,250.87,1,3.99,1
vllm,few_shot,682,159.15,0.00,167.87,1,5.96,1
vllm,few_shot,683,166.52,2.35,171.22,3,17.52,1
vllm,few_shot,684,206.55,0.00,256.44,1,3.90,1
vllm,few_shot,685,225.22,48.03,273.26,2,7.32,1
vllm,few_shot,686,192.69,0.00,250.54,1,3.99,1
vllm,few_shot,687,194.38,116.30,310.67,2,6.44,1
vllm,few_shot,688,78.86,28.43,107.29,2,18.64,1
vllm,few_shot,689,262.72,0.00,321.32,1,3.11,1
vllm,few_shot,690,174.39,121.07,295.46,2,6.77,1
vllm,few_shot,691,197.55,63.17,260.72,2,7.67,1
vllm,few_shot,692,79.57,0.00,112.48,1,8.89,1
vllm,few_shot,693,120.42,0.38,120.79,2,16.56,1
vllm,few_shot,694,179.83,7.93,187.75,2,10.65,1
vllm,few_shot,695,117.56,0.00,117.78,1,8.49,1
vllm,few_shot,696,97.29,0.00,120.73,1,8.28,1
vllm,few_shot,697,253.64,0.00,268.45,1,3.73,1
vllm,few_shot,698,250.89,32.14,283.03,2,7.07,1
vllm,few_shot,699,160.22,133.00,293.22,2,6.82,1
vllm,few_shot,700,162.84,117.16,280.00,2,7.14,1
vllm,few_shot,701,120.20,0.33,120.53,2,16.59,1
vllm,few_shot,702,180.65,137.46,318.11,2,6.29,1
vllm,few_shot,703,239.46,0.00,317.81,1,3.15,1
vllm,few_shot,704,143.84,141.89,285.73,2,7.00,1
vllm,few_shot,705,245.05,0.00,317.26,1,3.15,1
vllm,few_shot,706,175.44,127.01,302.44,2,6.61,1
vllm,few_shot,707,141.80,1.07,142.87,2,14.00,1
vllm,few_shot,708,218.64,72.16,290.81,2,6.88,1
vllm,few_shot,709,75.00,0.00,87.67,1,11.41,1
vllm,few_shot,710,69.94,0.00,83.58,1,11.96,1
vllm,few_shot,711,107.31,0.00,121.96,1,8.20,1
vllm,few_shot,712,92.23,0.00,106.68,1,9.37,1
vllm,few_shot,713,100.67,0.00,120.11,1,8.33,1
vllm,few_shot,714,123.19,34.31,157.49,2,12.70,1
vllm,few_shot,715,134.11,0.00,148.62,1,6.73,1
vllm,few_shot,716,111.74,31.86,143.60,2,13.93,1
vllm,few_shot,717,108.33,0.00,127.81,1,7.82,1
vllm,few_shot,718,122.37,0.00,143.87,1,6.95,1
vllm,few_shot,719,115.08,38.85,153.94,2,12.99,1
vllm,few_shot,720,129.40,0.00,149.82,1,6.67,1
vllm,few_shot,721,97.01,0.00,119.92,1,8.34,1
vllm,few_shot,722,127.98,0.00,149.98,1,6.67,1
vllm,few_shot,723,105.24,0.00,129.25,1,7.74,1
vllm,few_shot,724,147.08,0.00,176.21,1,5.67,1
vllm,few_shot,725,110.50,67.39,177.89,2,11.24,1
vllm,few_shot,726,121.82,0.00,177.79,1,5.62,1
vllm,few_shot,727,146.55,0.00,194.81,1,5.13,1
vllm,few_shot,728,139.62,0.00,206.33,1,4.85,1
vllm,few_shot,729,151.57,81.09,232.65,2,8.60,1
vllm,few_shot,730,148.46,0.00,216.76,1,4.61,1
vllm,few_shot,731,135.32,0.00,205.09,1,4.88,1
vllm,few_shot,732,165.48,0.00,184.51,1,5.42,1
vllm,few_shot,733,168.21,67.84,236.05,2,8.47,1
vllm,few_shot,734,163.78,0.00,182.16,1,5.49,1
vllm,few_shot,735,158.82,81.59,240.41,2,8.32,1
vllm,few_shot,736,176.32,0.00,190.63,1,5.25,1
vllm,few_shot,737,156.07,0.00,178.92,1,5.59,1
vllm,few_shot,738,170.94,0.00,201.86,1,4.95,1
vllm,few_shot,739,216.13,0.00,247.15,1,4.05,1
vllm,few_shot,740,165.74,0.00,184.05,1,5.43,1
vllm,few_shot,741,166.53,0.00,198.55,1,5.04,1
vllm,few_shot,742,167.22,0.00,195.29,1,5.12,1
vllm,few_shot,743,186.62,28.19,214.81,2,9.31,0
vllm,few_shot,744,98.44,83.46,181.90,2,11.00,1
vllm,few_shot,745,164.16,33.05,197.20,2,10.14,1
vllm,few_shot,746,199.44,31.99,231.43,2,8.64,1
vllm,few_shot,747,153.89,0.00,190.74,1,5.24,1
vllm,few_shot,748,177.54,34.17,211.71,2,9.45,1
vllm,few_shot,749,208.92,36.10,245.02,2,8.16,1
vllm,few_shot,750,160.07,32.52,192.59,2,10.38,1
vllm,few_shot,751,153.21,48.84,202.04,2,9.90,0
vllm,few_shot,752,143.43,50.55,193.98,2,10.31,1
vllm,few_shot,753,209.69,30.18,239.87,2,8.34,1
vllm,few_shot,754,102.77,16.61,119.38,2,16.75,1
vllm,few_shot,755,137.99,0.00,192.25,1,5.20,1
vllm,few_shot,756,148.14,0.00,153.08,1,6.53,1
vllm,few_shot,757,107.17,0.33,107.50,2,18.61,1
vllm,few_shot,758,166.34,104.42,270.75,2,7.39,1
vllm,few_shot,759,198.34,42.76,241.11,2,8.30,1
vllm,few_shot,760,103.86,0.00,104.07,1,9.61,1
vllm,few_shot,761,210.42,49.86,260.28,2,7.68,1
vllm,few_shot,762,212.92,58.04,270.97,2,7.38,1
vllm,few_shot,763,180.45,50.11,230.56,2,8.67,1
vllm,few_shot,764,205.96,43.05,249.00,2,8.03,1
vllm,few_shot,765,103.42,10.05,113.47,2,17.63,1
vllm,few_shot,766,207.15,63.04,270.18,2,7.40,1
vllm,few_shot,767,139.64,0.00,189.44,1,5.28,1
vllm,few_shot,768,113.54,3.08,116.62,2,17.15,1
vllm,few_shot,769,122.54,0.34,122.88,2,16.28,1
vllm,few_shot,770,195.45,69.58,265.02,2,7.55,1
vllm,few_shot,771,111.42,0.00,158.46,1,6.31,1
vllm,few_shot,772,162.02,65.45,227.47,2,8.79,1
vllm,few_shot,773,184.77,66.65,251.41,2,7.95,1
vllm,few_shot,774,184.70,0.00,238.63,1,4.19,1
vllm,few_shot,775,147.23,74.02,221.24,2,9.04,1
vllm,few_shot,776,157.32,78.32,235.65,2,8.49,1
vllm,few_shot,777,169.56,0.00,220.40,1,4.54,1
vllm,few_shot,778,172.75,0.00,254.01,1,3.94,1
vllm,few_shot,779,90.78,37.49,128.27,2,15.59,1
vllm,few_shot,780,133.50,0.00,138.61,1,7.21,1
vllm,few_shot,781,84.76,65.59,150.36,2,13.30,1
vllm,few_shot,782,154.44,0.00,238.75,1,4.19,1
vllm,few_shot,783,108.61,0.00,142.68,1,7.01,1
vllm,few_shot,784,169.07,0.00,242.36,1,4.13,1
vllm,few_shot,785,93.71,42.23,135.94,2,14.71,1
vllm,few_shot,786,117.05,0.00,132.69,1,7.54,1
vllm,few_shot,787,101.59,0.00,102.93,1,9.72,1
vllm,few_shot,788,116.17,85.77,201.94,2,9.90,1
vllm,few_shot,789,187.54,86.80,274.34,2,7.29,1
vllm,few_shot,790,71.21,25.26,96.47,2,20.73,1
vllm,few_shot,791,106.53,0.00,122.17,1,8.19,1
vllm,few_shot,792,88.06,0.00,101.56,1,9.85,1
vllm,few_shot,793,138.74,0.00,158.10,1,6.33,1
vllm,few_shot,794,145.74,0.00,165.93,1,6.03,1
vllm,few_shot,795,120.54,0.00,139.15,1,7.19,1
vllm,few_shot,796,101.94,36.95,138.89,2,14.40,1
vllm,few_shot,797,142.97,0.00,166.24,1,6.02,1
vllm,few_shot,798,129.46,38.69,168.15,2,11.89,1
vllm,few_shot,799,103.35,0.00,130.13,1,7.68,1
vllm,few_shot,800,120.24,0.00,147.37,1,6.79,1
vllm,few_shot,801,154.90,0.00,184.72,1,5.41,1
vllm,few_shot,802,130.78,0.00,161.00,1,6.21,1
vllm,few_shot,803,164.52,0.00,191.44,1,5.22,1
vllm,few_shot,804,140.30,71.52,211.82,2,9.44,1
vllm,few_shot,805,117.75,0.00,174.57,1,5.73,1
vllm,few_shot,806,95.37,78.34,173.71,2,11.51,0
vllm,few_shot,807,155.84,0.00,217.35,1,4.60,1
vllm,few_shot,808,138.23,0.00,202.26,1,4.94,1
vllm,few_shot,809,120.42,0.00,186.24,1,5.37,1
vllm,few_shot,810,161.48,0.00,176.59,1,5.66,1
vllm,few_shot,811,106.74,83.88,190.62,2,10.49,1
vllm,few_shot,812,152.01,0.00,222.77,1,4.49,1
vllm,few_shot,813,154.33,0.00,171.91,1,5.82,1
vllm,few_shot,814,217.62,0.00,237.69,1,4.21,1
vllm,few_shot,815,167.76,0.00,178.09,1,5.62,1
vllm,few_shot,816,162.12,0.00,183.43,1,5.45,1
vllm,few_shot,817,165.78,0.00,187.40,1,5.34,1
vllm,few_shot,818,182.15,0.00,208.17,1,4.80,1
vllm,few_shot,819,137.44,97.08,234.52,2,8.53,1
vllm,few_shot,820,166.08,75.43,241.51,2,8.28,0
vllm,few_shot,821,204.96,0.00,226.17,1,4.42,1
vllm,few_shot,822,211.08,0.00,216.18,1,4.63,1
vllm,few_shot,823,123.79,106.54,230.33,2,8.68,1
vllm,few_shot,824,161.96,0.00,188.20,1,5.31,1
vllm,few_shot,825,166.43,87.47,253.90,2,7.88,1
vllm,few_shot,826,198.92,0.00,218.29,1,4.58,1
vllm,few_shot,827,135.29,80.15,215.43,2,9.28,1
vllm,few_shot,828,135.10,40.92,176.02,2,11.36,1
vllm,few_shot,829,199.00,40.30,239.30,2,8.36,1
vllm,few_shot,830,116.78,111.42,228.20,2,8.76,0
vllm,few_shot,831,168.13,0.00,197.68,1,5.06,1
vllm,few_shot,832,149.70,33.73,183.43,2,10.90,1
vllm,few_shot,833,86.24,0.00,117.72,1,8.50,1
vllm,few_shot,834,177.96,0.00,211.66,1,4.72,1
vllm,few_shot,835,126.19,98.54,224.72,2,8.90,1
vllm,few_shot,836,87.46,0.00,92.66,1,10.79,1
vllm,few_shot,837,90.73,6.84,97.57,2,20.50,1
vllm,few_shot,838,177.18,55.10,232.28,2,8.61,1
vllm,few_shot,839,201.37,0.00,255.41,1,3.92,1
vllm,few_shot,840,164.00,40.75,204.75,2,9.77,1
vllm,few_shot,841,228.65,0.00,228.92,1,4.37,1
vllm,few_shot,842,153.73,109.37,263.10,2,7.60,1
vllm,few_shot,843,127.48,109.71,237.19,2,8.43,1
vllm,few_shot,844,205.33,49.44,254.77,2,7.85,0
vllm,few_shot,845,158.50,114.99,273.49,2,7.31,1
vllm,few_shot,846,99.41,0.00,132.93,1,7.52,1
vllm,few_shot,847,90.20,0.00,105.03,1,9.52,1
vllm,few_shot,848,99.52,0.00,114.28,1,8.75,1
vllm,few_shot,849,90.54,22.64,113.18,2,17.67,1
vllm,few_shot,850,146.48,0.00,204.43,1,4.89,1
vllm,few_shot,851,176.04,47.26,223.30,2,8.96,1
vllm,few_shot,852,198.55,58.47,257.02,2,7.78,1
vllm,few_shot,853,158.92,0.00,229.79,1,4.35,1
vllm,few_shot,854,206.54,0.00,228.81,1,4.37,1
vllm,few_shot,855,146.74,0.00,178.19,1,5.61,1
vllm,few_shot,856,185.62,69.73,255.35,2,7.83,1
vllm,few_shot,857,176.44,61.81,238.25,2,8.39,1
vllm,few_shot,858,150.76,75.58,226.34,2,8.84,1
vllm,few_shot,859,110.91,17.15,128.06,2,15.62,1
vllm,few_shot,860,95.81,0.00,146.75,1,6.81,1
vllm,few_shot,861,118.92,128.62,247.54,2,8.08,1
vllm,few_shot,862,75.91,0.00,125.54,1,7.97,1
vllm,few_shot,863,228.92,19.48,248.40,2,8.05,1
vllm,few_shot,864,166.84,75.69,242.53,2,8.25,1
vllm,few_shot,865,168.99,5.27,174.26,2,11.48,1
vllm,few_shot,866,99.20,30.57,129.77,2,15.41,1
vllm,few_shot,867,99.59,90.55,190.13,2,10.52,1
vllm,few_shot,868,60.31,0.00,66.74,1,14.98,1
vllm,few_shot,869,89.70,0.00,103.33,1,9.68,1
vllm,few_shot,870,97.24,0.00,111.37,1,8.98,1
vllm,few_shot,871,132.07,0.00,147.35,1,6.79,1
vllm,few_shot,872,111.31,0.00,127.93,1,7.82,1
vllm,few_shot,873,144.50,0.00,165.99,1,6.02,1
vllm,few_shot,874,89.08,39.97,129.05,2,15.50,1
vllm,few_shot,875,79.96,0.00,107.82,1,9.27,1
vllm,few_shot,876,118.16,72.74,190.89,2,10.48,1
vllm,few_shot,877,138.35,0.00,188.10,1,5.32,1
vllm,few_shot,878,152.55,0.00,209.70,1,4.77,1
vllm,few_shot,879,167.49,0.00,222.87,1,4.49,1
vllm,few_shot,880,144.96,0.00,201.45,1,4.96,1
vllm,few_shot,881,134.72,0.00,195.66,1,5.11,1
vllm,few_shot,882,158.44,0.00,220.59,1,4.53,1
vllm,few_shot,883,116.34,0.00,180.60,1,5.54,1
vllm,few_shot,884,175.48,0.00,236.46,1,4.23,1
vllm,few_shot,885,171.98,0.00,236.08,1,4.24,1
vllm,few_shot,886,146.99,65.64,212.63,2,9.41,1
vllm,few_shot,887,148.13,0.00,171.56,1,5.83,1
vllm,few_shot,888,156.78,0.00,168.00,1,5.95,1
vllm,few_shot,889,161.57,0.00,165.84,1,6.03,1
vllm,few_shot,890,118.14,75.11,193.25,2,10.35,1
vllm,few_shot,891,179.64,0.00,193.36,1,5.17,1
vllm,few_shot,892,155.52,81.07,236.59,2,8.45,1
vllm,few_shot,893,183.12,0.00,214.47,1,4.66,1
vllm,few_shot,894,172.89,0.00,193.13,1,5.18,1
vllm,few_shot,895,181.84,0.00,210.88,1,4.74,1
vllm,few_shot,896,137.32,36.27,173.59,2,11.52,1
vllm,few_shot,897,128.06,110.33,238.39,2,8.39,1
vllm,few_shot,898,154.51,0.00,197.66,1,5.06,1
vllm,few_shot,899,174.21,0.00,216.84,1,4.61,1
vllm,few_shot,900,224.91,0.00,263.14,1,3.80,1
vllm,few_shot,901,228.32,0.00,233.03,1,4.29,1
vllm,few_shot,902,181.20,0.00,216.69,1,4.61,1
vllm,few_shot,903,190.23,0.00,200.40,1,4.99,1
vllm,few_shot,904,157.10,95.71,252.81,2,7.91,1
vllm,few_shot,905,167.64,48.22,215.85,2,9.27,1
vllm,few_shot,906,131.82,12.61,144.43,2,13.85,1
vllm,few_shot,907,184.10,0.00,203.73,1,4.91,1
vllm,few_shot,908,170.66,52.09,222.75,2,8.98,1
vllm,few_shot,909,194.38,0.00,199.69,1,5.01,1
vllm,few_shot,910,139.97,0.00,173.85,1,5.75,1
vllm,few_shot,911,89.07,0.00,99.26,1,10.07,1
vllm,few_shot,912,150.50,0.00,203.74,1,4.91,1
vllm,few_shot,913,105.32,108.25,213.57,2,9.36,1
vllm,few_shot,914,141.69,0.00,152.10,1,6.57,1
vllm,few_shot,915,162.90,35.42,198.32,2,10.08,1
vllm,few_shot,916,194.01,0.00,198.08,1,5.05,1
vllm,few_shot,917,139.43,114.64,254.07,2,7.87,1
vllm,few_shot,918,165.65,0.00,204.17,1,4.90,1
vllm,few_shot,919,151.38,57.51,208.89,2,9.57,1
vllm,few_shot,920,179.83,55.53,235.35,2,8.50,1
vllm,few_shot,921,205.77,10.48,216.25,2,9.25,1
vllm,few_shot,922,160.10,0.00,228.40,1,4.38,1
vllm,few_shot,923,186.68,64.82,251.51,2,7.95,1
vllm,few_shot,924,177.02,0.00,233.75,1,4.28,1
vllm,few_shot,925,206.99,68.23,275.22,2,7.27,1
vllm,few_shot,926,88.89,52.31,141.20,2,14.16,0
vllm,few_shot,927,189.26,61.87,251.13,2,7.96,1
vllm,few_shot,928,192.33,70.83,263.16,2,7.60,1
vllm,few_shot,929,106.75,0.00,129.35,1,7.73,1
vllm,few_shot,930,106.64,47.02,153.66,2,13.02,1
vllm,few_shot,931,163.13,0.00,244.68,1,4.09,1
vllm,few_shot,932,199.71,86.84,286.55,2,6.98,1
vllm,few_shot,933,244.25,14.90,259.16,2,7.72,1
vllm,few_shot,934,92.34,0.00,131.27,1,7.62,1
vllm,few_shot,935,176.56,0.00,268.92,1,3.72,1
vllm,few_shot,936,151.81,0.00,233.95,1,4.27,1
vllm,few_shot,937,162.68,78.26,240.94,2,8.30,1
vllm,few_shot,938,180.51,66.46,246.97,2,8.10,1
vllm,few_shot,939,150.47,143.11,293.59,2,6.81,1
vllm,few_shot,940,63.14,28.87,92.01,2,21.74,1
vllm,few_shot,941,92.63,0.00,100.29,1,9.97,1
vllm,few_shot,942,113.83,0.00,123.45,1,8.10,1
vllm,few_shot,943,105.55,0.00,114.92,1,8.70,1
vllm,few_shot,944,110.65,0.00,119.28,1,8.38,1
vllm,few_shot,945,139.81,0.00,150.60,1,6.64,1
vllm,few_shot,946,147.65,0.00,159.00,1,6.29,1
vllm,few_shot,947,101.70,0.00,115.60,1,8.65,1
vllm,few_shot,948,133.03,69.31,202.34,2,9.88,1
vllm,few_shot,949,107.01,68.46,175.47,2,11.40,1
vllm,few_shot,950,129.40,0.00,188.76,1,5.30,1
vllm,few_shot,951,190.43,0.00,208.81,1,4.79,1
vllm,few_shot,952,162.74,0.00,184.73,1,5.41,1
vllm,few_shot,953,147.54,0.00,172.46,1,5.80,1
vllm,few_shot,954,200.87,0.00,222.75,1,4.49,1
vllm,few_shot,955,185.05,0.00,206.64,1,4.84,1
vllm,few_shot,956,130.74,0.00,150.95,1,6.62,1
vllm,few_shot,957,143.88,0.00,168.72,1,5.93,1
vllm,few_shot,958,124.66,76.72,201.37,2,9.93,1
vllm,few_shot,959,191.29,0.00,219.08,1,4.56,1
vllm,few_shot,960,161.70,0.00,182.39,1,5.48,1
vllm,few_shot,961,103.77,76.34,180.11,2,11.10,1
vllm,few_shot,962,180.17,0.00,205.94,1,4.86,1
vllm,few_shot,963,154.13,0.00,184.44,1,5.42,1
vllm,few_shot,964,191.32,0.00,191.57,1,5.22,1
vllm,few_shot,965,146.80,0.00,173.22,1,5.77,1
vllm,few_shot,966,100.96,80.53,181.49,2,11.02,1
vllm,few_shot,967,142.63,0.00,165.99,1,6.02,1
vllm,few_shot,968,173.74,0.00,199.98,1,5.00,1
vllm,few_shot,969,152.62,83.36,235.98,2,8.48,1
vllm,few_shot,970,177.09,0.00,209.67,1,4.77,1
vllm,few_shot,971,167.63,0.00,182.55,1,5.48,1
vllm,few_shot,972,165.11,32.36,197.47,2,10.13,1
vllm,few_shot,973,152.17,26.78,178.95,2,11.18,1
vllm,few_shot,974,195.12,0.00,225.85,1,4.43,1
vllm,few_shot,975,145.77,0.00,173.32,1,5.77,1
vllm,few_shot,976,176.73,0.00,212.72,1,4.70,1
vllm,few_shot,977,151.69,0.00,187.04,1,5.35,1
vllm,few_shot,978,148.26,0.00,156.82,1,6.38,1
vllm,few_shot,979,161.21,0.00,176.03,1,5.68,1
vllm,few_shot,980,170.43,35.78,206.21,2,9.70,1
vllm,few_shot,981,165.84,28.95,194.79,2,10.27,1
vllm,few_shot,982,162.10,0.00,164.10,1,6.09,1
vllm,few_shot,983,145.31,0.00,177.74,1,5.63,1
vllm,few_shot,984,124.91,0.00,158.86,1,6.30,1
vllm,few_shot,985,134.28,40.17,174.44,2,11.47,1
vllm,few_shot,986,164.14,30.52,194.67,2,10.27,1
vllm,few_shot,987,121.23,39.95,161.18,2,12.41,1
vllm,few_shot,988,145.75,0.00,160.19,1,6.24,1
vllm,few_shot,989,144.72,28.47,173.20,2,11.55,1
vllm,few_shot,990,157.77,39.53,197.30,2,10.14,1
vllm,few_shot,991,182.23,39.96,222.19,2,9.00,1
vllm,few_shot,992,152.35,32.17,184.51,2,10.84,0
vllm,few_shot,993,160.25,0.00,175.15,1,5.71,1
vllm,few_shot,994,145.28,19.89,165.16,2,12.11,1
vllm,few_shot,995,192.25,16.29,208.54,2,9.59,1
vllm,few_shot,996,179.76,7.14,186.90,2,10.70,1
vllm,few_shot,997,207.04,19.90,226.94,2,8.81,1
vllm,few_shot,998,185.79,40.27,226.07,2,8.85,1
vllm,few_shot,999,184.39,10.51,194.91,2,10.26,1
vllm,self_consistency,0,129.79,0.00,158.90,1,6.29,1
vllm,self_consistency,1,159.81,0.00,202.24,1,4.94,1
vllm,self_consistency,2,246.04,0.00,246.28,1,4.06,1
vllm,self_consistency,3,165.53,0.00,223.85,1,4.47,1
vllm,self_consistency,4,173.53,0.00,178.78,1,5.59,1
vllm,self_consistency,5,164.32,0.00,189.88,1,5.27,1
vllm,self_consistency,6,170.70,0.00,180.74,1,5.53,1
vllm,self_consistency,7,132.09,0.00,151.58,1,6.60,1
vllm,self_consistency,8,362.12,0.00,540.36,1,1.85,1
vllm,self_consistency,9,242.48,0.00,242.74,1,4.12,1
vllm,self_consistency,10,89.11,0.00,108.77,1,9.19,1
vllm,self_consistency,11,182.14,0.00,182.40,1,5.48,1
vllm,self_consistency,12,184.45,0.00,184.80,1,5.41,1
vllm,self_consistency,13,139.03,0.00,143.74,1,6.96,1
vllm,self_consistency,14,155.05,0.00,161.71,1,6.18,1
vllm,self_consistency,15,197.04,0.00,201.49,1,4.96,1
vllm,self_consistency,16,203.89,0.00,225.66,1,4.43,1
vllm,self_consistency,17,98.66,0.00,127.10,1,7.87,1
vllm,self_consistency,18,147.59,0.00,160.24,1,6.24,1
vllm,self_consistency,19,261.14,0.00,261.46,1,3.82,1
vllm,self_consistency,20,180.89,0.00,185.74,1,5.38,1
vllm,self_consistency,21,231.42,0.00,241.11,1,4.15,1
vllm,self_consistency,22,283.73,0.00,304.76,1,3.28,1
vllm,self_consistency,23,150.29,0.00,161.82,1,6.18,1
vllm,self_consistency,24,85.53,0.00,113.32,1,8.82,1
vllm,self_consistency,25,128.69,0.00,128.99,1,7.75,1
vllm,self_consistency,26,137.68,0.00,142.91,1,7.00,1
vllm,self_consistency,27,100.28,0.00,100.58,1,9.94,1
vllm,self_consistency,28,132.21,0.00,147.70,1,6.77,1
vllm,self_consistency,29,217.94,0.00,240.53,1,4.16,1
vllm,self_consistency,30,167.41,0.00,189.92,1,5.27,1
vllm,self_consistency,31,297.69,0.00,302.04,1,3.31,1
vllm,self_consistency,32,159.08,0.00,219.39,1,4.56,1
vllm,self_consistency,33,299.13,0.00,304.11,1,3.29,1
vllm,self_consistency,34,221.67,0.00,221.95,1,4.51,1
vllm,self_consistency,35,282.60,0.00,311.59,1,3.21,1
vllm,self_consistency,36,231.94,0.00,232.18,1,4.31,1
vllm,self_consistency,37,75.97,0.00,95.17,1,10.51,1
vllm,self_consistency,38,259.29,0.00,279.87,1,3.57,1
vllm,self_consistency,39,212.20,0.00,237.38,1,4.21,1
vllm,self_consistency,40,169.29,0.00,214.24,1,4.67,1
vllm,self_consistency,41,238.41,0.00,278.35,1,3.59,1
vllm,self_consistency,42,231.08,0.00,259.05,1,3.86,1
vllm,self_consistency,43,210.30,0.00,210.64,1,4.75,1
vllm,self_consistency,44,127.26,0.00,127.58,1,7.84,1
vllm,self_consistency,45,235.80,0.00,344.19,1,2.91,1
vllm,self_consistency,46,222.68,0.00,267.90,1,3.73,1
vllm,self_consistency,47,259.63,0.00,338.48,1,2.95,1
vllm,self_consistency,48,401.38,0.00,401.65,1,2.49,1
vllm,self_consistency,49,139.74,0.00,184.44,1,5.42,1
vllm,self_consistency,50,190.53,0.00,206.17,1,4.85,1
vllm,self_consistency,51,375.85,0.00,395.21,1,2.53,1
vllm,self_consistency,52,72.18,0.00,84.95,1,11.77,1
vllm,self_consistency,53,314.43,0.00,339.33,1,2.95,1
vllm,self_consistency,54,204.06,0.00,238.12,1,4.20,1
vllm,self_consistency,55,369.86,0.00,403.38,1,2.48,1
vllm,self_consistency,56,191.07,0.00,215.99,1,4.63,1
vllm,self_consistency,57,416.85,0.00,421.22,1,2.37,1
vllm,self_consistency,58,67.00,0.00,83.21,1,12.02,1
vllm,self_consistency,59,354.45,0.00,359.85,1,2.78,1
vllm,self_consistency,60,153.49,0.00,194.33,1,5.15,1
vllm,self_consistency,61,175.07,0.00,200.21,1,4.99,1
vllm,self_consistency,62,156.76,0.00,172.07,1,5.81,1
vllm,self_consistency,63,192.85,0.00,262.68,1,3.81,1
vllm,self_consistency,64,242.82,0.00,278.50,1,3.59,1
vllm,self_consistency,65,180.20,0.00,180.57,1,5.54,1
vllm,self_consistency,66,131.15,0.00,164.36,1,6.08,1
vllm,self_consistency,67,183.92,0.00,245.65,1,4.07,1
vllm,self_consistency,68,250.56,0.00,307.49,1,3.25,1
vllm,self_consistency,69,128.72,0.00,129.05,1,7.75,1
vllm,self_consistency,70,119.69,0.00,128.88,1,7.76,1
vllm,self_consistency,71,215.56,0.00,252.56,1,3.96,1
vllm,self_consistency,72,250.80,0.00,255.77,1,3.91,1
vllm,self_consistency,73,294.13,0.00,299.27,1,3.34,1
vllm,self_consistency,74,193.87,0.00,197.09,1,5.07,1
vllm,self_consistency,75,97.21,0.00,106.61,1,9.38,1
vllm,self_consistency,76,141.45,0.00,179.91,1,5.56,1
vllm,self_consistency,77,209.13,0.00,240.90,1,4.15,1
vllm,self_consistency,78,149.94,0.00,175.14,1,5.71,1
vllm,self_consistency,79,149.37,0.00,213.68,1,4.68,1
vllm,self_consistency,80,155.90,0.00,161.31,1,6.20,1
vllm,self_consistency,81,257.61,0.00,313.53,1,3.19,1
vllm,self_consistency,82,158.46,0.00,179.23,1,5.58,1
vllm,self_consistency,83,302.61,0.00,387.05,1,2.58,1
vllm,self_consistency,84,258.93,0.00,292.32,1,3.42,1
vllm,self_consistency,85,115.79,0.00,189.84,1,5.27,1
vllm,self_consistency,86,207.52,0.00,276.64,1,3.61,1
vllm,self_consistency,87,291.49,0.00,291.80,1,3.43,1
vllm,self_consistency,88,155.04,0.00,164.20,1,6.09,1
vllm,self_consistency,89,170.24,0.00,184.89,1,5.41,1
vllm,self_consistency,90,217.42,0.00,232.47,1,4.30,1
vllm,self_consistency,91,183.46,0.00,211.66,1,4.72,1
vllm,self_consistency,92,164.24,0.00,311.98,1,3.21,1
vllm,self_consistency,93,108.52,0.00,115.05,1,8.69,1
vllm,self_consistency,94,109.73,0.00,145.20,1,6.89,1
vllm,self_consistency,95,99.21,0.00,103.19,1,9.69,1
vllm,self_consistency,96,192.39,0.00,192.64,1,5.19,1
vllm,self_consistency,97,312.31,0.00,312.64,1,3.20,1
vllm,self_consistency,98,448.02,0.00,483.74,1,2.07,1
vllm,self_consistency,99,102.26,0.00,127.62,1,7.84,1
vllm,self_consistency,100,52.69,0.00,80.89,1,12.36,1
vllm,self_consistency,101,268.96,0.00,299.01,1,3.34,1
vllm,self_consistency,102,400.02,0.00,435.29,1,2.30,1
vllm,self_consistency,103,240.40,0.00,245.10,1,4.08,1
vllm,self_consistency,104,362.54,0.00,372.55,1,2.68,1
vllm,self_consistency,105,283.27,0.00,288.09,1,3.47,1
vllm,self_consistency,106,169.89,0.00,179.39,1,5.57,1
vllm,self_consistency,107,121.73,0.00,208.86,1,4.79,1
vllm,self_consistency,108,170.23,0.00,175.26,1,5.71,1
vllm,self_consistency,109,233.01,0.00,236.80,1,4.22,1
vllm,self_consistency,110,190.19,0.00,214.03,1,4.67,1
vllm,self_consistency,111,103.65,0.00,141.57,1,7.06,1
vllm,self_consistency,112,321.42,0.00,336.44,1,2.97,1
vllm,self_consistency,113,151.79,0.00,152.07,1,6.58,1
vllm,self_consistency,114,235.65,0.00,248.33,1,4.03,1
vllm,self_consistency,115,253.80,0.00,317.73,1,3.15,1
vllm,self_consistency,116,105.16,0.00,132.67,1,7.54,1
vllm,self_consistency,117,137.37,0.00,258.67,1,3.87,1
vllm,self_consistency,118,226.71,0.00,271.05,1,3.69,1
vllm,self_consistency,119,389.49,0.00,422.63,1,2.37,1
vllm,self_consistency,120,168.27,0.00,178.46,1,5.60,1
vllm,self_consistency,121,181.81,0.00,182.11,1,5.49,1
vllm,self_consistency,122,168.00,0.00,168.29,1,5.94,1
vllm,self_consistency,123,191.48,0.00,208.92,1,4.79,1
vllm,self_consistency,124,155.40,0.00,169.00,1,5.92,1
vllm,self_consistency,125,227.38,0.00,235.95,1,4.24,1
vllm,self_consistency,126,84.15,0.00,104.53,1,9.57,1
vllm,self_consistency,127,206.80,0.00,232.25,1,4.31,1
vllm,self_consistency,128,267.91,0.00,281.83,1,3.55,1
vllm,self_consistency,129,173.39,0.00,197.40,1,5.07,1
vllm,self_consistency,130,161.97,0.00,291.99,1,3.42,1
vllm,self_consistency,131,152.27,0.00,152.58,1,6.55,1
vllm,self_consistency,132,341.40,0.00,355.72,1,2.81,1
vllm,self_consistency,133,197.06,0.00,208.18,1,4.80,1
vllm,self_consistency,134,251.08,0.00,305.80,1,3.27,1
vllm,self_consistency,135,306.72,0.00,383.00,1,2.61,1
vllm,self_consistency,136,331.77,0.00,351.65,1,2.84,1
vllm,self_consistency,137,253.50,0.00,263.09,1,3.80,1
vllm,self_consistency,138,290.30,0.00,313.16,1,3.19,1
vllm,self_consistency,139,221.16,0.00,230.40,1,4.34,1
vllm,self_consistency,140,103.58,0.00,108.73,1,9.20,1
vllm,self_consistency,141,94.83,0.00,103.30,1,9.68,1
vllm,self_consistency,142,224.69,0.00,225.01,1,4.44,1
vllm,self_consistency,143,152.58,0.00,229.68,1,4.35,1
vllm,self_consistency,144,66.39,0.00,73.21,1,13.66,1
vllm,self_consistency,145,294.99,0.00,295.32,1,3.39,1
vllm,self_consistency,146,162.36,0.00,198.80,1,5.03,1
vllm,self_consistency,147,199.83,0.00,210.22,1,4.76,1
vllm,self_consistency,148,126.97,0.00,196.50,1,5.09,1
vllm,self_consistency,149,207.70,0.00,252.78,1,3.96,1
vllm,self_consistency,150,160.72,0.00,165.68,1,6.04,1
vllm,self_consistency,151,246.60,0.00,252.11,1,3.97,1
vllm,self_consistency,152,207.28,0.00,220.99,1,4.53,1
vllm,self_consistency,153,208.00,0.00,238.58,1,4.19,1
vllm,self_consistency,154,305.05,0.00,305.52,1,3.27,1
vllm,self_consistency,155,97.07,0.00,133.99,1,7.46,1
vllm,self_consistency,156,69.33,0.00,97.09,1,10.30,1
vllm,self_consistency,157,176.66,0.00,177.00,1,5.65,1
vllm,self_consistency,158,384.61,0.00,389.51,1,2.57,1
vllm,self_consistency,159,245.83,0.00,246.13,1,4.06,1
vllm,self_consistency,160,280.59,0.00,300.47,1,3.33,1
vllm,self_consistency,161,132.86,0.00,189.82,1,5.27,1
vllm,self_consistency,162,163.24,0.00,213.55,1,4.68,1
vllm,self_consistency,163,168.43,0.00,182.96,1,5.47,1
vllm,self_consistency,164,332.35,0.00,347.87,1,2.87,1
vllm,self_consistency,165,250.33,0.00,290.73,1,3.44,1
vllm,self_consistency,166,213.17,0.00,226.00,1,4.42,1
vllm,self_consistency,167,254.35,0.00,328.65,1,3.04,1
vllm,self_consistency,168,177.46,0.00,191.76,1,5.21,1
vllm,self_consistency,169,205.73,0.00,225.39,1,4.44,1
vllm,self_consistency,170,190.35,0.00,199.09,1,5.02,1
vllm,self_consistency,171,172.16,0.00,230.76,1,4.33,1
vllm,self_consistency,172,122.80,0.00,160.72,1,6.22,1
vllm,self_consistency,173,175.87,0.00,180.10,1,5.55,1
vllm,self_consistency,174,336.60,0.00,346.78,1,2.88,1
vllm,self_consistency,175,330.36,0.00,340.10,1,2.94,1
vllm,self_consistency,176,163.57,0.00,207.98,1,4.81,1
vllm,self_consistency,177,250.73,0.00,281.33,1,3.55,1
vllm,self_consistency,178,317.73,0.00,318.10,1,3.14,1
vllm,self_consistency,179,197.70,0.00,216.79,1,4.61,1
vllm,self_consistency,180,179.67,0.00,179.96,1,5.56,1
vllm,self_consistency,181,123.18,0.00,128.38,1,7.79,1
vllm,self_consistency,182,99.84,0.00,104.52,1,9.57,1
vllm,self_consistency,183,374.56,0.00,377.47,1,2.65,1
vllm,self_consistency,184,102.72,0.00,121.89,1,8.20,1
vllm,self_consistency,185,439.56,0.00,478.88,1,2.09,1
vllm,self_consistency,186,202.36,0.00,349.94,1,2.86,1
vllm,self_consistency,187,232.78,0.00,238.20,1,4.20,1
vllm,self_consistency,188,330.73,0.00,415.96,1,2.40,1
vllm,self_consistency,189,256.57,0.00,310.51,1,3.22,1
vllm,self_consistency,190,123.83,0.00,124.09,1,8.06,1
vllm,self_consistency,191,75.52,0.00,80.47,1,12.43,1
vllm,self_consistency,192,165.91,0.00,205.56,1,4.86,1
vllm,self_consistency,193,218.06,0.00,341.59,1,2.93,1
vllm,self_consistency,194,214.94,0.00,302.73,1,3.30,1
vllm,self_consistency,195,330.82,0.00,335.60,1,2.98,1
vllm,self_consistency,196,149.41,0.00,154.37,1,6.48,1
vllm,self_consistency,197,113.76,0.00,143.00,1,6.99,1
vllm,self_consistency,198,134.56,0.00,169.39,1,5.90,1
vllm,self_consistency,199,137.11,0.00,160.60,1,6.23,1
vllm,self_consistency,200,194.15,0.00,231.27,1,4.32,1
vllm,self_consistency,201,75.18,0.00,86.45,1,11.57,1
vllm,self_consistency,202,350.22,0.00,384.44,1,2.60,1
vllm,self_consistency,203,238.43,0.00,307.31,1,3.25,1
vllm,self_consistency,204,327.08,0.00,342.32,1,2.92,1
vllm,self_consistency,205,76.10,0.00,93.34,1,10.71,1
vllm,self_consistency,206,221.22,0.00,231.61,1,4.32,1
vllm,self_consistency,207,195.83,0.00,196.08,1,5.10,1
vllm,self_consistency,208,173.94,0.00,196.84,1,5.08,1
vllm,self_consistency,209,124.61,0.00,129.53,1,7.72,1
vllm,self_consistency,210,159.11,0.00,172.20,1,5.81,1
vllm,self_consistency,211,179.87,0.00,190.10,1,5.26,1
vllm,self_consistency,212,236.91,0.00,272.20,1,3.67,1
vllm,self_consistency,213,225.73,0.00,247.56,1,4.04,1
vllm,self_consistency,214,114.99,0.00,139.32,1,7.18,1
vllm,self_consistency,215,169.32,0.00,177.90,1,5.62,1
vllm,self_consistency,216,294.02,0.00,304.20,1,3.29,1
vllm,self_consistency,217,145.35,0.00,170.29,1,5.87,1
vllm,self_consistency,218,145.02,0.00,165.07,1,6.06,1
vllm,self_consistency,219,99.54,0.00,102.89,1,9.72,1
vllm,self_consistency,220,217.41,0.00,217.68,1,4.59,1
vllm,self_consistency,221,129.54,0.00,182.36,1,5.48,1
vllm,self_consistency,222,86.61,0.00,97.90,1,10.21,1
vllm,self_consistency,223,294.33,0.00,395.57,1,2.53,1
vllm,self_consistency,224,218.90,0.00,239.09,1,4.18,1
vllm,self_consistency,225,210.20,0.00,257.40,1,3.88,1
vllm,self_consistency,226,166.22,0.00,180.50,1,5.54,1
vllm,self_consistency,227,258.71,0.00,264.11,1,3.79,1
vllm,self_consistency,228,192.17,0.00,197.17,1,5.07,1
vllm,self_consistency,229,306.54,0.00,349.62,1,2.86,1
vllm,self_consistency,230,112.93,0.00,129.44,1,7.73,1
vllm,self_consistency,231,234.63,0.00,242.10,1,4.13,1
vllm,self_consistency,232,228.95,0.00,236.80,1,4.22,1
vllm,self_consistency,233,156.40,0.00,156.66,1,6.38,1
vllm,self_consistency,234,204.98,0.00,236.70,1,4.22,1
vllm,self_consistency,235,86.11,0.00,108.30,1,9.23,1
vllm,self_consistency,236,98.79,0.00,111.48,1,8.97,1
vllm,self_consistency,237,170.59,0.00,179.93,1,5.56,1
vllm,self_consistency,238,95.23,0.00,104.04,1,9.61,1
vllm,self_consistency,239,73.52,0.00,114.63,1,8.72,1
vllm,self_consistency,240,76.65,0.00,95.29,1,10.49,1
vllm,self_consistency,241,267.67,0.00,268.00,1,3.73,1
vllm,self_consistency,242,203.35,0.00,203.61,1,4.91,1
vllm,self_consistency,243,204.93,0.00,238.86,1,4.19,1
vllm,self_consistency,244,184.73,0.00,244.63,1,4.09,1
vllm,self_consistency,245,164.37,0.00,232.86,1,4.29,1
vllm,self_consistency,246,225.37,0.00,225.67,1,4.43,1
vllm,self_consistency,247,91.66,0.00,91.92,1,10.88,1
vllm,self_consistency,248,90.52,0.00,118.71,1,8.42,1
vllm,self_consistency,249,218.20,0.00,233.40,1,4.28,1
vllm,self_consistency,250,108.07,0.00,148.11,1,6.75,1
vllm,self_consistency,251,145.73,0.00,167.25,1,5.98,1
vllm,self_consistency,252,139.74,0.00,160.18,1,6.24,1
vllm,self_consistency,253,291.03,0.00,322.78,1,3.10,1
vllm,self_consistency,254,490.49,0.00,511.45,1,1.96,1
vllm,self_consistency,255,237.69,0.00,256.61,1,3.90,1
vllm,self_consistency,256,113.10,0.00,163.38,1,6.12,1
vllm,self_consistency,257,278.83,0.00,279.15,1,3.58,1
vllm,self_consistency,258,198.43,0.00,231.28,1,4.32,1
vllm,self_consistency,259,129.84,0.00,130.11,1,7.69,1
vllm,self_consistency,260,232.91,0.00,238.27,1,4.20,1
vllm,self_consistency,261,105.40,0.00,115.91,1,8.63,1
vllm,self_consistency,262,144.18,0.00,169.22,1,5.91,1
vllm,self_consistency,263,364.79,0.00,365.13,1,2.74,1
vllm,self_consistency,264,224.50,0.00,224.86,1,4.45,1
vllm,self_consistency,265,217.44,0.00,225.92,1,4.43,1
vllm,self_consistency,266,323.17,0.00,343.45,1,2.91,1
vllm,self_consistency,267,158.92,0.00,178.00,1,5.62,1
vllm,self_consistency,268,150.66,0.00,215.56,1,4.64,1
vllm,self_consistency,269,396.93,0.00,493.81,1,2.03,1
vllm,self_consistency,270,232.41,0.00,232.70,1,4.30,1
vllm,self_consistency,271,129.73,0.00,150.49,1,6.64,1
vllm,self_consistency,272,130.04,0.00,176.03,1,5.68,1
vllm,self_consistency,273,138.89,0.00,153.78,1,6.50,1
vllm,self_consistency,274,114.48,0.00,118.76,1,8.42,1
vllm,self_consistency,275,192.71,0.00,193.11,1,5.18,1
vllm,self_consistency,276,279.61,0.00,279.92,1,3.57,1
vllm,self_consistency,277,117.56,0.00,121.97,1,8.20,1
vllm,self_consistency,278,126.13,0.00,145.29,1,6.88,1
vllm,self_consistency,279,115.79,0.00,126.92,1,7.88,1
vllm,self_consistency,280,188.06,0.00,212.21,1,4.71,1
vllm,self_consistency,281,151.95,0.00,221.36,1,4.52,1
vllm,self_consistency,282,251.12,0.00,270.36,1,3.70,1
vllm,self_consistency,283,210.16,0.00,215.21,1,4.65,1
vllm,self_consistency,284,169.26,0.00,183.79,1,5.44,1
vllm,self_consistency,285,151.52,0.00,156.57,1,6.39,1
vllm,self_consistency,286,314.12,0.00,357.93,1,2.79,1
vllm,self_consistency,287,143.52,0.00,172.23,1,5.81,1
vllm,self_consistency,288,139.15,0.00,139.45,1,7.17,1
vllm,self_consistency,289,346.66,0.00,382.06,1,2.62,1
vllm,self_consistency,290,336.43,0.00,364.72,1,2.74,1
vllm,self_consistency,291,89.40,0.00,94.92,1,10.54,1
vllm,self_consistency,292,201.70,0.00,207.05,1,4.83,1
vllm,self_consistency,293,159.23,0.00,242.16,1,4.13,1
vllm,self_consistency,294,163.90,0.00,253.60,1,3.94,1
vllm,self_consistency,295,179.21,0.00,239.55,1,4.17,1
vllm,self_consistency,296,140.87,0.00,155.92,1,6.41,1
vllm,self_consistency,297,142.97,0.00,183.75,1,5.44,1
vllm,self_consistency,298,115.03,0.00,177.49,1,5.63,1
vllm,self_consistency,299,348.17,0.00,372.25,1,2.69,1
vllm,self_consistency,300,271.98,0.00,279.41,1,3.58,1
vllm,self_consistency,301,324.12,0.00,334.51,1,2.99,1
vllm,self_consistency,302,183.49,0.00,228.91,1,4.37,1
vllm,self_consistency,303,151.77,0.00,199.44,1,5.01,1
vllm,self_consistency,304,189.83,0.00,195.16,1,5.12,1
vllm,self_consistency,305,101.37,0.00,144.37,1,6.93,1
vllm,self_consistency,306,106.53,0.00,113.25,1,8.83,1
vllm,self_consistency,307,161.69,0.00,189.07,1,5.29,1
vllm,self_consistency,308,167.00,0.00,186.24,1,5.37,1
vllm,self_consistency,309,286.74,0.00,345.16,1,2.90,1
vllm,self_consistency,310,173.46,0.00,187.27,1,5.34,1
vllm,self_consistency,311,78.88,0.00,99.23,1,10.08,1
vllm,self_consistency,312,109.76,0.00,152.87,1,6.54,1
vllm,self_consistency,313,102.35,0.00,106.98,1,9.35,1
vllm,self_consistency,314,210.62,0.00,210.85,1,4.74,1
vllm,self_consistency,315,276.37,0.00,276.65,1,3.61,1
vllm,self_consistency,316,258.90,0.00,284.03,1,3.52,1
vllm,self_consistency,317,251.29,0.00,251.63,1,3.97,1
vllm,self_consistency,318,201.26,0.00,216.62,1,4.62,1
vllm,self_consistency,319,256.86,0.00,257.14,1,3.89,1
vllm,self_consistency,320,96.85,0.00,163.13,1,6.13,1
vllm,self_consistency,321,143.59,0.00,148.98,1,6.71,1
vllm,self_consistency,322,152.54,0.00,177.43,1,5.64,1
vllm,self_consistency,323,200.84,0.00,216.79,1,4.61,1
vllm,self_consistency,324,108.78,0.00,137.41,1,7.28,1
vllm,self_consistency,325,86.54,0.00,103.34,1,9.68,1
vllm,self_consistency,326,281.83,0.00,332.06,1,3.01,1
vllm,self_consistency,327,271.69,0.00,340.66,1,2.94,1
vllm,self_consistency,328,183.19,0.00,190.09,1,5.26,1
vllm,self_consistency,329,190.40,0.00,215.75,1,4.64,1
vllm,self_consistency,330,178.15,0.00,244.00,1,4.10,1
vllm,self_consistency,331,239.59,0.00,239.99,1,4.17,1
vllm,self_consistency,332,207.03,0.00,211.71,1,4.72,1
vllm,self_consistency,333,136.78,0.00,155.17,1,6.44,1
vllm,self_consistency,334,295.17,0.00,300.55,1,3.33,1
vllm,self_consistency,335,257.39,0.00,356.18,1,2.81,1
vllm,self_consistency,336,176.59,0.00,182.08,1,5.49,1
vllm,self_consistency,337,375.49,0.00,428.58,1,2.33,1
vllm,self_consistency,338,303.99,0.00,329.39,1,3.04,1
vllm,self_consistency,339,216.49,0.00,383.34,1,2.61,1
vllm,self_consistency,340,177.93,0.00,206.56,1,4.84,1
vllm,self_consistency,341,206.56,0.00,235.80,1,4.24,1
vllm,self_consistency,342,170.75,0.00,219.10,1,4.56,1
vllm,self_consistency,343,83.27,0.00,126.69,1,7.89,1
vllm,self_consistency,344,92.81,0.00,100.02,1,10.00,1
vllm,self_consistency,345,290.09,0.00,302.42,1,3.31,1
vllm,self_consistency,346,200.05,0.00,210.52,1,4.75,1
vllm,self_consistency,347,218.74,0.00,262.64,1,3.81,1
vllm,self_consistency,348,207.44,0.00,225.79,1,4.43,1
vllm,self_consistency,349,277.05,0.00,291.32,1,3.43,1
vllm,self_consistency,350,286.99,0.00,307.15,1,3.26,1
vllm,self_consistency,351,231.12,0.00,256.25,1,3.90,1
vllm,self_consistency,352,242.02,0.00,242.36,1,4.13,1
vllm,self_consistency,353,212.52,0.00,215.94,1,4.63,1
vllm,self_consistency,354,252.37,0.00,257.10,1,3.89,1
vllm,self_consistency,355,116.41,0.00,172.66,1,5.79,1
vllm,self_consistency,356,201.31,0.00,215.73,1,4.64,1
vllm,self_consistency,357,206.30,0.00,244.18,1,4.10,1
vllm,self_consistency,358,139.82,0.00,169.21,1,5.91,1
vllm,self_consistency,359,93.75,0.00,107.76,1,9.28,1
vllm,self_consistency,360,391.60,0.00,396.19,1,2.52,1
vllm,self_consistency,361,267.67,0.00,296.66,1,3.37,1
vllm,self_consistency,362,155.72,0.00,184.29,1,5.43,1
vllm,self_consistency,363,67.87,0.00,94.49,1,10.58,1
vllm,self_consistency,364,351.97,0.00,386.63,1,2.59,1
vllm,self_consistency,365,67.44,0.00,85.59,1,11.68,1
vllm,self_consistency,366,211.01,0.00,254.85,1,3.92,1
vllm,self_consistency,367,371.32,0.00,400.92,1,2.49,1
vllm,self_consistency,368,152.84,0.00,223.20,1,4.48,1
vllm,self_consistency,369,178.38,0.00,178.85,1,5.59,1
vllm,self_consistency,370,140.22,0.00,165.30,1,6.05,1
vllm,self_consistency,371,114.40,0.00,139.03,1,7.19,1
vllm,self_consistency,372,73.55,0.00,109.52,1,9.13,1
vllm,self_consistency,373,228.41,0.00,242.61,1,4.12,1
vllm,self_consistency,374,137.57,0.00,142.45,1,7.02,1
vllm,self_consistency,375,209.53,0.00,320.69,1,3.12,1
vllm,self_consistency,376,228.59,0.00,233.96,1,4.27,1
vllm,self_consistency,377,130.40,0.00,187.99,1,5.32,1
vllm,self_consistency,378,227.56,0.00,237.28,1,4.21,1
vllm,self_consistency,379,85.51,0.00,101.14,1,9.89,1
vllm,self_consistency,380,75.13,0.00,94.40,1,10.59,1
vllm,self_consistency,381,92.02,0.00,126.69,1,7.89,1
vllm,self_consistency,382,329.99,0.00,350.02,1,2.86,1
vllm,self_consistency,383,156.00,0.00,185.31,1,5.40,1
vllm,self_consistency,384,141.15,0.00,160.02,1,6.25,1
vllm,self_consistency,385,221.07,0.00,221.33,1,4.52,1
vllm,self_consistency,386,88.23,0.00,88.49,1,11.30,1
vllm,self_consistency,387,141.26,0.00,205.10,1,4.88,1
vllm,self_consistency,388,318.00,0.00,322.76,1,3.10,1
vllm,self_consistency,389,217.82,0.00,218.12,1,4.58,1
vllm,self_consistency,390,219.91,0.00,220.22,1,4.54,1
vllm,self_consistency,391,291.75,0.00,322.07,1,3.10,1
vllm,self_consistency,392,124.82,0.00,125.14,1,7.99,1
vllm,self_consistency,393,208.41,0.00,208.75,1,4.79,1
vllm,self_consistency,394,222.04,0.00,237.31,1,4.21,1
vllm,self_consistency,395,206.09,0.00,231.00,1,4.33,1
vllm,self_consistency,396,103.22,0.00,133.10,1,7.51,1
vllm,self_consistency,397,105.92,0.00,125.95,1,7.94,1
vllm,self_consistency,398,131.17,0.00,174.76,1,5.72,1
vllm,self_consistency,399,248.29,0.00,258.24,1,3.87,1
vllm,self_consistency,400,146.10,0.00,181.47,1,5.51,1
vllm,self_consistency,401,96.21,0.00,110.56,1,9.04,1
vllm,self_consistency,402,76.74,0.00,94.61,1,10.57,1
vllm,self_consistency,403,242.37,0.00,242.67,1,4.12,1
vllm,self_consistency,404,332.66,0.00,342.19,1,2.92,1
vllm,self_consistency,405,149.51,0.00,179.77,1,5.56,1
vllm,self_consistency,406,35.38,0.00,49.23,1,20.31,1
vllm,self_consistency,407,301.53,0.00,333.64,1,3.00,1
vllm,self_consistency,408,178.68,0.00,188.93,1,5.29,1
vllm,self_consistency,409,146.40,0.00,170.41,1,5.87,1
vllm,self_consistency,410,268.53,0.00,346.92,1,2.88,1
vllm,self_consistency,411,209.34,0.00,263.12,1,3.80,1
vllm,self_consistency,412,128.42,0.00,214.33,1,4.67,1
vllm,self_consistency,413,156.21,0.00,181.64,1,5.51,1
vllm,self_consistency,414,256.90,0.00,261.29,1,3.83,1
vllm,self_consistency,415,259.45,0.00,259.73,1,3.85,1
vllm,self_consistency,416,160.49,0.00,226.18,1,4.42,1
vllm,self_consistency,417,143.68,0.00,171.43,1,5.83,1
vllm,self_consistency,418,159.50,0.00,264.40,1,3.78,1
vllm,self_consistency,419,104.73,0.00,109.03,1,9.17,1
vllm,self_consistency,420,292.03,0.00,327.60,1,3.05,1
vllm,self_consistency,421,120.66,0.00,135.18,1,7.40,1
vllm,self_consistency,422,94.94,0.00,126.22,1,7.92,1
vllm,self_consistency,423,83.68,0.00,134.60,1,7.43,1
vllm,self_consistency,424,441.89,0.00,471.57,1,2.12,1
vllm,self_consistency,425,103.44,0.00,113.49,1,8.81,1
vllm,self_consistency,426,223.81,0.00,224.11,1,4.46,1
vllm,self_consistency,427,173.68,0.00,199.37,1,5.02,1
vllm,self_consistency,428,242.36,0.00,247.59,1,4.04,1
vllm,self_consistency,429,180.85,0.00,181.24,1,5.52,1
vllm,self_consistency,430,90.89,0.00,115.26,1,8.68,1
vllm,self_consistency,431,180.05,0.00,209.83,1,4.77,1
vllm,self_consistency,432,204.95,0.00,264.56,1,3.78,1
vllm,self_consistency,433,299.64,0.00,338.33,1,2.96,1
vllm,self_consistency,434,478.56,0.00,497.43,1,2.01,1
vllm,self_consistency,435,369.54,0.00,369.84,1,2.70,1
vllm,self_consistency,436,179.69,0.00,194.92,1,5.13,1
vllm,self_consistency,437,73.36,0.00,91.93,1,10.88,1
vllm,self_consistency,438,185.48,0.00,224.92,1,4.45,1
vllm,self_consistency,439,220.59,0.00,225.04,1,4.44,1
vllm,self_consistency,440,143.93,0.00,203.97,1,4.90,1
vllm,self_consistency,441,212.29,0.00,317.23,1,3.15,1
vllm,self_consistency,442,218.80,0.00,243.36,1,4.11,1
vllm,self_consistency,443,176.22,0.00,176.50,1,5.67,1
vllm,self_consistency,444,318.87,0.00,319.12,1,3.13,1
vllm,self_consistency,445,288.54,0.00,341.37,1,2.93,1
vllm,self_consistency,446,252.55,0.00,277.22,1,3.61,1
vllm,self_consistency,447,324.41,0.00,324.73,1,3.08,1
vllm,self_consistency,448,56.40,0.00,68.93,1,14.51,1
vllm,self_consistency,449,263.49,0.00,263.84,1,3.79,1
vllm,self_consistency,450,162.34,0.00,167.46,1,5.97,1
vllm,self_consistency,451,75.80,0.00,95.93,1,10.42,1
vllm,self_consistency,452,374.64,0.00,380.00,1,2.63,1
vllm,self_consistency,453,168.30,0.00,168.64,1,5.93,1
vllm,self_consistency,454,127.94,0.00,205.13,1,4.87,1
vllm,self_consistency,455,250.60,0.00,304.20,1,3.29,1
vllm,self_consistency,456,326.65,0.00,345.26,1,2.90,1
vllm,self_consistency,457,323.09,0.00,363.48,1,2.75,1
vllm,self_consistency,458,440.22,0.00,444.70,1,2.25,1
vllm,self_consistency,459,283.27,0.00,313.91,1,3.19,1
vllm,self_consistency,460,191.03,0.00,191.39,1,5.23,1
vllm,self_consistency,461,209.02,0.00,209.31,1,4.78,1
vllm,self_consistency,462,156.04,0.00,186.46,1,5.36,1
vllm,self_consistency,463,223.81,0.00,224.08,1,4.46,1
vllm,self_consistency,464,176.80,0.00,186.56,1,5.36,1
vllm,self_consistency,465,218.81,0.00,224.37,1,4.46,1
vllm,self_consistency,466,401.96,0.00,442.04,1,2.26,1
vllm,self_consistency,467,275.11,0.00,304.40,1,3.29,1
vllm,self_consistency,468,275.88,0.00,301.40,1,3.32,1
vllm,self_consistency,469,202.96,0.00,439.42,1,2.28,1
vllm,self_consistency,470,159.56,0.00,164.50,1,6.08,1
vllm,self_consistency,471,248.45,0.00,338.91,1,2.95,1
vllm,self_consistency,472,102.83,0.00,118.32,1,8.45,1
vllm,self_consistency,473,131.58,0.00,172.98,1,5.78,1
vllm,self_consistency,474,110.43,0.00,114.24,1,8.75,1
vllm,self_consistency,475,124.18,0.00,176.02,1,5.68,1
vllm,self_consistency,476,164.89,0.00,169.28,1,5.91,1
vllm,self_consistency,477,298.70,0.00,298.97,1,3.34,1
vllm,self_consistency,478,153.02,0.00,208.34,1,4.80,1
vllm,self_consistency,479,220.50,0.00,250.25,1,4.00,1
vllm,self_consistency,480,129.02,0.00,133.17,1,7.51,1
vllm,self_consistency,481,377.03,0.00,382.05,1,2.62,1
vllm,self_consistency,482,265.55,0.00,341.70,1,2.93,1
vllm,self_consistency,483,213.05,0.00,259.04,1,3.86,1
vllm,self_consistency,484,188.50,0.00,188.79,1,5.30,1
vllm,self_consistency,485,184.95,0.00,185.22,1,5.40,1
vllm,self_consistency,486,137.52,0.00,142.92,1,7.00,1
vllm,self_consistency,487,162.94,0.00,179.29,1,5.58,1
vllm,self_consistency,488,227.16,0.00,241.27,1,4.14,1
vllm,self_consistency,489,143.03,0.00,153.41,1,6.52,1
vllm,self_consistency,490,376.25,0.00,410.99,1,2.43,1
vllm,self_consistency,491,112.24,0.00,117.68,1,8.50,1
vllm,self_consistency,492,213.13,0.00,213.43,1,4.69,1
vllm,self_consistency,493,376.81,0.00,377.07,1,2.65,1
vllm,self_consistency,494,224.86,0.00,248.98,1,4.02,1
vllm,self_consistency,495,159.35,0.00,159.58,1,6.27,1
vllm,self_consistency,496,247.41,0.00,257.72,1,3.88,1
vllm,self_consistency,497,264.90,0.00,309.23,1,3.23,1
vllm,self_consistency,498,167.48,0.00,181.09,1,5.52,1
vllm,self_consistency,499,151.76,0.00,169.49,1,5.90,1
vllm,self_consistency,500,179.27,0.00,184.11,1,5.43,1
vllm,self_consistency,501,157.99,0.00,172.54,1,5.80,1
vllm,self_consistency,502,120.55,0.00,120.78,1,8.28,1
vllm,self_consistency,503,256.15,0.00,261.18,1,3.83,1
vllm,self_consistency,504,188.36,0.00,226.42,1,4.42,1
vllm,self_consistency,505,212.98,0.00,252.66,1,3.96,1
vllm,self_consistency,506,194.02,0.00,194.37,1,5.14,1
vllm,self_consistency,507,345.37,0.00,355.83,1,2.81,1
vllm,self_consistency,508,217.14,0.00,243.52,1,4.11,1
vllm,self_consistency,509,219.57,0.00,337.75,1,2.96,1
vllm,self_consistency,510,365.47,0.00,380.60,1,2.63,1
vllm,self_consistency,511,70.98,0.00,107.97,1,9.26,1
vllm,self_consistency,512,232.18,0.00,237.48,1,4.21,1
vllm,self_consistency,513,296.41,0.00,296.77,1,3.37,1
vllm,self_consistency,514,305.33,0.00,310.50,1,3.22,1
vllm,self_consistency,515,158.27,0.00,202.16,1,4.95,1
vllm,self_consistency,516,247.19,0.00,302.23,1,3.31,1
vllm,self_consistency,517,159.52,0.00,185.39,1,5.39,1
vllm,self_consistency,518,281.77,0.00,307.61,1,3.25,1
vllm,self_consistency,519,165.66,0.00,207.58,1,4.82,1
vllm,self_consistency,520,179.29,0.00,216.06,1,4.63,1
vllm,self_consistency,521,477.07,0.00,547.76,1,1.83,1
vllm,self_consistency,522,155.59,0.00,165.46,1,6.04,1
vllm,self_consistency,523,339.25,0.00,339.58,1,2.94,1
vllm,self_consistency,524,198.77,0.00,253.65,1,3.94,1
vllm,self_consistency,525,282.77,0.00,293.20,1,3.41,1
vllm,self_consistency,526,196.26,0.00,201.01,1,4.97,1
vllm,self_consistency,527,227.84,0.00,286.75,1,3.49,1
vllm,self_consistency,528,303.63,0.00,318.88,1,3.14,1
vllm,self_consistency,529,188.07,0.00,193.38,1,5.17,1
vllm,self_consistency,530,117.40,0.00,145.68,1,6.86,1
vllm,self_consistency,531,126.00,0.00,130.57,1,7.66,1
vllm,self_consistency,532,141.69,0.00,230.08,1,4.35,1
vllm,self_consistency,533,169.51,0.00,232.38,1,4.30,1
vllm,self_consistency,534,106.52,0.00,134.72,1,7.42,1
vllm,self_consistency,535,313.62,0.00,368.92,1,2.71,1
vllm,self_consistency,536,248.30,0.00,304.38,1,3.29,1
vllm,self_consistency,537,126.05,0.00,129.08,1,7.75,1
vllm,self_consistency,538,203.74,0.00,204.05,1,4.90,1
vllm,self_consistency,539,271.42,0.00,302.12,1,3.31,1
vllm,self_consistency,540,318.71,0.00,337.07,1,2.97,1
vllm,self_consistency,541,191.28,0.00,196.60,1,5.09,1
vllm,self_consistency,542,205.30,0.00,205.55,1,4.86,1
vllm,self_consistency,543,170.84,0.00,185.55,1,5.39,1
vllm,self_consistency,544,260.23,0.00,270.23,1,3.70,1
vllm,self_consistency,545,283.79,0.00,376.63,1,2.66,1
vllm,self_consistency,546,141.42,0.00,183.23,1,5.46,1
vllm,self_consistency,547,144.63,0.00,189.93,1,5.27,1
vllm,self_consistency,548,153.57,0.00,174.41,1,5.73,1
vllm,self_consistency,549,233.29,0.00,233.59,1,4.28,1
vllm,self_consistency,550,178.16,0.00,178.47,1,5.60,1
vllm,self_consistency,551,141.52,0.00,146.51,1,6.83,1
vllm,self_consistency,552,286.33,0.00,286.66,1,3.49,1
vllm,self_consistency,553,193.87,0.00,194.15,1,5.15,1
vllm,self_consistency,554,238.98,0.00,308.48,1,3.24,1
vllm,self_consistency,555,179.40,0.00,201.45,1,4.96,1
vllm,self_consistency,556,215.58,0.00,225.47,1,4.44,1
vllm,self_consistency,557,76.77,0.00,96.17,1,10.40,1
vllm,self_consistency,558,142.56,0.00,157.55,1,6.35,1
vllm,self_consistency,559,163.16,0.00,173.15,1,5.78,1
vllm,self_consistency,560,233.83,0.00,248.80,1,4.02,1
vllm,self_consistency,561,265.47,0.00,307.34,1,3.25,1
vllm,self_consistency,562,87.26,0.00,137.09,1,7.29,1
vllm,self_consistency,563,123.75,0.00,128.81,1,7.76,1
vllm,self_consistency,564,255.01,0.00,278.86,1,3.59,1
vllm,self_consistency,565,201.02,0.00,290.25,1,3.45,1
vllm,self_consistency,566,220.66,0.00,220.97,1,4.53,1
vllm,self_consistency,567,236.34,0.00,236.66,1,4.23,1
vllm,self_consistency,568,261.04,0.00,280.51,1,3.56,1
vllm,self_consistency,569,306.74,0.00,320.98,1,3.12,1
vllm,self_consistency,570,183.60,0.00,183.92,1,5.44,1
vllm,self_consistency,571,320.74,0.00,341.27,1,2.93,1
vllm,self_consistency,572,266.60,0.00,271.96,1,3.68,1
vllm,self_consistency,573,242.48,0.00,242.83,1,4.12,1
vllm,self_consistency,574,148.89,0.00,206.53,1,4.84,1
vllm,self_consistency,575,85.00,0.00,102.78,1,9.73,1
vllm,self_consistency,576,59.80,0.00,81.50,1,12.27,1
vllm,self_consistency,577,327.90,0.00,328.19,1,3.05,1
vllm,self_consistency,578,263.97,0.00,269.13,1,3.72,1
vllm,self_consistency,579,123.35,0.00,152.81,1,6.54,1
vllm,self_consistency,580,186.78,0.00,191.55,1,5.22,1
vllm,self_consistency,581,185.66,0.00,265.94,1,3.76,1
vllm,self_consistency,582,239.01,0.00,301.82,1,3.31,1
vllm,self_consistency,583,215.64,0.00,275.62,1,3.63,1
vllm,self_consistency,584,353.40,0.00,353.70,1,2.83,1
vllm,self_consistency,585,109.26,0.00,112.13,1,8.92,1
vllm,self_consistency,586,295.99,0.00,385.80,1,2.59,1
vllm,self_consistency,587,220.69,0.00,220.99,1,4.53,1
vllm,self_consistency,588,217.62,0.00,247.19,1,4.05,1
vllm,self_consistency,589,257.79,0.00,321.78,1,3.11,1
vllm,self_consistency,590,306.62,0.00,372.11,1,2.69,1
vllm,self_consistency,591,335.04,0.00,339.77,1,2.94,1
vllm,self_consistency,592,370.12,0.00,375.35,1,2.66,1
vllm,self_consistency,593,143.78,0.00,155.52,1,6.43,1
vllm,self_consistency,594,71.49,0.00,102.01,1,9.80,1
vllm,self_consistency,595,222.78,0.00,293.50,1,3.41,1
vllm,self_consistency,596,209.74,0.00,237.82,1,4.20,1
vllm,self_consistency,597,258.24,0.00,273.49,1,3.66,1
vllm,self_consistency,598,229.06,0.00,304.15,1,3.29,1
vllm,self_consistency,599,118.24,0.00,140.86,1,7.10,1
vllm,self_consistency,600,219.05,0.00,219.35,1,4.56,1
vllm,self_consistency,601,250.77,0.00,253.61,1,3.94,1
vllm,self_consistency,602,274.72,0.00,300.72,1,3.33,1
vllm,self_consistency,603,185.00,0.00,220.18,1,4.54,1
vllm,self_consistency,604,106.91,0.00,109.73,1,9.11,1
vllm,self_consistency,605,115.23,0.00,141.94,1,7.04,1
vllm,self_consistency,606,319.02,0.00,495.33,1,2.02,1
vllm,self_consistency,607,223.21,0.00,223.47,1,4.47,1
vllm,self_consistency,608,257.86,0.00,266.81,1,3.75,1
vllm,self_consistency,609,150.01,0.00,161.77,1,6.18,1
vllm,self_consistency,610,220.06,0.00,225.35,1,4.44,1
vllm,self_consistency,611,411.37,0.00,420.09,1,2.38,1
vllm,self_consistency,612,283.42,0.00,288.19,1,3.47,1
vllm,self_consistency,613,125.66,0.00,125.98,1,7.94,1
vllm,self_consistency,614,187.20,0.00,200.59,1,4.99,1
vllm,self_consistency,615,171.82,0.00,172.08,1,5.81,1
vllm,self_consistency,616,192.79,0.00,205.17,1,4.87,1
vllm,self_consistency,617,167.92,0.00,182.80,1,5.47,1
vllm,self_consistency,618,213.71,0.00,259.25,1,3.86,1
vllm,self_consistency,619,184.24,0.00,211.14,1,4.74,1
vllm,self_consistency,620,203.92,0.00,271.85,1,3.68,1
vllm,self_consistency,621,188.76,0.00,224.30,1,4.46,1
vllm,self_consistency,622,192.13,0.00,253.04,1,3.95,1
vllm,self_consistency,623,283.58,0.00,345.91,1,2.89,1
vllm,self_consistency,624,231.67,0.00,315.91,1,3.17,1
vllm,self_consistency,625,162.92,0.00,163.36,1,6.12,1
vllm,self_consistency,626,198.18,0.00,226.63,1,4.41,1
vllm,self_consistency,627,221.02,0.00,226.14,1,4.42,1
vllm,self_consistency,628,168.47,0.00,235.69,1,4.24,1
vllm,self_consistency,629,193.55,0.00,213.24,1,4.69,1
vllm,self_consistency,630,420.11,0.00,430.46,1,2.32,1
vllm,self_consistency,631,154.07,0.00,173.26,1,5.77,1
vllm,self_consistency,632,149.54,0.00,164.44,1,6.08,1
vllm,self_consistency,633,136.95,0.00,152.07,1,6.58,1
vllm,self_consistency,634,127.71,0.00,131.73,1,7.59,1
vllm,self_consistency,635,217.11,0.00,232.42,1,4.30,1
vllm,self_consistency,636,289.72,0.00,314.83,1,3.18,1
vllm,self_consistency,637,265.37,0.00,314.01,1,3.18,1
vllm,self_consistency,638,259.17,0.00,278.04,1,3.60,1
vllm,self_consistency,639,118.11,0.00,130.85,1,7.64,1
vllm,self_consistency,640,115.94,0.00,149.13,1,6.71,1
vllm,self_consistency,641,368.06,0.00,385.52,1,2.59,1
vllm,self_consistency,642,234.72,0.00,305.63,1,3.27,1
vllm,self_consistency,643,194.38,0.00,214.70,1,4.66,1
vllm,self_consistency,644,315.12,0.00,320.39,1,3.12,1
vllm,self_consistency,645,348.00,0.00,402.47,1,2.48,1
vllm,self_consistency,646,276.32,0.00,304.50,1,3.28,1
vllm,self_consistency,647,189.62,0.00,240.59,1,4.16,1
vllm,self_consistency,648,334.99,0.00,355.08,1,2.82,1
vllm,self_consistency,649,287.03,0.00,310.95,1,3.22,1
vllm,self_consistency,650,134.70,0.00,198.96,1,5.03,1
vllm,self_consistency,651,177.09,0.00,231.39,1,4.32,1
vllm,self_consistency,652,182.39,0.00,187.29,1,5.34,1
vllm,self_consistency,653,459.41,0.00,469.28,1,2.13,1
vllm,self_consistency,654,184.10,0.00,188.98,1,5.29,1
vllm,self_consistency,655,201.61,0.00,201.90,1,4.95,1
vllm,self_consistency,656,51.11,0.00,61.13,1,16.36,1
vllm,self_consistency,657,304.55,0.00,328.26,1,3.05,1
vllm,self_consistency,658,156.65,0.00,241.44,1,4.14,1
vllm,self_consistency,659,275.77,0.00,276.03,1,3.62,1
vllm,self_consistency,660,221.04,0.00,221.38,1,4.52,1
vllm,self_consistency,661,468.96,0.00,478.91,1,2.09,1
vllm,self_consistency,662,166.23,0.00,170.98,1,5.85,1
vllm,self_consistency,663,160.81,0.00,165.89,1,6.03,1
vllm,self_consistency,664,348.97,0.00,411.60,1,2.43,1
vllm,self_consistency,665,219.33,0.00,269.41,1,3.71,1
vllm,self_consistency,666,248.35,0.00,392.59,1,2.55,1
vllm,self_consistency,667,70.34,0.00,108.55,1,9.21,1
vllm,self_consistency,668,264.78,0.00,269.22,1,3.71,1
vllm,self_consistency,669,256.19,0.00,261.46,1,3.82,1
vllm,self_consistency,670,226.28,0.00,246.07,1,4.06,1
vllm,self_consistency,671,204.45,0.00,228.23,1,4.38,1
vllm,self_consistency,672,217.21,0.00,297.50,1,3.36,1
vllm,self_consistency,673,295.23,0.00,304.77,1,3.28,1
vllm,self_consistency,674,192.15,0.00,202.32,1,4.94,1
vllm,self_consistency,675,206.39,0.00,286.81,1,3.49,1
vllm,self_consistency,676,179.41,0.00,203.22,1,4.92,1
vllm,self_consistency,677,149.17,0.00,160.73,1,6.22,1
vllm,self_consistency,678,245.87,0.00,270.03,1,3.70,1
vllm,self_consistency,679,141.76,0.00,188.57,1,5.30,1
vllm,self_consistency,680,76.42,0.00,101.43,1,9.86,1
vllm,self_consistency,681,297.41,0.00,317.88,1,3.15,1
vllm,self_consistency,682,242.17,0.00,291.32,1,3.43,1
vllm,self_consistency,683,188.24,0.00,218.89,1,4.57,1
vllm,self_consistency,684,202.60,0.00,245.26,1,4.08,1
vllm,self_consistency,685,159.37,0.00,181.76,1,5.50,1
vllm,self_consistency,686,219.19,0.00,224.02,1,4.46,1
vllm,self_consistency,687,284.96,0.00,312.48,1,3.20,1
vllm,self_consistency,688,213.78,0.00,223.87,1,4.47,1
vllm,self_consistency,689,139.89,0.00,148.79,1,6.72,1
vllm,self_consistency,690,293.51,0.00,293.77,1,3.40,1
vllm,self_consistency,691,227.65,0.00,247.66,1,4.04,1
vllm,self_consistency,692,176.07,0.00,195.33,1,5.12,1
vllm,self_consistency,693,213.56,0.00,273.58,1,3.66,1
vllm,self_consistency,694,121.61,0.00,172.79,1,5.79,1
vllm,self_consistency,695,66.14,0.00,128.28,1,7.80,1
vllm,self_consistency,696,136.50,0.00,177.11,1,5.65,1
vllm,self_consistency,697,200.57,0.00,228.63,1,4.37,1
vllm,self_consistency,698,243.79,0.00,244.21,1,4.09,1
vllm,self_consistency,699,156.03,0.00,156.27,1,6.40,1
vllm,self_consistency,700,156.13,0.00,189.81,1,5.27,1
vllm,self_consistency,701,177.68,0.00,214.06,1,4.67,1
vllm,self_consistency,702,117.45,0.00,135.46,1,7.38,1
vllm,self_consistency,703,114.54,0.00,117.79,1,8.49,1
vllm,self_consistency,704,250.97,0.00,345.81,1,2.89,1
vllm,self_consistency,705,206.41,0.00,226.64,1,4.41,1
vllm,self_consistency,706,305.69,0.00,324.70,1,3.08,1
vllm,self_consistency,707,212.54,0.00,228.09,1,4.38,1
vllm,self_consistency,708,189.84,0.00,258.98,1,3.86,1
vllm,self_consistency,709,164.95,0.00,165.33,1,6.05,1
vllm,self_consistency,710,219.23,0.00,253.38,1,3.95,1
vllm,self_consistency,711,204.24,0.00,204.53,1,4.89,1
vllm,self_consistency,712,156.54,0.00,165.71,1,6.03,1
vllm,self_consistency,713,368.93,0.00,379.00,1,2.64,1
vllm,self_consistency,714,167.81,0.00,274.96,1,3.64,1
vllm,self_consistency,715,216.72,0.00,252.91,1,3.95,1
vllm,self_consistency,716,214.92,0.00,243.26,1,4.11,1
vllm,self_consistency,717,173.72,0.00,173.99,1,5.75,1
vllm,self_consistency,718,327.81,0.00,348.00,1,2.87,1
vllm,self_consistency,719,283.00,0.00,283.24,1,3.53,1
vllm,self_consistency,720,231.47,0.00,236.44,1,4.23,1
vllm,self_consistency,721,324.29,0.00,329.72,1,3.03,1
vllm,self_consistency,722,367.02,0.00,398.96,1,2.51,1
vllm,self_consistency,723,162.42,0.00,186.83,1,5.35,1
vllm,self_consistency,724,185.94,0.00,323.07,1,3.10,1
vllm,self_consistency,725,325.19,0.00,475.42,1,2.10,1
vllm,self_consistency,726,176.97,0.00,237.53,1,4.21,1
vllm,self_consistency,727,378.40,0.00,428.45,1,2.33,1
vllm,self_consistency,728,128.34,0.00,128.68,1,7.77,1
vllm,self_consistency,729,217.46,0.00,233.08,1,4.29,1
vllm,self_consistency,730,357.26,0.00,411.89,1,2.43,1
vllm,self_consistency,731,225.61,0.00,239.76,1,4.17,1
vllm,self_consistency,732,337.38,0.00,345.92,1,2.89,1
vllm,self_consistency,733,132.00,0.00,141.64,1,7.06,1
vllm,self_consistency,734,292.04,0.00,340.41,1,2.94,1
vllm,self_consistency,735,176.19,0.00,180.47,1,5.54,1
vllm,self_consistency,736,394.72,0.00,399.59,1,2.50,1
vllm,self_consistency,737,220.34,0.00,247.09,1,4.05,1
vllm,self_consistency,738,294.57,0.00,339.18,1,2.95,1
vllm,self_consistency,739,116.50,0.00,151.96,1,6.58,1
vllm,self_consistency,740,294.95,0.00,295.27,1,3.39,1
vllm,self_consistency,741,328.06,0.00,328.35,1,3.05,1
vllm,self_consistency,742,262.77,0.00,293.29,1,3.41,1
vllm,self_consistency,743,209.07,0.00,209.31,1,4.78,1
vllm,self_consistency,744,356.40,0.00,370.60,1,2.70,1
vllm,self_consistency,745,486.56,0.00,506.90,1,1.97,1
vllm,self_consistency,746,183.33,0.00,202.01,1,4.95,1
vllm,self_consistency,747,169.75,0.00,170.04,1,5.88,1
vllm,self_consistency,748,163.65,0.00,163.95,1,6.10,1
vllm,self_consistency,749,183.18,0.00,183.47,1,5.45,1
vllm,self_consistency,750,342.41,0.00,347.45,1,2.88,1
vllm,self_consistency,751,170.09,0.00,188.98,1,5.29,1
vllm,self_consistency,752,169.77,0.00,234.96,1,4.26,1
vllm,self_consistency,753,239.10,0.00,342.26,1,2.92,1
vllm,self_consistency,754,126.27,0.00,130.44,1,7.67,1
vllm,self_consistency,755,145.78,0.00,197.36,1,5.07,1
vllm,self_consistency,756,333.35,0.00,365.51,1,2.74,1
vllm,self_consistency,757,132.32,0.00,152.66,1,6.55,1
vllm,self_consistency,758,190.20,0.00,190.48,1,5.25,1
vllm,self_consistency,759,139.99,0.00,176.93,1,5.65,1
vllm,self_consistency,760,210.96,0.00,235.69,1,4.24,1
vllm,self_consistency,761,310.47,0.00,315.81,1,3.17,1
vllm,self_consistency,762,151.00,0.00,155.82,1,6.42,1
vllm,self_consistency,763,184.10,0.00,233.40,1,4.28,1
vllm,self_consistency,764,151.04,0.00,156.07,1,6.41,1
vllm,self_consistency,765,197.79,0.00,245.66,1,4.07,1
vllm,self_consistency,766,279.32,0.00,284.68,1,3.51,1
vllm,self_consistency,767,297.25,0.00,312.47,1,3.20,1
vllm,self_consistency,768,194.23,0.00,209.69,1,4.77,1
vllm,self_consistency,769,213.33,0.00,263.00,1,3.80,1
vllm,self_consistency,770,152.59,0.00,152.91,1,6.54,1
vllm,self_consistency,771,238.07,0.00,308.26,1,3.24,1
vllm,self_consistency,772,241.84,0.00,294.77,1,3.39,1
vllm,self_consistency,773,367.27,0.00,381.75,1,2.62,1
vllm,self_consistency,774,155.47,0.00,155.78,1,6.42,1
vllm,self_consistency,775,84.12,0.00,145.37,1,6.88,1
vllm,self_consistency,776,183.56,0.00,183.91,1,5.44,1
vllm,self_consistency,777,220.42,0.00,224.98,1,4.44,1
vllm,self_consistency,778,153.46,0.00,187.04,1,5.35,1
vllm,self_consistency,779,228.89,0.00,229.18,1,4.36,1
vllm,self_consistency,780,85.90,0.00,106.13,1,9.42,1
vllm,self_consistency,781,180.58,0.00,194.25,1,5.15,1
vllm,self_consistency,782,367.57,0.00,367.86,1,2.72,1
vllm,self_consistency,783,204.85,0.00,254.28,1,3.93,1
vllm,self_consistency,784,146.28,0.00,168.08,1,5.95,1
vllm,self_consistency,785,120.55,0.00,125.27,1,7.98,1
vllm,self_consistency,786,94.71,0.00,95.05,1,10.52,1
vllm,self_consistency,787,199.48,0.00,272.71,1,3.67,1
vllm,self_consistency,788,252.46,0.00,252.71,1,3.96,1
vllm,self_consistency,789,285.86,0.00,295.96,1,3.38,1
vllm,self_consistency,790,161.48,0.00,171.78,1,5.82,1
vllm,self_consistency,791,237.71,0.00,246.85,1,4.05,1
vllm,self_consistency,792,77.85,0.00,86.56,1,11.55,1
vllm,self_consistency,793,310.65,0.00,320.81,1,3.12,1
vllm,self_consistency,794,177.80,0.00,204.25,1,4.90,1
vllm,self_consistency,795,140.14,0.00,170.71,1,5.86,1
vllm,self_consistency,796,242.52,0.00,271.92,1,3.68,1
vllm,self_consistency,797,70.99,0.00,92.45,1,10.82,1
vllm,self_consistency,798,291.56,0.00,291.86,1,3.43,1
vllm,self_consistency,799,196.39,0.00,265.09,1,3.77,1
vllm,self_consistency,800,176.22,0.00,181.48,1,5.51,1
vllm,self_consistency,801,113.45,0.00,151.40,1,6.60,1
vllm,self_consistency,802,121.70,0.00,146.19,1,6.84,1
vllm,self_consistency,803,234.31,0.00,259.78,1,3.85,1
vllm,self_consistency,804,155.65,0.00,160.95,1,6.21,1
vllm,self_consistency,805,246.81,0.00,251.65,1,3.97,1
vllm,self_consistency,806,125.13,0.00,140.26,1,7.13,1
vllm,self_consistency,807,139.36,0.00,153.96,1,6.50,1
vllm,self_consistency,808,252.19,0.00,349.28,1,2.86,1
vllm,self_consistency,809,331.61,0.00,354.94,1,2.82,1
vllm,self_consistency,810,132.88,0.00,230.83,1,4.33,1
vllm,self_consistency,811,113.30,0.00,184.17,1,5.43,1
vllm,self_consistency,812,242.21,0.00,267.23,1,3.74,1
vllm,self_consistency,813,500.50,0.00,520.40,1,1.92,1
vllm,self_consistency,814,346.30,0.00,360.58,1,2.77,1
vllm,self_consistency,815,172.04,0.00,187.31,1,5.34,1
vllm,self_consistency,816,168.21,0.00,217.97,1,4.59,1
vllm,self_consistency,817,230.94,0.00,231.32,1,4.32,1
vllm,self_consistency,818,204.05,0.00,209.12,1,4.78,1
vllm,self_consistency,819,249.45,0.00,249.73,1,4.00,1
vllm,self_consistency,820,108.68,0.00,173.72,1,5.76,1
vllm,self_consistency,821,177.68,0.00,215.32,1,4.64,1
vllm,self_consistency,822,158.01,0.00,158.28,1,6.32,1
vllm,self_consistency,823,322.07,0.00,437.09,1,2.29,1
vllm,self_consistency,824,305.37,0.00,321.06,1,3.11,1
vllm,self_consistency,825,161.72,0.00,162.10,1,6.17,1
vllm,self_consistency,826,381.42,0.00,386.00,1,2.59,1
vllm,self_consistency,827,215.60,0.00,225.26,1,4.44,1
vllm,self_consistency,828,343.54,0.00,357.10,1,2.80,1
vllm,self_consistency,829,335.03,0.00,373.97,1,2.67,1
vllm,self_consistency,830,399.60,0.00,399.89,1,2.50,1
vllm,self_consistency,831,271.84,0.00,277.17,1,3.61,1
vllm,self_consistency,832,160.56,0.00,180.25,1,5.55,1
vllm,self_consistency,833,153.22,0.00,178.40,1,5.61,1
vllm,self_consistency,834,219.62,0.00,249.98,1,4.00,1
vllm,self_consistency,835,335.76,0.00,360.39,1,2.77,1
vllm,self_consistency,836,217.03,0.00,221.19,1,4.52,1
vllm,self_consistency,837,262.42,0.00,317.41,1,3.15,1
vllm,self_consistency,838,274.47,0.00,337.98,1,2.96,1
vllm,self_consistency,839,182.76,0.00,215.18,1,4.65,1
vllm,self_consistency,840,177.54,0.00,201.51,1,4.96,1
vllm,self_consistency,841,241.50,0.00,251.81,1,3.97,1
vllm,self_consistency,842,315.11,0.00,340.29,1,2.94,1
vllm,self_consistency,843,336.20,0.00,350.63,1,2.85,1
vllm,self_consistency,844,187.42,0.00,197.86,1,5.05,1
vllm,self_consistency,845,124.43,0.00,151.60,1,6.60,1
vllm,self_consistency,846,186.30,0.00,300.35,1,3.33,1
vllm,self_consistency,847,201.11,0.00,245.49,1,4.07,1
vllm,self_consistency,848,227.14,0.00,303.00,1,3.30,1
vllm,self_consistency,849,172.52,0.00,183.08,1,5.46,1
vllm,self_consistency,850,173.04,0.00,308.26,1,3.24,1
vllm,self_consistency,851,226.20,0.00,246.74,1,4.05,1
vllm,self_consistency,852,178.88,0.00,199.39,1,5.02,1
vllm,self_consistency,853,169.08,0.00,169.39,1,5.90,1
vllm,self_consistency,854,263.18,0.00,288.85,1,3.46,1
vllm,self_consistency,855,360.34,0.00,360.68,1,2.77,1
vllm,self_consistency,856,177.03,0.00,186.61,1,5.36,1
vllm,self_consistency,857,137.95,0.00,194.01,1,5.15,1
vllm,self_consistency,858,306.60,0.00,311.58,1,3.21,1
vllm,self_consistency,859,243.64,0.00,359.04,1,2.79,1
vllm,self_consistency,860,286.96,0.00,291.77,1,3.43,1
vllm,self_consistency,861,247.82,0.00,257.39,1,3.89,1
vllm,self_consistency,862,457.60,0.00,457.89,1,2.18,1
vllm,self_consistency,863,409.97,0.00,440.33,1,2.27,1
vllm,self_consistency,864,219.61,0.00,234.69,1,4.26,1
vllm,self_consistency,865,268.10,0.00,301.80,1,3.31,1
vllm,self_consistency,866,187.98,0.00,359.74,1,2.78,1
vllm,self_consistency,867,228.37,0.00,238.52,1,4.19,1
vllm,self_consistency,868,421.40,0.00,421.71,1,2.37,1
vllm,self_consistency,869,206.67,0.00,358.86,1,2.79,1
vllm,self_consistency,870,513.41,0.00,518.77,1,1.93,1
vllm,self_consistency,871,535.80,0.00,536.14,1,1.87,1
vllm,self_consistency,872,333.26,0.00,336.97,1,2.97,1
vllm,self_consistency,873,215.24,0.00,233.77,1,4.28,1
vllm,self_consistency,874,248.48,0.00,248.80,1,4.02,1
vllm,self_consistency,875,455.47,0.00,558.44,1,1.79,1
vllm,self_consistency,876,323.64,0.00,323.90,1,3.09,1
vllm,self_consistency,877,162.99,0.00,232.51,1,4.30,1
vllm,self_consistency,878,257.20,0.00,289.18,1,3.46,1
vllm,self_consistency,879,254.34,0.00,254.64,1,3.93,1
vllm,self_consistency,880,265.97,0.00,268.70,1,3.72,1
vllm,self_consistency,881,357.27,0.00,357.60,1,2.80,1
vllm,self_consistency,882,239.16,0.00,239.44,1,4.18,1
vllm,self_consistency,883,372.42,0.00,384.82,1,2.60,1
vllm,self_consistency,884,291.05,0.00,331.21,1,3.02,1
vllm,self_consistency,885,260.42,0.00,415.87,1,2.40,1
vllm,self_consistency,886,233.52,0.00,250.53,1,3.99,1
vllm,self_consistency,887,99.34,0.00,128.05,1,7.81,1
vllm,self_consistency,888,276.86,0.00,289.44,1,3.45,1
vllm,self_consistency,889,466.34,0.00,480.56,1,2.08,1
vllm,self_consistency,890,519.25,0.00,543.31,1,1.84,1
vllm,self_consistency,891,356.51,0.00,383.11,1,2.61,1
vllm,self_consistency,892,233.52,0.00,246.08,1,4.06,1
vllm,self_consistency,893,253.06,0.00,253.35,1,3.95,1
vllm,self_consistency,894,284.16,0.00,303.53,1,3.29,1
vllm,self_consistency,895,154.78,0.00,164.96,1,6.06,1
vllm,self_consistency,896,331.16,0.00,340.85,1,2.93,1
vllm,self_consistency,897,294.95,0.00,316.36,1,3.16,1
vllm,self_consistency,898,331.04,0.00,357.29,1,2.80,1
vllm,self_consistency,899,214.70,0.00,228.46,1,4.38,1
vllm,self_consistency,900,311.29,0.00,313.18,1,3.19,1
vllm,self_consistency,901,286.86,0.00,306.63,1,3.26,1
vllm,self_consistency,902,316.41,0.00,323.22,1,3.09,1
vllm,self_consistency,903,341.78,0.00,350.54,1,2.85,1
vllm,self_consistency,904,288.02,0.00,298.63,1,3.35,1
vllm,self_consistency,905,239.52,0.00,251.09,1,3.98,1
vllm,self_consistency,906,328.56,0.00,338.57,1,2.95,1
vllm,self_consistency,907,353.67,0.00,370.69,1,2.70,1
vllm,self_consistency,908,223.34,0.00,242.51,1,4.12,1
vllm,self_consistency,909,409.96,0.00,428.56,1,2.33,1
vllm,self_consistency,910,168.15,0.00,188.67,1,5.30,1
vllm,self_consistency,911,516.89,0.00,535.84,1,1.87,1
vllm,self_consistency,912,291.36,0.00,300.88,1,3.32,1
vllm,self_consistency,913,236.78,0.00,247.08,1,4.05,1
vllm,self_consistency,914,276.66,0.00,291.46,1,3.43,1
vllm,self_consistency,915,275.02,0.00,285.24,1,3.51,1
vllm,self_consistency,916,261.37,0.00,276.70,1,3.61,1
vllm,self_consistency,917,246.34,0.00,256.43,1,3.90,1
vllm,self_consistency,918,322.15,0.00,336.97,1,2.97,1
vllm,self_consistency,919,278.00,0.00,287.95,1,3.47,1
vllm,self_consistency,920,214.52,0.00,230.05,1,4.35,1
vllm,self_consistency,921,197.28,0.00,207.81,1,4.81,1
vllm,self_consistency,922,368.56,0.00,378.12,1,2.64,1
vllm,self_consistency,923,153.18,0.00,168.78,1,5.92,1
vllm,self_consistency,924,182.82,0.00,199.18,1,5.02,1
vllm,self_consistency,925,148.09,0.00,164.21,1,6.09,1
vllm,self_consistency,926,300.56,0.00,315.37,1,3.17,1
vllm,self_consistency,927,232.36,0.00,244.95,1,4.08,1
vllm,self_consistency,928,225.96,0.00,236.10,1,4.24,1
vllm,self_consistency,929,276.05,0.00,295.20,1,3.39,1
vllm,self_consistency,930,196.17,0.00,214.97,1,4.65,1
vllm,self_consistency,931,167.57,0.00,186.01,1,5.38,1
vllm,self_consistency,932,307.67,0.00,328.27,1,3.05,1
vllm,self_consistency,933,507.65,0.00,526.08,1,1.90,1
vllm,self_consistency,934,415.28,0.00,436.43,1,2.29,1
vllm,self_consistency,935,245.98,0.00,267.45,1,3.74,1
vllm,self_consistency,936,530.96,0.00,549.00,1,1.82,1
vllm,self_consistency,937,332.07,0.00,352.15,1,2.84,1
vllm,self_consistency,938,248.08,0.00,270.08,1,3.70,1
vllm,self_consistency,939,237.25,0.00,255.27,1,3.92,1
vllm,self_consistency,940,271.44,0.00,292.99,1,3.41,1
vllm,self_consistency,941,171.16,0.00,197.94,1,5.05,1
vllm,self_consistency,942,338.51,0.00,361.14,1,2.77,1
vllm,self_consistency,943,288.85,0.00,309.77,1,3.23,1
vllm,self_consistency,944,191.63,0.00,218.95,1,4.57,1
vllm,self_consistency,945,230.10,0.00,251.96,1,3.97,1
vllm,self_consistency,946,235.45,0.00,260.78,1,3.83,1
vllm,self_consistency,947,267.16,0.00,292.26,1,3.42,1
vllm,self_consistency,948,238.66,0.00,262.03,1,3.82,1
vllm,self_consistency,949,189.11,0.00,216.26,1,4.62,1
vllm,self_consistency,950,190.57,0.00,213.59,1,4.68,1
vllm,self_consistency,951,167.03,0.00,193.74,1,5.16,1
vllm,self_consistency,952,244.98,0.00,268.65,1,3.72,1
vllm,self_consistency,953,479.38,0.00,510.63,1,1.96,1
vllm,self_consistency,954,262.20,0.00,287.87,1,3.47,1
vllm,self_consistency,955,309.25,0.00,326.89,1,3.06,1
vllm,self_consistency,956,439.32,0.00,452.90,1,2.21,1
vllm,self_consistency,957,392.54,0.00,403.35,1,2.48,1
vllm,self_consistency,958,229.75,0.00,252.10,1,3.97,1
vllm,self_consistency,959,214.12,0.00,239.90,1,4.17,1
vllm,self_consistency,960,353.11,0.00,365.40,1,2.74,1
vllm,self_consistency,961,211.52,0.00,232.94,1,4.29,1
vllm,self_consistency,962,218.04,0.00,239.04,1,4.18,1
vllm,self_consistency,963,325.58,0.00,346.34,1,2.89,1
vllm,self_consistency,964,304.58,0.00,327.89,1,3.05,1
vllm,self_consistency,965,297.70,0.00,322.66,1,3.10,1
vllm,self_consistency,966,330.69,0.00,345.85,1,2.89,1
vllm,self_consistency,967,187.32,0.00,213.06,1,4.69,1
vllm,self_consistency,968,194.03,0.00,218.37,1,4.58,1
vllm,self_consistency,969,198.59,0.00,227.11,1,4.40,1
vllm,self_consistency,970,267.31,0.00,286.69,1,3.49,1
vllm,self_consistency,971,191.75,0.00,211.48,1,4.73,1
vllm,self_consistency,972,255.57,0.00,276.91,1,3.61,1
vllm,self_consistency,973,258.33,0.00,287.61,1,3.48,1
vllm,self_consistency,974,232.68,0.00,253.80,1,3.94,1
vllm,self_consistency,975,199.17,0.00,203.07,1,4.92,1
vllm,self_consistency,976,314.28,0.00,345.89,1,2.89,1
vllm,self_consistency,977,194.48,0.00,207.65,1,4.82,1
vllm,self_consistency,978,259.81,0.00,270.70,1,3.69,1
vllm,self_consistency,979,195.62,0.00,209.88,1,4.76,1
vllm,self_consistency,980,318.15,0.00,327.30,1,3.06,1
vllm,self_consistency,981,258.46,0.00,266.87,1,3.75,1
vllm,self_consistency,982,217.91,0.00,250.63,1,3.99,1
vllm,self_consistency,983,234.24,0.00,236.96,1,4.22,1
vllm,self_consistency,984,240.80,0.00,269.05,1,3.72,1
vllm,self_consistency,985,266.80,0.00,273.61,1,3.65,1
vllm,self_consistency,986,346.77,0.00,368.83,1,2.71,1
vllm,self_consistency,987,233.40,0.00,250.60,1,3.99,1
vllm,self_consistency,988,286.42,0.00,302.94,1,3.30,1
vllm,self_consistency,989,278.87,0.00,293.99,1,3.40,1
vllm,self_consistency,990,254.12,0.00,265.71,1,3.76,1
vllm,self_consistency,991,216.52,0.00,231.45,1,4.32,1
vllm,self_consistency,992,310.03,0.00,324.73,1,3.08,1
vllm,self_consistency,993,249.73,0.00,253.74,1,3.94,1
vllm,self_consistency,994,367.35,0.00,375.55,1,2.66,1
vllm,self_consistency,995,224.36,0.00,246.95,1,4.05,1
vllm,self_consistency,996,216.43,0.00,227.28,1,4.40,1
vllm,self_consistency,997,270.50,0.00,280.40,1,3.57,1
vllm,self_consistency,998,196.93,0.00,209.81,1,4.77,1
vllm,self_consistency,999,323.61,0.00,339.87,1,2.94,1
vllm,multi_turn,0,59.39,0.00,84.95,1,11.77,1
vllm,multi_turn,1,121.66,0.00,126.25,1,7.92,1
vllm,multi_turn,2,154.33,0.00,204.65,1,4.89,1
vllm,multi_turn,3,128.33,0.00,140.48,1,7.12,1
vllm,multi_turn,4,142.55,0.00,211.84,1,4.72,1
vllm,multi_turn,5,132.11,78.99,211.10,2,9.47,1
vllm,multi_turn,6,178.01,0.00,178.23,1,5.61,1
vllm,multi_turn,7,251.81,0.00,267.06,1,3.74,1
vllm,multi_turn,8,60.35,0.00,67.37,1,14.84,1
vllm,multi_turn,9,145.88,31.77,177.65,2,11.26,1
vllm,multi_turn,10,154.80,0.00,155.04,1,6.45,1
vllm,multi_turn,11,168.71,0.00,199.54,1,5.01,1
vllm,multi_turn,12,125.12,0.00,176.08,1,5.68,1
vllm,multi_turn,13,191.55,163.98,355.53,2,5.63,1
vllm,multi_turn,14,131.66,0.00,203.52,1,4.91,1
vllm,multi_turn,15,121.87,5.41,127.29,2,15.71,1
vllm,multi_turn,16,62.43,30.55,92.99,2,21.51,1
vllm,multi_turn,17,143.38,0.00,146.35,1,6.83,1
vllm,multi_turn,18,112.64,0.00,176.71,1,5.66,1
vllm,multi_turn,19,123.63,0.00,154.61,1,6.47,1
vllm,multi_turn,20,138.61,0.00,145.98,1,6.85,1
vllm,multi_turn,21,258.91,0.00,363.27,1,2.75,1
vllm,multi_turn,22,162.17,0.00,224.86,1,4.45,1
vllm,multi_turn,23,167.96,13.29,181.25,2,11.03,1
vllm,multi_turn,24,50.11,30.35,80.46,2,24.86,1
vllm,multi_turn,25,85.98,0.00,110.43,1,9.06,1
vllm,multi_turn,26,177.56,0.00,182.12,1,5.49,1
vllm,multi_turn,27,213.61,0.00,252.96,1,3.95,1
vllm,multi_turn,28,111.98,0.00,117.07,1,8.54,1
vllm,multi_turn,29,231.83,120.87,352.70,2,5.67,1
vllm,multi_turn,30,168.36,0.00,187.21,1,5.34,1
vllm,multi_turn,31,137.20,128.29,265.49,2,7.53,1
vllm,multi_turn,32,69.68,33.00,102.68,2,19.48,1
vllm,multi_turn,33,118.64,0.00,121.78,1,8.21,1
vllm,multi_turn,34,183.21,14.51,197.72,2,10.12,1
vllm,multi_turn,35,148.24,0.00,180.57,1,5.54,1
vllm,multi_turn,36,96.57,0.00,101.78,1,9.83,1
vllm,multi_turn,37,180.16,73.26,253.42,2,7.89,1
vllm,multi_turn,38,98.98,73.55,172.53,2,11.59,1
vllm,multi_turn,39,244.65,0.00,420.32,1,2.38,1
vllm,multi_turn,40,68.42,21.22,89.65,2,22.31,1
vllm,multi_turn,41,204.63,0.00,261.59,1,3.82,1
vllm,multi_turn,42,180.84,0.00,206.74,1,4.84,1
vllm,multi_turn,43,148.76,0.00,175.82,1,5.69,1
vllm,multi_turn,44,208.05,0.00,255.32,1,3.92,1
vllm,multi_turn,45,219.15,0.00,246.33,1,4.06,1
vllm,multi_turn,46,133.97,85.52,219.50,2,9.11,1
vllm,multi_turn,47,84.28,20.25,104.53,2,19.13,1
vllm,multi_turn,48,51.94,0.00,103.80,1,9.63,1
vllm,multi_turn,49,252.68,0.00,294.67,1,3.39,1
vllm,multi_turn,50,153.72,0.00,169.02,1,5.92,1
vllm,multi_turn,51,149.00,43.46,192.46,2,10.39,1
vllm,multi_turn,52,149.03,0.00,166.81,1,5.99,1
vllm,multi_turn,53,215.44,0.00,235.07,1,4.25,1
vllm,multi_turn,54,177.53,0.00,285.65,1,3.50,1
vllm,multi_turn,55,221.81,0.00,253.26,1,3.95,1
vllm,multi_turn,56,53.13,33.86,86.99,2,22.99,1
vllm,multi_turn,57,107.95,13.30,121.24,2,16.50,1
vllm,multi_turn,58,169.04,0.00,178.98,1,5.59,1
vllm,multi_turn,59,199.91,110.70,310.60,2,6.44,1
vllm,multi_turn,60,117.68,0.00,131.02,1,7.63,1
vllm,multi_turn,61,169.99,51.62,221.61,2,9.02,1
vllm,multi_turn,62,265.61,0.00,326.01,1,3.07,1
vllm,multi_turn,63,267.29,0.00,303.50,1,3.29,1
vllm,multi_turn,64,57.76,38.38,96.14,2,20.80,1
vllm,multi_turn,65,107.51,13.86,121.37,2,16.48,1
vllm,multi_turn,66,156.58,0.00,197.10,1,5.07,1
vllm,multi_turn,67,164.47,0.00,190.42,1,5.25,1
vllm,multi_turn,68,154.71,0.00,162.47,1,6.16,1
vllm,multi_turn,69,190.73,0.00,252.09,1,3.97,1
vllm,multi_turn,70,336.66,0.00,390.24,1,2.56,1
vllm,multi_turn,71,252.91,0.00,288.28,1,3.47,1
vllm,multi_turn,72,58.35,32.29,90.64,2,22.07,1
vllm,multi_turn,73,161.46,0.00,169.41,1,5.90,1
vllm,multi_turn,74,146.70,5.39,152.09,2,13.15,1
vllm,multi_turn,75,174.98,0.00,230.57,1,4.34,1
vllm,multi_turn,76,88.56,0.00,147.94,1,6.76,1
vllm,multi_turn,77,230.66,9.03,239.69,2,8.34,1
vllm,multi_turn,78,232.81,122.95,355.75,2,5.62,1
vllm,multi_turn,79,284.22,0.00,345.94,1,2.89,1
vllm,multi_turn,80,57.81,0.00,70.51,1,14.18,1
vllm,multi_turn,81,181.27,0.00,195.07,1,5.13,1
vllm,multi_turn,82,124.44,0.00,161.10,1,6.21,1
vllm,multi_turn,83,134.08,0.00,163.69,1,6.11,1
vllm,multi_turn,84,178.24,0.00,178.45,1,5.60,1
vllm,multi_turn,85,238.45,111.39,349.84,2,5.72,1
vllm,multi_turn,86,197.90,179.15,377.05,2,5.30,0
vllm,multi_turn,87,179.75,0.00,255.60,1,3.91,1
vllm,multi_turn,88,61.83,0.00,88.09,1,11.35,1
vllm,multi_turn,89,158.97,65.37,224.34,2,8.92,1
vllm,multi_turn,90,175.95,22.64,198.59,2,10.07,1
vllm,multi_turn,91,150.52,0.00,235.28,1,4.25,1
vllm,multi_turn,92,123.93,76.10,200.03,2,10.00,1
vllm,multi_turn,93,183.45,0.00,186.36,1,5.37,1
vllm,multi_turn,94,171.49,136.78,308.27,2,6.49,1
vllm,multi_turn,95,213.59,0.00,302.67,1,3.30,1
vllm,multi_turn,96,59.19,0.00,90.86,1,11.01,1
vllm,multi_turn,97,206.50,0.00,246.38,1,4.06,1
vllm,multi_turn,98,224.98,0.00,288.21,1,3.47,1
vllm,multi_turn,99,139.38,0.00,156.10,1,6.41,1
vllm,multi_turn,100,203.65,99.17,302.82,2,6.60,1
vllm,multi_turn,101,198.20,0.00,271.37,1,3.69,1
vllm,multi_turn,102,170.97,0.00,177.11,1,5.65,1
vllm,multi_turn,103,160.73,0.00,195.65,1,5.11,1
vllm,multi_turn,104,104.56,0.00,121.48,1,8.23,1
vllm,multi_turn,105,157.20,59.94,217.13,2,9.21,1
vllm,multi_turn,106,286.51,0.00,308.32,1,3.24,1
vllm,multi_turn,107,268.14,0.00,312.05,1,3.20,1
vllm,multi_turn,108,239.57,81.54,321.11,2,6.23,1
vllm,multi_turn,109,129.53,0.00,150.01,1,6.67,1
vllm,multi_turn,110,99.35,0.00,114.19,1,8.76,1
vllm,multi_turn,111,148.87,0.00,173.62,1,5.76,1
vllm,multi_turn,112,53.24,0.00,72.99,1,13.70,1
vllm,multi_turn,113,110.42,0.00,138.83,1,7.20,1
vllm,multi_turn,114,163.54,0.00,267.09,1,3.74,1
vllm,multi_turn,115,210.53,0.00,252.74,1,3.96,1
vllm,multi_turn,116,101.27,19.32,120.58,2,16.59,1
vllm,multi_turn,117,181.84,0.00,330.34,1,3.03,1
vllm,multi_turn,118,237.33,0.00,272.04,1,3.68,1
vllm,multi_turn,119,218.00,124.48,342.49,2,5.84,1
vllm,multi_turn,120,52.37,0.00,88.32,1,11.32,1
vllm,multi_turn,121,84.56,0.00,112.88,1,8.86,1
vllm,multi_turn,122,165.22,0.00,246.44,1,4.06,1
vllm,multi_turn,123,164.00,0.00,225.97,1,4.43,1
vllm,multi_turn,124,149.19,0.00,154.70,1,6.46,1
vllm,multi_turn,125,198.89,0.00,223.51,1,4.47,1
vllm,multi_turn,126,288.54,133.43,421.97,2,4.74,1
vllm,multi_turn,127,271.65,0.00,325.72,1,3.07,1
vllm,multi_turn,128,50.56,0.00,73.98,1,13.52,1
vllm,multi_turn,129,266.15,44.68,310.83,2,6.43,1
vllm,multi_turn,130,196.28,88.98,285.26,2,7.01,1
vllm,multi_turn,131,112.92,20.25,133.18,2,15.02,1
vllm,multi_turn,132,214.84,40.62,255.46,2,7.83,1
vllm,multi_turn,133,159.71,0.00,173.13,1,5.78,1
vllm,multi_turn,134,152.79,0.00,281.37,1,3.55,1
vllm,multi_turn,135,146.04,140.52,286.56,2,6.98,1
vllm,multi_turn,136,55.49,54.34,109.83,2,18.21,1
vllm,multi_turn,137,177.00,86.58,263.59,2,7.59,1
vllm,multi_turn,138,156.73,0.00,164.77,1,6.07,1
vllm,multi_turn,139,169.91,0.00,239.54,1,4.17,1
vllm,multi_turn,140,215.52,0.00,295.35,1,3.39,1
vllm,multi_turn,141,177.25,0.00,201.21,1,4.97,1
vllm,multi_turn,142,153.50,19.91,173.41,2,11.53,1
vllm,multi_turn,143,225.28,158.17,383.45,2,5.22,1
vllm,multi_turn,144,171.42,0.00,189.46,1,5.28,1
vllm,multi_turn,145,179.99,0.00,188.98,1,5.29,1
vllm,multi_turn,146,123.19,60.56,183.75,2,10.88,1
vllm,multi_turn,147,156.88,0.00,163.17,1,6.13,1
vllm,multi_turn,148,188.76,0.00,203.26,1,4.92,1
vllm,multi_turn,149,224.32,0.00,319.63,1,3.13,1
vllm,multi_turn,150,225.82,0.00,252.91,1,3.95,1
vllm,multi_turn,151,124.29,9.95,134.24,2,14.90,0
vllm,multi_turn,152,58.62,0.00,122.71,1,8.15,1
vllm,multi_turn,153,203.77,0.00,247.33,1,4.04,1
vllm,multi_turn,154,319.88,0.00,324.69,1,3.08,1
vllm,multi_turn,155,181.11,0.00,197.98,1,5.05,1
vllm,multi_turn,156,229.61,10.12,239.72,2,8.34,1
vllm,multi_turn,157,230.80,39.84,270.64,2,7.39,1
vllm,multi_turn,158,159.18,0.00,171.99,1,5.81,1
vllm,multi_turn,159,138.03,81.42,219.44,2,9.11,1
vllm,multi_turn,160,52.94,0.00,77.63,1,12.88,1
vllm,multi_turn,161,56.94,35.93,92.88,2,21.53,1
vllm,multi_turn,162,195.64,107.99,303.63,2,6.59,1
vllm,multi_turn,163,223.74,66.03,289.77,2,6.90,1
vllm,multi_turn,164,159.76,0.00,236.34,1,4.23,1
vllm,multi_turn,165,129.81,0.00,147.93,1,6.76,1
vllm,multi_turn,166,195.38,151.24,346.61,2,5.77,0
vllm,multi_turn,167,261.80,0.00,362.69,1,2.76,1
vllm,multi_turn,168,60.14,38.20,98.33,2,20.34,1
vllm,multi_turn,169,123.43,4.72,128.15,2,15.61,1
vllm,multi_turn,170,159.70,55.53,215.23,2,9.29,1
vllm,multi_turn,171,234.34,104.35,338.69,2,5.91,1
vllm,multi_turn,172,188.80,0.00,258.62,1,3.87,1
vllm,multi_turn,173,303.47,0.00,372.65,1,2.68,1
vllm,multi_turn,174,255.99,0.00,298.05,1,3.36,1
vllm,multi_turn,175,110.48,0.00,149.98,1,6.67,1
vllm,multi_turn,176,84.84,0.00,95.03,1,10.52,1
vllm,multi_turn,177,144.78,0.00,148.94,1,6.71,1
vllm,multi_turn,178,114.94,72.07,187.01,2,10.69,1
vllm,multi_turn,179,216.96,0.00,234.34,1,4.27,1
vllm,multi_turn,180,163.62,0.00,174.99,1,5.71,1
vllm,multi_turn,181,137.65,0.00,196.42,1,5.09,1
vllm,multi_turn,182,317.25,0.00,477.73,1,2.09,1
vllm,multi_turn,183,207.71,105.88,313.59,2,6.38,1
vllm,multi_turn,184,76.97,0.00,88.48,1,11.30,1
vllm,multi_turn,185,159.07,84.98,244.06,2,8.19,1
vllm,multi_turn,186,247.37,130.58,377.94,2,5.29,1
vllm,multi_turn,187,160.91,0.00,179.18,1,5.58,1
vllm,multi_turn,188,159.05,10.09,169.14,2,11.82,1
vllm,multi_turn,189,176.58,0.00,198.34,1,5.04,1
vllm,multi_turn,190,147.49,0.00,272.20,1,3.67,1
vllm,multi_turn,191,201.30,113.55,314.85,2,6.35,1
vllm,multi_turn,192,152.71,0.00,169.82,1,5.89,1
vllm,multi_turn,193,147.38,0.00,160.22,1,6.24,1
vllm,multi_turn,194,216.92,0.00,247.79,1,4.04,1
vllm,multi_turn,195,167.45,35.15,202.60,2,9.87,1
vllm,multi_turn,196,163.60,15.11,178.71,2,11.19,1
vllm,multi_turn,197,310.25,113.22,423.47,2,4.72,1
vllm,multi_turn,198,160.70,0.00,201.40,1,4.97,1
vllm,multi_turn,199,153.97,0.00,172.12,1,5.81,1
vllm,multi_turn,200,68.27,20.08,88.34,2,22.64,1
vllm,multi_turn,201,228.99,125.81,354.80,2,5.64,1
vllm,multi_turn,202,147.77,0.00,268.18,1,3.73,1
vllm,multi_turn,203,164.33,64.21,228.54,2,8.75,1
vllm,multi_turn,204,110.73,0.00,126.01,1,7.94,1
vllm,multi_turn,205,105.13,0.00,111.02,1,9.01,1
vllm,multi_turn,206,189.86,134.67,324.52,2,6.16,1
vllm,multi_turn,207,216.88,0.00,361.39,1,2.77,1
vllm,multi_turn,208,115.67,24.31,139.97,2,14.29,1
vllm,multi_turn,209,158.40,35.90,194.31,2,10.29,1
vllm,multi_turn,210,264.41,0.00,300.02,1,3.33,1
vllm,multi_turn,211,203.69,0.00,258.22,1,3.87,1
vllm,multi_turn,212,103.22,0.00,204.52,1,4.89,1
vllm,multi_turn,213,235.12,0.00,270.42,1,3.70,1
vllm,multi_turn,214,259.62,67.63,327.25,2,6.11,1
vllm,multi_turn,215,128.94,20.48,149.42,2,13.39,1
vllm,multi_turn,216,184.90,0.00,206.42,1,4.84,1
vllm,multi_turn,217,158.34,20.43,178.77,2,11.19,1
vllm,multi_turn,218,125.85,0.00,250.65,1,3.99,1
vllm,multi_turn,219,213.71,0.00,250.85,1,3.99,1
vllm,multi_turn,220,198.34,73.63,271.97,2,7.35,1
vllm,multi_turn,221,163.92,0.33,164.25,2,12.18,1
vllm,multi_turn,222,180.02,0.00,257.95,1,3.88,1
vllm,multi_turn,223,161.63,0.00,166.39,1,6.01,1
vllm,multi_turn,224,87.21,0.00,94.65,1,10.57,1
vllm,multi_turn,225,210.83,0.00,242.79,1,4.12,1
vllm,multi_turn,226,228.45,95.55,324.00,2,6.17,1
vllm,multi_turn,227,196.47,67.67,264.14,2,7.57,1
vllm,multi_turn,228,145.24,0.00,177.40,1,5.64,1
vllm,multi_turn,229,247.45,0.00,323.08,1,3.10,1
vllm,multi_turn,230,273.43,101.21,374.64,2,5.34,1
vllm,multi_turn,231,197.41,0.00,225.95,1,4.43,1
vllm,multi_turn,232,54.61,42.38,96.99,2,20.62,1
vllm,multi_turn,233,134.99,0.00,147.79,1,6.77,1
vllm,multi_turn,234,99.25,63.22,162.47,2,12.31,1
vllm,multi_turn,235,211.06,79.11,290.18,2,6.89,1
vllm,multi_turn,236,236.94,69.23,306.17,2,6.53,1
vllm,multi_turn,237,302.72,0.00,480.73,1,2.08,1
vllm,multi_turn,238,217.56,61.52,279.08,2,7.17,1
vllm,multi_turn,239,227.58,0.00,256.87,1,3.89,1
vllm,multi_turn,240,77.91,0.00,91.96,1,10.87,1
vllm,multi_turn,241,154.23,81.25,235.48,2,8.49,0
vllm,multi_turn,242,192.77,29.11,221.88,2,9.01,0
vllm,multi_turn,243,102.03,0.00,170.92,1,5.85,1
vllm,multi_turn,244,205.64,0.00,380.42,1,2.63,1
vllm,multi_turn,245,362.20,35.51,397.71,2,5.03,1
vllm,multi_turn,246,261.10,0.00,339.65,1,2.94,1
vllm,multi_turn,247,167.95,0.00,199.28,1,5.02,1
vllm,multi_turn,248,76.61,17.58,94.19,2,21.23,1
vllm,multi_turn,249,184.95,0.00,236.21,1,4.23,1
vllm,multi_turn,250,210.10,0.00,268.53,1,3.72,1
vllm,multi_turn,251,170.91,23.64,194.55,2,10.28,1
vllm,multi_turn,252,163.12,29.14,192.25,2,10.40,1
vllm,multi_turn,253,349.90,0.00,487.20,1,2.05,1
vllm,multi_turn,254,207.31,104.90,312.21,2,6.41,1
vllm,multi_turn,255,193.83,0.00,226.09,1,4.42,1
vllm,multi_turn,256,212.58,0.00,222.53,1,4.49,1
vllm,multi_turn,257,214.56,0.00,258.61,1,3.87,1
vllm,multi_turn,258,233.97,0.00,304.42,1,3.28,1
vllm,multi_turn,259,229.85,86.20,316.06,2,6.33,1
vllm,multi_turn,260,113.68,0.00,149.33,1,6.70,1
vllm,multi_turn,261,168.71,79.01,247.72,2,8.07,1
vllm,multi_turn,262,189.64,24.80,214.44,2,9.33,1
vllm,multi_turn,263,151.56,0.00,230.74,1,4.33,1
vllm,multi_turn,264,62.52,32.27,94.79,2,21.10,1
vllm,multi_turn,265,124.18,8.36,132.54,2,15.09,1
vllm,multi_turn,266,143.66,58.70,202.36,2,9.88,1
vllm,multi_turn,267,236.18,0.00,369.19,1,2.71,1
vllm,multi_turn,268,232.79,0.00,317.45,1,3.15,1
vllm,multi_turn,269,175.35,113.06,288.41,2,6.93,1
vllm,multi_turn,270,341.32,61.57,402.89,2,4.96,1
vllm,multi_turn,271,309.36,0.00,397.14,1,2.52,1
vllm,multi_turn,272,96.55,0.00,119.80,1,8.35,1
vllm,multi_turn,273,208.24,16.52,307.35,7,22.78,0
vllm,multi_turn,274,250.81,4.50,255.31,2,7.83,1
vllm,multi_turn,275,97.62,0.00,116.89,1,8.56,1
vllm,multi_turn,276,185.66,0.00,214.68,1,4.66,1
vllm,multi_turn,277,303.11,0.00,401.94,1,2.49,1
vllm,multi_turn,278,295.37,0.00,337.41,1,2.96,1
vllm,multi_turn,279,261.24,163.02,424.26,2,4.71,1
vllm,multi_turn,280,72.04,0.00,96.61,1,10.35,1
vllm,multi_turn,281,215.06,0.00,284.33,1,3.52,1
vllm,multi_turn,282,263.21,0.00,383.65,1,2.61,1
vllm,multi_turn,283,220.87,76.71,297.57,2,6.72,1
vllm,multi_turn,284,237.62,0.00,332.07,1,3.01,1
vllm,multi_turn,285,235.07,0.00,266.17,1,3.76,1
vllm,multi_turn,286,100.71,0.00,161.41,1,6.20,1
vllm,multi_turn,287,204.82,155.35,360.16,2,5.55,1
vllm,multi_turn,288,132.18,39.80,171.97,2,11.63,1
vllm,multi_turn,289,175.96,99.74,275.70,2,7.25,1
vllm,multi_turn,290,224.72,0.00,304.37,1,3.29,1
vllm,multi_turn,291,167.55,9.44,176.99,2,11.30,1
vllm,multi_turn,292,228.27,156.04,384.31,2,5.20,1
vllm,multi_turn,293,192.67,25.10,217.77,2,9.18,1
vllm,multi_turn,294,275.15,0.00,302.36,1,3.31,1
vllm,multi_turn,295,157.70,0.00,162.98,1,6.14,1
vllm,multi_turn,296,32.97,0.00,47.98,1,20.84,1
vllm,multi_turn,297,67.07,52.23,119.30,2,16.76,1
vllm,multi_turn,298,188.56,0.00,231.49,1,4.32,1
vllm,multi_turn,299,311.53,0.00,364.30,1,2.75,1
vllm,multi_turn,300,212.64,0.00,368.24,1,2.72,1
vllm,multi_turn,301,312.37,79.87,392.24,2,5.10,1
vllm,multi_turn,302,240.59,76.19,316.78,2,6.31,1
vllm,multi_turn,303,384.92,25.06,409.98,2,4.88,1
vllm,multi_turn,304,177.82,0.00,191.26,1,5.23,1
vllm,multi_turn,305,239.83,0.00,247.95,1,4.03,1
vllm,multi_turn,306,143.37,0.00,155.19,1,6.44,1
vllm,multi_turn,307,180.51,112.05,292.56,2,6.84,1
vllm,multi_turn,308,128.68,0.00,145.86,1,6.86,1
vllm,multi_turn,309,154.17,111.45,265.62,2,7.53,1
vllm,multi_turn,310,143.23,0.00,222.85,1,4.49,1
vllm,multi_turn,311,472.90,0.34,473.24,2,4.23,1
vllm,multi_turn,312,94.61,0.00,94.86,1,10.54,1
vllm,multi_turn,313,177.18,0.00,217.71,1,4.59,1
vllm,multi_turn,314,202.50,0.00,224.48,1,4.45,1
vllm,multi_turn,315,147.49,0.00,156.88,1,6.37,1
vllm,multi_turn,316,207.72,0.00,324.02,1,3.09,1
vllm,multi_turn,317,310.55,0.00,440.35,1,2.27,1
vllm,multi_turn,318,222.30,49.87,272.17,2,7.35,1
vllm,multi_turn,319,264.82,0.00,439.90,1,2.27,1
vllm,multi_turn,320,135.84,56.32,192.17,2,10.41,1
vllm,multi_turn,321,154.54,83.78,238.32,2,8.39,1
vllm,multi_turn,322,138.66,25.96,164.61,2,12.15,1
vllm,multi_turn,323,200.57,0.00,260.80,1,3.83,1
vllm,multi_turn,324,301.29,89.32,390.61,2,5.12,1
vllm,multi_turn,325,217.47,0.00,292.66,1,3.42,1
vllm,multi_turn,326,193.51,0.00,197.58,1,5.06,1
vllm,multi_turn,327,132.88,0.00,287.04,1,3.48,1
vllm,multi_turn,328,70.24,26.07,96.30,2,20.77,1
vllm,multi_turn,329,128.37,0.00,138.09,1,7.24,1
vllm,multi_turn,330,108.58,79.79,188.37,2,10.62,1
vllm,multi_turn,331,190.59,65.06,255.65,2,7.82,1
vllm,multi_turn,332,404.05,0.00,451.26,1,2.22,1
vllm,multi_turn,333,213.15,0.00,302.26,1,3.31,1
vllm,multi_turn,334,310.84,0.00,330.82,1,3.02,1
vllm,multi_turn,335,225.87,229.71,455.58,2,4.39,1
vllm,multi_turn,336,55.26,0.00,70.83,1,14.12,1
vllm,multi_turn,337,112.05,0.00,136.09,1,7.35,1
vllm,multi_turn,338,226.24,23.48,249.72,2,8.01,1
vllm,multi_turn,339,203.33,0.00,234.05,1,4.27,1
vllm,multi_turn,340,228.35,106.25,334.60,2,5.98,1
vllm,multi_turn,341,306.14,135.01,441.15,2,4.53,1
vllm,multi_turn,342,383.44,0.00,403.01,1,2.48,1
vllm,multi_turn,343,240.15,0.00,398.83,1,2.51,1
vllm,multi_turn,344,61.56,0.00,92.52,1,10.81,1
vllm,multi_turn,345,163.37,87.07,250.43,2,7.99,1
vllm,multi_turn,346,130.02,0.00,140.84,1,7.10,1
vllm,multi_turn,347,195.14,0.00,279.88,1,3.57,1
vllm,multi_turn,348,241.47,0.00,325.50,1,3.07,1
vllm,multi_turn,349,323.22,20.36,343.58,2,5.82,1
vllm,multi_turn,350,231.38,186.06,417.44,2,4.79,1
vllm,multi_turn,351,388.50,31.97,420.47,2,4.76,1
vllm,multi_turn,352,182.97,0.00,201.48,1,4.96,1
vllm,multi_turn,353,186.95,114.30,301.25,2,6.64,1
vllm,multi_turn,354,177.56,0.00,255.81,1,3.91,1
vllm,multi_turn,355,104.41,30.57,134.98,2,14.82,1
vllm,multi_turn,356,209.61,0.00,297.05,1,3.37,1
vllm,multi_turn,357,332.75,0.00,396.79,1,2.52,1
vllm,multi_turn,358,223.04,0.00,246.01,1,4.06,1
vllm,multi_turn,359,166.57,61.91,228.48,2,8.75,1
vllm,multi_turn,360,69.83,0.00,77.14,1,12.96,1
vllm,multi_turn,361,143.56,80.22,223.78,2,8.94,1
vllm,multi_turn,362,107.35,0.00,107.58,1,9.30,1
vllm,multi_turn,363,205.24,135.17,340.41,2,5.88,1
vllm,multi_turn,364,214.69,0.00,313.03,1,3.19,1
vllm,multi_turn,365,169.94,172.67,342.61,2,5.84,1
vllm,multi_turn,366,281.58,47.57,329.15,2,6.08,1
vllm,multi_turn,367,404.43,111.56,515.99,2,3.88,1
vllm,multi_turn,368,163.34,0.00,190.26,1,5.26,1
vllm,multi_turn,369,249.71,0.00,360.40,1,2.77,1
vllm,multi_turn,370,185.32,0.00,252.19,1,3.97,1
vllm,multi_turn,371,123.97,0.00,124.20,1,8.05,1
vllm,multi_turn,372,299.24,0.00,354.19,1,2.82,1
vllm,multi_turn,373,195.73,101.63,297.36,2,6.73,1
vllm,multi_turn,374,284.12,163.15,447.27,2,4.47,1
vllm,multi_turn,375,159.83,56.65,216.48,2,9.24,1
vllm,multi_turn,376,181.15,0.00,219.80,1,4.55,1
vllm,multi_turn,377,233.19,0.00,289.41,1,3.46,1
vllm,multi_turn,378,197.84,35.41,410.30,7,17.06,0
vllm,multi_turn,379,254.77,88.57,343.34,2,5.83,1
vllm,multi_turn,380,237.95,0.00,267.58,1,3.74,1
vllm,multi_turn,381,187.63,22.46,210.09,2,9.52,1
vllm,multi_turn,382,366.45,9.93,376.38,2,5.31,1
vllm,multi_turn,383,138.45,0.00,183.09,1,5.46,1
vllm,multi_turn,384,171.39,65.28,236.67,2,8.45,1
vllm,multi_turn,385,288.63,0.00,331.10,1,3.02,1
vllm,multi_turn,386,240.85,74.65,315.50,2,6.34,1
vllm,multi_turn,387,207.81,90.33,298.14,2,6.71,1
vllm,multi_turn,388,157.88,0.00,162.60,1,6.15,1
vllm,multi_turn,389,225.78,0.00,323.33,1,3.09,1
vllm,multi_turn,390,203.11,151.70,354.81,2,5.64,1
vllm,multi_turn,391,226.11,0.00,269.21,1,3.71,1
vllm,multi_turn,392,158.17,100.04,258.21,2,7.75,1
vllm,multi_turn,393,233.74,101.30,335.05,2,5.97,1
vllm,multi_turn,394,189.00,0.00,250.32,1,3.99,1
vllm,multi_turn,395,229.56,81.29,310.85,2,6.43,1
vllm,multi_turn,396,152.39,0.00,195.32,1,5.12,1
vllm,multi_turn,397,212.40,0.00,344.06,1,2.91,1
vllm,multi_turn,398,158.84,210.95,369.79,2,5.41,1
vllm,multi_turn,399,183.43,48.05,231.48,2,8.64,1
vllm,multi_turn,400,147.64,26.38,253.14,5,19.75,0
vllm,multi_turn,401,154.23,0.00,243.71,1,4.10,1
vllm,multi_turn,402,268.29,0.00,335.15,1,2.98,1
vllm,multi_turn,403,389.82,74.93,464.75,2,4.30,1
vllm,multi_turn,404,130.41,37.87,168.28,2,11.88,1
vllm,multi_turn,405,223.65,0.00,228.21,1,4.38,1
vllm,multi_turn,406,221.78,0.00,289.15,1,3.46,1
vllm,multi_turn,407,256.99,51.90,308.89,2,6.47,1
vllm,multi_turn,408,218.28,0.00,250.00,1,4.00,1
vllm,multi_turn,409,198.55,101.10,299.65,2,6.67,1
vllm,multi_turn,410,213.19,0.00,225.63,1,4.43,1
vllm,multi_turn,411,146.34,41.07,187.41,2,10.67,1
vllm,multi_turn,412,238.35,162.12,400.48,2,4.99,1
vllm,multi_turn,413,178.82,0.00,341.47,1,2.93,1
vllm,multi_turn,414,344.42,0.00,369.17,1,2.71,1
vllm,multi_turn,415,213.32,66.32,279.64,2,7.15,1
vllm,multi_turn,416,183.23,54.61,237.84,2,8.41,1
vllm,multi_turn,417,261.72,0.00,293.39,1,3.41,1
vllm,multi_turn,418,255.37,167.38,422.75,2,4.73,1
vllm,multi_turn,419,211.73,0.00,288.80,1,3.46,1
vllm,multi_turn,420,244.48,0.00,281.89,1,3.55,1
vllm,multi_turn,421,194.82,0.00,195.07,1,5.13,1
vllm,multi_turn,422,281.60,40.61,322.21,2,6.21,1
vllm,multi_turn,423,195.01,82.95,277.97,2,7.20,1
vllm,multi_turn,424,161.70,0.00,187.00,1,5.35,1
vllm,multi_turn,425,282.51,0.00,282.73,1,3.54,1
vllm,multi_turn,426,176.14,84.64,260.78,2,7.67,1
vllm,multi_turn,427,153.74,0.00,195.42,1,5.12,1
vllm,multi_turn,428,230.88,138.76,369.65,2,5.41,1
vllm,multi_turn,429,142.07,118.64,260.71,2,7.67,1
vllm,multi_turn,430,448.66,0.00,453.64,1,2.20,1
vllm,multi_turn,431,199.02,37.53,236.54,2,8.46,1
vllm,multi_turn,432,139.62,53.12,192.74,2,10.38,1
vllm,multi_turn,433,160.73,0.00,228.63,1,4.37,1
vllm,multi_turn,434,145.93,0.00,156.28,1,6.40,1
vllm,multi_turn,435,189.78,83.24,273.02,2,7.33,1
vllm,multi_turn,436,187.64,165.08,352.72,2,5.67,1
vllm,multi_turn,437,227.70,0.00,310.46,1,3.22,1
vllm,multi_turn,438,293.92,164.82,458.74,2,4.36,1
vllm,multi_turn,439,192.66,135.61,328.27,2,6.09,1
vllm,multi_turn,440,99.29,0.00,111.09,1,9.00,1
vllm,multi_turn,441,160.11,0.00,187.01,1,5.35,1
vllm,multi_turn,442,297.75,0.00,312.93,1,3.20,1
vllm,multi_turn,443,270.42,0.00,433.77,1,2.31,1
vllm,multi_turn,444,198.76,165.68,364.44,2,5.49,1
vllm,multi_turn,445,229.66,146.21,375.87,2,5.32,1
vllm,multi_turn,446,354.06,55.24,409.31,2,4.89,1
vllm,multi_turn,447,138.61,0.00,253.55,1,3.94,1
vllm,multi_turn,448,138.37,109.71,248.08,2,8.06,1
vllm,multi_turn,449,211.65,0.00,309.53,1,3.23,1
vllm,multi_turn,450,229.81,102.67,332.48,2,6.02,1
vllm,multi_turn,451,218.39,0.00,353.91,1,2.83,1
vllm,multi_turn,452,185.99,0.00,228.37,1,4.38,1
vllm,multi_turn,453,116.52,0.00,175.74,1,5.69,1
vllm,multi_turn,454,298.61,65.63,364.24,2,5.49,1
vllm,multi_turn,455,238.55,77.68,316.24,2,6.32,1
vllm,multi_turn,456,166.48,0.00,280.05,1,3.57,1
vllm,multi_turn,457,210.27,0.00,303.49,1,3.30,1
vllm,multi_turn,458,185.93,197.56,383.50,2,5.22,1
vllm,multi_turn,459,224.93,0.00,355.03,1,2.82,1
vllm,multi_turn,460,143.80,0.00,159.65,1,6.26,1
vllm,multi_turn,461,157.77,20.54,178.30,2,11.22,1
vllm,multi_turn,462,317.37,0.00,357.71,1,2.80,1
vllm,multi_turn,463,257.27,0.00,345.78,1,2.89,1
vllm,multi_turn,464,153.07,76.91,229.98,2,8.70,1
vllm,multi_turn,465,267.45,68.05,335.49,2,5.96,1
vllm,multi_turn,466,217.83,95.27,313.11,2,6.39,1
vllm,multi_turn,467,263.20,121.13,384.32,2,5.20,1
vllm,multi_turn,468,329.04,39.40,368.44,2,5.43,1
vllm,multi_turn,469,241.68,0.00,399.28,1,2.50,1
vllm,multi_turn,470,170.04,73.30,243.35,2,8.22,1
vllm,multi_turn,471,124.05,0.00,129.79,1,7.70,1
vllm,multi_turn,472,159.94,0.00,210.21,1,4.76,1
vllm,multi_turn,473,263.66,0.00,348.56,1,2.87,1
vllm,multi_turn,474,196.48,131.92,328.40,2,6.09,1
vllm,multi_turn,475,235.56,101.84,337.40,2,5.93,0
vllm,multi_turn,476,302.78,51.86,354.64,2,5.64,1
vllm,multi_turn,477,449.75,0.34,450.09,2,4.44,1
vllm,multi_turn,478,197.44,0.00,231.93,1,4.31,1
vllm,multi_turn,479,137.24,0.00,141.57,1,7.06,1
vllm,multi_turn,480,142.63,0.00,191.83,1,5.21,1
vllm,multi_turn,481,157.86,93.67,251.53,2,7.95,1
vllm,multi_turn,482,278.69,151.03,429.72,2,4.65,1
vllm,multi_turn,483,204.48,129.83,334.31,2,5.98,1
vllm,multi_turn,484,234.81,0.00,290.90,1,3.44,1
vllm,multi_turn,485,289.19,142.22,431.41,2,4.64,1
vllm,multi_turn,486,208.63,54.37,263.00,2,7.60,1
vllm,multi_turn,487,274.64,0.00,312.55,1,3.20,1
vllm,multi_turn,488,185.93,0.00,231.92,1,4.31,1
vllm,multi_turn,489,242.12,0.00,310.32,1,3.22,1
vllm,multi_turn,490,221.45,92.51,313.96,2,6.37,1
vllm,multi_turn,491,343.38,0.00,422.31,1,2.37,1
vllm,multi_turn,492,308.26,4.88,313.14,2,6.39,1
vllm,multi_turn,493,461.58,13.81,475.40,2,4.21,1
vllm,multi_turn,494,200.95,0.00,262.29,1,3.81,1
vllm,multi_turn,495,191.33,82.74,274.07,2,7.30,1
vllm,multi_turn,496,177.97,117.90,295.88,2,6.76,1
vllm,multi_turn,497,194.11,0.00,297.09,1,3.37,1
vllm,multi_turn,498,202.84,0.00,309.77,1,3.23,1
vllm,multi_turn,499,256.16,0.00,371.65,1,2.69,1
vllm,multi_turn,500,227.17,0.00,390.97,1,2.56,1
vllm,multi_turn,501,199.48,227.71,427.20,2,4.68,1
vllm,multi_turn,502,200.97,0.00,262.49,1,3.81,1
vllm,multi_turn,503,258.26,0.00,296.38,1,3.37,1
vllm,multi_turn,504,146.34,0.00,192.37,1,5.20,1
vllm,multi_turn,505,140.64,80.94,221.58,2,9.03,1
vllm,multi_turn,506,246.04,124.58,370.61,2,5.40,1
vllm,multi_turn,507,374.72,80.06,454.79,2,4.40,1
vllm,multi_turn,508,265.61,0.00,285.41,1,3.50,1
vllm,multi_turn,509,402.29,0.00,422.33,1,2.37,1
vllm,multi_turn,510,224.64,0.00,255.71,1,3.91,1
vllm,multi_turn,511,334.18,78.14,412.32,2,4.85,1
vllm,multi_turn,512,260.42,189.59,450.02,2,4.44,1
vllm,multi_turn,513,119.78,0.00,127.79,1,7.83,1
vllm,multi_turn,514,144.36,19.75,164.11,2,12.19,1
vllm,multi_turn,515,194.96,0.00,218.81,1,4.57,1
vllm,multi_turn,516,111.63,18.14,129.77,2,15.41,1
vllm,multi_turn,517,132.33,21.59,153.92,2,12.99,1
vllm,multi_turn,518,88.51,0.00,108.58,1,9.21,1
vllm,multi_turn,519,126.12,0.00,139.50,1,7.17,1
vllm,multi_turn,520,235.18,0.00,271.61,1,3.68,1
vllm,multi_turn,521,127.84,0.00,185.72,1,5.38,1
vllm,multi_turn,522,347.41,0.00,352.45,1,2.84,1
vllm,multi_turn,523,154.79,0.00,188.22,1,5.31,1
vllm,multi_turn,524,122.99,0.00,145.03,1,6.89,1
vllm,multi_turn,525,221.36,0.00,250.39,1,3.99,1
vllm,multi_turn,526,234.06,0.00,300.40,1,3.33,1
vllm,multi_turn,527,203.11,47.27,250.38,2,7.99,1
vllm,multi_turn,528,161.16,0.32,161.48,2,12.39,1
vllm,multi_turn,529,352.83,0.00,378.21,1,2.64,1
vllm,multi_turn,530,159.82,0.00,186.87,1,5.35,1
vllm,multi_turn,531,83.55,0.00,98.92,1,10.11,1
vllm,multi_turn,532,220.77,0.00,234.12,1,4.27,1
vllm,multi_turn,533,136.09,0.00,143.56,1,6.97,1
vllm,multi_turn,534,195.29,46.90,242.19,2,8.26,1
vllm,multi_turn,535,224.20,0.00,244.53,1,4.09,1
vllm,multi_turn,536,135.60,51.19,186.79,2,10.71,1
vllm,multi_turn,537,241.86,0.00,261.68,1,3.82,1
vllm,multi_turn,538,188.99,0.35,189.34,2,10.56,1
vllm,multi_turn,539,241.15,0.00,270.19,1,3.70,1
vllm,multi_turn,540,276.24,0.00,305.19,1,3.28,1
vllm,multi_turn,541,144.18,0.00,159.31,1,6.28,1
vllm,multi_turn,542,112.33,0.00,227.40,1,4.40,1
vllm,multi_turn,543,255.41,0.00,265.37,1,3.77,1
vllm,multi_turn,544,197.54,109.23,306.77,2,6.52,1
vllm,multi_turn,545,207.15,0.00,434.34,1,2.30,1
vllm,multi_turn,546,163.94,95.69,259.63,2,7.70,1
vllm,multi_turn,547,242.88,0.00,263.59,1,3.79,1
vllm,multi_turn,548,177.28,24.69,201.98,2,9.90,1
vllm,multi_turn,549,154.80,0.00,155.03,1,6.45,1
vllm,multi_turn,550,200.02,0.00,228.81,1,4.37,1
vllm,multi_turn,551,94.80,24.25,119.05,2,16.80,1
vllm,multi_turn,552,185.46,131.42,316.88,2,6.31,1
vllm,multi_turn,553,149.80,0.00,179.43,1,5.57,1
vllm,multi_turn,554,96.45,0.00,106.19,1,9.42,1
vllm,multi_turn,555,196.27,0.00,201.66,1,4.96,1
vllm,multi_turn,556,147.58,5.28,152.86,2,13.08,1
vllm,multi_turn,557,139.64,0.00,179.87,1,5.56,1
vllm,multi_turn,558,115.94,0.42,116.37,2,17.19,1
vllm,multi_turn,559,258.71,80.58,339.29,2,5.89,1
vllm,multi_turn,560,195.70,0.00,209.59,1,4.77,1
vllm,multi_turn,561,145.46,0.34,145.80,2,13.72,1
vllm,multi_turn,562,185.23,67.80,253.02,2,7.90,1
vllm,multi_turn,563,189.66,0.00,221.44,1,4.52,1
vllm,multi_turn,564,111.64,69.75,181.39,2,11.03,1
vllm,multi_turn,565,193.42,82.44,275.86,2,7.25,1
vllm,multi_turn,566,234.29,0.00,248.41,1,4.03,1
vllm,multi_turn,567,142.86,0.00,163.33,1,6.12,1
vllm,multi_turn,568,184.03,0.00,198.31,1,5.04,1
vllm,multi_turn,569,213.37,0.00,263.23,1,3.80,1
vllm,multi_turn,570,186.62,0.00,209.20,1,4.78,1
vllm,multi_turn,571,152.27,23.58,175.86,2,11.37,1
vllm,multi_turn,572,166.83,34.39,201.22,2,9.94,1
vllm,multi_turn,573,228.78,123.18,351.96,2,5.68,1
vllm,multi_turn,574,258.40,61.73,320.12,2,6.25,1
vllm,multi_turn,575,174.21,0.00,200.58,1,4.99,1
vllm,multi_turn,576,209.79,22.85,232.64,2,8.60,1
vllm,multi_turn,577,198.32,0.00,223.80,1,4.47,1
vllm,multi_turn,578,206.14,0.00,229.92,1,4.35,1
vllm,multi_turn,579,194.86,45.43,240.29,2,8.32,1
vllm,multi_turn,580,111.47,0.00,181.50,1,5.51,1
vllm,multi_turn,581,251.33,42.26,293.59,2,6.81,1
vllm,multi_turn,582,283.97,113.07,397.04,2,5.04,1
vllm,multi_turn,583,119.82,0.00,150.34,1,6.65,1
vllm,multi_turn,584,355.85,0.00,436.38,1,2.29,1
vllm,multi_turn,585,134.16,0.00,154.63,1,6.47,1
vllm,multi_turn,586,105.67,23.05,128.72,2,15.54,1
vllm,multi_turn,587,178.35,86.78,265.13,2,7.54,1
vllm,multi_turn,588,252.29,145.99,398.28,2,5.02,1
vllm,multi_turn,589,163.18,0.00,175.09,1,5.71,1
vllm,multi_turn,590,91.48,56.07,147.55,2,13.55,1
vllm,multi_turn,591,142.65,0.00,173.95,1,5.75,1
vllm,multi_turn,592,265.79,0.00,398.89,1,2.51,1
vllm,multi_turn,593,360.07,0.00,370.14,1,2.70,1
vllm,multi_turn,594,221.56,0.00,262.12,1,3.82,1
vllm,multi_turn,595,134.03,0.00,157.44,1,6.35,1
vllm,multi_turn,596,122.47,0.00,196.00,1,5.10,1
vllm,multi_turn,597,192.02,93.10,378.22,3,7.93,0
vllm,multi_turn,598,213.35,0.00,222.90,1,4.49,1
vllm,multi_turn,599,273.79,0.00,283.87,1,3.52,1
vllm,multi_turn,600,126.22,35.43,161.65,2,12.37,0
vllm,multi_turn,601,177.95,0.00,193.77,1,5.16,1
vllm,multi_turn,602,210.76,0.00,230.79,1,4.33,1
vllm,multi_turn,603,191.82,0.00,270.00,1,3.70,1
vllm,multi_turn,604,180.02,109.32,289.34,2,6.91,1
vllm,multi_turn,605,179.32,198.64,377.96,2,5.29,1
vllm,multi_turn,606,254.30,0.00,259.63,1,3.85,1
vllm,multi_turn,607,212.78,0.00,286.82,1,3.49,1
vllm,multi_turn,608,162.88,0.00,191.35,1,5.23,1
vllm,multi_turn,609,199.49,14.63,214.12,2,9.34,1
vllm,multi_turn,610,178.30,69.84,248.14,2,8.06,1
vllm,multi_turn,611,184.26,0.00,228.87,1,4.37,1
vllm,multi_turn,612,74.76,90.04,164.80,2,12.14,1
vllm,multi_turn,613,175.32,0.00,281.10,1,3.56,1
vllm,multi_turn,614,227.02,121.07,348.09,2,5.75,0
vllm,multi_turn,615,184.25,0.00,225.54,1,4.43,1
vllm,multi_turn,616,260.02,0.00,421.51,1,2.37,1
vllm,multi_turn,617,246.09,0.00,281.64,1,3.55,1
vllm,multi_turn,618,225.87,0.00,238.63,1,4.19,1
vllm,multi_turn,619,155.03,0.00,159.90,1,6.25,1
vllm,multi_turn,620,145.98,171.55,317.53,2,6.30,1
vllm,multi_turn,621,216.45,0.00,226.71,1,4.41,1
vllm,multi_turn,622,219.13,0.00,258.63,1,3.87,1
vllm,multi_turn,623,64.58,38.36,102.94,2,19.43,1
vllm,multi_turn,624,184.09,0.00,197.15,1,5.07,1
vllm,multi_turn,625,245.59,0.00,309.56,1,3.23,1
vllm,multi_turn,626,210.07,0.00,224.17,1,4.46,1
vllm,multi_turn,627,290.68,0.00,308.74,1,3.24,1
vllm,multi_turn,628,210.52,0.00,242.32,1,4.13,1
vllm,multi_turn,629,66.59,49.30,115.90,2,17.26,1
vllm,multi_turn,630,299.99,80.34,380.33,2,5.26,1
vllm,multi_turn,631,184.80,91.87,276.67,2,7.23,1
vllm,multi_turn,632,264.76,69.23,333.99,2,5.99,1
vllm,multi_turn,633,319.15,0.00,395.62,1,2.53,1
vllm,multi_turn,634,199.27,74.40,273.67,2,7.31,1
vllm,multi_turn,635,184.84,79.65,264.49,2,7.56,1
vllm,multi_turn,636,138.40,0.00,152.53,1,6.56,1
vllm,multi_turn,637,143.73,0.00,203.33,1,4.92,1
vllm,multi_turn,638,219.97,162.48,382.45,2,5.23,1
vllm,multi_turn,639,200.33,0.00,292.27,1,3.42,1
vllm,multi_turn,640,171.30,0.00,226.00,1,4.42,1
vllm,multi_turn,641,182.17,73.57,255.74,2,7.82,1
vllm,multi_turn,642,134.47,7.96,142.43,2,14.04,1
vllm,multi_turn,643,162.51,0.00,199.72,1,5.01,1
vllm,multi_turn,644,67.35,99.98,167.34,2,11.95,1
vllm,multi_turn,645,138.61,0.00,161.76,1,6.18,1
vllm,multi_turn,646,131.21,0.00,141.07,1,7.09,1
vllm,multi_turn,647,164.15,130.77,294.92,2,6.78,1
vllm,multi_turn,648,352.49,0.00,367.62,1,2.72,1
vllm,multi_turn,649,159.79,0.00,165.46,1,6.04,1
vllm,multi_turn,650,127.95,68.84,196.79,2,10.16,1
vllm,multi_turn,651,243.46,0.00,295.44,1,3.38,1
vllm,multi_turn,652,152.85,0.00,160.40,1,6.23,1
vllm,multi_turn,653,183.43,0.00,185.96,1,5.38,1
vllm,multi_turn,654,237.14,82.82,319.96,2,6.25,1
vllm,multi_turn,655,222.80,0.00,317.10,1,3.15,1
vllm,multi_turn,656,255.75,0.00,277.19,1,3.61,1
vllm,multi_turn,657,124.05,15.55,139.60,2,14.33,0
vllm,multi_turn,658,143.68,0.00,168.12,1,5.95,1
vllm,multi_turn,659,85.17,0.00,95.16,1,10.51,1
vllm,multi_turn,660,225.43,0.00,245.61,1,4.07,1
vllm,multi_turn,661,117.16,0.00,117.38,1,8.52,1
vllm,multi_turn,662,193.30,0.00,272.42,1,3.67,1
vllm,multi_turn,663,129.98,0.00,144.04,1,6.94,1
vllm,multi_turn,664,113.41,0.00,113.63,1,8.80,1
vllm,multi_turn,665,204.45,44.95,249.40,2,8.02,1
vllm,multi_turn,666,132.31,21.51,153.82,2,13.00,1
vllm,multi_turn,667,199.88,0.00,284.77,1,3.51,1
vllm,multi_turn,668,218.95,0.00,361.22,1,2.77,1
vllm,multi_turn,669,135.35,128.62,263.97,2,7.58,1
vllm,multi_turn,670,196.05,0.00,261.00,1,3.83,1
vllm,multi_turn,671,169.72,0.00,200.61,1,4.98,1
vllm,multi_turn,672,392.84,12.17,405.01,2,4.94,1
vllm,multi_turn,673,145.81,0.00,208.17,1,4.80,1
vllm,multi_turn,674,302.40,48.17,350.57,2,5.70,1
vllm,multi_turn,675,118.49,0.00,136.79,1,7.31,1
vllm,multi_turn,676,137.96,38.27,176.23,2,11.35,1
vllm,multi_turn,677,411.71,0.00,411.93,1,2.43,1
vllm,multi_turn,678,155.90,0.00,193.68,1,5.16,1
vllm,multi_turn,679,182.50,0.00,199.57,1,5.01,1
vllm,multi_turn,680,226.09,75.19,301.28,2,6.64,1
vllm,multi_turn,681,233.54,0.00,266.72,1,3.75,1
vllm,multi_turn,682,131.01,0.00,136.08,1,7.35,1
vllm,multi_turn,683,172.27,133.58,305.85,2,6.54,1
vllm,multi_turn,684,163.98,0.00,177.23,1,5.64,1
vllm,multi_turn,685,113.87,30.75,144.61,2,13.83,1
vllm,multi_turn,686,319.19,0.38,319.57,2,6.26,1
vllm,multi_turn,687,118.70,0.00,128.79,1,7.76,1
vllm,multi_turn,688,178.58,0.00,211.98,1,4.72,1
vllm,multi_turn,689,110.10,32.87,142.96,2,13.99,1
vllm,multi_turn,690,200.44,0.00,236.23,1,4.23,1
vllm,multi_turn,691,192.07,0.00,223.56,1,4.47,1
vllm,multi_turn,692,88.06,17.23,105.29,2,18.99,1
vllm,multi_turn,693,278.16,0.00,402.52,1,2.48,1
vllm,multi_turn,694,201.39,0.00,221.25,1,4.52,1
vllm,multi_turn,695,168.62,0.00,189.00,1,5.29,1
vllm,multi_turn,696,244.03,0.00,259.90,1,3.85,1
vllm,multi_turn,697,136.71,0.00,154.71,1,6.46,1
vllm,multi_turn,698,157.11,123.44,280.55,2,7.13,1
vllm,multi_turn,699,161.60,70.36,231.96,2,8.62,1
vllm,multi_turn,700,161.62,41.36,202.98,2,9.85,1
vllm,multi_turn,701,207.37,0.00,208.32,1,4.80,1
vllm,multi_turn,702,205.26,0.00,262.44,1,3.81,1
vllm,multi_turn,703,122.16,0.00,139.79,1,7.15,1
vllm,multi_turn,704,190.43,50.57,291.57,3,10.29,0
vllm,multi_turn,705,184.41,189.12,373.53,2,5.35,1
vllm,multi_turn,706,208.69,0.00,256.08,1,3.91,1
vllm,multi_turn,707,230.57,122.07,352.64,2,5.67,0
vllm,multi_turn,708,255.64,119.12,374.76,2,5.34,1
vllm,multi_turn,709,157.64,120.09,277.74,2,7.20,1
vllm,multi_turn,710,242.91,109.24,352.14,2,5.68,1
vllm,multi_turn,711,109.03,0.00,133.09,1,7.51,1
vllm,multi_turn,712,181.68,0.00,191.81,1,5.21,1
vllm,multi_turn,713,134.46,58.70,193.16,2,10.35,1
vllm,multi_turn,714,161.42,16.78,178.20,2,11.22,1
vllm,multi_turn,715,162.21,0.00,207.54,1,4.82,1
vllm,multi_turn,716,211.30,0.00,265.22,1,3.77,1
vllm,multi_turn,717,264.97,200.15,465.12,2,4.30,1
vllm,multi_turn,718,164.66,0.00,197.78,1,5.06,1
vllm,multi_turn,719,184.67,0.00,211.70,1,4.72,1
vllm,multi_turn,720,267.06,0.00,396.40,1,2.52,1
vllm,multi_turn,721,231.38,93.46,324.83,2,6.16,1
vllm,multi_turn,722,205.42,129.10,334.52,2,5.98,1
vllm,multi_turn,723,176.25,0.00,212.97,1,4.70,1
vllm,multi_turn,724,106.77,0.00,109.97,1,9.09,1
vllm,multi_turn,725,192.13,110.59,302.72,2,6.61,1
vllm,multi_turn,726,196.17,138.92,335.09,2,5.97,1
vllm,multi_turn,727,156.13,38.73,194.85,2,10.26,1
vllm,multi_turn,728,257.86,135.57,393.43,2,5.08,1
vllm,multi_turn,729,225.71,0.00,262.73,1,3.81,1
vllm,multi_turn,730,254.72,0.00,301.56,1,3.32,1
vllm,multi_turn,731,119.16,0.00,154.80,1,6.46,1
vllm,multi_turn,732,171.60,89.26,260.87,2,7.67,1
vllm,multi_turn,733,331.38,0.00,331.63,1,3.02,1
vllm,multi_turn,734,226.80,84.63,311.43,2,6.42,1
vllm,multi_turn,735,145.31,34.86,180.17,2,11.10,1
vllm,multi_turn,736,172.66,158.81,331.47,2,6.03,1
vllm,multi_turn,737,215.12,78.50,293.62,2,6.81,1
vllm,multi_turn,738,151.49,78.38,229.88,2,8.70,1
vllm,multi_turn,739,181.44,4.89,186.32,2,10.73,1
vllm,multi_turn,740,137.17,0.00,201.15,1,4.97,1
vllm,multi_turn,741,258.73,0.00,332.32,1,3.01,1
vllm,multi_turn,742,301.07,0.00,375.75,1,2.66,1
vllm,multi_turn,743,149.59,33.81,183.40,2,10.90,1
vllm,multi_turn,744,185.09,0.00,222.70,1,4.49,1
vllm,multi_turn,745,147.77,0.00,209.78,1,4.77,1
vllm,multi_turn,746,209.11,0.00,237.73,1,4.21,1
vllm,multi_turn,747,135.03,0.00,154.73,1,6.46,1
vllm,multi_turn,748,198.44,0.00,310.52,1,3.22,1
vllm,multi_turn,749,254.60,0.00,333.23,1,3.00,1
vllm,multi_turn,750,195.78,94.11,289.88,2,6.90,1
vllm,multi_turn,751,143.35,31.05,174.40,2,11.47,1
vllm,multi_turn,752,244.99,0.00,274.16,1,3.65,1
vllm,multi_turn,753,175.46,0.00,192.96,1,5.18,1
vllm,multi_turn,754,143.86,4.58,148.44,2,13.47,1
vllm,multi_turn,755,207.75,0.00,311.07,1,3.21,1
vllm,multi_turn,756,185.28,0.00,240.61,1,4.16,1
vllm,multi_turn,757,153.99,13.02,167.01,2,11.98,1
vllm,multi_turn,758,130.27,0.00,247.30,1,4.04,1
vllm,multi_turn,759,146.16,0.00,158.64,1,6.30,1
vllm,multi_turn,760,455.98,0.00,473.06,1,2.11,1
vllm,multi_turn,761,184.49,0.00,245.67,1,4.07,1
vllm,multi_turn,762,259.53,0.00,296.89,1,3.37,1
vllm,multi_turn,763,216.50,76.71,293.21,2,6.82,1
vllm,multi_turn,764,234.36,86.40,320.76,2,6.24,1
vllm,multi_turn,765,218.86,0.00,245.68,1,4.07,1
vllm,multi_turn,766,64.56,53.43,117.99,2,16.95,1
vllm,multi_turn,767,150.22,49.35,199.57,2,10.02,1
vllm,multi_turn,768,311.41,111.64,423.06,2,4.73,1
vllm,multi_turn,769,196.68,0.00,220.31,1,4.54,1
vllm,multi_turn,770,215.32,95.39,310.71,2,6.44,1
vllm,multi_turn,771,130.07,20.25,150.32,2,13.30,1
vllm,multi_turn,772,123.97,131.59,255.56,2,7.83,1
vllm,multi_turn,773,213.16,79.66,292.82,2,6.83,1
vllm,multi_turn,774,181.32,0.00,237.22,1,4.22,1
vllm,multi_turn,775,244.05,0.00,263.06,1,3.80,1
vllm,multi_turn,776,266.16,166.07,432.23,2,4.63,1
vllm,multi_turn,777,229.89,66.84,296.73,2,6.74,1
vllm,multi_turn,778,223.34,84.54,307.88,2,6.50,1
vllm,multi_turn,779,235.48,0.00,282.03,1,3.55,1
vllm,multi_turn,780,224.84,0.00,236.31,1,4.23,1
vllm,multi_turn,781,100.25,51.54,151.79,2,13.18,1
vllm,multi_turn,782,208.42,135.41,343.82,2,5.82,1
vllm,multi_turn,783,122.62,68.59,191.21,2,10.46,1
vllm,multi_turn,784,276.30,0.33,276.63,2,7.23,1
vllm,multi_turn,785,304.75,0.00,318.86,1,3.14,1
vllm,multi_turn,786,203.93,81.00,284.93,2,7.02,1
vllm,multi_turn,787,221.18,85.43,392.04,3,7.65,0
vllm,multi_turn,788,249.57,87.63,337.20,2,5.93,1
vllm,multi_turn,789,139.31,0.00,176.19,1,5.68,1
vllm,multi_turn,790,68.28,0.00,93.64,1,10.68,1
vllm,multi_turn,791,191.44,0.00,224.16,1,4.46,1
vllm,multi_turn,792,249.47,0.00,356.63,1,2.80,1
vllm,multi_turn,793,159.64,0.00,192.80,1,5.19,1
vllm,multi_turn,794,109.41,72.71,182.13,2,10.98,1
vllm,multi_turn,795,169.39,25.76,195.15,2,10.25,1
vllm,multi_turn,796,243.46,0.00,263.44,1,3.80,1
vllm,multi_turn,797,109.03,10.20,119.23,2,16.77,1
vllm,multi_turn,798,184.71,0.00,277.27,1,3.61,1
vllm,multi_turn,799,205.34,31.73,237.07,2,8.44,1
vllm,multi_turn,800,206.99,0.00,267.07,1,3.74,1
vllm,multi_turn,801,246.84,0.00,282.16,1,3.54,1
vllm,multi_turn,802,98.79,0.00,117.85,1,8.49,1
vllm,multi_turn,803,218.28,55.79,274.06,2,7.30,1
vllm,multi_turn,804,280.83,0.00,312.51,1,3.20,1
vllm,multi_turn,805,243.37,0.00,278.28,1,3.59,1
vllm,multi_turn,806,168.91,0.00,179.34,1,5.58,1
vllm,multi_turn,807,77.71,41.02,118.73,2,16.85,1
vllm,multi_turn,808,186.07,8.93,195.00,2,10.26,1
vllm,multi_turn,809,392.77,0.00,397.80,1,2.51,1
vllm,multi_turn,810,171.20,81.83,253.03,2,7.90,1
vllm,multi_turn,811,242.70,0.00,305.75,1,3.27,1
vllm,multi_turn,812,170.87,98.77,269.64,2,7.42,1
vllm,multi_turn,813,246.04,148.42,394.46,2,5.07,1
vllm,multi_turn,814,214.81,0.00,286.87,1,3.49,1
vllm,multi_turn,815,188.15,48.06,236.20,2,8.47,1
vllm,multi_turn,816,354.12,0.00,413.43,1,2.42,1
vllm,multi_turn,817,143.42,127.44,270.86,2,7.38,1
vllm,multi_turn,818,174.42,0.00,225.25,1,4.44,1
vllm,multi_turn,819,95.93,59.10,155.03,2,12.90,1
vllm,multi_turn,820,170.05,0.00,297.00,1,3.37,1
vllm,multi_turn,821,208.20,0.00,319.40,1,3.13,1
vllm,multi_turn,822,164.39,0.00,253.01,1,3.95,1
vllm,multi_turn,823,175.17,72.82,247.99,2,8.06,1
vllm,multi_turn,824,202.29,0.00,228.88,1,4.37,1
vllm,multi_turn,825,152.65,0.00,171.71,1,5.82,1
vllm,multi_turn,826,177.01,48.60,225.62,2,8.86,1
vllm,multi_turn,827,264.03,143.20,407.22,2,4.91,1
vllm,multi_turn,828,193.99,34.60,228.59,2,8.75,1
vllm,multi_turn,829,223.90,0.00,264.55,1,3.78,1
vllm,multi_turn,830,191.91,0.00,218.14,1,4.58,1
vllm,multi_turn,831,63.49,17.97,81.46,2,24.55,0
vllm,multi_turn,832,214.00,0.00,214.20,1,4.67,1
vllm,multi_turn,833,155.31,0.00,214.29,1,4.67,1
vllm,multi_turn,834,224.02,0.00,257.66,1,3.88,1
vllm,multi_turn,835,89.01,0.00,161.46,1,6.19,1
vllm,multi_turn,836,202.43,124.46,326.89,2,6.12,1
vllm,multi_turn,837,211.14,90.94,302.08,2,6.62,1
vllm,multi_turn,838,150.03,0.00,209.18,1,4.78,1
vllm,multi_turn,839,222.32,67.83,290.15,2,6.89,1
vllm,multi_turn,840,124.33,47.21,171.54,2,11.66,1
vllm,multi_turn,841,121.00,4.16,125.16,2,15.98,1
vllm,multi_turn,842,234.17,0.00,302.50,1,3.31,1
vllm,multi_turn,843,272.19,5.33,277.52,2,7.21,1
vllm,multi_turn,844,312.55,0.00,312.83,1,3.20,1
vllm,multi_turn,845,276.60,0.00,315.87,1,3.17,1
vllm,multi_turn,846,159.74,0.00,182.03,1,5.49,1
vllm,multi_turn,847,61.75,0.00,96.81,1,10.33,1
vllm,multi_turn,848,100.98,0.00,101.22,1,9.88,1
vllm,multi_turn,849,121.93,0.00,147.38,1,6.79,1
vllm,multi_turn,850,114.83,84.24,199.06,2,10.05,1
vllm,multi_turn,851,177.12,107.33,284.45,2,7.03,1
vllm,multi_turn,852,140.79,0.00,158.51,1,6.31,1
vllm,multi_turn,853,112.13,37.08,149.21,2,13.40,1
vllm,multi_turn,854,273.65,79.48,353.12,2,5.66,1
vllm,multi_turn,855,179.42,56.78,236.19,2,8.47,1
vllm,multi_turn,856,187.39,79.66,267.05,2,7.49,1
vllm,multi_turn,857,235.70,0.00,351.11,1,2.85,1
vllm,multi_turn,858,183.96,0.00,320.15,1,3.12,1
vllm,multi_turn,859,137.26,0.00,145.63,1,6.87,1
vllm,multi_turn,860,184.39,0.00,189.13,1,5.29,1
vllm,multi_turn,861,222.31,0.00,262.35,1,3.81,1
vllm,multi_turn,862,137.80,43.55,181.35,2,11.03,1
vllm,multi_turn,863,73.81,0.00,86.58,1,11.55,1
vllm,multi_turn,864,183.64,0.00,214.99,1,4.65,1
vllm,multi_turn,865,220.96,0.00,242.55,1,4.12,1
vllm,multi_turn,866,102.62,65.30,167.92,2,11.91,1
vllm,multi_turn,867,182.39,120.37,302.76,2,6.61,1
vllm,multi_turn,868,214.80,65.68,280.49,2,7.13,1
vllm,multi_turn,869,236.74,56.67,293.41,2,6.82,1
vllm,multi_turn,870,239.42,0.00,260.03,1,3.85,1
vllm,multi_turn,871,67.80,23.42,91.22,2,21.93,1
vllm,multi_turn,872,207.08,90.61,297.68,2,6.72,1
vllm,multi_turn,873,225.55,0.00,265.13,1,3.77,1
vllm,multi_turn,874,172.76,25.92,198.67,2,10.07,1
vllm,multi_turn,875,175.26,0.34,175.61,2,11.39,1
vllm,multi_turn,876,170.36,115.27,285.62,2,7.00,1
vllm,multi_turn,877,217.37,141.50,358.86,2,5.57,1
vllm,multi_turn,878,144.29,35.75,180.04,2,11.11,1
vllm,multi_turn,879,92.46,25.67,118.13,2,16.93,1
vllm,multi_turn,880,185.01,0.00,257.86,1,3.88,1
vllm,multi_turn,881,238.60,0.00,297.55,1,3.36,1
vllm,multi_turn,882,128.93,0.00,141.36,1,7.07,1
vllm,multi_turn,883,179.82,0.00,226.95,1,4.41,1
vllm,multi_turn,884,218.19,68.05,286.24,2,6.99,1
vllm,multi_turn,885,114.67,0.00,124.09,1,8.06,1
vllm,multi_turn,886,135.71,14.76,150.48,2,13.29,1
vllm,multi_turn,887,97.88,0.00,110.65,1,9.04,1
vllm,multi_turn,888,177.40,67.78,245.19,2,8.16,1
vllm,multi_turn,889,171.46,0.00,201.87,1,4.95,1
vllm,multi_turn,890,140.53,0.36,140.89,2,14.20,1
vllm,multi_turn,891,215.44,73.66,362.76,3,8.27,0
vllm,multi_turn,892,178.61,132.81,311.42,2,6.42,1
vllm,multi_turn,893,171.82,0.00,272.45,1,3.67,1
vllm,multi_turn,894,156.81,0.00,191.50,1,5.22,1
vllm,multi_turn,895,90.00,29.56,119.56,2,16.73,1
vllm,multi_turn,896,230.30,0.00,241.13,1,4.15,1
vllm,multi_turn,897,154.98,9.79,164.77,2,12.14,1
vllm,multi_turn,898,150.97,0.00,207.51,1,4.82,1
vllm,multi_turn,899,253.60,81.14,334.74,2,5.97,1
vllm,multi_turn,900,187.66,0.00,202.03,1,4.95,1
vllm,multi_turn,901,89.59,0.00,209.72,1,4.77,1
vllm,multi_turn,902,121.31,0.00,158.36,1,6.31,1
vllm,multi_turn,903,99.64,40.02,139.67,2,14.32,1
vllm,multi_turn,904,243.44,37.98,281.41,2,7.11,1
vllm,multi_turn,905,217.49,0.00,268.50,1,3.72,1
vllm,multi_turn,906,261.23,0.00,284.75,1,3.51,1
vllm,multi_turn,907,98.78,0.00,113.18,1,8.84,1
vllm,multi_turn,908,194.21,0.00,252.73,1,3.96,1
vllm,multi_turn,909,166.43,35.37,201.80,2,9.91,1
vllm,multi_turn,910,86.13,7.60,93.73,2,21.34,0
vllm,multi_turn,911,80.70,25.81,106.51,2,18.78,1
vllm,multi_turn,912,229.17,0.00,274.45,1,3.64,1
vllm,multi_turn,913,85.92,65.15,151.07,2,13.24,1
vllm,multi_turn,914,172.71,161.87,334.58,2,5.98,1
vllm,multi_turn,915,181.83,122.56,304.39,2,6.57,1
vllm,multi_turn,916,179.31,0.00,258.85,1,3.86,1
vllm,multi_turn,917,137.81,0.00,156.27,1,6.40,1
vllm,multi_turn,918,46.78,26.23,73.02,2,27.39,1
vllm,multi_turn,919,87.86,0.00,109.74,1,9.11,1
vllm,multi_turn,920,168.49,0.00,237.35,1,4.21,1
vllm,multi_turn,921,160.69,0.00,172.93,1,5.78,1
vllm,multi_turn,922,120.46,0.00,214.39,1,4.66,1
vllm,multi_turn,923,243.29,52.09,295.38,2,6.77,1
vllm,multi_turn,924,212.42,110.26,322.68,2,6.20,1
vllm,multi_turn,925,162.26,33.89,196.16,2,10.20,1
vllm,multi_turn,926,95.30,0.00,114.70,1,8.72,1
vllm,multi_turn,927,48.54,18.02,66.56,2,30.05,1
vllm,multi_turn,928,264.10,0.00,302.83,1,3.30,1
vllm,multi_turn,929,118.33,29.68,148.01,2,13.51,1
vllm,multi_turn,930,252.53,38.87,330.28,3,9.08,1
vllm,multi_turn,931,190.16,0.00,215.57,1,4.64,1
vllm,multi_turn,932,276.93,23.56,324.05,3,9.26,1
vllm,multi_turn,933,194.92,0.00,212.10,1,4.71,1
vllm,multi_turn,934,76.46,23.29,123.05,3,24.38,1
vllm,multi_turn,935,46.41,17.80,64.21,2,31.15,1
vllm,multi_turn,936,228.57,0.00,232.54,1,4.30,1
vllm,multi_turn,937,112.58,0.00,171.58,1,5.83,1
vllm,multi_turn,938,288.44,0.00,333.66,1,3.00,1
vllm,multi_turn,939,132.04,66.07,198.11,2,10.10,1
vllm,multi_turn,940,266.97,48.12,315.08,2,6.35,1
vllm,multi_turn,941,219.97,40.86,260.83,2,7.67,1
vllm,multi_turn,942,108.50,0.00,124.98,1,8.00,1
vllm,multi_turn,943,72.29,0.00,84.03,1,11.90,1
vllm,multi_turn,944,114.81,0.00,125.26,1,7.98,1
vllm,multi_turn,945,167.80,0.00,224.93,1,4.45,1
vllm,multi_turn,946,264.24,73.74,337.98,2,5.92,1
vllm,multi_turn,947,219.93,0.00,251.14,1,3.98,1
vllm,multi_turn,948,90.68,0.00,110.60,1,9.04,1
vllm,multi_turn,949,185.57,0.00,211.26,1,4.73,1
vllm,multi_turn,950,100.05,0.00,129.14,1,7.74,1
vllm,multi_turn,951,57.33,0.00,70.36,1,14.21,1
vllm,multi_turn,952,230.61,74.97,305.58,2,6.54,1
vllm,multi_turn,953,145.67,0.00,148.39,1,6.74,1
vllm,multi_turn,954,155.13,58.24,213.37,2,9.37,1
vllm,multi_turn,955,211.01,91.10,302.11,2,6.62,1
vllm,multi_turn,956,214.76,102.59,317.35,2,6.30,1
vllm,multi_turn,957,205.01,27.60,232.61,2,8.60,1
vllm,multi_turn,958,115.78,18.57,134.35,2,14.89,1
vllm,multi_turn,959,66.69,0.00,81.34,1,12.29,1
vllm,multi_turn,960,167.37,0.00,196.87,1,5.08,1
vllm,multi_turn,961,244.23,0.00,401.59,1,2.49,1
vllm,multi_turn,962,158.39,155.75,314.13,2,6.37,1
vllm,multi_turn,963,137.74,0.00,169.38,1,5.90,1
vllm,multi_turn,964,135.43,0.00,156.03,1,6.41,1
vllm,multi_turn,965,139.71,35.02,174.72,2,11.45,1
vllm,multi_turn,966,86.02,0.00,96.14,1,10.40,1
vllm,multi_turn,967,77.54,20.25,97.79,2,20.45,1
vllm,multi_turn,968,239.09,57.85,296.94,2,6.74,1
vllm,multi_turn,969,239.49,0.00,263.47,1,3.80,1
vllm,multi_turn,970,302.70,121.70,424.40,2,4.71,1
vllm,multi_turn,971,184.30,61.27,245.57,2,8.14,1
vllm,multi_turn,972,136.48,0.00,169.59,1,5.90,1
vllm,multi_turn,973,61.91,0.00,76.99,1,12.99,1
vllm,multi_turn,974,89.99,0.00,100.42,1,9.96,1
vllm,multi_turn,975,62.94,21.81,84.75,2,23.60,0
vllm,multi_turn,976,234.95,0.00,286.43,1,3.49,1
vllm,multi_turn,977,268.75,0.00,381.67,1,2.62,1
vllm,multi_turn,978,210.46,0.00,210.69,1,4.75,1
vllm,multi_turn,979,267.11,141.56,408.68,2,4.89,1
vllm,multi_turn,980,168.43,0.00,273.00,1,3.66,1
vllm,multi_turn,981,192.99,0.00,226.74,1,4.41,1
vllm,multi_turn,982,88.64,0.00,108.88,1,9.18,1
vllm,multi_turn,983,73.55,20.34,93.89,2,21.30,1
vllm,multi_turn,984,305.52,94.77,400.28,2,5.00,1
vllm,multi_turn,985,200.18,55.24,255.41,2,7.83,1
vllm,multi_turn,986,284.13,130.69,414.82,2,4.82,1
vllm,multi_turn,987,110.23,0.00,148.46,1,6.74,1
vllm,multi_turn,988,129.71,11.96,141.66,2,14.12,1
vllm,multi_turn,989,145.75,41.88,187.63,2,10.66,1
vllm,multi_turn,990,108.69,0.00,109.39,1,9.14,1
vllm,multi_turn,991,60.64,19.73,80.37,2,24.89,1
vllm,multi_turn,992,192.83,0.00,236.40,1,4.23,1
vllm,multi_turn,993,221.45,179.69,401.14,2,4.99,1
vllm,multi_turn,994,228.01,0.00,272.32,1,3.67,1
vllm,multi_turn,995,239.85,0.00,240.07,1,4.17,1
vllm,multi_turn,996,227.32,0.00,268.05,1,3.73,1
vllm,multi_turn,997,96.71,0.00,110.12,1,9.08,1
vllm,multi_turn,998,80.27,0.00,91.30,1,10.95,1
vllm,multi_turn,999,33.43,0.00,43.33,1,23.08,1
vllm,tree_of_thought,0,36.48,28.10,64.58,2,30.97,1
vllm,tree_of_thought,1,54.84,32.07,86.91,2,23.01,1
vllm,tree_of_thought,2,57.02,0.00,74.40,1,13.44,1
vllm,tree_of_thought,3,61.19,0.00,72.29,1,13.83,1
vllm,tree_of_thought,4,55.74,0.00,63.46,1,15.76,1
vllm,tree_of_thought,5,53.79,0.00,69.24,1,14.44,1
vllm,tree_of_thought,6,53.68,27.32,81.00,2,24.69,1
vllm,tree_of_thought,7,56.46,27.87,84.33,2,23.71,1
vllm,tree_of_thought,8,58.65,26.21,84.87,2,23.57,1
vllm,tree_of_thought,9,54.63,0.00,75.80,1,13.19,1
vllm,tree_of_thought,10,68.16,0.00,78.61,1,12.72,1
vllm,tree_of_thought,11,77.88,32.86,110.74,2,18.06,1
vllm,tree_of_thought,12,79.24,0.00,89.04,1,11.23,1
vllm,tree_of_thought,13,57.55,0.00,68.30,1,14.64,1
vllm,tree_of_thought,14,67.81,0.00,81.68,1,12.24,1
vllm,tree_of_thought,15,84.87,30.01,114.88,2,17.41,1
vllm,tree_of_thought,16,2019.62,0.00,2049.49,1,0.49,1
vllm,tree_of_thought,17,68.99,0.00,75.68,1,13.21,1
vllm,tree_of_thought,18,57.63,85.85,143.48,2,13.94,1
vllm,tree_of_thought,19,66.56,80.57,147.13,2,13.59,1
vllm,tree_of_thought,20,57.21,85.03,142.24,2,14.06,1
vllm,tree_of_thought,21,70.28,0.00,75.11,1,13.31,1
vllm,tree_of_thought,22,65.65,0.00,77.16,1,12.96,1
vllm,tree_of_thought,23,67.16,0.00,80.98,1,12.35,1
vllm,tree_of_thought,24,69.98,12.10,82.08,2,24.37,1
vllm,tree_of_thought,25,1750.85,0.00,1770.63,1,0.56,1
vllm,tree_of_thought,26,78.15,0.00,83.63,1,11.96,1
vllm,tree_of_thought,27,83.00,0.00,91.34,1,10.95,1
vllm,tree_of_thought,28,86.32,0.00,97.35,1,10.27,1
vllm,tree_of_thought,29,74.10,23.34,97.43,2,20.53,1
vllm,tree_of_thought,30,59.41,29.86,89.27,2,22.40,1
vllm,tree_of_thought,31,45.03,0.00,62.74,1,15.94,1
vllm,tree_of_thought,32,50.44,28.86,79.30,2,25.22,1
vllm,tree_of_thought,33,70.02,26.87,96.89,2,20.64,1
vllm,tree_of_thought,34,71.13,22.14,93.27,2,21.44,1
vllm,tree_of_thought,35,54.86,0.00,67.57,1,14.80,1
vllm,tree_of_thought,36,64.96,0.00,79.53,1,12.57,1
vllm,tree_of_thought,37,56.04,30.85,86.89,2,23.02,0
vllm,tree_of_thought,38,67.64,0.00,81.61,1,12.25,1
vllm,tree_of_thought,39,61.39,32.80,94.20,2,21.23,1
vllm,tree_of_thought,40,63.44,0.00,75.56,1,13.24,1
vllm,tree_of_thought,41,62.10,0.00,82.64,1,12.10,1
vllm,tree_of_thought,42,57.67,0.00,74.28,1,13.46,1
vllm,tree_of_thought,43,51.46,0.00,66.43,1,15.05,1
vllm,tree_of_thought,44,65.22,0.00,82.56,1,12.11,1
vllm,tree_of_thought,45,53.06,37.72,90.77,2,22.03,0
vllm,tree_of_thought,46,62.95,0.00,72.87,1,13.72,1
vllm,tree_of_thought,47,2030.56,0.00,2046.27,1,0.49,1
vllm,tree_of_thought,48,123.54,0.00,139.24,1,7.18,1
vllm,tree_of_thought,49,141.86,0.00,157.62,1,6.34,1
vllm,tree_of_thought,50,151.85,25.86,177.71,2,11.25,1
vllm,tree_of_thought,51,159.87,35.77,195.64,2,10.22,1
vllm,tree_of_thought,52,1756.12,0.00,1815.95,1,0.55,1
vllm,tree_of_thought,53,1788.02,0.00,1796.29,1,0.56,1
vllm,tree_of_thought,54,1752.91,0.00,1753.13,1,0.57,1
vllm,tree_of_thought,55,1781.65,2.33,1783.98,2,1.12,1
vllm,tree_of_thought,56,77.13,0.00,86.09,1,11.62,1
vllm,tree_of_thought,57,61.32,0.00,74.74,1,13.38,1
vllm,tree_of_thought,58,76.69,27.05,103.74,2,19.28,1
vllm,tree_of_thought,59,52.50,26.89,79.39,2,25.19,1
vllm,tree_of_thought,60,46.53,27.44,73.97,2,27.04,1
vllm,tree_of_thought,61,57.56,0.00,74.23,1,13.47,1
vllm,tree_of_thought,62,50.83,0.00,58.92,1,16.97,1
vllm,tree_of_thought,63,52.67,0.00,67.34,1,14.85,1
vllm,tree_of_thought,64,52.84,0.00,69.17,1,14.46,1
vllm,tree_of_thought,65,65.61,0.00,84.23,1,11.87,1
vllm,tree_of_thought,66,53.29,0.00,66.92,1,14.94,1
vllm,tree_of_thought,67,70.20,21.92,92.12,2,21.71,1
vllm,tree_of_thought,68,60.17,0.00,79.10,1,12.64,1
vllm,tree_of_thought,69,78.48,28.20,106.68,2,18.75,1
vllm,tree_of_thought,70,50.78,0.00,67.30,1,14.86,1
vllm,tree_of_thought,71,57.60,0.00,73.17,1,13.67,1
vllm,tree_of_thought,72,63.01,26.41,89.43,2,22.36,1
vllm,tree_of_thought,73,54.74,35.17,89.91,2,22.25,1
vllm,tree_of_thought,74,69.65,0.00,90.71,1,11.02,1
vllm,tree_of_thought,75,62.36,0.00,77.94,1,12.83,1
vllm,tree_of_thought,76,54.63,0.00,69.43,1,14.40,1
vllm,tree_of_thought,77,51.33,1981.37,2032.70,2,0.98,1
vllm,tree_of_thought,78,73.22,0.00,74.52,1,13.42,1
vllm,tree_of_thought,79,131.98,0.00,144.06,1,6.94,1
vllm,tree_of_thought,80,123.24,0.00,137.15,1,7.29,1
vllm,tree_of_thought,81,145.90,26.72,172.63,2,11.59,1
vllm,tree_of_thought,82,110.03,28.82,138.85,2,14.40,1
vllm,tree_of_thought,83,1792.38,0.00,1809.73,1,0.55,1
vllm,tree_of_thought,84,1746.43,96.25,1842.68,2,1.09,1
vllm,tree_of_thought,85,1763.98,23.54,1787.53,2,1.12,1
vllm,tree_of_thought,86,1746.08,23.38,1769.45,2,1.13,1
vllm,tree_of_thought,87,67.10,0.00,80.67,1,12.40,1
vllm,tree_of_thought,88,53.73,0.00,70.12,1,14.26,1
vllm,tree_of_thought,89,66.15,23.04,89.19,2,22.43,1
vllm,tree_of_thought,90,44.89,28.31,73.20,2,27.32,1
vllm,tree_of_thought,91,58.08,28.62,86.69,2,23.07,1
vllm,tree_of_thought,92,57.24,38.28,95.52,2,20.94,1
vllm,tree_of_thought,93,61.97,0.00,72.80,1,13.74,1
vllm,tree_of_thought,94,52.72,0.00,64.86,1,15.42,1
vllm,tree_of_thought,95,59.68,35.56,95.24,2,21.00,1
vllm,tree_of_thought,96,57.97,0.00,71.06,1,14.07,1
vllm,tree_of_thought,97,66.21,0.00,78.64,1,12.72,1
vllm,tree_of_thought,98,67.19,28.15,95.34,2,20.98,1
vllm,tree_of_thought,99,48.95,0.00,59.68,1,16.76,1
vllm,tree_of_thought,100,75.95,22.98,98.93,2,20.22,1
vllm,tree_of_thought,101,62.15,29.98,92.13,2,21.71,1
vllm,tree_of_thought,102,53.54,30.66,84.20,2,23.75,1
vllm,tree_of_thought,103,51.48,0.00,71.64,1,13.96,1
vllm,tree_of_thought,104,58.56,0.00,73.57,1,13.59,1
vllm,tree_of_thought,105,50.03,35.15,85.18,2,23.48,1
vllm,tree_of_thought,106,54.59,0.00,70.57,1,14.17,1
vllm,tree_of_thought,107,66.44,0.00,75.45,1,13.25,1
vllm,tree_of_thought,108,62.83,1983.88,2046.72,2,0.98,1
vllm,tree_of_thought,109,59.86,85.67,145.53,2,13.74,1
vllm,tree_of_thought,110,61.30,0.00,80.59,1,12.41,1
vllm,tree_of_thought,111,63.05,18.13,81.19,2,24.63,1
vllm,tree_of_thought,112,73.68,0.00,80.20,1,12.47,1
vllm,tree_of_thought,113,60.57,25.56,86.13,2,23.22,0
vllm,tree_of_thought,114,1786.97,0.00,1796.65,1,0.56,1
vllm,tree_of_thought,115,1756.77,0.00,1775.62,1,0.56,1
vllm,tree_of_thought,116,1738.55,23.81,1762.36,2,1.13,1
vllm,tree_of_thought,117,1805.08,27.14,1832.22,2,1.09,1
vllm,tree_of_thought,118,66.31,0.00,77.15,1,12.96,1
vllm,tree_of_thought,119,64.54,29.74,94.28,2,21.21,0
vllm,tree_of_thought,120,55.59,20.69,76.28,2,26.22,1
vllm,tree_of_thought,121,64.83,0.00,84.36,1,11.85,1
vllm,tree_of_thought,122,65.75,0.00,77.17,1,12.96,1
vllm,tree_of_thought,123,74.48,0.00,84.58,1,11.82,1
vllm,tree_of_thought,124,47.10,0.00,64.24,1,15.57,1
vllm,tree_of_thought,125,52.67,0.00,71.98,1,13.89,1
vllm,tree_of_thought,126,50.91,40.83,91.73,2,21.80,1
vllm,tree_of_thought,127,50.96,0.00,76.71,1,13.04,1
vllm,tree_of_thought,128,58.28,0.00,72.69,1,13.76,1
vllm,tree_of_thought,129,61.94,29.75,91.69,2,21.81,1
vllm,tree_of_thought,130,50.53,23.37,73.90,2,27.06,1
vllm,tree_of_thought,131,61.85,42.08,103.93,2,19.24,1
vllm,tree_of_thought,132,52.89,0.00,68.23,1,14.66,1
vllm,tree_of_thought,133,61.08,32.03,93.11,2,21.48,1
vllm,tree_of_thought,134,53.41,33.34,86.74,2,23.06,1
vllm,tree_of_thought,135,61.91,30.47,92.38,2,21.65,1
vllm,tree_of_thought,136,60.71,31.63,92.35,2,21.66,1
vllm,tree_of_thought,137,69.23,0.00,90.34,1,11.07,1
vllm,tree_of_thought,138,53.39,0.00,67.91,1,14.73,1
vllm,tree_of_thought,139,61.74,26.74,88.48,2,22.60,1
vllm,tree_of_thought,140,1998.57,30.66,2029.23,2,0.99,1
vllm,tree_of_thought,141,143.05,0.00,155.44,1,6.43,1
vllm,tree_of_thought,142,114.41,0.00,125.42,1,7.97,1
vllm,tree_of_thought,143,113.61,30.20,143.81,2,13.91,1
vllm,tree_of_thought,144,127.64,26.89,154.54,2,12.94,1
vllm,tree_of_thought,145,1760.34,0.00,1831.43,1,0.55,1
vllm,tree_of_thought,146,1798.98,0.00,1805.69,1,0.55,1
vllm,tree_of_thought,147,1762.22,0.00,1785.81,1,0.56,1
vllm,tree_of_thought,148,1749.29,23.63,1772.91,2,1.13,1
vllm,tree_of_thought,149,65.43,34.70,100.14,2,19.97,1
vllm,tree_of_thought,150,60.52,20.21,80.73,2,24.77,1
vllm,tree_of_thought,151,54.05,36.09,90.14,2,22.19,1
vllm,tree_of_thought,152,55.94,0.00,73.01,1,13.70,1
vllm,tree_of_thought,153,66.55,0.00,86.23,1,11.60,1
vllm,tree_of_thought,154,64.47,0.00,93.41,1,10.71,1
vllm,tree_of_thought,155,63.71,0.00,74.42,1,13.44,1
vllm,tree_of_thought,156,62.28,23.82,86.10,2,23.23,1
vllm,tree_of_thought,157,61.62,0.00,77.82,1,12.85,1
vllm,tree_of_thought,158,61.00,0.00,70.40,1,14.20,1
vllm,tree_of_thought,159,55.65,0.00,68.72,1,14.55,1
vllm,tree_of_thought,160,55.56,27.73,83.29,2,24.01,1
vllm,tree_of_thought,161,72.35,31.64,103.99,2,19.23,1
vllm,tree_of_thought,162,65.58,25.75,91.33,2,21.90,1
vllm,tree_of_thought,163,67.30,35.15,102.45,2,19.52,1
vllm,tree_of_thought,164,57.19,33.36,90.55,2,22.09,1
vllm,tree_of_thought,165,60.01,0.00,74.79,1,13.37,1
vllm,tree_of_thought,166,58.89,996.56,2052.01,3,1.46,1
vllm,tree_of_thought,167,59.09,0.00,69.51,1,14.39,1
vllm,tree_of_thought,168,60.86,25.50,86.36,2,23.16,1
vllm,tree_of_thought,169,67.03,21.21,88.25,2,22.66,1
vllm,tree_of_thought,170,67.73,26.30,94.03,2,21.27,1
vllm,tree_of_thought,171,120.02,0.00,130.28,1,7.68,1
vllm,tree_of_thought,172,53.00,0.00,67.84,1,14.74,1
vllm,tree_of_thought,173,47.44,1726.91,1774.35,2,1.13,1
vllm,tree_of_thought,174,1746.67,0.00,1769.05,1,0.57,1
vllm,tree_of_thought,175,1800.86,0.00,1804.17,1,0.55,1
vllm,tree_of_thought,176,45.12,37.95,83.07,2,24.08,1
vllm,tree_of_thought,177,79.97,0.00,85.94,1,11.64,1
vllm,tree_of_thought,178,72.43,0.00,81.96,1,12.20,1
vllm,tree_of_thought,179,78.12,36.80,114.91,2,17.40,1
vllm,tree_of_thought,180,61.27,0.00,73.57,1,13.59,1
vllm,tree_of_thought,181,48.30,0.00,60.91,1,16.42,1
vllm,tree_of_thought,182,56.21,28.19,84.40,2,23.70,1
vllm,tree_of_thought,183,47.04,32.43,79.47,2,25.17,1
vllm,tree_of_thought,184,57.59,33.63,91.22,2,21.93,1
vllm,tree_of_thought,185,74.93,0.00,84.78,1,11.80,1
vllm,tree_of_thought,186,52.72,29.19,81.92,2,24.42,1
vllm,tree_of_thought,187,49.72,0.00,61.08,1,16.37,1
vllm,tree_of_thought,188,65.71,20.87,86.58,2,23.10,1
vllm,tree_of_thought,189,63.33,0.00,84.08,1,11.89,1
vllm,tree_of_thought,190,60.41,0.00,70.91,1,14.10,1
vllm,tree_of_thought,191,62.41,32.90,95.31,2,20.98,1
vllm,tree_of_thought,192,67.29,0.00,80.31,1,12.45,1
vllm,tree_of_thought,193,83.78,31.36,115.14,2,17.37,1
vllm,tree_of_thought,194,54.71,0.00,75.93,1,13.17,1
vllm,tree_of_thought,195,52.54,33.36,85.90,2,23.28,1
vllm,tree_of_thought,196,67.03,0.00,76.03,1,13.15,1
vllm,tree_of_thought,197,60.80,32.80,93.60,2,21.37,1
vllm,tree_of_thought,198,2014.67,0.00,2041.66,1,0.49,1
vllm,tree_of_thought,199,2000.20,0.00,2016.81,1,0.50,1
vllm,tree_of_thought,200,2016.79,23.44,2040.23,2,0.98,1
vllm,tree_of_thought,201,2006.86,21.96,2028.82,2,0.99,1
vllm,tree_of_thought,202,146.76,0.00,159.89,1,6.25,1
vllm,tree_of_thought,203,49.72,0.00,60.53,1,16.52,1
vllm,tree_of_thought,204,62.63,0.00,1770.51,1,0.56,1
vllm,tree_of_thought,205,1745.84,0.00,1764.39,1,0.57,1
vllm,tree_of_thought,206,1796.01,21.55,1817.56,2,1.10,1
vllm,tree_of_thought,207,64.43,0.00,76.27,1,13.11,1
vllm,tree_of_thought,208,78.49,0.00,93.73,1,10.67,1
vllm,tree_of_thought,209,69.54,23.51,93.05,2,21.49,1
vllm,tree_of_thought,210,67.82,0.00,78.54,1,12.73,1
vllm,tree_of_thought,211,53.97,0.00,68.53,1,14.59,1
vllm,tree_of_thought,212,54.05,0.00,66.83,1,14.96,1
vllm,tree_of_thought,213,49.45,0.00,67.91,1,14.73,1
vllm,tree_of_thought,214,54.71,0.00,75.43,1,13.26,1
vllm,tree_of_thought,215,61.30,19.11,80.41,2,24.87,1
vllm,tree_of_thought,216,58.88,0.00,68.56,1,14.59,1
vllm,tree_of_thought,217,36.50,0.00,46.90,1,21.32,1
vllm,tree_of_thought,218,52.89,0.00,74.81,1,13.37,1
vllm,tree_of_thought,219,59.06,0.00,77.54,1,12.90,1
vllm,tree_of_thought,220,53.22,33.17,86.38,2,23.15,1
vllm,tree_of_thought,221,63.36,0.00,76.24,1,13.12,1
vllm,tree_of_thought,222,61.34,0.00,75.42,1,13.26,1
vllm,tree_of_thought,223,67.44,0.00,80.25,1,12.46,1
vllm,tree_of_thought,224,57.14,0.00,76.69,1,13.04,1
vllm,tree_of_thought,225,69.69,0.00,88.25,1,11.33,1
vllm,tree_of_thought,226,68.46,0.00,86.19,1,11.60,1
vllm,tree_of_thought,227,71.30,31.46,102.76,2,19.46,1
vllm,tree_of_thought,228,54.42,33.75,88.17,2,22.68,1
vllm,tree_of_thought,229,50.47,41.62,92.09,2,21.72,1
vllm,tree_of_thought,230,66.80,24.69,91.49,2,21.86,1
vllm,tree_of_thought,231,73.48,0.00,86.67,1,11.54,1
vllm,tree_of_thought,232,54.96,16.80,155.74,7,44.95,1
vllm,tree_of_thought,233,2023.36,0.00,2043.28,1,0.49,1
vllm,tree_of_thought,234,126.39,0.00,143.97,1,6.95,1
vllm,tree_of_thought,235,166.76,0.00,181.65,1,5.50,1
vllm,tree_of_thought,236,173.05,0.00,189.88,1,5.27,1
vllm,tree_of_thought,237,160.88,15.63,192.14,3,15.61,0
vllm,tree_of_thought,238,1776.21,0.00,1787.10,1,0.56,1
vllm,tree_of_thought,239,1752.16,0.00,1770.81,1,0.56,1
vllm,tree_of_thought,240,1743.52,16.29,1759.80,2,1.14,1
vllm,tree_of_thought,241,1808.90,20.44,1829.34,2,1.09,1
vllm,tree_of_thought,242,68.15,0.00,79.87,1,12.52,1
vllm,tree_of_thought,243,58.85,26.22,85.07,2,23.51,1
vllm,tree_of_thought,244,52.24,0.00,67.55,1,14.80,1
vllm,tree_of_thought,245,45.58,0.00,62.51,1,16.00,1
vllm,tree_of_thought,246,75.14,24.04,99.18,2,20.16,1
vllm,tree_of_thought,247,91.83,0.00,102.25,1,9.78,1
vllm,tree_of_thought,248,68.23,0.00,82.10,1,12.18,1
vllm,tree_of_thought,249,67.17,32.01,99.18,2,20.17,1
vllm,tree_of_thought,250,55.73,34.61,90.34,2,22.14,1
vllm,tree_of_thought,251,56.72,27.75,84.47,2,23.68,1
vllm,tree_of_thought,252,65.24,0.00,72.94,1,13.71,1
vllm,tree_of_thought,253,51.21,0.00,60.97,1,16.40,1
vllm,tree_of_thought,254,74.07,30.63,104.70,2,19.10,1
vllm,tree_of_thought,255,61.38,30.70,92.08,2,21.72,1
vllm,tree_of_thought,256,50.63,0.00,60.27,1,16.59,1
vllm,tree_of_thought,257,59.85,38.94,98.78,2,20.25,1
vllm,tree_of_thought,258,67.63,29.19,96.81,2,20.66,1
vllm,tree_of_thought,259,78.67,18.89,97.56,2,20.50,1
vllm,tree_of_thought,260,58.37,0.00,76.06,1,13.15,1
vllm,tree_of_thought,261,2030.51,0.00,2052.72,1,0.49,1
vllm,tree_of_thought,262,2024.02,0.00,2039.77,1,0.49,1
vllm,tree_of_thought,263,2015.37,20.78,2036.15,2,0.98,1
vllm,tree_of_thought,264,136.85,24.88,161.73,2,12.37,1
vllm,tree_of_thought,265,48.62,0.00,1756.38,1,0.57,1
vllm,tree_of_thought,266,1745.90,0.00,1764.38,1,0.57,1
vllm,tree_of_thought,267,1808.55,0.00,1815.14,1,0.55,1
vllm,tree_of_thought,268,1771.83,0.00,1788.42,1,0.56,1
vllm,tree_of_thought,269,75.92,30.16,106.07,2,18.86,1
vllm,tree_of_thought,270,57.55,0.00,75.07,1,13.32,1
vllm,tree_of_thought,271,61.03,42.44,103.47,2,19.33,1
vllm,tree_of_thought,272,52.59,0.00,65.97,1,15.16,1
vllm,tree_of_thought,273,51.21,27.54,78.75,2,25.40,1
vllm,tree_of_thought,274,50.72,0.00,69.16,1,14.46,1
vllm,tree_of_thought,275,63.91,0.00,80.48,1,12.43,1
vllm,tree_of_thought,276,66.65,0.00,76.92,1,13.00,1
vllm,tree_of_thought,277,62.83,25.44,88.27,2,22.66,1
vllm,tree_of_thought,278,67.65,0.00,75.23,1,13.29,1
vllm,tree_of_thought,279,52.59,26.89,79.49,2,25.16,1
vllm,tree_of_thought,280,52.80,0.00,73.10,1,13.68,1
vllm,tree_of_thought,281,48.19,0.00,66.25,1,15.10,1
vllm,tree_of_thought,282,61.74,34.43,96.17,2,20.80,1
vllm,tree_of_thought,283,65.20,0.00,70.51,1,14.18,1
vllm,tree_of_thought,284,58.05,31.82,89.87,2,22.25,1
vllm,tree_of_thought,285,62.34,28.12,90.47,2,22.11,1
vllm,tree_of_thought,286,63.69,0.00,85.54,1,11.69,1
vllm,tree_of_thought,287,50.03,30.04,80.06,2,24.98,0
vllm,tree_of_thought,288,62.89,0.00,72.58,1,13.78,1
vllm,tree_of_thought,289,66.62,21.54,88.16,2,22.68,1
vllm,tree_of_thought,290,78.36,0.00,91.32,1,10.95,1
vllm,tree_of_thought,291,56.32,0.00,69.42,1,14.41,1
vllm,tree_of_thought,292,55.69,1995.09,2050.77,2,0.98,1
vllm,tree_of_thought,293,2015.12,32.36,2047.48,2,0.98,1
vllm,tree_of_thought,294,2014.14,0.00,2031.13,1,0.49,1
vllm,tree_of_thought,295,153.36,0.00,174.34,1,5.74,1
vllm,tree_of_thought,296,55.59,0.00,73.00,1,13.70,1
vllm,tree_of_thought,297,1750.30,85.61,1835.91,2,1.09,1
vllm,tree_of_thought,298,1765.96,0.00,1786.56,1,0.56,1
vllm,tree_of_thought,299,1800.96,0.00,1820.16,1,0.55,1
vllm,tree_of_thought,300,61.85,0.00,74.88,1,13.35,1
vllm,tree_of_thought,301,68.68,0.00,75.02,1,13.33,1
vllm,tree_of_thought,302,76.98,19.86,96.84,2,20.65,1
vllm,tree_of_thought,303,68.58,0.00,79.09,1,12.64,1
vllm,tree_of_thought,304,58.53,0.00,76.17,1,13.13,1
vllm,tree_of_thought,305,47.44,0.00,62.71,1,15.95,1
vllm,tree_of_thought,306,49.96,0.00,73.04,1,13.69,1
vllm,tree_of_thought,307,59.22,27.20,86.42,2,23.14,1
vllm,tree_of_thought,308,72.68,0.00,86.22,1,11.60,1
vllm,tree_of_thought,309,66.45,21.01,87.47,2,22.87,1
vllm,tree_of_thought,310,56.27,0.00,73.37,1,13.63,1
vllm,tree_of_thought,311,57.21,0.00,70.89,1,14.11,1
vllm,tree_of_thought,312,46.29,0.00,65.59,1,15.25,1
vllm,tree_of_thought,313,76.00,0.00,87.97,1,11.37,1
vllm,tree_of_thought,314,59.45,0.00,77.52,1,12.90,1
vllm,tree_of_thought,315,51.41,29.48,80.89,2,24.72,1
vllm,tree_of_thought,316,71.19,0.00,79.18,1,12.63,1
vllm,tree_of_thought,317,61.43,0.00,77.08,1,12.97,1
vllm,tree_of_thought,318,72.39,0.00,80.08,1,12.49,1
vllm,tree_of_thought,319,62.18,23.75,85.93,2,23.28,1
vllm,tree_of_thought,320,52.77,27.49,80.26,2,24.92,1
vllm,tree_of_thought,321,64.75,0.00,76.36,1,13.10,1
vllm,tree_of_thought,322,62.22,25.61,87.83,2,22.77,1
vllm,tree_of_thought,323,61.03,27.21,88.24,2,22.67,1
vllm,tree_of_thought,324,52.32,18.22,88.77,3,33.80,0
vllm,tree_of_thought,325,2008.60,59.05,2067.65,2,0.97,1
vllm,tree_of_thought,326,146.85,30.21,177.06,2,11.30,1
vllm,tree_of_thought,327,1756.30,86.73,1843.03,2,1.09,1
vllm,tree_of_thought,328,1797.45,0.00,1815.33,1,0.55,1
vllm,tree_of_thought,329,1751.65,17.32,1768.97,2,1.13,1
vllm,tree_of_thought,330,1775.32,22.15,1797.47,2,1.11,1
vllm,tree_of_thought,331,64.80,0.00,80.30,1,12.45,1
vllm,tree_of_thought,332,58.65,0.00,78.10,1,12.80,1
vllm,tree_of_thought,333,60.00,0.00,71.86,1,13.92,1
vllm,tree_of_thought,334,50.90,24.16,75.06,2,26.65,1
vllm,tree_of_thought,335,67.88,0.00,83.41,1,11.99,1
vllm,tree_of_thought,336,50.39,29.13,79.52,2,25.15,1
vllm,tree_of_thought,337,59.34,32.75,92.09,2,21.72,1
vllm,tree_of_thought,338,79.48,0.00,95.45,1,10.48,1
vllm,tree_of_thought,339,65.89,0.00,102.82,1,9.73,1
vllm,tree_of_thought,340,52.08,30.18,82.26,2,24.31,1
vllm,tree_of_thought,341,60.45,0.00,77.57,1,12.89,1
vllm,tree_of_thought,342,64.95,0.00,80.14,1,12.48,1
vllm,tree_of_thought,343,58.50,27.30,85.80,2,23.31,1
vllm,tree_of_thought,344,64.42,0.00,77.09,1,12.97,1
vllm,tree_of_thought,345,62.57,26.85,89.42,2,22.37,1
vllm,tree_of_thought,346,75.84,29.65,105.49,2,18.96,1
vllm,tree_of_thought,347,58.68,0.00,71.77,1,13.93,1
vllm,tree_of_thought,348,61.45,0.00,80.34,1,12.45,1
vllm,tree_of_thought,349,62.87,0.00,77.29,1,12.94,1
vllm,tree_of_thought,350,67.00,0.00,85.67,1,11.67,1
vllm,tree_of_thought,351,63.37,0.00,87.11,1,11.48,1
vllm,tree_of_thought,352,63.99,29.32,93.31,2,21.43,1
vllm,tree_of_thought,353,48.39,0.00,71.53,1,13.98,1
vllm,tree_of_thought,354,54.77,1980.25,2035.02,2,0.98,1
vllm,tree_of_thought,355,2023.50,0.00,2052.94,1,0.49,1
vllm,tree_of_thought,356,2021.98,0.00,2033.79,1,0.49,1
vllm,tree_of_thought,357,148.50,28.36,176.87,2,11.31,1
vllm,tree_of_thought,358,55.73,1727.71,1783.44,2,1.12,1
vllm,tree_of_thought,359,1761.56,0.00,1828.45,1,0.55,1
vllm,tree_of_thought,360,1782.07,0.00,1800.86,1,0.56,1
vllm,tree_of_thought,361,1762.10,22.32,1784.42,2,1.12,1
vllm,tree_of_thought,362,57.92,33.33,91.25,2,21.92,1
vllm,tree_of_thought,363,65.28,0.00,78.13,1,12.80,1
vllm,tree_of_thought,364,60.75,0.00,80.32,1,12.45,1
vllm,tree_of_thought,365,58.88,24.00,82.88,2,24.13,1
vllm,tree_of_thought,366,63.07,27.39,90.46,2,22.11,1
vllm,tree_of_thought,367,65.20,0.00,83.56,1,11.97,1
vllm,tree_of_thought,368,63.16,0.00,72.64,1,13.77,1
vllm,tree_of_thought,369,57.17,0.00,71.82,1,13.92,1
vllm,tree_of_thought,370,73.85,21.28,95.13,2,21.02,1
vllm,tree_of_thought,371,64.94,0.00,74.78,1,13.37,1
vllm,tree_of_thought,372,51.82,27.33,79.14,2,25.27,1
vllm,tree_of_thought,373,65.03,0.00,76.68,1,13.04,1
vllm,tree_of_thought,374,58.18,28.23,86.41,2,23.15,1
vllm,tree_of_thought,375,63.17,0.00,78.48,1,12.74,1
vllm,tree_of_thought,376,56.35,0.00,69.09,1,14.47,1
vllm,tree_of_thought,377,54.90,0.00,63.08,1,15.85,1
vllm,tree_of_thought,378,52.22,0.00,68.92,1,14.51,1
vllm,tree_of_thought,379,50.60,0.00,63.60,1,15.72,1
vllm,tree_of_thought,380,61.59,0.00,75.41,1,13.26,1
vllm,tree_of_thought,381,58.82,27.18,86.00,2,23.25,1
vllm,tree_of_thought,382,77.08,31.64,108.73,2,18.39,1
vllm,tree_of_thought,383,70.15,0.00,90.53,1,11.05,1
vllm,tree_of_thought,384,60.16,0.00,61.94,1,16.15,1
vllm,tree_of_thought,385,63.19,0.00,77.18,1,12.96,1
vllm,tree_of_thought,386,2043.19,0.00,2068.90,1,0.48,1
vllm,tree_of_thought,387,2033.05,0.00,2046.95,1,0.49,1
vllm,tree_of_thought,388,127.39,45.27,172.67,2,11.58,1
vllm,tree_of_thought,389,46.24,0.00,58.74,1,17.02,1
vllm,tree_of_thought,390,66.92,0.00,84.74,1,11.80,1
vllm,tree_of_thought,391,55.59,1731.13,1786.73,2,1.12,1
vllm,tree_of_thought,392,1757.37,81.57,1838.94,2,1.09,1
vllm,tree_of_thought,393,55.62,0.00,67.33,1,14.85,1
vllm,tree_of_thought,394,59.94,29.36,89.29,2,22.40,1
vllm,tree_of_thought,395,61.69,24.68,86.38,2,23.15,0
vllm,tree_of_thought,396,52.04,25.34,77.38,2,25.85,1
vllm,tree_of_thought,397,46.95,34.77,81.72,2,24.47,1
vllm,tree_of_thought,398,57.34,26.60,83.94,2,23.83,1
vllm,tree_of_thought,399,59.48,35.96,95.44,2,20.96,1
vllm,tree_of_thought,400,78.61,38.47,117.08,2,17.08,1
vllm,tree_of_thought,401,83.32,17.52,100.84,2,19.83,1
vllm,tree_of_thought,402,69.64,0.00,81.16,1,12.32,1
vllm,tree_of_thought,403,50.72,0.00,72.88,1,13.72,1
vllm,tree_of_thought,404,60.30,0.00,76.56,1,13.06,1
vllm,tree_of_thought,405,60.58,0.00,78.16,1,12.79,1
vllm,tree_of_thought,406,75.17,20.61,116.38,3,25.78,0
vllm,tree_of_thought,407,54.91,0.00,73.69,1,13.57,1
vllm,tree_of_thought,408,50.47,0.00,68.09,1,14.69,1
vllm,tree_of_thought,409,60.86,33.85,94.71,2,21.12,1
vllm,tree_of_thought,410,63.69,25.95,115.59,3,25.95,0
vllm,tree_of_thought,411,67.49,34.57,102.06,2,19.60,1
vllm,tree_of_thought,412,66.70,0.00,87.64,1,11.41,1
vllm,tree_of_thought,413,53.49,28.31,81.80,2,24.45,1
vllm,tree_of_thought,414,57.90,27.65,85.55,2,23.38,1
vllm,tree_of_thought,415,49.28,30.17,79.46,2,25.17,0
vllm,tree_of_thought,416,47.82,0.00,2009.02,1,0.50,1
vllm,tree_of_thought,417,2033.50,0.00,2042.62,1,0.49,1
vllm,tree_of_thought,418,2016.03,28.29,2044.33,2,0.98,1
vllm,tree_of_thought,419,131.80,24.76,156.56,2,12.77,1
vllm,tree_of_thought,420,52.08,1728.21,1780.29,2,1.12,1
vllm,tree_of_thought,421,1785.84,0.00,1804.46,1,0.55,1
vllm,tree_of_thought,422,1808.64,27.68,1836.31,2,1.09,1
vllm,tree_of_thought,423,1762.17,25.37,1787.53,2,1.12,1
vllm,tree_of_thought,424,69.22,0.00,92.51,1,10.81,1
vllm,tree_of_thought,425,67.27,25.03,92.29,2,21.67,1
vllm,tree_of_thought,426,56.96,0.00,73.83,1,13.54,1
vllm,tree_of_thought,427,56.95,27.81,84.76,2,23.60,1
vllm,tree_of_thought,428,58.31,0.00,71.24,1,14.04,1
vllm,tree_of_thought,429,80.16,0.00,92.40,1,10.82,1
vllm,tree_of_thought,430,64.69,0.00,77.24,1,12.95,1
vllm,tree_of_thought,431,74.52,0.00,84.88,1,11.78,1
vllm,tree_of_thought,432,64.29,0.00,78.29,1,12.77,1
vllm,tree_of_thought,433,58.90,0.00,73.48,1,13.61,1
vllm,tree_of_thought,434,67.46,28.76,96.21,2,20.79,1
vllm,tree_of_thought,435,45.94,36.85,82.79,2,24.16,1
vllm,tree_of_thought,436,52.52,0.00,70.38,1,14.21,1
vllm,tree_of_thought,437,62.40,30.12,92.52,2,21.62,1
vllm,tree_of_thought,438,58.32,0.00,66.66,1,15.00,1
vllm,tree_of_thought,439,59.86,27.94,87.80,2,22.78,1
vllm,tree_of_thought,440,61.95,31.82,93.77,2,21.33,1
vllm,tree_of_thought,441,65.49,16.06,193.98,9,46.40,0
vllm,tree_of_thought,442,60.27,0.00,71.42,1,14.00,1
vllm,tree_of_thought,443,68.19,20.97,89.17,2,22.43,1
vllm,tree_of_thought,444,65.57,0.00,79.50,1,12.58,1
vllm,tree_of_thought,445,53.33,29.58,82.91,2,24.12,1
vllm,tree_of_thought,446,2008.64,0.00,2017.93,1,0.50,1
vllm,tree_of_thought,447,1999.05,0.00,2010.13,1,0.50,1
vllm,tree_of_thought,448,1998.17,26.73,2024.90,2,0.99,1
vllm,tree_of_thought,449,2023.32,31.19,2054.51,2,0.97,1
vllm,tree_of_thought,450,138.55,27.35,165.89,2,12.06,1
vllm,tree_of_thought,451,1763.03,0.00,1783.24,1,0.56,1
vllm,tree_of_thought,452,1750.80,0.00,1817.63,1,0.55,1
vllm,tree_of_thought,453,1782.10,0.00,1797.37,1,0.56,1
vllm,tree_of_thought,454,1756.84,25.01,1781.85,2,1.12,1
vllm,tree_of_thought,455,59.68,0.00,73.88,1,13.54,1
vllm,tree_of_thought,456,78.56,25.14,103.69,2,19.29,1
vllm,tree_of_thought,457,63.04,28.36,91.40,2,21.88,1
vllm,tree_of_thought,458,49.27,26.08,75.35,2,26.54,1
vllm,tree_of_thought,459,65.48,21.89,109.25,3,27.46,1
vllm,tree_of_thought,460,61.46,29.20,90.66,2,22.06,1
vllm,tree_of_thought,461,61.01,18.53,79.53,2,25.15,1
vllm,tree_of_thought,462,60.80,0.00,79.79,1,12.53,1
vllm,tree_of_thought,463,58.40,0.00,75.76,1,13.20,1
vllm,tree_of_thought,464,47.97,24.91,72.88,2,27.44,1
vllm,tree_of_thought,465,56.21,26.46,82.67,2,24.19,1
vllm,tree_of_thought,466,60.30,30.72,91.01,2,21.97,1
vllm,tree_of_thought,467,57.85,26.40,84.25,2,23.74,1
vllm,tree_of_thought,468,46.53,32.74,79.26,2,25.23,1
vllm,tree_of_thought,469,56.81,0.00,68.52,1,14.59,1
vllm,tree_of_thought,470,59.48,0.00,76.03,1,13.15,1
vllm,tree_of_thought,471,74.94,0.00,87.23,1,11.46,1
vllm,tree_of_thought,472,68.76,0.00,80.19,1,12.47,1
vllm,tree_of_thought,473,68.44,35.98,104.42,2,19.15,1
vllm,tree_of_thought,474,63.71,26.90,90.61,2,22.07,1
vllm,tree_of_thought,475,62.07,0.00,76.38,1,13.09,1
vllm,tree_of_thought,476,77.17,33.17,110.34,2,18.13,1
vllm,tree_of_thought,477,61.52,0.00,76.24,1,13.12,1
vllm,tree_of_thought,478,52.96,0.00,67.46,1,14.82,1
vllm,tree_of_thought,479,47.70,26.23,73.93,2,27.05,0
vllm,tree_of_thought,480,2032.77,0.00,2054.87,1,0.49,1
vllm,tree_of_thought,481,157.93,28.47,186.39,2,10.73,1
vllm,tree_of_thought,482,1759.62,92.86,1852.48,2,1.08,1
vllm,tree_of_thought,483,1798.94,0.00,1818.56,1,0.55,1
vllm,tree_of_thought,484,1780.22,20.97,1801.20,2,1.11,0
vllm,tree_of_thought,485,1769.93,0.00,1778.64,1,0.56,1
vllm,tree_of_thought,486,67.74,0.00,76.41,1,13.09,1
vllm,tree_of_thought,487,81.10,27.82,108.92,2,18.36,1
vllm,tree_of_thought,488,68.31,22.33,90.64,2,22.07,0
vllm,tree_of_thought,489,47.32,26.70,74.02,2,27.02,1
vllm,tree_of_thought,490,72.20,0.00,89.04,1,11.23,1
vllm,tree_of_thought,491,78.65,37.26,115.91,2,17.25,1
vllm,tree_of_thought,492,63.87,0.00,94.92,1,10.53,1
vllm,tree_of_thought,493,65.40,0.00,74.75,1,13.38,1
vllm,tree_of_thought,494,63.50,0.00,78.40,1,12.75,1
vllm,tree_of_thought,495,54.55,28.00,82.55,2,24.23,1
vllm,tree_of_thought,496,67.82,26.26,94.09,2,21.26,1
vllm,tree_of_thought,497,60.63,29.78,90.41,2,22.12,1
vllm,tree_of_thought,498,64.28,0.00,72.57,1,13.78,1
vllm,tree_of_thought,499,60.59,29.12,89.71,2,22.29,1
vllm,tree_of_thought,500,70.58,0.00,81.55,1,12.26,1
vllm,tree_of_thought,501,57.76,26.23,84.00,2,23.81,0
vllm,tree_of_thought,502,64.66,0.00,80.42,1,12.43,1
vllm,tree_of_thought,503,59.39,0.00,67.83,1,14.74,1
vllm,tree_of_thought,504,51.27,0.00,63.19,1,15.82,1
vllm,tree_of_thought,505,59.60,26.55,86.15,2,23.21,1
vllm,tree_of_thought,506,67.17,33.88,101.05,2,19.79,1
vllm,tree_of_thought,507,55.91,24.80,80.71,2,24.78,1
vllm,tree_of_thought,508,59.41,31.70,91.11,2,21.95,1
vllm,tree_of_thought,509,67.65,0.00,78.02,1,12.82,1
vllm,tree_of_thought,510,74.48,0.00,87.59,1,11.42,1
vllm,tree_of_thought,511,56.58,0.00,73.07,1,13.69,1
vllm,tree_of_thought,512,62.33,0.00,76.83,1,13.01,1
vllm,tree_of_thought,513,53.59,31.08,84.66,2,23.62,1
vllm,tree_of_thought,514,49.24,0.00,69.06,1,14.48,1
vllm,tree_of_thought,515,49.49,31.68,81.17,2,24.64,1
vllm,tree_of_thought,516,60.21,28.30,88.51,2,22.60,1
vllm,tree_of_thought,517,73.55,0.00,85.80,1,11.65,1
vllm,tree_of_thought,518,72.45,0.00,84.88,1,11.78,1
vllm,tree_of_thought,519,59.63,0.00,71.11,1,14.06,1
vllm,tree_of_thought,520,60.53,0.00,75.31,1,13.28,1
vllm,tree_of_thought,521,68.31,0.00,82.74,1,12.09,1
vllm,tree_of_thought,522,78.14,21.63,99.77,2,20.05,1
vllm,tree_of_thought,523,66.13,0.00,81.45,1,12.28,1
vllm,tree_of_thought,524,58.47,28.48,86.96,2,23.00,1
vllm,tree_of_thought,525,52.93,0.00,66.07,1,15.14,1
vllm,tree_of_thought,526,67.84,0.00,79.79,1,12.53,1
vllm,tree_of_thought,527,64.04,0.00,88.08,1,11.35,1
vllm,tree_of_thought,528,54.43,0.00,63.71,1,15.69,1
vllm,tree_of_thought,529,46.13,0.00,57.22,1,17.48,1
vllm,tree_of_thought,530,56.67,26.66,83.34,2,24.00,1
vllm,tree_of_thought,531,53.38,0.00,63.41,1,15.77,1
vllm,tree_of_thought,532,59.74,25.74,85.48,2,23.40,1
vllm,tree_of_thought,533,60.89,0.00,73.11,1,13.68,1
vllm,tree_of_thought,534,48.33,34.73,83.06,2,24.08,1
vllm,tree_of_thought,535,60.19,0.00,76.95,1,13.00,1
vllm,tree_of_thought,536,47.94,0.00,65.68,1,15.23,1
vllm,tree_of_thought,537,59.81,30.59,90.39,2,22.13,1
vllm,tree_of_thought,538,65.38,24.16,89.53,2,22.34,1
vllm,tree_of_thought,539,60.88,25.84,86.71,2,23.06,1
vllm,tree_of_thought,540,49.64,0.00,64.66,1,15.47,1
vllm,tree_of_thought,541,50.45,0.00,66.55,1,15.03,1
vllm,tree_of_thought,542,46.65,0.00,58.99,1,16.95,1
vllm,tree_of_thought,543,56.08,0.00,68.42,1,14.62,1
vllm,tree_of_thought,544,54.22,0.00,67.41,1,14.84,1
vllm,tree_of_thought,545,77.22,0.00,95.74,1,10.44,1
vllm,tree_of_thought,546,72.06,0.00,92.31,1,10.83,1
vllm,tree_of_thought,547,64.37,0.00,74.44,1,13.43,1
vllm,tree_of_thought,548,54.62,0.00,74.28,1,13.46,1
vllm,tree_of_thought,549,62.01,0.00,80.80,1,12.38,1
vllm,tree_of_thought,550,65.46,26.57,92.03,2,21.73,1
vllm,tree_of_thought,551,61.79,0.00,75.36,1,13.27,1
vllm,tree_of_thought,552,64.65,0.00,81.01,1,12.34,1
vllm,tree_of_thought,553,48.05,41.81,89.86,2,22.26,1
vllm,tree_of_thought,554,57.61,0.00,75.53,1,13.24,1
vllm,tree_of_thought,555,61.72,28.03,89.75,2,22.28,1
vllm,tree_of_thought,556,53.25,34.63,87.87,2,22.76,1
vllm,tree_of_thought,557,57.67,27.68,85.34,2,23.44,1
vllm,tree_of_thought,558,66.94,0.00,81.34,1,12.29,1
vllm,tree_of_thought,559,72.16,0.00,89.01,1,11.23,1
vllm,tree_of_thought,560,47.31,0.00,64.94,1,15.40,1
vllm,tree_of_thought,561,57.26,0.00,67.93,1,14.72,1
vllm,tree_of_thought,562,45.63,0.00,65.29,1,15.32,1
vllm,tree_of_thought,563,59.63,24.44,84.07,2,23.79,1
vllm,tree_of_thought,564,45.44,36.97,82.41,2,24.27,0
vllm,tree_of_thought,565,62.92,0.00,75.30,1,13.28,1
vllm,tree_of_thought,566,64.00,0.00,76.37,1,13.09,1
vllm,tree_of_thought,567,70.37,0.00,80.68,1,12.39,1
vllm,tree_of_thought,568,58.65,0.00,67.95,1,14.72,1
vllm,tree_of_thought,569,51.94,30.23,82.18,2,24.34,1
vllm,tree_of_thought,570,54.42,0.00,70.73,1,14.14,1
vllm,tree_of_thought,571,59.50,30.46,89.95,2,22.23,1
vllm,tree_of_thought,572,61.57,0.00,72.78,1,13.74,1
vllm,tree_of_thought,573,57.40,32.92,90.32,2,22.14,1
vllm,tree_of_thought,574,51.22,30.36,81.58,2,24.52,1
vllm,tree_of_thought,575,67.65,0.00,73.50,1,13.60,1
vllm,tree_of_thought,576,62.53,27.11,89.64,2,22.31,0
vllm,tree_of_thought,577,71.17,0.00,83.68,1,11.95,1
vllm,tree_of_thought,578,79.18,0.00,83.14,1,12.03,1
vllm,tree_of_thought,579,62.33,0.00,91.39,1,10.94,1
vllm,tree_of_thought,580,60.85,0.00,69.28,1,14.43,1
vllm,tree_of_thought,581,64.03,0.00,90.06,1,11.10,1
vllm,tree_of_thought,582,56.85,27.29,84.14,2,23.77,0
vllm,tree_of_thought,583,57.24,0.00,75.72,1,13.21,1
vllm,tree_of_thought,584,57.71,0.00,77.81,1,12.85,1
vllm,tree_of_thought,585,57.81,27.80,85.61,2,23.36,1
vllm,tree_of_thought,586,54.52,0.00,70.04,1,14.28,1
vllm,tree_of_thought,587,53.85,0.00,71.59,1,13.97,1
vllm,tree_of_thought,588,66.15,25.47,91.62,2,21.83,1
vllm,tree_of_thought,589,70.62,0.00,79.77,1,12.54,1
vllm,tree_of_thought,590,59.83,20.05,79.88,2,25.04,1
vllm,tree_of_thought,591,63.78,19.73,103.24,3,29.06,0
vllm,tree_of_thought,592,65.95,0.00,87.07,1,11.48,1
vllm,tree_of_thought,593,60.45,0.00,82.24,1,12.16,1
vllm,tree_of_thought,594,54.44,0.00,65.40,1,15.29,1
vllm,tree_of_thought,595,65.01,21.98,108.98,3,27.53,1
vllm,tree_of_thought,596,59.46,30.54,90.00,2,22.22,1
vllm,tree_of_thought,597,70.86,24.39,95.26,2,21.00,1
vllm,tree_of_thought,598,61.14,27.75,88.89,2,22.50,1
vllm,tree_of_thought,599,58.09,25.42,83.51,2,23.95,1
vllm,tree_of_thought,600,46.92,0.00,61.35,1,16.30,1
vllm,tree_of_thought,601,77.34,0.00,77.62,1,12.88,1
vllm,tree_of_thought,602,58.22,0.00,85.42,1,11.71,1
vllm,tree_of_thought,603,50.84,0.00,67.74,1,14.76,1
vllm,tree_of_thought,604,62.63,0.00,75.95,1,13.17,1
vllm,tree_of_thought,605,62.98,0.00,75.08,1,13.32,1
vllm,tree_of_thought,606,52.19,0.00,66.51,1,15.03,1
vllm,tree_of_thought,607,62.56,16.08,78.64,2,25.43,1
vllm,tree_of_thought,608,51.01,0.00,65.31,1,15.31,1
vllm,tree_of_thought,609,63.44,23.11,86.55,2,23.11,1
vllm,tree_of_thought,610,57.47,0.00,77.02,1,12.98,1
vllm,tree_of_thought,611,47.05,0.00,61.40,1,16.29,1
vllm,tree_of_thought,612,63.93,30.30,94.24,2,21.22,1
vllm,tree_of_thought,613,67.83,0.00,79.48,1,12.58,1
vllm,tree_of_thought,614,63.19,0.00,77.45,1,12.91,1
vllm,tree_of_thought,615,70.62,0.00,88.56,1,11.29,1
vllm,tree_of_thought,616,66.52,0.00,76.87,1,13.01,1
vllm,tree_of_thought,617,53.69,0.00,65.21,1,15.33,1
vllm,tree_of_thought,618,59.47,27.95,87.42,2,22.88,1
vllm,tree_of_thought,619,45.93,26.47,72.41,2,27.62,1
vllm,tree_of_thought,620,70.64,0.00,79.30,1,12.61,1
vllm,tree_of_thought,621,65.51,26.78,92.30,2,21.67,1
vllm,tree_of_thought,622,56.05,22.77,78.82,2,25.37,1
vllm,tree_of_thought,623,46.07,0.00,65.08,1,15.37,1
vllm,tree_of_thought,624,45.71,0.00,64.74,1,15.45,1
vllm,tree_of_thought,625,62.67,34.46,97.14,2,20.59,1
vllm,tree_of_thought,626,52.27,29.98,82.24,2,24.32,1
vllm,tree_of_thought,627,57.27,0.00,70.28,1,14.23,1
vllm,tree_of_thought,628,57.13,0.00,73.28,1,13.65,1
vllm,tree_of_thought,629,64.88,24.45,89.33,2,22.39,1
vllm,tree_of_thought,630,57.13,26.56,83.69,2,23.90,1
vllm,tree_of_thought,631,65.35,0.00,77.80,1,12.85,1
vllm,tree_of_thought,632,61.87,24.37,86.24,2,23.19,1
vllm,tree_of_thought,633,79.92,0.00,87.10,1,11.48,1
vllm,tree_of_thought,634,51.22,20.33,91.88,3,32.65,1
vllm,tree_of_thought,635,62.97,0.00,81.36,1,12.29,1
vllm,tree_of_thought,636,66.02,0.00,89.72,1,11.15,1
vllm,tree_of_thought,637,58.40,0.00,70.50,1,14.19,1
vllm,tree_of_thought,638,73.89,37.55,111.44,2,17.95,1
vllm,tree_of_thought,639,53.11,29.86,82.96,2,24.11,1
vllm,tree_of_thought,640,73.27,29.37,102.64,2,19.49,1
vllm,tree_of_thought,641,64.45,29.82,94.28,2,21.21,0
vllm,tree_of_thought,642,57.11,31.29,88.41,2,22.62,1
vllm,tree_of_thought,643,46.46,0.00,57.73,1,17.32,1
vllm,tree_of_thought,644,62.07,25.33,87.40,2,22.88,1
vllm,tree_of_thought,645,53.56,0.00,65.63,1,15.24,1
vllm,tree_of_thought,646,57.77,0.00,74.90,1,13.35,1
vllm,tree_of_thought,647,62.35,32.06,94.41,2,21.18,1
vllm,tree_of_thought,648,68.69,0.00,86.66,1,11.54,1
vllm,tree_of_thought,649,63.46,20.52,83.98,2,23.81,1
vllm,tree_of_thought,650,55.97,0.00,63.50,1,15.75,1
vllm,tree_of_thought,651,49.82,22.72,72.55,2,27.57,1
vllm,tree_of_thought,652,51.99,0.00,66.48,1,15.04,1
vllm,tree_of_thought,653,64.80,28.68,93.48,2,21.40,1
vllm,tree_of_thought,654,48.64,35.70,84.34,2,23.71,1
vllm,tree_of_thought,655,52.31,0.00,67.39,1,14.84,1
vllm,tree_of_thought,656,49.79,22.92,95.62,3,31.37,1
vllm,tree_of_thought,657,66.88,23.13,90.01,2,22.22,1
vllm,tree_of_thought,658,49.62,0.00,65.46,1,15.28,1
vllm,tree_of_thought,659,59.51,0.00,70.26,1,14.23,1
vllm,tree_of_thought,660,67.01,24.64,91.65,2,21.82,1
vllm,tree_of_thought,661,63.81,0.00,76.69,1,13.04,1
vllm,tree_of_thought,662,75.46,26.72,102.18,2,19.57,1
vllm,tree_of_thought,663,60.22,0.00,78.29,1,12.77,1
vllm,tree_of_thought,664,53.08,0.00,62.39,1,16.03,1
vllm,tree_of_thought,665,67.90,0.00,82.04,1,12.19,1
vllm,tree_of_thought,666,63.88,0.00,74.54,1,13.42,1
vllm,tree_of_thought,667,60.18,0.00,78.02,1,12.82,1
vllm,tree_of_thought,668,49.53,23.57,73.11,2,27.36,1
vllm,tree_of_thought,669,56.10,0.00,69.25,1,14.44,1
vllm,tree_of_thought,670,58.73,0.00,77.72,1,12.87,1
vllm,tree_of_thought,671,63.96,27.54,91.50,2,21.86,1
vllm,tree_of_thought,672,52.29,0.00,63.12,1,15.84,1
vllm,tree_of_thought,673,67.58,0.00,87.29,1,11.46,1
vllm,tree_of_thought,674,52.52,22.69,97.89,3,30.65,0
vllm,tree_of_thought,675,54.91,34.34,89.25,2,22.41,1
vllm,tree_of_thought,676,62.87,24.68,87.54,2,22.85,1
vllm,tree_of_thought,677,58.15,0.00,74.38,1,13.44,1
vllm,tree_of_thought,678,77.70,0.00,93.34,1,10.71,1
vllm,tree_of_thought,679,58.28,28.93,87.21,2,22.93,1
vllm,tree_of_thought,680,69.23,28.69,97.92,2,20.42,1
vllm,tree_of_thought,681,58.66,28.70,87.36,2,22.89,1
vllm,tree_of_thought,682,63.22,0.00,85.27,1,11.73,1
vllm,tree_of_thought,683,61.73,22.01,83.74,2,23.88,1
vllm,tree_of_thought,684,51.11,29.23,80.34,2,24.89,1
vllm,tree_of_thought,685,60.49,0.00,74.84,1,13.36,1
vllm,tree_of_thought,686,63.44,30.67,94.11,2,21.25,1
vllm,tree_of_thought,687,65.00,0.00,79.91,1,12.51,1
vllm,tree_of_thought,688,56.17,0.00,70.43,1,14.20,1
vllm,tree_of_thought,689,60.02,26.07,86.09,2,23.23,1
vllm,tree_of_thought,690,58.86,27.83,86.69,2,23.07,1
vllm,tree_of_thought,691,57.27,0.00,69.42,1,14.40,1
vllm,tree_of_thought,692,52.78,0.00,62.35,1,16.04,1
vllm,tree_of_thought,693,61.94,0.00,69.52,1,14.38,1
vllm,tree_of_thought,694,46.12,0.00,64.33,1,15.54,1
vllm,tree_of_thought,695,58.61,32.44,91.05,2,21.96,1
vllm,tree_of_thought,696,60.00,24.16,84.16,2,23.76,1
vllm,tree_of_thought,697,59.28,31.14,90.42,2,22.12,1
vllm,tree_of_thought,698,68.12,22.86,90.98,2,21.98,1
vllm,tree_of_thought,699,72.13,0.00,87.33,1,11.45,1
vllm,tree_of_thought,700,55.01,45.92,100.93,2,19.82,1
vllm,tree_of_thought,701,64.26,0.00,86.62,1,11.54,1
vllm,tree_of_thought,702,50.58,24.18,74.77,2,26.75,0
vllm,tree_of_thought,703,59.43,0.00,75.34,1,13.27,1
vllm,tree_of_thought,704,60.85,17.47,78.32,2,25.54,1
vllm,tree_of_thought,705,57.68,0.00,71.70,1,13.95,1
vllm,tree_of_thought,706,57.01,23.70,80.71,2,24.78,1
vllm,tree_of_thought,707,70.74,0.00,77.94,1,12.83,1
vllm,tree_of_thought,708,66.16,0.00,73.51,1,13.60,1
vllm,tree_of_thought,709,46.93,31.39,78.32,2,25.54,1
vllm,tree_of_thought,710,67.31,18.64,85.95,2,23.27,1
vllm,tree_of_thought,711,63.13,20.08,83.21,2,24.04,1
vllm,tree_of_thought,712,66.42,0.00,77.89,1,12.84,1
vllm,tree_of_thought,713,46.79,0.00,63.33,1,15.79,1
vllm,tree_of_thought,714,55.36,0.00,66.14,1,15.12,1
vllm,tree_of_thought,715,47.93,0.00,56.88,1,17.58,1
vllm,tree_of_thought,716,66.68,0.00,80.60,1,12.41,1
vllm,tree_of_thought,717,70.18,29.30,99.48,2,20.11,1
vllm,tree_of_thought,718,58.15,24.95,83.10,2,24.07,1
vllm,tree_of_thought,719,75.31,0.00,85.59,1,11.68,1
vllm,tree_of_thought,720,47.87,27.77,75.65,2,26.44,1
vllm,tree_of_thought,721,49.93,0.00,64.94,1,15.40,1
vllm,tree_of_thought,722,71.55,29.96,101.51,2,19.70,1
vllm,tree_of_thought,723,60.89,23.84,84.73,2,23.60,1
vllm,tree_of_thought,724,47.98,0.00,65.10,1,15.36,1
vllm,tree_of_thought,725,60.14,0.00,77.83,1,12.85,1
vllm,tree_of_thought,726,73.86,22.91,96.77,2,20.67,1
vllm,tree_of_thought,727,77.17,22.71,99.87,2,20.03,1
vllm,tree_of_thought,728,45.28,28.78,74.06,2,27.01,1
vllm,tree_of_thought,729,64.66,0.00,82.51,1,12.12,1
vllm,tree_of_thought,730,58.14,0.00,71.74,1,13.94,1
vllm,tree_of_thought,731,73.36,22.39,95.75,2,20.89,1
vllm,tree_of_thought,732,68.71,0.00,83.33,1,12.00,1
vllm,tree_of_thought,733,54.47,24.94,79.41,2,25.19,1
vllm,tree_of_thought,734,57.50,0.00,77.96,1,12.83,1
vllm,tree_of_thought,735,57.76,0.00,71.24,1,14.04,1
vllm,tree_of_thought,736,56.63,0.00,76.80,1,13.02,1
vllm,tree_of_thought,737,57.31,17.52,92.34,3,32.49,0
vllm,tree_of_thought,738,62.16,30.48,92.63,2,21.59,1
vllm,tree_of_thought,739,53.12,0.00,64.07,1,15.61,1
vllm,tree_of_thought,740,52.32,0.00,66.64,1,15.01,1
vllm,tree_of_thought,741,57.98,0.00,71.00,1,14.08,1
vllm,tree_of_thought,742,49.61,23.38,72.99,2,27.40,1
vllm,tree_of_thought,743,67.81,0.00,84.02,1,11.90,1
vllm,tree_of_thought,744,55.46,0.00,69.40,1,14.41,1
vllm,tree_of_thought,745,45.74,28.45,74.20,2,26.96,0
vllm,tree_of_thought,746,51.67,24.23,75.90,2,26.35,0
vllm,tree_of_thought,747,54.42,0.00,70.12,1,14.26,1
vllm,tree_of_thought,748,63.39,0.00,71.40,1,14.01,1
vllm,tree_of_thought,749,62.52,30.31,92.83,2,21.54,1
vllm,tree_of_thought,750,64.77,0.00,79.59,1,12.56,1
vllm,tree_of_thought,751,61.67,0.00,82.05,1,12.19,1
vllm,tree_of_thought,752,53.92,0.00,71.47,1,13.99,1
vllm,tree_of_thought,753,58.74,21.28,80.02,2,24.99,1
vllm,tree_of_thought,754,58.65,28.49,87.14,2,22.95,1
vllm,tree_of_thought,755,60.71,29.61,90.31,2,22.15,1
vllm,tree_of_thought,756,51.74,0.00,75.94,1,13.17,1
vllm,tree_of_thought,757,59.02,0.00,75.17,1,13.30,1
vllm,tree_of_thought,758,62.18,27.14,89.32,2,22.39,1
vllm,tree_of_thought,759,62.97,0.00,78.01,1,12.82,1
vllm,tree_of_thought,760,62.29,0.00,80.67,1,12.40,1
vllm,tree_of_thought,761,59.97,0.00,99.58,1,10.04,1
vllm,tree_of_thought,762,60.54,0.00,85.62,1,11.68,1
vllm,tree_of_thought,763,61.12,22.52,83.64,2,23.91,1
vllm,tree_of_thought,764,66.01,15.32,157.95,7,44.32,0
vllm,tree_of_thought,765,78.74,0.00,87.43,1,11.44,1
vllm,tree_of_thought,766,62.32,23.69,86.01,2,23.25,1
vllm,tree_of_thought,767,61.74,0.00,83.21,1,12.02,1
vllm,tree_of_thought,768,63.13,0.00,83.02,1,12.05,1
vllm,tree_of_thought,769,65.21,0.00,83.38,1,11.99,1
vllm,tree_of_thought,770,50.99,0.00,58.64,1,17.05,1
vllm,tree_of_thought,771,44.56,0.00,56.64,1,17.65,1
vllm,tree_of_thought,772,56.68,0.00,62.58,1,15.98,1
vllm,tree_of_thought,773,50.13,0.00,64.67,1,15.46,1
vllm,tree_of_thought,774,53.28,0.00,65.65,1,15.23,1
vllm,tree_of_thought,775,57.46,0.00,69.52,1,14.39,1
vllm,tree_of_thought,776,63.18,0.00,72.11,1,13.87,1
vllm,tree_of_thought,777,53.51,0.00,68.21,1,14.66,1
vllm,tree_of_thought,778,56.05,27.46,83.52,2,23.95,1
vllm,tree_of_thought,779,58.58,0.00,79.98,1,12.50,1
vllm,tree_of_thought,780,54.32,0.00,71.00,1,14.08,1
vllm,tree_of_thought,781,59.52,18.31,132.76,5,37.66,0
vllm,tree_of_thought,782,77.41,21.96,99.37,2,20.13,1
vllm,tree_of_thought,783,64.10,0.00,76.40,1,13.09,1
vllm,tree_of_thought,784,57.08,0.00,69.50,1,14.39,1
vllm,tree_of_thought,785,54.96,27.86,82.82,2,24.15,1
vllm,tree_of_thought,786,55.65,0.00,74.92,1,13.35,1
vllm,tree_of_thought,787,66.91,0.00,77.10,1,12.97,1
vllm,tree_of_thought,788,75.83,0.00,83.53,1,11.97,1
vllm,tree_of_thought,789,58.89,0.00,74.69,1,13.39,1
vllm,tree_of_thought,790,63.41,0.00,75.81,1,13.19,1
vllm,tree_of_thought,791,51.38,0.00,75.22,1,13.29,1
vllm,tree_of_thought,792,67.10,28.87,95.98,2,20.84,1
vllm,tree_of_thought,793,61.50,0.00,74.76,1,13.38,1
vllm,tree_of_thought,794,53.54,0.00,70.08,1,14.27,1
vllm,tree_of_thought,795,68.71,20.59,109.89,3,27.30,0
vllm,tree_of_thought,796,58.19,0.00,80.79,1,12.38,1
vllm,tree_of_thought,797,66.21,0.00,84.96,1,11.77,1
vllm,tree_of_thought,798,54.13,0.00,65.20,1,15.34,1
vllm,tree_of_thought,799,58.37,46.56,104.93,2,19.06,1
vllm,tree_of_thought,800,58.24,27.74,85.97,2,23.26,1
vllm,tree_of_thought,801,44.54,0.00,61.80,1,16.18,1
vllm,tree_of_thought,802,46.89,0.00,65.02,1,15.38,1
vllm,tree_of_thought,803,56.98,0.00,69.25,1,14.44,1
vllm,tree_of_thought,804,57.39,21.33,78.72,2,25.41,1
vllm,tree_of_thought,805,47.32,0.00,61.02,1,16.39,1
vllm,tree_of_thought,806,57.00,0.00,67.45,1,14.82,1
vllm,tree_of_thought,807,54.90,0.00,85.57,1,11.69,1
vllm,tree_of_thought,808,45.40,32.04,77.45,2,25.82,1
vllm,tree_of_thought,809,45.81,28.86,74.67,2,26.78,1
vllm,tree_of_thought,810,55.56,0.00,73.15,1,13.67,1
vllm,tree_of_thought,811,57.29,0.00,67.68,1,14.78,1
vllm,tree_of_thought,812,56.02,25.65,81.66,2,24.49,1
vllm,tree_of_thought,813,73.00,0.00,87.27,1,11.46,1
vllm,tree_of_thought,814,53.76,0.00,66.35,1,15.07,1
vllm,tree_of_thought,815,66.69,32.82,99.51,2,20.10,1
vllm,tree_of_thought,816,51.72,0.00,65.20,1,15.34,1
vllm,tree_of_thought,817,53.73,29.98,83.71,2,23.89,1
vllm,tree_of_thought,818,69.51,0.00,77.74,1,12.86,1
vllm,tree_of_thought,819,74.87,0.00,84.01,1,11.90,1
vllm,tree_of_thought,820,61.19,0.00,80.68,1,12.39,1
vllm,tree_of_thought,821,72.41,30.52,102.94,2,19.43,1
vllm,tree_of_thought,822,71.78,27.77,99.56,2,20.09,1
vllm,tree_of_thought,823,86.70,0.00,92.91,1,10.76,1
vllm,tree_of_thought,824,58.55,26.13,84.68,2,23.62,1
vllm,tree_of_thought,825,66.94,27.63,94.57,2,21.15,1
vllm,tree_of_thought,826,46.77,0.00,66.70,1,14.99,1
vllm,tree_of_thought,827,68.61,0.00,81.31,1,12.30,1
vllm,tree_of_thought,828,61.09,0.00,71.73,1,13.94,1
vllm,tree_of_thought,829,64.55,24.77,89.32,2,22.39,1
vllm,tree_of_thought,830,74.09,24.64,98.74,2,20.26,1
vllm,tree_of_thought,831,36.11,0.00,51.91,1,19.26,1
vllm,tree_of_thought,832,48.42,28.21,76.62,2,26.10,1
vllm,tree_of_thought,833,69.92,0.00,83.48,1,11.98,1
vllm,tree_of_thought,834,67.77,0.00,81.63,1,12.25,1
vllm,tree_of_thought,835,68.79,21.85,90.64,2,22.07,1
vllm,tree_of_thought,836,31.41,22.95,54.36,2,36.79,1
vllm,tree_of_thought,837,45.74,30.10,75.84,2,26.37,1
vllm,tree_of_thought,838,63.49,0.00,73.19,1,13.66,1
vllm,tree_of_thought,839,56.18,30.52,86.70,2,23.07,1
vllm,tree_of_thought,840,51.66,30.85,82.51,2,24.24,1
vllm,tree_of_thought,841,63.34,27.22,90.57,2,22.08,1
vllm,tree_of_thought,842,68.22,0.00,76.29,1,13.11,1
vllm,tree_of_thought,843,52.69,24.38,77.06,2,25.95,1
vllm,tree_of_thought,844,66.30,0.00,79.77,1,12.54,1
vllm,tree_of_thought,845,52.26,0.00,65.45,1,15.28,1
vllm,tree_of_thought,846,64.63,0.00,71.91,1,13.91,1
vllm,tree_of_thought,847,65.47,0.00,80.42,1,12.43,1
vllm,tree_of_thought,848,53.17,24.54,77.71,2,25.74,1
vllm,tree_of_thought,849,57.57,0.00,78.06,1,12.81,1
vllm,tree_of_thought,850,45.72,0.00,61.17,1,16.35,1
vllm,tree_of_thought,851,76.22,28.10,104.32,2,19.17,1
vllm,tree_of_thought,852,62.24,0.00,79.88,1,12.52,1
vllm,tree_of_thought,853,67.12,34.09,101.21,2,19.76,1
vllm,tree_of_thought,854,68.92,0.00,81.55,1,12.26,1
vllm,tree_of_thought,855,68.64,0.00,84.51,1,11.83,1
vllm,tree_of_thought,856,54.84,25.43,80.27,2,24.92,1
vllm,tree_of_thought,857,51.47,0.00,67.07,1,14.91,1
vllm,tree_of_thought,858,60.22,0.00,73.39,1,13.62,1
vllm,tree_of_thought,859,59.60,0.00,74.15,1,13.49,1
vllm,tree_of_thought,860,66.45,0.00,78.29,1,12.77,1
vllm,tree_of_thought,861,63.06,30.36,93.42,2,21.41,1
vllm,tree_of_thought,862,49.19,28.16,77.35,2,25.86,1
vllm,tree_of_thought,863,48.51,0.00,63.34,1,15.79,1
vllm,tree_of_thought,864,56.36,0.00,69.58,1,14.37,1
vllm,tree_of_thought,865,55.80,25.63,81.43,2,24.56,1
vllm,tree_of_thought,866,52.59,27.93,80.52,2,24.84,1
vllm,tree_of_thought,867,39.30,0.00,52.36,1,19.10,1
vllm,tree_of_thought,868,52.19,0.00,68.63,1,14.57,1
vllm,tree_of_thought,869,60.86,0.00,72.60,1,13.77,1
vllm,tree_of_thought,870,57.74,0.00,80.28,1,12.46,1
vllm,tree_of_thought,871,51.95,0.00,69.32,1,14.43,1
vllm,tree_of_thought,872,53.24,0.00,64.80,1,15.43,1
vllm,tree_of_thought,873,62.71,26.33,89.05,2,22.46,1
vllm,tree_of_thought,874,68.35,0.00,83.03,1,12.04,1
vllm,tree_of_thought,875,58.25,0.00,70.51,1,14.18,1
vllm,tree_of_thought,876,56.41,0.00,71.49,1,13.99,1
vllm,tree_of_thought,877,62.87,0.00,73.59,1,13.59,1
vllm,tree_of_thought,878,56.45,25.15,81.60,2,24.51,1
vllm,tree_of_thought,879,57.17,27.10,84.27,2,23.73,1
vllm,tree_of_thought,880,52.81,0.00,69.06,1,14.48,1
vllm,tree_of_thought,881,81.89,35.17,117.06,2,17.08,1
vllm,tree_of_thought,882,69.27,29.39,98.66,2,20.27,1
vllm,tree_of_thought,883,78.84,0.00,88.42,1,11.31,1
vllm,tree_of_thought,884,53.27,0.00,69.10,1,14.47,1
vllm,tree_of_thought,885,59.08,0.00,76.16,1,13.13,1
vllm,tree_of_thought,886,53.00,24.85,77.85,2,25.69,1
vllm,tree_of_thought,887,48.99,0.00,67.02,1,14.92,1
vllm,tree_of_thought,888,60.72,30.27,90.99,2,21.98,1
vllm,tree_of_thought,889,63.33,30.89,94.21,2,21.23,1
vllm,tree_of_thought,890,74.56,26.62,101.18,2,19.77,1
vllm,tree_of_thought,891,51.75,0.00,66.78,1,14.97,1
vllm,tree_of_thought,892,64.83,33.09,97.92,2,20.42,1
vllm,tree_of_thought,893,66.04,30.91,96.95,2,20.63,1
vllm,tree_of_thought,894,51.57,0.00,67.67,1,14.78,1
vllm,tree_of_thought,895,54.66,0.00,70.93,1,14.10,1
vllm,tree_of_thought,896,57.82,26.80,84.62,2,23.64,1
vllm,tree_of_thought,897,72.01,0.00,87.67,1,11.41,1
vllm,tree_of_thought,898,43.14,17.92,78.99,3,37.98,0
vllm,tree_of_thought,899,70.50,0.00,88.70,1,11.27,1
vllm,tree_of_thought,900,60.31,0.00,74.51,1,13.42,1
vllm,tree_of_thought,901,56.24,21.51,77.75,2,25.72,1
vllm,tree_of_thought,902,64.38,0.00,78.68,1,12.71,1
vllm,tree_of_thought,903,69.11,0.00,82.41,1,12.13,1
vllm,tree_of_thought,904,55.12,0.00,76.01,1,13.16,1
vllm,tree_of_thought,905,61.24,0.00,72.40,1,13.81,1
vllm,tree_of_thought,906,78.64,26.95,105.59,2,18.94,1
vllm,tree_of_thought,907,58.66,0.00,74.76,1,13.38,1
vllm,tree_of_thought,908,61.98,0.00,79.10,1,12.64,1
vllm,tree_of_thought,909,58.44,0.00,79.72,1,12.54,1
vllm,tree_of_thought,910,52.12,41.58,93.70,2,21.35,1
vllm,tree_of_thought,911,71.81,13.71,85.52,2,23.39,1
vllm,tree_of_thought,912,82.11,23.64,105.75,2,18.91,1
vllm,tree_of_thought,913,56.64,31.81,88.45,2,22.61,1
vllm,tree_of_thought,914,56.88,33.05,89.93,2,22.24,1
vllm,tree_of_thought,915,75.70,15.12,166.42,7,42.06,0
vllm,tree_of_thought,916,60.27,0.00,73.04,1,13.69,1
vllm,tree_of_thought,917,57.98,0.00,73.03,1,13.69,1
vllm,tree_of_thought,918,70.97,0.00,87.65,1,11.41,1
vllm,tree_of_thought,919,57.50,0.00,66.17,1,15.11,1
vllm,tree_of_thought,920,57.70,0.00,74.58,1,13.41,1
vllm,tree_of_thought,921,62.37,33.81,96.19,2,20.79,1
vllm,tree_of_thought,922,60.55,0.00,82.19,1,12.17,1
vllm,tree_of_thought,923,51.16,27.28,78.45,2,25.50,1
vllm,tree_of_thought,924,49.26,0.00,62.49,1,16.00,1
vllm,tree_of_thought,925,47.87,0.00,58.31,1,17.15,1
vllm,tree_of_thought,926,50.37,0.00,59.55,1,16.79,1
vllm,tree_of_thought,927,52.42,21.56,73.98,2,27.03,1
vllm,tree_of_thought,928,44.75,23.39,68.14,2,29.35,1
vllm,tree_of_thought,929,33.48,0.00,43.33,1,23.08,1
vllm,tree_of_thought,930,49.49,0.00,65.79,1,15.20,1
vllm,tree_of_thought,931,64.32,24.66,88.97,2,22.48,1
vllm,tree_of_thought,932,58.46,40.04,98.50,2,20.30,1
vllm,tree_of_thought,933,65.35,24.34,89.69,2,22.30,1
vllm,tree_of_thought,934,64.49,0.00,75.44,1,13.26,1
vllm,tree_of_thought,935,63.52,0.00,84.08,1,11.89,1
vllm,tree_of_thought,936,59.82,0.00,72.76,1,13.74,1
vllm,tree_of_thought,937,58.04,33.91,91.94,2,21.75,1
vllm,tree_of_thought,938,43.61,35.95,79.57,2,25.14,1
vllm,tree_of_thought,939,73.52,0.00,85.95,1,11.64,1
vllm,tree_of_thought,940,61.66,0.00,101.76,1,9.83,1
vllm,tree_of_thought,941,62.58,14.29,76.87,2,26.02,1
vllm,tree_of_thought,942,58.52,32.56,91.08,2,21.96,1
vllm,tree_of_thought,943,50.72,36.60,87.33,2,22.90,1
vllm,tree_of_thought,944,71.38,0.00,96.85,1,10.33,1
vllm,tree_of_thought,945,68.42,25.55,119.52,3,25.10,0
vllm,tree_of_thought,946,72.99,0.00,105.82,1,9.45,1
vllm,tree_of_thought,947,50.06,33.04,83.10,2,24.07,1
vllm,tree_of_thought,948,52.54,0.00,75.60,1,13.23,1
vllm,tree_of_thought,949,62.99,0.00,78.51,1,12.74,1
vllm,tree_of_thought,950,62.72,27.65,90.36,2,22.13,1
vllm,tree_of_thought,951,57.69,0.00,72.23,1,13.85,1
vllm,tree_of_thought,952,44.85,31.92,76.77,2,26.05,1
vllm,tree_of_thought,953,56.04,0.00,72.50,1,13.79,1
vllm,tree_of_thought,954,74.08,30.68,104.76,2,19.09,1
vllm,tree_of_thought,955,48.31,25.66,73.97,2,27.04,1
vllm,tree_of_thought,956,49.38,0.00,65.23,1,15.33,1
vllm,tree_of_thought,957,54.40,0.00,71.51,1,13.98,1
vllm,tree_of_thought,958,57.81,22.06,79.87,2,25.04,1
vllm,tree_of_thought,959,59.10,23.37,82.48,2,24.25,1
vllm,tree_of_thought,960,33.21,22.51,55.72,2,35.89,1
vllm,tree_of_thought,961,60.48,31.76,92.24,2,21.68,1
vllm,tree_of_thought,962,45.48,0.00,65.22,1,15.33,1
vllm,tree_of_thought,963,53.64,0.00,68.32,1,14.64,1
vllm,tree_of_thought,964,60.71,0.00,72.25,1,13.84,1
vllm,tree_of_thought,965,56.71,0.00,78.91,1,12.67,1
vllm,tree_of_thought,966,62.08,0.00,83.77,1,11.94,1
vllm,tree_of_thought,967,65.39,0.00,78.22,1,12.78,1
vllm,tree_of_thought,968,71.79,28.54,100.33,2,19.93,1
vllm,tree_of_thought,969,59.24,24.84,84.08,2,23.79,1
vllm,tree_of_thought,970,53.21,0.00,67.55,1,14.80,1
vllm,tree_of_thought,971,60.97,26.23,87.20,2,22.94,1
vllm,tree_of_thought,972,64.41,0.00,75.73,1,13.21,1
vllm,tree_of_thought,973,67.02,26.21,93.23,2,21.45,0
vllm,tree_of_thought,974,85.49,31.81,117.29,2,17.05,1
vllm,tree_of_thought,975,63.67,0.00,81.80,1,12.22,1
vllm,tree_of_thought,976,70.05,23.24,93.29,2,21.44,1
vllm,tree_of_thought,977,61.67,0.00,78.04,1,12.81,1
vllm,tree_of_thought,978,57.91,0.00,66.15,1,15.12,1
vllm,tree_of_thought,979,65.64,0.00,79.83,1,12.53,1
vllm,tree_of_thought,980,58.89,30.89,89.79,2,22.28,1
vllm,tree_of_thought,981,63.56,26.43,90.00,2,22.22,1
vllm,tree_of_thought,982,57.66,0.00,70.51,1,14.18,1
vllm,tree_of_thought,983,49.51,27.49,77.00,2,25.97,1
vllm,tree_of_thought,984,57.94,0.00,73.48,1,13.61,1
vllm,tree_of_thought,985,65.39,0.00,83.12,1,12.03,1
vllm,tree_of_thought,986,49.53,31.64,81.17,2,24.64,1
vllm,tree_of_thought,987,55.77,0.00,68.84,1,14.53,1
vllm,tree_of_thought,988,57.15,0.00,68.37,1,14.63,1
vllm,tree_of_thought,989,60.52,0.00,73.13,1,13.67,1
vllm,tree_of_thought,990,63.88,0.00,78.35,1,12.76,1
vllm,tree_of_thought,991,37.78,13.18,90.49,5,55.26,0
vllm,long_output,0,27.22,21.57,199.80,9,45.05,1
vllm,long_output,1,56.67,20.76,222.75,9,40.40,1
vllm,long_output,2,57.94,21.63,230.96,9,38.97,1
vllm,long_output,3,53.25,19.57,229.39,10,43.59,1
vllm,long_output,4,58.00,19.94,237.43,10,42.12,1
vllm,long_output,5,53.68,20.49,238.08,10,42.00,1
vllm,long_output,6,48.49,19.75,245.95,11,44.72,1
vllm,long_output,7,67.44,18.79,255.32,11,43.08,1
vllm,long_output,8,62.07,19.45,256.58,11,42.87,1
vllm,long_output,9,44.97,19.49,259.40,12,46.26,1
vllm,long_output,10,48.14,19.24,259.73,12,46.20,1
vllm,long_output,11,60.38,18.60,265.01,12,45.28,1
vllm,long_output,12,54.78,18.44,276.05,13,47.09,1
vllm,long_output,13,74.57,17.32,282.36,13,46.04,1
vllm,long_output,14,57.65,19.71,294.23,13,44.18,1
vllm,long_output,15,67.74,17.78,298.83,14,46.85,1
vllm,long_output,16,67.68,17.83,299.40,14,46.76,1
vllm,long_output,17,63.93,17.20,304.77,15,49.22,1
vllm,long_output,18,74.48,18.78,318.60,14,43.94,1
vllm,long_output,19,86.40,16.42,316.32,15,47.42,1
vllm,long_output,20,82.73,16.93,319.74,15,46.91,1
vllm,long_output,21,54.11,17.49,316.40,16,50.57,1
vllm,long_output,22,83.38,16.29,327.70,16,48.83,1
vllm,long_output,23,98.32,15.15,325.61,16,49.14,1
vllm,long_output,24,78.61,16.37,340.58,17,49.91,1
vllm,long_output,25,91.30,16.33,352.55,17,48.22,1
vllm,long_output,26,82.99,16.68,349.91,17,48.58,1
vllm,long_output,27,65.27,16.67,348.70,18,51.62,1
vllm,long_output,28,71.78,16.76,356.73,18,50.46,1
vllm,long_output,29,91.74,16.25,368.07,18,48.90,1
vllm,long_output,30,87.92,16.62,387.13,19,49.08,1
vllm,long_output,31,81.72,16.10,387.56,20,51.61,1
vllm,long_output,32,89.86,16.93,394.59,19,48.15,1
vllm,long_output,33,95.91,16.55,393.88,19,48.24,1
vllm,long_output,34,82.01,17.09,406.80,20,49.16,1
vllm,long_output,35,84.69,17.33,413.88,20,48.32,1
vllm,long_output,36,73.20,16.93,411.73,21,51.00,1
vllm,long_output,37,81.22,16.79,416.98,21,50.36,1
vllm,long_output,38,81.64,16.97,421.01,21,49.88,1
vllm,long_output,39,78.50,16.66,428.30,22,51.37,1
vllm,long_output,40,68.23,17.14,428.21,22,51.38,1
vllm,long_output,41,78.09,17.25,440.30,22,49.97,1
vllm,long_output,42,80.50,16.51,443.65,23,51.84,1
vllm,long_output,43,105.65,16.19,461.74,23,49.81,1
vllm,long_output,44,107.09,16.12,461.74,23,49.81,1
vllm,long_output,45,92.12,16.03,460.91,24,52.07,1
vllm,long_output,46,102.45,15.86,467.28,24,51.36,1
vllm,long_output,47,95.73,16.35,471.89,24,50.86,1
vllm,long_output,48,83.72,16.04,468.73,25,53.34,1
vllm,long_output,49,89.07,15.99,472.78,25,52.88,1
vllm,long_output,50,87.72,15.99,471.59,25,53.01,1
vllm,long_output,51,79.02,16.18,483.61,26,53.76,1
vllm,long_output,52,103.16,15.76,497.14,26,52.30,1
vllm,long_output,53,89.64,15.95,504.28,27,53.54,1
vllm,long_output,54,111.12,15.90,508.54,26,51.13,1
vllm,long_output,55,106.93,15.29,504.57,27,53.51,1
vllm,long_output,56,108.39,15.83,519.91,27,51.93,1
vllm,long_output,57,95.94,15.72,520.36,28,53.81,1
vllm,long_output,58,95.01,16.03,527.72,28,53.06,1
vllm,long_output,59,84.65,15.66,523.11,29,55.44,1
vllm,long_output,60,91.67,15.61,528.75,29,54.85,1
vllm,long_output,61,89.67,15.74,530.48,29,54.67,1
vllm,long_output,62,139.31,16.30,579.29,28,48.33,1
vllm,long_output,63,82.44,16.19,551.88,30,54.36,1
vllm,long_output,64,68.29,15.93,530.20,30,56.58,1
vllm,long_output,65,93.24,16.17,562.24,30,53.36,1
vllm,long_output,66,79.92,15.82,554.65,31,55.89,1
vllm,long_output,67,94.18,15.85,569.55,31,54.43,1
vllm,long_output,68,93.31,15.79,566.87,31,54.69,1
vllm,long_output,69,62.35,15.92,555.95,32,57.56,1
vllm,long_output,70,74.97,15.99,570.80,32,56.06,1
vllm,long_output,71,120.38,15.40,597.71,32,53.54,1
vllm,long_output,72,117.62,15.32,607.89,33,54.29,1
vllm,long_output,73,108.00,15.55,605.49,33,54.50,1
vllm,long_output,74,62.44,15.84,585.03,34,58.12,1
vllm,long_output,75,110.46,15.54,607.64,33,54.31,1
vllm,long_output,76,109.31,15.30,614.10,34,55.37,1
vllm,long_output,77,76.95,15.69,594.73,34,57.17,1
vllm,long_output,78,74.35,15.38,597.20,35,58.61,1
vllm,long_output,79,86.21,15.15,601.21,35,58.22,1
vllm,long_output,80,84.10,15.44,609.01,35,57.47,1
vllm,long_output,81,76.56,15.59,622.38,36,57.84,1
vllm,long_output,82,92.35,15.34,629.21,36,57.21,1
vllm,long_output,83,88.64,15.20,620.53,36,58.01,1
vllm,long_output,84,84.77,15.09,628.01,37,58.92,1
vllm,long_output,85,86.00,15.25,634.94,37,58.27,1
vllm,long_output,86,68.60,15.48,625.92,37,59.11,1
vllm,long_output,87,69.30,15.27,634.17,38,59.92,1
vllm,long_output,88,75.17,15.19,637.15,38,59.64,1
vllm,long_output,89,91.95,15.13,651.64,38,58.31,1
vllm,long_output,90,76.88,15.03,647.99,39,60.19,1
vllm,long_output,91,64.97,15.16,640.95,39,60.85,1
vllm,long_output,92,77.83,15.01,648.04,39,60.18,1
vllm,long_output,93,54.43,15.19,646.83,40,61.84,1
vllm,long_output,94,52.04,14.90,633.30,40,63.16,1
vllm,long_output,95,66.89,14.96,650.44,40,61.50,1
vllm,long_output,96,59.20,15.03,660.23,41,62.10,1
vllm,long_output,97,50.58,15.64,676.23,41,60.63,1
vllm,long_output,98,70.01,15.28,681.32,41,60.18,1
vllm,long_output,99,61.63,15.34,690.53,42,60.82,1
vllm,long_output,100,58.31,15.30,685.55,42,61.26,1
vllm,long_output,101,58.78,15.34,687.89,42,61.06,1
vllm,long_output,102,55.29,15.16,692.18,43,62.12,1
vllm,long_output,103,79.87,14.95,707.67,43,60.76,1
vllm,long_output,104,88.52,14.91,714.90,43,60.15,1
vllm,long_output,105,61.76,15.11,711.35,44,61.85,1
vllm,long_output,106,65.21,15.18,717.83,44,61.30,1
vllm,long_output,107,84.30,15.07,732.14,44,60.10,1
vllm,long_output,108,77.91,15.18,745.62,45,60.35,1
vllm,long_output,109,67.26,15.28,739.46,45,60.86,1
vllm,long_output,110,86.65,15.02,747.54,45,60.20,1
vllm,long_output,111,79.56,14.94,752.02,46,61.17,1
vllm,long_output,112,75.23,15.07,753.34,46,61.06,1
vllm,long_output,113,78.76,14.97,752.27,46,61.15,1
vllm,long_output,114,80.34,14.58,751.23,47,62.56,1
vllm,long_output,115,75.85,14.77,755.38,47,62.22,1
vllm,long_output,116,92.67,14.73,770.32,47,61.01,1
vllm,long_output,117,62.00,14.80,757.55,48,63.36,1
vllm,long_output,118,66.83,14.84,764.19,48,62.81,1
vllm,long_output,119,72.25,14.72,764.24,48,62.81,1
vllm,long_output,120,68.02,14.63,770.42,49,63.60,1
vllm,long_output,121,65.19,14.59,765.35,49,64.02,1
vllm,long_output,122,59.48,14.76,767.75,49,63.82,1
vllm,long_output,123,55.52,14.61,771.54,50,64.81,1
vllm,long_output,124,56.28,14.55,769.02,50,65.02,1
vllm,long_output,125,55.05,14.74,777.38,50,64.32,1
vllm,long_output,126,49.27,14.65,781.88,51,65.23,1
vllm,long_output,127,64.31,14.77,182.47,9,49.32,1
vllm,long_output,128,62.89,14.66,180.18,9,49.95,1
vllm,long_output,129,69.15,14.61,186.07,9,48.37,1
vllm,long_output,130,46.53,14.70,781.58,51,65.25,1
vllm,long_output,131,63.51,14.64,795.39,51,64.12,1
vllm,long_output,132,57.56,14.20,185.39,10,53.94,1
vllm,long_output,133,49.93,14.84,183.45,10,54.51,1
vllm,long_output,134,57.58,13.54,179.46,10,55.72,1
vllm,long_output,135,48.83,14.84,197.23,11,55.77,1
vllm,long_output,136,49.21,14.09,190.09,11,57.87,1
vllm,long_output,137,62.90,14.87,211.65,11,51.97,1
vllm,long_output,138,85.45,14.57,828.70,52,62.75,1
vllm,long_output,139,66.26,14.74,818.00,52,63.57,1
vllm,long_output,140,93.42,14.51,833.57,52,62.38,1
vllm,long_output,141,78.18,14.50,832.01,53,63.70,1
vllm,long_output,142,69.78,14.26,226.64,12,52.95,1
vllm,long_output,143,57.59,14.83,220.72,12,54.37,1
vllm,long_output,144,86.67,14.56,843.96,53,62.80,1
vllm,long_output,145,77.14,14.80,239.90,12,50.02,1
vllm,long_output,146,99.52,14.67,862.44,53,61.45,1
vllm,long_output,147,54.71,14.33,814.15,54,66.33,1
vllm,long_output,148,56.23,14.71,232.73,13,55.86,1
vllm,long_output,149,67.19,14.43,240.32,13,54.09,1
vllm,long_output,150,74.98,14.22,828.68,54,65.16,1
vllm,long_output,151,44.80,14.78,222.10,13,58.53,1
vllm,long_output,152,77.13,14.31,835.71,54,64.62,1
vllm,long_output,153,69.33,14.29,840.83,55,65.41,1
vllm,long_output,154,51.77,14.42,830.53,55,66.22,1
vllm,long_output,155,91.85,14.20,858.63,55,64.06,1
vllm,long_output,156,69.86,14.23,852.44,56,65.69,1
vllm,long_output,157,58.55,14.22,840.75,56,66.61,1
vllm,long_output,158,66.42,14.77,258.49,14,54.16,1
vllm,long_output,159,81.76,14.31,868.66,56,64.47,1
vllm,long_output,160,74.73,15.16,271.76,14,51.52,1
vllm,long_output,161,55.18,16.70,272.24,14,51.43,1
vllm,long_output,162,71.45,14.43,273.51,15,54.84,1
vllm,long_output,163,69.77,14.77,276.59,15,54.23,1
vllm,long_output,164,62.15,14.28,861.71,57,66.15,1
vllm,long_output,165,51.58,14.27,850.98,57,66.98,1
vllm,long_output,166,59.20,14.17,852.73,57,66.84,1
vllm,long_output,167,71.28,14.86,279.38,15,53.69,1
vllm,long_output,168,60.78,14.87,283.79,16,56.38,1
vllm,long_output,169,53.27,14.44,876.61,58,66.16,1
vllm,long_output,170,50.98,14.58,269.68,16,59.33,1
vllm,long_output,171,57.34,16.21,300.45,16,53.25,1
vllm,long_output,172,77.75,14.08,880.25,58,65.89,1
vllm,long_output,173,77.06,14.07,878.96,58,65.99,1
vllm,long_output,174,58.86,14.04,873.30,59,67.56,1
vllm,long_output,175,56.97,14.37,286.83,17,59.27,1
vllm,long_output,176,49.68,14.55,282.45,17,60.19,1
vllm,long_output,177,73.68,14.24,899.38,59,65.60,1
vllm,long_output,178,57.63,14.82,294.77,17,57.67,1
vllm,long_output,179,54.75,13.93,291.51,18,61.75,1
vllm,long_output,180,55.76,14.65,304.84,18,59.05,1
vllm,long_output,181,76.81,14.14,896.86,59,65.79,1
vllm,long_output,182,64.78,13.92,885.80,60,67.74,1
vllm,long_output,183,69.88,13.95,892.96,60,67.19,1
vllm,long_output,184,82.05,13.91,902.73,60,66.46,1
vllm,long_output,185,60.34,13.90,894.35,61,68.21,1
vllm,long_output,186,47.03,14.83,299.19,18,60.16,1
vllm,long_output,187,56.74,13.90,891.03,61,68.46,1
vllm,long_output,188,83.44,13.79,910.97,61,66.96,1
vllm,long_output,189,62.68,14.39,321.64,19,59.07,1
vllm,long_output,190,51.32,13.87,897.55,62,69.08,1
vllm,long_output,191,76.76,14.54,338.54,19,56.12,1
vllm,long_output,192,72.71,14.48,333.39,19,56.99,1
vllm,long_output,193,56.87,14.53,332.93,20,60.07,1
vllm,long_output,194,60.38,14.83,342.23,20,58.44,1
vllm,long_output,195,61.31,14.79,342.23,20,58.44,1
vllm,long_output,196,56.04,14.07,914.20,62,67.82,1
vllm,long_output,197,51.78,14.06,909.14,62,68.20,1
vllm,long_output,198,60.03,15.35,367.07,21,57.21,1
vllm,long_output,199,69.51,15.21,373.80,21,56.18,1
vllm,long_output,200,63.82,15.07,365.13,21,57.51,1
vllm,long_output,201,74.54,14.20,372.80,22,59.01,1
vllm,long_output,202,53.97,14.15,931.01,63,67.67,1
vllm,long_output,203,49.10,15.43,373.20,22,58.95,1
vllm,long_output,204,61.96,14.08,934.80,63,67.39,1
vllm,long_output,205,74.18,14.01,942.82,63,66.82,1
vllm,long_output,206,80.29,15.24,400.41,22,54.94,1
vllm,long_output,207,84.50,14.47,402.74,23,57.11,1
vllm,long_output,208,50.05,15.01,380.36,23,60.47,1
vllm,long_output,209,62.70,14.96,391.83,23,58.70,1
vllm,long_output,210,65.28,14.06,950.79,64,67.31,1
vllm,long_output,211,64.25,14.36,968.74,64,66.07,1
vllm,long_output,212,64.88,14.10,953.20,64,67.14,1
vllm,long_output,213,53.25,14.07,954.05,65,68.13,1
vllm,long_output,214,70.35,15.22,420.38,24,57.09,1
vllm,long_output,215,55.33,13.95,948.21,65,68.55,1
vllm,long_output,216,63.56,13.92,954.72,65,68.08,1
vllm,long_output,217,82.53,15.29,434.14,24,55.28,1
vllm,long_output,218,51.28,15.99,435.13,25,57.45,1
vllm,long_output,219,101.18,15.43,456.14,24,52.62,1
vllm,long_output,220,73.02,15.60,447.45,25,55.87,1
vllm,long_output,221,80.30,15.35,463.95,26,56.04,1
vllm,long_output,222,59.17,14.15,979.23,66,67.40,1
vllm,long_output,223,84.46,15.55,473.22,26,54.94,1
vllm,long_output,224,117.12,15.93,499.43,25,50.06,1
vllm,long_output,225,90.72,15.78,485.33,26,53.57,1
vllm,long_output,226,56.00,14.53,1000.54,66,65.96,1
vllm,long_output,227,79.82,14.28,1007.80,66,65.49,1
vllm,long_output,228,88.71,15.29,486.28,27,55.52,1
vllm,long_output,229,85.89,15.46,487.93,27,55.34,1
vllm,long_output,230,75.33,15.72,484.11,27,55.77,1
vllm,long_output,231,84.08,14.14,1017.04,67,65.88,1
vllm,long_output,232,71.23,14.17,1006.26,67,66.58,1
vllm,long_output,233,72.64,15.35,487.13,28,57.48,1
vllm,long_output,234,98.75,15.07,505.59,28,55.38,1
vllm,long_output,235,107.26,14.74,505.11,28,55.43,1
vllm,long_output,236,65.30,15.21,491.19,29,59.04,1
vllm,long_output,237,77.95,15.28,505.93,29,57.32,1
vllm,long_output,238,90.88,15.32,519.91,29,55.78,1
vllm,long_output,239,79.60,15.37,525.22,30,57.12,1
vllm,long_output,240,70.65,15.63,524.00,30,57.25,1
vllm,long_output,241,69.77,15.60,522.29,30,57.44,1
vllm,long_output,242,66.90,15.53,532.84,31,58.18,1
vllm,long_output,243,60.42,15.49,540.74,32,59.18,1
vllm,long_output,244,69.03,15.94,547.32,31,56.64,1
vllm,long_output,245,73.63,16.26,561.30,31,55.23,1
vllm,long_output,246,94.93,14.99,559.71,32,57.17,1
vllm,long_output,247,81.45,15.55,563.50,32,56.79,1
vllm,long_output,248,73.01,15.47,567.93,33,58.11,1
vllm,long_output,249,75.85,15.40,568.78,33,58.02,1
vllm,long_output,250,78.10,15.59,576.83,33,57.21,1
vllm,long_output,251,61.36,14.93,554.08,34,61.36,1
vllm,long_output,252,59.08,15.18,559.90,34,60.72,1
vllm,long_output,253,57.80,15.12,571.95,35,61.19,1
vllm,long_output,254,79.47,15.18,580.54,34,58.57,1
vllm,long_output,255,75.69,15.06,587.61,35,59.56,1
vllm,long_output,256,77.88,14.96,586.51,35,59.67,1
vllm,long_output,257,65.34,15.13,594.73,36,60.53,1
vllm,long_output,258,63.11,15.73,613.54,36,58.68,1
vllm,long_output,259,53.98,15.46,595.05,36,60.50,1
vllm,long_output,260,58.93,15.27,608.57,37,60.80,1
vllm,long_output,261,57.81,15.33,609.57,37,60.70,1
vllm,long_output,262,75.19,15.64,638.25,37,57.97,1
vllm,long_output,263,98.85,15.02,654.75,38,58.04,1
vllm,long_output,264,93.27,15.25,657.52,38,57.79,1
vllm,long_output,265,82.86,15.31,649.41,38,58.51,1
vllm,long_output,266,77.59,15.14,652.81,39,59.74,1
vllm,long_output,267,75.13,15.33,657.65,39,59.30,1
vllm,long_output,268,63.30,15.14,638.57,39,61.07,1
vllm,long_output,269,68.76,15.12,658.34,40,60.76,1
vllm,long_output,270,84.40,14.85,663.59,40,60.28,1
vllm,long_output,271,87.78,14.79,664.66,40,60.18,1
vllm,long_output,272,76.72,14.81,669.24,41,61.26,1
vllm,long_output,273,74.02,14.95,672.09,41,61.00,1
vllm,long_output,274,81.68,14.95,679.51,41,60.34,1
vllm,long_output,275,62.39,15.24,687.25,42,61.11,1
vllm,long_output,276,54.81,15.05,671.95,42,62.50,1
vllm,long_output,277,67.69,15.14,688.56,42,61.00,1
vllm,long_output,278,67.81,15.09,701.49,43,61.30,1
vllm,long_output,279,55.37,15.28,696.99,43,61.69,1
vllm,long_output,280,66.34,15.17,703.61,43,61.11,1
vllm,long_output,281,65.68,14.86,704.52,44,62.45,1
vllm,long_output,282,75.73,14.93,717.65,44,61.31,1
vllm,long_output,283,64.20,14.98,708.53,44,62.10,1
vllm,long_output,284,61.61,14.83,714.18,45,63.01,1
vllm,long_output,285,68.70,14.98,727.66,45,61.84,1
vllm,long_output,286,61.45,15.11,726.46,45,61.94,1
vllm,long_output,287,51.94,15.21,736.17,46,62.49,1
vllm,long_output,288,90.59,14.90,761.17,46,60.43,1
vllm,long_output,289,100.10,14.86,768.76,46,59.84,1
vllm,long_output,290,92.34,14.69,768.04,47,61.20,1
vllm,long_output,291,77.20,14.99,766.81,47,61.29,1
vllm,long_output,292,84.76,14.90,770.38,47,61.01,1
vllm,long_output,293,70.24,14.88,769.56,48,62.37,1
vllm,long_output,294,79.59,14.55,763.42,48,62.88,1
vllm,long_output,295,67.71,15.10,777.36,48,61.75,1
vllm,long_output,296,65.12,14.76,773.54,49,63.34,1
vllm,long_output,297,72.64,14.72,778.99,49,62.90,1
vllm,long_output,298,69.50,14.61,770.87,49,63.56,1
vllm,long_output,299,59.80,14.48,769.52,50,64.98,1
vllm,long_output,300,59.33,14.54,771.85,50,64.78,1
vllm,long_output,301,59.66,14.51,770.62,50,64.88,1
vllm,long_output,302,58.11,14.63,789.43,51,64.60,1
vllm,long_output,303,56.26,14.32,772.32,51,66.03,1
vllm,long_output,304,57.69,14.43,779.37,51,65.44,1
vllm,long_output,305,56.58,14.43,792.52,52,65.61,1
vllm,long_output,306,45.93,14.35,160.70,9,56.00,1
vllm,long_output,307,50.16,15.58,174.80,9,51.49,1
vllm,long_output,308,57.69,14.43,793.82,52,65.51,1
vllm,long_output,309,86.81,15.09,207.54,9,43.37,1
vllm,long_output,310,71.13,15.32,209.06,10,47.83,1
vllm,long_output,311,73.23,14.51,813.32,52,63.94,1
vllm,long_output,312,78.32,14.80,211.56,10,47.27,1
vllm,long_output,313,72.46,15.12,208.55,10,47.95,1
vllm,long_output,314,73.29,14.36,820.17,53,64.62,1
vllm,long_output,315,61.59,14.38,809.52,53,65.47,1
vllm,long_output,316,64.12,14.59,210.02,11,52.38,1
vllm,long_output,317,67.30,14.83,215.65,11,51.01,1
vllm,long_output,318,91.75,14.12,825.99,53,64.17,1
vllm,long_output,319,64.71,14.75,212.16,11,51.85,1
vllm,long_output,320,72.81,14.30,830.46,54,65.02,1
vllm,long_output,321,59.04,15.01,224.18,12,53.53,1
vllm,long_output,322,84.39,13.93,822.92,54,65.62,1
vllm,long_output,323,93.67,13.82,826.28,54,65.35,1
vllm,long_output,324,74.36,13.21,219.63,12,54.64,1
vllm,long_output,325,73.16,13.99,828.65,55,66.37,1
vllm,long_output,326,86.17,13.99,841.49,55,65.36,1
vllm,long_output,327,78.35,14.07,233.16,12,51.47,1
vllm,long_output,328,58.53,13.78,223.91,13,58.06,1
vllm,long_output,329,60.44,14.22,828.27,55,66.40,1
vllm,long_output,330,62.26,14.18,232.46,13,55.92,1
vllm,long_output,331,65.80,13.88,829.07,56,67.55,1
vllm,long_output,332,48.30,14.07,217.18,13,59.86,1
vllm,long_output,333,62.00,13.79,820.41,56,68.26,1
vllm,long_output,334,75.16,13.85,837.06,56,66.90,1
vllm,long_output,335,50.09,13.96,831.87,57,68.52,1
vllm,long_output,336,44.13,14.48,232.35,14,60.25,1
vllm,long_output,337,54.38,14.33,240.72,14,58.16,1
vllm,long_output,338,59.89,13.91,839.06,57,67.93,1
vllm,long_output,339,58.09,14.88,251.56,14,55.65,1
vllm,long_output,340,73.58,14.08,862.00,57,66.13,1
vllm,long_output,341,59.82,13.87,850.62,58,68.19,1
vllm,long_output,342,43.65,15.10,254.99,15,58.82,1
vllm,long_output,343,57.81,15.23,271.00,15,55.35,1
vllm,long_output,344,65.94,14.07,867.88,58,66.83,1
vllm,long_output,345,54.99,14.12,860.10,58,67.43,1
vllm,long_output,346,58.58,15.28,272.43,15,55.06,1
vllm,long_output,347,68.70,15.67,303.72,16,52.68,1
vllm,long_output,348,56.50,14.19,879.27,59,67.10,1
vllm,long_output,349,75.54,15.26,304.45,16,52.55,1
vllm,long_output,350,74.09,14.03,887.80,59,66.46,1
vllm,long_output,351,117.49,14.56,335.85,16,47.64,1
vllm,long_output,352,77.52,14.06,893.10,59,66.06,1
vllm,long_output,353,106.46,14.26,334.59,17,50.81,1
vllm,long_output,354,69.62,15.45,332.27,18,54.17,1
vllm,long_output,355,113.01,14.53,345.44,17,49.21,1
vllm,long_output,356,99.78,14.35,343.81,18,52.35,1
vllm,long_output,357,91.27,13.92,912.79,60,65.73,1
vllm,long_output,358,83.00,13.90,903.10,60,66.44,1
vllm,long_output,359,91.56,13.91,912.05,60,65.79,1
vllm,long_output,360,82.10,13.78,909.09,61,67.10,1
vllm,long_output,361,61.96,13.78,888.51,61,68.65,1
vllm,long_output,362,123.29,15.85,376.83,17,45.11,1
vllm,long_output,363,106.77,15.14,364.12,18,49.43,1
vllm,long_output,364,74.07,13.59,889.54,61,68.57,1
vllm,long_output,365,75.28,14.20,345.10,20,57.95,1
vllm,long_output,366,108.76,14.43,368.55,19,51.55,1
vllm,long_output,367,84.59,15.06,355.70,19,53.42,1
vllm,long_output,368,111.66,14.59,374.34,19,50.76,1
vllm,long_output,369,60.58,13.84,904.59,62,68.54,1
vllm,long_output,370,97.38,14.15,366.27,20,54.60,1
vllm,long_output,371,66.56,13.77,906.30,62,68.41,1
vllm,long_output,372,98.62,14.48,373.81,20,53.50,1
vllm,long_output,373,68.78,13.80,910.60,62,68.09,1
vllm,long_output,374,80.26,14.33,366.90,21,57.24,1
vllm,long_output,375,65.44,13.69,914.33,63,68.90,1
vllm,long_output,376,101.22,13.94,380.08,21,55.25,1
vllm,long_output,377,104.52,13.93,383.15,21,54.81,1
vllm,long_output,378,57.68,13.74,909.42,63,69.28,1
vllm,long_output,379,92.45,14.28,392.40,22,56.07,1
vllm,long_output,380,92.41,14.54,397.65,22,55.33,1
vllm,long_output,381,91.89,14.56,397.71,22,55.32,1
vllm,long_output,382,67.55,13.87,927.46,63,67.93,1
vllm,long_output,383,82.29,14.98,411.87,23,55.84,1
vllm,long_output,384,53.10,14.12,942.69,64,67.89,1
vllm,long_output,385,90.75,14.74,415.09,23,55.41,1
vllm,long_output,386,110.34,14.09,420.28,23,54.72,1
vllm,long_output,387,87.40,15.44,442.62,24,54.22,1
vllm,long_output,388,62.90,14.18,956.26,64,66.93,1
vllm,long_output,389,79.24,15.71,440.56,24,54.48,1
vllm,long_output,390,67.94,15.20,432.73,25,57.77,1
vllm,long_output,391,59.43,15.60,433.90,25,57.62,1
vllm,long_output,392,64.78,14.35,968.95,64,66.05,1
vllm,long_output,393,82.74,16.58,464.11,24,51.71,1
vllm,long_output,394,65.00,14.22,974.89,65,66.67,1
vllm,long_output,395,72.52,15.07,434.13,25,57.59,1
vllm,long_output,396,73.70,14.06,973.64,65,66.76,1
vllm,long_output,397,55.03,15.30,437.44,26,59.44,1
vllm,long_output,398,78.71,14.07,979.01,65,66.39,1
vllm,long_output,399,62.94,13.90,966.53,66,68.29,1
vllm,long_output,400,74.81,15.33,458.15,26,56.75,1
vllm,long_output,401,63.62,15.63,454.49,26,57.21,1
vllm,long_output,402,71.41,14.10,988.20,66,66.79,1
vllm,long_output,403,53.99,14.11,970.88,66,67.98,1
vllm,long_output,404,76.79,15.20,472.09,27,57.19,1
vllm,long_output,405,82.91,15.24,479.14,27,56.35,1
vllm,long_output,406,60.23,15.60,465.77,27,57.97,1
vllm,long_output,407,54.01,14.39,1003.97,67,66.73,1
vllm,long_output,408,75.10,15.62,496.96,28,56.34,1
vllm,long_output,409,67.60,15.67,490.76,28,57.05,1
vllm,long_output,410,67.74,14.10,998.42,67,67.11,1
vllm,long_output,411,77.33,15.99,509.14,28,54.99,1
vllm,long_output,412,64.57,15.86,508.76,29,57.00,1
vllm,long_output,413,85.74,15.49,519.40,29,55.83,1
vllm,long_output,414,88.18,16.04,537.29,29,53.98,1
vllm,long_output,415,71.08,15.75,527.78,30,56.84,1
vllm,long_output,416,93.49,15.66,547.59,30,54.79,1
vllm,long_output,417,82.10,16.12,549.49,30,54.60,1
vllm,long_output,418,82.24,15.62,550.71,31,56.29,1
vllm,long_output,419,90.75,15.49,571.04,32,56.04,1
vllm,long_output,420,87.58,15.46,566.89,32,56.45,1
vllm,long_output,421,119.92,15.39,581.67,31,53.29,1
vllm,long_output,422,87.84,15.74,575.74,32,55.58,1
vllm,long_output,423,117.06,15.64,586.33,31,52.87,1
vllm,long_output,424,75.77,15.77,580.47,33,56.85,1
vllm,long_output,425,88.26,15.11,571.90,33,57.70,1
vllm,long_output,426,108.84,15.21,595.42,33,55.42,1
vllm,long_output,427,96.52,14.90,588.27,34,57.80,1
vllm,long_output,428,95.51,15.04,591.71,34,57.46,1
vllm,long_output,429,123.53,15.06,620.57,34,54.79,1
vllm,long_output,430,87.38,15.32,608.16,35,57.55,1
vllm,long_output,431,90.02,15.44,614.87,35,56.92,1
vllm,long_output,432,76.06,15.48,602.28,35,58.11,1
vllm,long_output,433,81.48,15.13,610.89,36,58.93,1
vllm,long_output,434,91.91,15.05,618.55,36,58.20,1
vllm,long_output,435,89.33,15.05,615.96,36,58.45,1
vllm,long_output,436,98.46,14.41,617.13,37,59.96,1
vllm,long_output,437,86.00,15.08,628.76,37,58.85,1
vllm,long_output,438,81.00,15.03,621.95,37,59.49,1
vllm,long_output,439,77.96,15.09,636.16,38,59.73,1
vllm,long_output,440,99.87,14.81,647.97,38,58.64,1
vllm,long_output,441,107.96,14.76,654.26,38,58.08,1
vllm,long_output,442,79.12,14.89,644.91,39,60.47,1
vllm,long_output,443,94.55,14.99,664.30,39,58.71,1
vllm,long_output,444,78.37,15.14,653.78,39,59.65,1
vllm,long_output,445,60.09,14.86,639.46,40,62.55,1
vllm,long_output,446,70.10,14.59,639.25,40,62.57,1
vllm,long_output,447,72.77,15.09,661.19,40,60.50,1
vllm,long_output,448,44.72,14.82,637.57,41,64.31,1
vllm,long_output,449,52.94,15.01,653.50,41,62.74,1
vllm,long_output,450,71.90,14.76,662.11,41,61.92,1
vllm,long_output,451,79.61,15.16,700.99,42,59.91,1
vllm,long_output,452,82.43,15.15,703.43,42,59.71,1
vllm,long_output,453,96.91,15.00,712.03,42,58.99,1
vllm,long_output,454,79.20,14.97,707.73,43,60.76,1
vllm,long_output,455,88.34,14.95,716.12,43,60.05,1
vllm,long_output,456,73.58,14.88,713.27,44,61.69,1
vllm,long_output,457,67.50,14.90,708.23,44,62.13,1
vllm,long_output,458,106.29,14.99,736.00,43,58.42,1
vllm,long_output,459,73.52,14.97,717.13,44,61.36,1
vllm,long_output,460,84.54,14.51,722.96,45,62.24,1
vllm,long_output,461,82.56,14.58,724.29,45,62.13,1
vllm,long_output,462,85.88,14.57,726.99,45,61.90,1
vllm,long_output,463,76.17,14.77,740.89,46,62.09,1
vllm,long_output,464,72.74,14.92,744.09,46,61.82,1
vllm,long_output,465,67.61,14.60,739.11,47,63.59,1
vllm,long_output,466,66.97,15.09,745.99,46,61.66,1
vllm,long_output,467,72.82,14.77,752.07,47,62.49,1
vllm,long_output,468,73.77,14.67,748.41,47,62.80,1
vllm,long_output,469,69.38,14.64,757.42,48,63.37,1
vllm,long_output,470,71.22,14.73,763.71,48,62.85,1
vllm,long_output,471,85.32,14.62,772.61,48,62.13,1
vllm,long_output,472,69.26,14.52,766.21,49,63.95,1
vllm,long_output,473,67.41,14.59,767.94,49,63.81,1
vllm,long_output,474,63.87,14.66,767.66,49,63.83,1
vllm,long_output,475,61.12,14.34,175.81,9,51.19,1
vllm,long_output,476,68.75,14.05,181.13,9,49.69,1
vllm,long_output,477,60.65,15.10,181.42,9,49.61,1
vllm,long_output,478,43.03,14.60,758.35,50,65.93,1
vllm,long_output,479,60.63,14.35,763.90,50,65.45,1
vllm,long_output,480,64.13,14.63,780.92,50,64.03,1
vllm,long_output,481,47.61,13.81,171.88,10,58.18,1
vllm,long_output,482,50.65,14.44,180.60,10,55.37,1
vllm,long_output,483,59.61,13.66,182.55,10,54.78,1
vllm,long_output,484,45.76,14.41,766.44,51,66.54,1
vllm,long_output,485,47.73,14.53,774.25,51,65.87,1
vllm,long_output,486,54.33,14.76,201.95,11,54.47,1
vllm,long_output,487,63.74,14.52,789.54,51,64.59,1
vllm,long_output,488,57.36,14.73,204.64,11,53.75,1
vllm,long_output,489,54.58,14.58,798.41,52,65.13,1
vllm,long_output,490,50.76,14.44,786.97,52,66.08,1
vllm,long_output,491,62.29,14.78,210.13,11,52.35,1
vllm,long_output,492,63.65,13.91,216.61,12,55.40,1
vllm,long_output,493,60.33,14.82,223.31,12,53.74,1
vllm,long_output,494,71.78,14.27,799.75,52,65.02,1
vllm,long_output,495,74.45,14.19,812.27,53,65.25,1
vllm,long_output,496,82.92,14.26,824.60,53,64.27,1
vllm,long_output,497,65.11,14.29,822.69,54,65.64,1
vllm,long_output,498,67.70,14.59,826.36,53,64.14,1
vllm,long_output,499,70.89,13.92,808.49,54,66.79,1
vllm,long_output,500,70.80,14.27,827.11,54,65.29,1
vllm,long_output,501,76.73,14.37,234.77,12,51.11,1
vllm,long_output,502,68.04,14.51,242.19,13,53.68,1
vllm,long_output,503,62.88,14.17,827.98,55,66.43,1
vllm,long_output,504,83.41,14.17,253.50,13,51.28,1
vllm,long_output,505,78.60,14.13,248.15,13,52.39,1
vllm,long_output,506,80.39,14.01,836.94,55,65.72,1
vllm,long_output,507,60.70,14.27,831.36,55,66.16,1
vllm,long_output,508,66.63,13.85,828.52,56,67.59,1
vllm,long_output,509,68.42,14.41,255.75,14,54.74,1
vllm,long_output,510,64.08,13.95,831.11,56,67.38,1
vllm,long_output,511,60.26,14.08,834.65,56,67.09,1
vllm,long_output,512,74.24,13.79,253.47,14,55.23,1
vllm,long_output,513,66.95,14.78,259.15,14,54.02,1
vllm,long_output,514,62.59,13.97,845.03,57,67.45,1
vllm,long_output,515,59.29,13.96,841.26,57,67.76,1
vllm,long_output,516,67.17,13.79,260.26,15,57.63,1
vllm,long_output,517,53.76,14.49,256.64,15,58.45,1
vllm,long_output,518,69.33,13.87,846.03,57,67.37,1
vllm,long_output,519,61.29,13.90,853.73,58,67.94,1
vllm,long_output,520,77.60,13.57,851.35,58,68.13,1
vllm,long_output,521,71.98,13.79,265.01,15,56.60,1
vllm,long_output,522,60.15,13.94,854.59,58,67.87,1
vllm,long_output,523,59.88,14.36,275.24,16,58.13,1
vllm,long_output,524,59.71,14.42,275.97,16,57.98,1
vllm,long_output,525,63.78,14.01,876.34,59,67.33,1
vllm,long_output,526,50.61,13.91,857.62,59,68.80,1
vllm,long_output,527,51.30,14.39,267.16,16,59.89,1
vllm,long_output,528,61.41,13.92,868.61,59,67.92,1
vllm,long_output,529,59.64,14.35,289.31,17,58.76,1
vllm,long_output,530,62.49,14.50,294.52,17,57.72,1
vllm,long_output,531,54.63,13.93,876.63,60,68.44,1
vllm,long_output,532,47.42,15.14,289.68,17,58.69,1
vllm,long_output,533,46.29,15.35,307.32,18,58.57,1
vllm,long_output,534,69.01,13.98,894.00,60,67.11,1
vllm,long_output,535,70.21,13.93,891.98,60,67.27,1
vllm,long_output,536,62.68,14.63,311.40,18,57.80,1
vllm,long_output,537,70.28,15.05,326.05,18,55.21,1
vllm,long_output,538,78.73,13.71,901.33,61,67.68,1
vllm,long_output,539,82.13,13.82,911.62,61,66.91,1
vllm,long_output,540,78.99,13.73,902.89,61,67.56,1
vllm,long_output,541,54.98,14.85,322.30,19,58.95,1
vllm,long_output,542,71.15,13.95,922.14,62,67.23,1
vllm,long_output,543,61.37,14.70,325.96,19,58.29,1
vllm,long_output,544,72.64,13.68,907.10,62,68.35,1
vllm,long_output,545,58.95,13.78,899.49,62,68.93,1
vllm,long_output,546,56.83,13.69,905.77,63,69.55,1
vllm,long_output,547,61.65,14.70,326.25,19,58.24,1
vllm,long_output,548,50.87,14.58,327.94,20,60.99,1
vllm,long_output,549,61.98,15.10,348.91,20,57.32,1
vllm,long_output,550,67.33,15.39,359.77,20,55.59,1
vllm,long_output,551,71.29,15.48,380.87,21,55.14,1
vllm,long_output,552,60.77,15.24,365.47,21,57.46,1
vllm,long_output,553,43.03,14.12,918.53,63,68.59,1
vllm,long_output,554,48.15,13.97,914.32,63,68.90,1
vllm,long_output,555,82.61,15.68,396.31,21,52.99,1
vllm,long_output,556,70.37,15.50,395.83,22,55.58,1
vllm,long_output,557,82.23,14.88,394.71,22,55.74,1
vllm,long_output,558,74.79,15.41,398.31,22,55.23,1
vllm,long_output,559,77.84,14.83,404.02,23,56.93,1
vllm,long_output,560,63.65,13.98,944.55,64,67.76,1
vllm,long_output,561,78.34,15.13,411.25,23,55.93,1
vllm,long_output,562,71.05,13.85,943.52,64,67.83,1
vllm,long_output,563,89.54,13.77,956.98,64,66.88,1
vllm,long_output,564,59.52,13.86,946.45,65,68.68,1
vllm,long_output,565,76.84,13.81,960.41,65,67.68,1
vllm,long_output,566,71.57,13.96,965.24,65,67.34,1
vllm,long_output,567,85.11,14.83,426.17,24,56.32,1
vllm,long_output,568,92.84,15.37,430.94,23,53.37,1
vllm,long_output,569,74.70,15.34,427.60,24,56.13,1
vllm,long_output,570,81.01,15.39,434.98,24,55.18,1
vllm,long_output,571,78.77,14.77,433.15,25,57.72,1
vllm,long_output,572,78.04,13.79,974.35,66,67.74,1
vllm,long_output,573,46.82,13.96,954.03,66,69.18,1
vllm,long_output,574,59.26,13.86,960.00,66,68.75,1
vllm,long_output,575,70.87,14.91,443.57,26,58.62,1
vllm,long_output,576,95.30,15.00,455.38,25,54.90,1
vllm,long_output,577,86.08,15.47,457.38,25,54.66,1
vllm,long_output,578,47.24,14.00,970.95,67,69.00,1
vllm,long_output,579,75.25,14.65,441.62,26,58.87,1
vllm,long_output,580,79.12,15.17,458.38,26,56.72,1
vllm,long_output,581,67.66,15.19,462.68,27,58.36,1
vllm,long_output,582,64.63,15.22,460.40,27,58.64,1
vllm,long_output,583,66.19,15.88,479.12,27,56.35,1
vllm,long_output,584,68.80,14.10,999.21,67,67.05,1
vllm,long_output,585,59.30,14.94,462.69,28,60.52,1
vllm,long_output,586,63.30,15.20,473.71,28,59.11,1
vllm,long_output,587,79.96,16.30,520.06,28,53.84,1
vllm,long_output,588,78.51,16.42,538.39,29,53.86,1
vllm,long_output,589,65.52,16.66,532.14,29,54.50,1
vllm,long_output,590,70.96,15.81,529.51,30,56.66,1
vllm,long_output,591,68.77,17.23,551.07,29,52.62,1
vllm,long_output,592,53.82,16.32,527.11,30,56.91,1
vllm,long_output,593,69.77,16.44,546.43,30,54.90,1
vllm,long_output,594,61.78,16.50,556.92,31,55.66,1
vllm,long_output,595,71.09,16.35,561.46,31,55.21,1
vllm,long_output,596,75.78,16.62,574.26,31,53.98,1
vllm,long_output,597,80.01,16.47,590.65,32,54.18,1
vllm,long_output,598,94.08,16.20,596.21,32,53.67,1
vllm,long_output,599,94.46,16.31,600.05,32,53.33,1
vllm,long_output,600,79.10,16.07,593.38,33,55.61,1
vllm,long_output,601,78.21,15.92,587.78,33,56.14,1
vllm,long_output,602,69.20,16.28,590.02,33,55.93,1
vllm,long_output,603,74.06,15.93,599.59,34,56.71,1
vllm,long_output,604,68.75,16.11,600.36,34,56.63,1
vllm,long_output,605,67.13,16.03,596.14,34,57.03,1
vllm,long_output,606,59.89,15.88,599.86,35,58.35,1
vllm,long_output,607,62.52,15.81,599.90,35,58.34,1
vllm,long_output,608,83.68,15.35,605.57,35,57.80,1
vllm,long_output,609,76.18,15.86,631.15,36,57.04,1
vllm,long_output,610,72.78,15.82,626.38,36,57.47,1
vllm,long_output,611,63.51,16.01,623.93,36,57.70,1
vllm,long_output,612,59.53,15.80,628.23,37,58.90,1
vllm,long_output,613,60.06,15.82,629.48,37,58.78,1
vllm,long_output,614,52.10,16.04,629.71,37,58.76,1
vllm,long_output,615,47.92,15.80,632.60,38,60.07,1
vllm,long_output,616,52.82,15.92,641.86,38,59.20,1
vllm,long_output,617,42.44,16.04,636.10,38,59.74,1
vllm,long_output,618,63.04,15.93,668.36,39,58.35,1
vllm,long_output,619,71.24,15.71,668.05,39,58.38,1
vllm,long_output,620,52.92,15.86,655.67,39,59.48,1
vllm,long_output,621,54.94,15.64,664.84,40,60.17,1
vllm,long_output,622,60.21,15.82,677.14,40,59.07,1
vllm,long_output,623,84.61,15.47,687.78,40,58.16,1
vllm,long_output,624,69.18,15.56,691.46,41,59.29,1
vllm,long_output,625,72.11,15.56,694.62,41,59.03,1
vllm,long_output,626,60.60,15.77,691.21,41,59.32,1
vllm,long_output,627,55.47,15.69,698.71,42,60.11,1
vllm,long_output,628,67.35,15.61,707.52,42,59.36,1
vllm,long_output,629,93.63,15.46,727.45,42,57.74,1
vllm,long_output,630,85.79,15.25,726.45,43,59.19,1
vllm,long_output,631,86.94,15.20,725.37,43,59.28,1
vllm,long_output,632,92.91,15.39,739.25,43,58.17,1
vllm,long_output,633,69.05,15.42,732.29,44,60.09,1
vllm,long_output,634,70.62,15.61,741.99,44,59.30,1
vllm,long_output,635,74.04,15.65,746.82,44,58.92,1
vllm,long_output,636,123.08,14.55,763.35,45,58.95,1
vllm,long_output,637,124.07,14.68,770.11,45,58.43,1
vllm,long_output,638,129.18,14.70,776.07,45,57.98,1
vllm,long_output,639,110.87,14.62,768.70,46,59.84,1
vllm,long_output,640,116.49,14.77,781.32,46,58.87,1
vllm,long_output,641,113.55,14.82,780.34,46,58.95,1
vllm,long_output,642,96.81,14.78,776.77,47,60.51,1
vllm,long_output,643,103.07,14.61,775.04,47,60.64,1
vllm,long_output,644,101.24,14.83,783.55,47,59.98,1
vllm,long_output,645,96.81,14.43,775.15,48,61.92,1
vllm,long_output,646,105.49,14.47,785.58,48,61.10,1
vllm,long_output,647,99.32,14.55,783.27,48,61.28,1
vllm,long_output,648,87.87,14.38,778.23,49,62.96,1
vllm,long_output,649,87.84,14.39,778.56,49,62.94,1
vllm,long_output,650,91.06,14.54,789.09,49,62.10,1
vllm,long_output,651,43.20,14.54,755.48,50,66.18,1
vllm,long_output,652,82.06,14.43,789.27,50,63.35,1
vllm,long_output,653,75.86,14.42,782.46,50,63.90,1
vllm,long_output,654,77.47,14.23,789.03,51,64.64,1
vllm,long_output,655,52.47,14.46,775.54,51,65.76,1
vllm,long_output,656,66.95,14.28,780.75,51,65.32,1
vllm,long_output,657,88.50,12.74,190.42,9,47.26,1
vllm,long_output,658,74.48,13.79,184.80,9,48.70,1
vllm,long_output,659,76.61,14.69,194.14,9,46.36,1
vllm,long_output,660,42.90,14.27,770.49,52,67.49,1
vllm,long_output,661,67.05,14.29,195.70,10,51.10,1
vllm,long_output,662,67.80,15.37,206.15,10,48.51,1
vllm,long_output,663,68.25,13.63,190.91,10,52.38,1
vllm,long_output,664,61.52,14.31,791.47,52,65.70,1
vllm,long_output,665,66.14,14.23,792.01,52,65.66,1
vllm,long_output,666,58.57,13.90,197.53,11,55.69,1
vllm,long_output,667,50.20,14.23,790.15,53,67.08,1
vllm,long_output,668,61.75,14.60,207.72,11,52.96,1
vllm,long_output,669,53.78,14.74,201.14,11,54.69,1
vllm,long_output,670,60.38,13.12,204.73,12,58.61,1
vllm,long_output,671,53.61,13.96,207.20,12,57.92,1
vllm,long_output,672,50.65,14.30,794.26,53,66.73,1
vllm,long_output,673,47.23,14.40,205.59,12,58.37,1
vllm,long_output,674,74.51,14.16,825.05,54,65.45,1
vllm,long_output,675,101.51,14.12,835.98,53,63.40,1
vllm,long_output,676,60.23,14.46,826.41,54,65.34,1
vllm,long_output,677,91.51,14.10,838.93,54,64.37,1
vllm,long_output,678,68.01,14.05,826.77,55,66.52,1
vllm,long_output,679,77.36,14.19,843.51,55,65.20,1
vllm,long_output,680,86.59,13.93,838.79,55,65.57,1
vllm,long_output,681,68.33,14.32,240.19,13,54.12,1
vllm,long_output,682,66.26,13.97,233.95,13,55.57,1
vllm,long_output,683,67.98,14.14,845.69,56,66.22,1
vllm,long_output,684,55.49,14.47,243.64,14,57.46,1
vllm,long_output,685,82.16,14.83,260.12,13,49.98,1
vllm,long_output,686,79.22,14.05,851.85,56,65.74,1
vllm,long_output,687,67.78,14.05,840.38,56,66.64,1
vllm,long_output,688,51.49,14.24,848.88,57,67.15,1
vllm,long_output,689,79.14,13.98,260.90,14,53.66,1
vllm,long_output,690,73.92,14.49,262.33,14,53.37,1
vllm,long_output,691,58.86,13.98,841.47,57,67.74,1
vllm,long_output,692,57.83,14.01,842.64,57,67.64,1
vllm,long_output,693,56.07,13.85,845.80,58,68.57,1
vllm,long_output,694,72.66,14.72,278.72,15,53.82,1
vllm,long_output,695,69.73,14.75,276.17,15,54.31,1
vllm,long_output,696,77.59,14.30,277.80,15,54.00,1
vllm,long_output,697,68.14,13.79,274.94,16,58.19,1
vllm,long_output,698,57.75,14.02,856.99,58,67.68,1
vllm,long_output,699,61.18,15.15,288.43,16,55.47,1
vllm,long_output,700,73.58,13.93,867.55,58,66.85,1
vllm,long_output,701,68.27,14.72,289.10,16,55.34,1
vllm,long_output,702,55.57,14.56,288.51,17,58.92,1
vllm,long_output,703,61.61,13.94,870.25,59,67.80,1
vllm,long_output,704,73.25,14.98,312.98,17,54.32,1
vllm,long_output,705,58.58,14.51,305.32,18,58.95,1
vllm,long_output,706,81.81,14.68,316.70,17,53.68,1
vllm,long_output,707,57.93,14.71,308.01,18,58.44,1
vllm,long_output,708,60.99,14.11,879.52,59,67.08,1
vllm,long_output,709,86.10,14.36,330.30,18,54.50,1
vllm,long_output,710,50.53,14.12,869.73,59,67.84,1
vllm,long_output,711,49.95,13.94,872.46,60,68.77,1
vllm,long_output,712,65.71,14.43,325.39,19,58.39,1
vllm,long_output,713,68.98,14.67,333.10,19,57.04,1
vllm,long_output,714,54.70,14.31,312.33,19,60.83,1
vllm,long_output,715,51.36,13.98,875.99,60,68.49,1
vllm,long_output,716,53.40,14.54,329.61,20,60.68,1
vllm,long_output,717,49.45,14.02,876.52,60,68.45,1
vllm,long_output,718,46.89,14.05,889.73,61,68.56,1
vllm,long_output,719,54.44,13.97,892.48,61,68.35,1
vllm,long_output,720,51.74,13.97,890.08,61,68.53,1
vllm,long_output,721,71.64,14.34,344.12,20,58.12,1
vllm,long_output,722,53.08,15.22,357.58,21,58.73,1
vllm,long_output,723,72.45,15.75,371.73,20,53.80,1
vllm,long_output,724,61.36,13.71,897.64,62,69.07,1
vllm,long_output,725,55.65,14.00,909.86,62,68.14,1
vllm,long_output,726,69.10,13.95,920.19,62,67.38,1
vllm,long_output,727,60.63,13.75,912.94,63,69.01,1
vllm,long_output,728,91.17,14.68,384.81,21,54.57,1
vllm,long_output,729,110.24,14.08,391.86,21,53.59,1
vllm,long_output,730,48.38,15.28,369.20,22,59.59,1
vllm,long_output,731,71.76,14.88,384.20,22,57.26,1
vllm,long_output,732,77.90,15.05,394.04,22,55.83,1
vllm,long_output,733,50.40,13.83,907.92,63,69.39,1
vllm,long_output,734,69.41,13.97,935.53,63,67.34,1
vllm,long_output,735,62.88,14.89,390.38,23,58.92,1
vllm,long_output,736,68.64,15.13,401.51,23,57.28,1
vllm,long_output,737,82.14,14.59,403.16,23,57.05,1
vllm,long_output,738,63.25,13.63,921.64,64,69.44,1
vllm,long_output,739,79.49,14.27,407.78,24,58.86,1
vllm,long_output,740,54.94,13.84,926.96,64,69.04,1
vllm,long_output,741,70.82,13.82,941.29,64,67.99,1
vllm,long_output,742,72.71,14.88,415.05,24,57.82,1
vllm,long_output,743,75.89,14.66,413.10,24,58.10,1
vllm,long_output,744,55.38,14.32,971.60,65,66.90,1
vllm,long_output,745,53.76,16.06,439.12,25,56.93,1
vllm,long_output,746,65.74,14.44,990.12,65,65.65,1
vllm,long_output,747,67.73,16.63,466.84,25,53.55,1
vllm,long_output,748,67.80,14.52,996.77,65,65.21,1
vllm,long_output,749,62.01,14.35,995.01,66,66.33,1
vllm,long_output,750,75.39,16.05,476.70,26,54.54,1
vllm,long_output,751,101.48,16.10,487.88,25,51.24,1
vllm,long_output,752,61.58,16.15,481.39,27,56.09,1
vllm,long_output,753,83.56,16.19,488.24,26,53.25,1
vllm,long_output,754,118.35,15.11,496.17,26,52.40,1
vllm,long_output,755,74.83,16.04,491.86,27,54.89,1
vllm,long_output,756,65.92,14.25,991.92,66,66.54,1
vllm,long_output,757,62.74,14.25,989.19,66,66.72,1
vllm,long_output,758,70.45,15.75,495.74,28,56.48,1
vllm,long_output,759,86.08,15.92,499.99,27,54.00,1
vllm,long_output,760,60.28,14.25,1000.47,67,66.97,1
vllm,long_output,761,84.68,14.21,1022.70,67,65.51,1
vllm,long_output,762,124.25,15.28,536.68,28,52.17,1
vllm,long_output,763,87.79,16.00,519.68,28,53.88,1
vllm,long_output,764,71.67,15.48,505.22,29,57.40,1
vllm,long_output,765,82.72,15.45,515.34,29,56.27,1
vllm,long_output,766,65.59,15.68,504.69,29,57.46,1
vllm,long_output,767,72.24,15.17,512.05,30,58.59,1
vllm,long_output,768,94.71,15.87,554.90,30,54.06,1
vllm,long_output,769,99.69,16.22,570.06,30,52.63,1
vllm,long_output,770,78.24,15.96,557.08,31,55.65,1
vllm,long_output,771,68.02,16.09,550.58,31,56.30,1
vllm,long_output,772,88.57,15.95,566.92,31,54.68,1
vllm,long_output,773,70.01,16.05,567.52,32,56.39,1
vllm,long_output,774,71.27,16.20,573.39,32,55.81,1
vllm,long_output,775,80.26,15.58,578.91,33,57.00,1
vllm,long_output,776,116.77,15.62,601.02,32,53.24,1
vllm,long_output,777,96.85,15.56,594.91,33,55.47,1
vllm,long_output,778,116.66,15.40,609.61,33,54.13,1
vllm,long_output,779,72.82,15.37,580.10,34,58.61,1
vllm,long_output,780,67.34,15.78,588.10,34,57.81,1
vllm,long_output,781,78.89,15.44,588.26,34,57.80,1
vllm,long_output,782,94.55,16.01,638.72,35,54.80,1
vllm,long_output,783,69.58,16.01,614.07,35,57.00,1
vllm,long_output,784,65.04,16.34,620.59,35,56.40,1
vllm,long_output,785,54.53,15.94,612.49,36,58.78,1
vllm,long_output,786,63.30,15.79,615.96,36,58.45,1
vllm,long_output,787,75.05,15.90,631.65,36,56.99,1
vllm,long_output,788,60.30,15.53,619.47,37,59.73,1
vllm,long_output,789,51.61,15.71,617.06,37,59.96,1
vllm,long_output,790,60.59,15.83,630.51,37,58.68,1
vllm,long_output,791,119.19,15.19,681.05,38,55.80,1
vllm,long_output,792,123.89,15.22,687.09,38,55.31,1
vllm,long_output,793,101.93,15.32,668.61,38,56.83,1
vllm,long_output,794,103.16,15.07,675.81,39,57.71,1
vllm,long_output,795,100.14,15.08,673.17,39,57.94,1
vllm,long_output,796,106.48,15.07,679.10,39,57.43,1
vllm,long_output,797,87.50,14.99,672.05,40,59.52,1
vllm,long_output,798,90.78,15.07,678.33,40,58.97,1
vllm,long_output,799,84.03,15.21,677.34,40,59.05,1
vllm,long_output,800,92.62,14.57,675.52,41,60.69,1
vllm,long_output,801,93.45,14.40,669.27,41,61.26,1
vllm,long_output,802,100.05,14.72,688.88,41,59.52,1
vllm,long_output,803,77.07,14.56,673.94,42,62.32,1
vllm,long_output,804,76.68,14.56,673.80,42,62.33,1
vllm,long_output,805,85.54,14.58,683.31,42,61.47,1
vllm,long_output,806,88.70,14.10,680.93,43,63.15,1
vllm,long_output,807,72.90,14.56,684.60,43,62.81,1
vllm,long_output,808,53.78,15.19,691.92,43,62.15,1
vllm,long_output,809,54.99,15.25,710.83,44,61.90,1
vllm,long_output,810,60.47,16.10,752.86,44,58.44,1
vllm,long_output,811,71.15,15.76,764.54,45,58.86,1
vllm,long_output,812,90.05,15.85,771.68,44,57.02,1
vllm,long_output,813,81.54,15.68,771.47,45,58.33,1
vllm,long_output,814,72.37,15.78,782.60,46,58.78,1
vllm,long_output,815,77.26,15.64,781.09,46,58.89,1
vllm,long_output,816,124.43,15.80,819.50,45,54.91,1
vllm,long_output,817,69.63,16.08,809.08,47,58.09,1
vllm,long_output,818,104.70,15.80,815.76,46,56.39,1
vllm,long_output,819,100.22,15.67,820.86,47,57.26,1
vllm,long_output,820,89.41,15.99,825.03,47,56.97,1
vllm,long_output,821,97.88,15.40,821.48,48,58.43,1
vllm,long_output,822,100.96,15.48,828.37,48,57.95,1
vllm,long_output,823,114.65,15.46,841.26,48,57.06,1
vllm,long_output,824,101.75,15.42,842.07,49,58.19,1
vllm,long_output,825,79.49,15.32,814.84,49,60.13,1
vllm,long_output,826,93.91,15.25,825.80,49,59.34,1
vllm,long_output,827,103.08,14.77,826.58,50,60.49,1
vllm,long_output,828,91.45,15.17,835.03,50,59.88,1
vllm,long_output,829,87.96,15.10,827.76,50,60.40,1
vllm,long_output,830,97.45,14.65,830.04,51,61.44,1
vllm,long_output,831,75.47,14.96,823.60,51,61.92,1
vllm,long_output,832,60.44,14.91,179.74,9,50.07,1
vllm,long_output,833,57.38,13.85,168.14,9,53.53,1
vllm,long_output,834,46.23,15.52,170.42,9,52.81,1
vllm,long_output,835,74.09,15.20,834.27,51,61.13,1
vllm,long_output,836,82.17,14.88,841.19,52,61.82,1
vllm,long_output,837,84.34,15.00,849.14,52,61.24,1
vllm,long_output,838,73.76,14.88,847.44,53,62.54,1
vllm,long_output,839,66.96,15.27,204.38,10,48.93,1
vllm,long_output,840,64.89,14.83,198.37,10,50.41,1
vllm,long_output,841,81.48,14.21,209.40,10,47.76,1
vllm,long_output,842,110.49,15.03,876.89,52,59.30,1
vllm,long_output,843,63.62,13.98,203.44,11,54.07,1
vllm,long_output,844,66.18,14.08,206.96,11,53.15,1
vllm,long_output,845,89.26,14.91,864.55,53,61.30,1
vllm,long_output,846,79.91,15.15,867.46,53,61.10,1
vllm,long_output,847,63.20,14.83,848.97,54,63.61,1
vllm,long_output,848,49.05,14.34,206.74,12,58.05,1
vllm,long_output,849,55.31,14.93,846.64,54,63.78,1
vllm,long_output,850,69.80,14.93,219.10,11,50.20,1
vllm,long_output,851,45.26,14.72,207.18,12,57.92,1
vllm,long_output,852,81.20,14.67,858.87,54,62.87,1
vllm,long_output,853,50.85,14.76,213.20,12,56.29,1
vllm,long_output,854,44.93,14.03,213.25,13,60.96,1
vllm,long_output,855,63.23,14.60,851.71,55,64.58,1
vllm,long_output,856,75.20,14.60,863.76,55,63.67,1
vllm,long_output,857,78.74,14.79,877.30,55,62.69,1
vllm,long_output,858,43.23,15.18,225.41,13,57.67,1
vllm,long_output,859,65.76,14.55,866.16,56,64.65,1
vllm,long_output,860,61.92,14.70,238.36,13,54.54,1
vllm,long_output,861,59.69,14.68,250.56,14,55.87,1
vllm,long_output,862,72.13,14.80,886.25,56,63.19,1
vllm,long_output,863,74.87,14.98,898.99,56,62.29,1
vllm,long_output,864,59.37,15.32,258.52,14,54.15,1
vllm,long_output,865,73.79,14.71,897.68,57,63.50,1
vllm,long_output,866,79.16,14.72,903.51,57,63.09,1
vllm,long_output,867,73.60,15.17,270.87,14,51.69,1
vllm,long_output,868,74.90,14.31,275.27,15,54.49,1
vllm,long_output,869,54.61,15.03,264.98,15,56.61,1
vllm,long_output,870,76.86,14.51,889.47,57,64.08,1
vllm,long_output,871,62.61,14.33,263.20,15,56.99,1
vllm,long_output,872,55.50,14.56,885.50,58,65.50,1
vllm,long_output,873,66.50,14.62,900.11,58,64.44,1
vllm,long_output,874,71.09,14.53,899.35,58,64.49,1
vllm,long_output,875,67.77,14.09,279.11,16,57.33,1
vllm,long_output,876,56.02,15.51,288.73,16,55.42,1
vllm,long_output,877,55.66,14.49,895.81,59,65.86,1
vllm,long_output,878,71.32,14.56,289.66,16,55.24,1
vllm,long_output,879,72.09,13.49,287.86,17,59.06,1
vllm,long_output,880,61.69,14.13,287.82,17,59.06,1
vllm,long_output,881,57.37,14.71,292.73,17,58.07,1
vllm,long_output,882,64.04,13.61,295.48,18,60.92,1
vllm,long_output,883,77.48,13.81,312.20,18,57.66,1
vllm,long_output,884,58.80,14.27,315.62,19,60.20,1
vllm,long_output,885,80.37,14.34,324.23,18,55.52,1
vllm,long_output,886,60.86,14.48,321.42,19,59.11,1
vllm,long_output,887,64.96,14.62,328.13,19,57.90,1
vllm,long_output,888,65.99,14.63,929.14,60,64.58,1
vllm,long_output,889,64.00,14.08,331.49,20,60.33,1
vllm,long_output,890,92.34,14.74,947.38,59,62.28,1
vllm,long_output,891,138.75,14.04,952.94,59,61.91,1
vllm,long_output,892,47.36,15.19,336.04,20,59.52,1
vllm,long_output,893,65.51,15.15,353.28,20,56.61,1
vllm,long_output,894,58.02,14.02,338.36,21,62.06,1
vllm,long_output,895,144.86,14.01,971.18,60,61.78,1
vllm,long_output,896,127.77,14.24,967.96,60,61.99,1
vllm,long_output,897,53.87,14.50,343.89,21,61.07,1
vllm,long_output,898,123.56,14.14,971.87,61,62.77,1
vllm,long_output,899,124.69,14.22,977.80,61,62.38,1
vllm,long_output,900,105.16,14.02,960.62,62,64.54,1
vllm,long_output,901,77.20,14.12,359.67,21,58.39,1
vllm,long_output,902,123.35,14.30,981.25,61,62.17,1
vllm,long_output,903,61.59,14.16,358.98,22,61.28,1
vllm,long_output,904,68.78,14.27,368.54,22,59.70,1
vllm,long_output,905,68.51,14.33,369.50,22,59.54,1
vllm,long_output,906,139.54,13.73,977.35,62,63.44,1
vllm,long_output,907,132.10,13.71,981.86,63,64.16,1
vllm,long_output,908,140.25,13.91,988.68,62,62.71,1
vllm,long_output,909,123.15,13.78,977.43,63,64.45,1
vllm,long_output,910,71.93,14.77,396.90,23,57.95,1
vllm,long_output,911,58.68,14.72,382.57,23,60.12,1
vllm,long_output,912,114.95,13.72,979.18,64,65.36,1
vllm,long_output,913,68.16,15.22,403.07,23,57.06,1
vllm,long_output,914,115.75,13.71,979.35,64,65.35,1
vllm,long_output,915,49.57,14.41,380.99,24,62.99,1
vllm,long_output,916,119.65,13.88,994.19,64,64.37,1
vllm,long_output,917,129.09,14.08,1001.93,63,62.88,1
vllm,long_output,918,72.10,13.75,952.42,65,68.25,1
vllm,long_output,919,96.47,13.71,974.21,65,66.72,1
vllm,long_output,920,56.35,16.42,433.98,24,55.30,1
vllm,long_output,921,82.21,16.41,459.66,24,52.21,1
vllm,long_output,922,79.20,16.11,465.90,25,53.66,1
vllm,long_output,923,74.62,16.20,463.37,25,53.95,1
vllm,long_output,924,84.05,14.32,1000.28,65,64.98,1
vllm,long_output,925,66.84,14.23,991.53,66,66.56,1
vllm,long_output,926,57.93,16.09,460.27,26,56.49,1
vllm,long_output,927,51.32,14.32,981.81,66,67.22,1
vllm,long_output,928,71.85,14.27,999.08,66,66.06,1
vllm,long_output,929,112.94,15.81,492.29,25,50.78,1
vllm,long_output,930,86.24,16.50,498.66,26,52.14,1
vllm,long_output,931,90.30,16.08,492.25,26,52.82,1
vllm,long_output,932,57.92,14.06,985.92,67,67.96,1
vllm,long_output,933,46.90,14.12,978.63,67,68.46,1
vllm,long_output,934,71.02,15.71,479.51,27,56.31,1
vllm,long_output,935,93.03,15.58,498.13,27,54.20,1
vllm,long_output,936,105.27,15.70,513.56,27,52.57,1
vllm,long_output,937,84.31,15.57,504.74,28,55.47,1
vllm,long_output,938,78.92,15.39,494.53,28,56.62,1
vllm,long_output,939,89.45,15.73,514.06,28,54.47,1
vllm,long_output,940,85.28,15.09,507.74,29,57.12,1
vllm,long_output,941,72.66,15.49,506.32,29,57.28,1
vllm,long_output,942,57.85,15.63,495.40,29,58.54,1
vllm,long_output,943,69.93,15.78,527.49,30,56.87,1
vllm,long_output,944,61.52,15.92,523.06,30,57.35,1
vllm,long_output,945,69.79,15.90,530.93,30,56.50,1
vllm,long_output,946,62.42,15.45,525.80,31,58.96,1
vllm,long_output,947,66.19,15.26,523.86,31,59.18,1
vllm,long_output,948,75.51,15.08,527.77,31,58.74,1
vllm,long_output,949,59.89,15.34,535.34,32,59.77,1
vllm,long_output,950,58.48,15.18,529.09,32,60.48,1
vllm,long_output,951,56.77,15.01,522.08,32,61.29,1
vllm,long_output,952,88.00,14.52,552.59,33,59.72,1
vllm,long_output,953,91.37,14.79,564.64,33,58.44,1
vllm,long_output,954,93.67,14.67,563.02,33,58.61,1
vllm,long_output,955,102.40,13.82,558.55,34,60.87,1
vllm,long_output,956,86.06,14.15,552.86,34,61.50,1
vllm,long_output,957,78.84,14.52,557.85,34,60.95,1
vllm,long_output,958,86.28,14.55,580.87,35,60.25,1
vllm,long_output,959,103.14,14.09,582.24,35,60.11,1
vllm,long_output,960,90.18,14.31,576.57,35,60.70,1
vllm,long_output,961,105.57,13.83,589.47,36,61.07,1
vllm,long_output,962,97.96,14.06,590.07,36,61.01,1
vllm,long_output,963,118.49,13.81,601.95,36,59.81,1
vllm,long_output,964,90.58,13.85,589.04,37,62.81,1
vllm,long_output,965,92.44,14.00,596.59,37,62.02,1
vllm,long_output,966,90.11,13.93,591.70,37,62.53,1
vllm,long_output,967,83.59,13.75,592.37,38,64.15,1
vllm,long_output,968,76.05,13.81,587.20,38,64.71,1
vllm,long_output,969,78.73,13.83,590.45,38,64.36,1
vllm,long_output,970,124.42,12.84,612.49,39,63.67,1
vllm,long_output,971,117.72,12.87,606.94,39,64.26,1
vllm,long_output,972,115.98,13.01,610.45,39,63.89,1
vllm,long_output,973,116.68,12.69,611.78,40,65.38,1
vllm,long_output,974,106.51,12.87,608.54,40,65.73,1
vllm,long_output,975,109.94,12.99,616.53,40,64.88,1
vllm,long_output,976,98.66,12.89,614.42,41,66.73,1
vllm,long_output,977,93.26,12.98,612.37,41,66.95,1
vllm,long_output,978,84.74,12.86,612.08,42,68.62,1
vllm,long_output,979,118.16,12.66,624.66,41,65.64,1
vllm,long_output,980,93.33,12.74,615.52,42,68.24,1
vllm,long_output,981,95.41,12.73,617.33,42,68.03,1
vllm,long_output,982,84.63,12.59,613.50,43,70.09,1
vllm,long_output,983,85.61,12.56,613.31,43,70.11,1
vllm,long_output,984,58.18,12.32,575.66,43,74.70,1
vllm,long_output,985,45.78,12.43,580.34,44,75.82,1
vllm,long_output,986,76.90,12.33,607.00,44,72.49,1
vllm,long_output,987,92.34,12.10,612.52,44,71.83,1
vllm,long_output,988,73.56,12.20,610.22,45,73.74,1
vllm,long_output,989,71.87,12.12,617.12,46,74.54,1
vllm,long_output,990,99.18,12.13,632.96,45,71.10,1
vllm,long_output,991,86.23,12.12,619.63,45,72.62,1
vllm,long_output,992,83.88,12.05,626.12,46,73.47,1
vllm,long_output,993,99.40,11.67,624.55,46,73.65,1
vllm,long_output,994,86.00,11.65,621.95,47,75.57,1
vllm,long_output,995,87.20,11.72,626.21,47,75.05,1
vllm,long_output,996,76.33,11.85,621.31,47,75.65,1
vllm,long_output,997,73.62,11.72,624.62,48,76.85,1
vllm,long_output,998,63.03,11.67,611.31,48,78.52,1
vllm,long_output,999,89.35,11.70,639.03,48,75.11,1
sglang,few_shot,0,1282.77,0.00,8505.91,1,0.12,1
sglang,few_shot,1,1265.20,0.00,8504.89,1,0.12,1
sglang,few_shot,2,1228.14,0.00,8476.59,1,0.12,1
sglang,few_shot,3,1217.09,0.00,8469.89,1,0.12,1
sglang,few_shot,4,1260.83,0.00,8519.07,1,0.12,1
sglang,few_shot,5,1194.46,0.00,8446.71,1,0.12,1
sglang,few_shot,6,1197.68,0.00,8429.31,1,0.12,1
sglang,few_shot,7,1251.02,0.00,8499.06,1,0.12,1
sglang,few_shot,8,1270.67,0.00,8533.28,1,0.12,1
sglang,few_shot,9,1205.21,0.00,8456.50,1,0.12,1
sglang,few_shot,10,1256.09,0.00,8515.69,1,0.12,1
sglang,few_shot,11,1258.99,0.00,8519.97,1,0.12,1
sglang,few_shot,12,1218.27,0.00,8474.06,1,0.12,1
sglang,few_shot,13,1212.98,0.00,8457.75,1,0.12,1
sglang,few_shot,14,1209.10,0.00,8457.48,1,0.12,1
sglang,few_shot,15,1232.92,0.00,8493.64,1,0.12,1
sglang,few_shot,16,1221.69,0.00,8473.68,1,0.12,1
sglang,few_shot,17,1226.95,0.00,8476.30,1,0.12,1
sglang,few_shot,18,1208.95,0.00,8470.19,1,0.12,1
sglang,few_shot,19,8092.01,342.79,8434.81,2,0.24,1
sglang,few_shot,20,1269.72,7274.67,8544.39,2,0.23,1
sglang,few_shot,21,1213.51,7269.25,8482.76,2,0.24,1
sglang,few_shot,22,1218.65,7251.00,8469.65,2,0.24,1
sglang,few_shot,23,1197.53,0.00,8450.31,1,0.12,1
sglang,few_shot,24,1266.23,0.00,8529.50,1,0.12,1
sglang,few_shot,25,1254.77,7273.33,8528.10,2,0.23,1
sglang,few_shot,26,1182.53,7268.47,8451.00,2,0.24,1
sglang,few_shot,27,1197.65,0.00,8462.94,1,0.12,1
sglang,few_shot,28,1196.81,0.00,8459.60,1,0.12,1
sglang,few_shot,29,1233.26,0.00,8503.30,1,0.12,1
sglang,few_shot,30,1212.39,0.00,8487.72,1,0.12,1
sglang,few_shot,31,1246.52,7270.38,8516.90,2,0.23,1
sglang,few_shot,32,1236.96,7291.08,8528.04,2,0.23,1
sglang,few_shot,33,1239.80,7287.17,8526.97,2,0.23,1
sglang,few_shot,34,1197.29,7279.38,8476.67,2,0.24,1
sglang,few_shot,35,1242.78,0.00,8513.19,1,0.12,1
sglang,few_shot,36,1259.37,7296.60,8555.97,2,0.23,1
sglang,few_shot,37,1208.51,7280.24,8488.75,2,0.24,1
sglang,few_shot,38,1264.40,0.00,8561.66,1,0.12,1
sglang,few_shot,39,1239.33,7272.29,8511.61,2,0.23,1
sglang,few_shot,40,1263.70,0.00,8549.44,1,0.12,1
sglang,few_shot,41,1003.69,7566.16,8569.85,2,0.23,1
sglang,few_shot,42,1217.13,0.00,8510.63,1,0.12,1
sglang,few_shot,43,1190.51,7292.07,8482.58,2,0.24,1
sglang,few_shot,44,1238.67,7280.81,8519.48,2,0.23,1
sglang,few_shot,45,1232.69,0.00,8527.63,1,0.12,1
sglang,few_shot,46,1243.29,7302.47,8545.77,2,0.23,1
sglang,few_shot,47,1212.07,0.00,8503.23,1,0.12,1
sglang,few_shot,48,1232.76,7287.63,8520.39,2,0.23,1
sglang,few_shot,49,1235.27,7307.97,8543.25,2,0.23,1
sglang,few_shot,50,1270.90,7313.52,8584.41,2,0.23,1
sglang,few_shot,51,1214.47,7295.49,8509.96,2,0.24,1
sglang,few_shot,52,1187.54,7288.69,8476.23,2,0.24,1
sglang,few_shot,53,1192.03,7295.52,8487.55,2,0.24,1
sglang,few_shot,54,1238.31,7318.39,8556.70,2,0.23,1
sglang,few_shot,55,8095.13,382.59,8477.71,2,0.24,1
sglang,few_shot,56,1207.68,7292.18,8499.86,2,0.24,1
sglang,few_shot,57,1234.46,7312.72,8547.17,2,0.23,1
sglang,few_shot,58,1200.54,7305.28,8505.82,2,0.24,1
sglang,few_shot,59,8099.49,0.00,8487.74,1,0.12,1
sglang,few_shot,60,1237.99,7316.15,8554.15,2,0.23,1
sglang,few_shot,61,1248.31,7295.77,8544.08,2,0.23,1
sglang,few_shot,62,1196.10,7307.31,8503.41,2,0.24,1
sglang,few_shot,63,1245.95,7326.09,8572.03,2,0.23,1
sglang,few_shot,64,386.01,0.00,386.27,1,2.59,1
sglang,few_shot,65,414.88,0.00,420.18,1,2.38,1
sglang,few_shot,66,371.51,0.00,393.15,1,2.54,1
sglang,few_shot,67,417.73,0.00,431.69,1,2.32,1
sglang,few_shot,68,380.78,0.00,414.17,1,2.41,1
sglang,few_shot,69,385.55,0.00,412.39,1,2.42,1
sglang,few_shot,70,366.52,0.00,375.88,1,2.66,1
sglang,few_shot,71,380.21,0.00,421.38,1,2.37,1
sglang,few_shot,72,350.06,0.00,385.10,1,2.60,1
sglang,few_shot,73,422.51,0.00,427.77,1,2.34,1
sglang,few_shot,74,371.41,0.00,381.17,1,2.62,1
sglang,few_shot,75,406.54,0.00,447.93,1,2.23,1
sglang,few_shot,76,394.39,0.00,442.36,1,2.26,1
sglang,few_shot,77,373.44,0.00,388.65,1,2.57,1
sglang,few_shot,78,369.73,0.00,394.01,1,2.54,1
sglang,few_shot,79,392.71,0.00,402.56,1,2.48,1
sglang,few_shot,80,403.24,0.00,403.51,1,2.48,1
sglang,few_shot,81,395.92,0.00,446.36,1,2.24,1
sglang,few_shot,82,370.56,0.00,405.04,1,2.47,1
sglang,few_shot,83,443.83,0.00,444.06,1,2.25,1
sglang,few_shot,84,412.55,0.00,456.04,1,2.19,1
sglang,few_shot,85,415.98,0.00,426.29,1,2.35,1
sglang,few_shot,86,382.65,0.00,440.63,1,2.27,1
sglang,few_shot,87,369.14,0.00,418.98,1,2.39,1
sglang,few_shot,88,358.52,0.00,393.81,1,2.54,1
sglang,few_shot,89,408.98,0.00,428.39,1,2.33,1
sglang,few_shot,90,382.06,0.00,440.94,1,2.27,1
sglang,few_shot,91,385.47,0.00,442.89,1,2.26,1
sglang,few_shot,92,438.91,0.00,453.23,1,2.21,1
sglang,few_shot,93,411.61,0.00,476.18,1,2.10,1
sglang,few_shot,94,368.62,0.00,431.52,1,2.32,1
sglang,few_shot,95,376.99,0.00,437.64,1,2.28,1
sglang,few_shot,96,448.87,0.00,482.46,1,2.07,1
sglang,few_shot,97,377.30,56.88,434.18,2,4.61,1
sglang,few_shot,98,385.28,64.60,449.88,2,4.45,1
sglang,few_shot,99,433.59,0.00,438.24,1,2.28,1
sglang,few_shot,100,372.31,0.00,425.37,1,2.35,1
sglang,few_shot,101,406.19,61.02,467.22,2,4.28,1
sglang,few_shot,102,363.55,52.46,416.01,2,4.81,1
sglang,few_shot,103,411.67,0.00,484.04,1,2.07,1
sglang,few_shot,104,411.34,0.00,493.93,1,2.02,1
sglang,few_shot,105,359.51,65.52,425.03,2,4.71,1
sglang,few_shot,106,406.80,62.37,469.18,2,4.26,1
sglang,few_shot,107,395.58,85.01,480.60,2,4.16,1
sglang,few_shot,108,457.83,20.91,478.75,2,4.18,1
sglang,few_shot,109,372.30,60.96,433.26,2,4.62,1
sglang,few_shot,110,377.27,69.65,446.93,2,4.48,1
sglang,few_shot,111,403.72,0.00,461.48,1,2.17,1
sglang,few_shot,112,421.01,71.05,492.07,2,4.06,1
sglang,few_shot,113,352.35,75.34,427.69,2,4.68,1
sglang,few_shot,114,439.85,0.00,453.82,1,2.20,1
sglang,few_shot,115,436.53,42.89,479.43,2,4.17,1
sglang,few_shot,116,354.67,83.72,438.39,2,4.56,1
sglang,few_shot,117,416.88,46.73,463.61,2,4.31,1
sglang,few_shot,118,354.79,102.24,457.03,2,4.38,1
sglang,few_shot,119,358.90,101.78,460.68,2,4.34,1
sglang,few_shot,120,351.62,95.57,447.19,2,4.47,1
sglang,few_shot,121,423.09,70.96,494.05,2,4.05,1
sglang,few_shot,122,373.99,102.92,476.92,2,4.19,1
sglang,few_shot,123,463.09,37.82,500.91,2,3.99,1
sglang,few_shot,124,366.47,89.92,456.39,2,4.38,1
sglang,few_shot,125,378.06,65.76,443.82,2,4.51,1
sglang,few_shot,126,362.01,96.27,458.29,2,4.36,1
sglang,few_shot,127,380.08,104.21,484.29,2,4.13,1
sglang,few_shot,128,117.79,0.00,179.09,1,5.58,1
sglang,few_shot,129,149.58,0.00,206.74,1,4.84,1
sglang,few_shot,130,121.17,0.00,148.94,1,6.71,1
sglang,few_shot,131,144.17,0.00,161.75,1,6.18,1
sglang,few_shot,132,150.02,0.00,215.75,1,4.63,1
sglang,few_shot,133,144.54,0.00,174.98,1,5.71,1
sglang,few_shot,134,202.20,0.00,225.64,1,4.43,1
sglang,few_shot,135,180.67,0.00,210.41,1,4.75,1
sglang,few_shot,136,155.19,0.00,177.16,1,5.64,1
sglang,few_shot,137,136.72,29.32,166.04,2,12.05,1
sglang,few_shot,138,155.88,0.00,186.77,1,5.35,1
sglang,few_shot,139,147.03,0.00,169.92,1,5.89,1
sglang,few_shot,140,111.71,0.00,216.93,1,4.61,1
sglang,few_shot,141,139.52,0.00,214.86,1,4.65,1
sglang,few_shot,142,191.54,0.00,223.06,1,4.48,1
sglang,few_shot,143,149.24,0.00,189.81,1,5.27,1
sglang,few_shot,144,102.01,77.89,179.90,2,11.12,1
sglang,few_shot,145,163.76,26.94,190.70,2,10.49,1
sglang,few_shot,146,160.20,0.00,207.21,1,4.83,1
sglang,few_shot,147,102.91,0.00,187.12,1,5.34,1
sglang,few_shot,148,95.54,82.99,178.53,2,11.20,1
sglang,few_shot,149,213.52,0.24,214.00,3,14.02,0
sglang,few_shot,150,164.47,0.00,203.81,1,4.91,1
sglang,few_shot,151,175.44,85.36,260.81,2,7.67,1
sglang,few_shot,152,126.55,42.61,169.16,2,11.82,1
sglang,few_shot,153,171.89,58.37,230.25,2,8.69,1
sglang,few_shot,154,156.23,0.00,246.14,1,4.06,1
sglang,few_shot,155,156.93,60.94,217.87,2,9.18,1
sglang,few_shot,156,118.79,60.11,178.90,2,11.18,1
sglang,few_shot,157,142.89,44.68,187.56,2,10.66,1
sglang,few_shot,158,201.69,0.00,201.94,1,4.95,1
sglang,few_shot,159,132.35,0.00,179.27,1,5.58,1
sglang,few_shot,160,146.47,0.00,211.84,1,4.72,1
sglang,few_shot,161,146.06,62.83,208.90,2,9.57,1
sglang,few_shot,162,153.37,98.42,251.80,2,7.94,1
sglang,few_shot,163,116.01,60.94,176.95,2,11.30,1
sglang,few_shot,164,139.21,0.00,241.03,1,4.15,1
sglang,few_shot,165,132.01,0.00,188.64,1,5.30,1
sglang,few_shot,166,159.68,69.37,229.05,2,8.73,1
sglang,few_shot,167,175.46,0.00,237.80,1,4.21,1
sglang,few_shot,168,124.29,0.00,190.34,1,5.25,1
sglang,few_shot,169,157.02,0.00,196.69,1,5.08,1
sglang,few_shot,170,161.10,74.44,235.54,2,8.49,1
sglang,few_shot,171,116.51,115.46,231.98,2,8.62,1
sglang,few_shot,172,177.45,74.03,251.48,2,7.95,1
sglang,few_shot,173,170.79,72.96,243.74,2,8.21,1
sglang,few_shot,174,208.76,30.03,238.79,2,8.38,1
sglang,few_shot,175,211.96,40.03,251.99,2,7.94,1
sglang,few_shot,176,138.54,118.03,256.57,2,7.80,1
sglang,few_shot,177,135.23,0.00,208.47,1,4.80,1
sglang,few_shot,178,153.49,0.00,235.76,1,4.24,1
sglang,few_shot,179,184.59,82.41,267.00,2,7.49,1
sglang,few_shot,180,138.43,87.60,226.03,2,8.85,1
sglang,few_shot,181,136.16,80.52,216.68,2,9.23,1
sglang,few_shot,182,140.55,69.36,209.91,2,9.53,1
sglang,few_shot,183,138.61,0.00,217.82,1,4.59,1
sglang,few_shot,184,128.34,0.00,203.51,1,4.91,1
sglang,few_shot,185,131.07,0.00,200.22,1,4.99,1
sglang,few_shot,186,140.48,80.18,220.66,2,9.06,1
sglang,few_shot,187,185.61,80.61,266.22,2,7.51,1
sglang,few_shot,188,129.42,83.01,212.43,2,9.42,1
sglang,few_shot,189,203.23,14.53,217.76,2,9.18,1
sglang,few_shot,190,174.83,82.43,257.27,2,7.77,1
sglang,few_shot,191,235.45,0.00,235.66,1,4.24,1
sglang,few_shot,192,130.83,0.00,197.39,1,5.07,1
sglang,few_shot,193,92.96,0.00,152.41,1,6.56,1
sglang,few_shot,194,159.70,0.00,184.95,1,5.41,1
sglang,few_shot,195,171.29,0.00,187.94,1,5.32,1
sglang,few_shot,196,133.06,0.00,144.79,1,6.91,1
sglang,few_shot,197,125.25,23.61,148.86,2,13.44,1
sglang,few_shot,198,143.26,0.00,172.74,1,5.79,1
sglang,few_shot,199,128.37,0.00,201.55,1,4.96,1
sglang,few_shot,200,139.00,0.00,215.74,1,4.64,1
sglang,few_shot,201,182.98,0.00,213.23,1,4.69,1
sglang,few_shot,202,176.36,0.00,203.34,1,4.92,1
sglang,few_shot,203,84.11,0.00,162.65,1,6.15,1
sglang,few_shot,204,154.47,0.00,197.18,1,5.07,1
sglang,few_shot,205,179.64,0.00,199.23,1,5.02,1
sglang,few_shot,206,169.99,0.00,180.30,1,5.55,1
sglang,few_shot,207,148.20,0.00,186.99,1,5.35,1
sglang,few_shot,208,149.47,0.00,235.74,1,4.24,1
sglang,few_shot,209,154.75,0.00,195.11,1,5.13,1
sglang,few_shot,210,190.00,0.00,218.91,1,4.57,1
sglang,few_shot,211,150.87,86.03,236.90,2,8.44,1
sglang,few_shot,212,145.79,0.00,185.15,1,5.40,1
sglang,few_shot,213,145.38,0.00,236.53,1,4.23,1
sglang,few_shot,214,127.79,35.03,162.82,2,12.28,1
sglang,few_shot,215,147.56,30.52,178.08,2,11.23,1
sglang,few_shot,216,137.36,38.04,175.40,2,11.40,1
sglang,few_shot,217,145.62,90.87,236.49,2,8.46,1
sglang,few_shot,218,141.57,91.29,232.86,2,8.59,1
sglang,few_shot,219,216.65,0.00,226.98,1,4.41,1
sglang,few_shot,220,130.98,92.62,223.60,2,8.94,1
sglang,few_shot,221,128.18,54.00,182.18,2,10.98,1
sglang,few_shot,222,125.12,0.00,221.63,1,4.51,1
sglang,few_shot,223,147.75,0.00,248.90,1,4.02,1
sglang,few_shot,224,149.24,59.98,209.22,2,9.56,1
sglang,few_shot,225,162.36,0.00,211.27,1,4.73,1
sglang,few_shot,226,142.71,0.00,244.88,1,4.08,1
sglang,few_shot,227,180.85,54.02,234.88,2,8.52,1
sglang,few_shot,228,120.20,0.00,187.22,1,5.34,1
sglang,few_shot,229,171.08,0.00,201.11,1,4.97,1
sglang,few_shot,230,144.31,0.00,204.01,1,4.90,1
sglang,few_shot,231,65.46,0.00,203.72,1,4.91,1
sglang,few_shot,232,125.94,0.00,185.36,1,5.39,1
sglang,few_shot,233,190.63,0.00,257.47,1,3.88,1
sglang,few_shot,234,166.32,0.00,225.91,1,4.43,1
sglang,few_shot,235,139.81,76.71,216.53,2,9.24,1
sglang,few_shot,236,182.68,77.04,259.72,2,7.70,1
sglang,few_shot,237,110.26,117.41,227.67,2,8.78,1
sglang,few_shot,238,154.20,69.93,224.13,2,8.92,1
sglang,few_shot,239,137.41,63.35,200.76,2,9.96,1
sglang,few_shot,240,240.49,0.00,254.87,1,3.92,1
sglang,few_shot,241,144.31,68.18,212.48,2,9.41,1
sglang,few_shot,242,171.85,65.11,236.96,2,8.44,1
sglang,few_shot,243,132.27,0.00,197.19,1,5.07,1
sglang,few_shot,244,134.08,83.63,217.71,2,9.19,1
sglang,few_shot,245,151.88,0.00,226.79,1,4.41,1
sglang,few_shot,246,156.73,0.00,243.62,1,4.10,1
sglang,few_shot,247,172.54,0.00,248.42,1,4.03,1
sglang,few_shot,248,167.55,0.00,235.84,1,4.24,1
sglang,few_shot,249,182.03,0.00,270.08,1,3.70,1
sglang,few_shot,250,176.46,92.18,268.64,2,7.44,1
sglang,few_shot,251,222.71,0.00,254.49,1,3.93,1
sglang,few_shot,252,212.91,0.00,221.33,1,4.52,1
sglang,few_shot,253,140.05,86.30,226.35,2,8.84,1
sglang,few_shot,254,149.52,90.53,240.06,2,8.33,1
sglang,few_shot,255,117.79,93.48,211.27,2,9.47,1
sglang,few_shot,256,145.19,0.00,195.54,1,5.11,1
sglang,few_shot,257,107.01,0.00,152.45,1,6.56,1
sglang,few_shot,258,136.33,0.00,179.25,1,5.58,1
sglang,few_shot,259,129.58,0.00,188.92,1,5.29,1
sglang,few_shot,260,145.39,0.00,204.62,1,4.89,1
sglang,few_shot,261,131.24,0.00,188.70,1,5.30,1
sglang,few_shot,262,134.91,0.00,150.65,1,6.64,1
sglang,few_shot,263,160.82,0.00,213.34,1,4.69,1
sglang,few_shot,264,124.24,0.00,187.45,1,5.33,1
sglang,few_shot,265,121.44,0.00,176.54,1,5.66,1
sglang,few_shot,266,140.49,27.37,167.85,2,11.92,1
sglang,few_shot,267,130.42,0.00,201.19,1,4.97,1
sglang,few_shot,268,127.60,0.00,234.51,1,4.26,1
sglang,few_shot,269,172.80,38.63,211.44,2,9.46,1
sglang,few_shot,270,161.06,29.66,190.72,2,10.49,1
sglang,few_shot,271,140.04,0.00,187.32,1,5.34,1
sglang,few_shot,272,157.21,0.00,200.21,1,4.99,1
sglang,few_shot,273,144.56,0.00,185.90,1,5.38,1
sglang,few_shot,274,179.66,0.00,219.55,1,4.55,1
sglang,few_shot,275,160.59,23.90,208.38,3,14.40,1
sglang,few_shot,276,175.75,0.00,246.27,1,4.06,1
sglang,few_shot,277,173.45,0.00,244.46,1,4.09,1
sglang,few_shot,278,144.24,0.00,178.77,1,5.59,1
sglang,few_shot,279,156.32,49.42,205.74,2,9.72,1
sglang,few_shot,280,145.31,0.00,198.14,1,5.05,1
sglang,few_shot,281,130.91,0.00,186.02,1,5.38,1
sglang,few_shot,282,186.55,0.00,241.99,1,4.13,1
sglang,few_shot,283,145.09,44.48,189.57,2,10.55,1
sglang,few_shot,284,134.77,0.00,181.15,1,5.52,1
sglang,few_shot,285,162.14,0.00,205.51,1,4.87,1
sglang,few_shot,286,185.69,58.31,244.00,2,8.20,1
sglang,few_shot,287,125.97,92.41,218.38,2,9.16,1
sglang,few_shot,288,184.97,0.00,232.51,1,4.30,1
sglang,few_shot,289,150.71,0.00,246.01,1,4.06,1
sglang,few_shot,290,146.39,0.00,207.81,1,4.81,1
sglang,few_shot,291,148.37,69.10,217.47,2,9.20,1
sglang,few_shot,292,171.56,0.00,225.43,1,4.44,1
sglang,few_shot,293,179.70,0.00,240.16,1,4.16,1
sglang,few_shot,294,192.29,0.00,245.09,1,4.08,1
sglang,few_shot,295,152.14,56.04,208.18,2,9.61,1
sglang,few_shot,296,185.11,20.04,245.23,4,16.31,1
sglang,few_shot,297,187.11,73.18,260.29,2,7.68,1
sglang,few_shot,298,136.89,0.00,212.57,1,4.70,1
sglang,few_shot,299,160.56,64.57,225.14,2,8.88,1
sglang,few_shot,300,161.55,105.87,267.42,2,7.48,1
sglang,few_shot,301,139.56,0.00,203.07,1,4.92,1
sglang,few_shot,302,183.63,0.00,256.66,1,3.90,1
sglang,few_shot,303,151.18,113.46,264.63,2,7.56,1
sglang,few_shot,304,204.82,71.23,276.04,2,7.25,1
sglang,few_shot,305,147.25,0.00,231.73,1,4.32,1
sglang,few_shot,306,143.66,104.27,247.93,2,8.07,1
sglang,few_shot,307,167.95,0.00,273.62,1,3.65,1
sglang,few_shot,308,136.33,0.00,213.63,1,4.68,1
sglang,few_shot,309,116.31,104.84,221.15,2,9.04,1
sglang,few_shot,310,165.31,88.98,254.29,2,7.87,1
sglang,few_shot,311,170.60,0.00,252.22,1,3.96,1
sglang,few_shot,312,142.74,123.38,266.11,2,7.52,1
sglang,few_shot,313,142.04,85.37,227.41,2,8.79,1
sglang,few_shot,314,133.00,81.36,214.37,2,9.33,1
sglang,few_shot,315,109.20,125.59,234.79,2,8.52,1
sglang,few_shot,316,133.29,0.00,218.70,1,4.57,1
sglang,few_shot,317,146.33,115.76,262.09,2,7.63,0
sglang,few_shot,318,174.68,92.48,267.16,2,7.49,1
sglang,few_shot,319,184.63,15.96,280.41,7,24.96,0
sglang,few_shot,320,156.06,0.00,183.30,1,5.46,1
sglang,few_shot,321,144.38,0.00,160.53,1,6.23,1
sglang,few_shot,322,108.51,0.00,168.84,1,5.92,1
sglang,few_shot,323,137.14,0.00,155.48,1,6.43,1
sglang,few_shot,324,110.38,0.00,138.34,1,7.23,1
sglang,few_shot,325,107.73,0.00,175.45,1,5.70,1
sglang,few_shot,326,95.67,70.86,166.53,2,12.01,1
sglang,few_shot,327,117.30,0.00,152.10,1,6.57,1
sglang,few_shot,328,163.68,0.00,204.22,1,4.90,1
sglang,few_shot,329,134.36,0.00,209.10,1,4.78,1
sglang,few_shot,330,146.78,0.00,183.74,1,5.44,1
sglang,few_shot,331,119.91,0.00,151.25,1,6.61,1
sglang,few_shot,332,180.87,0.00,195.84,1,5.11,1
sglang,few_shot,333,168.20,45.97,214.17,2,9.34,0
sglang,few_shot,334,148.08,0.00,186.49,1,5.36,1
sglang,few_shot,335,130.92,0.00,177.16,1,5.64,1
sglang,few_shot,336,164.57,0.00,174.83,1,5.72,1
sglang,few_shot,337,144.69,0.00,165.05,1,6.06,1
sglang,few_shot,338,151.67,11.60,186.48,4,21.45,0
sglang,few_shot,339,180.08,33.99,214.06,2,9.34,1
sglang,few_shot,340,159.25,31.05,190.29,2,10.51,1
sglang,few_shot,341,121.39,40.95,162.34,2,12.32,1
sglang,few_shot,342,128.62,53.76,182.38,2,10.97,1
sglang,few_shot,343,120.62,12.28,169.74,5,29.46,1
sglang,few_shot,344,139.41,42.60,182.01,2,10.99,1
sglang,few_shot,345,110.52,46.43,156.95,2,12.74,1
sglang,few_shot,346,143.84,46.12,189.96,2,10.53,1
sglang,few_shot,347,159.54,60.95,220.49,2,9.07,1
sglang,few_shot,348,156.42,39.90,196.32,2,10.19,1
sglang,few_shot,349,151.35,58.41,209.76,2,9.53,1
sglang,few_shot,350,143.58,0.00,174.07,1,5.74,1
sglang,few_shot,351,159.41,0.00,220.77,1,4.53,1
sglang,few_shot,352,142.05,59.47,201.52,2,9.92,1
sglang,few_shot,353,167.91,48.85,216.76,2,9.23,1
sglang,few_shot,354,117.78,52.63,170.41,2,11.74,1
sglang,few_shot,355,178.12,0.00,227.45,1,4.40,1
sglang,few_shot,356,142.59,104.57,247.16,2,8.09,1
sglang,few_shot,357,120.90,0.00,190.80,1,5.24,1
sglang,few_shot,358,115.40,0.00,221.28,1,4.52,1
sglang,few_shot,359,113.83,0.00,179.48,1,5.57,1
sglang,few_shot,360,152.26,0.00,227.33,1,4.40,1
sglang,few_shot,361,137.81,111.40,249.22,2,8.03,1
sglang,few_shot,362,128.28,0.00,199.47,1,5.01,1
sglang,few_shot,363,144.91,78.78,223.69,2,8.94,1
sglang,few_shot,364,123.10,0.00,182.83,1,5.47,1
sglang,few_shot,365,149.14,82.10,231.23,2,8.65,1
sglang,few_shot,366,106.22,0.00,252.20,1,3.97,1
sglang,few_shot,367,123.68,0.00,189.25,1,5.28,1
sglang,few_shot,368,170.16,0.00,239.80,1,4.17,1
sglang,few_shot,369,132.03,0.00,195.29,1,5.12,1
sglang,few_shot,370,178.31,0.00,259.95,1,3.85,1
sglang,few_shot,371,172.81,75.44,248.25,2,8.06,1
sglang,few_shot,372,189.95,0.00,227.70,1,4.39,1
sglang,few_shot,373,159.47,0.00,188.04,1,5.32,1
sglang,few_shot,374,127.68,83.19,210.87,2,9.48,1
sglang,few_shot,375,136.49,0.00,217.65,1,4.59,1
sglang,few_shot,376,92.07,123.84,215.91,2,9.26,1
sglang,few_shot,377,115.03,0.00,240.79,1,4.15,1
sglang,few_shot,378,128.09,80.58,208.66,2,9.58,1
sglang,few_shot,379,127.14,0.00,259.83,1,3.85,1
sglang,few_shot,380,129.78,0.00,216.66,1,4.62,1
sglang,few_shot,381,124.44,0.00,214.11,1,4.67,1
sglang,few_shot,382,117.21,135.95,253.17,2,7.90,1
sglang,few_shot,383,141.54,103.82,245.36,2,8.15,1
sglang,few_shot,384,160.32,0.00,205.52,1,4.87,1
sglang,few_shot,385,111.30,0.00,186.29,1,5.37,1
sglang,few_shot,386,183.50,0.00,223.90,1,4.47,1
sglang,few_shot,387,124.29,0.00,205.52,1,4.87,1
sglang,few_shot,388,110.98,0.00,191.74,1,5.22,1
sglang,few_shot,389,107.46,0.00,163.51,1,6.12,1
sglang,few_shot,390,158.14,0.00,174.68,1,5.72,1
sglang,few_shot,391,129.06,0.00,178.84,1,5.59,1
sglang,few_shot,392,97.35,0.00,211.57,1,4.73,1
sglang,few_shot,393,120.50,0.00,176.48,1,5.67,1
sglang,few_shot,394,133.17,0.00,161.94,1,6.18,1
sglang,few_shot,395,176.78,0.00,203.57,1,4.91,1
sglang,few_shot,396,136.52,0.00,169.72,1,5.89,1
sglang,few_shot,397,162.70,0.00,199.60,1,5.01,1
sglang,few_shot,398,137.69,0.00,164.44,1,6.08,1
sglang,few_shot,399,193.45,0.00,225.95,1,4.43,1
sglang,few_shot,400,128.09,0.00,225.36,1,4.44,1
sglang,few_shot,401,165.54,0.00,225.60,1,4.43,1
sglang,few_shot,402,154.92,0.00,191.04,1,5.23,1
sglang,few_shot,403,162.34,31.05,193.38,2,10.34,1
sglang,few_shot,404,152.12,0.00,215.02,1,4.65,1
sglang,few_shot,405,184.71,0.00,229.19,1,4.36,1
sglang,few_shot,406,126.43,0.00,193.56,1,5.17,1
sglang,few_shot,407,163.73,0.00,203.72,1,4.91,1
sglang,few_shot,408,146.49,0.00,212.57,1,4.70,1
sglang,few_shot,409,105.56,76.56,182.12,2,10.98,1
sglang,few_shot,410,149.37,0.00,196.31,1,5.09,1
sglang,few_shot,411,188.83,49.70,238.53,2,8.38,0
sglang,few_shot,412,129.53,71.73,201.27,2,9.94,1
sglang,few_shot,413,172.73,0.00,253.14,1,3.95,1
sglang,few_shot,414,182.32,0.00,230.40,1,4.34,1
sglang,few_shot,415,118.01,0.00,232.94,1,4.29,1
sglang,few_shot,416,109.66,81.04,190.70,2,10.49,1
sglang,few_shot,417,178.27,0.00,240.07,1,4.17,1
sglang,few_shot,418,138.59,60.06,198.65,2,10.07,1
sglang,few_shot,419,128.84,57.64,186.48,2,10.73,1
sglang,few_shot,420,97.85,122.67,220.52,2,9.07,1
sglang,few_shot,421,142.60,64.99,207.59,2,9.63,1
sglang,few_shot,422,172.72,0.00,226.41,1,4.42,1
sglang,few_shot,423,135.87,0.00,199.56,1,5.01,1
sglang,few_shot,424,161.87,98.66,260.53,2,7.68,1
sglang,few_shot,425,151.97,71.24,223.22,2,8.96,1
sglang,few_shot,426,157.18,90.23,247.41,2,8.08,1
sglang,few_shot,427,130.67,98.56,229.23,2,8.72,1
sglang,few_shot,428,128.84,126.61,255.45,2,7.83,1
sglang,few_shot,429,97.85,128.67,226.53,2,8.83,0
sglang,few_shot,430,138.25,66.21,204.46,2,9.78,1
sglang,few_shot,431,134.40,107.08,241.48,2,8.28,1
sglang,few_shot,432,135.78,135.34,271.11,2,7.38,1
sglang,few_shot,433,109.64,110.78,220.42,2,9.07,1
sglang,few_shot,434,111.00,104.91,215.91,2,9.26,1
sglang,few_shot,435,131.69,109.44,241.12,2,8.29,1
sglang,few_shot,436,141.79,101.94,243.73,2,8.21,1
sglang,few_shot,437,156.68,0.00,242.28,1,4.13,1
sglang,few_shot,438,164.22,110.25,274.47,2,7.29,1
sglang,few_shot,439,201.87,79.25,281.12,2,7.11,1
sglang,few_shot,440,137.31,78.21,215.52,2,9.28,0
sglang,few_shot,441,120.46,110.73,231.20,2,8.65,1
sglang,few_shot,442,140.99,89.89,230.89,2,8.66,1
sglang,few_shot,443,123.14,108.31,231.45,2,8.64,1
sglang,few_shot,444,148.89,116.60,265.50,2,7.53,1
sglang,few_shot,445,135.45,83.87,219.32,2,9.12,1
sglang,few_shot,446,152.83,120.89,273.72,2,7.31,1
sglang,few_shot,447,158.43,94.53,252.96,2,7.91,1
sglang,few_shot,448,104.57,0.00,164.81,1,6.07,1
sglang,few_shot,449,159.88,0.00,190.29,1,5.26,1
sglang,few_shot,450,135.99,0.00,165.37,1,6.05,1
sglang,few_shot,451,126.36,0.00,147.71,1,6.77,1
sglang,few_shot,452,192.33,0.00,208.29,1,4.80,1
sglang,few_shot,453,169.52,0.00,208.13,1,4.80,1
sglang,few_shot,454,141.87,0.00,217.04,1,4.61,1
sglang,few_shot,455,187.05,0.00,202.14,1,4.95,1
sglang,few_shot,456,126.89,24.52,151.41,2,13.21,0
sglang,few_shot,457,160.77,0.00,194.18,1,5.15,1
sglang,few_shot,458,163.96,0.00,206.38,1,4.85,1
sglang,few_shot,459,126.38,0.00,148.63,1,6.73,1
sglang,few_shot,460,165.62,0.00,187.02,1,5.35,1
sglang,few_shot,461,172.74,0.00,216.68,1,4.62,1
sglang,few_shot,462,118.91,0.00,205.64,1,4.86,1
sglang,few_shot,463,155.35,0.00,175.19,1,5.71,1
sglang,few_shot,464,131.71,0.00,180.87,1,5.53,1
sglang,few_shot,465,164.42,0.00,206.46,1,4.84,1
sglang,few_shot,466,114.28,0.00,169.30,1,5.91,1
sglang,few_shot,467,142.66,30.94,173.59,2,11.52,0
sglang,few_shot,468,125.29,57.89,183.18,2,10.92,1
sglang,few_shot,469,160.30,47.71,208.01,2,9.61,1
sglang,few_shot,470,113.40,0.00,175.79,1,5.69,1
sglang,few_shot,471,107.45,0.00,228.98,1,4.37,1
sglang,few_shot,472,121.06,0.00,159.25,1,6.28,1
sglang,few_shot,473,127.39,54.85,182.24,2,10.97,1
sglang,few_shot,474,141.20,0.00,199.12,1,5.02,1
sglang,few_shot,475,147.71,56.81,204.53,2,9.78,1
sglang,few_shot,476,114.50,100.81,215.31,2,9.29,1
sglang,few_shot,477,121.45,104.92,226.37,2,8.84,1
sglang,few_shot,478,163.07,40.65,203.72,2,9.82,1
sglang,few_shot,479,122.53,0.00,181.28,1,5.52,1
sglang,few_shot,480,146.42,0.00,201.06,1,4.97,1
sglang,few_shot,481,116.10,56.69,172.78,2,11.58,1
sglang,few_shot,482,130.67,63.68,194.35,2,10.29,1
sglang,few_shot,483,164.75,0.00,233.57,1,4.28,1
sglang,few_shot,484,156.45,51.52,207.97,2,9.62,1
sglang,few_shot,485,158.87,0.00,227.30,1,4.40,1
sglang,few_shot,486,158.98,0.00,240.29,1,4.16,1
sglang,few_shot,487,129.37,63.02,192.39,2,10.40,1
sglang,few_shot,488,144.68,60.14,204.82,2,9.76,1
sglang,few_shot,489,123.24,59.46,182.70,2,10.95,1
sglang,few_shot,490,140.99,86.08,227.07,2,8.81,1
sglang,few_shot,491,97.10,0.00,216.10,1,4.63,1
sglang,few_shot,492,165.91,63.82,229.73,2,8.71,1
sglang,few_shot,493,133.10,83.94,217.04,2,9.21,1
sglang,few_shot,494,123.83,68.04,191.87,2,10.42,1
sglang,few_shot,495,151.17,51.03,202.19,2,9.89,1
sglang,few_shot,496,138.92,70.45,209.37,2,9.55,1
sglang,few_shot,497,153.96,0.00,237.40,1,4.21,1
sglang,few_shot,498,173.01,0.00,264.88,1,3.78,1
sglang,few_shot,499,162.21,78.14,240.35,2,8.32,1
sglang,few_shot,500,123.36,0.00,200.47,1,4.99,1
sglang,few_shot,501,126.65,94.36,221.01,2,9.05,1
sglang,few_shot,502,129.65,73.97,203.62,2,9.82,1
sglang,few_shot,503,118.44,101.71,220.15,2,9.08,1
sglang,few_shot,504,119.19,78.79,197.98,2,10.10,1
sglang,few_shot,505,142.87,92.76,235.63,2,8.49,1
sglang,few_shot,506,119.35,135.30,254.65,2,7.85,1
sglang,few_shot,507,167.78,97.87,265.65,2,7.53,1
sglang,few_shot,508,168.01,77.76,245.77,2,8.14,1
sglang,few_shot,509,169.07,0.00,259.39,1,3.86,1
sglang,few_shot,510,139.27,141.90,281.17,2,7.11,1
sglang,few_shot,511,138.88,144.20,283.07,2,7.07,1
sglang,few_shot,512,125.23,0.00,175.04,1,5.71,1
sglang,few_shot,513,144.19,0.00,199.26,1,5.02,1
sglang,few_shot,514,152.38,0.00,162.38,1,6.16,1
sglang,few_shot,515,138.95,0.00,166.29,1,6.01,1
sglang,few_shot,516,149.77,0.00,161.52,1,6.19,1
sglang,few_shot,517,130.26,0.00,186.13,1,5.37,1
sglang,few_shot,518,135.81,0.00,189.14,1,5.29,1
sglang,few_shot,519,136.95,0.00,160.26,1,6.24,1
sglang,few_shot,520,137.63,0.00,162.27,1,6.16,1
sglang,few_shot,521,110.09,65.95,176.05,2,11.36,1
sglang,few_shot,522,123.84,0.00,154.45,1,6.47,1
sglang,few_shot,523,148.77,0.00,205.38,1,4.87,1
sglang,few_shot,524,197.61,0.00,222.98,1,4.48,1
sglang,few_shot,525,144.66,71.35,216.00,2,9.26,0
sglang,few_shot,526,112.09,0.00,177.52,1,5.63,1
sglang,few_shot,527,174.56,0.00,193.97,1,5.16,1
sglang,few_shot,528,135.03,0.00,203.45,1,4.92,1
sglang,few_shot,529,119.43,0.00,165.37,1,6.05,1
sglang,few_shot,530,122.20,0.00,154.96,1,6.45,1
sglang,few_shot,531,128.56,44.22,172.78,2,11.58,1
sglang,few_shot,532,185.78,0.00,222.52,1,4.49,1
sglang,few_shot,533,153.06,77.65,230.71,2,8.67,1
sglang,few_shot,534,121.67,44.67,166.34,2,12.02,1
sglang,few_shot,535,166.85,0.00,210.53,1,4.75,1
sglang,few_shot,536,116.78,0.00,199.33,1,5.02,1
sglang,few_shot,537,159.10,78.49,237.59,2,8.42,0
sglang,few_shot,538,159.87,0.00,205.82,1,4.86,1
sglang,few_shot,539,157.45,0.00,202.88,1,4.93,1
sglang,few_shot,540,126.95,118.33,245.27,2,8.15,1
sglang,few_shot,541,149.25,81.67,230.93,2,8.66,1
sglang,few_shot,542,112.99,81.39,194.38,2,10.29,1
sglang,few_shot,543,136.50,0.00,184.44,1,5.42,1
sglang,few_shot,544,108.81,0.00,193.48,1,5.17,1
sglang,few_shot,545,165.53,0.00,213.17,1,4.69,1
sglang,few_shot,546,182.28,0.00,247.45,1,4.04,1
sglang,few_shot,547,172.27,56.45,228.72,2,8.74,1
sglang,few_shot,548,133.52,0.00,183.37,1,5.45,1
sglang,few_shot,549,171.01,0.00,234.67,1,4.26,1
sglang,few_shot,550,146.04,92.67,238.71,2,8.38,1
sglang,few_shot,551,173.90,0.00,242.20,1,4.13,1
sglang,few_shot,552,153.13,0.00,223.24,1,4.48,1
sglang,few_shot,553,154.33,0.00,206.20,1,4.85,1
sglang,few_shot,554,166.71,98.43,265.14,2,7.54,1
sglang,few_shot,555,124.39,105.41,229.80,2,8.70,1
sglang,few_shot,556,147.27,73.27,220.54,2,9.07,1
sglang,few_shot,557,167.76,70.30,238.06,2,8.40,1
sglang,few_shot,558,167.02,74.23,241.25,2,8.29,1
sglang,few_shot,559,128.36,0.00,226.07,1,4.42,1
sglang,few_shot,560,146.31,58.76,205.07,2,9.75,0
sglang,few_shot,561,142.02,61.83,203.85,2,9.81,1
sglang,few_shot,562,156.56,0.00,222.43,1,4.50,1
sglang,few_shot,563,182.79,0.00,260.10,1,3.84,1
sglang,few_shot,564,110.17,103.13,213.30,2,9.38,1
sglang,few_shot,565,123.39,82.20,205.59,2,9.73,1
sglang,few_shot,566,141.10,84.51,225.61,2,8.86,1
sglang,few_shot,567,117.30,115.05,232.34,2,8.61,1
sglang,few_shot,568,149.80,116.65,266.45,2,7.51,1
sglang,few_shot,569,136.56,0.00,256.95,1,3.89,1
sglang,few_shot,570,166.53,86.04,252.57,2,7.92,1
sglang,few_shot,571,124.19,82.51,206.70,2,9.68,1
sglang,few_shot,572,126.02,86.83,212.85,2,9.40,1
sglang,few_shot,573,133.51,0.00,217.53,1,4.60,1
sglang,few_shot,574,187.76,91.04,278.80,2,7.17,1
sglang,few_shot,575,163.66,86.93,250.59,2,7.98,1
sglang,few_shot,576,105.08,0.00,169.71,1,5.89,1
sglang,few_shot,577,151.72,0.00,193.50,1,5.17,1
sglang,few_shot,578,130.01,0.00,181.50,1,5.51,1
sglang,few_shot,579,154.63,0.00,208.18,1,4.80,1
sglang,few_shot,580,183.13,0.00,211.61,1,4.73,1
sglang,few_shot,581,159.52,0.00,186.22,1,5.37,1
sglang,few_shot,582,151.25,0.00,200.17,1,5.00,1
sglang,few_shot,583,130.10,0.00,181.92,1,5.50,1
sglang,few_shot,584,137.06,0.00,164.63,1,6.07,1
sglang,few_shot,585,128.10,0.00,210.80,1,4.74,1
sglang,few_shot,586,127.73,0.00,164.50,1,6.08,1
sglang,few_shot,587,123.03,0.00,178.64,1,5.60,1
sglang,few_shot,588,154.85,24.16,179.01,2,11.17,1
sglang,few_shot,589,153.69,0.00,191.99,1,5.21,1
sglang,few_shot,590,124.88,0.00,211.85,1,4.72,1
sglang,few_shot,591,132.47,0.00,173.88,1,5.75,1
sglang,few_shot,592,163.01,63.39,226.40,2,8.83,1
sglang,few_shot,593,157.26,0.00,222.51,1,4.49,1
sglang,few_shot,594,188.67,41.37,230.04,2,8.69,1
sglang,few_shot,595,115.76,0.00,209.37,1,4.78,1
sglang,few_shot,596,147.53,33.28,180.80,2,11.06,1
sglang,few_shot,597,126.43,0.00,172.69,1,5.79,1
sglang,few_shot,598,134.61,0.00,200.68,1,4.98,1
sglang,few_shot,599,65.93,128.69,194.63,2,10.28,1
sglang,few_shot,600,153.33,66.73,220.06,2,9.09,1
sglang,few_shot,601,101.84,0.00,174.64,1,5.73,1
sglang,few_shot,602,120.27,80.35,200.61,2,9.97,1
sglang,few_shot,603,85.98,104.57,190.55,2,10.50,1
sglang,few_shot,604,133.19,0.00,180.58,1,5.54,1
sglang,few_shot,605,123.00,0.00,201.46,1,4.96,1
sglang,few_shot,606,139.40,45.49,184.89,2,10.82,1
sglang,few_shot,607,115.27,108.19,223.46,2,8.95,1
sglang,few_shot,608,118.18,57.36,175.54,2,11.39,1
sglang,few_shot,609,178.18,50.06,228.24,2,8.76,1
sglang,few_shot,610,128.59,0.00,186.05,1,5.38,1
sglang,few_shot,611,116.07,115.44,231.51,2,8.64,1
sglang,few_shot,612,130.77,0.00,185.17,1,5.40,1
sglang,few_shot,613,166.33,0.00,255.81,1,3.91,1
sglang,few_shot,614,157.72,56.19,213.92,2,9.35,1
sglang,few_shot,615,110.57,120.57,231.14,2,8.65,1
sglang,few_shot,616,150.82,0.00,209.84,1,4.77,1
sglang,few_shot,617,144.58,0.00,209.84,1,4.77,1
sglang,few_shot,618,120.79,88.58,209.37,2,9.55,1
sglang,few_shot,619,170.60,90.13,260.74,2,7.67,1
sglang,few_shot,620,151.57,0.00,217.05,1,4.61,1
sglang,few_shot,621,114.83,70.17,185.00,2,10.81,1
sglang,few_shot,622,110.61,0.00,233.85,1,4.28,1
sglang,few_shot,623,161.80,92.66,254.46,2,7.86,1
sglang,few_shot,624,136.01,0.00,237.61,1,4.21,1
sglang,few_shot,625,137.63,102.26,239.89,2,8.34,1
sglang,few_shot,626,135.76,97.68,233.45,2,8.57,1
sglang,few_shot,627,142.15,0.00,272.93,1,3.66,1
sglang,few_shot,628,135.95,127.60,263.54,2,7.59,1
sglang,few_shot,629,140.24,98.45,238.69,2,8.38,1
sglang,few_shot,630,124.02,135.36,259.38,2,7.71,1
sglang,few_shot,631,151.66,110.69,262.35,2,7.62,1
sglang,few_shot,632,174.98,83.07,258.05,2,7.75,1
sglang,few_shot,633,125.43,0.00,206.68,1,4.84,1
sglang,few_shot,634,122.53,87.91,210.44,2,9.50,1
sglang,few_shot,635,158.42,0.00,239.56,1,4.17,1
sglang,few_shot,636,141.70,83.91,225.62,2,8.86,1
sglang,few_shot,637,157.43,0.00,243.74,1,4.10,1
sglang,few_shot,638,141.87,84.12,225.99,2,8.85,1
sglang,few_shot,639,123.74,112.74,236.48,2,8.46,1
sglang,few_shot,640,135.80,0.00,186.36,1,5.37,1
sglang,few_shot,641,166.03,0.00,187.97,1,5.32,1
sglang,few_shot,642,110.01,0.00,165.08,1,6.06,1
sglang,few_shot,643,161.18,0.00,188.21,1,5.31,1
sglang,few_shot,644,156.74,0.00,202.92,1,4.93,1
sglang,few_shot,645,192.51,0.00,214.25,1,4.67,1
sglang,few_shot,646,131.83,0.00,178.75,1,5.59,1
sglang,few_shot,647,158.50,0.00,183.51,1,5.45,1
sglang,few_shot,648,167.32,26.88,194.19,2,10.30,1
sglang,few_shot,649,143.34,0.00,180.35,1,5.54,1
sglang,few_shot,650,166.95,0.00,193.82,1,5.16,1
sglang,few_shot,651,142.86,0.00,172.62,1,5.79,1
sglang,few_shot,652,127.37,0.00,156.19,1,6.40,1
sglang,few_shot,653,131.23,0.00,168.06,1,5.95,1
sglang,few_shot,654,154.92,9.68,164.60,2,12.15,1
sglang,few_shot,655,164.56,30.52,195.09,2,10.25,1
sglang,few_shot,656,146.22,0.00,176.04,1,5.68,1
sglang,few_shot,657,198.41,0.00,223.05,1,4.48,1
sglang,few_shot,658,145.32,0.00,211.82,1,4.72,1
sglang,few_shot,659,143.65,0.00,153.35,1,6.52,1
sglang,few_shot,660,151.58,25.06,176.64,2,11.32,1
sglang,few_shot,661,123.17,40.41,163.58,2,12.23,1
sglang,few_shot,662,194.90,33.83,228.73,2,8.74,1
sglang,few_shot,663,160.62,51.61,212.24,2,9.42,1
sglang,few_shot,664,173.99,0.00,211.56,1,4.73,1
sglang,few_shot,665,101.87,74.49,176.36,2,11.34,1
sglang,few_shot,666,102.82,0.00,182.69,1,5.47,1
sglang,few_shot,667,155.26,78.28,233.54,2,8.56,1
sglang,few_shot,668,125.57,45.54,171.11,2,11.69,1
sglang,few_shot,669,151.62,56.07,207.69,2,9.63,1
sglang,few_shot,670,154.97,48.44,203.40,2,9.83,1
sglang,few_shot,671,138.80,94.01,232.81,2,8.59,1
sglang,few_shot,672,148.36,82.11,230.46,2,8.68,1
sglang,few_shot,673,132.06,95.30,227.36,2,8.80,1
sglang,few_shot,674,188.44,40.86,229.31,2,8.72,1
sglang,few_shot,675,137.87,99.41,237.29,2,8.43,1
sglang,few_shot,676,116.41,0.00,180.11,1,5.55,1
sglang,few_shot,677,116.52,99.82,216.33,2,9.24,1
sglang,few_shot,678,126.92,61.90,188.82,2,10.59,0
sglang,few_shot,679,133.66,0.00,203.33,1,4.92,1
sglang,few_shot,680,128.40,0.00,197.42,1,5.07,1
sglang,few_shot,681,134.06,93.91,227.97,2,8.77,1
sglang,few_shot,682,147.48,95.53,243.01,2,8.23,1
sglang,few_shot,683,139.86,0.00,202.70,1,4.93,1
sglang,few_shot,684,136.86,77.76,214.61,2,9.32,1
sglang,few_shot,685,181.03,0.00,251.87,1,3.97,1
sglang,few_shot,686,144.37,0.00,223.34,1,4.48,1
sglang,few_shot,687,168.01,0.00,197.90,1,5.05,1
sglang,few_shot,688,145.93,72.34,218.28,2,9.16,1
sglang,few_shot,689,144.22,0.00,223.69,1,4.47,1
sglang,few_shot,690,143.57,88.08,231.65,2,8.63,1
sglang,few_shot,691,164.10,0.00,247.91,1,4.03,1
sglang,few_shot,692,151.43,71.36,222.79,2,8.98,1
sglang,few_shot,693,133.59,0.00,239.47,1,4.18,1
sglang,few_shot,694,141.46,0.00,213.48,1,4.68,1
sglang,few_shot,695,126.12,74.58,200.69,2,9.97,1
sglang,few_shot,696,197.80,0.00,212.76,1,4.70,1
sglang,few_shot,697,124.15,41.52,207.19,3,14.48,1
sglang,few_shot,698,151.98,84.67,236.65,2,8.45,1
sglang,few_shot,699,145.05,80.19,225.23,2,8.88,1
sglang,few_shot,700,123.49,159.69,283.18,2,7.06,1
sglang,few_shot,701,119.22,0.00,235.67,1,4.24,1
sglang,few_shot,702,172.44,0.00,273.80,1,3.65,1
sglang,few_shot,703,143.70,89.83,233.53,2,8.56,1
sglang,few_shot,704,123.96,0.00,199.43,1,5.01,1
sglang,few_shot,705,133.81,0.00,182.23,1,5.49,1
sglang,few_shot,706,124.58,0.00,175.64,1,5.69,1
sglang,few_shot,707,122.36,0.00,168.99,1,5.92,1
sglang,few_shot,708,147.05,0.00,189.63,1,5.27,1
sglang,few_shot,709,121.15,0.00,168.52,1,5.93,1
sglang,few_shot,710,157.78,0.00,179.54,1,5.57,1
sglang,few_shot,711,194.79,0.00,214.57,1,4.66,1
sglang,few_shot,712,120.96,0.00,153.25,1,6.53,1
sglang,few_shot,713,131.39,0.00,163.88,1,6.10,1
sglang,few_shot,714,99.00,0.00,190.82,1,5.24,1
sglang,few_shot,715,122.55,0.00,176.54,1,5.66,1
sglang,few_shot,716,155.20,0.00,209.59,1,4.77,1
sglang,few_shot,717,139.75,0.00,201.40,1,4.97,1
sglang,few_shot,718,182.28,0.00,237.80,1,4.21,1
sglang,few_shot,719,156.92,0.00,221.51,1,4.51,1
sglang,few_shot,720,130.57,36.83,167.40,2,11.95,1
sglang,few_shot,721,126.25,68.60,194.85,2,10.26,1
sglang,few_shot,722,125.50,63.71,189.21,2,10.57,1
sglang,few_shot,723,110.93,0.00,174.92,1,5.72,1
sglang,few_shot,724,105.05,0.00,172.23,1,5.81,1
sglang,few_shot,725,153.72,0.00,199.64,1,5.01,1
sglang,few_shot,726,152.72,44.09,196.81,2,10.16,1
sglang,few_shot,727,162.48,75.49,237.97,2,8.40,1
sglang,few_shot,728,105.91,131.75,237.66,2,8.42,1
sglang,few_shot,729,139.83,0.00,221.74,1,4.51,1
sglang,few_shot,730,164.33,0.00,245.54,1,4.07,1
sglang,few_shot,731,120.92,79.86,200.78,2,9.96,0
sglang,few_shot,732,179.47,45.03,224.50,2,8.91,1
sglang,few_shot,733,159.28,73.33,232.61,2,8.60,1
sglang,few_shot,734,139.31,86.67,225.98,2,8.85,1
sglang,few_shot,735,153.16,83.01,236.17,2,8.47,1
sglang,few_shot,736,165.91,0.00,251.16,1,3.98,1
sglang,few_shot,737,133.18,0.00,186.44,1,5.36,1
sglang,few_shot,738,127.66,121.79,249.45,2,8.02,1
sglang,few_shot,739,118.45,0.00,178.15,1,5.61,1
sglang,few_shot,740,155.16,0.00,207.32,1,4.82,1
sglang,few_shot,741,126.04,0.00,181.54,1,5.51,1
sglang,few_shot,742,133.71,53.52,187.23,2,10.68,1
sglang,few_shot,743,154.75,0.00,218.56,1,4.58,1
sglang,few_shot,744,140.38,0.00,203.69,1,4.91,1
sglang,few_shot,745,136.02,91.54,227.56,2,8.79,1
sglang,few_shot,746,155.62,88.09,243.71,2,8.21,1
sglang,few_shot,747,171.16,0.00,233.88,1,4.28,1
sglang,few_shot,748,125.53,72.11,197.64,2,10.12,0
sglang,few_shot,749,147.61,98.82,246.43,2,8.12,1
sglang,few_shot,750,137.13,79.04,216.17,2,9.25,1
sglang,few_shot,751,177.20,79.06,256.26,2,7.80,1
sglang,few_shot,752,152.18,64.99,217.17,2,9.21,1
sglang,few_shot,753,101.02,137.57,238.59,2,8.38,1
sglang,few_shot,754,136.22,0.00,210.50,1,4.75,1
sglang,few_shot,755,140.76,108.96,249.72,2,8.01,1
sglang,few_shot,756,182.74,0.00,258.28,1,3.87,1
sglang,few_shot,757,130.20,0.00,202.50,1,4.94,1
sglang,few_shot,758,175.74,84.24,259.99,2,7.69,1
sglang,few_shot,759,144.48,0.00,222.23,1,4.50,1
sglang,few_shot,760,150.69,73.23,223.92,2,8.93,1
sglang,few_shot,761,133.74,103.61,237.35,2,8.43,1
sglang,few_shot,762,137.12,107.95,245.07,2,8.16,1
sglang,few_shot,763,129.26,0.00,219.01,1,4.57,1
sglang,few_shot,764,187.39,94.02,281.41,2,7.11,1
sglang,few_shot,765,153.27,0.00,241.06,1,4.15,1
sglang,few_shot,766,124.70,83.46,208.15,2,9.61,1
sglang,few_shot,767,129.44,94.26,223.70,2,8.94,1
sglang,few_shot,768,92.58,0.00,147.47,1,6.78,1
sglang,few_shot,769,163.71,0.00,168.80,1,5.92,1
sglang,few_shot,770,120.28,0.00,179.74,1,5.56,1
sglang,few_shot,771,140.34,0.00,164.94,1,6.06,1
sglang,few_shot,772,130.43,0.00,184.01,1,5.43,1
sglang,few_shot,773,170.90,0.00,203.06,1,4.92,1
sglang,few_shot,774,147.66,0.00,206.59,1,4.84,1
sglang,few_shot,775,120.22,0.00,184.73,1,5.41,1
sglang,few_shot,776,125.68,0.00,189.17,1,5.29,1
sglang,few_shot,777,145.75,0.00,182.24,1,5.49,1
sglang,few_shot,778,135.51,32.73,168.24,2,11.89,1
sglang,few_shot,779,146.78,30.64,177.41,2,11.27,1
sglang,few_shot,780,129.31,70.65,199.96,2,10.00,1
sglang,few_shot,781,180.70,42.22,222.91,2,8.97,1
sglang,few_shot,782,133.82,71.15,204.97,2,9.76,1
sglang,few_shot,783,146.31,25.76,172.07,2,11.62,0
sglang,few_shot,784,135.32,33.04,168.36,2,11.88,1
sglang,few_shot,785,142.28,41.80,184.07,2,10.87,1
sglang,few_shot,786,122.96,73.12,196.08,2,10.20,1
sglang,few_shot,787,147.57,45.16,192.73,2,10.38,0
sglang,few_shot,788,131.41,0.00,183.38,1,5.45,1
sglang,few_shot,789,140.15,42.10,182.25,2,10.97,1
sglang,few_shot,790,96.81,84.75,181.56,2,11.02,1
sglang,few_shot,791,163.32,35.82,199.14,2,10.04,1
sglang,few_shot,792,160.33,0.00,212.97,1,4.70,1
sglang,few_shot,793,151.85,0.00,233.92,1,4.27,1
sglang,few_shot,794,182.17,56.39,238.57,2,8.38,1
sglang,few_shot,795,144.50,0.00,186.04,1,5.38,1
sglang,few_shot,796,137.95,0.00,200.19,1,5.00,1
sglang,few_shot,797,151.43,51.60,203.02,2,9.85,1
sglang,few_shot,798,162.90,58.53,221.44,2,9.03,1
sglang,few_shot,799,141.07,91.49,232.56,2,8.60,1
sglang,few_shot,800,120.51,57.63,178.15,2,11.23,1
sglang,few_shot,801,116.84,0.00,182.99,1,5.46,1
sglang,few_shot,802,130.76,0.00,185.85,1,5.38,1
sglang,few_shot,803,142.03,0.00,203.58,1,4.91,1
sglang,few_shot,804,123.86,0.00,178.07,1,5.62,1
sglang,few_shot,805,162.20,0.00,235.95,1,4.24,1
sglang,few_shot,806,122.81,55.64,178.44,2,11.21,1
sglang,few_shot,807,165.78,64.91,230.69,2,8.67,1
sglang,few_shot,808,119.33,0.00,222.50,1,4.49,1
sglang,few_shot,809,134.41,0.00,184.71,1,5.41,1
sglang,few_shot,810,163.38,74.48,237.86,2,8.41,1
sglang,few_shot,811,132.98,64.64,197.62,2,10.12,0
sglang,few_shot,812,128.60,61.53,190.13,2,10.52,1
sglang,few_shot,813,126.05,0.00,235.72,1,4.24,1
sglang,few_shot,814,146.17,0.00,196.31,1,5.09,1
sglang,few_shot,815,146.89,0.00,214.93,1,4.65,1
sglang,few_shot,816,181.30,0.00,253.38,1,3.95,1
sglang,few_shot,817,142.54,110.04,252.59,2,7.92,1
sglang,few_shot,818,129.28,0.00,209.30,1,4.78,1
sglang,few_shot,819,139.92,0.00,253.43,1,3.95,1
sglang,few_shot,820,164.92,42.19,207.10,2,9.66,1
sglang,few_shot,821,210.06,17.79,227.85,2,8.78,1
sglang,few_shot,822,177.49,75.05,252.54,2,7.92,1
sglang,few_shot,823,122.50,0.00,196.21,1,5.10,1
sglang,few_shot,824,190.69,0.00,267.97,1,3.73,1
sglang,few_shot,825,156.60,51.08,207.68,2,9.63,1
sglang,few_shot,826,117.58,159.95,277.53,2,7.21,1
sglang,few_shot,827,152.21,0.00,244.40,1,4.09,1
sglang,few_shot,828,205.86,0.00,218.49,1,4.58,1
sglang,few_shot,829,185.08,85.71,270.80,2,7.39,1
sglang,few_shot,830,132.34,76.95,209.29,2,9.56,1
sglang,few_shot,831,120.73,94.21,214.94,2,9.30,1
sglang,few_shot,832,118.82,0.00,634.82,1,1.58,1
sglang,few_shot,833,150.18,0.00,667.40,1,1.50,1
sglang,few_shot,834,650.83,0.00,661.23,1,1.51,1
sglang,few_shot,835,608.09,0.00,631.56,1,1.58,1
sglang,few_shot,836,607.06,15.99,623.04,2,3.21,1
sglang,few_shot,837,629.18,0.00,634.39,1,1.58,1
sglang,few_shot,838,110.36,532.90,643.26,2,3.11,1
sglang,few_shot,839,619.61,0.00,646.09,1,1.55,1
sglang,few_shot,840,613.29,0.00,635.63,1,1.57,1
sglang,few_shot,841,619.88,0.00,620.13,1,1.61,1
sglang,few_shot,842,637.11,0.00,657.57,1,1.52,1
sglang,few_shot,843,161.05,0.00,690.43,1,1.45,1
sglang,few_shot,844,109.43,0.00,648.85,1,1.54,1
sglang,few_shot,845,128.24,539.08,667.32,2,3.00,1
sglang,few_shot,846,625.79,0.00,630.98,1,1.58,1
sglang,few_shot,847,108.82,0.00,650.24,1,1.54,1
sglang,few_shot,848,638.73,0.00,644.02,1,1.55,1
sglang,few_shot,849,672.27,25.64,697.91,2,2.87,0
sglang,few_shot,850,101.12,0.00,642.59,1,1.56,1
sglang,few_shot,851,602.18,31.98,634.15,2,3.15,1
sglang,few_shot,852,609.83,0.00,646.89,1,1.55,1
sglang,few_shot,853,145.19,0.00,693.23,1,1.44,1
sglang,few_shot,854,636.83,14.89,651.72,2,3.07,1
sglang,few_shot,855,675.85,5.31,681.16,2,2.94,1
sglang,few_shot,856,655.54,0.00,690.84,1,1.45,1
sglang,few_shot,857,123.40,0.00,679.10,1,1.47,1
sglang,few_shot,858,654.04,0.00,659.26,1,1.52,1
sglang,few_shot,859,613.57,34.83,648.40,2,3.08,1
sglang,few_shot,860,140.27,0.00,703.44,1,1.42,1
sglang,few_shot,861,620.10,55.33,675.43,2,2.96,1
sglang,few_shot,862,654.36,58.18,712.53,2,2.81,1
sglang,few_shot,863,646.89,5.20,652.09,2,3.07,1
sglang,few_shot,864,660.09,25.26,685.36,2,2.92,1
sglang,few_shot,865,107.67,0.00,666.72,1,1.50,1
sglang,few_shot,866,609.77,49.43,659.19,2,3.03,1
sglang,few_shot,867,591.45,0.00,652.50,1,1.53,1
sglang,few_shot,868,662.45,0.00,687.74,1,1.45,1
sglang,few_shot,869,150.48,0.00,715.85,1,1.40,1
sglang,few_shot,870,128.08,0.00,700.66,1,1.43,1
sglang,few_shot,871,693.11,9.29,702.40,2,2.85,1
sglang,few_shot,872,638.05,60.68,698.73,2,2.86,1
sglang,few_shot,873,102.58,0.00,707.14,1,1.41,1
sglang,few_shot,874,609.71,0.00,664.87,1,1.50,1
sglang,few_shot,875,621.02,66.29,687.31,2,2.91,1
sglang,few_shot,876,597.44,0.00,657.71,1,1.52,1
sglang,few_shot,877,125.26,575.72,700.98,2,2.85,1
sglang,few_shot,878,611.06,62.85,673.91,2,2.97,1
sglang,few_shot,879,650.28,7.43,657.71,2,3.04,1
sglang,few_shot,880,114.30,586.04,700.34,2,2.86,1
sglang,few_shot,881,143.50,582.44,725.94,2,2.76,1
sglang,few_shot,882,661.45,8.15,669.61,2,2.99,1
sglang,few_shot,883,155.59,582.11,737.70,2,2.71,1
sglang,few_shot,884,713.83,3.42,717.25,2,2.79,1
sglang,few_shot,885,608.55,79.37,687.92,2,2.91,1
sglang,few_shot,886,590.27,0.00,672.66,1,1.49,1
sglang,few_shot,887,626.37,0.00,708.89,1,1.41,1
sglang,few_shot,888,147.04,590.88,737.92,2,2.71,1
sglang,few_shot,889,615.38,0.00,705.05,1,1.42,1
sglang,few_shot,890,673.01,0.00,673.23,1,1.49,1
sglang,few_shot,891,144.85,0.00,734.98,1,1.36,1
sglang,few_shot,892,678.89,0.00,679.14,1,1.47,1
sglang,few_shot,893,690.53,0.00,706.22,1,1.42,1
sglang,few_shot,894,659.78,0.00,733.94,1,1.36,1
sglang,few_shot,895,595.27,89.95,685.21,2,2.92,1
sglang,few_shot,896,148.49,0.00,162.83,1,6.14,1
sglang,few_shot,897,135.57,0.00,182.03,1,5.49,1
sglang,few_shot,898,163.55,0.00,175.06,1,5.71,1
sglang,few_shot,899,108.30,0.00,137.54,1,7.27,1
sglang,few_shot,900,119.92,0.00,177.52,1,5.63,1
sglang,few_shot,901,125.38,0.00,153.94,1,6.50,1
sglang,few_shot,902,161.55,0.00,219.99,1,4.55,1
sglang,few_shot,903,118.12,27.77,145.89,2,13.71,1
sglang,few_shot,904,151.11,25.46,176.57,2,11.33,1
sglang,few_shot,905,125.03,0.00,153.31,1,6.52,1
sglang,few_shot,906,122.93,0.00,182.00,1,5.49,1
sglang,few_shot,907,179.01,0.00,202.58,1,4.94,1
sglang,few_shot,908,146.77,0.00,171.15,1,5.84,1
sglang,few_shot,909,159.88,0.00,203.81,1,4.91,1
sglang,few_shot,910,146.85,72.01,218.86,2,9.14,1
sglang,few_shot,911,156.78,0.00,198.13,1,5.05,1
sglang,few_shot,912,149.38,69.53,218.91,2,9.14,1
sglang,few_shot,913,131.88,0.00,171.51,1,5.83,1
sglang,few_shot,914,121.92,65.76,187.68,2,10.66,1
sglang,few_shot,915,122.09,71.86,193.95,2,10.31,1
sglang,few_shot,916,132.09,31.25,163.35,2,12.24,1
sglang,few_shot,917,200.96,24.90,225.86,2,8.85,1
sglang,few_shot,918,144.75,0.00,219.00,1,4.57,1
sglang,few_shot,919,116.99,0.00,192.72,1,5.19,1
sglang,few_shot,920,179.76,52.53,232.29,2,8.61,1
sglang,few_shot,921,112.24,0.00,187.51,1,5.33,1
sglang,few_shot,922,151.29,38.87,190.16,2,10.52,0
sglang,few_shot,923,137.21,46.22,183.43,2,10.90,1
sglang,few_shot,924,116.54,114.19,230.73,2,8.67,1
sglang,few_shot,925,182.80,55.44,238.24,2,8.39,1
sglang,few_shot,926,165.51,0.00,251.93,1,3.97,1
sglang,few_shot,927,123.75,0.00,179.28,1,5.58,1
sglang,few_shot,928,148.17,0.00,209.39,1,4.78,1
sglang,few_shot,929,146.97,0.00,205.36,1,4.87,1
sglang,few_shot,930,168.99,0.00,228.71,1,4.37,1
sglang,few_shot,931,134.19,0.00,185.33,1,5.40,1
sglang,few_shot,932,131.84,0.00,187.46,1,5.33,1
sglang,few_shot,933,171.17,52.86,224.03,2,8.93,1
sglang,few_shot,934,140.52,0.00,233.48,1,4.28,1
sglang,few_shot,935,202.19,49.82,252.00,2,7.94,1
sglang,few_shot,936,159.68,70.47,230.15,2,8.69,1
sglang,few_shot,937,124.71,0.00,185.21,1,5.40,1
sglang,few_shot,938,125.09,0.00,179.06,1,5.58,1
sglang,few_shot,939,106.95,0.00,177.07,1,5.65,1
sglang,few_shot,940,167.03,0.00,238.09,1,4.20,1
sglang,few_shot,941,136.62,0.00,199.18,1,5.02,1
sglang,few_shot,942,148.80,50.00,198.80,2,10.06,1
sglang,few_shot,943,158.05,0.00,248.90,1,4.02,1
sglang,few_shot,944,135.76,0.00,189.49,1,5.28,1
sglang,few_shot,945,148.53,60.90,209.43,2,9.55,1
sglang,few_shot,946,128.61,57.16,185.76,2,10.77,1
sglang,few_shot,947,124.67,99.58,224.25,2,8.92,1
sglang,few_shot,948,155.58,0.00,253.13,1,3.95,1
sglang,few_shot,949,137.77,70.35,208.12,2,9.61,1
sglang,few_shot,950,151.26,75.29,226.54,2,8.83,1
sglang,few_shot,951,178.34,0.00,244.70,1,4.09,1
sglang,few_shot,952,119.59,0.00,182.37,1,5.48,1
sglang,few_shot,953,143.35,0.00,205.65,1,4.86,1
sglang,few_shot,954,116.52,0.00,211.11,1,4.74,1
sglang,few_shot,955,162.81,0.00,231.39,1,4.32,1
sglang,few_shot,956,110.41,0.00,214.26,1,4.67,1
sglang,few_shot,957,120.43,0.00,182.04,1,5.49,1
sglang,few_shot,958,141.92,54.22,196.14,2,10.20,1
sglang,few_shot,959,133.28,0.00,231.45,1,4.32,1
sglang,few_shot,960,131.93,0.00,139.38,1,7.17,1
sglang,few_shot,961,108.47,0.00,123.27,1,8.11,1
sglang,few_shot,962,124.87,0.00,136.07,1,7.35,1
sglang,few_shot,963,102.05,0.00,115.02,1,8.69,1
sglang,few_shot,964,95.42,0.00,111.46,1,8.97,1
sglang,few_shot,965,108.70,0.00,129.32,1,7.73,1
sglang,few_shot,966,117.86,0.00,132.96,1,7.52,1
sglang,few_shot,967,80.14,0.00,108.74,1,9.20,1
sglang,few_shot,968,119.29,0.00,121.50,1,8.23,1
sglang,few_shot,969,101.55,0.00,119.72,1,8.35,1
sglang,few_shot,970,89.13,0.00,116.93,1,8.55,1
sglang,few_shot,971,103.44,0.00,114.13,1,8.76,1
sglang,few_shot,972,91.92,59.64,151.56,2,13.20,1
sglang,few_shot,973,128.62,0.00,155.32,1,6.44,1
sglang,few_shot,974,99.43,0.00,122.81,1,8.14,1
sglang,few_shot,975,126.65,7.01,133.66,2,14.96,1
sglang,few_shot,976,94.33,0.00,112.42,1,8.90,1
sglang,few_shot,977,132.14,0.00,147.13,1,6.80,1
sglang,few_shot,978,79.77,0.00,111.22,1,8.99,1
sglang,few_shot,979,115.59,31.46,147.05,2,13.60,1
sglang,few_shot,980,111.30,10.79,122.09,2,16.38,1
sglang,few_shot,981,132.62,28.60,161.22,2,12.41,1
sglang,few_shot,982,130.22,0.00,146.85,1,6.81,1
sglang,few_shot,983,107.19,0.00,132.95,1,7.52,1
sglang,few_shot,984,108.42,23.17,131.59,2,15.20,1
sglang,few_shot,985,126.66,14.70,141.36,2,14.15,1
sglang,few_shot,986,116.02,19.15,135.17,2,14.80,1
sglang,few_shot,987,90.77,31.18,121.95,2,16.40,1
sglang,few_shot,988,100.36,0.00,128.68,1,7.77,1
sglang,few_shot,989,130.07,13.52,143.60,2,13.93,1
sglang,few_shot,990,97.13,19.95,117.08,2,17.08,1
sglang,few_shot,991,109.08,20.67,129.75,2,15.41,1
sglang,few_shot,992,109.38,29.33,138.72,2,14.42,1
sglang,few_shot,993,130.67,0.00,141.63,1,7.06,1
sglang,few_shot,994,88.59,0.00,118.90,1,8.41,1
sglang,few_shot,995,100.31,19.50,119.81,2,16.69,1
sglang,few_shot,996,119.54,25.81,145.35,2,13.76,1
sglang,few_shot,997,98.39,33.04,131.44,2,15.22,0
sglang,few_shot,998,135.16,18.04,153.20,2,13.05,1
sglang,few_shot,999,125.66,33.93,159.59,2,12.53,1
sglang,self_consistency,0,70025.01,0.00,70059.78,1,0.01,1
sglang,self_consistency,1,69977.79,0.00,69983.02,1,0.01,1
sglang,self_consistency,2,69934.51,0.00,69939.84,1,0.01,1
sglang,self_consistency,3,69911.38,0.00,69923.41,1,0.01,1
sglang,self_consistency,4,69928.37,0.00,69933.21,1,0.01,1
sglang,self_consistency,5,70023.78,0.00,70052.29,1,0.01,1
sglang,self_consistency,6,69977.47,0.00,70015.47,1,0.01,1
sglang,self_consistency,7,69887.80,0.00,69898.10,1,0.01,1
sglang,self_consistency,8,69949.10,0.00,69974.66,1,0.01,1
sglang,self_consistency,9,70006.22,0.00,70066.84,1,0.01,1
sglang,self_consistency,10,70017.26,0.00,70066.66,1,0.01,1
sglang,self_consistency,11,69938.74,0.00,69943.94,1,0.01,1
sglang,self_consistency,12,69955.41,0.00,69980.99,1,0.01,1
sglang,self_consistency,13,69988.14,0.00,70013.72,1,0.01,1
sglang,self_consistency,14,69904.89,0.00,69905.15,1,0.01,1
sglang,self_consistency,15,69899.57,0.00,69942.17,1,0.01,1
sglang,self_consistency,16,69927.68,0.00,69927.96,1,0.01,1
sglang,self_consistency,17,69929.45,0.00,69973.08,1,0.01,1
sglang,self_consistency,18,69980.67,0.00,70043.66,1,0.01,1
sglang,self_consistency,19,70049.02,0.00,70102.45,1,0.01,1
sglang,self_consistency,20,70002.22,0.00,70073.39,1,0.01,1
sglang,self_consistency,21,69879.39,0.00,69909.99,1,0.01,1
sglang,self_consistency,22,69959.65,0.00,69990.23,1,0.01,1
sglang,self_consistency,23,69933.12,0.00,69933.39,1,0.01,1
sglang,self_consistency,24,69906.22,0.00,69951.88,1,0.01,1
sglang,self_consistency,25,69885.47,0.00,69911.03,1,0.01,1
sglang,self_consistency,26,70002.66,0.00,70023.06,1,0.01,1
sglang,self_consistency,27,69968.70,0.00,70034.93,1,0.01,1
sglang,self_consistency,28,69915.98,0.00,69936.27,1,0.01,1
sglang,self_consistency,29,69910.89,0.00,69921.22,1,0.01,1
sglang,self_consistency,30,70017.69,0.00,70103.36,1,0.01,1
sglang,self_consistency,31,69959.01,0.00,70025.61,1,0.01,1
sglang,self_consistency,32,69915.80,0.00,69930.87,1,0.01,1
sglang,self_consistency,33,70001.51,0.00,70089.21,1,0.01,1
sglang,self_consistency,34,69965.47,0.00,69965.71,1,0.01,1
sglang,self_consistency,35,69989.89,0.00,70075.69,1,0.01,1
sglang,self_consistency,36,70020.97,0.00,70116.53,1,0.01,1
sglang,self_consistency,37,69966.24,0.00,70047.59,1,0.01,1
sglang,self_consistency,38,69972.92,0.00,69988.34,1,0.01,1
sglang,self_consistency,39,69974.15,0.00,70068.02,1,0.01,1
sglang,self_consistency,40,69941.25,0.00,69941.50,1,0.01,1
sglang,self_consistency,41,70010.31,0.00,70110.57,1,0.01,1
sglang,self_consistency,42,69843.32,0.00,69919.16,1,0.01,1
sglang,self_consistency,43,70032.29,0.00,70133.89,1,0.01,1
sglang,self_consistency,44,69958.40,0.00,69973.77,1,0.01,1
sglang,self_consistency,45,69941.91,0.00,70027.16,1,0.01,1
sglang,self_consistency,46,69871.59,0.00,69947.77,1,0.01,1
sglang,self_consistency,47,69966.24,0.00,70056.69,1,0.01,1
sglang,self_consistency,48,69969.65,0.00,69974.83,1,0.01,1
sglang,self_consistency,49,69921.79,0.00,70016.11,1,0.01,1
sglang,self_consistency,50,69853.77,0.00,69944.98,1,0.01,1
sglang,self_consistency,51,69972.46,0.00,70062.79,1,0.01,1
sglang,self_consistency,52,69987.02,0.00,70057.84,1,0.01,1
sglang,self_consistency,53,69875.92,0.00,69967.20,1,0.01,1
sglang,self_consistency,54,69924.92,0.00,70029.66,1,0.01,1
sglang,self_consistency,55,69909.14,0.00,69944.64,1,0.01,1
sglang,self_consistency,56,69977.29,0.00,70077.84,1,0.01,1
sglang,self_consistency,57,69964.37,0.00,69964.67,1,0.01,1
sglang,self_consistency,58,70011.42,0.00,70011.66,1,0.01,1
sglang,self_consistency,59,69937.07,0.00,69947.31,1,0.01,1
sglang,self_consistency,60,70018.38,0.00,70145.12,1,0.01,1
sglang,self_consistency,61,69911.59,0.00,69992.56,1,0.01,1
sglang,self_consistency,62,70020.85,0.00,70021.11,1,0.01,1
sglang,self_consistency,63,69882.22,0.00,69963.28,1,0.01,1
sglang,self_consistency,64,69989.63,0.00,69989.88,1,0.01,1
sglang,self_consistency,65,70091.21,0.00,70096.51,1,0.01,1
sglang,self_consistency,66,70004.93,0.00,70133.16,1,0.01,1
sglang,self_consistency,67,69982.36,0.00,70104.98,1,0.01,1
sglang,self_consistency,68,69904.44,0.00,69989.99,1,0.01,1
sglang,self_consistency,69,69999.82,0.00,70128.26,1,0.01,1
sglang,self_consistency,70,70030.53,0.00,70168.24,1,0.01,1
sglang,self_consistency,71,70040.46,0.00,70125.74,1,0.01,1
sglang,self_consistency,72,70007.16,0.00,70136.96,1,0.01,1
sglang,self_consistency,73,69970.60,0.00,69970.88,1,0.01,1
sglang,self_consistency,74,69978.48,0.00,70116.42,1,0.01,1
sglang,self_consistency,75,70095.67,0.00,70105.43,1,0.01,1
sglang,self_consistency,76,70002.15,0.00,70139.99,1,0.01,1
sglang,self_consistency,77,70002.48,0.00,70123.87,1,0.01,1
sglang,self_consistency,78,69928.19,0.00,70029.03,1,0.01,1
sglang,self_consistency,79,70032.60,0.00,70047.75,1,0.01,1
sglang,self_consistency,80,70033.04,0.00,70186.05,1,0.01,1
sglang,self_consistency,81,70004.83,0.00,70154.26,1,0.01,1
sglang,self_consistency,82,70005.69,0.00,70148.28,1,0.01,1
sglang,self_consistency,83,69931.01,0.00,70021.88,1,0.01,1
sglang,self_consistency,84,69957.68,0.00,69972.92,1,0.01,1
sglang,self_consistency,85,70053.97,0.00,70069.44,1,0.01,1
sglang,self_consistency,86,70057.59,0.00,70057.82,1,0.01,1
sglang,self_consistency,87,69954.19,0.00,70099.71,1,0.01,1
sglang,self_consistency,88,70021.24,0.00,70166.17,1,0.01,1
sglang,self_consistency,89,69931.59,0.00,70057.03,1,0.01,1
sglang,self_consistency,90,69923.98,0.00,69984.19,1,0.01,1
sglang,self_consistency,91,69906.39,0.00,70045.11,1,0.01,1
sglang,self_consistency,92,69988.14,0.00,70153.29,1,0.01,1
sglang,self_consistency,93,70069.31,0.00,70078.23,1,0.01,1
sglang,self_consistency,94,69993.71,0.00,70152.20,1,0.01,1
sglang,self_consistency,95,70088.91,0.00,70094.20,1,0.01,1
sglang,self_consistency,96,69979.20,0.00,70146.04,1,0.01,1
sglang,self_consistency,97,70020.99,0.00,70183.55,1,0.01,1
sglang,self_consistency,98,70063.07,0.00,70072.62,1,0.01,1
sglang,self_consistency,99,70044.30,0.00,70049.58,1,0.01,1
sglang,self_consistency,100,69974.51,0.00,70137.61,1,0.01,1
sglang,self_consistency,101,69962.04,0.00,70088.14,1,0.01,1
sglang,self_consistency,102,70020.59,0.00,70204.21,1,0.01,1
sglang,self_consistency,103,69926.87,0.00,70010.80,1,0.01,1
sglang,self_consistency,104,69974.41,0.00,70145.76,1,0.01,1
sglang,self_consistency,105,69999.34,0.00,70162.32,1,0.01,1
sglang,self_consistency,106,70029.97,0.00,70219.70,1,0.01,1
sglang,self_consistency,107,70004.53,0.00,70004.77,1,0.01,1
sglang,self_consistency,108,70092.54,0.00,70106.41,1,0.01,1
sglang,self_consistency,109,69907.40,0.00,70226.76,1,0.01,1
sglang,self_consistency,110,70021.20,0.00,70217.07,1,0.01,1
sglang,self_consistency,111,70098.23,0.00,70116.49,1,0.01,1
sglang,self_consistency,112,70013.01,0.00,70212.38,1,0.01,1
sglang,self_consistency,113,70001.73,0.00,70177.34,1,0.01,1
sglang,self_consistency,114,70033.69,0.00,70224.28,1,0.01,1
sglang,self_consistency,115,70078.71,0.00,70106.43,1,0.01,1
sglang,self_consistency,116,70177.11,0.00,70194.37,1,0.01,1
sglang,self_consistency,117,70124.54,0.00,70129.51,1,0.01,1
sglang,self_consistency,118,69980.29,0.00,70073.81,1,0.01,1
sglang,self_consistency,119,70157.74,0.00,70166.41,1,0.01,1
sglang,self_consistency,120,70083.49,0.00,70088.22,1,0.01,1
sglang,self_consistency,121,70157.71,0.00,70158.00,1,0.01,1
sglang,self_consistency,122,69964.09,0.00,70154.34,1,0.01,1
sglang,self_consistency,123,70051.39,0.00,70073.68,1,0.01,1
sglang,self_consistency,124,70085.39,0.00,70140.08,1,0.01,1
sglang,self_consistency,125,70064.90,0.00,70068.25,1,0.01,1
sglang,self_consistency,126,70038.69,0.00,70257.03,1,0.01,1
sglang,self_consistency,127,70225.82,0.00,70239.62,1,0.01,1
sglang,self_consistency,128,190.71,0.00,310.06,1,3.23,1
sglang,self_consistency,129,224.39,0.00,385.49,1,2.59,1
sglang,self_consistency,130,112.34,0.00,273.15,1,3.66,1
sglang,self_consistency,131,220.62,0.00,348.36,1,2.87,1
sglang,self_consistency,132,196.81,0.00,323.11,1,3.09,1
sglang,self_consistency,133,199.89,0.00,365.03,1,2.74,1
sglang,self_consistency,134,197.35,0.00,290.22,1,3.45,1
sglang,self_consistency,135,202.41,0.00,338.46,1,2.95,1
sglang,self_consistency,136,255.19,0.00,348.64,1,2.87,1
sglang,self_consistency,137,277.82,0.00,378.28,1,2.64,1
sglang,self_consistency,138,173.48,0.00,309.93,1,3.23,1
sglang,self_consistency,139,230.07,0.00,324.86,1,3.08,1
sglang,self_consistency,140,190.98,0.00,297.01,1,3.37,1
sglang,self_consistency,141,129.64,0.00,225.91,1,4.43,1
sglang,self_consistency,142,135.43,0.00,274.67,1,3.64,1
sglang,self_consistency,143,203.16,0.00,274.55,1,3.64,1
sglang,self_consistency,144,191.83,0.00,399.69,1,2.50,1
sglang,self_consistency,145,262.17,0.00,355.37,1,2.81,1
sglang,self_consistency,146,114.47,0.00,254.77,1,3.93,1
sglang,self_consistency,147,215.68,0.00,302.81,1,3.30,1
sglang,self_consistency,148,224.19,0.00,369.92,1,2.70,1
sglang,self_consistency,149,207.21,0.00,282.69,1,3.54,1
sglang,self_consistency,150,282.69,0.00,396.39,1,2.52,1
sglang,self_consistency,151,117.09,0.00,271.32,1,3.69,1
sglang,self_consistency,152,202.77,0.00,261.25,1,3.83,1
sglang,self_consistency,153,184.47,0.00,268.62,1,3.72,1
sglang,self_consistency,154,237.44,0.00,361.88,1,2.76,1
sglang,self_consistency,155,221.33,0.00,310.91,1,3.22,1
sglang,self_consistency,156,246.04,0.00,353.50,1,2.83,1
sglang,self_consistency,157,231.94,0.00,312.81,1,3.20,1
sglang,self_consistency,158,167.08,0.00,322.66,1,3.10,1
sglang,self_consistency,159,248.47,0.00,316.80,1,3.16,1
sglang,self_consistency,160,296.77,0.00,410.53,1,2.44,1
sglang,self_consistency,161,177.41,0.00,305.40,1,3.27,1
sglang,self_consistency,162,195.42,0.00,285.36,1,3.50,1
sglang,self_consistency,163,225.34,0.00,344.83,1,2.90,1
sglang,self_consistency,164,254.26,0.00,353.31,1,2.83,1
sglang,self_consistency,165,195.41,0.00,328.33,1,3.05,1
sglang,self_consistency,166,175.34,0.00,272.06,1,3.68,1
sglang,self_consistency,167,234.70,0.00,364.54,1,2.74,1
sglang,self_consistency,168,361.08,0.00,440.07,1,2.27,1
sglang,self_consistency,169,299.35,0.00,433.84,1,2.30,1
sglang,self_consistency,170,204.68,0.00,330.58,1,3.03,1
sglang,self_consistency,171,160.86,0.00,302.30,1,3.31,1
sglang,self_consistency,172,183.47,0.00,260.98,1,3.83,1
sglang,self_consistency,173,277.20,0.00,395.73,1,2.53,1
sglang,self_consistency,174,192.25,0.00,273.32,1,3.66,1
sglang,self_consistency,175,220.69,0.00,324.26,1,3.08,1
sglang,self_consistency,176,213.76,0.00,432.33,1,2.31,1
sglang,self_consistency,177,230.14,0.00,333.94,1,2.99,1
sglang,self_consistency,178,178.96,0.00,297.70,1,3.36,1
sglang,self_consistency,179,226.67,0.00,411.89,1,2.43,1
sglang,self_consistency,180,233.50,0.00,352.75,1,2.83,1
sglang,self_consistency,181,225.03,0.00,369.33,1,2.71,1
sglang,self_consistency,182,305.40,0.00,430.45,1,2.32,1
sglang,self_consistency,183,186.96,0.00,281.20,1,3.56,1
sglang,self_consistency,184,179.88,0.00,294.13,1,3.40,1
sglang,self_consistency,185,168.65,0.00,312.79,1,3.20,1
sglang,self_consistency,186,274.97,0.00,377.64,1,2.65,1
sglang,self_consistency,187,254.42,0.00,370.64,1,2.70,1
sglang,self_consistency,188,193.95,0.00,290.82,1,3.44,1
sglang,self_consistency,189,215.11,0.00,364.84,1,2.74,1
sglang,self_consistency,190,190.59,0.00,297.21,1,3.36,1
sglang,self_consistency,191,209.67,0.00,373.75,1,2.68,1
sglang,self_consistency,192,225.69,0.00,421.17,1,2.37,1
sglang,self_consistency,193,296.03,0.00,422.92,1,2.36,1
sglang,self_consistency,194,176.59,0.00,337.84,1,2.96,1
sglang,self_consistency,195,178.35,0.00,342.19,1,2.92,1
sglang,self_consistency,196,325.55,0.00,458.72,1,2.18,1
sglang,self_consistency,197,231.65,0.00,387.21,1,2.58,1
sglang,self_consistency,198,322.12,0.00,441.17,1,2.27,1
sglang,self_consistency,199,269.03,0.00,425.63,1,2.35,1
sglang,self_consistency,200,223.03,0.00,380.43,1,2.63,1
sglang,self_consistency,201,190.95,0.00,359.73,1,2.78,1
sglang,self_consistency,202,270.84,0.00,474.46,1,2.11,1
sglang,self_consistency,203,323.55,0.00,450.19,1,2.22,1
sglang,self_consistency,204,287.17,0.00,431.90,1,2.32,1
sglang,self_consistency,205,167.86,0.00,312.73,1,3.20,1
sglang,self_consistency,206,173.79,0.00,340.36,1,2.94,1
sglang,self_consistency,207,275.21,0.00,489.15,1,2.04,1
sglang,self_consistency,208,215.50,0.00,353.55,1,2.83,1
sglang,self_consistency,209,287.88,0.00,444.50,1,2.25,1
sglang,self_consistency,210,216.02,0.00,348.67,1,2.87,1
sglang,self_consistency,211,268.03,0.00,456.60,1,2.19,1
sglang,self_consistency,212,224.01,0.00,445.47,1,2.24,1
sglang,self_consistency,213,238.31,0.00,388.83,1,2.57,1
sglang,self_consistency,214,275.15,0.00,458.18,1,2.18,1
sglang,self_consistency,215,201.72,0.00,329.93,1,3.03,1
sglang,self_consistency,216,225.81,0.00,454.51,1,2.20,1
sglang,self_consistency,217,210.38,0.00,349.60,1,2.86,1
sglang,self_consistency,218,187.01,0.00,367.62,1,2.72,1
sglang,self_consistency,219,228.19,0.00,419.93,1,2.38,1
sglang,self_consistency,220,171.77,0.00,395.39,1,2.53,1
sglang,self_consistency,221,235.22,0.00,379.96,1,2.63,1
sglang,self_consistency,222,268.01,0.00,437.40,1,2.29,1
sglang,self_consistency,223,302.64,0.00,467.09,1,2.14,1
sglang,self_consistency,224,245.36,0.00,476.45,1,2.10,1
sglang,self_consistency,225,197.62,0.00,437.40,1,2.29,1
sglang,self_consistency,226,196.14,0.00,355.62,1,2.81,1
sglang,self_consistency,227,249.92,0.00,388.05,1,2.58,1
sglang,self_consistency,228,189.07,0.00,364.11,1,2.75,1
sglang,self_consistency,229,191.10,0.00,425.23,1,2.35,1
sglang,self_consistency,230,222.77,0.00,415.57,1,2.41,1
sglang,self_consistency,231,291.54,0.00,438.18,1,2.28,1
sglang,self_consistency,232,292.37,0.00,447.66,1,2.23,1
sglang,self_consistency,233,143.45,0.00,384.46,1,2.60,1
sglang,self_consistency,234,177.53,0.00,394.31,1,2.54,1
sglang,self_consistency,235,282.74,0.00,440.45,1,2.27,1
sglang,self_consistency,236,243.60,0.00,428.20,1,2.34,1
sglang,self_consistency,237,243.24,0.00,434.25,1,2.30,1
sglang,self_consistency,238,303.85,0.00,462.24,1,2.16,1
sglang,self_consistency,239,155.72,0.00,342.86,1,2.92,1
sglang,self_consistency,240,282.03,0.00,463.67,1,2.16,1
sglang,self_consistency,241,260.28,0.00,453.55,1,2.20,1
sglang,self_consistency,242,231.89,0.00,428.33,1,2.33,1
sglang,self_consistency,243,172.42,0.00,335.31,1,2.98,1
sglang,self_consistency,244,266.56,0.00,459.77,1,2.18,1
sglang,self_consistency,245,189.29,0.00,359.91,1,2.78,1
sglang,self_consistency,246,264.14,0.00,492.36,1,2.03,1
sglang,self_consistency,247,203.51,0.00,386.07,1,2.59,1
sglang,self_consistency,248,287.27,0.00,453.80,1,2.20,1
sglang,self_consistency,249,124.77,0.00,127.44,1,7.85,1
sglang,self_consistency,250,188.09,0.00,381.11,1,2.62,1
sglang,self_consistency,251,210.69,0.00,382.15,1,2.62,1
sglang,self_consistency,252,208.31,0.00,391.11,1,2.56,1
sglang,self_consistency,253,179.48,0.00,363.48,1,2.75,1
sglang,self_consistency,254,243.81,0.00,435.68,1,2.30,1
sglang,self_consistency,255,250.42,0.00,527.77,1,1.89,1
sglang,self_consistency,256,195.99,0.00,383.11,1,2.61,1
sglang,self_consistency,257,160.38,0.00,285.84,1,3.50,1
sglang,self_consistency,258,134.71,0.00,258.40,1,3.87,1
sglang,self_consistency,259,159.99,0.00,279.57,1,3.58,1
sglang,self_consistency,260,206.62,0.00,333.95,1,2.99,1
sglang,self_consistency,261,201.48,0.00,331.45,1,3.02,1
sglang,self_consistency,262,225.21,0.00,355.42,1,2.81,1
sglang,self_consistency,263,261.99,0.00,360.23,1,2.78,1
sglang,self_consistency,264,216.43,0.00,345.30,1,2.90,1
sglang,self_consistency,265,172.36,0.00,306.39,1,3.26,1
sglang,self_consistency,266,238.22,0.00,313.10,1,3.19,1
sglang,self_consistency,267,249.50,0.00,321.93,1,3.11,1
sglang,self_consistency,268,163.50,0.00,232.91,1,4.29,1
sglang,self_consistency,269,204.78,0.00,339.82,1,2.94,1
sglang,self_consistency,270,184.41,0.00,257.84,1,3.88,1
sglang,self_consistency,271,200.81,0.00,247.15,1,4.05,1
sglang,self_consistency,272,267.12,0.00,333.01,1,3.00,1
sglang,self_consistency,273,180.62,0.00,215.68,1,4.64,1
sglang,self_consistency,274,149.58,0.00,234.25,1,4.27,1
sglang,self_consistency,275,165.60,0.00,267.91,1,3.73,1
sglang,self_consistency,276,163.49,0.00,241.71,1,4.14,1
sglang,self_consistency,277,228.56,0.00,374.37,1,2.67,1
sglang,self_consistency,278,207.57,0.00,266.64,1,3.75,1
sglang,self_consistency,279,172.92,0.00,278.23,1,3.59,1
sglang,self_consistency,280,172.25,0.00,256.46,1,3.90,1
sglang,self_consistency,281,92.01,0.00,281.41,1,3.55,1
sglang,self_consistency,282,228.34,0.00,309.05,1,3.24,1
sglang,self_consistency,283,233.85,0.00,348.54,1,2.87,1
sglang,self_consistency,284,224.74,0.00,350.67,1,2.85,1
sglang,self_consistency,285,196.16,0.00,353.09,1,2.83,1
sglang,self_consistency,286,168.56,0.00,269.16,1,3.72,1
sglang,self_consistency,287,199.25,0.00,321.94,1,3.11,1
sglang,self_consistency,288,175.75,0.00,245.65,1,4.07,1
sglang,self_consistency,289,249.72,0.00,348.17,1,2.87,1
sglang,self_consistency,290,180.55,0.00,301.83,1,3.31,1
sglang,self_consistency,291,234.78,0.00,332.01,1,3.01,1
sglang,self_consistency,292,180.01,0.00,306.44,1,3.26,1
sglang,self_consistency,293,276.66,0.00,335.97,1,2.98,1
sglang,self_consistency,294,127.74,0.00,261.05,1,3.83,1
sglang,self_consistency,295,229.94,0.00,328.42,1,3.04,1
sglang,self_consistency,296,200.10,0.00,330.35,1,3.03,1
sglang,self_consistency,297,253.63,0.00,319.77,1,3.13,1
sglang,self_consistency,298,247.21,0.00,346.04,1,2.89,1
sglang,self_consistency,299,211.88,0.00,338.23,1,2.96,1
sglang,self_consistency,300,229.38,0.00,315.21,1,3.17,1
sglang,self_consistency,301,175.60,0.00,259.02,1,3.86,1
sglang,self_consistency,302,220.86,0.00,322.30,1,3.10,1
sglang,self_consistency,303,212.43,0.00,349.13,1,2.86,1
sglang,self_consistency,304,215.91,0.00,285.68,1,3.50,1
sglang,self_consistency,305,278.84,0.00,361.92,1,2.76,1
sglang,self_consistency,306,249.11,0.00,320.53,1,3.12,1
sglang,self_consistency,307,147.77,0.00,332.64,1,3.01,1
sglang,self_consistency,308,167.16,0.00,248.49,1,4.02,1
sglang,self_consistency,309,175.62,0.00,299.05,1,3.34,1
sglang,self_consistency,310,313.17,0.00,398.09,1,2.51,1
sglang,self_consistency,311,253.31,0.00,376.57,1,2.66,1
sglang,self_consistency,312,147.41,0.00,269.85,1,3.71,1
sglang,self_consistency,313,150.19,0.00,280.01,1,3.57,1
sglang,self_consistency,314,232.05,0.00,322.80,1,3.10,1
sglang,self_consistency,315,190.80,0.00,311.75,1,3.21,1
sglang,self_consistency,316,164.06,0.00,318.06,1,3.14,1
sglang,self_consistency,317,188.69,0.00,289.27,1,3.46,1
sglang,self_consistency,318,198.97,0.00,394.86,1,2.53,1
sglang,self_consistency,319,269.91,0.00,355.10,1,2.82,1
sglang,self_consistency,320,194.34,0.00,327.75,1,3.05,1
sglang,self_consistency,321,254.76,0.00,411.27,1,2.43,1
sglang,self_consistency,322,223.79,0.00,392.74,1,2.55,1
sglang,self_consistency,323,181.70,0.00,344.97,1,2.90,1
sglang,self_consistency,324,223.46,0.00,316.97,1,3.15,1
sglang,self_consistency,325,252.79,0.00,382.95,1,2.61,1
sglang,self_consistency,326,206.38,0.00,378.21,1,2.64,1
sglang,self_consistency,327,270.54,0.00,414.39,1,2.41,1
sglang,self_consistency,328,171.19,0.00,342.69,1,2.92,1
sglang,self_consistency,329,291.57,0.00,413.14,1,2.42,1
sglang,self_consistency,330,299.16,0.00,409.31,1,2.44,1
sglang,self_consistency,331,197.02,0.00,362.84,1,2.76,1
sglang,self_consistency,332,192.10,0.00,362.69,1,2.76,1
sglang,self_consistency,333,230.28,0.00,397.59,1,2.52,1
sglang,self_consistency,334,183.95,0.00,327.13,1,3.06,1
sglang,self_consistency,335,227.81,0.00,341.92,1,2.92,1
sglang,self_consistency,336,167.81,0.00,340.19,1,2.94,1
sglang,self_consistency,337,182.04,0.00,293.67,1,3.41,1
sglang,self_consistency,338,202.27,0.00,386.19,1,2.59,1
sglang,self_consistency,339,249.79,0.00,441.51,1,2.26,1
sglang,self_consistency,340,322.50,0.00,438.27,1,2.28,1
sglang,self_consistency,341,193.32,0.00,320.41,1,3.12,1
sglang,self_consistency,342,228.47,0.00,355.87,1,2.81,1
sglang,self_consistency,343,241.65,0.00,357.81,1,2.79,1
sglang,self_consistency,344,264.39,0.00,413.33,1,2.42,1
sglang,self_consistency,345,228.26,0.00,356.75,1,2.80,1
sglang,self_consistency,346,293.28,0.00,407.75,1,2.45,1
sglang,self_consistency,347,254.54,0.00,445.72,1,2.24,1
sglang,self_consistency,348,238.47,0.00,381.50,1,2.62,1
sglang,self_consistency,349,152.75,0.00,322.04,1,3.11,1
sglang,self_consistency,350,165.24,0.00,309.38,1,3.23,1
sglang,self_consistency,351,233.95,0.00,353.61,1,2.83,1
sglang,self_consistency,352,229.78,0.00,360.66,1,2.77,1
sglang,self_consistency,353,304.15,0.00,434.95,1,2.30,1
sglang,self_consistency,354,183.60,0.00,372.80,1,2.68,1
sglang,self_consistency,355,199.09,0.00,331.34,1,3.02,1
sglang,self_consistency,356,224.49,0.00,420.16,1,2.38,1
sglang,self_consistency,357,236.28,0.00,452.47,1,2.21,1
sglang,self_consistency,358,209.24,0.00,362.94,1,2.76,1
sglang,self_consistency,359,255.57,0.00,434.31,1,2.30,1
sglang,self_consistency,360,291.74,0.00,476.62,1,2.10,1
sglang,self_consistency,361,288.18,0.00,447.37,1,2.24,1
sglang,self_consistency,362,169.27,0.00,351.99,1,2.84,1
sglang,self_consistency,363,242.78,0.00,406.22,1,2.46,1
sglang,self_consistency,364,193.63,0.00,416.88,1,2.40,1
sglang,self_consistency,365,176.43,0.00,356.73,1,2.80,1
sglang,self_consistency,366,177.22,0.00,433.30,1,2.31,1
sglang,self_consistency,367,328.16,0.00,481.19,1,2.08,1
sglang,self_consistency,368,207.54,0.00,360.96,1,2.77,1
sglang,self_consistency,369,252.91,0.00,444.14,1,2.25,1
sglang,self_consistency,370,194.40,0.00,348.43,1,2.87,1
sglang,self_consistency,371,192.69,0.00,419.04,1,2.39,1
sglang,self_consistency,372,259.47,0.00,429.36,1,2.33,1
sglang,self_consistency,373,230.67,0.00,434.10,1,2.30,1
sglang,self_consistency,374,170.27,0.00,339.89,1,2.94,1
sglang,self_consistency,375,184.94,0.00,364.14,1,2.75,1
sglang,self_consistency,376,205.44,0.00,472.00,1,2.12,1
sglang,self_consistency,377,263.09,0.00,488.59,1,2.05,1
sglang,self_consistency,378,170.62,0.00,341.46,1,2.93,1
sglang,self_consistency,379,260.23,0.00,499.56,1,2.00,1
sglang,self_consistency,380,181.64,0.00,416.78,1,2.40,1
sglang,self_consistency,381,207.80,0.00,390.12,1,2.56,1
sglang,self_consistency,382,220.76,0.00,387.91,1,2.58,1
sglang,self_consistency,383,180.22,0.00,389.16,1,2.57,1
sglang,self_consistency,384,171.15,0.00,423.02,1,2.36,1
sglang,self_consistency,385,183.45,0.00,301.43,1,3.32,1
sglang,self_consistency,386,202.46,0.00,322.55,1,3.10,1
sglang,self_consistency,387,198.58,0.00,275.69,1,3.63,1
sglang,self_consistency,388,257.41,0.00,341.69,1,2.93,1
sglang,self_consistency,389,200.06,0.00,327.00,1,3.06,1
sglang,self_consistency,390,200.79,0.00,293.50,1,3.41,1
sglang,self_consistency,391,226.65,0.00,321.69,1,3.11,1
sglang,self_consistency,392,135.13,0.00,197.04,1,5.08,1
sglang,self_consistency,393,193.14,0.00,259.14,1,3.86,1
sglang,self_consistency,394,190.23,0.00,323.27,1,3.09,1
sglang,self_consistency,395,125.34,0.00,215.96,1,4.63,1
sglang,self_consistency,396,196.90,0.00,328.95,1,3.04,1
sglang,self_consistency,397,195.66,0.00,272.56,1,3.67,1
sglang,self_consistency,398,201.40,0.00,336.42,1,2.97,1
sglang,self_consistency,399,251.33,0.00,318.35,1,3.14,1
sglang,self_consistency,400,236.80,0.00,261.49,1,3.82,1
sglang,self_consistency,401,128.45,0.00,268.47,1,3.72,1
sglang,self_consistency,402,204.69,0.00,309.84,1,3.23,1
sglang,self_consistency,403,176.44,0.00,284.68,1,3.51,1
sglang,self_consistency,404,277.52,0.00,348.80,1,2.87,1
sglang,self_consistency,405,222.59,0.00,329.84,1,3.03,1
sglang,self_consistency,406,193.20,0.00,269.50,1,3.71,1
sglang,self_consistency,407,228.14,0.00,309.24,1,3.23,1
sglang,self_consistency,408,236.95,0.00,346.66,1,2.88,1
sglang,self_consistency,409,287.83,0.00,340.55,1,2.94,1
sglang,self_consistency,410,159.07,0.00,249.46,1,4.01,1
sglang,self_consistency,411,246.19,0.00,310.68,1,3.22,1
sglang,self_consistency,412,177.98,0.00,296.75,1,3.37,1
sglang,self_consistency,413,182.90,0.00,266.02,1,3.76,1
sglang,self_consistency,414,178.76,0.00,305.12,1,3.28,1
sglang,self_consistency,415,189.52,0.00,270.56,1,3.70,1
sglang,self_consistency,416,219.88,0.00,376.18,1,2.66,1
sglang,self_consistency,417,229.82,0.00,293.60,1,3.41,1
sglang,self_consistency,418,216.75,0.00,313.14,1,3.19,1
sglang,self_consistency,419,248.10,0.00,377.01,1,2.65,1
sglang,self_consistency,420,213.57,0.00,307.79,1,3.25,1
sglang,self_consistency,421,212.86,0.00,271.23,1,3.69,1
sglang,self_consistency,422,177.03,0.00,274.02,1,3.65,1
sglang,self_consistency,423,200.90,0.00,366.34,1,2.73,1
sglang,self_consistency,424,149.36,0.00,279.12,1,3.58,1
sglang,self_consistency,425,178.14,0.00,236.61,1,4.23,1
sglang,self_consistency,426,275.37,0.00,380.70,1,2.63,1
sglang,self_consistency,427,196.84,0.00,337.95,1,2.96,1
sglang,self_consistency,428,196.98,0.00,314.16,1,3.18,1
sglang,self_consistency,429,185.47,0.00,270.22,1,3.70,1
sglang,self_consistency,430,256.45,0.00,356.72,1,2.80,1
sglang,self_consistency,431,207.43,0.00,326.63,1,3.06,1
sglang,self_consistency,432,123.76,0.00,267.10,1,3.74,1
sglang,self_consistency,433,182.05,0.00,253.17,1,3.95,1
sglang,self_consistency,434,228.04,0.00,311.25,1,3.21,1
sglang,self_consistency,435,239.71,0.00,308.44,1,3.24,1
sglang,self_consistency,436,286.26,0.00,354.25,1,2.82,1
sglang,self_consistency,437,267.16,0.00,340.34,1,2.94,1
sglang,self_consistency,438,272.87,0.00,359.53,1,2.78,1
sglang,self_consistency,439,145.44,0.00,269.14,1,3.72,1
sglang,self_consistency,440,235.33,0.00,309.17,1,3.23,1
sglang,self_consistency,441,167.98,0.00,250.28,1,4.00,1
sglang,self_consistency,442,218.73,0.00,304.73,1,3.28,1
sglang,self_consistency,443,167.57,0.00,268.11,1,3.73,1
sglang,self_consistency,444,253.97,0.00,400.17,1,2.50,1
sglang,self_consistency,445,229.09,0.00,380.96,1,2.62,1
sglang,self_consistency,446,284.86,0.00,414.03,1,2.42,1
sglang,self_consistency,447,276.74,0.00,409.99,1,2.44,1
sglang,self_consistency,448,205.17,0.00,285.89,1,3.50,1
sglang,self_consistency,449,226.84,0.00,349.54,1,2.86,1
sglang,self_consistency,450,219.24,0.00,314.62,1,3.18,1
sglang,self_consistency,451,163.36,0.00,259.05,1,3.86,1
sglang,self_consistency,452,211.95,0.00,320.83,1,3.12,1
sglang,self_consistency,453,188.62,0.00,285.75,1,3.50,1
sglang,self_consistency,454,175.82,0.00,410.31,1,2.44,1
sglang,self_consistency,455,229.24,0.00,328.87,1,3.04,1
sglang,self_consistency,456,247.93,0.00,381.21,1,2.62,1
sglang,self_consistency,457,279.96,0.00,365.71,1,2.73,1
sglang,self_consistency,458,241.50,0.00,405.19,1,2.47,1
sglang,self_consistency,459,194.83,0.00,334.83,1,2.99,1
sglang,self_consistency,460,273.98,0.00,374.01,1,2.67,1
sglang,self_consistency,461,246.73,0.00,382.78,1,2.61,1
sglang,self_consistency,462,294.20,0.00,404.29,1,2.47,1
sglang,self_consistency,463,247.74,0.00,367.98,1,2.72,1
sglang,self_consistency,464,275.41,0.00,398.69,1,2.51,1
sglang,self_consistency,465,221.07,0.00,343.87,1,2.91,1
sglang,self_consistency,466,185.30,0.00,302.85,1,3.30,1
sglang,self_consistency,467,187.32,0.00,332.67,1,3.01,1
sglang,self_consistency,468,210.36,0.00,353.79,1,2.83,1
sglang,self_consistency,469,224.30,0.00,400.42,1,2.50,1
sglang,self_consistency,470,154.52,0.00,308.11,1,3.25,1
sglang,self_consistency,471,219.05,0.00,395.74,1,2.53,1
sglang,self_consistency,472,220.04,0.00,369.08,1,2.71,1
sglang,self_consistency,473,173.43,0.00,290.45,1,3.44,1
sglang,self_consistency,474,158.71,0.00,339.86,1,2.94,1
sglang,self_consistency,475,297.08,0.00,332.65,1,3.01,1
sglang,self_consistency,476,198.00,0.00,318.93,1,3.14,1
sglang,self_consistency,477,247.10,0.00,438.59,1,2.28,1
sglang,self_consistency,478,174.35,0.00,301.69,1,3.31,1
sglang,self_consistency,479,295.49,0.00,416.43,1,2.40,1
sglang,self_consistency,480,248.92,0.00,367.58,1,2.72,1
sglang,self_consistency,481,231.16,0.00,399.39,1,2.50,1
sglang,self_consistency,482,233.25,0.00,424.28,1,2.36,1
sglang,self_consistency,483,247.77,0.00,410.72,1,2.43,1
sglang,self_consistency,484,222.12,0.00,399.11,1,2.51,1
sglang,self_consistency,485,226.62,0.00,399.02,1,2.51,1
sglang,self_consistency,486,200.91,0.00,395.34,1,2.53,1
sglang,self_consistency,487,185.96,0.00,385.15,1,2.60,1
sglang,self_consistency,488,164.01,0.00,400.72,1,2.50,1
sglang,self_consistency,489,251.06,0.00,428.55,1,2.33,1
sglang,self_consistency,490,237.40,0.00,387.07,1,2.58,1
sglang,self_consistency,491,283.07,0.00,457.85,1,2.18,1
sglang,self_consistency,492,156.72,0.00,299.13,1,3.34,1
sglang,self_consistency,493,204.37,0.00,349.39,1,2.86,1
sglang,self_consistency,494,230.77,0.00,381.41,1,2.62,1
sglang,self_consistency,495,177.26,0.00,364.66,1,2.74,1
sglang,self_consistency,496,130.33,0.00,340.18,1,2.94,1
sglang,self_consistency,497,177.79,0.00,319.10,1,3.13,1
sglang,self_consistency,498,169.07,0.00,325.31,1,3.07,1
sglang,self_consistency,499,207.73,0.00,348.38,1,2.87,1
sglang,self_consistency,500,207.93,0.00,387.50,1,2.58,1
sglang,self_consistency,501,193.28,0.00,331.85,1,3.01,1
sglang,self_consistency,502,173.98,0.00,335.46,1,2.98,1
sglang,self_consistency,503,274.05,0.00,433.61,1,2.31,1
sglang,self_consistency,504,175.61,0.00,336.82,1,2.97,1
sglang,self_consistency,505,159.46,0.00,377.86,1,2.65,1
sglang,self_consistency,506,288.72,0.00,439.94,1,2.27,1
sglang,self_consistency,507,191.04,0.00,334.07,1,2.99,1
sglang,self_consistency,508,221.14,0.00,381.23,1,2.62,1
sglang,self_consistency,509,221.91,0.00,376.07,1,2.66,1
sglang,self_consistency,510,186.07,0.00,358.48,1,2.79,1
sglang,self_consistency,511,119.89,0.00,356.20,1,2.81,1
sglang,self_consistency,512,177.29,0.00,350.24,1,2.86,1
sglang,self_consistency,513,250.71,0.00,333.88,1,3.00,1
sglang,self_consistency,514,194.05,0.00,314.61,1,3.18,1
sglang,self_consistency,515,181.74,0.00,268.72,1,3.72,1
sglang,self_consistency,516,203.68,0.00,323.32,1,3.09,1
sglang,self_consistency,517,199.24,0.00,323.05,1,3.10,1
sglang,self_consistency,518,205.96,0.00,329.24,1,3.04,1
sglang,self_consistency,519,148.92,0.00,241.76,1,4.14,1
sglang,self_consistency,520,242.32,0.00,334.95,1,2.99,1
sglang,self_consistency,521,145.30,0.00,305.33,1,3.28,1
sglang,self_consistency,522,149.60,0.00,280.60,1,3.56,1
sglang,self_consistency,523,204.45,0.00,298.95,1,3.35,1
sglang,self_consistency,524,211.26,0.00,310.98,1,3.22,1
sglang,self_consistency,525,219.91,0.00,351.89,1,2.84,1
sglang,self_consistency,526,179.60,0.00,247.30,1,4.04,1
sglang,self_consistency,527,193.19,0.00,282.28,1,3.54,1
sglang,self_consistency,528,245.50,0.00,335.41,1,2.98,1
sglang,self_consistency,529,243.59,0.00,351.95,1,2.84,1
sglang,self_consistency,530,204.45,0.00,244.39,1,4.09,1
sglang,self_consistency,531,182.39,0.00,323.13,1,3.09,1
sglang,self_consistency,532,252.87,0.00,335.32,1,2.98,1
sglang,self_consistency,533,125.57,0.00,271.74,1,3.68,1
sglang,self_consistency,534,215.70,0.00,303.26,1,3.30,1
sglang,self_consistency,535,217.64,0.00,255.16,1,3.92,1
sglang,self_consistency,536,245.70,0.00,298.04,1,3.36,1
sglang,self_consistency,537,142.20,0.00,262.18,1,3.81,1
sglang,self_consistency,538,247.15,0.00,357.08,1,2.80,1
sglang,self_consistency,539,202.97,0.00,283.99,1,3.52,1
sglang,self_consistency,540,235.05,0.00,314.01,1,3.18,1
sglang,self_consistency,541,211.26,0.00,257.28,1,3.89,1
sglang,self_consistency,542,242.26,0.00,366.78,1,2.73,1
sglang,self_consistency,543,181.35,0.00,248.86,1,4.02,1
sglang,self_consistency,544,204.44,0.00,330.21,1,3.03,1
sglang,self_consistency,545,180.02,0.00,336.31,1,2.97,1
sglang,self_consistency,546,171.13,0.00,268.17,1,3.73,1
sglang,self_consistency,547,212.86,0.00,313.98,1,3.18,1
sglang,self_consistency,548,203.27,0.00,299.75,1,3.34,1
sglang,self_consistency,549,254.15,0.00,323.65,1,3.09,1
sglang,self_consistency,550,208.96,0.00,264.65,1,3.78,1
sglang,self_consistency,551,208.57,0.00,317.59,1,3.15,1
sglang,self_consistency,552,215.08,0.00,342.25,1,2.92,1
sglang,self_consistency,553,250.84,0.00,344.54,1,2.90,1
sglang,self_consistency,554,255.93,0.00,382.78,1,2.61,1
sglang,self_consistency,555,139.01,0.00,248.74,1,4.02,1
sglang,self_consistency,556,169.21,0.00,295.63,1,3.38,1
sglang,self_consistency,557,261.87,0.00,365.93,1,2.73,1
sglang,self_consistency,558,165.28,0.00,283.10,1,3.53,1
sglang,self_consistency,559,230.68,0.00,336.03,1,2.98,1
sglang,self_consistency,560,234.60,0.00,322.14,1,3.10,1
sglang,self_consistency,561,134.26,0.00,267.82,1,3.73,1
sglang,self_consistency,562,211.53,0.00,319.32,1,3.13,1
sglang,self_consistency,563,177.19,0.00,314.83,1,3.18,1
sglang,self_consistency,564,269.89,0.00,390.33,1,2.56,1
sglang,self_consistency,565,242.62,0.00,318.77,1,3.14,1
sglang,self_consistency,566,168.36,0.00,264.93,1,3.77,1
sglang,self_consistency,567,222.42,0.00,350.78,1,2.85,1
sglang,self_consistency,568,245.99,0.00,340.99,1,2.93,1
sglang,self_consistency,569,191.19,0.00,280.42,1,3.57,1
sglang,self_consistency,570,174.62,0.00,304.23,1,3.29,1
sglang,self_consistency,571,239.72,0.00,356.01,1,2.81,1
sglang,self_consistency,572,146.69,0.00,266.94,1,3.75,1
sglang,self_consistency,573,218.77,0.00,373.47,1,2.68,1
sglang,self_consistency,574,221.82,0.00,313.07,1,3.19,1
sglang,self_consistency,575,170.02,0.00,278.61,1,3.59,1
sglang,self_consistency,576,183.56,0.00,284.34,1,3.52,1
sglang,self_consistency,577,169.15,0.00,271.27,1,3.69,1
sglang,self_consistency,578,189.54,0.00,316.02,1,3.16,1
sglang,self_consistency,579,249.57,0.00,340.03,1,2.94,1
sglang,self_consistency,580,173.72,0.00,269.29,1,3.71,1
sglang,self_consistency,581,311.01,0.00,405.03,1,2.47,1
sglang,self_consistency,582,190.69,0.00,293.39,1,3.41,1
sglang,self_consistency,583,183.92,0.00,314.87,1,3.18,1
sglang,self_consistency,584,183.55,0.00,304.17,1,3.29,1
sglang,self_consistency,585,126.28,0.00,331.06,1,3.02,1
sglang,self_consistency,586,306.34,0.00,410.27,1,2.44,1
sglang,self_consistency,587,209.70,0.00,380.04,1,2.63,1
sglang,self_consistency,588,165.90,0.00,339.78,1,2.94,1
sglang,self_consistency,589,189.56,0.00,308.54,1,3.24,1
sglang,self_consistency,590,168.91,0.00,275.76,1,3.63,1
sglang,self_consistency,591,192.53,0.00,308.62,1,3.24,1
sglang,self_consistency,592,160.21,0.00,318.49,1,3.14,1
sglang,self_consistency,593,175.26,0.00,285.40,1,3.50,1
sglang,self_consistency,594,210.30,0.00,336.66,1,2.97,1
sglang,self_consistency,595,258.57,0.00,408.07,1,2.45,1
sglang,self_consistency,596,237.61,0.00,415.28,1,2.41,1
sglang,self_consistency,597,208.29,0.00,390.07,1,2.56,1
sglang,self_consistency,598,157.74,0.00,311.36,1,3.21,1
sglang,self_consistency,599,174.30,0.00,291.44,1,3.43,1
sglang,self_consistency,600,256.10,0.00,412.45,1,2.42,1
sglang,self_consistency,601,164.98,0.00,353.65,1,2.83,1
sglang,self_consistency,602,216.62,0.00,382.49,1,2.61,1
sglang,self_consistency,603,229.16,0.00,363.43,1,2.75,1
sglang,self_consistency,604,181.31,0.00,344.07,1,2.91,1
sglang,self_consistency,605,181.79,0.00,309.98,1,3.23,1
sglang,self_consistency,606,157.10,0.00,303.23,1,3.30,1
sglang,self_consistency,607,232.10,0.00,416.18,1,2.40,1
sglang,self_consistency,608,149.20,0.00,318.92,1,3.14,1
sglang,self_consistency,609,143.25,0.00,335.44,1,2.98,1
sglang,self_consistency,610,166.88,0.00,333.48,1,3.00,1
sglang,self_consistency,611,208.95,0.00,343.92,1,2.91,1
sglang,self_consistency,612,245.06,0.00,448.06,1,2.23,1
sglang,self_consistency,613,185.59,0.00,324.33,1,3.08,1
sglang,self_consistency,614,214.96,0.00,411.82,1,2.43,1
sglang,self_consistency,615,220.66,0.00,399.97,1,2.50,1
sglang,self_consistency,616,284.20,0.00,429.83,1,2.33,1
sglang,self_consistency,617,183.49,0.00,389.67,1,2.57,1
sglang,self_consistency,618,228.66,0.00,387.57,1,2.58,1
sglang,self_consistency,619,174.31,0.00,356.58,1,2.80,1
sglang,self_consistency,620,217.07,0.00,420.06,1,2.38,1
sglang,self_consistency,621,287.69,0.00,434.55,1,2.30,1
sglang,self_consistency,622,276.82,0.00,431.64,1,2.32,1
sglang,self_consistency,623,187.98,0.00,371.79,1,2.69,1
sglang,self_consistency,624,184.66,0.00,401.99,1,2.49,1
sglang,self_consistency,625,234.41,0.00,448.07,1,2.23,1
sglang,self_consistency,626,229.23,0.00,396.10,1,2.52,1
sglang,self_consistency,627,189.11,0.00,338.73,1,2.95,1
sglang,self_consistency,628,231.55,0.00,397.20,1,2.52,1
sglang,self_consistency,629,219.23,0.00,383.50,1,2.61,1
sglang,self_consistency,630,221.22,0.00,390.06,1,2.56,1
sglang,self_consistency,631,212.90,0.00,373.58,1,2.68,1
sglang,self_consistency,632,256.98,0.00,429.83,1,2.33,1
sglang,self_consistency,633,218.32,0.00,426.04,1,2.35,1
sglang,self_consistency,634,241.46,0.00,408.20,1,2.45,1
sglang,self_consistency,635,191.63,0.00,366.18,1,2.73,1
sglang,self_consistency,636,218.51,0.00,398.12,1,2.51,1
sglang,self_consistency,637,206.54,0.00,365.01,1,2.74,1
sglang,self_consistency,638,315.27,0.00,484.18,1,2.07,1
sglang,self_consistency,639,188.07,0.00,379.00,1,2.64,1
sglang,self_consistency,640,187.16,0.00,361.55,1,2.77,1
sglang,self_consistency,641,163.76,0.00,328.30,1,3.05,1
sglang,self_consistency,642,75.67,0.00,212.88,1,4.70,1
sglang,self_consistency,643,212.47,0.00,351.31,1,2.85,1
sglang,self_consistency,644,197.57,0.00,306.02,1,3.27,1
sglang,self_consistency,645,193.95,0.00,301.12,1,3.32,1
sglang,self_consistency,646,191.99,0.00,339.11,1,2.95,1
sglang,self_consistency,647,188.87,0.00,301.39,1,3.32,1
sglang,self_consistency,648,137.60,0.00,242.92,1,4.12,1
sglang,self_consistency,649,299.13,0.00,361.60,1,2.77,1
sglang,self_consistency,650,124.93,0.00,275.92,1,3.62,1
sglang,self_consistency,651,149.73,0.00,260.00,1,3.85,1
sglang,self_consistency,652,183.75,0.00,339.58,1,2.94,1
sglang,self_consistency,653,243.46,0.00,369.92,1,2.70,1
sglang,self_consistency,654,181.72,0.00,282.05,1,3.55,1
sglang,self_consistency,655,263.82,0.00,330.49,1,3.03,1
sglang,self_consistency,656,250.02,0.00,294.96,1,3.39,1
sglang,self_consistency,657,246.92,0.00,328.77,1,3.04,1
sglang,self_consistency,658,216.40,0.00,347.74,1,2.88,1
sglang,self_consistency,659,86.55,0.00,278.01,1,3.60,1
sglang,self_consistency,660,175.45,0.00,228.45,1,4.38,1
sglang,self_consistency,661,160.10,0.00,298.23,1,3.35,1
sglang,self_consistency,662,149.89,0.00,253.80,1,3.94,1
sglang,self_consistency,663,162.27,0.00,243.46,1,4.11,1
sglang,self_consistency,664,197.58,0.00,249.17,1,4.01,1
sglang,self_consistency,665,136.70,0.00,306.93,1,3.26,1
sglang,self_consistency,666,216.37,0.00,320.50,1,3.12,1
sglang,self_consistency,667,197.06,0.00,275.60,1,3.63,1
sglang,self_consistency,668,170.96,0.00,306.52,1,3.26,1
sglang,self_consistency,669,234.95,0.00,327.13,1,3.06,1
sglang,self_consistency,670,205.85,0.00,353.48,1,2.83,1
sglang,self_consistency,671,177.31,0.00,325.24,1,3.07,1
sglang,self_consistency,672,157.42,0.00,255.06,1,3.92,1
sglang,self_consistency,673,205.85,0.00,292.11,1,3.42,1
sglang,self_consistency,674,207.21,0.00,359.68,1,2.78,1
sglang,self_consistency,675,199.73,0.00,261.32,1,3.83,1
sglang,self_consistency,676,261.39,0.00,384.63,1,2.60,1
sglang,self_consistency,677,176.92,0.00,282.90,1,3.53,1
sglang,self_consistency,678,268.26,0.00,389.34,1,2.57,1
sglang,self_consistency,679,239.91,0.00,318.78,1,3.14,1
sglang,self_consistency,680,274.15,0.00,397.12,1,2.52,1
sglang,self_consistency,681,203.14,0.00,277.94,1,3.60,1
sglang,self_consistency,682,151.55,0.00,317.74,1,3.15,1
sglang,self_consistency,683,201.57,0.00,285.34,1,3.50,1
sglang,self_consistency,684,249.29,0.00,361.49,1,2.77,1
sglang,self_consistency,685,242.65,0.00,376.31,1,2.66,1
sglang,self_consistency,686,191.65,0.00,283.85,1,3.52,1
sglang,self_consistency,687,162.76,0.00,277.20,1,3.61,1
sglang,self_consistency,688,182.37,0.00,264.39,1,3.78,1
sglang,self_consistency,689,204.13,0.00,410.05,1,2.44,1
sglang,self_consistency,690,231.94,0.00,405.15,1,2.47,1
sglang,self_consistency,691,249.66,0.00,400.31,1,2.50,1
sglang,self_consistency,692,261.09,0.00,387.84,1,2.58,1
sglang,self_consistency,693,189.44,0.00,279.22,1,3.58,1
sglang,self_consistency,694,182.63,0.00,354.20,1,2.82,1
sglang,self_consistency,695,205.79,0.00,330.05,1,3.03,1
sglang,self_consistency,696,285.77,0.00,381.74,1,2.62,1
sglang,self_consistency,697,262.22,0.00,360.67,1,2.77,1
sglang,self_consistency,698,183.22,0.00,399.95,1,2.50,1
sglang,self_consistency,699,183.02,0.00,333.24,1,3.00,1
sglang,self_consistency,700,224.89,0.00,325.20,1,3.08,1
sglang,self_consistency,701,249.03,0.00,385.13,1,2.60,1
sglang,self_consistency,702,270.41,0.00,379.24,1,2.64,1
sglang,self_consistency,703,200.74,0.00,379.17,1,2.64,1
sglang,self_consistency,704,293.62,0.00,426.89,1,2.34,1
sglang,self_consistency,705,202.91,0.00,361.52,1,2.77,1
sglang,self_consistency,706,170.40,0.00,350.79,1,2.85,1
sglang,self_consistency,707,196.58,0.00,307.58,1,3.25,1
sglang,self_consistency,708,192.25,0.00,360.65,1,2.77,1
sglang,self_consistency,709,209.98,0.00,330.72,1,3.02,1
sglang,self_consistency,710,196.87,0.00,334.40,1,2.99,1
sglang,self_consistency,711,214.71,0.00,322.61,1,3.10,1
sglang,self_consistency,712,195.22,0.00,364.29,1,2.75,1
sglang,self_consistency,713,167.42,0.00,314.01,1,3.18,1
sglang,self_consistency,714,159.73,0.00,355.66,1,2.81,1
sglang,self_consistency,715,201.16,0.00,325.27,1,3.07,1
sglang,self_consistency,716,164.61,0.00,291.20,1,3.43,1
sglang,self_consistency,717,163.20,0.00,334.23,1,2.99,1
sglang,self_consistency,718,199.10,0.00,341.43,1,2.93,1
sglang,self_consistency,719,268.40,0.00,446.36,1,2.24,1
sglang,self_consistency,720,337.43,0.00,455.42,1,2.20,1
sglang,self_consistency,721,178.55,0.00,294.62,1,3.39,1
sglang,self_consistency,722,170.91,0.00,343.95,1,2.91,1
sglang,self_consistency,723,220.30,0.00,403.23,1,2.48,1
sglang,self_consistency,724,193.53,0.00,379.92,1,2.63,1
sglang,self_consistency,725,161.26,0.00,439.53,1,2.28,1
sglang,self_consistency,726,181.55,0.00,344.14,1,2.91,1
sglang,self_consistency,727,200.99,0.00,411.24,1,2.43,1
sglang,self_consistency,728,228.15,0.00,442.38,1,2.26,1
sglang,self_consistency,729,189.04,0.00,315.99,1,3.16,1
sglang,self_consistency,730,178.38,0.00,314.95,1,3.18,1
sglang,self_consistency,731,206.61,0.00,391.79,1,2.55,1
sglang,self_consistency,732,235.37,0.00,403.88,1,2.48,1
sglang,self_consistency,733,236.47,0.00,433.74,1,2.31,1
sglang,self_consistency,734,224.42,0.00,442.25,1,2.26,1
sglang,self_consistency,735,214.41,0.00,431.15,1,2.32,1
sglang,self_consistency,736,197.38,0.00,365.57,1,2.74,1
sglang,self_consistency,737,205.05,0.00,377.38,1,2.65,1
sglang,self_consistency,738,253.28,0.00,402.73,1,2.48,1
sglang,self_consistency,739,201.27,0.00,401.84,1,2.49,1
sglang,self_consistency,740,215.33,0.00,435.59,1,2.30,1
sglang,self_consistency,741,273.10,0.00,444.22,1,2.25,1
sglang,self_consistency,742,152.93,0.00,329.08,1,3.04,1
sglang,self_consistency,743,220.82,0.00,443.12,1,2.26,1
sglang,self_consistency,744,176.09,0.00,409.58,1,2.44,1
sglang,self_consistency,745,111.76,0.00,378.55,1,2.64,1
sglang,self_consistency,746,223.40,0.00,395.49,1,2.53,1
sglang,self_consistency,747,152.79,0.00,356.16,1,2.81,1
sglang,self_consistency,748,202.64,0.00,408.00,1,2.45,1
sglang,self_consistency,749,175.47,0.00,352.91,1,2.83,1
sglang,self_consistency,750,199.27,0.00,433.78,1,2.31,1
sglang,self_consistency,751,150.39,0.00,361.08,1,2.77,1
sglang,self_consistency,752,251.15,0.00,478.23,1,2.09,1
sglang,self_consistency,753,254.13,0.00,443.38,1,2.26,1
sglang,self_consistency,754,181.19,0.00,386.31,1,2.59,1
sglang,self_consistency,755,174.95,0.00,370.35,1,2.70,1
sglang,self_consistency,756,236.70,0.00,394.11,1,2.54,1
sglang,self_consistency,757,219.83,0.00,460.01,1,2.17,1
sglang,self_consistency,758,237.57,0.00,403.06,1,2.48,1
sglang,self_consistency,759,314.69,0.00,482.05,1,2.07,1
sglang,self_consistency,760,167.66,0.00,387.88,1,2.58,1
sglang,self_consistency,761,230.99,0.00,481.65,1,2.08,1
sglang,self_consistency,762,139.67,0.00,354.24,1,2.82,1
sglang,self_consistency,763,211.57,0.00,405.43,1,2.47,1
sglang,self_consistency,764,182.42,0.00,359.63,1,2.78,1
sglang,self_consistency,765,217.29,0.00,384.02,1,2.60,1
sglang,self_consistency,766,302.73,0.00,503.77,1,1.99,1
sglang,self_consistency,767,272.84,0.00,449.13,1,2.23,1
sglang,self_consistency,768,244.81,0.00,448.40,1,2.23,1
sglang,self_consistency,769,218.65,0.00,333.66,1,3.00,1
sglang,self_consistency,770,160.51,0.00,315.49,1,3.17,1
sglang,self_consistency,771,179.05,0.00,301.44,1,3.32,1
sglang,self_consistency,772,198.51,0.00,317.65,1,3.15,1
sglang,self_consistency,773,179.93,0.00,245.30,1,4.08,1
sglang,self_consistency,774,166.36,0.00,255.76,1,3.91,1
sglang,self_consistency,775,260.27,0.00,293.32,1,3.41,1
sglang,self_consistency,776,167.05,0.00,223.27,1,4.48,1
sglang,self_consistency,777,192.30,0.00,324.04,1,3.09,1
sglang,self_consistency,778,226.01,0.00,316.74,1,3.16,1
sglang,self_consistency,779,167.44,0.00,259.23,1,3.86,1
sglang,self_consistency,780,204.76,0.00,336.10,1,2.98,1
sglang,self_consistency,781,274.40,0.00,339.92,1,2.94,1
sglang,self_consistency,782,185.61,0.00,286.94,1,3.49,1
sglang,self_consistency,783,154.83,0.00,322.00,1,3.11,1
sglang,self_consistency,784,127.66,0.00,227.68,1,4.39,1
sglang,self_consistency,785,124.13,0.00,233.38,1,4.28,1
sglang,self_consistency,786,102.13,0.00,238.67,1,4.19,1
sglang,self_consistency,787,223.19,0.00,295.47,1,3.38,1
sglang,self_consistency,788,188.57,0.00,332.37,1,3.01,1
sglang,self_consistency,789,182.67,0.00,255.99,1,3.91,1
sglang,self_consistency,790,141.88,0.00,357.04,1,2.80,1
sglang,self_consistency,791,183.49,0.00,232.26,1,4.31,1
sglang,self_consistency,792,233.87,0.00,338.15,1,2.96,1
sglang,self_consistency,793,266.77,0.00,292.22,1,3.42,1
sglang,self_consistency,794,221.75,0.00,341.63,1,2.93,1
sglang,self_consistency,795,215.88,0.00,258.80,1,3.86,1
sglang,self_consistency,796,188.35,0.00,229.38,1,4.36,1
sglang,self_consistency,797,161.50,0.00,247.03,1,4.05,1
sglang,self_consistency,798,194.47,0.00,288.64,1,3.46,1
sglang,self_consistency,799,211.99,0.00,365.09,1,2.74,1
sglang,self_consistency,800,178.19,0.00,232.31,1,4.30,1
sglang,self_consistency,801,138.09,0.00,335.41,1,2.98,1
sglang,self_consistency,802,158.28,0.00,317.75,1,3.15,1
sglang,self_consistency,803,250.22,0.00,312.37,1,3.20,1
sglang,self_consistency,804,227.31,0.00,355.72,1,2.81,1
sglang,self_consistency,805,191.98,0.00,315.43,1,3.17,1
sglang,self_consistency,806,203.53,0.00,336.29,1,2.97,1
sglang,self_consistency,807,188.33,0.00,280.75,1,3.56,1
sglang,self_consistency,808,180.26,0.00,234.55,1,4.26,1
sglang,self_consistency,809,218.10,0.00,343.78,1,2.91,1
sglang,self_consistency,810,176.80,0.00,286.69,1,3.49,1
sglang,self_consistency,811,183.11,0.00,316.53,1,3.16,1
sglang,self_consistency,812,152.94,0.00,257.87,1,3.88,1
sglang,self_consistency,813,217.06,0.00,270.14,1,3.70,1
sglang,self_consistency,814,255.58,0.00,343.15,1,2.91,1
sglang,self_consistency,815,259.56,0.00,348.11,1,2.87,1
sglang,self_consistency,816,257.48,0.00,332.16,1,3.01,1
sglang,self_consistency,817,234.02,0.00,380.30,1,2.63,1
sglang,self_consistency,818,169.18,0.00,249.63,1,4.01,1
sglang,self_consistency,819,223.88,0.00,294.84,1,3.39,1
sglang,self_consistency,820,216.17,0.00,331.28,1,3.02,1
sglang,self_consistency,821,179.23,0.00,261.22,1,3.83,1
sglang,self_consistency,822,179.71,0.00,257.68,1,3.88,1
sglang,self_consistency,823,201.94,0.00,322.15,1,3.10,1
sglang,self_consistency,824,203.41,0.00,274.26,1,3.65,1
sglang,self_consistency,825,267.09,0.00,364.44,1,2.74,1
sglang,self_consistency,826,178.82,0.00,329.14,1,3.04,1
sglang,self_consistency,827,194.40,0.00,325.70,1,3.07,1
sglang,self_consistency,828,173.11,0.00,263.16,1,3.80,1
sglang,self_consistency,829,157.48,0.00,283.51,1,3.53,1
sglang,self_consistency,830,240.64,0.00,324.49,1,3.08,1
sglang,self_consistency,831,193.01,0.00,294.88,1,3.39,1
sglang,self_consistency,832,134.38,0.00,288.68,1,3.46,1
sglang,self_consistency,833,210.13,0.00,309.31,1,3.23,1
sglang,self_consistency,834,268.84,0.00,363.76,1,2.75,1
sglang,self_consistency,835,193.18,0.00,352.92,1,2.83,1
sglang,self_consistency,836,231.91,0.00,333.31,1,3.00,1
sglang,self_consistency,837,178.69,0.00,261.98,1,3.82,1
sglang,self_consistency,838,195.67,0.00,284.33,1,3.52,1
sglang,self_consistency,839,182.45,0.00,284.62,1,3.51,1
sglang,self_consistency,840,182.22,0.00,417.16,1,2.40,1
sglang,self_consistency,841,223.94,0.00,325.25,1,3.07,1
sglang,self_consistency,842,270.52,0.00,414.82,1,2.41,1
sglang,self_consistency,843,169.65,0.00,269.03,1,3.72,1
sglang,self_consistency,844,240.14,0.00,387.32,1,2.58,1
sglang,self_consistency,845,166.14,0.00,333.00,1,3.00,1
sglang,self_consistency,846,233.77,0.00,375.74,1,2.66,1
sglang,self_consistency,847,246.72,0.00,423.08,1,2.36,1
sglang,self_consistency,848,192.59,0.00,407.52,1,2.45,1
sglang,self_consistency,849,270.94,0.00,394.49,1,2.53,1
sglang,self_consistency,850,192.42,0.00,337.33,1,2.96,1
sglang,self_consistency,851,224.00,0.00,341.23,1,2.93,1
sglang,self_consistency,852,169.71,0.00,273.49,1,3.66,1
sglang,self_consistency,853,165.67,0.00,321.48,1,3.11,1
sglang,self_consistency,854,108.47,0.00,330.74,1,3.02,1
sglang,self_consistency,855,243.46,0.00,399.84,1,2.50,1
sglang,self_consistency,856,197.95,0.00,309.42,1,3.23,1
sglang,self_consistency,857,205.30,0.00,428.29,1,2.33,1
sglang,self_consistency,858,215.41,0.00,408.10,1,2.45,1
sglang,self_consistency,859,160.37,0.00,289.58,1,3.45,1
sglang,self_consistency,860,203.71,0.00,315.25,1,3.17,1
sglang,self_consistency,861,173.11,0.00,366.63,1,2.73,1
sglang,self_consistency,862,177.99,0.00,319.46,1,3.13,1
sglang,self_consistency,863,188.20,0.00,313.73,1,3.19,1
sglang,self_consistency,864,211.11,0.00,336.57,1,2.97,1
sglang,self_consistency,865,193.92,0.00,331.92,1,3.01,1
sglang,self_consistency,866,275.47,0.00,448.19,1,2.23,1
sglang,self_consistency,867,198.55,0.00,341.88,1,2.92,1
sglang,self_consistency,868,254.91,0.00,381.10,1,2.62,1
sglang,self_consistency,869,294.64,0.00,419.91,1,2.38,1
sglang,self_consistency,870,235.59,0.00,438.30,1,2.28,1
sglang,self_consistency,871,204.37,0.00,383.38,1,2.61,1
sglang,self_consistency,872,214.82,0.00,349.25,1,2.86,1
sglang,self_consistency,873,186.21,0.00,360.65,1,2.77,1
sglang,self_consistency,874,167.83,0.00,312.01,1,3.21,1
sglang,self_consistency,875,207.57,0.00,359.06,1,2.79,1
sglang,self_consistency,876,168.96,0.00,338.15,1,2.96,1
sglang,self_consistency,877,177.70,0.00,379.35,1,2.64,1
sglang,self_consistency,878,206.99,0.00,358.24,1,2.79,1
sglang,self_consistency,879,168.02,0.00,321.70,1,3.11,1
sglang,self_consistency,880,221.13,0.00,430.70,1,2.32,1
sglang,self_consistency,881,245.93,0.00,416.80,1,2.40,1
sglang,self_consistency,882,231.79,0.00,378.61,1,2.64,1
sglang,self_consistency,883,170.79,0.00,319.28,1,3.13,1
sglang,self_consistency,884,198.17,0.00,348.45,1,2.87,1
sglang,self_consistency,885,328.93,0.00,463.11,1,2.16,1
sglang,self_consistency,886,219.16,0.00,373.26,1,2.68,1
sglang,self_consistency,887,214.04,0.00,372.46,1,2.68,1
sglang,self_consistency,888,235.00,0.00,388.78,1,2.57,1
sglang,self_consistency,889,197.31,0.00,371.26,1,2.69,1
sglang,self_consistency,890,177.85,0.00,394.67,1,2.53,1
sglang,self_consistency,891,262.59,0.00,416.63,1,2.40,1
sglang,self_consistency,892,203.18,0.00,382.12,1,2.62,1
sglang,self_consistency,893,249.41,0.00,397.22,1,2.52,1
sglang,self_consistency,894,145.24,0.00,332.52,1,3.01,1
sglang,self_consistency,895,168.44,0.00,357.65,1,2.80,1
sglang,self_consistency,896,157.69,0.00,370.19,1,2.70,1
sglang,self_consistency,897,187.02,0.00,258.77,1,3.86,1
sglang,self_consistency,898,185.27,0.00,268.81,1,3.72,1
sglang,self_consistency,899,210.16,0.00,285.88,1,3.50,1
sglang,self_consistency,900,175.89,0.00,256.13,1,3.90,1
sglang,self_consistency,901,173.81,0.00,221.18,1,4.52,1
sglang,self_consistency,902,167.58,0.00,251.83,1,3.97,1
sglang,self_consistency,903,79.96,0.00,195.46,1,5.12,1
sglang,self_consistency,904,169.33,0.00,231.11,1,4.33,1
sglang,self_consistency,905,188.00,0.00,247.88,1,4.03,1
sglang,self_consistency,906,155.96,0.00,209.27,1,4.78,1
sglang,self_consistency,907,128.06,0.00,182.53,1,5.48,1
sglang,self_consistency,908,144.22,0.00,228.64,1,4.37,1
sglang,self_consistency,909,156.87,0.00,238.80,1,4.19,1
sglang,self_consistency,910,176.17,0.00,261.11,1,3.83,1
sglang,self_consistency,911,191.53,0.00,271.25,1,3.69,1
sglang,self_consistency,912,146.19,0.00,230.75,1,4.33,1
sglang,self_consistency,913,151.18,0.00,238.87,1,4.19,1
sglang,self_consistency,914,148.80,0.00,238.06,1,4.20,1
sglang,self_consistency,915,218.40,0.00,249.61,1,4.01,1
sglang,self_consistency,916,197.69,0.00,221.80,1,4.51,1
sglang,self_consistency,917,204.68,0.00,284.00,1,3.52,1
sglang,self_consistency,918,203.12,0.00,288.16,1,3.47,1
sglang,self_consistency,919,118.92,0.00,204.88,1,4.88,1
sglang,self_consistency,920,190.65,0.00,244.47,1,4.09,1
sglang,self_consistency,921,177.75,0.00,239.62,1,4.17,1
sglang,self_consistency,922,200.59,0.00,285.66,1,3.50,1
sglang,self_consistency,923,184.90,0.00,249.06,1,4.02,1
sglang,self_consistency,924,210.05,0.00,264.33,1,3.78,1
sglang,self_consistency,925,119.44,0.00,182.72,1,5.47,1
sglang,self_consistency,926,199.80,0.00,284.66,1,3.51,1
sglang,self_consistency,927,167.87,0.00,259.33,1,3.86,1
sglang,self_consistency,928,263.70,0.00,295.96,1,3.38,1
sglang,self_consistency,929,154.73,0.00,220.55,1,4.53,1
sglang,self_consistency,930,167.97,0.00,253.17,1,3.95,1
sglang,self_consistency,931,146.11,0.00,207.74,1,4.81,1
sglang,self_consistency,932,169.68,0.00,234.01,1,4.27,1
sglang,self_consistency,933,157.33,0.00,217.39,1,4.60,1
sglang,self_consistency,934,154.42,0.00,189.61,1,5.27,1
sglang,self_consistency,935,167.73,0.00,265.26,1,3.77,1
sglang,self_consistency,936,169.39,0.00,201.91,1,4.95,1
sglang,self_consistency,937,219.70,0.00,292.33,1,3.42,1
sglang,self_consistency,938,180.72,0.00,252.17,1,3.97,1
sglang,self_consistency,939,170.57,0.00,237.62,1,4.21,1
sglang,self_consistency,940,210.48,0.00,272.44,1,3.67,1
sglang,self_consistency,941,171.90,0.00,216.20,1,4.63,1
sglang,self_consistency,942,225.57,0.00,251.96,1,3.97,1
sglang,self_consistency,943,177.46,0.00,204.78,1,4.88,1
sglang,self_consistency,944,148.08,0.00,195.47,1,5.12,1
sglang,self_consistency,945,230.89,0.00,264.20,1,3.78,1
sglang,self_consistency,946,214.06,0.00,263.17,1,3.80,1
sglang,self_consistency,947,175.82,0.00,214.99,1,4.65,1
sglang,self_consistency,948,214.01,0.00,290.61,1,3.44,1
sglang,self_consistency,949,186.56,0.00,208.83,1,4.79,1
sglang,self_consistency,950,161.53,0.00,237.36,1,4.21,1
sglang,self_consistency,951,235.64,0.00,285.68,1,3.50,1
sglang,self_consistency,952,248.18,0.00,291.06,1,3.44,1
sglang,self_consistency,953,252.16,0.00,283.99,1,3.52,1
sglang,self_consistency,954,244.21,0.00,272.78,1,3.67,1
sglang,self_consistency,955,246.80,0.00,271.74,1,3.68,1
sglang,self_consistency,956,205.86,0.00,301.22,1,3.32,1
sglang,self_consistency,957,175.83,0.00,216.13,1,4.63,1
sglang,self_consistency,958,178.85,0.00,203.26,1,4.92,1
sglang,self_consistency,959,188.60,0.00,219.54,1,4.55,1
sglang,self_consistency,960,175.66,0.00,202.75,1,4.93,1
sglang,self_consistency,961,132.84,0.00,184.61,1,5.42,1
sglang,self_consistency,962,206.37,0.00,284.44,1,3.52,1
sglang,self_consistency,963,160.36,0.00,196.79,1,5.08,1
sglang,self_consistency,964,185.38,0.00,235.03,1,4.25,1
sglang,self_consistency,965,163.55,0.00,196.50,1,5.09,1
sglang,self_consistency,966,125.48,0.00,193.85,1,5.16,1
sglang,self_consistency,967,110.39,0.00,188.82,1,5.30,1
sglang,self_consistency,968,250.47,0.00,283.23,1,3.53,1
sglang,self_consistency,969,188.84,0.00,241.42,1,4.14,1
sglang,self_consistency,970,172.34,0.00,224.50,1,4.45,1
sglang,self_consistency,971,222.19,0.00,259.76,1,3.85,1
sglang,self_consistency,972,238.20,0.00,288.17,1,3.47,1
sglang,self_consistency,973,184.72,0.00,264.77,1,3.78,1
sglang,self_consistency,974,176.54,0.00,219.39,1,4.56,1
sglang,self_consistency,975,169.87,0.00,210.18,1,4.76,1
sglang,self_consistency,976,157.80,0.00,192.60,1,5.19,1
sglang,self_consistency,977,182.18,0.00,255.99,1,3.91,1
sglang,self_consistency,978,160.59,0.00,205.37,1,4.87,1
sglang,self_consistency,979,165.62,0.00,197.25,1,5.07,1
sglang,self_consistency,980,138.86,0.00,212.74,1,4.70,1
sglang,self_consistency,981,200.15,0.00,252.16,1,3.97,1
sglang,self_consistency,982,182.96,0.00,212.16,1,4.71,1
sglang,self_consistency,983,194.89,0.00,244.34,1,4.09,1
sglang,self_consistency,984,150.27,0.00,193.01,1,5.18,1
sglang,self_consistency,985,195.05,0.00,237.34,1,4.21,1
sglang,self_consistency,986,157.79,0.00,208.12,1,4.80,1
sglang,self_consistency,987,183.82,0.00,233.18,1,4.29,1
sglang,self_consistency,988,173.26,0.00,228.90,1,4.37,1
sglang,self_consistency,989,238.53,0.00,295.34,1,3.39,1
sglang,self_consistency,990,184.11,0.00,219.20,1,4.56,1
sglang,self_consistency,991,156.62,0.00,191.26,1,5.23,1
sglang,self_consistency,992,162.29,0.00,215.67,1,4.64,1
sglang,self_consistency,993,194.53,0.00,236.40,1,4.23,1
sglang,self_consistency,994,220.97,0.00,299.01,1,3.34,1
sglang,self_consistency,995,189.27,0.00,243.33,1,4.11,1
sglang,self_consistency,996,198.05,0.00,238.95,1,4.19,1
sglang,self_consistency,997,149.57,0.00,195.90,1,5.10,1
sglang,self_consistency,998,157.17,0.00,204.52,1,4.89,1
sglang,self_consistency,999,206.69,0.00,241.29,1,4.14,1
sglang,multi_turn,0,99.25,176.62,275.88,2,7.25,1
sglang,multi_turn,1,616.70,0.00,657.60,1,1.52,1
sglang,multi_turn,2,132.47,104.02,236.48,2,8.46,1
sglang,multi_turn,3,161.84,0.00,260.43,1,3.84,1
sglang,multi_turn,4,141.09,0.00,258.22,1,3.87,1
sglang,multi_turn,5,186.67,95.45,282.12,2,7.09,1
sglang,multi_turn,6,204.61,81.27,285.89,2,7.00,1
sglang,multi_turn,7,216.25,0.00,294.41,1,3.40,1
sglang,multi_turn,8,70.98,196.98,267.96,2,7.46,1
sglang,multi_turn,9,542.81,24.02,566.83,2,3.53,1
sglang,multi_turn,10,155.32,0.00,257.15,1,3.89,1
sglang,multi_turn,11,205.05,0.00,282.56,1,3.54,1
sglang,multi_turn,12,226.47,0.00,343.46,1,2.91,1
sglang,multi_turn,13,163.96,0.00,220.18,1,4.54,1
sglang,multi_turn,14,264.25,0.00,388.38,1,2.57,1
sglang,multi_turn,15,156.81,0.00,230.99,1,4.33,1
sglang,multi_turn,16,92.65,0.00,218.63,1,4.57,1
sglang,multi_turn,17,619.55,0.00,639.96,1,1.56,1
sglang,multi_turn,18,121.63,29.34,297.70,7,23.51,0
sglang,multi_turn,19,126.93,50.79,177.72,2,11.25,1
sglang,multi_turn,20,206.42,0.00,347.02,1,2.88,1
sglang,multi_turn,21,109.31,194.63,303.94,2,6.58,1
sglang,multi_turn,22,135.61,138.35,273.97,2,7.30,1
sglang,multi_turn,23,163.12,0.00,241.84,1,4.13,1
sglang,multi_turn,24,77.64,0.00,215.65,1,4.64,1
sglang,multi_turn,25,636.17,0.00,636.39,1,1.57,1
sglang,multi_turn,26,190.13,0.00,343.21,1,2.91,1
sglang,multi_turn,27,139.11,0.00,260.28,1,3.84,1
sglang,multi_turn,28,160.15,0.00,244.23,1,4.09,1
sglang,multi_turn,29,149.48,194.37,343.86,2,5.82,1
sglang,multi_turn,30,167.08,0.00,341.44,1,2.93,1
sglang,multi_turn,31,100.75,0.00,181.14,1,5.52,1
sglang,multi_turn,32,84.27,0.00,167.64,1,5.97,1
sglang,multi_turn,33,613.71,15.39,629.09,2,3.18,1
sglang,multi_turn,34,150.20,0.00,238.02,1,4.20,1
sglang,multi_turn,35,198.92,0.00,247.23,1,4.04,1
sglang,multi_turn,36,224.83,187.71,412.54,2,4.85,1
sglang,multi_turn,37,145.02,76.80,221.82,2,9.02,1
sglang,multi_turn,38,197.41,0.00,265.99,1,3.76,1
sglang,multi_turn,39,258.19,0.00,318.23,1,3.14,1
sglang,multi_turn,40,88.81,0.00,208.17,1,4.80,1
sglang,multi_turn,41,122.01,0.00,683.99,1,1.46,1
sglang,multi_turn,42,161.17,0.00,240.01,1,4.17,1
sglang,multi_turn,43,177.40,137.44,314.85,2,6.35,1
sglang,multi_turn,44,145.56,0.00,256.06,1,3.91,1
sglang,multi_turn,45,130.18,0.00,233.15,1,4.29,1
sglang,multi_turn,46,200.28,0.00,341.47,1,2.93,1
sglang,multi_turn,47,252.36,0.00,301.59,1,3.32,1
sglang,multi_turn,48,93.07,56.80,149.87,2,13.34,1
sglang,multi_turn,49,645.49,77.36,722.85,2,2.77,1
sglang,multi_turn,50,128.68,118.53,247.20,2,8.09,1
sglang,multi_turn,51,192.56,25.18,217.74,2,9.19,1
sglang,multi_turn,52,163.91,57.82,221.73,2,9.02,1
sglang,multi_turn,53,238.39,0.00,344.65,1,2.90,1
sglang,multi_turn,54,194.64,235.69,430.33,2,4.65,1
sglang,multi_turn,55,136.04,0.00,153.82,1,6.50,1
sglang,multi_turn,56,97.87,0.00,188.04,1,5.32,1
sglang,multi_turn,57,592.12,0.00,620.93,1,1.61,1
sglang,multi_turn,58,150.98,0.00,309.56,1,3.23,1
sglang,multi_turn,59,170.43,0.00,309.39,1,3.23,1
sglang,multi_turn,60,116.48,180.57,297.05,2,6.73,1
sglang,multi_turn,61,132.64,158.62,291.26,2,6.87,1
sglang,multi_turn,62,139.97,149.91,289.88,2,6.90,1
sglang,multi_turn,63,147.04,0.00,208.37,1,4.80,1
sglang,multi_turn,64,84.32,166.21,250.53,2,7.98,1
sglang,multi_turn,65,644.97,56.56,701.53,2,2.85,1
sglang,multi_turn,66,117.57,0.00,187.23,1,5.34,1
sglang,multi_turn,67,182.87,101.65,284.52,2,7.03,1
sglang,multi_turn,68,143.62,0.00,271.44,1,3.68,1
sglang,multi_turn,69,175.86,118.00,293.86,2,6.81,1
sglang,multi_turn,70,170.82,0.00,384.61,1,2.60,1
sglang,multi_turn,71,162.56,0.00,181.67,1,5.50,1
sglang,multi_turn,72,99.13,0.00,183.51,1,5.45,1
sglang,multi_turn,73,597.94,74.28,672.22,2,2.98,1
sglang,multi_turn,74,133.16,129.38,262.54,2,7.62,1
sglang,multi_turn,75,186.02,0.00,309.81,1,3.23,1
sglang,multi_turn,76,159.98,99.14,259.12,2,7.72,1
sglang,multi_turn,77,172.48,0.00,254.71,1,3.93,1
sglang,multi_turn,78,234.23,34.85,269.08,2,7.43,1
sglang,multi_turn,79,278.97,0.00,332.70,1,3.01,1
sglang,multi_turn,80,84.43,171.64,256.07,2,7.81,1
sglang,multi_turn,81,568.31,27.99,596.30,2,3.35,1
sglang,multi_turn,82,169.37,175.22,344.59,2,5.80,1
sglang,multi_turn,83,152.56,0.00,214.36,1,4.67,1
sglang,multi_turn,84,167.21,0.00,230.15,1,4.34,1
sglang,multi_turn,85,250.81,162.62,413.44,2,4.84,1
sglang,multi_turn,86,128.70,147.64,276.33,2,7.24,1
sglang,multi_turn,87,187.04,0.00,248.87,1,4.02,1
sglang,multi_turn,88,55.82,0.00,116.79,1,8.56,1
sglang,multi_turn,89,580.37,52.70,633.06,2,3.16,1
sglang,multi_turn,90,215.03,58.73,273.76,2,7.31,1
sglang,multi_turn,91,160.00,140.78,300.78,2,6.65,1
sglang,multi_turn,92,134.01,0.00,179.63,1,5.57,1
sglang,multi_turn,93,262.18,77.62,339.79,2,5.89,1
sglang,multi_turn,94,188.08,185.11,373.18,2,5.36,1
sglang,multi_turn,95,207.80,0.00,237.56,1,4.21,1
sglang,multi_turn,96,97.47,0.00,213.30,1,4.69,1
sglang,multi_turn,97,649.81,0.00,680.18,1,1.47,1
sglang,multi_turn,98,118.57,126.85,245.42,2,8.15,1
sglang,multi_turn,99,132.21,0.00,173.84,1,5.75,1
sglang,multi_turn,100,258.37,0.00,367.16,1,2.72,1
sglang,multi_turn,101,165.26,0.00,245.78,1,4.07,1
sglang,multi_turn,102,219.89,0.00,274.09,1,3.65,1
sglang,multi_turn,103,305.33,37.01,342.33,2,5.84,1
sglang,multi_turn,104,80.74,92.48,173.21,2,11.55,1
sglang,multi_turn,105,653.88,46.19,700.07,2,2.86,1
sglang,multi_turn,106,110.68,95.50,206.18,2,9.70,1
sglang,multi_turn,107,125.60,0.00,244.80,1,4.08,1
sglang,multi_turn,108,187.40,65.27,252.67,2,7.92,1
sglang,multi_turn,109,242.29,0.00,322.12,1,3.10,1
sglang,multi_turn,110,210.83,0.00,355.50,1,2.81,1
sglang,multi_turn,111,194.09,0.00,225.85,1,4.43,1
sglang,multi_turn,112,87.66,92.95,180.61,2,11.07,1
sglang,multi_turn,113,571.39,0.00,643.42,1,1.55,1
sglang,multi_turn,114,155.63,81.10,236.73,2,8.45,1
sglang,multi_turn,115,207.93,36.92,244.85,2,8.17,1
sglang,multi_turn,116,206.32,0.00,383.30,1,2.61,1
sglang,multi_turn,117,157.43,0.00,302.02,1,3.31,1
sglang,multi_turn,118,164.79,69.90,234.69,2,8.52,1
sglang,multi_turn,119,230.03,0.00,290.86,1,3.44,1
sglang,multi_turn,120,85.51,0.00,137.07,1,7.30,1
sglang,multi_turn,121,589.69,44.47,634.16,2,3.15,1
sglang,multi_turn,122,183.61,0.00,245.61,1,4.07,1
sglang,multi_turn,123,201.28,62.99,264.27,2,7.57,1
sglang,multi_turn,124,228.48,0.00,291.46,1,3.43,1
sglang,multi_turn,125,248.37,0.00,351.18,1,2.85,1
sglang,multi_turn,126,194.53,0.00,233.68,1,4.28,1
sglang,multi_turn,127,293.30,40.52,333.82,2,5.99,1
sglang,multi_turn,128,86.96,157.95,244.90,2,8.17,1
sglang,multi_turn,129,629.78,61.62,691.40,2,2.89,1
sglang,multi_turn,130,131.07,0.00,188.44,1,5.31,1
sglang,multi_turn,131,182.12,89.43,271.56,2,7.36,1
sglang,multi_turn,132,188.94,0.00,229.90,1,4.35,1
sglang,multi_turn,133,177.50,0.00,291.09,1,3.44,1
sglang,multi_turn,134,282.75,118.44,401.19,2,4.99,1
sglang,multi_turn,135,209.71,0.00,242.26,1,4.13,1
sglang,multi_turn,136,85.48,0.00,178.38,1,5.61,1
sglang,multi_turn,137,575.29,0.00,629.00,1,1.59,1
sglang,multi_turn,138,191.54,74.10,265.64,2,7.53,1
sglang,multi_turn,139,165.64,0.00,202.23,1,4.94,1
sglang,multi_turn,140,247.19,0.00,404.32,1,2.47,1
sglang,multi_turn,141,149.40,159.86,309.25,2,6.47,1
sglang,multi_turn,142,144.56,0.00,298.03,1,3.36,1
sglang,multi_turn,143,137.18,0.00,209.61,1,4.77,1
sglang,multi_turn,144,65.93,61.08,127.00,2,15.75,1
sglang,multi_turn,145,655.59,0.00,697.53,1,1.43,1
sglang,multi_turn,146,140.09,0.00,247.74,1,4.04,1
sglang,multi_turn,147,152.21,63.73,215.95,2,9.26,1
sglang,multi_turn,148,173.44,76.50,249.94,2,8.00,1
sglang,multi_turn,149,200.67,0.00,418.45,1,2.39,1
sglang,multi_turn,150,156.39,171.69,328.08,2,6.10,1
sglang,multi_turn,151,144.04,45.11,189.15,2,10.57,1
sglang,multi_turn,152,99.30,0.00,206.16,1,4.85,1
sglang,multi_turn,153,676.09,0.00,707.55,1,1.41,1
sglang,multi_turn,154,121.93,0.00,193.03,1,5.18,1
sglang,multi_turn,155,225.24,0.00,359.09,1,2.78,1
sglang,multi_turn,156,106.18,0.00,166.76,1,6.00,1
sglang,multi_turn,157,247.80,0.00,428.47,1,2.33,1
sglang,multi_turn,158,146.56,86.50,233.06,2,8.58,1
sglang,multi_turn,159,186.38,0.00,287.87,1,3.47,1
sglang,multi_turn,160,58.95,0.00,115.74,1,8.64,1
sglang,multi_turn,161,673.24,58.48,731.72,2,2.73,1
sglang,multi_turn,162,117.98,61.13,179.12,2,11.17,1
sglang,multi_turn,163,198.00,63.42,261.42,2,7.65,1
sglang,multi_turn,164,210.83,0.00,282.84,1,3.54,1
sglang,multi_turn,165,192.65,0.00,295.59,1,3.38,1
sglang,multi_turn,166,201.90,0.00,314.69,1,3.18,1
sglang,multi_turn,167,215.27,76.76,292.03,2,6.85,1
sglang,multi_turn,168,73.93,61.01,134.95,2,14.82,1
sglang,multi_turn,169,687.20,47.51,734.71,2,2.72,1
sglang,multi_turn,170,135.63,0.00,221.06,1,4.52,1
sglang,multi_turn,171,157.16,150.14,307.30,2,6.51,1
sglang,multi_turn,172,133.65,0.00,267.05,1,3.74,1
sglang,multi_turn,173,106.41,0.00,285.84,1,3.50,1
sglang,multi_turn,174,183.55,79.93,263.48,2,7.59,1
sglang,multi_turn,175,226.72,68.62,295.34,2,6.77,1
sglang,multi_turn,176,95.28,0.00,257.99,1,3.88,1
sglang,multi_turn,177,544.52,0.00,575.59,1,1.74,1
sglang,multi_turn,178,160.03,0.00,240.18,1,4.16,1
sglang,multi_turn,179,203.15,0.00,267.00,1,3.75,1
sglang,multi_turn,180,215.07,0.00,403.93,1,2.48,1
sglang,multi_turn,181,151.07,164.17,315.24,2,6.34,1
sglang,multi_turn,182,129.36,74.63,203.99,2,9.80,0
sglang,multi_turn,183,199.14,0.00,307.26,1,3.25,1
sglang,multi_turn,184,87.56,0.00,220.84,1,4.53,1
sglang,multi_turn,185,645.18,52.51,697.68,2,2.87,0
sglang,multi_turn,186,136.77,75.45,212.22,2,9.42,0
sglang,multi_turn,187,132.93,0.00,316.71,1,3.16,1
sglang,multi_turn,188,136.38,0.00,165.56,1,6.04,1
sglang,multi_turn,189,262.21,183.00,445.21,2,4.49,1
sglang,multi_turn,190,130.28,0.00,308.41,1,3.24,1
sglang,multi_turn,191,148.43,0.00,193.49,1,5.17,1
sglang,multi_turn,192,86.16,0.00,160.64,1,6.23,1
sglang,multi_turn,193,575.22,0.00,604.11,1,1.66,1
sglang,multi_turn,194,114.44,193.25,307.68,2,6.50,1
sglang,multi_turn,195,173.42,0.00,243.79,1,4.10,1
sglang,multi_turn,196,174.64,126.21,300.85,2,6.65,1
sglang,multi_turn,197,203.74,192.28,396.01,2,5.05,1
sglang,multi_turn,198,117.23,0.00,160.25,1,6.24,1
sglang,multi_turn,199,257.34,77.44,334.77,2,5.97,1
sglang,multi_turn,200,102.46,0.00,211.30,1,4.73,1
sglang,multi_turn,201,594.43,31.50,625.93,2,3.20,1
sglang,multi_turn,202,150.46,186.03,336.49,2,5.94,1
sglang,multi_turn,203,157.91,121.67,279.58,2,7.15,1
sglang,multi_turn,204,142.40,86.00,228.40,2,8.76,1
sglang,multi_turn,205,161.48,0.00,246.44,1,4.06,1
sglang,multi_turn,206,218.20,0.00,294.22,1,3.40,1
sglang,multi_turn,207,255.55,110.61,366.17,2,5.46,1
sglang,multi_turn,208,79.86,43.21,123.07,2,16.25,1
sglang,multi_turn,209,692.22,56.08,748.30,2,2.67,1
sglang,multi_turn,210,114.83,0.00,160.51,1,6.23,1
sglang,multi_turn,211,171.56,145.30,316.87,2,6.31,1
sglang,multi_turn,212,168.01,70.85,238.86,2,8.37,1
sglang,multi_turn,213,229.13,40.97,270.10,2,7.40,1
sglang,multi_turn,214,253.34,0.00,366.20,1,2.73,1
sglang,multi_turn,215,191.61,0.00,278.41,1,3.59,1
sglang,multi_turn,216,93.82,155.64,249.46,2,8.02,1
sglang,multi_turn,217,661.22,0.00,672.18,1,1.49,1
sglang,multi_turn,218,142.42,72.63,215.06,2,9.30,1
sglang,multi_turn,219,192.94,0.00,318.27,1,3.14,1
sglang,multi_turn,220,146.39,0.00,236.33,1,4.23,1
sglang,multi_turn,221,176.58,160.37,336.96,2,5.94,1
sglang,multi_turn,222,136.79,215.22,352.00,2,5.68,1
sglang,multi_turn,223,149.09,0.00,203.63,1,4.91,1
sglang,multi_turn,224,77.81,0.00,167.40,1,5.97,1
sglang,multi_turn,225,687.21,0.00,701.43,1,1.43,1
sglang,multi_turn,226,124.92,0.00,195.03,1,5.13,1
sglang,multi_turn,227,216.33,0.00,240.49,1,4.16,1
sglang,multi_turn,228,224.55,0.00,314.71,1,3.18,1
sglang,multi_turn,229,182.59,0.00,360.87,1,2.77,1
sglang,multi_turn,230,147.39,180.05,327.44,2,6.11,1
sglang,multi_turn,231,193.40,0.00,237.60,1,4.21,1
sglang,multi_turn,232,87.17,129.72,216.89,2,9.22,1
sglang,multi_turn,233,590.14,0.00,600.56,1,1.67,1
sglang,multi_turn,234,154.90,167.27,322.17,2,6.21,1
sglang,multi_turn,235,148.28,118.81,267.09,2,7.49,1
sglang,multi_turn,236,127.84,0.00,297.52,1,3.36,1
sglang,multi_turn,237,135.76,0.00,199.01,1,5.02,1
sglang,multi_turn,238,230.39,0.00,359.97,1,2.78,1
sglang,multi_turn,239,212.38,80.67,293.05,2,6.82,1
sglang,multi_turn,240,87.16,0.00,181.07,1,5.52,1
sglang,multi_turn,241,708.75,51.47,760.22,2,2.63,1
sglang,multi_turn,242,119.40,0.00,240.52,1,4.16,1
sglang,multi_turn,243,144.82,0.00,250.07,1,4.00,1
sglang,multi_turn,244,132.67,0.00,229.78,1,4.35,1
sglang,multi_turn,245,207.80,106.94,314.74,2,6.35,1
sglang,multi_turn,246,157.79,173.48,331.27,2,6.04,1
sglang,multi_turn,247,190.02,87.30,277.32,2,7.21,1
sglang,multi_turn,248,79.32,0.00,161.79,1,6.18,1
sglang,multi_turn,249,610.02,59.78,669.80,2,2.99,1
sglang,multi_turn,250,138.60,0.00,254.36,1,3.93,1
sglang,multi_turn,251,166.62,165.93,332.55,2,6.01,1
sglang,multi_turn,252,141.28,0.00,283.32,1,3.53,1
sglang,multi_turn,253,155.07,132.19,287.26,2,6.96,1
sglang,multi_turn,254,115.20,118.40,233.59,2,8.56,1
sglang,multi_turn,255,274.03,56.64,330.66,2,6.05,1
sglang,multi_turn,256,96.25,0.00,169.59,1,5.90,1
sglang,multi_turn,257,699.27,0.00,709.78,1,1.41,1
sglang,multi_turn,258,173.58,0.00,243.88,1,4.10,1
sglang,multi_turn,259,143.99,76.38,220.36,2,9.08,1
sglang,multi_turn,260,170.07,0.00,280.92,1,3.56,1
sglang,multi_turn,261,261.42,0.00,352.84,1,2.83,1
sglang,multi_turn,262,170.14,0.00,303.27,1,3.30,1
sglang,multi_turn,263,235.17,55.83,291.00,2,6.87,1
sglang,multi_turn,264,82.91,0.00,255.54,1,3.91,1
sglang,multi_turn,265,627.47,54.16,681.63,2,2.93,1
sglang,multi_turn,266,122.41,102.50,224.91,2,8.89,1
sglang,multi_turn,267,151.96,0.00,266.50,1,3.75,1
sglang,multi_turn,268,126.56,176.26,302.82,2,6.60,1
sglang,multi_turn,269,132.71,0.00,246.72,1,4.05,1
sglang,multi_turn,270,212.04,0.00,242.22,1,4.13,1
sglang,multi_turn,271,269.68,90.48,360.16,2,5.55,1
sglang,multi_turn,272,92.84,0.00,166.74,1,6.00,1
sglang,multi_turn,273,680.82,0.00,684.34,1,1.46,1
sglang,multi_turn,274,181.10,0.00,237.40,1,4.21,1
sglang,multi_turn,275,168.15,0.00,342.48,1,2.92,1
sglang,multi_turn,276,145.90,76.96,222.86,2,8.97,1
sglang,multi_turn,277,188.20,0.00,259.27,1,3.86,1
sglang,multi_turn,278,196.80,0.00,271.89,1,3.68,1
sglang,multi_turn,279,216.91,0.00,378.69,1,2.64,1
sglang,multi_turn,280,80.56,99.10,179.66,2,11.13,1
sglang,multi_turn,281,574.30,0.00,682.76,1,1.46,1
sglang,multi_turn,282,150.98,0.00,284.71,1,3.51,1
sglang,multi_turn,283,144.40,0.00,214.92,1,4.65,1
sglang,multi_turn,284,188.78,0.00,303.23,1,3.30,1
sglang,multi_turn,285,143.96,145.47,289.43,2,6.91,1
sglang,multi_turn,286,194.08,0.00,285.46,1,3.50,1
sglang,multi_turn,287,246.72,0.00,296.91,1,3.37,1
sglang,multi_turn,288,88.84,128.14,216.98,2,9.22,1
sglang,multi_turn,289,598.98,0.00,599.21,1,1.67,1
sglang,multi_turn,290,161.72,196.53,358.25,2,5.58,1
sglang,multi_turn,291,124.13,52.52,176.65,2,11.32,1
sglang,multi_turn,292,210.06,57.81,267.87,2,7.47,1
sglang,multi_turn,293,255.06,0.00,412.44,1,2.42,1
sglang,multi_turn,294,148.65,190.90,339.56,2,5.89,1
sglang,multi_turn,295,138.89,0.00,196.62,1,5.09,1
sglang,multi_turn,296,100.74,102.76,203.50,2,9.83,1
sglang,multi_turn,297,618.52,68.67,687.19,2,2.91,1
sglang,multi_turn,298,136.22,0.00,220.71,1,4.53,1
sglang,multi_turn,299,178.78,0.00,295.53,1,3.38,1
sglang,multi_turn,300,155.14,0.00,295.76,1,3.38,1
sglang,multi_turn,301,152.47,0.00,210.94,1,4.74,1
sglang,multi_turn,302,181.97,192.18,374.14,2,5.35,1
sglang,multi_turn,303,203.90,61.69,265.59,2,7.53,1
sglang,multi_turn,304,91.90,0.00,180.29,1,5.55,1
sglang,multi_turn,305,598.41,28.94,627.35,2,3.19,1
sglang,multi_turn,306,147.04,0.00,264.81,1,3.78,1
sglang,multi_turn,307,167.20,108.52,275.72,2,7.25,1
sglang,multi_turn,308,173.27,103.03,276.30,2,7.24,1
sglang,multi_turn,309,164.95,0.00,342.20,1,2.92,1
sglang,multi_turn,310,190.21,0.00,211.10,1,4.74,1
sglang,multi_turn,311,249.31,122.78,372.09,2,5.38,1
sglang,multi_turn,312,95.68,0.00,256.62,1,3.90,1
sglang,multi_turn,313,630.68,60.85,691.53,2,2.89,1
sglang,multi_turn,314,108.67,0.00,132.75,1,7.53,1
sglang,multi_turn,315,207.83,0.00,354.65,1,2.82,1
sglang,multi_turn,316,158.54,0.00,211.16,1,4.74,1
sglang,multi_turn,317,223.52,170.13,393.65,2,5.08,1
sglang,multi_turn,318,159.57,0.00,318.33,1,3.14,1
sglang,multi_turn,319,167.71,65.74,233.46,2,8.57,1
sglang,multi_turn,320,82.50,201.46,283.96,2,7.04,1
sglang,multi_turn,321,639.14,37.46,676.61,2,2.96,1
sglang,multi_turn,322,114.80,90.68,205.48,2,9.73,1
sglang,multi_turn,323,165.27,52.73,218.00,2,9.17,1
sglang,multi_turn,324,136.78,0.00,357.50,1,2.80,1
sglang,multi_turn,325,140.29,0.00,236.42,1,4.23,1
sglang,multi_turn,326,246.53,0.00,436.60,1,2.29,1
sglang,multi_turn,327,128.75,0.00,198.41,1,5.04,1
sglang,multi_turn,328,73.88,0.00,192.17,1,5.20,1
sglang,multi_turn,329,620.07,0.00,678.86,1,1.47,1
sglang,multi_turn,330,146.47,180.56,327.02,2,6.12,1
sglang,multi_turn,331,144.45,0.00,223.83,1,4.47,1
sglang,multi_turn,332,162.11,151.56,313.68,2,6.38,1
sglang,multi_turn,333,175.77,81.06,256.83,2,7.79,1
sglang,multi_turn,334,215.82,0.00,341.24,1,2.93,1
sglang,multi_turn,335,216.40,0.00,277.34,1,3.61,1
sglang,multi_turn,336,87.56,111.40,198.96,2,10.05,1
sglang,multi_turn,337,556.87,0.00,625.90,1,1.60,1
sglang,multi_turn,338,130.46,95.17,225.63,2,8.86,1
sglang,multi_turn,339,189.45,0.00,238.40,1,4.19,1
sglang,multi_turn,340,250.52,0.00,376.30,1,2.66,1
sglang,multi_turn,341,185.02,0.00,232.19,1,4.31,1
sglang,multi_turn,342,259.95,126.72,386.66,2,5.17,1
sglang,multi_turn,343,165.04,99.93,264.97,2,7.55,1
sglang,multi_turn,344,79.99,0.00,227.23,1,4.40,1
sglang,multi_turn,345,620.17,0.00,677.58,1,1.48,1
sglang,multi_turn,346,143.13,0.00,208.85,1,4.79,1
sglang,multi_turn,347,156.96,0.00,241.75,1,4.14,1
sglang,multi_turn,348,205.60,104.95,310.55,2,6.44,1
sglang,multi_turn,349,163.20,239.99,403.19,2,4.96,1
sglang,multi_turn,350,125.78,0.00,260.57,1,3.84,1
sglang,multi_turn,351,129.41,130.53,259.94,2,7.69,1
sglang,multi_turn,352,87.83,0.00,237.07,1,4.22,1
sglang,multi_turn,353,581.51,0.00,612.81,1,1.63,1
sglang,multi_turn,354,132.32,0.00,264.01,1,3.79,1
sglang,multi_turn,355,160.14,0.00,250.28,1,4.00,1
sglang,multi_turn,356,190.00,133.69,323.69,2,6.18,1
sglang,multi_turn,357,202.15,0.00,331.62,1,3.02,1
sglang,multi_turn,358,206.16,0.00,251.03,1,3.98,1
sglang,multi_turn,359,280.95,72.47,353.42,2,5.66,1
sglang,multi_turn,360,87.80,0.00,214.93,1,4.65,1
sglang,multi_turn,361,653.98,96.08,750.06,2,2.67,1
sglang,multi_turn,362,133.75,118.00,251.75,2,7.94,1
sglang,multi_turn,363,123.79,44.13,167.92,2,11.91,1
sglang,multi_turn,364,233.18,0.00,405.10,1,2.47,1
sglang,multi_turn,365,130.61,0.00,249.89,1,4.00,1
sglang,multi_turn,366,154.34,205.66,360.01,2,5.56,0
sglang,multi_turn,367,166.21,0.00,228.42,1,4.38,1
sglang,multi_turn,368,92.10,0.00,196.41,1,5.09,1
sglang,multi_turn,369,585.81,0.00,647.97,1,1.54,1
sglang,multi_turn,370,176.05,0.00,265.80,1,3.76,1
sglang,multi_turn,371,178.11,69.16,247.28,2,8.09,1
sglang,multi_turn,372,199.58,38.71,238.28,2,8.39,1
sglang,multi_turn,373,193.93,204.01,397.93,2,5.03,1
sglang,multi_turn,374,158.47,0.00,249.68,1,4.01,1
sglang,multi_turn,375,215.13,0.00,316.61,1,3.16,1
sglang,multi_turn,376,86.83,17.65,157.43,5,31.76,0
sglang,multi_turn,377,570.27,0.00,636.44,1,1.57,1
sglang,multi_turn,378,115.39,0.00,257.21,1,3.89,1
sglang,multi_turn,379,197.21,65.41,262.62,2,7.62,1
sglang,multi_turn,380,180.07,82.52,262.59,2,7.62,1
sglang,multi_turn,381,221.83,0.00,400.77,1,2.50,1
sglang,multi_turn,382,121.87,0.00,219.91,1,4.55,1
sglang,multi_turn,383,227.72,110.12,337.84,2,5.92,1
sglang,multi_turn,384,77.76,195.34,273.10,2,7.32,1
sglang,multi_turn,385,640.34,0.00,655.33,1,1.53,1
sglang,multi_turn,386,147.33,0.00,189.18,1,5.29,1
sglang,multi_turn,387,219.01,0.00,299.18,1,3.34,1
sglang,multi_turn,388,168.51,0.00,209.28,1,4.78,1
sglang,multi_turn,389,255.39,204.22,459.60,2,4.35,1
sglang,multi_turn,390,140.70,0.00,320.68,1,3.12,1
sglang,multi_turn,391,114.67,102.54,217.21,2,9.21,1
sglang,multi_turn,392,91.43,0.00,213.77,1,4.68,1
sglang,multi_turn,393,613.85,70.61,684.47,2,2.92,1
sglang,multi_turn,394,161.88,0.00,267.72,1,3.74,1
sglang,multi_turn,395,175.42,0.00,259.79,1,3.85,1
sglang,multi_turn,396,192.40,0.00,218.05,1,4.59,1
sglang,multi_turn,397,194.62,232.56,427.18,2,4.68,1
sglang,multi_turn,398,155.40,44.15,199.55,2,10.02,1
sglang,multi_turn,399,294.89,69.91,364.79,2,5.48,1
sglang,multi_turn,400,57.51,0.00,94.83,1,10.55,1
sglang,multi_turn,401,611.51,0.00,668.62,1,1.50,1
sglang,multi_turn,402,163.45,83.54,246.99,2,8.10,1
sglang,multi_turn,403,201.88,0.00,260.64,1,3.84,1
sglang,multi_turn,404,185.64,154.14,339.78,2,5.89,1
sglang,multi_turn,405,124.23,235.00,359.23,2,5.57,1
sglang,multi_turn,406,136.41,0.00,318.63,1,3.14,1
sglang,multi_turn,407,149.51,66.37,215.88,2,9.26,1
sglang,multi_turn,408,82.79,92.02,174.82,2,11.44,1
sglang,multi_turn,409,594.34,0.00,643.20,1,1.55,1
sglang,multi_turn,410,150.82,0.00,324.16,1,3.08,1
sglang,multi_turn,411,142.00,129.01,271.01,2,7.38,1
sglang,multi_turn,412,139.06,106.00,245.06,2,8.16,1
sglang,multi_turn,413,197.62,0.00,294.69,1,3.39,1
sglang,multi_turn,414,200.61,161.49,362.09,2,5.52,1
sglang,multi_turn,415,186.20,0.00,256.81,1,3.89,1
sglang,multi_turn,416,58.81,215.43,274.24,2,7.29,1
sglang,multi_turn,417,560.69,41.07,601.76,2,3.32,1
sglang,multi_turn,418,225.57,0.00,273.75,1,3.65,1
sglang,multi_turn,419,166.98,0.00,272.70,1,3.67,1
sglang,multi_turn,420,175.67,0.00,322.91,1,3.10,1
sglang,multi_turn,421,180.07,0.00,266.53,1,3.75,1
sglang,multi_turn,422,204.56,49.29,253.85,2,7.88,1
sglang,multi_turn,423,200.43,170.61,371.04,2,5.39,1
sglang,multi_turn,424,80.94,0.00,209.36,1,4.78,1
sglang,multi_turn,425,660.19,0.00,666.14,1,1.50,1
sglang,multi_turn,426,130.37,128.79,259.16,2,7.72,1
sglang,multi_turn,427,135.59,0.00,228.13,1,4.38,1
sglang,multi_turn,428,175.31,0.00,233.32,1,4.29,1
sglang,multi_turn,429,249.62,0.00,415.94,1,2.40,1
sglang,multi_turn,430,123.79,0.00,285.16,1,3.51,1
sglang,multi_turn,431,145.19,110.63,255.81,2,7.82,0
sglang,multi_turn,432,62.99,0.00,111.47,1,8.97,1
sglang,multi_turn,433,614.69,0.00,652.76,1,1.53,1
sglang,multi_turn,434,120.60,0.00,244.14,1,4.10,1
sglang,multi_turn,435,184.57,124.60,309.17,2,6.47,1
sglang,multi_turn,436,180.85,0.00,341.81,1,2.93,1
sglang,multi_turn,437,135.53,84.28,219.80,2,9.10,1
sglang,multi_turn,438,185.74,157.72,343.46,2,5.82,1
sglang,multi_turn,439,222.07,0.00,293.12,1,3.41,1
sglang,multi_turn,440,83.10,0.00,187.55,1,5.33,1
sglang,multi_turn,441,625.79,0.00,638.83,1,1.57,1
sglang,multi_turn,442,164.21,41.22,205.42,2,9.74,1
sglang,multi_turn,443,188.17,83.55,271.72,2,7.36,1
sglang,multi_turn,444,213.32,117.88,331.20,2,6.04,1
sglang,multi_turn,445,184.66,48.23,232.89,2,8.59,1
sglang,multi_turn,446,260.12,0.00,400.86,1,2.49,1
sglang,multi_turn,447,160.29,0.00,269.43,1,3.71,1
sglang,multi_turn,448,87.09,91.64,178.73,2,11.19,1
sglang,multi_turn,449,651.86,0.00,688.36,1,1.45,1
sglang,multi_turn,450,166.08,0.00,227.40,1,4.40,1
sglang,multi_turn,451,161.61,0.00,236.50,1,4.23,1
sglang,multi_turn,452,236.75,0.00,262.67,1,3.81,1
sglang,multi_turn,453,169.67,0.00,376.86,1,2.65,1
sglang,multi_turn,454,198.75,167.45,366.20,2,5.46,1
sglang,multi_turn,455,167.88,77.36,245.25,2,8.16,1
sglang,multi_turn,456,74.71,0.00,171.03,1,5.85,1
sglang,multi_turn,457,625.70,0.00,643.74,1,1.55,1
sglang,multi_turn,458,123.92,0.00,186.86,1,5.35,1
sglang,multi_turn,459,201.92,176.45,378.38,2,5.29,1
sglang,multi_turn,460,130.77,0.00,290.82,1,3.44,1
sglang,multi_turn,461,140.78,125.17,265.96,2,7.52,1
sglang,multi_turn,462,140.24,0.00,252.43,1,3.96,1
sglang,multi_turn,463,190.74,146.50,337.23,2,5.93,1
sglang,multi_turn,464,78.65,66.08,144.73,2,13.82,1
sglang,multi_turn,465,582.53,0.00,622.40,1,1.61,1
sglang,multi_turn,466,157.47,193.37,350.84,2,5.70,1
sglang,multi_turn,467,131.49,0.00,154.83,1,6.46,1
sglang,multi_turn,468,180.01,0.00,342.75,1,2.92,1
sglang,multi_turn,469,141.13,0.00,241.73,1,4.14,1
sglang,multi_turn,470,265.68,100.17,365.85,2,5.47,1
sglang,multi_turn,471,225.18,92.66,317.84,2,6.29,1
sglang,multi_turn,472,93.65,0.00,206.81,1,4.84,1
sglang,multi_turn,473,667.67,0.00,695.75,1,1.44,1
sglang,multi_turn,474,134.18,80.59,214.77,2,9.31,1
sglang,multi_turn,475,173.26,59.85,233.11,2,8.58,1
sglang,multi_turn,476,233.14,0.00,284.07,1,3.52,1
sglang,multi_turn,477,154.26,0.00,262.43,1,3.81,1
sglang,multi_turn,478,291.52,121.38,412.90,2,4.84,1
sglang,multi_turn,479,203.16,0.00,288.15,1,3.47,1
sglang,multi_turn,480,95.10,124.95,220.06,2,9.09,1
sglang,multi_turn,481,559.15,0.00,633.67,1,1.58,1
sglang,multi_turn,482,153.61,0.00,270.73,1,3.69,1
sglang,multi_turn,483,144.77,0.00,271.08,1,3.69,1
sglang,multi_turn,484,179.09,0.00,293.26,1,3.41,1
sglang,multi_turn,485,126.82,0.00,337.48,1,2.96,1
sglang,multi_turn,486,143.13,0.00,264.07,1,3.79,1
sglang,multi_turn,487,213.87,93.09,306.96,2,6.52,1
sglang,multi_turn,488,85.75,0.00,185.37,1,5.39,1
sglang,multi_turn,489,581.58,41.59,623.17,2,3.21,1
sglang,multi_turn,490,138.09,0.00,329.83,1,3.03,1
sglang,multi_turn,491,120.52,0.00,287.59,1,3.48,1
sglang,multi_turn,492,133.09,111.51,244.60,2,8.18,1
sglang,multi_turn,493,186.21,0.00,301.48,1,3.32,1
sglang,multi_turn,494,190.49,0.00,359.19,1,2.78,1
sglang,multi_turn,495,168.04,0.00,256.29,1,3.90,1
sglang,multi_turn,496,84.70,0.00,159.30,1,6.28,1
sglang,multi_turn,497,667.05,0.00,709.92,1,1.41,1
sglang,multi_turn,498,137.14,0.00,249.34,1,4.01,1
sglang,multi_turn,499,146.51,0.00,236.57,1,4.23,1
sglang,multi_turn,500,157.57,0.00,206.50,1,4.84,1
sglang,multi_turn,501,279.65,62.49,342.14,2,5.85,1
sglang,multi_turn,502,201.47,110.44,311.91,2,6.41,1
sglang,multi_turn,503,257.52,94.45,351.97,2,5.68,1
sglang,multi_turn,504,102.39,0.00,194.88,1,5.13,1
sglang,multi_turn,505,675.06,50.96,980.83,7,7.14,0
sglang,multi_turn,506,124.23,101.46,225.69,2,8.86,1
sglang,multi_turn,507,114.52,0.00,197.84,1,5.05,1
sglang,multi_turn,508,226.32,0.00,391.58,1,2.55,1
sglang,multi_turn,509,185.05,0.00,352.95,1,2.83,1
sglang,multi_turn,510,138.91,0.00,258.09,1,3.87,1
sglang,multi_turn,511,113.50,92.89,206.39,2,9.69,1
sglang,multi_turn,512,127.92,0.00,171.11,1,5.84,1
sglang,multi_turn,513,186.44,0.00,239.62,1,4.17,1
sglang,multi_turn,514,152.56,111.25,263.81,2,7.58,1
sglang,multi_turn,515,115.02,0.00,241.83,1,4.14,1
sglang,multi_turn,516,133.61,0.00,152.32,1,6.57,1
sglang,multi_turn,517,97.87,0.00,241.11,1,4.15,1
sglang,multi_turn,518,132.43,40.27,172.70,2,11.58,1
sglang,multi_turn,519,233.09,0.00,391.25,1,2.56,1
sglang,multi_turn,520,146.00,118.14,264.14,2,7.57,1
sglang,multi_turn,521,122.48,0.00,127.85,1,7.82,1
sglang,multi_turn,522,178.06,128.78,306.84,2,6.52,1
sglang,multi_turn,523,129.72,0.00,278.96,1,3.58,1
sglang,multi_turn,524,148.47,125.22,273.69,2,7.31,1
sglang,multi_turn,525,154.05,99.54,253.59,2,7.89,1
sglang,multi_turn,526,193.63,0.00,285.52,1,3.50,1
sglang,multi_turn,527,239.07,0.00,283.71,1,3.52,1
sglang,multi_turn,528,171.75,84.27,256.03,2,7.81,1
sglang,multi_turn,529,122.72,0.00,221.33,1,4.52,1
sglang,multi_turn,530,144.10,46.79,190.90,2,10.48,1
sglang,multi_turn,531,176.09,0.00,290.08,1,3.45,1
sglang,multi_turn,532,212.97,0.00,326.35,1,3.06,1
sglang,multi_turn,533,155.58,0.00,282.68,1,3.54,1
sglang,multi_turn,534,163.34,0.00,296.28,1,3.38,1
sglang,multi_turn,535,142.46,0.00,219.82,1,4.55,1
sglang,multi_turn,536,125.23,0.00,163.93,1,6.10,1
sglang,multi_turn,537,161.71,0.00,198.10,1,5.05,1
sglang,multi_turn,538,163.29,0.00,206.57,1,4.84,1
sglang,multi_turn,539,215.65,0.00,363.46,1,2.75,1
sglang,multi_turn,540,185.90,125.90,311.80,2,6.41,1
sglang,multi_turn,541,140.39,0.00,264.34,1,3.78,1
sglang,multi_turn,542,169.79,111.69,281.48,2,7.11,1
sglang,multi_turn,543,221.20,0.00,238.42,1,4.19,1
sglang,multi_turn,544,160.69,0.00,195.27,1,5.12,1
sglang,multi_turn,545,157.13,112.42,269.56,2,7.42,1
sglang,multi_turn,546,127.32,103.36,230.68,2,8.67,1
sglang,multi_turn,547,122.44,0.00,293.41,1,3.41,1
sglang,multi_turn,548,165.59,126.23,291.82,2,6.85,1
sglang,multi_turn,549,142.02,0.00,267.05,1,3.74,1
sglang,multi_turn,550,183.19,63.77,246.96,2,8.10,0
sglang,multi_turn,551,186.40,0.00,266.49,1,3.75,1
sglang,multi_turn,552,124.50,0.00,204.89,1,4.88,1
sglang,multi_turn,553,116.51,0.00,211.01,1,4.74,1
sglang,multi_turn,554,108.56,0.00,177.11,1,5.65,1
sglang,multi_turn,555,186.70,212.73,399.42,2,5.01,1
sglang,multi_turn,556,129.08,141.81,270.90,2,7.38,1
sglang,multi_turn,557,141.18,48.75,189.93,2,10.53,1
sglang,multi_turn,558,224.72,0.00,297.73,1,3.36,1
sglang,multi_turn,559,200.48,0.00,279.27,1,3.58,1
sglang,multi_turn,560,154.89,0.00,225.52,1,4.43,1
sglang,multi_turn,561,122.20,88.39,210.59,2,9.50,1
sglang,multi_turn,562,138.23,90.92,229.16,2,8.73,1
sglang,multi_turn,563,168.07,0.00,358.17,1,2.79,1
sglang,multi_turn,564,115.75,0.00,186.97,1,5.35,1
sglang,multi_turn,565,204.41,101.72,306.13,2,6.53,1
sglang,multi_turn,566,188.64,0.00,320.39,1,3.12,1
sglang,multi_turn,567,166.79,0.00,217.60,1,4.60,1
sglang,multi_turn,568,148.10,56.49,204.59,2,9.78,1
sglang,multi_turn,569,160.38,0.00,235.62,1,4.24,1
sglang,multi_turn,570,171.40,0.00,233.67,1,4.28,1
sglang,multi_turn,571,193.11,0.00,355.61,1,2.81,1
sglang,multi_turn,572,142.83,0.00,239.22,1,4.18,1
sglang,multi_turn,573,150.33,0.00,273.62,1,3.65,1
sglang,multi_turn,574,161.59,116.94,278.53,2,7.18,1
sglang,multi_turn,575,215.55,0.00,267.03,1,3.74,1
sglang,multi_turn,576,173.84,0.00,190.84,1,5.24,1
sglang,multi_turn,577,189.00,0.00,198.43,1,5.04,1
sglang,multi_turn,578,182.71,0.00,252.09,1,3.97,1
sglang,multi_turn,579,160.40,152.70,313.10,2,6.39,1
sglang,multi_turn,580,175.69,162.38,338.07,2,5.92,1
sglang,multi_turn,581,156.87,131.11,287.98,2,6.94,1
sglang,multi_turn,582,142.62,120.45,263.06,2,7.60,1
sglang,multi_turn,583,182.58,0.00,239.95,1,4.17,1
sglang,multi_turn,584,126.35,0.00,153.80,1,6.50,1
sglang,multi_turn,585,130.51,131.70,262.21,2,7.63,0
sglang,multi_turn,586,152.65,0.00,234.25,1,4.27,1
sglang,multi_turn,587,169.10,0.00,252.02,1,3.97,1
sglang,multi_turn,588,182.71,0.00,238.46,1,4.19,1
sglang,multi_turn,589,222.34,0.00,296.02,1,3.38,1
sglang,multi_turn,590,244.69,0.00,299.55,1,3.34,1
sglang,multi_turn,591,221.56,0.00,302.77,1,3.30,1
sglang,multi_turn,592,109.54,93.97,203.51,2,9.83,1
sglang,multi_turn,593,92.27,81.59,173.85,2,11.50,1
sglang,multi_turn,594,201.47,0.00,215.43,1,4.64,1
sglang,multi_turn,595,198.89,164.64,363.53,2,5.50,1
sglang,multi_turn,596,163.36,0.00,197.96,1,5.05,1
sglang,multi_turn,597,213.54,0.00,268.06,1,3.73,1
sglang,multi_turn,598,244.37,0.00,395.48,1,2.53,1
sglang,multi_turn,599,180.63,0.00,230.34,1,4.34,1
sglang,multi_turn,600,126.79,0.00,208.04,1,4.81,1
sglang,multi_turn,601,140.15,86.25,226.40,2,8.83,1
sglang,multi_turn,602,156.14,128.27,284.41,2,7.03,1
sglang,multi_turn,603,127.45,0.00,321.84,1,3.11,1
sglang,multi_turn,604,113.10,60.33,173.42,2,11.53,1
sglang,multi_turn,605,183.37,116.36,299.74,2,6.67,1
sglang,multi_turn,606,177.39,0.00,321.74,1,3.11,1
sglang,multi_turn,607,152.97,0.00,236.66,1,4.23,1
sglang,multi_turn,608,84.62,0.00,164.32,1,6.09,1
sglang,multi_turn,609,153.33,0.00,203.92,1,4.90,1
sglang,multi_turn,610,137.89,85.22,223.11,2,8.96,1
sglang,multi_turn,611,201.03,0.00,284.40,1,3.52,1
sglang,multi_turn,612,195.66,0.00,268.70,1,3.72,1
sglang,multi_turn,613,230.10,0.00,288.09,1,3.47,1
sglang,multi_turn,614,261.64,0.00,444.91,1,2.25,1
sglang,multi_turn,615,126.45,0.00,149.36,1,6.70,1
sglang,multi_turn,616,125.80,0.00,201.32,1,4.97,1
sglang,multi_turn,617,118.17,75.96,194.12,2,10.30,1
sglang,multi_turn,618,154.36,79.83,234.18,2,8.54,1
sglang,multi_turn,619,161.95,131.29,293.24,2,6.82,1
sglang,multi_turn,620,209.08,0.00,238.24,1,4.20,1
sglang,multi_turn,621,228.71,0.00,377.23,1,2.65,1
sglang,multi_turn,622,171.23,157.13,328.35,2,6.09,1
sglang,multi_turn,623,154.64,0.00,172.21,1,5.81,1
sglang,multi_turn,624,158.99,0.00,199.80,1,5.00,1
sglang,multi_turn,625,173.26,0.00,204.89,1,4.88,1
sglang,multi_turn,626,177.18,0.00,253.61,1,3.94,1
sglang,multi_turn,627,189.04,0.00,280.22,1,3.57,1
sglang,multi_turn,628,207.90,0.00,271.06,1,3.69,1
sglang,multi_turn,629,183.40,108.97,401.34,3,7.48,0
sglang,multi_turn,630,160.71,0.00,308.59,1,3.24,1
sglang,multi_turn,631,166.15,0.00,181.19,1,5.52,1
sglang,multi_turn,632,130.43,84.67,215.10,2,9.30,1
sglang,multi_turn,633,153.55,0.00,153.77,1,6.50,1
sglang,multi_turn,634,181.34,90.56,271.90,2,7.36,1
sglang,multi_turn,635,171.71,173.17,344.88,2,5.80,1
sglang,multi_turn,636,164.53,57.19,221.72,2,9.02,1
sglang,multi_turn,637,185.90,161.42,347.32,2,5.76,1
sglang,multi_turn,638,134.47,0.00,212.93,1,4.70,1
sglang,multi_turn,639,273.65,0.00,303.90,1,3.29,1
sglang,multi_turn,640,141.06,41.36,182.42,2,10.96,1
sglang,multi_turn,641,128.50,0.00,235.11,1,4.25,1
sglang,multi_turn,642,234.73,57.09,291.82,2,6.85,1
sglang,multi_turn,643,130.27,72.37,275.01,3,10.91,0
sglang,multi_turn,644,128.88,99.98,228.86,2,8.74,1
sglang,multi_turn,645,198.36,0.00,375.21,1,2.67,1
sglang,multi_turn,646,141.02,0.00,290.60,1,3.44,1
sglang,multi_turn,647,156.17,0.00,188.12,1,5.32,1
sglang,multi_turn,648,179.27,90.03,269.30,2,7.43,0
sglang,multi_turn,649,98.29,0.00,127.11,1,7.87,1
sglang,multi_turn,650,224.72,0.00,242.41,1,4.13,1
sglang,multi_turn,651,169.88,0.00,331.36,1,3.02,1
sglang,multi_turn,652,170.67,190.43,361.10,2,5.54,1
sglang,multi_turn,653,124.09,33.29,157.39,2,12.71,1
sglang,multi_turn,654,241.80,0.00,386.34,1,2.59,1
sglang,multi_turn,655,193.32,0.00,217.63,1,4.60,1
sglang,multi_turn,656,176.24,44.72,220.96,2,9.05,1
sglang,multi_turn,657,180.58,0.00,195.37,1,5.12,1
sglang,multi_turn,658,132.14,190.04,322.18,2,6.21,1
sglang,multi_turn,659,128.15,157.96,286.11,2,6.99,1
sglang,multi_turn,660,156.54,0.00,240.49,1,4.16,1
sglang,multi_turn,661,161.06,0.00,267.87,1,3.73,1
sglang,multi_turn,662,227.85,98.49,326.34,2,6.13,1
sglang,multi_turn,663,187.15,0.00,242.55,1,4.12,1
sglang,multi_turn,664,120.32,58.15,178.47,2,11.21,1
sglang,multi_turn,665,124.42,0.00,200.16,1,5.00,1
sglang,multi_turn,666,201.08,0.00,217.10,1,4.61,1
sglang,multi_turn,667,208.13,215.87,424.00,2,4.72,1
sglang,multi_turn,668,111.87,0.00,153.45,1,6.52,1
sglang,multi_turn,669,243.47,105.67,349.14,2,5.73,1
sglang,multi_turn,670,179.18,92.15,271.32,2,7.37,1
sglang,multi_turn,671,179.27,0.00,267.51,1,3.74,1
sglang,multi_turn,672,161.65,0.00,251.13,1,3.98,1
sglang,multi_turn,673,110.22,0.00,190.77,1,5.24,1
sglang,multi_turn,674,120.83,149.77,270.60,2,7.39,1
sglang,multi_turn,675,131.30,141.25,272.56,2,7.34,1
sglang,multi_turn,676,138.20,124.92,263.11,2,7.60,1
sglang,multi_turn,677,152.85,0.00,231.15,1,4.33,1
sglang,multi_turn,678,235.73,151.42,387.15,2,5.17,1
sglang,multi_turn,679,176.97,0.00,212.20,1,4.71,1
sglang,multi_turn,680,123.07,94.58,217.65,2,9.19,1
sglang,multi_turn,681,114.25,0.00,222.29,1,4.50,1
sglang,multi_turn,682,130.98,83.24,214.22,2,9.34,1
sglang,multi_turn,683,127.22,149.42,276.64,2,7.23,1
sglang,multi_turn,684,186.79,53.00,239.79,2,8.34,1
sglang,multi_turn,685,216.89,97.61,314.50,2,6.36,1
sglang,multi_turn,686,167.69,204.41,372.09,2,5.38,1
sglang,multi_turn,687,164.16,0.00,186.62,1,5.36,1
sglang,multi_turn,688,107.09,0.00,166.52,1,6.01,1
sglang,multi_turn,689,128.53,0.00,204.30,1,4.89,1
sglang,multi_turn,690,157.26,129.93,287.19,2,6.96,1
sglang,multi_turn,691,133.46,0.00,266.70,1,3.75,1
sglang,multi_turn,692,193.11,0.00,283.92,1,3.52,1
sglang,multi_turn,693,188.93,51.39,240.32,2,8.32,1
sglang,multi_turn,694,182.72,0.00,322.43,1,3.10,1
sglang,multi_turn,695,249.43,0.00,279.78,1,3.57,1
sglang,multi_turn,696,147.51,0.00,211.64,1,4.73,1
sglang,multi_turn,697,135.15,48.13,183.28,2,10.91,1
sglang,multi_turn,698,181.18,118.02,299.20,2,6.68,1
sglang,multi_turn,699,139.32,0.00,268.22,1,3.73,1
sglang,multi_turn,700,175.19,0.00,246.35,1,4.06,1
sglang,multi_turn,701,210.11,122.08,332.19,2,6.02,1
sglang,multi_turn,702,166.53,0.00,316.23,1,3.16,1
sglang,multi_turn,703,148.19,0.00,209.73,1,4.77,1
sglang,multi_turn,704,126.13,65.72,191.84,2,10.43,1
sglang,multi_turn,705,142.16,0.00,168.81,1,5.92,1
sglang,multi_turn,706,167.53,0.00,230.58,1,4.34,1
sglang,multi_turn,707,175.07,0.00,301.45,1,3.32,1
sglang,multi_turn,708,198.31,0.00,341.52,1,2.93,1
sglang,multi_turn,709,178.15,0.00,265.31,1,3.77,1
sglang,multi_turn,710,208.44,168.35,376.79,2,5.31,1
sglang,multi_turn,711,147.13,0.00,173.40,1,5.77,1
sglang,multi_turn,712,114.02,0.00,151.58,1,6.60,1
sglang,multi_turn,713,149.67,100.14,249.81,2,8.01,1
sglang,multi_turn,714,149.70,0.00,216.77,1,4.61,1
sglang,multi_turn,715,161.90,0.00,297.23,1,3.36,1
sglang,multi_turn,716,162.41,0.00,297.43,1,3.36,1
sglang,multi_turn,717,107.66,0.00,324.07,1,3.09,1
sglang,multi_turn,718,160.34,0.00,288.56,1,3.47,1
sglang,multi_turn,719,183.11,0.00,207.34,1,4.82,1
sglang,multi_turn,720,103.86,0.00,207.82,1,4.81,1
sglang,multi_turn,721,133.02,104.99,238.01,2,8.40,1
sglang,multi_turn,722,129.94,0.00,179.96,1,5.56,1
sglang,multi_turn,723,201.85,0.00,290.84,1,3.44,1
sglang,multi_turn,724,206.89,160.79,367.68,2,5.44,1
sglang,multi_turn,725,129.95,0.00,254.58,1,3.93,1
sglang,multi_turn,726,125.05,0.00,292.80,1,3.42,1
sglang,multi_turn,727,109.10,0.00,224.73,1,4.45,1
sglang,multi_turn,728,119.91,59.26,179.17,2,11.16,1
sglang,multi_turn,729,105.44,0.00,222.60,1,4.49,1
sglang,multi_turn,730,174.84,0.00,258.15,1,3.87,1
sglang,multi_turn,731,148.84,0.00,316.04,1,3.16,1
sglang,multi_turn,732,174.54,88.29,262.83,2,7.61,1
sglang,multi_turn,733,182.19,0.00,338.45,1,2.95,1
sglang,multi_turn,734,153.87,107.26,261.13,2,7.66,1
sglang,multi_turn,735,200.39,30.14,230.53,2,8.68,1
sglang,multi_turn,736,158.63,62.67,221.31,2,9.04,1
sglang,multi_turn,737,151.88,0.00,265.83,1,3.76,1
sglang,multi_turn,738,136.28,75.09,211.37,2,9.46,1
sglang,multi_turn,739,144.99,0.00,345.38,1,2.90,1
sglang,multi_turn,740,134.32,127.52,261.84,2,7.64,1
sglang,multi_turn,741,143.21,0.00,255.61,1,3.91,1
sglang,multi_turn,742,149.56,0.00,221.93,1,4.51,1
sglang,multi_turn,743,280.09,37.27,317.36,2,6.30,1
sglang,multi_turn,744,142.54,59.64,202.18,2,9.89,1
sglang,multi_turn,745,145.14,0.00,231.22,1,4.32,1
sglang,multi_turn,746,145.95,71.68,217.63,2,9.19,1
sglang,multi_turn,747,183.46,0.00,348.39,1,2.87,1
sglang,multi_turn,748,108.08,122.05,230.13,2,8.69,1
sglang,multi_turn,749,205.84,0.00,338.34,1,2.96,1
sglang,multi_turn,750,170.69,0.00,218.90,1,4.57,1
sglang,multi_turn,751,221.84,0.00,284.78,1,3.51,1
sglang,multi_turn,752,178.70,0.00,229.81,1,4.35,1
sglang,multi_turn,753,136.08,0.00,179.22,1,5.58,1
sglang,multi_turn,754,161.16,0.00,250.38,1,3.99,1
sglang,multi_turn,755,178.62,0.00,329.26,1,3.04,1
sglang,multi_turn,756,194.87,0.00,199.77,1,5.01,1
sglang,multi_turn,757,219.12,197.61,416.74,2,4.80,1
sglang,multi_turn,758,143.15,71.42,214.57,2,9.32,1
sglang,multi_turn,759,212.53,60.86,273.39,2,7.32,1
sglang,multi_turn,760,108.91,0.00,220.58,1,4.53,1
sglang,multi_turn,761,164.76,0.00,180.04,1,5.55,1
sglang,multi_turn,762,180.27,99.00,279.27,2,7.16,1
sglang,multi_turn,763,153.85,171.50,325.35,2,6.15,1
sglang,multi_turn,764,126.93,152.06,278.99,2,7.17,1
sglang,multi_turn,765,132.81,0.00,228.46,1,4.38,1
sglang,multi_turn,766,205.43,0.00,387.13,1,2.58,1
sglang,multi_turn,767,138.44,0.00,160.84,1,6.22,1
sglang,multi_turn,768,118.49,0.00,168.26,1,5.94,1
sglang,multi_turn,769,137.46,0.00,227.16,1,4.40,1
sglang,multi_turn,770,151.70,0.00,233.79,1,4.28,1
sglang,multi_turn,771,182.69,0.00,375.34,1,2.66,1
sglang,multi_turn,772,130.47,152.41,282.88,2,7.07,1
sglang,multi_turn,773,142.00,148.11,290.12,2,6.89,1
sglang,multi_turn,774,154.52,0.00,289.95,1,3.45,1
sglang,multi_turn,775,142.77,58.72,201.49,2,9.93,1
sglang,multi_turn,776,147.46,53.68,201.14,2,9.94,1
sglang,multi_turn,777,116.79,98.75,215.53,2,9.28,1
sglang,multi_turn,778,167.40,96.70,264.10,2,7.57,1
sglang,multi_turn,779,105.18,145.50,250.68,2,7.98,1
sglang,multi_turn,780,182.97,0.00,307.04,1,3.26,1
sglang,multi_turn,781,196.09,0.00,359.99,1,2.78,1
sglang,multi_turn,782,139.28,0.00,303.13,1,3.30,1
sglang,multi_turn,783,138.71,35.57,174.28,2,11.48,1
sglang,multi_turn,784,134.51,0.00,153.35,1,6.52,1
sglang,multi_turn,785,147.05,0.00,220.86,1,4.53,1
sglang,multi_turn,786,192.81,107.74,300.55,2,6.65,1
sglang,multi_turn,787,159.28,134.82,294.10,2,6.80,1
sglang,multi_turn,788,128.52,101.21,229.73,2,8.71,1
sglang,multi_turn,789,184.08,0.00,227.74,1,4.39,1
sglang,multi_turn,790,242.93,0.00,450.67,1,2.22,1
sglang,multi_turn,791,162.62,23.12,185.74,2,10.77,0
sglang,multi_turn,792,124.49,0.00,193.91,1,5.16,1
sglang,multi_turn,793,131.73,0.00,204.23,1,4.90,1
sglang,multi_turn,794,120.76,0.00,232.59,1,4.30,1
sglang,multi_turn,795,144.50,175.69,320.19,2,6.25,1
sglang,multi_turn,796,172.51,100.62,273.13,2,7.32,1
sglang,multi_turn,797,129.15,116.62,245.77,2,8.14,1
sglang,multi_turn,798,231.67,0.00,310.17,1,3.22,1
sglang,multi_turn,799,194.11,67.26,261.37,2,7.65,1
sglang,multi_turn,800,162.69,96.01,258.70,2,7.73,1
sglang,multi_turn,801,112.43,96.59,209.03,2,9.57,1
sglang,multi_turn,802,106.57,128.69,235.26,2,8.50,1
sglang,multi_turn,803,133.83,0.00,253.85,1,3.94,1
sglang,multi_turn,804,217.49,0.00,366.05,1,2.73,1
sglang,multi_turn,805,123.72,57.56,181.28,2,11.03,1
sglang,multi_turn,806,247.16,45.66,292.82,2,6.83,1
sglang,multi_turn,807,261.89,34.50,296.38,2,6.75,1
sglang,multi_turn,808,129.12,0.00,184.56,1,5.42,1
sglang,multi_turn,809,148.73,72.12,220.85,2,9.06,1
sglang,multi_turn,810,135.86,89.13,224.99,2,8.89,1
sglang,multi_turn,811,139.71,0.00,312.81,1,3.20,1
sglang,multi_turn,812,191.75,111.07,302.82,2,6.60,1
sglang,multi_turn,813,131.29,0.00,294.41,1,3.40,1
sglang,multi_turn,814,182.43,0.00,312.94,1,3.20,1
sglang,multi_turn,815,136.78,69.93,206.71,2,9.68,1
sglang,multi_turn,816,101.71,0.00,190.33,1,5.25,1
sglang,multi_turn,817,102.64,0.00,206.89,1,4.83,1
sglang,multi_turn,818,130.62,160.03,290.65,2,6.88,1
sglang,multi_turn,819,137.14,180.30,317.44,2,6.30,1
sglang,multi_turn,820,89.94,174.30,264.24,2,7.57,1
sglang,multi_turn,821,141.38,117.94,259.31,2,7.71,1
sglang,multi_turn,822,134.13,0.00,371.42,1,2.69,1
sglang,multi_turn,823,126.74,29.67,156.42,2,12.79,1
sglang,multi_turn,824,83.78,64.76,148.54,2,13.46,1
sglang,multi_turn,825,165.89,0.00,222.81,1,4.49,1
sglang,multi_turn,826,177.80,107.36,285.16,2,7.01,1
sglang,multi_turn,827,123.94,188.44,312.39,2,6.40,1
sglang,multi_turn,828,152.02,0.00,198.89,1,5.03,1
sglang,multi_turn,829,187.35,0.00,290.90,1,3.44,1
sglang,multi_turn,830,132.31,0.00,318.00,1,3.14,1
sglang,multi_turn,831,206.13,61.27,267.40,2,7.48,0
sglang,multi_turn,832,177.51,0.00,233.88,1,4.28,1
sglang,multi_turn,833,140.43,51.16,191.59,2,10.44,1
sglang,multi_turn,834,185.08,120.31,305.39,2,6.55,1
sglang,multi_turn,835,127.34,0.00,201.88,1,4.95,1
sglang,multi_turn,836,220.91,0.00,308.01,1,3.25,1
sglang,multi_turn,837,192.59,175.39,367.98,2,5.44,1
sglang,multi_turn,838,147.28,113.67,260.95,2,7.66,1
sglang,multi_turn,839,191.27,32.23,223.50,2,8.95,1
sglang,multi_turn,840,145.95,43.56,233.08,3,12.87,0
sglang,multi_turn,841,133.62,97.39,231.00,2,8.66,1
sglang,multi_turn,842,150.84,0.00,191.56,1,5.22,1
sglang,multi_turn,843,191.36,99.67,291.03,2,6.87,0
sglang,multi_turn,844,193.39,152.80,346.19,2,5.78,1
sglang,multi_turn,845,161.20,30.88,192.07,2,10.41,1
sglang,multi_turn,846,222.72,192.90,415.62,2,4.81,1
sglang,multi_turn,847,140.96,0.00,204.33,1,4.89,1
sglang,multi_turn,848,158.49,0.00,229.13,1,4.36,1
sglang,multi_turn,849,138.30,88.68,226.98,2,8.81,1
sglang,multi_turn,850,132.96,0.00,184.21,1,5.43,1
sglang,multi_turn,851,185.03,211.64,396.67,2,5.04,1
sglang,multi_turn,852,125.40,0.00,147.01,1,6.80,1
sglang,multi_turn,853,180.30,0.00,277.57,1,3.60,1
sglang,multi_turn,854,247.90,0.00,453.12,1,2.21,1
sglang,multi_turn,855,133.84,36.08,169.92,2,11.77,1
sglang,multi_turn,856,166.46,0.00,201.63,1,4.96,1
sglang,multi_turn,857,120.08,0.00,200.73,1,4.98,1
sglang,multi_turn,858,159.70,0.00,225.97,1,4.43,1
sglang,multi_turn,859,167.46,213.43,380.89,2,5.25,1
sglang,multi_turn,860,118.76,131.73,250.49,2,7.98,1
sglang,multi_turn,861,141.62,0.00,267.26,1,3.74,1
sglang,multi_turn,862,216.05,86.38,302.43,2,6.61,1
sglang,multi_turn,863,234.41,26.64,261.05,2,7.66,1
sglang,multi_turn,864,134.32,0.00,189.81,1,5.27,1
sglang,multi_turn,865,132.35,97.27,229.61,2,8.71,1
sglang,multi_turn,866,148.90,53.45,255.79,3,11.73,1
sglang,multi_turn,867,134.11,0.00,237.25,1,4.22,1
sglang,multi_turn,868,179.70,76.03,331.76,3,9.04,1
sglang,multi_turn,869,157.59,0.00,290.18,1,3.45,1
sglang,multi_turn,870,170.75,81.01,332.77,3,9.02,1
sglang,multi_turn,871,145.81,42.54,188.35,2,10.62,1
sglang,multi_turn,872,119.17,0.00,176.34,1,5.67,1
sglang,multi_turn,873,133.34,118.74,252.09,2,7.93,1
sglang,multi_turn,874,128.23,0.00,156.58,1,6.39,1
sglang,multi_turn,875,223.56,104.59,328.15,2,6.09,1
sglang,multi_turn,876,202.87,0.00,252.74,1,3.96,1
sglang,multi_turn,877,222.34,0.00,300.31,1,3.33,1
sglang,multi_turn,878,190.99,0.00,281.04,1,3.56,1
sglang,multi_turn,879,272.04,32.04,304.08,2,6.58,1
sglang,multi_turn,880,151.33,0.00,208.59,1,4.79,1
sglang,multi_turn,881,123.56,0.00,229.94,1,4.35,1
sglang,multi_turn,882,146.61,73.81,220.42,2,9.07,1
sglang,multi_turn,883,170.92,154.74,325.66,2,6.14,1
sglang,multi_turn,884,158.56,0.00,205.03,1,4.88,1
sglang,multi_turn,885,231.61,83.19,314.80,2,6.35,1
sglang,multi_turn,886,163.65,0.00,270.63,1,3.70,1
sglang,multi_turn,887,251.83,44.23,296.06,2,6.76,1
sglang,multi_turn,888,151.61,0.00,243.99,1,4.10,1
sglang,multi_turn,889,125.39,0.00,130.28,1,7.68,1
sglang,multi_turn,890,201.97,0.00,227.57,1,4.39,1
sglang,multi_turn,891,151.22,0.00,341.90,1,2.92,1
sglang,multi_turn,892,193.76,0.00,314.99,1,3.17,1
sglang,multi_turn,893,158.68,0.00,241.44,1,4.14,1
sglang,multi_turn,894,178.07,121.23,299.30,2,6.68,1
sglang,multi_turn,895,248.56,27.09,275.66,2,7.26,1
sglang,multi_turn,896,140.30,69.62,209.92,2,9.53,1
sglang,multi_turn,897,148.15,0.00,238.04,1,4.20,1
sglang,multi_turn,898,149.45,0.00,209.08,1,4.78,1
sglang,multi_turn,899,193.34,0.00,295.62,1,3.38,1
sglang,multi_turn,900,203.06,138.29,341.35,2,5.86,1
sglang,multi_turn,901,138.17,0.00,290.61,1,3.44,1
sglang,multi_turn,902,105.76,88.84,194.60,2,10.28,1
sglang,multi_turn,903,243.64,70.05,313.69,2,6.38,1
sglang,multi_turn,904,136.27,0.00,214.43,1,4.66,1
sglang,multi_turn,905,115.14,0.00,148.78,1,6.72,1
sglang,multi_turn,906,173.51,0.00,319.13,1,3.13,1
sglang,multi_turn,907,116.87,142.32,259.19,2,7.72,1
sglang,multi_turn,908,196.20,0.00,219.06,1,4.56,1
sglang,multi_turn,909,178.11,0.00,268.37,1,3.73,1
sglang,multi_turn,910,266.33,0.00,424.35,1,2.36,1
sglang,multi_turn,911,181.90,31.92,213.82,2,9.35,1
sglang,multi_turn,912,127.06,0.00,213.01,1,4.69,1
sglang,multi_turn,913,107.36,0.00,225.76,1,4.43,1
sglang,multi_turn,914,129.98,81.30,211.28,2,9.47,1
sglang,multi_turn,915,159.49,157.02,316.51,2,6.32,1
sglang,multi_turn,916,169.25,0.00,202.43,1,4.94,1
sglang,multi_turn,917,200.21,143.90,344.11,2,5.81,1
sglang,multi_turn,918,203.40,165.50,368.90,2,5.42,1
sglang,multi_turn,919,146.18,29.21,175.39,2,11.40,1
sglang,multi_turn,920,166.19,0.00,255.23,1,3.92,1
sglang,multi_turn,921,139.49,0.00,204.69,1,4.89,1
sglang,multi_turn,922,157.64,0.00,229.24,1,4.36,1
sglang,multi_turn,923,159.19,0.00,341.95,1,2.92,1
sglang,multi_turn,924,121.79,0.00,209.64,1,4.77,1
sglang,multi_turn,925,181.78,0.00,241.66,1,4.14,1
sglang,multi_turn,926,202.77,0.00,322.45,1,3.10,1
sglang,multi_turn,927,269.45,41.53,310.98,2,6.43,1
sglang,multi_turn,928,114.65,0.00,164.87,1,6.07,1
sglang,multi_turn,929,140.25,0.00,254.50,1,3.93,1
sglang,multi_turn,930,147.46,0.00,271.42,1,3.68,1
sglang,multi_turn,931,142.73,176.13,318.85,2,6.27,1
sglang,multi_turn,932,127.13,0.00,290.06,1,3.45,1
sglang,multi_turn,933,115.38,0.00,171.39,1,5.83,1
sglang,multi_turn,934,251.04,0.00,367.80,1,2.72,1
sglang,multi_turn,935,164.19,67.61,231.80,2,8.63,1
sglang,multi_turn,936,112.71,66.82,179.54,2,11.14,1
sglang,multi_turn,937,146.09,0.00,166.22,1,6.02,1
sglang,multi_turn,938,182.57,172.37,354.95,2,5.63,1
sglang,multi_turn,939,118.07,177.67,295.74,2,6.76,1
sglang,multi_turn,940,128.76,141.99,270.75,2,7.39,1
sglang,multi_turn,941,147.29,58.99,206.29,2,9.70,1
sglang,multi_turn,942,189.67,197.26,386.93,2,5.17,1
sglang,multi_turn,943,165.25,38.37,203.62,2,9.82,1
sglang,multi_turn,944,145.65,128.78,274.43,2,7.29,1
sglang,multi_turn,945,102.34,0.00,204.01,1,4.90,1
sglang,multi_turn,946,130.11,61.84,191.96,2,10.42,1
sglang,multi_turn,947,135.34,0.00,275.23,1,3.63,1
sglang,multi_turn,948,218.42,145.04,363.46,2,5.50,1
sglang,multi_turn,949,148.63,128.59,277.21,2,7.21,1
sglang,multi_turn,950,85.66,0.00,251.82,1,3.97,1
sglang,multi_turn,951,195.35,70.05,265.40,2,7.54,1
sglang,multi_turn,952,160.77,0.00,220.96,1,4.53,1
sglang,multi_turn,953,159.55,0.00,218.96,1,4.57,1
sglang,multi_turn,954,127.62,0.00,282.66,1,3.54,1
sglang,multi_turn,955,132.46,0.00,262.86,1,3.80,1
sglang,multi_turn,956,164.13,116.77,280.90,2,7.12,1
sglang,multi_turn,957,165.77,0.00,333.70,1,3.00,1
sglang,multi_turn,958,123.63,0.00,220.65,1,4.53,1
sglang,multi_turn,959,238.07,35.77,273.84,2,7.30,1
sglang,multi_turn,960,137.12,66.37,203.49,2,9.83,1
sglang,multi_turn,961,130.96,0.00,152.68,1,6.55,1
sglang,multi_turn,962,203.03,45.70,248.73,2,8.04,1
sglang,multi_turn,963,159.77,124.87,409.51,3,7.33,0
sglang,multi_turn,964,113.97,164.50,278.47,2,7.18,1
sglang,multi_turn,965,111.89,0.00,135.52,1,7.38,1
sglang,multi_turn,966,290.22,0.00,307.95,1,3.25,1
sglang,multi_turn,967,277.25,45.87,323.12,2,6.19,1
sglang,multi_turn,968,58.99,125.21,184.20,2,10.86,1
sglang,multi_turn,969,130.52,0.00,237.48,1,4.21,1
sglang,multi_turn,970,144.50,0.00,205.20,1,4.87,1
sglang,multi_turn,971,179.48,0.00,351.93,1,2.84,1
sglang,multi_turn,972,143.49,0.00,158.79,1,6.30,1
sglang,multi_turn,973,246.38,37.80,284.18,2,7.04,1
sglang,multi_turn,974,282.87,165.19,448.06,2,4.46,0
sglang,multi_turn,975,139.64,39.83,179.47,2,11.14,1
sglang,multi_turn,976,132.90,74.22,207.12,2,9.66,1
sglang,multi_turn,977,121.69,50.90,172.59,2,11.59,1
sglang,multi_turn,978,180.01,32.31,212.32,2,9.42,1
sglang,multi_turn,979,217.15,0.00,351.10,1,2.85,1
sglang,multi_turn,980,185.14,31.70,216.84,2,9.22,1
sglang,multi_turn,981,203.66,137.04,340.70,2,5.87,1
sglang,multi_turn,982,176.85,0.00,305.06,1,3.28,1
sglang,multi_turn,983,182.86,65.93,248.79,2,8.04,1
sglang,multi_turn,984,91.77,0.00,198.53,1,5.04,1
sglang,multi_turn,985,113.14,0.00,163.70,1,6.11,1
sglang,multi_turn,986,190.25,96.51,286.76,2,6.97,1
sglang,multi_turn,987,94.84,0.00,223.53,1,4.47,1
sglang,multi_turn,988,170.56,0.00,359.02,1,2.79,1
sglang,multi_turn,989,156.64,51.45,208.10,2,9.61,1
sglang,multi_turn,990,205.38,0.00,272.73,1,3.67,1
sglang,multi_turn,991,287.47,45.45,332.92,2,6.01,1
sglang,multi_turn,992,140.44,72.63,213.08,2,9.39,1
sglang,multi_turn,993,123.17,28.82,469.03,13,27.72,0
sglang,multi_turn,994,180.05,0.00,346.66,1,2.88,1
sglang,multi_turn,995,146.71,92.74,239.46,2,8.35,1
sglang,multi_turn,996,172.64,0.00,250.74,1,3.99,1
sglang,multi_turn,997,233.99,183.65,417.63,2,4.79,1
sglang,multi_turn,998,134.81,31.87,166.67,2,12.00,1
sglang,multi_turn,999,27.74,0.00,36.23,1,27.60,1
sglang,tree_of_thought,0,103.14,0.00,211.87,1,4.72,1
sglang,tree_of_thought,1,85.65,134.63,220.27,2,9.08,1
sglang,tree_of_thought,2,76.35,130.65,207.00,2,9.66,1
sglang,tree_of_thought,3,85.70,112.79,198.49,2,10.08,1
sglang,tree_of_thought,4,63.91,0.00,211.84,1,4.72,1
sglang,tree_of_thought,5,78.61,0.00,239.65,1,4.17,1
sglang,tree_of_thought,6,132.91,0.00,157.17,1,6.36,1
sglang,tree_of_thought,7,146.96,60.48,207.44,2,9.64,1
sglang,tree_of_thought,8,67.38,0.00,118.06,1,8.47,1
sglang,tree_of_thought,9,86.29,0.00,170.10,1,5.88,1
sglang,tree_of_thought,10,82.50,0.00,150.17,1,6.66,1
sglang,tree_of_thought,11,67.79,132.12,199.90,2,10.00,1
sglang,tree_of_thought,12,71.99,0.00,187.04,1,5.35,1
sglang,tree_of_thought,13,79.43,0.00,218.27,1,4.58,1
sglang,tree_of_thought,14,63.57,111.17,174.73,2,11.45,0
sglang,tree_of_thought,15,98.26,0.00,140.64,1,7.11,1
sglang,tree_of_thought,16,76.85,0.00,93.80,1,10.66,1
sglang,tree_of_thought,17,93.70,0.00,147.96,1,6.76,1
sglang,tree_of_thought,18,93.96,105.17,199.13,2,10.04,1
sglang,tree_of_thought,19,76.90,110.68,187.58,2,10.66,1
sglang,tree_of_thought,20,70.51,36.70,143.92,3,20.85,1
sglang,tree_of_thought,21,90.82,0.00,178.08,1,5.62,1
sglang,tree_of_thought,22,61.54,0.00,101.29,1,9.87,1
sglang,tree_of_thought,23,85.26,60.53,145.79,2,13.72,1
sglang,tree_of_thought,24,74.90,0.00,211.12,1,4.74,1
sglang,tree_of_thought,25,93.13,0.00,107.20,1,9.33,1
sglang,tree_of_thought,26,981.95,0.00,992.38,1,1.01,1
sglang,tree_of_thought,27,993.03,26.99,1020.02,2,1.96,1
sglang,tree_of_thought,28,1015.74,50.53,1066.27,2,1.88,1
sglang,tree_of_thought,29,1016.74,26.47,1043.21,2,1.92,1
sglang,tree_of_thought,30,61.36,0.00,62.98,1,15.88,1
sglang,tree_of_thought,31,83.16,0.00,138.62,1,7.21,1
sglang,tree_of_thought,32,84.93,0.00,148.44,1,6.74,1
sglang,tree_of_thought,33,75.92,87.36,163.27,2,12.25,1
sglang,tree_of_thought,34,69.19,92.26,161.45,2,12.39,1
sglang,tree_of_thought,35,172.97,0.00,193.62,1,5.16,1
sglang,tree_of_thought,36,69.35,0.00,224.48,1,4.45,1
sglang,tree_of_thought,37,100.41,0.00,123.75,1,8.08,1
sglang,tree_of_thought,38,137.79,0.00,175.13,1,5.71,1
sglang,tree_of_thought,39,81.33,0.00,190.67,1,5.24,1
sglang,tree_of_thought,40,69.07,0.00,144.39,1,6.93,1
sglang,tree_of_thought,41,62.22,133.95,196.17,2,10.20,1
sglang,tree_of_thought,42,76.93,101.60,178.53,2,11.20,1
sglang,tree_of_thought,43,80.00,0.00,217.95,1,4.59,1
sglang,tree_of_thought,44,92.63,0.00,198.65,1,5.03,1
sglang,tree_of_thought,45,81.57,0.00,176.67,1,5.66,1
sglang,tree_of_thought,46,76.47,0.00,143.21,1,6.98,1
sglang,tree_of_thought,47,77.58,27.09,104.67,2,19.11,1
sglang,tree_of_thought,48,93.89,0.00,155.92,1,6.41,1
sglang,tree_of_thought,49,81.24,0.00,130.25,1,7.68,1
sglang,tree_of_thought,50,64.79,42.40,107.19,2,18.66,1
sglang,tree_of_thought,51,50.63,35.52,86.14,2,23.22,1
sglang,tree_of_thought,52,72.96,0.00,206.09,1,4.85,1
sglang,tree_of_thought,53,94.16,104.60,198.77,2,10.06,1
sglang,tree_of_thought,54,81.00,47.17,128.17,2,15.60,1
sglang,tree_of_thought,55,86.20,91.91,178.11,2,11.23,0
sglang,tree_of_thought,56,93.92,24.93,118.86,2,16.83,1
sglang,tree_of_thought,57,976.12,7.16,983.28,2,2.03,1
sglang,tree_of_thought,58,981.89,25.36,1007.25,2,1.99,1
sglang,tree_of_thought,59,1010.20,26.10,1036.30,2,1.93,1
sglang,tree_of_thought,60,1001.91,52.60,1054.51,2,1.90,1
sglang,tree_of_thought,61,58.93,0.00,65.24,1,15.33,1
sglang,tree_of_thought,62,79.38,45.61,125.00,2,16.00,1
sglang,tree_of_thought,63,83.27,0.00,149.30,1,6.70,1
sglang,tree_of_thought,64,78.89,66.27,145.16,2,13.78,1
sglang,tree_of_thought,65,73.85,48.59,122.45,2,16.33,1
sglang,tree_of_thought,66,120.31,0.00,130.18,1,7.68,1
sglang,tree_of_thought,67,134.76,0.00,186.86,1,5.35,1
sglang,tree_of_thought,68,73.93,160.39,234.31,2,8.54,1
sglang,tree_of_thought,69,194.39,148.50,342.89,2,5.83,1
sglang,tree_of_thought,70,69.98,0.00,209.40,1,4.78,1
sglang,tree_of_thought,71,77.73,88.98,166.71,2,12.00,1
sglang,tree_of_thought,72,92.26,45.23,137.50,2,14.55,1
sglang,tree_of_thought,73,71.09,134.33,205.42,2,9.74,0
sglang,tree_of_thought,74,71.50,0.00,83.09,1,12.03,1
sglang,tree_of_thought,75,62.70,0.00,75.25,1,13.29,1
sglang,tree_of_thought,76,63.09,0.00,72.89,1,13.72,1
sglang,tree_of_thought,77,55.18,21.14,76.32,2,26.21,0
sglang,tree_of_thought,78,113.61,70.99,184.60,2,10.83,1
sglang,tree_of_thought,79,79.42,0.00,214.52,1,4.66,1
sglang,tree_of_thought,80,81.69,0.00,224.36,1,4.46,1
sglang,tree_of_thought,81,71.18,0.00,203.29,1,4.92,1
sglang,tree_of_thought,82,97.54,0.00,248.73,1,4.02,1
sglang,tree_of_thought,83,87.56,0.00,96.04,1,10.41,1
sglang,tree_of_thought,84,85.65,0.00,101.90,1,9.81,1
sglang,tree_of_thought,85,98.05,23.25,121.30,2,16.49,1
sglang,tree_of_thought,86,98.94,16.76,115.69,2,17.29,1
sglang,tree_of_thought,87,1006.44,12.42,1018.86,2,1.96,1
sglang,tree_of_thought,88,65.25,0.00,79.99,1,12.50,1
sglang,tree_of_thought,89,55.17,0.00,68.18,1,14.67,1
sglang,tree_of_thought,90,59.21,0.00,78.71,1,12.70,1
sglang,tree_of_thought,91,52.77,25.63,78.40,2,25.51,1
sglang,tree_of_thought,92,52.69,0.00,63.44,1,15.76,1
sglang,tree_of_thought,93,86.51,0.00,161.44,1,6.19,1
sglang,tree_of_thought,94,74.11,79.00,153.12,2,13.06,1
sglang,tree_of_thought,95,80.50,0.00,164.93,1,6.06,1
sglang,tree_of_thought,96,67.41,0.00,153.94,1,6.50,1
sglang,tree_of_thought,97,119.15,0.00,137.37,1,7.28,1
sglang,tree_of_thought,98,71.47,156.15,227.62,2,8.79,1
sglang,tree_of_thought,99,139.34,67.94,207.28,2,9.65,1
sglang,tree_of_thought,100,131.77,0.00,137.50,1,7.27,1
sglang,tree_of_thought,101,85.27,0.00,168.85,1,5.92,1
sglang,tree_of_thought,102,62.86,0.00,114.29,1,8.75,1
sglang,tree_of_thought,103,80.06,0.00,147.92,1,6.76,1
sglang,tree_of_thought,104,72.14,38.19,110.33,2,18.13,1
sglang,tree_of_thought,105,79.01,0.00,133.69,1,7.48,1
sglang,tree_of_thought,106,70.64,0.00,107.21,1,9.33,1
sglang,tree_of_thought,107,94.59,0.00,212.83,1,4.70,1
sglang,tree_of_thought,108,80.61,107.65,188.26,2,10.62,1
sglang,tree_of_thought,109,75.30,18.79,94.10,2,21.25,1
sglang,tree_of_thought,110,82.99,0.00,133.09,1,7.51,1
sglang,tree_of_thought,111,78.14,0.00,117.19,1,8.53,1
sglang,tree_of_thought,112,49.55,38.43,87.98,2,22.73,1
sglang,tree_of_thought,113,98.45,71.77,170.22,2,11.75,1
sglang,tree_of_thought,114,76.63,0.00,190.55,1,5.25,1
sglang,tree_of_thought,115,75.11,161.79,236.90,2,8.44,1
sglang,tree_of_thought,116,76.20,70.18,146.38,2,13.66,1
sglang,tree_of_thought,117,90.20,0.00,184.44,1,5.42,1
sglang,tree_of_thought,118,96.99,15.84,112.83,2,17.73,1
sglang,tree_of_thought,119,971.65,0.00,987.54,1,1.01,1
sglang,tree_of_thought,120,1004.99,0.00,1010.49,1,0.99,1
sglang,tree_of_thought,121,1018.38,0.00,1029.66,1,0.97,1
sglang,tree_of_thought,122,1031.15,22.10,1053.25,2,1.90,1
sglang,tree_of_thought,123,61.92,0.00,72.40,1,13.81,1
sglang,tree_of_thought,124,90.21,0.00,200.63,1,4.98,1
sglang,tree_of_thought,125,72.55,0.00,190.53,1,5.25,1
sglang,tree_of_thought,126,103.39,0.00,218.23,1,4.58,1
sglang,tree_of_thought,127,83.68,102.55,186.23,2,10.74,1
sglang,tree_of_thought,128,72.07,0.00,212.56,1,4.70,1
sglang,tree_of_thought,129,79.89,0.00,244.75,1,4.09,1
sglang,tree_of_thought,130,104.32,0.00,138.59,1,7.22,1
sglang,tree_of_thought,131,156.66,0.00,190.63,1,5.25,1
sglang,tree_of_thought,132,93.35,0.00,172.81,1,5.79,1
sglang,tree_of_thought,133,73.88,0.00,186.20,1,5.37,1
sglang,tree_of_thought,134,82.55,81.82,164.37,2,12.17,1
sglang,tree_of_thought,135,75.22,64.47,139.69,2,14.32,1
sglang,tree_of_thought,136,76.14,0.00,157.32,1,6.36,1
sglang,tree_of_thought,137,87.02,147.99,235.01,2,8.51,1
sglang,tree_of_thought,138,87.47,55.70,198.87,3,15.09,1
sglang,tree_of_thought,139,102.58,127.63,230.20,2,8.69,1
sglang,tree_of_thought,140,70.12,0.00,80.74,1,12.38,1
sglang,tree_of_thought,141,88.03,0.00,142.41,1,7.02,1
sglang,tree_of_thought,142,68.83,0.00,174.22,1,5.74,1
sglang,tree_of_thought,143,85.74,0.00,191.13,1,5.23,1
sglang,tree_of_thought,144,68.82,32.15,133.12,3,22.54,0
sglang,tree_of_thought,145,66.55,0.00,188.04,1,5.32,1
sglang,tree_of_thought,146,87.99,0.00,166.13,1,6.02,1
sglang,tree_of_thought,147,93.18,135.10,228.28,2,8.76,1
sglang,tree_of_thought,148,62.96,67.66,130.63,2,15.31,1
sglang,tree_of_thought,149,99.46,0.00,115.92,1,8.63,1
sglang,tree_of_thought,150,988.91,24.30,1013.20,2,1.97,1
sglang,tree_of_thought,151,974.58,0.00,997.35,1,1.00,1
sglang,tree_of_thought,152,1013.48,0.00,1056.30,1,0.95,1
sglang,tree_of_thought,153,1017.52,22.13,1039.65,2,1.92,1
sglang,tree_of_thought,154,54.56,0.00,67.73,1,14.76,1
sglang,tree_of_thought,155,53.31,0.00,84.22,1,11.87,1
sglang,tree_of_thought,156,62.23,0.00,102.29,1,9.78,1
sglang,tree_of_thought,157,76.15,45.16,121.31,2,16.49,1
sglang,tree_of_thought,158,59.12,45.35,104.48,2,19.14,1
sglang,tree_of_thought,159,80.36,0.00,214.87,1,4.65,1
sglang,tree_of_thought,160,88.20,0.00,119.15,1,8.39,1
sglang,tree_of_thought,161,138.55,62.09,200.63,2,9.97,1
sglang,tree_of_thought,162,123.86,45.08,168.95,2,11.84,1
sglang,tree_of_thought,163,87.78,0.00,173.77,1,5.75,1
sglang,tree_of_thought,164,73.66,0.00,130.28,1,7.68,1
sglang,tree_of_thought,165,77.49,80.57,158.06,2,12.65,1
sglang,tree_of_thought,166,68.72,41.63,110.35,2,18.12,1
sglang,tree_of_thought,167,94.15,0.00,181.86,1,5.50,1
sglang,tree_of_thought,168,87.25,0.00,233.92,1,4.28,1
sglang,tree_of_thought,169,68.53,156.27,224.80,2,8.90,1
sglang,tree_of_thought,170,59.25,192.52,251.77,2,7.94,1
sglang,tree_of_thought,171,67.87,0.00,79.64,1,12.56,1
sglang,tree_of_thought,172,96.95,0.00,158.03,1,6.33,1
sglang,tree_of_thought,173,60.55,44.46,105.01,2,19.05,1
sglang,tree_of_thought,174,77.73,0.00,139.47,1,7.17,1
sglang,tree_of_thought,175,79.55,0.00,192.78,1,5.19,1
sglang,tree_of_thought,176,79.42,0.00,209.65,1,4.77,1
sglang,tree_of_thought,177,92.95,0.00,188.41,1,5.31,1
sglang,tree_of_thought,178,78.88,88.02,166.90,2,11.98,1
sglang,tree_of_thought,179,79.69,0.00,122.33,1,8.17,1
sglang,tree_of_thought,180,61.72,0.00,110.46,1,9.05,1
sglang,tree_of_thought,181,965.83,0.00,974.80,1,1.03,1
sglang,tree_of_thought,182,978.82,22.73,1001.55,2,2.00,1
sglang,tree_of_thought,183,1006.73,0.00,1032.74,1,0.97,1
sglang,tree_of_thought,184,1005.41,0.00,1042.39,1,0.96,1
sglang,tree_of_thought,185,61.58,0.00,72.20,1,13.85,1
sglang,tree_of_thought,186,59.38,0.00,90.23,1,11.08,1
sglang,tree_of_thought,187,43.75,0.00,77.45,1,12.91,1
sglang,tree_of_thought,188,50.34,0.00,94.41,1,10.59,1
sglang,tree_of_thought,189,58.09,42.87,100.96,2,19.81,1
sglang,tree_of_thought,190,74.18,0.00,236.06,1,4.24,1
sglang,tree_of_thought,191,66.59,162.52,229.11,2,8.73,1
sglang,tree_of_thought,192,99.65,50.09,149.73,2,13.36,1
sglang,tree_of_thought,193,129.32,73.42,202.74,2,9.86,1
sglang,tree_of_thought,194,62.69,0.00,93.15,1,10.74,1
sglang,tree_of_thought,195,76.07,0.00,106.30,1,9.41,1
sglang,tree_of_thought,196,89.28,78.32,167.60,2,11.93,1
sglang,tree_of_thought,197,79.33,67.26,146.59,2,13.64,1
sglang,tree_of_thought,198,82.78,0.00,119.04,1,8.40,1
sglang,tree_of_thought,199,68.60,132.01,200.61,2,9.97,1
sglang,tree_of_thought,200,73.32,156.72,230.04,2,8.69,1
sglang,tree_of_thought,201,78.91,94.16,173.07,2,11.56,1
sglang,tree_of_thought,202,77.35,0.00,94.57,1,10.57,1
sglang,tree_of_thought,203,82.23,0.00,145.47,1,6.87,1
sglang,tree_of_thought,204,57.00,0.00,195.03,1,5.13,1
sglang,tree_of_thought,205,66.37,119.99,186.36,2,10.73,1
sglang,tree_of_thought,206,66.15,0.00,135.45,1,7.38,1
sglang,tree_of_thought,207,86.57,0.00,140.24,1,7.13,1
sglang,tree_of_thought,208,63.09,0.00,99.09,1,10.09,1
sglang,tree_of_thought,209,79.50,130.14,209.63,2,9.54,1
sglang,tree_of_thought,210,84.23,100.36,184.59,2,10.83,1
sglang,tree_of_thought,211,93.55,0.00,103.92,1,9.62,1
sglang,tree_of_thought,212,985.11,0.00,1004.22,1,1.00,1
sglang,tree_of_thought,213,1004.10,26.00,1030.10,2,1.94,1
sglang,tree_of_thought,214,988.83,85.22,1074.06,2,1.86,1
sglang,tree_of_thought,215,1023.59,32.33,1055.92,2,1.89,1
sglang,tree_of_thought,216,57.15,0.00,71.59,1,13.97,1
sglang,tree_of_thought,217,60.85,0.00,113.36,1,8.82,1
sglang,tree_of_thought,218,82.23,0.00,137.71,1,7.26,1
sglang,tree_of_thought,219,79.83,0.00,136.91,1,7.30,1
sglang,tree_of_thought,220,71.25,0.00,156.26,1,6.40,1
sglang,tree_of_thought,221,83.22,0.00,237.06,1,4.22,1
sglang,tree_of_thought,222,83.50,0.00,225.49,1,4.43,1
sglang,tree_of_thought,223,139.52,74.15,213.66,2,9.36,1
sglang,tree_of_thought,224,115.27,31.93,179.14,3,16.75,0
sglang,tree_of_thought,225,85.61,0.00,138.45,1,7.22,1
sglang,tree_of_thought,226,76.88,40.45,117.33,2,17.05,1
sglang,tree_of_thought,227,66.23,38.50,104.73,2,19.10,1
sglang,tree_of_thought,228,90.32,84.15,174.47,2,11.46,1
sglang,tree_of_thought,229,74.06,0.00,196.94,1,5.08,1
sglang,tree_of_thought,230,72.17,0.00,171.07,1,5.85,1
sglang,tree_of_thought,231,79.88,156.83,236.71,2,8.45,0
sglang,tree_of_thought,232,69.72,76.70,146.42,2,13.66,1
sglang,tree_of_thought,233,69.36,22.06,91.42,2,21.88,1
sglang,tree_of_thought,234,102.25,67.27,169.53,2,11.80,1
sglang,tree_of_thought,235,76.66,0.00,119.01,1,8.40,1
sglang,tree_of_thought,236,84.19,66.93,151.12,2,13.23,1
sglang,tree_of_thought,237,49.55,46.43,95.98,2,20.84,1
sglang,tree_of_thought,238,82.48,0.00,220.12,1,4.54,1
sglang,tree_of_thought,239,88.12,0.00,173.70,1,5.76,1
sglang,tree_of_thought,240,93.62,112.11,205.73,2,9.72,1
sglang,tree_of_thought,241,70.57,69.01,139.58,2,14.33,1
sglang,tree_of_thought,242,86.22,0.00,96.83,1,10.33,1
sglang,tree_of_thought,243,972.91,0.00,982.29,1,1.02,1
sglang,tree_of_thought,244,993.26,0.00,1006.02,1,0.99,1
sglang,tree_of_thought,245,1013.25,0.00,1051.57,1,0.95,1
sglang,tree_of_thought,246,1018.00,0.00,1033.64,1,0.97,1
sglang,tree_of_thought,247,66.21,0.00,78.56,1,12.73,1
sglang,tree_of_thought,248,77.28,0.00,179.44,1,5.57,1
sglang,tree_of_thought,249,67.50,0.00,168.90,1,5.92,1
sglang,tree_of_thought,250,73.70,0.00,176.17,1,5.68,1
sglang,tree_of_thought,251,69.11,136.12,205.23,2,9.75,1
sglang,tree_of_thought,252,86.46,0.00,237.91,1,4.20,1
sglang,tree_of_thought,253,66.78,0.00,209.70,1,4.77,1
sglang,tree_of_thought,254,149.13,40.53,189.66,2,10.55,1
sglang,tree_of_thought,255,72.50,182.70,255.20,2,7.84,1
sglang,tree_of_thought,256,74.93,0.00,128.89,1,7.76,1
sglang,tree_of_thought,257,93.20,92.93,186.12,2,10.75,1
sglang,tree_of_thought,258,72.60,0.00,109.26,1,9.15,1
sglang,tree_of_thought,259,87.11,76.27,163.38,2,12.24,1
sglang,tree_of_thought,260,65.20,0.00,158.68,1,6.30,1
sglang,tree_of_thought,261,71.42,0.00,190.05,1,5.26,1
sglang,tree_of_thought,262,80.63,153.29,233.92,2,8.55,1
sglang,tree_of_thought,263,97.15,44.07,141.22,2,14.16,1
sglang,tree_of_thought,264,49.83,49.40,99.22,2,20.16,1
sglang,tree_of_thought,265,63.25,0.00,165.75,1,6.03,1
sglang,tree_of_thought,266,61.72,0.00,90.12,1,11.10,1
sglang,tree_of_thought,267,81.22,74.11,155.34,2,12.88,0
sglang,tree_of_thought,268,64.87,65.94,130.80,2,15.29,1
sglang,tree_of_thought,269,83.10,0.00,183.29,1,5.46,1
sglang,tree_of_thought,270,80.27,139.46,219.72,2,9.10,1
sglang,tree_of_thought,271,102.89,0.00,166.71,1,6.00,1
sglang,tree_of_thought,272,71.58,51.52,123.10,2,16.25,1
sglang,tree_of_thought,273,84.38,0.00,97.11,1,10.30,1
sglang,tree_of_thought,274,974.25,0.00,983.89,1,1.02,1
sglang,tree_of_thought,275,985.23,26.36,1011.59,2,1.98,1
sglang,tree_of_thought,276,1003.38,30.25,1033.63,2,1.93,0
sglang,tree_of_thought,277,1006.45,0.00,1052.38,1,0.95,1
sglang,tree_of_thought,278,59.66,0.00,78.37,1,12.76,1
sglang,tree_of_thought,279,87.49,0.00,156.69,1,6.38,1
sglang,tree_of_thought,280,72.29,0.00,149.16,1,6.70,1
sglang,tree_of_thought,281,72.77,0.00,173.99,1,5.75,1
sglang,tree_of_thought,282,87.36,0.00,176.22,1,5.67,1
sglang,tree_of_thought,283,105.82,0.00,127.11,1,7.87,1
sglang,tree_of_thought,284,72.12,0.00,240.05,1,4.17,1
sglang,tree_of_thought,285,64.64,163.32,227.96,2,8.77,1
sglang,tree_of_thought,286,144.31,27.19,198.69,3,15.10,1
sglang,tree_of_thought,287,65.71,0.00,177.74,1,5.63,1
sglang,tree_of_thought,288,82.68,0.00,110.78,1,9.03,1
sglang,tree_of_thought,289,86.78,93.35,180.13,2,11.10,1
sglang,tree_of_thought,290,70.68,85.30,155.97,2,12.82,1
sglang,tree_of_thought,291,63.81,154.68,218.50,2,9.15,1
sglang,tree_of_thought,292,78.12,44.92,123.04,2,16.26,1
sglang,tree_of_thought,293,86.66,110.80,197.46,2,10.13,1
sglang,tree_of_thought,294,72.20,48.53,169.26,3,17.72,0
sglang,tree_of_thought,295,82.31,24.94,107.26,2,18.65,1
sglang,tree_of_thought,296,91.76,0.00,137.54,1,7.27,1
sglang,tree_of_thought,297,58.14,37.41,95.55,2,20.93,1
sglang,tree_of_thought,298,107.50,73.06,180.56,2,11.08,1
sglang,tree_of_thought,299,83.16,46.48,129.64,2,15.43,1
sglang,tree_of_thought,300,85.17,0.00,200.35,1,4.99,1
sglang,tree_of_thought,301,78.18,0.00,183.02,1,5.46,1
sglang,tree_of_thought,302,95.80,0.00,154.16,1,6.49,1
sglang,tree_of_thought,303,73.49,45.54,119.03,2,16.80,1
sglang,tree_of_thought,304,97.57,0.00,109.90,1,9.10,1
sglang,tree_of_thought,305,996.62,22.74,1019.37,2,1.96,1
sglang,tree_of_thought,306,977.21,26.21,1003.41,2,1.99,1
sglang,tree_of_thought,307,1032.43,0.00,1040.43,1,0.96,1
sglang,tree_of_thought,308,992.75,0.00,1065.51,1,0.94,1
sglang,tree_of_thought,309,66.29,17.82,84.12,2,23.78,1
sglang,tree_of_thought,310,60.25,0.00,95.12,1,10.51,1
sglang,tree_of_thought,311,70.35,45.09,115.43,2,17.33,1
sglang,tree_of_thought,312,76.32,66.08,142.40,2,14.04,1
sglang,tree_of_thought,313,80.25,0.00,126.23,1,7.92,1
sglang,tree_of_thought,314,86.15,0.00,218.68,1,4.57,1
sglang,tree_of_thought,315,83.69,0.00,119.09,1,8.40,1
sglang,tree_of_thought,316,166.56,46.16,212.72,2,9.40,1
sglang,tree_of_thought,317,122.13,58.51,180.64,2,11.07,1
sglang,tree_of_thought,318,75.28,0.00,144.21,1,6.93,1
sglang,tree_of_thought,319,64.00,0.00,103.56,1,9.66,1
sglang,tree_of_thought,320,84.34,93.32,177.66,2,11.26,0
sglang,tree_of_thought,321,85.27,38.39,123.66,2,16.17,1
sglang,tree_of_thought,322,81.21,0.00,226.13,1,4.42,1
sglang,tree_of_thought,323,73.83,0.00,140.00,1,7.14,1
sglang,tree_of_thought,324,70.33,107.98,178.31,2,11.22,1
sglang,tree_of_thought,325,77.18,131.10,208.28,2,9.60,1
sglang,tree_of_thought,326,82.00,0.00,99.93,1,10.01,1
sglang,tree_of_thought,327,71.91,0.00,121.89,1,8.20,1
sglang,tree_of_thought,328,66.01,0.00,94.01,1,10.64,1
sglang,tree_of_thought,329,73.25,0.00,178.41,1,5.61,1
sglang,tree_of_thought,330,87.66,73.74,161.40,2,12.39,1
sglang,tree_of_thought,331,93.47,0.00,220.54,1,4.53,1
sglang,tree_of_thought,332,83.89,0.00,178.18,1,5.61,1
sglang,tree_of_thought,333,101.20,0.00,160.15,1,6.24,1
sglang,tree_of_thought,334,81.73,139.97,221.70,2,9.02,1
sglang,tree_of_thought,335,91.18,0.00,106.95,1,9.35,1
sglang,tree_of_thought,336,994.85,0.00,1007.43,1,0.99,1
sglang,tree_of_thought,337,73.82,0.00,1032.91,1,0.97,1
sglang,tree_of_thought,338,975.38,14.05,989.44,2,2.02,1
sglang,tree_of_thought,339,1006.78,0.00,1047.60,1,0.95,1
sglang,tree_of_thought,340,58.68,28.94,87.62,2,22.83,1
sglang,tree_of_thought,341,92.27,0.00,209.14,1,4.78,1
sglang,tree_of_thought,342,78.30,0.00,190.84,1,5.24,1
sglang,tree_of_thought,343,85.44,0.00,204.77,1,4.88,1
sglang,tree_of_thought,344,84.93,0.00,180.29,1,5.55,1
sglang,tree_of_thought,345,72.00,0.00,226.61,1,4.41,1
sglang,tree_of_thought,346,85.14,0.00,243.11,1,4.11,1
sglang,tree_of_thought,347,149.83,70.14,219.97,2,9.09,1
sglang,tree_of_thought,348,60.70,211.62,272.32,2,7.34,1
sglang,tree_of_thought,349,90.89,0.00,154.72,1,6.46,1
sglang,tree_of_thought,350,84.42,35.39,119.80,2,16.69,1
sglang,tree_of_thought,351,67.36,40.20,107.56,2,18.59,1
sglang,tree_of_thought,352,67.89,0.00,153.65,1,6.51,1
sglang,tree_of_thought,353,66.59,0.00,161.12,1,6.21,1
sglang,tree_of_thought,354,74.12,0.00,190.85,1,5.24,1
sglang,tree_of_thought,355,95.65,0.00,129.55,1,7.72,1
sglang,tree_of_thought,356,59.18,41.86,101.04,2,19.79,1
sglang,tree_of_thought,357,81.01,0.00,89.79,1,11.14,1
sglang,tree_of_thought,358,78.35,0.00,131.69,1,7.59,1
sglang,tree_of_thought,359,81.78,109.36,191.14,2,10.46,1
sglang,tree_of_thought,360,68.18,42.26,110.45,2,18.11,1
sglang,tree_of_thought,361,101.72,0.00,169.89,1,5.89,1
sglang,tree_of_thought,362,96.59,0.00,194.27,1,5.15,1
sglang,tree_of_thought,363,69.08,160.35,229.43,2,8.72,1
sglang,tree_of_thought,364,82.15,47.46,129.62,2,15.43,1
sglang,tree_of_thought,365,84.45,98.44,182.89,2,10.94,1
sglang,tree_of_thought,366,90.83,0.00,104.99,1,9.52,1
sglang,tree_of_thought,367,1002.02,11.71,1025.43,3,2.93,0
sglang,tree_of_thought,368,982.15,18.44,1000.60,2,2.00,0
sglang,tree_of_thought,369,1020.44,50.63,1071.07,2,1.87,1
sglang,tree_of_thought,370,1017.03,34.09,1051.11,2,1.90,1
sglang,tree_of_thought,371,54.22,16.09,70.31,2,28.45,1
sglang,tree_of_thought,372,73.81,0.00,219.30,1,4.56,1
sglang,tree_of_thought,373,84.02,0.00,202.00,1,4.95,1
sglang,tree_of_thought,374,96.09,125.57,221.66,2,9.02,1
sglang,tree_of_thought,375,89.69,0.00,199.70,1,5.01,1
sglang,tree_of_thought,376,86.54,0.00,232.37,1,4.30,1
sglang,tree_of_thought,377,88.34,50.45,138.79,2,14.41,1
sglang,tree_of_thought,378,135.50,44.36,179.86,2,11.12,1
sglang,tree_of_thought,379,180.60,39.19,219.78,2,9.10,1
sglang,tree_of_thought,380,65.66,0.00,179.31,1,5.58,1
sglang,tree_of_thought,381,75.59,95.04,170.63,2,11.72,1
sglang,tree_of_thought,382,65.83,80.36,146.19,2,13.68,1
sglang,tree_of_thought,383,76.57,41.27,117.84,2,16.97,1
sglang,tree_of_thought,384,61.87,0.00,144.47,1,6.92,1
sglang,tree_of_thought,385,92.53,129.10,221.63,2,9.02,1
sglang,tree_of_thought,386,80.98,0.00,195.97,1,5.10,1
sglang,tree_of_thought,387,73.22,49.73,122.95,2,16.27,1
sglang,tree_of_thought,388,70.86,27.23,98.09,2,20.39,1
sglang,tree_of_thought,389,55.02,0.00,95.71,1,10.45,1
sglang,tree_of_thought,390,79.37,46.13,125.50,2,15.94,1
sglang,tree_of_thought,391,83.25,69.77,153.02,2,13.07,1
sglang,tree_of_thought,392,104.50,25.38,180.63,4,22.15,1
sglang,tree_of_thought,393,91.46,0.00,202.53,1,4.94,1
sglang,tree_of_thought,394,105.32,0.00,156.07,1,6.41,1
sglang,tree_of_thought,395,85.88,0.00,186.22,1,5.37,1
sglang,tree_of_thought,396,74.16,48.12,122.28,2,16.36,1
sglang,tree_of_thought,397,93.33,25.52,118.84,2,16.83,1
sglang,tree_of_thought,398,984.81,15.18,999.99,2,2.00,1
sglang,tree_of_thought,399,1031.57,0.00,1039.60,1,0.96,1
sglang,tree_of_thought,400,1007.83,0.00,1026.23,1,0.97,1
sglang,tree_of_thought,401,995.00,78.47,1073.48,2,1.86,1
sglang,tree_of_thought,402,62.26,0.00,80.48,1,12.43,1
sglang,tree_of_thought,403,92.32,84.32,176.64,2,11.32,1
sglang,tree_of_thought,404,74.63,107.98,182.61,2,10.95,1
sglang,tree_of_thought,405,80.23,92.91,173.13,2,11.55,1
sglang,tree_of_thought,406,76.60,116.62,193.21,2,10.35,1
sglang,tree_of_thought,407,63.53,0.00,213.45,1,4.68,1
sglang,tree_of_thought,408,123.51,0.00,166.07,1,6.02,1
sglang,tree_of_thought,409,177.91,0.00,195.42,1,5.12,1
sglang,tree_of_thought,410,87.76,0.00,122.78,1,8.14,1
sglang,tree_of_thought,411,75.29,0.00,193.18,1,5.18,1
sglang,tree_of_thought,412,91.17,91.19,182.36,2,10.97,1
sglang,tree_of_thought,413,102.02,125.36,227.37,2,8.80,1
sglang,tree_of_thought,414,88.86,136.70,225.56,2,8.87,1
sglang,tree_of_thought,415,63.59,0.00,205.02,1,4.88,1
sglang,tree_of_thought,416,76.29,0.00,117.18,1,8.53,1
sglang,tree_of_thought,417,83.15,0.00,193.12,1,5.18,1
sglang,tree_of_thought,418,73.25,95.49,168.74,2,11.85,0
sglang,tree_of_thought,419,76.12,18.73,94.85,2,21.09,1
sglang,tree_of_thought,420,86.87,0.00,146.48,1,6.83,1
sglang,tree_of_thought,421,107.29,71.85,179.14,2,11.16,1
sglang,tree_of_thought,422,86.19,43.63,129.82,2,15.41,0
sglang,tree_of_thought,423,62.85,0.00,104.15,1,9.60,1
sglang,tree_of_thought,424,87.74,0.00,179.04,1,5.59,1
sglang,tree_of_thought,425,74.53,138.03,212.56,2,9.41,1
sglang,tree_of_thought,426,73.49,43.22,116.71,2,17.14,1
sglang,tree_of_thought,427,92.73,67.58,160.31,2,12.48,0
sglang,tree_of_thought,428,83.42,0.00,103.41,1,9.67,1
sglang,tree_of_thought,429,994.99,25.66,1020.66,2,1.96,1
sglang,tree_of_thought,430,978.89,0.00,998.65,1,1.00,1
sglang,tree_of_thought,431,1017.87,0.00,1055.64,1,0.95,1
sglang,tree_of_thought,432,1017.71,0.00,1040.48,1,0.96,1
sglang,tree_of_thought,433,68.93,11.13,80.06,2,24.98,1
sglang,tree_of_thought,434,74.44,0.00,194.85,1,5.13,1
sglang,tree_of_thought,435,87.02,0.00,185.43,1,5.39,1
sglang,tree_of_thought,436,99.46,130.35,229.81,2,8.70,1
sglang,tree_of_thought,437,88.30,137.00,225.30,2,8.88,1
sglang,tree_of_thought,438,68.01,0.00,210.61,1,4.75,1
sglang,tree_of_thought,439,128.96,0.00,179.82,1,5.56,1
sglang,tree_of_thought,440,96.08,55.45,151.53,2,13.20,1
sglang,tree_of_thought,441,88.08,156.11,244.19,2,8.19,1
sglang,tree_of_thought,442,59.31,0.00,87.17,1,11.47,1
sglang,tree_of_thought,443,71.15,0.00,180.10,1,5.55,1
sglang,tree_of_thought,444,75.52,71.11,146.62,2,13.64,1
sglang,tree_of_thought,445,86.81,131.04,217.85,2,9.18,1
sglang,tree_of_thought,446,62.55,0.00,67.31,1,14.86,1
sglang,tree_of_thought,447,64.87,0.00,75.84,1,13.19,1
sglang,tree_of_thought,448,68.79,0.00,81.48,1,12.27,1
sglang,tree_of_thought,449,55.89,17.55,73.44,2,27.23,1
sglang,tree_of_thought,450,68.87,0.00,179.73,1,5.56,1
sglang,tree_of_thought,451,63.28,0.00,237.34,1,4.21,1
sglang,tree_of_thought,452,88.04,158.70,246.73,2,8.11,1
sglang,tree_of_thought,453,85.85,134.45,220.30,2,9.08,0
sglang,tree_of_thought,454,81.79,161.01,242.80,2,8.24,1
sglang,tree_of_thought,455,79.94,0.00,92.71,1,10.79,1
sglang,tree_of_thought,456,72.63,0.00,90.82,1,11.01,1
sglang,tree_of_thought,457,79.03,0.00,89.21,1,11.21,1
sglang,tree_of_thought,458,72.30,19.14,91.44,2,21.87,1
sglang,tree_of_thought,459,995.63,0.00,1012.14,1,0.99,1
sglang,tree_of_thought,460,75.25,0.00,86.17,1,11.60,1
sglang,tree_of_thought,461,62.96,0.00,78.21,1,12.79,1
sglang,tree_of_thought,462,55.09,0.00,70.90,1,14.10,1
sglang,tree_of_thought,463,64.01,18.88,82.89,2,24.13,1
sglang,tree_of_thought,464,45.46,24.29,69.75,2,28.67,1
sglang,tree_of_thought,465,78.43,0.00,167.42,1,5.97,1
sglang,tree_of_thought,466,85.73,101.22,186.95,2,10.70,1
sglang,tree_of_thought,467,89.79,117.41,207.20,2,9.65,1
sglang,tree_of_thought,468,83.23,138.81,222.04,2,9.01,1
sglang,tree_of_thought,469,69.16,0.00,224.07,1,4.46,1
sglang,tree_of_thought,470,105.39,0.00,128.85,1,7.76,1
sglang,tree_of_thought,471,59.49,159.16,218.64,2,9.15,1
sglang,tree_of_thought,472,137.46,51.39,188.85,2,10.59,1
sglang,tree_of_thought,473,82.17,0.00,148.34,1,6.74,1
sglang,tree_of_thought,474,66.60,0.00,191.17,1,5.23,1
sglang,tree_of_thought,475,93.12,95.71,188.83,2,10.59,1
sglang,tree_of_thought,476,72.68,69.81,142.49,2,14.04,1
sglang,tree_of_thought,477,58.49,0.00,95.24,1,10.50,1
sglang,tree_of_thought,478,79.02,0.00,181.55,1,5.51,1
sglang,tree_of_thought,479,84.90,129.17,214.07,2,9.34,1
sglang,tree_of_thought,480,75.41,80.23,155.64,2,12.85,1
sglang,tree_of_thought,481,72.74,27.93,100.67,2,19.87,1
sglang,tree_of_thought,482,85.73,0.00,137.61,1,7.27,1
sglang,tree_of_thought,483,76.78,0.00,111.54,1,8.97,1
sglang,tree_of_thought,484,112.84,0.00,173.78,1,5.75,1
sglang,tree_of_thought,485,54.18,43.32,97.50,2,20.51,1
sglang,tree_of_thought,486,89.73,0.00,183.39,1,5.45,1
sglang,tree_of_thought,487,74.52,46.00,120.52,2,16.59,1
sglang,tree_of_thought,488,85.81,138.94,224.75,2,8.90,1
sglang,tree_of_thought,489,79.71,94.37,174.07,2,11.49,1
sglang,tree_of_thought,490,84.02,16.15,116.31,3,25.79,1
sglang,tree_of_thought,491,989.66,11.89,1001.55,2,2.00,1
sglang,tree_of_thought,492,1011.55,0.00,1025.94,1,0.97,1
sglang,tree_of_thought,493,1027.13,0.00,1041.21,1,0.96,1
sglang,tree_of_thought,494,1018.22,53.14,1071.35,2,1.87,1
sglang,tree_of_thought,495,51.36,19.96,71.33,2,28.04,1
sglang,tree_of_thought,496,72.52,0.00,169.64,1,5.89,1
sglang,tree_of_thought,497,74.25,0.00,110.30,1,9.07,1
sglang,tree_of_thought,498,69.80,0.00,202.36,1,4.94,1
sglang,tree_of_thought,499,72.06,0.00,155.83,1,6.42,1
sglang,tree_of_thought,500,82.48,0.00,155.46,1,6.43,1
sglang,tree_of_thought,501,66.49,131.68,198.17,2,10.09,1
sglang,tree_of_thought,502,88.28,141.57,229.85,2,8.70,1
sglang,tree_of_thought,503,81.88,42.00,123.89,2,16.14,1
sglang,tree_of_thought,504,77.35,0.00,153.95,1,6.50,1
sglang,tree_of_thought,505,102.26,41.84,144.11,2,13.88,1
sglang,tree_of_thought,506,73.85,0.00,107.56,1,9.30,1
sglang,tree_of_thought,507,79.22,128.56,207.78,2,9.63,1
sglang,tree_of_thought,508,57.36,0.00,227.32,1,4.40,1
sglang,tree_of_thought,509,85.98,113.72,199.70,2,10.02,1
sglang,tree_of_thought,510,66.39,162.30,228.69,2,8.75,1
sglang,tree_of_thought,511,78.48,93.39,171.87,2,11.64,1
sglang,tree_of_thought,512,74.51,0.00,74.74,1,13.38,1
sglang,tree_of_thought,513,82.34,0.00,127.10,1,7.87,1
sglang,tree_of_thought,514,83.45,0.00,157.07,1,6.37,1
sglang,tree_of_thought,515,103.99,93.54,197.53,2,10.13,1
sglang,tree_of_thought,516,67.02,46.96,113.99,2,17.55,1
sglang,tree_of_thought,517,82.01,0.00,149.89,1,6.67,1
sglang,tree_of_thought,518,93.17,0.00,186.58,1,5.36,1
sglang,tree_of_thought,519,92.45,0.00,138.31,1,7.23,1
sglang,tree_of_thought,520,52.74,20.47,93.69,3,32.02,0
sglang,tree_of_thought,521,85.03,18.49,103.52,2,19.32,1
sglang,tree_of_thought,522,82.35,0.00,180.07,1,5.55,1
sglang,tree_of_thought,523,50.46,37.67,88.13,2,22.69,1
sglang,tree_of_thought,524,74.52,0.00,161.65,1,6.19,1
sglang,tree_of_thought,525,78.83,0.00,124.34,1,8.04,1
sglang,tree_of_thought,526,72.63,0.00,76.49,1,13.07,1
sglang,tree_of_thought,527,99.69,0.00,188.28,1,5.31,1
sglang,tree_of_thought,528,67.53,0.00,97.66,1,10.24,1
sglang,tree_of_thought,529,96.61,80.30,176.90,2,11.31,0
sglang,tree_of_thought,530,84.58,67.23,151.81,2,13.17,0
sglang,tree_of_thought,531,88.58,0.00,226.58,1,4.41,1
sglang,tree_of_thought,532,92.17,0.00,170.19,1,5.88,1
sglang,tree_of_thought,533,73.73,136.48,210.21,2,9.51,1
sglang,tree_of_thought,534,76.17,0.00,141.66,1,7.06,1
sglang,tree_of_thought,535,103.83,0.00,213.15,1,4.69,1
sglang,tree_of_thought,536,86.38,117.33,203.71,2,9.82,1
sglang,tree_of_thought,537,65.06,154.33,219.39,2,9.12,1
sglang,tree_of_thought,538,81.24,104.69,185.93,2,10.76,1
sglang,tree_of_thought,539,96.97,0.00,202.89,1,4.93,1
sglang,tree_of_thought,540,77.57,0.00,108.65,1,9.20,1
sglang,tree_of_thought,541,84.46,0.00,186.23,1,5.37,1
sglang,tree_of_thought,542,100.11,64.56,164.66,2,12.15,1
sglang,tree_of_thought,543,57.86,0.00,78.93,1,12.67,1
sglang,tree_of_thought,544,79.43,0.00,137.15,1,7.29,1
sglang,tree_of_thought,545,67.06,47.87,114.93,2,17.40,1
sglang,tree_of_thought,546,109.09,49.66,208.40,3,14.40,0
sglang,tree_of_thought,547,83.79,0.00,177.85,1,5.62,1
sglang,tree_of_thought,548,70.63,0.00,142.54,1,7.02,1
sglang,tree_of_thought,549,77.60,0.00,201.36,1,4.97,1
sglang,tree_of_thought,550,73.70,0.00,112.47,1,8.89,1
sglang,tree_of_thought,551,77.50,106.58,184.08,2,10.86,1
sglang,tree_of_thought,552,54.40,0.00,96.80,1,10.33,1
sglang,tree_of_thought,553,75.48,0.00,193.54,1,5.17,1
sglang,tree_of_thought,554,74.08,0.00,172.38,1,5.80,1
sglang,tree_of_thought,555,72.16,0.00,109.90,1,9.10,1
sglang,tree_of_thought,556,77.98,0.00,159.19,1,6.28,1
sglang,tree_of_thought,557,76.85,0.00,89.61,1,11.16,1
sglang,tree_of_thought,558,67.45,0.00,183.94,1,5.44,1
sglang,tree_of_thought,559,66.80,0.00,162.53,1,6.15,1
sglang,tree_of_thought,560,83.95,0.00,147.41,1,6.78,1
sglang,tree_of_thought,561,70.60,50.29,120.89,2,16.54,1
sglang,tree_of_thought,562,77.46,0.00,196.58,1,5.09,1
sglang,tree_of_thought,563,94.73,0.00,175.31,1,5.70,1
sglang,tree_of_thought,564,60.43,41.96,102.39,2,19.53,1
sglang,tree_of_thought,565,86.40,35.29,156.98,3,19.11,0
sglang,tree_of_thought,566,69.34,0.00,176.85,1,5.65,1
sglang,tree_of_thought,567,94.89,0.00,154.34,1,6.48,1
sglang,tree_of_thought,568,49.88,0.00,84.10,1,11.89,1
sglang,tree_of_thought,569,92.66,46.58,139.25,2,14.36,1
sglang,tree_of_thought,570,63.36,0.00,210.12,1,4.76,1
sglang,tree_of_thought,571,84.98,0.00,192.34,1,5.20,1
sglang,tree_of_thought,572,79.03,0.00,118.64,1,8.43,1
sglang,tree_of_thought,573,76.13,0.00,167.35,1,5.98,1
sglang,tree_of_thought,574,63.39,0.00,69.36,1,14.42,1
sglang,tree_of_thought,575,83.65,0.00,168.73,1,5.93,1
sglang,tree_of_thought,576,83.16,0.00,125.06,1,8.00,1
sglang,tree_of_thought,577,70.81,45.57,161.96,3,18.52,0
sglang,tree_of_thought,578,119.39,105.88,225.28,2,8.88,1
sglang,tree_of_thought,579,92.11,0.00,122.24,1,8.18,1
sglang,tree_of_thought,580,89.38,0.00,155.46,1,6.43,1
sglang,tree_of_thought,581,87.67,0.00,185.68,1,5.39,1
sglang,tree_of_thought,582,51.80,43.40,95.20,2,21.01,1
sglang,tree_of_thought,583,84.01,16.39,100.41,2,19.92,1
sglang,tree_of_thought,584,91.45,0.00,186.33,1,5.37,1
sglang,tree_of_thought,585,57.95,34.49,92.45,2,21.63,1
sglang,tree_of_thought,586,82.44,0.00,126.94,1,7.88,1
sglang,tree_of_thought,587,81.03,0.00,168.56,1,5.93,1
sglang,tree_of_thought,588,84.87,0.00,93.02,1,10.75,1
sglang,tree_of_thought,589,71.09,0.00,190.31,1,5.25,1
sglang,tree_of_thought,590,82.69,0.00,112.53,1,8.89,1
sglang,tree_of_thought,591,78.64,78.20,156.84,2,12.75,1
sglang,tree_of_thought,592,80.93,110.93,191.86,2,10.42,1
sglang,tree_of_thought,593,75.08,0.00,175.28,1,5.71,1
sglang,tree_of_thought,594,89.00,0.00,152.54,1,6.56,1
sglang,tree_of_thought,595,70.46,35.94,106.40,2,18.80,1
sglang,tree_of_thought,596,76.68,142.04,218.72,2,9.14,1
sglang,tree_of_thought,597,103.47,0.00,135.53,1,7.38,1
sglang,tree_of_thought,598,81.40,121.44,202.84,2,9.86,1
sglang,tree_of_thought,599,64.80,0.00,108.04,1,9.26,1
sglang,tree_of_thought,600,105.68,0.00,176.12,1,5.68,1
sglang,tree_of_thought,601,85.38,0.00,200.91,1,4.98,1
sglang,tree_of_thought,602,80.50,110.40,190.90,2,10.48,1
sglang,tree_of_thought,603,61.05,42.45,103.50,2,19.32,1
sglang,tree_of_thought,604,82.91,69.81,152.72,2,13.10,1
sglang,tree_of_thought,605,68.73,11.34,80.07,2,24.98,1
sglang,tree_of_thought,606,97.19,0.00,173.74,1,5.76,1
sglang,tree_of_thought,607,70.70,0.00,121.88,1,8.20,1
sglang,tree_of_thought,608,81.25,86.36,167.62,2,11.93,1
sglang,tree_of_thought,609,64.65,46.23,110.88,2,18.04,0
sglang,tree_of_thought,610,53.33,28.16,81.49,2,24.54,1
sglang,tree_of_thought,611,80.64,75.96,156.60,2,12.77,1
sglang,tree_of_thought,612,78.69,0.00,121.78,1,8.21,1
sglang,tree_of_thought,613,84.17,0.00,191.01,1,5.24,1
sglang,tree_of_thought,614,79.03,0.00,88.83,1,11.26,1
sglang,tree_of_thought,615,69.22,0.00,165.95,1,6.03,1
sglang,tree_of_thought,616,72.66,131.86,204.52,2,9.78,1
sglang,tree_of_thought,617,87.96,137.85,225.81,2,8.86,1
sglang,tree_of_thought,618,81.70,69.06,150.76,2,13.27,1
sglang,tree_of_thought,619,70.79,0.00,84.08,1,11.89,1
sglang,tree_of_thought,620,96.93,0.00,158.56,1,6.31,1
sglang,tree_of_thought,621,85.11,137.61,222.72,2,8.98,1
sglang,tree_of_thought,622,80.68,69.24,149.92,2,13.34,1
sglang,tree_of_thought,623,92.50,110.77,203.27,2,9.84,1
sglang,tree_of_thought,624,80.13,0.00,194.90,1,5.13,1
sglang,tree_of_thought,625,97.58,91.19,188.77,2,10.60,0
sglang,tree_of_thought,626,67.48,0.00,109.63,1,9.12,1
sglang,tree_of_thought,627,87.86,0.00,156.08,1,6.41,1
sglang,tree_of_thought,628,103.42,0.00,201.60,1,4.96,1
sglang,tree_of_thought,629,88.18,40.66,128.84,2,15.52,1
sglang,tree_of_thought,630,91.31,98.58,189.89,2,10.53,1
sglang,tree_of_thought,631,89.32,74.18,163.50,2,12.23,1
sglang,tree_of_thought,632,80.83,0.00,130.71,1,7.65,1
sglang,tree_of_thought,633,75.79,0.00,178.18,1,5.61,1
sglang,tree_of_thought,634,56.20,0.00,99.46,1,10.05,1
sglang,tree_of_thought,635,77.32,139.11,216.43,2,9.24,1
sglang,tree_of_thought,636,61.15,0.00,69.80,1,14.33,1
sglang,tree_of_thought,637,107.16,0.00,184.45,1,5.42,1
sglang,tree_of_thought,638,88.24,127.82,216.06,2,9.26,1
sglang,tree_of_thought,639,83.23,87.17,170.40,2,11.74,1
sglang,tree_of_thought,640,78.88,62.38,141.26,2,14.16,1
sglang,tree_of_thought,641,78.95,0.00,185.52,1,5.39,1
sglang,tree_of_thought,642,71.11,0.00,141.07,1,7.09,1
sglang,tree_of_thought,643,63.83,0.00,105.38,1,9.49,1
sglang,tree_of_thought,644,67.79,0.00,179.55,1,5.57,1
sglang,tree_of_thought,645,65.48,0.00,81.25,1,12.31,1
sglang,tree_of_thought,646,77.55,0.00,164.77,1,6.07,1
sglang,tree_of_thought,647,66.46,74.55,141.01,2,14.18,1
sglang,tree_of_thought,648,65.13,0.00,103.43,1,9.67,1
sglang,tree_of_thought,649,76.41,134.82,211.23,2,9.47,1
sglang,tree_of_thought,650,77.17,0.00,92.63,1,10.80,1
sglang,tree_of_thought,651,73.23,0.00,184.50,1,5.42,1
sglang,tree_of_thought,652,79.21,0.00,111.49,1,8.97,1
sglang,tree_of_thought,653,69.04,107.07,176.11,2,11.36,1
sglang,tree_of_thought,654,88.28,60.88,149.16,2,13.41,1
sglang,tree_of_thought,655,61.83,0.00,183.44,1,5.45,1
sglang,tree_of_thought,656,73.33,0.00,111.18,1,8.99,1
sglang,tree_of_thought,657,79.78,145.17,224.95,2,8.89,1
sglang,tree_of_thought,658,79.98,81.91,161.89,2,12.35,1
sglang,tree_of_thought,659,99.84,0.00,199.94,1,5.00,1
sglang,tree_of_thought,660,97.46,0.00,125.47,1,7.97,1
sglang,tree_of_thought,661,96.17,97.66,193.82,2,10.32,1
sglang,tree_of_thought,662,98.86,69.99,168.85,2,11.84,1
sglang,tree_of_thought,663,81.56,0.00,198.93,1,5.03,1
sglang,tree_of_thought,664,78.47,0.00,131.53,1,7.60,1
sglang,tree_of_thought,665,88.96,152.35,241.31,2,8.29,1
sglang,tree_of_thought,666,77.18,53.87,184.92,3,16.22,1
sglang,tree_of_thought,667,70.85,0.00,76.82,1,13.02,1
sglang,tree_of_thought,668,105.54,0.00,186.77,1,5.35,1
sglang,tree_of_thought,669,84.85,59.38,144.23,2,13.87,1
sglang,tree_of_thought,670,72.90,40.00,112.89,2,17.72,1
sglang,tree_of_thought,671,89.14,88.27,177.40,2,11.27,1
sglang,tree_of_thought,672,83.25,129.98,213.23,2,9.38,0
sglang,tree_of_thought,673,82.14,111.90,194.04,2,10.31,1
sglang,tree_of_thought,674,82.02,23.14,128.30,3,23.38,1
sglang,tree_of_thought,675,81.85,83.37,165.22,2,12.11,1
sglang,tree_of_thought,676,73.74,0.00,86.72,1,11.53,1
sglang,tree_of_thought,677,68.03,0.00,183.91,1,5.44,1
sglang,tree_of_thought,678,92.91,0.00,157.52,1,6.35,1
sglang,tree_of_thought,679,91.80,128.34,220.14,2,9.09,1
sglang,tree_of_thought,680,76.18,70.60,146.78,2,13.63,1
sglang,tree_of_thought,681,80.50,0.00,88.75,1,11.27,1
sglang,tree_of_thought,682,84.13,0.00,159.81,1,6.26,1
sglang,tree_of_thought,683,66.65,60.89,127.54,2,15.68,1
sglang,tree_of_thought,684,51.87,39.19,91.06,2,21.96,1
sglang,tree_of_thought,685,83.99,110.00,193.98,2,10.31,1
sglang,tree_of_thought,686,82.98,79.37,162.35,2,12.32,1
sglang,tree_of_thought,687,66.39,0.00,194.39,1,5.14,1
sglang,tree_of_thought,688,82.60,0.00,123.98,1,8.07,1
sglang,tree_of_thought,689,89.22,146.25,235.47,2,8.49,1
sglang,tree_of_thought,690,97.09,0.00,178.32,1,5.61,1
sglang,tree_of_thought,691,87.61,0.00,125.35,1,7.98,1
sglang,tree_of_thought,692,99.51,0.00,162.29,1,6.16,1
sglang,tree_of_thought,693,45.05,44.52,89.57,2,22.33,1
sglang,tree_of_thought,694,71.94,0.00,215.57,1,4.64,1
sglang,tree_of_thought,695,78.05,0.00,194.18,1,5.15,1
sglang,tree_of_thought,696,65.60,110.64,176.23,2,11.35,1
sglang,tree_of_thought,697,70.46,34.37,139.19,3,21.55,0
sglang,tree_of_thought,698,60.19,19.32,79.51,2,25.15,1
sglang,tree_of_thought,699,94.85,0.00,180.34,1,5.55,1
sglang,tree_of_thought,700,74.78,0.00,157.37,1,6.35,1
sglang,tree_of_thought,701,68.37,66.75,135.12,2,14.80,1
sglang,tree_of_thought,702,42.19,0.00,90.09,1,11.10,1
sglang,tree_of_thought,703,77.14,0.00,117.32,1,8.52,1
sglang,tree_of_thought,704,81.20,0.00,185.39,1,5.39,1
sglang,tree_of_thought,705,76.53,0.00,154.64,1,6.47,1
sglang,tree_of_thought,706,48.61,37.11,85.73,2,23.33,1
sglang,tree_of_thought,707,82.46,17.01,99.47,2,20.11,1
sglang,tree_of_thought,708,62.89,0.00,179.61,1,5.57,1
sglang,tree_of_thought,709,87.37,0.00,161.98,1,6.17,1
sglang,tree_of_thought,710,63.28,64.58,127.86,2,15.64,1
sglang,tree_of_thought,711,62.21,38.68,100.89,2,19.82,1
sglang,tree_of_thought,712,79.17,0.00,85.74,1,11.66,1
sglang,tree_of_thought,713,87.11,0.00,152.91,1,6.54,1
sglang,tree_of_thought,714,57.19,0.00,183.50,1,5.45,1
sglang,tree_of_thought,715,58.76,36.33,95.10,2,21.03,1
sglang,tree_of_thought,716,83.14,66.14,149.28,2,13.40,1
sglang,tree_of_thought,717,74.02,0.00,215.91,1,4.63,1
sglang,tree_of_thought,718,72.20,80.88,153.08,2,13.07,1
sglang,tree_of_thought,719,108.46,0.00,189.37,1,5.28,1
sglang,tree_of_thought,720,75.65,0.00,114.79,1,8.71,1
sglang,tree_of_thought,721,93.57,0.00,124.60,1,8.03,1
sglang,tree_of_thought,722,100.07,0.00,153.80,1,6.50,1
sglang,tree_of_thought,723,100.55,103.07,203.62,2,9.82,1
sglang,tree_of_thought,724,55.34,38.61,93.94,2,21.29,1
sglang,tree_of_thought,725,83.12,0.00,199.14,1,5.02,1
sglang,tree_of_thought,726,77.72,0.00,172.90,1,5.78,1
sglang,tree_of_thought,727,81.35,0.00,146.34,1,6.83,1
sglang,tree_of_thought,728,55.14,45.52,100.66,2,19.87,1
sglang,tree_of_thought,729,72.96,11.35,84.30,2,23.72,1
sglang,tree_of_thought,730,104.67,0.00,184.95,1,5.41,1
sglang,tree_of_thought,731,68.43,0.00,99.79,1,10.02,1
sglang,tree_of_thought,732,75.07,52.40,127.46,2,15.69,1
sglang,tree_of_thought,733,81.27,82.77,164.04,2,12.19,1
sglang,tree_of_thought,734,83.34,0.00,189.70,1,5.27,1
sglang,tree_of_thought,735,82.18,0.00,176.68,1,5.66,1
sglang,tree_of_thought,736,80.06,30.32,110.38,2,18.12,1
sglang,tree_of_thought,737,78.05,73.14,151.19,2,13.23,1
sglang,tree_of_thought,738,78.69,0.00,92.11,1,10.86,1
sglang,tree_of_thought,739,57.84,0.00,211.74,1,4.72,1
sglang,tree_of_thought,740,66.93,0.00,197.65,1,5.06,1
sglang,tree_of_thought,741,72.10,100.78,172.88,2,11.57,1
sglang,tree_of_thought,742,79.96,68.49,148.45,2,13.47,1
sglang,tree_of_thought,743,71.21,16.37,87.58,2,22.84,1
sglang,tree_of_thought,744,85.54,0.00,155.17,1,6.44,1
sglang,tree_of_thought,745,82.39,107.62,190.01,2,10.53,1
sglang,tree_of_thought,746,49.70,41.86,91.56,2,21.84,1
sglang,tree_of_thought,747,65.33,65.73,131.05,2,15.26,1
sglang,tree_of_thought,748,76.05,0.00,202.11,1,4.95,1
sglang,tree_of_thought,749,77.59,0.00,179.73,1,5.56,1
sglang,tree_of_thought,750,95.10,0.00,150.45,1,6.65,1
sglang,tree_of_thought,751,72.43,41.79,114.22,2,17.51,1
sglang,tree_of_thought,752,104.01,0.00,157.34,1,6.36,1
sglang,tree_of_thought,753,84.06,116.09,200.15,2,9.99,1
sglang,tree_of_thought,754,101.67,0.00,144.65,1,6.91,1
sglang,tree_of_thought,755,70.94,40.03,110.97,2,18.02,1
sglang,tree_of_thought,756,75.35,158.42,233.77,2,8.56,1
sglang,tree_of_thought,757,93.69,0.00,137.17,1,7.29,1
sglang,tree_of_thought,758,74.73,67.51,209.75,3,14.30,0
sglang,tree_of_thought,759,70.24,110.60,180.84,2,11.06,1
sglang,tree_of_thought,760,56.95,0.00,64.52,1,15.50,1
sglang,tree_of_thought,761,93.79,0.00,181.10,1,5.52,1
sglang,tree_of_thought,762,76.84,0.00,156.50,1,6.39,1
sglang,tree_of_thought,763,73.07,58.58,131.66,2,15.19,1
sglang,tree_of_thought,764,84.40,141.02,225.42,2,8.87,1
sglang,tree_of_thought,765,81.47,0.00,186.30,1,5.37,1
sglang,tree_of_thought,766,74.98,0.00,108.36,1,9.23,1
sglang,tree_of_thought,767,77.09,100.97,178.06,2,11.23,1
sglang,tree_of_thought,768,82.95,69.52,152.47,2,13.12,1
sglang,tree_of_thought,769,73.87,17.11,90.98,2,21.98,1
sglang,tree_of_thought,770,66.23,125.76,191.99,2,10.42,1
sglang,tree_of_thought,771,74.98,0.00,140.59,1,7.11,1
sglang,tree_of_thought,772,92.86,81.07,173.93,2,11.50,1
sglang,tree_of_thought,773,63.52,0.00,105.32,1,9.50,1
sglang,tree_of_thought,774,67.93,21.68,89.62,2,22.32,1
sglang,tree_of_thought,775,76.27,0.00,193.71,1,5.16,1
sglang,tree_of_thought,776,75.12,0.00,171.08,1,5.85,1
sglang,tree_of_thought,777,79.96,0.00,120.82,1,8.28,1
sglang,tree_of_thought,778,79.09,0.00,157.38,1,6.35,1
sglang,tree_of_thought,779,61.38,0.00,228.57,1,4.38,1
sglang,tree_of_thought,780,83.44,132.46,215.90,2,9.26,1
sglang,tree_of_thought,781,80.85,112.96,193.81,2,10.32,0
sglang,tree_of_thought,782,70.91,0.00,161.40,1,6.20,1
sglang,tree_of_thought,783,88.97,0.00,170.39,1,5.87,1
sglang,tree_of_thought,784,86.27,0.00,140.92,1,7.10,1
sglang,tree_of_thought,785,99.58,0.00,204.11,1,4.90,1
sglang,tree_of_thought,786,90.34,39.09,129.43,2,15.45,1
sglang,tree_of_thought,787,80.11,0.00,226.85,1,4.41,1
sglang,tree_of_thought,788,78.47,130.01,208.48,2,9.59,1
sglang,tree_of_thought,789,73.70,68.24,141.94,2,14.09,1
sglang,tree_of_thought,790,67.15,0.00,181.09,1,5.52,1
sglang,tree_of_thought,791,65.50,14.36,79.86,2,25.04,1
sglang,tree_of_thought,792,72.62,0.00,121.24,1,8.25,1
sglang,tree_of_thought,793,72.93,0.00,153.63,1,6.51,1
sglang,tree_of_thought,794,91.88,95.72,187.60,2,10.66,0
sglang,tree_of_thought,795,55.24,0.00,89.91,1,11.12,1
sglang,tree_of_thought,796,85.38,0.00,200.33,1,4.99,1
sglang,tree_of_thought,797,70.54,0.00,189.20,1,5.29,1
sglang,tree_of_thought,798,69.16,99.99,169.15,2,11.82,0
sglang,tree_of_thought,799,78.38,0.00,146.76,1,6.81,1
sglang,tree_of_thought,800,74.70,0.00,90.39,1,11.06,1
sglang,tree_of_thought,801,61.17,0.00,207.61,1,4.82,1
sglang,tree_of_thought,802,69.79,0.00,168.59,1,5.93,1
sglang,tree_of_thought,803,80.50,0.00,145.51,1,6.87,1
sglang,tree_of_thought,804,75.76,135.58,211.34,2,9.46,1
sglang,tree_of_thought,805,71.29,19.64,90.92,2,22.00,1
sglang,tree_of_thought,806,52.83,0.00,208.77,1,4.79,1
sglang,tree_of_thought,807,92.73,0.00,164.43,1,6.08,1
sglang,tree_of_thought,808,83.94,116.01,199.95,2,10.00,1
sglang,tree_of_thought,809,77.95,0.00,146.65,1,6.82,1
sglang,tree_of_thought,810,85.83,0.00,219.39,1,4.56,1
sglang,tree_of_thought,811,83.75,0.00,164.96,1,6.06,1
sglang,tree_of_thought,812,82.19,46.54,128.73,2,15.54,1
sglang,tree_of_thought,813,68.09,138.85,206.94,2,9.66,0
sglang,tree_of_thought,814,88.55,0.00,190.97,1,5.24,1
sglang,tree_of_thought,815,73.58,37.62,111.19,2,17.99,1
sglang,tree_of_thought,816,88.13,0.00,180.90,1,5.53,1
sglang,tree_of_thought,817,89.18,66.04,155.22,2,12.88,1
sglang,tree_of_thought,818,67.46,0.00,184.82,1,5.41,1
sglang,tree_of_thought,819,81.17,0.00,158.85,1,6.30,1
sglang,tree_of_thought,820,78.35,0.00,115.27,1,8.68,1
sglang,tree_of_thought,821,69.98,160.48,230.47,2,8.68,1
sglang,tree_of_thought,822,71.54,0.00,76.02,1,13.15,1
sglang,tree_of_thought,823,111.75,0.00,193.28,1,5.17,1
sglang,tree_of_thought,824,92.56,0.00,143.41,1,6.97,1
sglang,tree_of_thought,825,84.39,0.00,179.49,1,5.57,1
sglang,tree_of_thought,826,83.24,0.00,120.14,1,8.32,1
sglang,tree_of_thought,827,79.45,0.00,187.67,1,5.33,1
sglang,tree_of_thought,828,69.03,0.00,145.18,1,6.89,1
sglang,tree_of_thought,829,72.86,109.75,182.61,2,10.95,1
sglang,tree_of_thought,830,71.94,0.00,116.98,1,8.55,1
sglang,tree_of_thought,831,84.84,0.00,96.94,1,10.32,1
sglang,tree_of_thought,832,79.71,0.00,175.05,1,5.71,1
sglang,tree_of_thought,833,82.62,124.40,207.03,2,9.66,1
sglang,tree_of_thought,834,66.76,81.89,148.65,2,13.45,1
sglang,tree_of_thought,835,71.92,45.91,117.83,2,16.97,1
sglang,tree_of_thought,836,75.58,18.74,94.32,2,21.20,1
sglang,tree_of_thought,837,66.84,0.00,188.74,1,5.30,1
sglang,tree_of_thought,838,74.12,72.30,146.42,2,13.66,1
sglang,tree_of_thought,839,70.70,0.00,119.90,1,8.34,1
sglang,tree_of_thought,840,79.85,28.83,195.15,5,25.62,0
sglang,tree_of_thought,841,74.46,0.00,184.53,1,5.42,1
sglang,tree_of_thought,842,63.58,32.80,129.18,3,23.22,1
sglang,tree_of_thought,843,85.21,0.00,176.55,1,5.66,1
sglang,tree_of_thought,844,55.37,47.56,102.93,2,19.43,1
sglang,tree_of_thought,845,72.56,0.00,101.08,1,9.89,1
sglang,tree_of_thought,846,81.53,121.50,203.03,2,9.85,1
sglang,tree_of_thought,847,112.38,33.88,146.26,2,13.67,1
sglang,tree_of_thought,848,71.75,105.49,177.24,2,11.28,1
sglang,tree_of_thought,849,94.52,0.00,204.51,1,4.89,1
sglang,tree_of_thought,850,85.41,0.00,180.71,1,5.53,1
sglang,tree_of_thought,851,78.32,0.00,118.09,1,8.47,1
sglang,tree_of_thought,852,91.07,0.00,162.89,1,6.14,1
sglang,tree_of_thought,853,60.87,0.00,68.78,1,14.54,1
sglang,tree_of_thought,854,82.43,0.00,167.50,1,5.97,1
sglang,tree_of_thought,855,79.82,0.00,115.29,1,8.67,1
sglang,tree_of_thought,856,80.55,131.03,211.58,2,9.45,1
sglang,tree_of_thought,857,71.40,91.63,163.03,2,12.27,1
sglang,tree_of_thought,858,87.03,0.00,159.69,1,6.26,1
sglang,tree_of_thought,859,65.19,125.15,190.35,2,10.51,1
sglang,tree_of_thought,860,73.30,0.00,144.46,1,6.92,1
sglang,tree_of_thought,861,58.33,0.00,101.34,1,9.87,1
sglang,tree_of_thought,862,67.68,0.00,84.47,1,11.84,1
sglang,tree_of_thought,863,81.59,0.00,192.39,1,5.20,1
sglang,tree_of_thought,864,76.64,0.00,173.05,1,5.78,1
sglang,tree_of_thought,865,74.70,0.00,148.02,1,6.76,1
sglang,tree_of_thought,866,75.46,42.50,117.96,2,16.95,1
sglang,tree_of_thought,867,73.39,24.40,97.79,2,20.45,1
sglang,tree_of_thought,868,74.15,0.00,145.45,1,6.88,1
sglang,tree_of_thought,869,81.24,102.24,183.48,2,10.90,1
sglang,tree_of_thought,870,80.94,132.62,213.56,2,9.37,1
sglang,tree_of_thought,871,77.47,48.65,126.13,2,15.86,1
sglang,tree_of_thought,872,53.33,0.00,213.54,1,4.68,1
sglang,tree_of_thought,873,87.29,0.00,122.08,1,8.19,1
sglang,tree_of_thought,874,77.54,0.00,206.10,1,4.85,1
sglang,tree_of_thought,875,91.58,87.30,178.88,2,11.18,1
sglang,tree_of_thought,876,102.70,0.00,162.93,1,6.14,1
sglang,tree_of_thought,877,109.85,87.14,196.99,2,10.15,1
sglang,tree_of_thought,878,96.25,0.00,140.88,1,7.10,1
sglang,tree_of_thought,879,59.11,37.33,96.44,2,20.74,1
sglang,tree_of_thought,880,74.12,0.00,214.60,1,4.66,1
sglang,tree_of_thought,881,65.73,0.00,162.50,1,6.15,1
sglang,tree_of_thought,882,73.35,0.00,196.63,1,5.09,1
sglang,tree_of_thought,883,87.59,0.00,119.67,1,8.36,1
sglang,tree_of_thought,884,67.57,0.00,79.60,1,12.56,1
sglang,tree_of_thought,885,94.38,0.00,162.10,1,6.17,1
sglang,tree_of_thought,886,111.20,91.72,202.92,2,9.86,1
sglang,tree_of_thought,887,84.32,0.00,144.64,1,6.91,1
sglang,tree_of_thought,888,73.23,41.34,114.57,2,17.46,1
sglang,tree_of_thought,889,70.33,0.00,180.43,1,5.54,1
sglang,tree_of_thought,890,90.64,0.00,166.15,1,6.02,1
sglang,tree_of_thought,891,77.46,0.00,141.25,1,7.08,1
sglang,tree_of_thought,892,63.66,35.41,99.08,2,20.19,1
sglang,tree_of_thought,893,83.35,23.85,107.21,2,18.66,1
sglang,tree_of_thought,894,89.25,0.00,183.07,1,5.46,1
sglang,tree_of_thought,895,81.28,0.00,155.10,1,6.45,1
sglang,tree_of_thought,896,86.75,39.94,126.69,2,15.79,1
sglang,tree_of_thought,897,56.23,42.68,98.90,2,20.22,1
sglang,tree_of_thought,898,77.62,17.97,95.59,2,20.92,1
sglang,tree_of_thought,899,91.31,0.00,173.55,1,5.76,1
sglang,tree_of_thought,900,52.05,0.00,80.47,1,12.43,1
sglang,tree_of_thought,901,62.99,0.00,122.87,1,8.14,1
sglang,tree_of_thought,902,82.28,0.00,166.06,1,6.02,1
sglang,tree_of_thought,903,79.53,0.00,193.23,1,5.18,1
sglang,tree_of_thought,904,82.41,0.00,137.73,1,7.26,1
sglang,tree_of_thought,905,56.48,178.01,234.49,2,8.53,1
sglang,tree_of_thought,906,97.61,0.00,180.73,1,5.53,1
sglang,tree_of_thought,907,91.09,0.00,194.65,1,5.14,1
sglang,tree_of_thought,908,79.21,0.00,169.15,1,5.91,1
sglang,tree_of_thought,909,79.16,35.72,114.88,2,17.41,1
sglang,tree_of_thought,910,85.87,72.47,158.35,2,12.63,1
sglang,tree_of_thought,911,66.41,0.00,191.68,1,5.22,1
sglang,tree_of_thought,912,81.36,0.00,117.78,1,8.49,1
sglang,tree_of_thought,913,83.50,89.49,172.99,2,11.56,1
sglang,tree_of_thought,914,68.14,167.72,235.86,2,8.48,1
sglang,tree_of_thought,915,60.73,0.00,68.21,1,14.66,1
sglang,tree_of_thought,916,71.51,0.00,191.37,1,5.23,1
sglang,tree_of_thought,917,90.03,84.69,174.72,2,11.45,1
sglang,tree_of_thought,918,73.23,43.79,117.02,2,17.09,1
sglang,tree_of_thought,919,91.25,0.00,150.06,1,6.66,1
sglang,tree_of_thought,920,90.18,75.58,165.75,2,12.07,1
sglang,tree_of_thought,921,70.68,66.65,137.33,2,14.56,1
sglang,tree_of_thought,922,55.29,0.00,93.04,1,10.75,1
sglang,tree_of_thought,923,95.39,106.46,201.85,2,9.91,1
sglang,tree_of_thought,924,73.41,24.03,97.45,2,20.52,1
sglang,tree_of_thought,925,90.39,0.00,154.35,1,6.48,1
sglang,tree_of_thought,926,73.26,0.00,134.03,1,7.46,1
sglang,tree_of_thought,927,58.03,0.00,100.82,1,9.92,1
sglang,tree_of_thought,928,90.77,110.40,201.17,2,9.94,1
sglang,tree_of_thought,929,73.56,15.75,105.06,3,28.56,0
sglang,tree_of_thought,930,96.36,0.00,159.30,1,6.28,1
sglang,tree_of_thought,931,101.49,0.00,188.39,1,5.31,1
sglang,tree_of_thought,932,57.28,0.00,87.90,1,11.38,1
sglang,tree_of_thought,933,85.16,65.36,150.52,2,13.29,1
sglang,tree_of_thought,934,61.11,0.00,185.98,1,5.38,1
sglang,tree_of_thought,935,82.21,0.00,217.16,1,4.60,1
sglang,tree_of_thought,936,79.61,40.22,119.83,2,16.69,1
sglang,tree_of_thought,937,80.34,0.00,165.75,1,6.03,1
sglang,tree_of_thought,938,80.25,0.00,165.72,1,6.03,1
sglang,tree_of_thought,939,85.43,0.00,146.65,1,6.82,1
sglang,tree_of_thought,940,85.00,0.00,212.29,1,4.71,1
sglang,tree_of_thought,941,70.82,44.80,115.62,2,17.30,1
sglang,tree_of_thought,942,58.89,91.59,150.48,2,13.29,1
sglang,tree_of_thought,943,86.50,106.08,192.58,2,10.39,1
sglang,tree_of_thought,944,91.66,131.90,223.56,2,8.95,1
sglang,tree_of_thought,945,61.47,47.45,108.93,2,18.36,1
sglang,tree_of_thought,946,53.26,39.05,287.56,7,24.34,0
sglang,tree_of_thought,947,95.15,0.00,200.87,1,4.98,1
sglang,tree_of_thought,948,95.11,0.00,206.14,1,4.85,1
sglang,tree_of_thought,949,64.91,0.00,218.21,1,4.58,1
sglang,tree_of_thought,950,98.43,0.00,230.24,1,4.34,1
sglang,tree_of_thought,951,71.09,0.00,82.11,1,12.18,1
sglang,tree_of_thought,952,67.67,0.00,82.49,1,12.12,1
sglang,tree_of_thought,953,69.94,15.49,85.43,2,23.41,1
sglang,tree_of_thought,954,73.94,21.20,95.13,2,21.02,1
sglang,tree_of_thought,955,76.23,0.00,192.61,1,5.19,1
sglang,tree_of_thought,956,98.98,0.00,108.64,1,9.20,1
sglang,tree_of_thought,957,84.44,0.00,96.85,1,10.33,1
sglang,tree_of_thought,958,77.74,48.79,126.53,2,15.81,1
sglang,tree_of_thought,959,88.68,14.28,102.97,2,19.42,1
sglang,tree_of_thought,960,35.94,0.00,45.55,1,21.96,1
sglang,tree_of_thought,961,66.77,0.00,128.89,1,7.76,1
sglang,tree_of_thought,962,84.42,0.00,164.99,1,6.06,1
sglang,tree_of_thought,963,91.62,104.66,196.28,2,10.19,1
sglang,tree_of_thought,964,57.58,0.00,99.96,1,10.00,1
sglang,tree_of_thought,965,73.61,0.00,165.53,1,6.04,1
sglang,tree_of_thought,966,76.33,0.00,201.96,1,4.95,1
sglang,tree_of_thought,967,87.16,0.00,145.43,1,6.88,1
sglang,tree_of_thought,968,63.56,45.04,108.59,2,18.42,1
sglang,tree_of_thought,969,75.27,0.00,107.71,1,9.28,1
sglang,tree_of_thought,970,94.55,0.00,174.24,1,5.74,1
sglang,tree_of_thought,971,91.60,61.67,153.28,2,13.05,1
sglang,tree_of_thought,972,91.69,128.67,220.36,2,9.08,1
sglang,tree_of_thought,973,81.85,0.00,137.08,1,7.29,1
sglang,tree_of_thought,974,83.29,105.24,188.54,2,10.61,1
sglang,tree_of_thought,975,61.49,40.27,101.76,2,19.65,1
sglang,tree_of_thought,976,93.15,128.40,221.55,2,9.03,1
sglang,tree_of_thought,977,57.26,0.00,67.00,1,14.93,1
sglang,tree_of_thought,978,111.29,0.00,191.34,1,5.23,1
sglang,tree_of_thought,979,84.35,0.00,176.21,1,5.68,1
sglang,tree_of_thought,980,73.93,44.69,118.62,2,16.86,1
sglang,tree_of_thought,981,87.19,73.35,160.54,2,12.46,1
sglang,tree_of_thought,982,74.34,0.00,125.09,1,7.99,1
sglang,tree_of_thought,983,68.33,0.00,188.23,1,5.31,1
sglang,tree_of_thought,984,94.25,76.58,170.83,2,11.71,1
sglang,tree_of_thought,985,54.29,0.00,96.53,1,10.36,1
sglang,tree_of_thought,986,71.91,25.33,97.25,2,20.57,1
sglang,tree_of_thought,987,54.08,0.00,86.17,1,11.60,1
sglang,tree_of_thought,988,82.02,0.00,186.05,1,5.37,1
sglang,tree_of_thought,989,80.37,0.00,158.23,1,6.32,1
sglang,tree_of_thought,990,87.56,0.00,123.19,1,8.12,1
sglang,tree_of_thought,991,87.10,16.77,154.17,5,32.43,0
sglang,long_output,0,120.23,24.86,319.11,9,28.20,1
sglang,long_output,1,103.54,27.05,319.94,9,28.13,1
sglang,long_output,2,66.29,32.07,322.82,9,27.88,1
sglang,long_output,3,98.32,25.18,324.98,10,30.77,1
sglang,long_output,4,114.87,23.61,327.37,10,30.55,1
sglang,long_output,5,116.38,24.10,333.25,10,30.01,1
sglang,long_output,6,95.18,24.03,335.45,11,32.79,1
sglang,long_output,7,92.48,24.49,337.34,11,32.61,1
sglang,long_output,8,94.18,24.88,343.00,11,32.07,1
sglang,long_output,9,93.26,22.70,342.91,12,34.99,1
sglang,long_output,10,107.12,21.62,344.97,12,34.79,1
sglang,long_output,11,135.68,19.21,347.03,12,34.58,1
sglang,long_output,12,132.95,19.88,371.46,13,35.00,1
sglang,long_output,13,129.69,20.44,374.94,13,34.67,1
sglang,long_output,14,128.36,20.44,373.58,13,34.80,1
sglang,long_output,15,121.83,23.05,421.53,14,33.21,1
sglang,long_output,16,123.94,23.64,431.29,14,32.46,1
sglang,long_output,17,125.37,23.73,433.88,14,32.27,1
sglang,long_output,18,120.57,22.13,430.36,15,34.85,1
sglang,long_output,19,121.12,22.45,435.48,15,34.45,1
sglang,long_output,20,124.86,22.90,445.41,15,33.68,1
sglang,long_output,21,115.92,21.78,442.67,16,36.14,1
sglang,long_output,22,112.39,22.42,448.66,16,35.66,1
sglang,long_output,23,112.48,22.44,449.07,16,35.63,1
sglang,long_output,24,114.37,21.14,452.67,17,37.56,1
sglang,long_output,25,104.63,21.65,450.98,17,37.70,1
sglang,long_output,26,116.83,21.24,456.69,17,37.22,1
sglang,long_output,27,165.22,18.60,481.41,18,37.39,1
sglang,long_output,28,146.06,19.70,481.04,18,37.42,1
sglang,long_output,29,108.50,22.22,486.20,18,37.02,1
sglang,long_output,30,160.42,21.81,553.05,19,34.35,1
sglang,long_output,31,156.06,22.03,552.55,19,34.39,1
sglang,long_output,32,149.16,22.47,553.61,19,34.32,1
sglang,long_output,33,139.03,22.20,560.91,20,35.66,1
sglang,long_output,34,134.59,22.46,561.37,20,35.63,1
sglang,long_output,35,139.25,22.46,565.90,20,35.34,1
sglang,long_output,36,136.49,21.40,564.57,21,37.20,1
sglang,long_output,37,132.28,21.84,569.12,21,36.90,1
sglang,long_output,38,138.00,21.59,569.82,21,36.85,1
sglang,long_output,39,123.81,21.31,571.33,22,38.51,1
sglang,long_output,40,133.28,21.48,584.45,22,37.64,1
sglang,long_output,41,147.53,20.79,584.08,22,37.67,1
sglang,long_output,42,125.61,21.49,598.47,23,38.43,1
sglang,long_output,43,122.87,21.94,605.62,23,37.98,1
sglang,long_output,44,144.52,20.93,605.01,23,38.02,1
sglang,long_output,45,127.11,23.73,672.91,24,35.67,1
sglang,long_output,46,130.33,24.20,686.82,24,34.94,1
sglang,long_output,47,126.10,24.43,687.89,24,34.89,1
sglang,long_output,48,132.92,23.14,688.34,25,36.32,1
sglang,long_output,49,120.76,23.81,692.14,25,36.12,1
sglang,long_output,50,115.27,24.06,692.60,25,36.10,1
sglang,long_output,51,112.52,23.38,696.95,26,37.31,1
sglang,long_output,52,112.60,23.46,699.02,26,37.19,1
sglang,long_output,53,118.87,23.52,706.82,26,36.78,1
sglang,long_output,54,112.44,22.85,706.51,27,38.22,1
sglang,long_output,55,109.68,22.97,707.00,27,38.19,1
sglang,long_output,56,116.18,22.89,711.35,27,37.96,1
sglang,long_output,57,110.85,23.08,734.14,28,38.14,1
sglang,long_output,58,121.22,22.92,740.15,28,37.83,1
sglang,long_output,59,103.85,23.56,739.84,28,37.85,1
sglang,long_output,60,139.65,23.96,810.64,29,35.77,1
sglang,long_output,61,117.98,24.74,810.61,29,35.78,1
sglang,long_output,62,131.76,24.52,818.40,29,35.44,1
sglang,long_output,63,110.54,24.45,819.63,30,36.60,1
sglang,long_output,64,90.18,24.52,801.15,30,37.45,1
sglang,long_output,65,94.73,24.70,810.91,30,37.00,1
sglang,long_output,66,88.81,24.24,816.08,31,37.99,1
sglang,long_output,67,78.89,24.39,810.66,31,38.24,1
sglang,long_output,68,79.11,24.43,812.15,31,38.17,1
sglang,long_output,69,88.62,23.03,802.43,32,39.88,1
sglang,long_output,70,87.30,23.07,802.56,32,39.87,1
sglang,long_output,71,74.88,24.09,821.82,32,38.94,1
sglang,long_output,72,73.96,23.28,818.78,33,40.30,1
sglang,long_output,73,76.47,23.42,825.95,33,39.95,1
sglang,long_output,74,81.11,23.46,831.76,33,39.67,1
sglang,long_output,75,43.41,24.50,851.97,34,39.91,1
sglang,long_output,76,43.04,24.70,858.18,34,39.62,1
sglang,long_output,77,73.79,24.76,891.02,34,38.16,1
sglang,long_output,78,40.94,24.33,868.23,35,40.31,1
sglang,long_output,79,90.20,23.58,891.76,35,39.25,1
sglang,long_output,80,95.87,23.67,900.52,35,38.87,1
sglang,long_output,81,120.83,22.33,902.46,36,39.89,1
sglang,long_output,82,122.05,22.53,910.43,36,39.54,1
sglang,long_output,83,101.48,22.25,902.39,37,41.00,1
sglang,long_output,84,119.55,22.75,915.75,36,39.31,1
sglang,long_output,85,97.46,22.33,901.24,37,41.05,1
sglang,long_output,86,104.98,22.30,907.91,37,40.75,1
sglang,long_output,87,93.89,22.40,922.53,38,41.19,1
sglang,long_output,88,87.49,22.51,920.27,38,41.29,1
sglang,long_output,89,89.56,22.51,922.54,38,41.19,1
sglang,long_output,90,82.10,23.61,979.46,39,39.82,1
sglang,long_output,91,56.22,23.72,957.46,39,40.73,1
sglang,long_output,92,56.13,23.72,957.64,39,40.73,1
sglang,long_output,93,50.49,23.41,963.67,40,41.51,1
sglang,long_output,94,86.74,23.03,985.09,40,40.61,1
sglang,long_output,95,132.85,21.91,987.44,40,40.51,1
sglang,long_output,96,118.17,21.60,982.16,41,41.74,1
sglang,long_output,97,133.21,21.53,994.23,41,41.24,1
sglang,long_output,98,119.19,21.72,987.94,41,41.50,1
sglang,long_output,99,114.84,21.40,992.36,42,42.32,1
sglang,long_output,100,107.64,21.54,990.90,42,42.39,1
sglang,long_output,101,111.09,21.47,991.35,42,42.37,1
sglang,long_output,102,87.89,21.60,994.88,43,43.22,1
sglang,long_output,103,96.91,21.73,1009.46,43,42.60,1
sglang,long_output,104,110.95,21.67,1020.91,43,42.12,1
sglang,long_output,105,88.10,22.70,1064.16,44,41.35,1
sglang,long_output,106,69.05,22.72,1045.90,44,42.07,1
sglang,long_output,107,62.71,22.37,1047.10,45,42.98,1
sglang,long_output,108,62.03,23.06,1053.52,44,41.76,1
sglang,long_output,109,97.35,22.06,1067.81,45,42.14,1
sglang,long_output,110,128.27,21.31,1065.98,45,42.21,1
sglang,long_output,111,123.13,20.83,1060.68,46,43.37,1
sglang,long_output,112,120.43,21.15,1071.99,46,42.91,1
sglang,long_output,113,124.23,21.23,1079.70,46,42.60,1
sglang,long_output,114,115.91,20.77,1071.14,47,43.88,1
sglang,long_output,115,109.04,20.73,1062.66,47,44.23,1
sglang,long_output,116,109.92,20.97,1074.54,47,43.74,1
sglang,long_output,117,98.26,20.67,1069.69,48,44.87,1
sglang,long_output,118,96.06,20.60,1064.24,48,45.10,1
sglang,long_output,119,98.85,20.76,1074.76,48,44.66,1
sglang,long_output,120,58.28,20.82,1057.48,49,46.34,1
sglang,long_output,121,90.61,20.99,1098.07,49,44.62,1
sglang,long_output,122,65.94,21.01,1074.49,49,45.60,1
sglang,long_output,123,56.84,21.75,1122.36,50,44.55,1
sglang,long_output,124,80.58,21.54,1135.98,50,44.01,1
sglang,long_output,125,73.49,21.69,1136.31,50,44.00,1
sglang,long_output,126,76.15,21.30,1140.93,51,44.70,1
sglang,long_output,127,65.42,21.55,1142.78,51,44.63,1
sglang,long_output,128,93.35,21.84,268.09,9,33.57,1
sglang,long_output,129,88.32,22.10,265.08,9,33.95,1
sglang,long_output,130,92.47,22.13,269.51,9,33.39,1
sglang,long_output,131,77.05,25.21,303.93,10,32.90,1
sglang,long_output,132,90.87,25.40,319.46,10,31.30,1
sglang,long_output,133,82.56,25.66,313.49,10,31.90,1
sglang,long_output,134,74.55,24.41,318.64,11,34.52,1
sglang,long_output,135,70.23,24.10,311.18,11,35.35,1
sglang,long_output,136,45.83,24.48,290.64,11,37.85,1
sglang,long_output,137,43.82,22.60,292.37,12,41.04,1
sglang,long_output,138,39.17,23.14,293.69,12,40.86,1
sglang,long_output,139,60.66,24.55,330.75,12,36.28,1
sglang,long_output,140,75.88,23.34,1242.96,51,41.03,1
sglang,long_output,141,69.08,23.06,1245.24,52,41.76,1
sglang,long_output,142,88.53,22.49,1235.37,52,42.09,1
sglang,long_output,143,87.40,22.49,1234.29,52,42.13,1
sglang,long_output,144,78.88,22.25,1235.62,53,42.89,1
sglang,long_output,145,81.83,22.37,1244.89,53,42.57,1
sglang,long_output,146,70.38,22.86,344.68,13,37.72,1
sglang,long_output,147,84.01,21.35,340.21,13,38.21,1
sglang,long_output,148,80.45,22.47,1248.95,53,42.44,1
sglang,long_output,149,73.12,23.31,352.84,13,36.84,1
sglang,long_output,150,52.82,22.39,1239.28,54,43.57,1
sglang,long_output,151,32.72,21.51,312.37,14,44.82,1
sglang,long_output,152,69.94,22.55,1265.26,54,42.68,1
sglang,long_output,153,74.96,22.03,361.29,14,38.75,1
sglang,long_output,154,48.92,22.54,1243.48,54,43.43,1
sglang,long_output,155,31.88,22.04,318.44,14,43.96,1
sglang,long_output,156,44.10,23.41,1308.07,55,42.05,1
sglang,long_output,157,29.29,25.90,391.92,15,38.27,1
sglang,long_output,158,74.30,23.43,1339.33,55,41.07,1
sglang,long_output,159,74.79,23.52,1344.93,55,40.89,1
sglang,long_output,160,86.04,24.55,429.73,15,34.91,1
sglang,long_output,161,86.50,24.32,426.99,15,35.13,1
sglang,long_output,162,61.75,23.12,1333.50,56,41.99,1
sglang,long_output,163,71.91,23.46,423.78,16,37.76,1
sglang,long_output,164,74.40,23.40,425.43,16,37.61,1
sglang,long_output,165,67.61,23.39,1353.92,56,41.36,1
sglang,long_output,166,79.76,24.48,446.95,16,35.80,1
sglang,long_output,167,70.82,23.02,439.11,17,38.71,1
sglang,long_output,168,62.68,23.31,435.59,17,39.03,1
sglang,long_output,169,58.44,23.38,432.45,17,39.31,1
sglang,long_output,170,81.31,23.47,1371.90,56,40.82,1
sglang,long_output,171,84.64,22.70,1355.86,57,42.04,1
sglang,long_output,172,94.21,22.88,1375.73,57,41.43,1
sglang,long_output,173,77.10,23.44,1389.75,57,41.01,1
sglang,long_output,174,75.13,22.57,1361.68,58,42.59,1
sglang,long_output,175,76.79,22.63,1366.63,58,42.44,1
sglang,long_output,176,61.64,23.87,467.41,18,38.51,1
sglang,long_output,177,80.98,22.74,1376.97,58,42.12,1
sglang,long_output,178,47.74,22.73,1366.18,59,43.19,1
sglang,long_output,179,53.66,22.77,1374.47,59,42.93,1
sglang,long_output,180,73.53,22.83,1397.85,59,42.21,1
sglang,long_output,181,43.99,23.39,1424.13,60,42.13,1
sglang,long_output,182,71.73,25.36,502.81,18,35.80,1
sglang,long_output,183,83.29,24.31,496.52,18,36.25,1
sglang,long_output,184,82.62,24.33,520.61,19,36.50,1
sglang,long_output,185,70.52,24.58,512.93,19,37.04,1
sglang,long_output,186,85.40,24.57,527.60,19,36.01,1
sglang,long_output,187,67.40,26.04,562.20,20,35.57,1
sglang,long_output,188,70.67,26.03,565.32,20,35.38,1
sglang,long_output,189,62.74,26.22,561.01,20,35.65,1
sglang,long_output,190,84.73,23.75,1485.92,60,40.38,1
sglang,long_output,191,63.90,25.29,569.77,21,36.86,1
sglang,long_output,192,61.93,25.62,574.35,21,36.56,1
sglang,long_output,193,70.84,24.07,1490.75,60,40.25,1
sglang,long_output,194,69.98,23.66,1489.75,61,40.95,1
sglang,long_output,195,56.47,23.92,558.87,22,39.37,1
sglang,long_output,196,56.57,24.16,563.94,22,39.01,1
sglang,long_output,197,62.14,23.80,1490.19,61,40.93,1
sglang,long_output,198,58.27,25.58,569.94,21,36.85,1
sglang,long_output,199,54.96,24.28,564.86,22,38.95,1
sglang,long_output,200,54.86,24.49,593.57,23,38.75,1
sglang,long_output,201,51.18,24.65,593.51,23,38.75,1
sglang,long_output,202,73.56,24.54,1546.04,61,39.46,1
sglang,long_output,203,72.94,24.48,1566.21,62,39.59,1
sglang,long_output,204,100.09,23.95,1560.96,62,39.72,1
sglang,long_output,205,94.92,24.01,1559.75,62,39.75,1
sglang,long_output,206,77.70,26.75,666.24,23,34.52,1
sglang,long_output,207,78.27,23.72,1548.95,63,40.67,1
sglang,long_output,208,78.54,23.82,1555.22,63,40.51,1
sglang,long_output,209,87.21,23.86,1566.67,63,40.21,1
sglang,long_output,210,72.34,26.14,673.56,24,35.63,1
sglang,long_output,211,74.41,23.91,1581.03,64,40.48,1
sglang,long_output,212,54.12,23.93,1561.92,64,40.98,1
sglang,long_output,213,49.07,23.94,1557.40,64,41.09,1
sglang,long_output,214,46.61,24.41,1608.70,65,40.41,1
sglang,long_output,215,87.36,26.40,694.50,24,34.56,1
sglang,long_output,216,73.58,27.39,703.59,24,34.11,1
sglang,long_output,217,77.56,26.70,718.27,25,34.81,1
sglang,long_output,218,82.61,26.75,724.63,25,34.50,1
sglang,long_output,219,88.06,26.91,734.00,25,34.06,1
sglang,long_output,220,77.59,27.74,771.02,26,33.72,1
sglang,long_output,221,72.67,28.24,778.60,26,33.39,1
sglang,long_output,222,69.72,28.29,777.05,26,33.46,1
sglang,long_output,223,54.14,27.44,767.64,27,35.17,1
sglang,long_output,224,65.58,27.43,778.84,27,34.67,1
sglang,long_output,225,55.90,27.76,777.77,27,34.71,1
sglang,long_output,226,78.04,25.16,1688.41,65,38.50,1
sglang,long_output,227,80.65,25.12,1688.10,65,38.50,1
sglang,long_output,228,62.53,24.78,1673.40,66,39.44,1
sglang,long_output,229,68.87,24.93,1689.26,66,39.07,1
sglang,long_output,230,54.34,27.30,791.40,28,35.38,1
sglang,long_output,231,93.68,25.15,1728.43,66,38.19,1
sglang,long_output,232,90.56,26.88,816.36,28,34.30,1
sglang,long_output,233,73.20,28.08,831.32,28,33.68,1
sglang,long_output,234,79.81,24.87,1721.05,67,38.93,1
sglang,long_output,235,84.74,24.98,1733.35,67,38.65,1
sglang,long_output,236,72.36,26.53,815.14,29,35.58,1
sglang,long_output,237,81.64,26.50,823.63,29,35.21,1
sglang,long_output,238,79.77,26.64,825.74,29,35.12,1
sglang,long_output,239,62.29,26.07,818.34,30,36.66,1
sglang,long_output,240,61.27,26.08,817.51,30,36.70,1
sglang,long_output,241,68.49,26.33,831.93,30,36.06,1
sglang,long_output,242,41.06,25.53,807.10,31,38.41,1
sglang,long_output,243,35.23,25.68,805.77,31,38.47,1
sglang,long_output,244,37.07,25.80,810.96,31,38.23,1
sglang,long_output,245,58.98,25.19,839.71,32,38.11,1
sglang,long_output,246,62.91,25.29,846.83,32,37.79,1
sglang,long_output,247,68.84,26.19,880.81,32,36.33,1
sglang,long_output,248,34.02,24.79,827.45,33,39.88,1
sglang,long_output,249,33.53,24.87,829.32,33,39.79,1
sglang,long_output,250,28.74,25.07,831.07,33,39.71,1
sglang,long_output,251,71.34,24.50,879.75,34,38.65,1
sglang,long_output,252,104.10,23.66,884.90,34,38.42,1
sglang,long_output,253,73.57,24.83,892.98,34,38.07,1
sglang,long_output,254,99.13,23.18,887.34,35,39.44,1
sglang,long_output,255,95.62,23.27,886.66,35,39.47,1
sglang,long_output,256,85.99,23.49,884.55,35,39.57,1
sglang,long_output,257,81.37,23.04,887.89,36,40.55,1
sglang,long_output,258,78.52,22.98,882.74,36,40.78,1
sglang,long_output,259,84.80,23.09,893.12,36,40.31,1
sglang,long_output,260,69.95,23.00,897.77,37,41.21,1
sglang,long_output,261,74.74,23.01,903.20,37,40.97,1
sglang,long_output,262,90.69,22.65,906.03,37,40.84,1
sglang,long_output,263,59.43,22.18,880.20,38,43.17,1
sglang,long_output,264,56.90,22.35,883.69,38,43.00,1
sglang,long_output,265,85.03,22.50,917.62,38,41.41,1
sglang,long_output,266,76.79,22.95,949.08,39,41.09,1
sglang,long_output,267,88.62,22.15,930.28,39,41.92,1
sglang,long_output,268,86.84,22.34,935.63,39,41.68,1
sglang,long_output,269,81.79,22.08,942.84,40,42.43,1
sglang,long_output,270,84.78,22.05,944.90,40,42.33,1
sglang,long_output,271,78.34,22.22,945.05,40,42.33,1
sglang,long_output,272,72.37,21.79,943.85,41,43.44,1
sglang,long_output,273,73.48,21.87,948.43,41,43.23,1
sglang,long_output,274,66.24,21.96,944.79,41,43.40,1
sglang,long_output,275,39.45,21.64,926.60,42,45.33,1
sglang,long_output,276,44.56,21.62,930.78,42,45.12,1
sglang,long_output,277,45.22,21.73,935.99,42,44.87,1
sglang,long_output,278,75.80,21.94,997.36,43,43.11,1
sglang,long_output,279,61.73,21.51,965.04,43,44.56,1
sglang,long_output,280,69.87,21.57,975.85,43,44.06,1
sglang,long_output,281,42.22,21.30,958.15,44,45.92,1
sglang,long_output,282,41.50,21.40,961.48,44,45.76,1
sglang,long_output,283,32.73,21.54,958.97,44,45.88,1
sglang,long_output,284,104.18,20.67,1013.65,45,44.39,1
sglang,long_output,285,88.99,21.31,1026.54,45,43.84,1
sglang,long_output,286,99.58,20.90,1019.17,45,44.15,1
sglang,long_output,287,93.83,20.51,1016.62,46,45.25,1
sglang,long_output,288,95.29,20.71,1027.43,46,44.77,1
sglang,long_output,289,91.77,20.69,1022.97,46,44.97,1
sglang,long_output,290,88.56,20.35,1024.57,47,45.87,1
sglang,long_output,291,88.13,20.37,1025.19,47,45.85,1
sglang,long_output,292,83.27,20.49,1025.82,47,45.82,1
sglang,long_output,293,78.00,20.18,1026.32,48,46.77,1
sglang,long_output,294,72.89,20.36,1030.00,48,46.60,1
sglang,long_output,295,84.44,20.63,1053.86,48,45.55,1
sglang,long_output,296,111.71,19.71,1057.93,49,46.32,1
sglang,long_output,297,106.28,19.81,1057.12,49,46.35,1
sglang,long_output,298,117.79,19.87,1071.78,49,45.72,1
sglang,long_output,299,96.66,19.67,1060.57,50,47.14,1
sglang,long_output,300,104.04,19.70,1069.52,50,46.75,1
sglang,long_output,301,97.82,13.87,208.76,9,43.11,1
sglang,long_output,302,100.92,19.79,1070.44,50,46.71,1
sglang,long_output,303,85.60,15.31,208.09,9,43.25,1
sglang,long_output,304,94.13,15.13,215.20,9,41.82,1
sglang,long_output,305,99.86,19.73,1086.51,51,46.94,1
sglang,long_output,306,86.55,19.97,1084.91,51,47.01,1
sglang,long_output,307,72.56,16.67,222.59,10,44.92,1
sglang,long_output,308,97.16,15.74,238.78,10,41.88,1
sglang,long_output,309,91.90,20.02,1092.79,51,46.67,1
sglang,long_output,310,92.01,16.70,242.33,10,41.27,1
sglang,long_output,311,71.99,20.75,1130.24,52,46.01,1
sglang,long_output,312,85.30,20.70,1141.22,52,45.57,1
sglang,long_output,313,70.88,20.81,1132.25,52,45.93,1
sglang,long_output,314,67.11,20.98,276.88,11,39.73,1
sglang,long_output,315,69.24,21.36,1180.15,53,44.91,1
sglang,long_output,316,79.59,21.47,1196.12,53,44.31,1
sglang,long_output,317,74.67,21.53,1194.40,53,44.37,1
sglang,long_output,318,62.88,21.29,1191.34,54,45.33,1
sglang,long_output,319,66.80,21.41,1201.29,54,44.95,1
sglang,long_output,320,67.66,21.52,1208.24,54,44.69,1
sglang,long_output,321,78.56,25.59,334.46,11,32.89,1
sglang,long_output,322,73.67,27.07,344.40,11,31.94,1
sglang,long_output,323,57.88,21.33,1209.92,55,45.46,1
sglang,long_output,324,74.57,26.55,366.61,12,32.73,1
sglang,long_output,325,59.18,26.90,355.11,12,33.79,1
sglang,long_output,326,67.61,26.78,362.18,12,33.13,1
sglang,long_output,327,56.88,28.51,398.95,13,32.59,1
sglang,long_output,328,53.66,29.13,403.17,13,32.24,1
sglang,long_output,329,54.64,29.45,408.01,13,31.86,1
sglang,long_output,330,53.78,28.88,429.15,14,32.62,1
sglang,long_output,331,52.10,29.72,438.45,14,31.93,1
sglang,long_output,332,82.04,28.05,446.64,14,31.35,1
sglang,long_output,333,75.92,30.04,496.46,15,30.21,1
sglang,long_output,334,72.93,30.19,495.59,15,30.27,1
sglang,long_output,335,70.18,30.41,495.91,15,30.25,1
sglang,long_output,336,65.44,29.03,500.86,16,31.95,1
sglang,long_output,337,69.61,29.42,510.86,16,31.32,1
sglang,long_output,338,65.65,26.82,468.01,16,34.19,1
sglang,long_output,339,108.91,23.14,1358.55,55,40.48,1
sglang,long_output,340,60.21,25.96,475.51,17,35.75,1
sglang,long_output,341,80.46,24.91,479.03,17,35.49,1
sglang,long_output,342,83.51,25.12,485.39,17,35.02,1
sglang,long_output,343,97.32,23.05,1365.29,56,41.02,1
sglang,long_output,344,145.76,22.73,1372.93,55,40.06,1
sglang,long_output,345,133.57,22.43,1367.07,56,40.96,1
sglang,long_output,346,91.50,23.21,1367.88,56,40.94,1
sglang,long_output,347,31.76,24.51,448.48,18,40.14,1
sglang,long_output,348,86.95,23.08,1379.45,57,41.32,1
sglang,long_output,349,119.00,22.51,1379.54,57,41.32,1
sglang,long_output,350,120.08,22.50,1380.11,57,41.30,1
sglang,long_output,351,117.16,23.09,1433.27,58,40.47,1
sglang,long_output,352,97.52,23.14,1416.23,58,40.95,1
sglang,long_output,353,96.90,23.31,1425.80,58,40.68,1
sglang,long_output,354,93.11,23.07,1430.93,59,41.23,1
sglang,long_output,355,82.73,23.03,1418.35,59,41.60,1
sglang,long_output,356,85.26,23.10,1425.03,59,41.40,1
sglang,long_output,357,80.04,22.86,1428.53,60,42.00,1
sglang,long_output,358,84.97,27.29,548.95,18,32.79,1
sglang,long_output,359,86.41,27.50,553.91,18,32.50,1
sglang,long_output,360,67.46,26.14,537.95,19,35.32,1
sglang,long_output,361,74.91,26.63,554.17,19,34.29,1
sglang,long_output,362,69.06,26.66,548.93,19,34.61,1
sglang,long_output,363,52.80,25.59,538.97,20,37.11,1
sglang,long_output,364,52.28,25.94,545.13,20,36.69,1
sglang,long_output,365,52.27,25.88,544.00,20,36.76,1
sglang,long_output,366,64.74,25.52,575.14,21,36.51,1
sglang,long_output,367,63.90,26.06,585.05,21,35.89,1
sglang,long_output,368,66.30,25.86,583.47,21,35.99,1
sglang,long_output,369,134.91,23.12,1499.20,60,40.02,1
sglang,long_output,370,104.56,23.67,1501.31,60,39.97,1
sglang,long_output,371,114.68,22.93,1490.26,61,40.93,1
sglang,long_output,372,111.05,23.00,1491.16,61,40.91,1
sglang,long_output,373,74.98,23.36,565.59,22,38.90,1
sglang,long_output,374,72.91,23.49,566.19,22,38.86,1
sglang,long_output,375,102.08,23.54,1514.64,61,40.27,1
sglang,long_output,376,81.22,23.67,578.19,22,38.05,1
sglang,long_output,377,96.75,23.09,1505.16,62,41.19,1
sglang,long_output,378,65.27,22.78,566.33,23,40.61,1
sglang,long_output,379,31.73,22.76,532.41,23,43.20,1
sglang,long_output,380,102.07,23.19,1516.92,62,40.87,1
sglang,long_output,381,112.90,23.18,1527.13,62,40.60,1
sglang,long_output,382,56.75,23.14,565.79,23,40.65,1
sglang,long_output,383,95.08,23.68,1563.49,63,40.29,1
sglang,long_output,384,88.33,23.71,1558.51,63,40.42,1
sglang,long_output,385,89.51,23.81,1565.87,63,40.23,1
sglang,long_output,386,84.08,24.50,1627.42,64,39.33,1
sglang,long_output,387,106.49,25.67,696.91,24,34.44,1
sglang,long_output,388,103.45,25.83,697.62,24,34.40,1
sglang,long_output,389,110.26,25.90,705.92,24,34.00,1
sglang,long_output,390,91.97,25.49,703.66,25,35.53,1
sglang,long_output,391,84.29,25.63,699.45,25,35.74,1
sglang,long_output,392,77.04,25.67,693.01,25,36.07,1
sglang,long_output,393,92.03,24.36,1626.71,64,39.34,1
sglang,long_output,394,83.90,24.27,690.54,26,37.65,1
sglang,long_output,395,88.43,24.10,691.05,26,37.62,1
sglang,long_output,396,76.66,24.45,687.79,26,37.80,1
sglang,long_output,397,90.47,24.51,1634.55,64,39.15,1
sglang,long_output,398,72.12,24.21,1621.40,65,40.09,1
sglang,long_output,399,70.89,24.06,696.55,27,38.76,1
sglang,long_output,400,71.60,23.81,690.76,27,39.09,1
sglang,long_output,401,78.53,24.28,1632.31,65,39.82,1
sglang,long_output,402,66.14,24.20,695.37,27,38.83,1
sglang,long_output,403,87.82,24.38,1648.25,65,39.44,1
sglang,long_output,404,67.11,24.22,1641.65,66,40.20,1
sglang,long_output,405,71.29,23.85,715.17,28,39.15,1
sglang,long_output,406,68.55,23.92,714.45,28,39.19,1
sglang,long_output,407,66.15,24.08,716.40,28,39.08,1
sglang,long_output,408,49.89,26.57,793.81,29,36.53,1
sglang,long_output,409,44.88,26.55,788.35,29,36.79,1
sglang,long_output,410,41.82,26.88,794.33,29,36.51,1
sglang,long_output,411,89.28,25.62,1754.90,66,37.61,1
sglang,long_output,412,128.77,25.06,1757.41,66,37.56,1
sglang,long_output,413,100.37,26.27,862.30,30,34.79,1
sglang,long_output,414,98.86,25.15,1758.50,67,38.10,1
sglang,long_output,415,81.07,25.52,1765.48,67,37.95,1
sglang,long_output,416,106.86,26.35,871.06,30,34.44,1
sglang,long_output,417,92.96,26.55,862.79,30,34.77,1
sglang,long_output,418,82.75,26.08,865.24,31,35.83,1
sglang,long_output,419,82.10,26.07,864.27,31,35.87,1
sglang,long_output,420,80.10,26.26,868.04,31,35.71,1
sglang,long_output,421,70.49,26.17,881.68,32,36.29,1
sglang,long_output,422,71.19,26.58,895.31,32,35.74,1
sglang,long_output,423,68.84,26.70,896.47,32,35.70,1
sglang,long_output,424,60.83,25.93,890.58,33,37.05,1
sglang,long_output,425,60.08,25.97,891.06,33,37.03,1
sglang,long_output,426,68.73,26.01,901.12,33,36.62,1
sglang,long_output,427,50.66,25.56,894.06,34,38.03,1
sglang,long_output,428,48.70,25.70,896.74,34,37.92,1
sglang,long_output,429,53.69,25.87,907.49,34,37.47,1
sglang,long_output,430,99.31,25.10,952.58,35,36.74,1
sglang,long_output,431,97.00,25.16,952.43,35,36.75,1
sglang,long_output,432,103.51,25.35,965.41,35,36.25,1
sglang,long_output,433,73.39,24.69,937.50,36,38.40,1
sglang,long_output,434,83.33,24.81,951.64,36,37.83,1
sglang,long_output,435,75.36,24.90,946.77,36,38.02,1
sglang,long_output,436,68.14,24.42,947.26,37,39.06,1
sglang,long_output,437,64.95,24.40,943.47,37,39.22,1
sglang,long_output,438,61.86,23.92,946.82,38,40.13,1
sglang,long_output,439,62.62,24.02,951.47,38,39.94,1
sglang,long_output,440,67.59,24.87,962.92,37,38.42,1
sglang,long_output,441,80.95,23.33,944.23,38,40.24,1
sglang,long_output,442,75.48,23.52,969.07,39,40.24,1
sglang,long_output,443,90.73,23.10,968.42,39,40.27,1
sglang,long_output,444,77.06,23.61,974.15,39,40.04,1
sglang,long_output,445,88.73,24.49,1043.93,40,38.32,1
sglang,long_output,446,57.23,24.06,995.74,40,40.17,1
sglang,long_output,447,90.37,24.69,1053.44,40,37.97,1
sglang,long_output,448,54.81,23.77,1005.56,41,40.77,1
sglang,long_output,449,49.51,23.91,1006.11,41,40.75,1
sglang,long_output,450,80.59,24.13,1045.66,41,39.21,1
sglang,long_output,451,89.09,23.35,1046.36,42,40.14,1
sglang,long_output,452,90.36,23.48,1053.16,42,39.88,1
sglang,long_output,453,93.91,23.70,1065.51,42,39.42,1
sglang,long_output,454,107.83,22.25,1042.30,43,41.25,1
sglang,long_output,455,114.63,22.36,1053.86,43,40.80,1
sglang,long_output,456,112.09,22.51,1057.41,43,40.67,1
sglang,long_output,457,105.15,22.18,1059.02,44,41.55,1
sglang,long_output,458,101.01,22.25,1057.68,44,41.60,1
sglang,long_output,459,106.04,22.50,1073.37,44,40.99,1
sglang,long_output,460,95.40,22.05,1065.53,45,42.23,1
sglang,long_output,461,98.95,22.13,1072.50,45,41.96,1
sglang,long_output,462,115.24,21.55,1063.55,45,42.31,1
sglang,long_output,463,110.55,21.58,1081.59,46,42.53,1
sglang,long_output,464,107.07,21.63,1080.30,46,42.58,1
sglang,long_output,465,84.39,22.23,1084.84,46,42.40,1
sglang,long_output,466,104.30,22.75,1151.02,47,40.83,1
sglang,long_output,467,81.38,23.24,1150.47,47,40.85,1
sglang,long_output,468,87.43,22.99,1145.07,47,41.05,1
sglang,long_output,469,81.46,22.58,1142.74,48,42.00,1
sglang,long_output,470,77.48,22.66,1142.29,48,42.02,1
sglang,long_output,471,76.40,22.70,1143.08,48,41.99,1
sglang,long_output,472,80.98,22.45,1158.41,49,42.30,1
sglang,long_output,473,89.34,22.57,1172.54,49,41.79,1
sglang,long_output,474,87.93,22.58,1171.54,49,41.83,1
sglang,long_output,475,58.99,21.47,230.76,9,39.00,1
sglang,long_output,476,56.65,22.01,232.76,9,38.67,1
sglang,long_output,477,98.59,21.60,1156.99,50,43.22,1
sglang,long_output,478,92.31,22.25,270.27,9,33.30,1
sglang,long_output,479,80.13,22.41,1178.26,50,42.44,1
sglang,long_output,480,73.84,22.48,1175.12,50,42.55,1
sglang,long_output,481,81.75,20.26,264.11,10,37.86,1
sglang,long_output,482,93.51,21.57,1171.91,51,43.52,1
sglang,long_output,483,98.56,21.52,1174.50,51,43.42,1
sglang,long_output,484,89.97,21.91,287.16,10,34.82,1
sglang,long_output,485,78.50,21.20,1159.89,52,44.83,1
sglang,long_output,486,78.93,21.37,1168.91,52,44.49,1
sglang,long_output,487,99.82,21.77,1188.14,51,42.92,1
sglang,long_output,488,72.59,20.43,276.84,11,39.73,1
sglang,long_output,489,75.85,20.69,282.72,11,38.91,1
sglang,long_output,490,82.30,23.05,289.73,10,34.52,1
sglang,long_output,491,49.42,21.15,1149.39,53,46.11,1
sglang,long_output,492,89.76,21.69,1195.76,52,43.49,1
sglang,long_output,493,76.40,21.26,1182.15,53,44.83,1
sglang,long_output,494,77.68,22.84,306.10,11,35.94,1
sglang,long_output,495,73.65,21.74,312.80,12,38.36,1
sglang,long_output,496,59.86,21.99,301.70,12,39.77,1
sglang,long_output,497,69.81,22.76,320.14,12,37.48,1
sglang,long_output,498,54.14,21.48,311.85,13,41.69,1
sglang,long_output,499,76.38,22.63,1253.24,53,42.29,1
sglang,long_output,500,72.89,22.35,1257.65,54,42.94,1
sglang,long_output,501,75.61,22.27,1256.16,54,42.99,1
sglang,long_output,502,77.90,22.29,1259.14,54,42.89,1
sglang,long_output,503,59.05,22.02,1248.11,55,44.07,1
sglang,long_output,504,71.83,22.14,1267.30,55,43.40,1
sglang,long_output,505,56.20,22.14,1251.95,55,43.93,1
sglang,long_output,506,53.24,22.13,1270.27,56,44.08,1
sglang,long_output,507,116.20,24.61,411.50,13,31.59,1
sglang,long_output,508,116.29,24.45,409.71,13,31.73,1
sglang,long_output,509,79.86,26.16,419.96,14,33.34,1
sglang,long_output,510,113.16,23.37,417.01,14,33.57,1
sglang,long_output,511,101.10,24.39,418.17,14,33.48,1
sglang,long_output,512,94.57,23.30,420.76,15,35.65,1
sglang,long_output,513,95.30,23.22,420.38,15,35.68,1
sglang,long_output,514,94.05,23.65,425.08,15,35.29,1
sglang,long_output,515,92.83,23.53,445.85,16,35.89,1
sglang,long_output,516,90.32,23.34,440.44,16,36.33,1
sglang,long_output,517,82.97,23.87,441.06,16,36.28,1
sglang,long_output,518,85.26,25.26,489.35,17,34.74,1
sglang,long_output,519,81.57,25.80,494.37,17,34.39,1
sglang,long_output,520,87.03,25.78,499.59,17,34.03,1
sglang,long_output,521,66.65,24.88,489.63,18,36.76,1
sglang,long_output,522,78.45,24.81,500.27,18,35.98,1
sglang,long_output,523,72.99,25.06,498.94,18,36.08,1
sglang,long_output,524,103.63,23.67,1405.43,56,39.85,1
sglang,long_output,525,102.80,23.73,1407.84,56,39.78,1
sglang,long_output,526,134.28,23.52,1451.66,57,39.27,1
sglang,long_output,527,147.76,23.49,1463.07,57,38.96,1
sglang,long_output,528,132.01,23.60,1453.37,57,39.22,1
sglang,long_output,529,132.96,23.19,1455.00,58,39.86,1
sglang,long_output,530,122.32,23.35,1453.34,58,39.91,1
sglang,long_output,531,119.31,23.46,1456.60,58,39.82,1
sglang,long_output,532,108.62,23.16,1452.16,59,40.63,1
sglang,long_output,533,110.13,23.14,1452.06,59,40.63,1
sglang,long_output,534,100.06,23.25,1448.38,59,40.74,1
sglang,long_output,535,93.44,23.01,1451.26,60,41.34,1
sglang,long_output,536,63.45,22.97,1418.55,60,42.30,1
sglang,long_output,537,67.30,23.02,1425.49,60,42.09,1
sglang,long_output,538,62.10,25.16,514.98,19,36.89,1
sglang,long_output,539,72.80,25.61,533.71,19,35.60,1
sglang,long_output,540,60.98,22.93,1436.96,61,42.45,1
sglang,long_output,541,65.90,25.59,526.48,19,36.09,1
sglang,long_output,542,49.88,25.34,531.35,20,37.64,1
sglang,long_output,543,60.64,25.45,544.15,20,36.75,1
sglang,long_output,544,68.95,26.37,569.95,20,35.09,1
sglang,long_output,545,88.13,23.53,1499.95,61,40.67,1
sglang,long_output,546,90.37,23.55,1503.41,61,40.57,1
sglang,long_output,547,83.94,23.21,1499.97,62,41.33,1
sglang,long_output,548,70.87,23.25,1489.22,62,41.63,1
sglang,long_output,549,74.92,24.72,569.30,21,36.89,1
sglang,long_output,550,78.26,24.80,574.26,21,36.57,1
sglang,long_output,551,85.78,25.03,586.36,21,35.81,1
sglang,long_output,552,77.37,23.42,1505.90,62,41.17,1
sglang,long_output,553,61.78,24.32,572.49,22,38.43,1
sglang,long_output,554,69.96,24.54,585.30,22,37.59,1
sglang,long_output,555,62.62,24.56,578.30,22,38.04,1
sglang,long_output,556,41.21,24.41,578.23,23,39.78,1
sglang,long_output,557,60.89,23.83,1538.62,63,40.95,1
sglang,long_output,558,69.44,24.91,617.36,23,37.26,1
sglang,long_output,559,71.83,25.17,625.63,23,36.76,1
sglang,long_output,560,86.34,23.21,620.14,24,38.70,1
sglang,long_output,561,83.90,23.21,617.69,24,38.85,1
sglang,long_output,562,88.34,23.55,629.95,24,38.10,1
sglang,long_output,563,73.20,23.70,642.05,25,38.94,1
sglang,long_output,564,70.97,23.69,639.63,25,39.09,1
sglang,long_output,565,69.79,23.80,641.02,25,39.00,1
sglang,long_output,566,44.46,24.88,666.41,26,39.01,1
sglang,long_output,567,43.02,25.01,668.35,26,38.90,1
sglang,long_output,568,44.26,25.37,678.46,26,38.32,1
sglang,long_output,569,100.64,24.22,1602.45,63,39.31,1
sglang,long_output,570,103.63,24.29,1609.71,63,39.14,1
sglang,long_output,571,78.97,24.25,1606.98,64,39.83,1
sglang,long_output,572,92.12,24.34,1625.59,64,39.37,1
sglang,long_output,573,91.46,24.44,1631.04,64,39.24,1
sglang,long_output,574,79.42,24.42,1642.45,65,39.57,1
sglang,long_output,575,94.63,23.97,1628.93,65,39.90,1
sglang,long_output,576,97.99,24.11,1641.20,65,39.61,1
sglang,long_output,577,89.77,25.57,754.60,27,35.78,1
sglang,long_output,578,99.31,24.96,748.23,27,36.09,1
sglang,long_output,579,81.21,24.11,1648.61,66,40.03,1
sglang,long_output,580,104.01,25.12,757.10,27,35.66,1
sglang,long_output,581,83.58,24.20,1656.70,66,39.84,1
sglang,long_output,582,89.14,24.16,1659.73,66,39.77,1
sglang,long_output,583,57.67,24.58,1679.78,67,39.89,1
sglang,long_output,584,90.60,26.25,799.23,28,35.03,1
sglang,long_output,585,78.56,24.63,1703.98,67,39.32,1
sglang,long_output,586,89.05,26.39,801.51,28,34.93,1
sglang,long_output,587,74.01,27.29,810.87,28,34.53,1
sglang,long_output,588,37.34,27.26,800.57,29,36.22,1
sglang,long_output,589,41.68,27.47,810.71,29,35.77,1
sglang,long_output,590,101.00,27.99,884.68,29,32.78,1
sglang,long_output,591,91.58,27.39,885.76,30,33.87,1
sglang,long_output,592,96.38,27.62,897.31,30,33.43,1
sglang,long_output,593,100.67,27.64,902.12,30,33.25,1
sglang,long_output,594,117.31,26.05,898.84,31,34.49,1
sglang,long_output,595,109.01,26.17,894.26,31,34.67,1
sglang,long_output,596,118.82,26.12,902.32,31,34.36,1
sglang,long_output,597,72.79,27.08,912.30,32,35.08,1
sglang,long_output,598,105.44,26.14,915.86,32,34.94,1
sglang,long_output,599,100.57,26.08,909.05,32,35.20,1
sglang,long_output,600,93.71,27.40,970.60,33,34.00,1
sglang,long_output,601,96.77,27.48,976.15,33,33.81,1
sglang,long_output,602,81.68,27.58,964.24,33,34.22,1
sglang,long_output,603,82.71,26.89,970.08,34,35.05,1
sglang,long_output,604,79.28,27.08,972.87,34,34.95,1
sglang,long_output,605,77.62,27.23,976.36,34,34.82,1
sglang,long_output,606,55.41,26.43,954.20,35,36.68,1
sglang,long_output,607,55.83,26.60,960.22,35,36.45,1
sglang,long_output,608,77.39,26.87,990.82,35,35.32,1
sglang,long_output,609,94.52,25.60,990.69,36,36.34,1
sglang,long_output,610,73.93,26.57,1003.85,36,35.86,1
sglang,long_output,611,71.66,26.81,1010.16,36,35.64,1
sglang,long_output,612,88.11,25.34,1000.34,37,36.99,1
sglang,long_output,613,92.48,25.38,1006.05,37,36.78,1
sglang,long_output,614,95.73,25.35,1008.33,37,36.69,1
sglang,long_output,615,79.69,25.18,1011.28,38,37.58,1
sglang,long_output,616,84.93,25.34,1022.44,38,37.17,1
sglang,long_output,617,85.89,25.53,1030.64,38,36.87,1
sglang,long_output,618,68.39,26.40,1071.75,39,36.39,1
sglang,long_output,619,50.66,26.32,1050.72,39,37.12,1
sglang,long_output,620,71.63,26.78,1089.34,39,35.80,1
sglang,long_output,621,82.97,25.50,1077.40,40,37.13,1
sglang,long_output,622,88.80,25.70,1091.10,40,36.66,1
sglang,long_output,623,73.91,26.39,1103.15,40,36.26,1
sglang,long_output,624,73.99,25.19,1081.44,41,37.91,1
sglang,long_output,625,75.53,25.44,1092.98,41,37.51,1
sglang,long_output,626,66.00,25.48,1085.39,41,37.77,1
sglang,long_output,627,41.42,24.93,1063.45,42,39.49,1
sglang,long_output,628,36.62,25.15,1067.68,42,39.34,1
sglang,long_output,629,40.49,25.20,1073.59,42,39.12,1
sglang,long_output,630,91.41,25.12,1146.45,43,37.51,1
sglang,long_output,631,86.90,25.00,1137.06,43,37.82,1
sglang,long_output,632,86.91,25.24,1146.88,43,37.49,1
sglang,long_output,633,45.07,24.83,1112.77,44,39.54,1
sglang,long_output,634,47.00,24.87,1116.27,44,39.42,1
sglang,long_output,635,92.21,24.14,1130.24,44,38.93,1
sglang,long_output,636,78.43,24.89,1173.79,45,38.34,1
sglang,long_output,637,57.13,25.02,1158.05,45,38.86,1
sglang,long_output,638,83.28,25.16,1190.16,45,37.81,1
sglang,long_output,639,45.73,24.78,1160.83,46,39.63,1
sglang,long_output,640,55.26,24.83,1172.67,46,39.23,1
sglang,long_output,641,83.80,23.65,1148.16,46,40.06,1
sglang,long_output,642,79.85,23.84,1176.35,47,39.95,1
sglang,long_output,643,76.26,23.94,1177.52,47,39.91,1
sglang,long_output,644,74.29,24.08,1181.93,47,39.77,1
sglang,long_output,645,73.02,24.58,1228.28,48,39.08,1
sglang,long_output,646,72.62,24.75,1235.94,48,38.84,1
sglang,long_output,647,72.50,23.85,1193.30,48,40.22,1
sglang,long_output,648,84.35,23.22,1198.75,49,40.88,1
sglang,long_output,649,70.84,23.58,1202.86,49,40.74,1
sglang,long_output,650,71.90,23.96,1221.88,49,40.10,1
sglang,long_output,651,50.45,23.01,1177.81,50,42.45,1
sglang,long_output,652,62.94,23.87,1232.58,50,40.57,1
sglang,long_output,653,46.53,23.11,1178.74,50,42.42,1
sglang,long_output,654,72.87,27.17,290.20,9,31.01,1
sglang,long_output,655,43.40,26.97,259.13,9,34.73,1
sglang,long_output,656,78.80,27.30,297.18,9,30.28,1
sglang,long_output,657,36.96,25.25,264.18,10,37.85,1
sglang,long_output,658,33.04,25.79,265.19,10,37.71,1
sglang,long_output,659,74.10,23.66,1256.94,51,40.57,1
sglang,long_output,660,88.63,23.13,1245.14,51,40.96,1
sglang,long_output,661,95.85,23.23,1257.27,51,40.56,1
sglang,long_output,662,77.09,24.01,293.14,10,34.11,1
sglang,long_output,663,72.03,20.56,277.62,11,39.62,1
sglang,long_output,664,88.04,23.03,1262.62,52,41.18,1
sglang,long_output,665,82.48,20.84,290.91,11,37.81,1
sglang,long_output,666,73.20,23.13,1252.66,52,41.51,1
sglang,long_output,667,68.31,22.71,1249.46,53,42.42,1
sglang,long_output,668,71.90,23.17,1253.39,52,41.49,1
sglang,long_output,669,59.54,17.85,255.90,12,46.89,1
sglang,long_output,670,47.18,22.78,1231.93,53,43.02,1
sglang,long_output,671,53.49,22.80,1238.87,53,42.78,1
sglang,long_output,672,69.80,24.23,312.14,11,35.24,1
sglang,long_output,673,69.22,20.67,296.62,12,40.46,1
sglang,long_output,674,52.27,20.72,280.19,12,42.83,1
sglang,long_output,675,53.39,17.48,263.19,13,49.39,1
sglang,long_output,676,47.83,22.65,1248.53,54,43.25,1
sglang,long_output,677,53.00,18.10,270.14,13,48.12,1
sglang,long_output,678,96.33,22.80,1304.69,54,41.39,1
sglang,long_output,679,82.13,23.10,1306.55,54,41.33,1
sglang,long_output,680,77.79,22.57,1296.82,55,42.41,1
sglang,long_output,681,84.05,22.66,1307.42,55,42.07,1
sglang,long_output,682,81.29,23.00,1323.10,55,41.57,1
sglang,long_output,683,77.49,22.45,1312.49,56,42.67,1
sglang,long_output,684,64.59,22.57,1306.12,56,42.87,1
sglang,long_output,685,75.58,22.58,1317.70,56,42.50,1
sglang,long_output,686,71.57,23.96,359.08,13,36.20,1
sglang,long_output,687,62.96,22.87,360.24,14,38.86,1
sglang,long_output,688,69.60,23.30,372.46,14,37.59,1
sglang,long_output,689,71.66,23.37,375.45,14,37.29,1
sglang,long_output,690,57.93,22.23,369.20,15,40.63,1
sglang,long_output,691,72.48,23.08,1364.83,57,41.76,1
sglang,long_output,692,89.28,23.02,411.60,15,36.44,1
sglang,long_output,693,88.26,22.64,1356.00,57,42.04,1
sglang,long_output,694,90.22,22.75,1364.02,57,41.79,1
sglang,long_output,695,115.14,21.61,417.73,15,35.91,1
sglang,long_output,696,106.40,20.76,417.78,16,38.30,1
sglang,long_output,697,75.09,22.43,1353.88,58,42.84,1
sglang,long_output,698,100.56,20.61,409.73,16,39.05,1
sglang,long_output,699,96.01,20.03,416.55,17,40.81,1
sglang,long_output,700,48.20,22.29,1340.84,59,44.00,1
sglang,long_output,701,53.04,22.32,1347.36,59,43.79,1
sglang,long_output,702,73.09,22.79,1372.05,58,42.27,1
sglang,long_output,703,77.28,22.85,1379.86,58,42.03,1
sglang,long_output,704,95.10,20.57,424.18,17,40.08,1
sglang,long_output,705,86.21,19.77,422.38,18,42.62,1
sglang,long_output,706,104.76,22.35,440.05,16,36.36,1
sglang,long_output,707,92.79,20.97,428.26,17,39.70,1
sglang,long_output,708,71.42,22.56,1379.72,59,42.76,1
sglang,long_output,709,40.56,22.20,1350.63,60,44.42,1
sglang,long_output,710,81.98,20.38,428.39,18,42.02,1
sglang,long_output,711,91.30,20.15,433.88,18,41.49,1
sglang,long_output,712,88.12,19.23,434.22,19,43.76,1
sglang,long_output,713,83.69,19.68,437.89,19,43.39,1
sglang,long_output,714,86.31,19.58,438.75,19,43.30,1
sglang,long_output,715,75.89,20.04,456.65,20,43.80,1
sglang,long_output,716,72.59,20.21,456.50,20,43.81,1
sglang,long_output,717,76.05,20.10,457.96,20,43.67,1
sglang,long_output,718,68.62,22.81,524.83,21,40.01,1
sglang,long_output,719,69.44,22.95,528.41,21,39.74,1
sglang,long_output,720,76.97,22.83,1423.87,60,42.14,1
sglang,long_output,721,80.76,22.89,1431.37,60,41.92,1
sglang,long_output,722,64.68,22.63,1422.65,61,42.88,1
sglang,long_output,723,76.05,23.25,541.04,21,38.81,1
sglang,long_output,724,63.53,22.69,539.95,22,40.74,1
sglang,long_output,725,72.26,22.91,553.33,22,39.76,1
sglang,long_output,726,69.36,22.79,547.88,22,40.15,1
sglang,long_output,727,51.22,21.92,533.57,23,43.11,1
sglang,long_output,728,47.25,22.30,537.88,23,42.76,1
sglang,long_output,729,59.51,22.34,551.06,23,41.74,1
sglang,long_output,730,46.25,22.48,563.40,24,42.60,1
sglang,long_output,731,94.25,22.65,1453.53,61,41.97,1
sglang,long_output,732,78.16,23.10,1464.26,61,41.66,1
sglang,long_output,733,88.52,23.23,1505.63,62,41.18,1
sglang,long_output,734,85.55,23.35,1510.13,62,41.06,1
sglang,long_output,735,78.30,23.37,1503.66,62,41.23,1
sglang,long_output,736,70.75,23.11,1503.33,63,41.91,1
sglang,long_output,737,74.88,23.15,1509.97,63,41.72,1
sglang,long_output,738,63.36,23.22,1502.76,63,41.92,1
sglang,long_output,739,59.42,22.96,1506.14,64,42.49,1
sglang,long_output,740,70.26,23.06,600.59,24,39.96,1
sglang,long_output,741,60.66,23.28,596.15,24,40.26,1
sglang,long_output,742,56.95,23.04,610.01,25,40.98,1
sglang,long_output,743,57.27,23.41,619.00,25,40.39,1
sglang,long_output,744,48.87,23.37,609.83,25,41.00,1
sglang,long_output,745,72.37,23.52,1554.15,64,41.18,1
sglang,long_output,746,74.40,23.62,1562.47,64,40.96,1
sglang,long_output,747,93.04,23.07,1569.26,65,41.42,1
sglang,long_output,748,76.76,23.12,1556.32,65,41.77,1
sglang,long_output,749,78.37,23.20,1563.46,65,41.57,1
sglang,long_output,750,40.05,22.98,1533.95,66,43.03,1
sglang,long_output,751,98.99,25.15,727.63,26,35.73,1
sglang,long_output,752,146.36,23.44,732.37,26,35.50,1
sglang,long_output,753,135.41,23.79,730.15,26,35.61,1
sglang,long_output,754,131.59,23.30,737.39,27,36.62,1
sglang,long_output,755,127.32,23.28,732.57,27,36.86,1
sglang,long_output,756,125.85,23.58,738.88,27,36.54,1
sglang,long_output,757,110.20,22.85,727.17,28,38.51,1
sglang,long_output,758,126.75,22.76,741.17,28,37.78,1
sglang,long_output,759,93.15,22.66,1565.90,66,42.15,1
sglang,long_output,760,77.02,23.07,1576.43,66,41.87,1
sglang,long_output,761,120.42,22.03,737.28,29,39.33,1
sglang,long_output,762,117.06,23.36,747.80,28,37.44,1
sglang,long_output,763,119.18,22.16,739.60,29,39.21,1
sglang,long_output,764,107.15,22.81,745.93,29,38.88,1
sglang,long_output,765,88.72,22.59,1579.65,67,42.41,1
sglang,long_output,766,78.36,22.63,1571.75,67,42.63,1
sglang,long_output,767,111.60,22.54,765.29,30,39.20,1
sglang,long_output,768,104.28,22.82,766.10,30,39.16,1
sglang,long_output,769,115.54,22.73,774.62,30,38.73,1
sglang,long_output,770,98.86,24.71,840.12,31,36.90,1
sglang,long_output,771,100.42,25.09,853.12,31,36.34,1
sglang,long_output,772,98.98,25.17,854.01,31,36.30,1
sglang,long_output,773,105.55,24.16,854.58,32,37.45,1
sglang,long_output,774,100.70,24.43,858.10,32,37.29,1
sglang,long_output,775,107.96,24.44,865.54,32,36.97,1
sglang,long_output,776,97.16,23.93,862.88,33,38.24,1
sglang,long_output,777,92.53,24.08,862.97,33,38.24,1
sglang,long_output,778,64.80,23.65,845.12,34,40.23,1
sglang,long_output,779,65.60,23.66,846.22,34,40.18,1
sglang,long_output,780,84.11,24.66,873.09,33,37.80,1
sglang,long_output,781,64.25,24.06,858.22,34,39.62,1
sglang,long_output,782,70.65,24.04,888.10,35,39.41,1
sglang,long_output,783,67.84,24.28,893.24,35,39.18,1
sglang,long_output,784,66.67,24.14,887.55,35,39.43,1
sglang,long_output,785,52.02,23.74,882.83,36,40.78,1
sglang,long_output,786,60.54,23.83,894.75,36,40.23,1
sglang,long_output,787,71.36,24.00,911.45,36,39.50,1
sglang,long_output,788,83.93,22.74,902.42,37,41.00,1
sglang,long_output,789,84.38,22.92,909.64,37,40.68,1
sglang,long_output,790,79.62,23.01,907.88,37,40.75,1
sglang,long_output,791,67.73,22.55,902.07,38,42.13,1
sglang,long_output,792,69.21,22.51,902.19,38,42.12,1
sglang,long_output,793,76.10,22.77,918.53,38,41.37,1
sglang,long_output,794,43.53,22.63,903.51,39,43.17,1
sglang,long_output,795,42.00,22.80,908.40,39,42.93,1
sglang,long_output,796,37.47,22.92,908.49,39,42.93,1
sglang,long_output,797,91.54,22.97,987.23,40,40.52,1
sglang,long_output,798,109.20,22.29,978.54,40,40.88,1
sglang,long_output,799,83.08,23.14,985.40,40,40.59,1
sglang,long_output,800,103.21,21.90,979.32,41,41.87,1
sglang,long_output,801,95.74,21.95,973.90,41,42.10,1
sglang,long_output,802,105.93,22.04,987.64,41,41.51,1
sglang,long_output,803,76.06,21.73,966.92,42,43.44,1
sglang,long_output,804,67.65,21.84,963.02,42,43.61,1
sglang,long_output,805,94.93,21.86,991.16,42,42.37,1
sglang,long_output,806,50.15,21.51,953.52,43,45.10,1
sglang,long_output,807,42.88,21.57,948.96,43,45.31,1
sglang,long_output,808,44.83,21.70,956.29,43,44.97,1
sglang,long_output,809,70.10,21.78,1006.84,44,43.70,1
sglang,long_output,810,76.44,21.93,1019.41,44,43.16,1
sglang,long_output,811,62.99,21.88,1003.79,44,43.83,1
sglang,long_output,812,44.69,21.50,990.91,45,45.41,1
sglang,long_output,813,54.70,21.66,1007.74,45,44.65,1
sglang,long_output,814,59.59,21.71,1014.70,45,44.35,1
sglang,long_output,815,130.27,20.34,1045.76,46,43.99,1
sglang,long_output,816,91.75,21.49,1058.90,46,43.44,1
sglang,long_output,817,138.88,20.50,1061.57,46,43.33,1
sglang,long_output,818,115.26,20.28,1048.25,47,44.84,1
sglang,long_output,819,114.66,20.37,1051.89,47,44.68,1
sglang,long_output,820,114.87,20.41,1053.94,47,44.59,1
sglang,long_output,821,105.42,20.06,1048.40,48,45.78,1
sglang,long_output,822,104.09,20.08,1047.89,48,45.81,1
sglang,long_output,823,109.66,20.25,1061.24,48,45.23,1
sglang,long_output,824,93.74,20.32,1069.25,49,45.83,1
sglang,long_output,825,96.62,20.42,1076.80,49,45.51,1
sglang,long_output,826,108.17,20.28,1081.57,49,45.30,1
sglang,long_output,827,89.06,21.08,1121.84,50,44.57,1
sglang,long_output,828,91.78,20.91,1116.55,50,44.78,1
sglang,long_output,829,93.08,21.03,1123.51,50,44.50,1
sglang,long_output,830,67.26,20.80,1107.14,51,46.06,1
sglang,long_output,831,67.12,20.87,1110.82,51,45.91,1
sglang,long_output,832,88.07,20.97,1136.43,51,44.88,1
sglang,long_output,833,61.34,20.69,1116.38,52,46.58,1
sglang,long_output,834,94.35,20.33,1130.95,52,45.98,1
sglang,long_output,835,84.13,19.12,237.11,9,37.96,1
sglang,long_output,836,88.31,19.39,243.44,9,36.97,1
sglang,long_output,837,70.04,22.26,248.14,9,36.27,1
sglang,long_output,838,105.24,20.51,1151.33,52,45.17,1
sglang,long_output,839,121.76,19.68,1145.09,53,46.28,1
sglang,long_output,840,81.39,17.82,241.80,10,41.36,1
sglang,long_output,841,115.70,19.72,1141.11,53,46.45,1
sglang,long_output,842,106.67,19.88,1140.37,53,46.48,1
sglang,long_output,843,75.19,18.91,245.40,10,40.75,1
sglang,long_output,844,75.60,18.89,245.59,10,40.72,1
sglang,long_output,845,59.95,18.08,240.75,11,45.69,1
sglang,long_output,846,92.40,19.70,1136.46,54,47.52,1
sglang,long_output,847,96.69,19.68,1139.81,54,47.38,1
sglang,long_output,848,42.63,18.20,224.63,11,48.97,1
sglang,long_output,849,68.84,18.47,253.50,11,43.39,1
sglang,long_output,850,35.83,17.09,223.80,12,53.62,1
sglang,long_output,851,80.63,19.54,1135.82,55,48.42,1
sglang,long_output,852,103.06,19.95,1160.64,54,46.53,1
sglang,long_output,853,78.42,19.63,1138.66,55,48.30,1
sglang,long_output,854,85.98,19.62,1145.68,55,48.01,1
sglang,long_output,855,35.06,18.32,236.60,12,50.72,1
sglang,long_output,856,68.50,19.74,1154.06,56,48.52,1
sglang,long_output,857,95.93,21.18,328.91,12,36.48,1
sglang,long_output,858,77.90,20.45,323.28,13,40.21,1
sglang,long_output,859,86.44,20.84,336.47,13,38.64,1
sglang,long_output,860,88.44,21.25,343.39,13,37.86,1
sglang,long_output,861,87.92,19.91,1182.70,56,47.35,1
sglang,long_output,862,68.66,20.33,332.97,14,42.05,1
sglang,long_output,863,57.08,20.67,325.78,14,42.97,1
sglang,long_output,864,94.58,20.08,1199.18,56,46.70,1
sglang,long_output,865,74.28,20.52,341.09,14,41.05,1
sglang,long_output,866,74.06,20.03,1195.61,57,47.67,1
sglang,long_output,867,75.49,20.15,1203.80,57,47.35,1
sglang,long_output,868,85.04,20.22,1217.35,57,46.82,1
sglang,long_output,869,119.52,19.56,393.41,15,38.13,1
sglang,long_output,870,116.57,19.64,391.49,15,38.32,1
sglang,long_output,871,111.95,20.23,395.13,15,37.96,1
sglang,long_output,872,112.70,19.26,401.55,16,39.85,1
sglang,long_output,873,97.22,19.64,1216.54,58,47.68,1
sglang,long_output,874,89.97,19.70,1212.98,58,47.82,1
sglang,long_output,875,78.78,21.94,407.95,16,39.22,1
sglang,long_output,876,106.61,19.81,403.79,16,39.62,1
sglang,long_output,877,79.49,19.46,1208.24,59,48.83,1
sglang,long_output,878,68.54,20.42,1232.45,58,47.06,1
sglang,long_output,879,93.89,19.60,407.51,17,41.72,1
sglang,long_output,880,89.76,19.68,1230.98,59,47.93,1
sglang,long_output,881,104.80,18.16,413.59,18,43.52,1
sglang,long_output,882,73.50,19.46,1221.84,60,49.11,1
sglang,long_output,883,80.96,19.86,1233.05,59,47.85,1
sglang,long_output,884,103.46,20.42,430.11,17,39.52,1
sglang,long_output,885,49.60,19.53,1201.87,60,49.92,1
sglang,long_output,886,53.22,19.60,1209.63,60,49.60,1
sglang,long_output,887,101.02,20.67,431.78,17,39.37,1
sglang,long_output,888,98.27,18.91,419.79,18,42.88,1
sglang,long_output,889,93.59,19.83,430.67,18,41.80,1
sglang,long_output,890,94.79,18.82,433.57,19,43.82,1
sglang,long_output,891,44.78,19.61,1221.56,61,49.94,1
sglang,long_output,892,92.94,19.12,437.14,19,43.46,1
sglang,long_output,893,94.92,19.29,442.10,19,42.98,1
sglang,long_output,894,78.62,23.59,526.84,20,37.96,1
sglang,long_output,895,75.81,23.76,527.31,20,37.93,1
sglang,long_output,896,87.06,23.22,528.31,20,37.86,1
sglang,long_output,897,75.89,22.48,525.52,21,39.96,1
sglang,long_output,898,78.73,22.62,531.05,21,39.54,1
sglang,long_output,899,86.55,22.58,538.10,21,39.03,1
sglang,long_output,900,49.44,21.94,510.17,22,43.12,1
sglang,long_output,901,70.37,22.29,538.42,22,40.86,1
sglang,long_output,902,87.85,20.80,1336.06,61,45.66,1
sglang,long_output,903,92.07,20.96,1349.42,61,45.20,1
sglang,long_output,904,78.57,20.72,1342.36,62,46.19,1
sglang,long_output,905,101.60,20.52,1353.23,62,45.82,1
sglang,long_output,906,84.38,20.88,1358.16,62,45.65,1
sglang,long_output,907,89.74,20.29,1347.43,63,46.76,1
sglang,long_output,908,81.86,21.07,545.30,23,42.18,1
sglang,long_output,909,68.85,23.34,559.06,22,39.35,1
sglang,long_output,910,79.55,21.27,547.47,23,42.01,1
sglang,long_output,911,96.66,20.39,1360.74,63,46.30,1
sglang,long_output,912,82.97,20.42,1349.14,63,46.70,1
sglang,long_output,913,80.61,21.34,550.12,23,41.81,1
sglang,long_output,914,72.03,20.41,1358.07,64,47.13,1
sglang,long_output,915,69.98,20.46,1358.84,64,47.10,1
sglang,long_output,916,64.60,21.47,558.51,24,42.97,1
sglang,long_output,917,76.72,21.37,568.26,24,42.23,1
sglang,long_output,918,81.64,20.53,1375.11,64,46.54,1
sglang,long_output,919,69.81,21.61,566.79,24,42.34,1
sglang,long_output,920,61.41,24.19,642.04,25,38.94,1
sglang,long_output,921,62.27,21.60,1444.54,65,45.00,1
sglang,long_output,922,46.76,24.42,632.73,25,39.51,1
sglang,long_output,923,63.30,24.60,653.68,25,38.24,1
sglang,long_output,924,39.78,23.69,632.14,26,41.13,1
sglang,long_output,925,45.68,23.89,643.05,26,40.43,1
sglang,long_output,926,93.43,23.84,689.38,26,37.72,1
sglang,long_output,927,84.39,23.20,687.69,27,39.26,1
sglang,long_output,928,86.11,21.69,1474.32,65,44.09,1
sglang,long_output,929,94.99,22.86,689.28,27,39.17,1
sglang,long_output,930,108.44,22.87,702.96,27,38.41,1
sglang,long_output,931,91.23,21.78,1485.18,65,43.77,1
sglang,long_output,932,127.04,21.12,697.15,28,40.16,1
sglang,long_output,933,130.56,20.92,695.27,28,40.27,1
sglang,long_output,934,132.79,20.95,698.38,28,40.09,1
sglang,long_output,935,72.86,21.62,1477.90,66,44.66,1
sglang,long_output,936,86.28,21.64,1493.06,66,44.20,1
sglang,long_output,937,77.66,21.70,1487.86,66,44.36,1
sglang,long_output,938,85.40,22.46,714.23,29,40.60,1
sglang,long_output,939,85.35,22.45,713.97,29,40.62,1
sglang,long_output,940,122.45,21.08,712.75,29,40.69,1
sglang,long_output,941,70.86,21.61,1497.44,67,44.74,1
sglang,long_output,942,109.80,21.90,744.90,30,40.27,1
sglang,long_output,943,115.50,22.28,761.68,30,39.39,1
sglang,long_output,944,107.03,22.37,755.86,30,39.69,1
sglang,long_output,945,100.14,21.93,757.90,31,40.90,1
sglang,long_output,946,102.14,21.71,753.51,31,41.14,1
sglang,long_output,947,98.85,22.10,761.99,31,40.68,1
sglang,long_output,948,94.18,21.48,760.16,32,42.10,1
sglang,long_output,949,103.17,21.33,764.45,32,41.86,1
sglang,long_output,950,91.93,21.79,767.54,32,41.69,1
sglang,long_output,951,89.72,21.31,771.60,33,42.77,1
sglang,long_output,952,92.57,21.26,773.04,33,42.69,1
sglang,long_output,953,74.51,21.39,758.95,33,43.48,1
sglang,long_output,954,79.20,20.87,768.05,34,44.27,1
sglang,long_output,955,74.10,21.03,767.98,34,44.27,1
sglang,long_output,956,73.59,20.92,763.96,34,44.51,1
sglang,long_output,957,75.25,21.50,1494.22,67,44.84,1
sglang,long_output,958,97.20,19.35,755.23,35,46.34,1
sglang,long_output,959,94.68,19.67,763.31,35,45.85,1
sglang,long_output,960,86.47,19.75,757.85,35,46.18,1
sglang,long_output,961,79.26,19.27,753.74,36,47.76,1
sglang,long_output,962,82.01,19.36,759.51,36,47.40,1
sglang,long_output,963,81.99,19.52,765.34,36,47.04,1
sglang,long_output,964,76.98,19.04,762.42,37,48.53,1
sglang,long_output,965,69.63,19.07,756.29,37,48.92,1
sglang,long_output,966,82.49,17.70,719.54,37,51.42,1
sglang,long_output,967,71.25,17.50,718.85,38,52.86,1
sglang,long_output,968,100.13,16.60,714.44,38,53.19,1
sglang,long_output,969,87.56,16.73,706.41,38,53.79,1
sglang,long_output,970,79.11,16.48,705.22,39,55.30,1
sglang,long_output,971,87.79,16.49,714.27,39,54.60,1
sglang,long_output,972,79.55,16.52,707.42,39,55.13,1
sglang,long_output,973,76.49,16.31,712.58,40,56.13,1
sglang,long_output,974,74.67,16.43,715.37,40,55.92,1
sglang,long_output,975,78.05,16.40,717.64,40,55.74,1
sglang,long_output,976,76.26,16.13,721.37,41,56.84,1
sglang,long_output,977,86.75,15.83,720.13,41,56.93,1
sglang,long_output,978,71.09,15.87,705.76,41,58.09,1
sglang,long_output,979,65.59,15.65,707.41,42,59.37,1
sglang,long_output,980,70.84,15.66,712.80,42,58.92,1
sglang,long_output,981,67.30,15.69,710.42,42,59.12,1
sglang,long_output,982,58.18,15.55,711.46,43,60.44,1
sglang,long_output,983,62.20,15.57,716.16,43,60.04,1
sglang,long_output,984,94.82,14.14,688.54,43,62.45,1
sglang,long_output,985,84.11,14.08,689.62,44,63.80,1
sglang,long_output,986,82.75,14.04,686.67,44,64.08,1
sglang,long_output,987,82.03,14.26,695.07,44,63.30,1
sglang,long_output,988,70.83,13.97,685.66,45,65.63,1
sglang,long_output,989,76.48,13.99,692.05,45,65.02,1
sglang,long_output,990,69.07,12.44,616.48,45,73.00,1
sglang,long_output,991,72.50,11.93,609.35,46,75.49,1
sglang,long_output,992,74.71,11.95,612.55,46,75.10,1
sglang,long_output,993,85.32,11.87,619.60,46,74.24,1
sglang,long_output,994,62.68,11.85,607.70,47,77.34,1
sglang,long_output,995,72.22,11.89,619.18,47,75.91,1
sglang,long_output,996,71.37,11.88,617.84,47,76.07,1
sglang,long_output,997,60.08,11.78,613.74,48,78.21,1
sglang,long_output,998,57.96,11.81,612.83,48,78.32,1
sglang,long_output,999,63.41,11.77,616.59,48,77.85,1
