model,meta-llama/Meta-Llama-3.1-70B-Instruct
tensor_parallel_size,8
timestamp,2026-05-17T11:09:20.989175

Build Times
provider,build_time_s
torchinferno,347.3
vllm,1006.5
sglang,161.5

few_shot
metric,torchinferno,vllm,sglang,winner
ttft_median_ms,285.04,157.84,136.94,sglang
ttft_p99_ms,1577.77,269.85,4846.84,vllm
tpot_median_ms,149.66,55.74,73.04,vllm
tpot_p99_ms,187.67,134.67,7309.64,vllm
e2e_median_ms,369.36,201.78,203.63,vllm
e2e_p99_ms,1673.31,328.59,12123.21,vllm
throughput_median_tps,4.06,7.10,5.91,vllm
total_output_tokens,1461,1455,1461,torchinferno
num_requests,1000,1000,1000,
correctness_rate,0.98,0.98,0.98,torchinferno

self_consistency
metric,torchinferno,vllm,sglang,winner
ttft_median_ms,295.44,187.77,199.33,vllm
ttft_p99_ms,1646.52,436.86,70417.21,vllm
tpot_median_ms,0.00,0.00,0.00,torchinferno
tpot_p99_ms,0.00,0.00,0.00,torchinferno
e2e_median_ms,329.27,210.93,336.45,vllm
e2e_p99_ms,1690.56,461.41,70512.44,vllm
throughput_median_tps,3.04,4.74,2.97,vllm
total_output_tokens,1000,1000,1000,torchinferno
num_requests,1000,1000,1000,
correctness_rate,1.00,1.00,1.00,torchinferno
unique_final_answers,1,1,1,torchinferno

multi_turn
metric,torchinferno,vllm,sglang,winner
ttft_median_ms,535.87,172.22,153.91,sglang
ttft_p99_ms,1339.57,334.60,627.68,vllm
tpot_median_ms,123.30,45.23,101.68,vllm
tpot_p99_ms,382.38,181.45,232.31,vllm
e2e_median_ms,624.25,218.67,251.98,vllm
e2e_p99_ms,1570.97,408.77,789.96,vllm
throughput_median_tps,2.09,6.30,5.29,vllm
total_output_tokens,1450,1462,1462,vllm
num_requests,1000,1000,1000,
correctness_rate,0.98,0.98,0.98,torchinferno
ttft_first_turn_ms,706.77,140.95,117.13,sglang
ttft_last_turn_ms,500.28,160.42,167.96,vllm
ttft_growth_ratio,0.71,1.14,1.43,torchinferno

tree_of_thought
metric,torchinferno,vllm,sglang,winner
ttft_median_ms,334.36,57.21,73.12,vllm
ttft_p99_ms,941.62,124.24,498.81,vllm
tpot_median_ms,130.64,27.08,62.87,vllm
tpot_p99_ms,156.11,40.38,170.74,vllm
e2e_median_ms,430.16,77.86,154.26,vllm
e2e_p99_ms,1066.72,153.13,544.81,vllm
throughput_median_tps,2.96,15.88,9.38,vllm
total_output_tokens,1467,1477,1457,vllm
num_requests,992,992,992,
correctness_rate,0.97,0.96,0.97,sglang

long_output
metric,torchinferno,vllm,sglang,winner
ttft_median_ms,,69.99,68.71,sglang
ttft_p99_ms,,148.53,121.57,sglang
tpot_median_ms,,15.02,22.39,vllm
tpot_p99_ms,,19.83,26.54,vllm
e2e_median_ms,,619.53,824.02,vllm
e2e_p99_ms,,1000.25,1594.40,vllm
throughput_median_tps,,58.51,41.97,vllm
total_output_tokens,,36715,36715,vllm
num_requests,,1000,1000,
correctness_rate,,1.00,1.00,vllm

Per-Request Raw Data
provider,benchmark,request_idx,ttft_ms,tpot_ms,e2e_latency_ms,output_tokens,throughput_tps,correct
torchinferno,few_shot,0,767.83,0.00,836.46,1,1.20,1
torchinferno,few_shot,1,767.29,129.19,896.48,2,2.23,1
torchinferno,few_shot,2,1297.14,0.00,1367.70,1,0.73,1
torchinferno,few_shot,3,1293.47,0.00,1367.19,1,0.73,1
torchinferno,few_shot,4,1296.31,0.00,1376.45,1,0.73,1
torchinferno,few_shot,5,1291.46,0.00,1373.76,1,0.73,1
torchinferno,few_shot,6,1291.80,0.00,1374.51,1,0.73,1
torchinferno,few_shot,7,1290.65,0.00,1373.91,1,0.73,1
torchinferno,few_shot,8,1296.78,0.00,1381.12,1,0.72,1
torchinferno,few_shot,9,1295.60,0.00,1380.33,1,0.72,1
torchinferno,few_shot,10,1296.70,0.00,1377.08,1,0.73,1
torchinferno,few_shot,11,1298.77,0.00,1379.73,1,0.72,1
torchinferno,few_shot,12,1297.96,0.00,1381.34,1,0.72,1
torchinferno,few_shot,13,1295.89,0.00,1382.22,1,0.72,1
torchinferno,few_shot,14,1298.02,0.00,1389.72,1,0.72,1
torchinferno,few_shot,15,1298.75,0.00,1390.77,1,0.72,1
torchinferno,few_shot,16,1290.79,0.00,1388.58,1,0.72,1
torchinferno,few_shot,17,1302.36,0.00,1394.37,1,0.72,1
torchinferno,few_shot,18,1297.53,0.00,1396.57,1,0.72,1
torchinferno,few_shot,19,1299.48,0.00,1395.02,1,0.72,1
torchinferno,few_shot,20,1296.10,0.00,1395.24,1,0.72,1
torchinferno,few_shot,21,1292.97,0.00,1400.68,1,0.71,1
torchinferno,few_shot,22,1291.91,0.00,1397.01,1,0.72,1
torchinferno,few_shot,23,1296.18,0.00,1399.83,1,0.71,1
torchinferno,few_shot,24,1295.52,0.00,1399.22,1,0.71,1
torchinferno,few_shot,25,1290.33,0.00,1400.21,1,0.71,1
torchinferno,few_shot,26,1286.59,0.00,1402.62,1,0.71,1
torchinferno,few_shot,27,1298.80,0.00,1411.28,1,0.71,1
torchinferno,few_shot,28,1291.16,155.20,1446.36,2,1.38,1
torchinferno,few_shot,29,1291.80,152.87,1444.67,2,1.38,1
torchinferno,few_shot,30,1302.70,147.37,1450.07,2,1.38,1
torchinferno,few_shot,31,1299.54,150.41,1449.95,2,1.38,1
torchinferno,few_shot,32,1291.85,161.50,1453.35,2,1.38,1
torchinferno,few_shot,33,1294.05,160.08,1454.13,2,1.38,1
torchinferno,few_shot,34,1298.42,160.59,1459.00,2,1.37,1
torchinferno,few_shot,35,1295.78,159.97,1455.74,2,1.37,1
torchinferno,few_shot,36,1299.97,160.88,1460.86,2,1.37,1
torchinferno,few_shot,37,1295.19,167.53,1462.72,2,1.37,1
torchinferno,few_shot,38,1293.00,168.51,1461.51,2,1.37,1
torchinferno,few_shot,39,1298.64,168.20,1466.84,2,1.36,1
torchinferno,few_shot,40,1293.39,172.90,1466.29,2,1.36,1
torchinferno,few_shot,41,1301.81,174.16,1475.97,2,1.36,1
torchinferno,few_shot,42,1290.08,178.19,1468.27,2,1.36,1
torchinferno,few_shot,43,1292.96,180.96,1473.93,2,1.36,1
torchinferno,few_shot,44,1289.63,182.12,1471.75,2,1.36,1
torchinferno,few_shot,45,1303.61,175.36,1478.97,2,1.35,1
torchinferno,few_shot,46,1302.67,176.13,1478.79,2,1.35,1
torchinferno,few_shot,47,1290.71,184.58,1475.29,2,1.36,1
torchinferno,few_shot,48,1292.62,182.13,1474.75,2,1.36,1
torchinferno,few_shot,49,1291.12,190.77,1481.89,2,1.35,1
torchinferno,few_shot,50,200.82,0.00,259.57,1,3.85,1
torchinferno,few_shot,51,212.87,0.00,268.40,1,3.73,1
torchinferno,few_shot,52,183.20,0.00,242.84,1,4.12,1
torchinferno,few_shot,53,751.99,0.00,819.63,1,1.22,1
torchinferno,few_shot,54,1583.33,0.00,1646.99,1,0.61,1
torchinferno,few_shot,55,196.52,0.00,261.54,1,3.82,1
torchinferno,few_shot,56,178.52,0.00,250.35,1,3.99,1
torchinferno,few_shot,57,695.83,0.00,765.25,1,1.31,1
torchinferno,few_shot,58,1574.24,0.00,1653.62,1,0.60,1
torchinferno,few_shot,59,209.62,0.00,289.49,1,3.45,1
torchinferno,few_shot,60,1581.02,0.00,1654.74,1,0.60,1
torchinferno,few_shot,61,1578.30,0.00,1656.84,1,0.60,1
torchinferno,few_shot,62,211.64,0.00,288.52,1,3.47,1
torchinferno,few_shot,63,186.38,0.00,264.84,1,3.78,1
torchinferno,few_shot,64,215.57,0.00,298.29,1,3.35,1
torchinferno,few_shot,65,191.70,0.00,270.21,1,3.70,1
torchinferno,few_shot,66,186.01,0.00,270.40,1,3.70,1
torchinferno,few_shot,67,209.62,0.00,297.89,1,3.36,1
torchinferno,few_shot,68,201.34,0.00,292.25,1,3.42,1
torchinferno,few_shot,69,190.96,0.00,280.29,1,3.57,1
torchinferno,few_shot,70,193.00,0.00,283.61,1,3.53,1
torchinferno,few_shot,71,1577.77,0.00,1673.31,1,0.60,1
torchinferno,few_shot,72,188.42,0.00,278.21,1,3.59,1
torchinferno,few_shot,73,208.31,0.00,309.63,1,3.23,1
torchinferno,few_shot,74,1581.37,137.09,1718.45,2,1.16,1
torchinferno,few_shot,75,1582.43,135.58,1718.01,2,1.16,1
torchinferno,few_shot,76,199.89,140.37,340.25,2,5.88,1
torchinferno,few_shot,77,1581.94,139.62,1721.56,2,1.16,1
torchinferno,few_shot,78,1576.45,145.66,1722.11,2,1.16,1
torchinferno,few_shot,79,1580.71,142.07,1722.79,2,1.16,1
torchinferno,few_shot,80,1573.80,150.21,1724.01,2,1.16,1
torchinferno,few_shot,81,175.69,146.34,322.03,2,6.21,1
torchinferno,few_shot,82,214.20,143.11,357.31,2,5.60,1
torchinferno,few_shot,83,1574.01,154.32,1728.33,2,1.16,1
torchinferno,few_shot,84,204.13,144.14,348.27,2,5.74,1
torchinferno,few_shot,85,186.07,153.31,339.38,2,5.89,1
torchinferno,few_shot,86,1579.33,152.07,1731.40,2,1.16,1
torchinferno,few_shot,87,192.77,158.06,350.83,2,5.70,1
torchinferno,few_shot,88,202.37,159.88,362.26,2,5.52,1
torchinferno,few_shot,89,199.44,160.87,360.31,2,5.55,1
torchinferno,few_shot,90,1584.69,154.74,1739.43,2,1.15,1
torchinferno,few_shot,91,185.78,163.80,349.59,2,5.72,1
torchinferno,few_shot,92,416.98,0.00,480.41,1,2.08,1
torchinferno,few_shot,93,386.25,0.00,448.07,1,2.23,1
torchinferno,few_shot,94,197.99,0.00,251.72,1,3.97,1
torchinferno,few_shot,95,392.71,0.00,456.15,1,2.19,1
torchinferno,few_shot,96,399.93,0.00,462.70,1,2.16,1
torchinferno,few_shot,97,393.40,0.00,454.92,1,2.20,1
torchinferno,few_shot,98,215.62,0.00,284.11,1,3.52,1
torchinferno,few_shot,99,186.87,0.00,257.27,1,3.89,1
torchinferno,few_shot,100,196.11,0.00,273.21,1,3.66,1
torchinferno,few_shot,101,403.18,0.00,484.06,1,2.07,1
torchinferno,few_shot,102,196.00,0.00,277.50,1,3.60,1
torchinferno,few_shot,103,211.14,0.00,287.81,1,3.47,1
torchinferno,few_shot,104,400.01,0.00,473.92,1,2.11,1
torchinferno,few_shot,105,222.19,0.00,303.99,1,3.29,1
torchinferno,few_shot,106,203.05,0.00,281.25,1,3.56,1
torchinferno,few_shot,107,205.97,0.00,291.63,1,3.43,1
torchinferno,few_shot,108,410.27,0.00,501.17,1,2.00,1
torchinferno,few_shot,109,192.45,0.00,274.79,1,3.64,1
torchinferno,few_shot,110,412.41,0.00,506.86,1,1.97,1
torchinferno,few_shot,111,402.17,0.00,495.73,1,2.02,1
torchinferno,few_shot,112,410.18,0.00,501.32,1,1.99,1
torchinferno,few_shot,113,219.92,0.00,310.20,1,3.22,1
torchinferno,few_shot,114,408.23,0.00,496.86,1,2.01,1
torchinferno,few_shot,115,396.23,0.00,494.13,1,2.02,1
torchinferno,few_shot,116,413.49,0.00,511.37,1,1.96,1
torchinferno,few_shot,117,189.77,0.00,292.21,1,3.42,1
torchinferno,few_shot,118,203.11,0.00,304.01,1,3.29,1
torchinferno,few_shot,119,398.99,137.82,536.81,2,3.73,1
torchinferno,few_shot,120,394.83,142.49,537.32,2,3.72,1
torchinferno,few_shot,121,401.45,131.83,533.27,2,3.75,1
torchinferno,few_shot,122,392.22,140.59,532.82,2,3.75,1
torchinferno,few_shot,123,398.95,139.97,538.92,2,3.71,1
torchinferno,few_shot,124,204.80,140.70,345.51,2,5.79,1
torchinferno,few_shot,125,187.77,146.99,334.77,2,5.97,1
torchinferno,few_shot,126,210.74,140.25,350.99,2,5.70,1
torchinferno,few_shot,127,416.95,151.71,568.66,2,3.52,1
torchinferno,few_shot,128,215.49,145.28,360.77,2,5.54,1
torchinferno,few_shot,129,213.02,146.63,359.64,2,5.56,1
torchinferno,few_shot,130,416.54,158.29,574.83,2,3.48,1
torchinferno,few_shot,131,407.28,156.14,563.42,2,3.55,1
torchinferno,few_shot,132,199.80,150.63,350.43,2,5.71,1
torchinferno,few_shot,133,209.59,152.75,362.35,2,5.52,1
torchinferno,few_shot,134,214.62,161.66,376.28,2,5.32,1
torchinferno,few_shot,135,224.21,160.21,384.43,2,5.20,1
torchinferno,few_shot,136,219.56,157.38,376.95,2,5.31,1
torchinferno,few_shot,137,213.58,161.58,375.15,2,5.33,1
torchinferno,few_shot,138,188.80,0.00,251.29,1,3.98,1
torchinferno,few_shot,139,211.94,0.00,271.93,1,3.68,1
torchinferno,few_shot,140,413.12,0.00,483.88,1,2.07,1
torchinferno,few_shot,141,218.09,0.00,286.62,1,3.49,1
torchinferno,few_shot,142,214.33,0.00,277.42,1,3.60,1
torchinferno,few_shot,143,426.91,0.00,492.66,1,2.03,1
torchinferno,few_shot,144,224.02,0.00,292.99,1,3.41,1
torchinferno,few_shot,145,211.29,0.00,284.84,1,3.51,1
torchinferno,few_shot,146,208.54,0.00,278.33,1,3.59,1
torchinferno,few_shot,147,222.17,0.00,301.28,1,3.32,1
torchinferno,few_shot,148,194.27,0.00,269.18,1,3.71,1
torchinferno,few_shot,149,197.38,0.00,281.33,1,3.55,1
torchinferno,few_shot,150,196.52,0.00,274.60,1,3.64,1
torchinferno,few_shot,151,192.19,0.00,270.98,1,3.69,1
torchinferno,few_shot,152,406.30,0.00,495.02,1,2.02,1
torchinferno,few_shot,153,210.63,0.00,303.24,1,3.30,1
torchinferno,few_shot,154,208.75,0.00,292.72,1,3.42,1
torchinferno,few_shot,155,229.72,0.00,317.99,1,3.14,1
torchinferno,few_shot,156,431.89,0.00,516.92,1,1.93,1
torchinferno,few_shot,157,424.09,0.00,524.47,1,1.91,1
torchinferno,few_shot,158,225.28,0.00,324.36,1,3.08,1
torchinferno,few_shot,159,434.06,128.94,563.01,2,3.55,1
torchinferno,few_shot,160,415.47,141.79,557.26,2,3.59,1
torchinferno,few_shot,161,193.06,139.62,332.69,2,6.01,1
torchinferno,few_shot,162,416.65,135.67,552.32,2,3.62,1
torchinferno,few_shot,163,424.94,140.07,565.01,2,3.54,1
torchinferno,few_shot,164,428.27,141.31,569.58,2,3.51,1
torchinferno,few_shot,165,434.05,135.62,569.67,2,3.51,1
torchinferno,few_shot,166,215.08,138.77,353.85,2,5.65,1
torchinferno,few_shot,167,412.78,148.02,560.80,2,3.57,1
torchinferno,few_shot,168,211.61,140.29,351.90,2,5.68,1
torchinferno,few_shot,169,207.61,140.62,348.24,2,5.74,1
torchinferno,few_shot,170,406.18,152.58,558.76,2,3.58,1
torchinferno,few_shot,171,192.00,151.80,343.79,2,5.82,1
torchinferno,few_shot,172,186.10,150.55,336.65,2,5.94,1
torchinferno,few_shot,173,214.05,158.84,372.89,2,5.36,1
torchinferno,few_shot,174,209.89,153.58,363.48,2,5.50,1
torchinferno,few_shot,175,424.04,151.52,575.56,2,3.47,1
torchinferno,few_shot,176,409.55,159.40,568.95,2,3.52,1
torchinferno,few_shot,177,198.15,159.19,357.33,2,5.60,1
torchinferno,few_shot,178,420.47,165.54,586.01,2,3.41,1
torchinferno,few_shot,179,182.62,167.29,349.91,2,5.72,1
torchinferno,few_shot,180,205.58,157.28,362.86,2,5.51,1
torchinferno,few_shot,181,409.28,171.41,580.69,2,3.44,1
torchinferno,few_shot,182,415.90,98.89,613.68,3,4.89,0
torchinferno,few_shot,183,128.69,0.00,191.06,1,5.23,1
torchinferno,few_shot,184,415.59,0.00,470.52,1,2.13,1
torchinferno,few_shot,185,407.83,0.00,466.89,1,2.14,1
torchinferno,few_shot,186,178.83,0.00,245.76,1,4.07,1
torchinferno,few_shot,187,203.52,0.00,270.82,1,3.69,1
torchinferno,few_shot,188,408.63,0.00,471.97,1,2.12,1
torchinferno,few_shot,189,416.74,0.00,486.20,1,2.06,1
torchinferno,few_shot,190,216.68,0.00,287.16,1,3.48,1
torchinferno,few_shot,191,201.85,0.00,269.74,1,3.71,1
torchinferno,few_shot,192,145.03,0.00,216.73,1,4.61,1
torchinferno,few_shot,193,413.48,0.00,487.39,1,2.05,1
torchinferno,few_shot,194,419.30,0.00,504.17,1,1.98,1
torchinferno,few_shot,195,200.66,0.00,280.15,1,3.57,1
torchinferno,few_shot,196,131.87,0.00,209.21,1,4.78,1
torchinferno,few_shot,197,413.21,0.00,500.50,1,2.00,1
torchinferno,few_shot,198,116.65,0.00,197.53,1,5.06,1
torchinferno,few_shot,199,212.58,0.00,292.81,1,3.42,1
torchinferno,few_shot,200,195.01,0.00,278.20,1,3.59,1
torchinferno,few_shot,201,118.02,0.00,210.36,1,4.75,1
torchinferno,few_shot,202,208.28,0.00,298.92,1,3.35,1
torchinferno,few_shot,203,425.63,0.00,519.99,1,1.92,1
torchinferno,few_shot,204,419.28,0.00,515.37,1,1.94,1
torchinferno,few_shot,205,184.43,0.00,282.40,1,3.54,1
torchinferno,few_shot,206,405.98,0.00,499.48,1,2.00,1
torchinferno,few_shot,207,185.88,0.00,287.43,1,3.48,1
torchinferno,few_shot,208,191.81,0.00,293.58,1,3.41,1
torchinferno,few_shot,209,408.75,0.00,509.54,1,1.96,1
torchinferno,few_shot,210,200.10,0.00,299.63,1,3.34,1
torchinferno,few_shot,211,419.29,0.00,517.77,1,1.93,1
torchinferno,few_shot,212,196.97,0.00,305.26,1,3.28,1
torchinferno,few_shot,213,186.24,0.00,294.88,1,3.39,1
torchinferno,few_shot,214,217.21,0.00,320.24,1,3.12,1
torchinferno,few_shot,215,217.56,0.00,321.55,1,3.11,1
torchinferno,few_shot,216,136.26,0.00,252.92,1,3.95,1
torchinferno,few_shot,217,137.24,0.00,249.01,1,4.02,1
torchinferno,few_shot,218,203.10,138.64,341.75,2,5.85,1
torchinferno,few_shot,219,151.35,134.51,285.86,2,7.00,1
torchinferno,few_shot,220,205.17,143.63,348.80,2,5.73,1
torchinferno,few_shot,221,182.13,146.66,328.79,2,6.08,1
torchinferno,few_shot,222,208.70,150.70,359.41,2,5.56,1
torchinferno,few_shot,223,416.44,151.10,567.54,2,3.52,1
torchinferno,few_shot,224,432.99,143.00,575.99,2,3.47,1
torchinferno,few_shot,225,414.24,143.21,557.45,2,3.59,1
torchinferno,few_shot,226,410.62,157.41,568.03,2,3.52,1
torchinferno,few_shot,227,415.23,158.30,573.53,2,3.49,1
torchinferno,few_shot,228,400.82,158.93,559.75,2,3.57,1
torchinferno,few_shot,229,220.05,152.62,372.67,2,5.37,1
torchinferno,few_shot,230,414.45,154.47,568.92,2,3.52,1
torchinferno,few_shot,231,339.41,0.00,403.21,1,2.48,1
torchinferno,few_shot,232,125.03,0.00,189.27,1,5.28,1
torchinferno,few_shot,233,353.26,0.00,422.55,1,2.37,1
torchinferno,few_shot,234,121.81,0.00,188.55,1,5.30,1
torchinferno,few_shot,235,124.78,0.00,184.94,1,5.41,1
torchinferno,few_shot,236,350.71,0.00,415.83,1,2.40,1
torchinferno,few_shot,237,308.34,0.00,378.93,1,2.64,1
torchinferno,few_shot,238,146.25,0.00,220.16,1,4.54,1
torchinferno,few_shot,239,350.20,0.00,424.31,1,2.36,1
torchinferno,few_shot,240,147.91,0.00,215.94,1,4.63,1
torchinferno,few_shot,241,155.03,0.00,232.01,1,4.31,1
torchinferno,few_shot,242,155.80,0.00,236.90,1,4.22,1
torchinferno,few_shot,243,336.33,0.00,417.84,1,2.39,1
torchinferno,few_shot,244,157.13,0.00,232.16,1,4.31,1
torchinferno,few_shot,245,122.21,0.00,200.09,1,5.00,1
torchinferno,few_shot,246,132.84,0.00,214.75,1,4.66,1
torchinferno,few_shot,247,133.65,0.00,219.27,1,4.56,1
torchinferno,few_shot,248,147.18,0.00,232.24,1,4.31,1
torchinferno,few_shot,249,142.15,0.00,226.74,1,4.41,1
torchinferno,few_shot,250,150.88,0.00,243.57,1,4.11,1
torchinferno,few_shot,251,151.23,0.00,235.97,1,4.24,1
torchinferno,few_shot,252,368.99,0.00,460.50,1,2.17,1
torchinferno,few_shot,253,130.18,0.00,220.02,1,4.55,1
torchinferno,few_shot,254,358.26,130.76,489.02,2,4.09,1
torchinferno,few_shot,255,148.43,132.28,280.71,2,7.12,1
torchinferno,few_shot,256,350.33,127.97,478.30,2,4.18,1
torchinferno,few_shot,257,156.80,131.62,288.42,2,6.93,1
torchinferno,few_shot,258,344.38,136.07,480.45,2,4.16,1
torchinferno,few_shot,259,367.19,135.31,502.50,2,3.98,1
torchinferno,few_shot,260,147.39,144.71,292.10,2,6.85,1
torchinferno,few_shot,261,358.37,148.64,507.01,2,3.94,1
torchinferno,few_shot,262,360.66,142.53,503.19,2,3.97,1
torchinferno,few_shot,263,130.55,150.30,280.85,2,7.12,1
torchinferno,few_shot,264,350.45,140.52,490.97,2,4.07,1
torchinferno,few_shot,265,105.61,150.21,255.82,2,7.82,1
torchinferno,few_shot,266,138.86,150.43,289.29,2,6.91,1
torchinferno,few_shot,267,148.55,144.83,293.38,2,6.82,1
torchinferno,few_shot,268,154.64,158.60,313.24,2,6.38,1
torchinferno,few_shot,269,110.82,149.35,260.18,2,7.69,0
torchinferno,few_shot,270,153.02,160.64,313.66,2,6.38,1
torchinferno,few_shot,271,331.61,163.91,495.52,2,4.04,1
torchinferno,few_shot,272,337.04,157.19,494.23,2,4.05,1
torchinferno,few_shot,273,122.36,164.27,286.62,2,6.98,1
torchinferno,few_shot,274,115.29,158.63,273.93,2,7.30,1
torchinferno,few_shot,275,163.13,163.09,326.22,2,6.13,1
torchinferno,few_shot,276,114.51,167.44,281.95,2,7.09,1
torchinferno,few_shot,277,131.58,172.25,303.82,2,6.58,1
torchinferno,few_shot,278,136.13,63.54,517.39,7,13.53,0
torchinferno,few_shot,279,587.40,0.00,636.91,1,1.57,1
torchinferno,few_shot,280,536.07,0.00,591.38,1,1.69,1
torchinferno,few_shot,281,589.66,0.00,655.81,1,1.52,1
torchinferno,few_shot,282,306.92,0.00,370.25,1,2.70,1
torchinferno,few_shot,283,317.82,0.00,376.26,1,2.66,1
torchinferno,few_shot,284,531.93,0.00,600.49,1,1.67,1
torchinferno,few_shot,285,373.96,0.00,442.45,1,2.26,1
torchinferno,few_shot,286,538.83,0.00,605.34,1,1.65,1
torchinferno,few_shot,287,391.28,0.00,460.62,1,2.17,1
torchinferno,few_shot,288,381.59,0.00,448.35,1,2.23,1
torchinferno,few_shot,289,366.79,0.00,440.63,1,2.27,1
torchinferno,few_shot,290,409.02,0.00,477.65,1,2.09,1
torchinferno,few_shot,291,381.41,0.00,450.27,1,2.22,1
torchinferno,few_shot,292,386.78,0.00,456.04,1,2.19,1
torchinferno,few_shot,293,330.17,0.00,408.45,1,2.45,1
torchinferno,few_shot,294,402.46,0.00,480.21,1,2.08,1
torchinferno,few_shot,295,392.31,0.00,471.49,1,2.12,1
torchinferno,few_shot,296,550.30,0.00,630.22,1,1.59,1
torchinferno,few_shot,297,394.80,0.00,472.85,1,2.11,1
torchinferno,few_shot,298,541.09,0.00,630.31,1,1.59,1
torchinferno,few_shot,299,322.38,0.00,408.60,1,2.45,1
torchinferno,few_shot,300,391.58,0.00,485.98,1,2.06,1
torchinferno,few_shot,301,367.26,0.00,463.71,1,2.16,1
torchinferno,few_shot,302,535.24,0.00,633.47,1,1.58,1
torchinferno,few_shot,303,540.27,0.00,640.95,1,1.56,1
torchinferno,few_shot,304,405.16,0.00,497.27,1,2.01,1
torchinferno,few_shot,305,541.65,0.00,641.36,1,1.56,1
torchinferno,few_shot,306,376.26,0.00,473.23,1,2.11,1
torchinferno,few_shot,307,397.95,0.00,507.67,1,1.97,1
torchinferno,few_shot,308,543.83,136.75,680.58,2,2.94,1
torchinferno,few_shot,309,399.49,126.65,526.14,2,3.80,1
torchinferno,few_shot,310,399.96,137.12,537.08,2,3.72,1
torchinferno,few_shot,311,310.37,140.26,450.64,2,4.44,1
torchinferno,few_shot,312,536.64,139.50,676.14,2,2.96,1
torchinferno,few_shot,313,329.81,134.77,464.59,2,4.30,1
torchinferno,few_shot,314,329.72,140.44,470.15,2,4.25,1
torchinferno,few_shot,315,535.69,141.03,676.72,2,2.96,1
torchinferno,few_shot,316,525.34,148.77,674.12,2,2.97,1
torchinferno,few_shot,317,318.55,143.54,462.10,2,4.33,1
torchinferno,few_shot,318,326.75,143.25,470.00,2,4.26,0
torchinferno,few_shot,319,380.05,153.92,533.97,2,3.75,1
torchinferno,few_shot,320,376.60,152.58,529.18,2,3.78,1
torchinferno,few_shot,321,383.36,150.86,534.22,2,3.74,1
torchinferno,few_shot,322,414.92,146.61,561.53,2,3.56,1
torchinferno,few_shot,323,383.32,158.64,541.96,2,3.69,1
torchinferno,few_shot,324,389.21,154.15,543.37,2,3.68,1
torchinferno,few_shot,325,544.89,98.44,741.76,3,4.04,1
torchinferno,few_shot,326,580.58,85.16,836.06,4,4.78,1
torchinferno,few_shot,327,267.32,0.00,329.20,1,3.04,1
torchinferno,few_shot,328,645.28,0.00,707.49,1,1.41,1
torchinferno,few_shot,329,635.59,0.00,704.95,1,1.42,1
torchinferno,few_shot,330,248.03,0.00,317.98,1,3.14,1
torchinferno,few_shot,331,242.82,0.00,315.86,1,3.17,1
torchinferno,few_shot,332,653.68,0.00,723.12,1,1.38,1
torchinferno,few_shot,333,262.27,0.00,337.03,1,2.97,1
torchinferno,few_shot,334,237.49,0.00,309.07,1,3.24,1
torchinferno,few_shot,335,234.10,0.00,306.28,1,3.26,1
torchinferno,few_shot,336,634.09,0.00,705.57,1,1.42,1
torchinferno,few_shot,337,259.14,0.00,332.09,1,3.01,1
torchinferno,few_shot,338,235.68,0.00,313.79,1,3.19,1
torchinferno,few_shot,339,634.62,0.00,707.65,1,1.41,1
torchinferno,few_shot,340,270.64,0.00,347.88,1,2.87,1
torchinferno,few_shot,341,641.81,0.00,725.39,1,1.38,1
torchinferno,few_shot,342,644.15,0.00,734.55,1,1.36,1
torchinferno,few_shot,343,252.33,0.00,334.29,1,2.99,1
torchinferno,few_shot,344,258.47,0.00,345.38,1,2.90,1
torchinferno,few_shot,345,637.66,0.00,725.35,1,1.38,1
torchinferno,few_shot,346,194.14,0.00,287.25,1,3.48,1
torchinferno,few_shot,347,270.29,0.00,361.51,1,2.77,1
torchinferno,few_shot,348,235.76,0.00,324.60,1,3.08,1
torchinferno,few_shot,349,235.93,0.00,328.31,1,3.05,1
torchinferno,few_shot,350,651.30,0.00,748.17,1,1.34,1
torchinferno,few_shot,351,192.72,0.00,288.09,1,3.47,1
torchinferno,few_shot,352,243.60,0.00,339.94,1,2.94,1
torchinferno,few_shot,353,258.84,0.00,366.93,1,2.73,1
torchinferno,few_shot,354,651.24,0.00,762.34,1,1.31,1
torchinferno,few_shot,355,271.32,139.12,410.44,2,4.87,1
torchinferno,few_shot,356,668.34,133.70,802.04,2,2.49,1
torchinferno,few_shot,357,633.45,143.59,777.03,2,2.57,1
torchinferno,few_shot,358,242.71,135.88,378.60,2,5.28,0
torchinferno,few_shot,359,250.25,144.83,395.08,2,5.06,1
torchinferno,few_shot,360,640.07,151.45,791.52,2,2.53,1
torchinferno,few_shot,361,255.99,147.82,403.81,2,4.95,1
torchinferno,few_shot,362,414.09,143.65,557.74,2,3.59,1
torchinferno,few_shot,363,627.01,153.92,780.93,2,2.56,1
torchinferno,few_shot,364,273.83,149.02,422.85,2,4.73,1
torchinferno,few_shot,365,220.46,153.13,373.59,2,5.35,1
torchinferno,few_shot,366,259.48,154.05,413.53,2,4.84,1
torchinferno,few_shot,367,239.97,157.73,397.70,2,5.03,1
torchinferno,few_shot,368,258.00,160.30,418.30,2,4.78,1
torchinferno,few_shot,369,248.28,163.28,411.57,2,4.86,1
torchinferno,few_shot,370,631.85,160.13,791.98,2,2.53,1
torchinferno,few_shot,371,242.69,167.18,409.87,2,4.88,1
torchinferno,few_shot,372,245.76,161.06,406.82,2,4.92,1
torchinferno,few_shot,373,259.78,88.86,526.35,4,7.60,0
torchinferno,few_shot,374,204.74,76.79,511.91,5,9.77,1
torchinferno,few_shot,375,566.48,0.00,631.04,1,1.58,1
torchinferno,few_shot,376,317.36,0.00,377.62,1,2.65,1
torchinferno,few_shot,377,307.01,0.00,364.85,1,2.74,1
torchinferno,few_shot,378,473.49,0.00,540.96,1,1.85,1
torchinferno,few_shot,379,323.54,0.00,389.62,1,2.57,1
torchinferno,few_shot,380,581.82,0.00,656.06,1,1.52,1
torchinferno,few_shot,381,324.59,0.00,390.75,1,2.56,1
torchinferno,few_shot,382,251.29,0.00,320.02,1,3.12,1
torchinferno,few_shot,383,565.04,0.00,646.00,1,1.55,1
torchinferno,few_shot,384,308.16,0.00,376.47,1,2.66,1
torchinferno,few_shot,385,321.69,0.00,395.13,1,2.53,1
torchinferno,few_shot,386,583.99,0.00,668.57,1,1.50,1
torchinferno,few_shot,387,325.92,0.00,406.67,1,2.46,1
torchinferno,few_shot,388,579.34,0.00,666.19,1,1.50,1
torchinferno,few_shot,389,579.60,0.00,660.63,1,1.51,1
torchinferno,few_shot,390,285.71,0.00,372.66,1,2.68,1
torchinferno,few_shot,391,303.36,0.00,390.42,1,2.56,1
torchinferno,few_shot,392,334.03,0.00,422.50,1,2.37,1
torchinferno,few_shot,393,320.20,0.00,403.36,1,2.48,1
torchinferno,few_shot,394,291.21,0.00,384.64,1,2.60,1
torchinferno,few_shot,395,324.05,0.00,421.01,1,2.38,1
torchinferno,few_shot,396,314.96,0.00,403.46,1,2.48,1
torchinferno,few_shot,397,589.02,0.00,678.01,1,1.47,1
torchinferno,few_shot,398,576.15,0.00,677.07,1,1.48,1
torchinferno,few_shot,399,319.32,0.00,424.05,1,2.36,1
torchinferno,few_shot,400,311.02,0.00,406.22,1,2.46,1
torchinferno,few_shot,401,299.82,0.00,400.04,1,2.50,1
torchinferno,few_shot,402,311.11,0.00,413.03,1,2.42,1
torchinferno,few_shot,403,244.75,135.05,379.80,2,5.27,1
torchinferno,few_shot,404,250.65,139.95,390.60,2,5.12,0
torchinferno,few_shot,405,302.57,134.49,437.06,2,4.58,1
torchinferno,few_shot,406,573.07,136.37,709.44,2,2.82,1
torchinferno,few_shot,407,568.75,147.51,716.26,2,2.79,1
torchinferno,few_shot,408,255.30,141.92,397.21,2,5.04,1
torchinferno,few_shot,409,302.60,145.54,448.14,2,4.46,1
torchinferno,few_shot,410,319.75,150.46,470.21,2,4.25,1
torchinferno,few_shot,411,317.58,143.18,460.77,2,4.34,1
torchinferno,few_shot,412,523.73,148.20,671.93,2,2.98,1
torchinferno,few_shot,413,296.85,145.79,442.64,2,4.52,1
torchinferno,few_shot,414,317.86,150.47,468.33,2,4.27,1
torchinferno,few_shot,415,313.75,156.71,470.46,2,4.25,1
torchinferno,few_shot,416,299.76,149.96,449.72,2,4.45,1
torchinferno,few_shot,417,567.72,155.04,722.76,2,2.77,1
torchinferno,few_shot,418,289.03,159.25,448.29,2,4.46,1
torchinferno,few_shot,419,331.84,158.77,490.61,2,4.08,0
torchinferno,few_shot,420,575.63,164.44,740.06,2,2.70,1
torchinferno,few_shot,421,584.41,163.24,747.66,2,2.68,1
torchinferno,few_shot,422,568.55,165.54,734.09,2,2.72,1
torchinferno,few_shot,423,159.44,0.00,219.10,1,4.56,1
torchinferno,few_shot,424,465.58,0.00,533.38,1,1.87,1
torchinferno,few_shot,425,151.94,0.00,220.14,1,4.54,1
torchinferno,few_shot,426,473.76,0.00,537.39,1,1.86,1
torchinferno,few_shot,427,144.07,0.00,216.37,1,4.62,1
torchinferno,few_shot,428,132.03,0.00,206.91,1,4.83,1
torchinferno,few_shot,429,163.08,0.00,234.30,1,4.27,1
torchinferno,few_shot,430,172.38,0.00,246.69,1,4.05,1
torchinferno,few_shot,431,144.98,0.00,221.64,1,4.51,1
torchinferno,few_shot,432,482.49,0.00,555.34,1,1.80,1
torchinferno,few_shot,433,149.12,0.00,226.18,1,4.42,1
torchinferno,few_shot,434,308.42,0.00,390.48,1,2.56,1
torchinferno,few_shot,435,147.57,0.00,233.10,1,4.29,1
torchinferno,few_shot,436,136.64,0.00,218.89,1,4.57,1
torchinferno,few_shot,437,127.49,0.00,210.28,1,4.76,1
torchinferno,few_shot,438,134.94,0.00,215.50,1,4.64,1
torchinferno,few_shot,439,141.82,0.00,226.40,1,4.42,1
torchinferno,few_shot,440,135.60,0.00,229.98,1,4.35,1
torchinferno,few_shot,441,132.37,0.00,221.97,1,4.51,1
torchinferno,few_shot,442,481.44,0.00,574.44,1,1.74,1
torchinferno,few_shot,443,465.06,0.00,556.43,1,1.80,1
torchinferno,few_shot,444,131.78,0.00,230.38,1,4.34,1
torchinferno,few_shot,445,140.68,0.00,242.80,1,4.12,1
torchinferno,few_shot,446,470.06,0.00,577.08,1,1.73,1
torchinferno,few_shot,447,462.60,139.96,602.56,2,3.32,1
torchinferno,few_shot,448,351.48,141.13,492.62,2,4.06,1
torchinferno,few_shot,449,166.29,134.57,300.86,2,6.65,1
torchinferno,few_shot,450,158.10,132.82,290.92,2,6.87,1
torchinferno,few_shot,451,137.21,143.99,281.20,2,7.11,1
torchinferno,few_shot,452,462.23,144.01,606.24,2,3.30,1
torchinferno,few_shot,453,465.05,138.99,604.04,2,3.31,1
torchinferno,few_shot,454,477.81,147.71,625.51,2,3.20,1
torchinferno,few_shot,455,132.81,147.83,280.64,2,7.13,1
torchinferno,few_shot,456,155.33,151.02,306.35,2,6.53,1
torchinferno,few_shot,457,472.59,142.94,615.52,2,3.25,1
torchinferno,few_shot,458,460.03,155.95,615.98,2,3.25,1
torchinferno,few_shot,459,166.84,147.82,314.65,2,6.36,1
torchinferno,few_shot,460,167.06,146.97,314.03,2,6.37,0
torchinferno,few_shot,461,153.53,150.61,304.14,2,6.58,1
torchinferno,few_shot,462,167.49,155.19,322.68,2,6.20,1
torchinferno,few_shot,463,157.38,154.96,312.33,2,6.40,1
torchinferno,few_shot,464,481.91,163.31,645.22,2,3.10,1
torchinferno,few_shot,465,467.33,160.99,628.32,2,3.18,1
torchinferno,few_shot,466,127.53,161.62,289.15,2,6.92,1
torchinferno,few_shot,467,165.15,0.00,221.61,1,4.51,1
torchinferno,few_shot,468,128.35,0.00,197.12,1,5.07,1
torchinferno,few_shot,469,284.68,0.00,356.24,1,2.81,1
torchinferno,few_shot,470,305.13,0.00,364.90,1,2.74,1
torchinferno,few_shot,471,141.13,0.00,208.76,1,4.79,1
torchinferno,few_shot,472,309.41,0.00,376.89,1,2.65,1
torchinferno,few_shot,473,298.24,0.00,366.57,1,2.73,1
torchinferno,few_shot,474,284.94,0.00,361.09,1,2.77,1
torchinferno,few_shot,475,318.34,0.00,389.49,1,2.57,1
torchinferno,few_shot,476,319.43,0.00,390.06,1,2.56,1
torchinferno,few_shot,477,123.76,0.00,208.39,1,4.80,1
torchinferno,few_shot,478,285.13,0.00,368.81,1,2.71,1
torchinferno,few_shot,479,299.98,0.00,384.13,1,2.60,1
torchinferno,few_shot,480,126.94,0.00,211.65,1,4.72,1
torchinferno,few_shot,481,133.46,0.00,226.65,1,4.41,1
torchinferno,few_shot,482,136.79,0.00,223.41,1,4.48,1
torchinferno,few_shot,483,150.83,0.00,241.67,1,4.14,1
torchinferno,few_shot,484,305.56,135.38,440.94,2,4.54,1
torchinferno,few_shot,485,145.87,133.41,279.28,2,7.16,1
torchinferno,few_shot,486,300.78,131.73,432.51,2,4.62,1
torchinferno,few_shot,487,160.28,129.02,289.30,2,6.91,1
torchinferno,few_shot,488,315.54,130.61,446.15,2,4.48,1
torchinferno,few_shot,489,154.80,135.91,290.72,2,6.88,1
torchinferno,few_shot,490,149.15,132.00,281.15,2,7.11,0
torchinferno,few_shot,491,121.72,140.38,262.10,2,7.63,1
torchinferno,few_shot,492,133.36,139.72,273.07,2,7.32,1
torchinferno,few_shot,493,158.09,145.20,303.29,2,6.59,1
torchinferno,few_shot,494,139.99,150.88,290.87,2,6.88,1
torchinferno,few_shot,495,301.77,154.44,456.22,2,4.38,1
torchinferno,few_shot,496,157.84,141.40,299.24,2,6.68,1
torchinferno,few_shot,497,122.02,152.81,274.82,2,7.28,1
torchinferno,few_shot,498,132.41,158.94,291.35,2,6.86,1
torchinferno,few_shot,499,135.35,152.87,288.22,2,6.94,0
torchinferno,few_shot,500,303.16,150.81,453.96,2,4.41,1
torchinferno,few_shot,501,297.87,165.72,463.60,2,4.31,1
torchinferno,few_shot,502,306.72,155.27,461.99,2,4.33,1
torchinferno,few_shot,503,149.02,158.80,307.82,2,6.50,1
torchinferno,few_shot,504,116.72,165.53,282.25,2,7.09,1
torchinferno,few_shot,505,286.56,168.62,455.19,2,4.39,1
torchinferno,few_shot,506,125.22,169.79,295.01,2,6.78,1
torchinferno,few_shot,507,292.50,168.63,461.12,2,4.34,1
torchinferno,few_shot,508,288.79,176.72,465.51,2,4.30,1
torchinferno,few_shot,509,307.03,169.99,477.02,2,4.19,1
torchinferno,few_shot,510,135.61,178.00,313.61,2,6.38,1
torchinferno,few_shot,511,307.45,0.00,374.09,1,2.67,1
torchinferno,few_shot,512,310.23,0.00,381.42,1,2.62,1
torchinferno,few_shot,513,290.81,0.00,355.85,1,2.81,1
torchinferno,few_shot,514,292.07,0.00,366.96,1,2.73,1
torchinferno,few_shot,515,163.70,0.00,234.73,1,4.26,1
torchinferno,few_shot,516,152.48,0.00,228.11,1,4.38,1
torchinferno,few_shot,517,301.21,0.00,372.77,1,2.68,1
torchinferno,few_shot,518,160.90,0.00,238.88,1,4.19,1
torchinferno,few_shot,519,292.35,0.00,378.50,1,2.64,1
torchinferno,few_shot,520,295.16,0.00,372.91,1,2.68,1
torchinferno,few_shot,521,143.17,0.00,227.84,1,4.39,1
torchinferno,few_shot,522,140.84,0.00,227.60,1,4.39,1
torchinferno,few_shot,523,310.34,0.00,394.89,1,2.53,1
torchinferno,few_shot,524,138.22,0.00,225.40,1,4.44,1
torchinferno,few_shot,525,147.11,0.00,237.63,1,4.21,1
torchinferno,few_shot,526,147.81,0.00,233.05,1,4.29,1
torchinferno,few_shot,527,151.66,0.00,246.86,1,4.05,1
torchinferno,few_shot,528,151.83,0.00,243.97,1,4.10,1
torchinferno,few_shot,529,304.17,0.00,396.96,1,2.52,1
torchinferno,few_shot,530,284.06,0.00,386.17,1,2.59,1
torchinferno,few_shot,531,153.92,0.00,257.35,1,3.89,1
torchinferno,few_shot,532,301.69,141.43,443.12,2,4.51,1
torchinferno,few_shot,533,301.17,144.69,445.86,2,4.49,0
torchinferno,few_shot,534,142.07,140.35,282.42,2,7.08,1
torchinferno,few_shot,535,137.46,146.67,284.14,2,7.04,1
torchinferno,few_shot,536,303.83,145.81,449.64,2,4.45,1
torchinferno,few_shot,537,296.48,151.22,447.70,2,4.47,1
torchinferno,few_shot,538,162.09,143.22,305.32,2,6.55,1
torchinferno,few_shot,539,315.15,147.88,463.03,2,4.32,1
torchinferno,few_shot,540,290.72,152.59,443.31,2,4.51,1
torchinferno,few_shot,541,302.16,149.27,451.43,2,4.43,0
torchinferno,few_shot,542,292.71,154.72,447.43,2,4.47,1
torchinferno,few_shot,543,288.56,152.98,441.54,2,4.53,1
torchinferno,few_shot,544,166.70,156.76,323.46,2,6.18,1
torchinferno,few_shot,545,160.54,161.11,321.65,2,6.22,1
torchinferno,few_shot,546,311.26,161.48,472.73,2,4.23,1
torchinferno,few_shot,547,168.63,158.09,326.72,2,6.12,1
torchinferno,few_shot,548,329.59,0.00,379.38,1,2.64,1
torchinferno,few_shot,549,303.33,0.00,355.79,1,2.81,1
torchinferno,few_shot,550,148.46,0.00,203.24,1,4.92,1
torchinferno,few_shot,551,285.62,0.00,347.56,1,2.88,1
torchinferno,few_shot,552,306.77,0.00,371.32,1,2.69,1
torchinferno,few_shot,553,141.69,0.00,210.79,1,4.74,1
torchinferno,few_shot,554,308.21,0.00,373.10,1,2.68,1
torchinferno,few_shot,555,310.83,0.00,386.96,1,2.58,1
torchinferno,few_shot,556,314.50,0.00,391.90,1,2.55,1
torchinferno,few_shot,557,140.80,0.00,208.06,1,4.81,1
torchinferno,few_shot,558,149.83,0.00,225.94,1,4.43,1
torchinferno,few_shot,559,133.74,0.00,214.65,1,4.66,1
torchinferno,few_shot,560,160.54,0.00,240.19,1,4.16,1
torchinferno,few_shot,561,157.14,0.00,240.68,1,4.15,1
torchinferno,few_shot,562,318.56,0.00,397.67,1,2.51,1
torchinferno,few_shot,563,137.96,0.00,225.63,1,4.43,1
torchinferno,few_shot,564,287.40,0.00,378.87,1,2.64,1
torchinferno,few_shot,565,286.66,0.00,379.55,1,2.63,1
torchinferno,few_shot,566,160.99,0.00,247.77,1,4.04,1
torchinferno,few_shot,567,130.27,0.00,223.45,1,4.48,1
torchinferno,few_shot,568,313.64,0.00,403.85,1,2.48,1
torchinferno,few_shot,569,305.56,0.00,407.21,1,2.46,1
torchinferno,few_shot,570,301.79,0.00,397.86,1,2.51,1
torchinferno,few_shot,571,285.61,0.00,386.65,1,2.59,1
torchinferno,few_shot,572,283.74,0.00,384.16,1,2.60,1
torchinferno,few_shot,573,137.27,134.44,271.71,2,7.36,1
torchinferno,few_shot,574,321.52,129.74,451.26,2,4.43,1
torchinferno,few_shot,575,318.00,141.66,459.66,2,4.35,1
torchinferno,few_shot,576,147.01,145.14,292.15,2,6.85,1
torchinferno,few_shot,577,129.90,138.57,268.47,2,7.45,1
torchinferno,few_shot,578,130.15,137.87,268.01,2,7.46,1
torchinferno,few_shot,579,315.19,148.11,463.30,2,4.32,1
torchinferno,few_shot,580,288.93,151.11,440.03,2,4.55,1
torchinferno,few_shot,581,137.61,151.90,289.51,2,6.91,1
torchinferno,few_shot,582,128.06,151.25,279.30,2,7.16,1
torchinferno,few_shot,583,274.27,153.66,427.93,2,4.67,1
torchinferno,few_shot,584,299.95,147.91,447.86,2,4.47,1
torchinferno,few_shot,585,150.85,154.68,305.52,2,6.55,1
torchinferno,few_shot,586,306.56,152.54,459.10,2,4.36,1
torchinferno,few_shot,587,152.96,153.49,306.45,2,6.53,1
torchinferno,few_shot,588,149.13,151.34,300.47,2,6.66,1
torchinferno,few_shot,589,274.21,163.49,437.69,2,4.57,1
torchinferno,few_shot,590,151.51,155.76,307.27,2,6.51,1
torchinferno,few_shot,591,134.68,160.64,295.33,2,6.77,1
torchinferno,few_shot,592,302.78,157.83,460.61,2,4.34,0
torchinferno,few_shot,593,301.44,171.26,472.70,2,4.23,1
torchinferno,few_shot,594,289.22,167.34,456.56,2,4.38,1
torchinferno,few_shot,595,288.95,167.21,456.16,2,4.38,1
torchinferno,few_shot,596,310.65,0.00,375.05,1,2.67,1
torchinferno,few_shot,597,302.35,0.00,359.63,1,2.78,1
torchinferno,few_shot,598,132.19,0.00,188.97,1,5.29,1
torchinferno,few_shot,599,305.74,0.00,363.55,1,2.75,1
torchinferno,few_shot,600,136.96,0.00,198.55,1,5.04,1
torchinferno,few_shot,601,157.83,0.00,225.32,1,4.44,1
torchinferno,few_shot,602,302.29,0.00,375.29,1,2.66,1
torchinferno,few_shot,603,130.57,0.00,203.28,1,4.92,1
torchinferno,few_shot,604,164.88,0.00,235.02,1,4.26,1
torchinferno,few_shot,605,297.20,0.00,373.68,1,2.68,1
torchinferno,few_shot,606,150.33,0.00,222.38,1,4.50,1
torchinferno,few_shot,607,140.28,0.00,215.87,1,4.63,1
torchinferno,few_shot,608,157.36,0.00,237.76,1,4.21,1
torchinferno,few_shot,609,148.90,0.00,225.90,1,4.43,1
torchinferno,few_shot,610,298.54,0.00,378.18,1,2.64,1
torchinferno,few_shot,611,140.07,0.00,225.83,1,4.43,1
torchinferno,few_shot,612,290.82,0.00,383.11,1,2.61,1
torchinferno,few_shot,613,297.98,0.00,392.51,1,2.55,1
torchinferno,few_shot,614,302.79,0.00,398.56,1,2.51,1
torchinferno,few_shot,615,301.09,0.00,400.33,1,2.50,1
torchinferno,few_shot,616,163.29,0.00,261.46,1,3.82,1
torchinferno,few_shot,617,293.67,0.00,389.00,1,2.57,1
torchinferno,few_shot,618,134.59,0.00,234.09,1,4.27,1
torchinferno,few_shot,619,161.19,0.00,266.28,1,3.76,1
torchinferno,few_shot,620,312.07,132.71,444.78,2,4.50,1
torchinferno,few_shot,621,130.64,136.04,266.68,2,7.50,1
torchinferno,few_shot,622,298.76,142.70,441.46,2,4.53,1
torchinferno,few_shot,623,306.00,140.23,446.23,2,4.48,1
torchinferno,few_shot,624,159.82,144.57,304.39,2,6.57,1
torchinferno,few_shot,625,146.21,148.12,294.33,2,6.80,1
torchinferno,few_shot,626,310.14,147.63,457.77,2,4.37,1
torchinferno,few_shot,627,140.31,150.38,290.69,2,6.88,1
torchinferno,few_shot,628,152.45,148.01,300.46,2,6.66,1
torchinferno,few_shot,629,175.80,146.43,322.23,2,6.21,1
torchinferno,few_shot,630,175.82,148.87,324.69,2,6.16,1
torchinferno,few_shot,631,137.44,153.52,290.96,2,6.87,1
torchinferno,few_shot,632,151.46,149.03,300.49,2,6.66,1
torchinferno,few_shot,633,159.34,151.01,310.34,2,6.44,1
torchinferno,few_shot,634,149.89,154.86,304.75,2,6.56,1
torchinferno,few_shot,635,166.37,160.32,326.69,2,6.12,1
torchinferno,few_shot,636,319.05,154.56,473.61,2,4.22,1
torchinferno,few_shot,637,308.08,0.00,372.25,1,2.69,1
torchinferno,few_shot,638,287.00,0.00,349.65,1,2.86,1
torchinferno,few_shot,639,155.46,0.00,222.71,1,4.49,1
torchinferno,few_shot,640,295.89,0.00,367.77,1,2.72,1
torchinferno,few_shot,641,152.09,0.00,223.07,1,4.48,1
torchinferno,few_shot,642,125.81,0.00,189.96,1,5.26,1
torchinferno,few_shot,643,126.44,0.00,194.39,1,5.14,1
torchinferno,few_shot,644,303.59,0.00,381.28,1,2.62,1
torchinferno,few_shot,645,153.61,0.00,226.52,1,4.41,1
torchinferno,few_shot,646,156.72,0.00,238.02,1,4.20,1
torchinferno,few_shot,647,159.37,0.00,237.99,1,4.20,1
torchinferno,few_shot,648,294.17,0.00,369.64,1,2.71,1
torchinferno,few_shot,649,284.58,0.00,365.29,1,2.74,1
torchinferno,few_shot,650,148.09,0.00,224.73,1,4.45,1
torchinferno,few_shot,651,294.77,0.00,379.01,1,2.64,1
torchinferno,few_shot,652,307.83,0.00,391.84,1,2.55,1
torchinferno,few_shot,653,132.33,0.00,224.25,1,4.46,1
torchinferno,few_shot,654,136.30,0.00,223.22,1,4.48,1
torchinferno,few_shot,655,322.00,0.00,407.58,1,2.45,1
torchinferno,few_shot,656,300.98,0.00,394.33,1,2.54,1
torchinferno,few_shot,657,299.80,0.00,393.23,1,2.54,1
torchinferno,few_shot,658,123.46,0.00,227.72,1,4.39,1
torchinferno,few_shot,659,130.04,0.00,232.77,1,4.30,1
torchinferno,few_shot,660,148.18,0.00,255.00,1,3.92,1
torchinferno,few_shot,661,293.01,138.69,431.70,2,4.63,1
torchinferno,few_shot,662,166.43,132.18,298.60,2,6.70,1
torchinferno,few_shot,663,289.23,142.35,431.58,2,4.63,1
torchinferno,few_shot,664,320.53,134.29,454.82,2,4.40,1
torchinferno,few_shot,665,148.32,137.98,286.30,2,6.99,1
torchinferno,few_shot,666,132.57,142.85,275.42,2,7.26,1
torchinferno,few_shot,667,284.36,147.26,431.62,2,4.63,1
torchinferno,few_shot,668,161.68,142.04,303.72,2,6.59,1
torchinferno,few_shot,669,134.37,149.22,283.59,2,7.05,1
torchinferno,few_shot,670,313.49,140.22,453.71,2,4.41,1
torchinferno,few_shot,671,279.80,149.64,429.44,2,4.66,1
torchinferno,few_shot,672,300.49,145.70,446.19,2,4.48,1
torchinferno,few_shot,673,151.24,149.82,301.06,2,6.64,1
torchinferno,few_shot,674,315.06,150.97,466.03,2,4.29,1
torchinferno,few_shot,675,294.97,148.84,443.81,2,4.51,1
torchinferno,few_shot,676,156.92,155.76,312.68,2,6.40,1
torchinferno,few_shot,677,297.82,163.86,461.69,2,4.33,1
torchinferno,few_shot,678,132.74,152.94,285.68,2,7.00,1
torchinferno,few_shot,679,135.84,155.52,291.36,2,6.86,1
torchinferno,few_shot,680,317.54,155.08,472.61,2,4.23,1
torchinferno,few_shot,681,294.39,166.32,460.71,2,4.34,1
torchinferno,few_shot,682,136.99,166.79,303.79,2,6.58,1
torchinferno,few_shot,683,146.85,167.45,314.30,2,6.36,1
torchinferno,few_shot,684,156.36,0.00,213.17,1,4.69,1
torchinferno,few_shot,685,285.48,0.00,351.51,1,2.84,1
torchinferno,few_shot,686,143.64,0.00,208.48,1,4.80,1
torchinferno,few_shot,687,295.95,0.00,365.93,1,2.73,1
torchinferno,few_shot,688,152.16,0.00,222.90,1,4.49,1
torchinferno,few_shot,689,141.58,0.00,209.35,1,4.78,1
torchinferno,few_shot,690,290.32,0.00,364.42,1,2.74,1
torchinferno,few_shot,691,160.29,0.00,228.76,1,4.37,1
torchinferno,few_shot,692,288.59,0.00,358.80,1,2.79,1
torchinferno,few_shot,693,290.92,0.00,364.45,1,2.74,1
torchinferno,few_shot,694,140.23,0.00,219.03,1,4.57,1
torchinferno,few_shot,695,122.36,0.00,197.21,1,5.07,1
torchinferno,few_shot,696,296.22,0.00,378.97,1,2.64,1
torchinferno,few_shot,697,150.81,0.00,235.35,1,4.25,1
torchinferno,few_shot,698,304.55,0.00,387.78,1,2.58,1
torchinferno,few_shot,699,129.91,0.00,218.12,1,4.58,1
torchinferno,few_shot,700,134.74,0.00,222.61,1,4.49,1
torchinferno,few_shot,701,300.29,0.00,391.69,1,2.55,1
torchinferno,few_shot,702,304.21,0.00,389.06,1,2.57,1
torchinferno,few_shot,703,167.20,156.24,323.44,2,6.18,1
torchinferno,few_shot,704,143.44,167.15,310.59,2,6.44,1
torchinferno,few_shot,705,298.06,165.46,463.52,2,4.31,1
torchinferno,few_shot,706,140.83,173.79,314.62,2,6.36,1
torchinferno,few_shot,707,130.38,173.18,303.56,2,6.59,1
torchinferno,few_shot,708,286.86,172.92,459.78,2,4.35,1
torchinferno,few_shot,709,143.43,168.57,312.00,2,6.41,1
torchinferno,few_shot,710,151.66,174.68,326.34,2,6.13,1
torchinferno,few_shot,711,142.01,172.63,314.64,2,6.36,1
torchinferno,few_shot,712,290.97,179.06,470.04,2,4.25,0
torchinferno,few_shot,713,313.12,173.54,486.66,2,4.11,1
torchinferno,few_shot,714,133.20,182.60,315.80,2,6.33,1
torchinferno,few_shot,715,160.27,180.44,340.71,2,5.87,1
torchinferno,few_shot,716,116.79,187.67,304.47,2,6.57,1
torchinferno,few_shot,717,286.92,92.33,471.59,3,6.36,1
torchinferno,few_shot,718,115.76,181.96,297.72,2,6.72,1
torchinferno,few_shot,719,315.25,181.73,496.97,2,4.02,1
torchinferno,few_shot,720,133.77,186.69,320.46,2,6.24,1
torchinferno,few_shot,721,123.92,185.40,309.32,2,6.47,1
torchinferno,few_shot,722,151.28,193.34,344.62,2,5.80,1
torchinferno,few_shot,723,292.96,196.09,489.05,2,4.09,1
torchinferno,few_shot,724,310.92,192.83,503.75,2,3.97,1
torchinferno,few_shot,725,334.70,0.00,399.55,1,2.50,1
torchinferno,few_shot,726,206.56,0.00,266.62,1,3.75,1
torchinferno,few_shot,727,181.09,0.00,247.48,1,4.04,1
torchinferno,few_shot,728,341.46,0.00,415.24,1,2.41,1
torchinferno,few_shot,729,345.39,0.00,413.19,1,2.42,1
torchinferno,few_shot,730,344.38,0.00,413.01,1,2.42,1
torchinferno,few_shot,731,318.57,0.00,394.61,1,2.53,1
torchinferno,few_shot,732,198.50,0.00,268.96,1,3.72,1
torchinferno,few_shot,733,352.56,0.00,429.79,1,2.33,1
torchinferno,few_shot,734,200.18,0.00,272.94,1,3.66,1
torchinferno,few_shot,735,198.24,0.00,276.35,1,3.62,1
torchinferno,few_shot,736,358.67,0.00,432.14,1,2.31,1
torchinferno,few_shot,737,339.26,0.00,419.00,1,2.39,1
torchinferno,few_shot,738,334.28,0.00,415.41,1,2.41,1
torchinferno,few_shot,739,205.45,0.00,286.04,1,3.50,1
torchinferno,few_shot,740,177.82,0.00,264.53,1,3.78,1
torchinferno,few_shot,741,333.78,0.00,416.73,1,2.40,1
torchinferno,few_shot,742,328.72,0.00,416.64,1,2.40,1
torchinferno,few_shot,743,323.95,0.00,416.76,1,2.40,1
torchinferno,few_shot,744,350.34,0.00,441.92,1,2.26,1
torchinferno,few_shot,745,346.87,0.00,448.10,1,2.23,1
torchinferno,few_shot,746,353.16,135.51,488.67,2,4.09,1
torchinferno,few_shot,747,183.72,135.99,319.71,2,6.26,0
torchinferno,few_shot,748,338.61,132.45,471.06,2,4.25,1
torchinferno,few_shot,749,330.30,139.77,470.07,2,4.25,1
torchinferno,few_shot,750,189.42,139.00,328.42,2,6.09,1
torchinferno,few_shot,751,342.61,136.94,479.55,2,4.17,1
torchinferno,few_shot,752,343.70,141.46,485.16,2,4.12,1
torchinferno,few_shot,753,193.59,141.67,335.26,2,5.97,1
torchinferno,few_shot,754,334.53,140.05,474.58,2,4.21,0
torchinferno,few_shot,755,325.65,149.20,474.85,2,4.21,1
torchinferno,few_shot,756,180.58,147.70,328.28,2,6.09,1
torchinferno,few_shot,757,347.50,148.77,496.27,2,4.03,1
torchinferno,few_shot,758,201.50,152.30,353.80,2,5.65,1
torchinferno,few_shot,759,213.19,147.51,360.70,2,5.54,1
torchinferno,few_shot,760,346.26,152.21,498.48,2,4.01,1
torchinferno,few_shot,761,213.06,149.68,362.73,2,5.51,1
torchinferno,few_shot,762,412.98,0.00,471.37,1,2.12,1
torchinferno,few_shot,763,401.77,0.00,464.26,1,2.15,1
torchinferno,few_shot,764,392.26,0.00,461.17,1,2.17,1
torchinferno,few_shot,765,152.73,0.00,222.67,1,4.49,1
torchinferno,few_shot,766,137.61,0.00,196.87,1,5.08,1
torchinferno,few_shot,767,134.23,0.00,200.93,1,4.98,1
torchinferno,few_shot,768,139.15,0.00,210.91,1,4.74,1
torchinferno,few_shot,769,311.24,0.00,383.72,1,2.61,1
torchinferno,few_shot,770,147.60,0.00,230.09,1,4.35,1
torchinferno,few_shot,771,314.59,0.00,399.05,1,2.51,1
torchinferno,few_shot,772,421.30,0.00,502.33,1,1.99,1
torchinferno,few_shot,773,313.01,0.00,399.18,1,2.51,1
torchinferno,few_shot,774,153.79,0.00,237.59,1,4.21,1
torchinferno,few_shot,775,303.40,0.00,391.74,1,2.55,1
torchinferno,few_shot,776,152.32,0.00,233.76,1,4.28,1
torchinferno,few_shot,777,163.75,0.00,248.81,1,4.02,1
torchinferno,few_shot,778,155.38,0.00,240.09,1,4.17,1
torchinferno,few_shot,779,286.89,0.00,381.00,1,2.62,1
torchinferno,few_shot,780,314.92,0.00,402.87,1,2.48,1
torchinferno,few_shot,781,146.63,0.00,238.89,1,4.19,1
torchinferno,few_shot,782,142.29,0.00,228.74,1,4.37,1
torchinferno,few_shot,783,314.23,0.00,410.65,1,2.44,1
torchinferno,few_shot,784,152.18,0.00,249.58,1,4.01,1
torchinferno,few_shot,785,295.31,0.00,394.83,1,2.53,1
torchinferno,few_shot,786,127.83,0.00,230.75,1,4.33,1
torchinferno,few_shot,787,415.00,0.00,513.44,1,1.95,1
torchinferno,few_shot,788,322.91,0.00,423.22,1,2.36,1
torchinferno,few_shot,789,294.68,137.26,431.94,2,4.63,1
torchinferno,few_shot,790,332.51,131.38,463.89,2,4.31,1
torchinferno,few_shot,791,125.36,136.42,261.78,2,7.64,1
torchinferno,few_shot,792,304.91,137.38,442.29,2,4.52,1
torchinferno,few_shot,793,145.59,139.42,285.01,2,7.02,1
torchinferno,few_shot,794,141.38,147.01,288.39,2,6.94,1
torchinferno,few_shot,795,289.44,152.92,442.37,2,4.52,1
torchinferno,few_shot,796,297.65,150.33,447.98,2,4.46,1
torchinferno,few_shot,797,144.64,144.06,288.70,2,6.93,1
torchinferno,few_shot,798,309.62,144.51,454.13,2,4.40,1
torchinferno,few_shot,799,310.60,147.08,457.69,2,4.37,1
torchinferno,few_shot,800,322.48,152.93,475.41,2,4.21,1
torchinferno,few_shot,801,308.46,157.98,466.44,2,4.29,1
torchinferno,few_shot,802,129.89,160.66,290.55,2,6.88,1
torchinferno,few_shot,803,317.82,162.76,480.58,2,4.16,1
torchinferno,few_shot,804,134.81,161.14,295.95,2,6.76,1
torchinferno,few_shot,805,322.23,153.75,475.98,2,4.20,1
torchinferno,few_shot,806,151.33,155.99,307.32,2,6.51,1
torchinferno,few_shot,807,146.65,165.96,312.61,2,6.40,1
torchinferno,few_shot,808,315.24,159.82,475.06,2,4.21,1
torchinferno,few_shot,809,326.83,167.10,493.92,2,4.05,1
torchinferno,few_shot,810,294.15,0.00,357.77,1,2.80,1
torchinferno,few_shot,811,153.10,0.00,219.63,1,4.55,1
torchinferno,few_shot,812,138.74,0.00,199.80,1,5.00,1
torchinferno,few_shot,813,308.14,0.00,371.75,1,2.69,1
torchinferno,few_shot,814,121.87,0.00,192.79,1,5.19,1
torchinferno,few_shot,815,130.47,0.00,201.98,1,4.95,1
torchinferno,few_shot,816,138.77,0.00,206.92,1,4.83,1
torchinferno,few_shot,817,159.75,0.00,235.32,1,4.25,1
torchinferno,few_shot,818,298.19,0.00,374.03,1,2.67,1
torchinferno,few_shot,819,157.73,0.00,241.69,1,4.14,1
torchinferno,few_shot,820,139.13,0.00,213.61,1,4.68,1
torchinferno,few_shot,821,313.16,0.00,390.17,1,2.56,1
torchinferno,few_shot,822,138.14,0.00,215.26,1,4.65,1
torchinferno,few_shot,823,139.65,0.00,224.14,1,4.46,1
torchinferno,few_shot,824,142.31,0.00,229.45,1,4.36,1
torchinferno,few_shot,825,308.00,0.00,396.73,1,2.52,1
torchinferno,few_shot,826,306.48,0.00,401.43,1,2.49,1
torchinferno,few_shot,827,158.98,0.00,246.00,1,4.07,1
torchinferno,few_shot,828,308.33,0.00,393.28,1,2.54,1
torchinferno,few_shot,829,142.67,0.00,234.83,1,4.26,1
torchinferno,few_shot,830,141.93,0.00,240.19,1,4.16,1
torchinferno,few_shot,831,306.55,136.58,443.13,2,4.51,1
torchinferno,few_shot,832,140.82,128.88,269.69,2,7.42,1
torchinferno,few_shot,833,146.19,137.83,284.01,2,7.04,0
torchinferno,few_shot,834,296.62,130.77,427.39,2,4.68,1
torchinferno,few_shot,835,299.44,142.90,442.34,2,4.52,1
torchinferno,few_shot,836,300.54,134.65,435.19,2,4.60,1
torchinferno,few_shot,837,166.05,143.05,309.09,2,6.47,1
torchinferno,few_shot,838,146.09,142.44,288.53,2,6.93,1
torchinferno,few_shot,839,140.71,145.36,286.08,2,6.99,1
torchinferno,few_shot,840,117.42,151.04,268.46,2,7.45,1
torchinferno,few_shot,841,122.30,151.48,273.79,2,7.30,1
torchinferno,few_shot,842,296.05,156.11,452.16,2,4.42,1
torchinferno,few_shot,843,308.67,153.40,462.07,2,4.33,0
torchinferno,few_shot,844,171.59,146.72,318.31,2,6.28,1
torchinferno,few_shot,845,320.18,150.04,470.21,2,4.25,1
torchinferno,few_shot,846,307.25,151.62,458.87,2,4.36,0
torchinferno,few_shot,847,129.45,155.01,284.45,2,7.03,1
torchinferno,few_shot,848,163.81,152.97,316.78,2,6.31,1
torchinferno,few_shot,849,298.42,155.70,454.13,2,4.40,1
torchinferno,few_shot,850,120.61,164.16,284.77,2,7.02,1
torchinferno,few_shot,851,124.55,159.77,284.33,2,7.03,1
torchinferno,few_shot,852,154.28,157.89,312.17,2,6.41,1
torchinferno,few_shot,853,280.99,0.00,341.23,1,2.93,1
torchinferno,few_shot,854,298.67,0.00,360.42,1,2.77,1
torchinferno,few_shot,855,310.35,0.00,374.02,1,2.67,1
torchinferno,few_shot,856,285.35,0.00,348.48,1,2.87,1
torchinferno,few_shot,857,142.54,0.00,207.54,1,4.82,1
torchinferno,few_shot,858,125.38,0.00,192.85,1,5.19,1
torchinferno,few_shot,859,305.91,0.00,372.86,1,2.68,1
torchinferno,few_shot,860,128.38,0.00,197.25,1,5.07,1
torchinferno,few_shot,861,289.08,0.00,363.83,1,2.75,1
torchinferno,few_shot,862,299.74,0.00,369.09,1,2.71,1
torchinferno,few_shot,863,277.59,0.00,353.99,1,2.82,1
torchinferno,few_shot,864,129.88,0.00,205.08,1,4.88,1
torchinferno,few_shot,865,286.18,0.00,359.64,1,2.78,1
torchinferno,few_shot,866,127.58,0.00,210.34,1,4.75,1
torchinferno,few_shot,867,283.67,0.00,369.03,1,2.71,1
torchinferno,few_shot,868,286.35,0.00,371.35,1,2.69,1
torchinferno,few_shot,869,144.57,0.00,225.83,1,4.43,1
torchinferno,few_shot,870,310.48,0.00,398.76,1,2.51,1
torchinferno,few_shot,871,159.76,0.00,244.05,1,4.10,1
torchinferno,few_shot,872,162.88,0.00,246.44,1,4.06,1
torchinferno,few_shot,873,306.10,0.00,393.81,1,2.54,1
torchinferno,few_shot,874,285.42,0.00,383.67,1,2.61,1
torchinferno,few_shot,875,138.56,0.00,230.53,1,4.34,1
torchinferno,few_shot,876,141.11,0.00,235.23,1,4.25,1
torchinferno,few_shot,877,162.18,0.00,261.29,1,3.83,1
torchinferno,few_shot,878,290.03,0.00,390.35,1,2.56,1
torchinferno,few_shot,879,150.51,129.47,279.98,2,7.14,1
torchinferno,few_shot,880,300.64,130.84,431.48,2,4.64,1
torchinferno,few_shot,881,159.75,136.77,296.52,2,6.74,1
torchinferno,few_shot,882,144.91,142.31,287.22,2,6.96,1
torchinferno,few_shot,883,144.83,137.00,281.83,2,7.10,1
torchinferno,few_shot,884,157.70,144.49,302.19,2,6.62,1
torchinferno,few_shot,885,310.27,144.58,454.85,2,4.40,1
torchinferno,few_shot,886,286.31,151.61,437.91,2,4.57,1
torchinferno,few_shot,887,134.05,145.47,279.51,2,7.16,1
torchinferno,few_shot,888,135.47,148.57,284.05,2,7.04,1
torchinferno,few_shot,889,291.14,156.80,447.95,2,4.46,1
torchinferno,few_shot,890,143.04,146.79,289.82,2,6.90,1
torchinferno,few_shot,891,148.14,157.67,305.80,2,6.54,1
torchinferno,few_shot,892,158.91,150.32,309.23,2,6.47,1
torchinferno,few_shot,893,302.50,160.50,463.00,2,4.32,1
torchinferno,few_shot,894,302.39,154.07,456.45,2,4.38,1
torchinferno,few_shot,895,287.76,0.00,337.58,1,2.96,1
torchinferno,few_shot,896,311.93,0.00,365.03,1,2.74,1
torchinferno,few_shot,897,291.32,0.00,352.08,1,2.84,1
torchinferno,few_shot,898,279.24,0.00,347.73,1,2.88,1
torchinferno,few_shot,899,140.82,0.00,207.92,1,4.81,1
torchinferno,few_shot,900,283.60,0.00,357.35,1,2.80,1
torchinferno,few_shot,901,155.42,0.00,217.90,1,4.59,1
torchinferno,few_shot,902,162.88,0.00,231.48,1,4.32,1
torchinferno,few_shot,903,124.39,0.00,202.59,1,4.94,1
torchinferno,few_shot,904,159.29,0.00,240.29,1,4.16,1
torchinferno,few_shot,905,149.06,0.00,228.89,1,4.37,1
torchinferno,few_shot,906,288.22,0.00,372.37,1,2.69,1
torchinferno,few_shot,907,162.34,0.00,243.24,1,4.11,1
torchinferno,few_shot,908,130.51,0.00,210.08,1,4.76,1
torchinferno,few_shot,909,308.34,0.00,386.17,1,2.59,1
torchinferno,few_shot,910,126.28,0.00,210.88,1,4.74,1
torchinferno,few_shot,911,286.72,0.00,378.33,1,2.64,1
torchinferno,few_shot,912,287.23,0.00,376.06,1,2.66,1
torchinferno,few_shot,913,126.76,0.00,222.37,1,4.50,1
torchinferno,few_shot,914,147.52,0.00,232.76,1,4.30,1
torchinferno,few_shot,915,161.35,0.00,249.68,1,4.01,1
torchinferno,few_shot,916,312.50,0.00,405.32,1,2.47,1
torchinferno,few_shot,917,289.15,0.00,384.38,1,2.60,1
torchinferno,few_shot,918,147.11,0.00,251.56,1,3.98,1
torchinferno,few_shot,919,304.99,0.00,411.66,1,2.43,1
torchinferno,few_shot,920,153.44,0.00,247.04,1,4.05,1
torchinferno,few_shot,921,148.72,0.00,253.77,1,3.94,1
torchinferno,few_shot,922,131.26,0.00,241.84,1,4.14,1
torchinferno,few_shot,923,287.50,140.13,427.64,2,4.68,1
torchinferno,few_shot,924,284.26,131.90,416.16,2,4.81,1
torchinferno,few_shot,925,159.45,135.48,294.93,2,6.78,1
torchinferno,few_shot,926,143.96,137.34,281.30,2,7.11,1
torchinferno,few_shot,927,310.19,138.74,448.93,2,4.46,1
torchinferno,few_shot,928,294.18,144.28,438.45,2,4.56,1
torchinferno,few_shot,929,142.48,139.79,282.27,2,7.09,1
torchinferno,few_shot,930,117.84,146.43,264.27,2,7.57,1
torchinferno,few_shot,931,302.68,141.59,444.28,2,4.50,1
torchinferno,few_shot,932,130.41,153.38,283.78,2,7.05,1
torchinferno,few_shot,933,281.76,152.69,434.45,2,4.60,1
torchinferno,few_shot,934,147.06,150.30,297.36,2,6.73,1
torchinferno,few_shot,935,163.06,150.40,313.46,2,6.38,1
torchinferno,few_shot,936,293.13,163.20,456.33,2,4.38,1
torchinferno,few_shot,937,129.64,159.45,289.09,2,6.92,0
torchinferno,few_shot,938,300.77,159.49,460.26,2,4.35,1
torchinferno,few_shot,939,306.00,165.82,471.82,2,4.24,1
torchinferno,few_shot,940,301.92,161.28,463.19,2,4.32,1
torchinferno,few_shot,941,145.31,165.56,310.87,2,6.43,1
torchinferno,few_shot,942,124.23,159.63,283.86,2,7.05,1
torchinferno,few_shot,943,305.62,0.00,360.90,1,2.77,1
torchinferno,few_shot,944,124.42,0.00,187.27,1,5.34,1
torchinferno,few_shot,945,292.67,0.00,349.79,1,2.86,1
torchinferno,few_shot,946,285.19,0.00,348.63,1,2.87,1
torchinferno,few_shot,947,302.24,0.00,363.95,1,2.75,1
torchinferno,few_shot,948,111.53,0.00,180.73,1,5.53,1
torchinferno,few_shot,949,291.26,0.00,362.20,1,2.76,1
torchinferno,few_shot,950,302.13,0.00,377.11,1,2.65,1
torchinferno,few_shot,951,158.61,0.00,222.34,1,4.50,1
torchinferno,few_shot,952,289.70,0.00,359.78,1,2.78,1
torchinferno,few_shot,953,127.96,0.00,200.05,1,5.00,1
torchinferno,few_shot,954,132.11,0.00,207.24,1,4.83,1
torchinferno,few_shot,955,302.05,0.00,369.82,1,2.70,1
torchinferno,few_shot,956,125.61,0.00,197.26,1,5.07,1
torchinferno,few_shot,957,169.57,0.00,236.87,1,4.22,1
torchinferno,few_shot,958,309.73,0.00,378.83,1,2.64,1
torchinferno,few_shot,959,136.17,0.00,207.92,1,4.81,1
torchinferno,few_shot,960,289.38,0.00,361.13,1,2.77,1
torchinferno,few_shot,961,144.38,0.00,217.95,1,4.59,1
torchinferno,few_shot,962,298.78,0.00,370.78,1,2.70,1
torchinferno,few_shot,963,118.08,0.00,194.35,1,5.15,1
torchinferno,few_shot,964,146.65,0.00,220.43,1,4.54,1
torchinferno,few_shot,965,144.01,0.00,224.81,1,4.45,1
torchinferno,few_shot,966,160.00,0.00,236.29,1,4.23,1
torchinferno,few_shot,967,115.93,0.00,193.29,1,5.17,1
torchinferno,few_shot,968,300.68,0.00,380.87,1,2.63,1
torchinferno,few_shot,969,136.78,124.31,261.09,2,7.66,1
torchinferno,few_shot,970,285.80,127.99,413.79,2,4.83,1
torchinferno,few_shot,971,138.08,118.55,256.63,2,7.79,1
torchinferno,few_shot,972,294.62,130.63,425.26,2,4.70,1
torchinferno,few_shot,973,157.75,129.34,287.08,2,6.97,1
torchinferno,few_shot,974,288.40,128.22,416.61,2,4.80,1
torchinferno,few_shot,975,156.17,124.29,280.46,2,7.13,1
torchinferno,few_shot,976,130.64,120.64,251.28,2,7.96,1
torchinferno,few_shot,977,135.34,123.32,258.65,2,7.73,1
torchinferno,few_shot,978,122.14,133.29,255.44,2,7.83,1
torchinferno,few_shot,979,124.21,124.96,249.18,2,8.03,1
torchinferno,few_shot,980,127.31,123.52,250.84,2,7.97,0
torchinferno,few_shot,981,141.55,127.92,269.47,2,7.42,1
torchinferno,few_shot,982,144.33,131.39,275.72,2,7.25,1
torchinferno,few_shot,983,155.82,124.01,279.84,2,7.15,1
torchinferno,few_shot,984,137.13,130.09,267.21,2,7.48,1
torchinferno,few_shot,985,154.02,132.63,286.64,2,6.98,1
torchinferno,few_shot,986,295.04,127.80,422.84,2,4.73,1
torchinferno,few_shot,987,278.93,0.00,340.52,1,2.94,1
torchinferno,few_shot,988,275.02,0.00,337.15,1,2.97,1
torchinferno,few_shot,989,271.24,0.00,331.12,1,3.02,1
torchinferno,few_shot,990,270.91,0.00,333.40,1,3.00,1
torchinferno,few_shot,991,273.35,0.00,336.51,1,2.97,1
torchinferno,few_shot,992,290.01,0.00,352.41,1,2.84,1
torchinferno,few_shot,993,281.73,0.00,343.61,1,2.91,1
torchinferno,few_shot,994,284.91,0.00,349.78,1,2.86,1
torchinferno,few_shot,995,288.87,0.00,355.07,1,2.82,1
torchinferno,few_shot,996,275.01,119.57,394.58,2,5.07,1
torchinferno,few_shot,997,287.15,120.66,407.81,2,4.90,1
torchinferno,few_shot,998,284.70,120.53,405.22,2,4.94,1
torchinferno,few_shot,999,277.74,121.60,399.35,2,5.01,1
torchinferno,self_consistency,0,190.87,0.00,1529.20,1,0.65,1
torchinferno,self_consistency,1,186.14,0.00,1527.37,1,0.65,1
torchinferno,self_consistency,2,187.62,0.00,1531.62,1,0.65,1
torchinferno,self_consistency,3,190.60,0.00,1537.29,1,0.65,1
torchinferno,self_consistency,4,183.64,0.00,1531.78,1,0.65,1
torchinferno,self_consistency,5,191.67,0.00,1542.07,1,0.65,1
torchinferno,self_consistency,6,194.25,0.00,1538.00,1,0.65,1
torchinferno,self_consistency,7,1501.14,0.00,1501.46,1,0.67,1
torchinferno,self_consistency,8,1445.84,0.00,1446.11,1,0.69,1
torchinferno,self_consistency,9,1442.38,0.00,1447.42,1,0.69,1
torchinferno,self_consistency,10,1538.34,0.00,1551.69,1,0.64,1
torchinferno,self_consistency,11,1536.03,0.00,1548.13,1,0.65,1
torchinferno,self_consistency,12,1397.76,0.00,1398.02,1,0.72,1
torchinferno,self_consistency,13,1435.52,0.00,1435.84,1,0.70,1
torchinferno,self_consistency,14,1558.49,0.00,1578.92,1,0.63,1
torchinferno,self_consistency,15,1353.10,0.00,1353.45,1,0.74,1
torchinferno,self_consistency,16,1460.25,0.00,1475.55,1,0.68,1
torchinferno,self_consistency,17,1462.21,0.00,1462.50,1,0.68,1
torchinferno,self_consistency,18,1409.42,0.00,1414.80,1,0.71,1
torchinferno,self_consistency,19,1578.08,0.00,1578.40,1,0.63,1
torchinferno,self_consistency,20,1432.83,0.00,1433.15,1,0.70,1
torchinferno,self_consistency,21,1453.50,0.00,1463.71,1,0.68,1
torchinferno,self_consistency,22,1390.59,0.00,1390.90,1,0.72,1
torchinferno,self_consistency,23,1345.82,0.00,1356.21,1,0.74,1
torchinferno,self_consistency,24,1444.44,0.00,1459.67,1,0.69,1
torchinferno,self_consistency,25,1544.08,0.00,1549.26,1,0.65,1
torchinferno,self_consistency,26,1466.75,0.00,1477.23,1,0.68,1
torchinferno,self_consistency,27,1380.59,0.00,1390.98,1,0.72,1
torchinferno,self_consistency,28,1410.03,0.00,1435.37,1,0.70,1
torchinferno,self_consistency,29,1530.65,0.00,1576.21,1,0.63,1
torchinferno,self_consistency,30,1455.93,0.00,1501.62,1,0.67,1
torchinferno,self_consistency,31,1490.70,0.00,1536.72,1,0.65,1
torchinferno,self_consistency,32,1384.82,0.00,1395.49,1,0.72,1
torchinferno,self_consistency,33,1502.31,0.00,1528.01,1,0.65,1
torchinferno,self_consistency,34,1508.18,0.00,1564.60,1,0.64,1
torchinferno,self_consistency,35,1468.79,0.00,1504.52,1,0.66,1
torchinferno,self_consistency,36,1533.11,0.00,1538.40,1,0.65,1
torchinferno,self_consistency,37,1474.26,0.00,1536.44,1,0.65,1
torchinferno,self_consistency,38,1372.10,0.00,1402.82,1,0.71,1
torchinferno,self_consistency,39,1539.31,0.00,1559.94,1,0.64,1
torchinferno,self_consistency,40,1576.40,0.00,1596.94,1,0.63,1
torchinferno,self_consistency,41,1407.13,0.00,1407.42,1,0.71,1
torchinferno,self_consistency,42,1558.75,0.00,1632.06,1,0.61,1
torchinferno,self_consistency,43,1436.03,0.00,1436.34,1,0.70,1
torchinferno,self_consistency,44,93.71,0.00,109.20,1,9.16,1
torchinferno,self_consistency,45,1593.45,0.00,1603.63,1,0.62,1
torchinferno,self_consistency,46,1479.81,0.00,1558.54,1,0.64,1
torchinferno,self_consistency,47,1583.71,0.00,1619.47,1,0.62,1
torchinferno,self_consistency,48,1418.76,0.00,1454.68,1,0.69,1
torchinferno,self_consistency,49,1596.14,0.00,1642.37,1,0.61,1
torchinferno,self_consistency,50,1511.16,0.00,1552.27,1,0.64,1
torchinferno,self_consistency,51,118.34,0.00,118.61,1,8.43,1
torchinferno,self_consistency,52,1577.24,0.00,1617.81,1,0.62,1
torchinferno,self_consistency,53,1533.35,0.00,1621.86,1,0.62,1
torchinferno,self_consistency,54,1453.20,0.00,1544.93,1,0.65,1
torchinferno,self_consistency,55,1448.69,0.00,1509.87,1,0.66,1
torchinferno,self_consistency,56,1389.36,0.00,1440.07,1,0.69,1
torchinferno,self_consistency,57,1567.64,0.00,1583.07,1,0.63,1
torchinferno,self_consistency,58,1506.72,0.00,1506.97,1,0.66,1
torchinferno,self_consistency,59,1467.54,0.00,1559.00,1,0.64,1
torchinferno,self_consistency,60,1540.44,0.00,1611.44,1,0.62,1
torchinferno,self_consistency,61,1544.79,0.00,1650.06,1,0.61,1
torchinferno,self_consistency,62,1528.77,0.00,1529.08,1,0.65,1
torchinferno,self_consistency,63,1420.48,0.00,1430.91,1,0.70,1
torchinferno,self_consistency,64,1503.19,0.00,1609.71,1,0.62,1
torchinferno,self_consistency,65,1622.50,0.00,1658.49,1,0.60,1
torchinferno,self_consistency,66,1513.76,0.00,1615.46,1,0.62,1
torchinferno,self_consistency,67,102.28,0.00,153.33,1,6.52,1
torchinferno,self_consistency,68,1463.34,0.00,1576.55,1,0.63,1
torchinferno,self_consistency,69,1478.86,0.00,1519.60,1,0.66,1
torchinferno,self_consistency,70,1422.85,0.00,1473.75,1,0.68,1
torchinferno,self_consistency,71,1517.04,0.00,1517.32,1,0.66,1
torchinferno,self_consistency,72,1517.31,0.00,1548.02,1,0.65,1
torchinferno,self_consistency,73,1546.44,0.00,1577.12,1,0.63,1
torchinferno,self_consistency,74,1435.86,0.00,1471.58,1,0.68,1
torchinferno,self_consistency,75,1659.88,0.00,1690.56,1,0.59,1
torchinferno,self_consistency,76,1512.99,0.00,1644.03,1,0.61,1
torchinferno,self_consistency,77,1512.70,0.00,1619.19,1,0.62,1
torchinferno,self_consistency,78,1507.35,0.00,1507.75,1,0.66,1
torchinferno,self_consistency,79,1405.76,0.00,1446.74,1,0.69,1
torchinferno,self_consistency,80,1605.73,0.00,1631.32,1,0.61,1
torchinferno,self_consistency,81,1658.48,0.00,1678.94,1,0.60,1
torchinferno,self_consistency,82,1499.96,0.00,1535.11,1,0.65,1
torchinferno,self_consistency,83,1581.51,0.00,1581.84,1,0.63,1
torchinferno,self_consistency,84,1496.41,0.00,1642.03,1,0.61,1
torchinferno,self_consistency,85,1489.01,0.00,1510.38,1,0.66,1
torchinferno,self_consistency,86,1556.78,0.00,1581.75,1,0.63,1
torchinferno,self_consistency,87,1525.85,0.00,1536.24,1,0.65,1
torchinferno,self_consistency,88,1494.89,0.00,1510.69,1,0.66,1
torchinferno,self_consistency,89,1457.58,0.00,1569.28,1,0.64,1
torchinferno,self_consistency,90,1387.99,0.00,1474.16,1,0.68,1
torchinferno,self_consistency,91,1497.47,0.00,1644.86,1,0.61,1
torchinferno,self_consistency,92,1366.90,0.00,1518.18,1,0.66,1
torchinferno,self_consistency,93,1628.21,0.00,1709.43,1,0.58,1
torchinferno,self_consistency,94,1444.79,0.00,1490.70,1,0.67,1
torchinferno,self_consistency,95,1549.87,0.00,1554.87,1,0.64,1
torchinferno,self_consistency,96,1632.69,0.00,1642.94,1,0.61,1
torchinferno,self_consistency,97,1601.48,0.00,1632.17,1,0.61,1
torchinferno,self_consistency,98,1665.27,0.00,1680.73,1,0.59,1
torchinferno,self_consistency,99,1632.90,0.00,1633.25,1,0.61,1
torchinferno,self_consistency,100,1493.42,0.00,1493.81,1,0.67,1
torchinferno,self_consistency,101,1605.08,0.00,1610.12,1,0.62,1
torchinferno,self_consistency,102,211.37,0.00,211.67,1,4.72,1
torchinferno,self_consistency,103,1464.00,0.00,1573.67,1,0.64,1
torchinferno,self_consistency,104,1602.91,0.00,1603.20,1,0.62,1
torchinferno,self_consistency,105,216.71,0.00,221.99,1,4.50,1
torchinferno,self_consistency,106,1670.48,0.00,1729.70,1,0.58,1
torchinferno,self_consistency,107,1520.97,0.00,1566.94,1,0.64,1
torchinferno,self_consistency,108,1510.00,0.00,1520.15,1,0.66,1
torchinferno,self_consistency,109,1544.10,0.00,1544.38,1,0.65,1
torchinferno,self_consistency,110,1498.96,0.00,1692.00,1,0.59,1
torchinferno,self_consistency,111,1447.64,0.00,1603.23,1,0.62,1
torchinferno,self_consistency,112,1534.24,0.00,1543.64,1,0.65,1
torchinferno,self_consistency,113,1588.84,0.00,1609.37,1,0.62,1
torchinferno,self_consistency,114,1557.44,0.00,1756.24,1,0.57,1
torchinferno,self_consistency,115,1457.56,0.00,1512.79,1,0.66,1
torchinferno,self_consistency,116,1478.69,0.00,1682.63,1,0.59,1
torchinferno,self_consistency,117,1620.01,0.00,1620.35,1,0.62,1
torchinferno,self_consistency,118,197.42,0.00,245.83,1,4.07,1
torchinferno,self_consistency,119,1555.34,0.00,1560.56,1,0.64,1
torchinferno,self_consistency,120,1560.20,0.00,1578.21,1,0.63,1
torchinferno,self_consistency,121,1452.08,0.00,1607.71,1,0.62,1
torchinferno,self_consistency,122,1594.86,0.00,1691.92,1,0.59,1
torchinferno,self_consistency,123,1646.52,0.00,1665.14,1,0.60,1
torchinferno,self_consistency,124,1670.74,0.00,1683.73,1,0.59,1
torchinferno,self_consistency,125,1546.13,0.00,1628.62,1,0.61,1
torchinferno,self_consistency,126,1761.95,0.00,1768.65,1,0.57,1
torchinferno,self_consistency,127,1774.24,0.00,1779.40,1,0.56,1
torchinferno,self_consistency,128,1602.49,0.00,1618.90,1,0.62,1
torchinferno,self_consistency,129,1523.83,0.00,1568.37,1,0.64,1
torchinferno,self_consistency,130,1640.42,0.00,1654.53,1,0.60,1
torchinferno,self_consistency,131,1807.16,0.00,1810.98,1,0.55,1
torchinferno,self_consistency,132,1729.28,0.00,1764.55,1,0.57,1
torchinferno,self_consistency,133,264.64,0.00,299.60,1,3.34,1
torchinferno,self_consistency,134,1584.66,0.00,1649.28,1,0.61,1
torchinferno,self_consistency,135,162.87,0.00,163.20,1,6.13,1
torchinferno,self_consistency,136,148.06,0.00,148.41,1,6.74,1
torchinferno,self_consistency,137,180.03,0.00,185.10,1,5.40,1
torchinferno,self_consistency,138,288.34,0.00,293.38,1,3.41,1
torchinferno,self_consistency,139,276.72,0.00,281.62,1,3.55,1
torchinferno,self_consistency,140,174.51,0.00,174.79,1,5.72,1
torchinferno,self_consistency,141,161.57,0.00,166.85,1,5.99,1
torchinferno,self_consistency,142,177.90,0.00,178.18,1,5.61,1
torchinferno,self_consistency,143,217.23,0.00,232.55,1,4.30,1
torchinferno,self_consistency,144,266.15,0.00,291.75,1,3.43,1
torchinferno,self_consistency,145,243.83,0.00,259.10,1,3.86,1
torchinferno,self_consistency,146,253.70,0.00,254.04,1,3.94,1
torchinferno,self_consistency,147,180.39,0.00,211.10,1,4.74,1
torchinferno,self_consistency,148,132.43,0.00,157.99,1,6.33,1
torchinferno,self_consistency,149,235.02,0.00,235.32,1,4.25,1
torchinferno,self_consistency,150,327.31,0.00,332.53,1,3.01,1
torchinferno,self_consistency,151,278.38,0.00,292.97,1,3.41,1
torchinferno,self_consistency,152,182.53,0.00,187.83,1,5.32,1
torchinferno,self_consistency,153,212.84,0.00,299.15,1,3.34,1
torchinferno,self_consistency,154,244.78,0.00,285.50,1,3.50,1
torchinferno,self_consistency,155,133.46,0.00,174.24,1,5.74,1
torchinferno,self_consistency,156,236.39,0.00,246.79,1,4.05,1
torchinferno,self_consistency,157,225.04,0.00,280.02,1,3.57,1
torchinferno,self_consistency,158,262.05,0.00,262.35,1,3.81,1
torchinferno,self_consistency,159,315.40,0.00,315.69,1,3.17,1
torchinferno,self_consistency,160,239.44,0.00,290.05,1,3.45,1
torchinferno,self_consistency,161,236.13,0.00,281.89,1,3.55,1
torchinferno,self_consistency,162,293.39,0.00,333.75,1,3.00,1
torchinferno,self_consistency,163,233.52,0.00,233.85,1,4.28,1
torchinferno,self_consistency,164,209.68,0.00,220.03,1,4.54,1
torchinferno,self_consistency,165,347.24,0.00,357.32,1,2.80,1
torchinferno,self_consistency,166,321.51,0.00,372.17,1,2.69,1
torchinferno,self_consistency,167,229.73,0.00,245.23,1,4.08,1
torchinferno,self_consistency,168,263.49,0.00,298.93,1,3.35,1
torchinferno,self_consistency,169,100.13,0.00,182.39,1,5.48,1
torchinferno,self_consistency,170,343.98,0.00,369.54,1,2.71,1
torchinferno,self_consistency,171,220.43,0.00,220.74,1,4.53,1
torchinferno,self_consistency,172,335.59,0.00,346.05,1,2.89,1
torchinferno,self_consistency,173,318.87,0.00,359.69,1,2.78,1
torchinferno,self_consistency,174,275.30,0.00,285.76,1,3.50,1
torchinferno,self_consistency,175,250.86,0.00,281.59,1,3.55,1
torchinferno,self_consistency,176,139.84,0.00,221.04,1,4.52,1
torchinferno,self_consistency,177,245.28,0.00,245.58,1,4.07,1
torchinferno,self_consistency,178,191.78,0.00,192.07,1,5.21,1
torchinferno,self_consistency,179,263.51,0.00,273.88,1,3.65,1
torchinferno,self_consistency,180,205.71,0.00,226.02,1,4.42,1
torchinferno,self_consistency,181,234.69,0.00,240.00,1,4.17,1
torchinferno,self_consistency,182,299.18,0.00,395.10,1,2.53,1
torchinferno,self_consistency,183,203.70,0.00,213.92,1,4.67,1
torchinferno,self_consistency,184,228.09,0.00,253.50,1,3.94,1
torchinferno,self_consistency,185,353.65,0.00,353.94,1,2.83,1
torchinferno,self_consistency,186,358.34,0.00,363.35,1,2.75,1
torchinferno,self_consistency,187,308.62,0.00,344.25,1,2.90,1
torchinferno,self_consistency,188,273.27,0.00,308.89,1,3.24,1
torchinferno,self_consistency,189,218.32,0.00,330.58,1,3.03,1
torchinferno,self_consistency,190,257.09,0.00,302.92,1,3.30,1
torchinferno,self_consistency,191,211.87,0.00,212.16,1,4.71,1
torchinferno,self_consistency,192,394.20,0.00,399.22,1,2.50,1
torchinferno,self_consistency,193,325.75,0.00,326.05,1,3.07,1
torchinferno,self_consistency,194,233.83,0.00,244.13,1,4.10,1
torchinferno,self_consistency,195,385.37,0.00,405.89,1,2.46,1
torchinferno,self_consistency,196,286.32,0.00,398.01,1,2.51,1
torchinferno,self_consistency,197,256.48,0.00,256.77,1,3.89,1
torchinferno,self_consistency,198,314.78,0.00,431.42,1,2.32,1
torchinferno,self_consistency,199,227.90,0.00,268.33,1,3.73,1
torchinferno,self_consistency,200,283.71,0.00,374.67,1,2.67,1
torchinferno,self_consistency,201,273.35,0.00,354.55,1,2.82,1
torchinferno,self_consistency,202,226.89,0.00,242.27,1,4.13,1
torchinferno,self_consistency,203,231.18,0.00,236.28,1,4.23,1
torchinferno,self_consistency,204,229.38,0.00,229.68,1,4.35,1
torchinferno,self_consistency,205,276.02,0.00,281.36,1,3.55,1
torchinferno,self_consistency,206,290.54,0.00,326.14,1,3.07,1
torchinferno,self_consistency,207,329.98,0.00,330.26,1,3.03,1
torchinferno,self_consistency,208,316.78,0.00,347.44,1,2.88,1
torchinferno,self_consistency,209,350.44,0.00,350.72,1,2.85,1
torchinferno,self_consistency,210,104.30,0.00,231.08,1,4.33,1
torchinferno,self_consistency,211,364.85,0.00,395.48,1,2.53,1
torchinferno,self_consistency,212,419.16,0.00,444.17,1,2.25,1
torchinferno,self_consistency,213,223.68,0.00,269.06,1,3.72,1
torchinferno,self_consistency,214,229.68,0.00,270.25,1,3.70,1
torchinferno,self_consistency,215,332.08,0.00,332.36,1,3.01,1
torchinferno,self_consistency,216,219.38,0.00,229.38,1,4.36,1
torchinferno,self_consistency,217,418.60,0.00,439.13,1,2.28,1
torchinferno,self_consistency,218,128.56,0.00,269.82,1,3.71,1
torchinferno,self_consistency,219,194.93,0.00,360.08,1,2.78,1
torchinferno,self_consistency,220,342.84,0.00,357.94,1,2.79,1
torchinferno,self_consistency,221,385.97,0.00,396.36,1,2.52,1
torchinferno,self_consistency,222,438.82,0.00,454.27,1,2.20,1
torchinferno,self_consistency,223,420.15,0.00,420.43,1,2.38,1
torchinferno,self_consistency,224,297.75,0.00,338.40,1,2.96,1
torchinferno,self_consistency,225,283.71,0.00,283.99,1,3.52,1
torchinferno,self_consistency,226,409.67,0.00,409.94,1,2.44,1
torchinferno,self_consistency,227,384.19,0.00,389.64,1,2.57,1
torchinferno,self_consistency,228,209.82,0.00,264.74,1,3.78,1
torchinferno,self_consistency,229,120.54,0.00,226.89,1,4.41,1
torchinferno,self_consistency,230,303.43,0.00,303.70,1,3.29,1
torchinferno,self_consistency,231,421.56,0.00,426.88,1,2.34,1
torchinferno,self_consistency,232,387.09,0.00,392.43,1,2.55,1
torchinferno,self_consistency,233,153.01,0.00,309.59,1,3.23,1
torchinferno,self_consistency,234,327.50,0.00,446.82,1,2.24,1
torchinferno,self_consistency,235,265.33,0.00,383.48,1,2.61,1
torchinferno,self_consistency,236,258.91,0.00,259.18,1,3.86,1
torchinferno,self_consistency,237,380.71,0.00,381.05,1,2.62,1
torchinferno,self_consistency,238,446.76,0.00,447.05,1,2.24,1
torchinferno,self_consistency,239,432.85,0.00,456.42,1,2.19,1
torchinferno,self_consistency,240,304.87,0.00,308.15,1,3.25,1
torchinferno,self_consistency,241,338.09,0.00,341.97,1,2.92,1
torchinferno,self_consistency,242,286.77,0.00,296.63,1,3.37,1
torchinferno,self_consistency,243,349.74,0.00,369.19,1,2.71,1
torchinferno,self_consistency,244,370.65,0.00,459.73,1,2.18,1
torchinferno,self_consistency,245,373.44,0.00,381.78,1,2.62,1
torchinferno,self_consistency,246,451.48,0.00,456.51,1,2.19,1
torchinferno,self_consistency,247,331.38,0.00,336.64,1,2.97,1
torchinferno,self_consistency,248,496.84,0.00,515.11,1,1.94,1
torchinferno,self_consistency,249,160.49,0.00,160.97,1,6.21,1
torchinferno,self_consistency,250,442.09,0.00,442.49,1,2.26,1
torchinferno,self_consistency,251,403.67,0.00,406.97,1,2.46,1
torchinferno,self_consistency,252,450.37,0.00,458.93,1,2.18,1
torchinferno,self_consistency,253,247.52,0.00,280.35,1,3.57,1
torchinferno,self_consistency,254,287.73,0.00,311.10,1,3.21,1
torchinferno,self_consistency,255,457.12,0.00,475.98,1,2.10,1
torchinferno,self_consistency,256,124.18,0.00,124.48,1,8.03,1
torchinferno,self_consistency,257,346.66,0.00,346.96,1,2.88,1
torchinferno,self_consistency,258,197.40,0.00,202.60,1,4.94,1
torchinferno,self_consistency,259,228.33,0.00,233.70,1,4.28,1
torchinferno,self_consistency,260,256.33,0.00,256.66,1,3.90,1
torchinferno,self_consistency,261,92.65,0.00,92.94,1,10.76,1
torchinferno,self_consistency,262,308.42,0.00,333.30,1,3.00,1
torchinferno,self_consistency,263,188.12,0.00,188.39,1,5.31,1
torchinferno,self_consistency,264,189.61,0.00,189.97,1,5.26,1
torchinferno,self_consistency,265,112.37,0.00,127.74,1,7.83,1
torchinferno,self_consistency,266,335.04,0.00,340.13,1,2.94,1
torchinferno,self_consistency,267,117.20,0.00,117.55,1,8.51,1
torchinferno,self_consistency,268,204.10,0.00,204.43,1,4.89,1
torchinferno,self_consistency,269,224.56,0.00,224.85,1,4.45,1
torchinferno,self_consistency,270,102.43,0.00,117.71,1,8.50,1
torchinferno,self_consistency,271,147.49,0.00,157.66,1,6.34,1
torchinferno,self_consistency,272,121.84,0.00,130.95,1,7.64,1
torchinferno,self_consistency,273,202.64,0.00,227.85,1,4.39,1
torchinferno,self_consistency,274,483.69,0.00,488.79,1,2.05,1
torchinferno,self_consistency,275,196.19,0.00,196.47,1,5.09,1
torchinferno,self_consistency,276,275.35,0.00,280.71,1,3.56,1
torchinferno,self_consistency,277,395.26,0.00,395.56,1,2.53,1
torchinferno,self_consistency,278,170.79,0.00,180.20,1,5.55,1
torchinferno,self_consistency,279,202.77,0.00,213.21,1,4.69,1
torchinferno,self_consistency,280,212.89,0.00,257.84,1,3.88,1
torchinferno,self_consistency,281,272.77,0.00,297.73,1,3.36,1
torchinferno,self_consistency,282,287.81,0.00,288.10,1,3.47,1
torchinferno,self_consistency,283,152.20,0.00,157.17,1,6.36,1
torchinferno,self_consistency,284,253.29,0.00,292.69,1,3.42,1
torchinferno,self_consistency,285,361.51,0.00,426.72,1,2.34,1
torchinferno,self_consistency,286,107.73,0.00,147.96,1,6.76,1
torchinferno,self_consistency,287,212.65,0.00,291.60,1,3.43,1
torchinferno,self_consistency,288,217.20,0.00,217.57,1,4.60,1
torchinferno,self_consistency,289,227.11,0.00,227.40,1,4.40,1
torchinferno,self_consistency,290,483.59,0.00,488.83,1,2.05,1
torchinferno,self_consistency,291,345.52,0.00,345.87,1,2.89,1
torchinferno,self_consistency,292,187.49,0.00,187.75,1,5.33,1
torchinferno,self_consistency,293,236.36,0.00,236.69,1,4.22,1
torchinferno,self_consistency,294,153.57,0.00,154.02,1,6.49,1
torchinferno,self_consistency,295,253.31,0.00,263.75,1,3.79,1
torchinferno,self_consistency,296,266.76,0.00,293.96,1,3.40,1
torchinferno,self_consistency,297,224.68,0.00,224.96,1,4.45,1
torchinferno,self_consistency,298,231.84,0.00,236.38,1,4.23,1
torchinferno,self_consistency,299,245.06,0.00,270.61,1,3.70,1
torchinferno,self_consistency,300,332.29,0.00,357.94,1,2.79,1
torchinferno,self_consistency,301,140.54,0.00,209.46,1,4.77,1
torchinferno,self_consistency,302,259.46,0.00,264.53,1,3.78,1
torchinferno,self_consistency,303,289.14,0.00,314.54,1,3.18,1
torchinferno,self_consistency,304,298.50,0.00,324.16,1,3.08,1
torchinferno,self_consistency,305,307.65,0.00,317.84,1,3.15,1
torchinferno,self_consistency,306,370.68,0.00,371.02,1,2.70,1
torchinferno,self_consistency,307,286.46,0.00,311.97,1,3.21,1
torchinferno,self_consistency,308,206.91,0.00,207.23,1,4.83,1
torchinferno,self_consistency,309,120.13,0.00,185.94,1,5.38,1
torchinferno,self_consistency,310,166.09,0.00,200.98,1,4.98,1
torchinferno,self_consistency,311,327.15,0.00,327.44,1,3.05,1
torchinferno,self_consistency,312,317.26,0.00,362.36,1,2.76,1
torchinferno,self_consistency,313,216.57,0.00,232.11,1,4.31,1
torchinferno,self_consistency,314,239.24,0.00,244.58,1,4.09,1
torchinferno,self_consistency,315,292.04,0.00,292.31,1,3.42,1
torchinferno,self_consistency,316,377.95,0.00,378.22,1,2.64,1
torchinferno,self_consistency,317,279.75,0.00,290.06,1,3.45,1
torchinferno,self_consistency,318,213.33,0.00,213.61,1,4.68,1
torchinferno,self_consistency,319,237.10,0.00,252.58,1,3.96,1
torchinferno,self_consistency,320,217.65,0.00,222.98,1,4.48,1
torchinferno,self_consistency,321,272.14,0.00,272.43,1,3.67,1
torchinferno,self_consistency,322,382.73,0.00,392.98,1,2.54,1
torchinferno,self_consistency,323,333.11,0.00,333.40,1,3.00,1
torchinferno,self_consistency,324,373.69,0.00,373.98,1,2.67,1
torchinferno,self_consistency,325,247.67,0.00,332.57,1,3.01,1
torchinferno,self_consistency,326,276.67,0.00,276.94,1,3.61,1
torchinferno,self_consistency,327,297.33,0.00,297.62,1,3.36,1
torchinferno,self_consistency,328,326.83,0.00,327.16,1,3.06,1
torchinferno,self_consistency,329,321.20,0.00,326.13,1,3.07,1
torchinferno,self_consistency,330,342.37,0.00,356.57,1,2.80,1
torchinferno,self_consistency,331,267.86,0.00,308.05,1,3.25,1
torchinferno,self_consistency,332,391.92,0.00,392.25,1,2.55,1
torchinferno,self_consistency,333,157.41,0.00,157.70,1,6.34,1
torchinferno,self_consistency,334,387.25,0.00,387.58,1,2.58,1
torchinferno,self_consistency,335,311.84,0.00,312.13,1,3.20,1
torchinferno,self_consistency,336,281.97,0.00,336.58,1,2.97,1
torchinferno,self_consistency,337,313.76,0.00,363.77,1,2.75,1
torchinferno,self_consistency,338,233.63,0.00,233.90,1,4.28,1
torchinferno,self_consistency,339,242.54,0.00,247.70,1,4.04,1
torchinferno,self_consistency,340,286.12,0.00,286.38,1,3.49,1
torchinferno,self_consistency,341,274.50,0.00,338.09,1,2.96,1
torchinferno,self_consistency,342,274.37,0.00,274.65,1,3.64,1
torchinferno,self_consistency,343,126.52,0.00,140.17,1,7.13,1
torchinferno,self_consistency,344,312.24,0.00,312.52,1,3.20,1
torchinferno,self_consistency,345,214.91,0.00,225.02,1,4.44,1
torchinferno,self_consistency,346,454.00,0.00,454.33,1,2.20,1
torchinferno,self_consistency,347,359.33,0.00,359.60,1,2.78,1
torchinferno,self_consistency,348,476.02,0.00,476.32,1,2.10,1
torchinferno,self_consistency,349,381.77,0.00,418.22,1,2.39,1
torchinferno,self_consistency,350,434.88,0.00,435.13,1,2.30,1
torchinferno,self_consistency,351,407.90,0.00,446.95,1,2.24,1
torchinferno,self_consistency,352,229.44,0.00,234.63,1,4.26,1
torchinferno,self_consistency,353,356.07,0.00,417.43,1,2.40,1
torchinferno,self_consistency,354,189.63,0.00,194.59,1,5.14,1
torchinferno,self_consistency,355,130.96,0.00,136.12,1,7.35,1
torchinferno,self_consistency,356,368.40,0.00,373.68,1,2.68,1
torchinferno,self_consistency,357,500.61,0.00,500.93,1,2.00,1
torchinferno,self_consistency,358,237.93,0.00,242.84,1,4.12,1
torchinferno,self_consistency,359,228.34,0.00,316.39,1,3.16,1
torchinferno,self_consistency,360,510.21,0.00,510.54,1,1.96,1
torchinferno,self_consistency,361,209.75,0.00,346.29,1,2.89,1
torchinferno,self_consistency,362,499.08,0.00,499.34,1,2.00,1
torchinferno,self_consistency,363,319.96,0.00,324.80,1,3.08,1
torchinferno,self_consistency,364,353.41,0.00,373.33,1,2.68,1
torchinferno,self_consistency,365,373.49,0.00,392.91,1,2.55,1
torchinferno,self_consistency,366,233.98,0.00,272.72,1,3.67,1
torchinferno,self_consistency,367,340.41,0.00,393.65,1,2.54,1
torchinferno,self_consistency,368,430.73,0.00,435.38,1,2.30,1
torchinferno,self_consistency,369,323.85,0.00,329.10,1,3.04,1
torchinferno,self_consistency,370,321.05,0.00,373.72,1,2.68,1
torchinferno,self_consistency,371,433.54,0.00,515.06,1,1.94,1
torchinferno,self_consistency,372,568.98,0.00,616.57,1,1.62,1
torchinferno,self_consistency,373,504.38,0.00,532.83,1,1.88,1
torchinferno,self_consistency,374,301.99,0.00,302.32,1,3.31,1
torchinferno,self_consistency,375,348.70,0.00,349.02,1,2.87,1
torchinferno,self_consistency,376,423.65,0.00,433.78,1,2.31,1
torchinferno,self_consistency,377,264.67,0.00,277.79,1,3.60,1
torchinferno,self_consistency,378,376.47,0.00,376.73,1,2.65,1
torchinferno,self_consistency,379,519.76,0.00,538.06,1,1.86,1
torchinferno,self_consistency,380,325.00,0.00,342.86,1,2.92,1
torchinferno,self_consistency,381,323.59,0.00,323.89,1,3.09,1
torchinferno,self_consistency,382,408.20,0.00,423.51,1,2.36,1
torchinferno,self_consistency,383,508.96,0.00,524.44,1,1.91,1
torchinferno,self_consistency,384,202.92,0.00,218.49,1,4.58,1
torchinferno,self_consistency,385,270.14,0.00,290.21,1,3.45,1
torchinferno,self_consistency,386,145.32,0.00,170.75,1,5.86,1
torchinferno,self_consistency,387,274.76,0.00,285.19,1,3.51,1
torchinferno,self_consistency,388,368.87,0.00,405.99,1,2.46,1
torchinferno,self_consistency,389,277.59,0.00,277.93,1,3.60,1
torchinferno,self_consistency,390,401.08,0.00,441.21,1,2.27,1
torchinferno,self_consistency,391,336.38,0.00,336.70,1,2.97,1
torchinferno,self_consistency,392,286.13,0.00,331.78,1,3.01,1
torchinferno,self_consistency,393,340.12,0.00,375.07,1,2.67,1
torchinferno,self_consistency,394,361.51,0.00,411.62,1,2.43,1
torchinferno,self_consistency,395,358.72,0.00,363.70,1,2.75,1
torchinferno,self_consistency,396,364.60,0.00,374.94,1,2.67,1
torchinferno,self_consistency,397,206.29,0.00,211.66,1,4.72,1
torchinferno,self_consistency,398,485.86,0.00,541.92,1,1.85,1
torchinferno,self_consistency,399,551.98,0.00,552.28,1,1.81,1
torchinferno,self_consistency,400,154.56,0.00,185.37,1,5.39,1
torchinferno,self_consistency,401,268.63,0.00,309.58,1,3.23,1
torchinferno,self_consistency,402,343.85,0.00,399.29,1,2.50,1
torchinferno,self_consistency,403,240.14,0.00,240.53,1,4.16,1
torchinferno,self_consistency,404,237.99,0.00,253.46,1,3.95,1
torchinferno,self_consistency,405,216.80,0.00,287.67,1,3.48,1
torchinferno,self_consistency,406,285.72,0.00,311.45,1,3.21,1
torchinferno,self_consistency,407,333.98,0.00,359.67,1,2.78,1
torchinferno,self_consistency,408,415.58,0.00,415.88,1,2.40,1
torchinferno,self_consistency,409,258.05,0.00,258.39,1,3.87,1
torchinferno,self_consistency,410,512.62,0.00,553.49,1,1.81,1
torchinferno,self_consistency,411,531.84,0.00,532.14,1,1.88,1
torchinferno,self_consistency,412,176.38,0.00,217.19,1,4.60,1
torchinferno,self_consistency,413,402.67,0.00,428.38,1,2.33,1
torchinferno,self_consistency,414,274.00,0.00,309.85,1,3.23,1
torchinferno,self_consistency,415,283.53,0.00,299.26,1,3.34,1
torchinferno,self_consistency,416,252.12,0.00,298.04,1,3.36,1
torchinferno,self_consistency,417,396.79,0.00,490.67,1,2.04,1
torchinferno,self_consistency,418,395.70,0.00,461.98,1,2.16,1
torchinferno,self_consistency,419,427.63,0.00,432.85,1,2.31,1
torchinferno,self_consistency,420,415.14,0.00,420.56,1,2.38,1
torchinferno,self_consistency,421,327.21,0.00,332.62,1,3.01,1
torchinferno,self_consistency,422,168.53,0.00,183.99,1,5.44,1
torchinferno,self_consistency,423,291.94,0.00,337.06,1,2.97,1
torchinferno,self_consistency,424,220.35,0.00,220.68,1,4.53,1
torchinferno,self_consistency,425,150.25,0.00,216.39,1,4.62,1
torchinferno,self_consistency,426,348.90,0.00,458.90,1,2.18,1
torchinferno,self_consistency,427,182.21,0.00,283.85,1,3.52,1
torchinferno,self_consistency,428,335.99,0.00,391.60,1,2.55,1
torchinferno,self_consistency,429,158.53,0.00,158.88,1,6.29,1
torchinferno,self_consistency,430,352.06,0.00,392.81,1,2.55,1
torchinferno,self_consistency,431,337.52,0.00,347.53,1,2.88,1
torchinferno,self_consistency,432,419.76,0.00,424.88,1,2.35,1
torchinferno,self_consistency,433,501.78,0.00,536.95,1,1.86,1
torchinferno,self_consistency,434,322.18,0.00,445.00,1,2.25,1
torchinferno,self_consistency,435,365.99,0.00,371.32,1,2.69,1
torchinferno,self_consistency,436,339.96,0.00,340.26,1,2.94,1
torchinferno,self_consistency,437,338.02,0.00,353.25,1,2.83,1
torchinferno,self_consistency,438,132.72,0.00,138.20,1,7.24,1
torchinferno,self_consistency,439,561.00,0.00,693.49,1,1.44,1
torchinferno,self_consistency,440,376.36,0.00,421.60,1,2.37,1
torchinferno,self_consistency,441,359.19,0.00,445.54,1,2.24,1
torchinferno,self_consistency,442,262.44,0.00,262.77,1,3.81,1
torchinferno,self_consistency,443,201.96,0.00,222.31,1,4.50,1
torchinferno,self_consistency,444,365.86,0.00,487.78,1,2.05,1
torchinferno,self_consistency,445,388.70,0.00,473.62,1,2.11,1
torchinferno,self_consistency,446,229.12,0.00,239.13,1,4.18,1
torchinferno,self_consistency,447,101.52,0.00,192.91,1,5.18,1
torchinferno,self_consistency,448,292.27,0.00,402.22,1,2.49,1
torchinferno,self_consistency,449,291.78,0.00,376.86,1,2.65,1
torchinferno,self_consistency,450,281.09,0.00,281.37,1,3.55,1
torchinferno,self_consistency,451,353.65,0.00,353.97,1,2.83,1
torchinferno,self_consistency,452,192.57,0.00,347.16,1,2.88,1
torchinferno,self_consistency,453,366.90,0.00,367.27,1,2.72,1
torchinferno,self_consistency,454,289.46,0.00,289.77,1,3.45,1
torchinferno,self_consistency,455,419.54,0.00,419.82,1,2.38,1
torchinferno,self_consistency,456,325.77,0.00,421.00,1,2.38,1
torchinferno,self_consistency,457,306.79,0.00,307.11,1,3.26,1
torchinferno,self_consistency,458,465.13,0.00,495.59,1,2.02,1
torchinferno,self_consistency,459,184.74,0.00,190.04,1,5.26,1
torchinferno,self_consistency,460,231.51,0.00,368.33,1,2.71,1
torchinferno,self_consistency,461,423.38,0.00,596.82,1,1.68,1
torchinferno,self_consistency,462,411.98,0.00,427.47,1,2.34,1
torchinferno,self_consistency,463,391.34,0.00,447.44,1,2.23,1
torchinferno,self_consistency,464,275.88,0.00,279.97,1,3.57,1
torchinferno,self_consistency,465,411.73,0.00,412.01,1,2.43,1
torchinferno,self_consistency,466,325.00,0.00,375.98,1,2.66,1
torchinferno,self_consistency,467,190.29,0.00,372.94,1,2.68,1
torchinferno,self_consistency,468,455.88,0.00,456.17,1,2.19,1
torchinferno,self_consistency,469,401.56,0.00,405.87,1,2.46,1
torchinferno,self_consistency,470,311.41,0.00,472.14,1,2.12,1
torchinferno,self_consistency,471,412.21,0.00,412.56,1,2.42,1
torchinferno,self_consistency,472,363.75,0.00,507.87,1,1.97,1
torchinferno,self_consistency,473,297.09,0.00,305.94,1,3.27,1
torchinferno,self_consistency,474,314.04,0.00,466.11,1,2.15,1
torchinferno,self_consistency,475,338.67,0.00,338.93,1,2.95,1
torchinferno,self_consistency,476,275.59,0.00,426.00,1,2.35,1
torchinferno,self_consistency,477,495.47,0.00,606.38,1,1.65,1
torchinferno,self_consistency,478,356.44,0.00,554.95,1,1.80,1
torchinferno,self_consistency,479,457.99,0.00,627.49,1,1.59,1
torchinferno,self_consistency,480,550.38,0.00,559.71,1,1.79,1
torchinferno,self_consistency,481,401.75,0.00,473.06,1,2.11,1
torchinferno,self_consistency,482,416.75,0.00,417.10,1,2.40,1
torchinferno,self_consistency,483,230.23,0.00,330.69,1,3.02,1
torchinferno,self_consistency,484,361.44,0.00,361.91,1,2.76,1
torchinferno,self_consistency,485,418.40,0.00,487.44,1,2.05,1
torchinferno,self_consistency,486,490.20,0.00,490.54,1,2.04,1
torchinferno,self_consistency,487,361.00,0.00,361.34,1,2.77,1
torchinferno,self_consistency,488,372.58,0.00,396.02,1,2.53,1
torchinferno,self_consistency,489,360.46,0.00,409.19,1,2.44,1
torchinferno,self_consistency,490,320.89,0.00,368.90,1,2.71,1
torchinferno,self_consistency,491,128.37,0.00,324.38,1,3.08,1
torchinferno,self_consistency,492,347.34,0.00,396.63,1,2.52,1
torchinferno,self_consistency,493,321.85,0.00,322.13,1,3.10,1
torchinferno,self_consistency,494,510.16,0.00,533.69,1,1.87,1
torchinferno,self_consistency,495,554.64,0.00,574.59,1,1.74,1
torchinferno,self_consistency,496,235.72,0.00,350.55,1,2.85,1
torchinferno,self_consistency,497,600.95,0.00,672.44,1,1.49,1
torchinferno,self_consistency,498,459.13,0.00,505.28,1,1.98,1
torchinferno,self_consistency,499,232.59,0.00,393.42,1,2.54,1
torchinferno,self_consistency,500,558.06,0.00,558.53,1,1.79,1
torchinferno,self_consistency,501,200.35,0.00,266.36,1,3.75,1
torchinferno,self_consistency,502,292.34,0.00,292.62,1,3.42,1
torchinferno,self_consistency,503,85.94,0.00,93.40,1,10.71,1
torchinferno,self_consistency,504,286.67,0.00,292.05,1,3.42,1
torchinferno,self_consistency,505,309.60,0.00,315.05,1,3.17,1
torchinferno,self_consistency,506,215.17,0.00,215.44,1,4.64,1
torchinferno,self_consistency,507,271.22,0.00,271.50,1,3.68,1
torchinferno,self_consistency,508,188.93,0.00,189.38,1,5.28,1
torchinferno,self_consistency,509,198.34,0.00,208.86,1,4.79,1
torchinferno,self_consistency,510,300.93,0.00,323.23,1,3.09,1
torchinferno,self_consistency,511,172.16,0.00,172.47,1,5.80,1
torchinferno,self_consistency,512,101.36,0.00,101.71,1,9.83,1
torchinferno,self_consistency,513,200.02,0.00,210.55,1,4.75,1
torchinferno,self_consistency,514,121.18,0.00,121.49,1,8.23,1
torchinferno,self_consistency,515,253.04,0.00,263.43,1,3.80,1
torchinferno,self_consistency,516,169.98,0.00,195.46,1,5.12,1
torchinferno,self_consistency,517,242.17,0.00,281.82,1,3.55,1
torchinferno,self_consistency,518,253.41,0.00,289.03,1,3.46,1
torchinferno,self_consistency,519,155.55,0.00,176.11,1,5.68,1
torchinferno,self_consistency,520,342.01,0.00,342.38,1,2.92,1
torchinferno,self_consistency,521,134.30,0.00,159.83,1,6.26,1
torchinferno,self_consistency,522,247.35,0.00,262.91,1,3.80,1
torchinferno,self_consistency,523,142.82,0.00,178.22,1,5.61,1
torchinferno,self_consistency,524,166.91,0.00,177.37,1,5.64,1
torchinferno,self_consistency,525,232.94,0.00,233.21,1,4.29,1
torchinferno,self_consistency,526,284.80,0.00,325.71,1,3.07,1
torchinferno,self_consistency,527,258.86,0.00,289.57,1,3.45,1
torchinferno,self_consistency,528,299.08,0.00,299.38,1,3.34,1
torchinferno,self_consistency,529,309.09,0.00,309.37,1,3.23,1
torchinferno,self_consistency,530,279.48,0.00,300.08,1,3.33,1
torchinferno,self_consistency,531,225.64,0.00,246.25,1,4.06,1
torchinferno,self_consistency,532,84.26,0.00,149.75,1,6.68,1
torchinferno,self_consistency,533,327.86,0.00,353.27,1,2.83,1
torchinferno,self_consistency,534,196.88,0.00,232.68,1,4.30,1
torchinferno,self_consistency,535,150.31,0.00,205.30,1,4.87,1
torchinferno,self_consistency,536,375.75,0.00,381.11,1,2.62,1
torchinferno,self_consistency,537,312.28,0.00,317.52,1,3.15,1
torchinferno,self_consistency,538,103.44,0.00,144.09,1,6.94,1
torchinferno,self_consistency,539,254.27,0.00,254.58,1,3.93,1
torchinferno,self_consistency,540,279.07,0.00,293.68,1,3.41,1
torchinferno,self_consistency,541,306.58,0.00,332.17,1,3.01,1
torchinferno,self_consistency,542,289.21,0.00,289.55,1,3.45,1
torchinferno,self_consistency,543,190.90,0.00,206.35,1,4.85,1
torchinferno,self_consistency,544,384.64,0.00,389.95,1,2.56,1
torchinferno,self_consistency,545,183.75,0.00,189.13,1,5.29,1
torchinferno,self_consistency,546,297.85,0.00,368.78,1,2.71,1
torchinferno,self_consistency,547,183.20,0.00,193.34,1,5.17,1
torchinferno,self_consistency,548,299.38,0.00,309.73,1,3.23,1
torchinferno,self_consistency,549,313.42,0.00,313.69,1,3.19,1
torchinferno,self_consistency,550,173.85,0.00,260.82,1,3.83,1
torchinferno,self_consistency,551,314.67,0.00,329.20,1,3.04,1
torchinferno,self_consistency,552,245.85,0.00,341.57,1,2.93,1
torchinferno,self_consistency,553,246.64,0.00,262.24,1,3.81,1
torchinferno,self_consistency,554,232.77,0.00,298.59,1,3.35,1
torchinferno,self_consistency,555,292.44,0.00,328.56,1,3.04,1
torchinferno,self_consistency,556,195.13,0.00,256.03,1,3.91,1
torchinferno,self_consistency,557,208.23,0.00,319.27,1,3.13,1
torchinferno,self_consistency,558,256.01,0.00,332.41,1,3.01,1
torchinferno,self_consistency,559,342.38,0.00,412.87,1,2.42,1
torchinferno,self_consistency,560,213.66,0.00,314.99,1,3.17,1
torchinferno,self_consistency,561,340.69,0.00,396.74,1,2.52,1
torchinferno,self_consistency,562,221.38,0.00,226.75,1,4.41,1
torchinferno,self_consistency,563,305.20,0.00,320.40,1,3.12,1
torchinferno,self_consistency,564,198.65,0.00,326.44,1,3.06,1
torchinferno,self_consistency,565,204.58,0.00,245.48,1,4.07,1
torchinferno,self_consistency,566,287.18,0.00,387.92,1,2.58,1
torchinferno,self_consistency,567,210.01,0.00,276.09,1,3.62,1
torchinferno,self_consistency,568,214.17,0.00,214.45,1,4.66,1
torchinferno,self_consistency,569,296.26,0.00,386.87,1,2.58,1
torchinferno,self_consistency,570,168.85,0.00,270.53,1,3.70,1
torchinferno,self_consistency,571,190.54,0.00,225.88,1,4.43,1
torchinferno,self_consistency,572,376.35,0.00,376.62,1,2.66,1
torchinferno,self_consistency,573,323.85,0.00,384.93,1,2.60,1
torchinferno,self_consistency,574,349.04,0.00,369.62,1,2.71,1
torchinferno,self_consistency,575,214.30,0.00,244.44,1,4.09,1
torchinferno,self_consistency,576,333.30,0.00,333.58,1,3.00,1
torchinferno,self_consistency,577,427.60,0.00,427.90,1,2.34,1
torchinferno,self_consistency,578,313.14,0.00,343.88,1,2.91,1
torchinferno,self_consistency,579,391.37,0.00,417.05,1,2.40,1
torchinferno,self_consistency,580,251.45,0.00,251.74,1,3.97,1
torchinferno,self_consistency,581,166.52,0.00,262.30,1,3.81,1
torchinferno,self_consistency,582,272.63,0.00,298.53,1,3.35,1
torchinferno,self_consistency,583,365.40,0.00,390.64,1,2.56,1
torchinferno,self_consistency,584,414.40,0.00,414.71,1,2.41,1
torchinferno,self_consistency,585,435.24,0.00,440.74,1,2.27,1
torchinferno,self_consistency,586,248.05,0.00,390.00,1,2.56,1
torchinferno,self_consistency,587,139.76,0.00,279.63,1,3.58,1
torchinferno,self_consistency,588,280.89,0.00,290.98,1,3.44,1
torchinferno,self_consistency,589,225.94,0.00,251.16,1,3.98,1
torchinferno,self_consistency,590,344.51,0.00,344.80,1,2.90,1
torchinferno,self_consistency,591,242.38,0.00,252.57,1,3.96,1
torchinferno,self_consistency,592,346.48,0.00,351.75,1,2.84,1
torchinferno,self_consistency,593,281.05,0.00,281.36,1,3.55,1
torchinferno,self_consistency,594,156.76,0.00,304.44,1,3.28,1
torchinferno,self_consistency,595,160.85,0.00,340.90,1,2.93,1
torchinferno,self_consistency,596,159.66,0.00,315.69,1,3.17,1
torchinferno,self_consistency,597,410.61,0.00,410.90,1,2.43,1
torchinferno,self_consistency,598,334.84,0.00,476.04,1,2.10,1
torchinferno,self_consistency,599,401.93,0.00,402.35,1,2.49,1
torchinferno,self_consistency,600,311.38,0.00,311.68,1,3.21,1
torchinferno,self_consistency,601,344.33,0.00,344.72,1,2.90,1
torchinferno,self_consistency,602,352.27,0.00,352.54,1,2.84,1
torchinferno,self_consistency,603,359.68,0.00,374.93,1,2.67,1
torchinferno,self_consistency,604,481.54,0.00,486.21,1,2.06,1
torchinferno,self_consistency,605,456.51,0.00,491.85,1,2.03,1
torchinferno,self_consistency,606,185.85,0.00,315.29,1,3.17,1
torchinferno,self_consistency,607,192.58,0.00,297.67,1,3.36,1
torchinferno,self_consistency,608,441.83,0.00,481.69,1,2.08,1
torchinferno,self_consistency,609,272.18,0.00,287.03,1,3.48,1
torchinferno,self_consistency,610,383.81,0.00,388.38,1,2.57,1
torchinferno,self_consistency,611,300.42,0.00,343.70,1,2.91,1
torchinferno,self_consistency,612,364.43,0.00,403.08,1,2.48,1
torchinferno,self_consistency,613,278.91,0.00,370.82,1,2.70,1
torchinferno,self_consistency,614,401.40,0.00,410.25,1,2.44,1
torchinferno,self_consistency,615,451.39,0.00,451.71,1,2.21,1
torchinferno,self_consistency,616,413.61,0.00,438.76,1,2.28,1
torchinferno,self_consistency,617,445.44,0.00,471.68,1,2.12,1
torchinferno,self_consistency,618,222.71,0.00,222.98,1,4.48,1
torchinferno,self_consistency,619,401.67,0.00,405.70,1,2.46,1
torchinferno,self_consistency,620,163.27,0.00,163.62,1,6.11,1
torchinferno,self_consistency,621,209.49,0.00,214.54,1,4.66,1
torchinferno,self_consistency,622,181.59,0.00,186.19,1,5.37,1
torchinferno,self_consistency,623,433.27,0.00,448.24,1,2.23,1
torchinferno,self_consistency,624,215.96,0.00,216.46,1,4.62,1
torchinferno,self_consistency,625,185.38,0.00,205.91,1,4.86,1
torchinferno,self_consistency,626,101.43,0.00,129.85,1,7.70,1
torchinferno,self_consistency,627,171.17,0.00,176.33,1,5.67,1
torchinferno,self_consistency,628,216.93,0.00,217.25,1,4.60,1
torchinferno,self_consistency,629,248.49,0.00,248.79,1,4.02,1
torchinferno,self_consistency,630,274.69,0.00,284.85,1,3.51,1
torchinferno,self_consistency,631,251.56,0.00,252.04,1,3.97,1
torchinferno,self_consistency,632,138.68,0.00,164.33,1,6.09,1
torchinferno,self_consistency,633,223.33,0.00,223.70,1,4.47,1
torchinferno,self_consistency,634,189.51,0.00,215.05,1,4.65,1
torchinferno,self_consistency,635,164.69,0.00,169.93,1,5.88,1
torchinferno,self_consistency,636,359.95,0.00,405.75,1,2.46,1
torchinferno,self_consistency,637,224.26,0.00,224.60,1,4.45,1
torchinferno,self_consistency,638,151.27,0.00,192.13,1,5.20,1
torchinferno,self_consistency,639,115.34,0.00,135.87,1,7.36,1
torchinferno,self_consistency,640,187.87,0.00,192.96,1,5.18,1
torchinferno,self_consistency,641,216.93,0.00,221.72,1,4.51,1
torchinferno,self_consistency,642,381.44,0.00,473.82,1,2.11,1
torchinferno,self_consistency,643,155.95,0.00,206.96,1,4.83,1
torchinferno,self_consistency,644,336.84,0.00,337.20,1,2.97,1
torchinferno,self_consistency,645,455.12,0.00,521.06,1,1.92,1
torchinferno,self_consistency,646,202.06,0.00,217.53,1,4.60,1
torchinferno,self_consistency,647,336.38,0.00,406.94,1,2.46,1
torchinferno,self_consistency,648,157.36,0.00,223.60,1,4.47,1
torchinferno,self_consistency,649,202.53,0.00,202.82,1,4.93,1
torchinferno,self_consistency,650,306.78,0.00,317.07,1,3.15,1
torchinferno,self_consistency,651,217.49,0.00,222.86,1,4.49,1
torchinferno,self_consistency,652,240.65,0.00,296.27,1,3.38,1
torchinferno,self_consistency,653,285.89,0.00,286.14,1,3.49,1
torchinferno,self_consistency,654,256.87,0.00,257.15,1,3.89,1
torchinferno,self_consistency,655,504.37,0.00,574.85,1,1.74,1
torchinferno,self_consistency,656,186.31,0.00,191.59,1,5.22,1
torchinferno,self_consistency,657,88.62,0.00,177.77,1,5.63,1
torchinferno,self_consistency,658,320.98,0.00,351.51,1,2.84,1
torchinferno,self_consistency,659,202.36,0.00,212.78,1,4.70,1
torchinferno,self_consistency,660,476.25,0.00,476.57,1,2.10,1
torchinferno,self_consistency,661,332.67,0.00,337.34,1,2.96,1
torchinferno,self_consistency,662,187.12,0.00,232.97,1,4.29,1
torchinferno,self_consistency,663,67.46,0.00,157.78,1,6.34,1
torchinferno,self_consistency,664,216.26,0.00,276.37,1,3.62,1
torchinferno,self_consistency,665,267.68,0.00,312.97,1,3.20,1
torchinferno,self_consistency,666,234.31,0.00,244.79,1,4.09,1
torchinferno,self_consistency,667,187.26,0.00,272.15,1,3.67,1
torchinferno,self_consistency,668,267.15,0.00,272.12,1,3.67,1
torchinferno,self_consistency,669,177.26,0.00,248.04,1,4.03,1
torchinferno,self_consistency,670,270.18,0.00,375.12,1,2.67,1
torchinferno,self_consistency,671,370.37,0.00,370.69,1,2.70,1
torchinferno,self_consistency,672,292.08,0.00,352.36,1,2.84,1
torchinferno,self_consistency,673,365.34,0.00,370.32,1,2.70,1
torchinferno,self_consistency,674,337.04,0.00,342.28,1,2.92,1
torchinferno,self_consistency,675,1378.45,0.00,1378.73,1,0.73,1
torchinferno,self_consistency,676,150.05,0.00,291.19,1,3.43,1
torchinferno,self_consistency,677,281.92,0.00,327.75,1,3.05,1
torchinferno,self_consistency,678,396.23,0.00,400.96,1,2.49,1
torchinferno,self_consistency,679,187.31,0.00,197.78,1,5.06,1
torchinferno,self_consistency,680,403.21,0.00,408.57,1,2.45,1
torchinferno,self_consistency,681,362.97,0.00,387.07,1,2.58,1
torchinferno,self_consistency,682,280.52,0.00,341.36,1,2.93,1
torchinferno,self_consistency,683,257.37,0.00,277.75,1,3.60,1
torchinferno,self_consistency,684,250.80,0.00,295.96,1,3.38,1
torchinferno,self_consistency,685,185.79,0.00,335.91,1,2.98,1
torchinferno,self_consistency,686,463.35,0.00,493.76,1,2.03,1
torchinferno,self_consistency,687,144.91,0.00,178.98,1,5.59,1
torchinferno,self_consistency,688,304.40,0.00,354.48,1,2.82,1
torchinferno,self_consistency,689,216.14,0.00,315.90,1,3.17,1
torchinferno,self_consistency,690,281.21,0.00,315.97,1,3.16,1
torchinferno,self_consistency,691,406.82,0.00,407.07,1,2.46,1
torchinferno,self_consistency,692,342.65,0.00,402.07,1,2.49,1
torchinferno,self_consistency,693,270.42,0.00,275.13,1,3.63,1
torchinferno,self_consistency,694,346.10,0.00,346.36,1,2.89,1
torchinferno,self_consistency,695,235.86,0.00,236.13,1,4.23,1
torchinferno,self_consistency,696,213.29,0.00,232.11,1,4.31,1
torchinferno,self_consistency,697,287.56,0.00,392.03,1,2.55,1
torchinferno,self_consistency,698,332.48,0.00,396.90,1,2.52,1
torchinferno,self_consistency,699,350.30,0.00,365.14,1,2.74,1
torchinferno,self_consistency,700,427.98,0.00,452.83,1,2.21,1
torchinferno,self_consistency,701,421.98,0.00,561.82,1,1.78,1
torchinferno,self_consistency,702,275.50,0.00,275.76,1,3.63,1
torchinferno,self_consistency,703,276.36,0.00,334.87,1,2.99,1
torchinferno,self_consistency,704,402.90,0.00,432.14,1,2.31,1
torchinferno,self_consistency,705,315.31,0.00,315.60,1,3.17,1
torchinferno,self_consistency,706,206.68,0.00,206.95,1,4.83,1
torchinferno,self_consistency,707,354.65,0.00,354.90,1,2.82,1
torchinferno,self_consistency,708,218.24,0.00,232.02,1,4.31,1
torchinferno,self_consistency,709,283.86,0.00,433.26,1,2.31,1
torchinferno,self_consistency,710,201.38,0.00,206.78,1,4.84,1
torchinferno,self_consistency,711,161.21,0.00,180.56,1,5.54,1
torchinferno,self_consistency,712,265.49,0.00,275.43,1,3.63,1
torchinferno,self_consistency,713,373.08,0.00,436.12,1,2.29,1
torchinferno,self_consistency,714,388.12,0.00,388.44,1,2.57,1
torchinferno,self_consistency,715,124.26,0.00,124.56,1,8.03,1
torchinferno,self_consistency,716,294.00,0.00,342.00,1,2.92,1
torchinferno,self_consistency,717,96.54,0.00,334.42,1,2.99,1
torchinferno,self_consistency,718,143.51,0.00,148.85,1,6.72,1
torchinferno,self_consistency,719,234.79,0.00,317.57,1,3.15,1
torchinferno,self_consistency,720,288.22,0.00,303.68,1,3.29,1
torchinferno,self_consistency,721,289.92,0.00,309.33,1,3.23,1
torchinferno,self_consistency,722,139.52,0.00,149.61,1,6.68,1
torchinferno,self_consistency,723,343.99,0.00,344.29,1,2.90,1
torchinferno,self_consistency,724,128.75,0.00,139.19,1,7.18,1
torchinferno,self_consistency,725,343.91,0.00,358.90,1,2.79,1
torchinferno,self_consistency,726,174.15,0.00,199.19,1,5.02,1
torchinferno,self_consistency,727,178.58,0.00,183.32,1,5.46,1
torchinferno,self_consistency,728,264.34,0.00,299.90,1,3.33,1
torchinferno,self_consistency,729,374.76,0.00,375.10,1,2.67,1
torchinferno,self_consistency,730,184.37,0.00,184.66,1,5.42,1
torchinferno,self_consistency,731,422.70,0.00,524.44,1,1.91,1
torchinferno,self_consistency,732,342.80,0.00,343.10,1,2.91,1
torchinferno,self_consistency,733,258.23,0.00,258.52,1,3.87,1
torchinferno,self_consistency,734,477.35,0.00,477.64,1,2.09,1
torchinferno,self_consistency,735,304.21,0.00,332.86,1,3.00,1
torchinferno,self_consistency,736,363.99,0.00,364.27,1,2.75,1
torchinferno,self_consistency,737,342.75,0.00,371.92,1,2.69,1
torchinferno,self_consistency,738,407.84,0.00,408.12,1,2.45,1
torchinferno,self_consistency,739,104.00,0.00,113.91,1,8.78,1
torchinferno,self_consistency,740,268.45,0.00,273.30,1,3.66,1
torchinferno,self_consistency,741,403.02,0.00,412.93,1,2.42,1
torchinferno,self_consistency,742,228.73,0.00,264.05,1,3.79,1
torchinferno,self_consistency,743,180.82,0.00,181.09,1,5.52,1
torchinferno,self_consistency,744,188.24,0.00,188.58,1,5.30,1
torchinferno,self_consistency,745,174.24,0.00,179.43,1,5.57,1
torchinferno,self_consistency,746,300.83,0.00,315.91,1,3.17,1
torchinferno,self_consistency,747,225.34,0.00,240.75,1,4.15,1
torchinferno,self_consistency,748,327.31,0.00,397.23,1,2.52,1
torchinferno,self_consistency,749,401.92,0.00,407.31,1,2.46,1
torchinferno,self_consistency,750,203.67,0.00,208.78,1,4.79,1
torchinferno,self_consistency,751,318.78,0.00,319.10,1,3.13,1
torchinferno,self_consistency,752,345.00,0.00,345.32,1,2.90,1
torchinferno,self_consistency,753,214.32,0.00,239.99,1,4.17,1
torchinferno,self_consistency,754,368.41,0.00,464.79,1,2.15,1
torchinferno,self_consistency,755,315.19,0.00,329.34,1,3.04,1
torchinferno,self_consistency,756,215.38,0.00,259.79,1,3.85,1
torchinferno,self_consistency,757,129.61,0.00,134.87,1,7.41,1
torchinferno,self_consistency,758,293.54,0.00,317.74,1,3.15,1
torchinferno,self_consistency,759,208.38,0.00,223.73,1,4.47,1
torchinferno,self_consistency,760,349.10,0.00,384.67,1,2.60,1
torchinferno,self_consistency,761,101.17,0.00,101.43,1,9.86,1
torchinferno,self_consistency,762,508.66,0.00,549.01,1,1.82,1
torchinferno,self_consistency,763,212.84,0.00,223.15,1,4.48,1
torchinferno,self_consistency,764,290.33,0.00,295.40,1,3.39,1
torchinferno,self_consistency,765,421.83,0.00,422.13,1,2.37,1
torchinferno,self_consistency,766,187.61,0.00,187.89,1,5.32,1
torchinferno,self_consistency,767,207.45,0.00,232.79,1,4.30,1
torchinferno,self_consistency,768,172.01,0.00,267.09,1,3.74,1
torchinferno,self_consistency,769,175.17,0.00,175.50,1,5.70,1
torchinferno,self_consistency,770,144.69,0.00,181.07,1,5.52,1
torchinferno,self_consistency,771,360.84,0.00,376.34,1,2.66,1
torchinferno,self_consistency,772,213.53,0.00,218.55,1,4.58,1
torchinferno,self_consistency,773,219.05,0.00,239.58,1,4.17,1
torchinferno,self_consistency,774,242.92,0.00,256.27,1,3.90,1
torchinferno,self_consistency,775,188.59,0.00,188.86,1,5.29,1
torchinferno,self_consistency,776,268.30,0.00,304.08,1,3.29,1
torchinferno,self_consistency,777,342.15,0.00,342.42,1,2.92,1
torchinferno,self_consistency,778,353.86,0.00,367.84,1,2.72,1
torchinferno,self_consistency,779,232.32,0.00,237.24,1,4.22,1
torchinferno,self_consistency,780,295.06,0.00,359.86,1,2.78,1
torchinferno,self_consistency,781,596.68,0.00,596.97,1,1.68,1
torchinferno,self_consistency,782,313.34,0.00,313.69,1,3.19,1
torchinferno,self_consistency,783,328.58,0.00,332.95,1,3.00,1
torchinferno,self_consistency,784,163.78,0.00,222.94,1,4.49,1
torchinferno,self_consistency,785,463.79,0.00,469.14,1,2.13,1
torchinferno,self_consistency,786,199.71,0.00,223.80,1,4.47,1
torchinferno,self_consistency,787,456.72,0.00,491.33,1,2.04,1
torchinferno,self_consistency,788,409.07,0.00,449.77,1,2.22,1
torchinferno,self_consistency,789,305.23,0.00,330.63,1,3.02,1
torchinferno,self_consistency,790,351.69,0.00,356.44,1,2.81,1
torchinferno,self_consistency,791,266.17,0.00,276.61,1,3.62,1
torchinferno,self_consistency,792,224.84,0.00,233.75,1,4.28,1
torchinferno,self_consistency,793,270.20,0.00,270.53,1,3.70,1
torchinferno,self_consistency,794,180.46,0.00,180.77,1,5.53,1
torchinferno,self_consistency,795,336.51,0.00,340.61,1,2.94,1
torchinferno,self_consistency,796,136.21,0.00,140.99,1,7.09,1
torchinferno,self_consistency,797,166.26,0.00,176.71,1,5.66,1
torchinferno,self_consistency,798,194.09,0.00,227.91,1,4.39,1
torchinferno,self_consistency,799,308.70,0.00,327.87,1,3.05,1
torchinferno,self_consistency,800,227.08,0.00,272.26,1,3.67,1
torchinferno,self_consistency,801,486.53,0.00,530.36,1,1.89,1
torchinferno,self_consistency,802,306.88,0.00,366.48,1,2.73,1
torchinferno,self_consistency,803,253.56,0.00,263.56,1,3.79,1
torchinferno,self_consistency,804,257.23,0.00,257.49,1,3.88,1
torchinferno,self_consistency,805,308.53,0.00,377.98,1,2.65,1
torchinferno,self_consistency,806,185.40,0.00,194.16,1,5.15,1
torchinferno,self_consistency,807,352.69,0.00,353.01,1,2.83,1
torchinferno,self_consistency,808,268.07,0.00,297.01,1,3.37,1
torchinferno,self_consistency,809,194.92,0.00,195.21,1,5.12,1
torchinferno,self_consistency,810,237.14,0.00,242.01,1,4.13,1
torchinferno,self_consistency,811,366.38,0.00,366.62,1,2.73,1
torchinferno,self_consistency,812,262.28,0.00,262.56,1,3.81,1
torchinferno,self_consistency,813,260.90,0.00,261.22,1,3.83,1
torchinferno,self_consistency,814,339.74,0.00,340.04,1,2.94,1
torchinferno,self_consistency,815,282.11,0.00,312.19,1,3.20,1
torchinferno,self_consistency,816,445.61,0.00,445.89,1,2.24,1
torchinferno,self_consistency,817,188.70,0.00,207.76,1,4.81,1
torchinferno,self_consistency,818,228.53,0.00,262.70,1,3.81,1
torchinferno,self_consistency,819,421.16,0.00,435.45,1,2.30,1
torchinferno,self_consistency,820,263.23,0.00,268.24,1,3.73,1
torchinferno,self_consistency,821,375.64,0.00,380.97,1,2.62,1
torchinferno,self_consistency,822,300.65,0.00,343.96,1,2.91,1
torchinferno,self_consistency,823,439.96,0.00,440.26,1,2.27,1
torchinferno,self_consistency,824,420.63,0.00,435.66,1,2.30,1
torchinferno,self_consistency,825,200.47,0.00,262.78,1,3.81,1
torchinferno,self_consistency,826,252.91,0.00,253.16,1,3.95,1
torchinferno,self_consistency,827,419.37,0.00,419.63,1,2.38,1
torchinferno,self_consistency,828,219.11,0.00,219.47,1,4.56,1
torchinferno,self_consistency,829,464.38,0.00,474.69,1,2.11,1
torchinferno,self_consistency,830,178.27,0.00,178.63,1,5.60,1
torchinferno,self_consistency,831,153.47,0.00,153.80,1,6.50,1
torchinferno,self_consistency,832,452.02,0.00,457.37,1,2.19,1
torchinferno,self_consistency,833,158.61,0.00,208.79,1,4.79,1
torchinferno,self_consistency,834,296.39,0.00,306.43,1,3.26,1
torchinferno,self_consistency,835,605.97,0.00,704.08,1,1.42,1
torchinferno,self_consistency,836,355.21,0.00,380.99,1,2.62,1
torchinferno,self_consistency,837,325.21,0.00,330.52,1,3.03,1
torchinferno,self_consistency,838,340.29,0.00,405.29,1,2.47,1
torchinferno,self_consistency,839,400.48,0.00,425.79,1,2.35,1
torchinferno,self_consistency,840,258.74,0.00,259.03,1,3.86,1
torchinferno,self_consistency,841,382.09,0.00,421.98,1,2.37,1
torchinferno,self_consistency,842,360.51,0.00,365.04,1,2.74,1
torchinferno,self_consistency,843,218.42,0.00,218.70,1,4.57,1
torchinferno,self_consistency,844,229.11,0.00,234.45,1,4.27,1
torchinferno,self_consistency,845,188.84,0.00,194.11,1,5.15,1
torchinferno,self_consistency,846,345.37,0.00,355.61,1,2.81,1
torchinferno,self_consistency,847,414.91,0.00,415.26,1,2.41,1
torchinferno,self_consistency,848,409.42,0.00,409.71,1,2.44,1
torchinferno,self_consistency,849,249.29,0.00,259.18,1,3.86,1
torchinferno,self_consistency,850,199.71,0.00,200.02,1,5.00,1
torchinferno,self_consistency,851,268.58,0.00,268.86,1,3.72,1
torchinferno,self_consistency,852,272.32,0.00,372.40,1,2.69,1
torchinferno,self_consistency,853,213.58,0.00,213.88,1,4.68,1
torchinferno,self_consistency,854,243.85,0.00,248.98,1,4.02,1
torchinferno,self_consistency,855,298.12,0.00,318.59,1,3.14,1
torchinferno,self_consistency,856,357.69,0.00,362.96,1,2.76,1
torchinferno,self_consistency,857,111.05,0.00,116.16,1,8.61,1
torchinferno,self_consistency,858,242.90,0.00,262.97,1,3.80,1
torchinferno,self_consistency,859,490.09,0.00,495.39,1,2.02,1
torchinferno,self_consistency,860,298.32,0.00,308.27,1,3.24,1
torchinferno,self_consistency,861,192.73,0.00,232.87,1,4.29,1
torchinferno,self_consistency,862,139.57,0.00,154.65,1,6.47,1
torchinferno,self_consistency,863,221.57,0.00,221.88,1,4.51,1
torchinferno,self_consistency,864,248.72,0.00,258.84,1,3.86,1
torchinferno,self_consistency,865,183.47,0.00,238.49,1,4.19,1
torchinferno,self_consistency,866,396.04,0.00,421.69,1,2.37,1
torchinferno,self_consistency,867,170.19,0.00,185.02,1,5.40,1
torchinferno,self_consistency,868,425.49,0.00,444.97,1,2.25,1
torchinferno,self_consistency,869,494.10,0.00,499.47,1,2.00,1
torchinferno,self_consistency,870,303.95,0.00,318.76,1,3.14,1
torchinferno,self_consistency,871,357.97,0.00,362.66,1,2.76,1
torchinferno,self_consistency,872,262.80,0.00,267.74,1,3.74,1
torchinferno,self_consistency,873,215.10,0.00,220.44,1,4.54,1
torchinferno,self_consistency,874,338.59,0.00,347.86,1,2.87,1
torchinferno,self_consistency,875,282.11,0.00,282.56,1,3.54,1
torchinferno,self_consistency,876,178.20,0.00,183.54,1,5.45,1
torchinferno,self_consistency,877,321.56,0.00,331.23,1,3.02,1
torchinferno,self_consistency,878,224.29,0.00,224.63,1,4.45,1
torchinferno,self_consistency,879,381.82,0.00,391.00,1,2.56,1
torchinferno,self_consistency,880,287.63,0.00,294.85,1,3.39,1
torchinferno,self_consistency,881,297.90,0.00,316.62,1,3.16,1
torchinferno,self_consistency,882,376.32,0.00,384.38,1,2.60,1
torchinferno,self_consistency,883,331.56,0.00,335.34,1,2.98,1
torchinferno,self_consistency,884,467.28,0.00,499.58,1,2.00,1
torchinferno,self_consistency,885,125.68,0.00,125.98,1,7.94,1
torchinferno,self_consistency,886,295.83,0.00,305.01,1,3.28,1
torchinferno,self_consistency,887,172.52,0.00,180.62,1,5.54,1
torchinferno,self_consistency,888,395.24,0.00,395.58,1,2.53,1
torchinferno,self_consistency,889,270.45,0.00,270.80,1,3.69,1
torchinferno,self_consistency,890,337.69,0.00,342.91,1,2.92,1
torchinferno,self_consistency,891,157.77,0.00,170.68,1,5.86,1
torchinferno,self_consistency,892,265.82,0.00,280.85,1,3.56,1
torchinferno,self_consistency,893,280.34,0.00,292.06,1,3.42,1
torchinferno,self_consistency,894,228.69,0.00,243.69,1,4.10,1
torchinferno,self_consistency,895,363.68,0.00,374.10,1,2.67,1
torchinferno,self_consistency,896,280.44,0.00,285.70,1,3.50,1
torchinferno,self_consistency,897,255.05,0.00,271.76,1,3.68,1
torchinferno,self_consistency,898,171.17,0.00,181.47,1,5.51,1
torchinferno,self_consistency,899,351.23,0.00,369.47,1,2.71,1
torchinferno,self_consistency,900,170.68,0.00,175.91,1,5.68,1
torchinferno,self_consistency,901,255.22,0.00,276.95,1,3.61,1
torchinferno,self_consistency,902,480.13,0.00,485.46,1,2.06,1
torchinferno,self_consistency,903,442.41,0.00,447.82,1,2.23,1
torchinferno,self_consistency,904,286.59,0.00,306.83,1,3.26,1
torchinferno,self_consistency,905,348.03,0.00,358.40,1,2.79,1
torchinferno,self_consistency,906,298.34,0.00,318.44,1,3.14,1
torchinferno,self_consistency,907,474.64,0.00,479.79,1,2.08,1
torchinferno,self_consistency,908,361.45,0.00,361.80,1,2.76,1
torchinferno,self_consistency,909,421.73,0.00,427.16,1,2.34,1
torchinferno,self_consistency,910,446.86,0.00,447.16,1,2.24,1
torchinferno,self_consistency,911,477.19,0.00,507.71,1,1.97,1
torchinferno,self_consistency,912,218.61,0.00,244.29,1,4.09,1
torchinferno,self_consistency,913,296.10,0.00,296.45,1,3.37,1
torchinferno,self_consistency,914,337.71,0.00,347.91,1,2.87,1
torchinferno,self_consistency,915,216.89,0.00,242.60,1,4.12,1
torchinferno,self_consistency,916,338.88,0.00,354.53,1,2.82,1
torchinferno,self_consistency,917,418.73,0.00,419.09,1,2.39,1
torchinferno,self_consistency,918,221.48,0.00,226.74,1,4.41,1
torchinferno,self_consistency,919,384.95,0.00,394.34,1,2.54,1
torchinferno,self_consistency,920,257.15,0.00,261.74,1,3.82,1
torchinferno,self_consistency,921,435.11,0.00,439.48,1,2.28,1
torchinferno,self_consistency,922,307.19,0.00,307.53,1,3.25,1
torchinferno,self_consistency,923,260.73,0.00,285.92,1,3.50,1
torchinferno,self_consistency,924,308.15,0.00,344.26,1,2.90,1
torchinferno,self_consistency,925,249.82,0.00,260.07,1,3.85,1
torchinferno,self_consistency,926,288.03,0.00,313.72,1,3.19,1
torchinferno,self_consistency,927,277.70,0.00,313.15,1,3.19,1
torchinferno,self_consistency,928,222.41,0.00,258.63,1,3.87,1
torchinferno,self_consistency,929,244.55,0.00,244.87,1,4.08,1
torchinferno,self_consistency,930,320.66,0.00,344.32,1,2.90,1
torchinferno,self_consistency,931,208.02,0.00,248.50,1,4.02,1
torchinferno,self_consistency,932,325.18,0.00,345.05,1,2.90,1
torchinferno,self_consistency,933,559.25,0.00,587.88,1,1.70,1
torchinferno,self_consistency,934,147.25,0.00,186.63,1,5.36,1
torchinferno,self_consistency,935,401.80,0.00,406.15,1,2.46,1
torchinferno,self_consistency,936,479.53,0.00,487.57,1,2.05,1
torchinferno,self_consistency,937,291.22,0.00,295.25,1,3.39,1
torchinferno,self_consistency,938,297.43,0.00,330.35,1,3.03,1
torchinferno,self_consistency,939,220.56,0.00,263.63,1,3.79,1
torchinferno,self_consistency,940,293.01,0.00,336.87,1,2.97,1
torchinferno,self_consistency,941,494.25,0.00,517.53,1,1.93,1
torchinferno,self_consistency,942,413.71,0.00,416.90,1,2.40,1
torchinferno,self_consistency,943,272.28,0.00,285.42,1,3.50,1
torchinferno,self_consistency,944,279.87,0.00,290.08,1,3.45,1
torchinferno,self_consistency,945,183.94,0.00,232.89,1,4.29,1
torchinferno,self_consistency,946,417.31,0.00,466.80,1,2.14,1
torchinferno,self_consistency,947,526.32,0.00,576.69,1,1.73,1
torchinferno,self_consistency,948,268.39,0.00,270.27,1,3.70,1
torchinferno,self_consistency,949,178.79,0.00,179.60,1,5.57,1
torchinferno,self_consistency,950,215.69,0.00,215.97,1,4.63,1
torchinferno,self_consistency,951,234.26,0.00,234.53,1,4.26,1
torchinferno,self_consistency,952,217.52,0.00,217.81,1,4.59,1
torchinferno,self_consistency,953,217.03,0.00,225.17,1,4.44,1
torchinferno,self_consistency,954,238.45,0.00,243.70,1,4.10,1
torchinferno,self_consistency,955,166.11,0.00,171.44,1,5.83,1
torchinferno,self_consistency,956,170.79,0.00,181.80,1,5.50,1
torchinferno,self_consistency,957,209.53,0.00,214.85,1,4.65,1
torchinferno,self_consistency,958,197.78,0.00,203.22,1,4.92,1
torchinferno,self_consistency,959,183.53,0.00,195.00,1,5.13,1
torchinferno,self_consistency,960,249.28,0.00,259.63,1,3.85,1
torchinferno,self_consistency,961,250.60,0.00,255.65,1,3.91,1
torchinferno,self_consistency,962,276.18,0.00,276.46,1,3.62,1
torchinferno,self_consistency,963,180.20,0.00,185.42,1,5.39,1
torchinferno,self_consistency,964,263.72,0.00,268.83,1,3.72,1
torchinferno,self_consistency,965,194.08,0.00,199.54,1,5.01,1
torchinferno,self_consistency,966,256.29,0.00,261.52,1,3.82,1
torchinferno,self_consistency,967,199.69,0.00,204.73,1,4.88,1
torchinferno,self_consistency,968,177.38,0.00,187.02,1,5.35,1
torchinferno,self_consistency,969,323.73,0.00,339.79,1,2.94,1
torchinferno,self_consistency,970,194.29,0.00,194.63,1,5.14,1
torchinferno,self_consistency,971,321.49,0.00,325.95,1,3.07,1
torchinferno,self_consistency,972,258.75,0.00,267.96,1,3.73,1
torchinferno,self_consistency,973,285.39,0.00,285.69,1,3.50,1
torchinferno,self_consistency,974,383.05,0.00,405.26,1,2.47,1
torchinferno,self_consistency,975,272.05,0.00,276.70,1,3.61,1
torchinferno,self_consistency,976,311.52,0.00,320.83,1,3.12,1
torchinferno,self_consistency,977,211.63,0.00,230.60,1,4.34,1
torchinferno,self_consistency,978,293.94,0.00,320.47,1,3.12,1
torchinferno,self_consistency,979,191.37,0.00,219.37,1,4.56,1
torchinferno,self_consistency,980,253.68,0.00,281.11,1,3.56,1
torchinferno,self_consistency,981,426.03,0.00,430.44,1,2.32,1
torchinferno,self_consistency,982,421.08,0.00,421.37,1,2.37,1
torchinferno,self_consistency,983,269.63,0.00,269.87,1,3.71,1
torchinferno,self_consistency,984,253.65,0.00,263.50,1,3.80,1
torchinferno,self_consistency,985,253.73,0.00,278.62,1,3.59,1
torchinferno,self_consistency,986,236.08,0.00,236.32,1,4.23,1
torchinferno,self_consistency,987,194.06,0.00,203.60,1,4.91,1
torchinferno,self_consistency,988,238.68,0.00,243.65,1,4.10,1
torchinferno,self_consistency,989,380.26,0.00,404.05,1,2.47,1
torchinferno,self_consistency,990,376.53,0.00,381.21,1,2.62,1
torchinferno,self_consistency,991,327.84,0.00,328.11,1,3.05,1
torchinferno,self_consistency,992,171.34,0.00,202.39,1,4.94,1
torchinferno,self_consistency,993,391.31,0.00,423.10,1,2.36,1
torchinferno,self_consistency,994,267.24,0.00,295.89,1,3.38,1
torchinferno,self_consistency,995,213.26,0.00,226.39,1,4.42,1
torchinferno,self_consistency,996,191.69,0.00,223.50,1,4.47,1
torchinferno,self_consistency,997,435.24,0.00,437.57,1,2.29,1
torchinferno,self_consistency,998,201.82,0.00,235.75,1,4.24,1
torchinferno,self_consistency,999,1008.79,0.00,1046.96,1,0.96,1
torchinferno,multi_turn,0,372.23,0.00,632.65,1,1.58,1
torchinferno,multi_turn,1,809.74,269.81,1079.55,2,1.85,1
torchinferno,multi_turn,2,500.61,0.00,589.86,1,1.70,1
torchinferno,multi_turn,3,717.34,0.00,742.04,1,1.35,1
torchinferno,multi_turn,4,560.21,0.00,610.63,1,1.64,1
torchinferno,multi_turn,5,666.10,59.29,725.39,2,2.76,1
torchinferno,multi_turn,6,550.77,111.76,662.52,2,3.02,1
torchinferno,multi_turn,7,379.56,50.38,429.94,2,4.65,1
torchinferno,multi_turn,8,369.08,0.00,628.32,1,1.59,1
torchinferno,multi_turn,9,811.41,264.99,1076.40,2,1.86,1
torchinferno,multi_turn,10,501.77,383.14,884.92,2,2.26,1
torchinferno,multi_turn,11,429.50,92.23,521.73,2,3.83,1
torchinferno,multi_turn,12,492.31,0.00,506.28,1,1.98,1
torchinferno,multi_turn,13,694.04,0.00,762.38,1,1.31,1
torchinferno,multi_turn,14,547.30,60.82,608.12,2,3.29,0
torchinferno,multi_turn,15,434.72,0.00,498.69,1,2.01,1
torchinferno,multi_turn,16,662.90,0.00,868.39,1,1.15,1
torchinferno,multi_turn,17,1011.08,0.00,1065.14,1,0.94,1
torchinferno,multi_turn,18,699.23,0.00,728.52,1,1.37,1
torchinferno,multi_turn,19,522.08,0.00,585.51,1,1.71,1
torchinferno,multi_turn,20,642.69,193.48,836.17,2,2.39,1
torchinferno,multi_turn,21,388.01,0.00,408.76,1,2.45,1
torchinferno,multi_turn,22,612.40,0.00,632.27,1,1.58,1
torchinferno,multi_turn,23,489.30,0.00,510.44,1,1.96,1
torchinferno,multi_turn,24,667.46,343.02,1010.48,2,1.98,1
torchinferno,multi_turn,25,867.42,0.00,923.62,1,1.08,1
torchinferno,multi_turn,26,701.26,189.60,890.86,2,2.25,1
torchinferno,multi_turn,27,366.23,196.90,563.13,2,3.55,1
torchinferno,multi_turn,28,501.46,199.22,700.67,2,2.85,1
torchinferno,multi_turn,29,381.08,0.00,417.42,1,2.40,1
torchinferno,multi_turn,30,598.91,40.56,639.47,2,3.13,1
torchinferno,multi_turn,31,478.85,0.00,496.47,1,2.01,1
torchinferno,multi_turn,32,713.73,358.52,1072.26,2,1.87,1
torchinferno,multi_turn,33,859.87,45.62,905.49,2,2.21,1
torchinferno,multi_turn,34,703.60,194.36,897.97,2,2.23,1
torchinferno,multi_turn,35,369.43,0.00,407.06,1,2.46,1
torchinferno,multi_turn,36,661.61,0.00,718.63,1,1.39,1
torchinferno,multi_turn,37,525.28,213.03,738.31,2,2.71,1
torchinferno,multi_turn,38,416.25,61.81,478.07,2,4.18,1
torchinferno,multi_turn,39,455.58,0.00,481.13,1,2.08,1
torchinferno,multi_turn,40,686.41,355.36,1041.77,2,1.92,1
torchinferno,multi_turn,41,861.26,66.72,927.98,2,2.16,1
torchinferno,multi_turn,42,682.85,0.00,740.65,1,1.35,1
torchinferno,multi_turn,43,497.62,215.31,712.93,2,2.81,1
torchinferno,multi_turn,44,486.62,0.00,555.54,1,1.80,1
torchinferno,multi_turn,45,518.69,0.00,588.82,1,1.70,1
torchinferno,multi_turn,46,560.11,95.14,655.26,2,3.05,1
torchinferno,multi_turn,47,420.81,0.00,442.79,1,2.26,1
torchinferno,multi_turn,48,689.71,0.00,890.30,1,1.12,1
torchinferno,multi_turn,49,1013.57,0.00,1059.02,1,0.94,1
torchinferno,multi_turn,50,698.23,0.00,753.89,1,1.33,1
torchinferno,multi_turn,51,505.94,0.00,542.18,1,1.84,1
torchinferno,multi_turn,52,672.17,0.00,713.37,1,1.40,1
torchinferno,multi_turn,53,532.21,233.96,766.17,2,2.61,1
torchinferno,multi_turn,54,399.25,83.50,482.76,2,4.14,0
torchinferno,multi_turn,55,436.21,0.00,461.74,1,2.17,1
torchinferno,multi_turn,56,678.14,0.00,876.46,1,1.14,1
torchinferno,multi_turn,57,1016.36,48.91,1065.27,2,1.88,1
torchinferno,multi_turn,58,700.06,207.14,907.20,2,2.20,1
torchinferno,multi_turn,59,353.91,0.00,402.36,1,2.49,1
torchinferno,multi_turn,60,648.53,203.99,852.52,2,2.35,1
torchinferno,multi_turn,61,378.19,0.00,407.56,1,2.45,1
torchinferno,multi_turn,62,604.57,71.16,675.72,2,2.96,1
torchinferno,multi_turn,63,445.58,0.00,474.37,1,2.11,1
torchinferno,multi_turn,64,709.75,0.00,928.60,1,1.08,1
torchinferno,multi_turn,65,988.69,0.00,1031.37,1,0.97,1
torchinferno,multi_turn,66,709.87,0.00,774.07,1,1.29,1
torchinferno,multi_turn,67,493.23,0.00,573.14,1,1.74,1
torchinferno,multi_turn,68,630.59,0.00,668.12,1,1.50,1
torchinferno,multi_turn,69,536.94,0.00,579.15,1,1.73,1
torchinferno,multi_turn,70,586.75,122.62,709.37,2,2.82,1
torchinferno,multi_turn,71,402.84,0.00,430.00,1,2.33,1
torchinferno,multi_turn,72,696.85,343.01,1039.87,2,1.92,1
torchinferno,multi_turn,73,877.37,0.00,938.22,1,1.07,1
torchinferno,multi_turn,74,690.20,200.36,890.56,2,2.25,1
torchinferno,multi_turn,75,355.25,0.00,375.89,1,2.66,1
torchinferno,multi_turn,76,683.85,0.00,700.54,1,1.43,1
torchinferno,multi_turn,77,562.01,223.59,785.60,2,2.55,1
torchinferno,multi_turn,78,404.67,76.09,480.76,2,4.16,1
torchinferno,multi_turn,79,444.91,0.00,477.77,1,2.09,1
torchinferno,multi_turn,80,715.36,351.21,1066.57,2,1.88,1
torchinferno,multi_turn,81,860.39,64.01,924.40,2,2.16,1
torchinferno,multi_turn,82,685.72,224.09,909.81,2,2.20,1
torchinferno,multi_turn,83,343.60,198.64,542.24,2,3.69,1
torchinferno,multi_turn,84,504.98,0.00,581.09,1,1.72,1
torchinferno,multi_turn,85,501.76,0.00,551.09,1,1.81,1
torchinferno,multi_turn,86,584.21,0.00,624.37,1,1.60,1
torchinferno,multi_turn,87,470.49,0.00,507.61,1,1.97,1
torchinferno,multi_turn,88,722.06,0.00,922.90,1,1.08,1
torchinferno,multi_turn,89,1012.95,0.00,1043.75,1,0.96,1
torchinferno,multi_turn,90,720.60,0.00,756.46,1,1.32,1
torchinferno,multi_turn,91,526.36,222.56,748.92,2,2.67,1
torchinferno,multi_turn,92,480.38,0.00,549.54,1,1.82,1
torchinferno,multi_turn,93,505.77,0.00,568.80,1,1.76,1
torchinferno,multi_turn,94,576.02,0.00,663.77,1,1.51,1
torchinferno,multi_turn,95,424.06,0.00,464.11,1,2.15,1
torchinferno,multi_turn,96,693.70,354.37,1048.07,2,1.91,1
torchinferno,multi_turn,97,854.54,67.01,921.56,2,2.17,1
torchinferno,multi_turn,98,691.53,0.00,729.31,1,1.37,1
torchinferno,multi_turn,99,516.01,209.79,725.79,2,2.76,1
torchinferno,multi_turn,100,498.81,0.00,573.75,1,1.74,1
torchinferno,multi_turn,101,502.58,206.54,709.12,2,2.82,1
torchinferno,multi_turn,102,420.74,0.00,477.21,1,2.10,1
torchinferno,multi_turn,103,460.85,0.00,501.96,1,1.99,1
torchinferno,multi_turn,104,707.29,361.25,1068.54,2,1.87,1
torchinferno,multi_turn,105,856.61,89.13,945.73,2,2.11,1
torchinferno,multi_turn,106,660.81,0.00,695.24,1,1.44,1
torchinferno,multi_turn,107,524.02,0.00,577.32,1,1.73,1
torchinferno,multi_turn,108,644.68,0.00,680.07,1,1.47,1
torchinferno,multi_turn,109,546.81,0.00,608.30,1,1.64,1
torchinferno,multi_turn,110,576.26,0.00,693.54,1,1.44,1
torchinferno,multi_turn,111,393.60,0.00,433.92,1,2.30,1
torchinferno,multi_turn,112,694.28,366.47,1060.76,2,1.89,1
torchinferno,multi_turn,113,849.12,0.00,885.17,1,1.13,1
torchinferno,multi_turn,114,717.19,199.94,917.13,2,2.18,1
torchinferno,multi_turn,115,360.90,0.00,382.21,1,2.62,1
torchinferno,multi_turn,116,674.66,0.00,715.31,1,1.40,1
torchinferno,multi_turn,117,538.24,205.59,743.83,2,2.69,1
torchinferno,multi_turn,118,430.24,51.15,481.38,2,4.15,1
torchinferno,multi_turn,119,469.05,0.00,508.95,1,1.96,1
torchinferno,multi_turn,120,682.20,0.00,871.45,1,1.15,1
torchinferno,multi_turn,121,1034.55,66.88,1101.42,2,1.82,1
torchinferno,multi_turn,122,683.10,0.00,727.93,1,1.37,1
torchinferno,multi_turn,123,509.24,0.00,580.15,1,1.72,1
torchinferno,multi_turn,124,631.84,0.00,662.43,1,1.51,1
torchinferno,multi_turn,125,558.58,222.14,780.72,2,2.56,1
torchinferno,multi_turn,126,409.89,0.00,439.62,1,2.27,1
torchinferno,multi_turn,127,482.95,42.03,524.98,2,3.81,1
torchinferno,multi_turn,128,669.45,0.00,895.16,1,1.12,1
torchinferno,multi_turn,129,990.64,0.00,1027.15,1,0.97,1
torchinferno,multi_turn,130,722.01,0.00,742.22,1,1.35,1
torchinferno,multi_turn,131,530.02,225.28,755.30,2,2.65,1
torchinferno,multi_turn,132,482.24,0.00,547.72,1,1.83,1
torchinferno,multi_turn,133,510.45,0.00,585.74,1,1.71,1
torchinferno,multi_turn,134,557.66,0.00,669.19,1,1.49,1
torchinferno,multi_turn,135,405.33,48.82,454.15,2,4.40,1
torchinferno,multi_turn,136,662.64,352.82,1015.47,2,1.97,1
torchinferno,multi_turn,137,865.57,0.00,895.42,1,1.12,1
torchinferno,multi_turn,138,716.08,0.00,738.58,1,1.35,1
torchinferno,multi_turn,139,535.82,0.00,557.95,1,1.79,1
torchinferno,multi_turn,140,682.99,0.00,737.77,1,1.36,1
torchinferno,multi_turn,141,531.47,0.00,560.82,1,1.78,1
torchinferno,multi_turn,142,599.78,0.00,701.82,1,1.42,1
torchinferno,multi_turn,143,420.73,41.03,461.76,2,4.33,1
torchinferno,multi_turn,144,648.14,0.00,853.54,1,1.17,1
torchinferno,multi_turn,145,1010.15,79.77,1089.92,2,1.83,1
torchinferno,multi_turn,146,671.04,0.00,722.81,1,1.38,1
torchinferno,multi_turn,147,506.08,0.00,539.20,1,1.85,1
torchinferno,multi_turn,148,672.35,185.96,858.31,2,2.33,1
torchinferno,multi_turn,149,393.40,0.00,433.38,1,2.31,1
torchinferno,multi_turn,150,599.79,0.00,699.02,1,1.43,1
torchinferno,multi_turn,151,414.38,0.00,460.59,1,2.17,1
torchinferno,multi_turn,152,671.30,0.00,877.93,1,1.14,1
torchinferno,multi_turn,153,1005.90,0.00,1027.82,1,0.97,1
torchinferno,multi_turn,154,729.01,197.39,926.39,2,2.16,1
torchinferno,multi_turn,155,360.47,206.27,566.75,2,3.53,1
torchinferno,multi_turn,156,502.11,0.00,544.80,1,1.84,1
torchinferno,multi_turn,157,526.69,0.00,551.67,1,1.81,1
torchinferno,multi_turn,158,608.03,66.62,674.65,2,2.96,1
torchinferno,multi_turn,159,457.03,0.00,506.54,1,1.97,1
torchinferno,multi_turn,160,677.46,0.00,875.11,1,1.14,1
torchinferno,multi_turn,161,1020.07,17.27,1123.67,7,6.23,0
torchinferno,multi_turn,162,648.93,214.15,863.08,2,2.32,1
torchinferno,multi_turn,163,340.23,0.00,378.60,1,2.64,1
torchinferno,multi_turn,164,668.83,0.00,741.24,1,1.35,1
torchinferno,multi_turn,165,500.10,0.00,568.64,1,1.76,1
torchinferno,multi_turn,166,574.35,0.00,679.28,1,1.47,1
torchinferno,multi_turn,167,409.50,49.74,459.24,2,4.36,1
torchinferno,multi_turn,168,707.58,0.00,921.76,1,1.08,1
torchinferno,multi_turn,169,998.05,0.00,1040.10,1,0.96,1
torchinferno,multi_turn,170,718.87,218.53,937.40,2,2.13,1
torchinferno,multi_turn,171,340.97,0.00,367.86,1,2.72,1
torchinferno,multi_turn,172,668.11,207.66,875.77,2,2.28,1
torchinferno,multi_turn,173,379.86,233.11,612.97,2,3.26,1
torchinferno,multi_turn,174,397.54,0.00,450.41,1,2.22,1
torchinferno,multi_turn,175,460.74,0.00,515.92,1,1.94,1
torchinferno,multi_turn,176,699.71,0.00,921.59,1,1.09,1
torchinferno,multi_turn,177,992.51,78.02,1070.53,2,1.87,1
torchinferno,multi_turn,178,676.65,210.02,886.67,2,2.26,1
torchinferno,multi_turn,179,347.58,212.89,560.47,2,3.57,1
torchinferno,multi_turn,180,493.89,187.00,680.89,2,2.94,1
torchinferno,multi_turn,181,392.56,0.00,458.54,1,2.18,1
torchinferno,multi_turn,182,567.77,0.00,585.28,1,1.71,1
torchinferno,multi_turn,183,501.61,51.47,553.08,2,3.62,1
torchinferno,multi_turn,184,713.43,0.00,910.77,1,1.10,1
torchinferno,multi_turn,185,1019.60,0.00,1104.45,1,0.91,1
torchinferno,multi_turn,186,672.42,0.00,697.97,1,1.43,1
torchinferno,multi_turn,187,531.95,0.00,552.08,1,1.81,1
torchinferno,multi_turn,188,679.14,212.99,892.13,2,2.24,1
torchinferno,multi_turn,189,368.09,0.00,415.75,1,2.41,1
torchinferno,multi_turn,190,584.18,0.00,619.53,1,1.61,1
torchinferno,multi_turn,191,482.10,61.12,543.22,2,3.68,1
torchinferno,multi_turn,192,665.01,0.00,858.85,1,1.16,1
torchinferno,multi_turn,193,1031.72,0.00,1069.02,1,0.94,1
torchinferno,multi_turn,194,708.91,193.24,902.15,2,2.22,1
torchinferno,multi_turn,195,365.76,0.00,413.41,1,2.42,1
torchinferno,multi_turn,196,657.57,0.00,672.29,1,1.49,1
torchinferno,multi_turn,197,557.36,0.00,579.27,1,1.73,1
torchinferno,multi_turn,198,617.17,0.00,694.44,1,1.44,1
torchinferno,multi_turn,199,441.80,55.37,497.17,2,4.02,1
torchinferno,multi_turn,200,677.83,0.00,897.50,1,1.11,1
torchinferno,multi_turn,201,997.80,47.88,1045.68,2,1.91,1
torchinferno,multi_turn,202,703.10,213.44,916.55,2,2.18,1
torchinferno,multi_turn,203,343.62,0.00,392.86,1,2.55,1
torchinferno,multi_turn,204,659.73,189.62,849.34,2,2.35,1
torchinferno,multi_turn,205,392.79,0.00,438.51,1,2.28,1
torchinferno,multi_turn,206,579.78,0.00,620.66,1,1.61,1
torchinferno,multi_turn,207,478.53,59.82,538.35,2,3.72,1
torchinferno,multi_turn,208,720.15,362.32,1082.47,2,1.85,1
torchinferno,multi_turn,209,855.54,86.35,941.89,2,2.12,1
torchinferno,multi_turn,210,667.04,0.00,725.50,1,1.38,1
torchinferno,multi_turn,211,499.58,0.00,574.97,1,1.74,1
torchinferno,multi_turn,212,628.30,0.00,702.58,1,1.42,1
torchinferno,multi_turn,213,505.26,0.00,581.20,1,1.72,1
torchinferno,multi_turn,214,561.65,82.13,643.78,2,3.11,1
torchinferno,multi_turn,215,430.07,63.00,493.07,2,4.06,1
torchinferno,multi_turn,216,674.00,0.00,889.28,1,1.12,1
torchinferno,multi_turn,217,1009.95,0.00,1026.85,1,0.97,1
torchinferno,multi_turn,218,727.47,0.00,784.59,1,1.27,1
torchinferno,multi_turn,219,499.78,0.00,563.24,1,1.78,1
torchinferno,multi_turn,220,644.19,202.69,846.89,2,2.36,1
torchinferno,multi_turn,221,373.90,225.96,599.87,2,3.33,1
torchinferno,multi_turn,222,414.61,0.00,505.36,1,1.98,1
torchinferno,multi_turn,223,422.12,62.27,484.39,2,4.13,1
torchinferno,multi_turn,224,720.36,341.82,1062.18,2,1.88,1
torchinferno,multi_turn,225,865.51,0.00,896.20,1,1.12,1
torchinferno,multi_turn,226,730.05,0.00,755.04,1,1.32,1
torchinferno,multi_turn,227,524.37,0.00,599.54,1,1.67,1
torchinferno,multi_turn,228,635.51,0.00,655.43,1,1.53,1
torchinferno,multi_turn,229,562.08,210.44,772.52,2,2.59,1
torchinferno,multi_turn,230,416.59,0.00,481.66,1,2.08,1
torchinferno,multi_turn,231,447.78,68.51,516.29,2,3.87,1
torchinferno,multi_turn,232,709.04,0.00,908.22,1,1.10,1
torchinferno,multi_turn,233,1021.77,0.00,1071.78,1,0.93,1
torchinferno,multi_turn,234,701.05,0.00,742.36,1,1.35,1
torchinferno,multi_turn,235,519.26,0.00,568.29,1,1.76,1
torchinferno,multi_turn,236,650.76,0.00,707.35,1,1.41,1
torchinferno,multi_turn,237,522.90,234.36,757.26,2,2.64,1
torchinferno,multi_turn,238,398.56,0.00,424.79,1,2.35,1
torchinferno,multi_turn,239,489.47,0.00,556.06,1,1.80,1
torchinferno,multi_turn,240,658.76,343.51,1002.26,2,2.00,1
torchinferno,multi_turn,241,871.56,0.00,890.32,1,1.12,1
torchinferno,multi_turn,242,737.29,208.74,946.02,2,2.11,1
torchinferno,multi_turn,243,349.81,212.78,562.58,2,3.56,1
torchinferno,multi_turn,244,484.88,0.00,515.04,1,1.94,1
torchinferno,multi_turn,245,555.74,0.00,598.19,1,1.67,1
torchinferno,multi_turn,246,582.93,0.00,601.64,1,1.66,1
torchinferno,multi_turn,247,497.89,69.82,567.71,2,3.52,1
torchinferno,multi_turn,248,694.35,0.00,912.67,1,1.10,1
torchinferno,multi_turn,249,996.03,67.00,1063.03,2,1.88,1
torchinferno,multi_turn,250,683.58,0.00,722.73,1,1.38,1
torchinferno,multi_turn,251,524.91,0.00,546.46,1,1.83,1
torchinferno,multi_turn,252,677.67,0.00,715.60,1,1.40,1
torchinferno,multi_turn,253,541.14,209.84,750.98,2,2.66,1
torchinferno,multi_turn,254,420.56,116.27,536.82,2,3.73,1
torchinferno,multi_turn,255,406.71,64.33,471.04,2,4.25,1
torchinferno,multi_turn,256,672.34,0.00,877.58,1,1.14,1
torchinferno,multi_turn,257,1007.97,60.48,1068.45,2,1.87,0
torchinferno,multi_turn,258,693.84,213.38,907.23,2,2.20,0
torchinferno,multi_turn,259,344.28,0.00,407.07,1,2.46,1
torchinferno,multi_turn,260,644.33,0.00,702.65,1,1.42,1
torchinferno,multi_turn,261,519.04,217.31,736.35,2,2.72,1
torchinferno,multi_turn,262,413.20,0.00,480.40,1,2.08,1
torchinferno,multi_turn,263,454.51,0.00,522.15,1,1.92,1
torchinferno,multi_turn,264,652.11,0.00,845.13,1,1.18,1
torchinferno,multi_turn,265,1023.74,82.91,1106.65,2,1.81,1
torchinferno,multi_turn,266,666.04,0.00,695.01,1,1.44,1
torchinferno,multi_turn,267,534.34,209.25,743.60,2,2.69,1
torchinferno,multi_turn,268,494.01,0.00,549.65,1,1.82,1
torchinferno,multi_turn,269,524.60,199.51,724.11,2,2.76,1
torchinferno,multi_turn,270,427.83,93.06,520.89,2,3.84,1
torchinferno,multi_turn,271,427.49,72.78,500.27,2,4.00,1
torchinferno,multi_turn,272,1305.77,259.11,1564.89,2,1.28,1
torchinferno,multi_turn,273,517.69,383.47,901.16,2,2.22,1
torchinferno,multi_turn,274,416.26,90.65,506.91,2,3.95,1
torchinferno,multi_turn,275,493.27,0.00,528.88,1,1.89,1
torchinferno,multi_turn,276,685.55,70.03,755.58,2,2.65,1
torchinferno,multi_turn,277,546.68,0.00,564.66,1,1.77,1
torchinferno,multi_turn,278,465.75,0.00,489.36,1,2.04,1
torchinferno,multi_turn,279,497.44,0.00,525.05,1,1.90,1
torchinferno,multi_turn,280,1348.17,272.00,1620.17,2,1.23,1
torchinferno,multi_turn,281,494.89,0.00,600.83,1,1.66,1
torchinferno,multi_turn,282,698.59,58.72,757.31,2,2.64,1
torchinferno,multi_turn,283,532.76,216.72,749.49,2,2.67,1
torchinferno,multi_turn,284,493.10,0.00,552.54,1,1.81,1
torchinferno,multi_turn,285,560.97,0.00,629.66,1,1.59,1
torchinferno,multi_turn,286,422.51,86.27,508.77,2,3.93,1
torchinferno,multi_turn,287,431.33,0.00,455.37,1,2.20,1
torchinferno,multi_turn,288,1332.69,253.88,1586.57,2,1.26,1
torchinferno,multi_turn,289,514.91,381.98,896.89,2,2.23,1
torchinferno,multi_turn,290,427.65,72.37,500.02,2,4.00,1
torchinferno,multi_turn,291,510.16,222.52,732.68,2,2.73,1
torchinferno,multi_turn,292,494.59,46.56,541.15,2,3.70,1
torchinferno,multi_turn,293,564.81,0.00,595.34,1,1.68,1
torchinferno,multi_turn,294,456.71,43.73,500.45,2,4.00,1
torchinferno,multi_turn,295,479.35,0.00,506.87,1,1.97,1
torchinferno,multi_turn,296,1355.71,257.70,1613.41,2,1.24,1
torchinferno,multi_turn,297,512.59,0.00,640.20,1,1.56,1
torchinferno,multi_turn,298,680.68,0.00,719.12,1,1.39,1
torchinferno,multi_turn,299,551.98,202.87,754.85,2,2.65,1
torchinferno,multi_turn,300,514.16,72.86,587.02,2,3.41,1
torchinferno,multi_turn,301,537.93,0.00,556.05,1,1.80,1
torchinferno,multi_turn,302,475.45,70.31,545.76,2,3.66,1
torchinferno,multi_turn,303,446.67,0.00,481.99,1,2.07,1
torchinferno,multi_turn,304,1319.29,0.00,1423.30,1,0.70,1
torchinferno,multi_turn,305,666.67,0.00,784.99,1,1.27,1
torchinferno,multi_turn,306,688.19,67.65,755.83,2,2.65,1
torchinferno,multi_turn,307,518.95,200.77,719.71,2,2.78,0
torchinferno,multi_turn,308,510.50,84.10,594.60,2,3.36,1
torchinferno,multi_turn,309,531.81,100.93,632.74,2,3.16,1
torchinferno,multi_turn,310,391.27,0.00,415.92,1,2.40,1
torchinferno,multi_turn,311,499.30,0.00,531.54,1,1.88,1
torchinferno,multi_turn,312,1309.64,0.00,1425.99,1,0.70,1
torchinferno,multi_turn,313,647.89,0.00,769.34,1,1.30,1
torchinferno,multi_turn,314,688.32,0.00,751.35,1,1.33,1
torchinferno,multi_turn,315,517.16,231.34,748.49,2,2.67,1
torchinferno,multi_turn,316,485.30,0.00,519.61,1,1.92,1
torchinferno,multi_turn,317,582.31,82.20,664.51,2,3.01,1
torchinferno,multi_turn,318,410.14,99.41,509.55,2,3.93,1
torchinferno,multi_turn,319,425.76,0.00,457.81,1,2.18,1
torchinferno,multi_turn,320,1347.90,0.00,1446.30,1,0.69,1
torchinferno,multi_turn,321,671.77,0.00,758.61,1,1.32,1
torchinferno,multi_turn,322,714.59,18.19,823.75,7,8.50,0
torchinferno,multi_turn,323,481.26,197.94,679.20,2,2.94,1
torchinferno,multi_turn,324,515.59,0.00,561.51,1,1.78,1
torchinferno,multi_turn,325,566.92,70.67,637.59,2,3.14,1
torchinferno,multi_turn,326,422.62,66.93,489.55,2,4.09,1
torchinferno,multi_turn,327,456.96,0.00,493.98,1,2.02,1
torchinferno,multi_turn,328,1348.94,0.00,1442.28,1,0.69,1
torchinferno,multi_turn,329,673.93,0.00,780.19,1,1.28,1
torchinferno,multi_turn,330,707.21,0.00,775.72,1,1.29,1
torchinferno,multi_turn,331,514.62,0.00,550.50,1,1.82,1
torchinferno,multi_turn,332,675.77,94.17,769.94,2,2.60,1
torchinferno,multi_turn,333,530.61,123.98,654.60,2,3.06,1
torchinferno,multi_turn,334,361.01,45.93,406.94,2,4.91,1
torchinferno,multi_turn,335,479.88,0.00,517.13,1,1.93,1
torchinferno,multi_turn,336,1327.62,0.00,1431.66,1,0.70,1
torchinferno,multi_turn,337,663.13,0.00,775.17,1,1.29,1
torchinferno,multi_turn,338,699.35,76.74,776.10,2,2.58,1
torchinferno,multi_turn,339,499.73,0.00,545.06,1,1.83,1
torchinferno,multi_turn,340,671.32,0.00,740.58,1,1.35,1
torchinferno,multi_turn,341,550.46,111.21,661.67,2,3.02,1
torchinferno,multi_turn,342,381.49,0.00,410.82,1,2.43,1
torchinferno,multi_turn,343,490.84,0.00,527.58,1,1.90,1
torchinferno,multi_turn,344,1346.99,0.00,1469.34,1,0.68,1
torchinferno,multi_turn,345,647.14,0.00,755.72,1,1.32,1
torchinferno,multi_turn,346,701.01,0.00,726.23,1,1.38,1
torchinferno,multi_turn,347,565.27,206.68,771.94,2,2.59,1
torchinferno,multi_turn,348,501.27,89.95,591.22,2,3.38,1
torchinferno,multi_turn,349,531.05,84.71,615.75,2,3.25,1
torchinferno,multi_turn,350,409.75,0.00,462.81,1,2.16,1
torchinferno,multi_turn,351,458.53,0.00,505.66,1,1.98,1
torchinferno,multi_turn,352,1361.57,0.00,1473.61,1,0.68,1
torchinferno,multi_turn,353,653.13,0.00,767.26,1,1.30,1
torchinferno,multi_turn,354,697.23,0.00,750.31,1,1.33,1
torchinferno,multi_turn,355,535.80,0.00,585.15,1,1.71,1
torchinferno,multi_turn,356,656.35,0.00,680.03,1,1.47,1
torchinferno,multi_turn,357,598.08,0.00,685.90,1,1.46,1
torchinferno,multi_turn,358,403.57,110.70,514.27,2,3.89,1
torchinferno,multi_turn,359,410.53,0.00,452.68,1,2.21,1
torchinferno,multi_turn,360,1304.13,0.00,1405.63,1,0.71,1
torchinferno,multi_turn,361,664.85,377.06,1041.91,2,1.92,1
torchinferno,multi_turn,362,429.63,76.25,505.88,2,3.95,1
torchinferno,multi_turn,363,513.28,193.37,706.64,2,2.83,1
torchinferno,multi_turn,364,515.62,0.00,574.26,1,1.74,1
torchinferno,multi_turn,365,559.69,0.00,629.39,1,1.59,1
torchinferno,multi_turn,366,421.22,0.00,474.04,1,2.11,1
torchinferno,multi_turn,367,470.80,45.07,515.88,2,3.88,1
torchinferno,multi_turn,368,1305.17,261.92,1567.09,2,1.28,1
torchinferno,multi_turn,369,503.16,0.00,608.61,1,1.64,1
torchinferno,multi_turn,370,702.53,0.00,733.10,1,1.36,1
torchinferno,multi_turn,371,551.06,228.94,780.00,2,2.56,1
torchinferno,multi_turn,372,489.57,93.49,583.06,2,3.43,1
torchinferno,multi_turn,373,522.02,0.00,577.82,1,1.73,1
torchinferno,multi_turn,374,432.90,65.95,498.85,2,4.01,1
torchinferno,multi_turn,375,454.42,54.25,508.67,2,3.93,1
torchinferno,multi_turn,376,1338.42,276.71,1615.13,2,1.24,1
torchinferno,multi_turn,377,494.61,0.00,625.68,1,1.60,1
torchinferno,multi_turn,378,680.83,82.71,763.54,2,2.62,1
torchinferno,multi_turn,379,504.69,0.00,561.95,1,1.78,1
torchinferno,multi_turn,380,651.74,0.00,696.47,1,1.44,1
torchinferno,multi_turn,381,577.04,0.00,656.19,1,1.52,1
torchinferno,multi_turn,382,408.11,54.80,462.91,2,4.32,1
torchinferno,multi_turn,383,462.00,54.11,516.11,2,3.88,1
torchinferno,multi_turn,384,1329.61,0.00,1441.64,1,0.69,1
torchinferno,multi_turn,385,663.77,0.00,794.99,1,1.26,1
torchinferno,multi_turn,386,677.00,40.08,717.08,2,2.79,1
torchinferno,multi_turn,387,536.14,0.00,577.23,1,1.73,1
torchinferno,multi_turn,388,675.37,0.00,718.65,1,1.39,1
torchinferno,multi_turn,389,570.74,0.00,598.64,1,1.67,1
torchinferno,multi_turn,390,462.82,0.00,496.25,1,2.02,1
torchinferno,multi_turn,391,492.67,51.44,544.11,2,3.68,0
torchinferno,multi_turn,392,1358.73,259.08,1617.80,2,1.24,1
torchinferno,multi_turn,393,504.65,373.71,878.37,2,2.28,1
torchinferno,multi_turn,394,444.44,0.00,475.62,1,2.10,1
torchinferno,multi_turn,395,544.97,0.00,571.72,1,1.75,1
torchinferno,multi_turn,396,690.84,0.00,793.72,1,1.26,1
torchinferno,multi_turn,397,511.52,0.00,616.88,1,1.62,1
torchinferno,multi_turn,398,390.00,75.77,465.77,2,4.29,1
torchinferno,multi_turn,399,440.04,55.52,495.56,2,4.04,1
torchinferno,multi_turn,400,1361.75,254.76,1616.50,2,1.24,1
torchinferno,multi_turn,401,520.09,0.00,653.58,1,1.53,1
torchinferno,multi_turn,402,679.22,0.00,695.30,1,1.44,1
torchinferno,multi_turn,403,564.23,0.00,604.12,1,1.66,1
torchinferno,multi_turn,404,676.03,0.00,699.90,1,1.43,1
torchinferno,multi_turn,405,591.30,0.00,619.51,1,1.61,1
torchinferno,multi_turn,406,464.28,104.49,568.77,2,3.52,1
torchinferno,multi_turn,407,414.84,55.65,470.48,2,4.25,1
torchinferno,multi_turn,408,1313.29,0.00,1424.55,1,0.70,1
torchinferno,multi_turn,409,658.43,395.11,1053.55,2,1.90,1
torchinferno,multi_turn,410,416.90,0.00,469.73,1,2.13,1
torchinferno,multi_turn,411,531.59,214.45,746.04,2,2.68,1
torchinferno,multi_turn,412,502.28,0.00,555.57,1,1.80,1
torchinferno,multi_turn,413,558.91,0.00,664.56,1,1.50,1
torchinferno,multi_turn,414,391.85,0.00,425.57,1,2.35,1
torchinferno,multi_turn,415,483.36,57.79,541.15,2,3.70,1
torchinferno,multi_turn,416,1303.91,0.00,1407.58,1,0.71,1
torchinferno,multi_turn,417,664.81,0.00,793.74,1,1.26,1
torchinferno,multi_turn,418,686.33,0.00,740.91,1,1.35,1
torchinferno,multi_turn,419,528.89,191.55,720.44,2,2.78,1
torchinferno,multi_turn,420,517.42,0.00,595.31,1,1.68,1
torchinferno,multi_turn,421,544.79,60.59,605.37,2,3.30,1
torchinferno,multi_turn,422,425.11,0.00,496.12,1,2.02,1
torchinferno,multi_turn,423,453.29,57.61,510.89,2,3.91,1
torchinferno,multi_turn,424,1309.60,261.37,1570.97,2,1.27,1
torchinferno,multi_turn,425,512.06,371.85,883.91,2,2.26,1
torchinferno,multi_turn,426,439.61,0.00,463.20,1,2.16,1
torchinferno,multi_turn,427,559.23,231.63,790.87,2,2.53,1
torchinferno,multi_turn,428,482.02,91.22,573.25,2,3.49,1
torchinferno,multi_turn,429,526.56,118.05,644.61,2,3.10,1
torchinferno,multi_turn,430,367.26,0.00,453.53,1,2.20,1
torchinferno,multi_turn,431,440.25,0.00,495.27,1,2.02,1
torchinferno,multi_turn,432,1294.64,0.00,1393.33,1,0.72,1
torchinferno,multi_turn,433,673.98,382.38,1056.36,2,1.89,1
torchinferno,multi_turn,434,428.25,45.73,473.98,2,4.22,1
torchinferno,multi_turn,435,530.80,211.13,741.93,2,2.70,1
torchinferno,multi_turn,436,509.93,0.00,535.46,1,1.87,1
torchinferno,multi_turn,437,588.09,75.77,663.86,2,3.01,1
torchinferno,multi_turn,438,420.47,115.08,535.55,2,3.73,1
torchinferno,multi_turn,439,404.20,0.00,462.79,1,2.16,1
torchinferno,multi_turn,440,1337.04,0.00,1424.98,1,0.70,1
torchinferno,multi_turn,441,676.61,0.00,778.79,1,1.28,1
torchinferno,multi_turn,442,707.41,0.00,728.05,1,1.37,1
torchinferno,multi_turn,443,570.18,0.00,595.28,1,1.68,1
torchinferno,multi_turn,444,692.47,0.00,735.92,1,1.36,1
torchinferno,multi_turn,445,564.72,49.41,614.13,2,3.26,1
torchinferno,multi_turn,446,448.63,105.21,553.84,2,3.61,1
torchinferno,multi_turn,447,408.86,65.55,474.41,2,4.22,1
torchinferno,multi_turn,448,1336.79,0.00,1457.18,1,0.69,1
torchinferno,multi_turn,449,656.45,393.67,1050.13,2,1.90,1
torchinferno,multi_turn,450,413.63,0.00,472.71,1,2.12,1
torchinferno,multi_turn,451,520.46,0.00,546.19,1,1.83,1
torchinferno,multi_turn,452,687.19,113.20,800.38,2,2.50,1
torchinferno,multi_turn,453,512.28,106.53,618.81,2,3.23,1
torchinferno,multi_turn,454,382.57,0.00,427.91,1,2.34,1
torchinferno,multi_turn,455,471.10,0.00,538.29,1,1.86,1
torchinferno,multi_turn,456,1327.60,270.01,1597.61,2,1.25,1
torchinferno,multi_turn,457,498.70,375.85,874.55,2,2.29,1
torchinferno,multi_turn,458,432.38,0.00,508.24,1,1.97,1
torchinferno,multi_turn,459,511.21,216.63,727.85,2,2.75,1
torchinferno,multi_turn,460,503.80,0.00,534.90,1,1.87,1
torchinferno,multi_turn,461,580.43,0.00,614.09,1,1.63,1
torchinferno,multi_turn,462,452.82,106.68,559.50,2,3.57,1
torchinferno,multi_turn,463,419.74,65.88,485.62,2,4.12,1
torchinferno,multi_turn,464,1301.82,0.00,1390.18,1,0.72,1
torchinferno,multi_turn,465,673.19,0.00,790.36,1,1.27,1
torchinferno,multi_turn,466,694.61,90.01,784.61,2,2.55,1
torchinferno,multi_turn,467,492.07,0.00,540.33,1,1.85,1
torchinferno,multi_turn,468,669.95,38.70,708.66,2,2.82,1
torchinferno,multi_turn,469,578.03,93.33,671.36,2,2.98,1
torchinferno,multi_turn,470,399.09,0.00,422.57,1,2.37,1
torchinferno,multi_turn,471,492.39,71.78,564.17,2,3.55,1
torchinferno,multi_turn,472,1317.75,252.13,1569.88,2,1.27,1
torchinferno,multi_turn,473,515.04,0.00,642.08,1,1.56,1
torchinferno,multi_turn,474,677.46,63.11,740.57,2,2.70,1
torchinferno,multi_turn,475,520.90,0.00,581.64,1,1.72,1
torchinferno,multi_turn,476,663.69,0.00,681.00,1,1.47,1
torchinferno,multi_turn,477,588.36,0.00,652.78,1,1.53,1
torchinferno,multi_turn,478,433.51,113.40,546.91,2,3.66,1
torchinferno,multi_turn,479,401.65,73.87,475.52,2,4.21,1
torchinferno,multi_turn,480,1327.24,100.25,1728.25,5,2.89,0
torchinferno,multi_turn,481,369.79,0.00,455.29,1,2.20,1
torchinferno,multi_turn,482,728.00,0.00,757.71,1,1.32,1
torchinferno,multi_turn,483,549.94,229.87,779.81,2,2.56,1
torchinferno,multi_turn,484,487.22,74.57,561.79,2,3.56,1
torchinferno,multi_turn,485,539.89,0.00,629.26,1,1.59,1
torchinferno,multi_turn,486,400.34,0.00,474.35,1,2.11,1
torchinferno,multi_turn,487,443.56,73.41,516.98,2,3.87,1
torchinferno,multi_turn,488,1330.35,0.00,1419.03,1,0.70,1
torchinferno,multi_turn,489,674.73,0.00,774.68,1,1.29,1
torchinferno,multi_turn,490,707.39,81.68,789.07,2,2.53,1
torchinferno,multi_turn,491,502.66,0.00,552.18,1,1.81,1
torchinferno,multi_turn,492,671.95,94.78,766.73,2,2.61,1
torchinferno,multi_turn,493,514.71,52.47,567.18,2,3.53,1
torchinferno,multi_turn,494,439.06,0.00,533.55,1,1.87,1
torchinferno,multi_turn,495,427.61,74.52,502.13,2,3.98,1
torchinferno,multi_turn,496,1343.86,0.00,1446.89,1,0.69,1
torchinferno,multi_turn,497,669.78,380.32,1050.10,2,1.90,1
torchinferno,multi_turn,498,433.01,0.00,476.23,1,2.10,1
torchinferno,multi_turn,499,532.32,223.53,755.86,2,2.65,1
torchinferno,multi_turn,500,499.21,109.84,609.05,2,3.28,1
torchinferno,multi_turn,501,504.69,0.00,581.22,1,1.72,1
torchinferno,multi_turn,502,410.50,0.00,495.60,1,2.02,1
torchinferno,multi_turn,503,433.91,79.24,513.14,2,3.90,1
torchinferno,multi_turn,504,1339.57,268.42,1607.99,2,1.24,1
torchinferno,multi_turn,505,504.59,0.00,617.16,1,1.62,1
torchinferno,multi_turn,506,692.98,0.00,731.98,1,1.37,1
torchinferno,multi_turn,507,543.91,0.00,603.41,1,1.66,1
torchinferno,multi_turn,508,652.27,0.00,739.53,1,1.35,1
torchinferno,multi_turn,509,530.85,118.92,649.76,2,3.08,1
torchinferno,multi_turn,510,369.59,0.00,469.42,1,2.13,1
torchinferno,multi_turn,511,420.54,0.00,499.76,1,2.00,1
torchinferno,multi_turn,512,325.78,0.00,357.59,1,2.80,1
torchinferno,multi_turn,513,390.38,0.00,497.42,1,2.01,1
torchinferno,multi_turn,514,472.62,0.00,667.50,1,1.50,1
torchinferno,multi_turn,515,546.86,0.00,599.81,1,1.67,1
torchinferno,multi_turn,516,570.05,65.08,635.13,2,3.15,1
torchinferno,multi_turn,517,469.40,60.16,529.55,2,3.78,1
torchinferno,multi_turn,518,335.69,0.00,440.94,1,2.27,1
torchinferno,multi_turn,519,521.98,56.18,578.16,2,3.46,1
torchinferno,multi_turn,520,359.40,256.31,615.72,2,3.25,0
torchinferno,multi_turn,521,564.75,0.00,591.94,1,1.69,1
torchinferno,multi_turn,522,590.02,0.00,634.48,1,1.58,1
torchinferno,multi_turn,523,266.40,0.00,314.15,1,3.18,1
torchinferno,multi_turn,524,573.07,61.65,634.72,2,3.15,1
torchinferno,multi_turn,525,479.24,77.55,556.79,2,3.59,1
torchinferno,multi_turn,526,521.16,0.00,551.10,1,1.81,1
torchinferno,multi_turn,527,624.47,0.00,640.77,1,1.56,1
torchinferno,multi_turn,528,460.49,0.00,477.27,1,2.10,1
torchinferno,multi_turn,529,531.71,0.00,628.53,1,1.59,1
torchinferno,multi_turn,530,484.86,0.00,677.00,1,1.48,1
torchinferno,multi_turn,531,555.31,0.00,589.63,1,1.70,1
torchinferno,multi_turn,532,573.83,0.00,637.14,1,1.57,1
torchinferno,multi_turn,533,485.80,103.81,693.42,3,4.33,0
torchinferno,multi_turn,534,388.35,0.00,437.60,1,2.29,1
torchinferno,multi_turn,535,601.24,0.00,649.76,1,1.54,1
torchinferno,multi_turn,536,340.15,0.00,379.35,1,2.64,1
torchinferno,multi_turn,537,385.52,0.00,509.58,1,1.96,1
torchinferno,multi_turn,538,458.13,335.40,793.53,2,2.52,1
torchinferno,multi_turn,539,403.25,0.00,457.36,1,2.19,1
torchinferno,multi_turn,540,565.04,0.00,614.76,1,1.63,1
torchinferno,multi_turn,541,493.78,0.00,557.19,1,1.79,1
torchinferno,multi_turn,542,530.30,230.43,760.72,2,2.63,1
torchinferno,multi_turn,543,422.13,0.00,477.79,1,2.09,1
torchinferno,multi_turn,544,329.90,0.00,369.91,1,2.70,1
torchinferno,multi_turn,545,766.02,0.00,829.04,1,1.21,1
torchinferno,multi_turn,546,563.42,0.00,583.75,1,1.71,1
torchinferno,multi_turn,547,289.22,0.00,319.75,1,3.13,1
torchinferno,multi_turn,548,584.07,0.00,690.76,1,1.45,1
torchinferno,multi_turn,549,432.32,0.00,457.72,1,2.18,1
torchinferno,multi_turn,550,579.58,213.31,792.90,2,2.52,1
torchinferno,multi_turn,551,440.53,206.92,647.45,2,3.09,1
torchinferno,multi_turn,552,342.01,0.00,379.16,1,2.64,1
torchinferno,multi_turn,553,389.31,0.00,490.89,1,2.04,1
torchinferno,multi_turn,554,475.44,0.00,665.86,1,1.50,1
torchinferno,multi_turn,555,551.00,103.45,654.45,2,3.06,1
torchinferno,multi_turn,556,516.95,99.03,615.99,2,3.25,1
torchinferno,multi_turn,557,447.95,0.00,471.48,1,2.12,1
torchinferno,multi_turn,558,575.49,200.32,775.81,2,2.58,1
torchinferno,multi_turn,559,449.07,212.80,661.87,2,3.02,1
torchinferno,multi_turn,560,496.16,0.00,591.82,1,1.69,1
torchinferno,multi_turn,561,297.07,82.29,379.36,2,5.27,1
torchinferno,multi_turn,562,537.91,0.00,562.64,1,1.78,1
torchinferno,multi_turn,563,287.75,92.98,380.73,2,5.25,1
torchinferno,multi_turn,564,521.30,0.00,553.98,1,1.81,1
torchinferno,multi_turn,565,504.78,0.00,556.96,1,1.80,1
torchinferno,multi_turn,566,548.51,0.00,571.50,1,1.75,1
torchinferno,multi_turn,567,629.46,220.59,850.05,2,2.35,1
torchinferno,multi_turn,568,477.21,0.00,502.69,1,1.99,1
torchinferno,multi_turn,569,526.66,0.00,654.74,1,1.53,1
torchinferno,multi_turn,570,451.18,0.00,621.27,1,1.61,1
torchinferno,multi_turn,571,569.18,0.00,594.50,1,1.68,1
torchinferno,multi_turn,572,589.15,0.00,623.94,1,1.60,1
torchinferno,multi_turn,573,514.20,0.00,619.85,1,1.61,1
torchinferno,multi_turn,574,495.67,0.00,546.73,1,1.83,1
torchinferno,multi_turn,575,603.38,212.95,816.33,2,2.45,1
torchinferno,multi_turn,576,326.26,0.00,365.89,1,2.73,1
torchinferno,multi_turn,577,774.26,69.50,843.77,2,2.37,1
torchinferno,multi_turn,578,545.91,191.66,737.57,2,2.71,1
torchinferno,multi_turn,579,279.90,0.00,307.29,1,3.25,1
torchinferno,multi_turn,580,600.83,0.00,635.87,1,1.57,1
torchinferno,multi_turn,581,732.90,89.28,822.19,2,2.43,1
torchinferno,multi_turn,582,533.86,0.00,619.45,1,1.61,1
torchinferno,multi_turn,583,579.07,0.00,592.32,1,1.69,1
torchinferno,multi_turn,584,371.33,252.09,623.42,2,3.21,1
torchinferno,multi_turn,585,563.64,0.00,611.73,1,1.63,1
torchinferno,multi_turn,586,565.04,221.57,786.61,2,2.54,1
torchinferno,multi_turn,587,250.53,0.00,296.96,1,3.37,1
torchinferno,multi_turn,588,584.84,0.00,638.28,1,1.57,1
torchinferno,multi_turn,589,712.86,0.00,735.77,1,1.36,1
torchinferno,multi_turn,590,595.72,0.00,648.32,1,1.54,1
torchinferno,multi_turn,591,614.80,0.00,628.18,1,1.59,1
torchinferno,multi_turn,592,331.08,249.43,580.50,2,3.45,1
torchinferno,multi_turn,593,562.55,0.00,590.13,1,1.69,1
torchinferno,multi_turn,594,595.60,222.09,817.69,2,2.45,1
torchinferno,multi_turn,595,250.06,153.12,556.30,3,5.39,0
torchinferno,multi_turn,596,320.24,226.06,546.30,2,3.66,1
torchinferno,multi_turn,597,543.85,0.00,618.03,1,1.62,1
torchinferno,multi_turn,598,549.73,0.00,603.05,1,1.66,1
torchinferno,multi_turn,599,600.17,0.00,623.34,1,1.60,1
torchinferno,multi_turn,600,533.50,0.00,625.78,1,1.60,1
torchinferno,multi_turn,601,292.52,0.00,338.54,1,2.95,1
torchinferno,multi_turn,602,580.86,212.09,792.95,2,2.52,1
torchinferno,multi_turn,603,259.04,203.02,462.06,2,4.33,1
torchinferno,multi_turn,604,416.49,223.48,639.97,2,3.13,1
torchinferno,multi_turn,605,540.34,0.00,625.93,1,1.60,1
torchinferno,multi_turn,606,537.01,0.00,570.25,1,1.75,1
torchinferno,multi_turn,607,628.28,0.00,654.47,1,1.53,1
torchinferno,multi_turn,608,345.24,0.00,366.40,1,2.73,1
torchinferno,multi_turn,609,796.82,0.00,811.74,1,1.23,1
torchinferno,multi_turn,610,597.20,205.88,803.08,2,2.49,1
torchinferno,multi_turn,611,273.30,190.37,463.67,2,4.31,1
torchinferno,multi_turn,612,428.45,214.45,642.90,2,3.11,1
torchinferno,multi_turn,613,555.58,0.00,576.40,1,1.73,1
torchinferno,multi_turn,614,600.99,62.84,663.83,2,3.01,1
torchinferno,multi_turn,615,599.80,0.00,621.31,1,1.61,1
torchinferno,multi_turn,616,334.89,271.84,606.74,2,3.30,1
torchinferno,multi_turn,617,547.20,0.00,567.20,1,1.76,1
torchinferno,multi_turn,618,603.84,220.04,823.88,2,2.43,1
torchinferno,multi_turn,619,248.74,208.88,457.62,2,4.37,1
torchinferno,multi_turn,620,412.11,231.58,643.68,2,3.11,1
torchinferno,multi_turn,621,530.46,117.42,647.89,2,3.09,1
torchinferno,multi_turn,622,515.47,0.00,555.87,1,1.80,1
torchinferno,multi_turn,623,619.04,0.00,640.22,1,1.56,1
torchinferno,multi_turn,624,370.33,268.36,638.70,2,3.13,1
torchinferno,multi_turn,625,558.35,0.00,582.13,1,1.72,1
torchinferno,multi_turn,626,589.97,232.96,822.93,2,2.43,1
torchinferno,multi_turn,627,240.30,201.07,441.38,2,4.53,1
torchinferno,multi_turn,628,426.09,0.00,469.02,1,2.13,1
torchinferno,multi_turn,629,720.72,0.00,820.01,1,1.22,1
torchinferno,multi_turn,630,519.37,97.71,617.09,2,3.24,1
torchinferno,multi_turn,631,568.74,0.00,591.44,1,1.69,1
torchinferno,multi_turn,632,330.08,0.00,348.47,1,2.87,1
torchinferno,multi_turn,633,796.04,87.66,883.70,2,2.26,1
torchinferno,multi_turn,634,534.66,224.85,759.52,2,2.63,1
torchinferno,multi_turn,635,243.65,0.00,301.12,1,3.32,1
torchinferno,multi_turn,636,568.87,0.00,596.96,1,1.68,1
torchinferno,multi_turn,637,741.12,113.80,854.92,2,2.34,1
torchinferno,multi_turn,638,507.82,0.00,608.62,1,1.64,1
torchinferno,multi_turn,639,559.38,0.00,582.50,1,1.72,1
torchinferno,multi_turn,640,359.95,0.00,390.64,1,2.56,1
torchinferno,multi_turn,641,778.64,0.00,853.53,1,1.17,1
torchinferno,multi_turn,642,552.31,0.00,574.07,1,1.74,1
torchinferno,multi_turn,643,441.65,217.04,658.69,2,3.04,1
torchinferno,multi_turn,644,408.58,209.27,617.85,2,3.24,1
torchinferno,multi_turn,645,564.62,58.97,623.59,2,3.21,1
torchinferno,multi_turn,646,557.31,124.30,681.61,2,2.93,1
torchinferno,multi_turn,647,535.52,0.00,564.91,1,1.77,1
torchinferno,multi_turn,648,358.29,265.84,624.13,2,3.20,1
torchinferno,multi_turn,649,548.25,0.00,575.42,1,1.74,1
torchinferno,multi_turn,650,595.06,0.00,611.86,1,1.63,1
torchinferno,multi_turn,651,449.90,220.55,670.45,2,2.98,1
torchinferno,multi_turn,652,410.80,0.00,431.51,1,2.32,1
torchinferno,multi_turn,653,743.74,66.19,809.93,2,2.47,1
torchinferno,multi_turn,654,553.33,110.55,663.88,2,3.01,1
torchinferno,multi_turn,655,553.03,0.00,580.59,1,1.72,1
torchinferno,multi_turn,656,494.35,0.00,602.26,1,1.66,1
torchinferno,multi_turn,657,465.20,330.12,795.32,2,2.51,1
torchinferno,multi_turn,658,411.94,0.00,429.32,1,2.33,1
torchinferno,multi_turn,659,597.76,0.00,624.88,1,1.60,1
torchinferno,multi_turn,660,510.30,0.00,531.44,1,1.88,1
torchinferno,multi_turn,661,380.23,0.00,419.25,1,2.39,1
torchinferno,multi_turn,662,579.22,0.00,678.61,1,1.47,1
torchinferno,multi_turn,663,560.86,0.00,591.68,1,1.69,1
torchinferno,multi_turn,664,330.61,0.00,361.01,1,2.77,1
torchinferno,multi_turn,665,786.17,69.12,855.29,2,2.34,1
torchinferno,multi_turn,666,559.20,205.47,764.66,2,2.62,1
torchinferno,multi_turn,667,262.14,0.00,278.58,1,3.59,1
torchinferno,multi_turn,668,603.25,206.61,809.87,2,2.47,1
torchinferno,multi_turn,669,559.14,0.00,581.67,1,1.72,1
torchinferno,multi_turn,670,603.11,82.06,685.18,2,2.92,0
torchinferno,multi_turn,671,580.65,0.00,607.81,1,1.65,1
torchinferno,multi_turn,672,316.76,274.34,591.10,2,3.38,1
torchinferno,multi_turn,673,547.25,0.00,612.76,1,1.63,1
torchinferno,multi_turn,674,553.62,0.00,600.89,1,1.66,1
torchinferno,multi_turn,675,417.37,204.28,621.65,2,3.22,1
torchinferno,multi_turn,676,425.89,0.00,468.25,1,2.14,1
torchinferno,multi_turn,677,721.45,86.78,808.24,2,2.47,1
torchinferno,multi_turn,678,533.17,80.39,613.56,2,3.26,1
torchinferno,multi_turn,679,589.49,0.00,614.88,1,1.63,1
torchinferno,multi_turn,680,353.80,266.75,620.55,2,3.22,1
torchinferno,multi_turn,681,547.72,0.00,602.80,1,1.66,1
torchinferno,multi_turn,682,568.47,201.54,770.01,2,2.60,1
torchinferno,multi_turn,683,266.39,0.00,299.42,1,3.34,1
torchinferno,multi_turn,684,595.52,221.26,816.79,2,2.45,1
torchinferno,multi_turn,685,547.91,108.68,656.59,2,3.05,1
torchinferno,multi_turn,686,512.61,0.00,592.27,1,1.69,1
torchinferno,multi_turn,687,573.47,0.00,607.89,1,1.65,1
torchinferno,multi_turn,688,368.59,255.32,623.92,2,3.21,1
torchinferno,multi_turn,689,557.86,0.00,598.33,1,1.67,1
torchinferno,multi_turn,690,579.78,0.00,624.77,1,1.60,1
torchinferno,multi_turn,691,422.61,0.00,464.64,1,2.15,1
torchinferno,multi_turn,692,582.73,0.00,624.79,1,1.60,1
torchinferno,multi_turn,693,722.88,0.00,743.84,1,1.34,1
torchinferno,multi_turn,694,606.35,111.68,718.03,2,2.79,1
torchinferno,multi_turn,695,555.24,0.00,581.60,1,1.72,1
torchinferno,multi_turn,696,368.36,137.74,643.85,3,4.66,0
torchinferno,multi_turn,697,540.22,81.13,621.35,2,3.22,1
torchinferno,multi_turn,698,536.37,0.00,580.05,1,1.72,1
torchinferno,multi_turn,699,429.46,193.21,622.68,2,3.21,0
torchinferno,multi_turn,700,434.06,208.83,642.89,2,3.11,1
torchinferno,multi_turn,701,555.85,94.63,650.49,2,3.07,1
torchinferno,multi_turn,702,532.38,70.01,602.39,2,3.32,1
torchinferno,multi_turn,703,588.71,0.00,619.50,1,1.61,1
torchinferno,multi_turn,704,335.18,250.79,585.97,2,3.41,1
torchinferno,multi_turn,705,563.75,0.00,607.16,1,1.65,1
torchinferno,multi_turn,706,578.63,193.46,772.08,2,2.59,1
torchinferno,multi_turn,707,279.40,0.00,304.30,1,3.29,1
torchinferno,multi_turn,708,590.79,223.28,814.07,2,2.46,1
torchinferno,multi_turn,709,546.47,0.00,624.00,1,1.60,1
torchinferno,multi_turn,710,547.47,0.00,624.72,1,1.60,1
torchinferno,multi_turn,711,586.07,0.00,614.09,1,1.63,1
torchinferno,multi_turn,712,343.72,0.00,379.94,1,2.63,1
torchinferno,multi_turn,713,771.52,52.34,823.86,2,2.43,1
torchinferno,multi_turn,714,576.35,203.92,780.26,2,2.56,1
torchinferno,multi_turn,715,260.80,0.00,317.14,1,3.15,1
torchinferno,multi_turn,716,572.76,213.70,786.46,2,2.54,1
torchinferno,multi_turn,717,555.33,55.47,610.80,2,3.27,1
torchinferno,multi_turn,718,559.21,0.00,680.83,1,1.47,1
torchinferno,multi_turn,719,547.75,0.00,574.52,1,1.74,1
torchinferno,multi_turn,720,354.92,0.00,385.66,1,2.59,1
torchinferno,multi_turn,721,791.78,0.00,849.30,1,1.18,1
torchinferno,multi_turn,722,555.04,0.00,586.74,1,1.70,1
torchinferno,multi_turn,723,438.97,0.00,478.48,1,2.09,1
torchinferno,multi_turn,724,594.36,0.00,640.56,1,1.56,1
torchinferno,multi_turn,725,711.43,50.28,761.71,2,2.63,1
torchinferno,multi_turn,726,579.64,62.88,642.52,2,3.11,1
torchinferno,multi_turn,727,594.78,39.29,634.08,2,3.15,1
torchinferno,multi_turn,728,350.17,281.88,632.05,2,3.16,1
torchinferno,multi_turn,729,536.22,80.30,616.52,2,3.24,1
torchinferno,multi_turn,730,541.20,213.91,755.11,2,2.65,1
torchinferno,multi_turn,731,262.48,0.00,319.74,1,3.13,1
torchinferno,multi_turn,732,560.88,0.00,580.78,1,1.72,1
torchinferno,multi_turn,733,745.75,54.65,800.40,2,2.50,1
torchinferno,multi_turn,734,569.30,101.93,671.23,2,2.98,1
torchinferno,multi_turn,735,558.78,41.87,600.64,2,3.33,1
torchinferno,multi_turn,736,327.47,271.39,598.86,2,3.34,1
torchinferno,multi_turn,737,550.97,0.00,607.07,1,1.65,1
torchinferno,multi_turn,738,558.22,0.00,592.70,1,1.69,1
torchinferno,multi_turn,739,442.83,0.00,480.32,1,2.08,1
torchinferno,multi_turn,740,587.68,228.38,816.05,2,2.45,1
torchinferno,multi_turn,741,536.38,0.00,587.63,1,1.70,1
torchinferno,multi_turn,742,573.69,36.32,610.01,2,3.28,1
torchinferno,multi_turn,743,624.05,35.92,659.97,2,3.03,1
torchinferno,multi_turn,744,354.31,0.00,387.75,1,2.58,1
torchinferno,multi_turn,745,775.09,60.24,835.33,2,2.39,1
torchinferno,multi_turn,746,565.04,192.85,757.89,2,2.64,1
torchinferno,multi_turn,747,278.46,0.00,298.03,1,3.36,1
torchinferno,multi_turn,748,605.88,0.00,653.04,1,1.53,1
torchinferno,multi_turn,749,712.79,77.35,790.14,2,2.53,1
torchinferno,multi_turn,750,555.39,64.46,619.85,2,3.23,1
torchinferno,multi_turn,751,593.99,40.26,634.24,2,3.15,1
torchinferno,multi_turn,752,330.38,280.37,610.75,2,3.27,1
torchinferno,multi_turn,753,538.79,39.63,578.41,2,3.46,1
torchinferno,multi_turn,754,585.15,195.57,780.71,2,2.56,1
torchinferno,multi_turn,755,273.83,217.03,490.86,2,4.07,1
torchinferno,multi_turn,756,410.59,0.00,431.42,1,2.32,1
torchinferno,multi_turn,757,747.35,0.00,829.19,1,1.21,1
torchinferno,multi_turn,758,535.39,0.00,573.28,1,1.74,1
torchinferno,multi_turn,759,620.40,45.51,665.91,2,3.00,1
torchinferno,multi_turn,760,513.46,292.22,805.68,2,2.48,1
torchinferno,multi_turn,761,282.37,0.00,466.38,1,2.14,1
torchinferno,multi_turn,762,560.88,87.37,648.25,2,3.09,1
torchinferno,multi_turn,763,524.33,42.24,608.81,3,4.93,0
torchinferno,multi_turn,764,461.32,87.99,549.31,2,3.64,1
torchinferno,multi_turn,765,507.86,0.00,547.47,1,1.83,1
torchinferno,multi_turn,766,614.78,0.00,637.97,1,1.57,1
torchinferno,multi_turn,767,406.65,40.16,446.81,2,4.48,1
torchinferno,multi_turn,768,488.56,310.26,798.82,2,2.50,1
torchinferno,multi_turn,769,272.01,0.00,450.94,1,2.22,1
torchinferno,multi_turn,770,564.54,58.93,623.48,2,3.21,1
torchinferno,multi_turn,771,557.46,92.31,649.78,2,3.08,1
torchinferno,multi_turn,772,446.73,0.00,464.97,1,2.15,1
torchinferno,multi_turn,773,373.43,0.00,413.48,1,2.42,1
torchinferno,multi_turn,774,585.99,0.00,619.67,1,1.61,1
torchinferno,multi_turn,775,621.64,48.41,670.05,2,2.98,0
torchinferno,multi_turn,776,332.76,0.00,362.28,1,2.76,1
torchinferno,multi_turn,777,796.08,59.97,856.05,2,2.34,1
torchinferno,multi_turn,778,552.76,0.00,592.09,1,1.69,1
torchinferno,multi_turn,779,433.31,210.32,643.63,2,3.11,1
torchinferno,multi_turn,780,415.00,0.00,470.60,1,2.12,1
torchinferno,multi_turn,781,714.11,0.00,755.32,1,1.32,1
torchinferno,multi_turn,782,575.08,0.00,610.79,1,1.64,1
torchinferno,multi_turn,783,634.30,39.35,673.65,2,2.97,1
torchinferno,multi_turn,784,321.05,0.00,342.84,1,2.92,1
torchinferno,multi_turn,785,786.81,0.00,840.33,1,1.19,1
torchinferno,multi_turn,786,567.63,225.85,793.48,2,2.52,1
torchinferno,multi_turn,787,251.15,194.25,445.40,2,4.49,1
torchinferno,multi_turn,788,425.92,0.00,467.74,1,2.14,1
torchinferno,multi_turn,789,725.20,58.81,784.01,2,2.55,1
torchinferno,multi_turn,790,562.50,0.00,619.36,1,1.61,1
torchinferno,multi_turn,791,605.59,45.28,650.87,2,3.07,1
torchinferno,multi_turn,792,371.87,282.71,654.58,2,3.06,1
torchinferno,multi_turn,793,537.43,0.00,567.43,1,1.76,1
torchinferno,multi_turn,794,585.64,189.57,775.21,2,2.58,1
torchinferno,multi_turn,795,280.86,0.00,329.58,1,3.03,1
torchinferno,multi_turn,796,572.82,201.10,773.92,2,2.58,1
torchinferno,multi_turn,797,563.79,0.00,665.93,1,1.50,1
torchinferno,multi_turn,798,522.40,0.00,543.47,1,1.84,1
torchinferno,multi_turn,799,642.11,45.80,687.91,2,2.91,1
torchinferno,multi_turn,800,513.85,0.00,592.85,1,1.69,1
torchinferno,multi_turn,801,307.76,0.00,352.28,1,2.84,1
torchinferno,multi_turn,802,576.02,227.71,803.73,2,2.49,1
torchinferno,multi_turn,803,239.42,205.90,445.32,2,4.49,1
torchinferno,multi_turn,804,416.94,0.00,452.77,1,2.21,1
torchinferno,multi_turn,805,737.58,103.51,841.09,2,2.38,1
torchinferno,multi_turn,806,516.95,112.47,629.42,2,3.18,1
torchinferno,multi_turn,807,548.82,44.11,592.93,2,3.37,1
torchinferno,multi_turn,808,349.11,257.90,607.01,2,3.29,1
torchinferno,multi_turn,809,558.82,0.00,631.82,1,1.58,1
torchinferno,multi_turn,810,549.03,0.00,579.51,1,1.73,1
torchinferno,multi_turn,811,438.94,0.00,482.19,1,2.07,1
torchinferno,multi_turn,812,577.25,240.62,817.87,2,2.45,1
torchinferno,multi_turn,813,529.57,0.00,562.17,1,1.78,1
torchinferno,multi_turn,814,592.25,44.52,636.77,2,3.14,1
torchinferno,multi_turn,815,611.20,47.28,658.48,2,3.04,1
torchinferno,multi_turn,816,359.29,263.28,622.57,2,3.21,1
torchinferno,multi_turn,817,560.19,0.00,644.73,1,1.55,1
torchinferno,multi_turn,818,530.76,206.23,736.98,2,2.71,1
torchinferno,multi_turn,819,264.69,0.00,315.55,1,3.17,1
torchinferno,multi_turn,820,578.42,196.18,774.60,2,2.58,1
torchinferno,multi_turn,821,565.16,69.76,634.92,2,3.15,1
torchinferno,multi_turn,822,555.60,0.00,576.92,1,1.73,1
torchinferno,multi_turn,823,643.67,39.71,683.38,2,2.93,1
torchinferno,multi_turn,824,345.97,0.00,396.27,1,2.52,1
torchinferno,multi_turn,825,771.47,0.00,801.71,1,1.25,1
torchinferno,multi_turn,826,583.26,0.00,634.64,1,1.58,1
torchinferno,multi_turn,827,421.48,0.00,451.36,1,2.22,1
torchinferno,multi_turn,828,597.46,235.42,832.88,2,2.40,1
torchinferno,multi_turn,829,528.72,0.00,563.35,1,1.78,1
torchinferno,multi_turn,830,585.67,0.00,680.96,1,1.47,1
torchinferno,multi_turn,831,570.82,46.29,617.11,2,3.24,1
torchinferno,multi_turn,832,513.10,0.00,646.29,1,1.55,1
torchinferno,multi_turn,833,450.00,0.00,651.47,1,1.53,1
torchinferno,multi_turn,834,534.84,69.31,604.16,2,3.31,1
torchinferno,multi_turn,835,548.53,0.00,591.07,1,1.69,1
torchinferno,multi_turn,836,504.75,0.00,535.08,1,1.87,1
torchinferno,multi_turn,837,562.02,217.20,779.21,2,2.57,1
torchinferno,multi_turn,838,439.16,0.00,510.82,1,1.96,1
torchinferno,multi_turn,839,548.87,0.00,722.63,1,1.38,1
torchinferno,multi_turn,840,525.38,0.00,643.31,1,1.55,1
torchinferno,multi_turn,841,460.73,317.11,777.84,2,2.57,1
torchinferno,multi_turn,842,419.48,0.00,449.61,1,2.22,1
torchinferno,multi_turn,843,586.72,0.00,612.88,1,1.63,1
torchinferno,multi_turn,844,519.54,45.19,564.74,2,3.54,1
torchinferno,multi_turn,845,555.33,0.00,628.08,1,1.59,1
torchinferno,multi_turn,846,583.60,0.00,645.78,1,1.55,1
torchinferno,multi_turn,847,553.44,0.00,728.41,1,1.37,1
torchinferno,multi_turn,848,495.16,0.00,605.06,1,1.65,1
torchinferno,multi_turn,849,469.39,325.00,794.40,2,2.52,1
torchinferno,multi_turn,850,421.11,71.96,493.07,2,4.06,1
torchinferno,multi_turn,851,538.71,108.45,647.16,2,3.09,1
torchinferno,multi_turn,852,438.97,0.00,464.14,1,2.15,1
torchinferno,multi_turn,853,573.56,0.00,636.03,1,1.57,1
torchinferno,multi_turn,854,588.87,197.23,786.09,2,2.54,1
torchinferno,multi_turn,855,425.55,0.00,601.79,1,1.66,1
torchinferno,multi_turn,856,509.74,0.00,633.21,1,1.58,1
torchinferno,multi_turn,857,453.22,319.98,773.20,2,2.59,0
torchinferno,multi_turn,858,417.10,0.00,479.72,1,2.08,1
torchinferno,multi_turn,859,558.13,0.00,571.64,1,1.75,1
torchinferno,multi_turn,860,530.90,0.00,590.41,1,1.69,1
torchinferno,multi_turn,861,532.85,0.00,606.27,1,1.65,1
torchinferno,multi_turn,862,579.78,0.00,643.56,1,1.55,1
torchinferno,multi_turn,863,555.91,0.00,735.96,1,1.36,1
torchinferno,multi_turn,864,519.71,300.92,820.63,2,2.44,1
torchinferno,multi_turn,865,276.31,323.80,600.11,2,3.33,1
torchinferno,multi_turn,866,413.71,0.00,450.88,1,2.22,1
torchinferno,multi_turn,867,577.28,71.87,649.14,2,3.08,1
torchinferno,multi_turn,868,479.21,0.00,552.00,1,1.81,1
torchinferno,multi_turn,869,525.17,0.00,556.59,1,1.80,1
torchinferno,multi_turn,870,622.47,0.00,653.80,1,1.53,1
torchinferno,multi_turn,871,580.35,0.00,763.78,1,1.31,1
torchinferno,multi_turn,872,506.35,296.66,803.01,2,2.49,1
torchinferno,multi_turn,873,275.27,0.00,455.98,1,2.19,1
torchinferno,multi_turn,874,566.23,72.89,639.12,2,3.13,1
torchinferno,multi_turn,875,537.12,83.08,620.21,2,3.22,1
torchinferno,multi_turn,876,466.81,66.07,532.88,2,3.75,1
torchinferno,multi_turn,877,526.08,203.43,729.51,2,2.74,1
torchinferno,multi_turn,878,457.23,193.99,651.22,2,3.07,1
torchinferno,multi_turn,879,417.61,0.00,600.57,1,1.67,1
torchinferno,multi_turn,880,495.65,0.00,603.28,1,1.66,1
torchinferno,multi_turn,881,467.09,0.00,643.58,1,1.55,1
torchinferno,multi_turn,882,563.63,0.00,610.70,1,1.64,1
torchinferno,multi_turn,883,577.71,0.00,648.47,1,1.54,1
torchinferno,multi_turn,884,466.98,104.48,571.46,2,3.50,1
torchinferno,multi_turn,885,493.07,0.00,554.78,1,1.80,1
torchinferno,multi_turn,886,593.01,211.63,804.64,2,2.49,1
torchinferno,multi_turn,887,408.86,0.00,588.52,1,1.70,1
torchinferno,multi_turn,888,508.45,311.89,820.33,2,2.44,1
torchinferno,multi_turn,889,270.66,0.00,485.86,1,2.06,1
torchinferno,multi_turn,890,524.62,0.00,551.04,1,1.81,1
torchinferno,multi_turn,891,593.87,0.00,677.33,1,1.48,1
torchinferno,multi_turn,892,455.37,0.00,544.27,1,1.84,1
torchinferno,multi_turn,893,511.39,0.00,539.10,1,1.85,1
torchinferno,multi_turn,894,626.97,205.21,832.18,2,2.40,1
torchinferno,multi_turn,895,410.28,0.00,593.24,1,1.69,1
torchinferno,multi_turn,896,498.48,0.00,609.23,1,1.64,1
torchinferno,multi_turn,897,467.04,0.00,663.61,1,1.51,1
torchinferno,multi_turn,898,547.02,0.00,626.06,1,1.60,1
torchinferno,multi_turn,899,532.92,73.35,606.27,2,3.30,1
torchinferno,multi_turn,900,468.14,54.21,522.35,2,3.83,1
torchinferno,multi_turn,901,549.06,217.16,766.22,2,2.61,1
torchinferno,multi_turn,902,436.50,0.00,453.70,1,2.20,1
torchinferno,multi_turn,903,596.12,0.00,781.26,1,1.28,1
torchinferno,multi_turn,904,487.97,0.00,586.21,1,1.71,1
torchinferno,multi_turn,905,478.39,0.00,666.28,1,1.50,1
torchinferno,multi_turn,906,555.40,81.38,636.78,2,3.14,1
torchinferno,multi_turn,907,533.56,0.00,570.54,1,1.75,1
torchinferno,multi_turn,908,504.24,0.00,589.63,1,1.70,1
torchinferno,multi_turn,909,515.08,0.00,580.25,1,1.72,1
torchinferno,multi_turn,910,586.59,0.00,644.62,1,1.55,1
torchinferno,multi_turn,911,562.70,0.00,743.56,1,1.34,1
torchinferno,multi_turn,912,493.15,302.79,795.93,2,2.51,1
torchinferno,multi_turn,913,274.92,0.00,439.40,1,2.28,1
torchinferno,multi_turn,914,574.73,0.00,608.16,1,1.64,1
torchinferno,multi_turn,915,583.43,0.00,649.39,1,1.54,1
torchinferno,multi_turn,916,478.03,0.00,516.32,1,1.94,1
torchinferno,multi_turn,917,563.31,196.30,759.61,2,2.63,1
torchinferno,multi_turn,918,460.22,210.31,670.54,2,2.98,0
torchinferno,multi_turn,919,407.24,318.58,725.82,2,2.76,1
torchinferno,multi_turn,920,505.73,301.11,806.85,2,2.48,1
torchinferno,multi_turn,921,271.89,336.24,608.13,2,3.29,1
torchinferno,multi_turn,922,406.63,70.75,477.38,2,4.19,1
torchinferno,multi_turn,923,547.09,0.00,592.41,1,1.69,1
torchinferno,multi_turn,924,498.53,40.19,538.71,2,3.71,1
torchinferno,multi_turn,925,554.40,227.06,781.46,2,2.56,1
torchinferno,multi_turn,926,429.56,0.00,469.98,1,2.13,1
torchinferno,multi_turn,927,578.15,321.91,900.06,2,2.22,1
torchinferno,multi_turn,928,529.32,0.00,665.41,1,1.50,1
torchinferno,multi_turn,929,440.98,0.00,620.90,1,1.61,1
torchinferno,multi_turn,930,561.88,90.91,652.79,2,3.06,1
torchinferno,multi_turn,931,529.17,93.15,622.33,2,3.21,1
torchinferno,multi_turn,932,447.03,77.39,524.43,2,3.81,1
torchinferno,multi_turn,933,529.50,0.00,567.36,1,1.76,1
torchinferno,multi_turn,934,609.22,0.00,648.17,1,1.54,1
torchinferno,multi_turn,935,579.75,325.34,905.09,2,2.21,0
torchinferno,multi_turn,936,528.13,0.00,612.76,1,1.63,1
torchinferno,multi_turn,937,488.30,0.00,691.51,1,1.45,1
torchinferno,multi_turn,938,539.82,0.00,629.01,1,1.59,1
torchinferno,multi_turn,939,531.85,72.67,604.52,2,3.31,1
torchinferno,multi_turn,940,470.60,0.00,525.20,1,1.90,1
torchinferno,multi_turn,941,540.14,0.00,564.10,1,1.77,1
torchinferno,multi_turn,942,630.57,0.00,693.46,1,1.44,1
torchinferno,multi_turn,943,552.34,325.95,878.28,2,2.28,1
torchinferno,multi_turn,944,512.02,0.00,600.45,1,1.67,1
torchinferno,multi_turn,945,486.70,0.00,691.13,1,1.45,1
torchinferno,multi_turn,946,542.98,92.52,635.50,2,3.15,1
torchinferno,multi_turn,947,521.53,89.73,611.26,2,3.27,1
torchinferno,multi_turn,948,450.23,103.83,554.07,2,3.61,1
torchinferno,multi_turn,949,499.52,210.44,709.96,2,2.82,1
torchinferno,multi_turn,950,444.02,0.00,492.06,1,2.03,1
torchinferno,multi_turn,951,568.31,325.49,893.81,2,2.24,1
torchinferno,multi_turn,952,534.38,0.00,651.80,1,1.53,1
torchinferno,multi_turn,953,464.42,0.00,625.74,1,1.60,1
torchinferno,multi_turn,954,578.32,0.00,621.60,1,1.61,1
torchinferno,multi_turn,955,569.07,52.34,621.41,2,3.22,1
torchinferno,multi_turn,956,490.57,0.00,546.89,1,1.83,1
torchinferno,multi_turn,957,546.97,0.00,596.85,1,1.68,1
torchinferno,multi_turn,958,601.01,0.00,630.42,1,1.59,1
torchinferno,multi_turn,959,592.12,322.92,915.04,2,2.19,1
torchinferno,multi_turn,960,486.54,0.00,623.12,1,1.60,1
torchinferno,multi_turn,961,439.08,0.00,622.33,1,1.61,1
torchinferno,multi_turn,962,562.62,78.83,641.45,2,3.12,1
torchinferno,multi_turn,963,535.91,0.00,556.92,1,1.80,1
torchinferno,multi_turn,964,520.55,0.00,614.81,1,1.63,1
torchinferno,multi_turn,965,507.32,230.14,737.46,2,2.71,1
torchinferno,multi_turn,966,426.50,0.00,468.22,1,2.14,1
torchinferno,multi_turn,967,572.80,325.13,897.93,2,2.23,1
torchinferno,multi_turn,968,507.01,0.00,617.25,1,1.62,1
torchinferno,multi_turn,969,462.66,332.22,794.88,2,2.52,1
torchinferno,multi_turn,970,418.06,32.00,482.06,3,6.22,1
torchinferno,multi_turn,971,550.02,0.00,580.40,1,1.72,1
torchinferno,multi_turn,972,510.49,103.92,718.34,3,4.18,1
torchinferno,multi_turn,973,395.42,0.00,408.85,1,2.45,1
torchinferno,multi_turn,974,631.99,111.18,854.35,3,3.51,1
torchinferno,multi_turn,975,400.21,325.91,726.12,2,2.75,1
torchinferno,multi_turn,976,496.75,0.00,612.41,1,1.63,1
torchinferno,multi_turn,977,461.08,0.00,670.23,1,1.49,1
torchinferno,multi_turn,978,532.92,0.00,568.87,1,1.76,1
torchinferno,multi_turn,979,578.63,52.76,631.40,2,3.17,1
torchinferno,multi_turn,980,487.54,82.07,569.62,2,3.51,1
torchinferno,multi_turn,981,513.55,239.28,752.82,2,2.66,1
torchinferno,multi_turn,982,414.51,0.00,471.22,1,2.12,1
torchinferno,multi_turn,983,560.51,329.93,890.44,2,2.25,1
torchinferno,multi_turn,984,514.26,302.07,816.33,2,2.45,1
torchinferno,multi_turn,985,279.84,0.00,474.82,1,2.11,1
torchinferno,multi_turn,986,546.85,56.78,603.63,2,3.31,1
torchinferno,multi_turn,987,556.88,92.94,649.82,2,3.08,1
torchinferno,multi_turn,988,451.66,62.31,513.97,2,3.89,1
torchinferno,multi_turn,989,533.97,225.90,759.88,2,2.63,1
torchinferno,multi_turn,990,431.16,202.63,633.79,2,3.16,1
torchinferno,multi_turn,991,415.42,326.67,742.10,2,2.70,1
torchinferno,multi_turn,992,521.42,0.00,616.98,1,1.62,1
torchinferno,multi_turn,993,477.32,333.61,810.93,2,2.47,1
torchinferno,multi_turn,994,410.79,60.50,471.30,2,4.24,1
torchinferno,multi_turn,995,562.45,0.00,600.01,1,1.67,1
torchinferno,multi_turn,996,497.10,99.80,596.90,2,3.35,1
torchinferno,multi_turn,997,505.43,0.00,570.60,1,1.75,1
torchinferno,multi_turn,998,587.49,0.00,616.42,1,1.62,1
torchinferno,multi_turn,999,589.86,323.83,913.70,2,2.19,1
torchinferno,tree_of_thought,0,275.12,0.00,338.56,1,2.95,1
torchinferno,tree_of_thought,1,293.55,0.00,356.25,1,2.81,1
torchinferno,tree_of_thought,2,271.14,152.00,423.14,2,4.73,1
torchinferno,tree_of_thought,3,290.10,149.11,439.21,2,4.55,1
torchinferno,tree_of_thought,4,317.10,0.00,389.48,1,2.57,1
torchinferno,tree_of_thought,5,377.51,0.00,463.11,1,2.16,1
torchinferno,tree_of_thought,6,334.98,140.76,475.75,2,4.20,1
torchinferno,tree_of_thought,7,347.21,156.11,503.32,2,3.97,1
torchinferno,tree_of_thought,8,304.68,0.00,382.06,1,2.62,1
torchinferno,tree_of_thought,9,258.44,0.00,338.07,1,2.96,1
torchinferno,tree_of_thought,10,295.89,129.45,425.35,2,4.70,1
torchinferno,tree_of_thought,11,244.43,132.02,376.45,2,5.31,1
torchinferno,tree_of_thought,12,152.12,0.00,218.97,1,4.57,1
torchinferno,tree_of_thought,13,96.26,0.00,168.02,1,5.95,1
torchinferno,tree_of_thought,14,134.53,122.72,257.25,2,7.77,1
torchinferno,tree_of_thought,15,120.04,125.24,245.28,2,8.15,1
torchinferno,tree_of_thought,16,799.46,0.00,864.39,1,1.16,1
torchinferno,tree_of_thought,17,146.82,0.00,208.89,1,4.79,1
torchinferno,tree_of_thought,18,154.98,0.00,224.47,1,4.45,1
torchinferno,tree_of_thought,19,165.88,0.00,233.19,1,4.29,1
torchinferno,tree_of_thought,20,144.57,124.86,269.43,2,7.42,1
torchinferno,tree_of_thought,21,285.83,0.00,366.18,1,2.73,1
torchinferno,tree_of_thought,22,312.70,0.00,393.90,1,2.54,1
torchinferno,tree_of_thought,23,321.16,0.00,405.89,1,2.46,1
torchinferno,tree_of_thought,24,297.59,138.88,436.47,2,4.58,1
torchinferno,tree_of_thought,25,452.19,0.00,513.66,1,1.95,1
torchinferno,tree_of_thought,26,145.05,0.00,212.59,1,4.70,1
torchinferno,tree_of_thought,27,131.21,0.00,194.96,1,5.13,1
torchinferno,tree_of_thought,28,121.59,0.00,186.41,1,5.36,1
torchinferno,tree_of_thought,29,139.13,124.76,263.88,2,7.58,1
torchinferno,tree_of_thought,30,419.73,0.00,480.57,1,2.08,1
torchinferno,tree_of_thought,31,162.25,0.00,227.86,1,4.39,1
torchinferno,tree_of_thought,32,153.16,127.28,280.43,2,7.13,1
torchinferno,tree_of_thought,33,363.04,0.00,430.40,1,2.32,1
torchinferno,tree_of_thought,34,388.33,0.00,468.74,1,2.13,1
torchinferno,tree_of_thought,35,177.04,0.00,242.40,1,4.13,1
torchinferno,tree_of_thought,36,173.78,132.15,305.93,2,6.54,1
torchinferno,tree_of_thought,37,156.74,130.76,287.50,2,6.96,1
torchinferno,tree_of_thought,38,170.83,127.90,298.74,2,6.69,1
torchinferno,tree_of_thought,39,167.22,0.00,224.88,1,4.45,1
torchinferno,tree_of_thought,40,164.99,136.01,301.00,2,6.64,1
torchinferno,tree_of_thought,41,150.33,143.23,293.56,2,6.81,1
torchinferno,tree_of_thought,42,144.32,146.16,290.48,2,6.89,1
torchinferno,tree_of_thought,43,263.77,0.00,327.45,1,3.05,1
torchinferno,tree_of_thought,44,236.84,0.00,312.69,1,3.20,1
torchinferno,tree_of_thought,45,291.61,129.93,421.54,2,4.74,1
torchinferno,tree_of_thought,46,206.18,140.33,346.51,2,5.77,1
torchinferno,tree_of_thought,47,412.00,129.43,541.42,2,3.69,1
torchinferno,tree_of_thought,48,86.56,128.96,215.52,2,9.28,1
torchinferno,tree_of_thought,49,87.20,64.89,476.54,7,14.69,1
torchinferno,tree_of_thought,50,775.09,0.00,840.31,1,1.19,1
torchinferno,tree_of_thought,51,776.82,130.31,907.13,2,2.20,1
torchinferno,tree_of_thought,52,315.98,0.00,381.32,1,2.62,1
torchinferno,tree_of_thought,53,323.45,0.00,395.40,1,2.53,1
torchinferno,tree_of_thought,54,299.08,0.00,377.21,1,2.65,1
torchinferno,tree_of_thought,55,288.97,131.41,420.38,2,4.76,1
torchinferno,tree_of_thought,56,453.45,121.75,575.20,2,3.48,1
torchinferno,tree_of_thought,57,82.13,0.00,145.19,1,6.89,1
torchinferno,tree_of_thought,58,85.78,0.00,151.92,1,6.58,1
torchinferno,tree_of_thought,59,87.91,124.03,211.94,2,9.44,1
torchinferno,tree_of_thought,60,91.58,124.75,216.32,2,9.25,1
torchinferno,tree_of_thought,61,414.69,0.00,478.75,1,2.09,1
torchinferno,tree_of_thought,62,161.84,0.00,225.46,1,4.44,1
torchinferno,tree_of_thought,63,392.27,0.00,451.96,1,2.21,1
torchinferno,tree_of_thought,64,388.19,0.00,476.80,1,2.10,1
torchinferno,tree_of_thought,65,366.14,147.35,513.49,2,3.89,1
torchinferno,tree_of_thought,66,400.16,0.00,464.54,1,2.15,1
torchinferno,tree_of_thought,67,395.65,0.00,466.16,1,2.15,1
torchinferno,tree_of_thought,68,391.99,0.00,476.61,1,2.10,1
torchinferno,tree_of_thought,69,407.39,0.00,484.32,1,2.06,1
torchinferno,tree_of_thought,70,153.94,0.00,218.05,1,4.59,1
torchinferno,tree_of_thought,71,153.14,0.00,219.74,1,4.55,1
torchinferno,tree_of_thought,72,151.28,130.28,281.56,2,7.10,1
torchinferno,tree_of_thought,73,153.30,127.31,280.61,2,7.13,1
torchinferno,tree_of_thought,74,368.30,0.00,433.74,1,2.31,1
torchinferno,tree_of_thought,75,381.31,134.25,515.56,2,3.88,1
torchinferno,tree_of_thought,76,382.45,138.18,520.63,2,3.84,1
torchinferno,tree_of_thought,77,385.33,86.94,559.20,3,5.36,1
torchinferno,tree_of_thought,78,755.39,0.00,821.77,1,1.22,1
torchinferno,tree_of_thought,79,159.99,0.00,227.38,1,4.40,1
torchinferno,tree_of_thought,80,154.28,0.00,222.15,1,4.50,1
torchinferno,tree_of_thought,81,143.85,0.00,215.47,1,4.64,1
torchinferno,tree_of_thought,82,133.92,95.08,324.07,3,9.26,0
torchinferno,tree_of_thought,83,279.78,0.00,339.15,1,2.95,1
torchinferno,tree_of_thought,84,272.20,0.00,353.74,1,2.83,1
torchinferno,tree_of_thought,85,268.35,129.92,398.27,2,5.02,1
torchinferno,tree_of_thought,86,282.26,127.95,410.22,2,4.88,1
torchinferno,tree_of_thought,87,459.20,0.00,522.54,1,1.91,1
torchinferno,tree_of_thought,88,122.75,0.00,186.74,1,5.35,1
torchinferno,tree_of_thought,89,135.71,0.00,201.89,1,4.95,1
torchinferno,tree_of_thought,90,140.03,128.36,268.39,2,7.45,1
torchinferno,tree_of_thought,91,111.43,131.52,242.94,2,8.23,1
torchinferno,tree_of_thought,92,413.52,0.00,479.67,1,2.08,1
torchinferno,tree_of_thought,93,159.64,0.00,223.29,1,4.48,1
torchinferno,tree_of_thought,94,399.34,130.89,530.23,2,3.77,1
torchinferno,tree_of_thought,95,361.30,147.23,508.52,2,3.93,1
torchinferno,tree_of_thought,96,390.07,136.69,526.76,2,3.80,1
torchinferno,tree_of_thought,97,372.60,0.00,449.12,1,2.23,1
torchinferno,tree_of_thought,98,308.60,0.00,386.75,1,2.59,1
torchinferno,tree_of_thought,99,367.65,0.00,432.29,1,2.31,1
torchinferno,tree_of_thought,100,333.70,148.26,481.96,2,4.15,1
torchinferno,tree_of_thought,101,243.62,0.00,319.14,1,3.13,1
torchinferno,tree_of_thought,102,281.05,0.00,343.39,1,2.91,1
torchinferno,tree_of_thought,103,214.92,0.00,298.42,1,3.35,1
torchinferno,tree_of_thought,104,307.23,128.12,435.35,2,4.59,1
torchinferno,tree_of_thought,105,148.28,0.00,208.96,1,4.79,1
torchinferno,tree_of_thought,106,125.55,0.00,202.24,1,4.94,1
torchinferno,tree_of_thought,107,96.74,0.00,170.71,1,5.86,1
torchinferno,tree_of_thought,108,114.26,134.82,249.09,2,8.03,0
torchinferno,tree_of_thought,109,800.08,0.00,866.00,1,1.15,1
torchinferno,tree_of_thought,110,137.90,0.00,204.10,1,4.90,1
torchinferno,tree_of_thought,111,136.93,0.00,214.17,1,4.67,1
torchinferno,tree_of_thought,112,151.19,129.29,280.48,2,7.13,1
torchinferno,tree_of_thought,113,155.68,132.40,288.09,2,6.94,1
torchinferno,tree_of_thought,114,305.81,0.00,364.14,1,2.75,1
torchinferno,tree_of_thought,115,321.69,0.00,392.53,1,2.55,1
torchinferno,tree_of_thought,116,334.24,0.00,404.10,1,2.47,1
torchinferno,tree_of_thought,117,312.77,130.03,442.81,2,4.52,1
torchinferno,tree_of_thought,118,454.59,0.00,517.12,1,1.93,1
torchinferno,tree_of_thought,119,134.59,0.00,202.26,1,4.94,1
torchinferno,tree_of_thought,120,115.89,122.98,238.86,2,8.37,1
torchinferno,tree_of_thought,121,140.92,132.33,273.25,2,7.32,1
torchinferno,tree_of_thought,122,123.98,129.96,253.94,2,7.88,1
torchinferno,tree_of_thought,123,411.99,0.00,477.78,1,2.09,1
torchinferno,tree_of_thought,124,319.11,0.00,390.32,1,2.56,1
torchinferno,tree_of_thought,125,316.86,0.00,378.45,1,2.64,1
torchinferno,tree_of_thought,126,289.49,0.00,368.87,1,2.71,1
torchinferno,tree_of_thought,127,307.80,0.00,383.64,1,2.61,1
torchinferno,tree_of_thought,128,175.42,0.00,242.95,1,4.12,1
torchinferno,tree_of_thought,129,164.50,0.00,235.63,1,4.24,1
torchinferno,tree_of_thought,130,158.61,128.04,286.64,2,6.98,1
torchinferno,tree_of_thought,131,146.10,94.19,334.48,3,8.97,0
torchinferno,tree_of_thought,132,109.19,0.00,185.63,1,5.39,1
torchinferno,tree_of_thought,133,101.63,132.55,234.18,2,8.54,1
torchinferno,tree_of_thought,134,113.87,129.33,243.20,2,8.22,1
torchinferno,tree_of_thought,135,110.66,141.57,252.24,2,7.93,1
torchinferno,tree_of_thought,136,265.21,0.00,316.99,1,3.15,1
torchinferno,tree_of_thought,137,288.47,0.00,360.32,1,2.78,1
torchinferno,tree_of_thought,138,235.65,130.04,365.69,2,5.47,1
torchinferno,tree_of_thought,139,301.37,144.90,446.27,2,4.48,0
torchinferno,tree_of_thought,140,408.48,129.44,537.92,2,3.72,1
torchinferno,tree_of_thought,141,84.43,133.29,217.72,2,9.19,1
torchinferno,tree_of_thought,142,779.32,0.00,840.57,1,1.19,1
torchinferno,tree_of_thought,143,764.60,132.48,897.08,2,2.23,1
torchinferno,tree_of_thought,144,776.84,135.21,912.05,2,2.19,1
torchinferno,tree_of_thought,145,314.31,0.00,375.62,1,2.66,1
torchinferno,tree_of_thought,146,293.32,0.00,364.49,1,2.74,1
torchinferno,tree_of_thought,147,283.71,133.12,416.84,2,4.80,1
torchinferno,tree_of_thought,148,305.56,134.71,440.27,2,4.54,1
torchinferno,tree_of_thought,149,459.15,0.00,519.58,1,1.92,1
torchinferno,tree_of_thought,150,151.20,0.00,210.09,1,4.76,1
torchinferno,tree_of_thought,151,128.61,0.00,194.71,1,5.14,1
torchinferno,tree_of_thought,152,115.48,0.00,187.38,1,5.34,1
torchinferno,tree_of_thought,153,136.06,0.00,208.29,1,4.80,1
torchinferno,tree_of_thought,154,481.31,0.00,549.68,1,1.82,1
torchinferno,tree_of_thought,155,289.18,0.00,373.70,1,2.68,1
torchinferno,tree_of_thought,156,276.22,0.00,364.93,1,2.74,1
torchinferno,tree_of_thought,157,303.06,139.49,442.55,2,4.52,1
torchinferno,tree_of_thought,158,291.74,140.11,431.85,2,4.63,1
torchinferno,tree_of_thought,159,375.54,0.00,454.03,1,2.20,1
torchinferno,tree_of_thought,160,320.29,0.00,401.00,1,2.49,1
torchinferno,tree_of_thought,161,367.43,142.35,509.77,2,3.92,1
torchinferno,tree_of_thought,162,342.86,144.97,487.83,2,4.10,1
torchinferno,tree_of_thought,163,232.71,0.00,286.15,1,3.49,1
torchinferno,tree_of_thought,164,270.63,0.00,347.52,1,2.88,1
torchinferno,tree_of_thought,165,257.93,125.52,383.45,2,5.22,1
torchinferno,tree_of_thought,166,304.96,132.05,437.01,2,4.58,0
torchinferno,tree_of_thought,167,143.27,0.00,206.73,1,4.84,1
torchinferno,tree_of_thought,168,91.99,0.00,165.43,1,6.04,1
torchinferno,tree_of_thought,169,112.89,123.83,236.72,2,8.45,1
torchinferno,tree_of_thought,170,131.64,122.02,253.65,2,7.88,1
torchinferno,tree_of_thought,171,804.47,0.00,869.01,1,1.15,1
torchinferno,tree_of_thought,172,159.84,0.00,226.52,1,4.41,1
torchinferno,tree_of_thought,173,145.30,0.00,210.45,1,4.75,1
torchinferno,tree_of_thought,174,143.89,0.00,202.55,1,4.94,1
torchinferno,tree_of_thought,175,156.62,124.62,281.24,2,7.11,1
torchinferno,tree_of_thought,176,292.11,0.00,350.65,1,2.85,1
torchinferno,tree_of_thought,177,307.26,0.00,375.40,1,2.66,1
torchinferno,tree_of_thought,178,328.23,0.00,402.09,1,2.49,1
torchinferno,tree_of_thought,179,309.36,143.49,452.84,2,4.42,1
torchinferno,tree_of_thought,180,450.14,0.00,513.49,1,1.95,1
torchinferno,tree_of_thought,181,134.97,0.00,197.15,1,5.07,1
torchinferno,tree_of_thought,182,137.99,0.00,206.95,1,4.83,1
torchinferno,tree_of_thought,183,107.71,0.00,179.31,1,5.58,1
torchinferno,tree_of_thought,184,122.00,129.67,251.66,2,7.95,1
torchinferno,tree_of_thought,185,418.94,133.08,552.02,2,3.62,1
torchinferno,tree_of_thought,186,153.97,127.84,281.81,2,7.10,1
torchinferno,tree_of_thought,187,164.20,127.84,292.04,2,6.85,1
torchinferno,tree_of_thought,188,367.26,0.00,432.73,1,2.31,1
torchinferno,tree_of_thought,189,389.59,0.00,466.51,1,2.14,1
torchinferno,tree_of_thought,190,163.73,0.00,226.80,1,4.41,1
torchinferno,tree_of_thought,191,172.62,0.00,240.23,1,4.16,1
torchinferno,tree_of_thought,192,144.96,130.13,275.09,2,7.27,1
torchinferno,tree_of_thought,193,153.85,130.03,283.88,2,7.05,1
torchinferno,tree_of_thought,194,133.60,0.00,203.46,1,4.91,1
torchinferno,tree_of_thought,195,141.97,0.00,227.30,1,4.40,1
torchinferno,tree_of_thought,196,166.71,126.64,293.35,2,6.82,1
torchinferno,tree_of_thought,197,144.44,141.75,286.19,2,6.99,1
torchinferno,tree_of_thought,198,272.51,0.00,331.88,1,3.01,1
torchinferno,tree_of_thought,199,248.43,0.00,312.86,1,3.20,1
torchinferno,tree_of_thought,200,295.97,0.00,366.03,1,2.73,1
torchinferno,tree_of_thought,201,226.69,129.52,356.21,2,5.61,1
torchinferno,tree_of_thought,202,405.14,0.00,467.13,1,2.14,1
torchinferno,tree_of_thought,203,153.52,0.00,223.46,1,4.48,1
torchinferno,tree_of_thought,204,149.18,130.46,279.64,2,7.15,1
torchinferno,tree_of_thought,205,151.21,131.68,282.88,2,7.07,1
torchinferno,tree_of_thought,206,145.98,132.53,278.52,2,7.18,0
torchinferno,tree_of_thought,207,552.52,0.00,623.96,1,1.60,1
torchinferno,tree_of_thought,208,554.98,0.00,628.38,1,1.59,1
torchinferno,tree_of_thought,209,552.95,0.00,629.09,1,1.59,1
torchinferno,tree_of_thought,210,555.44,129.35,684.79,2,2.92,1
torchinferno,tree_of_thought,211,542.96,0.00,605.49,1,1.65,1
torchinferno,tree_of_thought,212,96.12,0.00,154.09,1,6.49,1
torchinferno,tree_of_thought,213,533.62,0.00,595.38,1,1.68,1
torchinferno,tree_of_thought,214,521.24,0.00,594.28,1,1.68,1
torchinferno,tree_of_thought,215,532.64,127.21,659.85,2,3.03,1
torchinferno,tree_of_thought,216,413.40,135.31,548.71,2,3.64,1
torchinferno,tree_of_thought,217,161.00,0.00,224.33,1,4.46,1
torchinferno,tree_of_thought,218,369.29,0.00,443.19,1,2.26,1
torchinferno,tree_of_thought,219,392.74,0.00,474.67,1,2.11,1
torchinferno,tree_of_thought,220,380.88,0.00,460.76,1,2.17,1
torchinferno,tree_of_thought,221,160.20,0.00,229.77,1,4.35,1
torchinferno,tree_of_thought,222,150.88,0.00,220.41,1,4.54,1
torchinferno,tree_of_thought,223,144.67,126.56,271.23,2,7.37,1
torchinferno,tree_of_thought,224,171.52,129.72,301.23,2,6.64,1
torchinferno,tree_of_thought,225,163.51,0.00,234.76,1,4.26,1
torchinferno,tree_of_thought,226,137.15,0.00,230.35,1,4.34,1
torchinferno,tree_of_thought,227,133.13,135.60,268.73,2,7.44,1
torchinferno,tree_of_thought,228,129.33,157.88,287.20,2,6.96,1
torchinferno,tree_of_thought,229,246.97,0.00,303.90,1,3.29,1
torchinferno,tree_of_thought,230,263.21,0.00,332.10,1,3.01,1
torchinferno,tree_of_thought,231,287.48,0.00,363.22,1,2.75,1
torchinferno,tree_of_thought,232,217.86,126.59,344.45,2,5.81,1
torchinferno,tree_of_thought,233,406.04,0.00,468.59,1,2.13,1
torchinferno,tree_of_thought,234,148.09,0.00,214.62,1,4.66,1
torchinferno,tree_of_thought,235,149.03,0.00,218.79,1,4.57,1
torchinferno,tree_of_thought,236,153.26,133.44,286.70,2,6.98,1
torchinferno,tree_of_thought,237,145.37,131.26,276.62,2,7.23,1
torchinferno,tree_of_thought,238,551.93,0.00,620.91,1,1.61,1
torchinferno,tree_of_thought,239,558.64,122.79,681.42,2,2.94,1
torchinferno,tree_of_thought,240,547.59,131.19,678.79,2,2.95,1
torchinferno,tree_of_thought,241,549.01,128.87,677.88,2,2.95,1
torchinferno,tree_of_thought,242,540.88,0.00,602.83,1,1.66,1
torchinferno,tree_of_thought,243,101.71,0.00,164.45,1,6.08,1
torchinferno,tree_of_thought,244,95.37,129.19,224.55,2,8.91,1
torchinferno,tree_of_thought,245,525.07,125.86,650.93,2,3.07,1
torchinferno,tree_of_thought,246,526.95,130.20,657.15,2,3.04,1
torchinferno,tree_of_thought,247,417.16,136.28,553.44,2,3.61,1
torchinferno,tree_of_thought,248,345.17,0.00,416.75,1,2.40,1
torchinferno,tree_of_thought,249,358.78,0.00,429.92,1,2.33,1
torchinferno,tree_of_thought,250,351.23,0.00,442.51,1,2.26,1
torchinferno,tree_of_thought,251,376.59,143.86,520.46,2,3.84,1
torchinferno,tree_of_thought,252,392.55,0.00,467.92,1,2.14,1
torchinferno,tree_of_thought,253,363.43,0.00,435.20,1,2.30,1
torchinferno,tree_of_thought,254,376.34,136.93,513.27,2,3.90,1
torchinferno,tree_of_thought,255,341.83,130.27,472.10,2,4.24,1
torchinferno,tree_of_thought,256,275.45,0.00,343.89,1,2.91,1
torchinferno,tree_of_thought,257,312.86,0.00,370.85,1,2.70,1
torchinferno,tree_of_thought,258,307.69,135.38,443.07,2,4.51,1
torchinferno,tree_of_thought,259,306.01,137.97,443.99,2,4.50,1
torchinferno,tree_of_thought,260,131.68,0.00,196.38,1,5.09,1
torchinferno,tree_of_thought,261,144.69,0.00,219.14,1,4.56,1
torchinferno,tree_of_thought,262,160.83,124.12,284.95,2,7.02,1
torchinferno,tree_of_thought,263,115.32,135.93,251.25,2,7.96,1
torchinferno,tree_of_thought,264,795.58,138.55,934.13,2,2.14,1
torchinferno,tree_of_thought,265,522.86,0.00,573.84,1,1.74,1
torchinferno,tree_of_thought,266,545.87,0.00,608.23,1,1.64,1
torchinferno,tree_of_thought,267,541.11,132.58,673.69,2,2.97,1
torchinferno,tree_of_thought,268,519.17,144.27,663.45,2,3.01,1
torchinferno,tree_of_thought,269,177.05,0.00,251.65,1,3.97,1
torchinferno,tree_of_thought,270,193.54,0.00,267.06,1,3.74,1
torchinferno,tree_of_thought,271,170.97,131.98,302.95,2,6.60,1
torchinferno,tree_of_thought,272,206.21,136.25,342.46,2,5.84,1
torchinferno,tree_of_thought,273,590.96,0.00,659.36,1,1.52,1
torchinferno,tree_of_thought,274,387.84,0.00,454.28,1,2.20,1
torchinferno,tree_of_thought,275,381.22,0.00,454.74,1,2.20,1
torchinferno,tree_of_thought,276,407.75,128.85,536.60,2,3.73,0
torchinferno,tree_of_thought,277,390.48,136.43,526.92,2,3.80,1
torchinferno,tree_of_thought,278,347.69,0.00,408.26,1,2.45,1
torchinferno,tree_of_thought,279,301.27,0.00,378.77,1,2.64,1
torchinferno,tree_of_thought,280,299.93,149.11,449.04,2,4.45,1
torchinferno,tree_of_thought,281,296.20,139.74,435.94,2,4.59,1
torchinferno,tree_of_thought,282,287.47,155.73,443.20,2,4.51,1
torchinferno,tree_of_thought,283,347.99,0.00,421.14,1,2.37,1
torchinferno,tree_of_thought,284,379.60,0.00,452.11,1,2.21,1
torchinferno,tree_of_thought,285,322.96,144.25,467.22,2,4.28,1
torchinferno,tree_of_thought,286,400.56,137.17,537.73,2,3.72,1
torchinferno,tree_of_thought,287,312.03,0.00,374.38,1,2.67,1
torchinferno,tree_of_thought,288,243.48,127.47,370.95,2,5.39,1
torchinferno,tree_of_thought,289,294.53,136.18,430.72,2,4.64,0
torchinferno,tree_of_thought,290,261.06,142.90,403.96,2,4.95,1
torchinferno,tree_of_thought,291,137.13,0.00,193.87,1,5.16,1
torchinferno,tree_of_thought,292,126.36,0.00,191.19,1,5.23,1
torchinferno,tree_of_thought,293,144.69,0.00,222.81,1,4.49,1
torchinferno,tree_of_thought,294,111.32,121.78,233.10,2,8.58,1
torchinferno,tree_of_thought,295,800.88,137.92,938.80,2,2.13,1
torchinferno,tree_of_thought,296,542.99,0.00,614.74,1,1.63,1
torchinferno,tree_of_thought,297,523.23,0.00,599.19,1,1.67,1
torchinferno,tree_of_thought,298,537.01,0.00,613.58,1,1.63,1
torchinferno,tree_of_thought,299,518.20,0.00,591.04,1,1.69,1
torchinferno,tree_of_thought,300,282.84,0.00,355.09,1,2.82,1
torchinferno,tree_of_thought,301,293.04,0.00,362.12,1,2.76,1
torchinferno,tree_of_thought,302,293.47,129.52,422.99,2,4.73,1
torchinferno,tree_of_thought,303,285.60,143.59,429.19,2,4.66,1
torchinferno,tree_of_thought,304,587.82,135.29,723.11,2,2.77,1
torchinferno,tree_of_thought,305,338.92,0.00,398.67,1,2.51,1
torchinferno,tree_of_thought,306,319.42,0.00,387.38,1,2.58,1
torchinferno,tree_of_thought,307,346.50,0.00,410.86,1,2.43,1
torchinferno,tree_of_thought,308,322.43,126.55,448.99,2,4.45,1
torchinferno,tree_of_thought,309,346.77,0.00,412.46,1,2.42,1
torchinferno,tree_of_thought,310,277.84,0.00,343.09,1,2.91,1
torchinferno,tree_of_thought,311,274.75,0.00,352.15,1,2.84,1
torchinferno,tree_of_thought,312,286.78,0.00,366.84,1,2.73,1
torchinferno,tree_of_thought,313,283.20,135.74,418.94,2,4.77,1
torchinferno,tree_of_thought,314,399.27,0.00,456.08,1,2.19,1
torchinferno,tree_of_thought,315,323.72,140.67,464.39,2,4.31,1
torchinferno,tree_of_thought,316,379.91,130.91,510.82,2,3.92,1
torchinferno,tree_of_thought,317,359.44,141.92,501.36,2,3.99,1
torchinferno,tree_of_thought,318,225.25,0.00,306.11,1,3.27,1
torchinferno,tree_of_thought,319,253.20,132.32,385.52,2,5.19,1
torchinferno,tree_of_thought,320,285.50,129.83,415.32,2,4.82,1
torchinferno,tree_of_thought,321,205.89,101.96,409.82,3,7.32,1
torchinferno,tree_of_thought,322,555.57,0.00,622.29,1,1.61,1
torchinferno,tree_of_thought,323,557.62,129.12,686.74,2,2.91,1
torchinferno,tree_of_thought,324,557.36,133.50,690.86,2,2.89,1
torchinferno,tree_of_thought,325,556.59,134.04,690.62,2,2.90,1
torchinferno,tree_of_thought,326,812.16,0.00,872.43,1,1.15,1
torchinferno,tree_of_thought,327,143.93,0.00,208.15,1,4.80,1
torchinferno,tree_of_thought,328,143.40,0.00,215.81,1,4.63,1
torchinferno,tree_of_thought,329,135.41,0.00,218.47,1,4.58,1
torchinferno,tree_of_thought,330,138.70,132.43,271.13,2,7.38,1
torchinferno,tree_of_thought,331,178.67,0.00,250.91,1,3.99,1
torchinferno,tree_of_thought,332,192.25,0.00,265.90,1,3.76,1
torchinferno,tree_of_thought,333,224.92,130.45,355.37,2,5.63,1
torchinferno,tree_of_thought,334,206.60,139.54,346.14,2,5.78,1
torchinferno,tree_of_thought,335,591.60,0.00,653.22,1,1.53,1
torchinferno,tree_of_thought,336,410.99,0.00,480.07,1,2.08,1
torchinferno,tree_of_thought,337,410.91,124.32,535.22,2,3.74,1
torchinferno,tree_of_thought,338,412.28,132.28,544.57,2,3.67,1
torchinferno,tree_of_thought,339,398.32,134.28,532.61,2,3.76,1
torchinferno,tree_of_thought,340,343.17,0.00,410.55,1,2.44,1
torchinferno,tree_of_thought,341,328.68,0.00,400.34,1,2.50,1
torchinferno,tree_of_thought,342,317.42,0.00,389.00,1,2.57,1
torchinferno,tree_of_thought,343,342.59,0.00,421.52,1,2.37,1
torchinferno,tree_of_thought,344,320.41,161.48,481.90,2,4.15,1
torchinferno,tree_of_thought,345,340.26,0.00,413.75,1,2.42,1
torchinferno,tree_of_thought,346,326.58,0.00,401.86,1,2.49,1
torchinferno,tree_of_thought,347,385.93,139.74,525.67,2,3.80,1
torchinferno,tree_of_thought,348,361.70,145.33,507.02,2,3.94,1
torchinferno,tree_of_thought,349,278.01,0.00,338.47,1,2.95,1
torchinferno,tree_of_thought,350,250.45,0.00,313.30,1,3.19,1
torchinferno,tree_of_thought,351,306.34,0.00,381.22,1,2.62,1
torchinferno,tree_of_thought,352,232.17,135.44,367.61,2,5.44,1
torchinferno,tree_of_thought,353,111.72,0.00,174.49,1,5.73,1
torchinferno,tree_of_thought,354,141.76,0.00,208.74,1,4.79,1
torchinferno,tree_of_thought,355,121.16,127.99,249.15,2,8.03,1
torchinferno,tree_of_thought,356,560.44,0.00,626.38,1,1.60,1
torchinferno,tree_of_thought,357,884.00,111.59,995.59,2,2.01,1
torchinferno,tree_of_thought,358,96.77,0.00,158.43,1,6.31,1
torchinferno,tree_of_thought,359,88.05,0.00,168.42,1,5.94,1
torchinferno,tree_of_thought,360,96.62,125.34,221.96,2,9.01,1
torchinferno,tree_of_thought,361,99.60,128.49,228.08,2,8.77,1
torchinferno,tree_of_thought,362,207.72,0.00,274.11,1,3.65,1
torchinferno,tree_of_thought,363,222.18,0.00,295.24,1,3.39,1
torchinferno,tree_of_thought,364,233.39,131.67,365.06,2,5.48,1
torchinferno,tree_of_thought,365,197.90,129.93,327.83,2,6.10,1
torchinferno,tree_of_thought,366,589.52,130.83,720.35,2,2.78,1
torchinferno,tree_of_thought,367,346.39,0.00,405.80,1,2.46,1
torchinferno,tree_of_thought,368,342.18,0.00,410.56,1,2.44,1
torchinferno,tree_of_thought,369,333.17,0.00,401.33,1,2.49,1
torchinferno,tree_of_thought,370,338.42,129.58,468.00,2,4.27,1
torchinferno,tree_of_thought,371,343.74,0.00,413.87,1,2.42,1
torchinferno,tree_of_thought,372,304.24,0.00,381.55,1,2.62,1
torchinferno,tree_of_thought,373,320.36,0.00,391.98,1,2.55,1
torchinferno,tree_of_thought,374,321.99,143.38,465.37,2,4.30,1
torchinferno,tree_of_thought,375,333.66,147.82,481.48,2,4.15,1
torchinferno,tree_of_thought,376,391.55,0.00,465.39,1,2.15,1
torchinferno,tree_of_thought,377,376.82,0.00,452.91,1,2.21,1
torchinferno,tree_of_thought,378,337.03,0.00,407.44,1,2.45,1
torchinferno,tree_of_thought,379,353.33,0.00,433.74,1,2.31,1
torchinferno,tree_of_thought,380,148.34,0.00,212.54,1,4.71,1
torchinferno,tree_of_thought,381,136.69,0.00,203.08,1,4.92,1
torchinferno,tree_of_thought,382,143.30,124.83,268.14,2,7.46,1
torchinferno,tree_of_thought,383,144.36,128.05,272.41,2,7.34,1
torchinferno,tree_of_thought,384,383.03,0.00,449.61,1,2.22,1
torchinferno,tree_of_thought,385,375.29,0.00,442.53,1,2.26,1
torchinferno,tree_of_thought,386,368.79,0.00,439.82,1,2.27,1
torchinferno,tree_of_thought,387,382.16,0.00,455.33,1,2.20,1
torchinferno,tree_of_thought,388,864.05,133.33,997.38,2,2.01,1
torchinferno,tree_of_thought,389,544.26,0.00,605.81,1,1.65,1
torchinferno,tree_of_thought,390,552.99,0.00,627.56,1,1.59,1
torchinferno,tree_of_thought,391,525.71,136.46,662.17,2,3.02,1
torchinferno,tree_of_thought,392,513.64,135.94,649.58,2,3.08,1
torchinferno,tree_of_thought,393,210.44,0.00,272.87,1,3.66,1
torchinferno,tree_of_thought,394,196.98,133.15,330.14,2,6.06,1
torchinferno,tree_of_thought,395,186.57,131.24,317.80,2,6.29,0
torchinferno,tree_of_thought,396,168.17,138.90,307.07,2,6.51,1
torchinferno,tree_of_thought,397,584.83,131.59,716.41,2,2.79,1
torchinferno,tree_of_thought,398,327.04,124.86,451.90,2,4.43,1
torchinferno,tree_of_thought,399,342.60,131.34,473.95,2,4.22,1
torchinferno,tree_of_thought,400,334.99,128.54,463.53,2,4.31,1
torchinferno,tree_of_thought,401,337.90,134.72,472.62,2,4.23,1
torchinferno,tree_of_thought,402,344.22,0.00,414.84,1,2.41,1
torchinferno,tree_of_thought,403,347.15,0.00,420.86,1,2.38,1
torchinferno,tree_of_thought,404,345.13,0.00,410.68,1,2.43,1
torchinferno,tree_of_thought,405,334.47,0.00,406.55,1,2.46,1
torchinferno,tree_of_thought,406,342.83,0.00,419.36,1,2.38,1
torchinferno,tree_of_thought,407,171.84,0.00,237.25,1,4.22,1
torchinferno,tree_of_thought,408,153.51,0.00,218.74,1,4.57,1
torchinferno,tree_of_thought,409,147.76,0.00,210.83,1,4.74,1
torchinferno,tree_of_thought,410,165.90,129.02,294.92,2,6.78,1
torchinferno,tree_of_thought,411,155.01,0.00,231.20,1,4.33,1
torchinferno,tree_of_thought,412,127.80,0.00,215.81,1,4.63,1
torchinferno,tree_of_thought,413,147.00,137.04,284.04,2,7.04,1
torchinferno,tree_of_thought,414,152.67,141.28,293.96,2,6.80,1
torchinferno,tree_of_thought,415,215.38,132.57,347.95,2,5.75,1
torchinferno,tree_of_thought,416,293.95,136.54,430.48,2,4.65,1
torchinferno,tree_of_thought,417,275.96,130.53,406.49,2,4.92,1
torchinferno,tree_of_thought,418,250.40,100.01,450.43,3,6.66,0
torchinferno,tree_of_thought,419,1024.80,132.30,1157.11,2,1.73,1
torchinferno,tree_of_thought,420,98.57,123.76,222.33,2,9.00,1
torchinferno,tree_of_thought,421,549.91,0.00,616.21,1,1.62,1
torchinferno,tree_of_thought,422,529.90,126.16,656.06,2,3.05,1
torchinferno,tree_of_thought,423,538.00,136.77,674.76,2,2.96,1
torchinferno,tree_of_thought,424,224.84,0.00,282.71,1,3.54,1
torchinferno,tree_of_thought,425,188.06,0.00,258.17,1,3.87,1
torchinferno,tree_of_thought,426,206.60,0.00,276.72,1,3.61,1
torchinferno,tree_of_thought,427,181.68,129.28,310.95,2,6.43,1
torchinferno,tree_of_thought,428,588.62,0.00,653.63,1,1.53,1
torchinferno,tree_of_thought,429,388.24,0.00,454.25,1,2.20,1
torchinferno,tree_of_thought,430,396.25,0.00,463.11,1,2.16,1
torchinferno,tree_of_thought,431,413.14,124.92,538.06,2,3.72,1
torchinferno,tree_of_thought,432,402.51,131.17,533.68,2,3.75,1
torchinferno,tree_of_thought,433,341.11,130.82,471.94,2,4.24,1
torchinferno,tree_of_thought,434,361.07,0.00,424.27,1,2.36,1
torchinferno,tree_of_thought,435,358.52,143.16,501.68,2,3.99,1
torchinferno,tree_of_thought,436,383.34,150.69,534.03,2,3.75,1
torchinferno,tree_of_thought,437,379.00,149.55,528.55,2,3.78,1
torchinferno,tree_of_thought,438,373.40,0.00,453.27,1,2.21,1
torchinferno,tree_of_thought,439,320.71,0.00,400.92,1,2.49,1
torchinferno,tree_of_thought,440,370.72,135.39,506.10,2,3.95,1
torchinferno,tree_of_thought,441,331.41,155.82,487.23,2,4.10,1
torchinferno,tree_of_thought,442,237.29,0.00,306.65,1,3.26,1
torchinferno,tree_of_thought,443,290.23,0.00,370.96,1,2.70,1
torchinferno,tree_of_thought,444,215.13,127.09,342.22,2,5.84,1
torchinferno,tree_of_thought,445,261.85,136.96,398.81,2,5.01,1
torchinferno,tree_of_thought,446,139.57,0.00,213.95,1,4.67,1
torchinferno,tree_of_thought,447,113.55,0.00,187.03,1,5.35,1
torchinferno,tree_of_thought,448,154.09,127.88,281.97,2,7.09,1
torchinferno,tree_of_thought,449,126.88,133.30,260.18,2,7.69,1
torchinferno,tree_of_thought,450,798.10,134.02,932.11,2,2.15,1
torchinferno,tree_of_thought,451,95.84,0.00,166.58,1,6.00,1
torchinferno,tree_of_thought,452,531.31,0.00,595.39,1,1.68,1
torchinferno,tree_of_thought,453,538.28,0.00,616.05,1,1.62,1
torchinferno,tree_of_thought,454,521.49,133.25,654.74,2,3.05,1
torchinferno,tree_of_thought,455,198.69,0.00,273.36,1,3.66,1
torchinferno,tree_of_thought,456,172.15,127.28,299.43,2,6.68,1
torchinferno,tree_of_thought,457,214.62,131.47,346.09,2,5.78,1
torchinferno,tree_of_thought,458,180.51,141.54,322.05,2,6.21,1
torchinferno,tree_of_thought,459,585.58,93.81,773.20,3,3.88,1
torchinferno,tree_of_thought,460,507.89,0.00,573.63,1,1.74,1
torchinferno,tree_of_thought,461,501.69,0.00,579.42,1,1.73,1
torchinferno,tree_of_thought,462,509.47,132.15,641.62,2,3.12,1
torchinferno,tree_of_thought,463,509.95,131.62,641.56,2,3.12,1
torchinferno,tree_of_thought,464,123.86,133.31,257.17,2,7.78,1
torchinferno,tree_of_thought,465,352.52,147.04,499.56,2,4.00,1
torchinferno,tree_of_thought,466,341.26,151.58,492.83,2,4.06,1
torchinferno,tree_of_thought,467,349.52,136.99,486.51,2,4.11,1
torchinferno,tree_of_thought,468,336.06,143.21,479.26,2,4.17,1
torchinferno,tree_of_thought,469,340.33,0.00,410.85,1,2.43,1
torchinferno,tree_of_thought,470,362.51,0.00,434.84,1,2.30,1
torchinferno,tree_of_thought,471,318.24,0.00,394.03,1,2.54,1
torchinferno,tree_of_thought,472,382.95,0.00,472.34,1,2.12,1
torchinferno,tree_of_thought,473,139.73,0.00,208.94,1,4.79,1
torchinferno,tree_of_thought,474,148.69,124.72,273.40,2,7.32,1
torchinferno,tree_of_thought,475,151.52,128.79,280.30,2,7.14,1
torchinferno,tree_of_thought,476,137.38,129.81,267.19,2,7.49,1
torchinferno,tree_of_thought,477,382.90,0.00,452.19,1,2.21,1
torchinferno,tree_of_thought,478,393.85,0.00,458.82,1,2.18,1
torchinferno,tree_of_thought,479,396.71,0.00,460.63,1,2.17,1
torchinferno,tree_of_thought,480,383.65,138.08,521.72,2,3.83,1
torchinferno,tree_of_thought,481,795.39,135.03,930.43,2,2.15,1
torchinferno,tree_of_thought,482,90.55,134.52,225.06,2,8.89,1
torchinferno,tree_of_thought,483,521.34,0.00,591.55,1,1.69,1
torchinferno,tree_of_thought,484,535.63,0.00,623.41,1,1.60,1
torchinferno,tree_of_thought,485,538.50,131.76,670.27,2,2.98,0
torchinferno,tree_of_thought,486,203.00,0.00,262.74,1,3.81,1
torchinferno,tree_of_thought,487,187.23,126.25,313.48,2,6.38,0
torchinferno,tree_of_thought,488,208.94,133.29,342.23,2,5.84,1
torchinferno,tree_of_thought,489,178.09,126.24,304.33,2,6.57,1
torchinferno,tree_of_thought,490,591.70,0.00,657.32,1,1.52,1
torchinferno,tree_of_thought,491,393.99,0.00,463.27,1,2.16,1
torchinferno,tree_of_thought,492,407.51,0.00,473.12,1,2.11,1
torchinferno,tree_of_thought,493,394.19,0.00,461.14,1,2.17,1
torchinferno,tree_of_thought,494,409.56,131.40,540.96,2,3.70,1
torchinferno,tree_of_thought,495,349.49,132.17,481.66,2,4.15,1
torchinferno,tree_of_thought,496,287.21,0.00,352.08,1,2.84,1
torchinferno,tree_of_thought,497,300.58,0.00,363.57,1,2.75,1
torchinferno,tree_of_thought,498,308.81,0.00,376.60,1,2.66,1
torchinferno,tree_of_thought,499,299.22,0.00,375.52,1,2.66,1
torchinferno,tree_of_thought,500,395.25,0.00,463.98,1,2.16,1
torchinferno,tree_of_thought,501,400.42,120.49,520.91,2,3.84,1
torchinferno,tree_of_thought,502,393.81,120.24,514.05,2,3.89,1
torchinferno,tree_of_thought,503,393.11,133.92,527.03,2,3.79,1
torchinferno,tree_of_thought,504,268.70,0.00,330.30,1,3.03,1
torchinferno,tree_of_thought,505,303.50,0.00,368.83,1,2.71,1
torchinferno,tree_of_thought,506,280.32,128.16,408.48,2,4.90,1
torchinferno,tree_of_thought,507,311.60,127.81,439.41,2,4.55,1
torchinferno,tree_of_thought,508,670.43,0.00,670.74,1,1.49,1
torchinferno,tree_of_thought,509,625.68,55.50,681.18,2,2.94,1
torchinferno,tree_of_thought,510,613.70,54.05,667.75,2,3.00,1
torchinferno,tree_of_thought,511,632.41,69.60,702.01,2,2.85,1
torchinferno,tree_of_thought,512,321.22,0.00,615.66,1,1.62,1
torchinferno,tree_of_thought,513,923.65,0.00,995.23,1,1.00,1
torchinferno,tree_of_thought,514,909.23,0.00,982.37,1,1.02,1
torchinferno,tree_of_thought,515,896.90,130.82,1027.71,2,1.95,1
torchinferno,tree_of_thought,516,928.26,138.46,1066.72,2,1.87,1
torchinferno,tree_of_thought,517,937.21,0.00,1008.47,1,0.99,1
torchinferno,tree_of_thought,518,924.18,0.00,999.49,1,1.00,1
torchinferno,tree_of_thought,519,914.98,0.00,993.26,1,1.01,1
torchinferno,tree_of_thought,520,904.26,99.94,1104.14,3,2.72,0
torchinferno,tree_of_thought,521,148.91,140.33,289.23,2,6.91,1
torchinferno,tree_of_thought,522,288.13,0.00,360.00,1,2.78,1
torchinferno,tree_of_thought,523,314.26,0.00,382.14,1,2.62,1
torchinferno,tree_of_thought,524,296.98,0.00,376.06,1,2.66,1
torchinferno,tree_of_thought,525,268.38,136.83,405.22,2,4.94,1
torchinferno,tree_of_thought,526,152.63,0.00,218.71,1,4.57,1
torchinferno,tree_of_thought,527,299.59,0.00,368.93,1,2.71,1
torchinferno,tree_of_thought,528,285.01,0.00,353.69,1,2.83,1
torchinferno,tree_of_thought,529,286.69,135.01,421.70,2,4.74,1
torchinferno,tree_of_thought,530,295.62,135.26,430.88,2,4.64,1
torchinferno,tree_of_thought,531,293.98,0.00,355.59,1,2.81,1
torchinferno,tree_of_thought,532,311.21,0.00,383.43,1,2.61,1
torchinferno,tree_of_thought,533,309.43,121.72,431.15,2,4.64,1
torchinferno,tree_of_thought,534,320.45,127.17,447.61,2,4.47,1
torchinferno,tree_of_thought,535,316.26,0.00,382.60,1,2.61,1
torchinferno,tree_of_thought,536,287.17,0.00,352.41,1,2.84,1
torchinferno,tree_of_thought,537,320.85,121.19,442.04,2,4.52,1
torchinferno,tree_of_thought,538,305.56,126.81,432.38,2,4.63,1
torchinferno,tree_of_thought,539,645.69,0.00,647.99,1,1.54,1
torchinferno,tree_of_thought,540,620.97,0.00,621.29,1,1.61,1
torchinferno,tree_of_thought,541,638.93,48.85,687.78,2,2.91,1
torchinferno,tree_of_thought,542,630.90,47.97,918.72,7,7.62,1
torchinferno,tree_of_thought,543,851.84,0.00,919.48,1,1.09,1
torchinferno,tree_of_thought,544,940.27,0.00,1012.34,1,0.99,1
torchinferno,tree_of_thought,545,911.64,130.67,1042.31,2,1.92,1
torchinferno,tree_of_thought,546,918.25,135.47,1053.72,2,1.90,1
torchinferno,tree_of_thought,547,931.08,134.92,1066.00,2,1.88,1
torchinferno,tree_of_thought,548,389.99,119.65,509.65,2,3.92,1
torchinferno,tree_of_thought,549,357.54,138.02,495.55,2,4.04,1
torchinferno,tree_of_thought,550,371.82,134.27,506.09,2,3.95,1
torchinferno,tree_of_thought,551,367.25,94.62,556.48,3,5.39,1
torchinferno,tree_of_thought,552,147.76,0.00,213.20,1,4.69,1
torchinferno,tree_of_thought,553,357.35,0.00,428.13,1,2.34,1
torchinferno,tree_of_thought,554,353.27,0.00,422.58,1,2.37,1
torchinferno,tree_of_thought,555,371.24,140.81,512.05,2,3.91,1
torchinferno,tree_of_thought,556,331.86,141.66,473.53,2,4.22,1
torchinferno,tree_of_thought,557,149.66,0.00,215.19,1,4.65,1
torchinferno,tree_of_thought,558,353.71,0.00,432.57,1,2.31,1
torchinferno,tree_of_thought,559,363.99,136.63,500.62,2,4.00,1
torchinferno,tree_of_thought,560,350.90,131.90,482.80,2,4.14,1
torchinferno,tree_of_thought,561,380.10,130.39,510.50,2,3.92,1
torchinferno,tree_of_thought,562,332.35,0.00,396.87,1,2.52,1
torchinferno,tree_of_thought,563,334.69,0.00,403.21,1,2.48,1
torchinferno,tree_of_thought,564,328.25,0.00,401.97,1,2.49,1
torchinferno,tree_of_thought,565,330.13,129.70,459.82,2,4.35,1
torchinferno,tree_of_thought,566,321.35,0.00,389.23,1,2.57,1
torchinferno,tree_of_thought,567,297.13,125.30,422.43,2,4.73,1
torchinferno,tree_of_thought,568,282.04,125.34,407.38,2,4.91,1
torchinferno,tree_of_thought,569,307.80,132.66,440.46,2,4.54,1
torchinferno,tree_of_thought,570,623.53,0.00,632.41,1,1.58,1
torchinferno,tree_of_thought,571,660.75,0.00,670.10,1,1.49,1
torchinferno,tree_of_thought,572,545.86,0.00,657.26,1,1.52,1
torchinferno,tree_of_thought,573,660.23,45.12,705.35,2,2.84,1
torchinferno,tree_of_thought,574,328.55,0.00,627.38,1,1.59,1
torchinferno,tree_of_thought,575,908.40,0.00,978.21,1,1.02,1
torchinferno,tree_of_thought,576,920.18,133.16,1053.34,2,1.90,1
torchinferno,tree_of_thought,577,882.60,131.42,1014.02,2,1.97,1
torchinferno,tree_of_thought,578,892.54,137.72,1030.26,2,1.94,1
torchinferno,tree_of_thought,579,931.28,0.00,1000.75,1,1.00,1
torchinferno,tree_of_thought,580,910.88,0.00,982.30,1,1.02,1
torchinferno,tree_of_thought,581,897.18,0.00,977.62,1,1.02,1
torchinferno,tree_of_thought,582,928.19,0.00,1008.14,1,0.99,1
torchinferno,tree_of_thought,583,265.77,0.00,334.31,1,2.99,1
torchinferno,tree_of_thought,584,367.18,0.00,427.17,1,2.34,1
torchinferno,tree_of_thought,585,329.70,0.00,402.55,1,2.48,1
torchinferno,tree_of_thought,586,376.28,126.57,502.85,2,3.98,1
torchinferno,tree_of_thought,587,350.01,128.63,478.64,2,4.18,1
torchinferno,tree_of_thought,588,147.57,0.00,211.94,1,4.72,1
torchinferno,tree_of_thought,589,367.31,0.00,433.60,1,2.31,1
torchinferno,tree_of_thought,590,339.23,0.00,412.37,1,2.43,1
torchinferno,tree_of_thought,591,359.08,131.08,490.17,2,4.08,1
torchinferno,tree_of_thought,592,345.03,134.46,479.49,2,4.17,1
torchinferno,tree_of_thought,593,313.91,0.00,377.17,1,2.65,1
torchinferno,tree_of_thought,594,320.37,0.00,389.03,1,2.57,1
torchinferno,tree_of_thought,595,307.52,120.05,427.57,2,4.68,1
torchinferno,tree_of_thought,596,328.01,130.15,458.16,2,4.37,1
torchinferno,tree_of_thought,597,304.21,0.00,365.76,1,2.73,1
torchinferno,tree_of_thought,598,282.74,0.00,356.22,1,2.81,1
torchinferno,tree_of_thought,599,275.83,0.00,344.51,1,2.90,1
torchinferno,tree_of_thought,600,318.17,123.14,441.30,2,4.53,1
torchinferno,tree_of_thought,601,671.54,0.00,672.05,1,1.49,1
torchinferno,tree_of_thought,602,634.69,45.76,680.45,2,2.94,1
torchinferno,tree_of_thought,603,612.20,42.66,654.86,2,3.05,1
torchinferno,tree_of_thought,604,603.27,67.21,670.47,2,2.98,1
torchinferno,tree_of_thought,605,320.89,316.39,637.27,2,3.14,1
torchinferno,tree_of_thought,606,902.05,0.00,967.98,1,1.03,1
torchinferno,tree_of_thought,607,882.36,0.00,950.71,1,1.05,1
torchinferno,tree_of_thought,608,890.80,129.93,1020.73,2,1.96,1
torchinferno,tree_of_thought,609,875.33,133.56,1008.89,2,1.98,0
torchinferno,tree_of_thought,610,943.08,0.00,1004.72,1,1.00,1
torchinferno,tree_of_thought,611,952.08,0.00,1023.33,1,0.98,1
torchinferno,tree_of_thought,612,928.32,124.93,1053.25,2,1.90,1
torchinferno,tree_of_thought,613,943.79,137.97,1081.76,2,1.85,1
torchinferno,tree_of_thought,614,202.66,0.00,269.32,1,3.71,1
torchinferno,tree_of_thought,615,335.21,0.00,408.65,1,2.45,1
torchinferno,tree_of_thought,616,382.97,121.22,504.19,2,3.97,1
torchinferno,tree_of_thought,617,359.75,135.09,494.84,2,4.04,1
torchinferno,tree_of_thought,618,324.11,139.02,463.12,2,4.32,1
torchinferno,tree_of_thought,619,152.33,0.00,219.35,1,4.56,1
torchinferno,tree_of_thought,620,361.63,0.00,432.32,1,2.31,1
torchinferno,tree_of_thought,621,340.42,0.00,410.35,1,2.44,1
torchinferno,tree_of_thought,622,345.70,136.36,482.06,2,4.15,0
torchinferno,tree_of_thought,623,354.95,132.98,487.93,2,4.10,0
torchinferno,tree_of_thought,624,315.27,0.00,375.83,1,2.66,1
torchinferno,tree_of_thought,625,284.65,0.00,352.17,1,2.84,1
torchinferno,tree_of_thought,626,270.02,0.00,341.97,1,2.92,1
torchinferno,tree_of_thought,627,299.65,127.21,426.86,2,4.69,1
torchinferno,tree_of_thought,628,408.72,0.00,409.03,1,2.44,1
torchinferno,tree_of_thought,629,407.47,53.98,461.45,2,4.33,1
torchinferno,tree_of_thought,630,384.46,59.27,443.73,2,4.51,1
torchinferno,tree_of_thought,631,375.38,56.76,432.14,2,4.63,1
torchinferno,tree_of_thought,632,719.68,0.00,787.19,1,1.27,1
torchinferno,tree_of_thought,633,678.29,0.00,745.19,1,1.34,1
torchinferno,tree_of_thought,634,706.20,0.00,778.66,1,1.28,1
torchinferno,tree_of_thought,635,692.32,126.46,818.78,2,2.44,1
torchinferno,tree_of_thought,636,229.57,0.00,294.46,1,3.40,1
torchinferno,tree_of_thought,637,946.11,0.00,1005.73,1,0.99,1
torchinferno,tree_of_thought,638,931.69,0.00,1005.82,1,0.99,1
torchinferno,tree_of_thought,639,923.61,130.43,1054.04,2,1.90,1
torchinferno,tree_of_thought,640,941.62,72.03,1373.82,7,5.10,0
torchinferno,tree_of_thought,641,101.55,0.00,163.70,1,6.11,1
torchinferno,tree_of_thought,642,102.32,0.00,176.63,1,5.66,1
torchinferno,tree_of_thought,643,105.10,129.37,234.47,2,8.53,1
torchinferno,tree_of_thought,644,109.97,97.12,304.21,3,9.86,1
torchinferno,tree_of_thought,645,148.40,0.00,217.98,1,4.59,1
torchinferno,tree_of_thought,646,336.29,0.00,399.74,1,2.50,1
torchinferno,tree_of_thought,647,354.21,0.00,435.56,1,2.30,1
torchinferno,tree_of_thought,648,377.43,0.00,453.18,1,2.21,1
torchinferno,tree_of_thought,649,327.37,0.00,407.03,1,2.46,1
torchinferno,tree_of_thought,650,215.69,0.00,278.56,1,3.59,1
torchinferno,tree_of_thought,651,302.31,0.00,369.89,1,2.70,1
torchinferno,tree_of_thought,652,293.59,122.35,415.94,2,4.81,1
torchinferno,tree_of_thought,653,295.79,128.36,424.15,2,4.72,1
torchinferno,tree_of_thought,654,307.37,129.18,436.55,2,4.58,1
torchinferno,tree_of_thought,655,291.27,0.00,357.35,1,2.80,1
torchinferno,tree_of_thought,656,269.39,0.00,335.75,1,2.98,1
torchinferno,tree_of_thought,657,306.84,127.62,434.47,2,4.60,1
torchinferno,tree_of_thought,658,280.95,126.33,407.28,2,4.91,1
torchinferno,tree_of_thought,659,427.72,0.00,435.54,1,2.30,1
torchinferno,tree_of_thought,660,425.84,0.00,441.03,1,2.27,1
torchinferno,tree_of_thought,661,447.72,0.00,448.03,1,2.23,1
torchinferno,tree_of_thought,662,438.86,38.58,477.44,2,4.19,0
torchinferno,tree_of_thought,663,727.00,0.00,801.33,1,1.25,1
torchinferno,tree_of_thought,664,700.75,0.00,768.95,1,1.30,1
torchinferno,tree_of_thought,665,728.97,0.00,801.44,1,1.25,1
torchinferno,tree_of_thought,666,716.95,129.63,846.58,2,2.36,1
torchinferno,tree_of_thought,667,230.02,134.11,364.13,2,5.49,1
torchinferno,tree_of_thought,668,880.96,0.00,938.09,1,1.07,1
torchinferno,tree_of_thought,669,869.45,0.00,939.60,1,1.06,1
torchinferno,tree_of_thought,670,869.39,0.00,946.41,1,1.06,1
torchinferno,tree_of_thought,671,875.33,125.43,1000.76,2,2.00,1
torchinferno,tree_of_thought,672,394.86,0.00,456.71,1,2.19,1
torchinferno,tree_of_thought,673,395.06,0.00,475.33,1,2.10,1
torchinferno,tree_of_thought,674,392.29,0.00,481.96,1,2.07,1
torchinferno,tree_of_thought,675,391.49,130.78,522.27,2,3.83,1
torchinferno,tree_of_thought,676,211.35,144.43,355.79,2,5.62,1
torchinferno,tree_of_thought,677,290.32,0.00,369.86,1,2.70,1
torchinferno,tree_of_thought,678,279.53,0.00,362.27,1,2.76,1
torchinferno,tree_of_thought,679,257.67,129.28,386.95,2,5.17,1
torchinferno,tree_of_thought,680,264.09,142.99,407.07,2,4.91,1
torchinferno,tree_of_thought,681,147.27,0.00,212.49,1,4.71,1
torchinferno,tree_of_thought,682,369.22,0.00,438.19,1,2.28,1
torchinferno,tree_of_thought,683,368.73,0.00,439.05,1,2.28,1
torchinferno,tree_of_thought,684,377.70,0.00,444.45,1,2.25,1
torchinferno,tree_of_thought,685,367.29,132.32,499.61,2,4.00,1
torchinferno,tree_of_thought,686,303.54,0.00,373.02,1,2.68,1
torchinferno,tree_of_thought,687,297.43,0.00,359.43,1,2.78,1
torchinferno,tree_of_thought,688,264.47,126.19,390.66,2,5.12,1
torchinferno,tree_of_thought,689,278.34,63.41,658.77,7,10.63,0
torchinferno,tree_of_thought,690,167.16,0.00,176.55,1,5.66,1
torchinferno,tree_of_thought,691,181.51,0.00,186.38,1,5.37,1
torchinferno,tree_of_thought,692,187.88,0.00,199.27,1,5.02,1
torchinferno,tree_of_thought,693,180.95,45.57,226.53,2,8.83,1
torchinferno,tree_of_thought,694,665.14,0.00,728.47,1,1.37,1
torchinferno,tree_of_thought,695,677.71,0.00,748.50,1,1.34,1
torchinferno,tree_of_thought,696,708.60,0.00,784.13,1,1.28,1
torchinferno,tree_of_thought,697,697.24,0.00,767.77,1,1.30,1
torchinferno,tree_of_thought,698,294.40,0.00,362.54,1,2.76,1
torchinferno,tree_of_thought,699,911.54,0.00,975.76,1,1.02,1
torchinferno,tree_of_thought,700,925.27,0.00,1000.79,1,1.00,1
torchinferno,tree_of_thought,701,931.74,135.58,1067.32,2,1.87,1
torchinferno,tree_of_thought,702,923.35,79.99,1243.32,5,4.02,0
torchinferno,tree_of_thought,703,206.35,0.00,277.54,1,3.60,1
torchinferno,tree_of_thought,704,211.88,0.00,284.52,1,3.51,1
torchinferno,tree_of_thought,705,212.68,0.00,289.59,1,3.45,1
torchinferno,tree_of_thought,706,213.56,126.23,339.79,2,5.89,1
torchinferno,tree_of_thought,707,210.11,140.42,350.53,2,5.71,1
torchinferno,tree_of_thought,708,283.64,0.00,354.45,1,2.82,1
torchinferno,tree_of_thought,709,309.97,0.00,382.85,1,2.61,1
torchinferno,tree_of_thought,710,277.82,0.00,363.90,1,2.75,1
torchinferno,tree_of_thought,711,273.93,129.45,403.38,2,4.96,1
torchinferno,tree_of_thought,712,146.06,0.00,210.49,1,4.75,1
torchinferno,tree_of_thought,713,358.61,0.00,417.37,1,2.40,1
torchinferno,tree_of_thought,714,350.49,0.00,420.64,1,2.38,1
torchinferno,tree_of_thought,715,336.73,0.00,404.42,1,2.47,1
torchinferno,tree_of_thought,716,346.09,127.86,473.96,2,4.22,1
torchinferno,tree_of_thought,717,305.13,0.00,372.69,1,2.68,1
torchinferno,tree_of_thought,718,273.92,0.00,344.68,1,2.90,1
torchinferno,tree_of_thought,719,289.54,0.00,358.23,1,2.79,1
torchinferno,tree_of_thought,720,264.55,120.90,385.44,2,5.19,1
torchinferno,tree_of_thought,721,391.41,0.00,391.68,1,2.55,1
torchinferno,tree_of_thought,722,416.31,0.00,425.36,1,2.35,1
torchinferno,tree_of_thought,723,408.24,0.00,431.19,1,2.32,1
torchinferno,tree_of_thought,724,383.59,58.51,442.10,2,4.52,1
torchinferno,tree_of_thought,725,725.24,121.24,846.48,2,2.36,1
torchinferno,tree_of_thought,726,690.20,124.34,814.54,2,2.46,1
torchinferno,tree_of_thought,727,698.75,134.04,832.79,2,2.40,1
torchinferno,tree_of_thought,728,675.84,130.58,806.42,2,2.48,1
torchinferno,tree_of_thought,729,232.23,63.68,614.33,7,11.39,0
torchinferno,tree_of_thought,730,626.53,0.00,693.55,1,1.44,1
torchinferno,tree_of_thought,731,622.29,0.00,699.09,1,1.43,1
torchinferno,tree_of_thought,732,624.67,0.00,701.12,1,1.43,1
torchinferno,tree_of_thought,733,620.42,0.00,697.70,1,1.43,1
torchinferno,tree_of_thought,734,451.85,0.00,528.27,1,1.89,1
torchinferno,tree_of_thought,735,457.67,0.00,529.28,1,1.89,1
torchinferno,tree_of_thought,736,452.25,127.55,579.79,2,3.45,1
torchinferno,tree_of_thought,737,468.56,126.64,595.20,2,3.36,1
torchinferno,tree_of_thought,738,205.22,0.00,276.39,1,3.62,1
torchinferno,tree_of_thought,739,341.96,0.00,417.85,1,2.39,1
torchinferno,tree_of_thought,740,341.56,0.00,409.30,1,2.44,1
torchinferno,tree_of_thought,741,328.05,118.21,446.26,2,4.48,1
torchinferno,tree_of_thought,742,371.42,125.82,497.24,2,4.02,1
torchinferno,tree_of_thought,743,147.51,0.00,216.64,1,4.62,1
torchinferno,tree_of_thought,744,358.89,0.00,430.81,1,2.32,1
torchinferno,tree_of_thought,745,357.60,0.00,428.18,1,2.34,1
torchinferno,tree_of_thought,746,334.25,130.06,464.31,2,4.31,1
torchinferno,tree_of_thought,747,345.58,133.69,479.27,2,4.17,1
torchinferno,tree_of_thought,748,318.80,0.00,380.80,1,2.63,1
torchinferno,tree_of_thought,749,300.49,0.00,363.80,1,2.75,1
torchinferno,tree_of_thought,750,312.74,0.00,384.13,1,2.60,1
torchinferno,tree_of_thought,751,314.72,126.65,441.37,2,4.53,1
torchinferno,tree_of_thought,752,417.40,0.00,417.70,1,2.39,1
torchinferno,tree_of_thought,753,409.14,0.00,412.14,1,2.43,1
torchinferno,tree_of_thought,754,382.14,38.38,420.51,2,4.76,1
torchinferno,tree_of_thought,755,436.79,41.84,478.62,2,4.18,1
torchinferno,tree_of_thought,756,683.95,0.00,750.71,1,1.33,1
torchinferno,tree_of_thought,757,668.41,0.00,738.48,1,1.35,1
torchinferno,tree_of_thought,758,694.24,0.00,765.34,1,1.31,1
torchinferno,tree_of_thought,759,665.50,127.21,792.70,2,2.52,1
torchinferno,tree_of_thought,760,232.49,135.28,367.77,2,5.44,1
torchinferno,tree_of_thought,761,871.31,0.00,938.65,1,1.07,1
torchinferno,tree_of_thought,762,861.02,0.00,935.13,1,1.07,1
torchinferno,tree_of_thought,763,873.97,123.35,997.32,2,2.01,1
torchinferno,tree_of_thought,764,872.76,132.07,1004.83,2,1.99,1
torchinferno,tree_of_thought,765,397.43,0.00,459.20,1,2.18,1
torchinferno,tree_of_thought,766,380.93,128.62,509.55,2,3.93,1
torchinferno,tree_of_thought,767,371.10,132.37,503.46,2,3.97,1
torchinferno,tree_of_thought,768,377.21,102.22,581.65,3,5.16,1
torchinferno,tree_of_thought,769,150.17,0.00,217.65,1,4.59,1
torchinferno,tree_of_thought,770,363.81,0.00,426.78,1,2.34,1
torchinferno,tree_of_thought,771,371.03,0.00,444.25,1,2.25,1
torchinferno,tree_of_thought,772,336.28,119.83,456.11,2,4.38,1
torchinferno,tree_of_thought,773,345.62,134.40,480.02,2,4.17,1
torchinferno,tree_of_thought,774,154.73,122.76,277.49,2,7.21,1
torchinferno,tree_of_thought,775,372.78,0.00,437.39,1,2.29,1
torchinferno,tree_of_thought,776,356.10,0.00,421.46,1,2.37,1
torchinferno,tree_of_thought,777,361.35,0.00,431.93,1,2.32,1
torchinferno,tree_of_thought,778,346.88,0.00,411.79,1,2.43,1
torchinferno,tree_of_thought,779,399.27,0.00,456.27,1,2.19,1
torchinferno,tree_of_thought,780,387.10,0.00,454.99,1,2.20,1
torchinferno,tree_of_thought,781,386.01,130.72,516.73,2,3.87,0
torchinferno,tree_of_thought,782,388.39,133.81,522.20,2,3.83,1
torchinferno,tree_of_thought,783,300.27,0.00,365.49,1,2.74,1
torchinferno,tree_of_thought,784,274.22,0.00,342.07,1,2.92,1
torchinferno,tree_of_thought,785,293.43,0.00,358.90,1,2.79,1
torchinferno,tree_of_thought,786,263.00,129.11,392.11,2,5.10,1
torchinferno,tree_of_thought,787,561.70,0.00,640.92,1,1.56,1
torchinferno,tree_of_thought,788,611.88,0.00,629.89,1,1.59,1
torchinferno,tree_of_thought,789,592.58,66.81,659.39,2,3.03,1
torchinferno,tree_of_thought,790,633.43,61.87,695.30,2,2.88,1
torchinferno,tree_of_thought,791,325.61,315.97,641.58,2,3.12,1
torchinferno,tree_of_thought,792,875.89,0.00,941.49,1,1.06,1
torchinferno,tree_of_thought,793,881.68,0.00,948.36,1,1.05,1
torchinferno,tree_of_thought,794,887.97,0.00,958.07,1,1.04,1
torchinferno,tree_of_thought,795,903.23,134.71,1037.94,2,1.93,0
torchinferno,tree_of_thought,796,938.55,0.00,1009.83,1,0.99,1
torchinferno,tree_of_thought,797,909.77,0.00,979.79,1,1.02,1
torchinferno,tree_of_thought,798,930.93,0.00,1007.48,1,0.99,1
torchinferno,tree_of_thought,799,918.38,131.70,1050.08,2,1.90,0
torchinferno,tree_of_thought,800,204.38,0.00,266.07,1,3.76,1
torchinferno,tree_of_thought,801,355.46,0.00,423.98,1,2.36,1
torchinferno,tree_of_thought,802,383.02,0.00,460.58,1,2.17,1
torchinferno,tree_of_thought,803,332.91,0.00,418.82,1,2.39,1
torchinferno,tree_of_thought,804,361.24,141.80,503.03,2,3.98,1
torchinferno,tree_of_thought,805,145.19,125.09,270.28,2,7.40,1
torchinferno,tree_of_thought,806,354.81,0.00,419.86,1,2.38,1
torchinferno,tree_of_thought,807,372.85,129.20,502.05,2,3.98,1
torchinferno,tree_of_thought,808,345.24,130.26,475.50,2,4.21,1
torchinferno,tree_of_thought,809,365.52,131.87,497.39,2,4.02,1
torchinferno,tree_of_thought,810,296.36,0.00,360.58,1,2.77,1
torchinferno,tree_of_thought,811,315.50,0.00,383.72,1,2.61,1
torchinferno,tree_of_thought,812,326.53,0.00,392.66,1,2.55,1
torchinferno,tree_of_thought,813,309.82,129.54,439.35,2,4.55,1
torchinferno,tree_of_thought,814,293.70,0.00,357.26,1,2.80,1
torchinferno,tree_of_thought,815,300.14,0.00,375.71,1,2.66,1
torchinferno,tree_of_thought,816,315.56,132.76,448.32,2,4.46,1
torchinferno,tree_of_thought,817,273.16,134.84,408.00,2,4.90,1
torchinferno,tree_of_thought,818,603.61,0.00,603.98,1,1.66,1
torchinferno,tree_of_thought,819,583.83,0.00,584.12,1,1.71,1
torchinferno,tree_of_thought,820,643.00,0.00,643.23,1,1.55,1
torchinferno,tree_of_thought,821,605.57,0.00,624.51,1,1.60,1
torchinferno,tree_of_thought,822,363.79,0.00,660.99,1,1.51,1
torchinferno,tree_of_thought,823,919.22,0.00,983.42,1,1.02,1
torchinferno,tree_of_thought,824,901.92,0.00,970.45,1,1.03,1
torchinferno,tree_of_thought,825,884.68,130.31,1014.99,2,1.97,1
torchinferno,tree_of_thought,826,927.19,131.70,1058.89,2,1.89,1
torchinferno,tree_of_thought,827,952.56,0.00,1009.89,1,0.99,1
torchinferno,tree_of_thought,828,943.62,0.00,1013.24,1,0.99,1
torchinferno,tree_of_thought,829,915.81,120.30,1036.10,2,1.93,1
torchinferno,tree_of_thought,830,916.85,100.55,1117.94,3,2.68,0
torchinferno,tree_of_thought,831,153.26,142.95,296.21,2,6.75,1
torchinferno,tree_of_thought,832,291.70,0.00,377.08,1,2.65,1
torchinferno,tree_of_thought,833,291.10,0.00,366.90,1,2.73,1
torchinferno,tree_of_thought,834,283.96,122.98,406.94,2,4.91,1
torchinferno,tree_of_thought,835,263.32,139.45,402.77,2,4.97,1
torchinferno,tree_of_thought,836,151.85,125.39,277.25,2,7.21,1
torchinferno,tree_of_thought,837,370.38,0.00,437.94,1,2.28,1
torchinferno,tree_of_thought,838,341.56,0.00,414.53,1,2.41,1
torchinferno,tree_of_thought,839,350.42,0.00,427.18,1,2.34,1
torchinferno,tree_of_thought,840,368.16,132.95,501.11,2,3.99,1
torchinferno,tree_of_thought,841,308.81,0.00,375.83,1,2.66,1
torchinferno,tree_of_thought,842,322.14,0.00,394.74,1,2.53,1
torchinferno,tree_of_thought,843,301.55,126.83,428.38,2,4.67,1
torchinferno,tree_of_thought,844,320.83,122.82,443.66,2,4.51,1
torchinferno,tree_of_thought,845,302.00,0.00,365.94,1,2.73,1
torchinferno,tree_of_thought,846,307.99,0.00,380.05,1,2.63,1
torchinferno,tree_of_thought,847,271.57,129.96,401.53,2,4.98,1
torchinferno,tree_of_thought,848,281.72,133.51,415.24,2,4.82,1
torchinferno,tree_of_thought,849,613.39,0.00,613.72,1,1.63,1
torchinferno,tree_of_thought,850,606.96,0.00,607.26,1,1.65,1
torchinferno,tree_of_thought,851,609.62,0.00,609.91,1,1.64,1
torchinferno,tree_of_thought,852,638.07,45.97,684.04,2,2.92,1
torchinferno,tree_of_thought,853,328.91,0.00,626.62,1,1.60,1
torchinferno,tree_of_thought,854,894.67,0.00,959.63,1,1.04,1
torchinferno,tree_of_thought,855,932.00,0.00,994.35,1,1.01,1
torchinferno,tree_of_thought,856,918.37,0.00,983.41,1,1.02,1
torchinferno,tree_of_thought,857,887.55,0.00,954.01,1,1.05,1
torchinferno,tree_of_thought,858,480.17,0.00,549.77,1,1.82,1
torchinferno,tree_of_thought,859,471.73,0.00,547.58,1,1.83,1
torchinferno,tree_of_thought,860,481.36,0.00,550.85,1,1.82,1
torchinferno,tree_of_thought,861,479.78,129.45,609.23,2,3.28,1
torchinferno,tree_of_thought,862,659.17,0.00,668.95,1,1.49,1
torchinferno,tree_of_thought,863,531.28,0.00,604.02,1,1.66,1
torchinferno,tree_of_thought,864,508.88,138.51,647.39,2,3.09,1
torchinferno,tree_of_thought,865,515.70,146.15,661.85,2,3.02,1
torchinferno,tree_of_thought,866,518.23,147.71,665.94,2,3.00,1
torchinferno,tree_of_thought,867,147.40,127.11,274.51,2,7.29,1
torchinferno,tree_of_thought,868,280.60,0.00,347.97,1,2.87,1
torchinferno,tree_of_thought,869,299.68,0.00,370.57,1,2.70,1
torchinferno,tree_of_thought,870,288.65,139.88,428.53,2,4.67,1
torchinferno,tree_of_thought,871,295.18,96.74,488.66,3,6.14,0
torchinferno,tree_of_thought,872,499.18,0.00,565.23,1,1.77,1
torchinferno,tree_of_thought,873,501.27,0.00,570.09,1,1.75,1
torchinferno,tree_of_thought,874,497.94,0.00,570.30,1,1.75,1
torchinferno,tree_of_thought,875,504.24,132.31,636.55,2,3.14,1
torchinferno,tree_of_thought,876,264.68,0.00,330.71,1,3.02,1
torchinferno,tree_of_thought,877,287.74,128.60,416.34,2,4.80,1
torchinferno,tree_of_thought,878,304.57,128.39,432.96,2,4.62,1
torchinferno,tree_of_thought,879,274.26,129.58,403.84,2,4.95,1
torchinferno,tree_of_thought,880,413.51,0.00,421.66,1,2.37,1
torchinferno,tree_of_thought,881,393.79,0.00,398.84,1,2.51,1
torchinferno,tree_of_thought,882,381.39,0.00,385.52,1,2.59,1
torchinferno,tree_of_thought,883,409.75,0.00,415.05,1,2.41,1
torchinferno,tree_of_thought,884,365.51,0.00,661.91,1,1.51,1
torchinferno,tree_of_thought,885,894.73,0.00,958.34,1,1.04,1
torchinferno,tree_of_thought,886,917.46,0.00,991.96,1,1.01,1
torchinferno,tree_of_thought,887,926.60,133.27,1059.87,2,1.89,1
torchinferno,tree_of_thought,888,908.82,132.19,1041.01,2,1.92,1
torchinferno,tree_of_thought,889,925.59,0.00,992.83,1,1.01,1
torchinferno,tree_of_thought,890,924.04,0.00,986.95,1,1.01,1
torchinferno,tree_of_thought,891,900.88,0.00,980.59,1,1.02,1
torchinferno,tree_of_thought,892,938.48,137.93,1076.42,2,1.86,1
torchinferno,tree_of_thought,893,211.08,0.00,274.82,1,3.64,1
torchinferno,tree_of_thought,894,374.77,0.00,436.30,1,2.29,1
torchinferno,tree_of_thought,895,358.31,0.00,428.72,1,2.33,1
torchinferno,tree_of_thought,896,348.15,0.00,419.09,1,2.39,1
torchinferno,tree_of_thought,897,325.42,142.74,468.15,2,4.27,1
torchinferno,tree_of_thought,898,143.79,124.41,268.20,2,7.46,1
torchinferno,tree_of_thought,899,295.42,0.00,353.17,1,2.83,1
torchinferno,tree_of_thought,900,292.44,0.00,357.12,1,2.80,1
torchinferno,tree_of_thought,901,281.03,0.00,355.78,1,2.81,1
torchinferno,tree_of_thought,902,294.21,0.00,372.79,1,2.68,1
torchinferno,tree_of_thought,903,152.12,0.00,218.79,1,4.57,1
torchinferno,tree_of_thought,904,151.10,0.00,220.81,1,4.53,1
torchinferno,tree_of_thought,905,146.27,0.00,220.54,1,4.53,1
torchinferno,tree_of_thought,906,150.35,133.64,283.99,2,7.04,1
torchinferno,tree_of_thought,907,629.59,0.00,638.52,1,1.57,1
torchinferno,tree_of_thought,908,634.94,0.00,635.22,1,1.57,1
torchinferno,tree_of_thought,909,593.35,67.67,661.02,2,3.03,1
torchinferno,tree_of_thought,910,614.69,34.31,648.99,2,3.08,1
torchinferno,tree_of_thought,911,693.58,0.00,761.44,1,1.31,1
torchinferno,tree_of_thought,912,668.98,0.00,739.73,1,1.35,1
torchinferno,tree_of_thought,913,679.01,133.00,812.01,2,2.46,1
torchinferno,tree_of_thought,914,715.36,132.03,847.39,2,2.36,1
torchinferno,tree_of_thought,915,226.73,0.00,293.04,1,3.41,1
torchinferno,tree_of_thought,916,942.78,0.00,1001.56,1,1.00,1
torchinferno,tree_of_thought,917,928.95,0.00,989.23,1,1.01,1
torchinferno,tree_of_thought,918,933.90,127.92,1061.82,2,1.88,1
torchinferno,tree_of_thought,919,914.24,133.12,1047.35,2,1.91,1
torchinferno,tree_of_thought,920,357.40,0.00,439.43,1,2.28,1
torchinferno,tree_of_thought,921,385.83,131.43,517.26,2,3.87,1
torchinferno,tree_of_thought,922,372.18,133.92,506.10,2,3.95,1
torchinferno,tree_of_thought,923,377.76,143.80,521.56,2,3.83,1
torchinferno,tree_of_thought,924,200.69,144.86,345.55,2,5.79,1
torchinferno,tree_of_thought,925,269.11,0.00,332.76,1,3.01,1
torchinferno,tree_of_thought,926,264.86,0.00,354.31,1,2.82,1
torchinferno,tree_of_thought,927,283.15,0.00,367.67,1,2.72,1
torchinferno,tree_of_thought,928,306.89,119.42,426.31,2,4.69,1
torchinferno,tree_of_thought,929,157.31,94.39,346.09,3,8.67,0
torchinferno,tree_of_thought,930,349.43,0.00,409.62,1,2.44,1
torchinferno,tree_of_thought,931,349.45,0.00,420.96,1,2.38,1
torchinferno,tree_of_thought,932,332.78,0.00,403.03,1,2.48,1
torchinferno,tree_of_thought,933,362.36,128.95,491.31,2,4.07,1
torchinferno,tree_of_thought,934,312.85,0.00,378.71,1,2.64,1
torchinferno,tree_of_thought,935,288.85,0.00,351.37,1,2.85,1
torchinferno,tree_of_thought,936,305.31,0.00,369.34,1,2.71,1
torchinferno,tree_of_thought,937,269.63,132.21,401.84,2,4.98,1
torchinferno,tree_of_thought,938,404.37,0.00,408.65,1,2.45,1
torchinferno,tree_of_thought,939,374.00,0.00,379.39,1,2.64,1
torchinferno,tree_of_thought,940,438.27,28.69,466.95,2,4.28,1
torchinferno,tree_of_thought,941,394.95,44.06,439.01,2,4.56,1
torchinferno,tree_of_thought,942,690.38,0.00,760.58,1,1.31,1
torchinferno,tree_of_thought,943,721.05,133.62,854.67,2,2.34,1
torchinferno,tree_of_thought,944,677.64,129.16,806.80,2,2.48,1
torchinferno,tree_of_thought,945,708.04,130.64,838.68,2,2.38,0
torchinferno,tree_of_thought,946,229.00,0.00,293.93,1,3.40,1
torchinferno,tree_of_thought,947,943.93,0.00,1006.46,1,0.99,1
torchinferno,tree_of_thought,948,931.97,0.00,999.95,1,1.00,1
torchinferno,tree_of_thought,949,909.56,130.65,1040.21,2,1.92,1
torchinferno,tree_of_thought,950,927.09,126.19,1053.28,2,1.90,1
torchinferno,tree_of_thought,951,369.48,0.00,436.18,1,2.29,1
torchinferno,tree_of_thought,952,376.31,0.00,451.18,1,2.22,1
torchinferno,tree_of_thought,953,383.46,0.00,469.61,1,2.13,1
torchinferno,tree_of_thought,954,378.90,133.74,512.64,2,3.90,1
torchinferno,tree_of_thought,955,205.13,144.58,349.71,2,5.72,1
torchinferno,tree_of_thought,956,298.03,0.00,360.88,1,2.77,1
torchinferno,tree_of_thought,957,279.84,0.00,352.61,1,2.84,1
torchinferno,tree_of_thought,958,303.50,0.00,377.28,1,2.65,1
torchinferno,tree_of_thought,959,272.60,0.00,348.67,1,2.87,1
torchinferno,tree_of_thought,960,214.63,71.73,501.54,5,9.97,0
torchinferno,tree_of_thought,961,289.76,0.00,366.85,1,2.73,1
torchinferno,tree_of_thought,962,284.16,131.07,415.22,2,4.82,1
torchinferno,tree_of_thought,963,296.97,134.19,431.17,2,4.64,1
torchinferno,tree_of_thought,964,290.18,132.04,422.23,2,4.74,1
torchinferno,tree_of_thought,965,286.63,0.00,346.17,1,2.89,1
torchinferno,tree_of_thought,966,298.71,0.00,364.83,1,2.74,1
torchinferno,tree_of_thought,967,264.60,0.00,332.91,1,3.00,1
torchinferno,tree_of_thought,968,260.06,123.16,383.22,2,5.22,1
torchinferno,tree_of_thought,969,414.08,0.00,422.20,1,2.37,1
torchinferno,tree_of_thought,970,406.20,0.00,413.67,1,2.42,1
torchinferno,tree_of_thought,971,410.78,60.52,471.30,2,4.24,1
torchinferno,tree_of_thought,972,387.26,48.57,435.83,2,4.59,1
torchinferno,tree_of_thought,973,663.22,0.00,735.98,1,1.36,1
torchinferno,tree_of_thought,974,709.15,131.07,840.22,2,2.38,1
torchinferno,tree_of_thought,975,675.08,136.06,811.14,2,2.47,1
torchinferno,tree_of_thought,976,696.83,88.04,872.91,3,3.44,0
torchinferno,tree_of_thought,977,849.29,0.00,1117.56,1,0.89,1
torchinferno,tree_of_thought,978,607.92,0.00,687.26,1,1.46,1
torchinferno,tree_of_thought,979,617.29,0.00,696.12,1,1.44,1
torchinferno,tree_of_thought,980,619.24,129.41,748.65,2,2.67,1
torchinferno,tree_of_thought,981,611.83,136.10,747.93,2,2.67,1
torchinferno,tree_of_thought,982,426.90,0.00,489.93,1,2.04,1
torchinferno,tree_of_thought,983,419.19,0.00,482.58,1,2.07,1
torchinferno,tree_of_thought,984,423.63,125.91,549.54,2,3.64,1
torchinferno,tree_of_thought,985,421.35,126.31,547.66,2,3.65,1
torchinferno,tree_of_thought,986,291.46,21.50,312.96,2,6.39,1
torchinferno,tree_of_thought,987,446.28,0.00,510.16,1,1.96,1
torchinferno,tree_of_thought,988,448.56,0.00,512.23,1,1.95,1
torchinferno,tree_of_thought,989,448.57,127.85,576.42,2,3.47,1
torchinferno,tree_of_thought,990,451.49,126.74,578.23,2,3.46,1
torchinferno,tree_of_thought,991,65.87,20.83,86.70,2,23.07,1
vllm,few_shot,0,154.92,0.00,155.07,1,6.45,1
vllm,few_shot,1,153.01,0.00,153.12,1,6.53,1
vllm,few_shot,2,172.30,0.00,172.41,1,5.80,1
vllm,few_shot,3,139.58,0.00,144.11,1,6.94,1
vllm,few_shot,4,142.75,0.00,151.90,1,6.58,1
vllm,few_shot,5,144.97,0.00,149.98,1,6.67,1
vllm,few_shot,6,128.35,0.00,137.51,1,7.27,1
vllm,few_shot,7,143.88,0.00,153.15,1,6.53,1
vllm,few_shot,8,154.03,0.00,163.83,1,6.10,1
vllm,few_shot,9,139.75,0.00,144.76,1,6.91,1
vllm,few_shot,10,177.23,0.00,177.36,1,5.64,1
vllm,few_shot,11,150.05,0.00,164.14,1,6.09,1
vllm,few_shot,12,141.16,0.00,151.23,1,6.61,1
vllm,few_shot,13,151.33,0.00,156.28,1,6.40,1
vllm,few_shot,14,188.54,0.00,188.64,1,5.30,1
vllm,few_shot,15,159.51,0.00,173.17,1,5.77,1
vllm,few_shot,16,152.58,0.00,165.91,1,6.03,1
vllm,few_shot,17,165.01,0.00,168.75,1,5.93,1
vllm,few_shot,18,164.22,0.00,181.78,1,5.50,1
vllm,few_shot,19,191.05,0.00,193.02,1,5.18,1
vllm,few_shot,20,145.98,0.00,168.94,1,5.92,1
vllm,few_shot,21,186.50,0.00,211.08,1,4.74,1
vllm,few_shot,22,184.27,0.00,208.59,1,4.79,1
vllm,few_shot,23,185.18,0.00,199.54,1,5.01,1
vllm,few_shot,24,194.15,39.10,233.25,2,8.57,1
vllm,few_shot,25,174.47,40.15,214.62,2,9.32,1
vllm,few_shot,26,179.46,0.00,196.05,1,5.10,1
vllm,few_shot,27,192.82,42.33,235.15,2,8.51,1
vllm,few_shot,28,192.44,0.00,217.35,1,4.60,1
vllm,few_shot,29,192.03,43.16,235.18,2,8.50,1
vllm,few_shot,30,179.65,0.00,205.29,1,4.87,1
vllm,few_shot,31,187.33,0.00,216.39,1,4.62,1
vllm,few_shot,32,198.64,0.00,221.73,1,4.51,1
vllm,few_shot,33,171.78,0.00,202.28,1,4.94,1
vllm,few_shot,34,169.19,0.00,199.45,1,5.01,1
vllm,few_shot,35,182.59,0.00,214.52,1,4.66,1
vllm,few_shot,36,189.37,54.93,244.30,2,8.19,1
vllm,few_shot,37,180.35,74.97,255.32,2,7.83,1
vllm,few_shot,38,183.06,80.54,263.60,2,7.59,1
vllm,few_shot,39,167.24,80.23,247.47,2,8.08,1
vllm,few_shot,40,174.29,0.00,244.61,1,4.09,1
vllm,few_shot,41,195.66,0.00,254.97,1,3.92,1
vllm,few_shot,42,197.94,0.00,253.85,1,3.94,1
vllm,few_shot,43,192.80,86.59,279.39,2,7.16,1
vllm,few_shot,44,185.76,91.63,277.39,2,7.21,1
vllm,few_shot,45,176.71,0.00,253.98,1,3.94,1
vllm,few_shot,46,256.64,0.00,256.86,1,3.89,1
vllm,few_shot,47,156.02,0.00,159.92,1,6.25,1
vllm,few_shot,48,173.38,0.00,250.32,1,3.99,1
vllm,few_shot,49,164.90,0.00,179.11,1,5.58,1
vllm,few_shot,50,179.18,0.00,187.71,1,5.33,1
vllm,few_shot,51,231.73,0.00,247.27,1,4.04,1
vllm,few_shot,52,158.48,0.00,179.22,1,5.58,1
vllm,few_shot,53,165.35,0.00,170.50,1,5.87,1
vllm,few_shot,54,250.10,0.00,255.41,1,3.92,1
vllm,few_shot,55,230.99,0.00,250.66,1,3.99,1
vllm,few_shot,56,165.44,0.00,193.81,1,5.16,1
vllm,few_shot,57,149.34,0.00,176.99,1,5.65,1
vllm,few_shot,58,160.34,0.00,194.66,1,5.14,1
vllm,few_shot,59,174.27,0.00,192.20,1,5.20,1
vllm,few_shot,60,174.08,111.45,285.53,2,7.00,1
vllm,few_shot,61,182.97,0.36,183.33,2,10.91,1
vllm,few_shot,62,242.20,0.00,265.52,1,3.77,1
vllm,few_shot,63,154.59,0.00,193.07,1,5.18,1
vllm,few_shot,64,127.35,32.01,159.37,2,12.55,1
vllm,few_shot,65,244.11,36.66,280.77,2,7.12,1
vllm,few_shot,66,225.81,42.93,268.73,2,7.44,1
vllm,few_shot,67,227.88,36.82,264.70,2,7.56,1
vllm,few_shot,68,165.34,35.72,201.06,2,9.95,1
vllm,few_shot,69,187.88,101.56,289.44,2,6.91,1
vllm,few_shot,70,99.38,0.00,102.95,1,9.71,1
vllm,few_shot,71,269.87,18.62,288.50,2,6.93,1
vllm,few_shot,72,153.50,0.00,210.51,1,4.75,1
vllm,few_shot,73,159.34,0.00,206.17,1,4.85,1
vllm,few_shot,74,115.76,0.00,132.93,1,7.52,1
vllm,few_shot,75,218.86,57.44,276.30,2,7.24,1
vllm,few_shot,76,150.96,61.91,212.87,2,9.40,1
vllm,few_shot,77,182.11,121.53,303.64,2,6.59,1
vllm,few_shot,78,152.55,56.46,209.00,2,9.57,1
vllm,few_shot,79,115.32,0.00,125.59,1,7.96,1
vllm,few_shot,80,149.85,62.67,212.52,2,9.41,1
vllm,few_shot,81,94.62,16.69,111.31,2,17.97,1
vllm,few_shot,82,220.55,64.70,285.25,2,7.01,1
vllm,few_shot,83,82.95,0.00,111.86,1,8.94,1
vllm,few_shot,84,104.89,19.35,124.24,2,16.10,1
vllm,few_shot,85,180.18,45.97,226.15,2,8.84,1
vllm,few_shot,86,103.33,0.00,131.66,1,7.60,1
vllm,few_shot,87,105.41,0.00,129.66,1,7.71,1
vllm,few_shot,88,180.83,125.79,306.62,2,6.52,1
vllm,few_shot,89,89.00,0.00,123.79,1,8.08,1
vllm,few_shot,90,163.34,51.01,214.35,2,9.33,1
vllm,few_shot,91,128.92,0.00,132.35,1,7.56,1
vllm,few_shot,92,125.21,8.92,134.13,2,14.91,1
vllm,few_shot,93,224.02,81.24,305.26,2,6.55,1
vllm,few_shot,94,90.22,0.00,131.21,1,7.62,1
vllm,few_shot,95,100.51,0.00,128.73,1,7.77,1
vllm,few_shot,96,113.82,0.00,157.47,1,6.35,1
vllm,few_shot,97,134.09,2.24,136.33,2,14.67,1
vllm,few_shot,98,230.56,85.41,315.97,2,6.33,1
vllm,few_shot,99,149.79,0.00,153.54,1,6.51,1
vllm,few_shot,100,158.70,0.00,249.41,1,4.01,1
vllm,few_shot,101,88.89,0.00,98.17,1,10.19,1
vllm,few_shot,102,86.75,0.00,95.89,1,10.43,1
vllm,few_shot,103,120.37,0.00,130.38,1,7.67,1
vllm,few_shot,104,146.98,0.00,154.93,1,6.45,1
vllm,few_shot,105,132.90,0.00,140.16,1,7.13,1
vllm,few_shot,106,97.28,0.00,114.64,1,8.72,1
vllm,few_shot,107,137.79,0.00,159.03,1,6.29,1
vllm,few_shot,108,139.44,66.10,205.54,2,9.73,1
vllm,few_shot,109,128.96,71.38,200.34,2,9.98,1
vllm,few_shot,110,185.54,0.00,205.36,1,4.87,1
vllm,few_shot,111,205.88,0.00,216.79,1,4.61,1
vllm,few_shot,112,159.66,0.00,179.70,1,5.56,1
vllm,few_shot,113,205.86,0.00,224.03,1,4.46,1
vllm,few_shot,114,173.65,0.00,190.96,1,5.24,1
vllm,few_shot,115,218.92,0.00,239.90,1,4.17,1
vllm,few_shot,116,190.69,0.00,213.45,1,4.69,1
vllm,few_shot,117,170.71,0.00,229.68,1,4.35,1
vllm,few_shot,118,210.84,85.77,296.61,2,6.74,1
vllm,few_shot,119,187.02,80.89,267.92,2,7.46,1
vllm,few_shot,120,213.72,90.28,304.00,2,6.58,1
vllm,few_shot,121,124.46,0.00,139.14,1,7.19,1
vllm,few_shot,122,198.71,93.78,292.49,2,6.84,1
vllm,few_shot,123,183.41,0.00,263.08,1,3.80,1
vllm,few_shot,124,219.16,93.13,312.29,2,6.40,1
vllm,few_shot,125,196.46,90.72,287.18,2,6.96,1
vllm,few_shot,126,210.94,97.36,308.30,2,6.49,1
vllm,few_shot,127,196.38,0.00,276.35,1,3.62,1
vllm,few_shot,128,226.20,0.00,244.78,1,4.09,1
vllm,few_shot,129,194.82,97.42,292.24,2,6.84,1
vllm,few_shot,130,250.62,0.33,250.96,2,7.97,1
vllm,few_shot,131,154.07,105.04,259.11,2,7.72,1
vllm,few_shot,132,171.01,85.32,256.33,2,7.80,1
vllm,few_shot,133,211.09,0.00,221.12,1,4.52,1
vllm,few_shot,134,263.75,0.00,283.40,1,3.53,1
vllm,few_shot,135,127.39,0.00,160.07,1,6.25,1
vllm,few_shot,136,168.54,0.00,252.58,1,3.96,1
vllm,few_shot,137,185.86,111.45,297.31,2,6.73,1
vllm,few_shot,138,294.05,0.00,314.26,1,3.18,1
vllm,few_shot,139,265.68,0.00,265.93,1,3.76,1
vllm,few_shot,140,88.87,0.00,89.11,1,11.22,1
vllm,few_shot,141,164.41,110.65,275.06,2,7.27,1
vllm,few_shot,142,282.47,0.00,282.70,1,3.54,1
vllm,few_shot,143,288.44,0.34,288.77,2,6.93,1
vllm,few_shot,144,191.92,101.23,293.15,2,6.82,1
vllm,few_shot,145,256.94,45.12,302.06,2,6.62,1
vllm,few_shot,146,238.22,44.37,282.59,2,7.08,1
vllm,few_shot,147,300.29,0.00,305.37,1,3.27,1
vllm,few_shot,148,88.82,16.74,105.56,2,18.95,1
vllm,few_shot,149,175.18,0.00,223.88,1,4.47,1
vllm,few_shot,150,143.24,0.00,194.72,1,5.14,1
vllm,few_shot,151,143.85,53.31,197.16,2,10.14,1
vllm,few_shot,152,269.24,0.00,269.47,1,3.71,1
vllm,few_shot,153,269.85,25.69,295.54,2,6.77,1
vllm,few_shot,154,111.96,0.00,112.20,1,8.91,1
vllm,few_shot,155,231.90,0.00,271.52,1,3.68,1
vllm,few_shot,156,153.54,133.75,287.29,2,6.96,1
vllm,few_shot,157,154.49,69.04,292.56,3,10.25,0
vllm,few_shot,158,148.24,137.57,285.81,2,7.00,1
vllm,few_shot,159,179.55,0.00,305.41,1,3.27,1
vllm,few_shot,160,238.09,65.85,303.94,2,6.58,1
vllm,few_shot,161,277.74,0.00,338.33,1,2.96,1
vllm,few_shot,162,113.98,0.00,124.16,1,8.05,1
vllm,few_shot,163,111.43,15.07,126.50,2,15.81,1
vllm,few_shot,164,147.66,147.62,295.28,2,6.77,1
vllm,few_shot,165,215.51,60.40,275.91,2,7.25,1
vllm,few_shot,166,208.69,123.57,332.25,2,6.02,1
vllm,few_shot,167,221.93,0.00,290.39,1,3.44,1
vllm,few_shot,168,226.50,69.82,296.32,2,6.75,1
vllm,few_shot,169,240.96,0.00,309.26,1,3.23,1
vllm,few_shot,170,122.34,14.64,136.99,2,14.60,1
vllm,few_shot,171,146.18,4.94,151.13,2,13.23,1
vllm,few_shot,172,126.33,0.00,131.39,1,7.61,1
vllm,few_shot,173,226.73,67.60,294.34,2,6.79,1
vllm,few_shot,174,247.96,0.00,298.73,1,3.35,1
vllm,few_shot,175,209.96,0.00,289.92,1,3.45,1
vllm,few_shot,176,167.16,154.93,322.09,2,6.21,1
vllm,few_shot,177,250.77,0.00,336.60,1,2.97,1
vllm,few_shot,178,173.12,86.23,259.35,2,7.71,1
vllm,few_shot,179,278.50,80.71,359.21,2,5.57,1
vllm,few_shot,180,159.75,9.07,168.81,2,11.85,1
vllm,few_shot,181,51.43,0.00,62.28,1,16.06,1
vllm,few_shot,182,95.73,21.58,117.31,2,17.05,1
vllm,few_shot,183,100.66,22.26,122.92,2,16.27,1
vllm,few_shot,184,98.80,0.00,115.10,1,8.69,1
vllm,few_shot,185,106.73,0.00,123.90,1,8.07,1
vllm,few_shot,186,126.16,0.00,142.27,1,7.03,1
vllm,few_shot,187,90.38,0.00,109.37,1,9.14,1
vllm,few_shot,188,142.62,58.94,201.56,2,9.92,1
vllm,few_shot,189,91.18,59.49,150.67,2,13.27,1
vllm,few_shot,190,91.67,65.20,156.87,2,12.75,1
vllm,few_shot,191,190.15,0.00,202.81,1,4.93,1
vllm,few_shot,192,170.70,0.00,182.00,1,5.49,1
vllm,few_shot,193,133.60,0.00,146.98,1,6.80,1
vllm,few_shot,194,152.86,0.00,165.50,1,6.04,1
vllm,few_shot,195,185.04,0.00,204.85,1,4.88,1
vllm,few_shot,196,183.88,0.00,206.61,1,4.84,1
vllm,few_shot,197,169.95,0.00,194.42,1,5.14,1
vllm,few_shot,198,141.64,0.00,165.80,1,6.03,1
vllm,few_shot,199,161.21,0.00,188.10,1,5.32,1
vllm,few_shot,200,174.91,0.00,205.24,1,4.87,1
vllm,few_shot,201,201.50,0.00,230.78,1,4.33,1
vllm,few_shot,202,192.37,0.00,226.93,1,4.41,1
vllm,few_shot,203,169.26,0.00,195.93,1,5.10,1
vllm,few_shot,204,149.31,66.30,215.61,2,9.28,1
vllm,few_shot,205,178.67,0.00,226.23,1,4.42,1
vllm,few_shot,206,185.39,0.00,232.13,1,4.31,1
vllm,few_shot,207,208.13,73.46,281.59,2,7.10,1
vllm,few_shot,208,168.06,72.20,240.26,2,8.32,1
vllm,few_shot,209,201.86,0.00,270.82,1,3.69,1
vllm,few_shot,210,165.13,0.00,236.24,1,4.23,1
vllm,few_shot,211,207.97,79.16,287.13,2,6.97,1
vllm,few_shot,212,210.61,0.00,228.35,1,4.38,1
vllm,few_shot,213,176.60,0.00,245.66,1,4.07,1
vllm,few_shot,214,156.66,76.47,233.13,2,8.58,1
vllm,few_shot,215,245.62,0.00,250.57,1,3.99,1
vllm,few_shot,216,242.76,0.00,247.79,1,4.04,1
vllm,few_shot,217,201.92,0.00,271.67,1,3.68,1
vllm,few_shot,218,118.23,0.00,133.30,1,7.50,1
vllm,few_shot,219,170.79,89.00,259.79,2,7.70,1
vllm,few_shot,220,141.32,0.00,168.51,1,5.93,1
vllm,few_shot,221,138.11,0.00,153.17,1,6.53,1
vllm,few_shot,222,179.45,101.30,280.75,2,7.12,1
vllm,few_shot,223,170.71,101.55,272.26,2,7.35,1
vllm,few_shot,224,229.09,0.00,260.94,1,3.83,1
vllm,few_shot,225,213.05,29.47,242.52,2,8.25,1
vllm,few_shot,226,205.59,0.00,236.62,1,4.23,1
vllm,few_shot,227,198.74,0.00,229.00,1,4.37,1
vllm,few_shot,228,175.32,34.62,209.93,2,9.53,1
vllm,few_shot,229,268.28,0.00,307.65,1,3.25,1
vllm,few_shot,230,234.34,0.00,247.48,1,4.04,1
vllm,few_shot,231,247.66,0.00,256.96,1,3.89,1
vllm,few_shot,232,212.61,0.00,247.94,1,4.03,1
vllm,few_shot,233,136.50,101.07,237.57,2,8.42,1
vllm,few_shot,234,95.42,0.00,95.64,1,10.46,1
vllm,few_shot,235,258.65,46.91,305.55,2,6.55,1
vllm,few_shot,236,106.01,0.00,106.22,1,9.41,1
vllm,few_shot,237,97.68,0.00,102.38,1,9.77,1
vllm,few_shot,238,116.80,0.00,121.74,1,8.21,1
vllm,few_shot,239,216.76,0.00,256.93,1,3.89,1
vllm,few_shot,240,181.70,124.16,305.86,2,6.54,1
vllm,few_shot,241,206.78,44.87,251.65,2,7.95,1
vllm,few_shot,242,246.22,0.00,246.51,1,4.06,1
vllm,few_shot,243,149.84,20.45,170.30,2,11.74,1
vllm,few_shot,244,101.70,4.17,105.87,2,18.89,1
vllm,few_shot,245,138.36,49.78,188.14,2,10.63,1
vllm,few_shot,246,124.40,134.67,259.07,2,7.72,1
vllm,few_shot,247,198.38,129.82,328.20,2,6.09,1
vllm,few_shot,248,206.27,0.00,269.56,1,3.71,1
vllm,few_shot,249,91.73,22.10,113.83,2,17.57,1
vllm,few_shot,250,120.50,0.35,120.85,2,16.55,1
vllm,few_shot,251,245.84,0.00,289.14,1,3.46,1
vllm,few_shot,252,94.06,0.00,115.49,1,8.66,1
vllm,few_shot,253,113.24,21.87,135.11,2,14.80,1
vllm,few_shot,254,220.00,63.30,283.30,2,7.06,1
vllm,few_shot,255,218.31,54.38,272.70,2,7.33,1
vllm,few_shot,256,111.88,5.29,117.17,2,17.07,1
vllm,few_shot,257,163.01,60.52,223.54,2,8.95,1
vllm,few_shot,258,242.97,0.00,328.59,1,3.04,1
vllm,few_shot,259,115.46,0.00,128.42,1,7.79,1
vllm,few_shot,260,148.24,0.00,152.07,1,6.58,1
vllm,few_shot,261,346.35,0.00,346.56,1,2.89,1
vllm,few_shot,262,206.26,0.00,289.79,1,3.45,1
vllm,few_shot,263,246.86,89.59,336.45,2,5.94,1
vllm,few_shot,264,126.95,0.00,131.05,1,7.63,1
vllm,few_shot,265,94.34,59.28,153.62,2,13.02,1
vllm,few_shot,266,140.38,1.07,141.44,2,14.14,1
vllm,few_shot,267,73.74,0.00,80.43,1,12.43,1
vllm,few_shot,268,80.91,0.00,88.30,1,11.32,1
vllm,few_shot,269,89.60,0.00,99.78,1,10.02,1
vllm,few_shot,270,78.44,0.00,89.41,1,11.18,1
vllm,few_shot,271,81.32,11.46,207.40,12,57.86,0
vllm,few_shot,272,141.30,0.00,162.70,1,6.15,1
vllm,few_shot,273,164.43,0.00,189.62,1,5.27,1
vllm,few_shot,274,122.15,0.00,151.99,1,6.58,1
vllm,few_shot,275,132.16,0.00,164.51,1,6.08,1
vllm,few_shot,276,114.34,0.00,146.86,1,6.81,1
vllm,few_shot,277,182.25,0.00,198.46,1,5.04,1
vllm,few_shot,278,168.30,0.00,190.13,1,5.26,1
vllm,few_shot,279,187.22,0.00,209.95,1,4.76,1
vllm,few_shot,280,147.18,0.00,172.78,1,5.79,1
vllm,few_shot,281,145.29,0.00,168.80,1,5.92,1
vllm,few_shot,282,187.14,0.00,217.76,1,4.59,1
vllm,few_shot,283,126.20,56.66,182.85,2,10.94,1
vllm,few_shot,284,135.56,0.00,168.69,1,5.93,1
vllm,few_shot,285,165.69,0.00,200.74,1,4.98,1
vllm,few_shot,286,124.56,0.00,160.58,1,6.23,1
vllm,few_shot,287,162.66,0.00,198.01,1,5.05,1
vllm,few_shot,288,170.05,0.00,202.86,1,4.93,1
vllm,few_shot,289,161.35,63.61,224.96,2,8.89,1
vllm,few_shot,290,196.45,0.00,231.31,1,4.32,1
vllm,few_shot,291,139.44,0.00,195.02,1,5.13,1
vllm,few_shot,292,169.90,77.20,247.11,2,8.09,1
vllm,few_shot,293,173.16,83.21,256.37,2,7.80,1
vllm,few_shot,294,106.39,0.00,106.64,1,9.38,1
vllm,few_shot,295,201.35,0.00,214.44,1,4.66,1
vllm,few_shot,296,168.32,0.00,231.66,1,4.32,1
vllm,few_shot,297,156.70,89.27,245.96,2,8.13,1
vllm,few_shot,298,126.64,0.00,143.96,1,6.95,1
vllm,few_shot,299,151.77,72.83,224.60,2,8.90,1
vllm,few_shot,300,150.35,0.00,224.39,1,4.46,1
vllm,few_shot,301,137.78,0.00,147.41,1,6.78,1
vllm,few_shot,302,155.96,74.49,230.45,2,8.68,1
vllm,few_shot,303,177.43,90.34,267.77,2,7.47,0
vllm,few_shot,304,151.72,78.93,230.65,2,8.67,1
vllm,few_shot,305,136.57,0.00,210.50,1,4.75,1
vllm,few_shot,306,178.59,83.38,261.98,2,7.63,1
vllm,few_shot,307,123.64,99.23,222.87,2,8.97,1
vllm,few_shot,308,170.75,48.56,267.87,3,11.20,1
vllm,few_shot,309,195.80,0.00,226.85,1,4.41,1
vllm,few_shot,310,191.75,0.00,210.19,1,4.76,1
vllm,few_shot,311,168.76,90.08,258.85,2,7.73,1
vllm,few_shot,312,189.89,0.00,219.02,1,4.57,1
vllm,few_shot,313,205.14,0.00,286.91,1,3.49,1
vllm,few_shot,314,210.22,0.00,294.18,1,3.40,1
vllm,few_shot,315,189.90,43.24,233.15,2,8.58,1
vllm,few_shot,316,178.84,59.08,297.00,3,10.10,1
vllm,few_shot,317,200.21,0.00,209.64,1,4.77,1
vllm,few_shot,318,94.16,45.35,139.51,2,14.34,1
vllm,few_shot,319,181.97,0.00,225.31,1,4.44,1
vllm,few_shot,320,176.17,116.68,292.84,2,6.83,1
vllm,few_shot,321,185.83,38.68,224.50,2,8.91,1
vllm,few_shot,322,90.61,0.00,95.91,1,10.43,1
vllm,few_shot,323,203.75,0.00,251.56,1,3.98,1
vllm,few_shot,324,158.38,102.72,261.11,2,7.66,1
vllm,few_shot,325,117.06,0.00,125.82,1,7.95,1
vllm,few_shot,326,155.84,0.00,205.54,1,4.87,1
vllm,few_shot,327,92.44,16.91,109.34,2,18.29,1
vllm,few_shot,328,248.56,57.03,305.59,2,6.54,1
vllm,few_shot,329,157.82,52.99,210.80,2,9.49,1
vllm,few_shot,330,103.10,25.62,128.73,2,15.54,1
vllm,few_shot,331,67.08,30.18,97.25,2,20.57,1
vllm,few_shot,332,107.30,0.00,128.88,1,7.76,1
vllm,few_shot,333,89.28,0.00,103.67,1,9.65,1
vllm,few_shot,334,169.28,64.61,233.88,2,8.55,1
vllm,few_shot,335,166.77,112.42,279.19,2,7.16,1
vllm,few_shot,336,68.93,0.00,99.61,1,10.04,1
vllm,few_shot,337,182.84,66.39,249.23,2,8.02,0
vllm,few_shot,338,180.67,0.00,244.41,1,4.09,1
vllm,few_shot,339,140.26,0.36,140.63,2,14.22,1
vllm,few_shot,340,240.72,0.00,274.54,1,3.64,1
vllm,few_shot,341,93.53,18.36,111.88,2,17.88,1
vllm,few_shot,342,185.22,71.87,257.09,2,7.78,1
vllm,few_shot,343,157.62,121.64,279.26,2,7.16,1
vllm,few_shot,344,231.18,0.00,288.03,1,3.47,1
vllm,few_shot,345,196.07,0.00,275.67,1,3.63,1
vllm,few_shot,346,89.90,38.32,128.22,2,15.60,1
vllm,few_shot,347,113.90,2.75,116.64,2,17.15,1
vllm,few_shot,348,82.02,0.00,127.32,1,7.85,1
vllm,few_shot,349,124.05,0.00,124.26,1,8.05,1
vllm,few_shot,350,87.90,44.66,132.56,2,15.09,1
vllm,few_shot,351,128.92,0.00,129.17,1,7.74,1
vllm,few_shot,352,88.94,0.00,140.75,1,7.10,1
vllm,few_shot,353,72.38,18.16,126.85,4,31.53,0
vllm,few_shot,354,247.23,71.13,318.37,2,6.28,1
vllm,few_shot,355,101.52,0.00,109.28,1,9.15,1
vllm,few_shot,356,116.41,0.00,131.32,1,7.61,1
vllm,few_shot,357,74.77,24.92,99.68,2,20.06,1
vllm,few_shot,358,97.30,25.88,123.18,2,16.24,1
vllm,few_shot,359,118.44,29.01,147.45,2,13.56,1
vllm,few_shot,360,114.83,0.00,122.50,1,8.16,1
vllm,few_shot,361,91.38,0.00,102.74,1,9.73,1
vllm,few_shot,362,125.72,0.00,138.47,1,7.22,1
vllm,few_shot,363,87.00,33.34,120.34,2,16.62,1
vllm,few_shot,364,139.64,35.47,175.10,2,11.42,1
vllm,few_shot,365,134.93,0.00,146.92,1,6.81,1
vllm,few_shot,366,119.48,0.00,138.95,1,7.20,1
vllm,few_shot,367,119.93,0.00,142.27,1,7.03,1
vllm,few_shot,368,154.41,0.00,176.11,1,5.68,1
vllm,few_shot,369,163.59,0.00,182.00,1,5.49,1
vllm,few_shot,370,111.60,0.00,133.80,1,7.47,1
vllm,few_shot,371,143.49,0.00,165.21,1,6.05,1
vllm,few_shot,372,157.19,0.00,186.62,1,5.36,1
vllm,few_shot,373,118.37,0.00,147.38,1,6.79,1
vllm,few_shot,374,184.21,0.00,244.91,1,4.08,1
vllm,few_shot,375,147.89,76.32,224.21,2,8.92,1
vllm,few_shot,376,166.46,80.89,247.35,2,8.09,1
vllm,few_shot,377,110.88,82.50,193.38,2,10.34,1
vllm,few_shot,378,134.43,80.73,215.16,2,9.30,1
vllm,few_shot,379,131.58,0.00,193.16,1,5.18,1
vllm,few_shot,380,158.44,0.00,226.35,1,4.42,1
vllm,few_shot,381,125.58,0.00,193.02,1,5.18,1
vllm,few_shot,382,205.13,0.00,205.41,1,4.87,1
vllm,few_shot,383,224.01,0.00,240.11,1,4.16,1
vllm,few_shot,384,189.95,0.00,209.22,1,4.78,1
vllm,few_shot,385,163.66,96.83,260.49,2,7.68,1
vllm,few_shot,386,123.80,0.00,204.12,1,4.90,1
vllm,few_shot,387,147.28,0.00,225.01,1,4.44,1
vllm,few_shot,388,170.04,0.00,198.49,1,5.04,1
vllm,few_shot,389,166.41,0.00,251.22,1,3.98,1
vllm,few_shot,390,192.55,0.00,216.07,1,4.63,1
vllm,few_shot,391,186.84,32.97,219.81,2,9.10,1
vllm,few_shot,392,126.72,0.00,126.97,1,7.88,1
vllm,few_shot,393,233.40,0.00,248.54,1,4.02,1
vllm,few_shot,394,174.33,0.00,204.83,1,4.88,1
vllm,few_shot,395,259.97,0.00,278.41,1,3.59,1
vllm,few_shot,396,204.96,4.91,209.87,2,9.53,1
vllm,few_shot,397,219.92,29.69,249.61,2,8.01,1
vllm,few_shot,398,196.87,0.00,219.15,1,4.56,1
vllm,few_shot,399,233.79,0.00,279.89,1,3.57,1
vllm,few_shot,400,230.82,0.00,274.48,1,3.64,1
vllm,few_shot,401,155.05,5.38,160.43,2,12.47,1
vllm,few_shot,402,193.79,0.00,245.21,1,4.08,1
vllm,few_shot,403,194.29,105.41,299.70,2,6.67,1
vllm,few_shot,404,210.13,0.00,258.43,1,3.87,1
vllm,few_shot,405,256.84,0.00,261.77,1,3.82,1
vllm,few_shot,406,164.25,55.96,220.21,2,9.08,1
vllm,few_shot,407,112.85,0.00,146.80,1,6.81,1
vllm,few_shot,408,100.20,5.17,105.37,2,18.98,1
vllm,few_shot,409,123.80,39.64,282.38,5,17.71,1
vllm,few_shot,410,204.19,0.00,236.55,1,4.23,1
vllm,few_shot,411,135.44,0.00,253.00,1,3.95,1
vllm,few_shot,412,138.50,25.79,164.30,2,12.17,1
vllm,few_shot,413,118.03,0.00,123.09,1,8.12,1
vllm,few_shot,414,120.23,0.00,168.35,1,5.94,1
vllm,few_shot,415,139.98,31.04,171.03,2,11.69,0
vllm,few_shot,416,120.44,0.35,120.79,2,16.56,1
vllm,few_shot,417,105.14,19.68,124.82,2,16.02,1
vllm,few_shot,418,150.52,123.32,273.84,2,7.30,1
vllm,few_shot,419,102.74,18.12,120.85,2,16.55,1
vllm,few_shot,420,110.85,13.47,124.32,2,16.09,1
vllm,few_shot,421,226.94,0.00,293.51,1,3.41,1
vllm,few_shot,422,197.53,75.04,272.57,2,7.34,0
vllm,few_shot,423,233.55,77.73,311.28,2,6.42,0
vllm,few_shot,424,117.29,0.00,125.23,1,7.99,1
vllm,few_shot,425,176.44,79.98,256.43,2,7.80,1
vllm,few_shot,426,187.41,82.11,269.52,2,7.42,1
vllm,few_shot,427,203.69,80.34,284.04,2,7.04,1
vllm,few_shot,428,190.95,66.65,257.60,2,7.76,1
vllm,few_shot,429,94.25,34.53,128.78,2,15.53,1
vllm,few_shot,430,127.78,4.47,132.25,2,15.12,1
vllm,few_shot,431,174.54,78.93,253.47,2,7.89,1
vllm,few_shot,432,218.17,81.92,300.09,2,6.66,1
vllm,few_shot,433,126.23,0.00,156.86,1,6.38,1
vllm,few_shot,434,254.40,0.00,254.78,1,3.92,1
vllm,few_shot,435,132.87,32.49,165.36,2,12.10,1
vllm,few_shot,436,113.53,0.00,188.06,1,5.32,1
vllm,few_shot,437,171.44,68.37,239.80,2,8.34,1
vllm,few_shot,438,83.42,22.87,106.29,2,18.82,1
vllm,few_shot,439,93.68,0.00,107.45,1,9.31,1
vllm,few_shot,440,130.96,0.00,148.82,1,6.72,1
vllm,few_shot,441,99.97,30.33,130.29,2,15.35,1
vllm,few_shot,442,85.37,0.00,105.48,1,9.48,1
vllm,few_shot,443,138.58,0.00,146.61,1,6.82,1
vllm,few_shot,444,126.21,25.79,152.00,2,13.16,1
vllm,few_shot,445,69.26,28.24,97.50,2,20.51,1
vllm,few_shot,446,112.00,0.00,124.05,1,8.06,1
vllm,few_shot,447,139.34,20.03,159.37,2,12.55,1
vllm,few_shot,448,125.21,0.00,136.39,1,7.33,1
vllm,few_shot,449,150.88,57.29,208.17,2,9.61,1
vllm,few_shot,450,186.37,0.00,207.71,1,4.81,1
vllm,few_shot,451,207.77,0.00,227.00,1,4.41,1
vllm,few_shot,452,169.79,0.00,197.81,1,5.06,1
vllm,few_shot,453,181.18,0.00,206.65,1,4.84,1
vllm,few_shot,454,143.70,0.00,173.82,1,5.75,1
vllm,few_shot,455,150.86,0.00,187.55,1,5.33,1
vllm,few_shot,456,194.23,0.00,226.10,1,4.42,1
vllm,few_shot,457,178.23,0.00,214.04,1,4.67,1
vllm,few_shot,458,191.25,0.00,229.81,1,4.35,1
vllm,few_shot,459,178.81,0.00,212.90,1,4.70,1
vllm,few_shot,460,210.76,0.00,249.51,1,4.01,1
vllm,few_shot,461,178.61,0.00,221.12,1,4.52,1
vllm,few_shot,462,188.37,0.00,227.51,1,4.40,1
vllm,few_shot,463,175.63,0.00,195.45,1,5.12,1
vllm,few_shot,464,159.71,54.89,214.60,2,9.32,1
vllm,few_shot,465,224.06,0.00,249.00,1,4.02,1
vllm,few_shot,466,188.02,0.00,220.49,1,4.54,1
vllm,few_shot,467,146.79,55.52,202.31,2,9.89,1
vllm,few_shot,468,154.08,53.31,207.39,2,9.64,1
vllm,few_shot,469,165.01,0.00,202.00,1,4.95,1
vllm,few_shot,470,142.33,63.04,205.37,2,9.74,1
vllm,few_shot,471,196.11,43.92,240.02,2,8.33,1
vllm,few_shot,472,183.33,0.00,227.48,1,4.40,1
vllm,few_shot,473,111.97,0.00,131.37,1,7.61,1
vllm,few_shot,474,187.11,37.68,224.80,2,8.90,1
vllm,few_shot,475,174.86,0.00,222.16,1,4.50,1
vllm,few_shot,476,163.36,73.16,236.53,2,8.46,1
vllm,few_shot,477,174.49,0.00,194.15,1,5.15,1
vllm,few_shot,478,204.30,0.00,214.45,1,4.66,1
vllm,few_shot,479,125.53,5.01,130.54,2,15.32,1
vllm,few_shot,480,177.82,29.00,206.81,2,9.67,0
vllm,few_shot,481,125.68,83.09,208.76,2,9.58,1
vllm,few_shot,482,115.86,30.33,146.19,2,13.68,1
vllm,few_shot,483,150.96,76.88,227.84,2,8.78,1
vllm,few_shot,484,206.31,47.99,254.31,2,7.86,1
vllm,few_shot,485,162.39,52.16,214.54,2,9.32,1
vllm,few_shot,486,195.65,81.44,277.09,2,7.22,1
vllm,few_shot,487,202.42,20.08,222.50,2,8.99,1
vllm,few_shot,488,186.08,85.30,271.38,2,7.37,1
vllm,few_shot,489,100.25,36.56,136.81,2,14.62,1
vllm,few_shot,490,160.09,85.14,245.23,2,8.16,1
vllm,few_shot,491,170.41,59.52,229.93,2,8.70,1
vllm,few_shot,492,76.85,15.10,91.95,2,21.75,1
vllm,few_shot,493,112.70,43.39,156.09,2,12.81,1
vllm,few_shot,494,259.48,0.00,264.75,1,3.78,1
vllm,few_shot,495,184.85,0.00,224.71,1,4.45,1
vllm,few_shot,496,160.91,70.65,231.56,2,8.64,1
vllm,few_shot,497,178.97,0.00,248.23,1,4.03,1
vllm,few_shot,498,182.79,39.96,222.75,2,8.98,1
vllm,few_shot,499,169.07,75.36,244.44,2,8.18,1
vllm,few_shot,500,146.20,0.00,153.31,1,6.52,1
vllm,few_shot,501,194.72,0.00,202.52,1,4.94,1
vllm,few_shot,502,268.39,4.90,273.29,2,7.32,1
vllm,few_shot,503,225.50,82.61,308.11,2,6.49,1
vllm,few_shot,504,117.69,48.63,166.32,2,12.03,1
vllm,few_shot,505,200.64,114.73,315.37,2,6.34,0
vllm,few_shot,506,191.50,54.54,246.05,2,8.13,1
vllm,few_shot,507,161.99,76.92,238.91,2,8.37,1
vllm,few_shot,508,93.90,69.33,163.23,2,12.25,1
vllm,few_shot,509,206.41,0.00,253.05,1,3.95,1
vllm,few_shot,510,158.06,43.12,201.18,2,9.94,0
vllm,few_shot,511,180.08,100.73,280.82,2,7.12,1
vllm,few_shot,512,153.28,0.00,181.80,1,5.50,1
vllm,few_shot,513,70.61,0.00,91.08,1,10.98,1
vllm,few_shot,514,83.04,0.00,106.41,1,9.40,1
vllm,few_shot,515,246.45,0.00,256.49,1,3.90,1
vllm,few_shot,516,77.07,0.00,94.17,1,10.62,1
vllm,few_shot,517,88.36,0.00,96.29,1,10.38,1
vllm,few_shot,518,75.71,0.00,98.89,1,10.11,1
vllm,few_shot,519,67.36,35.04,102.40,2,19.53,1
vllm,few_shot,520,79.43,32.08,111.51,2,17.94,1
vllm,few_shot,521,76.24,28.12,104.36,2,19.16,0
vllm,few_shot,522,76.06,23.54,99.60,2,20.08,1
vllm,few_shot,523,98.41,0.00,118.83,1,8.42,1
vllm,few_shot,524,97.66,21.98,119.63,2,16.72,0
vllm,few_shot,525,86.70,28.20,114.89,2,17.41,1
vllm,few_shot,526,92.26,18.54,110.80,2,18.05,1
vllm,few_shot,527,66.25,0.00,72.43,1,13.81,1
vllm,few_shot,528,82.92,0.00,91.29,1,10.95,1
vllm,few_shot,529,125.39,0.00,138.05,1,7.24,1
vllm,few_shot,530,122.98,0.00,136.55,1,7.32,1
vllm,few_shot,531,101.75,0.00,115.94,1,8.63,1
vllm,few_shot,532,110.02,0.00,126.86,1,7.88,1
vllm,few_shot,533,96.75,31.37,128.13,2,15.61,1
vllm,few_shot,534,120.11,31.50,151.60,2,13.19,1
vllm,few_shot,535,123.01,0.00,137.87,1,7.25,1
vllm,few_shot,536,121.45,0.00,139.54,1,7.17,1
vllm,few_shot,537,111.78,0.00,130.67,1,7.65,1
vllm,few_shot,538,154.36,0.00,174.98,1,5.72,1
vllm,few_shot,539,155.10,0.00,178.71,1,5.60,1
vllm,few_shot,540,140.43,0.00,166.40,1,6.01,1
vllm,few_shot,541,115.47,45.06,160.53,2,12.46,1
vllm,few_shot,542,101.43,41.63,143.06,2,13.98,1
vllm,few_shot,543,120.04,0.00,150.66,1,6.64,1
vllm,few_shot,544,148.23,0.00,182.58,1,5.48,1
vllm,few_shot,545,98.65,49.29,147.94,2,13.52,1
vllm,few_shot,546,151.07,0.00,185.88,1,5.38,1
vllm,few_shot,547,125.91,0.00,156.05,1,6.41,1
vllm,few_shot,548,165.11,59.29,224.40,2,8.91,1
vllm,few_shot,549,149.72,0.00,190.58,1,5.25,1
vllm,few_shot,550,158.75,0.00,197.79,1,5.06,1
vllm,few_shot,551,180.02,0.00,219.97,1,4.55,1
vllm,few_shot,552,171.73,0.00,214.64,1,4.66,1
vllm,few_shot,553,124.09,0.00,172.37,1,5.80,1
vllm,few_shot,554,137.04,69.31,206.35,2,9.69,1
vllm,few_shot,555,168.43,0.00,218.77,1,4.57,1
vllm,few_shot,556,168.67,70.83,239.49,2,8.35,1
vllm,few_shot,557,180.12,0.00,180.40,1,5.54,1
vllm,few_shot,558,150.86,0.00,201.37,1,4.97,1
vllm,few_shot,559,181.41,0.00,237.49,1,4.21,1
vllm,few_shot,560,184.95,58.51,243.46,2,8.21,1
vllm,few_shot,561,136.92,0.00,193.23,1,5.18,1
vllm,few_shot,562,142.06,0.00,170.55,1,5.86,1
vllm,few_shot,563,142.72,0.00,167.11,1,5.98,1
vllm,few_shot,564,153.78,0.00,169.69,1,5.89,1
vllm,few_shot,565,133.41,0.00,156.76,1,6.38,1
vllm,few_shot,566,181.92,0.00,200.52,1,4.99,1
vllm,few_shot,567,141.94,63.39,205.33,2,9.74,0
vllm,few_shot,568,171.80,59.91,231.71,2,8.63,1
vllm,few_shot,569,173.14,0.00,205.46,1,4.87,1
vllm,few_shot,570,140.55,32.84,173.39,2,11.53,1
vllm,few_shot,571,154.32,28.80,183.11,2,10.92,1
vllm,few_shot,572,135.09,0.00,176.22,1,5.67,1
vllm,few_shot,573,170.87,0.00,198.69,1,5.03,1
vllm,few_shot,574,150.72,43.72,194.44,2,10.29,1
vllm,few_shot,575,152.10,0.00,198.56,1,5.04,1
vllm,few_shot,576,155.31,0.00,201.49,1,4.96,1
vllm,few_shot,577,157.92,84.25,242.17,2,8.26,1
vllm,few_shot,578,185.96,47.81,233.78,2,8.56,1
vllm,few_shot,579,159.66,0.00,164.68,1,6.07,1
vllm,few_shot,580,143.31,0.00,181.97,1,5.50,1
vllm,few_shot,581,63.15,0.00,77.55,1,12.90,1
vllm,few_shot,582,175.55,43.04,218.59,2,9.15,1
vllm,few_shot,583,179.58,85.99,265.58,2,7.53,1
vllm,few_shot,584,94.11,0.00,109.01,1,9.17,1
vllm,few_shot,585,117.42,14.16,131.58,2,15.20,1
vllm,few_shot,586,87.34,0.00,92.64,1,10.79,1
vllm,few_shot,587,146.43,98.52,244.95,2,8.17,1
vllm,few_shot,588,86.33,0.00,90.53,1,11.05,1
vllm,few_shot,589,71.82,26.25,98.07,2,20.39,1
vllm,few_shot,590,69.34,0.00,97.33,1,10.27,1
vllm,few_shot,591,141.28,67.92,209.20,2,9.56,1
vllm,few_shot,592,191.80,0.00,258.17,1,3.87,1
vllm,few_shot,593,157.85,75.86,233.72,2,8.56,1
vllm,few_shot,594,89.60,0.00,102.46,1,9.76,1
vllm,few_shot,595,126.89,35.58,162.47,2,12.31,1
vllm,few_shot,596,92.30,0.00,149.60,1,6.68,1
vllm,few_shot,597,81.04,0.00,100.33,1,9.97,1
vllm,few_shot,598,143.40,78.46,221.86,2,9.01,1
vllm,few_shot,599,125.27,12.26,137.53,2,14.54,1
vllm,few_shot,600,147.34,21.64,168.98,2,11.84,1
vllm,few_shot,601,132.64,117.68,250.32,2,7.99,1
vllm,few_shot,602,132.85,83.62,216.47,2,9.24,1
vllm,few_shot,603,93.16,0.00,137.54,1,7.27,1
vllm,few_shot,604,122.57,120.82,243.39,2,8.22,1
vllm,few_shot,605,85.56,0.00,138.13,1,7.24,1
vllm,few_shot,606,56.47,0.00,109.54,1,9.13,1
vllm,few_shot,607,106.08,51.27,157.35,2,12.71,1
vllm,few_shot,608,112.10,66.49,178.58,2,11.20,1
vllm,few_shot,609,165.96,72.50,238.46,2,8.39,1
vllm,few_shot,610,171.82,36.55,208.37,2,9.60,1
vllm,few_shot,611,82.77,46.89,129.65,2,15.43,1
vllm,few_shot,612,92.92,22.43,115.34,2,17.34,1
vllm,few_shot,613,96.16,17.51,113.67,2,17.60,1
vllm,few_shot,614,91.64,20.23,111.87,2,17.88,1
vllm,few_shot,615,100.10,0.00,112.25,1,8.91,1
vllm,few_shot,616,75.08,0.00,87.43,1,11.44,1
vllm,few_shot,617,107.16,0.00,120.11,1,8.33,1
vllm,few_shot,618,95.33,25.13,120.46,2,16.60,1
vllm,few_shot,619,76.85,28.02,104.87,2,19.07,1
vllm,few_shot,620,117.21,0.00,131.04,1,7.63,1
vllm,few_shot,621,155.86,0.00,166.85,1,5.99,1
vllm,few_shot,622,136.54,32.37,168.91,2,11.84,1
vllm,few_shot,623,100.59,0.00,125.49,1,7.97,1
vllm,few_shot,624,148.66,0.00,171.07,1,5.85,1
vllm,few_shot,625,125.75,0.00,151.10,1,6.62,1
vllm,few_shot,626,147.77,0.00,172.31,1,5.80,1
vllm,few_shot,627,115.79,0.00,142.96,1,6.99,1
vllm,few_shot,628,165.53,0.00,192.69,1,5.19,1
vllm,few_shot,629,131.04,0.00,160.89,1,6.22,1
vllm,few_shot,630,149.48,0.00,180.94,1,5.53,1
vllm,few_shot,631,145.97,0.00,209.33,1,4.78,1
vllm,few_shot,632,171.23,0.00,232.20,1,4.31,1
vllm,few_shot,633,129.39,87.32,216.71,2,9.23,1
vllm,few_shot,634,133.69,95.21,228.90,2,8.74,1
vllm,few_shot,635,132.55,0.00,205.11,1,4.88,1
vllm,few_shot,636,189.64,0.00,202.44,1,4.94,1
vllm,few_shot,637,224.25,0.00,255.99,1,3.91,1
vllm,few_shot,638,223.87,0.00,245.56,1,4.07,1
vllm,few_shot,639,135.61,85.39,221.00,2,9.05,1
vllm,few_shot,640,226.98,0.00,261.83,1,3.82,1
vllm,few_shot,641,178.66,90.41,269.08,2,7.43,1
vllm,few_shot,642,192.68,0.00,220.94,1,4.53,1
vllm,few_shot,643,174.25,0.00,203.01,1,4.93,1
vllm,few_shot,644,150.29,96.84,247.12,2,8.09,1
vllm,few_shot,645,187.55,0.00,212.05,1,4.72,1
vllm,few_shot,646,173.85,97.99,271.84,2,7.36,1
vllm,few_shot,647,136.64,98.91,235.55,2,8.49,1
vllm,few_shot,648,158.54,102.12,260.66,2,7.67,1
vllm,few_shot,649,256.91,26.71,283.62,2,7.05,1
vllm,few_shot,650,173.38,49.94,223.32,2,8.96,1
vllm,few_shot,651,215.53,0.00,252.99,1,3.95,1
vllm,few_shot,652,197.79,0.00,232.00,1,4.31,1
vllm,few_shot,653,198.22,0.00,228.56,1,4.38,1
vllm,few_shot,654,172.83,0.00,214.46,1,4.66,1
vllm,few_shot,655,230.35,0.00,263.44,1,3.80,1
vllm,few_shot,656,176.54,106.30,282.84,2,7.07,1
vllm,few_shot,657,165.69,59.26,224.95,2,8.89,1
vllm,few_shot,658,100.87,0.00,106.20,1,9.42,1
vllm,few_shot,659,260.43,0.00,306.33,1,3.26,1
vllm,few_shot,660,261.87,40.07,301.95,2,6.62,1
vllm,few_shot,661,117.16,0.40,117.55,2,17.01,1
vllm,few_shot,662,173.75,119.18,292.93,2,6.83,1
vllm,few_shot,663,188.98,0.00,237.35,1,4.21,1
vllm,few_shot,664,116.95,0.00,117.17,1,8.53,1
vllm,few_shot,665,139.74,0.00,169.57,1,5.90,1
vllm,few_shot,666,136.65,128.23,264.88,2,7.55,1
vllm,few_shot,667,196.07,45.99,242.06,2,8.26,1
vllm,few_shot,668,210.62,46.11,256.73,2,7.79,1
vllm,few_shot,669,201.93,0.00,240.96,1,4.15,1
vllm,few_shot,670,166.68,46.04,212.73,2,9.40,1
vllm,few_shot,671,117.93,0.00,122.05,1,8.19,1
vllm,few_shot,672,217.28,30.56,247.84,2,8.07,1
vllm,few_shot,673,156.30,10.31,166.61,2,12.00,1
vllm,few_shot,674,133.25,0.00,133.47,1,7.49,1
vllm,few_shot,675,173.23,71.73,244.96,2,8.16,1
vllm,few_shot,676,150.04,0.00,210.56,1,4.75,1
vllm,few_shot,677,157.18,55.39,212.57,2,9.41,1
vllm,few_shot,678,212.10,72.23,284.33,2,7.03,1
vllm,few_shot,679,141.71,0.00,202.78,1,4.93,1
vllm,few_shot,680,211.79,0.00,217.02,1,4.61,1
vllm,few_shot,681,178.03,90.90,268.93,2,7.44,1
vllm,few_shot,682,124.62,45.11,169.72,2,11.78,1
vllm,few_shot,683,220.84,9.30,230.15,2,8.69,1
vllm,few_shot,684,218.58,85.98,304.55,2,6.57,1
vllm,few_shot,685,200.79,74.49,275.28,2,7.27,1
vllm,few_shot,686,207.97,0.00,278.12,1,3.60,1
vllm,few_shot,687,242.63,18.98,261.61,2,7.64,1
vllm,few_shot,688,151.62,0.00,151.84,1,6.59,1
vllm,few_shot,689,137.15,146.59,283.74,2,7.05,1
vllm,few_shot,690,206.55,69.04,275.59,2,7.26,1
vllm,few_shot,691,218.60,0.00,241.61,1,4.14,1
vllm,few_shot,692,88.01,0.00,93.06,1,10.75,1
vllm,few_shot,693,116.09,0.00,153.93,1,6.50,1
vllm,few_shot,694,82.93,68.70,151.63,2,13.19,1
vllm,few_shot,695,59.36,31.79,91.15,2,21.94,1
vllm,few_shot,696,147.42,10.10,157.51,2,12.70,1
vllm,few_shot,697,77.76,0.00,98.59,1,10.14,1
vllm,few_shot,698,67.09,14.02,95.13,3,31.53,1
vllm,few_shot,699,100.82,5.34,106.16,2,18.84,0
vllm,few_shot,700,102.68,20.66,123.34,2,16.22,1
vllm,few_shot,701,117.93,0.00,133.98,1,7.46,1
vllm,few_shot,702,92.87,22.66,115.53,2,17.31,1
vllm,few_shot,703,139.97,0.00,158.46,1,6.31,1
vllm,few_shot,704,128.23,0.00,150.79,1,6.63,1
vllm,few_shot,705,113.83,63.87,177.71,2,11.25,1
vllm,few_shot,706,103.92,68.01,171.93,2,11.63,1
vllm,few_shot,707,167.07,0.00,181.45,1,5.51,1
vllm,few_shot,708,159.12,0.00,173.01,1,5.78,1
vllm,few_shot,709,201.11,0.00,215.94,1,4.63,1
vllm,few_shot,710,162.92,0.00,182.23,1,5.49,1
vllm,few_shot,711,179.52,0.00,189.72,1,5.27,1
vllm,few_shot,712,192.34,0.00,212.71,1,4.70,1
vllm,few_shot,713,153.19,0.00,176.19,1,5.68,1
vllm,few_shot,714,209.79,0.00,230.50,1,4.34,1
vllm,few_shot,715,176.90,0.00,195.70,1,5.11,1
vllm,few_shot,716,170.16,0.00,191.16,1,5.23,1
vllm,few_shot,717,180.44,0.00,207.13,1,4.83,1
vllm,few_shot,718,164.50,0.00,183.58,1,5.45,1
vllm,few_shot,719,204.82,0.00,232.22,1,4.31,1
vllm,few_shot,720,149.47,0.00,173.45,1,5.77,1
vllm,few_shot,721,182.55,68.06,250.61,2,7.98,1
vllm,few_shot,722,162.74,71.96,234.70,2,8.52,1
vllm,few_shot,723,198.36,70.31,268.67,2,7.44,1
vllm,few_shot,724,202.06,80.19,282.24,2,7.09,1
vllm,few_shot,725,216.14,0.00,216.43,1,4.62,1
vllm,few_shot,726,225.29,0.00,228.87,1,4.37,1
vllm,few_shot,727,150.36,81.72,232.08,2,8.62,0
vllm,few_shot,728,190.40,79.24,269.64,2,7.42,1
vllm,few_shot,729,150.62,88.99,239.61,2,8.35,1
vllm,few_shot,730,140.02,88.24,228.26,2,8.76,1
vllm,few_shot,731,178.97,73.06,252.03,2,7.94,1
vllm,few_shot,732,244.75,0.00,268.30,1,3.73,1
vllm,few_shot,733,190.69,0.00,217.70,1,4.59,1
vllm,few_shot,734,264.58,0.00,278.77,1,3.59,1
vllm,few_shot,735,202.52,0.00,227.22,1,4.40,1
vllm,few_shot,736,230.29,0.00,259.55,1,3.85,1
vllm,few_shot,737,187.24,70.33,257.57,2,7.76,1
vllm,few_shot,738,209.17,0.00,222.96,1,4.49,1
vllm,few_shot,739,148.01,0.00,185.16,1,5.40,1
vllm,few_shot,740,158.95,0.00,164.22,1,6.09,1
vllm,few_shot,741,203.24,99.76,303.01,2,6.60,1
vllm,few_shot,742,220.29,0.00,244.07,1,4.10,1
vllm,few_shot,743,209.17,0.00,249.75,1,4.00,1
vllm,few_shot,744,202.96,0.00,237.36,1,4.21,1
vllm,few_shot,745,238.12,0.00,255.75,1,3.91,1
vllm,few_shot,746,204.00,0.00,244.43,1,4.09,1
vllm,few_shot,747,261.89,0.00,305.46,1,3.27,1
vllm,few_shot,748,157.64,0.39,158.03,2,12.66,1
vllm,few_shot,749,198.09,48.63,246.72,2,8.11,1
vllm,few_shot,750,145.52,120.26,265.78,2,7.53,1
vllm,few_shot,751,237.90,0.00,251.58,1,3.97,1
vllm,few_shot,752,90.86,0.00,106.16,1,9.42,1
vllm,few_shot,753,201.38,118.25,319.63,2,6.26,1
vllm,few_shot,754,241.73,56.14,297.87,2,6.71,1
vllm,few_shot,755,202.68,0.00,260.56,1,3.84,1
vllm,few_shot,756,140.70,0.00,194.29,1,5.15,1
vllm,few_shot,757,258.21,0.00,277.74,1,3.60,1
vllm,few_shot,758,218.31,52.22,270.53,2,7.39,1
vllm,few_shot,759,191.45,117.77,309.22,2,6.47,1
vllm,few_shot,760,218.85,39.84,258.70,2,7.73,1
vllm,few_shot,761,120.38,5.39,125.78,2,15.90,1
vllm,few_shot,762,89.30,18.26,107.56,2,18.59,1
vllm,few_shot,763,89.00,18.50,107.50,2,18.60,1
vllm,few_shot,764,267.65,64.13,331.78,2,6.03,1
vllm,few_shot,765,190.62,70.19,260.81,2,7.67,0
vllm,few_shot,766,253.58,72.57,326.14,2,6.13,1
vllm,few_shot,767,201.26,58.66,259.92,2,7.69,1
vllm,few_shot,768,112.91,5.34,118.25,2,16.91,1
vllm,few_shot,769,88.30,0.00,118.70,1,8.42,1
vllm,few_shot,770,113.13,27.65,140.79,2,14.21,1
vllm,few_shot,771,118.75,4.41,123.16,2,16.24,1
vllm,few_shot,772,265.04,64.30,329.34,2,6.07,1
vllm,few_shot,773,136.33,0.00,136.56,1,7.32,1
vllm,few_shot,774,117.69,3.81,121.50,2,16.46,1
vllm,few_shot,775,91.25,29.39,120.64,2,16.58,1
vllm,few_shot,776,122.35,0.00,126.95,1,7.88,1
vllm,few_shot,777,98.88,36.19,135.07,2,14.81,1
vllm,few_shot,778,234.36,58.84,293.20,2,6.82,1
vllm,few_shot,779,121.52,0.00,134.19,1,7.45,1
vllm,few_shot,780,122.48,0.00,142.91,1,7.00,1
vllm,few_shot,781,229.63,78.73,308.36,2,6.49,1
vllm,few_shot,782,139.89,0.00,140.11,1,7.14,1
vllm,few_shot,783,133.78,65.36,199.15,2,10.04,1
vllm,few_shot,784,270.04,79.41,349.45,2,5.72,1
vllm,few_shot,785,79.40,0.00,94.63,1,10.57,1
vllm,few_shot,786,108.22,0.00,123.34,1,8.11,1
vllm,few_shot,787,138.42,0.00,156.47,1,6.39,1
vllm,few_shot,788,120.53,0.00,140.15,1,7.14,1
vllm,few_shot,789,147.75,0.00,168.01,1,5.95,1
vllm,few_shot,790,103.90,35.14,139.04,2,14.38,1
vllm,few_shot,791,108.03,33.61,141.64,2,14.12,0
vllm,few_shot,792,119.93,0.00,139.85,1,7.15,1
vllm,few_shot,793,164.42,0.00,182.86,1,5.47,1
vllm,few_shot,794,138.04,0.00,162.37,1,6.16,1
vllm,few_shot,795,158.46,0.00,185.44,1,5.39,1
vllm,few_shot,796,159.58,0.00,184.76,1,5.41,1
vllm,few_shot,797,142.36,0.00,170.47,1,5.87,1
vllm,few_shot,798,122.89,0.00,152.39,1,6.56,1
vllm,few_shot,799,164.20,0.00,196.56,1,5.09,1
vllm,few_shot,800,149.00,64.78,213.78,2,9.36,1
vllm,few_shot,801,137.86,0.00,182.21,1,5.49,1
vllm,few_shot,802,178.03,0.00,221.19,1,4.52,1
vllm,few_shot,803,141.89,69.02,210.91,2,9.48,1
vllm,few_shot,804,173.66,73.37,247.03,2,8.10,1
vllm,few_shot,805,137.35,68.59,205.94,2,9.71,1
vllm,few_shot,806,147.65,0.00,162.85,1,6.14,1
vllm,few_shot,807,170.04,0.00,174.58,1,5.73,1
vllm,few_shot,808,226.67,0.00,235.81,1,4.24,1
vllm,few_shot,809,157.88,0.00,177.97,1,5.62,1
vllm,few_shot,810,207.04,0.00,211.93,1,4.72,1
vllm,few_shot,811,192.51,0.00,202.75,1,4.93,1
vllm,few_shot,812,163.08,68.89,231.97,2,8.62,1
vllm,few_shot,813,170.68,0.00,180.38,1,5.54,1
vllm,few_shot,814,149.67,0.00,222.16,1,4.50,1
vllm,few_shot,815,164.87,0.00,174.53,1,5.73,1
vllm,few_shot,816,170.07,25.10,195.17,2,10.25,1
vllm,few_shot,817,108.52,77.83,186.36,2,10.73,1
vllm,few_shot,818,176.01,19.68,195.69,2,10.22,1
vllm,few_shot,819,229.23,9.98,239.21,2,8.36,1
vllm,few_shot,820,172.36,38.89,211.26,2,9.47,1
vllm,few_shot,821,156.55,0.00,191.72,1,5.22,1
vllm,few_shot,822,158.67,74.81,233.48,2,8.57,1
vllm,few_shot,823,239.39,33.78,273.18,2,7.32,1
vllm,few_shot,824,135.50,85.68,221.18,2,9.04,1
vllm,few_shot,825,172.06,0.00,207.04,1,4.83,1
vllm,few_shot,826,163.06,0.00,200.67,1,4.98,1
vllm,few_shot,827,85.14,0.00,101.32,1,9.87,1
vllm,few_shot,828,170.52,43.19,213.71,2,9.36,1
vllm,few_shot,829,149.28,0.00,195.80,1,5.11,1
vllm,few_shot,830,177.27,47.07,224.34,2,8.92,1
vllm,few_shot,831,162.60,0.00,196.50,1,5.09,1
vllm,few_shot,832,172.08,0.00,251.10,1,3.98,1
vllm,few_shot,833,159.90,0.00,204.11,1,4.90,1
vllm,few_shot,834,198.00,0.00,222.24,1,4.50,1
vllm,few_shot,835,130.12,97.28,227.40,2,8.80,1
vllm,few_shot,836,225.89,48.24,274.13,2,7.30,1
vllm,few_shot,837,117.83,39.95,157.78,2,12.68,1
vllm,few_shot,838,190.82,43.22,234.04,2,8.55,1
vllm,few_shot,839,173.01,0.00,227.82,1,4.39,1
vllm,few_shot,840,166.30,52.36,218.66,2,9.15,1
vllm,few_shot,841,152.31,120.50,272.80,2,7.33,0
vllm,few_shot,842,78.82,0.00,102.81,1,9.73,1
vllm,few_shot,843,163.24,65.68,228.91,2,8.74,0
vllm,few_shot,844,81.52,15.94,97.45,2,20.52,1
vllm,few_shot,845,112.28,13.33,125.60,2,15.92,1
vllm,few_shot,846,100.64,0.00,100.86,1,9.91,1
vllm,few_shot,847,188.15,0.00,257.40,1,3.88,1
vllm,few_shot,848,148.80,57.04,205.84,2,9.72,1
vllm,few_shot,849,208.14,0.00,242.00,1,4.13,1
vllm,few_shot,850,170.41,77.87,248.28,2,8.06,1
vllm,few_shot,851,146.55,77.56,224.11,2,8.92,1
vllm,few_shot,852,114.47,3.78,118.25,2,16.91,1
vllm,few_shot,853,110.40,3.06,113.46,2,17.63,1
vllm,few_shot,854,112.90,8.05,120.94,2,16.54,1
vllm,few_shot,855,97.31,60.02,157.33,2,12.71,1
vllm,few_shot,856,170.85,119.23,290.08,2,6.89,1
vllm,few_shot,857,144.97,127.85,272.82,2,7.33,0
vllm,few_shot,858,99.74,0.00,119.98,1,8.34,1
vllm,few_shot,859,84.66,31.41,116.06,2,17.23,1
vllm,few_shot,860,79.16,0.00,121.71,1,8.22,1
vllm,few_shot,861,152.04,134.14,286.18,2,6.99,1
vllm,few_shot,862,204.46,0.00,297.28,1,3.36,1
vllm,few_shot,863,132.33,0.00,136.76,1,7.31,1
vllm,few_shot,864,96.43,0.00,105.34,1,9.49,1
vllm,few_shot,865,101.57,19.80,121.37,2,16.48,1
vllm,few_shot,866,109.10,0.00,119.43,1,8.37,1
vllm,few_shot,867,105.35,0.00,116.17,1,8.61,1
vllm,few_shot,868,139.76,0.00,148.96,1,6.71,1
vllm,few_shot,869,117.20,31.85,149.05,2,13.42,1
vllm,few_shot,870,157.11,0.00,181.76,1,5.50,1
vllm,few_shot,871,132.57,0.00,157.64,1,6.34,1
vllm,few_shot,872,111.57,0.00,139.42,1,7.17,1
vllm,few_shot,873,119.72,38.13,157.85,2,12.67,1
vllm,few_shot,874,151.57,0.00,174.32,1,5.74,1
vllm,few_shot,875,167.52,0.00,193.09,1,5.18,1
vllm,few_shot,876,139.71,0.00,161.60,1,6.19,1
vllm,few_shot,877,113.03,0.00,140.84,1,7.10,1
vllm,few_shot,878,143.51,0.00,174.54,1,5.73,1
vllm,few_shot,879,155.61,0.00,189.06,1,5.29,1
vllm,few_shot,880,142.28,0.00,178.14,1,5.61,1
vllm,few_shot,881,191.57,0.00,228.79,1,4.37,1
vllm,few_shot,882,148.32,62.67,211.00,2,9.48,1
vllm,few_shot,883,123.70,0.00,157.14,1,6.36,1
vllm,few_shot,884,135.00,61.87,196.87,2,10.16,1
vllm,few_shot,885,183.73,0.00,183.96,1,5.44,1
vllm,few_shot,886,157.34,0.00,170.25,1,5.87,1
vllm,few_shot,887,163.93,52.70,216.63,2,9.23,1
vllm,few_shot,888,203.46,0.00,208.53,1,4.80,1
vllm,few_shot,889,162.93,0.00,175.93,1,5.68,1
vllm,few_shot,890,105.33,0.00,121.13,1,8.26,1
vllm,few_shot,891,185.14,0.00,190.36,1,5.25,1
vllm,few_shot,892,137.67,78.63,216.30,2,9.25,1
vllm,few_shot,893,139.26,0.00,196.91,1,5.08,1
vllm,few_shot,894,163.41,60.57,223.98,2,8.93,1
vllm,few_shot,895,153.72,0.00,178.45,1,5.60,1
vllm,few_shot,896,220.38,0.00,225.63,1,4.43,1
vllm,few_shot,897,141.82,83.39,225.21,2,8.88,1
vllm,few_shot,898,153.06,0.00,220.83,1,4.53,1
vllm,few_shot,899,133.22,0.00,189.16,1,5.29,1
vllm,few_shot,900,173.23,63.01,236.25,2,8.47,1
vllm,few_shot,901,176.82,0.00,186.91,1,5.35,1
vllm,few_shot,902,158.67,0.00,223.13,1,4.48,1
vllm,few_shot,903,147.39,0.00,184.54,1,5.42,1
vllm,few_shot,904,176.97,0.00,254.23,1,3.93,1
vllm,few_shot,905,128.31,96.77,225.08,2,8.89,1
vllm,few_shot,906,136.23,77.92,214.15,2,9.34,1
vllm,few_shot,907,211.18,9.93,221.11,2,9.05,1
vllm,few_shot,908,190.01,9.12,199.13,2,10.04,1
vllm,few_shot,909,138.94,0.00,168.41,1,5.94,1
vllm,few_shot,910,184.98,0.00,210.28,1,4.76,1
vllm,few_shot,911,147.68,0.00,228.51,1,4.38,1
vllm,few_shot,912,162.34,47.23,209.58,2,9.54,1
vllm,few_shot,913,149.56,0.00,193.05,1,5.18,1
vllm,few_shot,914,133.78,0.00,209.82,1,4.77,1
vllm,few_shot,915,77.03,0.00,77.26,1,12.94,1
vllm,few_shot,916,71.28,0.00,87.22,1,11.46,1
vllm,few_shot,917,188.50,0.00,222.44,1,4.50,1
vllm,few_shot,918,163.30,0.00,255.36,1,3.92,1
vllm,few_shot,919,255.67,0.00,280.90,1,3.56,1
vllm,few_shot,920,105.72,0.00,135.95,1,7.36,1
vllm,few_shot,921,197.47,0.00,245.76,1,4.07,1
vllm,few_shot,922,144.02,0.00,238.28,1,4.20,1
vllm,few_shot,923,113.14,0.35,113.50,2,17.62,1
vllm,few_shot,924,188.79,49.76,238.55,2,8.38,1
vllm,few_shot,925,114.54,0.00,117.91,1,8.48,1
vllm,few_shot,926,85.79,0.00,99.30,1,10.07,1
vllm,few_shot,927,74.41,0.00,98.80,1,10.12,1
vllm,few_shot,928,65.46,30.85,96.31,2,20.77,1
vllm,few_shot,929,92.83,26.54,119.37,2,16.75,0
vllm,few_shot,930,183.99,61.01,245.00,2,8.16,1
vllm,few_shot,931,148.65,70.82,219.46,2,9.11,1
vllm,few_shot,932,215.92,68.04,283.96,2,7.04,1
vllm,few_shot,933,249.49,2.62,252.11,2,7.93,1
vllm,few_shot,934,164.25,66.25,230.50,2,8.68,1
vllm,few_shot,935,113.13,19.71,132.84,2,15.06,1
vllm,few_shot,936,145.17,114.51,259.68,2,7.70,1
vllm,few_shot,937,161.44,76.16,237.60,2,8.42,1
vllm,few_shot,938,117.63,73.68,191.31,2,10.45,1
vllm,few_shot,939,109.36,73.24,182.61,2,10.95,1
vllm,few_shot,940,108.36,2.07,110.43,2,18.11,1
vllm,few_shot,941,157.50,134.50,292.00,2,6.85,1
vllm,few_shot,942,122.47,0.00,130.36,1,7.67,1
vllm,few_shot,943,169.52,0.00,248.11,1,4.03,1
vllm,few_shot,944,103.56,0.00,106.32,1,9.41,1
vllm,few_shot,945,97.25,21.87,119.13,2,16.79,1
vllm,few_shot,946,141.90,0.00,153.52,1,6.51,1
vllm,few_shot,947,133.47,0.00,143.91,1,6.95,1
vllm,few_shot,948,92.61,0.00,104.08,1,9.61,1
vllm,few_shot,949,127.84,0.00,140.88,1,7.10,1
vllm,few_shot,950,123.92,0.00,138.49,1,7.22,1
vllm,few_shot,951,147.40,0.00,162.39,1,6.16,1
vllm,few_shot,952,132.93,0.00,147.18,1,6.79,1
vllm,few_shot,953,129.84,31.74,161.57,2,12.38,1
vllm,few_shot,954,111.82,64.09,175.91,2,11.37,1
vllm,few_shot,955,133.54,0.00,187.11,1,5.34,1
vllm,few_shot,956,152.49,0.00,206.47,1,4.84,1
vllm,few_shot,957,137.11,66.46,203.57,2,9.82,1
vllm,few_shot,958,120.08,0.00,177.18,1,5.64,1
vllm,few_shot,959,145.05,0.00,150.24,1,6.66,1
vllm,few_shot,960,152.28,0.00,167.95,1,5.95,1
vllm,few_shot,961,117.49,65.07,182.56,2,10.96,1
vllm,few_shot,962,176.79,0.00,190.90,1,5.24,1
vllm,few_shot,963,173.11,0.00,190.29,1,5.26,1
vllm,few_shot,964,138.80,0.00,159.74,1,6.26,1
vllm,few_shot,965,162.85,0.00,180.05,1,5.55,1
vllm,few_shot,966,153.17,0.00,165.59,1,6.04,1
vllm,few_shot,967,167.44,0.00,187.90,1,5.32,1
vllm,few_shot,968,184.85,0.00,208.36,1,4.80,1
vllm,few_shot,969,195.11,0.00,218.32,1,4.58,1
vllm,few_shot,970,209.83,0.00,226.17,1,4.42,1
vllm,few_shot,971,147.38,0.00,172.05,1,5.81,1
vllm,few_shot,972,155.17,0.00,176.23,1,5.67,1
vllm,few_shot,973,181.00,0.00,199.00,1,5.03,1
vllm,few_shot,974,165.95,0.00,186.70,1,5.36,1
vllm,few_shot,975,162.23,0.00,175.00,1,5.71,1
vllm,few_shot,976,217.77,0.00,238.91,1,4.19,1
vllm,few_shot,977,191.19,0.00,213.37,1,4.69,1
vllm,few_shot,978,172.41,15.97,188.38,2,10.62,1
vllm,few_shot,979,181.32,18.76,200.08,2,10.00,1
vllm,few_shot,980,154.97,0.00,161.98,1,6.17,1
vllm,few_shot,981,187.42,21.13,208.54,2,9.59,1
vllm,few_shot,982,189.02,17.66,206.67,2,9.68,1
vllm,few_shot,983,193.11,18.05,211.16,2,9.47,1
vllm,few_shot,984,159.15,26.47,185.62,2,10.77,1
vllm,few_shot,985,143.81,29.41,173.23,2,11.55,1
vllm,few_shot,986,176.70,20.46,197.15,2,10.14,1
vllm,few_shot,987,194.05,27.97,222.02,2,9.01,1
vllm,few_shot,988,153.73,0.00,164.05,1,6.10,1
vllm,few_shot,989,161.94,23.05,184.99,2,10.81,1
vllm,few_shot,990,172.12,0.00,187.64,1,5.33,1
vllm,few_shot,991,159.63,0.00,173.09,1,5.78,1
vllm,few_shot,992,176.30,24.45,200.75,2,9.96,1
vllm,few_shot,993,180.76,27.19,207.95,2,9.62,1
vllm,few_shot,994,157.15,0.00,172.45,1,5.80,1
vllm,few_shot,995,148.23,23.15,171.37,2,11.67,1
vllm,few_shot,996,165.25,29.31,194.56,2,10.28,1
vllm,few_shot,997,151.03,26.03,177.06,2,11.30,1
vllm,few_shot,998,175.15,14.29,189.44,2,10.56,0
vllm,few_shot,999,157.90,15.35,173.24,2,11.54,1
vllm,self_consistency,0,444.71,0.00,445.00,1,2.25,1
vllm,self_consistency,1,143.90,0.00,194.34,1,5.15,1
vllm,self_consistency,2,282.14,0.00,282.41,1,3.54,1
vllm,self_consistency,3,188.04,0.00,193.44,1,5.17,1
vllm,self_consistency,4,134.72,0.00,147.75,1,6.77,1
vllm,self_consistency,5,390.54,0.00,395.87,1,2.53,1
vllm,self_consistency,6,170.02,0.00,179.72,1,5.56,1
vllm,self_consistency,7,81.07,0.00,99.22,1,10.08,1
vllm,self_consistency,8,140.05,0.00,163.52,1,6.12,1
vllm,self_consistency,9,103.05,0.00,108.16,1,9.25,1
vllm,self_consistency,10,78.33,0.00,94.46,1,10.59,1
vllm,self_consistency,11,88.92,0.00,94.19,1,10.62,1
vllm,self_consistency,12,200.10,0.00,236.17,1,4.23,1
vllm,self_consistency,13,153.93,0.00,158.62,1,6.30,1
vllm,self_consistency,14,223.07,0.00,223.36,1,4.48,1
vllm,self_consistency,15,284.78,0.00,299.56,1,3.34,1
vllm,self_consistency,16,153.35,0.00,196.65,1,5.09,1
vllm,self_consistency,17,139.13,0.00,152.67,1,6.55,1
vllm,self_consistency,18,380.91,0.00,381.21,1,2.62,1
vllm,self_consistency,19,332.29,0.00,332.59,1,3.01,1
vllm,self_consistency,20,115.15,0.00,115.49,1,8.66,1
vllm,self_consistency,21,115.81,0.00,155.43,1,6.43,1
vllm,self_consistency,22,200.95,0.00,248.45,1,4.03,1
vllm,self_consistency,23,236.11,0.00,246.53,1,4.06,1
vllm,self_consistency,24,172.24,0.00,172.59,1,5.79,1
vllm,self_consistency,25,281.65,0.00,286.39,1,3.49,1
vllm,self_consistency,26,110.57,0.00,115.81,1,8.63,1
vllm,self_consistency,27,91.04,0.00,95.06,1,10.52,1
vllm,self_consistency,28,281.02,0.00,299.60,1,3.34,1
vllm,self_consistency,29,190.48,0.00,190.76,1,5.24,1
vllm,self_consistency,30,115.28,0.00,119.96,1,8.34,1
vllm,self_consistency,31,109.71,0.00,141.33,1,7.08,1
vllm,self_consistency,32,81.31,0.00,119.57,1,8.36,1
vllm,self_consistency,33,258.15,0.00,263.44,1,3.80,1
vllm,self_consistency,34,189.22,0.00,212.82,1,4.70,1
vllm,self_consistency,35,199.00,0.00,199.35,1,5.02,1
vllm,self_consistency,36,244.56,0.00,244.84,1,4.08,1
vllm,self_consistency,37,144.21,0.00,144.49,1,6.92,1
vllm,self_consistency,38,121.07,0.00,130.75,1,7.65,1
vllm,self_consistency,39,167.19,0.00,233.50,1,4.28,1
vllm,self_consistency,40,155.89,0.00,175.22,1,5.71,1
vllm,self_consistency,41,263.94,0.00,269.16,1,3.72,1
vllm,self_consistency,42,239.93,0.00,256.46,1,3.90,1
vllm,self_consistency,43,198.86,0.00,203.64,1,4.91,1
vllm,self_consistency,44,156.26,0.00,160.39,1,6.23,1
vllm,self_consistency,45,135.35,0.00,172.56,1,5.79,1
vllm,self_consistency,46,132.09,0.00,132.34,1,7.56,1
vllm,self_consistency,47,114.46,0.00,125.86,1,7.95,1
vllm,self_consistency,48,425.23,0.00,435.58,1,2.30,1
vllm,self_consistency,49,190.49,0.00,195.49,1,5.12,1
vllm,self_consistency,50,154.23,0.00,190.64,1,5.25,1
vllm,self_consistency,51,206.87,0.00,207.17,1,4.83,1
vllm,self_consistency,52,153.36,0.00,210.93,1,4.74,1
vllm,self_consistency,53,231.23,0.00,261.45,1,3.82,1
vllm,self_consistency,54,216.07,0.00,216.35,1,4.62,1
vllm,self_consistency,55,200.44,0.00,200.74,1,4.98,1
vllm,self_consistency,56,81.37,0.00,112.22,1,8.91,1
vllm,self_consistency,57,270.40,0.00,275.12,1,3.63,1
vllm,self_consistency,58,342.82,0.00,407.92,1,2.45,1
vllm,self_consistency,59,263.06,0.00,267.89,1,3.73,1
vllm,self_consistency,60,207.33,0.00,207.66,1,4.82,1
vllm,self_consistency,61,148.37,0.00,201.40,1,4.97,1
vllm,self_consistency,62,172.94,0.00,192.96,1,5.18,1
vllm,self_consistency,63,85.25,0.00,97.19,1,10.29,1
vllm,self_consistency,64,210.43,0.00,215.83,1,4.63,1
vllm,self_consistency,65,90.10,0.00,95.30,1,10.49,1
vllm,self_consistency,66,173.58,0.00,248.57,1,4.02,1
vllm,self_consistency,67,215.09,0.00,219.99,1,4.55,1
vllm,self_consistency,68,245.76,0.00,250.61,1,3.99,1
vllm,self_consistency,69,348.12,0.00,348.39,1,2.87,1
vllm,self_consistency,70,126.73,0.00,144.23,1,6.93,1
vllm,self_consistency,71,135.34,0.00,140.26,1,7.13,1
vllm,self_consistency,72,125.36,0.00,125.63,1,7.96,1
vllm,self_consistency,73,121.15,0.00,128.50,1,7.78,1
vllm,self_consistency,74,113.71,0.00,131.67,1,7.59,1
vllm,self_consistency,75,395.15,0.00,540.55,1,1.85,1
vllm,self_consistency,76,215.15,0.00,264.63,1,3.78,1
vllm,self_consistency,77,192.66,0.00,215.75,1,4.64,1
vllm,self_consistency,78,135.47,0.00,165.88,1,6.03,1
vllm,self_consistency,79,143.33,0.00,157.80,1,6.34,1
vllm,self_consistency,80,250.23,0.00,265.25,1,3.77,1
vllm,self_consistency,81,60.33,0.00,84.43,1,11.84,1
vllm,self_consistency,82,92.81,0.00,101.62,1,9.84,1
vllm,self_consistency,83,60.93,0.00,71.66,1,13.95,1
vllm,self_consistency,84,237.57,0.00,271.18,1,3.69,1
vllm,self_consistency,85,213.20,0.00,310.11,1,3.22,1
vllm,self_consistency,86,180.01,0.00,185.14,1,5.40,1
vllm,self_consistency,87,162.99,0.00,177.36,1,5.64,1
vllm,self_consistency,88,223.64,0.00,223.97,1,4.46,1
vllm,self_consistency,89,355.28,0.00,355.54,1,2.81,1
vllm,self_consistency,90,83.16,0.00,107.94,1,9.26,1
vllm,self_consistency,91,131.32,0.00,131.63,1,7.60,1
vllm,self_consistency,92,102.62,0.00,122.72,1,8.15,1
vllm,self_consistency,93,139.42,0.00,165.56,1,6.04,1
vllm,self_consistency,94,131.16,0.00,157.15,1,6.36,1
vllm,self_consistency,95,361.09,0.00,365.69,1,2.73,1
vllm,self_consistency,96,122.84,0.00,135.33,1,7.39,1
vllm,self_consistency,97,136.08,0.00,140.04,1,7.14,1
vllm,self_consistency,98,62.84,0.00,76.74,1,13.03,1
vllm,self_consistency,99,200.73,0.00,201.02,1,4.97,1
vllm,self_consistency,100,238.63,0.00,238.88,1,4.19,1
vllm,self_consistency,101,267.89,0.00,268.13,1,3.73,1
vllm,self_consistency,102,188.03,0.00,256.96,1,3.89,1
vllm,self_consistency,103,175.59,0.00,180.23,1,5.55,1
vllm,self_consistency,104,126.29,0.00,172.91,1,5.78,1
vllm,self_consistency,105,82.94,0.00,105.98,1,9.44,1
vllm,self_consistency,106,254.60,0.00,254.90,1,3.92,1
vllm,self_consistency,107,210.82,0.00,216.13,1,4.63,1
vllm,self_consistency,108,242.00,0.00,252.44,1,3.96,1
vllm,self_consistency,109,226.58,0.00,226.89,1,4.41,1
vllm,self_consistency,110,195.10,0.00,258.94,1,3.86,1
vllm,self_consistency,111,99.48,0.00,104.63,1,9.56,1
vllm,self_consistency,112,134.04,0.00,170.93,1,5.85,1
vllm,self_consistency,113,399.35,0.00,434.29,1,2.30,1
vllm,self_consistency,114,135.53,0.00,190.46,1,5.25,1
vllm,self_consistency,115,206.64,0.00,220.01,1,4.55,1
vllm,self_consistency,116,129.95,0.00,164.50,1,6.08,1
vllm,self_consistency,117,307.51,0.00,312.79,1,3.20,1
vllm,self_consistency,118,168.17,0.00,182.21,1,5.49,1
vllm,self_consistency,119,251.13,0.00,265.30,1,3.77,1
vllm,self_consistency,120,278.97,0.00,283.90,1,3.52,1
vllm,self_consistency,121,54.26,0.00,77.49,1,12.90,1
vllm,self_consistency,122,182.24,0.00,187.50,1,5.33,1
vllm,self_consistency,123,211.94,0.00,245.61,1,4.07,1
vllm,self_consistency,124,287.08,0.00,287.45,1,3.48,1
vllm,self_consistency,125,191.23,0.00,191.52,1,5.22,1
vllm,self_consistency,126,127.70,0.00,142.05,1,7.04,1
vllm,self_consistency,127,112.00,0.00,126.72,1,7.89,1
vllm,self_consistency,128,218.38,0.00,251.83,1,3.97,1
vllm,self_consistency,129,169.69,0.00,170.07,1,5.88,1
vllm,self_consistency,130,188.57,0.00,197.86,1,5.05,1
vllm,self_consistency,131,163.78,0.00,196.11,1,5.10,1
vllm,self_consistency,132,195.93,0.00,220.44,1,4.54,1
vllm,self_consistency,133,216.48,0.00,269.19,1,3.71,1
vllm,self_consistency,134,221.98,0.00,232.13,1,4.31,1
vllm,self_consistency,135,281.63,0.00,281.96,1,3.55,1
vllm,self_consistency,136,249.10,0.00,249.35,1,4.01,1
vllm,self_consistency,137,135.40,0.00,154.36,1,6.48,1
vllm,self_consistency,138,214.08,0.00,219.32,1,4.56,1
vllm,self_consistency,139,104.44,0.00,147.70,1,6.77,1
vllm,self_consistency,140,124.15,0.00,140.11,1,7.14,1
vllm,self_consistency,141,296.26,0.00,300.81,1,3.32,1
vllm,self_consistency,142,203.62,0.00,217.09,1,4.61,1
vllm,self_consistency,143,125.43,0.00,134.01,1,7.46,1
vllm,self_consistency,144,403.71,0.00,404.00,1,2.48,1
vllm,self_consistency,145,188.86,0.00,218.91,1,4.57,1
vllm,self_consistency,146,142.93,0.00,143.38,1,6.97,1
vllm,self_consistency,147,210.08,0.00,267.59,1,3.74,1
vllm,self_consistency,148,226.40,0.00,240.12,1,4.16,1
vllm,self_consistency,149,102.04,0.00,120.80,1,8.28,1
vllm,self_consistency,150,205.62,0.00,220.62,1,4.53,1
vllm,self_consistency,151,212.41,0.00,216.81,1,4.61,1
vllm,self_consistency,152,185.87,0.00,191.04,1,5.23,1
vllm,self_consistency,153,328.76,0.00,338.91,1,2.95,1
vllm,self_consistency,154,74.61,0.00,118.40,1,8.45,1
vllm,self_consistency,155,127.91,0.00,136.93,1,7.30,1
vllm,self_consistency,156,136.76,0.00,175.11,1,5.71,1
vllm,self_consistency,157,244.22,0.00,282.70,1,3.54,1
vllm,self_consistency,158,116.02,0.00,125.38,1,7.98,1
vllm,self_consistency,159,123.35,0.00,160.15,1,6.24,1
vllm,self_consistency,160,188.21,0.00,192.75,1,5.19,1
vllm,self_consistency,161,223.59,0.00,248.15,1,4.03,1
vllm,self_consistency,162,265.14,0.00,284.99,1,3.51,1
vllm,self_consistency,163,96.43,0.00,114.01,1,8.77,1
vllm,self_consistency,164,154.83,0.00,169.66,1,5.89,1
vllm,self_consistency,165,72.93,0.00,87.38,1,11.44,1
vllm,self_consistency,166,364.55,0.00,384.17,1,2.60,1
vllm,self_consistency,167,234.63,0.00,265.06,1,3.77,1
vllm,self_consistency,168,243.71,0.00,248.85,1,4.02,1
vllm,self_consistency,169,229.19,0.00,229.52,1,4.36,1
vllm,self_consistency,170,263.45,0.00,263.77,1,3.79,1
vllm,self_consistency,171,149.40,0.00,149.65,1,6.68,1
vllm,self_consistency,172,116.83,0.00,203.93,1,4.90,1
vllm,self_consistency,173,189.87,0.00,208.12,1,4.80,1
vllm,self_consistency,174,187.66,0.00,210.46,1,4.75,1
vllm,self_consistency,175,127.17,0.00,127.39,1,7.85,1
vllm,self_consistency,176,291.69,0.00,292.00,1,3.42,1
vllm,self_consistency,177,46.73,0.00,62.44,1,16.01,1
vllm,self_consistency,178,279.28,0.00,288.96,1,3.46,1
vllm,self_consistency,179,224.06,0.00,253.36,1,3.95,1
vllm,self_consistency,180,273.70,0.00,274.10,1,3.65,1
vllm,self_consistency,181,136.77,0.00,173.40,1,5.77,1
vllm,self_consistency,182,138.32,0.00,143.67,1,6.96,1
vllm,self_consistency,183,321.95,0.00,332.06,1,3.01,1
vllm,self_consistency,184,48.44,0.00,64.91,1,15.40,1
vllm,self_consistency,185,287.62,0.00,287.96,1,3.47,1
vllm,self_consistency,186,163.66,0.00,172.18,1,5.81,1
vllm,self_consistency,187,77.51,0.00,101.78,1,9.82,1
vllm,self_consistency,188,91.25,0.00,108.80,1,9.19,1
vllm,self_consistency,189,52.55,0.00,65.77,1,15.20,1
vllm,self_consistency,190,229.47,0.00,234.37,1,4.27,1
vllm,self_consistency,191,164.99,0.00,175.28,1,5.71,1
vllm,self_consistency,192,250.18,0.00,289.26,1,3.46,1
vllm,self_consistency,193,196.85,0.00,197.19,1,5.07,1
vllm,self_consistency,194,203.29,0.00,217.54,1,4.60,1
vllm,self_consistency,195,211.76,0.00,212.02,1,4.72,1
vllm,self_consistency,196,307.58,0.00,360.86,1,2.77,1
vllm,self_consistency,197,401.74,0.00,449.50,1,2.22,1
vllm,self_consistency,198,154.87,0.00,155.17,1,6.44,1
vllm,self_consistency,199,128.12,0.00,152.67,1,6.55,1
vllm,self_consistency,200,66.09,0.00,72.79,1,13.74,1
vllm,self_consistency,201,342.86,0.00,347.72,1,2.88,1
vllm,self_consistency,202,168.78,0.00,202.46,1,4.94,1
vllm,self_consistency,203,221.33,0.00,240.29,1,4.16,1
vllm,self_consistency,204,304.07,0.00,304.36,1,3.29,1
vllm,self_consistency,205,179.95,0.00,273.31,1,3.66,1
vllm,self_consistency,206,80.95,0.00,84.04,1,11.90,1
vllm,self_consistency,207,49.61,0.00,68.61,1,14.58,1
vllm,self_consistency,208,264.58,0.00,294.22,1,3.40,1
vllm,self_consistency,209,129.19,0.00,192.87,1,5.18,1
vllm,self_consistency,210,157.34,0.00,229.95,1,4.35,1
vllm,self_consistency,211,153.78,0.00,167.45,1,5.97,1
vllm,self_consistency,212,72.27,0.00,91.31,1,10.95,1
vllm,self_consistency,213,71.16,0.00,71.42,1,14.00,1
vllm,self_consistency,214,78.97,0.00,81.79,1,12.23,1
vllm,self_consistency,215,265.30,0.00,294.59,1,3.39,1
vllm,self_consistency,216,242.83,0.00,247.73,1,4.04,1
vllm,self_consistency,217,196.73,0.00,197.02,1,5.08,1
vllm,self_consistency,218,157.86,0.00,158.37,1,6.31,1
vllm,self_consistency,219,237.85,0.00,248.23,1,4.03,1
vllm,self_consistency,220,150.93,0.00,188.29,1,5.31,1
vllm,self_consistency,221,145.91,0.00,149.26,1,6.70,1
vllm,self_consistency,222,174.35,0.00,193.18,1,5.18,1
vllm,self_consistency,223,92.85,0.00,104.06,1,9.61,1
vllm,self_consistency,224,288.41,0.00,341.59,1,2.93,1
vllm,self_consistency,225,167.56,0.00,223.94,1,4.47,1
vllm,self_consistency,226,174.47,0.00,174.77,1,5.72,1
vllm,self_consistency,227,237.85,0.00,238.20,1,4.20,1
vllm,self_consistency,228,172.91,0.00,193.51,1,5.17,1
vllm,self_consistency,229,82.41,0.00,109.10,1,9.17,1
vllm,self_consistency,230,81.24,0.00,108.03,1,9.26,1
vllm,self_consistency,231,214.03,0.00,236.45,1,4.23,1
vllm,self_consistency,232,174.32,0.00,258.61,1,3.87,1
vllm,self_consistency,233,127.82,0.00,150.31,1,6.65,1
vllm,self_consistency,234,72.03,0.00,101.47,1,9.86,1
vllm,self_consistency,235,106.07,0.00,153.01,1,6.54,1
vllm,self_consistency,236,186.18,0.00,221.27,1,4.52,1
vllm,self_consistency,237,247.94,0.00,253.10,1,3.95,1
vllm,self_consistency,238,99.56,0.00,160.81,1,6.22,1
vllm,self_consistency,239,62.71,0.00,98.13,1,10.19,1
vllm,self_consistency,240,264.44,0.00,324.83,1,3.08,1
vllm,self_consistency,241,264.53,0.00,280.13,1,3.57,1
vllm,self_consistency,242,113.85,0.00,123.60,1,8.09,1
vllm,self_consistency,243,276.65,0.00,281.70,1,3.55,1
vllm,self_consistency,244,242.80,0.00,247.21,1,4.05,1
vllm,self_consistency,245,225.74,0.00,234.76,1,4.26,1
vllm,self_consistency,246,186.59,0.00,198.81,1,5.03,1
vllm,self_consistency,247,148.30,0.00,160.52,1,6.23,1
vllm,self_consistency,248,78.80,0.00,105.98,1,9.44,1
vllm,self_consistency,249,152.78,0.00,158.19,1,6.32,1
vllm,self_consistency,250,178.20,0.00,191.76,1,5.21,1
vllm,self_consistency,251,155.82,0.00,236.39,1,4.23,1
vllm,self_consistency,252,193.27,0.00,196.71,1,5.08,1
vllm,self_consistency,253,331.23,0.00,360.18,1,2.78,1
vllm,self_consistency,254,120.35,0.00,130.92,1,7.64,1
vllm,self_consistency,255,148.11,0.00,165.35,1,6.05,1
vllm,self_consistency,256,211.76,0.00,226.70,1,4.41,1
vllm,self_consistency,257,320.22,0.00,335.12,1,2.98,1
vllm,self_consistency,258,285.80,0.00,323.71,1,3.09,1
vllm,self_consistency,259,126.58,0.00,156.63,1,6.38,1
vllm,self_consistency,260,168.58,0.00,168.85,1,5.92,1
vllm,self_consistency,261,320.47,0.00,320.76,1,3.12,1
vllm,self_consistency,262,240.64,0.00,245.48,1,4.07,1
vllm,self_consistency,263,195.05,0.00,248.37,1,4.03,1
vllm,self_consistency,264,169.40,0.00,185.99,1,5.38,1
vllm,self_consistency,265,182.34,0.00,197.65,1,5.06,1
vllm,self_consistency,266,92.47,0.00,107.04,1,9.34,1
vllm,self_consistency,267,152.68,0.00,172.99,1,5.78,1
vllm,self_consistency,268,142.91,0.00,143.20,1,6.98,1
vllm,self_consistency,269,162.25,0.00,165.41,1,6.05,1
vllm,self_consistency,270,187.70,0.00,240.20,1,4.16,1
vllm,self_consistency,271,253.84,0.00,258.18,1,3.87,1
vllm,self_consistency,272,144.66,0.00,167.61,1,5.97,1
vllm,self_consistency,273,159.11,0.00,214.95,1,4.65,1
vllm,self_consistency,274,130.77,0.00,136.09,1,7.35,1
vllm,self_consistency,275,205.10,0.00,209.48,1,4.77,1
vllm,self_consistency,276,181.21,0.00,328.15,1,3.05,1
vllm,self_consistency,277,93.19,0.00,111.04,1,9.01,1
vllm,self_consistency,278,179.17,0.00,231.85,1,4.31,1
vllm,self_consistency,279,324.74,0.00,324.99,1,3.08,1
vllm,self_consistency,280,244.75,0.00,274.93,1,3.64,1
vllm,self_consistency,281,217.35,0.00,222.08,1,4.50,1
vllm,self_consistency,282,266.65,0.00,305.03,1,3.28,1
vllm,self_consistency,283,89.12,0.00,132.62,1,7.54,1
vllm,self_consistency,284,208.76,0.00,227.30,1,4.40,1
vllm,self_consistency,285,200.06,0.00,272.95,1,3.66,1
vllm,self_consistency,286,196.92,0.00,210.62,1,4.75,1
vllm,self_consistency,287,155.63,0.00,225.74,1,4.43,1
vllm,self_consistency,288,69.15,0.00,79.23,1,12.62,1
vllm,self_consistency,289,51.33,0.00,66.72,1,14.99,1
vllm,self_consistency,290,343.47,0.00,343.77,1,2.91,1
vllm,self_consistency,291,220.39,0.00,235.78,1,4.24,1
vllm,self_consistency,292,275.81,0.00,280.96,1,3.56,1
vllm,self_consistency,293,155.97,0.00,193.15,1,5.18,1
vllm,self_consistency,294,133.94,0.00,160.60,1,6.23,1
vllm,self_consistency,295,59.38,0.00,89.14,1,11.22,1
vllm,self_consistency,296,157.09,0.00,176.01,1,5.68,1
vllm,self_consistency,297,253.49,0.00,295.60,1,3.38,1
vllm,self_consistency,298,219.40,0.00,224.31,1,4.46,1
vllm,self_consistency,299,186.99,0.00,195.39,1,5.12,1
vllm,self_consistency,300,219.77,0.00,220.05,1,4.54,1
vllm,self_consistency,301,105.75,0.00,113.04,1,8.85,1
vllm,self_consistency,302,203.92,0.00,234.14,1,4.27,1
vllm,self_consistency,303,263.37,0.00,268.75,1,3.72,1
vllm,self_consistency,304,162.97,0.00,212.31,1,4.71,1
vllm,self_consistency,305,118.06,0.00,123.29,1,8.11,1
vllm,self_consistency,306,202.25,0.00,239.52,1,4.18,1
vllm,self_consistency,307,98.28,0.00,114.33,1,8.75,1
vllm,self_consistency,308,225.29,0.00,225.57,1,4.43,1
vllm,self_consistency,309,251.37,0.00,251.73,1,3.97,1
vllm,self_consistency,310,385.37,0.00,390.74,1,2.56,1
vllm,self_consistency,311,308.87,0.00,313.21,1,3.19,1
vllm,self_consistency,312,109.83,0.00,118.31,1,8.45,1
vllm,self_consistency,313,235.17,0.00,240.07,1,4.17,1
vllm,self_consistency,314,246.50,0.00,264.80,1,3.78,1
vllm,self_consistency,315,131.45,0.00,168.35,1,5.94,1
vllm,self_consistency,316,278.25,0.00,278.57,1,3.59,1
vllm,self_consistency,317,206.27,0.00,226.47,1,4.42,1
vllm,self_consistency,318,333.85,0.00,338.63,1,2.95,1
vllm,self_consistency,319,276.47,0.00,285.58,1,3.50,1
vllm,self_consistency,320,137.26,0.00,178.95,1,5.59,1
vllm,self_consistency,321,115.67,0.00,153.25,1,6.53,1
vllm,self_consistency,322,280.79,0.00,305.13,1,3.28,1
vllm,self_consistency,323,233.21,0.00,233.56,1,4.28,1
vllm,self_consistency,324,293.99,0.00,294.30,1,3.40,1
vllm,self_consistency,325,217.41,0.00,217.73,1,4.59,1
vllm,self_consistency,326,136.59,0.00,141.20,1,7.08,1
vllm,self_consistency,327,93.78,0.00,130.92,1,7.64,1
vllm,self_consistency,328,167.71,0.00,182.98,1,5.47,1
vllm,self_consistency,329,227.13,0.00,227.40,1,4.40,1
vllm,self_consistency,330,77.64,0.00,104.83,1,9.54,1
vllm,self_consistency,331,218.87,0.00,239.38,1,4.18,1
vllm,self_consistency,332,163.29,0.00,163.55,1,6.11,1
vllm,self_consistency,333,129.53,0.00,160.24,1,6.24,1
vllm,self_consistency,334,144.23,0.00,149.28,1,6.70,1
vllm,self_consistency,335,83.58,0.00,93.02,1,10.75,1
vllm,self_consistency,336,145.12,0.00,196.39,1,5.09,1
vllm,self_consistency,337,320.94,0.00,326.02,1,3.07,1
vllm,self_consistency,338,290.89,0.00,311.16,1,3.21,1
vllm,self_consistency,339,335.16,0.00,345.42,1,2.90,1
vllm,self_consistency,340,208.94,0.00,248.48,1,4.02,1
vllm,self_consistency,341,92.30,0.00,107.05,1,9.34,1
vllm,self_consistency,342,303.32,0.00,303.69,1,3.29,1
vllm,self_consistency,343,174.26,0.00,174.50,1,5.73,1
vllm,self_consistency,344,179.52,0.00,203.68,1,4.91,1
vllm,self_consistency,345,233.07,0.00,237.98,1,4.20,1
vllm,self_consistency,346,195.22,0.00,195.54,1,5.11,1
vllm,self_consistency,347,155.55,0.00,267.08,1,3.74,1
vllm,self_consistency,348,80.87,0.00,87.60,1,11.42,1
vllm,self_consistency,349,97.37,0.00,112.85,1,8.86,1
vllm,self_consistency,350,278.54,0.00,278.79,1,3.59,1
vllm,self_consistency,351,134.01,0.00,165.23,1,6.05,1
vllm,self_consistency,352,144.91,0.00,149.36,1,6.70,1
vllm,self_consistency,353,217.99,0.00,232.80,1,4.30,1
vllm,self_consistency,354,238.13,0.00,242.21,1,4.13,1
vllm,self_consistency,355,333.94,0.00,338.20,1,2.96,1
vllm,self_consistency,356,115.47,0.00,153.54,1,6.51,1
vllm,self_consistency,357,281.61,0.00,360.10,1,2.78,1
vllm,self_consistency,358,229.99,0.00,235.31,1,4.25,1
vllm,self_consistency,359,201.57,0.00,201.86,1,4.95,1
vllm,self_consistency,360,356.98,0.00,357.23,1,2.80,1
vllm,self_consistency,361,358.85,0.00,485.20,1,2.06,1
vllm,self_consistency,362,128.14,0.00,140.85,1,7.10,1
vllm,self_consistency,363,144.11,0.00,153.54,1,6.51,1
vllm,self_consistency,364,219.63,0.00,229.31,1,4.36,1
vllm,self_consistency,365,189.91,0.00,190.17,1,5.26,1
vllm,self_consistency,366,158.21,0.00,163.65,1,6.11,1
vllm,self_consistency,367,170.77,0.00,252.11,1,3.97,1
vllm,self_consistency,368,282.56,0.00,299.46,1,3.34,1
vllm,self_consistency,369,315.61,0.00,325.76,1,3.07,1
vllm,self_consistency,370,173.84,0.00,179.00,1,5.59,1
vllm,self_consistency,371,471.65,0.00,491.69,1,2.03,1
vllm,self_consistency,372,136.62,0.00,175.21,1,5.71,1
vllm,self_consistency,373,159.83,0.00,160.14,1,6.24,1
vllm,self_consistency,374,257.91,0.00,282.34,1,3.54,1
vllm,self_consistency,375,170.44,0.00,190.41,1,5.25,1
vllm,self_consistency,376,177.78,0.00,210.06,1,4.76,1
vllm,self_consistency,377,214.61,0.00,245.12,1,4.08,1
vllm,self_consistency,378,139.79,0.00,145.04,1,6.89,1
vllm,self_consistency,379,151.95,0.00,194.88,1,5.13,1
vllm,self_consistency,380,156.52,0.00,169.12,1,5.91,1
vllm,self_consistency,381,149.85,0.00,168.05,1,5.95,1
vllm,self_consistency,382,244.89,0.00,282.07,1,3.55,1
vllm,self_consistency,383,209.06,0.00,238.97,1,4.18,1
vllm,self_consistency,384,175.23,0.00,180.52,1,5.54,1
vllm,self_consistency,385,152.80,0.00,179.60,1,5.57,1
vllm,self_consistency,386,164.17,0.00,233.84,1,4.28,1
vllm,self_consistency,387,263.13,0.00,322.32,1,3.10,1
vllm,self_consistency,388,172.28,0.00,177.12,1,5.65,1
vllm,self_consistency,389,86.18,0.00,161.59,1,6.19,1
vllm,self_consistency,390,185.90,0.00,202.14,1,4.95,1
vllm,self_consistency,391,225.08,0.00,229.54,1,4.36,1
vllm,self_consistency,392,233.43,0.00,248.53,1,4.02,1
vllm,self_consistency,393,109.73,0.00,133.21,1,7.51,1
vllm,self_consistency,394,248.53,0.00,271.61,1,3.68,1
vllm,self_consistency,395,242.88,0.00,262.87,1,3.80,1
vllm,self_consistency,396,289.05,0.00,293.28,1,3.41,1
vllm,self_consistency,397,187.54,0.00,241.74,1,4.14,1
vllm,self_consistency,398,129.31,0.00,155.80,1,6.42,1
vllm,self_consistency,399,100.99,0.00,112.78,1,8.87,1
vllm,self_consistency,400,95.22,0.00,106.37,1,9.40,1
vllm,self_consistency,401,78.49,0.00,78.80,1,12.69,1
vllm,self_consistency,402,215.86,0.00,221.20,1,4.52,1
vllm,self_consistency,403,98.07,0.00,123.36,1,8.11,1
vllm,self_consistency,404,210.07,0.00,210.35,1,4.75,1
vllm,self_consistency,405,128.48,0.00,143.96,1,6.95,1
vllm,self_consistency,406,165.35,0.00,169.44,1,5.90,1
vllm,self_consistency,407,214.72,0.00,222.32,1,4.50,1
vllm,self_consistency,408,178.30,0.00,240.00,1,4.17,1
vllm,self_consistency,409,178.68,0.00,313.15,1,3.19,1
vllm,self_consistency,410,116.93,0.00,126.10,1,7.93,1
vllm,self_consistency,411,260.94,0.00,304.19,1,3.29,1
vllm,self_consistency,412,194.71,0.00,195.06,1,5.13,1
vllm,self_consistency,413,104.14,0.00,114.08,1,8.77,1
vllm,self_consistency,414,348.01,0.00,411.24,1,2.43,1
vllm,self_consistency,415,111.28,0.00,123.70,1,8.08,1
vllm,self_consistency,416,109.00,0.00,128.59,1,7.78,1
vllm,self_consistency,417,200.11,0.00,280.88,1,3.56,1
vllm,self_consistency,418,106.03,0.00,115.90,1,8.63,1
vllm,self_consistency,419,94.98,0.00,156.73,1,6.38,1
vllm,self_consistency,420,329.17,0.00,358.73,1,2.79,1
vllm,self_consistency,421,205.67,0.00,220.14,1,4.54,1
vllm,self_consistency,422,125.93,0.00,150.04,1,6.67,1
vllm,self_consistency,423,264.17,0.00,290.06,1,3.45,1
vllm,self_consistency,424,258.50,0.00,258.77,1,3.86,1
vllm,self_consistency,425,149.28,0.00,154.31,1,6.48,1
vllm,self_consistency,426,78.20,0.00,91.45,1,10.94,1
vllm,self_consistency,427,304.72,0.00,305.00,1,3.28,1
vllm,self_consistency,428,137.79,0.00,172.50,1,5.80,1
vllm,self_consistency,429,258.15,0.00,272.30,1,3.67,1
vllm,self_consistency,430,270.70,0.00,290.94,1,3.44,1
vllm,self_consistency,431,263.47,0.00,298.43,1,3.35,1
vllm,self_consistency,432,74.86,0.00,91.99,1,10.87,1
vllm,self_consistency,433,220.46,0.00,220.77,1,4.53,1
vllm,self_consistency,434,199.91,0.00,219.14,1,4.56,1
vllm,self_consistency,435,145.33,0.00,148.06,1,6.75,1
vllm,self_consistency,436,144.61,0.00,161.39,1,6.20,1
vllm,self_consistency,437,246.12,0.00,250.78,1,3.99,1
vllm,self_consistency,438,114.10,0.00,206.59,1,4.84,1
vllm,self_consistency,439,150.43,0.00,177.82,1,5.62,1
vllm,self_consistency,440,212.97,0.00,222.86,1,4.49,1
vllm,self_consistency,441,87.79,0.00,118.02,1,8.47,1
vllm,self_consistency,442,133.15,0.00,149.90,1,6.67,1
vllm,self_consistency,443,296.88,0.00,301.78,1,3.31,1
vllm,self_consistency,444,169.03,0.00,178.59,1,5.60,1
vllm,self_consistency,445,219.95,0.00,220.21,1,4.54,1
vllm,self_consistency,446,145.54,0.00,189.39,1,5.28,1
vllm,self_consistency,447,126.75,0.00,132.03,1,7.57,1
vllm,self_consistency,448,214.51,0.00,249.88,1,4.00,1
vllm,self_consistency,449,125.59,0.00,125.82,1,7.95,1
vllm,self_consistency,450,203.37,0.00,232.43,1,4.30,1
vllm,self_consistency,451,201.01,0.00,221.50,1,4.51,1
vllm,self_consistency,452,222.08,0.00,227.24,1,4.40,1
vllm,self_consistency,453,243.05,0.00,243.36,1,4.11,1
vllm,self_consistency,454,236.60,0.00,237.04,1,4.22,1
vllm,self_consistency,455,181.11,0.00,204.45,1,4.89,1
vllm,self_consistency,456,190.29,0.00,199.25,1,5.02,1
vllm,self_consistency,457,143.91,0.00,189.32,1,5.28,1
vllm,self_consistency,458,259.78,0.00,264.97,1,3.77,1
vllm,self_consistency,459,112.52,0.00,143.62,1,6.96,1
vllm,self_consistency,460,149.68,0.00,153.77,1,6.50,1
vllm,self_consistency,461,150.41,0.00,150.67,1,6.64,1
vllm,self_consistency,462,481.14,0.00,505.46,1,1.98,1
vllm,self_consistency,463,27.80,0.00,40.74,1,24.55,1
vllm,self_consistency,464,52.65,0.00,55.72,1,17.95,1
vllm,self_consistency,465,144.92,0.00,280.65,1,3.56,1
vllm,self_consistency,466,306.30,0.00,316.68,1,3.16,1
vllm,self_consistency,467,211.29,0.00,226.70,1,4.41,1
vllm,self_consistency,468,161.59,0.00,220.02,1,4.55,1
vllm,self_consistency,469,135.31,0.00,198.81,1,5.03,1
vllm,self_consistency,470,187.93,0.00,204.49,1,4.89,1
vllm,self_consistency,471,295.11,0.00,343.68,1,2.91,1
vllm,self_consistency,472,287.02,0.00,339.10,1,2.95,1
vllm,self_consistency,473,271.00,0.00,271.28,1,3.69,1
vllm,self_consistency,474,268.84,0.00,269.12,1,3.72,1
vllm,self_consistency,475,195.01,0.00,225.31,1,4.44,1
vllm,self_consistency,476,215.73,0.00,235.98,1,4.24,1
vllm,self_consistency,477,183.17,0.00,193.30,1,5.17,1
vllm,self_consistency,478,135.56,0.00,145.00,1,6.90,1
vllm,self_consistency,479,172.80,0.00,234.35,1,4.27,1
vllm,self_consistency,480,192.52,0.00,206.13,1,4.85,1
vllm,self_consistency,481,215.22,0.00,215.52,1,4.64,1
vllm,self_consistency,482,290.26,0.00,300.39,1,3.33,1
vllm,self_consistency,483,300.13,0.00,324.62,1,3.08,1
vllm,self_consistency,484,302.80,0.00,313.31,1,3.19,1
vllm,self_consistency,485,130.22,0.00,143.87,1,6.95,1
vllm,self_consistency,486,348.21,0.00,380.06,1,2.63,1
vllm,self_consistency,487,165.02,0.00,169.16,1,5.91,1
vllm,self_consistency,488,151.60,0.00,151.85,1,6.59,1
vllm,self_consistency,489,151.58,0.00,176.55,1,5.66,1
vllm,self_consistency,490,146.61,0.00,261.54,1,3.82,1
vllm,self_consistency,491,112.12,0.00,117.55,1,8.51,1
vllm,self_consistency,492,85.22,0.00,103.39,1,9.67,1
vllm,self_consistency,493,92.40,0.00,111.55,1,8.96,1
vllm,self_consistency,494,324.40,0.00,324.67,1,3.08,1
vllm,self_consistency,495,193.11,0.00,211.22,1,4.73,1
vllm,self_consistency,496,157.78,0.00,187.14,1,5.34,1
vllm,self_consistency,497,116.34,0.00,127.34,1,7.85,1
vllm,self_consistency,498,346.39,0.00,346.71,1,2.88,1
vllm,self_consistency,499,318.50,0.00,435.75,1,2.29,1
vllm,self_consistency,500,148.37,0.00,173.61,1,5.76,1
vllm,self_consistency,501,158.97,0.00,162.66,1,6.15,1
vllm,self_consistency,502,95.74,0.00,100.39,1,9.96,1
vllm,self_consistency,503,136.31,0.00,203.63,1,4.91,1
vllm,self_consistency,504,233.34,0.00,238.67,1,4.19,1
vllm,self_consistency,505,184.32,0.00,203.59,1,4.91,1
vllm,self_consistency,506,248.86,0.00,253.74,1,3.94,1
vllm,self_consistency,507,270.42,0.00,270.68,1,3.69,1
vllm,self_consistency,508,234.69,0.00,308.28,1,3.24,1
vllm,self_consistency,509,197.06,0.00,299.11,1,3.34,1
vllm,self_consistency,510,198.97,0.00,217.87,1,4.59,1
vllm,self_consistency,511,130.64,0.00,164.94,1,6.06,1
vllm,self_consistency,512,201.11,0.00,204.79,1,4.88,1
vllm,self_consistency,513,161.34,0.00,224.76,1,4.45,1
vllm,self_consistency,514,410.94,0.00,425.38,1,2.35,1
vllm,self_consistency,515,202.02,0.00,207.46,1,4.82,1
vllm,self_consistency,516,87.62,0.00,98.32,1,10.17,1
vllm,self_consistency,517,270.86,0.00,281.18,1,3.56,1
vllm,self_consistency,518,375.32,0.00,405.06,1,2.47,1
vllm,self_consistency,519,199.08,0.00,219.67,1,4.55,1
vllm,self_consistency,520,124.63,0.00,154.84,1,6.46,1
vllm,self_consistency,521,291.38,0.00,301.68,1,3.31,1
vllm,self_consistency,522,250.77,0.00,264.37,1,3.78,1
vllm,self_consistency,523,187.21,0.00,206.47,1,4.84,1
vllm,self_consistency,524,211.63,0.00,211.96,1,4.72,1
vllm,self_consistency,525,189.69,0.00,197.32,1,5.07,1
vllm,self_consistency,526,77.56,0.00,98.86,1,10.11,1
vllm,self_consistency,527,217.07,0.00,222.21,1,4.50,1
vllm,self_consistency,528,241.13,0.00,244.76,1,4.09,1
vllm,self_consistency,529,160.54,0.00,170.37,1,5.87,1
vllm,self_consistency,530,146.54,0.00,160.47,1,6.23,1
vllm,self_consistency,531,150.99,0.00,182.32,1,5.48,1
vllm,self_consistency,532,92.14,0.00,107.31,1,9.32,1
vllm,self_consistency,533,78.03,0.00,99.48,1,10.05,1
vllm,self_consistency,534,105.91,0.00,116.09,1,8.61,1
vllm,self_consistency,535,109.94,0.00,115.24,1,8.68,1
vllm,self_consistency,536,350.30,0.00,359.57,1,2.78,1
vllm,self_consistency,537,417.31,0.00,417.60,1,2.39,1
vllm,self_consistency,538,129.46,0.00,142.90,1,7.00,1
vllm,self_consistency,539,229.67,0.00,239.99,1,4.17,1
vllm,self_consistency,540,259.42,0.00,269.87,1,3.71,1
vllm,self_consistency,541,208.20,0.00,263.07,1,3.80,1
vllm,self_consistency,542,131.45,0.00,159.62,1,6.26,1
vllm,self_consistency,543,172.37,0.00,172.67,1,5.79,1
vllm,self_consistency,544,87.57,0.00,112.45,1,8.89,1
vllm,self_consistency,545,148.19,0.00,163.69,1,6.11,1
vllm,self_consistency,546,59.46,0.00,71.83,1,13.92,1
vllm,self_consistency,547,218.56,0.00,243.72,1,4.10,1
vllm,self_consistency,548,228.85,0.00,276.54,1,3.62,1
vllm,self_consistency,549,269.94,0.00,274.83,1,3.64,1
vllm,self_consistency,550,315.07,0.00,319.42,1,3.13,1
vllm,self_consistency,551,47.63,0.00,100.33,1,9.97,1
vllm,self_consistency,552,232.70,0.00,265.98,1,3.76,1
vllm,self_consistency,553,269.93,0.00,280.37,1,3.57,1
vllm,self_consistency,554,305.72,0.00,318.04,1,3.14,1
vllm,self_consistency,555,229.19,0.00,233.96,1,4.27,1
vllm,self_consistency,556,94.35,0.00,122.63,1,8.15,1
vllm,self_consistency,557,288.55,0.00,297.59,1,3.36,1
vllm,self_consistency,558,192.87,0.00,212.85,1,4.70,1
vllm,self_consistency,559,245.64,0.00,256.26,1,3.90,1
vllm,self_consistency,560,195.30,0.00,238.67,1,4.19,1
vllm,self_consistency,561,189.62,0.00,199.17,1,5.02,1
vllm,self_consistency,562,268.17,0.00,357.08,1,2.80,1
vllm,self_consistency,563,256.83,0.00,289.97,1,3.45,1
vllm,self_consistency,564,179.80,0.00,251.34,1,3.98,1
vllm,self_consistency,565,134.42,0.00,201.41,1,4.96,1
vllm,self_consistency,566,175.02,0.00,184.68,1,5.41,1
vllm,self_consistency,567,186.23,0.00,280.39,1,3.57,1
vllm,self_consistency,568,67.90,0.00,88.38,1,11.31,1
vllm,self_consistency,569,239.38,0.00,239.73,1,4.17,1
vllm,self_consistency,570,289.39,0.00,299.58,1,3.34,1
vllm,self_consistency,571,168.16,0.00,186.47,1,5.36,1
vllm,self_consistency,572,119.97,0.00,137.07,1,7.30,1
vllm,self_consistency,573,308.08,0.00,338.48,1,2.95,1
vllm,self_consistency,574,261.51,0.00,330.06,1,3.03,1
vllm,self_consistency,575,134.21,0.00,139.30,1,7.18,1
vllm,self_consistency,576,87.61,0.00,98.04,1,10.20,1
vllm,self_consistency,577,149.86,0.00,190.14,1,5.26,1
vllm,self_consistency,578,114.21,0.00,136.84,1,7.31,1
vllm,self_consistency,579,166.46,0.00,181.16,1,5.52,1
vllm,self_consistency,580,131.86,0.00,148.12,1,6.75,1
vllm,self_consistency,581,201.49,0.00,216.03,1,4.63,1
vllm,self_consistency,582,200.01,0.00,205.02,1,4.88,1
vllm,self_consistency,583,246.16,0.00,246.45,1,4.06,1
vllm,self_consistency,584,124.53,0.00,129.51,1,7.72,1
vllm,self_consistency,585,142.96,0.00,162.68,1,6.15,1
vllm,self_consistency,586,142.45,0.00,157.47,1,6.35,1
vllm,self_consistency,587,229.02,0.00,229.32,1,4.36,1
vllm,self_consistency,588,247.79,0.00,257.49,1,3.88,1
vllm,self_consistency,589,190.39,0.00,312.97,1,3.20,1
vllm,self_consistency,590,253.86,0.00,254.16,1,3.93,1
vllm,self_consistency,591,187.39,0.00,211.48,1,4.73,1
vllm,self_consistency,592,149.31,0.00,212.29,1,4.71,1
vllm,self_consistency,593,185.49,0.00,190.79,1,5.24,1
vllm,self_consistency,594,175.67,0.00,190.72,1,5.24,1
vllm,self_consistency,595,138.69,0.00,170.32,1,5.87,1
vllm,self_consistency,596,169.16,0.00,193.02,1,5.18,1
vllm,self_consistency,597,175.54,0.00,175.79,1,5.69,1
vllm,self_consistency,598,200.62,0.00,263.63,1,3.79,1
vllm,self_consistency,599,227.34,0.00,259.33,1,3.86,1
vllm,self_consistency,600,262.92,0.00,272.91,1,3.66,1
vllm,self_consistency,601,357.86,0.00,404.39,1,2.47,1
vllm,self_consistency,602,282.72,0.00,296.87,1,3.37,1
vllm,self_consistency,603,180.34,0.00,204.38,1,4.89,1
vllm,self_consistency,604,220.65,0.00,225.78,1,4.43,1
vllm,self_consistency,605,48.83,0.00,61.51,1,16.26,1
vllm,self_consistency,606,184.88,0.00,185.28,1,5.40,1
vllm,self_consistency,607,231.96,0.00,265.72,1,3.76,1
vllm,self_consistency,608,181.16,0.00,200.13,1,5.00,1
vllm,self_consistency,609,139.29,0.00,143.97,1,6.95,1
vllm,self_consistency,610,241.44,0.00,340.69,1,2.94,1
vllm,self_consistency,611,208.12,0.00,208.38,1,4.80,1
vllm,self_consistency,612,118.39,0.00,125.63,1,7.96,1
vllm,self_consistency,613,48.89,0.00,64.70,1,15.46,1
vllm,self_consistency,614,270.76,0.00,310.71,1,3.22,1
vllm,self_consistency,615,341.05,0.00,341.38,1,2.93,1
vllm,self_consistency,616,361.32,0.00,370.36,1,2.70,1
vllm,self_consistency,617,137.61,0.00,165.50,1,6.04,1
vllm,self_consistency,618,171.87,0.00,237.16,1,4.22,1
vllm,self_consistency,619,245.60,0.00,260.38,1,3.84,1
vllm,self_consistency,620,85.36,0.00,85.60,1,11.68,1
vllm,self_consistency,621,224.72,0.00,293.79,1,3.40,1
vllm,self_consistency,622,115.90,0.00,120.77,1,8.28,1
vllm,self_consistency,623,181.97,0.00,225.73,1,4.43,1
vllm,self_consistency,624,81.29,0.00,117.91,1,8.48,1
vllm,self_consistency,625,212.38,0.00,251.21,1,3.98,1
vllm,self_consistency,626,121.95,0.00,137.74,1,7.26,1
vllm,self_consistency,627,163.46,0.00,194.28,1,5.15,1
vllm,self_consistency,628,247.62,0.00,252.36,1,3.96,1
vllm,self_consistency,629,207.95,0.00,208.22,1,4.80,1
vllm,self_consistency,630,237.00,0.00,241.84,1,4.14,1
vllm,self_consistency,631,61.09,0.00,72.15,1,13.86,1
vllm,self_consistency,632,199.24,0.00,214.11,1,4.67,1
vllm,self_consistency,633,335.74,0.00,340.69,1,2.94,1
vllm,self_consistency,634,148.75,0.00,233.07,1,4.29,1
vllm,self_consistency,635,189.88,0.00,274.03,1,3.65,1
vllm,self_consistency,636,201.06,0.00,234.73,1,4.26,1
vllm,self_consistency,637,225.56,0.00,264.46,1,3.78,1
vllm,self_consistency,638,97.46,0.00,101.49,1,9.85,1
vllm,self_consistency,639,457.48,0.00,457.77,1,2.18,1
vllm,self_consistency,640,227.96,0.00,285.30,1,3.51,1
vllm,self_consistency,641,184.50,0.00,199.37,1,5.02,1
vllm,self_consistency,642,179.38,0.00,184.68,1,5.41,1
vllm,self_consistency,643,205.76,0.00,215.41,1,4.64,1
vllm,self_consistency,644,129.41,0.00,134.28,1,7.45,1
vllm,self_consistency,645,87.32,0.00,113.04,1,8.85,1
vllm,self_consistency,646,67.26,0.00,87.41,1,11.44,1
vllm,self_consistency,647,57.73,0.00,68.88,1,14.52,1
vllm,self_consistency,648,146.06,0.00,155.11,1,6.45,1
vllm,self_consistency,649,98.15,0.00,105.12,1,9.51,1
vllm,self_consistency,650,202.62,0.00,208.79,1,4.79,1
vllm,self_consistency,651,93.79,0.00,129.17,1,7.74,1
vllm,self_consistency,652,187.32,0.00,187.61,1,5.33,1
vllm,self_consistency,653,176.51,0.00,190.79,1,5.24,1
vllm,self_consistency,654,111.56,0.00,149.20,1,6.70,1
vllm,self_consistency,655,175.32,0.00,219.54,1,4.55,1
vllm,self_consistency,656,268.01,0.00,268.38,1,3.73,1
vllm,self_consistency,657,231.72,0.00,277.91,1,3.60,1
vllm,self_consistency,658,148.21,0.00,148.54,1,6.73,1
vllm,self_consistency,659,150.88,0.00,166.08,1,6.02,1
vllm,self_consistency,660,89.03,0.00,107.40,1,9.31,1
vllm,self_consistency,661,47.49,0.00,72.60,1,13.77,1
vllm,self_consistency,662,88.99,0.00,110.02,1,9.09,1
vllm,self_consistency,663,234.73,0.00,259.98,1,3.85,1
vllm,self_consistency,664,103.65,0.00,108.65,1,9.20,1
vllm,self_consistency,665,197.73,0.00,217.91,1,4.59,1
vllm,self_consistency,666,57.84,0.00,79.35,1,12.60,1
vllm,self_consistency,667,262.94,0.00,267.67,1,3.74,1
vllm,self_consistency,668,226.43,0.00,226.68,1,4.41,1
vllm,self_consistency,669,137.99,0.00,216.21,1,4.63,1
vllm,self_consistency,670,141.48,0.00,170.59,1,5.86,1
vllm,self_consistency,671,85.08,0.00,92.91,1,10.76,1
vllm,self_consistency,672,133.20,0.00,168.33,1,5.94,1
vllm,self_consistency,673,101.53,0.00,178.00,1,5.62,1
vllm,self_consistency,674,190.60,0.00,235.55,1,4.25,1
vllm,self_consistency,675,246.37,0.00,263.62,1,3.79,1
vllm,self_consistency,676,361.23,0.00,369.99,1,2.70,1
vllm,self_consistency,677,248.79,0.00,332.65,1,3.01,1
vllm,self_consistency,678,247.81,0.00,286.06,1,3.50,1
vllm,self_consistency,679,130.32,0.00,145.71,1,6.86,1
vllm,self_consistency,680,272.30,0.00,352.87,1,2.83,1
vllm,self_consistency,681,211.45,0.00,218.66,1,4.57,1
vllm,self_consistency,682,131.94,0.00,137.13,1,7.29,1
vllm,self_consistency,683,156.12,0.00,178.35,1,5.61,1
vllm,self_consistency,684,106.88,0.00,124.45,1,8.04,1
vllm,self_consistency,685,197.75,0.00,212.32,1,4.71,1
vllm,self_consistency,686,87.97,0.00,127.97,1,7.81,1
vllm,self_consistency,687,133.52,0.00,165.92,1,6.03,1
vllm,self_consistency,688,174.82,0.00,197.42,1,5.07,1
vllm,self_consistency,689,106.18,0.00,115.99,1,8.62,1
vllm,self_consistency,690,104.17,0.00,142.62,1,7.01,1
vllm,self_consistency,691,151.33,0.00,234.70,1,4.26,1
vllm,self_consistency,692,126.30,0.00,184.96,1,5.41,1
vllm,self_consistency,693,436.86,0.00,437.28,1,2.29,1
vllm,self_consistency,694,206.32,0.00,211.10,1,4.74,1
vllm,self_consistency,695,269.38,0.00,311.32,1,3.21,1
vllm,self_consistency,696,122.54,0.00,172.36,1,5.80,1
vllm,self_consistency,697,216.28,0.00,235.97,1,4.24,1
vllm,self_consistency,698,163.98,0.00,168.92,1,5.92,1
vllm,self_consistency,699,191.44,0.00,212.81,1,4.70,1
vllm,self_consistency,700,177.74,0.00,235.01,1,4.26,1
vllm,self_consistency,701,98.98,0.00,117.42,1,8.52,1
vllm,self_consistency,702,205.24,0.00,205.55,1,4.86,1
vllm,self_consistency,703,243.21,0.00,340.98,1,2.93,1
vllm,self_consistency,704,300.48,0.00,390.18,1,2.56,1
vllm,self_consistency,705,85.06,0.00,109.72,1,9.11,1
vllm,self_consistency,706,86.61,0.00,102.94,1,9.71,1
vllm,self_consistency,707,93.52,0.00,114.65,1,8.72,1
vllm,self_consistency,708,83.13,0.00,122.74,1,8.15,1
vllm,self_consistency,709,160.33,0.00,203.05,1,4.92,1
vllm,self_consistency,710,234.52,0.00,249.71,1,4.00,1
vllm,self_consistency,711,184.68,0.00,189.56,1,5.28,1
vllm,self_consistency,712,95.99,0.00,115.70,1,8.64,1
vllm,self_consistency,713,217.80,0.00,306.83,1,3.26,1
vllm,self_consistency,714,146.45,0.00,181.56,1,5.51,1
vllm,self_consistency,715,245.74,0.00,259.51,1,3.85,1
vllm,self_consistency,716,116.29,0.00,136.36,1,7.33,1
vllm,self_consistency,717,68.76,0.00,84.42,1,11.85,1
vllm,self_consistency,718,206.23,0.00,211.25,1,4.73,1
vllm,self_consistency,719,294.84,0.00,295.15,1,3.39,1
vllm,self_consistency,720,301.20,0.00,308.29,1,3.24,1
vllm,self_consistency,721,107.16,0.00,107.46,1,9.31,1
vllm,self_consistency,722,54.64,0.00,69.32,1,14.43,1
vllm,self_consistency,723,260.66,0.00,266.09,1,3.76,1
vllm,self_consistency,724,107.97,0.00,152.08,1,6.58,1
vllm,self_consistency,725,235.44,0.00,320.03,1,3.12,1
vllm,self_consistency,726,343.32,0.00,343.56,1,2.91,1
vllm,self_consistency,727,109.55,0.00,136.15,1,7.34,1
vllm,self_consistency,728,96.20,0.00,142.94,1,7.00,1
vllm,self_consistency,729,365.51,0.00,370.36,1,2.70,1
vllm,self_consistency,730,292.93,0.00,293.29,1,3.41,1
vllm,self_consistency,731,253.74,0.00,254.07,1,3.94,1
vllm,self_consistency,732,172.02,0.00,182.94,1,5.47,1
vllm,self_consistency,733,227.74,0.00,231.81,1,4.31,1
vllm,self_consistency,734,231.91,0.00,238.85,1,4.19,1
vllm,self_consistency,735,327.09,0.00,465.09,1,2.15,1
vllm,self_consistency,736,248.80,0.00,274.10,1,3.65,1
vllm,self_consistency,737,163.34,0.00,168.23,1,5.94,1
vllm,self_consistency,738,296.75,0.00,311.78,1,3.21,1
vllm,self_consistency,739,256.37,0.00,285.57,1,3.50,1
vllm,self_consistency,740,266.93,0.00,276.41,1,3.62,1
vllm,self_consistency,741,51.43,0.00,61.70,1,16.21,1
vllm,self_consistency,742,301.05,0.00,325.00,1,3.08,1
vllm,self_consistency,743,185.11,0.00,234.40,1,4.27,1
vllm,self_consistency,744,301.37,0.00,306.65,1,3.26,1
vllm,self_consistency,745,141.51,0.00,146.80,1,6.81,1
vllm,self_consistency,746,141.16,0.00,146.51,1,6.83,1
vllm,self_consistency,747,50.74,0.00,70.68,1,14.15,1
vllm,self_consistency,748,130.53,0.00,135.93,1,7.36,1
vllm,self_consistency,749,188.96,0.00,206.85,1,4.83,1
vllm,self_consistency,750,135.06,0.00,184.98,1,5.41,1
vllm,self_consistency,751,137.64,0.00,174.82,1,5.72,1
vllm,self_consistency,752,147.42,0.00,161.88,1,6.18,1
vllm,self_consistency,753,262.16,0.00,262.44,1,3.81,1
vllm,self_consistency,754,191.46,0.00,211.38,1,4.73,1
vllm,self_consistency,755,145.80,0.00,174.71,1,5.72,1
vllm,self_consistency,756,283.90,0.00,313.03,1,3.19,1
vllm,self_consistency,757,229.49,0.00,234.68,1,4.26,1
vllm,self_consistency,758,155.92,0.00,189.55,1,5.28,1
vllm,self_consistency,759,139.88,0.00,144.34,1,6.93,1
vllm,self_consistency,760,211.78,0.00,212.06,1,4.72,1
vllm,self_consistency,761,117.63,0.00,127.94,1,7.82,1
vllm,self_consistency,762,319.45,0.00,334.57,1,2.99,1
vllm,self_consistency,763,172.75,0.00,191.40,1,5.22,1
vllm,self_consistency,764,143.89,0.00,144.18,1,6.94,1
vllm,self_consistency,765,158.86,0.00,178.05,1,5.62,1
vllm,self_consistency,766,142.83,0.00,165.74,1,6.03,1
vllm,self_consistency,767,230.50,0.00,245.47,1,4.07,1
vllm,self_consistency,768,149.56,0.00,179.15,1,5.58,1
vllm,self_consistency,769,167.86,0.00,168.12,1,5.95,1
vllm,self_consistency,770,102.24,0.00,113.82,1,8.79,1
vllm,self_consistency,771,304.47,0.00,318.77,1,3.14,1
vllm,self_consistency,772,165.39,0.00,170.81,1,5.85,1
vllm,self_consistency,773,154.52,0.00,194.59,1,5.14,1
vllm,self_consistency,774,190.75,0.00,208.12,1,4.80,1
vllm,self_consistency,775,126.27,0.00,165.10,1,6.06,1
vllm,self_consistency,776,198.77,0.00,208.69,1,4.79,1
vllm,self_consistency,777,295.51,0.00,300.87,1,3.32,1
vllm,self_consistency,778,172.38,0.00,177.47,1,5.63,1
vllm,self_consistency,779,205.08,0.00,253.30,1,3.95,1
vllm,self_consistency,780,201.21,0.00,215.69,1,4.64,1
vllm,self_consistency,781,202.78,0.00,274.29,1,3.65,1
vllm,self_consistency,782,326.22,0.00,331.27,1,3.02,1
vllm,self_consistency,783,162.97,0.00,163.25,1,6.13,1
vllm,self_consistency,784,173.35,0.00,225.34,1,4.44,1
vllm,self_consistency,785,198.53,0.00,207.67,1,4.82,1
vllm,self_consistency,786,98.61,0.00,110.85,1,9.02,1
vllm,self_consistency,787,89.83,0.00,118.01,1,8.47,1
vllm,self_consistency,788,121.96,0.00,127.28,1,7.86,1
vllm,self_consistency,789,149.56,0.00,221.61,1,4.51,1
vllm,self_consistency,790,180.78,0.00,333.00,1,3.00,1
vllm,self_consistency,791,299.65,0.00,304.00,1,3.29,1
vllm,self_consistency,792,140.74,0.00,190.31,1,5.25,1
vllm,self_consistency,793,176.61,0.00,214.61,1,4.66,1
vllm,self_consistency,794,133.00,0.00,137.31,1,7.28,1
vllm,self_consistency,795,169.43,0.00,306.53,1,3.26,1
vllm,self_consistency,796,199.31,0.00,239.91,1,4.17,1
vllm,self_consistency,797,284.85,0.00,303.88,1,3.29,1
vllm,self_consistency,798,339.04,0.00,348.99,1,2.87,1
vllm,self_consistency,799,60.49,0.00,79.89,1,12.52,1
vllm,self_consistency,800,189.73,0.00,194.47,1,5.14,1
vllm,self_consistency,801,135.44,0.00,145.61,1,6.87,1
vllm,self_consistency,802,86.61,0.00,98.80,1,10.12,1
vllm,self_consistency,803,371.38,0.00,375.94,1,2.66,1
vllm,self_consistency,804,342.63,0.00,342.99,1,2.92,1
vllm,self_consistency,805,228.98,0.00,229.35,1,4.36,1
vllm,self_consistency,806,177.67,0.00,251.93,1,3.97,1
vllm,self_consistency,807,194.67,0.00,258.06,1,3.88,1
vllm,self_consistency,808,261.89,0.00,262.19,1,3.81,1
vllm,self_consistency,809,497.50,0.00,502.48,1,1.99,1
vllm,self_consistency,810,119.57,0.00,135.04,1,7.41,1
vllm,self_consistency,811,380.22,0.00,380.53,1,2.63,1
vllm,self_consistency,812,240.94,0.00,307.25,1,3.25,1
vllm,self_consistency,813,246.12,0.00,250.28,1,4.00,1
vllm,self_consistency,814,268.33,0.00,285.52,1,3.50,1
vllm,self_consistency,815,143.67,0.00,152.96,1,6.54,1
vllm,self_consistency,816,219.60,0.00,219.88,1,4.55,1
vllm,self_consistency,817,193.89,0.00,217.87,1,4.59,1
vllm,self_consistency,818,138.12,0.00,138.38,1,7.23,1
vllm,self_consistency,819,125.67,0.00,139.80,1,7.15,1
vllm,self_consistency,820,146.37,0.00,249.30,1,4.01,1
vllm,self_consistency,821,74.19,0.00,77.89,1,12.84,1
vllm,self_consistency,822,202.12,0.00,227.35,1,4.40,1
vllm,self_consistency,823,381.80,0.00,386.83,1,2.59,1
vllm,self_consistency,824,134.72,0.00,135.03,1,7.41,1
vllm,self_consistency,825,230.59,0.00,235.58,1,4.24,1
vllm,self_consistency,826,208.50,0.00,213.66,1,4.68,1
vllm,self_consistency,827,241.84,0.00,242.16,1,4.13,1
vllm,self_consistency,828,233.06,0.00,238.12,1,4.20,1
vllm,self_consistency,829,142.61,0.00,188.39,1,5.31,1
vllm,self_consistency,830,195.93,0.00,210.57,1,4.75,1
vllm,self_consistency,831,248.65,0.00,253.83,1,3.94,1
vllm,self_consistency,832,100.37,0.00,156.96,1,6.37,1
vllm,self_consistency,833,219.89,0.00,255.11,1,3.92,1
vllm,self_consistency,834,59.60,0.00,65.67,1,15.23,1
vllm,self_consistency,835,54.24,0.00,65.87,1,15.18,1
vllm,self_consistency,836,246.13,0.00,246.40,1,4.06,1
vllm,self_consistency,837,357.47,0.00,362.64,1,2.76,1
vllm,self_consistency,838,210.52,0.00,277.15,1,3.61,1
vllm,self_consistency,839,183.19,0.00,192.60,1,5.19,1
vllm,self_consistency,840,144.18,0.00,184.40,1,5.42,1
vllm,self_consistency,841,222.82,0.00,289.16,1,3.46,1
vllm,self_consistency,842,122.89,0.00,156.12,1,6.41,1
vllm,self_consistency,843,237.41,0.00,242.82,1,4.12,1
vllm,self_consistency,844,115.02,0.00,116.76,1,8.56,1
vllm,self_consistency,845,231.35,0.00,288.03,1,3.47,1
vllm,self_consistency,846,216.84,0.00,305.01,1,3.28,1
vllm,self_consistency,847,124.96,0.00,125.20,1,7.99,1
vllm,self_consistency,848,165.51,0.00,235.58,1,4.24,1
vllm,self_consistency,849,291.58,0.00,295.58,1,3.38,1
vllm,self_consistency,850,63.83,0.00,90.35,1,11.07,1
vllm,self_consistency,851,225.29,0.00,256.79,1,3.89,1
vllm,self_consistency,852,431.69,0.00,462.66,1,2.16,1
vllm,self_consistency,853,250.75,0.00,275.45,1,3.63,1
vllm,self_consistency,854,109.26,0.00,223.94,1,4.47,1
vllm,self_consistency,855,151.85,0.00,199.56,1,5.01,1
vllm,self_consistency,856,208.57,0.00,318.27,1,3.14,1
vllm,self_consistency,857,206.93,0.00,207.23,1,4.83,1
vllm,self_consistency,858,163.70,0.00,178.45,1,5.60,1
vllm,self_consistency,859,231.52,0.00,235.62,1,4.24,1
vllm,self_consistency,860,122.65,0.00,162.23,1,6.16,1
vllm,self_consistency,861,112.26,0.00,122.09,1,8.19,1
vllm,self_consistency,862,217.03,0.00,227.27,1,4.40,1
vllm,self_consistency,863,119.78,0.00,147.93,1,6.76,1
vllm,self_consistency,864,225.74,0.00,272.76,1,3.67,1
vllm,self_consistency,865,152.35,0.00,169.67,1,5.89,1
vllm,self_consistency,866,178.81,0.00,210.93,1,4.74,1
vllm,self_consistency,867,185.56,0.00,195.65,1,5.11,1
vllm,self_consistency,868,318.68,0.00,338.88,1,2.95,1
vllm,self_consistency,869,340.89,0.00,346.08,1,2.89,1
vllm,self_consistency,870,199.02,0.00,238.24,1,4.20,1
vllm,self_consistency,871,196.94,0.00,250.81,1,3.99,1
vllm,self_consistency,872,223.27,0.00,233.52,1,4.28,1
vllm,self_consistency,873,129.38,0.00,143.67,1,6.96,1
vllm,self_consistency,874,237.43,0.00,274.54,1,3.64,1
vllm,self_consistency,875,173.43,0.00,195.67,1,5.11,1
vllm,self_consistency,876,279.59,0.00,280.02,1,3.57,1
vllm,self_consistency,877,247.16,0.00,265.17,1,3.77,1
vllm,self_consistency,878,289.66,0.00,305.14,1,3.28,1
vllm,self_consistency,879,174.30,0.00,178.64,1,5.60,1
vllm,self_consistency,880,232.45,0.00,232.85,1,4.29,1
vllm,self_consistency,881,117.14,0.00,117.49,1,8.51,1
vllm,self_consistency,882,119.62,0.00,119.92,1,8.34,1
vllm,self_consistency,883,314.30,0.00,329.72,1,3.03,1
vllm,self_consistency,884,340.58,0.00,350.85,1,2.85,1
vllm,self_consistency,885,281.12,0.00,286.47,1,3.49,1
vllm,self_consistency,886,290.09,0.00,330.09,1,3.03,1
vllm,self_consistency,887,251.53,0.00,251.78,1,3.97,1
vllm,self_consistency,888,540.40,0.00,540.80,1,1.85,1
vllm,self_consistency,889,140.25,0.00,155.48,1,6.43,1
vllm,self_consistency,890,151.00,0.00,325.56,1,3.07,1
vllm,self_consistency,891,102.14,0.00,143.61,1,6.96,1
vllm,self_consistency,892,226.01,0.00,296.76,1,3.37,1
vllm,self_consistency,893,155.85,0.00,168.30,1,5.94,1
vllm,self_consistency,894,294.88,0.00,295.14,1,3.39,1
vllm,self_consistency,895,415.86,0.00,430.84,1,2.32,1
vllm,self_consistency,896,440.36,0.00,445.33,1,2.25,1
vllm,self_consistency,897,537.70,0.00,560.27,1,1.78,1
vllm,self_consistency,898,131.91,0.00,157.21,1,6.36,1
vllm,self_consistency,899,315.60,0.00,328.66,1,3.04,1
vllm,self_consistency,900,160.56,0.00,183.04,1,5.46,1
vllm,self_consistency,901,433.88,0.00,438.93,1,2.28,1
vllm,self_consistency,902,302.16,0.00,314.83,1,3.18,1
vllm,self_consistency,903,179.39,0.00,200.46,1,4.99,1
vllm,self_consistency,904,257.11,0.00,308.07,1,3.25,1
vllm,self_consistency,905,326.25,0.00,371.33,1,2.69,1
vllm,self_consistency,906,323.65,0.00,327.13,1,3.06,1
vllm,self_consistency,907,195.01,0.00,211.57,1,4.73,1
vllm,self_consistency,908,341.74,0.00,353.41,1,2.83,1
vllm,self_consistency,909,413.48,0.00,437.30,1,2.29,1
vllm,self_consistency,910,276.86,0.00,297.55,1,3.36,1
vllm,self_consistency,911,375.29,0.00,379.28,1,2.64,1
vllm,self_consistency,912,116.25,0.00,147.26,1,6.79,1
vllm,self_consistency,913,167.53,0.00,172.08,1,5.81,1
vllm,self_consistency,914,152.90,0.00,165.86,1,6.03,1
vllm,self_consistency,915,179.07,0.00,194.30,1,5.15,1
vllm,self_consistency,916,113.30,0.00,139.41,1,7.17,1
vllm,self_consistency,917,317.42,0.00,337.93,1,2.96,1
vllm,self_consistency,918,209.38,0.00,231.02,1,4.33,1
vllm,self_consistency,919,110.66,0.00,112.45,1,8.89,1
vllm,self_consistency,920,457.80,0.00,461.41,1,2.17,1
vllm,self_consistency,921,191.42,0.00,206.54,1,4.84,1
vllm,self_consistency,922,187.36,0.00,199.82,1,5.00,1
vllm,self_consistency,923,179.93,0.00,193.89,1,5.16,1
vllm,self_consistency,924,232.78,0.00,236.65,1,4.23,1
vllm,self_consistency,925,168.81,0.00,181.23,1,5.52,1
vllm,self_consistency,926,248.18,0.00,256.40,1,3.90,1
vllm,self_consistency,927,356.67,0.00,366.39,1,2.73,1
vllm,self_consistency,928,88.91,0.00,100.71,1,9.93,1
vllm,self_consistency,929,103.34,0.00,114.92,1,8.70,1
vllm,self_consistency,930,240.16,0.00,249.96,1,4.00,1
vllm,self_consistency,931,213.04,0.00,225.68,1,4.43,1
vllm,self_consistency,932,202.88,0.00,214.66,1,4.66,1
vllm,self_consistency,933,227.14,0.00,236.22,1,4.23,1
vllm,self_consistency,934,175.48,0.00,182.16,1,5.49,1
vllm,self_consistency,935,185.41,0.00,192.56,1,5.19,1
vllm,self_consistency,936,200.18,0.00,208.77,1,4.79,1
vllm,self_consistency,937,233.95,0.00,243.20,1,4.11,1
vllm,self_consistency,938,157.63,0.00,165.62,1,6.04,1
vllm,self_consistency,939,209.76,0.00,222.86,1,4.49,1
vllm,self_consistency,940,179.76,0.00,189.85,1,5.27,1
vllm,self_consistency,941,150.97,0.00,158.25,1,6.32,1
vllm,self_consistency,942,237.19,0.00,249.46,1,4.01,1
vllm,self_consistency,943,180.46,0.00,189.37,1,5.28,1
vllm,self_consistency,944,264.54,0.00,275.45,1,3.63,1
vllm,self_consistency,945,205.92,0.00,219.55,1,4.55,1
vllm,self_consistency,946,285.64,0.00,295.88,1,3.38,1
vllm,self_consistency,947,312.49,0.00,330.43,1,3.03,1
vllm,self_consistency,948,171.05,0.00,191.73,1,5.22,1
vllm,self_consistency,949,161.98,0.00,181.24,1,5.52,1
vllm,self_consistency,950,238.89,0.00,257.60,1,3.88,1
vllm,self_consistency,951,150.73,0.00,173.27,1,5.77,1
vllm,self_consistency,952,156.95,0.00,175.58,1,5.70,1
vllm,self_consistency,953,243.31,0.00,266.42,1,3.75,1
vllm,self_consistency,954,235.44,0.00,255.94,1,3.91,1
vllm,self_consistency,955,285.98,0.00,306.16,1,3.27,1
vllm,self_consistency,956,176.85,0.00,202.62,1,4.94,1
vllm,self_consistency,957,146.51,0.00,165.14,1,6.06,1
vllm,self_consistency,958,132.46,0.00,148.84,1,6.72,1
vllm,self_consistency,959,285.96,0.00,296.97,1,3.37,1
vllm,self_consistency,960,261.18,0.00,278.09,1,3.60,1
vllm,self_consistency,961,185.48,0.00,202.39,1,4.94,1
vllm,self_consistency,962,230.46,0.00,249.72,1,4.00,1
vllm,self_consistency,963,323.56,0.00,339.67,1,2.94,1
vllm,self_consistency,964,278.23,0.00,300.13,1,3.33,1
vllm,self_consistency,965,157.38,0.00,172.95,1,5.78,1
vllm,self_consistency,966,214.52,0.00,235.80,1,4.24,1
vllm,self_consistency,967,227.46,0.00,251.17,1,3.98,1
vllm,self_consistency,968,329.76,0.00,353.12,1,2.83,1
vllm,self_consistency,969,187.84,0.00,205.24,1,4.87,1
vllm,self_consistency,970,194.29,0.00,212.99,1,4.70,1
vllm,self_consistency,971,191.19,0.00,216.44,1,4.62,1
vllm,self_consistency,972,179.38,0.00,203.15,1,4.92,1
vllm,self_consistency,973,298.95,0.00,320.75,1,3.12,1
vllm,self_consistency,974,238.78,0.00,238.99,1,4.18,1
vllm,self_consistency,975,225.18,0.00,244.56,1,4.09,1
vllm,self_consistency,976,164.02,0.00,177.86,1,5.62,1
vllm,self_consistency,977,174.85,0.00,184.97,1,5.41,1
vllm,self_consistency,978,188.60,0.00,191.62,1,5.22,1
vllm,self_consistency,979,339.00,0.00,362.29,1,2.76,1
vllm,self_consistency,980,170.87,0.00,173.68,1,5.76,1
vllm,self_consistency,981,192.27,0.00,209.36,1,4.78,1
vllm,self_consistency,982,337.86,0.00,354.32,1,2.82,1
vllm,self_consistency,983,285.28,0.00,298.31,1,3.35,1
vllm,self_consistency,984,154.35,0.00,163.92,1,6.10,1
vllm,self_consistency,985,157.95,0.00,173.45,1,5.77,1
vllm,self_consistency,986,212.77,0.00,228.04,1,4.39,1
vllm,self_consistency,987,139.23,0.00,165.86,1,6.03,1
vllm,self_consistency,988,211.57,0.00,239.81,1,4.17,1
vllm,self_consistency,989,181.52,0.00,199.59,1,5.01,1
vllm,self_consistency,990,178.61,0.00,189.47,1,5.28,1
vllm,self_consistency,991,167.83,0.00,185.34,1,5.40,1
vllm,self_consistency,992,243.67,0.00,260.48,1,3.84,1
vllm,self_consistency,993,135.71,0.00,148.74,1,6.72,1
vllm,self_consistency,994,220.24,0.00,230.28,1,4.34,1
vllm,self_consistency,995,333.85,0.00,345.79,1,2.89,1
vllm,self_consistency,996,270.66,0.00,301.28,1,3.32,1
vllm,self_consistency,997,193.62,0.00,206.40,1,4.84,1
vllm,self_consistency,998,230.01,0.00,239.57,1,4.17,1
vllm,self_consistency,999,156.49,0.00,170.35,1,5.87,1
vllm,multi_turn,0,56.42,0.00,77.82,1,12.85,1
vllm,multi_turn,1,56.52,0.00,84.88,1,11.78,1
vllm,multi_turn,2,90.20,0.00,166.11,1,6.02,1
vllm,multi_turn,3,110.71,0.00,134.53,1,7.43,1
vllm,multi_turn,4,180.78,0.00,183.97,1,5.44,1
vllm,multi_turn,5,111.52,54.06,165.58,2,12.08,1
vllm,multi_turn,6,211.19,0.00,230.92,1,4.33,1
vllm,multi_turn,7,127.24,0.00,132.36,1,7.56,1
vllm,multi_turn,8,51.94,0.00,74.96,1,13.34,1
vllm,multi_turn,9,68.73,0.00,84.40,1,11.85,1
vllm,multi_turn,10,103.16,13.91,117.07,2,17.08,1
vllm,multi_turn,11,131.17,0.00,136.20,1,7.34,1
vllm,multi_turn,12,124.93,0.44,125.37,2,15.95,1
vllm,multi_turn,13,386.12,0.52,386.65,2,5.17,1
vllm,multi_turn,14,137.63,0.00,159.74,1,6.26,1
vllm,multi_turn,15,111.70,0.00,117.00,1,8.55,1
vllm,multi_turn,16,53.04,29.45,82.49,2,24.25,1
vllm,multi_turn,17,78.00,19.55,97.55,2,20.50,1
vllm,multi_turn,18,120.99,0.00,125.88,1,7.94,1
vllm,multi_turn,19,116.72,0.00,142.18,1,7.03,1
vllm,multi_turn,20,152.81,0.00,191.15,1,5.23,1
vllm,multi_turn,21,223.45,0.00,223.69,1,4.47,1
vllm,multi_turn,22,172.35,27.02,199.37,2,10.03,1
vllm,multi_turn,23,99.69,96.50,196.19,2,10.19,1
vllm,multi_turn,24,64.37,0.00,79.57,1,12.57,1
vllm,multi_turn,25,88.03,38.08,126.12,2,15.86,1
vllm,multi_turn,26,110.06,0.00,110.33,1,9.06,1
vllm,multi_turn,27,192.58,0.00,192.81,1,5.19,1
vllm,multi_turn,28,141.92,0.00,168.57,1,5.93,1
vllm,multi_turn,29,86.53,93.68,180.21,2,11.10,1
vllm,multi_turn,30,261.26,0.00,288.77,1,3.46,1
vllm,multi_turn,31,141.64,29.26,170.90,2,11.70,1
vllm,multi_turn,32,42.40,32.11,74.50,2,26.84,1
vllm,multi_turn,33,117.99,32.47,150.46,2,13.29,1
vllm,multi_turn,34,174.93,32.30,207.24,2,9.65,1
vllm,multi_turn,35,151.98,0.00,179.71,1,5.56,1
vllm,multi_turn,36,223.43,0.00,233.87,1,4.28,1
vllm,multi_turn,37,161.94,22.26,184.19,2,10.86,1
vllm,multi_turn,38,120.30,102.74,223.04,2,8.97,1
vllm,multi_turn,39,169.72,0.00,227.97,1,4.39,1
vllm,multi_turn,40,70.95,0.00,80.21,1,12.47,1
vllm,multi_turn,41,113.71,74.71,188.43,2,10.61,0
vllm,multi_turn,42,145.25,0.35,145.60,2,13.74,0
vllm,multi_turn,43,93.99,0.00,111.97,1,8.93,1
vllm,multi_turn,44,160.19,0.00,160.42,1,6.23,1
vllm,multi_turn,45,115.52,50.35,165.88,2,12.06,1
vllm,multi_turn,46,261.31,0.00,266.33,1,3.75,1
vllm,multi_turn,47,271.49,0.00,328.85,1,3.04,1
vllm,multi_turn,48,56.43,38.42,94.85,2,21.09,1
vllm,multi_turn,49,107.95,38.03,145.98,2,13.70,1
vllm,multi_turn,50,126.69,30.97,157.66,2,12.69,1
vllm,multi_turn,51,271.40,0.35,271.75,2,7.36,1
vllm,multi_turn,52,79.86,0.00,96.19,1,10.40,1
vllm,multi_turn,53,133.72,0.00,169.21,1,5.91,1
vllm,multi_turn,54,145.25,0.00,287.77,1,3.47,1
vllm,multi_turn,55,209.04,0.00,278.92,1,3.59,1
vllm,multi_turn,56,49.36,0.00,66.89,1,14.95,1
vllm,multi_turn,57,109.64,27.67,137.31,2,14.57,1
vllm,multi_turn,58,164.93,16.69,181.62,2,11.01,1
vllm,multi_turn,59,160.14,38.77,198.91,2,10.05,1
vllm,multi_turn,60,174.60,0.00,218.64,1,4.57,1
vllm,multi_turn,61,285.25,0.00,367.63,1,2.72,1
vllm,multi_turn,62,132.22,3.28,135.50,2,14.76,0
vllm,multi_turn,63,171.62,0.00,206.66,1,4.84,1
vllm,multi_turn,64,54.60,0.00,68.63,1,14.57,1
vllm,multi_turn,65,73.13,0.00,93.32,1,10.72,1
vllm,multi_turn,66,135.07,0.00,135.38,1,7.39,1
vllm,multi_turn,67,109.96,0.00,149.75,1,6.68,1
vllm,multi_turn,68,177.56,5.36,182.92,2,10.93,1
vllm,multi_turn,69,146.28,143.32,289.60,2,6.91,1
vllm,multi_turn,70,196.47,0.00,207.68,1,4.82,1
vllm,multi_turn,71,264.70,101.31,366.01,2,5.46,1
vllm,multi_turn,72,75.05,0.00,75.31,1,13.28,1
vllm,multi_turn,73,75.62,0.00,92.90,1,10.76,1
vllm,multi_turn,74,126.39,69.72,196.12,2,10.20,1
vllm,multi_turn,75,217.93,0.00,218.24,1,4.58,1
vllm,multi_turn,76,141.47,0.00,202.70,1,4.93,1
vllm,multi_turn,77,200.90,0.00,215.44,1,4.64,1
vllm,multi_turn,78,232.88,0.00,251.05,1,3.98,1
vllm,multi_turn,79,199.16,36.66,235.82,2,8.48,1
vllm,multi_turn,80,79.49,23.32,102.81,2,19.45,1
vllm,multi_turn,81,94.86,0.00,126.08,1,7.93,1
vllm,multi_turn,82,141.40,0.42,141.82,2,14.10,1
vllm,multi_turn,83,142.18,38.15,180.33,2,11.09,1
vllm,multi_turn,84,231.02,0.00,292.08,1,3.42,1
vllm,multi_turn,85,247.87,0.00,256.05,1,3.91,1
vllm,multi_turn,86,186.83,0.00,201.92,1,4.95,1
vllm,multi_turn,87,134.34,49.73,184.08,2,10.86,1
vllm,multi_turn,88,62.42,30.09,92.52,2,21.62,1
vllm,multi_turn,89,98.98,0.00,116.56,1,8.58,1
vllm,multi_turn,90,93.49,0.00,110.66,1,9.04,1
vllm,multi_turn,91,185.90,0.00,214.99,1,4.65,1
vllm,multi_turn,92,287.36,0.00,287.71,1,3.48,1
vllm,multi_turn,93,252.72,0.00,299.28,1,3.34,1
vllm,multi_turn,94,168.13,23.20,191.33,2,10.45,1
vllm,multi_turn,95,155.67,25.28,180.95,2,11.05,1
vllm,multi_turn,96,62.42,0.00,62.70,1,15.95,1
vllm,multi_turn,97,128.60,0.00,162.75,1,6.14,1
vllm,multi_turn,98,92.97,0.00,114.62,1,8.72,1
vllm,multi_turn,99,179.84,15.55,195.39,2,10.24,1
vllm,multi_turn,100,300.96,0.00,315.60,1,3.17,1
vllm,multi_turn,101,259.46,0.00,325.01,1,3.08,1
vllm,multi_turn,102,191.64,0.00,218.11,1,4.58,1
vllm,multi_turn,103,97.97,35.43,133.41,2,14.99,1
vllm,multi_turn,104,61.49,0.00,93.53,1,10.69,1
vllm,multi_turn,105,141.87,54.65,196.52,2,10.18,1
vllm,multi_turn,106,120.33,16.59,136.93,2,14.61,1
vllm,multi_turn,107,141.05,15.26,156.31,2,12.80,1
vllm,multi_turn,108,145.04,125.27,270.30,2,7.40,1
vllm,multi_turn,109,272.60,0.00,339.81,1,2.94,1
vllm,multi_turn,110,148.44,0.00,162.21,1,6.16,1
vllm,multi_turn,111,204.82,0.33,205.16,2,9.75,1
vllm,multi_turn,112,63.40,37.85,101.25,2,19.75,1
vllm,multi_turn,113,111.20,0.00,125.02,1,8.00,1
vllm,multi_turn,114,102.77,50.59,153.36,2,13.04,1
vllm,multi_turn,115,114.03,0.00,114.34,1,8.75,1
vllm,multi_turn,116,146.09,0.00,187.86,1,5.32,1
vllm,multi_turn,117,138.11,90.46,228.57,2,8.75,1
vllm,multi_turn,118,154.10,229.48,383.58,2,5.21,1
vllm,multi_turn,119,161.20,0.00,278.14,1,3.60,1
vllm,multi_turn,120,62.22,0.00,78.74,1,12.70,1
vllm,multi_turn,121,157.08,0.00,167.39,1,5.97,1
vllm,multi_turn,122,147.33,0.00,152.08,1,6.58,1
vllm,multi_turn,123,186.25,0.00,247.08,1,4.05,1
vllm,multi_turn,124,193.80,70.84,264.64,2,7.56,1
vllm,multi_turn,125,249.96,0.00,274.35,1,3.65,1
vllm,multi_turn,126,193.50,0.00,207.97,1,4.81,1
vllm,multi_turn,127,141.92,55.53,197.45,2,10.13,1
vllm,multi_turn,128,50.97,0.00,76.75,1,13.03,1
vllm,multi_turn,129,118.97,0.00,121.68,1,8.22,1
vllm,multi_turn,130,187.26,0.00,216.66,1,4.62,1
vllm,multi_turn,131,165.31,0.00,203.97,1,4.90,1
vllm,multi_turn,132,152.23,0.00,204.37,1,4.89,1
vllm,multi_turn,133,322.71,0.00,431.27,1,2.32,1
vllm,multi_turn,134,90.04,27.30,117.34,2,17.05,1
vllm,multi_turn,135,219.85,0.00,220.13,1,4.54,1
vllm,multi_turn,136,61.44,39.00,100.44,2,19.91,1
vllm,multi_turn,137,73.45,29.12,102.57,2,19.50,1
vllm,multi_turn,138,146.30,0.00,153.98,1,6.49,1
vllm,multi_turn,139,190.66,0.41,191.07,2,10.47,1
vllm,multi_turn,140,192.38,0.00,216.22,1,4.62,1
vllm,multi_turn,141,208.11,0.00,228.98,1,4.37,1
vllm,multi_turn,142,119.40,143.60,263.00,2,7.60,1
vllm,multi_turn,143,185.29,0.00,317.43,1,3.15,1
vllm,multi_turn,144,64.58,0.00,95.45,1,10.48,1
vllm,multi_turn,145,118.13,0.00,118.57,1,8.43,1
vllm,multi_turn,146,130.40,0.00,176.86,1,5.65,1
vllm,multi_turn,147,113.01,0.00,124.69,1,8.02,1
vllm,multi_turn,148,116.07,0.00,143.17,1,6.98,1
vllm,multi_turn,149,128.61,181.45,310.07,2,6.45,1
vllm,multi_turn,150,153.57,94.23,247.81,2,8.07,0
vllm,multi_turn,151,238.38,0.00,362.83,1,2.76,1
vllm,multi_turn,152,69.36,0.00,92.48,1,10.81,1
vllm,multi_turn,153,83.40,27.80,111.19,2,17.99,1
vllm,multi_turn,154,98.00,0.00,135.50,1,7.38,1
vllm,multi_turn,155,246.26,0.00,302.67,1,3.30,1
vllm,multi_turn,156,112.33,0.00,122.01,1,8.20,1
vllm,multi_turn,157,127.47,79.95,207.42,2,9.64,1
vllm,multi_turn,158,147.06,121.28,268.34,2,7.45,1
vllm,multi_turn,159,172.82,174.35,347.17,2,5.76,1
vllm,multi_turn,160,31.25,0.00,38.44,1,26.01,1
vllm,multi_turn,161,74.77,55.60,130.37,2,15.34,1
vllm,multi_turn,162,100.03,0.00,156.72,1,6.38,1
vllm,multi_turn,163,242.92,0.00,252.81,1,3.96,1
vllm,multi_turn,164,174.88,0.00,177.52,1,5.63,1
vllm,multi_turn,165,107.49,39.19,146.68,2,13.63,1
vllm,multi_turn,166,175.40,103.47,278.86,2,7.17,1
vllm,multi_turn,167,234.66,199.58,434.23,2,4.61,1
vllm,multi_turn,168,58.98,28.71,87.69,2,22.81,1
vllm,multi_turn,169,124.07,45.94,170.01,2,11.76,1
vllm,multi_turn,170,182.23,0.00,220.85,1,4.53,1
vllm,multi_turn,171,144.76,0.00,160.07,1,6.25,1
vllm,multi_turn,172,171.26,0.00,205.47,1,4.87,1
vllm,multi_turn,173,217.52,0.00,229.25,1,4.36,1
vllm,multi_turn,174,190.63,0.00,190.88,1,5.24,1
vllm,multi_turn,175,204.37,0.00,337.30,1,2.96,1
vllm,multi_turn,176,67.91,0.00,100.28,1,9.97,1
vllm,multi_turn,177,130.38,32.35,162.73,2,12.29,1
vllm,multi_turn,178,105.91,35.01,140.92,2,14.19,1
vllm,multi_turn,179,168.74,0.00,201.16,1,4.97,1
vllm,multi_turn,180,109.56,30.93,140.48,2,14.24,1
vllm,multi_turn,181,171.10,0.00,171.39,1,5.83,1
vllm,multi_turn,182,192.85,0.00,287.16,1,3.48,1
vllm,multi_turn,183,245.10,136.36,381.46,2,5.24,1
vllm,multi_turn,184,60.67,36.80,97.47,2,20.52,1
vllm,multi_turn,185,92.17,0.00,125.21,1,7.99,1
vllm,multi_turn,186,175.80,33.01,208.81,2,9.58,1
vllm,multi_turn,187,162.81,0.00,178.00,1,5.62,1
vllm,multi_turn,188,208.32,0.00,226.01,1,4.42,1
vllm,multi_turn,189,360.74,10.37,371.11,2,5.39,1
vllm,multi_turn,190,203.88,95.36,299.23,2,6.68,1
vllm,multi_turn,191,176.65,0.00,203.52,1,4.91,1
vllm,multi_turn,192,72.05,41.14,113.19,2,17.67,1
vllm,multi_turn,193,143.92,25.64,169.56,2,11.80,1
vllm,multi_turn,194,122.22,0.00,126.84,1,7.88,1
vllm,multi_turn,195,205.97,22.25,228.23,2,8.76,1
vllm,multi_turn,196,213.69,0.00,252.50,1,3.96,1
vllm,multi_turn,197,240.86,71.08,311.95,2,6.41,1
vllm,multi_turn,198,252.64,0.00,300.89,1,3.32,1
vllm,multi_turn,199,189.50,0.00,211.37,1,4.73,1
vllm,multi_turn,200,64.05,58.84,122.90,2,16.27,1
vllm,multi_turn,201,90.95,0.00,123.42,1,8.10,1
vllm,multi_turn,202,224.66,0.00,282.46,1,3.54,1
vllm,multi_turn,203,280.35,0.00,280.61,1,3.56,1
vllm,multi_turn,204,176.00,0.00,176.31,1,5.67,1
vllm,multi_turn,205,224.30,95.44,319.74,2,6.26,1
vllm,multi_turn,206,169.81,0.00,195.53,1,5.11,1
vllm,multi_turn,207,189.50,51.80,241.30,2,8.29,1
vllm,multi_turn,208,45.34,0.00,70.46,1,14.19,1
vllm,multi_turn,209,125.96,0.00,143.12,1,6.99,1
vllm,multi_turn,210,143.42,0.00,160.56,1,6.23,1
vllm,multi_turn,211,152.73,86.67,239.41,2,8.35,1
vllm,multi_turn,212,266.95,0.00,345.72,1,2.89,1
vllm,multi_turn,213,195.76,0.00,255.67,1,3.91,1
vllm,multi_turn,214,337.35,0.00,342.37,1,2.92,1
vllm,multi_turn,215,165.31,0.00,190.52,1,5.25,1
vllm,multi_turn,216,80.69,0.00,110.46,1,9.05,1
vllm,multi_turn,217,191.00,0.42,191.42,2,10.45,1
vllm,multi_turn,218,212.02,0.00,228.08,1,4.38,1
vllm,multi_turn,219,122.31,0.00,151.02,1,6.62,1
vllm,multi_turn,220,176.51,37.20,213.71,2,9.36,1
vllm,multi_turn,221,145.52,24.44,169.96,2,11.77,1
vllm,multi_turn,222,188.09,0.00,247.21,1,4.05,1
vllm,multi_turn,223,221.82,0.00,250.78,1,3.99,1
vllm,multi_turn,224,101.64,44.69,146.33,2,13.67,1
vllm,multi_turn,225,148.38,0.00,173.86,1,5.75,1
vllm,multi_turn,226,208.48,15.95,224.43,2,8.91,1
vllm,multi_turn,227,146.91,0.00,181.90,1,5.50,1
vllm,multi_turn,228,173.16,0.00,185.02,1,5.40,1
vllm,multi_turn,229,109.38,0.00,139.98,1,7.14,1
vllm,multi_turn,230,200.45,69.00,269.45,2,7.42,1
vllm,multi_turn,231,194.50,67.14,261.64,2,7.64,1
vllm,multi_turn,232,67.07,0.00,80.75,1,12.38,1
vllm,multi_turn,233,129.57,0.00,185.27,1,5.40,1
vllm,multi_turn,234,151.17,42.27,193.43,2,10.34,1
vllm,multi_turn,235,184.61,42.42,227.04,2,8.81,1
vllm,multi_turn,236,187.46,0.00,202.51,1,4.94,1
vllm,multi_turn,237,144.15,0.00,313.75,1,3.19,1
vllm,multi_turn,238,179.85,80.63,260.48,2,7.68,1
vllm,multi_turn,239,224.82,0.00,292.89,1,3.41,1
vllm,multi_turn,240,78.29,0.00,101.05,1,9.90,1
vllm,multi_turn,241,102.38,25.08,127.47,2,15.69,1
vllm,multi_turn,242,162.21,0.00,162.53,1,6.15,1
vllm,multi_turn,243,240.86,28.26,269.12,2,7.43,1
vllm,multi_turn,244,112.87,0.00,233.02,1,4.29,1
vllm,multi_turn,245,180.55,113.14,293.69,2,6.81,1
vllm,multi_turn,246,213.82,108.42,322.25,2,6.21,1
vllm,multi_turn,247,157.28,77.05,234.33,2,8.53,1
vllm,multi_turn,248,109.65,20.39,130.04,2,15.38,1
vllm,multi_turn,249,117.23,0.00,117.51,1,8.51,1
vllm,multi_turn,250,157.01,22.38,179.39,2,11.15,1
vllm,multi_turn,251,218.03,4.41,222.44,2,8.99,1
vllm,multi_turn,252,223.03,0.00,239.48,1,4.18,1
vllm,multi_turn,253,212.47,0.00,274.91,1,3.64,1
vllm,multi_turn,254,151.31,70.31,221.62,2,9.02,1
vllm,multi_turn,255,241.06,0.00,282.71,1,3.54,1
vllm,multi_turn,256,91.11,13.82,104.93,2,19.06,1
vllm,multi_turn,257,186.33,0.00,231.17,1,4.33,1
vllm,multi_turn,258,270.57,0.00,275.67,1,3.63,1
vllm,multi_turn,259,208.54,0.00,222.56,1,4.49,1
vllm,multi_turn,260,134.49,0.00,144.19,1,6.94,1
vllm,multi_turn,261,170.95,21.04,191.99,2,10.42,1
vllm,multi_turn,262,137.09,0.00,229.42,1,4.36,1
vllm,multi_turn,263,252.38,0.00,252.62,1,3.96,1
vllm,multi_turn,264,79.40,0.00,79.69,1,12.55,1
vllm,multi_turn,265,135.48,12.96,213.24,7,32.83,0
vllm,multi_turn,266,142.74,79.28,222.02,2,9.01,1
vllm,multi_turn,267,240.79,0.00,276.12,1,3.62,1
vllm,multi_turn,268,174.46,0.00,190.60,1,5.25,1
vllm,multi_turn,269,148.84,0.00,159.07,1,6.29,1
vllm,multi_turn,270,248.57,0.00,329.82,1,3.03,1
vllm,multi_turn,271,208.74,124.20,332.94,2,6.01,1
vllm,multi_turn,272,81.65,86.19,167.84,2,11.92,1
vllm,multi_turn,273,179.59,54.94,234.53,2,8.53,1
vllm,multi_turn,274,176.56,0.00,181.52,1,5.51,1
vllm,multi_turn,275,147.16,0.00,147.46,1,6.78,1
vllm,multi_turn,276,206.11,0.00,218.17,1,4.58,1
vllm,multi_turn,277,249.33,0.00,249.58,1,4.01,1
vllm,multi_turn,278,225.98,35.29,261.27,2,7.65,1
vllm,multi_turn,279,234.13,65.91,300.04,2,6.67,1
vllm,multi_turn,280,73.04,0.00,76.45,1,13.08,1
vllm,multi_turn,281,119.47,0.00,121.54,1,8.23,1
vllm,multi_turn,282,164.96,0.00,240.05,1,4.17,1
vllm,multi_turn,283,283.29,0.00,283.58,1,3.53,1
vllm,multi_turn,284,183.83,21.82,205.65,2,9.73,1
vllm,multi_turn,285,158.05,0.00,209.32,1,4.78,1
vllm,multi_turn,286,276.19,0.00,392.28,1,2.55,1
vllm,multi_turn,287,254.44,0.00,269.86,1,3.71,1
vllm,multi_turn,288,231.21,0.00,263.37,1,3.80,1
vllm,multi_turn,289,250.49,0.00,255.35,1,3.92,1
vllm,multi_turn,290,101.82,0.00,113.13,1,8.84,1
vllm,multi_turn,291,249.03,0.00,249.33,1,4.01,1
vllm,multi_turn,292,182.22,0.00,315.26,1,3.17,1
vllm,multi_turn,293,236.38,0.00,236.61,1,4.23,1
vllm,multi_turn,294,177.68,43.74,221.42,2,9.03,1
vllm,multi_turn,295,129.82,0.00,130.04,1,7.69,1
vllm,multi_turn,296,75.15,0.00,75.41,1,13.26,1
vllm,multi_turn,297,125.52,7.69,133.21,2,15.01,1
vllm,multi_turn,298,178.75,0.00,186.79,1,5.35,1
vllm,multi_turn,299,204.73,0.00,211.93,1,4.72,1
vllm,multi_turn,300,143.69,119.41,263.10,2,7.60,1
vllm,multi_turn,301,201.52,0.00,325.94,1,3.07,1
vllm,multi_turn,302,213.02,0.00,266.96,1,3.75,1
vllm,multi_turn,303,252.24,0.00,335.70,1,2.98,1
vllm,multi_turn,304,50.78,0.00,70.31,1,14.22,1
vllm,multi_turn,305,112.53,49.94,162.48,2,12.31,1
vllm,multi_turn,306,141.50,46.77,188.27,2,10.62,1
vllm,multi_turn,307,282.84,0.00,313.16,1,3.19,1
vllm,multi_turn,308,113.58,43.61,157.19,2,12.72,1
vllm,multi_turn,309,224.34,0.00,274.74,1,3.64,1
vllm,multi_turn,310,303.24,30.51,333.74,2,5.99,1
vllm,multi_turn,311,219.49,0.00,357.95,1,2.79,1
vllm,multi_turn,312,109.83,0.00,134.47,1,7.44,1
vllm,multi_turn,313,122.27,0.00,122.56,1,8.16,1
vllm,multi_turn,314,156.86,19.42,176.28,2,11.35,1
vllm,multi_turn,315,256.47,0.00,256.71,1,3.90,1
vllm,multi_turn,316,163.59,160.46,324.05,2,6.17,1
vllm,multi_turn,317,173.66,78.26,251.92,2,7.94,1
vllm,multi_turn,318,232.77,0.00,274.06,1,3.65,1
vllm,multi_turn,319,94.38,50.89,145.27,2,13.77,1
vllm,multi_turn,320,62.40,32.67,95.07,2,21.04,1
vllm,multi_turn,321,113.12,0.00,219.55,1,4.55,1
vllm,multi_turn,322,144.72,74.64,219.36,2,9.12,1
vllm,multi_turn,323,265.18,64.51,329.69,2,6.07,1
vllm,multi_turn,324,127.35,27.39,154.74,2,12.92,1
vllm,multi_turn,325,116.72,0.00,116.95,1,8.55,1
vllm,multi_turn,326,241.36,109.88,351.24,2,5.69,1
vllm,multi_turn,327,245.42,0.00,364.03,1,2.75,1
vllm,multi_turn,328,112.98,0.00,134.11,1,7.46,1
vllm,multi_turn,329,159.33,15.44,174.76,2,11.44,1
vllm,multi_turn,330,231.32,0.00,236.54,1,4.23,1
vllm,multi_turn,331,283.97,2.78,286.76,2,6.97,1
vllm,multi_turn,332,194.97,30.76,225.74,2,8.86,1
vllm,multi_turn,333,155.27,0.00,170.89,1,5.85,1
vllm,multi_turn,334,221.06,0.00,239.54,1,4.17,1
vllm,multi_turn,335,122.99,172.83,295.82,2,6.76,1
vllm,multi_turn,336,235.81,0.00,281.94,1,3.55,1
vllm,multi_turn,337,225.73,0.00,247.56,1,4.04,1
vllm,multi_turn,338,118.69,54.62,173.31,2,11.54,1
vllm,multi_turn,339,145.51,0.00,170.71,1,5.86,1
vllm,multi_turn,340,210.04,0.00,219.45,1,4.56,1
vllm,multi_turn,341,154.23,77.09,231.32,2,8.65,1
vllm,multi_turn,342,218.93,0.00,248.36,1,4.03,1
vllm,multi_turn,343,132.22,0.00,146.48,1,6.83,1
vllm,multi_turn,344,56.64,33.28,89.92,2,22.24,1
vllm,multi_turn,345,113.93,0.00,181.53,1,5.51,1
vllm,multi_turn,346,155.58,0.00,217.31,1,4.60,1
vllm,multi_turn,347,219.42,0.00,220.88,1,4.53,1
vllm,multi_turn,348,391.33,0.00,435.47,1,2.30,1
vllm,multi_turn,349,273.97,0.00,367.82,1,2.72,1
vllm,multi_turn,350,187.90,0.00,223.43,1,4.48,1
vllm,multi_turn,351,162.69,17.62,180.31,2,11.09,1
vllm,multi_turn,352,218.31,0.00,241.98,1,4.13,1
vllm,multi_turn,353,210.63,0.00,229.80,1,4.35,1
vllm,multi_turn,354,164.98,0.00,165.26,1,6.05,1
vllm,multi_turn,355,95.90,79.20,175.09,2,11.42,1
vllm,multi_turn,356,162.68,0.00,208.85,1,4.79,1
vllm,multi_turn,357,163.21,22.16,185.37,2,10.79,1
vllm,multi_turn,358,143.09,5.14,148.23,2,13.49,1
vllm,multi_turn,359,179.19,0.00,198.40,1,5.04,1
vllm,multi_turn,360,148.21,29.17,177.38,2,11.27,1
vllm,multi_turn,361,104.62,21.46,126.08,2,15.86,1
vllm,multi_turn,362,246.27,17.59,263.85,2,7.58,1
vllm,multi_turn,363,179.82,24.54,204.36,2,9.79,1
vllm,multi_turn,364,180.92,66.27,247.19,2,8.09,1
vllm,multi_turn,365,249.52,0.00,296.25,1,3.38,1
vllm,multi_turn,366,249.93,68.91,318.84,2,6.27,1
vllm,multi_turn,367,166.49,0.00,181.76,1,5.50,1
vllm,multi_turn,368,132.60,9.91,142.51,2,14.03,1
vllm,multi_turn,369,161.38,28.66,190.04,2,10.52,1
vllm,multi_turn,370,256.33,0.00,269.48,1,3.71,1
vllm,multi_turn,371,278.37,119.51,397.88,2,5.03,1
vllm,multi_turn,372,213.78,0.00,233.47,1,4.28,1
vllm,multi_turn,373,133.92,0.00,162.83,1,6.14,1
vllm,multi_turn,374,130.90,97.52,228.42,2,8.76,1
vllm,multi_turn,375,164.97,41.58,206.55,2,9.68,1
vllm,multi_turn,376,116.06,0.00,143.46,1,6.97,1
vllm,multi_turn,377,194.52,0.00,243.19,1,4.11,1
vllm,multi_turn,378,172.65,0.00,181.87,1,5.50,1
vllm,multi_turn,379,130.67,81.67,212.34,2,9.42,1
vllm,multi_turn,380,327.04,47.09,374.12,2,5.35,1
vllm,multi_turn,381,186.98,133.95,320.93,2,6.23,1
vllm,multi_turn,382,186.24,0.00,230.13,1,4.35,1
vllm,multi_turn,383,173.15,0.00,242.83,1,4.12,1
vllm,multi_turn,384,101.06,0.00,109.55,1,9.13,1
vllm,multi_turn,385,147.59,0.00,170.02,1,5.88,1
vllm,multi_turn,386,189.49,0.00,219.27,1,4.56,1
vllm,multi_turn,387,221.87,0.00,222.15,1,4.50,1
vllm,multi_turn,388,339.67,24.56,364.23,2,5.49,1
vllm,multi_turn,389,222.84,75.04,297.88,2,6.71,1
vllm,multi_turn,390,316.98,114.07,431.06,2,4.64,1
vllm,multi_turn,391,165.13,0.00,216.62,1,4.62,1
vllm,multi_turn,392,139.41,0.00,161.38,1,6.20,1
vllm,multi_turn,393,218.25,0.00,233.17,1,4.29,1
vllm,multi_turn,394,182.16,22.64,204.80,2,9.77,1
vllm,multi_turn,395,276.49,132.43,408.92,2,4.89,0
vllm,multi_turn,396,195.95,132.91,328.86,2,6.08,1
vllm,multi_turn,397,186.58,69.45,256.03,2,7.81,1
vllm,multi_turn,398,128.68,0.00,145.70,1,6.86,1
vllm,multi_turn,399,119.96,0.00,130.29,1,7.67,1
vllm,multi_turn,400,112.40,42.76,155.16,2,12.89,1
vllm,multi_turn,401,126.85,0.00,127.18,1,7.86,1
vllm,multi_turn,402,152.34,0.00,280.09,1,3.57,1
vllm,multi_turn,403,217.88,9.98,227.86,2,8.78,1
vllm,multi_turn,404,203.20,226.23,429.43,2,4.66,1
vllm,multi_turn,405,173.90,0.00,293.05,1,3.41,1
vllm,multi_turn,406,191.39,95.35,286.74,2,6.97,1
vllm,multi_turn,407,190.18,0.00,273.06,1,3.66,1
vllm,multi_turn,408,123.72,0.00,124.00,1,8.06,1
vllm,multi_turn,409,207.11,0.00,207.41,1,4.82,1
vllm,multi_turn,410,174.70,0.00,189.60,1,5.27,1
vllm,multi_turn,411,132.68,0.00,171.08,1,5.85,1
vllm,multi_turn,412,269.53,0.00,407.47,1,2.45,1
vllm,multi_turn,413,195.38,78.40,273.78,2,7.31,1
vllm,multi_turn,414,254.37,99.25,353.62,2,5.66,1
vllm,multi_turn,415,224.37,14.07,238.45,2,8.39,1
vllm,multi_turn,416,154.33,0.00,164.97,1,6.06,1
vllm,multi_turn,417,135.69,0.00,135.94,1,7.36,1
vllm,multi_turn,418,203.92,29.40,233.32,2,8.57,1
vllm,multi_turn,419,224.09,0.00,235.99,1,4.24,1
vllm,multi_turn,420,189.40,0.00,280.77,1,3.56,1
vllm,multi_turn,421,289.20,0.00,308.91,1,3.24,1
vllm,multi_turn,422,240.20,0.00,291.71,1,3.43,1
vllm,multi_turn,423,227.55,92.50,320.05,2,6.25,0
vllm,multi_turn,424,190.83,0.39,191.21,2,10.46,1
vllm,multi_turn,425,187.85,0.45,188.30,2,10.62,1
vllm,multi_turn,426,186.47,0.00,196.62,1,5.09,1
vllm,multi_turn,427,217.17,131.63,348.80,2,5.73,1
vllm,multi_turn,428,121.00,85.95,206.96,2,9.66,1
vllm,multi_turn,429,334.60,10.11,344.72,2,5.80,1
vllm,multi_turn,430,162.42,0.00,184.23,1,5.43,1
vllm,multi_turn,431,146.30,0.00,174.39,1,5.73,1
vllm,multi_turn,432,104.76,0.00,123.03,1,8.13,1
vllm,multi_turn,433,189.69,0.00,204.00,1,4.90,1
vllm,multi_turn,434,237.72,18.16,346.67,7,20.19,0
vllm,multi_turn,435,246.24,74.48,320.71,2,6.24,1
vllm,multi_turn,436,168.93,0.00,189.50,1,5.28,1
vllm,multi_turn,437,154.71,84.83,239.54,2,8.35,1
vllm,multi_turn,438,232.79,0.32,233.11,2,8.58,1
vllm,multi_turn,439,209.86,0.00,389.20,1,2.57,1
vllm,multi_turn,440,187.53,0.00,276.30,1,3.62,1
vllm,multi_turn,441,236.91,33.03,269.95,2,7.41,1
vllm,multi_turn,442,192.57,8.77,201.34,2,9.93,1
vllm,multi_turn,443,193.98,100.95,294.93,2,6.78,1
vllm,multi_turn,444,125.76,0.00,151.04,1,6.62,1
vllm,multi_turn,445,129.49,0.00,149.57,1,6.69,1
vllm,multi_turn,446,254.83,0.00,270.20,1,3.70,1
vllm,multi_turn,447,91.12,26.40,117.52,2,17.02,1
vllm,multi_turn,448,228.00,0.00,232.90,1,4.29,1
vllm,multi_turn,449,282.01,71.37,353.38,2,5.66,1
vllm,multi_turn,450,214.94,24.77,239.71,2,8.34,1
vllm,multi_turn,451,109.09,92.30,201.39,2,9.93,1
vllm,multi_turn,452,137.51,0.00,165.80,1,6.03,1
vllm,multi_turn,453,143.93,0.41,144.34,2,13.86,1
vllm,multi_turn,454,179.78,51.04,230.82,2,8.66,1
vllm,multi_turn,455,201.51,0.00,244.70,1,4.09,1
vllm,multi_turn,456,145.47,0.00,148.23,1,6.75,1
vllm,multi_turn,457,125.96,0.00,158.66,1,6.30,1
vllm,multi_turn,458,242.27,150.14,392.42,2,5.10,1
vllm,multi_turn,459,167.50,0.00,195.49,1,5.12,1
vllm,multi_turn,460,80.06,85.05,165.11,2,12.11,1
vllm,multi_turn,461,252.47,9.92,262.39,2,7.62,1
vllm,multi_turn,462,212.87,0.00,269.47,1,3.71,1
vllm,multi_turn,463,157.66,153.57,311.24,2,6.43,1
vllm,multi_turn,464,140.26,11.57,186.54,5,26.80,0
vllm,multi_turn,465,125.68,0.00,163.14,1,6.13,1
vllm,multi_turn,466,283.65,0.00,288.21,1,3.47,1
vllm,multi_turn,467,298.34,135.62,433.96,2,4.61,1
vllm,multi_turn,468,213.96,76.02,289.98,2,6.90,1
vllm,multi_turn,469,169.07,0.00,259.99,1,3.85,1
vllm,multi_turn,470,254.66,0.00,354.01,1,2.82,1
vllm,multi_turn,471,129.72,141.35,271.07,2,7.38,1
vllm,multi_turn,472,242.93,22.39,265.32,2,7.54,1
vllm,multi_turn,473,168.67,76.58,245.25,2,8.16,1
vllm,multi_turn,474,161.98,67.38,229.35,2,8.72,1
vllm,multi_turn,475,283.07,0.00,342.39,1,2.92,1
vllm,multi_turn,476,233.12,96.91,330.03,2,6.06,1
vllm,multi_turn,477,272.24,0.00,330.40,1,3.03,1
vllm,multi_turn,478,129.73,0.00,139.10,1,7.19,1
vllm,multi_turn,479,119.51,0.00,168.83,1,5.92,1
vllm,multi_turn,480,243.37,0.00,285.68,1,3.50,1
vllm,multi_turn,481,344.11,26.69,370.80,2,5.39,1
vllm,multi_turn,482,167.12,0.00,226.53,1,4.41,1
vllm,multi_turn,483,208.50,93.29,301.79,2,6.63,1
vllm,multi_turn,484,216.23,0.00,250.63,1,3.99,1
vllm,multi_turn,485,115.75,0.00,125.89,1,7.94,1
vllm,multi_turn,486,194.11,0.00,231.08,1,4.33,1
vllm,multi_turn,487,210.96,151.40,362.36,2,5.52,1
vllm,multi_turn,488,133.24,0.00,152.25,1,6.57,1
vllm,multi_turn,489,137.38,0.00,162.24,1,6.16,1
vllm,multi_turn,490,195.04,0.00,238.14,1,4.20,1
vllm,multi_turn,491,138.68,0.00,158.83,1,6.30,1
vllm,multi_turn,492,239.01,0.00,249.05,1,4.02,1
vllm,multi_turn,493,65.22,17.29,99.79,3,30.06,0
vllm,multi_turn,494,210.76,0.00,210.98,1,4.74,1
vllm,multi_turn,495,162.20,0.00,185.68,1,5.39,1
vllm,multi_turn,496,216.31,55.74,272.05,2,7.35,1
vllm,multi_turn,497,218.56,0.00,256.63,1,3.90,1
vllm,multi_turn,498,275.17,92.78,367.94,2,5.44,1
vllm,multi_turn,499,285.06,0.00,330.60,1,3.02,1
vllm,multi_turn,500,174.14,0.00,244.15,1,4.10,1
vllm,multi_turn,501,250.86,0.00,373.85,1,2.67,1
vllm,multi_turn,502,165.59,98.64,264.23,2,7.57,1
vllm,multi_turn,503,195.19,29.44,224.63,2,8.90,1
vllm,multi_turn,504,191.15,29.90,221.05,2,9.05,1
vllm,multi_turn,505,232.10,0.00,264.13,1,3.79,1
vllm,multi_turn,506,153.26,0.00,234.40,1,4.27,1
vllm,multi_turn,507,207.32,177.31,384.63,2,5.20,1
vllm,multi_turn,508,186.80,84.44,271.24,2,7.37,1
vllm,multi_turn,509,138.33,0.00,208.05,1,4.81,1
vllm,multi_turn,510,225.66,93.03,318.69,2,6.28,1
vllm,multi_turn,511,256.43,41.07,297.50,2,6.72,1
vllm,multi_turn,512,138.06,0.00,175.29,1,5.70,1
vllm,multi_turn,513,285.64,0.00,355.67,1,2.81,1
vllm,multi_turn,514,199.37,0.00,293.19,1,3.41,1
vllm,multi_turn,515,294.81,24.74,319.55,2,6.26,1
vllm,multi_turn,516,233.34,0.00,238.54,1,4.19,1
vllm,multi_turn,517,200.90,90.14,291.04,2,6.87,1
vllm,multi_turn,518,223.23,0.00,327.23,1,3.06,1
vllm,multi_turn,519,181.67,156.71,338.38,2,5.91,1
vllm,multi_turn,520,208.34,0.00,213.27,1,4.69,1
vllm,multi_turn,521,194.20,0.00,220.37,1,4.54,1
vllm,multi_turn,522,151.70,0.00,151.91,1,6.58,1
vllm,multi_turn,523,97.81,0.00,113.59,1,8.80,1
vllm,multi_turn,524,149.02,27.05,176.08,2,11.36,1
vllm,multi_turn,525,213.18,0.00,228.14,1,4.38,1
vllm,multi_turn,526,253.96,0.00,282.86,1,3.54,1
vllm,multi_turn,527,176.17,34.65,210.82,2,9.49,1
vllm,multi_turn,528,109.46,28.65,138.10,2,14.48,1
vllm,multi_turn,529,222.15,0.00,297.29,1,3.36,1
vllm,multi_turn,530,96.35,40.86,137.21,2,14.58,1
vllm,multi_turn,531,64.69,42.36,149.42,3,20.08,0
vllm,multi_turn,532,194.53,40.93,235.46,2,8.49,1
vllm,multi_turn,533,159.90,0.00,193.58,1,5.17,1
vllm,multi_turn,534,153.52,0.00,183.42,1,5.45,1
vllm,multi_turn,535,98.43,0.00,125.42,1,7.97,1
vllm,multi_turn,536,153.18,61.80,214.98,2,9.30,1
vllm,multi_turn,537,248.71,0.00,281.76,1,3.55,1
vllm,multi_turn,538,150.80,5.10,155.90,2,12.83,1
vllm,multi_turn,539,229.32,9.52,238.84,2,8.37,1
vllm,multi_turn,540,168.65,0.00,301.06,1,3.32,1
vllm,multi_turn,541,149.34,0.00,232.32,1,4.30,1
vllm,multi_turn,542,183.24,90.66,273.90,2,7.30,1
vllm,multi_turn,543,266.92,0.00,308.68,1,3.24,1
vllm,multi_turn,544,214.04,111.37,325.41,2,6.15,1
vllm,multi_turn,545,237.23,0.00,355.39,1,2.81,1
vllm,multi_turn,546,180.64,0.00,185.56,1,5.39,1
vllm,multi_turn,547,189.12,0.00,196.54,1,5.09,1
vllm,multi_turn,548,128.21,0.00,148.69,1,6.73,1
vllm,multi_turn,549,146.49,0.00,172.66,1,5.79,1
vllm,multi_turn,550,84.84,117.63,202.46,2,9.88,1
vllm,multi_turn,551,202.13,0.00,212.54,1,4.71,1
vllm,multi_turn,552,155.81,69.32,225.12,2,8.88,1
vllm,multi_turn,553,151.28,0.00,170.25,1,5.87,1
vllm,multi_turn,554,126.56,0.33,126.89,2,15.76,1
vllm,multi_turn,555,152.13,0.00,210.77,1,4.74,1
vllm,multi_turn,556,278.91,43.54,322.45,2,6.20,1
vllm,multi_turn,557,198.53,0.00,244.63,1,4.09,1
vllm,multi_turn,558,253.24,0.00,387.76,1,2.58,1
vllm,multi_turn,559,233.34,46.79,280.13,2,7.14,1
vllm,multi_turn,560,242.05,0.00,292.52,1,3.42,1
vllm,multi_turn,561,201.79,0.00,218.66,1,4.57,1
vllm,multi_turn,562,92.71,0.00,191.25,1,5.23,1
vllm,multi_turn,563,248.14,0.00,248.34,1,4.03,1
vllm,multi_turn,564,246.08,0.00,256.37,1,3.90,1
vllm,multi_turn,565,209.13,0.00,291.37,1,3.43,1
vllm,multi_turn,566,207.82,0.00,283.34,1,3.53,1
vllm,multi_turn,567,267.79,89.52,357.31,2,5.60,1
vllm,multi_turn,568,152.13,4.70,156.83,2,12.75,1
vllm,multi_turn,569,173.54,0.00,225.08,1,4.44,1
vllm,multi_turn,570,145.80,43.22,189.02,2,10.58,1
vllm,multi_turn,571,82.01,0.00,160.23,1,6.24,1
vllm,multi_turn,572,231.97,0.35,232.32,2,8.61,1
vllm,multi_turn,573,155.09,0.00,191.37,1,5.23,1
vllm,multi_turn,574,159.75,0.00,164.37,1,6.08,1
vllm,multi_turn,575,197.57,0.00,260.71,1,3.84,1
vllm,multi_turn,576,103.37,0.00,150.59,1,6.64,1
vllm,multi_turn,577,198.91,64.47,263.38,2,7.59,1
vllm,multi_turn,578,212.60,57.19,269.80,2,7.41,1
vllm,multi_turn,579,142.23,0.00,155.16,1,6.44,1
vllm,multi_turn,580,137.06,44.36,181.42,2,11.02,1
vllm,multi_turn,581,186.77,0.00,245.92,1,4.07,1
vllm,multi_turn,582,149.15,31.19,180.34,2,11.09,0
vllm,multi_turn,583,100.39,0.00,144.48,1,6.92,1
vllm,multi_turn,584,102.28,0.00,152.46,1,6.56,1
vllm,multi_turn,585,187.44,55.94,243.38,2,8.22,1
vllm,multi_turn,586,209.48,56.12,265.60,2,7.53,1
vllm,multi_turn,587,97.25,0.00,106.78,1,9.36,1
vllm,multi_turn,588,121.72,0.00,215.76,1,4.63,1
vllm,multi_turn,589,100.04,47.53,147.57,2,13.55,1
vllm,multi_turn,590,77.77,0.00,107.83,1,9.27,1
vllm,multi_turn,591,260.97,0.00,330.96,1,3.02,1
vllm,multi_turn,592,168.33,67.58,235.91,2,8.48,1
vllm,multi_turn,593,122.75,0.00,126.11,1,7.93,1
vllm,multi_turn,594,123.40,87.82,211.22,2,9.47,1
vllm,multi_turn,595,219.10,0.00,282.56,1,3.54,1
vllm,multi_turn,596,122.19,25.16,147.34,2,13.57,1
vllm,multi_turn,597,121.15,52.97,174.12,2,11.49,1
vllm,multi_turn,598,203.95,0.00,280.38,1,3.57,1
vllm,multi_turn,599,239.02,150.79,389.81,2,5.13,1
vllm,multi_turn,600,305.04,0.40,305.44,2,6.55,0
vllm,multi_turn,601,134.68,0.00,143.57,1,6.97,1
vllm,multi_turn,602,148.78,0.00,178.49,1,5.60,1
vllm,multi_turn,603,237.32,0.00,262.75,1,3.81,1
vllm,multi_turn,604,164.12,42.16,206.28,2,9.70,1
vllm,multi_turn,605,93.09,13.78,106.87,2,18.71,1
vllm,multi_turn,606,176.85,0.00,308.98,1,3.24,1
vllm,multi_turn,607,200.86,0.00,363.11,1,2.75,1
vllm,multi_turn,608,227.17,134.19,361.35,2,5.53,1
vllm,multi_turn,609,217.63,0.00,271.81,1,3.68,1
vllm,multi_turn,610,151.52,48.68,200.19,2,9.99,1
vllm,multi_turn,611,71.11,0.00,120.61,1,8.29,1
vllm,multi_turn,612,198.27,0.00,224.49,1,4.45,1
vllm,multi_turn,613,229.59,0.00,294.87,1,3.39,1
vllm,multi_turn,614,238.98,0.00,271.15,1,3.69,1
vllm,multi_turn,615,69.08,0.00,166.22,1,6.02,1
vllm,multi_turn,616,165.12,0.00,170.06,1,5.88,1
vllm,multi_turn,617,162.60,0.00,179.18,1,5.58,1
vllm,multi_turn,618,104.57,0.35,104.92,2,19.06,1
vllm,multi_turn,619,123.17,0.00,137.60,1,7.27,1
vllm,multi_turn,620,210.17,0.00,215.40,1,4.64,1
vllm,multi_turn,621,146.38,150.14,296.52,2,6.74,1
vllm,multi_turn,622,238.83,0.00,327.20,1,3.06,1
vllm,multi_turn,623,88.14,0.00,107.48,1,9.30,1
vllm,multi_turn,624,114.37,0.00,147.93,1,6.76,1
vllm,multi_turn,625,171.32,0.00,174.11,1,5.74,1
vllm,multi_turn,626,215.94,33.72,249.67,2,8.01,1
vllm,multi_turn,627,207.76,71.65,279.41,2,7.16,1
vllm,multi_turn,628,190.78,73.30,264.09,2,7.57,1
vllm,multi_turn,629,164.62,0.00,352.05,1,2.84,1
vllm,multi_turn,630,195.62,67.11,262.73,2,7.61,1
vllm,multi_turn,631,179.94,0.00,192.34,1,5.20,1
vllm,multi_turn,632,172.10,75.68,247.78,2,8.07,1
vllm,multi_turn,633,152.45,0.00,213.13,1,4.69,1
vllm,multi_turn,634,230.50,118.69,349.19,2,5.73,1
vllm,multi_turn,635,165.39,116.05,281.44,2,7.11,1
vllm,multi_turn,636,135.96,58.80,194.76,2,10.27,1
vllm,multi_turn,637,119.61,44.23,163.83,2,12.21,1
vllm,multi_turn,638,201.03,0.00,265.18,1,3.77,1
vllm,multi_turn,639,188.16,0.00,203.52,1,4.91,1
vllm,multi_turn,640,88.36,13.16,101.52,2,19.70,1
vllm,multi_turn,641,174.26,82.07,256.33,2,7.80,1
vllm,multi_turn,642,202.80,71.77,274.57,2,7.28,1
vllm,multi_turn,643,371.75,37.02,408.77,2,4.89,1
vllm,multi_turn,644,178.39,0.00,232.83,1,4.30,1
vllm,multi_turn,645,204.38,0.00,231.55,1,4.32,1
vllm,multi_turn,646,156.37,0.00,159.39,1,6.27,1
vllm,multi_turn,647,125.87,64.83,190.70,2,10.49,1
vllm,multi_turn,648,183.40,0.00,278.02,1,3.60,1
vllm,multi_turn,649,182.94,118.89,301.83,2,6.63,1
vllm,multi_turn,650,283.93,0.00,284.17,1,3.52,1
vllm,multi_turn,651,173.52,27.82,201.34,2,9.93,1
vllm,multi_turn,652,271.42,0.00,329.64,1,3.03,1
vllm,multi_turn,653,196.23,0.00,238.17,1,4.20,1
vllm,multi_turn,654,152.41,0.00,152.62,1,6.55,1
vllm,multi_turn,655,121.10,72.22,193.32,2,10.35,1
vllm,multi_turn,656,111.82,56.23,168.06,2,11.90,1
vllm,multi_turn,657,277.08,0.00,277.28,1,3.61,1
vllm,multi_turn,658,183.64,0.00,183.86,1,5.44,1
vllm,multi_turn,659,178.20,0.00,189.00,1,5.29,1
vllm,multi_turn,660,137.63,44.40,182.03,2,10.99,1
vllm,multi_turn,661,248.59,0.00,343.52,1,2.91,1
vllm,multi_turn,662,178.13,45.23,223.35,2,8.95,1
vllm,multi_turn,663,203.84,72.31,276.15,2,7.24,1
vllm,multi_turn,664,262.25,117.57,379.82,2,5.27,1
vllm,multi_turn,665,158.69,12.53,309.00,13,42.07,0
vllm,multi_turn,666,158.76,0.00,159.00,1,6.29,1
vllm,multi_turn,667,217.47,126.73,344.20,2,5.81,1
vllm,multi_turn,668,124.51,0.00,139.94,1,7.15,1
vllm,multi_turn,669,110.34,20.99,131.34,2,15.23,1
vllm,multi_turn,670,242.57,67.23,309.80,2,6.46,1
vllm,multi_turn,671,277.79,0.00,301.22,1,3.32,1
vllm,multi_turn,672,163.10,0.00,197.36,1,5.07,1
vllm,multi_turn,673,93.72,0.00,142.56,1,7.01,1
vllm,multi_turn,674,264.74,0.00,264.99,1,3.77,1
vllm,multi_turn,675,195.49,93.23,288.71,2,6.93,1
vllm,multi_turn,676,213.80,24.87,238.66,2,8.38,1
vllm,multi_turn,677,204.85,117.13,321.98,2,6.21,1
vllm,multi_turn,678,249.13,97.24,346.37,2,5.77,1
vllm,multi_turn,679,229.43,0.00,247.89,1,4.03,1
vllm,multi_turn,680,135.00,0.00,252.43,1,3.96,1
vllm,multi_turn,681,245.03,66.89,311.92,2,6.41,1
vllm,multi_turn,682,233.22,25.73,258.95,2,7.72,1
vllm,multi_turn,683,206.67,0.00,224.05,1,4.46,1
vllm,multi_turn,684,229.72,132.04,361.76,2,5.53,1
vllm,multi_turn,685,183.15,77.28,260.42,2,7.68,1
vllm,multi_turn,686,159.92,0.00,169.06,1,5.92,1
vllm,multi_turn,687,141.80,0.00,159.87,1,6.26,1
vllm,multi_turn,688,338.78,17.72,356.50,2,5.61,1
vllm,multi_turn,689,180.22,56.28,236.51,2,8.46,1
vllm,multi_turn,690,149.82,146.15,295.97,2,6.76,1
vllm,multi_turn,691,111.49,0.00,117.43,1,8.52,1
vllm,multi_turn,692,163.86,0.00,167.79,1,5.96,1
vllm,multi_turn,693,148.52,103.00,251.52,2,7.95,1
vllm,multi_turn,694,209.20,87.68,296.88,2,6.74,1
vllm,multi_turn,695,234.61,83.37,317.98,2,6.29,1
vllm,multi_turn,696,95.75,86.21,181.96,2,10.99,1
vllm,multi_turn,697,231.74,0.00,290.97,1,3.44,1
vllm,multi_turn,698,142.64,27.64,170.27,2,11.75,1
vllm,multi_turn,699,183.17,0.33,183.50,2,10.90,1
vllm,multi_turn,700,155.67,169.93,325.61,2,6.14,1
vllm,multi_turn,701,220.58,41.66,262.24,2,7.63,1
vllm,multi_turn,702,118.40,23.74,142.14,2,14.07,1
vllm,multi_turn,703,133.69,21.61,155.30,2,12.88,1
vllm,multi_turn,704,199.16,0.00,209.25,1,4.78,1
vllm,multi_turn,705,265.49,0.00,355.94,1,2.81,1
vllm,multi_turn,706,143.07,0.00,190.86,1,5.24,1
vllm,multi_turn,707,158.64,36.36,195.01,2,10.26,1
vllm,multi_turn,708,116.14,29.57,145.71,2,13.73,1
vllm,multi_turn,709,242.93,0.00,387.86,1,2.58,1
vllm,multi_turn,710,266.87,47.79,314.66,2,6.36,1
vllm,multi_turn,711,181.10,36.15,217.25,2,9.21,1
vllm,multi_turn,712,261.13,0.00,261.34,1,3.83,1
vllm,multi_turn,713,195.68,0.00,253.70,1,3.94,1
vllm,multi_turn,714,194.71,39.71,234.41,2,8.53,1
vllm,multi_turn,715,82.00,30.51,112.51,2,17.78,1
vllm,multi_turn,716,229.00,126.99,355.99,2,5.62,1
vllm,multi_turn,717,160.95,0.00,227.47,1,4.40,1
vllm,multi_turn,718,162.10,0.00,175.18,1,5.71,1
vllm,multi_turn,719,110.27,35.62,145.89,2,13.71,0
vllm,multi_turn,720,199.13,45.91,245.04,2,8.16,1
vllm,multi_turn,721,171.40,0.00,230.88,1,4.33,1
vllm,multi_turn,722,214.81,0.00,246.52,1,4.06,1
vllm,multi_turn,723,58.64,0.00,87.80,1,11.39,1
vllm,multi_turn,724,193.84,64.99,258.83,2,7.73,1
vllm,multi_turn,725,274.87,0.00,395.49,1,2.53,1
vllm,multi_turn,726,173.96,151.31,325.27,2,6.15,1
vllm,multi_turn,727,207.46,34.35,241.82,2,8.27,1
vllm,multi_turn,728,174.05,0.00,220.56,1,4.53,1
vllm,multi_turn,729,197.51,135.33,332.84,2,6.01,1
vllm,multi_turn,730,156.69,0.00,213.04,1,4.69,1
vllm,multi_turn,731,160.02,0.00,169.56,1,5.90,1
vllm,multi_turn,732,135.38,42.33,177.70,2,11.25,1
vllm,multi_turn,733,213.98,0.00,265.08,1,3.77,1
vllm,multi_turn,734,141.97,0.00,151.56,1,6.60,1
vllm,multi_turn,735,177.22,0.00,212.12,1,4.71,1
vllm,multi_turn,736,171.04,0.00,188.69,1,5.30,1
vllm,multi_turn,737,150.66,10.22,160.88,2,12.43,1
vllm,multi_turn,738,185.32,71.79,257.11,2,7.78,1
vllm,multi_turn,739,206.51,0.00,292.24,1,3.42,1
vllm,multi_turn,740,266.25,0.00,310.47,1,3.22,1
vllm,multi_turn,741,227.77,67.16,294.93,2,6.78,1
vllm,multi_turn,742,190.53,0.00,209.24,1,4.78,1
vllm,multi_turn,743,100.62,0.00,100.84,1,9.92,1
vllm,multi_turn,744,227.45,0.00,311.69,1,3.21,1
vllm,multi_turn,745,210.50,0.00,262.83,1,3.80,1
vllm,multi_turn,746,156.07,88.08,244.15,2,8.19,1
vllm,multi_turn,747,240.49,71.04,311.54,2,6.42,1
vllm,multi_turn,748,228.02,0.00,267.74,1,3.74,1
vllm,multi_turn,749,107.57,40.79,148.37,2,13.48,1
vllm,multi_turn,750,136.54,0.00,162.51,1,6.15,1
vllm,multi_turn,751,88.87,6.54,95.42,2,20.96,1
vllm,multi_turn,752,249.10,0.00,269.13,1,3.72,1
vllm,multi_turn,753,169.79,0.00,211.93,1,4.72,1
vllm,multi_turn,754,167.60,33.39,200.99,2,9.95,1
vllm,multi_turn,755,182.86,0.41,183.26,2,10.91,1
vllm,multi_turn,756,226.63,114.40,341.03,2,5.86,1
vllm,multi_turn,757,208.42,0.00,231.78,1,4.31,1
vllm,multi_turn,758,215.58,0.00,227.29,1,4.40,1
vllm,multi_turn,759,106.66,0.00,115.30,1,8.67,1
vllm,multi_turn,760,185.68,0.00,220.31,1,4.54,1
vllm,multi_turn,761,195.15,0.00,244.76,1,4.09,1
vllm,multi_turn,762,141.32,19.14,160.45,2,12.46,1
vllm,multi_turn,763,150.54,0.00,154.79,1,6.46,1
vllm,multi_turn,764,209.06,0.00,264.72,1,3.78,1
vllm,multi_turn,765,302.42,0.00,367.48,1,2.72,1
vllm,multi_turn,766,204.26,114.86,319.12,2,6.27,1
vllm,multi_turn,767,242.84,0.00,314.31,1,3.18,1
vllm,multi_turn,768,198.26,0.00,296.50,1,3.37,1
vllm,multi_turn,769,195.83,0.00,302.53,1,3.31,1
vllm,multi_turn,770,135.65,0.00,293.48,1,3.41,1
vllm,multi_turn,771,185.11,40.09,225.20,2,8.88,1
vllm,multi_turn,772,213.81,0.00,238.54,1,4.19,1
vllm,multi_turn,773,76.04,0.00,128.14,1,7.80,1
vllm,multi_turn,774,160.24,0.00,182.79,1,5.47,1
vllm,multi_turn,775,122.62,3.16,125.78,2,15.90,1
vllm,multi_turn,776,217.91,0.00,286.93,1,3.49,1
vllm,multi_turn,777,221.73,0.00,263.64,1,3.79,1
vllm,multi_turn,778,247.57,0.00,290.96,1,3.44,1
vllm,multi_turn,779,216.24,0.00,257.14,1,3.89,1
vllm,multi_turn,780,149.81,30.27,180.08,2,11.11,1
vllm,multi_turn,781,181.39,81.63,263.02,2,7.60,1
vllm,multi_turn,782,172.64,0.00,207.87,1,4.81,1
vllm,multi_turn,783,100.52,9.56,110.08,2,18.17,1
vllm,multi_turn,784,101.57,24.60,126.17,2,15.85,1
vllm,multi_turn,785,150.04,0.00,179.75,1,5.56,1
vllm,multi_turn,786,67.25,75.19,142.44,2,14.04,1
vllm,multi_turn,787,224.80,0.23,225.25,3,13.32,0
vllm,multi_turn,788,174.20,86.96,261.16,2,7.66,1
vllm,multi_turn,789,319.49,0.00,415.09,1,2.41,1
vllm,multi_turn,790,153.57,0.00,179.30,1,5.58,1
vllm,multi_turn,791,110.21,10.40,120.61,2,16.58,1
vllm,multi_turn,792,241.35,0.00,260.76,1,3.83,1
vllm,multi_turn,793,181.64,40.90,222.54,2,8.99,0
vllm,multi_turn,794,119.79,0.00,120.01,1,8.33,1
vllm,multi_turn,795,218.97,0.00,249.20,1,4.01,1
vllm,multi_turn,796,220.76,0.00,257.59,1,3.88,1
vllm,multi_turn,797,140.27,0.00,145.37,1,6.88,1
vllm,multi_turn,798,143.28,0.00,151.58,1,6.60,1
vllm,multi_turn,799,132.33,0.00,132.55,1,7.54,1
vllm,multi_turn,800,123.14,0.00,152.07,1,6.58,1
vllm,multi_turn,801,92.59,20.53,113.11,2,17.68,1
vllm,multi_turn,802,214.30,0.00,305.46,1,3.27,1
vllm,multi_turn,803,222.85,59.43,282.27,2,7.09,1
vllm,multi_turn,804,166.82,0.00,187.74,1,5.33,1
vllm,multi_turn,805,122.27,0.00,173.73,1,5.76,1
vllm,multi_turn,806,144.95,0.00,180.32,1,5.55,1
vllm,multi_turn,807,112.19,0.71,112.90,2,17.72,1
vllm,multi_turn,808,213.10,89.28,391.66,3,7.66,0
vllm,multi_turn,809,200.71,61.24,261.95,2,7.63,1
vllm,multi_turn,810,229.65,0.00,234.59,1,4.26,1
vllm,multi_turn,811,228.45,86.41,314.86,2,6.35,0
vllm,multi_turn,812,176.29,96.77,273.05,2,7.32,1
vllm,multi_turn,813,241.93,102.54,344.47,2,5.81,1
vllm,multi_turn,814,219.96,84.88,304.84,2,6.56,1
vllm,multi_turn,815,133.54,0.00,155.92,1,6.41,1
vllm,multi_turn,816,217.98,90.63,308.61,2,6.48,1
vllm,multi_turn,817,192.94,0.00,275.36,1,3.63,1
vllm,multi_turn,818,125.64,156.82,282.46,2,7.08,1
vllm,multi_turn,819,198.07,0.00,279.17,1,3.58,1
vllm,multi_turn,820,227.99,32.67,260.66,2,7.67,1
vllm,multi_turn,821,217.88,163.73,381.62,2,5.24,1
vllm,multi_turn,822,219.71,0.00,269.38,1,3.71,1
vllm,multi_turn,823,110.47,0.00,135.13,1,7.40,1
vllm,multi_turn,824,167.74,0.00,214.10,1,4.67,1
vllm,multi_turn,825,200.33,130.24,330.57,2,6.05,1
vllm,multi_turn,826,123.43,166.12,289.55,2,6.91,1
vllm,multi_turn,827,123.19,0.00,169.73,1,5.89,1
vllm,multi_turn,828,76.99,101.41,178.40,2,11.21,1
vllm,multi_turn,829,179.38,0.00,240.07,1,4.17,1
vllm,multi_turn,830,264.16,0.00,300.71,1,3.33,1
vllm,multi_turn,831,113.32,28.10,141.43,2,14.14,1
vllm,multi_turn,832,131.72,0.00,230.58,1,4.34,1
vllm,multi_turn,833,154.21,0.00,288.85,1,3.46,1
vllm,multi_turn,834,160.70,104.76,265.46,2,7.53,1
vllm,multi_turn,835,136.17,173.21,309.38,2,6.46,1
vllm,multi_turn,836,136.99,70.97,207.96,2,9.62,1
vllm,multi_turn,837,155.78,24.41,180.19,2,11.10,1
vllm,multi_turn,838,138.41,0.00,166.68,1,6.00,1
vllm,multi_turn,839,130.02,23.54,153.56,2,13.02,1
vllm,multi_turn,840,146.44,5.00,151.44,2,13.21,1
vllm,multi_turn,841,198.96,0.00,317.21,1,3.15,1
vllm,multi_turn,842,169.68,0.00,310.18,1,3.22,1
vllm,multi_turn,843,313.14,0.00,315.76,1,3.17,1
vllm,multi_turn,844,179.84,0.00,188.94,1,5.29,1
vllm,multi_turn,845,236.46,0.00,259.22,1,3.86,1
vllm,multi_turn,846,100.82,0.31,101.13,2,19.78,1
vllm,multi_turn,847,94.72,0.00,126.04,1,7.93,1
vllm,multi_turn,848,285.39,0.00,366.30,1,2.73,1
vllm,multi_turn,849,173.72,0.00,228.22,1,4.38,1
vllm,multi_turn,850,85.43,0.00,98.01,1,10.20,1
vllm,multi_turn,851,267.79,0.00,268.05,1,3.73,1
vllm,multi_turn,852,181.86,0.00,182.08,1,5.49,1
vllm,multi_turn,853,263.63,0.00,392.27,1,2.55,1
vllm,multi_turn,854,254.32,8.70,263.02,2,7.60,1
vllm,multi_turn,855,165.37,3.31,168.68,2,11.86,1
vllm,multi_turn,856,334.70,0.00,354.05,1,2.82,1
vllm,multi_turn,857,169.71,0.00,206.80,1,4.84,1
vllm,multi_turn,858,266.40,0.00,340.44,1,2.94,1
vllm,multi_turn,859,213.91,0.00,228.97,1,4.37,1
vllm,multi_turn,860,225.78,0.00,369.88,1,2.70,1
vllm,multi_turn,861,159.56,119.65,279.21,2,7.16,1
vllm,multi_turn,862,193.20,74.49,267.68,2,7.47,1
vllm,multi_turn,863,150.73,40.19,190.91,2,10.48,1
vllm,multi_turn,864,146.02,41.65,187.67,2,10.66,1
vllm,multi_turn,865,104.78,0.00,145.08,1,6.89,1
vllm,multi_turn,866,189.92,0.00,254.12,1,3.94,1
vllm,multi_turn,867,229.64,111.82,341.46,2,5.86,1
vllm,multi_turn,868,250.59,0.00,265.79,1,3.76,1
vllm,multi_turn,869,172.09,165.28,337.37,2,5.93,1
vllm,multi_turn,870,210.99,76.32,287.31,2,6.96,1
vllm,multi_turn,871,84.50,0.00,124.35,1,8.04,1
vllm,multi_turn,872,147.77,0.00,175.76,1,5.69,1
vllm,multi_turn,873,136.94,0.00,159.81,1,6.26,1
vllm,multi_turn,874,173.99,0.00,222.00,1,4.50,1
vllm,multi_turn,875,192.64,148.15,340.79,2,5.87,1
vllm,multi_turn,876,201.02,0.00,277.23,1,3.61,1
vllm,multi_turn,877,234.92,0.00,282.86,1,3.54,1
vllm,multi_turn,878,272.95,0.00,317.81,1,3.15,1
vllm,multi_turn,879,127.45,25.84,153.29,2,13.05,1
vllm,multi_turn,880,211.71,0.34,212.05,2,9.43,1
vllm,multi_turn,881,244.10,71.84,315.94,2,6.33,1
vllm,multi_turn,882,159.90,0.00,228.58,1,4.37,1
vllm,multi_turn,883,198.48,144.66,343.14,2,5.83,1
vllm,multi_turn,884,212.25,0.00,258.74,1,3.86,1
vllm,multi_turn,885,314.08,0.00,334.26,1,2.99,1
vllm,multi_turn,886,107.11,0.00,113.99,1,8.77,1
vllm,multi_turn,887,70.98,0.00,71.28,1,14.03,1
vllm,multi_turn,888,146.72,0.00,305.84,1,3.27,1
vllm,multi_turn,889,173.87,44.82,218.69,2,9.15,1
vllm,multi_turn,890,171.23,198.78,370.00,2,5.41,1
vllm,multi_turn,891,157.92,0.00,214.18,1,4.67,1
vllm,multi_turn,892,190.59,0.00,274.99,1,3.64,1
vllm,multi_turn,893,293.05,113.58,406.63,2,4.92,1
vllm,multi_turn,894,204.53,82.01,286.54,2,6.98,1
vllm,multi_turn,895,116.03,9.45,125.49,2,15.94,1
vllm,multi_turn,896,155.62,0.00,240.36,1,4.16,1
vllm,multi_turn,897,133.80,0.00,161.44,1,6.19,1
vllm,multi_turn,898,70.63,0.00,139.45,1,7.17,1
vllm,multi_turn,899,206.05,0.00,357.18,1,2.80,1
vllm,multi_turn,900,181.59,50.63,232.22,2,8.61,1
vllm,multi_turn,901,199.71,0.00,257.49,1,3.88,1
vllm,multi_turn,902,120.13,38.09,158.22,2,12.64,1
vllm,multi_turn,903,47.38,0.00,53.39,1,18.73,1
vllm,multi_turn,904,219.83,0.00,238.97,1,4.18,1
vllm,multi_turn,905,206.07,177.08,383.15,2,5.22,1
vllm,multi_turn,906,235.72,28.76,264.47,2,7.56,1
vllm,multi_turn,907,164.44,146.66,311.10,2,6.43,1
vllm,multi_turn,908,166.30,0.00,208.21,1,4.80,1
vllm,multi_turn,909,76.56,0.00,81.84,1,12.22,1
vllm,multi_turn,910,98.26,33.75,132.01,2,15.15,1
vllm,multi_turn,911,48.71,0.00,60.98,1,16.40,1
vllm,multi_turn,912,127.65,34.33,161.98,2,12.35,1
vllm,multi_turn,913,125.37,0.00,130.21,1,7.68,1
vllm,multi_turn,914,215.78,121.72,337.50,2,5.93,1
vllm,multi_turn,915,274.15,14.96,289.11,2,6.92,1
vllm,multi_turn,916,218.73,72.43,291.15,2,6.87,1
vllm,multi_turn,917,278.90,17.96,296.86,2,6.74,1
vllm,multi_turn,918,105.55,26.90,132.45,2,15.10,1
vllm,multi_turn,919,84.11,0.00,100.31,1,9.97,1
vllm,multi_turn,920,137.25,0.00,211.70,1,4.72,1
vllm,multi_turn,921,163.75,0.00,182.88,1,5.47,1
vllm,multi_turn,922,101.68,86.86,188.54,2,10.61,1
vllm,multi_turn,923,151.64,0.00,186.82,1,5.35,1
vllm,multi_turn,924,110.10,0.00,125.37,1,7.98,1
vllm,multi_turn,925,217.94,0.00,254.45,1,3.93,1
vllm,multi_turn,926,122.06,0.00,135.27,1,7.39,1
vllm,multi_turn,927,97.37,0.00,114.80,1,8.71,1
vllm,multi_turn,928,135.89,0.00,159.85,1,6.26,1
vllm,multi_turn,929,277.24,0.00,299.91,1,3.33,1
vllm,multi_turn,930,183.96,86.27,270.23,2,7.40,1
vllm,multi_turn,931,193.43,98.74,292.17,2,6.85,1
vllm,multi_turn,932,172.54,0.00,224.63,1,4.45,1
vllm,multi_turn,933,246.76,115.11,361.87,2,5.53,1
vllm,multi_turn,934,113.44,20.58,134.01,2,14.92,1
vllm,multi_turn,935,67.78,35.40,103.18,2,19.38,1
vllm,multi_turn,936,170.65,106.81,277.47,2,7.21,1
vllm,multi_turn,937,219.31,120.47,339.78,2,5.89,1
vllm,multi_turn,938,175.23,93.26,268.49,2,7.45,1
vllm,multi_turn,939,189.96,0.00,257.60,1,3.88,1
vllm,multi_turn,940,162.96,59.54,222.51,2,8.99,1
vllm,multi_turn,941,92.03,39.84,131.87,2,15.17,1
vllm,multi_turn,942,91.66,0.00,109.75,1,9.11,1
vllm,multi_turn,943,98.67,18.44,117.11,2,17.08,1
vllm,multi_turn,944,223.57,0.00,276.70,1,3.61,1
vllm,multi_turn,945,208.05,76.19,284.25,2,7.04,1
vllm,multi_turn,946,312.43,49.65,411.74,3,7.29,1
vllm,multi_turn,947,139.45,0.00,160.29,1,6.24,1
vllm,multi_turn,948,98.05,40.96,179.98,3,16.67,1
vllm,multi_turn,949,179.98,0.00,244.42,1,4.09,1
vllm,multi_turn,950,95.15,25.74,146.63,3,20.46,1
vllm,multi_turn,951,63.89,22.63,86.53,2,23.11,1
vllm,multi_turn,952,155.01,4.79,159.79,2,12.52,1
vllm,multi_turn,953,175.63,0.00,349.79,1,2.86,1
vllm,multi_turn,954,186.29,0.00,256.21,1,3.90,1
vllm,multi_turn,955,240.56,0.00,318.60,1,3.14,1
vllm,multi_turn,956,178.84,0.00,207.79,1,4.81,1
vllm,multi_turn,957,103.54,0.31,103.84,2,19.26,1
vllm,multi_turn,958,88.20,38.61,126.81,2,15.77,0
vllm,multi_turn,959,76.78,19.11,95.90,2,20.86,1
vllm,multi_turn,960,141.91,0.00,197.03,1,5.08,1
vllm,multi_turn,961,251.34,65.99,317.32,2,6.30,1
vllm,multi_turn,962,316.69,0.00,400.40,1,2.50,1
vllm,multi_turn,963,147.43,0.00,161.76,1,6.18,1
vllm,multi_turn,964,106.96,0.00,131.03,1,7.63,1
vllm,multi_turn,965,92.43,0.00,124.62,1,8.02,1
vllm,multi_turn,966,49.47,0.00,69.37,1,14.42,1
vllm,multi_turn,967,42.39,0.00,51.97,1,19.24,1
vllm,multi_turn,968,172.54,0.00,187.51,1,5.33,1
vllm,multi_turn,969,216.84,0.00,313.70,1,3.19,1
vllm,multi_turn,970,256.60,0.00,294.92,1,3.39,1
vllm,multi_turn,971,235.03,67.04,302.07,2,6.62,1
vllm,multi_turn,972,290.12,41.59,331.71,2,6.03,1
vllm,multi_turn,973,122.97,30.71,153.68,2,13.01,1
vllm,multi_turn,974,77.16,0.00,87.13,1,11.48,1
vllm,multi_turn,975,57.97,0.00,67.52,1,14.81,1
vllm,multi_turn,976,184.92,0.00,304.55,1,3.28,1
vllm,multi_turn,977,189.70,0.00,293.82,1,3.40,1
vllm,multi_turn,978,228.39,0.38,228.77,2,8.74,1
vllm,multi_turn,979,155.67,0.00,170.68,1,5.86,1
vllm,multi_turn,980,129.96,0.00,151.82,1,6.59,1
vllm,multi_turn,981,138.43,21.14,159.57,2,12.53,1
vllm,multi_turn,982,94.49,0.00,107.37,1,9.31,1
vllm,multi_turn,983,50.05,20.61,70.66,2,28.30,1
vllm,multi_turn,984,200.86,0.00,233.24,1,4.29,1
vllm,multi_turn,985,74.39,0.00,179.50,1,5.57,1
vllm,multi_turn,986,180.92,0.00,297.83,1,3.36,1
vllm,multi_turn,987,184.35,53.95,238.30,2,8.39,1
vllm,multi_turn,988,199.32,98.40,297.71,2,6.72,1
vllm,multi_turn,989,138.13,36.26,174.39,2,11.47,1
vllm,multi_turn,990,64.77,0.00,79.65,1,12.56,1
vllm,multi_turn,991,53.63,20.36,73.99,2,27.03,1
vllm,multi_turn,992,205.91,127.01,332.92,2,6.01,1
vllm,multi_turn,993,239.45,0.00,254.64,1,3.93,1
vllm,multi_turn,994,178.94,151.70,330.64,2,6.05,1
vllm,multi_turn,995,202.39,37.48,239.87,2,8.34,1
vllm,multi_turn,996,141.84,0.00,161.52,1,6.19,1
vllm,multi_turn,997,99.37,0.00,115.58,1,8.65,1
vllm,multi_turn,998,47.87,0.00,57.85,1,17.29,1
vllm,multi_turn,999,32.15,19.53,51.68,2,38.70,0
vllm,tree_of_thought,0,33.59,0.00,43.77,1,22.85,1
vllm,tree_of_thought,1,62.51,31.38,93.90,2,21.30,1
vllm,tree_of_thought,2,52.70,0.00,74.91,1,13.35,1
vllm,tree_of_thought,3,56.27,0.00,74.96,1,13.34,1
vllm,tree_of_thought,4,53.69,26.36,80.05,2,24.98,1
vllm,tree_of_thought,5,54.14,0.00,67.63,1,14.79,1
vllm,tree_of_thought,6,75.09,24.74,99.83,2,20.03,1
vllm,tree_of_thought,7,54.31,25.95,80.26,2,24.92,1
vllm,tree_of_thought,8,53.03,0.00,66.00,1,15.15,1
vllm,tree_of_thought,9,45.94,36.00,81.94,2,24.41,1
vllm,tree_of_thought,10,52.42,33.21,85.62,2,23.36,1
vllm,tree_of_thought,11,55.29,24.95,80.24,2,24.93,1
vllm,tree_of_thought,12,53.62,30.12,83.74,2,23.88,1
vllm,tree_of_thought,13,60.10,0.00,71.56,1,13.97,1
vllm,tree_of_thought,14,50.18,0.00,60.87,1,16.43,1
vllm,tree_of_thought,15,60.47,29.62,90.10,2,22.20,1
vllm,tree_of_thought,16,71.44,27.10,98.54,2,20.30,1
vllm,tree_of_thought,17,56.82,0.00,62.74,1,15.94,1
vllm,tree_of_thought,18,72.46,0.00,85.30,1,11.72,1
vllm,tree_of_thought,19,69.66,23.50,93.16,2,21.47,1
vllm,tree_of_thought,20,57.56,30.55,88.11,2,22.70,1
vllm,tree_of_thought,21,64.58,0.00,88.58,1,11.29,1
vllm,tree_of_thought,22,83.27,0.00,89.41,1,11.18,1
vllm,tree_of_thought,23,80.23,0.00,92.25,1,10.84,1
vllm,tree_of_thought,24,77.68,26.09,103.78,2,19.27,1
vllm,tree_of_thought,25,58.01,24.08,82.08,2,24.37,1
vllm,tree_of_thought,26,55.47,24.58,80.06,2,24.98,1
vllm,tree_of_thought,27,69.97,30.82,100.79,2,19.84,1
vllm,tree_of_thought,28,57.32,0.00,73.04,1,13.69,1
vllm,tree_of_thought,29,55.56,0.00,72.40,1,13.81,1
vllm,tree_of_thought,30,63.01,0.00,77.03,1,12.98,1
vllm,tree_of_thought,31,49.97,0.00,69.72,1,14.34,1
vllm,tree_of_thought,32,45.22,0.00,62.91,1,15.90,1
vllm,tree_of_thought,33,48.18,0.00,68.07,1,14.69,1
vllm,tree_of_thought,34,56.28,0.00,67.90,1,14.73,1
vllm,tree_of_thought,35,49.80,0.00,61.39,1,16.29,1
vllm,tree_of_thought,36,59.07,24.85,83.91,2,23.83,1
vllm,tree_of_thought,37,48.19,0.00,65.26,1,15.32,1
vllm,tree_of_thought,38,68.16,34.57,102.73,2,19.47,1
vllm,tree_of_thought,39,43.75,0.00,61.00,1,16.39,1
vllm,tree_of_thought,40,69.08,0.00,83.60,1,11.96,1
vllm,tree_of_thought,41,56.53,23.52,80.06,2,24.98,1
vllm,tree_of_thought,42,53.59,29.37,82.96,2,24.11,1
vllm,tree_of_thought,43,50.49,0.00,64.51,1,15.50,1
vllm,tree_of_thought,44,65.22,0.00,78.46,1,12.75,1
vllm,tree_of_thought,45,52.15,0.00,68.15,1,14.67,1
vllm,tree_of_thought,46,50.02,27.78,77.80,2,25.71,1
vllm,tree_of_thought,47,47.24,0.00,65.36,1,15.30,1
vllm,tree_of_thought,48,47.96,0.00,66.21,1,15.10,1
vllm,tree_of_thought,49,54.12,0.00,73.27,1,13.65,1
vllm,tree_of_thought,50,72.14,29.31,101.45,2,19.71,1
vllm,tree_of_thought,51,72.55,25.05,97.60,2,20.49,1
vllm,tree_of_thought,52,48.93,0.00,65.58,1,15.25,1
vllm,tree_of_thought,53,64.14,30.67,94.81,2,21.09,1
vllm,tree_of_thought,54,61.34,30.43,91.77,2,21.79,1
vllm,tree_of_thought,55,54.29,26.25,80.55,2,24.83,1
vllm,tree_of_thought,56,107.98,0.00,112.19,1,8.91,1
vllm,tree_of_thought,57,66.01,0.00,79.21,1,12.62,1
vllm,tree_of_thought,58,58.32,30.68,89.00,2,22.47,1
vllm,tree_of_thought,59,46.57,33.50,80.07,2,24.98,1
vllm,tree_of_thought,60,56.91,24.19,81.10,2,24.66,1
vllm,tree_of_thought,61,51.10,25.97,77.06,2,25.95,1
vllm,tree_of_thought,62,56.25,0.00,72.22,1,13.85,1
vllm,tree_of_thought,63,60.45,0.00,77.93,1,12.83,1
vllm,tree_of_thought,64,53.19,0.00,69.65,1,14.36,1
vllm,tree_of_thought,65,56.56,28.12,84.68,2,23.62,1
vllm,tree_of_thought,66,70.97,0.00,81.10,1,12.33,1
vllm,tree_of_thought,67,53.58,0.00,74.68,1,13.39,1
vllm,tree_of_thought,68,60.05,0.00,73.04,1,13.69,1
vllm,tree_of_thought,69,56.52,0.00,70.90,1,14.10,1
vllm,tree_of_thought,70,57.49,0.00,75.68,1,13.21,1
vllm,tree_of_thought,71,49.28,0.00,71.12,1,14.06,1
vllm,tree_of_thought,72,49.68,25.79,75.48,2,26.50,1
vllm,tree_of_thought,73,70.85,24.38,95.22,2,21.00,1
vllm,tree_of_thought,74,48.71,29.47,78.19,2,25.58,1
vllm,tree_of_thought,75,49.26,32.83,82.09,2,24.36,1
vllm,tree_of_thought,76,52.68,20.88,94.43,3,31.77,1
vllm,tree_of_thought,77,57.62,0.00,77.15,1,12.96,1
vllm,tree_of_thought,78,71.89,0.00,77.19,1,12.95,1
vllm,tree_of_thought,79,55.08,0.00,71.45,1,14.00,1
vllm,tree_of_thought,80,66.70,0.00,82.58,1,12.11,1
vllm,tree_of_thought,81,59.78,0.00,75.86,1,13.18,1
vllm,tree_of_thought,82,59.52,0.00,67.80,1,14.75,1
vllm,tree_of_thought,83,55.55,27.90,83.45,2,23.97,1
vllm,tree_of_thought,84,73.05,0.00,82.36,1,12.14,1
vllm,tree_of_thought,85,60.45,0.00,74.14,1,13.49,1
vllm,tree_of_thought,86,135.75,9.93,145.68,2,13.73,1
vllm,tree_of_thought,87,62.70,0.00,78.45,1,12.75,1
vllm,tree_of_thought,88,65.24,0.00,85.19,1,11.74,1
vllm,tree_of_thought,89,63.95,34.40,98.34,2,20.34,1
vllm,tree_of_thought,90,66.73,0.00,82.92,1,12.06,1
vllm,tree_of_thought,91,53.46,31.17,84.62,2,23.63,1
vllm,tree_of_thought,92,48.79,0.00,60.94,1,16.41,1
vllm,tree_of_thought,93,31.18,22.09,53.27,2,37.54,1
vllm,tree_of_thought,94,59.76,34.11,93.87,2,21.31,1
vllm,tree_of_thought,95,50.02,0.00,76.25,1,13.11,1
vllm,tree_of_thought,96,54.18,0.00,71.65,1,13.96,1
vllm,tree_of_thought,97,59.65,0.00,67.73,1,14.76,1
vllm,tree_of_thought,98,62.09,0.00,70.66,1,14.15,1
vllm,tree_of_thought,99,56.53,22.42,78.95,2,25.33,1
vllm,tree_of_thought,100,68.49,25.05,93.54,2,21.38,1
vllm,tree_of_thought,101,54.30,31.58,85.88,2,23.29,1
vllm,tree_of_thought,102,60.58,0.00,76.28,1,13.11,1
vllm,tree_of_thought,103,54.13,32.86,86.99,2,22.99,1
vllm,tree_of_thought,104,70.63,0.00,85.03,1,11.76,1
vllm,tree_of_thought,105,69.35,0.00,79.20,1,12.63,1
vllm,tree_of_thought,106,59.47,0.00,71.83,1,13.92,1
vllm,tree_of_thought,107,51.35,0.00,64.25,1,15.56,1
vllm,tree_of_thought,108,58.47,27.44,85.92,2,23.28,1
vllm,tree_of_thought,109,57.68,0.00,78.46,1,12.75,1
vllm,tree_of_thought,110,54.03,0.00,69.66,1,14.36,1
vllm,tree_of_thought,111,45.56,27.70,73.26,2,27.30,1
vllm,tree_of_thought,112,49.09,28.23,77.32,2,25.87,0
vllm,tree_of_thought,113,65.74,29.35,95.08,2,21.03,1
vllm,tree_of_thought,114,63.36,0.00,74.10,1,13.50,1
vllm,tree_of_thought,115,52.13,0.00,66.32,1,15.08,1
vllm,tree_of_thought,116,124.24,4.70,128.94,2,15.51,1
vllm,tree_of_thought,117,58.52,0.00,154.21,1,6.48,1
vllm,tree_of_thought,118,67.64,0.00,84.99,1,11.77,1
vllm,tree_of_thought,119,69.50,0.00,86.49,1,11.56,1
vllm,tree_of_thought,120,61.58,0.00,83.85,1,11.93,1
vllm,tree_of_thought,121,48.75,0.00,62.62,1,15.97,1
vllm,tree_of_thought,122,66.69,26.80,93.49,2,21.39,1
vllm,tree_of_thought,123,62.18,29.72,91.90,2,21.76,1
vllm,tree_of_thought,124,29.35,0.00,40.51,1,24.68,1
vllm,tree_of_thought,125,57.93,36.39,94.32,2,21.20,1
vllm,tree_of_thought,126,49.30,30.98,80.28,2,24.91,1
vllm,tree_of_thought,127,52.12,32.50,84.62,2,23.64,1
vllm,tree_of_thought,128,69.87,0.00,83.06,1,12.04,1
vllm,tree_of_thought,129,67.30,0.00,84.70,1,11.81,1
vllm,tree_of_thought,130,76.44,27.83,104.26,2,19.18,0
vllm,tree_of_thought,131,65.27,0.00,82.69,1,12.09,1
vllm,tree_of_thought,132,49.04,0.00,63.77,1,15.68,1
vllm,tree_of_thought,133,61.02,30.28,91.30,2,21.91,1
vllm,tree_of_thought,134,53.49,0.00,70.32,1,14.22,1
vllm,tree_of_thought,135,61.84,0.00,72.29,1,13.83,1
vllm,tree_of_thought,136,52.97,0.00,68.68,1,14.56,1
vllm,tree_of_thought,137,56.02,0.00,73.55,1,13.60,1
vllm,tree_of_thought,138,52.61,23.95,76.56,2,26.12,0
vllm,tree_of_thought,139,59.28,0.00,73.21,1,13.66,1
vllm,tree_of_thought,140,60.21,0.00,70.78,1,14.13,1
vllm,tree_of_thought,141,53.12,0.00,64.68,1,15.46,1
vllm,tree_of_thought,142,57.62,32.60,90.22,2,22.17,1
vllm,tree_of_thought,143,71.66,26.37,98.04,2,20.40,1
vllm,tree_of_thought,144,68.67,21.54,111.74,3,26.85,1
vllm,tree_of_thought,145,55.64,0.00,66.28,1,15.09,1
vllm,tree_of_thought,146,66.87,0.00,81.47,1,12.28,1
vllm,tree_of_thought,147,52.48,110.08,162.55,2,12.30,1
vllm,tree_of_thought,148,132.48,0.00,142.22,1,7.03,1
vllm,tree_of_thought,149,66.79,0.00,86.19,1,11.60,1
vllm,tree_of_thought,150,53.04,31.15,84.19,2,23.76,1
vllm,tree_of_thought,151,55.85,0.00,75.03,1,13.33,1
vllm,tree_of_thought,152,58.50,26.54,85.04,2,23.52,1
vllm,tree_of_thought,153,59.37,27.91,87.28,2,22.92,1
vllm,tree_of_thought,154,62.84,0.00,75.84,1,13.19,1
vllm,tree_of_thought,155,61.21,22.25,83.46,2,23.96,1
vllm,tree_of_thought,156,59.59,0.00,74.62,1,13.40,1
vllm,tree_of_thought,157,50.45,0.00,70.24,1,14.24,1
vllm,tree_of_thought,158,59.04,0.00,68.77,1,14.54,1
vllm,tree_of_thought,159,57.98,0.00,63.31,1,15.79,1
vllm,tree_of_thought,160,60.07,32.86,92.92,2,21.52,1
vllm,tree_of_thought,161,65.19,0.00,75.14,1,13.31,1
vllm,tree_of_thought,162,70.13,22.73,92.87,2,21.54,1
vllm,tree_of_thought,163,56.98,28.34,85.32,2,23.44,1
vllm,tree_of_thought,164,50.20,28.43,78.63,2,25.44,1
vllm,tree_of_thought,165,64.72,0.00,83.01,1,12.05,1
vllm,tree_of_thought,166,71.73,0.00,85.29,1,11.73,1
vllm,tree_of_thought,167,59.90,30.41,90.32,2,22.14,1
vllm,tree_of_thought,168,64.42,0.00,73.41,1,13.62,1
vllm,tree_of_thought,169,55.25,0.00,75.80,1,13.19,1
vllm,tree_of_thought,170,56.87,27.81,84.67,2,23.62,1
vllm,tree_of_thought,171,61.75,26.43,88.18,2,22.68,1
vllm,tree_of_thought,172,57.66,0.00,67.40,1,14.84,1
vllm,tree_of_thought,173,55.76,31.64,87.40,2,22.88,1
vllm,tree_of_thought,174,57.36,31.66,89.03,2,22.47,0
vllm,tree_of_thought,175,67.48,0.00,92.48,1,10.81,1
vllm,tree_of_thought,176,126.74,0.00,127.05,1,7.87,1
vllm,tree_of_thought,177,105.38,0.00,105.68,1,9.46,1
vllm,tree_of_thought,178,60.62,105.08,165.71,2,12.07,1
vllm,tree_of_thought,179,157.48,36.29,193.78,2,10.32,1
vllm,tree_of_thought,180,77.33,0.00,92.85,1,10.77,1
vllm,tree_of_thought,181,46.28,0.00,57.07,1,17.52,1
vllm,tree_of_thought,182,44.33,0.00,56.27,1,17.77,1
vllm,tree_of_thought,183,49.04,23.84,72.88,2,27.44,1
vllm,tree_of_thought,184,49.01,24.48,73.49,2,27.22,1
vllm,tree_of_thought,185,68.39,0.00,85.78,1,11.66,1
vllm,tree_of_thought,186,53.88,25.23,79.11,2,25.28,1
vllm,tree_of_thought,187,57.60,0.00,68.17,1,14.67,1
vllm,tree_of_thought,188,56.92,31.97,88.89,2,22.50,1
vllm,tree_of_thought,189,50.08,0.00,61.91,1,16.15,1
vllm,tree_of_thought,190,61.19,0.00,72.11,1,13.87,1
vllm,tree_of_thought,191,45.17,31.71,76.89,2,26.01,1
vllm,tree_of_thought,192,58.28,26.73,85.01,2,23.53,1
vllm,tree_of_thought,193,45.67,0.00,65.22,1,15.33,1
vllm,tree_of_thought,194,61.91,22.87,84.78,2,23.59,0
vllm,tree_of_thought,195,70.74,0.00,81.37,1,12.29,1
vllm,tree_of_thought,196,58.54,29.43,87.97,2,22.74,1
vllm,tree_of_thought,197,50.17,0.00,62.92,1,15.89,1
vllm,tree_of_thought,198,54.02,0.00,73.79,1,13.55,1
vllm,tree_of_thought,199,53.90,25.80,79.70,2,25.10,1
vllm,tree_of_thought,200,59.18,23.16,82.35,2,24.29,1
vllm,tree_of_thought,201,73.03,0.00,79.67,1,12.55,1
vllm,tree_of_thought,202,71.36,0.00,84.10,1,11.89,1
vllm,tree_of_thought,203,59.41,0.00,73.54,1,13.60,1
vllm,tree_of_thought,204,50.08,24.03,74.11,2,26.99,1
vllm,tree_of_thought,205,58.25,0.00,71.98,1,13.89,1
vllm,tree_of_thought,206,54.58,0.00,65.01,1,15.38,1
vllm,tree_of_thought,207,110.35,0.00,113.41,1,8.82,1
vllm,tree_of_thought,208,61.69,0.00,71.76,1,13.93,1
vllm,tree_of_thought,209,72.52,30.02,102.53,2,19.51,1
vllm,tree_of_thought,210,62.30,0.00,79.61,1,12.56,1
vllm,tree_of_thought,211,50.22,0.00,69.52,1,14.38,1
vllm,tree_of_thought,212,54.22,0.00,70.91,1,14.10,1
vllm,tree_of_thought,213,54.44,0.00,70.99,1,14.09,1
vllm,tree_of_thought,214,67.99,0.00,76.80,1,13.02,1
vllm,tree_of_thought,215,54.03,29.32,83.35,2,24.00,1
vllm,tree_of_thought,216,62.94,22.31,85.25,2,23.46,1
vllm,tree_of_thought,217,47.21,0.00,62.63,1,15.97,1
vllm,tree_of_thought,218,55.08,0.00,60.04,1,16.65,1
vllm,tree_of_thought,219,69.88,0.00,80.73,1,12.39,1
vllm,tree_of_thought,220,64.54,0.00,77.21,1,12.95,1
vllm,tree_of_thought,221,56.61,0.00,72.94,1,13.71,1
vllm,tree_of_thought,222,69.23,28.06,97.30,2,20.56,1
vllm,tree_of_thought,223,60.28,0.00,80.58,1,12.41,1
vllm,tree_of_thought,224,52.71,0.00,66.44,1,15.05,1
vllm,tree_of_thought,225,49.86,0.00,63.25,1,15.81,1
vllm,tree_of_thought,226,59.41,30.04,89.44,2,22.36,1
vllm,tree_of_thought,227,58.68,31.80,90.48,2,22.10,1
vllm,tree_of_thought,228,64.78,0.00,75.79,1,13.19,1
vllm,tree_of_thought,229,53.99,35.16,89.15,2,22.43,1
vllm,tree_of_thought,230,65.18,17.24,82.42,2,24.27,1
vllm,tree_of_thought,231,64.54,19.89,104.32,3,28.76,0
vllm,tree_of_thought,232,59.48,25.62,85.09,2,23.50,1
vllm,tree_of_thought,233,70.35,31.90,102.25,2,19.56,1
vllm,tree_of_thought,234,77.15,0.00,80.99,1,12.35,1
vllm,tree_of_thought,235,72.44,26.85,99.29,2,20.14,1
vllm,tree_of_thought,236,61.24,28.69,89.93,2,22.24,1
vllm,tree_of_thought,237,72.21,34.12,106.33,2,18.81,1
vllm,tree_of_thought,238,113.66,0.00,118.80,1,8.42,1
vllm,tree_of_thought,239,145.33,0.00,145.54,1,6.87,1
vllm,tree_of_thought,240,99.52,0.00,115.13,1,8.69,1
vllm,tree_of_thought,241,71.09,27.08,98.17,2,20.37,1
vllm,tree_of_thought,242,69.40,0.00,88.92,1,11.25,1
vllm,tree_of_thought,243,44.25,28.03,72.28,2,27.67,1
vllm,tree_of_thought,244,51.89,29.25,81.15,2,24.65,1
vllm,tree_of_thought,245,46.43,0.00,62.01,1,16.13,1
vllm,tree_of_thought,246,65.98,0.00,78.64,1,12.72,1
vllm,tree_of_thought,247,62.31,33.14,95.45,2,20.95,1
vllm,tree_of_thought,248,58.04,0.00,66.66,1,15.00,1
vllm,tree_of_thought,249,55.89,25.26,81.15,2,24.64,1
vllm,tree_of_thought,250,53.46,18.09,71.55,2,27.95,1
vllm,tree_of_thought,251,49.50,26.17,75.67,2,26.43,1
vllm,tree_of_thought,252,44.30,0.00,64.95,1,15.40,1
vllm,tree_of_thought,253,56.66,35.31,91.97,2,21.75,1
vllm,tree_of_thought,254,59.95,0.00,75.47,1,13.25,1
vllm,tree_of_thought,255,54.45,31.15,85.59,2,23.37,1
vllm,tree_of_thought,256,63.26,0.00,73.69,1,13.57,1
vllm,tree_of_thought,257,70.25,21.27,91.52,2,21.85,0
vllm,tree_of_thought,258,48.39,30.48,78.86,2,25.36,1
vllm,tree_of_thought,259,54.29,24.04,78.33,2,25.53,1
vllm,tree_of_thought,260,52.22,0.00,74.89,1,13.35,1
vllm,tree_of_thought,261,68.60,0.00,80.94,1,12.35,1
vllm,tree_of_thought,262,59.60,0.00,81.52,1,12.27,1
vllm,tree_of_thought,263,61.63,28.11,89.74,2,22.29,1
vllm,tree_of_thought,264,59.07,20.19,79.26,2,25.23,1
vllm,tree_of_thought,265,62.08,0.00,73.42,1,13.62,1
vllm,tree_of_thought,266,56.02,0.00,75.26,1,13.29,1
vllm,tree_of_thought,267,54.49,0.00,153.13,1,6.53,1
vllm,tree_of_thought,268,130.94,0.00,134.76,1,7.42,1
vllm,tree_of_thought,269,50.19,33.97,84.15,2,23.77,1
vllm,tree_of_thought,270,54.89,0.00,68.53,1,14.59,1
vllm,tree_of_thought,271,65.18,23.50,88.68,2,22.55,1
vllm,tree_of_thought,272,45.42,0.00,59.86,1,16.71,1
vllm,tree_of_thought,273,54.88,22.09,76.97,2,25.98,1
vllm,tree_of_thought,274,60.43,0.00,70.76,1,14.13,1
vllm,tree_of_thought,275,65.82,0.00,77.70,1,12.87,1
vllm,tree_of_thought,276,49.90,30.24,80.14,2,24.96,1
vllm,tree_of_thought,277,53.96,0.00,69.05,1,14.48,1
vllm,tree_of_thought,278,57.57,0.00,73.11,1,13.68,1
vllm,tree_of_thought,279,58.79,19.15,77.94,2,25.66,1
vllm,tree_of_thought,280,51.89,20.04,71.93,2,27.81,1
vllm,tree_of_thought,281,55.77,22.96,78.73,2,25.40,1
vllm,tree_of_thought,282,69.66,30.24,99.90,2,20.02,1
vllm,tree_of_thought,283,67.84,0.00,76.45,1,13.08,1
vllm,tree_of_thought,284,71.04,0.00,85.11,1,11.75,1
vllm,tree_of_thought,285,61.81,0.00,76.12,1,13.14,1
vllm,tree_of_thought,286,56.78,0.00,71.70,1,13.95,1
vllm,tree_of_thought,287,53.98,31.45,85.43,2,23.41,1
vllm,tree_of_thought,288,67.77,25.25,93.03,2,21.50,1
vllm,tree_of_thought,289,56.94,0.00,77.04,1,12.98,1
vllm,tree_of_thought,290,60.54,23.39,83.93,2,23.83,1
vllm,tree_of_thought,291,49.63,0.00,63.08,1,15.85,1
vllm,tree_of_thought,292,55.71,0.00,69.62,1,14.36,1
vllm,tree_of_thought,293,57.38,29.02,86.39,2,23.15,0
vllm,tree_of_thought,294,61.72,0.00,82.99,1,12.05,1
vllm,tree_of_thought,295,63.13,31.20,94.33,2,21.20,1
vllm,tree_of_thought,296,51.17,0.00,67.74,1,14.76,1
vllm,tree_of_thought,297,60.35,28.21,88.56,2,22.58,1
vllm,tree_of_thought,298,47.02,33.19,80.21,2,24.93,0
vllm,tree_of_thought,299,52.63,0.00,146.12,1,6.84,1
vllm,tree_of_thought,300,59.49,0.00,67.22,1,14.88,1
vllm,tree_of_thought,301,59.12,34.85,93.97,2,21.28,1
vllm,tree_of_thought,302,66.22,23.79,90.01,2,22.22,0
vllm,tree_of_thought,303,65.08,20.42,85.50,2,23.39,1
vllm,tree_of_thought,304,40.09,0.00,54.28,1,18.42,1
vllm,tree_of_thought,305,56.35,29.08,85.42,2,23.41,1
vllm,tree_of_thought,306,58.83,0.00,71.75,1,13.94,1
vllm,tree_of_thought,307,62.02,0.00,78.05,1,12.81,1
vllm,tree_of_thought,308,51.68,0.00,68.15,1,14.67,1
vllm,tree_of_thought,309,61.59,31.87,93.46,2,21.40,1
vllm,tree_of_thought,310,49.78,0.00,62.73,1,15.94,1
vllm,tree_of_thought,311,55.22,0.00,66.21,1,15.10,1
vllm,tree_of_thought,312,65.49,0.00,82.78,1,12.08,1
vllm,tree_of_thought,313,58.66,28.23,86.89,2,23.02,1
vllm,tree_of_thought,314,58.02,26.65,84.66,2,23.62,1
vllm,tree_of_thought,315,57.61,29.62,87.23,2,22.93,1
vllm,tree_of_thought,316,52.15,0.00,70.30,1,14.22,1
vllm,tree_of_thought,317,43.64,0.00,55.36,1,18.06,1
vllm,tree_of_thought,318,50.05,0.00,68.31,1,14.64,1
vllm,tree_of_thought,319,66.53,0.00,79.30,1,12.61,1
vllm,tree_of_thought,320,61.73,0.00,76.96,1,12.99,1
vllm,tree_of_thought,321,73.88,29.17,103.05,2,19.41,1
vllm,tree_of_thought,322,53.46,0.00,71.13,1,14.06,1
vllm,tree_of_thought,323,54.45,25.45,79.91,2,25.03,1
vllm,tree_of_thought,324,56.06,0.00,72.40,1,13.81,1
vllm,tree_of_thought,325,63.53,0.00,77.79,1,12.85,1
vllm,tree_of_thought,326,65.14,30.27,95.41,2,20.96,1
vllm,tree_of_thought,327,64.21,23.97,88.18,2,22.68,1
vllm,tree_of_thought,328,57.78,0.00,74.20,1,13.48,1
vllm,tree_of_thought,329,65.27,0.00,87.50,1,11.43,1
vllm,tree_of_thought,330,52.94,26.22,79.16,2,25.26,1
vllm,tree_of_thought,331,117.46,0.00,122.44,1,8.17,1
vllm,tree_of_thought,332,120.02,0.42,120.44,2,16.61,1
vllm,tree_of_thought,333,45.06,0.00,57.07,1,17.52,1
vllm,tree_of_thought,334,59.65,33.28,92.93,2,21.52,1
vllm,tree_of_thought,335,82.70,26.63,109.34,2,18.29,1
vllm,tree_of_thought,336,68.78,0.00,81.68,1,12.24,1
vllm,tree_of_thought,337,57.48,0.00,76.39,1,13.09,1
vllm,tree_of_thought,338,54.23,24.84,79.07,2,25.29,1
vllm,tree_of_thought,339,50.01,0.00,65.74,1,15.21,1
vllm,tree_of_thought,340,65.43,0.00,89.36,1,11.19,1
vllm,tree_of_thought,341,53.73,32.40,86.12,2,23.22,1
vllm,tree_of_thought,342,54.79,0.00,77.39,1,12.92,1
vllm,tree_of_thought,343,59.52,27.33,86.84,2,23.03,1
vllm,tree_of_thought,344,60.19,0.00,72.83,1,13.73,1
vllm,tree_of_thought,345,51.43,0.00,63.77,1,15.68,1
vllm,tree_of_thought,346,49.75,37.82,87.57,2,22.84,1
vllm,tree_of_thought,347,47.47,30.19,77.66,2,25.75,1
vllm,tree_of_thought,348,53.20,0.00,79.73,1,12.54,1
vllm,tree_of_thought,349,58.78,0.00,74.53,1,13.42,1
vllm,tree_of_thought,350,59.72,0.00,73.36,1,13.63,1
vllm,tree_of_thought,351,71.19,27.95,99.15,2,20.17,1
vllm,tree_of_thought,352,55.54,30.17,85.72,2,23.33,1
vllm,tree_of_thought,353,72.53,0.00,88.10,1,11.35,1
vllm,tree_of_thought,354,64.15,26.46,90.60,2,22.07,1
vllm,tree_of_thought,355,58.82,28.80,87.62,2,22.83,1
vllm,tree_of_thought,356,71.23,0.00,86.77,1,11.53,1
vllm,tree_of_thought,357,55.91,0.00,65.38,1,15.30,1
vllm,tree_of_thought,358,45.91,0.00,55.73,1,17.94,1
vllm,tree_of_thought,359,61.30,0.00,75.06,1,13.32,1
vllm,tree_of_thought,360,135.00,4.11,139.12,2,14.38,1
vllm,tree_of_thought,361,59.32,0.00,165.12,1,6.06,1
vllm,tree_of_thought,362,62.83,0.00,77.04,1,12.98,1
vllm,tree_of_thought,363,55.59,0.00,62.73,1,15.94,1
vllm,tree_of_thought,364,61.81,18.75,80.56,2,24.83,1
vllm,tree_of_thought,365,60.38,0.00,70.32,1,14.22,1
vllm,tree_of_thought,366,48.22,0.00,65.61,1,15.24,1
vllm,tree_of_thought,367,56.55,27.60,84.15,2,23.77,1
vllm,tree_of_thought,368,48.04,0.00,63.98,1,15.63,1
vllm,tree_of_thought,369,68.40,21.32,111.05,3,27.01,1
vllm,tree_of_thought,370,57.64,0.00,73.62,1,13.58,1
vllm,tree_of_thought,371,54.32,0.00,69.94,1,14.30,1
vllm,tree_of_thought,372,46.77,27.69,74.47,2,26.86,1
vllm,tree_of_thought,373,50.95,0.00,65.35,1,15.30,1
vllm,tree_of_thought,374,68.16,0.00,84.41,1,11.85,1
vllm,tree_of_thought,375,63.59,0.00,73.76,1,13.56,1
vllm,tree_of_thought,376,50.46,0.00,64.96,1,15.39,1
vllm,tree_of_thought,377,46.67,31.87,78.54,2,25.46,1
vllm,tree_of_thought,378,76.75,22.91,99.66,2,20.07,1
vllm,tree_of_thought,379,50.71,36.28,86.99,2,22.99,1
vllm,tree_of_thought,380,67.67,25.54,93.21,2,21.46,1
vllm,tree_of_thought,381,58.80,29.86,88.67,2,22.56,1
vllm,tree_of_thought,382,54.16,0.00,66.41,1,15.06,1
vllm,tree_of_thought,383,47.39,0.00,64.87,1,15.41,1
vllm,tree_of_thought,384,48.79,25.56,74.35,2,26.90,1
vllm,tree_of_thought,385,64.83,27.92,92.75,2,21.56,1
vllm,tree_of_thought,386,71.21,26.14,97.34,2,20.55,1
vllm,tree_of_thought,387,88.70,0.00,104.41,1,9.58,1
vllm,tree_of_thought,388,86.15,0.00,94.21,1,10.61,1
vllm,tree_of_thought,389,56.14,0.00,69.38,1,14.41,1
vllm,tree_of_thought,390,116.74,0.00,121.99,1,8.20,1
vllm,tree_of_thought,391,148.91,1.03,149.94,2,13.34,1
vllm,tree_of_thought,392,109.72,0.00,111.91,1,8.94,1
vllm,tree_of_thought,393,51.84,29.14,80.98,2,24.70,1
vllm,tree_of_thought,394,50.05,0.00,64.09,1,15.60,1
vllm,tree_of_thought,395,58.51,27.03,85.55,2,23.38,0
vllm,tree_of_thought,396,64.62,0.00,79.20,1,12.63,1
vllm,tree_of_thought,397,51.02,0.00,62.00,1,16.13,1
vllm,tree_of_thought,398,58.26,33.59,91.86,2,21.77,1
vllm,tree_of_thought,399,66.28,0.00,85.39,1,11.71,1
vllm,tree_of_thought,400,57.75,28.68,86.43,2,23.14,1
vllm,tree_of_thought,401,59.55,31.36,90.91,2,22.00,1
vllm,tree_of_thought,402,66.44,0.00,82.98,1,12.05,1
vllm,tree_of_thought,403,58.20,0.00,69.00,1,14.49,1
vllm,tree_of_thought,404,58.93,0.00,71.68,1,13.95,1
vllm,tree_of_thought,405,53.76,0.00,68.32,1,14.64,1
vllm,tree_of_thought,406,37.98,0.00,55.42,1,18.04,1
vllm,tree_of_thought,407,50.29,0.00,57.41,1,17.42,1
vllm,tree_of_thought,408,52.98,0.00,67.00,1,14.92,1
vllm,tree_of_thought,409,53.77,21.36,75.13,2,26.62,1
vllm,tree_of_thought,410,62.91,21.93,106.76,3,28.10,0
vllm,tree_of_thought,411,67.58,35.42,103.00,2,19.42,1
vllm,tree_of_thought,412,72.47,0.00,76.69,1,13.04,1
vllm,tree_of_thought,413,71.09,21.82,92.91,2,21.53,1
vllm,tree_of_thought,414,63.18,17.35,80.53,2,24.84,1
vllm,tree_of_thought,415,56.01,29.79,85.80,2,23.31,0
vllm,tree_of_thought,416,53.43,0.00,70.78,1,14.13,1
vllm,tree_of_thought,417,54.63,0.00,69.37,1,14.42,1
vllm,tree_of_thought,418,44.79,27.57,72.36,2,27.64,1
vllm,tree_of_thought,419,60.67,21.38,82.05,2,24.38,1
vllm,tree_of_thought,420,50.20,26.78,76.97,2,25.98,1
vllm,tree_of_thought,421,51.25,23.55,74.80,2,26.74,1
vllm,tree_of_thought,422,66.69,0.00,174.22,1,5.74,1
vllm,tree_of_thought,423,130.77,12.28,143.05,2,13.98,1
vllm,tree_of_thought,424,54.45,0.00,76.82,1,13.02,1
vllm,tree_of_thought,425,59.17,27.84,87.01,2,22.98,1
vllm,tree_of_thought,426,59.67,0.00,76.18,1,13.13,1
vllm,tree_of_thought,427,58.19,27.23,85.42,2,23.41,1
vllm,tree_of_thought,428,44.61,0.00,58.77,1,17.02,1
vllm,tree_of_thought,429,66.11,0.00,84.85,1,11.79,1
vllm,tree_of_thought,430,65.82,0.00,74.40,1,13.44,1
vllm,tree_of_thought,431,54.62,0.00,66.72,1,14.99,1
vllm,tree_of_thought,432,56.41,0.00,71.21,1,14.04,1
vllm,tree_of_thought,433,60.28,0.00,71.59,1,13.97,1
vllm,tree_of_thought,434,48.05,30.20,78.25,2,25.56,1
vllm,tree_of_thought,435,53.69,0.00,66.22,1,15.10,1
vllm,tree_of_thought,436,67.26,21.37,88.64,2,22.56,1
vllm,tree_of_thought,437,54.90,22.96,77.86,2,25.69,1
vllm,tree_of_thought,438,55.36,0.00,72.73,1,13.75,1
vllm,tree_of_thought,439,59.44,26.67,86.10,2,23.23,1
vllm,tree_of_thought,440,64.45,26.47,90.93,2,22.00,1
vllm,tree_of_thought,441,71.16,14.26,185.24,9,48.59,0
vllm,tree_of_thought,442,63.96,0.00,79.71,1,12.54,1
vllm,tree_of_thought,443,51.26,28.80,80.06,2,24.98,1
vllm,tree_of_thought,444,50.76,0.00,67.12,1,14.90,1
vllm,tree_of_thought,445,59.49,28.16,87.65,2,22.82,1
vllm,tree_of_thought,446,66.69,28.29,94.98,2,21.06,1
vllm,tree_of_thought,447,67.61,0.00,82.41,1,12.13,1
vllm,tree_of_thought,448,60.54,0.00,66.84,1,14.96,1
vllm,tree_of_thought,449,73.64,26.27,99.91,2,20.02,1
vllm,tree_of_thought,450,56.69,27.02,83.71,2,23.89,1
vllm,tree_of_thought,451,70.30,0.00,81.09,1,12.33,1
vllm,tree_of_thought,452,47.96,0.00,58.13,1,17.20,1
vllm,tree_of_thought,453,110.16,4.96,115.11,2,17.37,1
vllm,tree_of_thought,454,45.24,0.00,146.79,1,6.81,1
vllm,tree_of_thought,455,55.41,31.30,86.71,2,23.07,1
vllm,tree_of_thought,456,69.77,0.00,74.99,1,13.33,1
vllm,tree_of_thought,457,55.21,32.24,87.45,2,22.87,1
vllm,tree_of_thought,458,50.49,24.19,74.68,2,26.78,1
vllm,tree_of_thought,459,53.52,16.51,86.54,3,34.67,1
vllm,tree_of_thought,460,56.84,37.09,93.93,2,21.29,1
vllm,tree_of_thought,461,58.38,30.43,88.81,2,22.52,1
vllm,tree_of_thought,462,53.39,0.00,73.99,1,13.52,1
vllm,tree_of_thought,463,64.14,0.00,75.74,1,13.20,1
vllm,tree_of_thought,464,57.14,27.95,85.09,2,23.50,1
vllm,tree_of_thought,465,49.48,0.00,66.66,1,15.00,1
vllm,tree_of_thought,466,58.72,27.34,86.07,2,23.24,1
vllm,tree_of_thought,467,62.81,30.32,93.13,2,21.48,1
vllm,tree_of_thought,468,58.02,0.00,69.68,1,14.35,1
vllm,tree_of_thought,469,72.92,0.00,82.89,1,12.06,1
vllm,tree_of_thought,470,62.39,0.00,73.67,1,13.57,1
vllm,tree_of_thought,471,57.26,0.00,68.92,1,14.51,1
vllm,tree_of_thought,472,54.60,0.00,73.23,1,13.66,1
vllm,tree_of_thought,473,55.46,0.00,63.82,1,15.67,1
vllm,tree_of_thought,474,61.18,32.83,94.01,2,21.27,1
vllm,tree_of_thought,475,66.26,21.32,87.58,2,22.84,1
vllm,tree_of_thought,476,54.58,0.00,67.18,1,14.89,1
vllm,tree_of_thought,477,53.78,0.00,67.36,1,14.85,1
vllm,tree_of_thought,478,60.01,0.00,72.81,1,13.74,1
vllm,tree_of_thought,479,57.18,0.00,68.21,1,14.66,1
vllm,tree_of_thought,480,58.56,0.00,68.50,1,14.60,1
vllm,tree_of_thought,481,77.93,31.93,109.86,2,18.20,1
vllm,tree_of_thought,482,54.57,0.00,66.98,1,14.93,1
vllm,tree_of_thought,483,54.91,0.00,70.36,1,14.21,1
vllm,tree_of_thought,484,46.85,28.92,75.77,2,26.40,1
vllm,tree_of_thought,485,57.54,111.78,169.32,2,11.81,1
vllm,tree_of_thought,486,63.56,0.00,83.01,1,12.05,1
vllm,tree_of_thought,487,49.24,40.38,89.62,2,22.32,1
vllm,tree_of_thought,488,56.49,25.74,82.22,2,24.32,0
vllm,tree_of_thought,489,75.84,31.25,107.09,2,18.68,1
vllm,tree_of_thought,490,47.98,30.94,78.92,2,25.34,1
vllm,tree_of_thought,491,49.40,31.78,81.17,2,24.64,1
vllm,tree_of_thought,492,59.38,24.75,84.13,2,23.77,1
vllm,tree_of_thought,493,61.61,19.78,81.39,2,24.57,1
vllm,tree_of_thought,494,67.62,24.33,91.95,2,21.75,1
vllm,tree_of_thought,495,71.39,0.00,89.52,1,11.17,1
vllm,tree_of_thought,496,56.76,23.54,80.29,2,24.91,1
vllm,tree_of_thought,497,63.10,26.10,89.20,2,22.42,1
vllm,tree_of_thought,498,69.71,0.00,83.77,1,11.94,1
vllm,tree_of_thought,499,50.81,25.59,76.41,2,26.18,1
vllm,tree_of_thought,500,57.50,0.00,68.54,1,14.59,1
vllm,tree_of_thought,501,64.56,25.49,90.04,2,22.21,0
vllm,tree_of_thought,502,57.73,0.00,72.76,1,13.74,1
vllm,tree_of_thought,503,50.14,0.00,67.45,1,14.83,1
vllm,tree_of_thought,504,64.41,0.00,83.55,1,11.97,1
vllm,tree_of_thought,505,44.97,25.76,70.73,2,28.28,1
vllm,tree_of_thought,506,68.57,27.19,95.76,2,20.89,1
vllm,tree_of_thought,507,57.71,29.44,87.15,2,22.95,1
vllm,tree_of_thought,508,58.04,21.98,80.01,2,25.00,1
vllm,tree_of_thought,509,52.05,0.00,61.90,1,16.16,1
vllm,tree_of_thought,510,54.48,0.00,71.98,1,13.89,1
vllm,tree_of_thought,511,58.23,0.00,72.59,1,13.78,1
vllm,tree_of_thought,512,56.67,0.00,68.33,1,14.64,1
vllm,tree_of_thought,513,46.49,0.00,63.43,1,15.77,1
vllm,tree_of_thought,514,71.08,29.02,100.10,2,19.98,1
vllm,tree_of_thought,515,46.10,30.03,76.13,2,26.27,1
vllm,tree_of_thought,516,61.08,22.55,83.63,2,23.92,1
vllm,tree_of_thought,517,55.65,0.00,74.31,1,13.46,1
vllm,tree_of_thought,518,58.19,0.00,72.14,1,13.86,1
vllm,tree_of_thought,519,51.56,0.00,67.04,1,14.92,1
vllm,tree_of_thought,520,63.77,0.00,77.28,1,12.94,1
vllm,tree_of_thought,521,53.86,0.00,65.67,1,15.23,1
vllm,tree_of_thought,522,56.02,26.62,82.65,2,24.20,1
vllm,tree_of_thought,523,53.97,0.00,71.45,1,14.00,1
vllm,tree_of_thought,524,47.32,0.00,57.38,1,17.43,1
vllm,tree_of_thought,525,72.05,28.99,101.04,2,19.80,1
vllm,tree_of_thought,526,56.48,0.00,68.83,1,14.53,1
vllm,tree_of_thought,527,56.63,0.00,70.37,1,14.21,1
vllm,tree_of_thought,528,59.34,32.01,91.34,2,21.90,1
vllm,tree_of_thought,529,63.82,0.00,79.92,1,12.51,1
vllm,tree_of_thought,530,60.33,0.00,73.55,1,13.60,1
vllm,tree_of_thought,531,50.95,0.00,67.07,1,14.91,1
vllm,tree_of_thought,532,46.45,0.00,58.43,1,17.12,1
vllm,tree_of_thought,533,58.09,32.60,90.69,2,22.05,0
vllm,tree_of_thought,534,55.46,28.64,84.10,2,23.78,1
vllm,tree_of_thought,535,72.42,0.00,82.08,1,12.18,1
vllm,tree_of_thought,536,57.09,0.00,79.90,1,12.52,1
vllm,tree_of_thought,537,57.99,16.75,74.74,2,26.76,1
vllm,tree_of_thought,538,63.11,27.11,90.22,2,22.17,1
vllm,tree_of_thought,539,60.21,27.46,87.68,2,22.81,1
vllm,tree_of_thought,540,56.53,0.00,70.45,1,14.20,1
vllm,tree_of_thought,541,56.56,0.00,72.85,1,13.73,1
vllm,tree_of_thought,542,59.97,0.00,76.91,1,13.00,1
vllm,tree_of_thought,543,48.21,0.00,65.60,1,15.24,1
vllm,tree_of_thought,544,54.83,0.00,67.96,1,14.71,1
vllm,tree_of_thought,545,72.76,0.00,88.50,1,11.30,1
vllm,tree_of_thought,546,60.10,0.00,65.41,1,15.29,1
vllm,tree_of_thought,547,52.18,0.00,68.68,1,14.56,1
vllm,tree_of_thought,548,50.83,0.00,68.63,1,14.57,1
vllm,tree_of_thought,549,56.54,31.07,87.62,2,22.83,1
vllm,tree_of_thought,550,64.82,0.00,78.64,1,12.72,1
vllm,tree_of_thought,551,55.08,0.00,70.25,1,14.24,1
vllm,tree_of_thought,552,55.52,0.00,73.45,1,13.62,1
vllm,tree_of_thought,553,60.21,24.27,84.48,2,23.67,1
vllm,tree_of_thought,554,51.19,0.00,69.00,1,14.49,1
vllm,tree_of_thought,555,52.73,23.52,76.25,2,26.23,1
vllm,tree_of_thought,556,50.43,28.07,78.51,2,25.48,1
vllm,tree_of_thought,557,64.23,27.46,91.69,2,21.81,1
vllm,tree_of_thought,558,68.33,0.00,80.05,1,12.49,1
vllm,tree_of_thought,559,58.66,0.00,75.73,1,13.21,1
vllm,tree_of_thought,560,55.56,0.00,67.73,1,14.76,1
vllm,tree_of_thought,561,57.82,0.00,71.05,1,14.07,1
vllm,tree_of_thought,562,55.51,0.00,67.35,1,14.85,1
vllm,tree_of_thought,563,64.16,0.00,76.73,1,13.03,1
vllm,tree_of_thought,564,63.90,22.68,86.58,2,23.10,1
vllm,tree_of_thought,565,62.46,26.00,88.46,2,22.61,0
vllm,tree_of_thought,566,61.08,0.00,72.62,1,13.77,1
vllm,tree_of_thought,567,62.43,0.00,75.86,1,13.18,1
vllm,tree_of_thought,568,56.24,0.00,69.78,1,14.33,1
vllm,tree_of_thought,569,61.21,20.88,102.98,3,29.13,1
vllm,tree_of_thought,570,57.90,0.00,66.22,1,15.10,1
vllm,tree_of_thought,571,55.37,25.88,81.25,2,24.61,1
vllm,tree_of_thought,572,42.41,0.00,58.43,1,17.12,1
vllm,tree_of_thought,573,46.91,27.73,74.64,2,26.80,1
vllm,tree_of_thought,574,67.67,28.51,96.18,2,20.79,1
vllm,tree_of_thought,575,57.38,0.00,67.10,1,14.90,1
vllm,tree_of_thought,576,58.04,27.17,85.21,2,23.47,0
vllm,tree_of_thought,577,50.45,0.00,61.56,1,16.24,1
vllm,tree_of_thought,578,53.93,0.00,69.65,1,14.36,1
vllm,tree_of_thought,579,59.60,0.00,73.09,1,13.68,1
vllm,tree_of_thought,580,55.60,0.00,72.67,1,13.76,1
vllm,tree_of_thought,581,47.78,0.00,63.34,1,15.79,1
vllm,tree_of_thought,582,54.68,29.85,84.53,2,23.66,0
vllm,tree_of_thought,583,51.99,0.00,70.80,1,14.13,1
vllm,tree_of_thought,584,54.08,0.00,72.62,1,13.77,1
vllm,tree_of_thought,585,53.97,24.52,78.49,2,25.48,1
vllm,tree_of_thought,586,51.39,0.00,68.85,1,14.52,1
vllm,tree_of_thought,587,47.73,0.00,63.39,1,15.78,1
vllm,tree_of_thought,588,55.89,24.01,79.90,2,25.03,1
vllm,tree_of_thought,589,48.44,0.00,63.43,1,15.77,1
vllm,tree_of_thought,590,63.98,25.24,89.22,2,22.42,1
vllm,tree_of_thought,591,68.16,23.87,92.03,2,21.73,1
vllm,tree_of_thought,592,65.13,0.00,76.28,1,13.11,1
vllm,tree_of_thought,593,51.30,25.38,76.68,2,26.08,1
vllm,tree_of_thought,594,52.39,0.00,73.00,1,13.70,1
vllm,tree_of_thought,595,45.22,0.00,56.26,1,17.77,1
vllm,tree_of_thought,596,62.60,25.96,88.56,2,22.58,1
vllm,tree_of_thought,597,52.22,0.00,64.32,1,15.55,1
vllm,tree_of_thought,598,61.97,27.33,89.31,2,22.39,1
vllm,tree_of_thought,599,61.89,0.00,68.84,1,14.53,1
vllm,tree_of_thought,600,51.94,0.00,67.77,1,14.76,1
vllm,tree_of_thought,601,51.10,0.00,66.62,1,15.01,1
vllm,tree_of_thought,602,51.36,27.44,78.80,2,25.38,1
vllm,tree_of_thought,603,59.36,28.66,88.02,2,22.72,1
vllm,tree_of_thought,604,62.30,31.81,94.11,2,21.25,1
vllm,tree_of_thought,605,56.34,31.30,87.64,2,22.82,1
vllm,tree_of_thought,606,51.49,0.00,61.53,1,16.25,1
vllm,tree_of_thought,607,55.40,26.80,82.21,2,24.33,1
vllm,tree_of_thought,608,51.05,0.00,71.69,1,13.95,1
vllm,tree_of_thought,609,49.29,24.92,74.21,2,26.95,0
vllm,tree_of_thought,610,66.37,0.00,67.99,1,14.71,1
vllm,tree_of_thought,611,48.88,25.05,73.92,2,27.06,1
vllm,tree_of_thought,612,61.48,0.00,73.63,1,13.58,1
vllm,tree_of_thought,613,61.30,27.18,88.48,2,22.60,1
vllm,tree_of_thought,614,49.02,0.00,59.24,1,16.88,1
vllm,tree_of_thought,615,52.45,29.62,82.06,2,24.37,1
vllm,tree_of_thought,616,62.89,29.56,92.46,2,21.63,1
vllm,tree_of_thought,617,56.07,0.00,78.54,1,12.73,1
vllm,tree_of_thought,618,53.47,29.25,82.72,2,24.18,1
vllm,tree_of_thought,619,46.49,0.00,59.39,1,16.84,1
vllm,tree_of_thought,620,49.42,27.84,77.26,2,25.89,1
vllm,tree_of_thought,621,56.52,26.49,83.01,2,24.09,1
vllm,tree_of_thought,622,72.32,0.00,84.86,1,11.78,1
vllm,tree_of_thought,623,68.53,26.22,94.75,2,21.11,1
vllm,tree_of_thought,624,45.21,0.00,57.79,1,17.30,1
vllm,tree_of_thought,625,54.36,0.00,66.97,1,14.93,1
vllm,tree_of_thought,626,54.63,29.32,83.95,2,23.82,1
vllm,tree_of_thought,627,50.09,0.00,66.40,1,15.06,1
vllm,tree_of_thought,628,61.02,0.00,73.68,1,13.57,1
vllm,tree_of_thought,629,64.96,32.36,97.32,2,20.55,1
vllm,tree_of_thought,630,72.77,0.00,83.45,1,11.98,1
vllm,tree_of_thought,631,49.77,21.71,71.49,2,27.98,1
vllm,tree_of_thought,632,54.57,0.00,63.93,1,15.64,1
vllm,tree_of_thought,633,54.02,0.00,70.14,1,14.26,1
vllm,tree_of_thought,634,52.45,0.00,69.97,1,14.29,1
vllm,tree_of_thought,635,56.34,0.00,77.98,1,12.82,1
vllm,tree_of_thought,636,64.78,0.00,77.80,1,12.85,1
vllm,tree_of_thought,637,56.34,28.00,84.34,2,23.71,1
vllm,tree_of_thought,638,60.45,0.00,82.22,1,12.16,1
vllm,tree_of_thought,639,63.61,0.00,71.66,1,13.96,1
vllm,tree_of_thought,640,61.62,26.10,87.72,2,22.80,1
vllm,tree_of_thought,641,69.27,0.00,80.28,1,12.46,1
vllm,tree_of_thought,642,53.06,0.00,63.88,1,15.65,1
vllm,tree_of_thought,643,60.10,27.44,87.54,2,22.85,1
vllm,tree_of_thought,644,66.47,17.27,135.56,5,36.89,0
vllm,tree_of_thought,645,50.29,29.91,80.20,2,24.94,1
vllm,tree_of_thought,646,56.27,0.00,71.64,1,13.96,1
vllm,tree_of_thought,647,59.47,0.00,75.16,1,13.30,1
vllm,tree_of_thought,648,66.03,20.36,86.39,2,23.15,1
vllm,tree_of_thought,649,57.25,22.71,79.96,2,25.01,1
vllm,tree_of_thought,650,43.09,28.02,71.10,2,28.13,1
vllm,tree_of_thought,651,54.62,0.00,69.75,1,14.34,1
vllm,tree_of_thought,652,63.64,0.00,76.99,1,12.99,1
vllm,tree_of_thought,653,65.64,0.00,78.89,1,12.68,1
vllm,tree_of_thought,654,58.45,0.00,74.55,1,13.41,1
vllm,tree_of_thought,655,61.33,25.67,87.00,2,22.99,1
vllm,tree_of_thought,656,63.02,35.24,98.25,2,20.36,1
vllm,tree_of_thought,657,60.52,0.00,70.14,1,14.26,1
vllm,tree_of_thought,658,53.75,27.21,80.95,2,24.71,1
vllm,tree_of_thought,659,48.28,29.43,77.71,2,25.74,1
vllm,tree_of_thought,660,67.71,0.00,79.60,1,12.56,1
vllm,tree_of_thought,661,58.37,29.97,88.34,2,22.64,1
vllm,tree_of_thought,662,55.78,0.00,76.92,1,13.00,1
vllm,tree_of_thought,663,46.23,0.00,61.59,1,16.24,1
vllm,tree_of_thought,664,55.12,27.45,82.57,2,24.22,1
vllm,tree_of_thought,665,65.95,26.73,92.69,2,21.58,1
vllm,tree_of_thought,666,63.89,29.78,93.67,2,21.35,1
vllm,tree_of_thought,667,69.87,0.00,83.97,1,11.91,1
vllm,tree_of_thought,668,45.46,0.00,59.08,1,16.93,1
vllm,tree_of_thought,669,49.98,26.29,76.27,2,26.22,1
vllm,tree_of_thought,670,53.67,0.00,66.94,1,14.94,1
vllm,tree_of_thought,671,56.01,31.66,87.67,2,22.81,1
vllm,tree_of_thought,672,53.75,0.00,67.48,1,14.82,1
vllm,tree_of_thought,673,56.17,0.00,68.92,1,14.51,1
vllm,tree_of_thought,674,56.32,0.00,72.18,1,13.85,1
vllm,tree_of_thought,675,52.98,20.16,93.31,3,32.15,0
vllm,tree_of_thought,676,57.25,24.73,81.98,2,24.40,1
vllm,tree_of_thought,677,58.69,0.00,67.79,1,14.75,1
vllm,tree_of_thought,678,50.39,0.00,61.73,1,16.20,1
vllm,tree_of_thought,679,77.72,0.00,89.59,1,11.16,1
vllm,tree_of_thought,680,59.30,22.91,82.21,2,24.33,1
vllm,tree_of_thought,681,42.76,0.00,57.13,1,17.50,1
vllm,tree_of_thought,682,70.02,0.00,86.78,1,11.52,1
vllm,tree_of_thought,683,50.24,0.00,66.21,1,15.10,1
vllm,tree_of_thought,684,61.06,23.09,84.15,2,23.77,1
vllm,tree_of_thought,685,54.68,14.54,141.94,7,49.31,0
vllm,tree_of_thought,686,51.33,0.00,69.90,1,14.31,1
vllm,tree_of_thought,687,53.93,0.00,65.60,1,15.24,1
vllm,tree_of_thought,688,62.95,19.78,102.50,3,29.27,1
vllm,tree_of_thought,689,64.91,19.30,84.20,2,23.75,1
vllm,tree_of_thought,690,55.98,29.02,85.00,2,23.53,1
vllm,tree_of_thought,691,48.83,26.45,75.28,2,26.57,1
vllm,tree_of_thought,692,52.16,26.03,78.19,2,25.58,1
vllm,tree_of_thought,693,45.24,0.00,59.48,1,16.81,1
vllm,tree_of_thought,694,51.65,0.00,66.58,1,15.02,1
vllm,tree_of_thought,695,70.11,0.00,87.17,1,11.47,1
vllm,tree_of_thought,696,48.55,0.00,62.15,1,16.09,1
vllm,tree_of_thought,697,59.61,0.00,69.28,1,14.43,1
vllm,tree_of_thought,698,54.80,0.00,72.45,1,13.80,1
vllm,tree_of_thought,699,48.29,31.27,79.56,2,25.14,1
vllm,tree_of_thought,700,62.65,0.00,74.68,1,13.39,1
vllm,tree_of_thought,701,57.23,0.00,77.93,1,12.83,1
vllm,tree_of_thought,702,57.98,36.23,94.21,2,21.23,1
vllm,tree_of_thought,703,57.19,26.02,83.20,2,24.04,1
vllm,tree_of_thought,704,54.21,0.00,62.09,1,16.11,1
vllm,tree_of_thought,705,60.00,0.00,66.46,1,15.05,1
vllm,tree_of_thought,706,49.19,0.00,65.89,1,15.18,1
vllm,tree_of_thought,707,53.61,0.00,72.93,1,13.71,1
vllm,tree_of_thought,708,60.93,0.00,68.40,1,14.62,1
vllm,tree_of_thought,709,49.18,0.00,65.26,1,15.32,1
vllm,tree_of_thought,710,61.26,0.00,74.20,1,13.48,1
vllm,tree_of_thought,711,53.07,22.24,75.31,2,26.56,1
vllm,tree_of_thought,712,44.92,28.19,73.10,2,27.36,1
vllm,tree_of_thought,713,55.88,0.00,68.66,1,14.57,1
vllm,tree_of_thought,714,53.81,28.13,81.94,2,24.41,0
vllm,tree_of_thought,715,54.22,0.00,64.22,1,15.57,1
vllm,tree_of_thought,716,71.25,22.15,93.40,2,21.41,0
vllm,tree_of_thought,717,68.53,0.00,76.06,1,13.15,1
vllm,tree_of_thought,718,63.34,0.00,74.03,1,13.51,1
vllm,tree_of_thought,719,60.61,46.70,107.31,2,18.64,1
vllm,tree_of_thought,720,66.02,0.00,85.19,1,11.74,1
vllm,tree_of_thought,721,54.84,0.00,72.00,1,13.89,1
vllm,tree_of_thought,722,63.35,23.24,86.59,2,23.10,1
vllm,tree_of_thought,723,47.13,26.86,73.99,2,27.03,1
vllm,tree_of_thought,724,69.45,8.12,77.57,2,25.78,1
vllm,tree_of_thought,725,53.83,0.00,71.30,1,14.03,1
vllm,tree_of_thought,726,58.80,0.00,67.03,1,14.92,1
vllm,tree_of_thought,727,56.30,25.66,81.96,2,24.40,1
vllm,tree_of_thought,728,56.32,0.00,68.73,1,14.55,1
vllm,tree_of_thought,729,53.53,0.00,67.12,1,14.90,1
vllm,tree_of_thought,730,52.70,0.00,66.11,1,15.13,1
vllm,tree_of_thought,731,51.10,0.00,65.87,1,15.18,1
vllm,tree_of_thought,732,58.24,16.54,107.85,4,37.09,0
vllm,tree_of_thought,733,53.91,30.86,84.77,2,23.59,1
vllm,tree_of_thought,734,63.20,18.56,100.31,3,29.91,1
vllm,tree_of_thought,735,61.23,24.25,85.49,2,23.40,1
vllm,tree_of_thought,736,52.24,0.00,70.26,1,14.23,1
vllm,tree_of_thought,737,57.52,0.00,68.12,1,14.68,1
vllm,tree_of_thought,738,56.07,0.00,74.09,1,13.50,1
vllm,tree_of_thought,739,49.21,0.00,61.84,1,16.17,1
vllm,tree_of_thought,740,68.81,0.00,82.97,1,12.05,1
vllm,tree_of_thought,741,66.76,0.00,83.32,1,12.00,1
vllm,tree_of_thought,742,60.07,0.00,79.09,1,12.64,1
vllm,tree_of_thought,743,55.13,0.00,67.57,1,14.80,1
vllm,tree_of_thought,744,56.92,0.00,68.76,1,14.54,1
vllm,tree_of_thought,745,53.08,19.04,72.12,2,27.73,1
vllm,tree_of_thought,746,47.96,0.00,58.98,1,16.95,1
vllm,tree_of_thought,747,50.30,36.42,86.71,2,23.06,1
vllm,tree_of_thought,748,70.69,26.19,96.88,2,20.64,1
vllm,tree_of_thought,749,63.20,0.00,81.77,1,12.23,1
vllm,tree_of_thought,750,55.82,23.92,79.74,2,25.08,1
vllm,tree_of_thought,751,82.18,0.00,86.76,1,11.53,1
vllm,tree_of_thought,752,70.96,0.00,87.25,1,11.46,1
vllm,tree_of_thought,753,60.25,17.59,77.85,2,25.69,1
vllm,tree_of_thought,754,57.29,26.91,84.20,2,23.75,1
vllm,tree_of_thought,755,57.99,0.00,69.00,1,14.49,1
vllm,tree_of_thought,756,65.51,20.42,85.93,2,23.28,1
vllm,tree_of_thought,757,50.58,0.00,68.04,1,14.70,1
vllm,tree_of_thought,758,53.22,0.00,68.08,1,14.69,1
vllm,tree_of_thought,759,54.28,13.83,137.28,7,50.99,1
vllm,tree_of_thought,760,54.22,0.00,69.13,1,14.47,1
vllm,tree_of_thought,761,50.00,0.00,59.25,1,16.88,1
vllm,tree_of_thought,762,61.93,23.96,85.89,2,23.29,1
vllm,tree_of_thought,763,42.04,32.43,74.47,2,26.86,1
vllm,tree_of_thought,764,54.59,32.70,87.29,2,22.91,1
vllm,tree_of_thought,765,60.74,30.11,90.85,2,22.01,1
vllm,tree_of_thought,766,49.52,25.61,75.13,2,26.62,1
vllm,tree_of_thought,767,55.95,28.15,84.10,2,23.78,1
vllm,tree_of_thought,768,52.28,23.92,100.11,3,29.97,1
vllm,tree_of_thought,769,49.68,0.00,65.38,1,15.29,1
vllm,tree_of_thought,770,56.73,25.27,82.00,2,24.39,1
vllm,tree_of_thought,771,65.05,0.00,74.59,1,13.41,1
vllm,tree_of_thought,772,70.06,0.00,78.96,1,12.66,1
vllm,tree_of_thought,773,63.39,23.15,86.54,2,23.11,1
vllm,tree_of_thought,774,55.73,0.00,66.02,1,15.15,1
vllm,tree_of_thought,775,69.42,0.00,74.45,1,13.43,1
vllm,tree_of_thought,776,60.45,0.00,73.46,1,13.61,1
vllm,tree_of_thought,777,64.28,0.00,80.05,1,12.49,1
vllm,tree_of_thought,778,54.80,25.24,80.04,2,24.99,1
vllm,tree_of_thought,779,62.18,0.00,73.07,1,13.68,1
vllm,tree_of_thought,780,55.12,0.00,77.42,1,12.92,1
vllm,tree_of_thought,781,51.86,16.08,116.19,5,43.03,0
vllm,tree_of_thought,782,60.63,30.43,91.06,2,21.96,1
vllm,tree_of_thought,783,55.57,0.00,65.36,1,15.30,1
vllm,tree_of_thought,784,52.92,0.00,64.19,1,15.58,1
vllm,tree_of_thought,785,50.89,26.65,77.54,2,25.79,1
vllm,tree_of_thought,786,52.39,0.00,65.76,1,15.21,1
vllm,tree_of_thought,787,65.41,0.00,75.55,1,13.24,1
vllm,tree_of_thought,788,62.89,0.00,72.46,1,13.80,1
vllm,tree_of_thought,789,67.80,0.00,68.07,1,14.69,1
vllm,tree_of_thought,790,72.40,0.00,82.89,1,12.06,1
vllm,tree_of_thought,791,56.86,0.00,74.61,1,13.40,1
vllm,tree_of_thought,792,54.18,31.66,85.83,2,23.30,1
vllm,tree_of_thought,793,47.11,0.00,62.12,1,16.10,1
vllm,tree_of_thought,794,61.93,0.00,75.78,1,13.20,1
vllm,tree_of_thought,795,64.25,15.76,158.81,7,44.08,0
vllm,tree_of_thought,796,60.97,0.00,74.87,1,13.36,1
vllm,tree_of_thought,797,48.98,0.00,68.25,1,14.65,1
vllm,tree_of_thought,798,49.37,0.00,62.48,1,16.00,1
vllm,tree_of_thought,799,46.21,27.66,73.88,2,27.07,1
vllm,tree_of_thought,800,54.46,32.05,86.51,2,23.12,1
vllm,tree_of_thought,801,47.28,0.00,65.22,1,15.33,1
vllm,tree_of_thought,802,56.49,0.00,71.77,1,13.93,1
vllm,tree_of_thought,803,55.43,0.00,75.64,1,13.22,1
vllm,tree_of_thought,804,47.58,23.44,71.02,2,28.16,1
vllm,tree_of_thought,805,47.12,0.00,57.33,1,17.44,1
vllm,tree_of_thought,806,55.43,0.00,65.95,1,15.16,1
vllm,tree_of_thought,807,51.36,0.00,60.03,1,16.66,1
vllm,tree_of_thought,808,59.13,21.64,80.78,2,24.76,1
vllm,tree_of_thought,809,55.16,31.92,87.08,2,22.97,1
vllm,tree_of_thought,810,50.07,0.00,67.04,1,14.92,1
vllm,tree_of_thought,811,70.99,0.00,80.09,1,12.49,1
vllm,tree_of_thought,812,48.39,25.93,74.31,2,26.91,1
vllm,tree_of_thought,813,64.28,0.00,76.47,1,13.08,1
vllm,tree_of_thought,814,56.08,34.33,90.41,2,22.12,1
vllm,tree_of_thought,815,52.29,0.00,65.64,1,15.23,1
vllm,tree_of_thought,816,55.44,0.00,74.71,1,13.38,1
vllm,tree_of_thought,817,75.23,27.50,102.73,2,19.47,1
vllm,tree_of_thought,818,66.79,0.00,85.83,1,11.65,1
vllm,tree_of_thought,819,56.22,0.00,70.45,1,14.19,1
vllm,tree_of_thought,820,60.56,0.00,75.51,1,13.24,1
vllm,tree_of_thought,821,54.67,29.50,84.17,2,23.76,1
vllm,tree_of_thought,822,53.09,28.34,81.42,2,24.56,1
vllm,tree_of_thought,823,54.08,0.00,67.81,1,14.75,1
vllm,tree_of_thought,824,55.45,26.00,81.46,2,24.55,1
vllm,tree_of_thought,825,61.33,27.38,88.71,2,22.55,1
vllm,tree_of_thought,826,56.18,0.00,70.95,1,14.09,1
vllm,tree_of_thought,827,59.63,0.00,75.41,1,13.26,1
vllm,tree_of_thought,828,47.15,0.00,58.63,1,17.06,1
vllm,tree_of_thought,829,51.88,28.08,79.96,2,25.01,1
vllm,tree_of_thought,830,47.45,36.32,83.77,2,23.87,1
vllm,tree_of_thought,831,56.42,0.00,70.44,1,14.20,1
vllm,tree_of_thought,832,49.58,0.00,62.76,1,15.93,1
vllm,tree_of_thought,833,46.30,23.20,69.50,2,28.77,1
vllm,tree_of_thought,834,66.14,6.92,73.07,2,27.37,1
vllm,tree_of_thought,835,61.10,12.26,110.13,5,45.40,1
vllm,tree_of_thought,836,34.51,23.70,58.20,2,34.36,1
vllm,tree_of_thought,837,61.91,0.00,72.65,1,13.76,1
vllm,tree_of_thought,838,55.01,0.00,68.08,1,14.69,1
vllm,tree_of_thought,839,52.26,29.54,81.80,2,24.45,1
vllm,tree_of_thought,840,58.25,0.00,71.42,1,14.00,1
vllm,tree_of_thought,841,54.63,0.00,54.87,1,18.22,1
vllm,tree_of_thought,842,65.73,0.00,82.67,1,12.10,1
vllm,tree_of_thought,843,59.52,0.00,76.07,1,13.15,1
vllm,tree_of_thought,844,57.49,12.93,70.42,2,28.40,1
vllm,tree_of_thought,845,56.62,0.00,72.62,1,13.77,1
vllm,tree_of_thought,846,44.60,0.00,62.12,1,16.10,1
vllm,tree_of_thought,847,48.23,0.00,64.58,1,15.48,1
vllm,tree_of_thought,848,60.19,26.10,86.29,2,23.18,1
vllm,tree_of_thought,849,58.81,16.38,75.19,2,26.60,1
vllm,tree_of_thought,850,67.38,30.20,97.59,2,20.49,1
vllm,tree_of_thought,851,50.84,26.30,77.14,2,25.93,1
vllm,tree_of_thought,852,58.42,24.59,83.02,2,24.09,1
vllm,tree_of_thought,853,56.14,15.02,146.25,7,47.86,0
vllm,tree_of_thought,854,58.19,0.00,74.66,1,13.39,1
vllm,tree_of_thought,855,63.19,0.00,73.79,1,13.55,1
vllm,tree_of_thought,856,59.90,0.00,78.15,1,12.80,1
vllm,tree_of_thought,857,56.71,0.00,71.99,1,13.89,1
vllm,tree_of_thought,858,61.76,19.06,80.82,2,24.75,1
vllm,tree_of_thought,859,59.56,0.00,70.96,1,14.09,1
vllm,tree_of_thought,860,68.73,0.00,81.76,1,12.23,1
vllm,tree_of_thought,861,57.58,40.17,97.75,2,20.46,1
vllm,tree_of_thought,862,47.33,0.00,57.41,1,17.42,1
vllm,tree_of_thought,863,41.58,0.00,62.32,1,16.05,1
vllm,tree_of_thought,864,44.44,25.98,70.42,2,28.40,1
vllm,tree_of_thought,865,54.89,0.00,67.41,1,14.83,1
vllm,tree_of_thought,866,55.12,21.08,76.19,2,26.25,1
vllm,tree_of_thought,867,44.22,0.00,57.42,1,17.42,1
vllm,tree_of_thought,868,54.83,28.31,83.14,2,24.06,1
vllm,tree_of_thought,869,51.34,0.00,63.40,1,15.77,1
vllm,tree_of_thought,870,54.10,32.49,86.59,2,23.10,1
vllm,tree_of_thought,871,63.58,30.21,93.80,2,21.32,1
vllm,tree_of_thought,872,50.21,23.51,73.72,2,27.13,1
vllm,tree_of_thought,873,70.47,0.00,78.70,1,12.71,1
vllm,tree_of_thought,874,51.89,28.00,79.89,2,25.03,1
vllm,tree_of_thought,875,48.50,0.00,61.74,1,16.20,1
vllm,tree_of_thought,876,54.28,0.00,72.03,1,13.88,1
vllm,tree_of_thought,877,50.07,0.00,57.91,1,17.27,1
vllm,tree_of_thought,878,65.30,0.00,73.54,1,13.60,1
vllm,tree_of_thought,879,70.85,28.50,99.35,2,20.13,1
vllm,tree_of_thought,880,48.54,0.00,63.83,1,15.67,1
vllm,tree_of_thought,881,63.09,0.00,73.23,1,13.66,1
vllm,tree_of_thought,882,53.88,25.83,79.70,2,25.09,1
vllm,tree_of_thought,883,47.34,0.00,60.34,1,16.57,1
vllm,tree_of_thought,884,62.55,24.28,86.84,2,23.03,1
vllm,tree_of_thought,885,56.86,0.00,73.66,1,13.58,1
vllm,tree_of_thought,886,66.30,0.00,78.55,1,12.73,1
vllm,tree_of_thought,887,47.40,29.19,76.58,2,26.12,1
vllm,tree_of_thought,888,58.18,0.00,72.40,1,13.81,1
vllm,tree_of_thought,889,50.17,0.00,62.18,1,16.08,1
vllm,tree_of_thought,890,54.25,0.00,61.89,1,16.16,1
vllm,tree_of_thought,891,76.56,0.00,87.88,1,11.38,1
vllm,tree_of_thought,892,61.33,32.10,93.43,2,21.41,1
vllm,tree_of_thought,893,47.70,23.78,71.48,2,27.98,1
vllm,tree_of_thought,894,57.10,0.00,68.95,1,14.50,1
vllm,tree_of_thought,895,61.35,0.00,76.94,1,13.00,1
vllm,tree_of_thought,896,55.52,25.82,81.34,2,24.59,1
vllm,tree_of_thought,897,56.19,22.24,78.43,2,25.50,1
vllm,tree_of_thought,898,32.52,0.00,43.43,1,23.03,1
vllm,tree_of_thought,899,50.46,0.00,61.64,1,16.22,1
vllm,tree_of_thought,900,53.94,0.00,65.05,1,15.37,1
vllm,tree_of_thought,901,64.26,0.00,83.42,1,11.99,1
vllm,tree_of_thought,902,64.14,0.00,78.95,1,12.67,1
vllm,tree_of_thought,903,57.07,29.87,86.94,2,23.00,1
vllm,tree_of_thought,904,66.47,0.00,75.99,1,13.16,1
vllm,tree_of_thought,905,60.22,0.00,73.52,1,13.60,1
vllm,tree_of_thought,906,52.36,0.00,70.99,1,14.09,1
vllm,tree_of_thought,907,60.20,0.00,68.98,1,14.50,1
vllm,tree_of_thought,908,67.83,0.00,84.13,1,11.89,1
vllm,tree_of_thought,909,53.37,29.49,82.86,2,24.14,1
vllm,tree_of_thought,910,67.03,29.45,96.48,2,20.73,1
vllm,tree_of_thought,911,53.20,21.82,75.03,2,26.66,1
vllm,tree_of_thought,912,62.29,0.00,72.93,1,13.71,1
vllm,tree_of_thought,913,60.03,28.14,88.17,2,22.68,1
vllm,tree_of_thought,914,55.86,0.00,71.00,1,14.08,1
vllm,tree_of_thought,915,44.62,0.00,62.01,1,16.13,1
vllm,tree_of_thought,916,47.67,0.00,57.99,1,17.24,1
vllm,tree_of_thought,917,51.18,28.12,79.30,2,25.22,1
vllm,tree_of_thought,918,62.75,0.00,75.42,1,13.26,1
vllm,tree_of_thought,919,61.89,22.37,84.26,2,23.74,0
vllm,tree_of_thought,920,46.89,27.77,74.66,2,26.79,1
vllm,tree_of_thought,921,61.78,22.48,84.26,2,23.74,1
vllm,tree_of_thought,922,79.34,0.00,83.99,1,11.91,1
vllm,tree_of_thought,923,78.21,20.65,98.86,2,20.23,1
vllm,tree_of_thought,924,57.57,22.83,80.39,2,24.88,1
vllm,tree_of_thought,925,55.54,24.97,80.52,2,24.84,1
vllm,tree_of_thought,926,58.14,0.00,73.05,1,13.69,1
vllm,tree_of_thought,927,54.37,0.00,67.78,1,14.75,1
vllm,tree_of_thought,928,53.54,0.00,67.55,1,14.80,1
vllm,tree_of_thought,929,32.56,16.03,64.62,3,46.42,0
vllm,tree_of_thought,930,44.48,35.90,80.38,2,24.88,1
vllm,tree_of_thought,931,71.72,0.00,75.44,1,13.25,1
vllm,tree_of_thought,932,58.07,22.84,80.91,2,24.72,1
vllm,tree_of_thought,933,67.21,30.92,98.12,2,20.38,1
vllm,tree_of_thought,934,52.42,0.00,57.74,1,17.32,1
vllm,tree_of_thought,935,45.87,0.00,63.06,1,15.86,1
vllm,tree_of_thought,936,63.65,0.00,80.95,1,12.35,1
vllm,tree_of_thought,937,61.39,21.99,83.38,2,23.99,1
vllm,tree_of_thought,938,48.61,0.00,67.46,1,14.82,1
vllm,tree_of_thought,939,53.48,33.59,87.08,2,22.97,1
vllm,tree_of_thought,940,52.90,0.00,68.15,1,14.67,1
vllm,tree_of_thought,941,70.03,25.18,95.21,2,21.01,1
vllm,tree_of_thought,942,49.20,21.92,71.12,2,28.12,1
vllm,tree_of_thought,943,42.80,21.22,85.23,3,35.20,0
vllm,tree_of_thought,944,67.17,26.38,93.54,2,21.38,1
vllm,tree_of_thought,945,68.11,0.00,84.62,1,11.82,1
vllm,tree_of_thought,946,51.96,0.00,67.75,1,14.76,1
vllm,tree_of_thought,947,55.21,31.18,86.39,2,23.15,1
vllm,tree_of_thought,948,48.22,0.00,67.56,1,14.80,1
vllm,tree_of_thought,949,56.46,0.00,71.38,1,14.01,1
vllm,tree_of_thought,950,57.76,26.10,83.87,2,23.85,1
vllm,tree_of_thought,951,65.48,0.00,79.97,1,12.50,1
vllm,tree_of_thought,952,61.77,26.83,88.59,2,22.57,1
vllm,tree_of_thought,953,60.94,19.33,80.27,2,24.92,1
vllm,tree_of_thought,954,69.32,0.00,78.27,1,12.78,1
vllm,tree_of_thought,955,50.03,28.31,78.33,2,25.53,1
vllm,tree_of_thought,956,48.12,26.17,74.29,2,26.92,1
vllm,tree_of_thought,957,53.09,0.00,64.71,1,15.45,1
vllm,tree_of_thought,958,47.53,0.00,59.95,1,16.68,1
vllm,tree_of_thought,959,52.65,22.83,75.48,2,26.50,1
vllm,tree_of_thought,960,34.63,20.81,55.44,2,36.07,1
vllm,tree_of_thought,961,58.70,26.12,84.82,2,23.58,1
vllm,tree_of_thought,962,62.66,0.00,77.72,1,12.87,1
vllm,tree_of_thought,963,65.15,0.00,76.43,1,13.08,1
vllm,tree_of_thought,964,60.10,0.00,72.14,1,13.86,1
vllm,tree_of_thought,965,71.53,0.00,83.24,1,12.01,1
vllm,tree_of_thought,966,55.32,0.00,68.50,1,14.60,1
vllm,tree_of_thought,967,66.35,0.00,80.66,1,12.40,1
vllm,tree_of_thought,968,69.33,30.52,99.86,2,20.03,1
vllm,tree_of_thought,969,54.08,31.32,85.40,2,23.42,1
vllm,tree_of_thought,970,66.63,0.00,79.36,1,12.60,1
vllm,tree_of_thought,971,58.46,0.00,71.60,1,13.97,1
vllm,tree_of_thought,972,75.22,24.96,100.19,2,19.96,1
vllm,tree_of_thought,973,63.94,25.09,89.03,2,22.46,1
vllm,tree_of_thought,974,56.35,24.82,81.17,2,24.64,0
vllm,tree_of_thought,975,56.42,0.00,70.82,1,14.12,1
vllm,tree_of_thought,976,50.05,28.14,78.19,2,25.58,1
vllm,tree_of_thought,977,43.38,0.00,62.10,1,16.10,1
vllm,tree_of_thought,978,46.80,0.00,62.17,1,16.08,1
vllm,tree_of_thought,979,52.22,0.00,63.04,1,15.86,1
vllm,tree_of_thought,980,49.95,30.10,80.06,2,24.98,1
vllm,tree_of_thought,981,70.53,31.24,101.77,2,19.65,1
vllm,tree_of_thought,982,56.48,0.00,69.98,1,14.29,1
vllm,tree_of_thought,983,57.29,32.15,89.44,2,22.36,1
vllm,tree_of_thought,984,54.34,0.00,65.98,1,15.16,1
vllm,tree_of_thought,985,67.35,0.00,86.71,1,11.53,1
vllm,tree_of_thought,986,69.11,23.95,93.06,2,21.49,1
vllm,tree_of_thought,987,49.28,0.00,59.02,1,16.94,1
vllm,tree_of_thought,988,53.64,0.00,65.52,1,15.26,1
vllm,tree_of_thought,989,45.12,0.00,57.59,1,17.37,1
vllm,tree_of_thought,990,69.42,0.00,83.48,1,11.98,1
vllm,tree_of_thought,991,31.97,13.47,85.84,5,58.25,0
vllm,long_output,0,31.28,21.43,202.74,9,44.39,1
vllm,long_output,1,56.11,22.16,233.35,9,38.57,1
vllm,long_output,2,48.42,21.18,239.02,10,41.84,1
vllm,long_output,3,49.34,22.08,248.05,10,40.31,1
vllm,long_output,4,56.00,24.77,254.14,9,35.41,1
vllm,long_output,5,65.82,19.39,259.76,11,42.35,1
vllm,long_output,6,67.46,19.78,265.27,11,41.47,1
vllm,long_output,7,58.92,19.08,268.86,12,44.63,1
vllm,long_output,8,74.27,19.98,274.04,11,40.14,1
vllm,long_output,9,53.92,18.44,275.15,13,47.25,1
vllm,long_output,10,64.41,20.45,289.40,12,41.46,1
vllm,long_output,11,77.83,17.61,289.16,13,44.96,1
vllm,long_output,12,73.22,18.62,296.62,13,43.83,1
vllm,long_output,13,61.60,22.49,309.04,12,38.83,1
vllm,long_output,14,65.07,18.06,299.89,14,46.68,1
vllm,long_output,15,66.53,17.00,304.52,15,49.26,1
vllm,long_output,16,70.00,18.78,314.18,14,44.56,1
vllm,long_output,17,66.11,18.88,311.58,14,44.93,1
vllm,long_output,18,50.54,31.78,336.52,10,29.72,1
vllm,long_output,19,60.74,17.96,312.21,15,48.04,1
vllm,long_output,20,70.31,16.85,323.01,16,49.53,1
vllm,long_output,21,72.62,16.70,323.14,16,49.51,1
vllm,long_output,22,69.98,17.22,328.25,16,48.74,1
vllm,long_output,23,61.51,19.83,339.19,15,44.22,1
vllm,long_output,24,64.13,17.29,340.78,17,49.89,1
vllm,long_output,25,66.10,17.40,344.43,17,49.36,1
vllm,long_output,26,64.31,17.55,345.06,17,49.27,1
vllm,long_output,27,88.58,15.62,354.09,18,50.84,1
vllm,long_output,28,86.51,16.34,364.25,18,49.42,1
vllm,long_output,29,71.26,15.79,355.53,19,53.44,1
vllm,long_output,30,70.33,15.83,355.28,19,53.48,1
vllm,long_output,31,67.48,16.24,375.95,20,53.20,1
vllm,long_output,32,65.13,15.49,375.03,21,56.00,1
vllm,long_output,33,91.93,15.43,385.16,20,51.93,1
vllm,long_output,34,82.90,18.00,406.88,19,46.70,1
vllm,long_output,35,83.58,19.63,417.26,18,43.14,1
vllm,long_output,36,90.00,16.01,410.13,21,51.20,1
vllm,long_output,37,96.69,15.64,409.58,21,51.27,1
vllm,long_output,38,81.17,15.30,402.42,22,54.67,1
vllm,long_output,39,82.99,15.50,408.41,22,53.87,1
vllm,long_output,40,88.44,15.40,411.92,22,53.41,1
vllm,long_output,41,94.14,18.00,436.07,20,45.86,1
vllm,long_output,42,84.19,16.05,437.38,23,52.59,1
vllm,long_output,43,105.95,14.91,433.91,23,53.01,1
vllm,long_output,44,91.93,15.79,439.22,23,52.37,1
vllm,long_output,45,79.98,15.25,446.10,25,56.04,1
vllm,long_output,46,108.58,14.93,451.89,24,53.11,1
vllm,long_output,47,104.07,15.37,457.48,24,52.46,1
vllm,long_output,48,106.12,15.50,462.54,24,51.89,1
vllm,long_output,49,91.79,15.30,459.05,25,54.46,1
vllm,long_output,50,73.68,15.28,455.55,26,57.07,1
vllm,long_output,51,75.46,15.46,461.83,26,56.30,1
vllm,long_output,52,65.95,17.17,477.98,25,52.30,1
vllm,long_output,53,94.97,15.38,479.38,26,54.24,1
vllm,long_output,54,95.98,14.98,485.38,27,55.63,1
vllm,long_output,55,92.99,15.11,485.83,27,55.57,1
vllm,long_output,56,68.89,16.16,489.06,27,55.21,1
vllm,long_output,57,70.71,15.34,484.88,28,57.75,1
vllm,long_output,58,91.52,15.44,508.35,28,55.08,1
vllm,long_output,59,87.25,15.87,515.62,28,54.30,1
vllm,long_output,60,84.57,15.13,508.28,29,57.06,1
vllm,long_output,61,83.96,15.28,511.68,29,56.68,1
vllm,long_output,62,84.66,15.35,514.50,29,56.37,1
vllm,long_output,63,85.75,14.97,519.86,30,57.71,1
vllm,long_output,64,60.04,16.08,526.24,30,57.01,1
vllm,long_output,65,75.65,15.91,553.06,31,56.05,1
vllm,long_output,66,100.67,16.42,576.88,30,52.00,1
vllm,long_output,67,117.51,16.35,607.97,31,50.99,1
vllm,long_output,68,91.75,16.03,588.76,32,54.35,1
vllm,long_output,69,74.85,16.25,594.70,33,55.49,1
vllm,long_output,70,100.75,16.37,608.11,32,52.62,1
vllm,long_output,71,148.53,16.29,637.35,31,48.64,1
vllm,long_output,72,132.38,15.73,619.91,32,51.62,1
vllm,long_output,73,75.71,16.00,603.76,34,56.31,1
vllm,long_output,74,122.10,15.31,627.32,34,54.20,1
vllm,long_output,75,138.80,15.51,635.14,33,51.96,1
vllm,long_output,76,117.02,16.05,646.67,34,52.58,1
vllm,long_output,77,103.26,16.18,653.22,35,53.58,1
vllm,long_output,78,126.61,15.82,664.36,35,52.68,1
vllm,long_output,79,157.89,14.94,680.78,36,52.88,1
vllm,long_output,80,212.92,16.10,728.12,33,45.32,1
vllm,long_output,81,132.24,15.66,680.17,36,52.93,1
vllm,long_output,82,109.19,15.89,681.19,37,54.32,1
vllm,long_output,83,137.64,15.60,699.40,37,52.90,1
vllm,long_output,84,127.67,15.85,698.34,37,52.98,1
vllm,long_output,85,97.06,16.13,694.02,38,54.75,1
vllm,long_output,86,105.72,15.72,687.47,38,55.28,1
vllm,long_output,87,112.61,15.37,696.68,39,55.98,1
vllm,long_output,88,224.55,15.66,757.01,35,46.23,1
vllm,long_output,89,96.60,15.84,698.37,39,55.84,1
vllm,long_output,90,102.94,15.72,700.28,39,55.69,1
vllm,long_output,91,146.31,15.89,734.11,38,51.76,1
vllm,long_output,92,234.38,15.70,784.00,36,45.92,1
vllm,long_output,93,127.53,15.06,715.04,40,55.94,1
vllm,long_output,94,121.03,15.65,747.12,41,54.88,1
vllm,long_output,95,165.88,15.95,787.79,40,50.77,1
vllm,long_output,96,148.41,15.94,770.27,40,51.93,1
vllm,long_output,97,123.20,15.96,761.59,41,53.83,1
vllm,long_output,98,140.50,15.81,772.80,41,53.05,1
vllm,long_output,99,100.06,15.80,763.67,43,56.31,1
vllm,long_output,100,102.72,15.68,761.47,43,56.47,1
vllm,long_output,101,175.03,14.96,788.26,42,53.28,1
vllm,long_output,102,145.07,15.51,780.97,42,53.78,1
vllm,long_output,103,113.59,15.76,775.32,43,55.46,1
vllm,long_output,104,102.85,15.57,772.37,44,56.97,1
vllm,long_output,105,102.81,15.67,776.66,44,56.65,1
vllm,long_output,106,126.27,15.71,801.92,44,54.87,1
vllm,long_output,107,171.56,16.04,829.29,42,50.65,1
vllm,long_output,108,96.23,15.77,790.18,45,56.95,1
vllm,long_output,109,127.97,15.77,821.83,45,54.76,1
vllm,long_output,110,98.26,15.99,817.80,46,56.25,1
vllm,long_output,111,161.99,15.35,837.53,45,53.73,1
vllm,long_output,112,165.97,15.21,850.40,46,54.09,1
vllm,long_output,113,72.03,15.80,814.69,48,58.92,1
vllm,long_output,114,145.06,15.50,842.59,46,54.59,1
vllm,long_output,115,131.04,15.23,831.56,47,56.52,1
vllm,long_output,116,131.34,15.31,835.60,47,56.25,1
vllm,long_output,117,129.33,15.51,842.63,47,55.78,1
vllm,long_output,118,97.40,15.21,812.33,48,59.09,1
vllm,long_output,119,101.00,15.19,815.00,48,58.90,1
vllm,long_output,120,97.46,15.11,822.68,49,59.56,1
vllm,long_output,121,88.27,15.11,813.66,49,60.22,1
vllm,long_output,122,100.53,15.17,828.72,49,59.13,1
vllm,long_output,123,87.88,14.90,818.14,50,61.11,1
vllm,long_output,124,92.12,14.77,815.99,50,61.28,1
vllm,long_output,125,92.52,14.87,820.93,50,60.91,1
vllm,long_output,126,91.63,14.65,823.90,51,61.90,1
vllm,long_output,127,90.33,14.91,835.96,51,61.01,1
vllm,long_output,128,53.34,15.01,803.71,51,63.46,1
vllm,long_output,129,70.53,15.53,194.79,9,46.20,1
vllm,long_output,130,82.61,15.15,203.79,9,44.16,1
vllm,long_output,131,44.25,15.04,811.13,52,64.11,1
vllm,long_output,132,87.97,15.85,214.74,9,41.91,1
vllm,long_output,133,86.89,13.06,204.40,10,48.92,1
vllm,long_output,134,77.45,14.25,205.73,10,48.61,1
vllm,long_output,135,73.53,14.64,205.33,10,48.70,1
vllm,long_output,136,70.55,14.03,210.81,11,52.18,1
vllm,long_output,137,50.92,14.66,197.55,11,55.68,1
vllm,long_output,138,64.92,14.95,214.38,11,51.31,1
vllm,long_output,139,55.40,15.05,822.86,52,63.19,1
vllm,long_output,140,59.42,13.82,211.48,12,56.74,1
vllm,long_output,141,70.26,13.79,221.94,12,54.07,1
vllm,long_output,142,51.28,14.76,213.67,12,56.16,1
vllm,long_output,143,56.93,13.82,222.74,13,58.36,1
vllm,long_output,144,58.66,13.88,225.22,13,57.72,1
vllm,long_output,145,89.98,14.87,848.34,52,61.30,1
vllm,long_output,146,82.22,14.75,849.34,53,62.40,1
vllm,long_output,147,68.82,14.06,237.56,13,54.72,1
vllm,long_output,148,83.11,14.92,859.14,53,61.69,1
vllm,long_output,149,75.75,14.91,850.82,53,62.29,1
vllm,long_output,150,61.28,13.99,243.12,14,57.58,1
vllm,long_output,151,77.43,14.73,858.23,54,62.92,1
vllm,long_output,152,84.88,14.71,864.28,54,62.48,1
vllm,long_output,153,67.95,14.61,842.41,54,64.10,1
vllm,long_output,154,47.79,14.67,238.44,14,58.72,1
vllm,long_output,155,54.91,14.69,848.20,55,64.84,1
vllm,long_output,156,51.82,14.94,858.44,55,64.07,1
vllm,long_output,157,64.04,14.58,851.16,55,64.62,1
vllm,long_output,158,45.39,15.57,247.78,14,56.50,1
vllm,long_output,159,64.56,14.70,872.97,56,64.15,1
vllm,long_output,160,52.95,14.78,866.09,56,64.66,1
vllm,long_output,161,59.96,15.18,272.52,15,55.04,1
vllm,long_output,162,72.80,15.11,284.36,15,52.75,1
vllm,long_output,163,87.83,14.51,885.74,56,63.22,1
vllm,long_output,164,91.61,14.69,297.34,15,50.45,1
vllm,long_output,165,76.53,14.50,888.45,57,64.16,1
vllm,long_output,166,66.37,14.43,874.35,57,65.19,1
vllm,long_output,167,82.89,14.52,896.12,57,63.61,1
vllm,long_output,168,70.56,15.29,299.93,16,53.34,1
vllm,long_output,169,79.59,15.33,309.50,16,51.70,1
vllm,long_output,170,89.92,15.25,318.68,16,50.21,1
vllm,long_output,171,88.83,14.15,315.16,17,53.94,1
vllm,long_output,172,80.36,14.71,315.66,17,53.86,1
vllm,long_output,173,86.47,14.56,319.35,17,53.23,1
vllm,long_output,174,62.90,14.65,897.91,58,64.59,1
vllm,long_output,175,79.80,14.63,328.48,18,54.80,1
vllm,long_output,176,91.74,14.37,910.63,58,63.69,1
vllm,long_output,177,93.11,14.51,920.23,58,63.03,1
vllm,long_output,178,67.93,14.81,319.71,18,56.30,1
vllm,long_output,179,79.10,14.45,917.28,59,64.32,1
vllm,long_output,180,71.92,14.41,907.56,59,65.01,1
vllm,long_output,181,77.78,14.85,330.23,18,54.51,1
vllm,long_output,182,83.32,14.27,910.78,59,64.78,1
vllm,long_output,183,60.63,15.33,336.63,19,56.44,1
vllm,long_output,184,48.83,15.35,325.19,19,58.43,1
vllm,long_output,185,58.52,15.32,334.24,19,56.85,1
vllm,long_output,186,85.51,14.20,923.31,60,64.98,1
vllm,long_output,187,79.13,14.24,919.11,60,65.28,1
vllm,long_output,188,92.08,14.41,942.01,60,63.69,1
vllm,long_output,189,79.16,14.03,921.10,61,66.23,1
vllm,long_output,190,63.37,14.38,926.32,61,65.85,1
vllm,long_output,191,84.65,14.73,364.55,20,54.86,1
vllm,long_output,192,58.27,15.25,348.07,20,57.46,1
vllm,long_output,193,64.12,15.17,352.35,20,56.76,1
vllm,long_output,194,52.38,15.03,353.06,21,59.48,1
vllm,long_output,195,58.48,15.01,358.74,21,58.54,1
vllm,long_output,196,64.92,15.23,369.49,21,56.83,1
vllm,long_output,197,52.57,15.86,385.71,22,57.04,1
vllm,long_output,198,70.44,15.69,399.92,22,55.01,1
vllm,long_output,199,68.88,15.91,403.07,22,54.58,1
vllm,long_output,200,105.80,14.57,979.84,61,62.25,1
vllm,long_output,201,55.71,15.65,399.91,23,57.51,1
vllm,long_output,202,90.61,14.51,975.94,62,63.53,1
vllm,long_output,203,66.83,14.66,960.97,62,64.52,1
vllm,long_output,204,82.93,14.63,975.22,62,63.58,1
vllm,long_output,205,75.40,15.35,413.11,23,55.68,1
vllm,long_output,206,74.06,14.59,978.54,63,64.38,1
vllm,long_output,207,62.58,15.64,406.73,23,56.55,1
vllm,long_output,208,84.62,14.24,967.65,63,65.11,1
vllm,long_output,209,48.74,15.40,402.84,24,59.58,1
vllm,long_output,210,82.83,14.33,971.40,63,64.86,1
vllm,long_output,211,77.09,14.22,972.74,64,65.79,1
vllm,long_output,212,64.94,14.34,968.38,64,66.09,1
vllm,long_output,213,69.83,14.32,972.06,64,65.84,1
vllm,long_output,214,47.73,15.54,405.25,24,59.22,1
vllm,long_output,215,65.59,14.32,981.87,65,66.20,1
vllm,long_output,216,74.05,14.35,992.13,65,65.52,1
vllm,long_output,217,61.10,14.44,985.58,65,65.95,1
vllm,long_output,218,51.08,14.44,989.60,66,66.69,1
vllm,long_output,219,70.00,16.07,439.65,24,54.59,1
vllm,long_output,220,54.70,15.76,432.83,25,57.76,1
vllm,long_output,221,65.03,16.03,449.70,25,55.59,1
vllm,long_output,222,61.48,14.33,992.84,66,66.48,1
vllm,long_output,223,43.13,14.47,983.49,66,67.11,1
vllm,long_output,224,47.31,16.16,435.08,25,57.46,1
vllm,long_output,225,51.57,15.90,449.15,26,57.89,1
vllm,long_output,226,52.22,16.02,452.60,26,57.45,1
vllm,long_output,227,64.19,15.69,456.54,26,56.95,1
vllm,long_output,228,61.94,15.61,467.92,27,57.70,1
vllm,long_output,229,50.95,14.60,1014.53,67,66.04,1
vllm,long_output,230,54.41,16.31,478.35,27,56.44,1
vllm,long_output,231,63.89,14.61,1028.07,67,65.17,1
vllm,long_output,232,54.60,16.42,481.62,27,56.06,1
vllm,long_output,233,49.29,15.97,480.43,28,58.28,1
vllm,long_output,234,61.27,15.94,491.77,28,56.94,1
vllm,long_output,235,67.96,15.98,499.47,28,56.06,1
vllm,long_output,236,53.23,15.83,496.39,29,58.42,1
vllm,long_output,237,57.85,15.74,498.47,29,58.18,1
vllm,long_output,238,56.08,15.71,495.94,29,58.47,1
vllm,long_output,239,62.44,15.78,519.96,30,57.70,1
vllm,long_output,240,84.99,15.92,546.67,30,54.88,1
vllm,long_output,241,91.35,15.95,554.00,30,54.15,1
vllm,long_output,242,87.06,15.48,551.49,31,56.21,1
vllm,long_output,243,74.66,15.99,554.38,31,55.92,1
vllm,long_output,244,76.86,15.92,554.42,31,55.91,1
vllm,long_output,245,69.56,15.76,558.21,32,57.33,1
vllm,long_output,246,75.22,15.75,563.35,32,56.80,1
vllm,long_output,247,59.40,15.96,554.04,32,57.76,1
vllm,long_output,248,66.31,15.51,562.70,33,58.65,1
vllm,long_output,249,77.70,15.60,576.96,33,57.20,1
vllm,long_output,250,79.15,15.52,575.72,33,57.32,1
vllm,long_output,251,60.30,15.40,568.65,34,59.79,1
vllm,long_output,252,62.02,15.30,566.76,34,59.99,1
vllm,long_output,253,67.48,15.57,581.36,34,58.48,1
vllm,long_output,254,50.61,15.83,588.67,35,59.46,1
vllm,long_output,255,71.92,15.89,612.18,35,57.17,1
vllm,long_output,256,79.85,15.77,615.86,35,56.83,1
vllm,long_output,257,72.77,15.27,607.25,36,59.28,1
vllm,long_output,258,66.66,15.86,621.81,36,57.90,1
vllm,long_output,259,68.23,15.79,620.84,36,57.99,1
vllm,long_output,260,74.45,15.60,636.08,37,58.17,1
vllm,long_output,261,67.13,15.96,641.68,37,57.66,1
vllm,long_output,262,65.98,15.84,652.12,38,58.27,1
vllm,long_output,263,90.41,15.68,654.94,37,56.49,1
vllm,long_output,264,76.04,15.50,649.64,38,58.49,1
vllm,long_output,265,70.64,15.76,653.73,38,58.13,1
vllm,long_output,266,69.14,15.46,656.47,39,59.41,1
vllm,long_output,267,78.68,15.35,661.82,39,58.93,1
vllm,long_output,268,74.95,15.56,666.35,39,58.53,1
vllm,long_output,269,77.60,15.20,670.28,40,59.68,1
vllm,long_output,270,73.73,15.21,667.09,40,59.96,1
vllm,long_output,271,83.66,15.16,675.06,40,59.25,1
vllm,long_output,272,65.99,15.45,683.93,41,59.95,1
vllm,long_output,273,61.53,15.59,685.04,41,59.85,1
vllm,long_output,274,79.86,15.38,695.08,41,58.99,1
vllm,long_output,275,66.45,15.25,691.60,42,60.73,1
vllm,long_output,276,73.22,15.21,696.98,42,60.26,1
vllm,long_output,277,72.80,15.32,700.82,42,59.93,1
vllm,long_output,278,68.89,15.08,702.42,43,61.22,1
vllm,long_output,279,58.85,15.38,704.96,43,61.00,1
vllm,long_output,280,60.05,15.63,716.53,43,60.01,1
vllm,long_output,281,55.87,15.44,719.69,44,61.14,1
vllm,long_output,282,73.28,15.31,731.65,44,60.14,1
vllm,long_output,283,73.20,15.28,730.46,44,60.24,1
vllm,long_output,284,78.57,14.76,727.79,45,61.83,1
vllm,long_output,285,78.09,15.26,749.74,45,60.02,1
vllm,long_output,286,69.20,15.42,747.54,45,60.20,1
vllm,long_output,287,58.61,15.29,746.60,46,61.61,1
vllm,long_output,288,63.48,15.20,747.28,46,61.56,1
vllm,long_output,289,63.46,15.08,741.92,46,62.00,1
vllm,long_output,290,46.19,15.09,740.51,47,63.47,1
vllm,long_output,291,58.31,15.26,760.29,47,61.82,1
vllm,long_output,292,98.35,14.95,785.99,47,59.80,1
vllm,long_output,293,83.26,14.97,787.08,48,60.98,1
vllm,long_output,294,90.01,15.02,795.83,48,60.31,1
vllm,long_output,295,93.13,15.10,803.01,48,59.78,1
vllm,long_output,296,75.80,15.11,801.22,49,61.16,1
vllm,long_output,297,83.04,15.05,805.65,49,60.82,1
vllm,long_output,298,84.22,14.63,786.27,49,62.32,1
vllm,long_output,299,79.16,14.76,802.37,50,62.32,1
vllm,long_output,300,68.02,14.85,795.82,50,62.83,1
vllm,long_output,301,67.21,14.84,794.32,50,62.95,1
vllm,long_output,302,53.88,14.50,169.86,9,52.99,1
vllm,long_output,303,54.06,14.86,796.91,51,64.00,1
vllm,long_output,304,53.48,14.71,788.89,51,64.65,1
vllm,long_output,305,59.63,14.81,178.14,9,50.52,1
vllm,long_output,306,45.95,15.40,169.17,9,53.20,1
vllm,long_output,307,45.29,14.45,175.37,10,57.02,1
vllm,long_output,308,59.23,14.65,791.56,51,64.43,1
vllm,long_output,309,46.74,14.69,796.09,52,65.32,1
vllm,long_output,310,70.43,14.65,817.69,52,63.59,1
vllm,long_output,311,47.72,15.69,188.95,10,52.93,1
vllm,long_output,312,78.39,14.46,830.45,53,63.82,1
vllm,long_output,313,84.29,14.81,839.36,52,61.95,1
vllm,long_output,314,81.49,14.57,838.90,53,63.18,1
vllm,long_output,315,75.33,14.56,832.24,53,63.68,1
vllm,long_output,316,65.91,14.57,838.36,54,64.41,1
vllm,long_output,317,67.91,17.91,229.13,10,43.64,1
vllm,long_output,318,59.61,15.32,212.78,11,51.70,1
vllm,long_output,319,73.45,14.94,222.82,11,49.37,1
vllm,long_output,320,60.83,14.42,825.16,54,65.44,1
vllm,long_output,321,64.21,14.48,223.50,12,53.69,1
vllm,long_output,322,57.47,14.35,832.20,55,66.09,1
vllm,long_output,323,52.59,14.87,216.16,12,55.52,1
vllm,long_output,324,66.04,14.10,827.41,55,66.47,1
vllm,long_output,325,70.95,18.60,257.00,11,42.80,1
vllm,long_output,326,71.42,14.23,840.04,55,65.47,1
vllm,long_output,327,64.32,14.96,857.36,54,62.98,1
vllm,long_output,328,68.52,14.08,843.19,56,66.41,1
vllm,long_output,329,69.15,13.93,222.41,12,53.96,1
vllm,long_output,330,66.61,13.54,229.10,13,56.74,1
vllm,long_output,331,68.65,13.87,235.05,13,55.31,1
vllm,long_output,332,60.48,14.21,841.85,56,66.52,1
vllm,long_output,333,56.99,15.46,242.57,13,53.59,1
vllm,long_output,334,47.30,14.52,236.12,14,59.29,1
vllm,long_output,335,49.20,14.21,830.50,56,67.43,1
vllm,long_output,336,65.19,14.53,254.09,14,55.10,1
vllm,long_output,337,70.22,14.57,259.63,14,53.92,1
vllm,long_output,338,57.32,14.44,259.45,15,57.81,1
vllm,long_output,339,47.81,14.56,251.63,15,59.61,1
vllm,long_output,340,49.25,14.44,858.09,57,66.43,1
vllm,long_output,341,64.66,14.38,870.00,57,65.52,1
vllm,long_output,342,73.66,14.37,878.12,57,64.91,1
vllm,long_output,343,53.50,15.89,275.91,15,54.37,1
vllm,long_output,344,75.74,14.43,898.07,58,64.58,1
vllm,long_output,345,53.43,14.80,275.47,16,58.08,1
vllm,long_output,346,45.85,14.38,865.58,58,67.01,1
vllm,long_output,347,50.96,14.94,275.12,16,58.16,1
vllm,long_output,348,47.66,15.16,274.99,16,58.18,1
vllm,long_output,349,45.77,14.33,862.86,58,67.22,1
vllm,long_output,350,71.53,15.31,316.54,17,53.71,1
vllm,long_output,351,60.21,14.47,899.53,59,65.59,1
vllm,long_output,352,74.42,14.24,900.63,59,65.51,1
vllm,long_output,353,86.78,15.51,334.93,17,50.76,1
vllm,long_output,354,88.73,14.20,912.47,59,64.66,1
vllm,long_output,355,53.55,14.30,897.53,60,66.85,1
vllm,long_output,356,66.82,14.31,911.36,60,65.84,1
vllm,long_output,357,114.96,14.72,350.51,17,48.50,1
vllm,long_output,358,79.01,14.05,908.03,60,66.08,1
vllm,long_output,359,86.20,15.26,345.55,18,52.09,1
vllm,long_output,360,112.35,14.92,365.99,18,49.18,1
vllm,long_output,361,70.39,14.22,923.32,61,66.07,1
vllm,long_output,362,122.38,15.11,379.30,18,47.46,1
vllm,long_output,363,78.86,15.46,357.05,19,53.21,1
vllm,long_output,364,65.33,14.02,906.40,61,67.30,1
vllm,long_output,365,82.80,15.11,354.70,19,53.57,1
vllm,long_output,366,66.63,14.13,914.43,61,66.71,1
vllm,long_output,367,106.13,14.61,369.11,19,51.47,1
vllm,long_output,368,67.69,13.92,916.80,62,67.63,1
vllm,long_output,369,98.38,14.65,376.66,20,53.10,1
vllm,long_output,370,95.40,15.09,382.16,20,52.33,1
vllm,long_output,371,72.55,13.93,922.14,62,67.23,1
vllm,long_output,372,96.12,15.48,390.18,20,51.26,1
vllm,long_output,373,69.80,13.96,921.17,62,67.31,1
vllm,long_output,374,91.07,14.81,387.34,21,54.22,1
vllm,long_output,375,60.27,14.03,930.17,63,67.73,1
vllm,long_output,376,67.40,13.87,927.38,63,67.93,1
vllm,long_output,377,62.18,14.00,930.48,63,67.71,1
vllm,long_output,378,117.27,14.36,404.45,21,51.92,1
vllm,long_output,379,135.80,13.76,411.01,21,51.09,1
vllm,long_output,380,102.50,14.54,407.83,22,53.94,1
vllm,long_output,381,59.01,14.10,947.05,64,67.58,1
vllm,long_output,382,109.48,14.85,421.42,22,52.20,1
vllm,long_output,383,108.28,14.75,418.08,22,52.62,1
vllm,long_output,384,82.21,14.81,408.03,23,56.37,1
vllm,long_output,385,95.63,14.65,417.97,23,55.03,1
vllm,long_output,386,56.95,14.08,943.97,64,67.80,1
vllm,long_output,387,85.87,15.02,416.29,23,55.25,1
vllm,long_output,388,80.60,14.55,415.24,24,57.80,1
vllm,long_output,389,82.02,14.89,424.57,24,56.53,1
vllm,long_output,390,80.33,14.14,405.51,24,59.19,1
vllm,long_output,391,59.08,14.14,949.98,64,67.37,1
vllm,long_output,392,48.49,14.40,970.38,65,66.98,1
vllm,long_output,393,68.71,15.37,437.69,25,57.12,1
vllm,long_output,394,74.55,15.28,441.23,25,56.66,1
vllm,long_output,395,72.40,15.22,437.70,25,57.12,1
vllm,long_output,396,49.97,14.46,975.34,65,66.64,1
vllm,long_output,397,81.15,15.00,456.25,26,56.99,1
vllm,long_output,398,59.80,15.77,454.04,26,57.26,1
vllm,long_output,399,56.98,14.56,988.78,65,65.74,1
vllm,long_output,400,60.71,14.25,986.96,66,66.87,1
vllm,long_output,401,99.69,15.63,490.55,26,53.00,1
vllm,long_output,402,69.99,14.40,1006.25,66,65.59,1
vllm,long_output,403,83.05,14.35,1015.90,66,64.97,1
vllm,long_output,404,89.15,15.74,498.30,27,54.18,1
vllm,long_output,405,59.78,14.28,1002.27,67,66.85,1
vllm,long_output,406,69.25,15.97,484.43,27,55.74,1
vllm,long_output,407,69.44,14.46,1024.02,67,65.43,1
vllm,long_output,408,66.99,15.73,491.58,28,56.96,1
vllm,long_output,409,80.82,16.21,502.34,27,53.75,1
vllm,long_output,410,82.57,15.59,503.45,28,55.62,1
vllm,long_output,411,67.22,15.65,489.82,28,57.16,1
vllm,long_output,412,60.46,15.68,499.57,29,58.05,1
vllm,long_output,413,54.47,15.62,491.85,29,58.96,1
vllm,long_output,414,79.12,15.88,523.87,29,55.36,1
vllm,long_output,415,77.60,15.70,533.02,30,56.28,1
vllm,long_output,416,77.43,15.72,533.44,30,56.24,1
vllm,long_output,417,93.57,15.58,545.35,30,55.01,1
vllm,long_output,418,90.04,15.40,552.16,31,56.14,1
vllm,long_output,419,74.66,15.81,548.86,31,56.48,1
vllm,long_output,420,76.41,15.70,547.35,31,56.64,1
vllm,long_output,421,77.38,15.42,555.46,32,57.61,1
vllm,long_output,422,82.70,15.70,569.33,32,56.21,1
vllm,long_output,423,82.38,15.53,563.77,32,56.76,1
vllm,long_output,424,66.36,15.35,557.72,33,59.17,1
vllm,long_output,425,63.02,15.55,560.63,33,58.86,1
vllm,long_output,426,79.03,15.72,582.01,33,56.70,1
vllm,long_output,427,76.49,15.55,589.55,34,57.67,1
vllm,long_output,428,94.14,15.29,598.56,34,56.80,1
vllm,long_output,429,96.93,15.20,598.55,34,56.80,1
vllm,long_output,430,88.84,15.26,607.71,35,57.59,1
vllm,long_output,431,87.86,15.51,615.24,35,56.89,1
vllm,long_output,432,86.28,15.71,620.50,35,56.41,1
vllm,long_output,433,73.28,15.45,614.14,36,58.62,1
vllm,long_output,434,67.14,15.74,617.95,36,58.26,1
vllm,long_output,435,88.03,15.33,624.56,36,57.64,1
vllm,long_output,436,83.47,15.28,633.51,37,58.40,1
vllm,long_output,437,77.97,15.21,625.36,37,59.17,1
vllm,long_output,438,82.61,15.25,631.51,37,58.59,1
vllm,long_output,439,69.35,15.25,633.74,38,59.96,1
vllm,long_output,440,72.22,15.21,635.08,38,59.83,1
vllm,long_output,441,72.52,15.14,632.78,38,60.05,1
vllm,long_output,442,63.89,15.15,639.64,39,60.97,1
vllm,long_output,443,70.07,15.08,643.18,39,60.64,1
vllm,long_output,444,94.51,14.99,664.10,39,58.73,1
vllm,long_output,445,89.73,15.23,683.66,40,58.51,1
vllm,long_output,446,87.01,15.29,683.46,40,58.53,1
vllm,long_output,447,85.23,15.61,693.89,40,57.65,1
vllm,long_output,448,79.60,15.12,684.21,41,59.92,1
vllm,long_output,449,67.87,15.40,683.99,41,59.94,1
vllm,long_output,450,71.22,15.49,690.65,41,59.36,1
vllm,long_output,451,69.02,15.25,694.33,42,60.49,1
vllm,long_output,452,60.53,15.22,684.69,42,61.34,1
vllm,long_output,453,77.27,15.17,699.11,42,60.08,1
vllm,long_output,454,60.57,14.82,683.08,43,62.95,1
vllm,long_output,455,71.11,15.02,701.90,43,61.26,1
vllm,long_output,456,70.48,15.29,712.61,43,60.34,1
vllm,long_output,457,59.66,15.26,715.82,44,61.47,1
vllm,long_output,458,64.50,15.38,725.94,44,60.61,1
vllm,long_output,459,55.93,15.23,726.23,45,61.96,1
vllm,long_output,460,74.51,15.60,745.27,44,59.04,1
vllm,long_output,461,66.31,15.23,736.35,45,61.11,1
vllm,long_output,462,76.57,15.17,744.15,45,60.47,1
vllm,long_output,463,68.43,14.94,740.78,46,62.10,1
vllm,long_output,464,60.90,15.19,744.44,46,61.79,1
vllm,long_output,465,50.34,15.31,754.69,47,62.28,1
vllm,long_output,466,71.46,15.40,764.45,46,60.17,1
vllm,long_output,467,63.04,15.17,760.94,47,61.77,1
vllm,long_output,468,68.13,15.17,765.74,47,61.38,1
vllm,long_output,469,69.95,15.14,781.67,48,61.41,1
vllm,long_output,470,80.42,14.99,785.03,48,61.14,1
vllm,long_output,471,85.33,14.87,784.03,48,61.22,1
vllm,long_output,472,55.82,14.83,767.75,49,63.82,1
vllm,long_output,473,68.29,14.95,785.80,49,62.36,1
vllm,long_output,474,76.20,14.90,791.52,49,61.91,1
vllm,long_output,475,56.98,14.77,780.93,50,64.03,1
vllm,long_output,476,58.29,14.83,784.90,50,63.70,1
vllm,long_output,477,47.12,14.84,774.10,50,64.59,1
vllm,long_output,478,50.60,15.27,172.74,9,52.10,1
vllm,long_output,479,71.51,14.01,183.56,9,49.03,1
vllm,long_output,480,65.23,15.23,187.05,9,48.12,1
vllm,long_output,481,46.76,14.66,779.63,51,65.42,1
vllm,long_output,482,54.82,14.78,793.62,51,64.26,1
vllm,long_output,483,58.98,14.32,187.82,10,53.24,1
vllm,long_output,484,67.47,15.07,203.11,10,49.24,1
vllm,long_output,485,49.97,14.65,782.44,51,65.18,1
vllm,long_output,486,54.73,14.44,184.71,10,54.14,1
vllm,long_output,487,54.12,14.49,793.18,52,65.56,1
vllm,long_output,488,53.20,13.85,191.65,11,57.40,1
vllm,long_output,489,49.14,14.71,196.23,11,56.06,1
vllm,long_output,490,54.74,13.66,191.37,11,57.48,1
vllm,long_output,491,73.59,14.44,810.03,52,64.20,1
vllm,long_output,492,50.49,13.71,201.27,12,59.62,1
vllm,long_output,493,71.06,14.42,806.63,52,64.47,1
vllm,long_output,494,53.87,14.06,208.48,12,57.56,1
vllm,long_output,495,60.34,14.51,814.90,53,65.04,1
vllm,long_output,496,67.42,14.59,826.15,53,64.15,1
vllm,long_output,497,52.66,14.98,217.45,12,55.18,1
vllm,long_output,498,49.12,13.94,216.41,13,60.07,1
vllm,long_output,499,48.33,14.68,224.49,13,57.91,1
vllm,long_output,500,70.14,14.54,826.39,53,64.13,1
vllm,long_output,501,69.45,14.56,841.35,54,64.18,1
vllm,long_output,502,70.06,14.52,839.77,54,64.30,1
vllm,long_output,503,63.72,14.71,843.43,54,64.02,1
vllm,long_output,504,58.71,15.42,243.74,13,53.33,1
vllm,long_output,505,71.94,14.31,844.85,55,65.10,1
vllm,long_output,506,57.78,14.30,829.72,55,66.29,1
vllm,long_output,507,64.63,14.45,844.77,55,65.11,1
vllm,long_output,508,61.14,14.27,845.77,56,66.21,1
vllm,long_output,509,68.24,14.24,851.67,56,65.75,1
vllm,long_output,510,71.46,14.29,857.41,56,65.31,1
vllm,long_output,511,65.91,14.86,259.04,14,54.05,1
vllm,long_output,512,61.49,14.35,864.96,57,65.90,1
vllm,long_output,513,71.35,15.38,271.25,14,51.61,1
vllm,long_output,514,63.70,14.26,862.18,57,66.11,1
vllm,long_output,515,77.83,15.37,277.68,14,50.42,1
vllm,long_output,516,84.00,14.13,875.13,57,65.13,1
vllm,long_output,517,76.23,14.95,285.49,15,52.54,1
vllm,long_output,518,80.45,15.10,291.92,15,51.38,1
vllm,long_output,519,61.44,14.10,865.33,58,67.03,1
vllm,long_output,520,64.50,15.00,289.55,16,55.26,1
vllm,long_output,521,66.04,14.18,874.23,58,66.34,1
vllm,long_output,522,79.30,14.22,889.84,58,65.18,1
vllm,long_output,523,60.70,14.15,881.43,59,66.94,1
vllm,long_output,524,78.80,16.33,307.42,15,48.79,1
vllm,long_output,525,75.52,14.48,292.73,16,54.66,1
vllm,long_output,526,90.82,14.61,309.91,16,51.63,1
vllm,long_output,527,66.76,14.74,302.65,17,56.17,1
vllm,long_output,528,89.77,13.91,896.30,59,65.83,1
vllm,long_output,529,76.56,14.05,891.46,59,66.18,1
vllm,long_output,530,59.90,13.88,878.82,60,68.27,1
vllm,long_output,531,56.76,15.74,308.66,17,55.08,1
vllm,long_output,532,58.86,15.91,313.48,17,54.23,1
vllm,long_output,533,75.77,13.90,895.57,60,67.00,1
vllm,long_output,534,56.80,14.03,884.81,60,67.81,1
vllm,long_output,535,61.44,14.33,304.98,18,59.02,1
vllm,long_output,536,80.37,14.16,321.13,18,56.05,1
vllm,long_output,537,79.56,14.44,325.08,18,55.37,1
vllm,long_output,538,51.85,13.93,887.69,61,68.72,1
vllm,long_output,539,50.56,14.89,318.61,19,59.63,1
vllm,long_output,540,60.93,14.56,322.99,19,58.83,1
vllm,long_output,541,63.72,15.19,337.20,19,56.35,1
vllm,long_output,542,55.04,14.61,332.68,20,60.12,1
vllm,long_output,543,58.80,14.60,336.18,20,59.49,1
vllm,long_output,544,58.03,14.58,335.05,20,59.69,1
vllm,long_output,545,75.95,14.13,923.76,61,66.03,1
vllm,long_output,546,79.52,14.14,927.97,61,65.73,1
vllm,long_output,547,52.74,14.94,351.50,21,59.74,1
vllm,long_output,548,70.85,14.18,935.90,62,66.25,1
vllm,long_output,549,72.98,14.13,935.00,62,66.31,1
vllm,long_output,550,108.77,13.81,951.14,62,65.18,1
vllm,long_output,551,60.77,15.32,367.10,21,57.20,1
vllm,long_output,552,92.15,14.08,965.23,63,65.27,1
vllm,long_output,553,75.90,14.07,948.52,63,66.42,1
vllm,long_output,554,77.50,15.39,385.21,21,54.52,1
vllm,long_output,555,91.11,14.18,970.21,63,64.93,1
vllm,long_output,556,79.98,13.94,958.48,64,66.77,1
vllm,long_output,557,61.24,15.60,388.92,22,56.57,1
vllm,long_output,558,57.33,15.58,384.51,22,57.22,1
vllm,long_output,559,72.67,13.94,951.18,64,67.28,1
vllm,long_output,560,71.89,13.96,951.25,64,67.28,1
vllm,long_output,561,64.04,15.34,386.27,22,56.96,1
vllm,long_output,562,53.56,14.99,383.43,23,59.98,1
vllm,long_output,563,72.11,14.97,401.43,23,57.29,1
vllm,long_output,564,80.54,15.12,413.20,23,55.66,1
vllm,long_output,565,55.21,13.94,947.52,65,68.60,1
vllm,long_output,566,59.24,14.24,970.45,65,66.98,1
vllm,long_output,567,47.88,15.76,410.40,24,58.48,1
vllm,long_output,568,48.34,15.76,410.75,24,58.43,1
vllm,long_output,569,74.85,14.31,991.01,65,65.59,1
vllm,long_output,570,66.95,14.14,985.88,66,66.94,1
vllm,long_output,571,60.92,14.14,980.34,66,67.32,1
vllm,long_output,572,59.23,16.29,433.80,24,55.33,1
vllm,long_output,573,44.80,16.06,430.28,25,58.10,1
vllm,long_output,574,62.56,15.57,436.21,25,57.31,1
vllm,long_output,575,52.87,15.88,433.99,25,57.60,1
vllm,long_output,576,66.64,14.26,993.60,66,66.42,1
vllm,long_output,577,46.17,15.74,439.58,26,59.15,1
vllm,long_output,578,58.97,14.19,995.29,67,67.32,1
vllm,long_output,579,60.00,14.10,990.89,67,67.62,1
vllm,long_output,580,49.17,15.61,439.49,26,59.16,1
vllm,long_output,581,61.38,15.43,447.06,26,58.16,1
vllm,long_output,582,48.04,15.54,451.95,27,59.74,1
vllm,long_output,583,61.88,15.63,468.22,27,57.66,1
vllm,long_output,584,74.01,15.36,473.48,27,57.03,1
vllm,long_output,585,51.11,16.98,509.51,28,54.95,1
vllm,long_output,586,60.03,17.18,523.89,28,53.45,1
vllm,long_output,587,72.25,17.15,535.20,28,52.32,1
vllm,long_output,588,65.60,16.77,535.30,29,54.18,1
vllm,long_output,589,59.17,16.70,526.65,29,55.06,1
vllm,long_output,590,64.43,16.79,534.68,29,54.24,1
vllm,long_output,591,63.61,16.84,551.89,30,54.36,1
vllm,long_output,592,83.23,16.51,561.94,30,53.39,1
vllm,long_output,593,78.57,16.55,558.50,30,53.72,1
vllm,long_output,594,68.33,16.65,567.95,31,54.58,1
vllm,long_output,595,69.77,16.76,572.47,31,54.15,1
vllm,long_output,596,66.46,16.39,574.58,32,55.69,1
vllm,long_output,597,80.03,16.91,587.28,31,52.79,1
vllm,long_output,598,81.32,16.43,590.76,32,54.17,1
vllm,long_output,599,76.91,16.42,585.84,32,54.62,1
vllm,long_output,600,70.63,16.45,596.95,33,55.28,1
vllm,long_output,601,84.31,15.92,593.77,33,55.58,1
vllm,long_output,602,93.74,16.15,610.41,33,54.06,1
vllm,long_output,603,73.40,16.40,614.72,34,55.31,1
vllm,long_output,604,74.54,16.56,621.09,34,54.74,1
vllm,long_output,605,63.90,16.90,621.47,34,54.71,1
vllm,long_output,606,60.51,16.37,617.05,35,56.72,1
vllm,long_output,607,64.92,16.07,611.25,35,57.26,1
vllm,long_output,608,65.36,16.30,619.43,35,56.50,1
vllm,long_output,609,56.98,16.32,628.15,36,57.31,1
vllm,long_output,610,53.54,16.40,627.59,36,57.36,1
vllm,long_output,611,67.77,16.39,641.47,36,56.12,1
vllm,long_output,612,58.33,16.18,640.85,37,57.74,1
vllm,long_output,613,62.54,16.59,659.66,37,56.09,1
vllm,long_output,614,62.35,16.26,647.76,37,57.12,1
vllm,long_output,615,53.18,16.20,652.63,38,58.23,1
vllm,long_output,616,74.71,16.37,680.42,38,55.85,1
vllm,long_output,617,77.00,16.09,688.44,39,56.65,1
vllm,long_output,618,99.56,16.00,691.68,38,54.94,1
vllm,long_output,619,90.83,15.85,693.20,39,56.26,1
vllm,long_output,620,87.88,15.98,695.23,39,56.10,1
vllm,long_output,621,85.45,15.75,699.60,40,57.18,1
vllm,long_output,622,92.03,15.71,704.86,40,56.75,1
vllm,long_output,623,80.55,15.85,698.85,40,57.24,1
vllm,long_output,624,70.95,15.74,700.62,41,58.52,1
vllm,long_output,625,70.15,15.72,699.05,41,58.65,1
vllm,long_output,626,71.45,15.59,695.15,41,58.98,1
vllm,long_output,627,67.69,15.64,708.82,42,59.25,1
vllm,long_output,628,68.42,15.63,709.09,42,59.23,1
vllm,long_output,629,56.00,15.69,699.24,42,60.07,1
vllm,long_output,630,55.34,16.02,727.98,43,59.07,1
vllm,long_output,631,51.90,16.15,730.19,43,58.89,1
vllm,long_output,632,55.07,16.22,736.23,43,58.41,1
vllm,long_output,633,74.57,15.84,755.54,44,58.24,1
vllm,long_output,634,64.75,15.98,752.01,44,58.51,1
vllm,long_output,635,82.18,15.86,764.38,44,57.56,1
vllm,long_output,636,59.65,15.89,758.83,45,59.30,1
vllm,long_output,637,82.11,15.74,774.86,45,58.07,1
vllm,long_output,638,126.56,14.98,785.56,45,57.28,1
vllm,long_output,639,116.62,14.92,787.92,46,58.38,1
vllm,long_output,640,116.97,14.79,782.61,46,58.78,1
vllm,long_output,641,113.83,15.06,791.57,46,58.11,1
vllm,long_output,642,104.39,14.74,782.32,47,60.08,1
vllm,long_output,643,113.27,14.80,794.08,47,59.19,1
vllm,long_output,644,100.25,14.91,786.13,47,59.79,1
vllm,long_output,645,98.95,14.68,788.79,48,60.85,1
vllm,long_output,646,100.53,14.83,797.68,48,60.17,1
vllm,long_output,647,88.28,14.74,780.99,48,61.46,1
vllm,long_output,648,85.48,14.73,792.51,49,61.83,1
vllm,long_output,649,62.48,14.72,769.17,49,63.70,1
vllm,long_output,650,73.54,14.75,781.53,49,62.70,1
vllm,long_output,651,52.21,14.73,773.95,50,64.60,1
vllm,long_output,652,75.53,14.40,781.17,50,64.01,1
vllm,long_output,653,69.58,14.69,789.20,50,63.36,1
vllm,long_output,654,64.26,14.61,794.52,51,64.19,1
vllm,long_output,655,63.31,14.81,181.79,9,49.51,1
vllm,long_output,656,57.52,14.39,776.97,51,65.64,1
vllm,long_output,657,66.38,14.96,186.05,9,48.37,1
vllm,long_output,658,69.44,14.65,802.09,51,63.58,1
vllm,long_output,659,76.74,15.48,200.57,9,44.87,1
vllm,long_output,660,62.90,14.40,797.49,52,65.20,1
vllm,long_output,661,54.36,15.13,190.55,10,52.48,1
vllm,long_output,662,67.13,14.86,200.89,10,49.78,1
vllm,long_output,663,77.55,14.91,211.74,10,47.23,1
vllm,long_output,664,89.43,14.18,812.60,52,63.99,1
vllm,long_output,665,56.12,14.10,197.12,11,55.80,1
vllm,long_output,666,90.80,14.37,823.48,52,63.15,1
vllm,long_output,667,67.73,14.72,214.97,11,51.17,1
vllm,long_output,668,77.74,14.19,815.51,53,64.99,1
vllm,long_output,669,80.60,14.31,824.56,53,64.28,1
vllm,long_output,670,47.08,15.57,202.77,11,54.25,1
vllm,long_output,671,57.90,14.25,813.31,54,66.40,1
vllm,long_output,672,64.48,14.51,818.76,53,64.73,1
vllm,long_output,673,51.44,14.22,805.14,54,67.07,1
vllm,long_output,674,60.15,14.28,817.25,54,66.08,1
vllm,long_output,675,50.70,14.18,816.50,55,67.36,1
vllm,long_output,676,56.31,14.23,212.89,12,56.37,1
vllm,long_output,677,66.83,14.20,223.08,12,53.79,1
vllm,long_output,678,51.89,14.07,206.68,12,58.06,1
vllm,long_output,679,67.01,14.24,836.15,55,65.78,1
vllm,long_output,680,56.61,14.28,827.56,55,66.46,1
vllm,long_output,681,69.03,13.98,838.06,56,66.82,1
vllm,long_output,682,67.27,14.63,242.80,13,53.54,1
vllm,long_output,683,63.16,14.14,840.87,56,66.60,1
vllm,long_output,684,67.95,15.40,252.74,13,51.44,1
vllm,long_output,685,45.17,16.07,238.06,13,54.61,1
vllm,long_output,686,66.33,14.09,841.41,56,66.56,1
vllm,long_output,687,54.55,14.21,850.58,57,67.01,1
vllm,long_output,688,56.93,14.42,244.44,14,57.27,1
vllm,long_output,689,44.92,15.18,242.25,14,57.79,1
vllm,long_output,690,45.97,16.29,257.79,14,54.31,1
vllm,long_output,691,53.28,13.57,243.28,15,61.66,1
vllm,long_output,692,72.80,14.02,858.08,57,66.43,1
vllm,long_output,693,54.50,15.19,267.11,15,56.16,1
vllm,long_output,694,68.19,14.40,874.58,57,65.17,1
vllm,long_output,695,53.43,14.01,851.96,58,68.08,1
vllm,long_output,696,56.11,14.08,858.60,58,67.55,1
vllm,long_output,697,78.48,14.47,281.12,15,53.36,1
vllm,long_output,698,58.15,14.09,269.57,16,59.35,1
vllm,long_output,699,62.47,13.95,857.68,58,67.62,1
vllm,long_output,700,70.36,14.81,292.56,16,54.69,1
vllm,long_output,701,65.14,15.31,294.85,16,54.26,1
vllm,long_output,702,54.16,13.93,862.31,59,68.42,1
vllm,long_output,703,58.88,14.02,872.00,59,67.66,1
vllm,long_output,704,94.78,14.98,334.50,17,50.82,1
vllm,long_output,705,81.73,15.15,324.15,17,52.44,1
vllm,long_output,706,47.00,14.45,884.88,59,66.68,1
vllm,long_output,707,104.73,14.96,344.09,17,49.41,1
vllm,long_output,708,89.83,14.73,340.19,18,52.91,1
vllm,long_output,709,95.65,14.76,346.54,18,51.94,1
vllm,long_output,710,59.85,15.31,335.35,19,56.66,1
vllm,long_output,711,92.93,15.19,351.08,18,51.27,1
vllm,long_output,712,78.37,14.65,342.02,19,55.55,1
vllm,long_output,713,75.20,14.07,905.47,60,66.26,1
vllm,long_output,714,83.99,15.32,359.71,19,52.82,1
vllm,long_output,715,81.09,14.14,915.48,60,65.54,1
vllm,long_output,716,87.38,13.93,909.30,60,65.98,1
vllm,long_output,717,63.34,14.56,339.95,20,58.83,1
vllm,long_output,718,75.52,13.69,335.71,20,59.57,1
vllm,long_output,719,65.17,15.11,352.32,20,56.77,1
vllm,long_output,720,80.02,13.96,917.74,61,66.47,1
vllm,long_output,721,74.43,13.92,909.72,61,67.05,1
vllm,long_output,722,79.05,13.97,917.22,61,66.51,1
vllm,long_output,723,60.98,14.01,341.23,21,61.54,1
vllm,long_output,724,69.08,13.88,346.76,21,60.56,1
vllm,long_output,725,58.88,14.23,343.46,21,61.14,1
vllm,long_output,726,78.25,13.79,919.25,62,67.45,1
vllm,long_output,727,72.17,13.88,918.75,62,67.48,1
vllm,long_output,728,88.35,13.88,935.22,62,66.29,1
vllm,long_output,729,45.52,14.39,347.64,22,63.28,1
vllm,long_output,730,69.68,13.86,929.01,63,67.81,1
vllm,long_output,731,51.28,14.74,360.92,22,60.95,1
vllm,long_output,732,54.56,14.33,355.48,22,61.89,1
vllm,long_output,733,66.65,13.91,928.82,63,67.83,1
vllm,long_output,734,67.74,13.85,926.48,63,68.00,1
vllm,long_output,735,65.31,13.81,935.39,64,68.42,1
vllm,long_output,736,57.23,16.16,412.84,23,55.71,1
vllm,long_output,737,72.70,16.00,424.66,23,54.16,1
vllm,long_output,738,69.26,16.34,428.79,23,53.64,1
vllm,long_output,739,62.73,16.13,433.64,24,55.35,1
vllm,long_output,740,51.19,15.99,419.01,24,57.28,1
vllm,long_output,741,56.31,14.48,968.73,64,66.07,1
vllm,long_output,742,76.31,14.36,980.69,64,65.26,1
vllm,long_output,743,76.19,14.26,988.64,65,65.75,1
vllm,long_output,744,56.70,14.28,970.94,65,66.95,1
vllm,long_output,745,56.86,14.35,975.01,65,66.67,1
vllm,long_output,746,86.83,15.98,470.34,25,53.15,1
vllm,long_output,747,101.22,15.75,479.13,25,52.18,1
vllm,long_output,748,85.90,16.07,471.58,25,53.01,1
vllm,long_output,749,112.61,16.39,489.61,24,49.02,1
vllm,long_output,750,83.35,15.73,476.56,26,54.56,1
vllm,long_output,751,57.57,14.35,990.17,66,66.66,1
vllm,long_output,752,62.74,16.27,469.49,26,55.38,1
vllm,long_output,753,74.22,16.47,486.03,26,53.49,1
vllm,long_output,754,58.87,14.55,1004.71,66,65.69,1
vllm,long_output,755,72.89,15.74,482.03,27,56.01,1
vllm,long_output,756,64.77,14.39,1000.25,66,65.98,1
vllm,long_output,757,87.87,15.82,499.19,27,54.09,1
vllm,long_output,758,84.40,15.77,494.30,27,54.62,1
vllm,long_output,759,54.63,14.30,998.50,67,67.10,1
vllm,long_output,760,77.58,15.33,491.41,28,56.98,1
vllm,long_output,761,89.12,15.50,507.71,28,55.15,1
vllm,long_output,762,88.11,15.44,504.89,28,55.46,1
vllm,long_output,763,61.36,15.75,502.27,29,57.74,1
vllm,long_output,764,63.72,15.82,506.58,29,57.25,1
vllm,long_output,765,76.42,15.73,516.95,29,56.10,1
vllm,long_output,766,79.87,14.56,1040.65,67,64.38,1
vllm,long_output,767,55.76,15.77,513.01,30,58.48,1
vllm,long_output,768,73.48,16.25,544.71,30,55.08,1
vllm,long_output,769,90.02,16.07,555.94,30,53.96,1
vllm,long_output,770,82.54,16.07,564.62,31,54.90,1
vllm,long_output,771,92.23,15.94,570.49,31,54.34,1
vllm,long_output,772,110.51,15.83,585.53,31,52.94,1
vllm,long_output,773,92.33,15.73,580.01,32,55.17,1
vllm,long_output,774,91.59,15.92,585.24,32,54.68,1
vllm,long_output,775,77.14,15.57,575.41,33,57.35,1
vllm,long_output,776,80.90,15.89,589.29,33,56.00,1
vllm,long_output,777,104.45,15.79,594.00,32,53.87,1
vllm,long_output,778,94.83,15.84,601.82,33,54.83,1
vllm,long_output,779,91.47,15.64,607.54,34,55.96,1
vllm,long_output,780,85.25,15.81,606.97,34,56.02,1
vllm,long_output,781,92.02,15.73,611.08,34,55.64,1
vllm,long_output,782,129.82,14.83,633.98,35,55.21,1
vllm,long_output,783,134.29,14.65,632.32,35,55.35,1
vllm,long_output,784,77.71,15.87,633.17,36,56.86,1
vllm,long_output,785,123.66,15.16,639.06,35,54.77,1
vllm,long_output,786,123.26,14.67,636.66,36,56.55,1
vllm,long_output,787,122.30,14.99,646.92,36,55.65,1
vllm,long_output,788,108.09,14.88,643.64,37,57.49,1
vllm,long_output,789,111.20,14.96,649.61,37,56.96,1
vllm,long_output,790,111.93,15.22,659.82,37,56.08,1
vllm,long_output,791,90.24,15.07,648.01,38,58.64,1
vllm,long_output,792,101.42,14.91,653.09,38,58.18,1
vllm,long_output,793,88.44,14.96,641.85,38,59.20,1
vllm,long_output,794,83.34,14.96,651.68,39,59.85,1
vllm,long_output,795,79.85,15.22,658.37,39,59.24,1
vllm,long_output,796,93.17,14.78,654.72,39,59.57,1
vllm,long_output,797,85.09,15.12,674.67,40,59.29,1
vllm,long_output,798,77.83,15.11,667.15,40,59.96,1
vllm,long_output,799,92.07,15.10,680.88,40,58.75,1
vllm,long_output,800,57.58,15.13,662.62,41,61.88,1
vllm,long_output,801,80.53,15.03,681.83,41,60.13,1
vllm,long_output,802,77.95,15.42,694.58,41,59.03,1
vllm,long_output,803,61.58,15.31,689.22,42,60.94,1
vllm,long_output,804,63.53,15.27,689.69,42,60.90,1
vllm,long_output,805,69.57,14.97,683.42,42,61.46,1
vllm,long_output,806,58.97,14.90,684.65,43,62.81,1
vllm,long_output,807,52.86,15.12,688.04,43,62.50,1
vllm,long_output,808,64.61,15.13,700.18,43,61.41,1
vllm,long_output,809,48.52,15.39,710.45,44,61.93,1
vllm,long_output,810,68.03,15.30,725.72,44,60.63,1
vllm,long_output,811,64.12,15.39,725.98,44,60.61,1
vllm,long_output,812,71.28,15.21,740.58,45,60.76,1
vllm,long_output,813,86.63,15.14,752.87,45,59.77,1
vllm,long_output,814,99.10,14.90,754.53,45,59.64,1
vllm,long_output,815,78.90,15.11,758.92,46,60.61,1
vllm,long_output,816,70.70,15.24,756.61,46,60.80,1
vllm,long_output,817,77.74,15.19,761.36,46,60.42,1
vllm,long_output,818,73.94,14.90,759.15,47,61.91,1
vllm,long_output,819,92.62,14.84,775.27,47,60.62,1
vllm,long_output,820,73.91,15.01,764.23,47,61.50,1
vllm,long_output,821,61.71,15.01,767.19,48,62.57,1
vllm,long_output,822,64.82,14.87,763.51,48,62.87,1
vllm,long_output,823,61.21,14.99,765.86,48,62.67,1
vllm,long_output,824,68.39,14.93,785.22,49,62.40,1
vllm,long_output,825,60.22,14.97,778.65,49,62.93,1
vllm,long_output,826,65.27,14.99,784.77,49,62.44,1
vllm,long_output,827,66.91,14.67,785.62,50,63.64,1
vllm,long_output,828,57.93,14.83,784.63,50,63.72,1
vllm,long_output,829,64.04,14.89,793.80,50,62.99,1
vllm,long_output,830,54.74,14.71,790.05,51,64.55,1
vllm,long_output,831,61.86,14.65,794.27,51,64.21,1
vllm,long_output,832,60.89,14.71,178.55,9,50.41,1
vllm,long_output,833,62.08,15.89,189.17,9,47.58,1
vllm,long_output,834,67.18,14.14,180.33,9,49.91,1
vllm,long_output,835,57.26,13.48,178.60,10,55.99,1
vllm,long_output,836,46.06,14.79,785.72,51,64.91,1
vllm,long_output,837,55.02,15.23,192.09,10,52.06,1
vllm,long_output,838,66.37,14.04,192.71,10,51.89,1
vllm,long_output,839,47.33,14.70,797.12,52,65.24,1
vllm,long_output,840,51.38,14.26,194.00,11,56.70,1
vllm,long_output,841,52.24,14.27,194.89,11,56.44,1
vllm,long_output,842,47.60,14.66,795.11,52,65.40,1
vllm,long_output,843,55.25,14.54,796.92,52,65.25,1
vllm,long_output,844,56.08,14.43,806.31,53,65.73,1
vllm,long_output,845,60.80,14.94,210.22,11,52.33,1
vllm,long_output,846,57.94,14.82,221.00,12,54.30,1
vllm,long_output,847,51.02,15.12,217.39,12,55.20,1
vllm,long_output,848,72.44,14.40,821.00,53,64.56,1
vllm,long_output,849,80.46,14.35,826.75,53,64.11,1
vllm,long_output,850,54.93,14.47,821.78,54,65.71,1
vllm,long_output,851,52.42,14.61,826.76,54,65.31,1
vllm,long_output,852,70.23,14.34,830.00,54,65.06,1
vllm,long_output,853,56.48,14.59,231.52,13,56.15,1
vllm,long_output,854,71.16,14.99,236.07,12,50.83,1
vllm,long_output,855,51.54,14.07,220.44,13,58.97,1
vllm,long_output,856,72.29,14.29,243.82,13,53.32,1
vllm,long_output,857,62.21,14.25,831.76,55,66.12,1
vllm,long_output,858,58.71,14.38,835.05,55,65.86,1
vllm,long_output,859,63.22,14.24,832.30,55,66.08,1
vllm,long_output,860,58.85,14.33,245.12,14,57.11,1
vllm,long_output,861,64.09,14.26,848.43,56,66.00,1
vllm,long_output,862,63.19,15.11,259.59,14,53.93,1
vllm,long_output,863,57.12,14.44,851.57,56,65.76,1
vllm,long_output,864,83.81,14.06,857.21,56,65.33,1
vllm,long_output,865,47.16,14.31,848.55,57,67.17,1
vllm,long_output,866,69.51,14.75,261.20,14,53.60,1
vllm,long_output,867,72.92,14.18,867.03,57,65.74,1
vllm,long_output,868,55.80,15.11,267.28,15,56.12,1
vllm,long_output,869,65.75,14.23,862.54,57,66.08,1
vllm,long_output,870,63.62,14.39,265.13,15,56.58,1
vllm,long_output,871,67.02,15.14,279.05,15,53.75,1
vllm,long_output,872,56.67,14.32,872.87,58,66.45,1
vllm,long_output,873,55.91,14.92,279.66,16,57.21,1
vllm,long_output,874,93.37,13.68,873.01,58,66.44,1
vllm,long_output,875,82.23,14.02,881.13,58,65.82,1
vllm,long_output,876,50.57,15.07,276.69,16,57.83,1
vllm,long_output,877,69.74,13.95,878.76,59,67.14,1
vllm,long_output,878,50.29,15.53,283.21,16,56.50,1
vllm,long_output,879,70.17,14.03,884.07,59,66.74,1
vllm,long_output,880,77.74,14.03,891.30,59,66.20,1
vllm,long_output,881,57.93,13.89,877.28,60,68.39,1
vllm,long_output,882,53.31,14.46,284.75,17,59.70,1
vllm,long_output,883,51.87,15.04,292.48,17,58.12,1
vllm,long_output,884,53.53,14.49,285.41,17,59.56,1
vllm,long_output,885,67.13,13.96,891.00,60,67.34,1
vllm,long_output,886,59.71,14.19,896.68,60,66.91,1
vllm,long_output,887,51.53,13.96,889.02,61,68.61,1
vllm,long_output,888,46.03,15.03,301.55,18,59.69,1
vllm,long_output,889,58.12,14.22,299.80,18,60.04,1
vllm,long_output,890,46.99,14.81,298.81,18,60.24,1
vllm,long_output,891,78.86,13.85,909.79,61,67.05,1
vllm,long_output,892,75.95,13.95,912.99,61,66.81,1
vllm,long_output,893,46.61,15.34,322.68,19,58.88,1
vllm,long_output,894,51.70,15.53,331.19,19,57.37,1
vllm,long_output,895,54.21,15.81,338.71,19,56.10,1
vllm,long_output,896,71.54,14.09,930.98,62,66.60,1
vllm,long_output,897,47.18,13.98,900.26,62,68.87,1
vllm,long_output,898,58.40,15.50,352.86,20,56.68,1
vllm,long_output,899,64.23,15.64,361.46,20,55.33,1
vllm,long_output,900,72.07,15.14,359.76,20,55.59,1
vllm,long_output,901,63.08,15.29,368.81,21,56.94,1
vllm,long_output,902,66.47,15.10,368.52,21,56.98,1
vllm,long_output,903,78.41,15.18,381.98,21,54.98,1
vllm,long_output,904,69.04,14.66,376.99,22,58.36,1
vllm,long_output,905,75.44,14.83,386.92,22,56.86,1
vllm,long_output,906,59.26,14.98,373.80,22,58.86,1
vllm,long_output,907,90.21,14.02,945.69,62,65.56,1
vllm,long_output,908,56.51,14.91,384.62,23,59.80,1
vllm,long_output,909,68.96,14.08,941.96,63,66.88,1
vllm,long_output,910,85.21,14.07,957.55,63,65.79,1
vllm,long_output,911,73.81,14.12,949.46,63,66.35,1
vllm,long_output,912,58.87,15.50,399.95,23,57.51,1
vllm,long_output,913,58.83,15.17,392.50,23,58.60,1
vllm,long_output,914,69.13,14.04,953.45,64,67.12,1
vllm,long_output,915,61.35,14.12,950.93,64,67.30,1
vllm,long_output,916,60.47,14.10,948.48,64,67.48,1
vllm,long_output,917,59.73,15.10,407.02,24,58.96,1
vllm,long_output,918,54.70,14.75,393.88,24,60.93,1
vllm,long_output,919,44.01,15.26,395.09,24,60.75,1
vllm,long_output,920,47.16,14.32,963.45,65,67.47,1
vllm,long_output,921,52.82,15.45,423.50,25,59.03,1
vllm,long_output,922,51.05,14.22,961.42,65,67.61,1
vllm,long_output,923,78.43,15.55,451.65,25,55.35,1
vllm,long_output,924,50.53,14.22,960.31,65,67.69,1
vllm,long_output,925,81.37,15.72,458.72,25,54.50,1
vllm,long_output,926,47.34,14.28,975.84,66,67.63,1
vllm,long_output,927,89.96,15.44,475.90,26,54.63,1
vllm,long_output,928,99.65,15.02,475.13,26,54.72,1
vllm,long_output,929,92.23,15.64,483.30,26,53.80,1
vllm,long_output,930,71.27,14.11,988.34,66,66.78,1
vllm,long_output,931,83.38,15.21,478.89,27,56.38,1
vllm,long_output,932,67.45,14.16,987.61,66,66.83,1
vllm,long_output,933,80.53,15.26,477.28,27,56.57,1
vllm,long_output,934,72.00,15.60,477.73,27,56.52,1
vllm,long_output,935,59.09,15.50,477.59,28,58.63,1
vllm,long_output,936,57.99,14.27,999.69,67,67.02,1
vllm,long_output,937,82.43,15.36,497.26,28,56.31,1
vllm,long_output,938,73.70,14.07,1002.12,67,66.86,1
vllm,long_output,939,80.64,15.28,493.13,28,56.78,1
vllm,long_output,940,78.92,14.97,498.11,29,58.22,1
vllm,long_output,941,84.95,16.03,533.79,29,54.33,1
vllm,long_output,942,93.49,15.84,537.13,29,53.99,1
vllm,long_output,943,83.47,15.72,539.27,30,55.63,1
vllm,long_output,944,76.54,15.72,532.49,30,56.34,1
vllm,long_output,945,84.39,15.75,541.23,30,55.43,1
vllm,long_output,946,70.92,15.61,539.14,31,57.50,1
vllm,long_output,947,70.30,15.75,542.85,31,57.11,1
vllm,long_output,948,66.48,15.52,532.20,31,58.25,1
vllm,long_output,949,71.43,15.26,544.54,32,58.77,1
vllm,long_output,950,62.98,15.29,536.82,32,59.61,1
vllm,long_output,951,69.03,15.23,541.03,32,59.15,1
vllm,long_output,952,48.18,15.09,531.08,33,62.14,1
vllm,long_output,953,62.86,15.14,547.36,33,60.29,1
vllm,long_output,954,48.07,15.20,534.53,33,61.74,1
vllm,long_output,955,63.92,14.70,549.08,34,61.92,1
vllm,long_output,956,51.60,14.80,540.03,34,62.96,1
vllm,long_output,957,52.89,15.00,548.03,34,62.04,1
vllm,long_output,958,54.40,14.84,558.83,35,62.63,1
vllm,long_output,959,77.39,14.41,567.21,35,61.71,1
vllm,long_output,960,75.71,14.70,575.48,35,60.82,1
vllm,long_output,961,59.18,14.40,563.07,36,63.94,1
vllm,long_output,962,70.70,14.17,566.74,36,63.52,1
vllm,long_output,963,70.70,14.27,570.15,36,63.14,1
vllm,long_output,964,57.20,14.18,567.72,37,65.17,1
vllm,long_output,965,62.67,14.00,566.78,37,65.28,1
vllm,long_output,966,56.47,14.12,564.89,37,65.50,1
vllm,long_output,967,58.23,13.82,569.44,38,66.73,1
vllm,long_output,968,63.72,13.83,575.41,38,66.04,1
vllm,long_output,969,53.74,13.99,571.46,38,66.50,1
vllm,long_output,970,54.23,13.89,581.87,39,67.03,1
vllm,long_output,971,54.39,13.81,579.26,39,67.33,1
vllm,long_output,972,93.41,13.41,603.15,39,64.66,1
vllm,long_output,973,93.07,13.26,610.14,40,65.56,1
vllm,long_output,974,85.64,13.58,615.33,40,65.01,1
vllm,long_output,975,88.64,13.42,611.84,40,65.38,1
vllm,long_output,976,73.10,13.44,610.74,41,67.13,1
vllm,long_output,977,76.24,13.43,613.30,41,66.85,1
vllm,long_output,978,74.31,13.42,611.03,41,67.10,1
vllm,long_output,979,58.39,13.44,609.28,42,68.93,1
vllm,long_output,980,73.62,13.25,616.83,42,68.09,1
vllm,long_output,981,74.37,13.30,619.64,42,67.78,1
vllm,long_output,982,49.02,13.25,605.46,43,71.02,1
vllm,long_output,983,51.36,13.26,608.42,43,70.67,1
vllm,long_output,984,64.98,13.01,611.35,43,70.34,1
vllm,long_output,985,51.43,13.06,612.87,44,71.79,1
vllm,long_output,986,55.00,12.95,611.97,44,71.90,1
vllm,long_output,987,68.81,12.83,620.61,44,70.90,1
vllm,long_output,988,71.07,12.59,625.16,45,71.98,1
vllm,long_output,989,53.14,12.71,612.38,45,73.48,1
vllm,long_output,990,71.29,12.71,630.43,45,71.38,1
vllm,long_output,991,111.83,11.77,641.30,46,71.73,1
vllm,long_output,992,105.44,11.81,636.94,46,72.22,1
vllm,long_output,993,108.88,11.88,643.61,46,71.47,1
vllm,long_output,994,99.44,11.71,638.18,47,73.65,1
vllm,long_output,995,95.94,11.78,637.67,47,73.71,1
vllm,long_output,996,100.91,11.75,641.48,47,73.27,1
vllm,long_output,997,87.59,11.83,643.50,48,74.59,1
vllm,long_output,998,73.97,11.88,632.11,48,75.94,1
vllm,long_output,999,86.44,11.90,645.79,48,74.33,1
sglang,few_shot,0,4841.58,0.00,12089.85,1,0.08,1
sglang,few_shot,1,4843.73,0.00,12083.59,1,0.08,1
sglang,few_shot,2,4828.27,0.00,12084.21,1,0.08,1
sglang,few_shot,3,4833.01,0.00,12092.45,1,0.08,1
sglang,few_shot,4,4846.86,0.00,12101.97,1,0.08,1
sglang,few_shot,5,4825.22,0.00,12087.78,1,0.08,1
sglang,few_shot,6,4835.44,0.00,12094.00,1,0.08,1
sglang,few_shot,7,4797.33,0.00,12054.96,1,0.08,1
sglang,few_shot,8,4799.49,7255.38,12054.87,2,0.17,1
sglang,few_shot,9,4846.84,0.00,12086.92,1,0.08,1
sglang,few_shot,10,4828.97,0.00,12074.25,1,0.08,1
sglang,few_shot,11,4853.36,7269.85,12123.21,2,0.16,1
sglang,few_shot,12,4798.52,0.00,12054.18,1,0.08,1
sglang,few_shot,13,11851.98,163.18,12015.17,2,0.17,1
sglang,few_shot,14,11859.66,0.00,12021.86,1,0.08,1
sglang,few_shot,15,4876.68,7246.68,12123.36,2,0.16,1
sglang,few_shot,16,4809.65,0.00,12065.51,1,0.08,1
sglang,few_shot,17,4773.56,0.00,12037.76,1,0.08,1
sglang,few_shot,18,4792.00,0.00,12048.78,1,0.08,1
sglang,few_shot,19,4818.25,0.00,12085.80,1,0.08,1
sglang,few_shot,20,4842.81,7259.17,12101.99,2,0.17,1
sglang,few_shot,21,4808.65,0.00,12061.16,1,0.08,1
sglang,few_shot,22,4763.16,7273.70,12036.86,2,0.17,1
sglang,few_shot,23,4789.67,0.00,12055.58,1,0.08,1
sglang,few_shot,24,4833.86,7276.50,12110.37,2,0.17,1
sglang,few_shot,25,4808.26,7279.51,12087.78,2,0.17,1
sglang,few_shot,26,4781.42,7269.89,12051.31,2,0.17,1
sglang,few_shot,27,4833.73,0.00,12121.10,1,0.08,1
sglang,few_shot,28,4775.65,7274.56,12050.21,2,0.17,1
sglang,few_shot,29,4800.38,7286.84,12087.22,2,0.17,1
sglang,few_shot,30,4817.20,7293.30,12110.50,2,0.17,1
sglang,few_shot,31,4805.47,0.00,12086.13,1,0.08,1
sglang,few_shot,32,4803.28,0.00,12068.92,1,0.08,1
sglang,few_shot,33,11854.25,183.29,12037.54,2,0.17,1
sglang,few_shot,34,4829.32,0.00,12098.41,1,0.08,1
sglang,few_shot,35,4797.76,0.00,12073.90,1,0.08,1
sglang,few_shot,36,4799.45,0.00,12082.38,1,0.08,1
sglang,few_shot,37,4783.32,7273.90,12057.22,2,0.17,1
sglang,few_shot,38,4867.78,0.00,12149.84,1,0.08,1
sglang,few_shot,39,4832.79,7285.49,12118.28,2,0.17,1
sglang,few_shot,40,4817.61,7298.30,12115.92,2,0.17,1
sglang,few_shot,41,4791.70,7285.06,12076.76,2,0.17,1
sglang,few_shot,42,4791.33,0.00,12072.40,1,0.08,1
sglang,few_shot,43,4838.91,7278.80,12117.71,2,0.17,1
sglang,few_shot,44,4807.42,0.00,12092.40,1,0.08,1
sglang,few_shot,45,4808.70,7291.27,12099.97,2,0.17,1
sglang,few_shot,46,4782.02,0.00,12060.75,1,0.08,1
sglang,few_shot,47,4778.23,0.00,12059.92,1,0.08,1
sglang,few_shot,48,4786.80,7304.73,12091.53,2,0.17,1
sglang,few_shot,49,4797.14,7286.97,12084.10,2,0.17,1
sglang,few_shot,50,4765.12,7293.90,12059.02,2,0.17,1
sglang,few_shot,51,4828.44,7309.64,12138.07,2,0.16,1
sglang,few_shot,52,4819.13,7306.99,12126.12,2,0.16,1
sglang,few_shot,53,4785.53,7296.92,12082.45,2,0.17,1
sglang,few_shot,54,4804.89,0.00,12116.68,1,0.08,1
sglang,few_shot,55,4845.05,7319.10,12164.15,2,0.16,1
sglang,few_shot,56,4817.27,7311.42,12128.69,2,0.16,1
sglang,few_shot,57,4848.25,7309.81,12158.07,2,0.16,1
sglang,few_shot,58,4831.71,7297.70,12129.41,2,0.16,1
sglang,few_shot,59,4802.67,0.00,12123.97,1,0.08,1
sglang,few_shot,60,11860.70,213.42,12074.11,2,0.17,1
sglang,few_shot,61,4792.81,7295.94,12088.76,2,0.17,1
sglang,few_shot,62,4766.31,0.00,12083.55,1,0.08,1
sglang,few_shot,63,4804.23,7316.94,12121.18,2,0.17,1
sglang,few_shot,64,353.08,0.00,353.33,1,2.83,1
sglang,few_shot,65,405.49,0.00,421.83,1,2.37,1
sglang,few_shot,66,375.52,0.00,385.84,1,2.59,1
sglang,few_shot,67,412.80,0.00,423.05,1,2.36,1
sglang,few_shot,68,385.15,0.00,414.68,1,2.41,1
sglang,few_shot,69,412.97,0.00,422.91,1,2.36,1
sglang,few_shot,70,367.04,0.00,372.32,1,2.69,1
sglang,few_shot,71,347.09,0.00,368.63,1,2.71,1
sglang,few_shot,72,343.83,0.00,364.70,1,2.74,1
sglang,few_shot,73,362.21,0.00,389.18,1,2.57,1
sglang,few_shot,74,397.83,0.00,398.05,1,2.51,1
sglang,few_shot,75,425.55,0.00,435.58,1,2.30,1
sglang,few_shot,76,416.71,0.00,432.01,1,2.31,1
sglang,few_shot,77,390.55,0.00,415.62,1,2.41,1
sglang,few_shot,78,369.51,0.00,379.44,1,2.64,1
sglang,few_shot,79,436.98,0.00,442.11,1,2.26,1
sglang,few_shot,80,381.51,0.00,423.74,1,2.36,1
sglang,few_shot,81,400.02,0.00,419.89,1,2.38,1
sglang,few_shot,82,427.21,0.00,432.38,1,2.31,1
sglang,few_shot,83,370.88,0.00,376.11,1,2.66,1
sglang,few_shot,84,366.81,0.00,420.70,1,2.38,1
sglang,few_shot,85,415.07,0.00,415.30,1,2.41,1
sglang,few_shot,86,377.89,0.00,387.89,1,2.58,1
sglang,few_shot,87,406.90,0.00,447.61,1,2.23,1
sglang,few_shot,88,373.71,0.00,429.10,1,2.33,1
sglang,few_shot,89,355.79,0.00,407.31,1,2.46,1
sglang,few_shot,90,393.35,0.00,412.34,1,2.43,1
sglang,few_shot,91,433.33,0.00,433.58,1,2.31,1
sglang,few_shot,92,405.56,0.00,417.91,1,2.39,1
sglang,few_shot,93,369.07,0.00,436.88,1,2.29,1
sglang,few_shot,94,411.69,0.00,416.41,1,2.40,1
sglang,few_shot,95,377.45,0.00,444.31,1,2.25,1
sglang,few_shot,96,393.39,0.00,415.94,1,2.40,1
sglang,few_shot,97,355.45,53.22,408.66,2,4.89,1
sglang,few_shot,98,394.09,33.12,427.21,2,4.68,1
sglang,few_shot,99,387.12,0.00,460.40,1,2.17,1
sglang,few_shot,100,369.21,0.00,438.15,1,2.28,1
sglang,few_shot,101,389.84,71.61,461.45,2,4.33,1
sglang,few_shot,102,446.02,0.00,456.43,1,2.19,1
sglang,few_shot,103,408.25,63.24,471.49,2,4.24,1
sglang,few_shot,104,359.72,0.00,437.24,1,2.29,1
sglang,few_shot,105,395.18,67.55,462.72,2,4.32,1
sglang,few_shot,106,387.27,77.55,464.82,2,4.30,1
sglang,few_shot,107,354.25,60.22,414.46,2,4.83,1
sglang,few_shot,108,365.00,71.52,436.52,2,4.58,1
sglang,few_shot,109,400.42,51.51,451.93,2,4.43,1
sglang,few_shot,110,395.72,79.92,475.65,2,4.20,1
sglang,few_shot,111,337.94,82.32,420.26,2,4.76,1
sglang,few_shot,112,354.64,0.00,445.94,1,2.24,1
sglang,few_shot,113,369.31,90.24,459.55,2,4.35,1
sglang,few_shot,114,379.99,55.83,435.82,2,4.59,1
sglang,few_shot,115,370.09,70.68,440.78,2,4.54,1
sglang,few_shot,116,424.91,45.12,470.03,2,4.26,1
sglang,few_shot,117,356.45,78.21,434.66,2,4.60,1
sglang,few_shot,118,378.83,94.30,473.13,2,4.23,1
sglang,few_shot,119,338.29,100.19,438.48,2,4.56,1
sglang,few_shot,120,417.49,31.06,448.54,2,4.46,1
sglang,few_shot,121,400.39,59.30,459.69,2,4.35,1
sglang,few_shot,122,353.17,103.13,456.30,2,4.38,1
sglang,few_shot,123,432.07,37.21,469.29,2,4.26,1
sglang,few_shot,124,370.89,0.00,465.13,1,2.15,1
sglang,few_shot,125,390.07,51.45,441.52,2,4.53,1
sglang,few_shot,126,435.75,51.52,487.27,2,4.10,1
sglang,few_shot,127,348.98,92.38,441.35,2,4.53,1
sglang,few_shot,128,114.39,0.00,158.48,1,6.31,1
sglang,few_shot,129,104.63,0.00,207.27,1,4.82,1
sglang,few_shot,130,152.87,0.00,205.23,1,4.87,1
sglang,few_shot,131,118.22,0.00,173.84,1,5.75,1
sglang,few_shot,132,151.37,0.00,162.21,1,6.16,1
sglang,few_shot,133,110.59,0.00,160.42,1,6.23,1
sglang,few_shot,134,122.18,0.00,153.78,1,6.50,1
sglang,few_shot,135,158.78,0.40,159.18,2,12.56,1
sglang,few_shot,136,194.73,25.46,220.19,2,9.08,1
sglang,few_shot,137,173.66,0.00,230.80,1,4.33,1
sglang,few_shot,138,157.94,0.00,219.95,1,4.55,1
sglang,few_shot,139,127.73,0.00,163.06,1,6.13,1
sglang,few_shot,140,196.59,0.00,235.32,1,4.25,1
sglang,few_shot,141,121.58,0.00,155.22,1,6.44,1
sglang,few_shot,142,145.65,31.36,177.00,2,11.30,1
sglang,few_shot,143,135.17,0.00,198.70,1,5.03,1
sglang,few_shot,144,145.49,0.00,189.51,1,5.28,1
sglang,few_shot,145,109.51,0.00,147.03,1,6.80,1
sglang,few_shot,146,140.88,64.45,205.33,2,9.74,1
sglang,few_shot,147,135.43,0.00,181.56,1,5.51,1
sglang,few_shot,148,118.14,0.00,162.00,1,6.17,1
sglang,few_shot,149,137.44,0.00,170.27,1,5.87,1
sglang,few_shot,150,116.71,0.00,224.24,1,4.46,1
sglang,few_shot,151,143.23,37.93,181.17,2,11.04,1
sglang,few_shot,152,93.33,0.00,203.84,1,4.91,1
sglang,few_shot,153,152.92,0.00,192.22,1,5.20,1
sglang,few_shot,154,134.40,78.38,212.78,2,9.40,1
sglang,few_shot,155,206.85,0.00,255.35,1,3.92,1
sglang,few_shot,156,122.22,46.88,169.11,2,11.83,1
sglang,few_shot,157,185.24,0.00,226.13,1,4.42,1
sglang,few_shot,158,139.01,89.03,228.04,2,8.77,1
sglang,few_shot,159,171.99,55.35,227.34,2,8.80,1
sglang,few_shot,160,123.98,0.00,206.33,1,4.85,1
sglang,few_shot,161,164.22,0.00,250.83,1,3.99,1
sglang,few_shot,162,146.08,89.55,235.63,2,8.49,1
sglang,few_shot,163,124.31,92.73,217.04,2,9.21,1
sglang,few_shot,164,175.01,0.00,230.46,1,4.34,1
sglang,few_shot,165,140.28,0.00,210.06,1,4.76,1
sglang,few_shot,166,178.10,67.38,245.48,2,8.15,1
sglang,few_shot,167,163.26,96.82,260.08,2,7.69,1
sglang,few_shot,168,122.16,89.69,211.85,2,9.44,1
sglang,few_shot,169,138.35,49.53,237.42,3,12.64,0
sglang,few_shot,170,154.27,0.00,218.24,1,4.58,1
sglang,few_shot,171,109.17,93.31,202.49,2,9.88,1
sglang,few_shot,172,158.84,0.00,216.04,1,4.63,1
sglang,few_shot,173,128.54,0.00,192.96,1,5.18,1
sglang,few_shot,174,129.58,70.85,200.43,2,9.98,1
sglang,few_shot,175,128.69,65.43,194.12,2,10.30,1
sglang,few_shot,176,122.06,0.00,187.95,1,5.32,1
sglang,few_shot,177,132.47,65.69,198.16,2,10.09,1
sglang,few_shot,178,124.48,67.77,192.25,2,10.40,1
sglang,few_shot,179,191.60,70.65,262.25,2,7.63,1
sglang,few_shot,180,142.50,68.40,210.89,2,9.48,1
sglang,few_shot,181,123.83,80.02,203.86,2,9.81,1
sglang,few_shot,182,174.01,115.65,289.66,2,6.90,1
sglang,few_shot,183,150.65,114.37,265.02,2,7.55,1
sglang,few_shot,184,132.63,109.87,242.50,2,8.25,1
sglang,few_shot,185,140.30,85.99,226.28,2,8.84,1
sglang,few_shot,186,120.75,113.21,233.96,2,8.55,1
sglang,few_shot,187,177.86,76.01,253.87,2,7.88,1
sglang,few_shot,188,118.94,0.00,212.89,1,4.70,1
sglang,few_shot,189,116.53,85.78,202.30,2,9.89,1
sglang,few_shot,190,190.96,0.00,282.96,1,3.53,1
sglang,few_shot,191,127.87,129.44,257.31,2,7.77,1
sglang,few_shot,192,178.32,0.00,184.50,1,5.42,1
sglang,few_shot,193,137.31,0.00,199.47,1,5.01,1
sglang,few_shot,194,193.37,0.00,207.57,1,4.82,1
sglang,few_shot,195,137.22,0.00,156.91,1,6.37,1
sglang,few_shot,196,182.92,34.57,217.48,2,9.20,1
sglang,few_shot,197,163.05,0.00,188.31,1,5.31,1
sglang,few_shot,198,134.40,0.00,207.84,1,4.81,1
sglang,few_shot,199,160.58,0.00,196.00,1,5.10,1
sglang,few_shot,200,203.87,0.00,224.79,1,4.45,1
sglang,few_shot,201,184.09,0.00,199.50,1,5.01,1
sglang,few_shot,202,173.03,0.00,197.26,1,5.07,1
sglang,few_shot,203,133.73,0.00,211.59,1,4.73,1
sglang,few_shot,204,183.78,37.19,220.97,2,9.05,1
sglang,few_shot,205,168.39,0.00,183.83,1,5.44,1
sglang,few_shot,206,157.57,0.00,187.71,1,5.33,1
sglang,few_shot,207,137.96,0.00,176.03,1,5.68,1
sglang,few_shot,208,152.91,45.25,198.16,2,10.09,1
sglang,few_shot,209,137.74,41.28,179.02,2,11.17,1
sglang,few_shot,210,148.09,0.00,192.46,1,5.20,1
sglang,few_shot,211,108.16,0.00,233.05,1,4.29,1
sglang,few_shot,212,169.28,54.27,223.55,2,8.95,1
sglang,few_shot,213,170.81,20.42,191.23,2,10.46,1
sglang,few_shot,214,193.38,0.00,250.86,1,3.99,1
sglang,few_shot,215,163.51,44.08,207.59,2,9.63,1
sglang,few_shot,216,200.42,0.00,230.30,1,4.34,1
sglang,few_shot,217,167.29,0.00,219.74,1,4.55,1
sglang,few_shot,218,217.32,0.39,217.70,2,9.19,1
sglang,few_shot,219,170.91,0.00,219.96,1,4.55,1
sglang,few_shot,220,178.80,0.00,237.84,1,4.20,1
sglang,few_shot,221,166.17,0.00,212.94,1,4.70,1
sglang,few_shot,222,132.87,60.40,193.27,2,10.35,1
sglang,few_shot,223,140.86,0.00,243.15,1,4.11,1
sglang,few_shot,224,140.74,0.00,189.29,1,5.28,1
sglang,few_shot,225,154.32,68.70,223.03,2,8.97,1
sglang,few_shot,226,161.41,24.65,186.06,2,10.75,1
sglang,few_shot,227,182.02,25.10,207.12,2,9.66,1
sglang,few_shot,228,175.33,0.00,237.50,1,4.21,1
sglang,few_shot,229,134.74,70.82,205.56,2,9.73,1
sglang,few_shot,230,181.19,0.00,235.85,1,4.24,1
sglang,few_shot,231,156.06,0.00,266.41,1,3.75,1
sglang,few_shot,232,135.48,59.83,195.31,2,10.24,1
sglang,few_shot,233,147.93,0.00,216.34,1,4.62,1
sglang,few_shot,234,141.59,0.00,219.03,1,4.57,1
sglang,few_shot,235,136.64,0.00,202.35,1,4.94,1
sglang,few_shot,236,145.95,0.00,214.73,1,4.66,1
sglang,few_shot,237,149.74,0.00,233.92,1,4.28,1
sglang,few_shot,238,155.12,0.00,229.88,1,4.35,1
sglang,few_shot,239,195.92,63.97,259.89,2,7.70,1
sglang,few_shot,240,191.63,0.00,251.59,1,3.97,1
sglang,few_shot,241,157.62,0.00,229.89,1,4.35,1
sglang,few_shot,242,163.26,69.18,232.44,2,8.60,1
sglang,few_shot,243,201.51,0.00,209.95,1,4.76,1
sglang,few_shot,244,147.84,69.04,216.88,2,9.22,1
sglang,few_shot,245,221.17,0.00,279.23,1,3.58,1
sglang,few_shot,246,142.30,0.00,223.30,1,4.48,1
sglang,few_shot,247,223.37,62.46,285.82,2,7.00,1
sglang,few_shot,248,178.50,84.03,262.53,2,7.62,1
sglang,few_shot,249,168.99,72.46,241.45,2,8.28,1
sglang,few_shot,250,139.41,0.00,234.57,1,4.26,1
sglang,few_shot,251,168.45,0.00,261.16,1,3.83,1
sglang,few_shot,252,144.22,0.00,280.12,1,3.57,1
sglang,few_shot,253,142.07,93.45,235.52,2,8.49,1
sglang,few_shot,254,146.49,141.13,287.61,2,6.95,1
sglang,few_shot,255,127.63,101.50,229.13,2,8.73,1
sglang,few_shot,256,124.52,0.00,164.04,1,6.10,1
sglang,few_shot,257,117.96,0.00,159.44,1,6.27,1
sglang,few_shot,258,143.10,0.00,179.02,1,5.59,1
sglang,few_shot,259,112.36,0.00,190.09,1,5.26,1
sglang,few_shot,260,110.80,0.00,157.59,1,6.35,1
sglang,few_shot,261,108.97,0.00,191.38,1,5.23,1
sglang,few_shot,262,148.84,0.00,191.74,1,5.22,1
sglang,few_shot,263,95.59,0.00,204.84,1,4.88,1
sglang,few_shot,264,126.12,0.00,150.70,1,6.64,1
sglang,few_shot,265,150.42,0.00,174.11,1,5.74,1
sglang,few_shot,266,170.20,0.00,193.26,1,5.17,1
sglang,few_shot,267,123.15,62.68,185.83,2,10.76,1
sglang,few_shot,268,146.25,0.00,205.54,1,4.87,1
sglang,few_shot,269,114.03,0.00,155.55,1,6.43,1
sglang,few_shot,270,127.90,0.00,154.71,1,6.46,1
sglang,few_shot,271,141.42,0.00,179.40,1,5.57,1
sglang,few_shot,272,159.83,0.00,222.06,1,4.50,1
sglang,few_shot,273,130.54,0.00,225.37,1,4.44,1
sglang,few_shot,274,113.18,0.00,158.61,1,6.30,1
sglang,few_shot,275,147.88,21.47,190.82,3,15.72,1
sglang,few_shot,276,142.93,0.00,175.95,1,5.68,1
sglang,few_shot,277,133.68,0.00,196.50,1,5.09,1
sglang,few_shot,278,166.95,0.00,218.33,1,4.58,1
sglang,few_shot,279,120.92,37.69,158.61,2,12.61,1
sglang,few_shot,280,158.91,0.00,198.43,1,5.04,1
sglang,few_shot,281,115.49,0.00,162.73,1,6.15,1
sglang,few_shot,282,130.81,0.00,177.76,1,5.63,1
sglang,few_shot,283,141.50,0.00,189.00,1,5.29,1
sglang,few_shot,284,176.81,52.99,229.80,2,8.70,1
sglang,few_shot,285,143.95,0.00,199.86,1,5.00,1
sglang,few_shot,286,111.94,0.00,183.81,1,5.44,1
sglang,few_shot,287,169.27,74.74,244.01,2,8.20,1
sglang,few_shot,288,114.61,87.05,201.66,2,9.92,1
sglang,few_shot,289,155.20,62.68,217.88,2,9.18,1
sglang,few_shot,290,110.71,0.00,167.80,1,5.96,1
sglang,few_shot,291,115.56,0.00,175.95,1,5.68,1
sglang,few_shot,292,153.94,0.00,219.27,1,4.56,1
sglang,few_shot,293,146.53,82.18,228.71,2,8.74,1
sglang,few_shot,294,125.88,0.00,181.46,1,5.51,1
sglang,few_shot,295,158.93,0.00,242.46,1,4.12,1
sglang,few_shot,296,139.96,0.00,199.41,1,5.01,1
sglang,few_shot,297,114.18,0.00,201.65,1,4.96,1
sglang,few_shot,298,119.05,122.09,241.14,2,8.29,1
sglang,few_shot,299,135.31,89.75,225.05,2,8.89,1
sglang,few_shot,300,107.35,100.81,208.16,2,9.61,1
sglang,few_shot,301,117.71,128.09,245.80,2,8.14,1
sglang,few_shot,302,128.83,67.22,196.05,2,10.20,1
sglang,few_shot,303,151.63,0.00,243.15,1,4.11,1
sglang,few_shot,304,163.31,90.89,254.20,2,7.87,1
sglang,few_shot,305,102.47,96.19,198.65,2,10.07,1
sglang,few_shot,306,160.72,0.00,269.22,1,3.71,1
sglang,few_shot,307,165.31,25.43,241.61,4,16.56,1
sglang,few_shot,308,162.87,0.00,229.22,1,4.36,1
sglang,few_shot,309,123.05,81.23,204.28,2,9.79,1
sglang,few_shot,310,113.50,104.14,217.65,2,9.19,1
sglang,few_shot,311,133.83,78.79,212.62,2,9.41,1
sglang,few_shot,312,128.72,74.97,203.69,2,9.82,1
sglang,few_shot,313,145.53,78.30,223.83,2,8.94,1
sglang,few_shot,314,166.44,73.51,239.96,2,8.33,0
sglang,few_shot,315,132.55,79.84,212.39,2,9.42,1
sglang,few_shot,316,114.27,0.00,217.70,1,4.59,1
sglang,few_shot,317,139.64,95.12,234.76,2,8.52,1
sglang,few_shot,318,115.29,25.13,266.10,7,26.31,0
sglang,few_shot,319,155.86,98.82,254.68,2,7.85,1
sglang,few_shot,320,87.90,0.00,137.86,1,7.25,1
sglang,few_shot,321,137.88,0.00,188.64,1,5.30,1
sglang,few_shot,322,102.07,0.00,150.74,1,6.63,1
sglang,few_shot,323,131.20,0.00,185.73,1,5.38,1
sglang,few_shot,324,120.07,0.00,177.89,1,5.62,1
sglang,few_shot,325,162.99,0.00,181.97,1,5.50,1
sglang,few_shot,326,121.25,0.00,183.23,1,5.46,1
sglang,few_shot,327,157.44,0.00,173.98,1,5.75,1
sglang,few_shot,328,122.08,0.00,149.54,1,6.69,1
sglang,few_shot,329,113.40,35.79,149.19,2,13.41,1
sglang,few_shot,330,119.15,37.70,156.84,2,12.75,0
sglang,few_shot,331,111.46,0.00,146.76,1,6.81,1
sglang,few_shot,332,183.04,17.54,200.58,2,9.97,1
sglang,few_shot,333,140.07,42.63,182.70,2,10.95,1
sglang,few_shot,334,123.28,0.00,151.47,1,6.60,1
sglang,few_shot,335,127.81,0.00,198.65,1,5.03,1
sglang,few_shot,336,138.85,0.00,182.77,1,5.47,1
sglang,few_shot,337,161.97,42.03,204.00,2,9.80,1
sglang,few_shot,338,136.99,0.00,177.54,1,5.63,1
sglang,few_shot,339,154.02,42.49,196.52,2,10.18,1
sglang,few_shot,340,156.01,38.16,194.17,2,10.30,1
sglang,few_shot,341,172.34,0.00,214.03,1,4.67,1
sglang,few_shot,342,140.03,0.00,217.30,1,4.60,1
sglang,few_shot,343,125.73,0.00,170.57,1,5.86,1
sglang,few_shot,344,132.87,0.00,174.93,1,5.72,1
sglang,few_shot,345,108.62,0.00,151.36,1,6.61,1
sglang,few_shot,346,113.89,0.00,195.56,1,5.11,1
sglang,few_shot,347,153.50,78.83,232.33,2,8.61,1
sglang,few_shot,348,117.77,0.00,232.43,1,4.30,1
sglang,few_shot,349,118.42,0.00,164.19,1,6.09,1
sglang,few_shot,350,108.71,0.00,167.39,1,5.97,1
sglang,few_shot,351,117.51,0.00,176.78,1,5.66,1
sglang,few_shot,352,131.56,92.65,224.22,2,8.92,1
sglang,few_shot,353,108.36,49.96,158.32,2,12.63,1
sglang,few_shot,354,132.59,0.00,185.02,1,5.40,1
sglang,few_shot,355,123.48,0.00,214.26,1,4.67,1
sglang,few_shot,356,166.11,0.00,175.10,1,5.71,1
sglang,few_shot,357,188.66,50.15,238.81,2,8.37,0
sglang,few_shot,358,146.67,0.00,217.24,1,4.60,1
sglang,few_shot,359,113.49,66.70,180.19,2,11.10,1
sglang,few_shot,360,168.52,38.90,207.42,2,9.64,1
sglang,few_shot,361,139.90,56.21,196.12,2,10.20,1
sglang,few_shot,362,145.49,0.00,200.84,1,4.98,1
sglang,few_shot,363,133.24,71.14,204.38,2,9.79,1
sglang,few_shot,364,110.47,98.55,209.01,2,9.57,1
sglang,few_shot,365,153.13,67.30,220.43,2,9.07,1
sglang,few_shot,366,165.25,0.00,218.51,1,4.58,1
sglang,few_shot,367,108.35,68.51,176.86,2,11.31,1
sglang,few_shot,368,131.51,0.00,235.95,1,4.24,1
sglang,few_shot,369,155.90,0.00,219.78,1,4.55,1
sglang,few_shot,370,147.30,70.92,218.22,2,9.17,1
sglang,few_shot,371,162.34,0.00,215.84,1,4.63,1
sglang,few_shot,372,122.71,110.22,232.93,2,8.59,1
sglang,few_shot,373,126.20,0.00,214.47,1,4.66,1
sglang,few_shot,374,126.40,88.33,214.73,2,9.31,1
sglang,few_shot,375,124.17,0.00,200.05,1,5.00,1
sglang,few_shot,376,99.91,119.40,219.32,2,9.12,1
sglang,few_shot,377,110.35,0.00,193.84,1,5.16,1
sglang,few_shot,378,138.80,0.00,254.76,1,3.93,1
sglang,few_shot,379,160.17,83.96,244.14,2,8.19,1
sglang,few_shot,380,125.46,92.25,217.71,2,9.19,1
sglang,few_shot,381,150.73,26.55,230.38,4,17.36,0
sglang,few_shot,382,140.99,127.97,268.96,2,7.44,1
sglang,few_shot,383,129.20,20.70,211.99,5,23.59,1
sglang,few_shot,384,131.39,0.00,204.75,1,4.88,1
sglang,few_shot,385,80.53,0.00,154.65,1,6.47,1
sglang,few_shot,386,157.99,0.00,214.09,1,4.67,1
sglang,few_shot,387,129.42,0.00,180.64,1,5.54,1
sglang,few_shot,388,131.18,0.00,153.93,1,6.50,1
sglang,few_shot,389,123.32,0.00,150.50,1,6.64,1
sglang,few_shot,390,134.33,0.00,194.07,1,5.15,1
sglang,few_shot,391,142.21,0.00,194.08,1,5.15,1
sglang,few_shot,392,136.42,0.00,198.42,1,5.04,1
sglang,few_shot,393,126.67,0.00,148.41,1,6.74,1
sglang,few_shot,394,134.72,0.00,171.19,1,5.84,1
sglang,few_shot,395,129.58,0.00,193.35,1,5.17,1
sglang,few_shot,396,123.12,41.79,164.91,2,12.13,1
sglang,few_shot,397,138.34,0.00,171.67,1,5.83,1
sglang,few_shot,398,92.86,60.73,153.59,2,13.02,1
sglang,few_shot,399,153.30,0.00,219.87,1,4.55,1
sglang,few_shot,400,123.89,0.00,189.79,1,5.27,1
sglang,few_shot,401,121.39,65.50,186.89,2,10.70,1
sglang,few_shot,402,119.64,41.51,161.15,2,12.41,0
sglang,few_shot,403,141.79,33.18,174.96,2,11.43,1
sglang,few_shot,404,135.79,51.01,186.80,2,10.71,0
sglang,few_shot,405,157.01,0.00,206.90,1,4.83,1
sglang,few_shot,406,129.38,43.70,173.08,2,11.56,1
sglang,few_shot,407,112.50,75.98,188.48,2,10.61,1
sglang,few_shot,408,131.04,52.50,183.54,2,10.90,1
sglang,few_shot,409,134.42,0.00,190.02,1,5.26,1
sglang,few_shot,410,120.23,0.00,171.86,1,5.82,1
sglang,few_shot,411,92.98,109.30,202.28,2,9.89,1
sglang,few_shot,412,101.39,0.00,209.70,1,4.77,1
sglang,few_shot,413,142.49,57.03,199.51,2,10.02,1
sglang,few_shot,414,153.12,50.81,203.93,2,9.81,1
sglang,few_shot,415,178.77,0.00,237.23,1,4.22,1
sglang,few_shot,416,172.69,54.07,226.76,2,8.82,1
sglang,few_shot,417,148.40,0.00,235.06,1,4.25,1
sglang,few_shot,418,106.73,0.00,196.38,1,5.09,1
sglang,few_shot,419,148.47,92.12,240.59,2,8.31,0
sglang,few_shot,420,107.11,88.97,196.09,2,10.20,1
sglang,few_shot,421,172.65,0.00,235.48,1,4.25,1
sglang,few_shot,422,168.77,0.00,227.78,1,4.39,1
sglang,few_shot,423,142.89,58.06,200.95,2,9.95,1
sglang,few_shot,424,104.54,148.37,252.90,2,7.91,1
sglang,few_shot,425,162.22,61.10,223.32,2,8.96,1
sglang,few_shot,426,147.06,0.00,241.75,1,4.14,1
sglang,few_shot,427,131.55,60.75,192.31,2,10.40,1
sglang,few_shot,428,153.03,0.00,217.96,1,4.59,1
sglang,few_shot,429,159.97,96.77,256.74,2,7.79,1
sglang,few_shot,430,143.18,0.00,249.55,1,4.01,1
sglang,few_shot,431,121.50,0.00,226.96,1,4.41,1
sglang,few_shot,432,124.64,0.00,200.03,1,5.00,1
sglang,few_shot,433,132.44,130.05,262.48,2,7.62,1
sglang,few_shot,434,164.38,79.79,244.17,2,8.19,1
sglang,few_shot,435,138.21,0.00,219.94,1,4.55,1
sglang,few_shot,436,154.87,0.00,256.13,1,3.90,1
sglang,few_shot,437,127.75,73.29,201.04,2,9.95,1
sglang,few_shot,438,135.28,103.59,238.87,2,8.37,1
sglang,few_shot,439,129.56,0.00,241.10,1,4.15,1
sglang,few_shot,440,168.35,89.17,257.51,2,7.77,1
sglang,few_shot,441,155.01,80.79,235.80,2,8.48,1
sglang,few_shot,442,139.95,82.60,222.55,2,8.99,1
sglang,few_shot,443,106.96,145.28,252.24,2,7.93,1
sglang,few_shot,444,121.26,95.95,217.22,2,9.21,1
sglang,few_shot,445,132.03,145.98,278.01,2,7.19,1
sglang,few_shot,446,127.42,87.48,214.91,2,9.31,1
sglang,few_shot,447,121.89,85.01,206.89,2,9.67,1
sglang,few_shot,448,135.22,0.00,151.15,1,6.62,1
sglang,few_shot,449,115.33,0.00,165.49,1,6.04,1
sglang,few_shot,450,123.33,0.00,128.51,1,7.78,1
sglang,few_shot,451,89.34,52.46,141.80,2,14.10,1
sglang,few_shot,452,163.52,0.00,189.84,1,5.27,1
sglang,few_shot,453,116.71,0.00,201.28,1,4.97,1
sglang,few_shot,454,129.05,0.00,188.67,1,5.30,1
sglang,few_shot,455,129.66,0.00,166.52,1,6.01,1
sglang,few_shot,456,141.07,0.00,160.85,1,6.22,1
sglang,few_shot,457,132.29,0.00,157.88,1,6.33,1
sglang,few_shot,458,110.57,31.31,141.87,2,14.10,1
sglang,few_shot,459,139.08,0.00,149.08,1,6.71,1
sglang,few_shot,460,143.67,5.26,148.93,2,13.43,1
sglang,few_shot,461,112.00,0.00,184.14,1,5.43,1
sglang,few_shot,462,149.63,0.00,196.77,1,5.08,1
sglang,few_shot,463,82.00,75.46,157.46,2,12.70,1
sglang,few_shot,464,169.63,38.64,208.27,2,9.60,1
sglang,few_shot,465,157.38,0.00,194.03,1,5.15,1
sglang,few_shot,466,166.42,33.14,199.57,2,10.02,1
sglang,few_shot,467,117.58,0.00,198.84,1,5.03,1
sglang,few_shot,468,106.84,41.48,148.32,2,13.48,1
sglang,few_shot,469,140.80,0.00,197.02,1,5.08,1
sglang,few_shot,470,115.19,34.00,149.19,2,13.41,1
sglang,few_shot,471,111.79,0.00,164.76,1,6.07,1
sglang,few_shot,472,141.05,0.00,183.24,1,5.46,1
sglang,few_shot,473,110.94,0.00,158.74,1,6.30,1
sglang,few_shot,474,156.91,42.05,198.96,2,10.05,1
sglang,few_shot,475,109.83,53.04,162.87,2,12.28,0
sglang,few_shot,476,119.78,46.90,166.69,2,12.00,1
sglang,few_shot,477,109.67,0.00,197.39,1,5.07,1
sglang,few_shot,478,145.46,55.33,200.79,2,9.96,1
sglang,few_shot,479,105.11,0.00,169.26,1,5.91,1
sglang,few_shot,480,99.01,59.49,158.50,2,12.62,1
sglang,few_shot,481,144.10,56.99,201.09,2,9.95,1
sglang,few_shot,482,146.12,89.56,235.67,2,8.49,1
sglang,few_shot,483,99.21,93.57,192.79,2,10.37,1
sglang,few_shot,484,123.56,0.00,221.21,1,4.52,1
sglang,few_shot,485,136.78,44.40,181.18,2,11.04,1
sglang,few_shot,486,147.77,0.00,191.78,1,5.21,1
sglang,few_shot,487,105.87,0.00,164.04,1,6.10,1
sglang,few_shot,488,136.25,69.34,205.59,2,9.73,1
sglang,few_shot,489,116.92,73.77,190.68,2,10.49,1
sglang,few_shot,490,119.44,74.03,193.46,2,10.34,1
sglang,few_shot,491,142.26,72.27,214.53,2,9.32,1
sglang,few_shot,492,134.59,0.00,237.36,1,4.21,1
sglang,few_shot,493,129.32,0.00,236.52,1,4.23,1
sglang,few_shot,494,109.58,0.00,177.28,1,5.64,1
sglang,few_shot,495,166.81,0.00,232.52,1,4.30,1
sglang,few_shot,496,125.18,0.00,229.65,1,4.35,1
sglang,few_shot,497,140.26,57.34,197.60,2,10.12,1
sglang,few_shot,498,137.60,72.33,209.93,2,9.53,1
sglang,few_shot,499,144.52,84.60,229.12,2,8.73,1
sglang,few_shot,500,189.52,0.00,201.36,1,4.97,1
sglang,few_shot,501,132.68,82.80,215.48,2,9.28,1
sglang,few_shot,502,109.58,79.12,188.70,2,10.60,1
sglang,few_shot,503,115.47,90.94,206.41,2,9.69,1
sglang,few_shot,504,129.59,0.00,245.36,1,4.08,1
sglang,few_shot,505,164.87,0.00,254.78,1,3.93,1
sglang,few_shot,506,166.22,82.49,248.70,2,8.04,1
sglang,few_shot,507,118.36,0.00,216.91,1,4.61,1
sglang,few_shot,508,110.28,119.74,230.02,2,8.69,1
sglang,few_shot,509,129.69,98.10,227.79,2,8.78,1
sglang,few_shot,510,129.76,90.88,220.64,2,9.06,1
sglang,few_shot,511,125.46,84.94,210.40,2,9.51,0
sglang,few_shot,512,105.98,0.00,154.71,1,6.46,1
sglang,few_shot,513,129.45,0.00,176.44,1,5.67,1
sglang,few_shot,514,157.05,0.00,180.10,1,5.55,1
sglang,few_shot,515,139.90,0.00,162.76,1,6.14,1
sglang,few_shot,516,172.16,0.00,187.45,1,5.33,1
sglang,few_shot,517,131.53,0.00,163.68,1,6.11,1
sglang,few_shot,518,122.30,0.00,154.71,1,6.46,1
sglang,few_shot,519,132.04,16.78,148.82,2,13.44,1
sglang,few_shot,520,185.12,0.00,200.21,1,4.99,1
sglang,few_shot,521,111.54,0.00,146.25,1,6.84,1
sglang,few_shot,522,158.16,0.00,178.21,1,5.61,1
sglang,few_shot,523,140.75,0.00,209.63,1,4.77,1
sglang,few_shot,524,100.45,0.00,193.72,1,5.16,1
sglang,few_shot,525,143.49,0.00,179.97,1,5.56,1
sglang,few_shot,526,188.15,4.82,192.97,2,10.36,1
sglang,few_shot,527,111.28,40.33,151.61,2,13.19,1
sglang,few_shot,528,105.63,0.00,143.59,1,6.96,1
sglang,few_shot,529,103.90,45.43,149.33,2,13.39,1
sglang,few_shot,530,138.42,0.00,176.07,1,5.68,1
sglang,few_shot,531,133.72,0.00,167.20,1,5.98,1
sglang,few_shot,532,138.22,0.00,179.89,1,5.56,1
sglang,few_shot,533,182.83,0.00,183.10,1,5.46,1
sglang,few_shot,534,155.04,0.00,200.19,1,5.00,1
sglang,few_shot,535,141.41,54.11,195.53,2,10.23,1
sglang,few_shot,536,86.53,0.00,170.07,1,5.88,1
sglang,few_shot,537,101.84,79.21,181.05,2,11.05,1
sglang,few_shot,538,135.86,49.46,185.32,2,10.79,1
sglang,few_shot,539,119.72,35.29,155.01,2,12.90,1
sglang,few_shot,540,122.26,0.00,208.75,1,4.79,1
sglang,few_shot,541,179.43,38.17,217.60,2,9.19,1
sglang,few_shot,542,128.68,88.76,217.44,2,9.20,0
sglang,few_shot,543,135.72,0.00,183.73,1,5.44,1
sglang,few_shot,544,123.42,91.72,215.14,2,9.30,1
sglang,few_shot,545,139.43,47.20,186.63,2,10.72,1
sglang,few_shot,546,137.35,0.00,203.18,1,4.92,1
sglang,few_shot,547,114.14,0.00,168.93,1,5.92,1
sglang,few_shot,548,151.67,0.00,203.46,1,4.91,1
sglang,few_shot,549,145.80,68.58,214.38,2,9.33,1
sglang,few_shot,550,145.57,96.96,242.52,2,8.25,1
sglang,few_shot,551,122.68,61.74,184.42,2,10.84,1
sglang,few_shot,552,103.30,66.83,170.13,2,11.76,1
sglang,few_shot,553,121.36,0.00,190.31,1,5.25,1
sglang,few_shot,554,127.79,0.00,180.46,1,5.54,1
sglang,few_shot,555,149.14,0.00,187.45,1,5.33,1
sglang,few_shot,556,124.19,0.00,190.99,1,5.24,1
sglang,few_shot,557,110.17,0.00,176.77,1,5.66,1
sglang,few_shot,558,133.57,65.99,199.56,2,10.02,1
sglang,few_shot,559,122.63,60.12,182.75,2,10.94,1
sglang,few_shot,560,103.50,0.00,208.07,1,4.81,1
sglang,few_shot,561,138.82,107.84,246.66,2,8.11,1
sglang,few_shot,562,121.93,0.00,190.57,1,5.25,1
sglang,few_shot,563,155.21,76.26,231.47,2,8.64,1
sglang,few_shot,564,144.33,0.00,233.79,1,4.28,1
sglang,few_shot,565,131.97,85.49,217.46,2,9.20,1
sglang,few_shot,566,170.75,84.17,254.92,2,7.85,0
sglang,few_shot,567,146.44,117.12,263.56,2,7.59,1
sglang,few_shot,568,112.75,115.71,228.46,2,8.75,1
sglang,few_shot,569,137.24,118.44,255.67,2,7.82,1
sglang,few_shot,570,109.77,0.00,188.76,1,5.30,1
sglang,few_shot,571,156.95,0.00,222.28,1,4.50,1
sglang,few_shot,572,116.82,88.61,205.43,2,9.74,1
sglang,few_shot,573,122.70,85.84,208.54,2,9.59,0
sglang,few_shot,574,114.78,0.00,219.56,1,4.55,1
sglang,few_shot,575,111.68,134.89,246.57,2,8.11,1
sglang,few_shot,576,117.60,0.00,162.53,1,6.15,1
sglang,few_shot,577,151.68,0.00,173.93,1,5.75,1
sglang,few_shot,578,104.21,0.00,150.12,1,6.66,1
sglang,few_shot,579,146.59,0.00,163.33,1,6.12,1
sglang,few_shot,580,130.02,0.00,178.38,1,5.61,1
sglang,few_shot,581,139.04,0.00,162.46,1,6.16,1
sglang,few_shot,582,194.63,0.00,199.72,1,5.01,1
sglang,few_shot,583,142.49,0.00,194.08,1,5.15,1
sglang,few_shot,584,112.80,86.09,198.89,2,10.06,1
sglang,few_shot,585,112.26,37.39,149.64,2,13.37,1
sglang,few_shot,586,147.19,0.00,167.75,1,5.96,1
sglang,few_shot,587,136.84,0.00,196.31,1,5.09,1
sglang,few_shot,588,150.22,0.00,186.91,1,5.35,1
sglang,few_shot,589,141.11,0.00,161.17,1,6.20,1
sglang,few_shot,590,107.31,0.00,169.93,1,5.88,1
sglang,few_shot,591,111.72,44.08,155.79,2,12.84,1
sglang,few_shot,592,131.97,33.18,165.15,2,12.11,1
sglang,few_shot,593,175.87,0.00,218.58,1,4.57,1
sglang,few_shot,594,87.28,0.00,161.34,1,6.20,1
sglang,few_shot,595,127.33,44.05,171.38,2,11.67,1
sglang,few_shot,596,110.37,0.00,179.57,1,5.57,1
sglang,few_shot,597,103.75,37.34,141.09,2,14.18,1
sglang,few_shot,598,113.37,0.00,157.02,1,6.37,1
sglang,few_shot,599,134.08,35.63,169.72,2,11.78,1
sglang,few_shot,600,139.16,47.68,186.84,2,10.70,1
sglang,few_shot,601,164.43,45.52,209.95,2,9.53,1
sglang,few_shot,602,106.81,0.00,191.84,1,5.21,1
sglang,few_shot,603,103.50,52.79,156.30,2,12.80,1
sglang,few_shot,604,102.28,0.00,155.11,1,6.45,1
sglang,few_shot,605,145.23,57.84,203.07,2,9.85,1
sglang,few_shot,606,121.83,0.00,170.71,1,5.86,1
sglang,few_shot,607,137.14,0.00,183.57,1,5.45,1
sglang,few_shot,608,116.13,0.00,166.58,1,6.00,1
sglang,few_shot,609,132.56,44.53,177.09,2,11.29,1
sglang,few_shot,610,137.20,0.00,166.22,1,6.02,1
sglang,few_shot,611,127.89,0.00,183.87,1,5.44,1
sglang,few_shot,612,125.40,92.77,218.17,2,9.17,1
sglang,few_shot,613,115.08,61.39,176.47,2,11.33,1
sglang,few_shot,614,124.21,0.00,189.59,1,5.27,1
sglang,few_shot,615,123.45,71.02,194.47,2,10.28,1
sglang,few_shot,616,134.41,72.66,207.07,2,9.66,1
sglang,few_shot,617,120.01,100.65,220.66,2,9.06,1
sglang,few_shot,618,150.41,35.01,185.41,2,10.79,1
sglang,few_shot,619,105.39,0.00,177.06,1,5.65,1
sglang,few_shot,620,124.86,0.00,205.02,1,4.88,1
sglang,few_shot,621,117.01,102.19,219.20,2,9.12,1
sglang,few_shot,622,141.20,0.00,178.72,1,5.60,1
sglang,few_shot,623,124.34,104.04,228.38,2,8.76,1
sglang,few_shot,624,83.24,155.50,238.74,2,8.38,1
sglang,few_shot,625,164.52,0.00,236.59,1,4.23,1
sglang,few_shot,626,125.58,110.90,236.48,2,8.46,1
sglang,few_shot,627,102.27,85.72,187.99,2,10.64,1
sglang,few_shot,628,150.52,73.67,224.20,2,8.92,1
sglang,few_shot,629,142.11,106.28,248.40,2,8.05,1
sglang,few_shot,630,145.78,0.00,217.36,1,4.60,1
sglang,few_shot,631,148.38,0.00,225.34,1,4.44,1
sglang,few_shot,632,124.83,75.07,199.90,2,10.00,1
sglang,few_shot,633,112.81,0.00,196.54,1,5.09,1
sglang,few_shot,634,172.30,88.89,261.19,2,7.66,1
sglang,few_shot,635,119.91,119.79,239.69,2,8.34,1
sglang,few_shot,636,134.28,0.00,255.58,1,3.91,1
sglang,few_shot,637,106.10,79.08,185.18,2,10.80,1
sglang,few_shot,638,136.88,127.26,264.15,2,7.57,1
sglang,few_shot,639,108.46,0.00,193.73,1,5.16,1
sglang,few_shot,640,129.19,0.00,171.53,1,5.83,1
sglang,few_shot,641,134.94,0.00,178.23,1,5.61,1
sglang,few_shot,642,149.59,0.00,197.11,1,5.07,1
sglang,few_shot,643,147.37,0.00,165.20,1,6.05,1
sglang,few_shot,644,130.85,0.00,142.59,1,7.01,1
sglang,few_shot,645,182.73,0.00,192.63,1,5.19,1
sglang,few_shot,646,131.17,0.00,185.89,1,5.38,1
sglang,few_shot,647,106.51,0.00,128.85,1,7.76,1
sglang,few_shot,648,112.25,0.00,138.98,1,7.20,1
sglang,few_shot,649,165.22,0.00,199.59,1,5.01,1
sglang,few_shot,650,122.13,0.00,176.41,1,5.67,1
sglang,few_shot,651,141.88,0.00,204.26,1,4.90,1
sglang,few_shot,652,133.06,38.69,171.75,2,11.64,1
sglang,few_shot,653,133.87,0.00,176.19,1,5.68,1
sglang,few_shot,654,100.27,65.22,165.50,2,12.08,1
sglang,few_shot,655,124.95,0.00,152.35,1,6.56,1
sglang,few_shot,656,115.13,43.22,158.35,2,12.63,1
sglang,few_shot,657,103.85,0.00,176.51,1,5.67,1
sglang,few_shot,658,143.46,0.00,173.91,1,5.75,1
sglang,few_shot,659,145.19,42.06,187.26,2,10.68,1
sglang,few_shot,660,107.01,20.89,148.79,3,20.16,1
sglang,few_shot,661,123.09,0.00,193.15,1,5.18,1
sglang,few_shot,662,174.99,45.44,220.43,2,9.07,1
sglang,few_shot,663,132.41,49.79,182.20,2,10.98,1
sglang,few_shot,664,125.92,0.00,203.35,1,4.92,1
sglang,few_shot,665,111.27,45.40,156.67,2,12.77,1
sglang,few_shot,666,156.11,0.00,232.18,1,4.31,1
sglang,few_shot,667,176.72,46.73,223.46,2,8.95,1
sglang,few_shot,668,138.38,0.00,185.03,1,5.40,1
sglang,few_shot,669,167.23,39.38,206.61,2,9.68,1
sglang,few_shot,670,137.20,57.89,195.09,2,10.25,1
sglang,few_shot,671,134.88,0.00,192.07,1,5.21,1
sglang,few_shot,672,131.95,89.53,221.49,2,9.03,1
sglang,few_shot,673,132.48,0.00,182.81,1,5.47,1
sglang,few_shot,674,124.07,0.00,184.97,1,5.41,1
sglang,few_shot,675,129.45,0.00,187.99,1,5.32,1
sglang,few_shot,676,109.43,0.00,167.13,1,5.98,1
sglang,few_shot,677,131.77,62.53,194.30,2,10.29,1
sglang,few_shot,678,142.04,0.00,214.53,1,4.66,1
sglang,few_shot,679,131.67,98.97,230.64,2,8.67,1
sglang,few_shot,680,138.33,55.90,194.23,2,10.30,1
sglang,few_shot,681,127.26,92.35,219.60,2,9.11,1
sglang,few_shot,682,101.06,0.00,176.88,1,5.65,1
sglang,few_shot,683,128.01,0.00,198.49,1,5.04,1
sglang,few_shot,684,125.53,68.46,193.99,2,10.31,1
sglang,few_shot,685,119.87,73.84,193.71,2,10.32,1
sglang,few_shot,686,137.60,38.95,176.56,2,11.33,1
sglang,few_shot,687,89.89,0.00,190.68,1,5.24,1
sglang,few_shot,688,175.01,66.68,241.69,2,8.27,1
sglang,few_shot,689,110.14,80.53,190.67,2,10.49,1
sglang,few_shot,690,106.33,73.63,179.95,2,11.11,1
sglang,few_shot,691,152.17,104.82,256.99,2,7.78,1
sglang,few_shot,692,140.68,52.32,193.00,2,10.36,1
sglang,few_shot,693,143.82,71.27,215.09,2,9.30,1
sglang,few_shot,694,85.87,0.00,200.00,1,5.00,1
sglang,few_shot,695,153.23,87.17,240.41,2,8.32,1
sglang,few_shot,696,100.28,141.91,242.19,2,8.26,1
sglang,few_shot,697,120.95,0.00,198.82,1,5.03,1
sglang,few_shot,698,118.50,79.18,197.68,2,10.12,0
sglang,few_shot,699,84.15,165.98,250.13,2,8.00,1
sglang,few_shot,700,127.59,0.00,207.84,1,4.81,1
sglang,few_shot,701,149.39,0.00,245.37,1,4.08,1
sglang,few_shot,702,123.26,117.30,240.57,2,8.31,1
sglang,few_shot,703,107.52,124.17,231.69,2,8.63,1
sglang,few_shot,704,151.07,0.00,188.85,1,5.30,1
sglang,few_shot,705,116.00,0.00,151.36,1,6.61,1
sglang,few_shot,706,127.63,0.00,166.69,1,6.00,1
sglang,few_shot,707,112.58,0.00,183.88,1,5.44,1
sglang,few_shot,708,128.09,0.00,143.91,1,6.95,1
sglang,few_shot,709,123.50,0.00,199.12,1,5.02,1
sglang,few_shot,710,153.79,0.00,182.56,1,5.48,1
sglang,few_shot,711,164.45,0.00,181.00,1,5.52,1
sglang,few_shot,712,121.52,0.00,202.95,1,4.93,1
sglang,few_shot,713,112.46,0.00,147.24,1,6.79,1
sglang,few_shot,714,136.03,0.00,161.54,1,6.19,1
sglang,few_shot,715,99.97,0.00,159.08,1,6.29,1
sglang,few_shot,716,111.21,0.00,169.47,1,5.90,1
sglang,few_shot,717,161.71,0.00,191.59,1,5.22,1
sglang,few_shot,718,152.30,56.82,209.12,2,9.56,1
sglang,few_shot,719,128.55,90.54,219.09,2,9.13,1
sglang,few_shot,720,99.71,0.00,166.41,1,6.01,1
sglang,few_shot,721,143.60,0.00,205.67,1,4.86,1
sglang,few_shot,722,117.99,94.29,212.27,2,9.42,1
sglang,few_shot,723,115.54,67.57,183.11,2,10.92,1
sglang,few_shot,724,159.24,0.00,196.72,1,5.08,1
sglang,few_shot,725,113.82,44.49,158.31,2,12.63,1
sglang,few_shot,726,138.16,65.99,204.15,2,9.80,1
sglang,few_shot,727,140.08,70.69,210.77,2,9.49,1
sglang,few_shot,728,161.96,0.00,239.24,1,4.18,1
sglang,few_shot,729,151.68,0.00,217.64,1,4.59,1
sglang,few_shot,730,147.83,79.53,227.36,2,8.80,1
sglang,few_shot,731,122.50,78.54,201.03,2,9.95,1
sglang,few_shot,732,132.91,0.00,174.97,1,5.72,1
sglang,few_shot,733,190.73,42.31,233.04,2,8.58,1
sglang,few_shot,734,150.29,70.99,221.28,2,9.04,1
sglang,few_shot,735,141.05,0.00,198.66,1,5.03,1
sglang,few_shot,736,100.66,0.00,206.90,1,4.83,1
sglang,few_shot,737,111.43,76.65,188.08,2,10.63,1
sglang,few_shot,738,162.98,56.18,219.16,2,9.13,1
sglang,few_shot,739,134.75,77.53,212.28,2,9.42,1
sglang,few_shot,740,120.06,111.58,231.64,2,8.63,1
sglang,few_shot,741,126.75,0.00,188.69,1,5.30,1
sglang,few_shot,742,122.48,59.17,181.65,2,11.01,0
sglang,few_shot,743,135.65,0.00,204.27,1,4.90,1
sglang,few_shot,744,133.16,64.49,197.65,2,10.12,1
sglang,few_shot,745,133.70,0.00,191.15,1,5.23,1
sglang,few_shot,746,156.28,0.00,216.05,1,4.63,1
sglang,few_shot,747,132.61,0.00,202.66,1,4.93,1
sglang,few_shot,748,113.67,66.23,179.90,2,11.12,1
sglang,few_shot,749,162.51,67.72,230.23,2,8.69,1
sglang,few_shot,750,122.34,0.00,186.05,1,5.38,1
sglang,few_shot,751,114.45,0.00,185.89,1,5.38,1
sglang,few_shot,752,122.70,0.00,218.66,1,4.57,1
sglang,few_shot,753,100.48,153.77,254.25,2,7.87,1
sglang,few_shot,754,132.74,73.45,206.19,2,9.70,1
sglang,few_shot,755,122.14,104.07,226.22,2,8.84,1
sglang,few_shot,756,121.82,96.69,218.51,2,9.15,1
sglang,few_shot,757,110.70,131.73,242.43,2,8.25,1
sglang,few_shot,758,114.25,104.65,218.91,2,9.14,0
sglang,few_shot,759,92.22,0.00,200.11,1,5.00,1
sglang,few_shot,760,124.87,103.12,228.00,2,8.77,1
sglang,few_shot,761,136.77,0.00,219.31,1,4.56,1
sglang,few_shot,762,138.48,0.00,271.55,1,3.68,1
sglang,few_shot,763,118.18,86.32,204.50,2,9.78,1
sglang,few_shot,764,180.98,0.00,269.41,1,3.71,1
sglang,few_shot,765,128.26,81.65,209.91,2,9.53,1
sglang,few_shot,766,120.16,0.00,199.46,1,5.01,1
sglang,few_shot,767,140.65,86.63,227.28,2,8.80,1
sglang,few_shot,768,133.55,0.00,177.23,1,5.64,1
sglang,few_shot,769,138.73,0.00,186.21,1,5.37,1
sglang,few_shot,770,117.91,0.00,143.26,1,6.98,1
sglang,few_shot,771,141.61,0.00,151.47,1,6.60,1
sglang,few_shot,772,140.19,0.00,167.82,1,5.96,1
sglang,few_shot,773,112.08,0.00,169.94,1,5.88,1
sglang,few_shot,774,139.36,0.00,198.78,1,5.03,1
sglang,few_shot,775,120.32,0.00,178.27,1,5.61,1
sglang,few_shot,776,148.41,5.83,154.24,2,12.97,0
sglang,few_shot,777,146.82,0.00,177.92,1,5.62,1
sglang,few_shot,778,153.01,36.75,189.76,2,10.54,1
sglang,few_shot,779,128.36,60.23,188.60,2,10.60,1
sglang,few_shot,780,152.98,0.00,186.41,1,5.36,1
sglang,few_shot,781,173.20,0.00,209.17,1,4.78,1
sglang,few_shot,782,100.72,0.00,166.89,1,5.99,1
sglang,few_shot,783,127.83,0.00,190.98,1,5.24,1
sglang,few_shot,784,134.72,0.00,169.81,1,5.89,1
sglang,few_shot,785,128.59,0.00,158.35,1,6.32,1
sglang,few_shot,786,123.01,33.69,156.70,2,12.76,1
sglang,few_shot,787,116.65,0.00,169.35,1,5.91,1
sglang,few_shot,788,152.74,0.00,191.56,1,5.22,1
sglang,few_shot,789,154.30,48.05,202.35,2,9.88,1
sglang,few_shot,790,103.94,54.85,158.80,2,12.59,1
sglang,few_shot,791,146.47,31.19,177.66,2,11.26,1
sglang,few_shot,792,115.15,0.00,157.23,1,6.36,1
sglang,few_shot,793,141.78,0.00,222.93,1,4.49,1
sglang,few_shot,794,125.72,86.07,211.80,2,9.44,1
sglang,few_shot,795,114.15,75.93,190.08,2,10.52,1
sglang,few_shot,796,129.83,0.00,175.84,1,5.69,1
sglang,few_shot,797,160.23,53.37,213.60,2,9.36,1
sglang,few_shot,798,92.38,89.84,182.22,2,10.98,1
sglang,few_shot,799,158.96,0.00,224.44,1,4.46,1
sglang,few_shot,800,128.70,50.67,179.37,2,11.15,0
sglang,few_shot,801,115.20,0.00,170.11,1,5.88,1
sglang,few_shot,802,106.98,94.73,201.71,2,9.92,1
sglang,few_shot,803,156.02,87.91,243.93,2,8.20,1
sglang,few_shot,804,137.11,0.00,186.92,1,5.35,1
sglang,few_shot,805,126.64,66.41,193.05,2,10.36,1
sglang,few_shot,806,137.51,93.86,231.36,2,8.64,1
sglang,few_shot,807,109.79,90.77,200.56,2,9.97,1
sglang,few_shot,808,112.26,125.56,237.81,2,8.41,1
sglang,few_shot,809,114.38,0.00,174.54,1,5.73,1
sglang,few_shot,810,138.30,73.64,211.93,2,9.44,1
sglang,few_shot,811,145.83,0.00,210.00,1,4.76,1
sglang,few_shot,812,145.13,0.00,224.06,1,4.46,1
sglang,few_shot,813,135.94,73.37,209.31,2,9.56,1
sglang,few_shot,814,120.93,0.00,189.91,1,5.27,1
sglang,few_shot,815,116.27,99.90,216.17,2,9.25,0
sglang,few_shot,816,166.96,0.00,229.34,1,4.36,1
sglang,few_shot,817,130.86,66.85,197.71,2,10.12,1
sglang,few_shot,818,128.14,0.00,213.62,1,4.68,1
sglang,few_shot,819,142.61,0.00,226.31,1,4.42,1
sglang,few_shot,820,120.97,79.47,200.45,2,9.98,1
sglang,few_shot,821,167.74,78.27,246.01,2,8.13,1
sglang,few_shot,822,110.70,79.57,190.27,2,10.51,1
sglang,few_shot,823,133.52,110.23,243.75,2,8.21,1
sglang,few_shot,824,197.24,0.40,197.64,2,10.12,1
sglang,few_shot,825,151.04,115.57,266.61,2,7.50,1
sglang,few_shot,826,197.06,0.00,205.54,1,4.87,1
sglang,few_shot,827,173.28,0.00,251.35,1,3.98,1
sglang,few_shot,828,114.02,90.49,204.50,2,9.78,1
sglang,few_shot,829,148.05,89.50,237.55,2,8.42,1
sglang,few_shot,830,142.69,126.94,269.63,2,7.42,1
sglang,few_shot,831,119.23,90.13,209.36,2,9.55,1
sglang,few_shot,832,103.63,0.00,146.46,1,6.83,1
sglang,few_shot,833,147.30,0.00,188.04,1,5.32,1
sglang,few_shot,834,135.26,0.00,171.16,1,5.84,1
sglang,few_shot,835,115.18,0.00,157.50,1,6.35,1
sglang,few_shot,836,115.13,0.00,193.10,1,5.18,1
sglang,few_shot,837,127.87,0.00,173.49,1,5.76,1
sglang,few_shot,838,178.66,0.00,194.68,1,5.14,1
sglang,few_shot,839,136.22,0.00,167.12,1,5.98,1
sglang,few_shot,840,142.49,0.00,172.43,1,5.80,1
sglang,few_shot,841,176.23,0.00,203.57,1,4.91,1
sglang,few_shot,842,131.87,0.00,187.44,1,5.34,1
sglang,few_shot,843,136.02,0.00,170.57,1,5.86,1
sglang,few_shot,844,121.80,0.00,149.92,1,6.67,1
sglang,few_shot,845,150.02,0.00,209.39,1,4.78,1
sglang,few_shot,846,159.43,0.00,212.74,1,4.70,1
sglang,few_shot,847,160.18,0.00,189.29,1,5.28,1
sglang,few_shot,848,179.27,36.73,216.00,2,9.26,1
sglang,few_shot,849,116.24,0.00,175.70,1,5.69,1
sglang,few_shot,850,189.38,36.31,225.69,2,8.86,1
sglang,few_shot,851,143.31,45.21,188.52,2,10.61,1
sglang,few_shot,852,144.06,0.00,180.36,1,5.54,1
sglang,few_shot,853,134.76,31.51,166.27,2,12.03,1
sglang,few_shot,854,113.18,75.73,188.91,2,10.59,1
sglang,few_shot,855,131.62,71.12,202.74,2,9.86,1
sglang,few_shot,856,92.81,0.00,170.80,1,5.85,1
sglang,few_shot,857,156.93,0.00,191.43,1,5.22,1
sglang,few_shot,858,140.99,70.32,211.31,2,9.46,1
sglang,few_shot,859,95.37,0.00,165.49,1,6.04,1
sglang,few_shot,860,134.03,72.78,206.82,2,9.67,1
sglang,few_shot,861,134.19,47.94,182.13,2,10.98,1
sglang,few_shot,862,165.22,72.14,237.36,2,8.43,1
sglang,few_shot,863,108.36,132.94,241.29,2,8.29,0
sglang,few_shot,864,140.03,0.00,190.58,1,5.25,1
sglang,few_shot,865,168.29,56.38,224.67,2,8.90,1
sglang,few_shot,866,179.68,0.00,229.73,1,4.35,1
sglang,few_shot,867,95.10,0.00,182.84,1,5.47,1
sglang,few_shot,868,189.46,0.00,249.50,1,4.01,1
sglang,few_shot,869,140.73,46.71,187.44,2,10.67,1
sglang,few_shot,870,144.85,0.00,204.70,1,4.89,1
sglang,few_shot,871,124.85,0.00,217.97,1,4.59,1
sglang,few_shot,872,117.44,63.75,181.19,2,11.04,1
sglang,few_shot,873,142.15,51.94,194.10,2,10.30,1
sglang,few_shot,874,148.43,0.00,206.04,1,4.85,1
sglang,few_shot,875,123.72,0.00,189.34,1,5.28,1
sglang,few_shot,876,161.56,58.13,219.69,2,9.10,1
sglang,few_shot,877,127.80,58.67,186.48,2,10.73,1
sglang,few_shot,878,110.43,125.18,235.60,2,8.49,1
sglang,few_shot,879,104.96,100.02,204.98,2,9.76,1
sglang,few_shot,880,146.78,76.16,222.93,2,8.97,1
sglang,few_shot,881,118.35,0.00,186.94,1,5.35,1
sglang,few_shot,882,188.13,0.00,256.29,1,3.90,1
sglang,few_shot,883,174.82,0.00,246.42,1,4.06,1
sglang,few_shot,884,121.05,67.06,188.11,2,10.63,1
sglang,few_shot,885,116.32,0.00,192.18,1,5.20,1
sglang,few_shot,886,135.28,0.00,239.29,1,4.18,1
sglang,few_shot,887,75.52,0.00,211.99,1,4.72,1
sglang,few_shot,888,138.39,105.13,243.53,2,8.21,1
sglang,few_shot,889,109.66,0.00,194.90,1,5.13,1
sglang,few_shot,890,92.00,114.56,206.56,2,9.68,1
sglang,few_shot,891,112.42,0.00,254.41,1,3.93,1
sglang,few_shot,892,132.82,89.34,222.16,2,9.00,1
sglang,few_shot,893,169.76,79.18,248.94,2,8.03,1
sglang,few_shot,894,120.90,143.55,264.45,2,7.56,1
sglang,few_shot,895,140.78,78.27,219.05,2,9.13,1
sglang,few_shot,896,106.86,0.00,177.73,1,5.63,1
sglang,few_shot,897,141.47,0.00,188.57,1,5.30,1
sglang,few_shot,898,121.50,0.00,166.63,1,6.00,1
sglang,few_shot,899,126.52,0.00,176.16,1,5.68,1
sglang,few_shot,900,131.01,0.00,203.81,1,4.91,1
sglang,few_shot,901,120.72,0.00,163.19,1,6.13,1
sglang,few_shot,902,140.19,0.00,192.80,1,5.19,1
sglang,few_shot,903,95.76,0.00,201.12,1,4.97,1
sglang,few_shot,904,98.89,0.00,175.37,1,5.70,1
sglang,few_shot,905,122.30,0.00,153.34,1,6.52,1
sglang,few_shot,906,165.23,0.00,220.32,1,4.54,1
sglang,few_shot,907,140.20,0.00,222.55,1,4.49,1
sglang,few_shot,908,125.77,0.00,207.75,1,4.81,1
sglang,few_shot,909,126.69,0.00,164.67,1,6.07,1
sglang,few_shot,910,130.78,58.27,189.05,2,10.58,1
sglang,few_shot,911,165.69,34.86,200.56,2,9.97,1
sglang,few_shot,912,158.07,0.00,225.81,1,4.43,1
sglang,few_shot,913,133.97,34.58,168.56,2,11.87,1
sglang,few_shot,914,136.44,0.00,197.21,1,5.07,1
sglang,few_shot,915,123.02,0.00,194.16,1,5.15,1
sglang,few_shot,916,157.63,0.00,198.47,1,5.04,1
sglang,few_shot,917,122.74,0.00,159.72,1,6.26,1
sglang,few_shot,918,137.93,0.00,206.92,1,4.83,1
sglang,few_shot,919,113.04,0.00,180.65,1,5.54,1
sglang,few_shot,920,158.29,71.19,229.48,2,8.72,1
sglang,few_shot,921,168.96,0.00,215.94,1,4.63,1
sglang,few_shot,922,103.62,0.00,182.12,1,5.49,1
sglang,few_shot,923,138.49,0.00,190.68,1,5.24,1
sglang,few_shot,924,124.34,0.00,227.56,1,4.39,1
sglang,few_shot,925,114.04,0.00,171.52,1,5.83,1
sglang,few_shot,926,124.35,0.00,207.24,1,4.83,1
sglang,few_shot,927,164.20,0.00,224.38,1,4.46,1
sglang,few_shot,928,166.11,49.42,215.53,2,9.28,1
sglang,few_shot,929,133.76,0.00,192.94,1,5.18,1
sglang,few_shot,930,113.39,82.61,196.00,2,10.20,1
sglang,few_shot,931,134.60,115.20,249.81,2,8.01,1
sglang,few_shot,932,117.80,0.00,234.55,1,4.26,1
sglang,few_shot,933,138.09,0.00,191.68,1,5.22,1
sglang,few_shot,934,126.85,0.00,182.03,1,5.49,1
sglang,few_shot,935,117.43,82.74,200.17,2,9.99,1
sglang,few_shot,936,139.53,0.00,209.84,1,4.77,1
sglang,few_shot,937,126.62,0.00,185.36,1,5.39,1
sglang,few_shot,938,133.09,58.04,191.13,2,10.46,1
sglang,few_shot,939,133.31,0.00,194.80,1,5.13,1
sglang,few_shot,940,124.90,92.30,217.21,2,9.21,1
sglang,few_shot,941,125.63,65.39,191.02,2,10.47,1
sglang,few_shot,942,138.21,0.00,206.93,1,4.83,1
sglang,few_shot,943,131.78,120.99,252.78,2,7.91,1
sglang,few_shot,944,131.70,87.29,218.99,2,9.13,1
sglang,few_shot,945,119.57,0.00,210.35,1,4.75,1
sglang,few_shot,946,156.14,0.00,221.53,1,4.51,1
sglang,few_shot,947,141.44,72.54,213.98,2,9.35,1
sglang,few_shot,948,116.46,0.00,186.23,1,5.37,1
sglang,few_shot,949,123.07,126.11,249.18,2,8.03,1
sglang,few_shot,950,160.31,0.00,234.08,1,4.27,1
sglang,few_shot,951,140.15,97.67,237.82,2,8.41,1
sglang,few_shot,952,145.37,68.65,214.02,2,9.34,0
sglang,few_shot,953,158.13,94.15,252.27,2,7.93,1
sglang,few_shot,954,138.87,92.56,231.43,2,8.64,1
sglang,few_shot,955,144.17,73.90,218.07,2,9.17,1
sglang,few_shot,956,124.20,69.17,193.37,2,10.34,1
sglang,few_shot,957,124.17,126.06,250.23,2,7.99,1
sglang,few_shot,958,130.93,125.24,256.18,2,7.81,1
sglang,few_shot,959,133.19,0.00,200.20,1,4.99,1
sglang,few_shot,960,83.16,0.00,94.55,1,10.58,1
sglang,few_shot,961,105.07,0.00,109.82,1,9.11,1
sglang,few_shot,962,91.87,0.00,103.83,1,9.63,1
sglang,few_shot,963,115.66,0.00,124.66,1,8.02,1
sglang,few_shot,964,113.52,0.00,129.22,1,7.74,1
sglang,few_shot,965,98.41,0.00,112.90,1,8.86,1
sglang,few_shot,966,107.37,0.00,132.22,1,7.56,1
sglang,few_shot,967,115.45,0.00,139.74,1,7.16,1
sglang,few_shot,968,95.78,29.96,125.73,2,15.91,1
sglang,few_shot,969,96.47,27.81,124.27,2,16.09,0
sglang,few_shot,970,113.53,16.75,130.28,2,15.35,1
sglang,few_shot,971,106.10,0.00,113.37,1,8.82,1
sglang,few_shot,972,140.82,0.00,152.16,1,6.57,1
sglang,few_shot,973,86.66,28.30,114.96,2,17.40,1
sglang,few_shot,974,116.01,0.00,120.03,1,8.33,1
sglang,few_shot,975,111.59,0.00,143.15,1,6.99,1
sglang,few_shot,976,92.75,0.00,117.82,1,8.49,1
sglang,few_shot,977,131.96,16.18,148.14,2,13.50,1
sglang,few_shot,978,106.70,0.00,129.36,1,7.73,1
sglang,few_shot,979,123.77,0.00,149.83,1,6.67,1
sglang,few_shot,980,128.70,0.00,144.61,1,6.92,1
sglang,few_shot,981,95.81,28.06,123.88,2,16.14,1
sglang,few_shot,982,110.36,31.07,141.43,2,14.14,1
sglang,few_shot,983,102.45,0.00,110.11,1,9.08,1
sglang,few_shot,984,96.04,0.00,112.27,1,8.91,1
sglang,few_shot,985,101.33,0.00,108.87,1,9.19,1
sglang,few_shot,986,97.40,0.00,123.92,1,8.07,1
sglang,few_shot,987,94.53,0.00,119.03,1,8.40,1
sglang,few_shot,988,114.25,29.08,143.33,2,13.95,1
sglang,few_shot,989,90.42,22.27,112.69,2,17.75,1
sglang,few_shot,990,125.17,23.52,148.70,2,13.45,1
sglang,few_shot,991,110.71,0.00,134.15,1,7.45,1
sglang,few_shot,992,91.30,64.81,156.11,2,12.81,1
sglang,few_shot,993,141.43,13.53,154.96,2,12.91,1
sglang,few_shot,994,116.15,22.84,139.00,2,14.39,1
sglang,few_shot,995,127.07,31.67,158.74,2,12.60,1
sglang,few_shot,996,104.76,17.44,122.20,2,16.37,1
sglang,few_shot,997,94.30,22.43,116.73,2,17.13,1
sglang,few_shot,998,104.94,33.32,138.26,2,14.47,1
sglang,few_shot,999,117.87,28.80,146.66,2,13.64,1
sglang,self_consistency,0,70393.51,0.00,70426.34,1,0.01,1
sglang,self_consistency,1,70225.47,0.00,70225.74,1,0.01,1
sglang,self_consistency,2,70253.20,0.00,70273.19,1,0.01,1
sglang,self_consistency,3,70392.16,0.00,70407.18,1,0.01,1
sglang,self_consistency,4,70279.25,0.00,70294.52,1,0.01,1
sglang,self_consistency,5,70225.93,0.00,70240.87,1,0.01,1
sglang,self_consistency,6,70376.55,0.00,70381.83,1,0.01,1
sglang,self_consistency,7,70336.97,0.00,70362.20,1,0.01,1
sglang,self_consistency,8,70208.97,0.00,70229.09,1,0.01,1
sglang,self_consistency,9,70235.71,0.00,70265.19,1,0.01,1
sglang,self_consistency,10,70342.86,0.00,70348.05,1,0.01,1
sglang,self_consistency,11,70322.03,0.00,70373.23,1,0.01,1
sglang,self_consistency,12,70377.52,0.00,70431.11,1,0.01,1
sglang,self_consistency,13,70388.75,0.00,70446.47,1,0.01,1
sglang,self_consistency,14,70271.70,0.00,70309.92,1,0.01,1
sglang,self_consistency,15,70345.05,0.00,70370.37,1,0.01,1
sglang,self_consistency,16,70222.25,0.00,70247.81,1,0.01,1
sglang,self_consistency,17,70395.02,0.00,70444.32,1,0.01,1
sglang,self_consistency,18,70324.70,0.00,70339.98,1,0.01,1
sglang,self_consistency,19,70364.33,0.00,70426.82,1,0.01,1
sglang,self_consistency,20,70338.71,0.00,70359.22,1,0.01,1
sglang,self_consistency,21,70388.80,0.00,70459.76,1,0.01,1
sglang,self_consistency,22,70354.74,0.00,70369.99,1,0.01,1
sglang,self_consistency,23,70337.83,0.00,70394.92,1,0.01,1
sglang,self_consistency,24,70375.15,0.00,70439.76,1,0.01,1
sglang,self_consistency,25,70298.12,0.00,70328.52,1,0.01,1
sglang,self_consistency,26,70400.31,0.00,70468.59,1,0.01,1
sglang,self_consistency,27,70372.65,0.00,70453.61,1,0.01,1
sglang,self_consistency,28,70348.58,0.00,70426.92,1,0.01,1
sglang,self_consistency,29,70337.25,0.00,70417.27,1,0.01,1
sglang,self_consistency,30,70288.69,0.00,70324.10,1,0.01,1
sglang,self_consistency,31,70210.47,0.00,70256.26,1,0.01,1
sglang,self_consistency,32,70333.98,0.00,70334.22,1,0.01,1
sglang,self_consistency,33,70268.32,0.00,70288.88,1,0.01,1
sglang,self_consistency,34,70271.32,0.00,70488.16,1,0.01,1
sglang,self_consistency,35,70367.67,0.00,70452.67,1,0.01,1
sglang,self_consistency,36,70269.56,0.00,70335.16,1,0.01,1
sglang,self_consistency,37,70365.51,0.00,70462.80,1,0.01,1
sglang,self_consistency,38,70377.65,0.00,70477.64,1,0.01,1
sglang,self_consistency,39,70274.47,0.00,70315.08,1,0.01,1
sglang,self_consistency,40,70373.68,0.00,70378.76,1,0.01,1
sglang,self_consistency,41,70355.55,0.00,70371.02,1,0.01,1
sglang,self_consistency,42,70288.49,0.00,70363.63,1,0.01,1
sglang,self_consistency,43,70275.86,0.00,70311.18,1,0.01,1
sglang,self_consistency,44,70239.79,0.00,70315.87,1,0.01,1
sglang,self_consistency,45,70313.51,0.00,70328.71,1,0.01,1
sglang,self_consistency,46,70381.04,0.00,70492.68,1,0.01,1
sglang,self_consistency,47,70298.42,0.00,70313.61,1,0.01,1
sglang,self_consistency,48,70280.64,0.00,70311.21,1,0.01,1
sglang,self_consistency,49,70384.48,0.00,70492.76,1,0.01,1
sglang,self_consistency,50,70380.55,0.00,70385.33,1,0.01,1
sglang,self_consistency,51,70238.40,0.00,70303.44,1,0.01,1
sglang,self_consistency,52,70366.76,0.00,70467.80,1,0.01,1
sglang,self_consistency,53,70263.26,0.00,70329.26,1,0.01,1
sglang,self_consistency,54,70334.54,0.00,70431.52,1,0.01,1
sglang,self_consistency,55,70321.08,0.00,70418.59,1,0.01,1
sglang,self_consistency,56,70224.34,0.00,70323.93,1,0.01,1
sglang,self_consistency,57,70371.51,0.00,70480.31,1,0.01,1
sglang,self_consistency,58,70373.10,0.00,70475.25,1,0.01,1
sglang,self_consistency,59,70278.39,0.00,70324.16,1,0.01,1
sglang,self_consistency,60,70468.81,0.00,70469.06,1,0.01,1
sglang,self_consistency,61,70285.55,0.00,70392.77,1,0.01,1
sglang,self_consistency,62,70277.82,0.00,70292.80,1,0.01,1
sglang,self_consistency,63,70381.95,0.00,70513.83,1,0.01,1
sglang,self_consistency,64,70354.64,0.00,70477.09,1,0.01,1
sglang,self_consistency,65,70347.43,0.00,70469.50,1,0.01,1
sglang,self_consistency,66,70380.14,0.00,70510.07,1,0.01,1
sglang,self_consistency,67,70249.79,0.00,70329.78,1,0.01,1
sglang,self_consistency,68,70310.86,0.00,70416.96,1,0.01,1
sglang,self_consistency,69,70237.84,0.00,70308.54,1,0.01,1
sglang,self_consistency,70,70277.14,0.00,70326.06,1,0.01,1
sglang,self_consistency,71,70336.24,0.00,70436.69,1,0.01,1
sglang,self_consistency,72,70352.15,0.00,70361.86,1,0.01,1
sglang,self_consistency,73,70372.70,0.00,70500.14,1,0.01,1
sglang,self_consistency,74,70448.56,0.00,70453.37,1,0.01,1
sglang,self_consistency,75,70410.04,0.00,70425.40,1,0.01,1
sglang,self_consistency,76,70332.08,0.00,70473.92,1,0.01,1
sglang,self_consistency,77,70350.80,0.00,70492.78,1,0.01,1
sglang,self_consistency,78,70205.30,0.00,70334.01,1,0.01,1
sglang,self_consistency,79,70438.27,0.00,70453.03,1,0.01,1
sglang,self_consistency,80,70347.78,0.00,70484.77,1,0.01,1
sglang,self_consistency,81,70352.19,0.00,70382.65,1,0.01,1
sglang,self_consistency,82,70353.92,0.00,70505.19,1,0.01,1
sglang,self_consistency,83,70372.34,0.00,70518.52,1,0.01,1
sglang,self_consistency,84,70344.43,0.00,70429.90,1,0.01,1
sglang,self_consistency,85,70323.13,0.00,70469.52,1,0.01,1
sglang,self_consistency,86,70352.24,0.00,70352.48,1,0.01,1
sglang,self_consistency,87,70337.28,0.00,70457.74,1,0.01,1
sglang,self_consistency,88,70420.89,0.00,70455.75,1,0.01,1
sglang,self_consistency,89,70276.04,0.00,70427.61,1,0.01,1
sglang,self_consistency,90,70264.10,0.00,70383.74,1,0.01,1
sglang,self_consistency,91,70325.56,0.00,70488.61,1,0.01,1
sglang,self_consistency,92,70306.63,0.00,70332.29,1,0.01,1
sglang,self_consistency,93,70330.21,0.00,70475.45,1,0.01,1
sglang,self_consistency,94,70399.49,0.00,70404.09,1,0.01,1
sglang,self_consistency,95,70341.66,0.00,70341.96,1,0.01,1
sglang,self_consistency,96,70270.52,0.00,70422.85,1,0.01,1
sglang,self_consistency,97,70340.66,0.00,70509.52,1,0.01,1
sglang,self_consistency,98,70499.47,0.00,70519.81,1,0.01,1
sglang,self_consistency,99,70279.14,0.00,70441.32,1,0.01,1
sglang,self_consistency,100,70403.30,0.00,70406.42,1,0.01,1
sglang,self_consistency,101,70511.49,0.00,70511.74,1,0.01,1
sglang,self_consistency,102,70417.21,0.00,70417.43,1,0.01,1
sglang,self_consistency,103,70431.14,0.00,70431.40,1,0.01,1
sglang,self_consistency,104,70363.21,0.00,70453.60,1,0.01,1
sglang,self_consistency,105,70346.75,0.00,70512.44,1,0.01,1
sglang,self_consistency,106,70346.94,0.00,70356.18,1,0.01,1
sglang,self_consistency,107,70397.02,0.00,70416.44,1,0.01,1
sglang,self_consistency,108,70256.60,0.00,70433.95,1,0.01,1
sglang,self_consistency,109,70370.72,0.00,70553.95,1,0.01,1
sglang,self_consistency,110,70340.32,0.00,70368.33,1,0.01,1
sglang,self_consistency,111,70253.58,0.00,70357.85,1,0.01,1
sglang,self_consistency,112,70397.41,0.00,70433.16,1,0.01,1
sglang,self_consistency,113,70346.08,0.00,70381.79,1,0.01,1
sglang,self_consistency,114,70354.33,0.00,70418.66,1,0.01,1
sglang,self_consistency,115,70348.02,0.00,70473.61,1,0.01,1
sglang,self_consistency,116,70352.71,0.00,70378.24,1,0.01,1
sglang,self_consistency,117,70342.78,0.00,70536.08,1,0.01,1
sglang,self_consistency,118,70313.08,0.00,70386.79,1,0.01,1
sglang,self_consistency,119,70318.59,0.00,70510.96,1,0.01,1
sglang,self_consistency,120,70294.03,0.00,70465.66,1,0.01,1
sglang,self_consistency,121,70340.16,0.00,70438.01,1,0.01,1
sglang,self_consistency,122,70341.52,0.00,70542.01,1,0.01,1
sglang,self_consistency,123,70339.44,0.00,70532.67,1,0.01,1
sglang,self_consistency,124,70473.95,0.00,70474.21,1,0.01,1
sglang,self_consistency,125,70397.03,0.00,70397.27,1,0.01,1
sglang,self_consistency,126,70388.00,0.00,70610.99,1,0.01,1
sglang,self_consistency,127,70471.45,0.00,70564.14,1,0.01,1
sglang,self_consistency,128,163.74,0.00,185.24,1,5.40,1
sglang,self_consistency,129,249.96,0.00,360.44,1,2.77,1
sglang,self_consistency,130,215.30,0.00,333.01,1,3.00,1
sglang,self_consistency,131,200.46,0.00,312.47,1,3.20,1
sglang,self_consistency,132,215.27,0.00,291.13,1,3.43,1
sglang,self_consistency,133,166.98,0.00,318.04,1,3.14,1
sglang,self_consistency,134,115.04,0.00,230.94,1,4.33,1
sglang,self_consistency,135,186.14,0.00,307.53,1,3.25,1
sglang,self_consistency,136,209.29,0.00,304.41,1,3.29,1
sglang,self_consistency,137,227.39,0.00,350.15,1,2.86,1
sglang,self_consistency,138,232.35,0.00,356.93,1,2.80,1
sglang,self_consistency,139,234.33,0.00,265.66,1,3.76,1
sglang,self_consistency,140,268.77,0.00,368.48,1,2.71,1
sglang,self_consistency,141,298.31,0.00,338.13,1,2.96,1
sglang,self_consistency,142,137.79,0.00,268.82,1,3.72,1
sglang,self_consistency,143,245.74,0.00,307.54,1,3.25,1
sglang,self_consistency,144,295.82,0.00,362.52,1,2.76,1
sglang,self_consistency,145,140.28,0.00,232.35,1,4.30,1
sglang,self_consistency,146,142.99,0.00,219.03,1,4.57,1
sglang,self_consistency,147,252.10,0.00,391.92,1,2.55,1
sglang,self_consistency,148,183.81,0.00,231.66,1,4.32,1
sglang,self_consistency,149,195.12,0.00,253.96,1,3.94,1
sglang,self_consistency,150,255.32,0.00,402.53,1,2.48,1
sglang,self_consistency,151,199.73,0.00,275.72,1,3.63,1
sglang,self_consistency,152,160.63,0.00,197.57,1,5.06,1
sglang,self_consistency,153,113.67,0.00,292.68,1,3.42,1
sglang,self_consistency,154,250.51,0.00,332.15,1,3.01,1
sglang,self_consistency,155,288.37,0.00,343.53,1,2.91,1
sglang,self_consistency,156,158.50,0.00,247.46,1,4.04,1
sglang,self_consistency,157,138.14,0.00,291.19,1,3.43,1
sglang,self_consistency,158,191.96,0.00,244.74,1,4.09,1
sglang,self_consistency,159,163.69,0.00,230.63,1,4.34,1
sglang,self_consistency,160,212.80,0.00,296.00,1,3.38,1
sglang,self_consistency,161,260.84,0.00,379.85,1,2.63,1
sglang,self_consistency,162,198.16,0.00,257.01,1,3.89,1
sglang,self_consistency,163,183.60,0.00,275.18,1,3.63,1
sglang,self_consistency,164,321.71,0.00,389.28,1,2.57,1
sglang,self_consistency,165,296.79,0.00,418.03,1,2.39,1
sglang,self_consistency,166,153.28,0.00,312.43,1,3.20,1
sglang,self_consistency,167,229.13,0.00,319.71,1,3.13,1
sglang,self_consistency,168,225.60,0.00,287.33,1,3.48,1
sglang,self_consistency,169,188.59,0.00,260.55,1,3.84,1
sglang,self_consistency,170,170.12,0.00,297.95,1,3.36,1
sglang,self_consistency,171,297.80,0.00,369.95,1,2.70,1
sglang,self_consistency,172,291.12,0.00,402.01,1,2.49,1
sglang,self_consistency,173,302.71,0.00,402.24,1,2.49,1
sglang,self_consistency,174,172.81,0.00,243.19,1,4.11,1
sglang,self_consistency,175,227.71,0.00,315.27,1,3.17,1
sglang,self_consistency,176,244.90,0.00,359.99,1,2.78,1
sglang,self_consistency,177,180.57,0.00,323.32,1,3.09,1
sglang,self_consistency,178,185.94,0.00,264.11,1,3.79,1
sglang,self_consistency,179,244.79,0.00,310.02,1,3.23,1
sglang,self_consistency,180,337.99,0.00,431.32,1,2.32,1
sglang,self_consistency,181,256.27,0.00,368.53,1,2.71,1
sglang,self_consistency,182,253.40,0.00,369.45,1,2.71,1
sglang,self_consistency,183,246.37,0.00,385.47,1,2.59,1
sglang,self_consistency,184,192.53,0.00,287.08,1,3.48,1
sglang,self_consistency,185,208.82,0.00,335.72,1,2.98,1
sglang,self_consistency,186,231.41,0.00,349.10,1,2.86,1
sglang,self_consistency,187,190.65,0.00,280.37,1,3.57,1
sglang,self_consistency,188,255.12,0.00,344.92,1,2.90,1
sglang,self_consistency,189,187.27,0.00,313.77,1,3.19,1
sglang,self_consistency,190,206.65,0.00,308.43,1,3.24,1
sglang,self_consistency,191,190.31,0.00,310.58,1,3.22,1
sglang,self_consistency,192,210.76,0.00,368.31,1,2.72,1
sglang,self_consistency,193,284.60,0.00,422.39,1,2.37,1
sglang,self_consistency,194,200.33,0.00,306.06,1,3.27,1
sglang,self_consistency,195,226.09,0.00,317.51,1,3.15,1
sglang,self_consistency,196,152.96,0.00,281.43,1,3.55,1
sglang,self_consistency,197,245.94,0.00,387.13,1,2.58,1
sglang,self_consistency,198,183.55,0.00,277.72,1,3.60,1
sglang,self_consistency,199,278.93,0.00,371.83,1,2.69,1
sglang,self_consistency,200,158.16,0.00,316.43,1,3.16,1
sglang,self_consistency,201,222.52,0.00,339.34,1,2.95,1
sglang,self_consistency,202,248.37,0.00,397.11,1,2.52,1
sglang,self_consistency,203,210.92,0.00,380.27,1,2.63,1
sglang,self_consistency,204,246.69,0.00,380.12,1,2.63,1
sglang,self_consistency,205,175.07,0.00,348.80,1,2.87,1
sglang,self_consistency,206,269.44,0.00,377.98,1,2.65,1
sglang,self_consistency,207,239.97,0.00,418.29,1,2.39,1
sglang,self_consistency,208,251.84,0.00,429.92,1,2.33,1
sglang,self_consistency,209,199.24,0.00,377.40,1,2.65,1
sglang,self_consistency,210,164.64,0.00,293.18,1,3.41,1
sglang,self_consistency,211,255.29,0.00,405.71,1,2.46,1
sglang,self_consistency,212,232.72,0.00,415.54,1,2.41,1
sglang,self_consistency,213,277.49,0.00,428.03,1,2.34,1
sglang,self_consistency,214,257.76,0.00,434.12,1,2.30,1
sglang,self_consistency,215,243.11,0.00,371.04,1,2.70,1
sglang,self_consistency,216,330.09,0.00,454.40,1,2.20,1
sglang,self_consistency,217,217.75,0.00,402.28,1,2.49,1
sglang,self_consistency,218,203.63,0.00,323.85,1,3.09,1
sglang,self_consistency,219,164.89,0.00,382.76,1,2.61,1
sglang,self_consistency,220,180.04,0.00,308.89,1,3.24,1
sglang,self_consistency,221,219.06,0.00,339.91,1,2.94,1
sglang,self_consistency,222,261.54,0.00,445.22,1,2.25,1
sglang,self_consistency,223,273.19,0.00,395.23,1,2.53,1
sglang,self_consistency,224,161.40,0.00,325.92,1,3.07,1
sglang,self_consistency,225,238.79,0.00,374.62,1,2.67,1
sglang,self_consistency,226,274.52,0.00,472.74,1,2.12,1
sglang,self_consistency,227,219.55,0.00,410.26,1,2.44,1
sglang,self_consistency,228,146.77,0.00,271.38,1,3.68,1
sglang,self_consistency,229,196.63,0.00,394.69,1,2.53,1
sglang,self_consistency,230,277.05,0.00,471.35,1,2.12,1
sglang,self_consistency,231,290.67,0.00,483.54,1,2.07,1
sglang,self_consistency,232,272.93,0.00,399.05,1,2.51,1
sglang,self_consistency,233,197.10,0.00,323.47,1,3.09,1
sglang,self_consistency,234,263.67,0.00,410.59,1,2.44,1
sglang,self_consistency,235,174.67,0.00,307.94,1,3.25,1
sglang,self_consistency,236,192.33,0.00,346.28,1,2.89,1
sglang,self_consistency,237,194.20,0.00,370.14,1,2.70,1
sglang,self_consistency,238,283.14,0.00,469.44,1,2.13,1
sglang,self_consistency,239,203.72,0.00,478.09,1,2.09,1
sglang,self_consistency,240,238.09,0.00,422.56,1,2.37,1
sglang,self_consistency,241,163.06,0.00,320.41,1,3.12,1
sglang,self_consistency,242,191.99,0.00,330.76,1,3.02,1
sglang,self_consistency,243,195.80,0.00,384.58,1,2.60,1
sglang,self_consistency,244,288.90,0.00,437.33,1,2.29,1
sglang,self_consistency,245,173.99,0.00,395.17,1,2.53,1
sglang,self_consistency,246,304.39,0.00,465.21,1,2.15,1
sglang,self_consistency,247,185.11,0.00,379.64,1,2.63,1
sglang,self_consistency,248,125.91,0.00,342.57,1,2.92,1
sglang,self_consistency,249,325.52,0.00,495.27,1,2.02,1
sglang,self_consistency,250,239.99,0.00,468.28,1,2.14,1
sglang,self_consistency,251,153.48,0.00,414.08,1,2.41,1
sglang,self_consistency,252,194.27,0.00,398.77,1,2.51,1
sglang,self_consistency,253,222.80,0.00,445.19,1,2.25,1
sglang,self_consistency,254,238.41,0.00,441.68,1,2.26,1
sglang,self_consistency,255,148.63,0.00,148.90,1,6.72,1
sglang,self_consistency,256,199.96,0.00,384.88,1,2.60,1
sglang,self_consistency,257,202.87,0.00,388.45,1,2.57,1
sglang,self_consistency,258,227.51,0.00,353.04,1,2.83,1
sglang,self_consistency,259,130.98,0.00,294.16,1,3.40,1
sglang,self_consistency,260,220.84,0.00,345.36,1,2.90,1
sglang,self_consistency,261,195.88,0.00,319.45,1,3.13,1
sglang,self_consistency,262,240.12,0.00,348.95,1,2.87,1
sglang,self_consistency,263,244.79,0.00,352.00,1,2.84,1
sglang,self_consistency,264,252.68,0.00,355.85,1,2.81,1
sglang,self_consistency,265,146.27,0.00,280.10,1,3.57,1
sglang,self_consistency,266,181.76,0.00,259.15,1,3.86,1
sglang,self_consistency,267,160.77,0.00,258.64,1,3.87,1
sglang,self_consistency,268,295.27,0.00,342.39,1,2.92,1
sglang,self_consistency,269,144.86,0.00,286.07,1,3.50,1
sglang,self_consistency,270,184.48,0.00,327.93,1,3.05,1
sglang,self_consistency,271,205.07,0.00,317.68,1,3.15,1
sglang,self_consistency,272,227.33,0.00,343.94,1,2.91,1
sglang,self_consistency,273,239.67,0.00,349.68,1,2.86,1
sglang,self_consistency,274,199.02,0.00,344.94,1,2.90,1
sglang,self_consistency,275,183.89,0.00,328.47,1,3.04,1
sglang,self_consistency,276,221.89,0.00,277.44,1,3.60,1
sglang,self_consistency,277,237.95,0.00,335.02,1,2.98,1
sglang,self_consistency,278,121.33,0.00,266.55,1,3.75,1
sglang,self_consistency,279,149.36,0.00,264.39,1,3.78,1
sglang,self_consistency,280,211.38,0.00,304.50,1,3.28,1
sglang,self_consistency,281,203.70,0.00,359.44,1,2.78,1
sglang,self_consistency,282,257.37,0.00,379.86,1,2.63,1
sglang,self_consistency,283,210.74,0.00,344.28,1,2.90,1
sglang,self_consistency,284,163.12,0.00,289.98,1,3.45,1
sglang,self_consistency,285,198.15,0.00,353.44,1,2.83,1
sglang,self_consistency,286,131.28,0.00,344.08,1,2.91,1
sglang,self_consistency,287,236.68,0.00,358.47,1,2.79,1
sglang,self_consistency,288,230.86,0.00,386.36,1,2.59,1
sglang,self_consistency,289,165.56,0.00,263.43,1,3.80,1
sglang,self_consistency,290,152.23,0.00,253.41,1,3.95,1
sglang,self_consistency,291,147.62,0.00,253.34,1,3.95,1
sglang,self_consistency,292,213.21,0.00,380.43,1,2.63,1
sglang,self_consistency,293,258.87,0.00,377.63,1,2.65,1
sglang,self_consistency,294,187.53,0.00,358.35,1,2.79,1
sglang,self_consistency,295,208.46,0.00,312.87,1,3.20,1
sglang,self_consistency,296,229.26,0.00,338.38,1,2.96,1
sglang,self_consistency,297,182.63,0.00,347.55,1,2.88,1
sglang,self_consistency,298,244.91,0.00,326.59,1,3.06,1
sglang,self_consistency,299,195.48,0.00,339.69,1,2.94,1
sglang,self_consistency,300,200.01,0.00,281.42,1,3.55,1
sglang,self_consistency,301,200.23,0.00,318.80,1,3.14,1
sglang,self_consistency,302,225.44,0.00,351.02,1,2.85,1
sglang,self_consistency,303,254.18,0.00,373.44,1,2.68,1
sglang,self_consistency,304,203.73,0.00,356.17,1,2.81,1
sglang,self_consistency,305,183.34,0.00,362.32,1,2.76,1
sglang,self_consistency,306,241.87,0.00,394.30,1,2.54,1
sglang,self_consistency,307,128.81,0.00,305.51,1,3.27,1
sglang,self_consistency,308,240.69,0.00,343.20,1,2.91,1
sglang,self_consistency,309,320.15,0.00,407.47,1,2.45,1
sglang,self_consistency,310,226.41,0.00,379.96,1,2.63,1
sglang,self_consistency,311,168.03,0.00,307.66,1,3.25,1
sglang,self_consistency,312,200.17,0.00,334.89,1,2.99,1
sglang,self_consistency,313,170.78,0.00,259.29,1,3.86,1
sglang,self_consistency,314,129.61,0.00,296.49,1,3.37,1
sglang,self_consistency,315,155.01,0.00,299.05,1,3.34,1
sglang,self_consistency,316,180.91,0.00,291.05,1,3.44,1
sglang,self_consistency,317,191.03,0.00,287.07,1,3.48,1
sglang,self_consistency,318,206.61,0.00,368.42,1,2.71,1
sglang,self_consistency,319,309.39,0.00,423.84,1,2.36,1
sglang,self_consistency,320,197.81,0.00,340.89,1,2.93,1
sglang,self_consistency,321,226.47,0.00,330.60,1,3.02,1
sglang,self_consistency,322,200.78,0.00,397.18,1,2.52,1
sglang,self_consistency,323,153.65,0.00,317.91,1,3.15,1
sglang,self_consistency,324,185.04,0.00,331.57,1,3.02,1
sglang,self_consistency,325,221.11,0.00,340.01,1,2.94,1
sglang,self_consistency,326,152.13,0.00,299.48,1,3.34,1
sglang,self_consistency,327,208.39,0.00,386.39,1,2.59,1
sglang,self_consistency,328,152.35,0.00,300.55,1,3.33,1
sglang,self_consistency,329,188.37,0.00,311.73,1,3.21,1
sglang,self_consistency,330,226.11,0.00,409.85,1,2.44,1
sglang,self_consistency,331,176.75,0.00,357.10,1,2.80,1
sglang,self_consistency,332,216.76,0.00,375.31,1,2.66,1
sglang,self_consistency,333,264.89,0.00,387.60,1,2.58,1
sglang,self_consistency,334,211.05,0.00,329.91,1,3.03,1
sglang,self_consistency,335,214.76,0.00,375.41,1,2.66,1
sglang,self_consistency,336,208.72,0.00,324.90,1,3.08,1
sglang,self_consistency,337,164.91,0.00,316.26,1,3.16,1
sglang,self_consistency,338,173.76,0.00,328.59,1,3.04,1
sglang,self_consistency,339,258.48,0.00,388.29,1,2.58,1
sglang,self_consistency,340,229.95,0.00,357.40,1,2.80,1
sglang,self_consistency,341,282.97,0.00,399.90,1,2.50,1
sglang,self_consistency,342,225.06,0.00,423.14,1,2.36,1
sglang,self_consistency,343,197.30,0.00,357.44,1,2.80,1
sglang,self_consistency,344,210.06,0.00,349.88,1,2.86,1
sglang,self_consistency,345,244.26,0.00,381.04,1,2.62,1
sglang,self_consistency,346,279.13,0.00,439.33,1,2.28,1
sglang,self_consistency,347,215.21,0.00,337.93,1,2.96,1
sglang,self_consistency,348,220.09,0.00,360.97,1,2.77,1
sglang,self_consistency,349,250.75,0.00,392.39,1,2.55,1
sglang,self_consistency,350,164.79,0.00,323.83,1,3.09,1
sglang,self_consistency,351,180.23,0.00,324.13,1,3.09,1
sglang,self_consistency,352,160.07,0.00,312.62,1,3.20,1
sglang,self_consistency,353,250.82,0.00,435.11,1,2.30,1
sglang,self_consistency,354,182.78,0.00,350.36,1,2.85,1
sglang,self_consistency,355,160.12,0.00,315.18,1,3.17,1
sglang,self_consistency,356,189.52,0.00,416.29,1,2.40,1
sglang,self_consistency,357,182.60,0.00,410.46,1,2.44,1
sglang,self_consistency,358,180.35,0.00,349.83,1,2.86,1
sglang,self_consistency,359,161.90,0.00,427.17,1,2.34,1
sglang,self_consistency,360,217.68,0.00,396.23,1,2.52,1
sglang,self_consistency,361,194.22,0.00,501.61,1,1.99,1
sglang,self_consistency,362,159.88,0.00,377.44,1,2.65,1
sglang,self_consistency,363,250.46,0.00,423.34,1,2.36,1
sglang,self_consistency,364,195.46,0.00,368.78,1,2.71,1
sglang,self_consistency,365,217.40,0.00,390.95,1,2.56,1
sglang,self_consistency,366,208.69,0.00,398.08,1,2.51,1
sglang,self_consistency,367,257.80,0.00,469.89,1,2.13,1
sglang,self_consistency,368,234.18,0.00,423.56,1,2.36,1
sglang,self_consistency,369,163.78,0.00,387.57,1,2.58,1
sglang,self_consistency,370,257.62,0.00,433.19,1,2.31,1
sglang,self_consistency,371,223.59,0.00,397.12,1,2.52,1
sglang,self_consistency,372,218.04,0.00,459.34,1,2.18,1
sglang,self_consistency,373,176.21,0.00,417.72,1,2.39,1
sglang,self_consistency,374,227.35,0.00,450.12,1,2.22,1
sglang,self_consistency,375,166.90,0.00,380.27,1,2.63,1
sglang,self_consistency,376,162.70,0.00,390.55,1,2.56,1
sglang,self_consistency,377,215.12,0.00,446.36,1,2.24,1
sglang,self_consistency,378,190.75,0.00,409.43,1,2.44,1
sglang,self_consistency,379,173.79,0.00,421.83,1,2.37,1
sglang,self_consistency,380,302.88,0.00,493.18,1,2.03,1
sglang,self_consistency,381,173.90,0.00,357.05,1,2.80,1
sglang,self_consistency,382,280.95,0.00,513.98,1,1.95,1
sglang,self_consistency,383,163.67,0.00,428.03,1,2.34,1
sglang,self_consistency,384,213.04,0.00,410.31,1,2.44,1
sglang,self_consistency,385,256.09,0.00,520.57,1,1.92,1
sglang,self_consistency,386,143.12,0.00,256.29,1,3.90,1
sglang,self_consistency,387,136.90,0.00,254.79,1,3.92,1
sglang,self_consistency,388,176.26,0.00,294.54,1,3.40,1
sglang,self_consistency,389,214.26,0.00,287.86,1,3.47,1
sglang,self_consistency,390,161.35,0.00,275.11,1,3.63,1
sglang,self_consistency,391,176.66,0.00,242.85,1,4.12,1
sglang,self_consistency,392,170.15,0.00,262.74,1,3.81,1
sglang,self_consistency,393,185.66,0.00,309.40,1,3.23,1
sglang,self_consistency,394,198.90,0.00,282.68,1,3.54,1
sglang,self_consistency,395,159.77,0.00,286.12,1,3.50,1
sglang,self_consistency,396,158.70,0.00,182.43,1,5.48,1
sglang,self_consistency,397,157.59,0.00,228.60,1,4.37,1
sglang,self_consistency,398,117.88,0.00,245.49,1,4.07,1
sglang,self_consistency,399,113.13,0.00,242.29,1,4.13,1
sglang,self_consistency,400,181.35,0.00,259.90,1,3.85,1
sglang,self_consistency,401,163.56,0.00,266.27,1,3.76,1
sglang,self_consistency,402,141.26,0.00,178.37,1,5.61,1
sglang,self_consistency,403,186.75,0.00,319.91,1,3.13,1
sglang,self_consistency,404,159.98,0.00,240.38,1,4.16,1
sglang,self_consistency,405,215.45,0.00,315.76,1,3.17,1
sglang,self_consistency,406,194.99,0.00,304.49,1,3.28,1
sglang,self_consistency,407,128.55,0.00,266.97,1,3.75,1
sglang,self_consistency,408,180.88,0.00,267.18,1,3.74,1
sglang,self_consistency,409,180.44,0.00,256.37,1,3.90,1
sglang,self_consistency,410,183.77,0.00,329.33,1,3.04,1
sglang,self_consistency,411,210.54,0.00,328.29,1,3.05,1
sglang,self_consistency,412,172.96,0.00,266.52,1,3.75,1
sglang,self_consistency,413,228.24,0.00,342.79,1,2.92,1
sglang,self_consistency,414,251.52,0.00,338.25,1,2.96,1
sglang,self_consistency,415,170.01,0.00,285.16,1,3.51,1
sglang,self_consistency,416,134.40,0.00,259.65,1,3.85,1
sglang,self_consistency,417,239.05,0.00,351.83,1,2.84,1
sglang,self_consistency,418,216.45,0.00,318.52,1,3.14,1
sglang,self_consistency,419,214.25,0.00,308.48,1,3.24,1
sglang,self_consistency,420,190.49,0.00,253.96,1,3.94,1
sglang,self_consistency,421,162.17,0.00,259.62,1,3.85,1
sglang,self_consistency,422,195.86,0.00,319.58,1,3.13,1
sglang,self_consistency,423,212.84,0.00,311.46,1,3.21,1
sglang,self_consistency,424,200.04,0.00,328.21,1,3.05,1
sglang,self_consistency,425,191.53,0.00,298.70,1,3.35,1
sglang,self_consistency,426,256.47,0.00,352.36,1,2.84,1
sglang,self_consistency,427,180.88,0.00,287.69,1,3.48,1
sglang,self_consistency,428,161.26,0.00,294.64,1,3.39,1
sglang,self_consistency,429,215.86,0.00,329.63,1,3.03,1
sglang,self_consistency,430,179.49,0.00,317.76,1,3.15,1
sglang,self_consistency,431,158.56,0.00,262.41,1,3.81,1
sglang,self_consistency,432,189.79,0.00,276.36,1,3.62,1
sglang,self_consistency,433,164.48,0.00,281.04,1,3.56,1
sglang,self_consistency,434,155.20,0.00,236.75,1,4.22,1
sglang,self_consistency,435,188.27,0.00,321.09,1,3.11,1
sglang,self_consistency,436,144.97,0.00,216.78,1,4.61,1
sglang,self_consistency,437,209.41,0.00,347.30,1,2.88,1
sglang,self_consistency,438,195.23,0.00,315.28,1,3.17,1
sglang,self_consistency,439,146.67,0.00,225.41,1,4.44,1
sglang,self_consistency,440,182.02,0.00,296.58,1,3.37,1
sglang,self_consistency,441,255.72,0.00,341.11,1,2.93,1
sglang,self_consistency,442,171.42,0.00,257.39,1,3.89,1
sglang,self_consistency,443,163.32,0.00,284.73,1,3.51,1
sglang,self_consistency,444,95.33,0.00,280.90,1,3.56,1
sglang,self_consistency,445,139.31,0.00,225.93,1,4.43,1
sglang,self_consistency,446,174.18,0.00,277.69,1,3.60,1
sglang,self_consistency,447,140.58,0.00,293.66,1,3.41,1
sglang,self_consistency,448,214.87,0.00,375.30,1,2.66,1
sglang,self_consistency,449,156.11,0.00,239.58,1,4.17,1
sglang,self_consistency,450,265.29,0.00,386.60,1,2.59,1
sglang,self_consistency,451,176.08,0.00,363.72,1,2.75,1
sglang,self_consistency,452,208.76,0.00,365.97,1,2.73,1
sglang,self_consistency,453,138.75,0.00,244.99,1,4.08,1
sglang,self_consistency,454,260.27,0.00,386.76,1,2.59,1
sglang,self_consistency,455,175.10,0.00,289.81,1,3.45,1
sglang,self_consistency,456,198.75,0.00,292.64,1,3.42,1
sglang,self_consistency,457,140.25,0.00,256.08,1,3.90,1
sglang,self_consistency,458,206.21,0.00,341.93,1,2.92,1
sglang,self_consistency,459,192.38,0.00,331.55,1,3.02,1
sglang,self_consistency,460,134.94,0.00,250.98,1,3.98,1
sglang,self_consistency,461,145.60,0.00,252.97,1,3.95,1
sglang,self_consistency,462,158.95,0.00,321.63,1,3.11,1
sglang,self_consistency,463,146.30,0.00,267.61,1,3.74,1
sglang,self_consistency,464,133.17,0.00,250.29,1,4.00,1
sglang,self_consistency,465,169.67,0.00,350.01,1,2.86,1
sglang,self_consistency,466,133.40,0.00,253.41,1,3.95,1
sglang,self_consistency,467,188.65,0.00,312.00,1,3.21,1
sglang,self_consistency,468,139.59,0.00,259.56,1,3.85,1
sglang,self_consistency,469,245.67,0.00,394.33,1,2.54,1
sglang,self_consistency,470,178.89,0.00,326.93,1,3.06,1
sglang,self_consistency,471,123.07,0.00,244.53,1,4.09,1
sglang,self_consistency,472,149.73,0.00,285.08,1,3.51,1
sglang,self_consistency,473,146.56,0.00,262.00,1,3.82,1
sglang,self_consistency,474,135.14,0.00,265.84,1,3.76,1
sglang,self_consistency,475,123.37,0.00,254.43,1,3.93,1
sglang,self_consistency,476,169.13,0.00,331.62,1,3.02,1
sglang,self_consistency,477,137.60,0.00,272.52,1,3.67,1
sglang,self_consistency,478,162.48,0.00,381.64,1,2.62,1
sglang,self_consistency,479,127.11,0.00,257.01,1,3.89,1
sglang,self_consistency,480,219.29,0.00,401.24,1,2.49,1
sglang,self_consistency,481,158.09,0.00,280.01,1,3.57,1
sglang,self_consistency,482,163.79,0.00,363.58,1,2.75,1
sglang,self_consistency,483,134.41,0.00,272.80,1,3.67,1
sglang,self_consistency,484,129.44,0.00,260.79,1,3.83,1
sglang,self_consistency,485,129.95,0.00,265.46,1,3.77,1
sglang,self_consistency,486,215.32,0.00,387.42,1,2.58,1
sglang,self_consistency,487,131.98,0.00,272.03,1,3.68,1
sglang,self_consistency,488,184.30,0.00,386.08,1,2.59,1
sglang,self_consistency,489,152.95,0.00,357.34,1,2.80,1
sglang,self_consistency,490,211.89,0.00,385.80,1,2.59,1
sglang,self_consistency,491,163.16,0.00,342.49,1,2.92,1
sglang,self_consistency,492,137.46,0.00,276.15,1,3.62,1
sglang,self_consistency,493,167.51,0.00,371.04,1,2.70,1
sglang,self_consistency,494,185.93,0.00,386.98,1,2.58,1
sglang,self_consistency,495,191.62,0.00,366.24,1,2.73,1
sglang,self_consistency,496,140.73,0.00,282.33,1,3.54,1
sglang,self_consistency,497,163.06,0.00,323.78,1,3.09,1
sglang,self_consistency,498,231.89,0.00,432.55,1,2.31,1
sglang,self_consistency,499,207.65,0.00,368.89,1,2.71,1
sglang,self_consistency,500,136.90,0.00,283.65,1,3.53,1
sglang,self_consistency,501,211.83,0.00,423.65,1,2.36,1
sglang,self_consistency,502,148.84,0.00,315.40,1,3.17,1
sglang,self_consistency,503,163.47,0.00,321.98,1,3.11,1
sglang,self_consistency,504,161.22,0.00,314.10,1,3.18,1
sglang,self_consistency,505,134.76,0.00,417.92,1,2.39,1
sglang,self_consistency,506,180.20,0.00,353.20,1,2.83,1
sglang,self_consistency,507,167.03,0.00,418.04,1,2.39,1
sglang,self_consistency,508,142.13,0.00,296.60,1,3.37,1
sglang,self_consistency,509,148.44,0.00,364.10,1,2.75,1
sglang,self_consistency,510,213.45,0.00,383.83,1,2.61,1
sglang,self_consistency,511,149.45,0.00,410.79,1,2.43,1
sglang,self_consistency,512,224.40,0.00,444.24,1,2.25,1
sglang,self_consistency,513,191.84,0.00,365.74,1,2.73,1
sglang,self_consistency,514,183.79,0.00,316.44,1,3.16,1
sglang,self_consistency,515,210.39,0.00,307.82,1,3.25,1
sglang,self_consistency,516,125.79,0.00,231.08,1,4.33,1
sglang,self_consistency,517,186.23,0.00,287.98,1,3.47,1
sglang,self_consistency,518,177.44,0.00,281.38,1,3.55,1
sglang,self_consistency,519,133.85,0.00,275.30,1,3.63,1
sglang,self_consistency,520,235.65,0.00,286.97,1,3.48,1
sglang,self_consistency,521,147.97,0.00,307.67,1,3.25,1
sglang,self_consistency,522,112.64,0.00,229.86,1,4.35,1
sglang,self_consistency,523,285.57,0.00,337.88,1,2.96,1
sglang,self_consistency,524,211.54,0.00,275.85,1,3.63,1
sglang,self_consistency,525,148.78,0.00,236.46,1,4.23,1
sglang,self_consistency,526,177.01,0.00,205.25,1,4.87,1
sglang,self_consistency,527,155.67,0.00,277.59,1,3.60,1
sglang,self_consistency,528,233.39,0.00,348.06,1,2.87,1
sglang,self_consistency,529,199.41,0.00,320.03,1,3.12,1
sglang,self_consistency,530,102.32,0.00,227.85,1,4.39,1
sglang,self_consistency,531,141.08,0.00,210.04,1,4.76,1
sglang,self_consistency,532,235.26,0.00,279.84,1,3.57,1
sglang,self_consistency,533,174.25,0.00,243.55,1,4.11,1
sglang,self_consistency,534,205.10,0.00,256.71,1,3.90,1
sglang,self_consistency,535,197.86,0.00,298.54,1,3.35,1
sglang,self_consistency,536,224.23,0.00,282.17,1,3.54,1
sglang,self_consistency,537,151.94,0.00,201.54,1,4.96,1
sglang,self_consistency,538,190.30,0.00,318.10,1,3.14,1
sglang,self_consistency,539,251.95,0.00,357.20,1,2.80,1
sglang,self_consistency,540,184.36,0.00,323.19,1,3.09,1
sglang,self_consistency,541,196.48,0.00,249.26,1,4.01,1
sglang,self_consistency,542,219.27,0.00,324.11,1,3.09,1
sglang,self_consistency,543,218.58,0.00,350.06,1,2.86,1
sglang,self_consistency,544,232.72,0.00,302.18,1,3.31,1
sglang,self_consistency,545,199.79,0.00,344.37,1,2.90,1
sglang,self_consistency,546,199.53,0.00,262.13,1,3.81,1
sglang,self_consistency,547,241.95,0.00,353.39,1,2.83,1
sglang,self_consistency,548,246.34,0.00,352.77,1,2.83,1
sglang,self_consistency,549,202.52,0.00,346.24,1,2.89,1
sglang,self_consistency,550,137.15,0.00,335.15,1,2.98,1
sglang,self_consistency,551,174.34,0.00,298.16,1,3.35,1
sglang,self_consistency,552,216.49,0.00,305.85,1,3.27,1
sglang,self_consistency,553,219.62,0.00,313.16,1,3.19,1
sglang,self_consistency,554,172.99,0.00,262.91,1,3.80,1
sglang,self_consistency,555,198.48,0.00,321.56,1,3.11,1
sglang,self_consistency,556,171.19,0.00,278.68,1,3.59,1
sglang,self_consistency,557,255.49,0.00,362.23,1,2.76,1
sglang,self_consistency,558,209.40,0.00,328.30,1,3.05,1
sglang,self_consistency,559,253.46,0.00,321.79,1,3.11,1
sglang,self_consistency,560,227.73,0.00,304.67,1,3.28,1
sglang,self_consistency,561,238.97,0.00,364.04,1,2.75,1
sglang,self_consistency,562,149.48,0.00,258.41,1,3.87,1
sglang,self_consistency,563,275.21,0.00,354.17,1,2.82,1
sglang,self_consistency,564,176.89,0.00,317.03,1,3.15,1
sglang,self_consistency,565,152.49,0.00,317.00,1,3.15,1
sglang,self_consistency,566,172.65,0.00,301.59,1,3.32,1
sglang,self_consistency,567,224.72,0.00,387.11,1,2.58,1
sglang,self_consistency,568,264.08,0.00,352.39,1,2.84,1
sglang,self_consistency,569,209.62,0.00,327.19,1,3.06,1
sglang,self_consistency,570,189.02,0.00,325.76,1,3.07,1
sglang,self_consistency,571,256.71,0.00,337.34,1,2.96,1
sglang,self_consistency,572,181.14,0.00,353.88,1,2.83,1
sglang,self_consistency,573,152.25,0.00,299.04,1,3.34,1
sglang,self_consistency,574,160.73,0.00,274.37,1,3.64,1
sglang,self_consistency,575,152.06,0.00,323.93,1,3.09,1
sglang,self_consistency,576,175.06,0.00,386.07,1,2.59,1
sglang,self_consistency,577,251.89,0.00,396.02,1,2.53,1
sglang,self_consistency,578,210.86,0.00,317.74,1,3.15,1
sglang,self_consistency,579,209.24,0.00,382.25,1,2.62,1
sglang,self_consistency,580,240.14,0.00,395.03,1,2.53,1
sglang,self_consistency,581,224.85,0.00,361.08,1,2.77,1
sglang,self_consistency,582,221.96,0.00,378.05,1,2.65,1
sglang,self_consistency,583,154.21,0.00,291.19,1,3.43,1
sglang,self_consistency,584,162.20,0.00,270.16,1,3.70,1
sglang,self_consistency,585,145.07,0.00,282.40,1,3.54,1
sglang,self_consistency,586,126.99,0.00,282.87,1,3.54,1
sglang,self_consistency,587,209.51,0.00,321.57,1,3.11,1
sglang,self_consistency,588,156.03,0.00,272.73,1,3.67,1
sglang,self_consistency,589,200.03,0.00,306.13,1,3.27,1
sglang,self_consistency,590,182.28,0.00,315.66,1,3.17,1
sglang,self_consistency,591,172.44,0.00,334.89,1,2.99,1
sglang,self_consistency,592,229.71,0.00,349.43,1,2.86,1
sglang,self_consistency,593,198.52,0.00,320.75,1,3.12,1
sglang,self_consistency,594,171.72,0.00,286.52,1,3.49,1
sglang,self_consistency,595,243.05,0.00,386.63,1,2.59,1
sglang,self_consistency,596,234.82,0.00,345.93,1,2.89,1
sglang,self_consistency,597,117.00,0.00,281.43,1,3.55,1
sglang,self_consistency,598,257.80,0.00,380.58,1,2.63,1
sglang,self_consistency,599,187.96,0.00,336.75,1,2.97,1
sglang,self_consistency,600,207.06,0.00,378.96,1,2.64,1
sglang,self_consistency,601,205.98,0.00,348.57,1,2.87,1
sglang,self_consistency,602,163.52,0.00,288.40,1,3.47,1
sglang,self_consistency,603,171.10,0.00,293.02,1,3.41,1
sglang,self_consistency,604,179.07,0.00,335.82,1,2.98,1
sglang,self_consistency,605,258.18,0.00,379.17,1,2.64,1
sglang,self_consistency,606,289.02,0.00,423.85,1,2.36,1
sglang,self_consistency,607,185.11,0.00,319.87,1,3.13,1
sglang,self_consistency,608,200.07,0.00,409.91,1,2.44,1
sglang,self_consistency,609,141.38,0.00,327.70,1,3.05,1
sglang,self_consistency,610,170.34,0.00,377.80,1,2.65,1
sglang,self_consistency,611,189.21,0.00,313.39,1,3.19,1
sglang,self_consistency,612,183.27,0.00,346.38,1,2.89,1
sglang,self_consistency,613,192.38,0.00,356.89,1,2.80,1
sglang,self_consistency,614,166.51,0.00,296.89,1,3.37,1
sglang,self_consistency,615,308.49,0.00,443.37,1,2.26,1
sglang,self_consistency,616,192.70,0.00,357.74,1,2.80,1
sglang,self_consistency,617,204.17,0.00,333.64,1,3.00,1
sglang,self_consistency,618,212.29,0.00,395.75,1,2.53,1
sglang,self_consistency,619,168.10,0.00,366.49,1,2.73,1
sglang,self_consistency,620,192.16,0.00,325.67,1,3.07,1
sglang,self_consistency,621,211.08,0.00,441.21,1,2.27,1
sglang,self_consistency,622,191.39,0.00,329.35,1,3.04,1
sglang,self_consistency,623,185.22,0.00,341.08,1,2.93,1
sglang,self_consistency,624,178.81,0.00,358.47,1,2.79,1
sglang,self_consistency,625,152.44,0.00,327.80,1,3.05,1
sglang,self_consistency,626,165.07,0.00,319.83,1,3.13,1
sglang,self_consistency,627,168.77,0.00,307.77,1,3.25,1
sglang,self_consistency,628,194.70,0.00,351.13,1,2.85,1
sglang,self_consistency,629,188.31,0.00,337.33,1,2.96,1
sglang,self_consistency,630,183.52,0.00,385.13,1,2.60,1
sglang,self_consistency,631,222.03,0.00,429.66,1,2.33,1
sglang,self_consistency,632,138.68,0.00,329.90,1,3.03,1
sglang,self_consistency,633,257.41,0.00,441.05,1,2.27,1
sglang,self_consistency,634,171.51,0.00,333.32,1,3.00,1
sglang,self_consistency,635,181.43,0.00,423.21,1,2.36,1
sglang,self_consistency,636,132.48,0.00,349.23,1,2.86,1
sglang,self_consistency,637,167.88,0.00,352.88,1,2.83,1
sglang,self_consistency,638,151.50,0.00,340.24,1,2.94,1
sglang,self_consistency,639,276.40,0.00,439.40,1,2.28,1
sglang,self_consistency,640,224.89,0.00,382.57,1,2.61,1
sglang,self_consistency,641,275.16,0.00,466.24,1,2.14,1
sglang,self_consistency,642,191.72,0.00,316.99,1,3.15,1
sglang,self_consistency,643,209.35,0.00,329.60,1,3.03,1
sglang,self_consistency,644,141.96,0.00,272.48,1,3.67,1
sglang,self_consistency,645,183.84,0.00,314.77,1,3.18,1
sglang,self_consistency,646,232.61,0.00,336.75,1,2.97,1
sglang,self_consistency,647,137.49,0.00,236.60,1,4.23,1
sglang,self_consistency,648,248.32,0.00,324.95,1,3.08,1
sglang,self_consistency,649,184.57,0.00,318.89,1,3.14,1
sglang,self_consistency,650,156.94,0.00,324.61,1,3.08,1
sglang,self_consistency,651,127.27,0.00,306.75,1,3.26,1
sglang,self_consistency,652,249.17,0.00,338.22,1,2.96,1
sglang,self_consistency,653,247.11,0.00,356.48,1,2.81,1
sglang,self_consistency,654,127.32,0.00,265.97,1,3.76,1
sglang,self_consistency,655,237.05,0.00,333.67,1,3.00,1
sglang,self_consistency,656,210.67,0.00,330.99,1,3.02,1
sglang,self_consistency,657,192.23,0.00,285.36,1,3.50,1
sglang,self_consistency,658,182.28,0.00,328.64,1,3.04,1
sglang,self_consistency,659,175.22,0.00,291.83,1,3.43,1
sglang,self_consistency,660,207.17,0.00,322.46,1,3.10,1
sglang,self_consistency,661,174.41,0.00,244.72,1,4.09,1
sglang,self_consistency,662,238.66,0.00,343.34,1,2.91,1
sglang,self_consistency,663,159.43,0.00,215.87,1,4.63,1
sglang,self_consistency,664,134.50,0.00,238.06,1,4.20,1
sglang,self_consistency,665,238.06,0.00,359.64,1,2.78,1
sglang,self_consistency,666,220.32,0.00,355.07,1,2.82,1
sglang,self_consistency,667,144.51,0.00,249.43,1,4.01,1
sglang,self_consistency,668,210.43,0.00,368.95,1,2.71,1
sglang,self_consistency,669,165.33,0.00,226.90,1,4.41,1
sglang,self_consistency,670,175.28,0.00,289.57,1,3.45,1
sglang,self_consistency,671,180.71,0.00,293.82,1,3.40,1
sglang,self_consistency,672,281.58,0.00,366.17,1,2.73,1
sglang,self_consistency,673,136.90,0.00,245.01,1,4.08,1
sglang,self_consistency,674,246.24,0.00,341.62,1,2.93,1
sglang,self_consistency,675,169.33,0.00,341.30,1,2.93,1
sglang,self_consistency,676,157.29,0.00,301.64,1,3.32,1
sglang,self_consistency,677,204.52,0.00,347.71,1,2.88,1
sglang,self_consistency,678,205.71,0.00,291.42,1,3.43,1
sglang,self_consistency,679,204.53,0.00,326.91,1,3.06,1
sglang,self_consistency,680,188.18,0.00,302.55,1,3.31,1
sglang,self_consistency,681,216.69,0.00,337.60,1,2.96,1
sglang,self_consistency,682,194.84,0.00,335.52,1,2.98,1
sglang,self_consistency,683,193.67,0.00,298.31,1,3.35,1
sglang,self_consistency,684,185.52,0.00,264.66,1,3.78,1
sglang,self_consistency,685,242.40,0.00,398.50,1,2.51,1
sglang,self_consistency,686,173.53,0.00,255.07,1,3.92,1
sglang,self_consistency,687,179.84,0.00,338.41,1,2.96,1
sglang,self_consistency,688,185.24,0.00,326.64,1,3.06,1
sglang,self_consistency,689,179.42,0.00,364.93,1,2.74,1
sglang,self_consistency,690,169.38,0.00,301.04,1,3.32,1
sglang,self_consistency,691,171.22,0.00,278.23,1,3.59,1
sglang,self_consistency,692,176.18,0.00,315.64,1,3.17,1
sglang,self_consistency,693,170.90,0.00,279.51,1,3.58,1
sglang,self_consistency,694,175.68,0.00,368.45,1,2.71,1
sglang,self_consistency,695,146.21,0.00,306.17,1,3.27,1
sglang,self_consistency,696,187.91,0.00,308.97,1,3.24,1
sglang,self_consistency,697,200.44,0.00,351.38,1,2.85,1
sglang,self_consistency,698,155.73,0.00,272.42,1,3.67,1
sglang,self_consistency,699,158.07,0.00,334.19,1,2.99,1
sglang,self_consistency,700,190.41,0.00,291.45,1,3.43,1
sglang,self_consistency,701,192.23,0.00,309.83,1,3.23,1
sglang,self_consistency,702,161.81,0.00,270.44,1,3.70,1
sglang,self_consistency,703,225.12,0.00,399.89,1,2.50,1
sglang,self_consistency,704,173.62,0.00,305.16,1,3.28,1
sglang,self_consistency,705,204.81,0.00,384.02,1,2.60,1
sglang,self_consistency,706,212.93,0.00,343.10,1,2.91,1
sglang,self_consistency,707,193.54,0.00,303.75,1,3.29,1
sglang,self_consistency,708,257.54,0.00,410.47,1,2.44,1
sglang,self_consistency,709,275.46,0.00,379.37,1,2.64,1
sglang,self_consistency,710,147.07,0.00,284.28,1,3.52,1
sglang,self_consistency,711,180.86,0.00,338.57,1,2.95,1
sglang,self_consistency,712,166.27,0.00,350.90,1,2.85,1
sglang,self_consistency,713,150.95,0.00,370.83,1,2.70,1
sglang,self_consistency,714,170.67,0.00,305.77,1,3.27,1
sglang,self_consistency,715,239.21,0.00,361.84,1,2.76,1
sglang,self_consistency,716,244.47,0.00,429.89,1,2.33,1
sglang,self_consistency,717,238.26,0.00,380.44,1,2.63,1
sglang,self_consistency,718,211.48,0.00,354.44,1,2.82,1
sglang,self_consistency,719,253.09,0.00,391.64,1,2.55,1
sglang,self_consistency,720,226.58,0.00,342.18,1,2.92,1
sglang,self_consistency,721,160.21,0.00,385.98,1,2.59,1
sglang,self_consistency,722,179.68,0.00,405.19,1,2.47,1
sglang,self_consistency,723,202.08,0.00,353.32,1,2.83,1
sglang,self_consistency,724,153.68,0.00,332.63,1,3.01,1
sglang,self_consistency,725,250.83,0.00,375.84,1,2.66,1
sglang,self_consistency,726,223.70,0.00,427.36,1,2.34,1
sglang,self_consistency,727,240.47,0.00,411.21,1,2.43,1
sglang,self_consistency,728,93.26,0.00,327.17,1,3.06,1
sglang,self_consistency,729,224.98,0.00,377.03,1,2.65,1
sglang,self_consistency,730,247.77,0.00,381.50,1,2.62,1
sglang,self_consistency,731,221.08,0.00,417.83,1,2.39,1
sglang,self_consistency,732,208.70,0.00,392.16,1,2.55,1
sglang,self_consistency,733,202.86,0.00,338.28,1,2.96,1
sglang,self_consistency,734,210.61,0.00,346.97,1,2.88,1
sglang,self_consistency,735,211.55,0.00,341.82,1,2.93,1
sglang,self_consistency,736,129.05,0.00,310.97,1,3.22,1
sglang,self_consistency,737,169.62,0.00,355.71,1,2.81,1
sglang,self_consistency,738,225.85,0.00,394.29,1,2.54,1
sglang,self_consistency,739,206.75,0.00,373.17,1,2.68,1
sglang,self_consistency,740,137.04,0.00,348.26,1,2.87,1
sglang,self_consistency,741,247.14,0.00,409.01,1,2.44,1
sglang,self_consistency,742,181.03,0.00,325.48,1,3.07,1
sglang,self_consistency,743,205.91,0.00,348.37,1,2.87,1
sglang,self_consistency,744,157.41,0.00,333.60,1,3.00,1
sglang,self_consistency,745,145.03,0.00,391.72,1,2.55,1
sglang,self_consistency,746,306.76,0.00,457.60,1,2.19,1
sglang,self_consistency,747,138.86,0.00,368.54,1,2.71,1
sglang,self_consistency,748,191.53,0.00,342.42,1,2.92,1
sglang,self_consistency,749,205.27,0.00,353.84,1,2.83,1
sglang,self_consistency,750,114.35,0.00,368.45,1,2.71,1
sglang,self_consistency,751,216.36,0.00,395.71,1,2.53,1
sglang,self_consistency,752,191.65,0.00,352.56,1,2.84,1
sglang,self_consistency,753,248.91,0.00,471.66,1,2.12,1
sglang,self_consistency,754,204.93,0.00,358.40,1,2.79,1
sglang,self_consistency,755,238.79,0.00,440.11,1,2.27,1
sglang,self_consistency,756,209.68,0.00,376.81,1,2.65,1
sglang,self_consistency,757,192.91,0.00,422.80,1,2.37,1
sglang,self_consistency,758,186.40,0.00,372.77,1,2.68,1
sglang,self_consistency,759,174.07,0.00,345.23,1,2.90,1
sglang,self_consistency,760,208.45,0.00,419.91,1,2.38,1
sglang,self_consistency,761,174.51,0.00,394.31,1,2.54,1
sglang,self_consistency,762,189.80,0.00,359.83,1,2.78,1
sglang,self_consistency,763,147.05,0.00,394.03,1,2.54,1
sglang,self_consistency,764,197.64,0.00,391.39,1,2.55,1
sglang,self_consistency,765,240.08,0.00,440.93,1,2.27,1
sglang,self_consistency,766,232.52,0.00,426.42,1,2.35,1
sglang,self_consistency,767,172.43,0.00,353.59,1,2.83,1
sglang,self_consistency,768,181.17,0.00,355.01,1,2.82,1
sglang,self_consistency,769,189.46,0.00,458.65,1,2.18,1
sglang,self_consistency,770,149.96,0.00,277.46,1,3.60,1
sglang,self_consistency,771,131.50,0.00,261.97,1,3.82,1
sglang,self_consistency,772,158.19,0.00,291.45,1,3.43,1
sglang,self_consistency,773,189.74,0.00,323.43,1,3.09,1
sglang,self_consistency,774,152.08,0.00,286.06,1,3.50,1
sglang,self_consistency,775,225.91,0.00,307.06,1,3.26,1
sglang,self_consistency,776,231.35,0.00,309.00,1,3.24,1
sglang,self_consistency,777,144.09,0.00,200.72,1,4.98,1
sglang,self_consistency,778,162.79,0.00,280.09,1,3.57,1
sglang,self_consistency,779,134.92,0.00,217.15,1,4.61,1
sglang,self_consistency,780,247.68,0.00,328.17,1,3.05,1
sglang,self_consistency,781,149.55,0.00,239.53,1,4.17,1
sglang,self_consistency,782,174.75,0.00,233.85,1,4.28,1
sglang,self_consistency,783,197.56,0.00,316.28,1,3.16,1
sglang,self_consistency,784,160.38,0.00,241.46,1,4.14,1
sglang,self_consistency,785,177.14,0.00,257.14,1,3.89,1
sglang,self_consistency,786,144.82,0.00,336.99,1,2.97,1
sglang,self_consistency,787,189.12,0.00,281.56,1,3.55,1
sglang,self_consistency,788,172.17,0.00,249.42,1,4.01,1
sglang,self_consistency,789,256.51,0.00,321.36,1,3.11,1
sglang,self_consistency,790,211.37,0.00,337.54,1,2.96,1
sglang,self_consistency,791,158.49,0.00,284.49,1,3.52,1
sglang,self_consistency,792,200.29,0.00,249.79,1,4.00,1
sglang,self_consistency,793,197.12,0.00,240.87,1,4.15,1
sglang,self_consistency,794,171.69,0.00,342.87,1,2.92,1
sglang,self_consistency,795,209.79,0.00,313.77,1,3.19,1
sglang,self_consistency,796,183.76,0.00,267.40,1,3.74,1
sglang,self_consistency,797,221.40,0.00,359.28,1,2.78,1
sglang,self_consistency,798,175.60,0.00,255.75,1,3.91,1
sglang,self_consistency,799,169.85,0.00,334.47,1,2.99,1
sglang,self_consistency,800,255.88,0.00,342.94,1,2.92,1
sglang,self_consistency,801,134.27,0.00,280.58,1,3.56,1
sglang,self_consistency,802,205.95,0.00,260.49,1,3.84,1
sglang,self_consistency,803,196.97,0.00,291.40,1,3.43,1
sglang,self_consistency,804,257.34,0.00,361.58,1,2.77,1
sglang,self_consistency,805,250.39,0.00,370.78,1,2.70,1
sglang,self_consistency,806,180.90,0.00,330.11,1,3.03,1
sglang,self_consistency,807,202.09,0.00,310.45,1,3.22,1
sglang,self_consistency,808,254.21,0.00,374.55,1,2.67,1
sglang,self_consistency,809,254.60,0.00,347.15,1,2.88,1
sglang,self_consistency,810,135.65,0.00,326.18,1,3.07,1
sglang,self_consistency,811,162.22,0.00,260.11,1,3.84,1
sglang,self_consistency,812,165.96,0.00,284.35,1,3.52,1
sglang,self_consistency,813,178.61,0.00,248.23,1,4.03,1
sglang,self_consistency,814,195.03,0.00,255.14,1,3.92,1
sglang,self_consistency,815,200.10,0.00,355.83,1,2.81,1
sglang,self_consistency,816,161.01,0.00,290.90,1,3.44,1
sglang,self_consistency,817,172.35,0.00,304.31,1,3.29,1
sglang,self_consistency,818,214.67,0.00,325.81,1,3.07,1
sglang,self_consistency,819,177.82,0.00,257.40,1,3.89,1
sglang,self_consistency,820,171.07,0.00,274.12,1,3.65,1
sglang,self_consistency,821,148.25,0.00,240.88,1,4.15,1
sglang,self_consistency,822,195.70,0.00,267.93,1,3.73,1
sglang,self_consistency,823,159.37,0.00,249.88,1,4.00,1
sglang,self_consistency,824,229.24,0.00,394.00,1,2.54,1
sglang,self_consistency,825,278.70,0.00,396.17,1,2.52,1
sglang,self_consistency,826,173.11,0.00,262.95,1,3.80,1
sglang,self_consistency,827,226.86,0.00,320.31,1,3.12,1
sglang,self_consistency,828,118.72,0.00,291.64,1,3.43,1
sglang,self_consistency,829,137.91,0.00,336.91,1,2.97,1
sglang,self_consistency,830,156.10,0.00,256.38,1,3.90,1
sglang,self_consistency,831,191.57,0.00,310.17,1,3.22,1
sglang,self_consistency,832,181.66,0.00,267.16,1,3.74,1
sglang,self_consistency,833,190.40,0.00,366.82,1,2.73,1
sglang,self_consistency,834,198.57,0.00,343.50,1,2.91,1
sglang,self_consistency,835,259.35,0.00,365.92,1,2.73,1
sglang,self_consistency,836,282.94,0.00,386.57,1,2.59,1
sglang,self_consistency,837,175.24,0.00,323.73,1,3.09,1
sglang,self_consistency,838,193.85,0.00,403.44,1,2.48,1
sglang,self_consistency,839,163.17,0.00,310.83,1,3.22,1
sglang,self_consistency,840,216.00,0.00,311.53,1,3.21,1
sglang,self_consistency,841,167.02,0.00,262.90,1,3.80,1
sglang,self_consistency,842,132.45,0.00,286.61,1,3.49,1
sglang,self_consistency,843,220.31,0.00,351.40,1,2.85,1
sglang,self_consistency,844,152.21,0.00,346.53,1,2.89,1
sglang,self_consistency,845,185.75,0.00,329.69,1,3.03,1
sglang,self_consistency,846,174.73,0.00,271.86,1,3.68,1
sglang,self_consistency,847,228.76,0.00,376.68,1,2.65,1
sglang,self_consistency,848,246.91,0.00,347.46,1,2.88,1
sglang,self_consistency,849,233.02,0.00,390.07,1,2.56,1
sglang,self_consistency,850,152.06,0.00,289.48,1,3.45,1
sglang,self_consistency,851,201.08,0.00,307.10,1,3.26,1
sglang,self_consistency,852,204.66,0.00,313.09,1,3.19,1
sglang,self_consistency,853,205.74,0.00,409.91,1,2.44,1
sglang,self_consistency,854,203.37,0.00,377.03,1,2.65,1
sglang,self_consistency,855,244.42,0.00,394.27,1,2.54,1
sglang,self_consistency,856,224.44,0.00,346.13,1,2.89,1
sglang,self_consistency,857,174.86,0.00,291.29,1,3.43,1
sglang,self_consistency,858,177.29,0.00,345.36,1,2.90,1
sglang,self_consistency,859,201.80,0.00,329.99,1,3.03,1
sglang,self_consistency,860,137.14,0.00,292.87,1,3.41,1
sglang,self_consistency,861,171.66,0.00,285.80,1,3.50,1
sglang,self_consistency,862,243.12,0.00,376.73,1,2.65,1
sglang,self_consistency,863,273.61,0.00,388.96,1,2.57,1
sglang,self_consistency,864,182.67,0.00,341.17,1,2.93,1
sglang,self_consistency,865,204.60,0.00,328.47,1,3.04,1
sglang,self_consistency,866,156.70,0.00,288.88,1,3.46,1
sglang,self_consistency,867,205.85,0.00,337.56,1,2.96,1
sglang,self_consistency,868,160.77,0.00,289.02,1,3.46,1
sglang,self_consistency,869,183.81,0.00,318.32,1,3.14,1
sglang,self_consistency,870,208.36,0.00,398.00,1,2.51,1
sglang,self_consistency,871,261.36,0.00,425.84,1,2.35,1
sglang,self_consistency,872,218.96,0.00,356.37,1,2.81,1
sglang,self_consistency,873,223.47,0.00,362.14,1,2.76,1
sglang,self_consistency,874,191.58,0.00,375.88,1,2.66,1
sglang,self_consistency,875,169.01,0.00,320.04,1,3.12,1
sglang,self_consistency,876,129.90,0.00,381.27,1,2.62,1
sglang,self_consistency,877,176.30,0.00,325.43,1,3.07,1
sglang,self_consistency,878,162.27,0.00,337.40,1,2.96,1
sglang,self_consistency,879,215.25,0.00,378.29,1,2.64,1
sglang,self_consistency,880,205.74,0.00,375.60,1,2.66,1
sglang,self_consistency,881,191.72,0.00,336.14,1,2.97,1
sglang,self_consistency,882,172.74,0.00,304.61,1,3.28,1
sglang,self_consistency,883,180.13,0.00,314.37,1,3.18,1
sglang,self_consistency,884,140.50,0.00,285.82,1,3.50,1
sglang,self_consistency,885,206.97,0.00,354.28,1,2.82,1
sglang,self_consistency,886,155.22,0.00,307.49,1,3.25,1
sglang,self_consistency,887,182.15,0.00,411.45,1,2.43,1
sglang,self_consistency,888,279.22,0.00,445.33,1,2.25,1
sglang,self_consistency,889,239.76,0.00,416.15,1,2.40,1
sglang,self_consistency,890,223.78,0.00,418.69,1,2.39,1
sglang,self_consistency,891,182.67,0.00,373.92,1,2.67,1
sglang,self_consistency,892,244.72,0.00,435.11,1,2.30,1
sglang,self_consistency,893,229.64,0.00,382.59,1,2.61,1
sglang,self_consistency,894,184.88,0.00,335.11,1,2.98,1
sglang,self_consistency,895,188.11,0.00,335.95,1,2.98,1
sglang,self_consistency,896,176.54,0.00,375.31,1,2.66,1
sglang,self_consistency,897,204.07,0.00,379.65,1,2.63,1
sglang,self_consistency,898,173.24,0.00,274.88,1,3.64,1
sglang,self_consistency,899,197.39,0.00,270.31,1,3.70,1
sglang,self_consistency,900,170.09,0.00,245.45,1,4.07,1
sglang,self_consistency,901,119.10,0.00,224.00,1,4.46,1
sglang,self_consistency,902,190.55,0.00,261.85,1,3.82,1
sglang,self_consistency,903,145.82,0.00,250.98,1,3.98,1
sglang,self_consistency,904,203.04,0.00,281.24,1,3.56,1
sglang,self_consistency,905,137.26,0.00,209.29,1,4.78,1
sglang,self_consistency,906,178.47,0.00,285.63,1,3.50,1
sglang,self_consistency,907,164.26,0.00,230.79,1,4.33,1
sglang,self_consistency,908,202.70,0.00,261.06,1,3.83,1
sglang,self_consistency,909,127.85,0.00,185.78,1,5.38,1
sglang,self_consistency,910,129.25,0.00,197.23,1,5.07,1
sglang,self_consistency,911,123.31,0.00,201.88,1,4.95,1
sglang,self_consistency,912,201.75,0.00,271.55,1,3.68,1
sglang,self_consistency,913,142.33,0.00,215.20,1,4.65,1
sglang,self_consistency,914,129.42,0.00,204.56,1,4.89,1
sglang,self_consistency,915,209.35,0.00,282.28,1,3.54,1
sglang,self_consistency,916,204.62,0.00,279.77,1,3.57,1
sglang,self_consistency,917,126.43,0.00,175.39,1,5.70,1
sglang,self_consistency,918,157.73,0.00,269.29,1,3.71,1
sglang,self_consistency,919,184.71,0.00,263.75,1,3.79,1
sglang,self_consistency,920,159.55,0.00,243.51,1,4.11,1
sglang,self_consistency,921,174.23,0.00,230.95,1,4.33,1
sglang,self_consistency,922,138.70,0.00,199.39,1,5.02,1
sglang,self_consistency,923,249.49,0.00,278.55,1,3.59,1
sglang,self_consistency,924,129.03,0.00,203.66,1,4.91,1
sglang,self_consistency,925,217.89,0.00,253.31,1,3.95,1
sglang,self_consistency,926,215.88,0.00,292.62,1,3.42,1
sglang,self_consistency,927,149.77,0.00,191.11,1,5.23,1
sglang,self_consistency,928,146.27,0.00,177.17,1,5.64,1
sglang,self_consistency,929,190.19,0.00,220.16,1,4.54,1
sglang,self_consistency,930,202.36,0.00,261.56,1,3.82,1
sglang,self_consistency,931,154.82,0.00,213.81,1,4.68,1
sglang,self_consistency,932,235.99,0.00,277.43,1,3.60,1
sglang,self_consistency,933,140.73,0.00,225.70,1,4.43,1
sglang,self_consistency,934,123.20,0.00,201.13,1,4.97,1
sglang,self_consistency,935,127.60,0.00,194.80,1,5.13,1
sglang,self_consistency,936,241.07,0.00,297.64,1,3.36,1
sglang,self_consistency,937,144.35,0.00,209.30,1,4.78,1
sglang,self_consistency,938,231.90,0.00,272.95,1,3.66,1
sglang,self_consistency,939,181.17,0.00,244.62,1,4.09,1
sglang,self_consistency,940,193.07,0.00,283.54,1,3.53,1
sglang,self_consistency,941,155.29,0.00,236.68,1,4.23,1
sglang,self_consistency,942,199.74,0.00,285.53,1,3.50,1
sglang,self_consistency,943,106.69,0.00,251.83,1,3.97,1
sglang,self_consistency,944,205.87,0.00,247.35,1,4.04,1
sglang,self_consistency,945,171.26,0.00,291.55,1,3.43,1
sglang,self_consistency,946,185.08,0.00,270.37,1,3.70,1
sglang,self_consistency,947,126.81,0.00,193.72,1,5.16,1
sglang,self_consistency,948,136.80,0.00,228.87,1,4.37,1
sglang,self_consistency,949,161.26,0.00,223.26,1,4.48,1
sglang,self_consistency,950,124.50,0.00,190.27,1,5.26,1
sglang,self_consistency,951,210.28,0.00,282.30,1,3.54,1
sglang,self_consistency,952,218.12,0.00,249.54,1,4.01,1
sglang,self_consistency,953,196.56,0.00,243.50,1,4.11,1
sglang,self_consistency,954,171.77,0.00,214.56,1,4.66,1
sglang,self_consistency,955,168.35,0.00,233.70,1,4.28,1
sglang,self_consistency,956,219.65,0.00,264.69,1,3.78,1
sglang,self_consistency,957,194.51,0.00,287.46,1,3.48,1
sglang,self_consistency,958,194.11,0.00,236.30,1,4.23,1
sglang,self_consistency,959,173.68,0.00,204.39,1,4.89,1
sglang,self_consistency,960,197.24,0.00,238.98,1,4.18,1
sglang,self_consistency,961,176.22,0.00,242.10,1,4.13,1
sglang,self_consistency,962,169.81,0.00,206.97,1,4.83,1
sglang,self_consistency,963,208.12,0.00,275.83,1,3.63,1
sglang,self_consistency,964,162.39,0.00,233.70,1,4.28,1
sglang,self_consistency,965,146.99,0.00,211.11,1,4.74,1
sglang,self_consistency,966,163.44,0.00,226.10,1,4.42,1
sglang,self_consistency,967,192.33,0.00,256.28,1,3.90,1
sglang,self_consistency,968,220.18,0.00,263.90,1,3.79,1
sglang,self_consistency,969,141.62,0.00,206.90,1,4.83,1
sglang,self_consistency,970,231.65,0.00,304.91,1,3.28,1
sglang,self_consistency,971,175.48,0.00,266.47,1,3.75,1
sglang,self_consistency,972,155.96,0.00,197.67,1,5.06,1
sglang,self_consistency,973,223.71,0.00,273.42,1,3.66,1
sglang,self_consistency,974,237.14,0.00,270.87,1,3.69,1
sglang,self_consistency,975,150.00,0.00,201.77,1,4.96,1
sglang,self_consistency,976,202.81,0.00,250.43,1,3.99,1
sglang,self_consistency,977,177.01,0.00,229.99,1,4.35,1
sglang,self_consistency,978,215.42,0.00,284.17,1,3.52,1
sglang,self_consistency,979,133.99,0.00,210.06,1,4.76,1
sglang,self_consistency,980,226.13,0.00,261.51,1,3.82,1
sglang,self_consistency,981,204.28,0.00,242.83,1,4.12,1
sglang,self_consistency,982,182.57,0.00,215.25,1,4.65,1
sglang,self_consistency,983,217.93,0.00,257.06,1,3.89,1
sglang,self_consistency,984,152.74,0.00,197.64,1,5.06,1
sglang,self_consistency,985,203.66,0.00,238.84,1,4.19,1
sglang,self_consistency,986,188.40,0.00,262.92,1,3.80,1
sglang,self_consistency,987,158.48,0.00,194.94,1,5.13,1
sglang,self_consistency,988,152.29,0.00,194.43,1,5.14,1
sglang,self_consistency,989,189.54,0.00,228.24,1,4.38,1
sglang,self_consistency,990,142.68,0.00,193.90,1,5.16,1
sglang,self_consistency,991,272.80,0.00,311.01,1,3.22,1
sglang,self_consistency,992,168.65,0.00,202.09,1,4.95,1
sglang,self_consistency,993,164.15,0.00,207.85,1,4.81,1
sglang,self_consistency,994,224.31,0.00,265.80,1,3.76,1
sglang,self_consistency,995,196.20,0.00,245.14,1,4.08,1
sglang,self_consistency,996,175.38,0.00,224.08,1,4.46,1
sglang,self_consistency,997,211.83,0.00,254.88,1,3.92,1
sglang,self_consistency,998,230.26,0.00,266.59,1,3.75,1
sglang,self_consistency,999,173.26,0.00,214.55,1,4.66,1
sglang,multi_turn,0,89.50,0.00,173.51,1,5.76,1
sglang,multi_turn,1,147.52,0.00,250.56,1,3.99,1
sglang,multi_turn,2,193.17,0.00,221.35,1,4.52,1
sglang,multi_turn,3,611.18,26.47,637.64,2,3.14,1
sglang,multi_turn,4,79.21,91.65,170.86,2,11.71,1
sglang,multi_turn,5,141.58,145.39,286.98,2,6.97,1
sglang,multi_turn,6,145.25,0.00,259.44,1,3.85,1
sglang,multi_turn,7,193.73,0.00,288.88,1,3.46,1
sglang,multi_turn,8,103.14,105.43,208.57,2,9.59,1
sglang,multi_turn,9,154.73,92.48,247.21,2,8.09,1
sglang,multi_turn,10,133.30,0.00,265.20,1,3.77,1
sglang,multi_turn,11,555.33,41.71,597.04,2,3.35,1
sglang,multi_turn,12,77.61,0.00,178.09,1,5.62,1
sglang,multi_turn,13,182.27,88.03,270.30,2,7.40,1
sglang,multi_turn,14,151.70,0.00,227.18,1,4.40,1
sglang,multi_turn,15,239.50,0.00,334.31,1,2.99,1
sglang,multi_turn,16,81.15,89.28,170.43,2,11.74,1
sglang,multi_turn,17,129.23,0.00,155.43,1,6.43,1
sglang,multi_turn,18,120.77,0.00,303.26,1,3.30,1
sglang,multi_turn,19,595.42,0.00,618.67,1,1.62,1
sglang,multi_turn,20,99.15,0.00,228.77,1,4.37,1
sglang,multi_turn,21,116.53,166.30,282.83,2,7.07,1
sglang,multi_turn,22,112.36,0.00,323.19,1,3.09,1
sglang,multi_turn,23,155.10,0.00,203.03,1,4.93,1
sglang,multi_turn,24,122.97,0.00,238.69,1,4.19,1
sglang,multi_turn,25,156.04,0.00,170.66,1,5.86,1
sglang,multi_turn,26,168.39,0.00,316.90,1,3.16,1
sglang,multi_turn,27,562.83,0.00,585.81,1,1.71,1
sglang,multi_turn,28,103.49,0.00,262.85,1,3.80,1
sglang,multi_turn,29,121.75,54.31,176.06,2,11.36,1
sglang,multi_turn,30,220.75,0.00,426.79,1,2.34,1
sglang,multi_turn,31,130.49,0.00,187.30,1,5.34,1
sglang,multi_turn,32,108.09,0.00,187.87,1,5.32,1
sglang,multi_turn,33,123.78,0.00,196.25,1,5.10,1
sglang,multi_turn,34,172.15,0.00,352.84,1,2.83,1
sglang,multi_turn,35,551.62,0.00,571.33,1,1.75,1
sglang,multi_turn,36,86.69,0.00,213.18,1,4.69,1
sglang,multi_turn,37,153.48,121.93,275.41,2,7.26,1
sglang,multi_turn,38,145.25,204.41,349.66,2,5.72,0
sglang,multi_turn,39,136.97,0.00,212.15,1,4.71,1
sglang,multi_turn,40,96.64,118.60,215.24,2,9.29,1
sglang,multi_turn,41,120.37,0.00,182.64,1,5.48,1
sglang,multi_turn,42,173.59,0.00,299.51,1,3.34,1
sglang,multi_turn,43,559.50,0.00,593.62,1,1.68,1
sglang,multi_turn,44,88.24,0.00,208.76,1,4.79,1
sglang,multi_turn,45,156.56,0.00,325.16,1,3.08,1
sglang,multi_turn,46,135.39,0.00,277.24,1,3.61,1
sglang,multi_turn,47,164.38,91.46,255.84,2,7.82,1
sglang,multi_turn,48,96.20,83.23,179.43,2,11.15,1
sglang,multi_turn,49,138.68,0.00,191.73,1,5.22,1
sglang,multi_turn,50,161.57,0.00,291.90,1,3.43,1
sglang,multi_turn,51,587.01,24.74,611.75,2,3.27,1
sglang,multi_turn,52,96.94,59.70,156.64,2,12.77,1
sglang,multi_turn,53,179.53,0.00,329.14,1,3.04,1
sglang,multi_turn,54,188.40,63.67,252.07,2,7.93,1
sglang,multi_turn,55,243.89,0.00,338.10,1,2.96,1
sglang,multi_turn,56,93.06,0.00,148.78,1,6.72,1
sglang,multi_turn,57,204.60,0.00,225.20,1,4.44,1
sglang,multi_turn,58,260.72,0.00,369.56,1,2.71,1
sglang,multi_turn,59,513.43,0.00,565.98,1,1.77,1
sglang,multi_turn,60,71.40,109.59,180.99,2,11.05,1
sglang,multi_turn,61,126.26,0.00,182.57,1,5.48,1
sglang,multi_turn,62,260.21,0.00,476.21,1,2.10,1
sglang,multi_turn,63,126.34,0.00,210.66,1,4.75,1
sglang,multi_turn,64,83.18,47.13,130.31,2,15.35,1
sglang,multi_turn,65,145.46,0.00,251.96,1,3.97,1
sglang,multi_turn,66,138.18,145.08,283.26,2,7.06,1
sglang,multi_turn,67,563.22,0.00,573.52,1,1.74,1
sglang,multi_turn,68,116.88,0.00,264.63,1,3.78,1
sglang,multi_turn,69,124.42,0.00,253.68,1,3.94,1
sglang,multi_turn,70,176.51,80.39,256.90,2,7.79,1
sglang,multi_turn,71,229.47,92.61,322.08,2,6.21,1
sglang,multi_turn,72,109.83,0.00,195.20,1,5.12,1
sglang,multi_turn,73,161.75,0.00,177.23,1,5.64,1
sglang,multi_turn,74,164.70,0.00,284.59,1,3.51,1
sglang,multi_turn,75,593.47,0.00,598.72,1,1.67,1
sglang,multi_turn,76,113.48,0.00,149.03,1,6.71,1
sglang,multi_turn,77,171.94,0.00,255.59,1,3.91,1
sglang,multi_turn,78,288.83,75.91,364.74,2,5.48,1
sglang,multi_turn,79,235.16,0.00,334.82,1,2.99,1
sglang,multi_turn,80,96.64,0.00,181.97,1,5.50,1
sglang,multi_turn,81,164.95,0.00,189.59,1,5.27,1
sglang,multi_turn,82,155.08,0.00,305.38,1,3.27,1
sglang,multi_turn,83,598.55,0.00,598.83,1,1.67,1
sglang,multi_turn,84,111.57,46.85,158.42,2,12.63,1
sglang,multi_turn,85,242.25,139.47,381.72,2,5.24,1
sglang,multi_turn,86,127.39,0.00,191.27,1,5.23,1
sglang,multi_turn,87,274.45,123.34,397.79,2,5.03,1
sglang,multi_turn,88,92.91,0.00,180.29,1,5.55,1
sglang,multi_turn,89,153.47,0.00,290.03,1,3.45,1
sglang,multi_turn,90,111.98,0.00,271.53,1,3.68,1
sglang,multi_turn,91,568.43,0.00,578.25,1,1.73,1
sglang,multi_turn,92,93.26,0.00,236.10,1,4.24,1
sglang,multi_turn,93,117.98,0.00,202.98,1,4.93,1
sglang,multi_turn,94,197.42,194.32,391.74,2,5.11,1
sglang,multi_turn,95,124.33,0.00,291.58,1,3.43,1
sglang,multi_turn,96,105.58,66.67,172.26,2,11.61,1
sglang,multi_turn,97,107.83,155.88,263.70,2,7.58,1
sglang,multi_turn,98,123.43,0.00,299.26,1,3.34,1
sglang,multi_turn,99,534.09,0.00,534.31,1,1.87,1
sglang,multi_turn,100,92.81,0.00,178.05,1,5.62,1
sglang,multi_turn,101,180.46,0.00,349.78,1,2.86,1
sglang,multi_turn,102,151.52,120.95,272.47,2,7.34,1
sglang,multi_turn,103,155.41,182.28,337.68,2,5.92,1
sglang,multi_turn,104,68.28,0.00,167.50,1,5.97,1
sglang,multi_turn,105,114.96,0.00,205.77,1,4.86,1
sglang,multi_turn,106,140.63,0.00,244.04,1,4.10,1
sglang,multi_turn,107,589.86,34.16,624.02,2,3.21,1
sglang,multi_turn,108,86.35,0.00,245.15,1,4.08,1
sglang,multi_turn,109,110.21,146.35,256.56,2,7.80,1
sglang,multi_turn,110,167.39,0.00,318.32,1,3.14,1
sglang,multi_turn,111,125.00,189.65,314.65,2,6.36,1
sglang,multi_turn,112,44.72,0.00,115.04,1,8.69,1
sglang,multi_turn,113,155.27,0.00,233.64,1,4.28,1
sglang,multi_turn,114,157.98,107.26,265.24,2,7.54,1
sglang,multi_turn,115,579.00,0.00,610.42,1,1.64,1
sglang,multi_turn,116,86.16,131.33,217.49,2,9.20,1
sglang,multi_turn,117,142.69,47.74,190.43,2,10.50,1
sglang,multi_turn,118,196.24,0.00,275.96,1,3.62,1
sglang,multi_turn,119,236.66,217.65,454.31,2,4.40,1
sglang,multi_turn,120,103.88,53.06,156.95,2,12.74,1
sglang,multi_turn,121,131.08,0.00,262.50,1,3.81,1
sglang,multi_turn,122,153.92,0.00,292.22,1,3.42,1
sglang,multi_turn,123,543.39,0.00,564.00,1,1.77,1
sglang,multi_turn,124,98.27,0.00,238.83,1,4.19,1
sglang,multi_turn,125,142.68,0.00,191.76,1,5.21,1
sglang,multi_turn,126,191.61,86.07,277.67,2,7.20,1
sglang,multi_turn,127,226.14,220.49,446.63,2,4.48,1
sglang,multi_turn,128,88.38,66.71,155.10,2,12.90,1
sglang,multi_turn,129,140.07,0.00,192.33,1,5.20,1
sglang,multi_turn,130,206.56,129.81,336.36,2,5.95,1
sglang,multi_turn,131,603.00,224.55,827.54,2,2.42,1
sglang,multi_turn,132,117.80,0.00,274.51,1,3.64,1
sglang,multi_turn,133,147.81,0.00,322.79,1,3.10,1
sglang,multi_turn,134,147.94,58.95,206.89,2,9.67,1
sglang,multi_turn,135,211.87,0.00,248.19,1,4.03,1
sglang,multi_turn,136,112.35,115.56,227.91,2,8.78,1
sglang,multi_turn,137,123.74,108.66,232.40,2,8.61,1
sglang,multi_turn,138,126.02,0.00,222.59,1,4.49,1
sglang,multi_turn,139,664.39,159.47,823.86,2,2.43,1
sglang,multi_turn,140,156.75,0.00,195.44,1,5.12,1
sglang,multi_turn,141,265.24,0.00,334.44,1,2.99,1
sglang,multi_turn,142,215.93,173.90,389.83,2,5.13,1
sglang,multi_turn,143,134.03,0.00,177.79,1,5.62,1
sglang,multi_turn,144,99.65,0.00,178.86,1,5.59,1
sglang,multi_turn,145,81.42,184.01,265.43,2,7.53,1
sglang,multi_turn,146,180.09,0.00,325.29,1,3.07,1
sglang,multi_turn,147,579.85,0.00,680.78,1,1.47,1
sglang,multi_turn,148,187.66,104.99,292.65,2,6.83,1
sglang,multi_turn,149,204.73,0.00,229.32,1,4.36,1
sglang,multi_turn,150,234.74,0.00,376.34,1,2.66,1
sglang,multi_turn,151,153.50,0.00,236.18,1,4.23,1
sglang,multi_turn,152,105.06,0.00,201.31,1,4.97,1
sglang,multi_turn,153,186.86,0.00,284.08,1,3.52,1
sglang,multi_turn,154,131.22,0.00,318.19,1,3.14,1
sglang,multi_turn,155,596.16,155.68,751.83,2,2.66,1
sglang,multi_turn,156,107.78,0.00,252.14,1,3.97,1
sglang,multi_turn,157,145.41,0.00,231.25,1,4.32,1
sglang,multi_turn,158,245.75,0.00,353.02,1,2.83,1
sglang,multi_turn,159,202.61,0.00,251.76,1,3.97,1
sglang,multi_turn,160,95.86,153.54,249.40,2,8.02,1
sglang,multi_turn,161,116.20,74.44,190.63,2,10.49,1
sglang,multi_turn,162,115.58,253.89,369.47,2,5.41,1
sglang,multi_turn,163,586.64,127.85,714.49,2,2.80,1
sglang,multi_turn,164,158.45,0.00,301.36,1,3.32,1
sglang,multi_turn,165,171.32,0.00,261.52,1,3.82,1
sglang,multi_turn,166,215.37,0.00,342.15,1,2.92,1
sglang,multi_turn,167,183.01,0.00,208.25,1,4.80,1
sglang,multi_turn,168,99.47,0.00,164.88,1,6.07,1
sglang,multi_turn,169,111.75,143.05,254.80,2,7.85,1
sglang,multi_turn,170,131.44,184.68,316.12,2,6.33,1
sglang,multi_turn,171,627.68,0.00,736.76,1,1.36,1
sglang,multi_turn,172,188.33,140.76,329.09,2,6.08,1
sglang,multi_turn,173,139.68,0.00,222.01,1,4.50,1
sglang,multi_turn,174,261.17,46.73,307.90,2,6.50,1
sglang,multi_turn,175,221.61,0.00,276.94,1,3.61,1
sglang,multi_turn,176,111.26,90.95,202.21,2,9.89,1
sglang,multi_turn,177,148.30,0.00,195.06,1,5.13,1
sglang,multi_turn,178,192.05,158.27,350.32,2,5.71,1
sglang,multi_turn,179,586.01,0.00,724.89,1,1.38,1
sglang,multi_turn,180,213.24,0.00,351.58,1,2.84,1
sglang,multi_turn,181,155.96,95.43,251.40,2,7.96,1
sglang,multi_turn,182,209.54,170.53,380.07,2,5.26,1
sglang,multi_turn,183,138.07,0.00,169.85,1,5.89,1
sglang,multi_turn,184,102.97,0.00,151.86,1,6.58,1
sglang,multi_turn,185,128.95,26.44,287.60,7,24.34,0
sglang,multi_turn,186,117.93,166.41,284.34,2,7.03,1
sglang,multi_turn,187,591.87,0.00,692.01,1,1.45,1
sglang,multi_turn,188,208.80,0.00,377.13,1,2.65,1
sglang,multi_turn,189,145.28,0.00,243.83,1,4.10,1
sglang,multi_turn,190,213.76,0.00,259.16,1,3.86,1
sglang,multi_turn,191,255.70,63.64,319.34,2,6.26,1
sglang,multi_turn,192,107.72,0.00,177.97,1,5.62,1
sglang,multi_turn,193,224.24,92.32,316.56,2,6.32,1
sglang,multi_turn,194,129.54,0.00,247.42,1,4.04,1
sglang,multi_turn,195,615.71,0.00,831.05,1,1.20,1
sglang,multi_turn,196,135.19,0.00,214.68,1,4.66,1
sglang,multi_turn,197,197.77,109.63,307.40,2,6.51,1
sglang,multi_turn,198,228.03,104.03,332.06,2,6.02,1
sglang,multi_turn,199,191.76,39.63,231.39,2,8.64,1
sglang,multi_turn,200,74.04,0.00,148.76,1,6.72,1
sglang,multi_turn,201,148.42,0.00,153.26,1,6.52,1
sglang,multi_turn,202,198.05,208.72,406.77,2,4.92,1
sglang,multi_turn,203,584.26,91.45,675.71,2,2.96,0
sglang,multi_turn,204,192.52,122.68,315.20,2,6.35,1
sglang,multi_turn,205,190.46,115.45,305.91,2,6.54,1
sglang,multi_turn,206,217.63,0.00,330.63,1,3.02,1
sglang,multi_turn,207,199.01,0.00,226.98,1,4.41,1
sglang,multi_turn,208,76.98,0.00,143.76,1,6.96,1
sglang,multi_turn,209,154.13,0.00,214.61,1,4.66,1
sglang,multi_turn,210,179.83,112.97,292.80,2,6.83,1
sglang,multi_turn,211,645.76,0.00,726.75,1,1.38,1
sglang,multi_turn,212,239.85,0.00,279.37,1,3.58,1
sglang,multi_turn,213,238.51,0.00,364.96,1,2.74,1
sglang,multi_turn,214,188.45,0.00,323.08,1,3.10,1
sglang,multi_turn,215,160.31,70.47,230.78,2,8.67,0
sglang,multi_turn,216,45.46,0.00,86.09,1,11.62,1
sglang,multi_turn,217,143.79,105.91,249.70,2,8.01,1
sglang,multi_turn,218,163.95,162.98,326.94,2,6.12,1
sglang,multi_turn,219,606.97,165.09,772.06,2,2.59,1
sglang,multi_turn,220,147.07,0.00,215.27,1,4.65,1
sglang,multi_turn,221,207.93,0.00,389.89,1,2.56,1
sglang,multi_turn,222,168.76,0.00,225.57,1,4.43,1
sglang,multi_turn,223,244.43,33.40,277.83,2,7.20,1
sglang,multi_turn,224,90.38,0.00,164.12,1,6.09,1
sglang,multi_turn,225,138.68,0.00,188.45,1,5.31,1
sglang,multi_turn,226,167.20,225.99,393.18,2,5.09,1
sglang,multi_turn,227,567.25,114.59,681.84,2,2.93,1
sglang,multi_turn,228,193.24,0.00,353.56,1,2.83,1
sglang,multi_turn,229,185.70,0.00,318.93,1,3.14,1
sglang,multi_turn,230,140.83,131.96,272.79,2,7.33,1
sglang,multi_turn,231,201.05,0.00,242.81,1,4.12,1
sglang,multi_turn,232,71.46,53.10,124.56,2,16.06,1
sglang,multi_turn,233,124.89,0.00,267.18,1,3.74,1
sglang,multi_turn,234,197.25,125.78,323.03,2,6.19,1
sglang,multi_turn,235,589.27,0.00,714.95,1,1.40,1
sglang,multi_turn,236,140.19,0.00,288.32,1,3.47,1
sglang,multi_turn,237,135.61,0.00,234.59,1,4.26,1
sglang,multi_turn,238,209.18,205.39,414.57,2,4.82,1
sglang,multi_turn,239,152.84,45.32,198.17,2,10.09,1
sglang,multi_turn,240,113.59,105.82,219.41,2,9.12,1
sglang,multi_turn,241,158.70,0.00,252.69,1,3.96,1
sglang,multi_turn,242,129.91,162.24,292.15,2,6.85,1
sglang,multi_turn,243,612.20,0.00,687.72,1,1.45,1
sglang,multi_turn,244,218.38,0.00,253.83,1,3.94,1
sglang,multi_turn,245,245.34,147.04,392.38,2,5.10,1
sglang,multi_turn,246,164.75,125.39,290.13,2,6.89,1
sglang,multi_turn,247,182.26,0.00,251.54,1,3.98,1
sglang,multi_turn,248,120.51,0.00,167.86,1,5.96,1
sglang,multi_turn,249,171.34,0.00,229.71,1,4.35,1
sglang,multi_turn,250,180.45,232.31,412.76,2,4.85,1
sglang,multi_turn,251,561.96,0.00,737.96,1,1.36,1
sglang,multi_turn,252,140.07,76.07,216.14,2,9.25,1
sglang,multi_turn,253,170.30,187.04,357.34,2,5.60,1
sglang,multi_turn,254,186.59,0.00,280.14,1,3.57,1
sglang,multi_turn,255,205.15,0.00,251.31,1,3.98,1
sglang,multi_turn,256,74.72,0.00,149.97,1,6.67,1
sglang,multi_turn,257,159.05,0.00,170.32,1,5.87,1
sglang,multi_turn,258,219.49,0.00,370.04,1,2.70,1
sglang,multi_turn,259,592.37,0.00,676.15,1,1.48,1
sglang,multi_turn,260,221.89,0.00,270.02,1,3.70,1
sglang,multi_turn,261,286.47,117.28,403.75,2,4.95,1
sglang,multi_turn,262,139.48,231.09,370.57,2,5.40,1
sglang,multi_turn,263,137.52,38.93,176.45,2,11.33,1
sglang,multi_turn,264,112.91,152.49,265.40,2,7.54,1
sglang,multi_turn,265,121.86,35.89,157.75,2,12.68,1
sglang,multi_turn,266,168.16,0.00,361.48,1,2.77,1
sglang,multi_turn,267,569.44,0.00,672.44,1,1.49,1
sglang,multi_turn,268,215.20,0.00,326.17,1,3.07,1
sglang,multi_turn,269,217.62,0.00,404.09,1,2.47,1
sglang,multi_turn,270,142.76,39.18,181.94,2,10.99,1
sglang,multi_turn,271,221.91,78.46,300.36,2,6.66,1
sglang,multi_turn,272,109.91,0.00,149.17,1,6.70,1
sglang,multi_turn,273,165.12,99.27,264.39,2,7.56,1
sglang,multi_turn,274,144.65,206.49,351.15,2,5.70,1
sglang,multi_turn,275,606.07,0.00,697.14,1,1.43,1
sglang,multi_turn,276,212.05,34.10,246.15,2,8.13,1
sglang,multi_turn,277,211.78,0.00,432.37,1,2.31,1
sglang,multi_turn,278,146.97,0.00,246.59,1,4.06,1
sglang,multi_turn,279,139.96,110.91,250.87,2,7.97,1
sglang,multi_turn,280,64.97,52.33,117.30,2,17.05,1
sglang,multi_turn,281,127.19,117.61,244.80,2,8.17,1
sglang,multi_turn,282,100.39,241.41,341.81,2,5.85,1
sglang,multi_turn,283,580.93,0.00,682.35,1,1.47,1
sglang,multi_turn,284,216.33,152.05,368.38,2,5.43,1
sglang,multi_turn,285,147.81,0.00,199.74,1,5.01,1
sglang,multi_turn,286,204.04,0.00,282.47,1,3.54,1
sglang,multi_turn,287,253.65,0.00,341.32,1,2.93,1
sglang,multi_turn,288,101.98,0.00,163.45,1,6.12,1
sglang,multi_turn,289,157.12,38.92,196.03,2,10.20,1
sglang,multi_turn,290,108.85,0.00,307.97,1,3.25,1
sglang,multi_turn,291,622.01,219.36,841.37,2,2.38,1
sglang,multi_turn,292,129.25,66.72,195.98,2,10.21,1
sglang,multi_turn,293,206.31,0.00,304.49,1,3.28,1
sglang,multi_turn,294,216.10,0.00,322.10,1,3.10,1
sglang,multi_turn,295,194.61,88.30,282.91,2,7.07,1
sglang,multi_turn,296,101.75,0.00,153.55,1,6.51,1
sglang,multi_turn,297,183.22,0.00,212.02,1,4.72,1
sglang,multi_turn,298,192.21,0.00,297.56,1,3.36,1
sglang,multi_turn,299,677.96,183.91,861.87,2,2.32,1
sglang,multi_turn,300,146.39,0.00,221.05,1,4.52,1
sglang,multi_turn,301,195.11,0.00,292.92,1,3.41,1
sglang,multi_turn,302,211.77,0.00,396.30,1,2.52,1
sglang,multi_turn,303,118.23,90.28,208.51,2,9.59,1
sglang,multi_turn,304,83.05,87.20,170.26,2,11.75,1
sglang,multi_turn,305,122.33,78.63,200.96,2,9.95,1
sglang,multi_turn,306,137.67,0.00,322.78,1,3.10,1
sglang,multi_turn,307,630.32,166.28,796.61,2,2.51,1
sglang,multi_turn,308,135.65,0.00,243.42,1,4.11,1
sglang,multi_turn,309,184.49,0.00,242.24,1,4.13,1
sglang,multi_turn,310,232.54,192.96,425.50,2,4.70,1
sglang,multi_turn,311,145.74,55.14,200.88,2,9.96,1
sglang,multi_turn,312,98.21,0.00,179.87,1,5.56,1
sglang,multi_turn,313,158.94,0.00,211.91,1,4.72,1
sglang,multi_turn,314,185.64,210.81,396.45,2,5.04,1
sglang,multi_turn,315,570.83,0.00,650.65,1,1.54,1
sglang,multi_turn,316,209.49,0.00,380.59,1,2.63,1
sglang,multi_turn,317,138.61,0.00,246.66,1,4.05,1
sglang,multi_turn,318,173.48,0.00,248.62,1,4.02,1
sglang,multi_turn,319,202.44,126.81,329.25,2,6.07,1
sglang,multi_turn,320,92.97,0.00,130.95,1,7.64,1
sglang,multi_turn,321,148.93,0.00,240.64,1,4.16,1
sglang,multi_turn,322,121.70,43.60,383.28,7,18.26,0
sglang,multi_turn,323,579.79,89.60,669.39,2,2.99,1
sglang,multi_turn,324,177.64,0.00,218.63,1,4.57,1
sglang,multi_turn,325,240.07,176.62,416.69,2,4.80,1
sglang,multi_turn,326,193.90,164.28,358.18,2,5.58,1
sglang,multi_turn,327,136.20,0.00,200.28,1,4.99,1
sglang,multi_turn,328,76.58,0.00,109.16,1,9.16,1
sglang,multi_turn,329,96.85,0.00,275.88,1,3.62,1
sglang,multi_turn,330,149.08,172.38,321.45,2,6.22,1
sglang,multi_turn,331,612.43,0.00,692.35,1,1.44,1
sglang,multi_turn,332,208.65,92.33,300.99,2,6.64,1
sglang,multi_turn,333,219.46,149.79,369.25,2,5.42,1
sglang,multi_turn,334,154.12,0.00,206.64,1,4.84,1
sglang,multi_turn,335,256.21,68.23,324.45,2,6.16,1
sglang,multi_turn,336,87.44,0.00,129.85,1,7.70,1
sglang,multi_turn,337,173.71,100.94,274.65,2,7.28,1
sglang,multi_turn,338,201.42,0.00,285.26,1,3.51,1
sglang,multi_turn,339,593.47,0.00,747.22,1,1.34,1
sglang,multi_turn,340,150.24,147.46,297.70,2,6.72,1
sglang,multi_turn,341,199.25,161.11,360.36,2,5.55,1
sglang,multi_turn,342,153.58,0.00,275.43,1,3.63,1
sglang,multi_turn,343,182.06,0.00,243.20,1,4.11,1
sglang,multi_turn,344,84.56,115.87,200.43,2,9.98,1
sglang,multi_turn,345,133.01,0.00,227.56,1,4.39,1
sglang,multi_turn,346,142.33,162.70,305.03,2,6.56,1
sglang,multi_turn,347,618.48,80.79,699.28,2,2.86,1
sglang,multi_turn,348,213.13,0.00,243.71,1,4.10,1
sglang,multi_turn,349,244.98,0.00,319.04,1,3.13,1
sglang,multi_turn,350,270.30,0.00,326.83,1,3.06,1
sglang,multi_turn,351,218.22,99.62,317.84,2,6.29,1
sglang,multi_turn,352,88.98,0.00,170.56,1,5.86,1
sglang,multi_turn,353,105.38,151.31,256.69,2,7.79,0
sglang,multi_turn,354,155.39,162.11,317.50,2,6.30,0
sglang,multi_turn,355,591.51,0.00,687.52,1,1.45,1
sglang,multi_turn,356,221.33,0.00,270.37,1,3.70,1
sglang,multi_turn,357,258.69,165.87,424.56,2,4.71,1
sglang,multi_turn,358,144.46,0.00,297.86,1,3.36,1
sglang,multi_turn,359,153.63,0.00,226.05,1,4.42,1
sglang,multi_turn,360,101.29,116.59,217.89,2,9.18,1
sglang,multi_turn,361,116.14,72.87,189.01,2,10.58,1
sglang,multi_turn,362,147.48,181.28,328.77,2,6.08,1
sglang,multi_turn,363,609.89,0.00,780.32,1,1.28,1
sglang,multi_turn,364,146.02,0.00,341.94,1,2.92,1
sglang,multi_turn,365,148.74,113.96,262.71,2,7.61,1
sglang,multi_turn,366,195.06,139.28,334.34,2,5.98,1
sglang,multi_turn,367,162.85,0.00,232.61,1,4.30,1
sglang,multi_turn,368,53.33,84.07,137.40,2,14.56,1
sglang,multi_turn,369,129.94,0.00,205.27,1,4.87,1
sglang,multi_turn,370,168.85,0.00,297.71,1,3.36,1
sglang,multi_turn,371,597.81,185.29,783.10,2,2.55,1
sglang,multi_turn,372,81.78,224.32,306.10,2,6.53,1
sglang,multi_turn,373,160.59,0.00,268.52,1,3.72,1
sglang,multi_turn,374,178.19,94.14,272.33,2,7.34,1
sglang,multi_turn,375,238.18,73.39,311.57,2,6.42,1
sglang,multi_turn,376,69.77,0.00,97.43,1,10.26,1
sglang,multi_turn,377,150.70,124.02,274.73,2,7.28,1
sglang,multi_turn,378,149.22,0.00,349.30,1,2.86,1
sglang,multi_turn,379,569.97,157.63,727.61,2,2.75,1
sglang,multi_turn,380,148.79,0.00,210.21,1,4.76,1
sglang,multi_turn,381,192.37,0.00,279.51,1,3.58,1
sglang,multi_turn,382,249.21,0.00,318.45,1,3.14,1
sglang,multi_turn,383,205.94,137.83,343.78,2,5.82,1
sglang,multi_turn,384,52.56,0.00,72.45,1,13.80,1
sglang,multi_turn,385,125.43,122.17,247.59,2,8.08,1
sglang,multi_turn,386,160.88,145.95,306.84,2,6.52,1
sglang,multi_turn,387,635.68,148.31,783.99,2,2.55,1
sglang,multi_turn,388,161.36,0.00,240.51,1,4.16,1
sglang,multi_turn,389,234.13,102.74,336.87,2,5.94,1
sglang,multi_turn,390,153.95,237.71,391.65,2,5.11,1
sglang,multi_turn,391,128.96,0.00,198.79,1,5.03,1
sglang,multi_turn,392,114.73,0.00,154.94,1,6.45,1
sglang,multi_turn,393,201.54,87.63,289.17,2,6.92,1
sglang,multi_turn,394,116.96,0.00,288.03,1,3.47,1
sglang,multi_turn,395,644.59,0.00,698.48,1,1.43,1
sglang,multi_turn,396,246.81,0.00,363.91,1,2.75,1
sglang,multi_turn,397,178.90,113.19,292.09,2,6.85,1
sglang,multi_turn,398,196.37,80.90,277.27,2,7.21,1
sglang,multi_turn,399,222.23,86.68,308.91,2,6.47,1
sglang,multi_turn,400,108.47,0.00,241.23,1,4.15,1
sglang,multi_turn,401,121.13,54.45,175.59,2,11.39,1
sglang,multi_turn,402,152.45,0.00,335.03,1,2.98,1
sglang,multi_turn,403,573.54,0.00,766.79,1,1.30,1
sglang,multi_turn,404,162.63,0.00,242.63,1,4.12,1
sglang,multi_turn,405,157.35,205.27,362.61,2,5.52,1
sglang,multi_turn,406,130.47,0.00,278.81,1,3.59,1
sglang,multi_turn,407,155.73,112.99,268.72,2,7.44,1
sglang,multi_turn,408,97.99,127.47,225.47,2,8.87,1
sglang,multi_turn,409,111.23,0.00,203.61,1,4.91,1
sglang,multi_turn,410,159.15,0.00,375.99,1,2.66,1
sglang,multi_turn,411,593.87,0.00,654.62,1,1.53,1
sglang,multi_turn,412,226.19,0.00,345.43,1,2.89,1
sglang,multi_turn,413,199.10,129.77,328.87,2,6.08,1
sglang,multi_turn,414,180.92,0.00,300.03,1,3.33,1
sglang,multi_turn,415,188.22,71.77,259.99,2,7.69,1
sglang,multi_turn,416,120.39,112.71,233.09,2,8.58,1
sglang,multi_turn,417,139.20,113.25,252.45,2,7.92,1
sglang,multi_turn,418,186.80,0.00,271.80,1,3.68,1
sglang,multi_turn,419,610.69,0.00,729.35,1,1.37,1
sglang,multi_turn,420,197.53,0.00,365.83,1,2.73,1
sglang,multi_turn,421,140.59,0.00,272.69,1,3.67,1
sglang,multi_turn,422,149.85,0.00,333.76,1,3.00,1
sglang,multi_turn,423,158.07,0.00,229.70,1,4.35,1
sglang,multi_turn,424,86.61,84.52,171.13,2,11.69,1
sglang,multi_turn,425,121.46,0.00,240.03,1,4.17,1
sglang,multi_turn,426,134.00,215.71,349.71,2,5.72,1
sglang,multi_turn,427,569.11,126.05,695.17,2,2.88,1
sglang,multi_turn,428,160.84,101.81,262.65,2,7.61,1
sglang,multi_turn,429,181.57,0.00,356.61,1,2.80,1
sglang,multi_turn,430,159.93,165.71,325.64,2,6.14,1
sglang,multi_turn,431,181.95,0.00,253.81,1,3.94,1
sglang,multi_turn,432,64.12,45.36,109.48,2,18.27,1
sglang,multi_turn,433,144.88,125.63,270.51,2,7.39,1
sglang,multi_turn,434,203.57,0.00,247.89,1,4.03,1
sglang,multi_turn,435,656.60,208.59,865.19,2,2.31,1
sglang,multi_turn,436,115.79,94.84,210.63,2,9.50,1
sglang,multi_turn,437,149.55,230.93,380.47,2,5.26,1
sglang,multi_turn,438,144.29,0.00,178.75,1,5.59,1
sglang,multi_turn,439,229.45,0.00,343.94,1,2.91,1
sglang,multi_turn,440,65.40,0.00,184.68,1,5.41,1
sglang,multi_turn,441,196.58,50.01,246.59,2,8.11,1
sglang,multi_turn,442,158.04,225.56,383.60,2,5.21,1
sglang,multi_turn,443,565.53,182.75,748.28,2,2.67,1
sglang,multi_turn,444,106.01,0.00,216.49,1,4.62,1
sglang,multi_turn,445,200.25,0.00,412.27,1,2.43,1
sglang,multi_turn,446,133.79,70.73,204.53,2,9.78,0
sglang,multi_turn,447,226.15,0.00,310.00,1,3.23,1
sglang,multi_turn,448,73.14,24.17,169.82,5,29.44,0
sglang,multi_turn,449,91.14,0.00,185.81,1,5.38,1
sglang,multi_turn,450,179.78,0.00,281.39,1,3.55,1
sglang,multi_turn,451,639.47,167.99,807.46,2,2.48,1
sglang,multi_turn,452,131.00,74.16,205.16,2,9.75,1
sglang,multi_turn,453,273.12,0.00,400.03,1,2.50,1
sglang,multi_turn,454,181.35,0.00,333.67,1,3.00,1
sglang,multi_turn,455,152.71,84.02,236.73,2,8.45,1
sglang,multi_turn,456,100.45,0.00,159.86,1,6.26,1
sglang,multi_turn,457,162.93,116.07,279.00,2,7.17,1
sglang,multi_turn,458,190.17,0.00,256.29,1,3.90,1
sglang,multi_turn,459,632.68,96.19,728.87,2,2.74,1
sglang,multi_turn,460,230.27,0.00,277.71,1,3.60,1
sglang,multi_turn,461,196.23,98.25,294.48,2,6.79,1
sglang,multi_turn,462,170.02,233.60,403.62,2,4.96,1
sglang,multi_turn,463,174.23,78.57,252.80,2,7.91,1
sglang,multi_turn,464,66.90,0.00,106.35,1,9.40,1
sglang,multi_turn,465,149.69,0.00,214.78,1,4.66,1
sglang,multi_turn,466,215.24,194.13,409.37,2,4.89,1
sglang,multi_turn,467,587.30,0.00,641.41,1,1.56,1
sglang,multi_turn,468,173.71,0.00,361.14,1,2.77,1
sglang,multi_turn,469,153.10,117.16,270.26,2,7.40,1
sglang,multi_turn,470,168.43,0.00,307.47,1,3.25,1
sglang,multi_turn,471,195.66,0.00,307.61,1,3.25,1
sglang,multi_turn,472,100.13,0.00,147.88,1,6.76,1
sglang,multi_turn,473,171.24,0.00,197.91,1,5.05,1
sglang,multi_turn,474,187.61,0.00,383.35,1,2.61,1
sglang,multi_turn,475,563.85,0.00,710.48,1,1.41,1
sglang,multi_turn,476,200.93,48.02,248.94,2,8.03,1
sglang,multi_turn,477,224.42,141.25,365.66,2,5.47,1
sglang,multi_turn,478,113.98,212.73,326.72,2,6.12,1
sglang,multi_turn,479,173.84,0.00,266.03,1,3.76,1
sglang,multi_turn,480,122.57,0.00,159.16,1,6.28,1
sglang,multi_turn,481,168.74,83.13,251.87,2,7.94,1
sglang,multi_turn,482,133.28,201.31,334.59,2,5.98,1
sglang,multi_turn,483,591.08,138.40,729.48,2,2.74,1
sglang,multi_turn,484,200.22,105.24,305.46,2,6.55,1
sglang,multi_turn,485,150.97,0.00,234.05,1,4.27,1
sglang,multi_turn,486,258.31,0.00,420.75,1,2.38,1
sglang,multi_turn,487,163.74,94.98,258.72,2,7.73,1
sglang,multi_turn,488,109.68,0.00,241.35,1,4.14,1
sglang,multi_turn,489,134.32,0.00,219.87,1,4.55,1
sglang,multi_turn,490,219.40,0.00,343.66,1,2.91,1
sglang,multi_turn,491,575.76,0.00,707.72,1,1.41,1
sglang,multi_turn,492,147.31,84.17,231.48,2,8.64,1
sglang,multi_turn,493,233.82,0.00,309.15,1,3.23,1
sglang,multi_turn,494,254.64,0.00,322.32,1,3.10,1
sglang,multi_turn,495,178.96,154.51,333.47,2,6.00,1
sglang,multi_turn,496,84.12,19.06,103.17,2,19.39,1
sglang,multi_turn,497,163.33,111.84,275.17,2,7.27,1
sglang,multi_turn,498,130.58,153.19,283.77,2,7.05,1
sglang,multi_turn,499,608.72,225.06,833.79,2,2.40,1
sglang,multi_turn,500,127.97,23.02,151.00,2,13.25,1
sglang,multi_turn,501,242.61,0.00,419.39,1,2.38,1
sglang,multi_turn,502,176.19,166.91,343.10,2,5.83,1
sglang,multi_turn,503,137.29,0.00,220.80,1,4.53,1
sglang,multi_turn,504,51.90,0.00,131.80,1,7.59,1
sglang,multi_turn,505,109.57,0.00,176.72,1,5.66,1
sglang,multi_turn,506,146.38,0.00,310.28,1,3.22,1
sglang,multi_turn,507,621.17,168.79,789.96,2,2.53,1
sglang,multi_turn,508,146.67,0.00,286.28,1,3.49,1
sglang,multi_turn,509,114.00,164.15,278.15,2,7.19,1
sglang,multi_turn,510,231.89,122.04,353.93,2,5.65,1
sglang,multi_turn,511,188.74,0.00,283.10,1,3.53,1
sglang,multi_turn,512,133.75,0.00,180.95,1,5.53,1
sglang,multi_turn,513,128.79,0.00,180.48,1,5.54,1
sglang,multi_turn,514,170.76,0.00,247.16,1,4.05,1
sglang,multi_turn,515,119.81,0.00,279.06,1,3.58,1
sglang,multi_turn,516,130.09,78.27,208.36,2,9.60,1
sglang,multi_turn,517,137.00,0.00,210.13,1,4.76,1
sglang,multi_turn,518,148.13,0.00,217.17,1,4.60,1
sglang,multi_turn,519,105.10,45.96,151.06,2,13.24,1
sglang,multi_turn,520,150.02,116.09,266.11,2,7.52,1
sglang,multi_turn,521,111.39,0.00,201.98,1,4.95,1
sglang,multi_turn,522,142.68,0.00,265.97,1,3.76,1
sglang,multi_turn,523,115.74,0.00,234.53,1,4.26,1
sglang,multi_turn,524,120.74,0.00,156.90,1,6.37,1
sglang,multi_turn,525,215.86,0.00,276.35,1,3.62,1
sglang,multi_turn,526,122.49,101.34,223.83,2,8.94,1
sglang,multi_turn,527,90.82,0.00,164.21,1,6.09,1
sglang,multi_turn,528,135.54,56.32,191.86,2,10.42,1
sglang,multi_turn,529,141.62,0.00,232.11,1,4.31,1
sglang,multi_turn,530,118.65,83.77,202.42,2,9.88,1
sglang,multi_turn,531,136.27,0.00,167.85,1,5.96,1
sglang,multi_turn,532,201.37,157.13,358.50,2,5.58,1
sglang,multi_turn,533,132.63,54.95,187.58,2,10.66,1
sglang,multi_turn,534,108.89,0.00,204.25,1,4.90,1
sglang,multi_turn,535,99.99,0.00,235.27,1,4.25,1
sglang,multi_turn,536,193.37,159.30,352.66,2,5.67,1
sglang,multi_turn,537,108.04,0.00,162.42,1,6.16,1
sglang,multi_turn,538,138.20,95.53,233.72,2,8.56,1
sglang,multi_turn,539,142.19,77.79,219.98,2,9.09,1
sglang,multi_turn,540,135.50,0.00,212.64,1,4.70,1
sglang,multi_turn,541,172.73,0.00,314.80,1,3.18,1
sglang,multi_turn,542,216.17,125.19,341.36,2,5.86,1
sglang,multi_turn,543,204.89,0.00,231.87,1,4.31,1
sglang,multi_turn,544,115.14,0.00,171.06,1,5.85,1
sglang,multi_turn,545,160.52,49.21,209.73,2,9.54,0
sglang,multi_turn,546,139.66,0.00,243.50,1,4.11,1
sglang,multi_turn,547,144.76,0.00,286.88,1,3.49,1
sglang,multi_turn,548,146.74,0.00,193.31,1,5.17,1
sglang,multi_turn,549,124.60,0.00,231.14,1,4.33,1
sglang,multi_turn,550,94.25,0.00,181.01,1,5.52,1
sglang,multi_turn,551,172.50,0.00,220.18,1,4.54,1
sglang,multi_turn,552,133.17,0.00,190.73,1,5.24,1
sglang,multi_turn,553,145.77,0.00,208.24,1,4.80,1
sglang,multi_turn,554,174.56,0.00,229.31,1,4.36,1
sglang,multi_turn,555,167.58,40.93,208.51,2,9.59,1
sglang,multi_turn,556,181.58,127.66,309.25,2,6.47,1
sglang,multi_turn,557,169.90,93.95,263.85,2,7.58,1
sglang,multi_turn,558,215.64,142.28,357.92,2,5.59,1
sglang,multi_turn,559,156.29,0.00,208.43,1,4.80,1
sglang,multi_turn,560,192.33,72.28,264.62,2,7.56,1
sglang,multi_turn,561,153.79,0.00,216.09,1,4.63,1
sglang,multi_turn,562,141.96,99.31,241.27,2,8.29,1
sglang,multi_turn,563,88.86,0.00,247.16,1,4.05,1
sglang,multi_turn,564,121.92,0.00,167.60,1,5.97,1
sglang,multi_turn,565,303.18,0.00,367.80,1,2.72,1
sglang,multi_turn,566,169.15,0.00,327.06,1,3.06,1
sglang,multi_turn,567,181.39,0.00,200.12,1,5.00,1
sglang,multi_turn,568,114.67,97.12,211.80,2,9.44,1
sglang,multi_turn,569,115.20,0.00,206.84,1,4.83,1
sglang,multi_turn,570,125.31,0.00,212.38,1,4.71,1
sglang,multi_turn,571,134.11,0.00,239.88,1,4.17,1
sglang,multi_turn,572,136.88,0.00,206.77,1,4.84,1
sglang,multi_turn,573,145.21,117.34,262.55,2,7.62,1
sglang,multi_turn,574,81.91,135.19,217.10,2,9.21,0
sglang,multi_turn,575,147.85,31.57,179.41,2,11.15,1
sglang,multi_turn,576,242.19,0.00,357.55,1,2.80,1
sglang,multi_turn,577,112.60,0.00,181.18,1,5.52,1
sglang,multi_turn,578,128.31,0.00,206.19,1,4.85,1
sglang,multi_turn,579,143.28,0.00,191.62,1,5.22,1
sglang,multi_turn,580,149.76,0.00,259.17,1,3.86,1
sglang,multi_turn,581,218.18,61.28,340.73,3,8.80,0
sglang,multi_turn,582,194.38,0.00,379.13,1,2.64,1
sglang,multi_turn,583,135.30,0.00,174.32,1,5.74,1
sglang,multi_turn,584,155.64,48.72,204.36,2,9.79,1
sglang,multi_turn,585,156.41,92.54,248.94,2,8.03,1
sglang,multi_turn,586,113.69,101.17,214.85,2,9.31,1
sglang,multi_turn,587,119.73,0.00,188.57,1,5.30,1
sglang,multi_turn,588,116.61,0.00,188.65,1,5.30,1
sglang,multi_turn,589,254.30,129.33,383.63,2,5.21,1
sglang,multi_turn,590,186.96,80.45,267.41,2,7.48,1
sglang,multi_turn,591,248.23,37.81,286.05,2,6.99,1
sglang,multi_turn,592,121.18,0.00,164.44,1,6.08,1
sglang,multi_turn,593,148.99,0.00,193.11,1,5.18,1
sglang,multi_turn,594,118.02,98.29,216.31,2,9.25,1
sglang,multi_turn,595,185.15,0.00,245.93,1,4.07,1
sglang,multi_turn,596,225.70,0.00,249.37,1,4.01,1
sglang,multi_turn,597,157.29,93.46,250.75,2,7.98,1
sglang,multi_turn,598,96.21,0.00,179.47,1,5.57,1
sglang,multi_turn,599,199.75,42.82,242.57,2,8.24,1
sglang,multi_turn,600,165.79,0.00,206.22,1,4.85,1
sglang,multi_turn,601,178.09,70.87,248.96,2,8.03,1
sglang,multi_turn,602,117.15,0.00,178.43,1,5.60,1
sglang,multi_turn,603,186.30,142.57,328.88,2,6.08,1
sglang,multi_turn,604,151.68,0.00,184.57,1,5.42,1
sglang,multi_turn,605,130.96,0.00,206.66,1,4.84,1
sglang,multi_turn,606,120.30,0.00,156.81,1,6.38,1
sglang,multi_turn,607,262.33,31.87,294.21,2,6.80,1
sglang,multi_turn,608,145.93,0.00,150.16,1,6.66,1
sglang,multi_turn,609,153.90,0.00,224.40,1,4.46,1
sglang,multi_turn,610,182.25,119.94,302.19,2,6.62,1
sglang,multi_turn,611,132.85,0.00,234.28,1,4.27,1
sglang,multi_turn,612,158.41,0.00,191.15,1,5.23,1
sglang,multi_turn,613,144.97,107.01,251.98,2,7.94,1
sglang,multi_turn,614,77.93,0.00,136.44,1,7.33,1
sglang,multi_turn,615,200.69,0.00,273.44,1,3.66,1
sglang,multi_turn,616,233.27,0.00,282.80,1,3.54,1
sglang,multi_turn,617,158.81,0.00,211.67,1,4.72,1
sglang,multi_turn,618,176.79,0.00,248.53,1,4.02,1
sglang,multi_turn,619,115.10,0.00,282.13,1,3.54,1
sglang,multi_turn,620,124.36,0.00,234.11,1,4.27,1
sglang,multi_turn,621,153.88,0.00,243.03,1,4.11,1
sglang,multi_turn,622,222.69,0.00,291.66,1,3.43,1
sglang,multi_turn,623,235.33,72.60,307.94,2,6.49,1
sglang,multi_turn,624,108.01,0.00,139.16,1,7.19,1
sglang,multi_turn,625,146.45,88.15,234.60,2,8.53,1
sglang,multi_turn,626,175.77,0.00,181.61,1,5.51,1
sglang,multi_turn,627,200.52,0.00,246.26,1,4.06,1
sglang,multi_turn,628,264.97,0.00,275.17,1,3.63,1
sglang,multi_turn,629,159.01,0.00,232.10,1,4.31,1
sglang,multi_turn,630,101.96,0.00,215.13,1,4.65,1
sglang,multi_turn,631,177.79,0.00,227.28,1,4.40,1
sglang,multi_turn,632,134.67,0.00,224.77,1,4.45,1
sglang,multi_turn,633,116.11,109.36,225.47,2,8.87,1
sglang,multi_turn,634,110.42,50.51,211.43,3,14.19,1
sglang,multi_turn,635,136.27,0.00,270.95,1,3.69,1
sglang,multi_turn,636,137.27,19.15,175.56,3,17.09,1
sglang,multi_turn,637,125.40,0.00,199.68,1,5.01,1
sglang,multi_turn,638,117.01,64.71,246.43,3,12.17,1
sglang,multi_turn,639,164.27,48.63,212.90,2,9.39,1
sglang,multi_turn,640,149.33,119.98,269.31,2,7.43,1
sglang,multi_turn,641,140.95,0.00,195.57,1,5.11,1
sglang,multi_turn,642,183.82,39.67,223.49,2,8.95,1
sglang,multi_turn,643,146.77,0.00,210.46,1,4.75,1
sglang,multi_turn,644,164.77,82.55,247.31,2,8.09,1
sglang,multi_turn,645,157.85,191.27,349.12,2,5.73,1
sglang,multi_turn,646,185.82,0.00,395.83,1,2.53,1
sglang,multi_turn,647,119.69,41.45,161.14,2,12.41,1
sglang,multi_turn,648,205.16,62.15,329.47,3,9.11,0
sglang,multi_turn,649,108.56,41.71,150.26,2,13.31,1
sglang,multi_turn,650,154.79,0.00,218.68,1,4.57,1
sglang,multi_turn,651,149.58,103.72,253.30,2,7.90,0
sglang,multi_turn,652,152.14,72.36,224.49,2,8.91,1
sglang,multi_turn,653,186.71,160.33,347.04,2,5.76,1
sglang,multi_turn,654,169.70,213.93,383.63,2,5.21,1
sglang,multi_turn,655,119.32,0.00,172.51,1,5.80,1
sglang,multi_turn,656,115.88,0.00,164.37,1,6.08,1
sglang,multi_turn,657,182.68,83.32,266.00,2,7.52,1
sglang,multi_turn,658,119.81,80.97,200.78,2,9.96,1
sglang,multi_turn,659,141.24,0.00,186.14,1,5.37,1
sglang,multi_turn,660,169.98,0.00,315.07,1,3.17,1
sglang,multi_turn,661,152.69,182.99,335.68,2,5.96,1
sglang,multi_turn,662,145.24,75.66,220.90,2,9.05,1
sglang,multi_turn,663,236.03,76.57,312.60,2,6.40,1
sglang,multi_turn,664,112.60,0.00,180.71,1,5.53,1
sglang,multi_turn,665,142.36,97.24,239.60,2,8.35,1
sglang,multi_turn,666,128.80,112.58,241.38,2,8.29,1
sglang,multi_turn,667,132.92,72.75,205.67,2,9.72,1
sglang,multi_turn,668,196.41,0.00,237.26,1,4.21,1
sglang,multi_turn,669,120.37,0.00,203.25,1,4.92,1
sglang,multi_turn,670,101.70,136.56,238.26,2,8.39,1
sglang,multi_turn,671,165.76,0.00,233.27,1,4.29,1
sglang,multi_turn,672,133.58,0.00,203.05,1,4.92,1
sglang,multi_turn,673,103.05,116.89,219.94,2,9.09,1
sglang,multi_turn,674,191.92,0.00,245.87,1,4.07,1
sglang,multi_turn,675,137.87,0.00,182.29,1,5.49,1
sglang,multi_turn,676,220.45,56.89,277.34,2,7.21,1
sglang,multi_turn,677,127.27,0.00,234.76,1,4.26,1
sglang,multi_turn,678,71.59,0.00,217.36,1,4.60,1
sglang,multi_turn,679,157.45,0.00,215.01,1,4.65,1
sglang,multi_turn,680,187.18,85.01,272.19,2,7.35,0
sglang,multi_turn,681,103.73,0.00,189.35,1,5.28,1
sglang,multi_turn,682,153.48,0.00,174.12,1,5.74,1
sglang,multi_turn,683,174.32,0.00,239.80,1,4.17,1
sglang,multi_turn,684,155.78,174.88,330.66,2,6.05,1
sglang,multi_turn,685,147.56,178.08,325.63,2,6.14,1
sglang,multi_turn,686,146.57,0.00,316.00,1,3.16,1
sglang,multi_turn,687,161.70,0.00,223.98,1,4.46,1
sglang,multi_turn,688,102.56,0.00,140.32,1,7.13,1
sglang,multi_turn,689,143.71,0.00,254.49,1,3.93,1
sglang,multi_turn,690,113.22,98.42,211.64,2,9.45,1
sglang,multi_turn,691,190.71,0.00,271.66,1,3.68,1
sglang,multi_turn,692,162.06,0.00,192.43,1,5.20,1
sglang,multi_turn,693,159.19,0.00,230.45,1,4.34,1
sglang,multi_turn,694,111.23,0.00,165.97,1,6.03,1
sglang,multi_turn,695,244.54,0.00,304.10,1,3.29,1
sglang,multi_turn,696,156.67,121.49,278.16,2,7.19,1
sglang,multi_turn,697,107.28,0.00,180.22,1,5.55,1
sglang,multi_turn,698,155.59,151.15,306.75,2,6.52,1
sglang,multi_turn,699,114.79,0.00,189.99,1,5.26,1
sglang,multi_turn,700,161.93,78.04,239.97,2,8.33,1
sglang,multi_turn,701,246.26,0.00,362.75,1,2.76,1
sglang,multi_turn,702,158.03,0.00,229.52,1,4.36,1
sglang,multi_turn,703,249.81,71.79,321.60,2,6.22,1
sglang,multi_turn,704,137.47,0.00,214.54,1,4.66,1
sglang,multi_turn,705,129.47,0.00,183.74,1,5.44,1
sglang,multi_turn,706,121.14,142.49,263.63,2,7.59,1
sglang,multi_turn,707,90.92,115.41,206.34,2,9.69,1
sglang,multi_turn,708,258.74,5.13,263.87,2,7.58,1
sglang,multi_turn,709,116.83,100.72,217.55,2,9.19,1
sglang,multi_turn,710,82.97,0.00,149.74,1,6.68,1
sglang,multi_turn,711,217.30,82.58,299.88,2,6.67,1
sglang,multi_turn,712,116.70,0.00,183.20,1,5.46,1
sglang,multi_turn,713,170.66,0.00,268.37,1,3.73,1
sglang,multi_turn,714,127.84,0.00,235.97,1,4.24,1
sglang,multi_turn,715,144.50,91.28,235.78,2,8.48,1
sglang,multi_turn,716,171.73,0.00,203.81,1,4.91,1
sglang,multi_turn,717,129.36,0.00,226.28,1,4.42,1
sglang,multi_turn,718,84.68,0.00,167.87,1,5.96,1
sglang,multi_turn,719,221.99,83.12,305.11,2,6.56,1
sglang,multi_turn,720,187.74,0.00,241.99,1,4.13,1
sglang,multi_turn,721,137.72,0.00,164.27,1,6.09,1
sglang,multi_turn,722,196.82,89.63,286.45,2,6.98,1
sglang,multi_turn,723,171.29,49.48,220.77,2,9.06,1
sglang,multi_turn,724,216.31,25.75,242.06,2,8.26,1
sglang,multi_turn,725,148.44,0.00,201.23,1,4.97,1
sglang,multi_turn,726,112.41,132.11,244.52,2,8.18,1
sglang,multi_turn,727,135.55,0.00,256.34,1,3.90,1
sglang,multi_turn,728,128.22,97.03,225.25,2,8.88,1
sglang,multi_turn,729,111.08,0.00,210.38,1,4.75,1
sglang,multi_turn,730,125.77,60.76,186.54,2,10.72,1
sglang,multi_turn,731,155.93,60.46,276.85,3,10.84,0
sglang,multi_turn,732,195.45,20.70,216.14,2,9.25,1
sglang,multi_turn,733,132.92,0.00,206.67,1,4.84,1
sglang,multi_turn,734,108.92,0.00,260.53,1,3.84,1
sglang,multi_turn,735,132.51,93.60,226.12,2,8.84,1
sglang,multi_turn,736,185.90,0.00,257.10,1,3.89,1
sglang,multi_turn,737,113.04,0.00,214.89,1,4.65,1
sglang,multi_turn,738,124.95,0.00,137.19,1,7.29,1
sglang,multi_turn,739,165.69,0.00,301.41,1,3.32,1
sglang,multi_turn,740,156.31,0.00,180.68,1,5.53,1
sglang,multi_turn,741,221.64,165.26,386.90,2,5.17,1
sglang,multi_turn,742,164.77,99.71,264.49,2,7.56,1
sglang,multi_turn,743,202.12,129.02,331.14,2,6.04,1
sglang,multi_turn,744,147.66,0.00,182.47,1,5.48,1
sglang,multi_turn,745,104.86,0.00,186.81,1,5.35,1
sglang,multi_turn,746,138.23,0.00,266.63,1,3.75,1
sglang,multi_turn,747,161.05,125.85,286.90,2,6.97,1
sglang,multi_turn,748,143.71,58.21,201.92,2,9.90,1
sglang,multi_turn,749,104.58,104.53,209.11,2,9.56,1
sglang,multi_turn,750,90.23,0.00,107.61,1,9.29,1
sglang,multi_turn,751,242.15,0.00,369.59,1,2.71,1
sglang,multi_turn,752,161.89,49.19,211.09,2,9.47,1
sglang,multi_turn,753,103.44,0.00,199.64,1,5.01,1
sglang,multi_turn,754,157.11,87.59,244.70,2,8.17,1
sglang,multi_turn,755,164.58,104.56,269.14,2,7.43,1
sglang,multi_turn,756,139.13,111.91,251.03,2,7.97,1
sglang,multi_turn,757,106.06,119.54,225.60,2,8.87,1
sglang,multi_turn,758,73.06,0.00,230.04,1,4.35,1
sglang,multi_turn,759,139.33,0.00,236.48,1,4.23,1
sglang,multi_turn,760,124.84,93.65,218.49,2,9.15,1
sglang,multi_turn,761,82.28,0.00,132.19,1,7.56,1
sglang,multi_turn,762,170.98,0.00,226.32,1,4.42,1
sglang,multi_turn,763,230.46,0.00,269.35,1,3.71,1
sglang,multi_turn,764,178.16,0.00,281.84,1,3.55,1
sglang,multi_turn,765,107.01,0.00,199.55,1,5.01,1
sglang,multi_turn,766,106.95,76.73,183.67,2,10.89,1
sglang,multi_turn,767,208.30,0.00,315.00,1,3.17,1
sglang,multi_turn,768,147.21,0.00,252.64,1,3.96,1
sglang,multi_turn,769,130.00,67.21,197.20,2,10.14,1
sglang,multi_turn,770,153.19,51.43,204.62,2,9.77,1
sglang,multi_turn,771,139.35,0.00,344.06,1,2.91,1
sglang,multi_turn,772,117.18,167.61,284.78,2,7.02,1
sglang,multi_turn,773,161.36,197.29,358.65,2,5.58,1
sglang,multi_turn,774,135.97,0.00,175.39,1,5.70,1
sglang,multi_turn,775,132.05,0.00,136.83,1,7.31,1
sglang,multi_turn,776,120.14,67.49,187.64,2,10.66,1
sglang,multi_turn,777,148.54,0.00,245.30,1,4.08,1
sglang,multi_turn,778,109.28,77.13,186.40,2,10.73,1
sglang,multi_turn,779,121.97,196.65,318.62,2,6.28,1
sglang,multi_turn,780,120.12,132.37,252.49,2,7.92,1
sglang,multi_turn,781,194.65,122.13,316.79,2,6.31,1
sglang,multi_turn,782,177.91,61.59,239.49,2,8.35,1
sglang,multi_turn,783,111.40,0.00,155.77,1,6.42,1
sglang,multi_turn,784,170.54,61.60,232.14,2,8.62,1
sglang,multi_turn,785,129.80,0.00,180.27,1,5.55,1
sglang,multi_turn,786,188.04,98.01,286.05,2,6.99,1
sglang,multi_turn,787,113.63,46.94,207.51,3,14.46,0
sglang,multi_turn,788,197.69,139.49,337.17,2,5.93,1
sglang,multi_turn,789,181.41,0.00,287.37,1,3.48,1
sglang,multi_turn,790,191.50,0.00,294.26,1,3.40,1
sglang,multi_turn,791,112.40,0.00,123.37,1,8.11,1
sglang,multi_turn,792,206.21,53.04,259.25,2,7.71,1
sglang,multi_turn,793,110.08,25.36,414.45,13,31.37,0
sglang,multi_turn,794,166.42,0.00,242.07,1,4.13,1
sglang,multi_turn,795,136.83,162.61,299.44,2,6.68,1
sglang,multi_turn,796,142.25,0.00,213.91,1,4.67,1
sglang,multi_turn,797,227.55,94.30,321.85,2,6.21,1
sglang,multi_turn,798,234.17,61.41,295.57,2,6.77,1
sglang,multi_turn,799,122.48,0.00,139.29,1,7.18,1
sglang,multi_turn,800,134.72,36.28,170.99,2,11.70,1
sglang,multi_turn,801,174.71,93.30,268.01,2,7.46,1
sglang,multi_turn,802,140.14,0.00,215.07,1,4.65,1
sglang,multi_turn,803,133.52,106.79,240.31,2,8.32,1
sglang,multi_turn,804,185.19,0.00,362.12,1,2.76,1
sglang,multi_turn,805,143.58,0.00,282.90,1,3.53,1
sglang,multi_turn,806,183.45,0.00,232.41,1,4.30,1
sglang,multi_turn,807,124.50,0.00,145.27,1,6.88,1
sglang,multi_turn,808,126.25,0.00,166.82,1,5.99,1
sglang,multi_turn,809,156.59,105.67,262.26,2,7.63,1
sglang,multi_turn,810,159.19,121.36,280.55,2,7.13,1
sglang,multi_turn,811,121.53,0.00,186.28,1,5.37,1
sglang,multi_turn,812,191.39,0.00,314.13,1,3.18,1
sglang,multi_turn,813,197.22,122.80,320.02,2,6.25,1
sglang,multi_turn,814,158.50,0.00,247.32,1,4.04,1
sglang,multi_turn,815,158.33,0.00,163.09,1,6.13,1
sglang,multi_turn,816,144.80,0.00,251.98,1,3.97,1
sglang,multi_turn,817,121.17,0.00,160.52,1,6.23,1
sglang,multi_turn,818,156.25,76.36,232.61,2,8.60,1
sglang,multi_turn,819,153.34,0.00,315.81,1,3.17,1
sglang,multi_turn,820,211.74,0.00,265.92,1,3.76,1
sglang,multi_turn,821,202.25,0.00,282.23,1,3.54,1
sglang,multi_turn,822,253.25,101.55,354.79,2,5.64,1
sglang,multi_turn,823,93.12,0.00,97.49,1,10.26,1
sglang,multi_turn,824,160.47,53.28,213.75,2,9.36,1
sglang,multi_turn,825,112.48,0.00,191.17,1,5.23,1
sglang,multi_turn,826,140.89,0.00,194.33,1,5.15,1
sglang,multi_turn,827,237.42,43.65,281.08,2,7.12,1
sglang,multi_turn,828,172.00,0.00,369.95,1,2.70,1
sglang,multi_turn,829,176.82,127.08,303.90,2,6.58,1
sglang,multi_turn,830,132.84,142.12,274.97,2,7.27,1
sglang,multi_turn,831,92.03,0.00,111.14,1,9.00,1
sglang,multi_turn,832,132.83,0.00,252.47,1,3.96,1
sglang,multi_turn,833,80.98,86.93,167.91,2,11.91,1
sglang,multi_turn,834,168.06,54.94,223.00,2,8.97,1
sglang,multi_turn,835,169.98,0.00,274.61,1,3.64,1
sglang,multi_turn,836,183.56,137.79,321.35,2,6.22,1
sglang,multi_turn,837,184.96,0.00,379.74,1,2.63,1
sglang,multi_turn,838,143.31,36.57,179.88,2,11.12,0
sglang,multi_turn,839,145.59,0.00,153.05,1,6.53,1
sglang,multi_turn,840,105.73,0.00,157.09,1,6.37,1
sglang,multi_turn,841,183.58,0.00,238.14,1,4.20,1
sglang,multi_turn,842,161.37,66.43,227.79,2,8.78,1
sglang,multi_turn,843,202.37,135.60,337.97,2,5.92,1
sglang,multi_turn,844,129.75,148.68,278.43,2,7.18,1
sglang,multi_turn,845,159.45,0.00,331.81,1,3.01,1
sglang,multi_turn,846,127.82,0.00,232.36,1,4.30,1
sglang,multi_turn,847,108.83,0.00,122.08,1,8.19,1
sglang,multi_turn,848,118.21,0.00,158.05,1,6.33,1
sglang,multi_turn,849,169.25,0.00,257.55,1,3.88,1
sglang,multi_turn,850,135.71,0.00,202.33,1,4.94,1
sglang,multi_turn,851,168.84,0.00,202.51,1,4.94,1
sglang,multi_turn,852,239.62,157.92,397.54,2,5.03,1
sglang,multi_turn,853,170.28,0.00,337.96,1,2.96,1
sglang,multi_turn,854,158.22,96.93,255.15,2,7.84,1
sglang,multi_turn,855,79.20,0.00,92.22,1,10.84,1
sglang,multi_turn,856,157.83,0.00,272.63,1,3.67,1
sglang,multi_turn,857,126.55,24.72,151.27,2,13.22,1
sglang,multi_turn,858,154.75,73.63,228.38,2,8.76,1
sglang,multi_turn,859,193.44,0.00,286.77,1,3.49,1
sglang,multi_turn,860,173.66,0.00,303.33,1,3.30,1
sglang,multi_turn,861,175.74,144.86,320.61,2,6.24,1
sglang,multi_turn,862,154.55,0.00,255.09,1,3.92,1
sglang,multi_turn,863,120.92,0.00,130.14,1,7.68,1
sglang,multi_turn,864,139.80,69.92,209.72,2,9.54,1
sglang,multi_turn,865,152.80,0.00,241.25,1,4.15,1
sglang,multi_turn,866,141.78,112.53,254.31,2,7.86,1
sglang,multi_turn,867,140.61,0.00,165.59,1,6.04,1
sglang,multi_turn,868,233.45,150.22,383.67,2,5.21,1
sglang,multi_turn,869,170.26,0.00,327.30,1,3.06,1
sglang,multi_turn,870,144.30,0.00,231.22,1,4.32,1
sglang,multi_turn,871,121.20,0.00,139.12,1,7.19,1
sglang,multi_turn,872,137.77,80.36,218.13,2,9.17,1
sglang,multi_turn,873,125.56,134.86,260.42,2,7.68,1
sglang,multi_turn,874,116.89,76.42,193.31,2,10.35,1
sglang,multi_turn,875,170.23,90.86,261.08,2,7.66,1
sglang,multi_turn,876,170.65,0.00,296.51,1,3.37,1
sglang,multi_turn,877,190.41,0.00,269.43,1,3.71,1
sglang,multi_turn,878,203.48,0.00,277.93,1,3.60,1
sglang,multi_turn,879,160.17,23.38,183.56,2,10.90,1
sglang,multi_turn,880,119.67,0.00,215.97,1,4.63,1
sglang,multi_turn,881,128.18,0.00,223.88,1,4.47,1
sglang,multi_turn,882,99.45,58.13,157.58,2,12.69,1
sglang,multi_turn,883,222.46,93.76,316.21,2,6.32,1
sglang,multi_turn,884,186.77,101.82,288.59,2,6.93,1
sglang,multi_turn,885,193.74,0.00,296.08,1,3.38,1
sglang,multi_turn,886,207.06,0.00,314.98,1,3.17,1
sglang,multi_turn,887,96.42,25.95,122.37,2,16.34,0
sglang,multi_turn,888,134.04,0.00,144.08,1,6.94,1
sglang,multi_turn,889,187.62,17.92,205.53,2,9.73,1
sglang,multi_turn,890,196.33,0.00,316.54,1,3.16,1
sglang,multi_turn,891,126.99,53.92,180.91,2,11.06,1
sglang,multi_turn,892,213.21,0.00,302.51,1,3.31,1
sglang,multi_turn,893,222.64,0.00,366.53,1,2.73,1
sglang,multi_turn,894,202.26,0.00,287.51,1,3.48,1
sglang,multi_turn,895,82.25,25.35,107.60,2,18.59,1
sglang,multi_turn,896,122.03,0.00,177.73,1,5.63,1
sglang,multi_turn,897,191.47,0.00,238.29,1,4.20,1
sglang,multi_turn,898,173.50,0.00,248.86,1,4.02,1
sglang,multi_turn,899,144.69,0.00,191.07,1,5.23,1
sglang,multi_turn,900,238.98,0.00,384.98,1,2.60,1
sglang,multi_turn,901,174.35,0.00,381.05,1,2.62,1
sglang,multi_turn,902,132.65,75.21,207.86,2,9.62,1
sglang,multi_turn,903,104.83,15.70,120.52,2,16.59,1
sglang,multi_turn,904,104.69,0.00,229.36,1,4.36,1
sglang,multi_turn,905,122.93,75.58,198.51,2,10.07,1
sglang,multi_turn,906,146.64,103.61,250.25,2,7.99,1
sglang,multi_turn,907,134.18,0.00,157.86,1,6.33,1
sglang,multi_turn,908,162.71,168.79,331.51,2,6.03,1
sglang,multi_turn,909,221.12,0.00,331.57,1,3.02,1
sglang,multi_turn,910,194.26,0.00,263.32,1,3.80,1
sglang,multi_turn,911,142.43,22.82,165.25,2,12.10,1
sglang,multi_turn,912,122.62,0.00,201.71,1,4.96,1
sglang,multi_turn,913,118.67,0.00,182.00,1,5.49,1
sglang,multi_turn,914,149.25,0.00,186.35,1,5.37,1
sglang,multi_turn,915,225.67,117.92,343.59,2,5.82,1
sglang,multi_turn,916,131.19,185.93,317.12,2,6.31,1
sglang,multi_turn,917,152.81,125.77,278.57,2,7.18,1
sglang,multi_turn,918,193.98,0.00,303.67,1,3.29,1
sglang,multi_turn,919,76.45,18.14,94.59,2,21.14,1
sglang,multi_turn,920,152.49,0.00,230.24,1,4.34,1
sglang,multi_turn,921,132.61,0.00,221.05,1,4.52,1
sglang,multi_turn,922,126.57,136.49,263.06,2,7.60,1
sglang,multi_turn,923,119.47,138.05,257.52,2,7.77,1
sglang,multi_turn,924,174.13,0.00,238.01,1,4.20,1
sglang,multi_turn,925,210.41,72.74,283.14,2,7.06,1
sglang,multi_turn,926,194.63,0.00,278.28,1,3.59,1
sglang,multi_turn,927,153.30,22.35,175.66,2,11.39,1
sglang,multi_turn,928,140.87,0.00,159.25,1,6.28,1
sglang,multi_turn,929,148.93,0.00,210.09,1,4.76,1
sglang,multi_turn,930,199.03,0.00,208.64,1,4.79,1
sglang,multi_turn,931,154.26,127.03,281.29,2,7.11,1
sglang,multi_turn,932,175.10,0.00,353.08,1,2.83,1
sglang,multi_turn,933,185.12,0.00,334.43,1,2.99,1
sglang,multi_turn,934,178.91,0.00,272.29,1,3.67,1
sglang,multi_turn,935,94.00,17.78,111.78,2,17.89,1
sglang,multi_turn,936,160.44,96.61,257.05,2,7.78,1
sglang,multi_turn,937,103.63,0.00,189.40,1,5.28,1
sglang,multi_turn,938,165.96,0.00,226.65,1,4.41,1
sglang,multi_turn,939,190.00,0.00,314.70,1,3.18,1
sglang,multi_turn,940,137.16,105.48,242.65,2,8.24,1
sglang,multi_turn,941,224.73,0.00,271.54,1,3.68,1
sglang,multi_turn,942,249.87,113.03,362.90,2,5.51,1
sglang,multi_turn,943,93.15,22.24,115.39,2,17.33,1
sglang,multi_turn,944,130.32,0.00,157.38,1,6.35,1
sglang,multi_turn,945,137.91,0.00,210.77,1,4.74,1
sglang,multi_turn,946,177.95,105.06,283.00,2,7.07,1
sglang,multi_turn,947,162.50,138.68,301.18,2,6.64,1
sglang,multi_turn,948,126.52,0.00,215.21,1,4.65,1
sglang,multi_turn,949,214.30,168.59,382.88,2,5.22,1
sglang,multi_turn,950,170.77,55.70,226.47,2,8.83,1
sglang,multi_turn,951,113.82,30.53,144.35,2,13.86,1
sglang,multi_turn,952,108.56,47.94,156.49,2,12.78,1
sglang,multi_turn,953,151.80,0.00,271.65,1,3.68,1
sglang,multi_turn,954,106.33,106.08,212.41,2,9.42,1
sglang,multi_turn,955,125.76,113.03,238.79,2,8.38,1
sglang,multi_turn,956,171.69,0.00,286.47,1,3.49,1
sglang,multi_turn,957,198.03,0.00,266.11,1,3.76,1
sglang,multi_turn,958,193.30,0.00,286.05,1,3.50,1
sglang,multi_turn,959,165.27,25.56,190.84,2,10.48,0
sglang,multi_turn,960,158.33,0.00,267.69,1,3.74,1
sglang,multi_turn,961,83.81,0.00,211.68,1,4.72,1
sglang,multi_turn,962,123.51,0.00,162.78,1,6.14,1
sglang,multi_turn,963,186.79,152.96,339.74,2,5.89,1
sglang,multi_turn,964,149.06,116.48,265.54,2,7.53,1
sglang,multi_turn,965,205.64,0.00,289.27,1,3.46,1
sglang,multi_turn,966,210.30,73.40,283.70,2,7.05,1
sglang,multi_turn,967,136.48,23.29,159.77,2,12.52,1
sglang,multi_turn,968,133.65,80.53,214.19,2,9.34,1
sglang,multi_turn,969,91.52,0.00,166.32,1,6.01,1
sglang,multi_turn,970,170.46,0.00,248.32,1,4.03,1
sglang,multi_turn,971,182.25,0.00,336.64,1,2.97,1
sglang,multi_turn,972,91.35,154.02,245.37,2,8.15,1
sglang,multi_turn,973,216.13,0.00,422.58,1,2.37,1
sglang,multi_turn,974,113.12,70.02,183.15,2,10.92,1
sglang,multi_turn,975,123.05,18.19,141.23,2,14.16,1
sglang,multi_turn,976,130.82,82.46,213.28,2,9.38,1
sglang,multi_turn,977,116.58,0.00,233.07,1,4.29,1
sglang,multi_turn,978,108.97,101.68,210.65,2,9.49,1
sglang,multi_turn,979,130.68,121.90,252.57,2,7.92,1
sglang,multi_turn,980,174.46,114.31,288.77,2,6.93,1
sglang,multi_turn,981,201.06,168.49,369.55,2,5.41,1
sglang,multi_turn,982,123.35,132.76,256.11,2,7.81,1
sglang,multi_turn,983,85.88,19.32,105.20,2,19.01,1
sglang,multi_turn,984,131.27,83.04,214.30,2,9.33,1
sglang,multi_turn,985,118.70,32.15,150.85,2,13.26,1
sglang,multi_turn,986,179.26,57.93,237.20,2,8.43,1
sglang,multi_turn,987,201.88,0.00,278.60,1,3.59,1
sglang,multi_turn,988,184.78,121.64,306.42,2,6.53,1
sglang,multi_turn,989,199.50,191.17,390.67,2,5.12,1
sglang,multi_turn,990,144.28,0.00,209.39,1,4.78,1
sglang,multi_turn,991,101.74,27.08,128.82,2,15.53,1
sglang,multi_turn,992,128.89,0.00,204.97,1,4.88,1
sglang,multi_turn,993,161.01,0.00,188.86,1,5.29,1
sglang,multi_turn,994,162.25,0.00,258.55,1,3.87,1
sglang,multi_turn,995,192.13,0.00,318.66,1,3.14,1
sglang,multi_turn,996,137.76,144.14,281.90,2,7.09,1
sglang,multi_turn,997,169.29,184.63,353.92,2,5.65,1
sglang,multi_turn,998,149.78,0.00,167.03,1,5.99,1
sglang,multi_turn,999,150.72,30.53,181.25,2,11.03,1
sglang,tree_of_thought,0,55.75,0.00,85.70,1,11.67,1
sglang,tree_of_thought,1,72.31,38.12,110.43,2,18.11,1
sglang,tree_of_thought,2,76.27,0.00,110.18,1,9.08,1
sglang,tree_of_thought,3,59.43,38.08,97.51,2,20.51,1
sglang,tree_of_thought,4,88.44,0.00,177.45,1,5.64,1
sglang,tree_of_thought,5,60.03,0.00,100.40,1,9.96,1
sglang,tree_of_thought,6,87.14,83.76,170.91,2,11.70,1
sglang,tree_of_thought,7,83.78,62.27,146.05,2,13.69,1
sglang,tree_of_thought,8,89.05,0.00,93.73,1,10.67,1
sglang,tree_of_thought,9,82.61,0.00,99.02,1,10.10,1
sglang,tree_of_thought,10,56.63,26.50,83.12,2,24.06,1
sglang,tree_of_thought,11,73.75,52.20,125.95,2,15.88,1
sglang,tree_of_thought,12,72.86,0.00,179.91,1,5.56,1
sglang,tree_of_thought,13,68.67,89.95,158.62,2,12.61,1
sglang,tree_of_thought,14,51.26,0.00,85.03,1,11.76,1
sglang,tree_of_thought,15,69.42,63.58,133.00,2,15.04,1
sglang,tree_of_thought,16,66.22,0.00,68.81,1,14.53,1
sglang,tree_of_thought,17,79.55,0.00,192.48,1,5.20,1
sglang,tree_of_thought,18,82.71,0.00,159.40,1,6.27,1
sglang,tree_of_thought,19,66.51,0.00,188.49,1,5.31,1
sglang,tree_of_thought,20,85.61,55.66,141.27,2,14.16,1
sglang,tree_of_thought,21,49.86,0.00,79.41,1,12.59,1
sglang,tree_of_thought,22,67.52,0.00,160.52,1,6.23,1
sglang,tree_of_thought,23,77.54,0.00,195.24,1,5.12,1
sglang,tree_of_thought,24,73.46,62.30,135.76,2,14.73,1
sglang,tree_of_thought,25,60.16,0.00,63.89,1,15.65,1
sglang,tree_of_thought,26,71.91,0.00,206.24,1,4.85,1
sglang,tree_of_thought,27,86.70,0.00,159.16,1,6.28,1
sglang,tree_of_thought,28,67.91,0.00,128.23,1,7.80,1
sglang,tree_of_thought,29,67.76,128.43,196.20,2,10.19,1
sglang,tree_of_thought,30,59.92,0.00,63.64,1,15.71,1
sglang,tree_of_thought,31,56.42,0.00,199.34,1,5.02,1
sglang,tree_of_thought,32,83.26,0.00,170.59,1,5.86,1
sglang,tree_of_thought,33,97.37,0.00,190.74,1,5.24,1
sglang,tree_of_thought,34,73.44,143.21,216.64,2,9.23,1
sglang,tree_of_thought,35,89.30,0.00,180.98,1,5.53,1
sglang,tree_of_thought,36,81.29,81.87,163.15,2,12.26,1
sglang,tree_of_thought,37,61.08,34.22,95.31,2,20.98,1
sglang,tree_of_thought,38,79.14,59.09,138.23,2,14.47,1
sglang,tree_of_thought,39,89.03,9.35,98.38,2,20.33,1
sglang,tree_of_thought,40,123.05,0.00,123.30,1,8.11,1
sglang,tree_of_thought,41,77.59,20.14,97.74,2,20.46,1
sglang,tree_of_thought,42,70.48,53.46,123.94,2,16.14,1
sglang,tree_of_thought,43,70.45,0.00,174.44,1,5.73,1
sglang,tree_of_thought,44,77.10,0.00,156.61,1,6.39,1
sglang,tree_of_thought,45,73.64,44.70,118.34,2,16.90,1
sglang,tree_of_thought,46,67.95,147.24,215.19,2,9.29,1
sglang,tree_of_thought,47,70.26,15.78,86.04,2,23.25,1
sglang,tree_of_thought,48,85.44,31.47,116.91,2,17.11,1
sglang,tree_of_thought,49,75.11,0.00,187.67,1,5.33,1
sglang,tree_of_thought,50,71.99,90.61,162.60,2,12.30,1
sglang,tree_of_thought,51,49.66,0.00,97.04,1,10.30,1
sglang,tree_of_thought,52,84.82,0.00,189.62,1,5.27,1
sglang,tree_of_thought,53,74.80,0.00,140.98,1,7.09,1
sglang,tree_of_thought,54,80.72,0.00,167.48,1,5.97,1
sglang,tree_of_thought,55,63.00,47.43,110.43,2,18.11,1
sglang,tree_of_thought,56,59.92,11.51,71.43,2,28.00,1
sglang,tree_of_thought,57,57.61,0.00,129.18,1,7.74,1
sglang,tree_of_thought,58,82.52,124.07,206.59,2,9.68,1
sglang,tree_of_thought,59,74.51,103.12,177.63,2,11.26,1
sglang,tree_of_thought,60,65.30,24.42,114.15,3,26.28,1
sglang,tree_of_thought,61,57.64,0.00,61.96,1,16.14,1
sglang,tree_of_thought,62,53.04,0.00,88.69,1,11.28,1
sglang,tree_of_thought,63,62.18,0.00,100.79,1,9.92,1
sglang,tree_of_thought,64,44.91,0.00,82.79,1,12.08,1
sglang,tree_of_thought,65,59.19,37.73,96.92,2,20.64,1
sglang,tree_of_thought,66,82.25,0.00,206.61,1,4.84,1
sglang,tree_of_thought,67,63.72,58.47,122.19,2,16.37,1
sglang,tree_of_thought,68,80.41,106.42,186.83,2,10.70,1
sglang,tree_of_thought,69,79.29,89.16,168.45,2,11.87,1
sglang,tree_of_thought,70,85.15,0.40,85.55,2,23.38,1
sglang,tree_of_thought,71,115.08,21.33,136.41,2,14.66,1
sglang,tree_of_thought,72,86.20,0.00,103.80,1,9.63,1
sglang,tree_of_thought,73,68.27,14.74,97.74,3,30.69,1
sglang,tree_of_thought,74,63.05,0.00,101.50,1,9.85,1
sglang,tree_of_thought,75,64.37,120.87,185.25,2,10.80,1
sglang,tree_of_thought,76,67.93,86.46,154.40,2,12.95,1
sglang,tree_of_thought,77,69.67,144.28,213.95,2,9.35,1
sglang,tree_of_thought,78,54.30,0.00,61.96,1,16.14,1
sglang,tree_of_thought,79,74.24,0.00,184.95,1,5.41,1
sglang,tree_of_thought,80,62.92,107.05,169.98,2,11.77,1
sglang,tree_of_thought,81,75.05,0.00,118.32,1,8.45,1
sglang,tree_of_thought,82,85.52,0.00,150.47,1,6.65,1
sglang,tree_of_thought,83,68.35,0.00,125.40,1,7.97,1
sglang,tree_of_thought,84,67.26,0.00,163.18,1,6.13,1
sglang,tree_of_thought,85,81.48,141.22,222.70,2,8.98,1
sglang,tree_of_thought,86,75.94,117.38,193.32,2,10.35,1
sglang,tree_of_thought,87,57.65,0.00,68.08,1,14.69,1
sglang,tree_of_thought,88,85.58,0.00,175.57,1,5.70,1
sglang,tree_of_thought,89,73.08,34.03,107.11,2,18.67,1
sglang,tree_of_thought,90,75.92,77.64,153.56,2,13.02,1
sglang,tree_of_thought,91,65.41,151.80,217.21,2,9.21,1
sglang,tree_of_thought,92,50.12,0.00,60.01,1,16.66,1
sglang,tree_of_thought,93,75.82,32.82,108.64,2,18.41,1
sglang,tree_of_thought,94,82.25,38.12,120.37,2,16.62,1
sglang,tree_of_thought,95,77.95,44.09,122.04,2,16.39,1
sglang,tree_of_thought,96,89.84,0.00,133.40,1,7.50,1
sglang,tree_of_thought,97,64.33,35.01,99.34,2,20.13,1
sglang,tree_of_thought,98,86.09,0.00,143.16,1,6.99,1
sglang,tree_of_thought,99,90.14,0.00,173.27,1,5.77,1
sglang,tree_of_thought,100,88.54,119.97,208.51,2,9.59,1
sglang,tree_of_thought,101,95.97,4.85,100.82,2,19.84,1
sglang,tree_of_thought,102,113.49,0.00,117.61,1,8.50,1
sglang,tree_of_thought,103,73.60,18.56,92.16,2,21.70,1
sglang,tree_of_thought,104,64.09,52.56,116.65,2,17.15,1
sglang,tree_of_thought,105,73.57,0.00,195.70,1,5.11,1
sglang,tree_of_thought,106,71.91,0.00,179.26,1,5.58,1
sglang,tree_of_thought,107,65.39,0.00,151.93,1,6.58,1
sglang,tree_of_thought,108,62.04,65.56,127.59,2,15.67,1
sglang,tree_of_thought,109,59.73,16.04,75.77,2,26.40,1
sglang,tree_of_thought,110,81.82,0.00,177.11,1,5.65,1
sglang,tree_of_thought,111,62.55,0.00,93.87,1,10.65,1
sglang,tree_of_thought,112,74.28,0.00,168.59,1,5.93,1
sglang,tree_of_thought,113,79.48,0.00,141.89,1,7.05,1
sglang,tree_of_thought,114,76.17,0.00,123.09,1,8.12,1
sglang,tree_of_thought,115,67.60,0.00,161.19,1,6.20,1
sglang,tree_of_thought,116,81.67,133.77,215.44,2,9.28,1
sglang,tree_of_thought,117,74.90,116.83,191.73,2,10.43,1
sglang,tree_of_thought,118,55.30,11.83,67.13,2,29.79,1
sglang,tree_of_thought,119,73.89,0.00,159.39,1,6.27,1
sglang,tree_of_thought,120,72.99,0.00,194.03,1,5.15,1
sglang,tree_of_thought,121,52.69,0.00,91.27,1,10.96,1
sglang,tree_of_thought,122,69.35,66.01,135.36,2,14.78,1
sglang,tree_of_thought,123,69.75,0.00,71.49,1,13.99,1
sglang,tree_of_thought,124,89.45,0.00,140.29,1,7.13,1
sglang,tree_of_thought,125,75.91,0.00,125.29,1,7.98,1
sglang,tree_of_thought,126,73.76,0.00,156.32,1,6.40,1
sglang,tree_of_thought,127,83.28,66.49,149.77,2,13.35,1
sglang,tree_of_thought,128,88.87,0.00,142.28,1,7.03,1
sglang,tree_of_thought,129,76.51,0.00,115.87,1,8.63,1
sglang,tree_of_thought,130,94.19,112.56,206.75,2,9.67,1
sglang,tree_of_thought,131,91.69,89.13,180.81,2,11.06,1
sglang,tree_of_thought,132,76.68,0.00,86.17,1,11.60,1
sglang,tree_of_thought,133,121.31,0.00,129.15,1,7.74,1
sglang,tree_of_thought,134,64.12,0.00,102.90,1,9.72,1
sglang,tree_of_thought,135,65.88,27.15,93.03,2,21.50,1
sglang,tree_of_thought,136,68.03,0.00,190.61,1,5.25,1
sglang,tree_of_thought,137,68.33,0.00,111.00,1,9.01,1
sglang,tree_of_thought,138,67.46,118.60,186.06,2,10.75,1
sglang,tree_of_thought,139,74.47,0.00,160.19,1,6.24,1
sglang,tree_of_thought,140,53.13,15.78,68.90,2,29.03,1
sglang,tree_of_thought,141,76.10,0.00,129.09,1,7.75,1
sglang,tree_of_thought,142,82.07,0.00,166.53,1,6.01,1
sglang,tree_of_thought,143,68.29,41.48,109.77,2,18.22,1
sglang,tree_of_thought,144,82.51,119.51,202.02,2,9.90,1
sglang,tree_of_thought,145,75.22,0.00,143.17,1,6.98,1
sglang,tree_of_thought,146,83.83,0.00,174.98,1,5.71,1
sglang,tree_of_thought,147,62.42,143.91,206.32,2,9.69,1
sglang,tree_of_thought,148,67.18,49.51,116.69,2,17.14,1
sglang,tree_of_thought,149,60.05,7.30,67.35,2,29.70,1
sglang,tree_of_thought,150,71.39,0.00,157.56,1,6.35,1
sglang,tree_of_thought,151,79.40,0.00,189.34,1,5.28,1
sglang,tree_of_thought,152,65.75,0.00,105.10,1,9.51,1
sglang,tree_of_thought,153,75.02,65.61,140.63,2,14.22,1
sglang,tree_of_thought,154,62.33,0.00,67.78,1,14.75,1
sglang,tree_of_thought,155,79.14,0.00,132.67,1,7.54,1
sglang,tree_of_thought,156,70.61,0.00,125.01,1,8.00,1
sglang,tree_of_thought,157,90.41,0.00,125.89,1,7.94,1
sglang,tree_of_thought,158,80.47,0.00,120.93,1,8.27,1
sglang,tree_of_thought,159,73.85,0.00,189.59,1,5.27,1
sglang,tree_of_thought,160,72.75,0.00,176.36,1,5.67,1
sglang,tree_of_thought,161,74.78,81.85,156.63,2,12.77,1
sglang,tree_of_thought,162,78.26,24.45,127.16,3,23.59,0
sglang,tree_of_thought,163,117.17,0.32,117.49,2,17.02,1
sglang,tree_of_thought,164,150.67,0.00,218.93,1,4.57,1
sglang,tree_of_thought,165,63.38,24.01,87.39,2,22.89,1
sglang,tree_of_thought,166,80.67,31.66,112.33,2,17.81,1
sglang,tree_of_thought,167,61.43,0.00,187.35,1,5.34,1
sglang,tree_of_thought,168,79.02,0.00,173.79,1,5.75,1
sglang,tree_of_thought,169,83.40,65.17,148.57,2,13.46,1
sglang,tree_of_thought,170,51.65,173.36,225.01,2,8.89,0
sglang,tree_of_thought,171,72.83,8.03,80.86,2,24.73,1
sglang,tree_of_thought,172,66.99,0.00,114.47,1,8.74,1
sglang,tree_of_thought,173,81.37,106.10,187.47,2,10.67,1
sglang,tree_of_thought,174,60.74,42.91,103.65,2,19.30,1
sglang,tree_of_thought,175,98.01,71.14,169.15,2,11.82,1
sglang,tree_of_thought,176,71.87,0.00,197.98,1,5.05,1
sglang,tree_of_thought,177,82.10,0.00,147.57,1,6.78,1
sglang,tree_of_thought,178,66.40,122.38,188.78,2,10.59,1
sglang,tree_of_thought,179,63.58,68.37,131.95,2,15.16,1
sglang,tree_of_thought,180,56.46,0.00,65.32,1,15.31,1
sglang,tree_of_thought,181,80.81,0.00,211.32,1,4.73,1
sglang,tree_of_thought,182,82.53,0.00,191.52,1,5.22,1
sglang,tree_of_thought,183,73.47,0.00,162.84,1,6.14,1
sglang,tree_of_thought,184,81.55,0.00,138.73,1,7.21,1
sglang,tree_of_thought,185,52.45,0.00,74.44,1,13.43,1
sglang,tree_of_thought,186,71.68,0.00,191.37,1,5.23,1
sglang,tree_of_thought,187,97.92,0.00,182.63,1,5.48,1
sglang,tree_of_thought,188,77.43,0.00,202.74,1,4.93,1
sglang,tree_of_thought,189,80.10,109.73,189.83,2,10.54,1
sglang,tree_of_thought,190,83.03,0.00,195.54,1,5.11,1
sglang,tree_of_thought,191,72.22,0.00,145.04,1,6.89,1
sglang,tree_of_thought,192,77.13,0.00,175.99,1,5.68,1
sglang,tree_of_thought,193,65.85,0.00,117.16,1,8.54,1
sglang,tree_of_thought,194,100.77,0.00,100.99,1,9.90,1
sglang,tree_of_thought,195,141.28,0.00,142.55,1,7.02,1
sglang,tree_of_thought,196,174.91,51.23,226.15,2,8.84,1
sglang,tree_of_thought,197,82.95,36.51,119.46,2,16.74,1
sglang,tree_of_thought,198,70.16,0.00,121.71,1,8.22,1
sglang,tree_of_thought,199,71.12,98.32,169.44,2,11.80,1
sglang,tree_of_thought,200,78.42,117.83,196.25,2,10.19,1
sglang,tree_of_thought,201,51.85,0.00,90.38,1,11.06,1
sglang,tree_of_thought,202,62.98,0.00,81.14,1,12.33,1
sglang,tree_of_thought,203,76.04,0.00,191.95,1,5.21,1
sglang,tree_of_thought,204,86.04,0.00,139.09,1,7.19,1
sglang,tree_of_thought,205,71.42,0.00,174.82,1,5.72,1
sglang,tree_of_thought,206,75.66,23.64,122.95,3,24.40,0
sglang,tree_of_thought,207,72.44,0.00,139.74,1,7.16,1
sglang,tree_of_thought,208,80.98,0.00,174.07,1,5.74,1
sglang,tree_of_thought,209,80.53,124.69,205.22,2,9.75,1
sglang,tree_of_thought,210,58.51,42.61,101.12,2,19.78,1
sglang,tree_of_thought,211,50.57,0.00,69.73,1,14.34,1
sglang,tree_of_thought,212,67.14,0.00,178.59,1,5.60,1
sglang,tree_of_thought,213,63.71,60.53,124.24,2,16.10,1
sglang,tree_of_thought,214,63.29,0.00,166.85,1,5.99,1
sglang,tree_of_thought,215,70.40,154.92,225.32,2,8.88,1
sglang,tree_of_thought,216,52.67,0.00,65.50,1,15.27,1
sglang,tree_of_thought,217,83.86,62.59,146.45,2,13.66,1
sglang,tree_of_thought,218,88.45,0.00,126.47,1,7.91,1
sglang,tree_of_thought,219,79.52,64.05,143.57,2,13.93,1
sglang,tree_of_thought,220,69.69,0.00,136.80,1,7.31,1
sglang,tree_of_thought,221,78.98,0.00,180.37,1,5.54,1
sglang,tree_of_thought,222,73.89,0.00,122.46,1,8.17,1
sglang,tree_of_thought,223,81.16,0.00,163.79,1,6.11,1
sglang,tree_of_thought,224,60.72,0.00,96.82,1,10.33,1
sglang,tree_of_thought,225,85.58,14.47,100.05,2,19.99,1
sglang,tree_of_thought,226,114.55,0.00,114.86,1,8.71,1
sglang,tree_of_thought,227,73.12,0.00,85.96,1,11.63,1
sglang,tree_of_thought,228,69.50,57.31,126.82,2,15.77,1
sglang,tree_of_thought,229,80.94,0.00,189.76,1,5.27,1
sglang,tree_of_thought,230,73.53,0.00,128.19,1,7.80,1
sglang,tree_of_thought,231,54.77,0.00,96.45,1,10.37,1
sglang,tree_of_thought,232,74.60,0.00,177.26,1,5.64,1
sglang,tree_of_thought,233,69.71,14.54,84.25,2,23.74,1
sglang,tree_of_thought,234,78.84,0.00,171.08,1,5.85,1
sglang,tree_of_thought,235,68.50,0.00,153.80,1,6.50,1
sglang,tree_of_thought,236,59.36,31.90,91.26,2,21.91,1
sglang,tree_of_thought,237,89.44,45.58,135.01,2,14.81,1
sglang,tree_of_thought,238,73.99,0.00,173.39,1,5.77,1
sglang,tree_of_thought,239,70.85,65.01,135.86,2,14.72,0
sglang,tree_of_thought,240,65.27,102.83,168.10,2,11.90,1
sglang,tree_of_thought,241,46.38,44.12,90.50,2,22.10,1
sglang,tree_of_thought,242,51.70,19.74,71.44,2,28.00,1
sglang,tree_of_thought,243,79.23,121.15,200.38,2,9.98,1
sglang,tree_of_thought,244,63.53,105.03,168.57,2,11.86,1
sglang,tree_of_thought,245,71.19,63.38,134.57,2,14.86,1
sglang,tree_of_thought,246,51.96,43.39,95.35,2,20.98,1
sglang,tree_of_thought,247,51.18,0.00,60.35,1,16.57,1
sglang,tree_of_thought,248,78.08,0.00,201.36,1,4.97,1
sglang,tree_of_thought,249,80.36,100.01,180.36,2,11.09,1
sglang,tree_of_thought,250,104.88,98.68,203.56,2,9.83,1
sglang,tree_of_thought,251,71.46,144.15,215.61,2,9.28,1
sglang,tree_of_thought,252,65.89,0.00,190.57,1,5.25,1
sglang,tree_of_thought,253,63.43,0.00,101.70,1,9.83,1
sglang,tree_of_thought,254,94.25,0.00,174.91,1,5.72,1
sglang,tree_of_thought,255,88.83,57.38,146.20,2,13.68,1
sglang,tree_of_thought,256,95.53,15.53,111.06,2,18.01,1
sglang,tree_of_thought,257,85.85,0.00,94.58,1,10.57,1
sglang,tree_of_thought,258,61.82,0.00,74.34,1,13.45,1
sglang,tree_of_thought,259,176.17,18.31,249.40,5,20.05,0
sglang,tree_of_thought,260,79.95,0.00,168.40,1,5.94,1
sglang,tree_of_thought,261,71.44,0.00,139.77,1,7.15,1
sglang,tree_of_thought,262,65.97,37.46,103.43,2,19.34,0
sglang,tree_of_thought,263,47.59,0.00,86.89,1,11.51,1
sglang,tree_of_thought,264,71.80,0.00,76.99,1,12.99,1
sglang,tree_of_thought,265,79.77,0.00,163.60,1,6.11,1
sglang,tree_of_thought,266,62.78,150.79,213.57,2,9.36,1
sglang,tree_of_thought,267,82.95,0.00,146.25,1,6.84,1
sglang,tree_of_thought,268,68.50,133.53,202.03,2,9.90,1
sglang,tree_of_thought,269,90.58,0.00,185.73,1,5.38,1
sglang,tree_of_thought,270,76.15,0.00,162.27,1,6.16,1
sglang,tree_of_thought,271,70.89,0.00,95.35,1,10.49,1
sglang,tree_of_thought,272,91.17,65.42,156.58,2,12.77,1
sglang,tree_of_thought,273,54.52,0.00,63.85,1,15.66,1
sglang,tree_of_thought,274,84.89,0.00,178.04,1,5.62,1
sglang,tree_of_thought,275,66.52,146.31,212.83,2,9.40,1
sglang,tree_of_thought,276,71.96,84.26,156.22,2,12.80,1
sglang,tree_of_thought,277,66.40,50.78,117.18,2,17.07,1
sglang,tree_of_thought,278,51.80,0.00,66.61,1,15.01,1
sglang,tree_of_thought,279,99.36,0.00,187.68,1,5.33,1
sglang,tree_of_thought,280,80.78,0.00,176.60,1,5.66,1
sglang,tree_of_thought,281,71.45,136.75,208.21,2,9.61,1
sglang,tree_of_thought,282,81.23,139.54,220.78,2,9.06,1
sglang,tree_of_thought,283,70.54,0.00,172.94,1,5.78,1
sglang,tree_of_thought,284,75.71,0.00,199.36,1,5.02,1
sglang,tree_of_thought,285,80.13,35.24,115.36,2,17.34,1
sglang,tree_of_thought,286,69.02,86.55,155.57,2,12.86,1
sglang,tree_of_thought,287,97.97,0.00,105.87,1,9.45,1
sglang,tree_of_thought,288,136.76,0.37,137.12,2,14.59,1
sglang,tree_of_thought,289,75.65,0.00,87.07,1,11.48,1
sglang,tree_of_thought,290,72.17,50.19,122.36,2,16.35,1
sglang,tree_of_thought,291,70.07,0.00,194.85,1,5.13,1
sglang,tree_of_thought,292,75.42,0.00,142.27,1,7.03,1
sglang,tree_of_thought,293,69.12,0.00,181.47,1,5.51,1
sglang,tree_of_thought,294,63.33,60.23,123.56,2,16.19,1
sglang,tree_of_thought,295,68.68,0.00,77.57,1,12.89,1
sglang,tree_of_thought,296,54.51,0.00,212.28,1,4.71,1
sglang,tree_of_thought,297,66.48,132.49,198.97,2,10.05,1
sglang,tree_of_thought,298,62.86,113.19,176.05,2,11.36,1
sglang,tree_of_thought,299,87.82,62.65,150.47,2,13.29,0
sglang,tree_of_thought,300,93.84,0.00,189.83,1,5.27,1
sglang,tree_of_thought,301,74.64,0.00,144.31,1,6.93,1
sglang,tree_of_thought,302,81.80,0.00,173.12,1,5.78,1
sglang,tree_of_thought,303,69.97,38.26,108.23,2,18.48,1
sglang,tree_of_thought,304,63.26,0.00,68.46,1,14.61,1
sglang,tree_of_thought,305,82.52,0.00,186.26,1,5.37,1
sglang,tree_of_thought,306,63.41,0.00,215.83,1,4.63,1
sglang,tree_of_thought,307,83.01,0.00,129.66,1,7.71,1
sglang,tree_of_thought,308,73.50,107.49,180.99,2,11.05,1
sglang,tree_of_thought,309,52.80,20.93,73.73,2,27.13,1
sglang,tree_of_thought,310,73.41,0.00,107.60,1,9.29,1
sglang,tree_of_thought,311,64.12,0.00,88.61,1,11.29,1
sglang,tree_of_thought,312,81.75,40.18,121.93,2,16.40,1
sglang,tree_of_thought,313,73.78,41.19,114.98,2,17.39,1
sglang,tree_of_thought,314,78.83,0.00,199.26,1,5.02,1
sglang,tree_of_thought,315,71.53,88.53,160.06,2,12.50,1
sglang,tree_of_thought,316,83.44,0.00,126.22,1,7.92,1
sglang,tree_of_thought,317,72.37,116.35,188.73,2,10.60,1
sglang,tree_of_thought,318,73.85,0.00,78.75,1,12.70,1
sglang,tree_of_thought,319,123.75,2.00,125.75,2,15.90,0
sglang,tree_of_thought,320,72.14,0.00,80.30,1,12.45,1
sglang,tree_of_thought,321,66.38,47.50,113.87,2,17.56,1
sglang,tree_of_thought,322,63.12,0.00,207.69,1,4.81,1
sglang,tree_of_thought,323,79.60,0.00,171.56,1,5.83,1
sglang,tree_of_thought,324,67.53,133.48,201.01,2,9.95,1
sglang,tree_of_thought,325,84.50,139.49,223.98,2,8.93,1
sglang,tree_of_thought,326,65.34,0.00,68.26,1,14.65,1
sglang,tree_of_thought,327,68.83,0.00,183.14,1,5.46,1
sglang,tree_of_thought,328,86.19,0.00,135.58,1,7.38,1
sglang,tree_of_thought,329,66.04,107.83,173.87,2,11.50,1
sglang,tree_of_thought,330,72.21,0.00,115.90,1,8.63,1
sglang,tree_of_thought,331,84.68,0.00,183.61,1,5.45,1
sglang,tree_of_thought,332,66.34,0.00,135.33,1,7.39,1
sglang,tree_of_thought,333,54.54,0.00,89.52,1,11.17,1
sglang,tree_of_thought,334,69.99,105.33,175.32,2,11.41,1
sglang,tree_of_thought,335,65.84,0.00,70.60,1,14.16,1
sglang,tree_of_thought,336,55.66,0.00,203.07,1,4.92,1
sglang,tree_of_thought,337,79.75,0.00,183.47,1,5.45,1
sglang,tree_of_thought,338,75.46,0.00,125.07,1,8.00,1
sglang,tree_of_thought,339,76.38,96.20,172.57,2,11.59,1
sglang,tree_of_thought,340,48.26,17.92,66.18,2,30.22,1
sglang,tree_of_thought,341,68.71,0.00,188.83,1,5.30,1
sglang,tree_of_thought,342,94.35,0.00,178.18,1,5.61,1
sglang,tree_of_thought,343,99.91,0.00,164.40,1,6.08,1
sglang,tree_of_thought,344,81.41,0.00,173.60,1,5.76,1
sglang,tree_of_thought,345,69.89,0.00,189.88,1,5.27,1
sglang,tree_of_thought,346,100.90,0.00,166.33,1,6.01,1
sglang,tree_of_thought,347,91.60,61.56,153.16,2,13.06,1
sglang,tree_of_thought,348,50.30,176.76,227.06,2,8.81,1
sglang,tree_of_thought,349,90.76,0.00,90.97,1,10.99,1
sglang,tree_of_thought,350,128.31,0.00,137.45,1,7.28,1
sglang,tree_of_thought,351,97.41,27.49,124.90,2,16.01,1
sglang,tree_of_thought,352,79.38,27.01,106.39,2,18.80,1
sglang,tree_of_thought,353,76.05,0.00,203.22,1,4.92,1
sglang,tree_of_thought,354,79.78,0.00,183.28,1,5.46,1
sglang,tree_of_thought,355,77.16,0.00,161.91,1,6.18,1
sglang,tree_of_thought,356,69.10,66.45,135.55,2,14.75,1
sglang,tree_of_thought,357,58.48,0.00,65.78,1,15.20,1
sglang,tree_of_thought,358,67.36,0.00,173.25,1,5.77,1
sglang,tree_of_thought,359,95.05,0.00,152.86,1,6.54,1
sglang,tree_of_thought,360,74.71,137.72,212.42,2,9.42,1
sglang,tree_of_thought,361,78.87,50.54,129.41,2,15.45,1
sglang,tree_of_thought,362,69.53,0.00,154.24,1,6.48,1
sglang,tree_of_thought,363,50.38,41.47,91.85,2,21.77,1
sglang,tree_of_thought,364,81.64,121.12,202.76,2,9.86,1
sglang,tree_of_thought,365,80.73,66.95,147.68,2,13.54,1
sglang,tree_of_thought,366,58.74,0.00,64.67,1,15.46,1
sglang,tree_of_thought,367,73.02,0.00,197.44,1,5.06,1
sglang,tree_of_thought,368,78.69,81.18,159.87,2,12.51,1
sglang,tree_of_thought,369,57.48,63.23,120.71,2,16.57,1
sglang,tree_of_thought,370,90.14,105.96,196.10,2,10.20,0
sglang,tree_of_thought,371,59.60,20.06,79.66,2,25.11,1
sglang,tree_of_thought,372,75.02,0.00,144.71,1,6.91,1
sglang,tree_of_thought,373,79.43,0.00,169.21,1,5.91,1
sglang,tree_of_thought,374,77.26,107.03,184.29,2,10.85,1
sglang,tree_of_thought,375,86.18,0.00,180.30,1,5.55,1
sglang,tree_of_thought,376,69.92,0.00,185.24,1,5.40,1
sglang,tree_of_thought,377,88.15,0.00,138.86,1,7.20,1
sglang,tree_of_thought,378,92.46,78.66,171.12,2,11.69,1
sglang,tree_of_thought,379,79.52,39.63,119.15,2,16.79,1
sglang,tree_of_thought,380,109.46,0.33,109.79,2,18.22,1
sglang,tree_of_thought,381,86.11,0.00,103.84,1,9.63,1
sglang,tree_of_thought,382,67.44,0.00,80.06,1,12.49,1
sglang,tree_of_thought,383,135.55,96.38,231.93,2,8.62,1
sglang,tree_of_thought,384,63.58,0.00,158.39,1,6.31,1
sglang,tree_of_thought,385,77.31,138.99,216.30,2,9.25,1
sglang,tree_of_thought,386,66.93,64.36,131.29,2,15.23,1
sglang,tree_of_thought,387,78.85,0.00,197.48,1,5.06,1
sglang,tree_of_thought,388,65.72,14.40,80.11,2,24.96,1
sglang,tree_of_thought,389,72.10,0.00,172.66,1,5.79,1
sglang,tree_of_thought,390,79.19,42.46,121.65,2,16.44,1
sglang,tree_of_thought,391,95.38,62.71,158.09,2,12.65,0
sglang,tree_of_thought,392,45.38,0.00,86.88,1,11.51,1
sglang,tree_of_thought,393,74.67,0.00,198.34,1,5.04,1
sglang,tree_of_thought,394,66.13,0.00,177.00,1,5.65,1
sglang,tree_of_thought,395,81.74,73.63,155.37,2,12.87,1
sglang,tree_of_thought,396,54.83,171.07,225.90,2,8.85,1
sglang,tree_of_thought,397,68.40,0.00,72.50,1,13.79,1
sglang,tree_of_thought,398,76.48,0.00,142.23,1,7.03,1
sglang,tree_of_thought,399,87.90,90.99,178.90,2,11.18,1
sglang,tree_of_thought,400,65.95,144.75,210.71,2,9.49,1
sglang,tree_of_thought,401,70.64,0.00,112.12,1,8.92,1
sglang,tree_of_thought,402,61.79,0.00,78.50,1,12.74,1
sglang,tree_of_thought,403,88.38,82.59,170.98,2,11.70,1
sglang,tree_of_thought,404,67.87,86.73,154.61,2,12.94,1
sglang,tree_of_thought,405,80.64,86.27,166.91,2,11.98,1
sglang,tree_of_thought,406,80.26,82.30,162.56,2,12.30,1
sglang,tree_of_thought,407,77.87,0.00,173.45,1,5.77,1
sglang,tree_of_thought,408,79.62,0.00,206.77,1,4.84,1
sglang,tree_of_thought,409,84.93,0.00,121.58,1,8.23,1
sglang,tree_of_thought,410,74.29,0.00,156.71,1,6.38,1
sglang,tree_of_thought,411,90.39,5.18,95.56,2,20.93,1
sglang,tree_of_thought,412,121.24,9.94,131.18,2,15.25,1
sglang,tree_of_thought,413,100.32,0.00,108.86,1,9.19,1
sglang,tree_of_thought,414,71.85,33.33,105.18,2,19.01,1
sglang,tree_of_thought,415,68.46,0.00,187.28,1,5.34,1
sglang,tree_of_thought,416,67.38,0.00,112.76,1,8.87,1
sglang,tree_of_thought,417,62.31,0.00,188.67,1,5.30,1
sglang,tree_of_thought,418,72.24,87.47,159.71,2,12.52,1
sglang,tree_of_thought,419,62.77,18.86,81.62,2,24.50,1
sglang,tree_of_thought,420,73.18,0.00,149.60,1,6.68,1
sglang,tree_of_thought,421,77.42,111.52,188.94,2,10.59,1
sglang,tree_of_thought,422,79.61,58.86,138.47,2,14.44,0
sglang,tree_of_thought,423,62.15,0.00,105.83,1,9.45,1
sglang,tree_of_thought,424,66.68,0.00,173.22,1,5.77,1
sglang,tree_of_thought,425,67.56,65.12,132.68,2,15.07,1
sglang,tree_of_thought,426,79.16,144.17,223.34,2,8.96,1
sglang,tree_of_thought,427,61.53,106.32,167.85,2,11.92,0
sglang,tree_of_thought,428,60.07,0.00,69.18,1,14.46,1
sglang,tree_of_thought,429,57.25,0.00,106.75,1,9.37,1
sglang,tree_of_thought,430,94.39,0.00,181.51,1,5.51,1
sglang,tree_of_thought,431,69.81,147.51,217.32,2,9.20,1
sglang,tree_of_thought,432,79.32,0.00,162.35,1,6.16,1
sglang,tree_of_thought,433,46.65,21.88,68.53,2,29.19,1
sglang,tree_of_thought,434,87.76,0.00,139.73,1,7.16,1
sglang,tree_of_thought,435,86.09,0.00,137.78,1,7.26,1
sglang,tree_of_thought,436,79.36,0.00,158.48,1,6.31,1
sglang,tree_of_thought,437,78.41,0.00,162.13,1,6.17,1
sglang,tree_of_thought,438,83.34,0.00,159.59,1,6.27,1
sglang,tree_of_thought,439,81.74,0.00,135.23,1,7.39,1
sglang,tree_of_thought,440,87.86,108.64,196.50,2,10.18,1
sglang,tree_of_thought,441,84.53,0.00,224.34,1,4.46,1
sglang,tree_of_thought,442,83.72,4.74,88.46,2,22.61,1
sglang,tree_of_thought,443,49.99,0.00,133.63,1,7.48,1
sglang,tree_of_thought,444,126.21,4.89,131.09,2,15.26,1
sglang,tree_of_thought,445,69.60,0.00,108.06,1,9.25,1
sglang,tree_of_thought,446,71.50,84.06,239.63,3,12.52,0
sglang,tree_of_thought,447,75.87,169.46,245.33,2,8.15,1
sglang,tree_of_thought,448,86.96,149.21,236.17,2,8.47,1
sglang,tree_of_thought,449,75.28,170.74,246.02,2,8.13,1
sglang,tree_of_thought,450,55.16,17.44,72.61,2,27.55,1
sglang,tree_of_thought,451,74.43,0.00,165.82,1,6.03,1
sglang,tree_of_thought,452,84.60,107.63,192.24,2,10.40,1
sglang,tree_of_thought,453,77.13,63.73,140.87,2,14.20,1
sglang,tree_of_thought,454,60.30,44.79,105.09,2,19.03,1
sglang,tree_of_thought,455,76.87,0.00,192.99,1,5.18,1
sglang,tree_of_thought,456,63.63,0.00,175.94,1,5.68,1
sglang,tree_of_thought,457,82.70,0.00,150.60,1,6.64,1
sglang,tree_of_thought,458,83.28,42.85,126.13,2,15.86,1
sglang,tree_of_thought,459,50.60,0.00,61.98,1,16.13,1
sglang,tree_of_thought,460,65.08,0.00,130.89,1,7.64,1
sglang,tree_of_thought,461,65.87,0.00,107.72,1,9.28,1
sglang,tree_of_thought,462,63.03,146.79,209.82,2,9.53,1
sglang,tree_of_thought,463,83.51,98.11,181.61,2,11.01,1
sglang,tree_of_thought,464,64.00,19.26,83.26,2,24.02,1
sglang,tree_of_thought,465,87.51,0.00,156.44,1,6.39,1
sglang,tree_of_thought,466,93.29,82.02,175.31,2,11.41,1
sglang,tree_of_thought,467,78.23,107.09,185.32,2,10.79,1
sglang,tree_of_thought,468,87.94,108.20,196.14,2,10.20,1
sglang,tree_of_thought,469,87.40,0.00,198.12,1,5.05,1
sglang,tree_of_thought,470,72.10,0.00,130.74,1,7.65,1
sglang,tree_of_thought,471,82.58,85.66,168.23,2,11.89,1
sglang,tree_of_thought,472,82.75,114.73,197.48,2,10.13,1
sglang,tree_of_thought,473,108.85,0.00,119.94,1,8.34,1
sglang,tree_of_thought,474,85.41,0.00,93.59,1,10.68,1
sglang,tree_of_thought,475,93.47,31.49,124.96,2,16.01,1
sglang,tree_of_thought,476,61.56,24.49,86.05,2,23.24,1
sglang,tree_of_thought,477,76.23,0.00,167.40,1,5.97,1
sglang,tree_of_thought,478,86.99,63.03,150.03,2,13.33,1
sglang,tree_of_thought,479,67.67,140.24,207.91,2,9.62,1
sglang,tree_of_thought,480,60.75,0.00,109.58,1,9.13,1
sglang,tree_of_thought,481,63.21,17.66,80.87,2,24.73,1
sglang,tree_of_thought,482,91.02,0.00,148.25,1,6.75,1
sglang,tree_of_thought,483,76.84,0.00,178.89,1,5.59,1
sglang,tree_of_thought,484,79.03,0.00,118.39,1,8.45,1
sglang,tree_of_thought,485,49.31,42.65,91.97,2,21.75,1
sglang,tree_of_thought,486,88.58,0.00,171.45,1,5.83,1
sglang,tree_of_thought,487,81.38,69.19,150.57,2,13.28,1
sglang,tree_of_thought,488,65.05,148.58,213.63,2,9.36,1
sglang,tree_of_thought,489,71.16,47.00,118.16,2,16.93,1
sglang,tree_of_thought,490,48.34,13.15,74.63,3,40.20,1
sglang,tree_of_thought,491,72.93,0.00,103.29,1,9.68,1
sglang,tree_of_thought,492,48.33,0.00,80.07,1,12.49,1
sglang,tree_of_thought,493,61.53,123.51,185.03,2,10.81,1
sglang,tree_of_thought,494,73.97,84.80,158.77,2,12.60,1
sglang,tree_of_thought,495,58.02,17.37,75.39,2,26.53,1
sglang,tree_of_thought,496,73.37,0.00,179.20,1,5.58,1
sglang,tree_of_thought,497,64.55,0.00,129.72,1,7.71,1
sglang,tree_of_thought,498,77.61,0.00,98.07,1,10.20,1
sglang,tree_of_thought,499,66.97,0.00,165.78,1,6.03,1
sglang,tree_of_thought,500,463.71,13.86,477.57,2,4.19,1
sglang,tree_of_thought,501,484.87,13.98,498.85,2,4.01,1
sglang,tree_of_thought,502,504.58,0.00,533.55,1,1.87,1
sglang,tree_of_thought,503,500.09,70.86,570.94,2,3.50,1
sglang,tree_of_thought,504,75.20,0.00,167.44,1,5.97,1
sglang,tree_of_thought,505,67.42,0.00,108.18,1,9.24,1
sglang,tree_of_thought,506,78.90,125.51,204.41,2,9.78,1
sglang,tree_of_thought,507,95.00,57.08,152.08,2,13.15,1
sglang,tree_of_thought,508,82.18,0.00,189.49,1,5.28,1
sglang,tree_of_thought,509,68.63,44.40,113.03,2,17.69,1
sglang,tree_of_thought,510,77.59,104.24,181.83,2,11.00,1
sglang,tree_of_thought,511,61.99,87.83,149.83,2,13.35,1
sglang,tree_of_thought,512,56.02,0.00,78.88,1,12.68,1
sglang,tree_of_thought,513,77.67,0.00,120.55,1,8.30,1
sglang,tree_of_thought,514,83.52,0.00,145.96,1,6.85,1
sglang,tree_of_thought,515,59.44,28.60,88.03,2,22.72,1
sglang,tree_of_thought,516,84.29,100.11,184.40,2,10.85,1
sglang,tree_of_thought,517,73.44,0.00,203.86,1,4.91,1
sglang,tree_of_thought,518,68.96,0.00,181.22,1,5.52,1
sglang,tree_of_thought,519,63.96,0.00,171.41,1,5.83,1
sglang,tree_of_thought,520,66.87,0.00,135.96,1,7.36,1
sglang,tree_of_thought,521,78.96,8.19,87.16,2,22.95,1
sglang,tree_of_thought,522,76.74,0.00,145.42,1,6.88,1
sglang,tree_of_thought,523,77.78,0.00,179.23,1,5.58,1
sglang,tree_of_thought,524,83.81,0.00,129.62,1,7.72,1
sglang,tree_of_thought,525,62.41,40.49,102.91,2,19.44,1
sglang,tree_of_thought,526,70.40,0.00,84.62,1,11.82,1
sglang,tree_of_thought,527,76.42,0.00,125.35,1,7.98,1
sglang,tree_of_thought,528,69.24,0.00,185.84,1,5.38,1
sglang,tree_of_thought,529,63.46,25.62,89.08,2,22.45,1
sglang,tree_of_thought,530,87.95,0.00,160.40,1,6.23,1
sglang,tree_of_thought,531,461.51,0.00,465.76,1,2.15,1
sglang,tree_of_thought,532,491.59,0.00,507.64,1,1.97,1
sglang,tree_of_thought,533,505.64,0.00,546.00,1,1.83,1
sglang,tree_of_thought,534,470.10,24.10,494.20,2,4.05,1
sglang,tree_of_thought,535,69.57,0.00,200.49,1,4.99,1
sglang,tree_of_thought,536,67.45,0.00,185.14,1,5.40,1
sglang,tree_of_thought,537,81.05,0.00,131.08,1,7.63,1
sglang,tree_of_thought,538,81.02,83.49,164.51,2,12.16,1
sglang,tree_of_thought,539,74.31,0.00,182.67,1,5.47,1
sglang,tree_of_thought,540,51.55,0.00,212.04,1,4.72,1
sglang,tree_of_thought,541,68.13,0.00,158.12,1,6.32,1
sglang,tree_of_thought,542,75.64,0.00,226.95,1,4.41,1
sglang,tree_of_thought,543,64.35,0.00,68.17,1,14.67,1
sglang,tree_of_thought,544,58.97,0.00,94.94,1,10.53,1
sglang,tree_of_thought,545,86.09,0.00,155.80,1,6.42,1
sglang,tree_of_thought,546,84.93,103.54,188.47,2,10.61,1
sglang,tree_of_thought,547,74.75,35.11,144.96,3,20.70,0
sglang,tree_of_thought,548,65.35,0.00,199.20,1,5.02,1
sglang,tree_of_thought,549,68.43,0.00,147.42,1,6.78,1
sglang,tree_of_thought,550,63.42,45.60,109.02,2,18.34,1
sglang,tree_of_thought,551,78.57,0.00,189.76,1,5.27,1
sglang,tree_of_thought,552,52.85,16.78,69.63,2,28.72,1
sglang,tree_of_thought,553,78.07,0.00,168.72,1,5.93,1
sglang,tree_of_thought,554,91.73,0.00,126.98,1,7.88,1
sglang,tree_of_thought,555,76.44,0.00,158.67,1,6.30,1
sglang,tree_of_thought,556,63.22,42.44,105.65,2,18.93,1
sglang,tree_of_thought,557,59.78,0.00,75.89,1,13.18,1
sglang,tree_of_thought,558,82.23,0.00,140.63,1,7.11,1
sglang,tree_of_thought,559,56.65,22.11,78.76,2,25.39,1
sglang,tree_of_thought,560,81.84,36.33,118.17,2,16.92,1
sglang,tree_of_thought,561,79.71,105.11,184.82,2,10.82,1
sglang,tree_of_thought,562,463.72,6.88,470.60,2,4.25,1
sglang,tree_of_thought,563,481.13,0.00,541.11,1,1.85,1
sglang,tree_of_thought,564,466.58,0.00,491.62,1,2.03,1
sglang,tree_of_thought,565,486.79,37.50,524.29,2,3.81,1
sglang,tree_of_thought,566,72.75,0.00,181.55,1,5.51,1
sglang,tree_of_thought,567,79.52,0.00,132.12,1,7.57,1
sglang,tree_of_thought,568,66.88,0.00,168.67,1,5.93,1
sglang,tree_of_thought,569,51.88,48.35,100.23,2,19.95,1
sglang,tree_of_thought,570,73.11,0.00,180.95,1,5.53,1
sglang,tree_of_thought,571,90.34,0.00,170.38,1,5.87,1
sglang,tree_of_thought,572,78.36,66.51,144.87,2,13.81,1
sglang,tree_of_thought,573,56.56,22.90,102.36,3,29.31,0
sglang,tree_of_thought,574,58.27,15.35,73.61,2,27.17,1
sglang,tree_of_thought,575,82.78,0.00,129.08,1,7.75,1
sglang,tree_of_thought,576,88.94,0.00,152.46,1,6.56,1
sglang,tree_of_thought,577,71.47,41.79,113.25,2,17.66,1
sglang,tree_of_thought,578,48.87,0.00,85.40,1,11.71,1
sglang,tree_of_thought,579,66.78,0.00,191.07,1,5.23,1
sglang,tree_of_thought,580,68.90,0.00,176.21,1,5.68,1
sglang,tree_of_thought,581,74.86,0.00,149.62,1,6.68,1
sglang,tree_of_thought,582,70.84,47.83,118.67,2,16.85,1
sglang,tree_of_thought,583,67.59,17.50,85.09,2,23.50,1
sglang,tree_of_thought,584,81.09,0.00,179.44,1,5.57,1
sglang,tree_of_thought,585,80.79,0.00,157.70,1,6.34,1
sglang,tree_of_thought,586,66.45,39.99,106.44,2,18.79,1
sglang,tree_of_thought,587,96.76,47.34,144.10,2,13.88,1
sglang,tree_of_thought,588,76.48,0.00,90.85,1,11.01,1
sglang,tree_of_thought,589,72.35,0.00,107.05,1,9.34,1
sglang,tree_of_thought,590,80.78,0.00,200.58,1,4.99,1
sglang,tree_of_thought,591,64.74,79.16,143.90,2,13.90,1
sglang,tree_of_thought,592,67.61,106.53,174.13,2,11.49,1
sglang,tree_of_thought,593,471.41,0.35,471.75,2,4.24,1
sglang,tree_of_thought,594,477.04,0.00,534.73,1,1.87,1
sglang,tree_of_thought,595,487.02,0.00,514.05,1,1.95,1
sglang,tree_of_thought,596,474.79,19.14,493.93,2,4.05,1
sglang,tree_of_thought,597,72.75,0.00,180.97,1,5.53,1
sglang,tree_of_thought,598,72.98,0.00,208.56,1,4.79,1
sglang,tree_of_thought,599,68.45,0.00,161.38,1,6.20,1
sglang,tree_of_thought,600,48.57,183.19,231.76,2,8.63,1
sglang,tree_of_thought,601,84.82,0.00,195.80,1,5.11,1
sglang,tree_of_thought,602,65.35,76.81,142.16,2,14.07,1
sglang,tree_of_thought,603,73.32,103.95,177.27,2,11.28,1
sglang,tree_of_thought,604,68.47,42.42,110.89,2,18.04,1
sglang,tree_of_thought,605,60.85,14.17,75.02,2,26.66,1
sglang,tree_of_thought,606,71.39,0.00,157.10,1,6.37,1
sglang,tree_of_thought,607,57.65,0.00,104.61,1,9.56,1
sglang,tree_of_thought,608,71.42,72.28,143.71,2,13.92,1
sglang,tree_of_thought,609,55.40,32.85,88.26,2,22.66,0
sglang,tree_of_thought,610,59.91,0.00,148.94,1,6.71,1
sglang,tree_of_thought,611,74.19,0.00,203.98,1,4.90,1
sglang,tree_of_thought,612,64.39,126.85,191.24,2,10.46,1
sglang,tree_of_thought,613,53.94,67.09,121.03,2,16.52,1
sglang,tree_of_thought,614,67.93,0.00,74.62,1,13.40,1
sglang,tree_of_thought,615,76.98,33.46,110.44,2,18.11,1
sglang,tree_of_thought,616,69.64,0.00,145.40,1,6.88,1
sglang,tree_of_thought,617,70.69,108.25,178.94,2,11.18,1
sglang,tree_of_thought,618,65.23,138.72,203.95,2,9.81,1
sglang,tree_of_thought,619,67.60,0.00,78.41,1,12.75,1
sglang,tree_of_thought,620,64.62,0.00,147.87,1,6.76,1
sglang,tree_of_thought,621,71.71,56.63,128.35,2,15.58,1
sglang,tree_of_thought,622,60.97,152.33,213.30,2,9.38,1
sglang,tree_of_thought,623,70.73,122.90,193.63,2,10.33,1
sglang,tree_of_thought,624,462.16,0.00,462.47,1,2.16,1
sglang,tree_of_thought,625,458.99,0.00,484.19,1,2.07,1
sglang,tree_of_thought,626,480.33,0.00,517.04,1,1.93,1
sglang,tree_of_thought,627,508.53,36.29,544.81,2,3.67,1
sglang,tree_of_thought,628,61.25,0.00,200.15,1,5.00,1
sglang,tree_of_thought,629,62.57,122.73,185.30,2,10.79,1
sglang,tree_of_thought,630,66.91,54.23,121.14,2,16.51,1
sglang,tree_of_thought,631,78.87,83.10,161.96,2,12.35,1
sglang,tree_of_thought,632,79.18,0.00,175.62,1,5.69,1
sglang,tree_of_thought,633,74.90,0.00,111.18,1,8.99,1
sglang,tree_of_thought,634,73.51,0.00,156.12,1,6.41,1
sglang,tree_of_thought,635,68.01,147.15,215.16,2,9.30,1
sglang,tree_of_thought,636,62.61,0.00,71.67,1,13.95,1
sglang,tree_of_thought,637,76.03,0.00,167.41,1,5.97,1
sglang,tree_of_thought,638,71.46,120.72,192.18,2,10.41,1
sglang,tree_of_thought,639,79.42,39.72,119.15,2,16.79,1
sglang,tree_of_thought,640,69.36,79.83,149.19,2,13.41,1
sglang,tree_of_thought,641,56.81,0.00,206.94,1,4.83,1
sglang,tree_of_thought,642,62.69,0.00,188.24,1,5.31,1
sglang,tree_of_thought,643,71.35,0.00,145.53,1,6.87,1
sglang,tree_of_thought,644,77.74,0.00,182.17,1,5.49,1
sglang,tree_of_thought,645,73.35,0.00,76.52,1,13.07,1
sglang,tree_of_thought,646,64.57,0.00,179.50,1,5.57,1
sglang,tree_of_thought,647,70.27,0.00,139.39,1,7.17,1
sglang,tree_of_thought,648,66.32,102.46,168.78,2,11.85,1
sglang,tree_of_thought,649,48.65,164.49,213.14,2,9.38,1
sglang,tree_of_thought,650,67.76,0.00,76.99,1,12.99,1
sglang,tree_of_thought,651,67.53,0.00,170.47,1,5.87,1
sglang,tree_of_thought,652,68.75,58.78,127.53,2,15.68,0
sglang,tree_of_thought,653,60.17,0.00,87.70,1,11.40,1
sglang,tree_of_thought,654,88.32,73.61,161.93,2,12.35,0
sglang,tree_of_thought,655,464.62,0.00,467.55,1,2.14,1
sglang,tree_of_thought,656,481.37,0.00,509.82,1,1.96,1
sglang,tree_of_thought,657,471.70,0.00,488.50,1,2.05,1
sglang,tree_of_thought,658,516.96,30.43,547.39,2,3.65,1
sglang,tree_of_thought,659,69.11,0.00,208.43,1,4.80,1
sglang,tree_of_thought,660,66.20,101.84,168.05,2,11.90,1
sglang,tree_of_thought,661,63.01,133.44,196.45,2,10.18,1
sglang,tree_of_thought,662,77.98,62.66,140.64,2,14.22,1
sglang,tree_of_thought,663,61.10,0.00,194.19,1,5.15,1
sglang,tree_of_thought,664,76.94,0.00,174.55,1,5.73,1
sglang,tree_of_thought,665,68.78,0.00,106.85,1,9.36,1
sglang,tree_of_thought,666,73.77,82.41,156.18,2,12.81,1
sglang,tree_of_thought,667,57.84,0.00,64.36,1,15.54,1
sglang,tree_of_thought,668,74.33,0.00,140.08,1,7.14,1
sglang,tree_of_thought,669,77.65,0.00,172.49,1,5.80,1
sglang,tree_of_thought,670,70.33,59.24,129.56,2,15.44,1
sglang,tree_of_thought,671,72.86,29.10,247.43,7,28.29,0
sglang,tree_of_thought,672,66.15,0.00,158.18,1,6.32,1
sglang,tree_of_thought,673,62.17,65.48,127.65,2,15.67,1
sglang,tree_of_thought,674,54.63,0.00,96.05,1,10.41,1
sglang,tree_of_thought,675,59.36,0.00,103.40,1,9.67,1
sglang,tree_of_thought,676,76.89,0.00,78.99,1,12.66,1
sglang,tree_of_thought,677,57.62,0.00,180.78,1,5.53,1
sglang,tree_of_thought,678,70.84,0.00,133.76,1,7.48,1
sglang,tree_of_thought,679,83.75,0.00,161.35,1,6.20,1
sglang,tree_of_thought,680,69.82,0.00,118.00,1,8.47,1
sglang,tree_of_thought,681,60.09,0.00,76.71,1,13.04,1
sglang,tree_of_thought,682,66.97,89.10,156.07,2,12.81,1
sglang,tree_of_thought,683,74.96,0.00,191.46,1,5.22,1
sglang,tree_of_thought,684,64.22,0.00,94.00,1,10.64,1
sglang,tree_of_thought,685,79.16,63.67,142.82,2,14.00,1
sglang,tree_of_thought,686,517.67,0.00,531.52,1,1.88,1
sglang,tree_of_thought,687,479.92,34.95,514.87,2,3.88,1
sglang,tree_of_thought,688,477.53,92.65,570.17,2,3.51,1
sglang,tree_of_thought,689,461.47,0.00,490.87,1,2.04,1
sglang,tree_of_thought,690,57.36,0.00,190.64,1,5.25,1
sglang,tree_of_thought,691,85.12,90.43,175.55,2,11.39,1
sglang,tree_of_thought,692,76.30,77.99,154.29,2,12.96,1
sglang,tree_of_thought,693,67.14,0.00,116.35,1,8.59,1
sglang,tree_of_thought,694,65.90,0.00,180.93,1,5.53,1
sglang,tree_of_thought,695,67.99,148.85,216.84,2,9.22,1
sglang,tree_of_thought,696,70.40,0.00,130.14,1,7.68,1
sglang,tree_of_thought,697,76.43,42.81,162.04,3,18.51,1
sglang,tree_of_thought,698,72.31,0.00,74.22,1,13.47,1
sglang,tree_of_thought,699,65.61,0.00,182.45,1,5.48,1
sglang,tree_of_thought,700,83.44,54.94,138.38,2,14.45,1
sglang,tree_of_thought,701,88.81,78.01,166.81,2,11.99,1
sglang,tree_of_thought,702,70.61,44.78,115.39,2,17.33,1
sglang,tree_of_thought,703,67.80,143.07,210.87,2,9.48,1
sglang,tree_of_thought,704,74.18,86.59,160.77,2,12.44,1
sglang,tree_of_thought,705,66.65,124.04,190.68,2,10.49,1
sglang,tree_of_thought,706,72.88,0.00,119.90,1,8.34,1
sglang,tree_of_thought,707,66.57,0.00,77.44,1,12.91,1
sglang,tree_of_thought,708,68.42,0.00,131.44,1,7.61,1
sglang,tree_of_thought,709,85.74,0.00,160.25,1,6.24,1
sglang,tree_of_thought,710,59.99,137.59,197.58,2,10.12,1
sglang,tree_of_thought,711,71.76,45.62,117.37,2,17.04,1
sglang,tree_of_thought,712,71.14,0.00,86.83,1,11.52,1
sglang,tree_of_thought,713,82.65,0.00,186.36,1,5.37,1
sglang,tree_of_thought,714,72.67,0.00,161.08,1,6.21,1
sglang,tree_of_thought,715,75.93,0.00,103.14,1,9.70,1
sglang,tree_of_thought,716,71.46,0.00,140.18,1,7.13,1
sglang,tree_of_thought,717,470.31,0.00,472.93,1,2.11,1
sglang,tree_of_thought,718,486.10,59.63,545.73,2,3.66,1
sglang,tree_of_thought,719,469.37,0.00,494.21,1,2.02,1
sglang,tree_of_thought,720,488.22,41.88,530.09,2,3.77,0
sglang,tree_of_thought,721,80.93,0.00,163.60,1,6.11,1
sglang,tree_of_thought,722,89.78,0.00,136.49,1,7.33,1
sglang,tree_of_thought,723,80.13,0.00,199.61,1,5.01,1
sglang,tree_of_thought,724,66.09,25.70,117.49,3,25.53,1
sglang,tree_of_thought,725,72.31,0.00,184.94,1,5.41,1
sglang,tree_of_thought,726,61.63,102.93,164.55,2,12.15,1
sglang,tree_of_thought,727,72.75,0.00,140.80,1,7.10,1
sglang,tree_of_thought,728,51.47,48.10,99.57,2,20.09,1
sglang,tree_of_thought,729,60.41,12.94,73.35,2,27.27,1
sglang,tree_of_thought,730,72.89,0.00,105.04,1,9.52,1
sglang,tree_of_thought,731,86.70,0.00,134.40,1,7.44,1
sglang,tree_of_thought,732,52.75,0.00,85.30,1,11.72,1
sglang,tree_of_thought,733,85.52,85.04,170.56,2,11.73,0
sglang,tree_of_thought,734,80.51,0.00,161.80,1,6.18,1
sglang,tree_of_thought,735,82.91,0.00,202.81,1,4.93,1
sglang,tree_of_thought,736,54.82,91.77,146.60,2,13.64,0
sglang,tree_of_thought,737,61.92,0.00,115.33,1,8.67,1
sglang,tree_of_thought,738,74.34,0.00,77.30,1,12.94,1
sglang,tree_of_thought,739,70.57,0.00,190.88,1,5.24,1
sglang,tree_of_thought,740,63.55,0.00,149.52,1,6.69,1
sglang,tree_of_thought,741,70.64,105.38,176.02,2,11.36,1
sglang,tree_of_thought,742,85.43,0.00,128.53,1,7.78,1
sglang,tree_of_thought,743,62.31,19.64,81.95,2,24.41,1
sglang,tree_of_thought,744,84.14,0.00,195.23,1,5.12,1
sglang,tree_of_thought,745,82.73,0.00,153.51,1,6.51,1
sglang,tree_of_thought,746,58.70,0.00,118.90,1,8.41,1
sglang,tree_of_thought,747,78.81,109.87,188.68,2,10.60,1
sglang,tree_of_thought,748,449.58,0.00,456.44,1,2.19,1
sglang,tree_of_thought,749,484.74,0.00,502.91,1,1.99,1
sglang,tree_of_thought,750,530.66,8.30,538.96,2,3.71,1
sglang,tree_of_thought,751,459.45,28.16,487.60,2,4.10,1
sglang,tree_of_thought,752,75.51,0.00,194.26,1,5.15,1
sglang,tree_of_thought,753,69.72,0.00,165.56,1,6.04,1
sglang,tree_of_thought,754,64.18,46.24,110.42,2,18.11,1
sglang,tree_of_thought,755,81.96,58.71,140.67,2,14.22,1
sglang,tree_of_thought,756,72.27,0.00,162.79,1,6.14,1
sglang,tree_of_thought,757,77.32,0.00,134.08,1,7.46,1
sglang,tree_of_thought,758,55.61,0.00,93.16,1,10.73,1
sglang,tree_of_thought,759,85.86,118.81,204.67,2,9.77,1
sglang,tree_of_thought,760,74.40,0.00,82.04,1,12.19,1
sglang,tree_of_thought,761,76.67,0.00,165.23,1,6.05,1
sglang,tree_of_thought,762,72.09,0.00,141.44,1,7.07,1
sglang,tree_of_thought,763,64.94,0.00,121.01,1,8.26,1
sglang,tree_of_thought,764,55.41,0.00,92.66,1,10.79,1
sglang,tree_of_thought,765,56.46,0.00,208.86,1,4.79,1
sglang,tree_of_thought,766,78.42,0.00,177.24,1,5.64,1
sglang,tree_of_thought,767,71.47,0.00,140.34,1,7.13,1
sglang,tree_of_thought,768,79.86,125.58,205.44,2,9.74,1
sglang,tree_of_thought,769,52.92,0.00,66.41,1,15.06,1
sglang,tree_of_thought,770,70.05,40.79,110.84,2,18.04,1
sglang,tree_of_thought,771,63.41,0.00,171.81,1,5.82,1
sglang,tree_of_thought,772,73.36,78.52,151.88,2,13.17,1
sglang,tree_of_thought,773,67.42,138.29,205.72,2,9.72,1
sglang,tree_of_thought,774,65.28,25.72,90.99,2,21.98,1
sglang,tree_of_thought,775,65.16,0.00,136.88,1,7.31,1
sglang,tree_of_thought,776,79.17,121.77,200.94,2,9.95,1
sglang,tree_of_thought,777,76.81,100.66,177.48,2,11.27,1
sglang,tree_of_thought,778,76.11,40.16,116.27,2,17.20,1
sglang,tree_of_thought,779,491.83,0.00,546.87,1,1.83,1
sglang,tree_of_thought,780,494.04,0.00,520.77,1,1.92,1
sglang,tree_of_thought,781,479.01,17.58,496.60,2,4.03,1
sglang,tree_of_thought,782,448.09,0.00,478.73,1,2.09,1
sglang,tree_of_thought,783,71.52,0.00,140.66,1,7.11,1
sglang,tree_of_thought,784,73.13,38.88,112.01,2,17.86,1
sglang,tree_of_thought,785,61.15,148.85,209.99,2,9.52,1
sglang,tree_of_thought,786,77.99,0.00,187.93,1,5.32,1
sglang,tree_of_thought,787,73.24,0.00,116.92,1,8.55,1
sglang,tree_of_thought,788,71.79,0.00,184.69,1,5.41,1
sglang,tree_of_thought,789,85.06,0.00,158.60,1,6.31,1
sglang,tree_of_thought,790,52.54,0.00,85.98,1,11.63,1
sglang,tree_of_thought,791,71.62,0.00,83.46,1,11.98,1
sglang,tree_of_thought,792,81.64,0.00,140.53,1,7.12,1
sglang,tree_of_thought,793,63.44,0.00,124.69,1,8.02,1
sglang,tree_of_thought,794,76.88,105.33,182.21,2,10.98,1
sglang,tree_of_thought,795,54.65,41.53,96.18,2,20.79,1
sglang,tree_of_thought,796,66.30,0.00,192.29,1,5.20,1
sglang,tree_of_thought,797,64.32,40.75,105.07,2,19.03,1
sglang,tree_of_thought,798,62.24,0.00,179.36,1,5.58,1
sglang,tree_of_thought,799,69.82,44.21,158.23,3,18.96,0
sglang,tree_of_thought,800,59.56,31.71,91.27,2,21.91,1
sglang,tree_of_thought,801,75.34,0.00,161.33,1,6.20,1
sglang,tree_of_thought,802,51.19,36.21,87.39,2,22.88,1
sglang,tree_of_thought,803,67.17,0.00,155.20,1,6.44,1
sglang,tree_of_thought,804,77.58,49.36,126.95,2,15.75,1
sglang,tree_of_thought,805,72.00,21.67,93.66,2,21.35,1
sglang,tree_of_thought,806,71.81,0.00,137.06,1,7.30,1
sglang,tree_of_thought,807,55.50,15.34,70.85,2,28.23,1
sglang,tree_of_thought,808,78.99,34.81,113.80,2,17.57,1
sglang,tree_of_thought,809,78.55,99.26,177.81,2,11.25,1
sglang,tree_of_thought,810,490.67,0.00,547.95,1,1.82,1
sglang,tree_of_thought,811,477.57,0.00,502.69,1,1.99,1
sglang,tree_of_thought,812,497.94,0.00,531.35,1,1.88,1
sglang,tree_of_thought,813,460.93,19.38,480.31,2,4.16,1
sglang,tree_of_thought,814,86.52,0.00,172.82,1,5.79,1
sglang,tree_of_thought,815,66.69,47.85,114.55,2,17.46,1
sglang,tree_of_thought,816,72.95,0.00,155.65,1,6.42,1
sglang,tree_of_thought,817,63.13,151.79,214.92,2,9.31,1
sglang,tree_of_thought,818,82.72,0.00,122.24,1,8.18,1
sglang,tree_of_thought,819,66.62,150.42,217.04,2,9.21,1
sglang,tree_of_thought,820,72.91,89.10,162.01,2,12.34,1
sglang,tree_of_thought,821,85.08,52.89,190.87,3,15.72,0
sglang,tree_of_thought,822,66.19,0.00,73.44,1,13.62,1
sglang,tree_of_thought,823,81.98,0.00,145.86,1,6.86,1
sglang,tree_of_thought,824,69.88,0.00,120.36,1,8.31,1
sglang,tree_of_thought,825,55.17,127.53,182.70,2,10.95,1
sglang,tree_of_thought,826,59.91,34.07,93.98,2,21.28,1
sglang,tree_of_thought,827,77.18,0.00,200.56,1,4.99,1
sglang,tree_of_thought,828,66.88,128.65,195.54,2,10.23,1
sglang,tree_of_thought,829,62.78,34.93,132.63,3,22.62,0
sglang,tree_of_thought,830,57.66,114.49,172.15,2,11.62,1
sglang,tree_of_thought,831,64.15,9.54,73.69,2,27.14,1
sglang,tree_of_thought,832,91.29,0.00,122.57,1,8.16,1
sglang,tree_of_thought,833,75.19,80.34,155.53,2,12.86,1
sglang,tree_of_thought,834,57.19,0.00,93.52,1,10.69,1
sglang,tree_of_thought,835,77.96,110.40,188.36,2,10.62,1
sglang,tree_of_thought,836,75.48,22.90,98.39,2,20.33,1
sglang,tree_of_thought,837,73.12,0.00,176.89,1,5.65,1
sglang,tree_of_thought,838,76.33,60.73,137.06,2,14.59,1
sglang,tree_of_thought,839,68.84,0.00,96.60,1,10.35,1
sglang,tree_of_thought,840,63.82,26.54,196.53,6,30.53,0
sglang,tree_of_thought,841,455.33,0.00,476.48,1,2.10,1
sglang,tree_of_thought,842,461.94,14.86,476.80,2,4.19,1
sglang,tree_of_thought,843,486.64,0.00,508.96,1,1.96,1
sglang,tree_of_thought,844,498.81,0.00,537.83,1,1.86,1
sglang,tree_of_thought,845,67.09,0.00,96.68,1,10.34,1
sglang,tree_of_thought,846,76.05,126.82,202.87,2,9.86,1
sglang,tree_of_thought,847,86.28,59.82,146.10,2,13.69,1
sglang,tree_of_thought,848,79.58,100.24,179.82,2,11.12,1
sglang,tree_of_thought,849,86.54,0.00,191.78,1,5.21,1
sglang,tree_of_thought,850,78.30,0.00,138.67,1,7.21,1
sglang,tree_of_thought,851,69.55,0.00,107.65,1,9.29,1
sglang,tree_of_thought,852,74.91,0.00,178.04,1,5.62,1
sglang,tree_of_thought,853,70.14,0.00,75.96,1,13.17,1
sglang,tree_of_thought,854,85.36,0.00,145.40,1,6.88,1
sglang,tree_of_thought,855,60.68,0.00,88.80,1,11.26,1
sglang,tree_of_thought,856,57.07,132.45,189.52,2,10.55,1
sglang,tree_of_thought,857,75.08,64.72,139.80,2,14.31,1
sglang,tree_of_thought,858,74.27,0.00,197.62,1,5.06,1
sglang,tree_of_thought,859,79.64,146.06,225.70,2,8.86,1
sglang,tree_of_thought,860,72.37,0.00,138.38,1,7.23,1
sglang,tree_of_thought,861,77.79,0.00,182.56,1,5.48,1
sglang,tree_of_thought,862,71.32,0.00,72.95,1,13.71,1
sglang,tree_of_thought,863,68.12,0.00,157.85,1,6.34,1
sglang,tree_of_thought,864,64.29,0.00,185.29,1,5.40,1
sglang,tree_of_thought,865,65.94,0.00,143.92,1,6.95,1
sglang,tree_of_thought,866,80.80,42.12,122.92,2,16.27,1
sglang,tree_of_thought,867,71.19,16.89,88.08,2,22.71,1
sglang,tree_of_thought,868,86.29,0.00,171.13,1,5.84,1
sglang,tree_of_thought,869,84.21,0.00,145.68,1,6.86,1
sglang,tree_of_thought,870,67.74,64.17,131.91,2,15.16,1
sglang,tree_of_thought,871,55.66,36.20,91.86,2,21.77,1
sglang,tree_of_thought,872,462.32,0.00,462.56,1,2.16,1
sglang,tree_of_thought,873,501.47,0.00,533.04,1,1.88,1
sglang,tree_of_thought,874,463.58,0.00,483.50,1,2.07,1
sglang,tree_of_thought,875,494.27,21.36,515.62,2,3.88,1
sglang,tree_of_thought,876,67.94,0.00,177.84,1,5.62,1
sglang,tree_of_thought,877,77.88,0.00,152.67,1,6.55,1
sglang,tree_of_thought,878,74.40,52.78,127.17,2,15.73,1
sglang,tree_of_thought,879,64.01,156.64,220.65,2,9.06,1
sglang,tree_of_thought,880,83.80,0.00,171.37,1,5.84,1
sglang,tree_of_thought,881,64.91,0.00,202.36,1,4.94,1
sglang,tree_of_thought,882,70.80,0.00,154.62,1,6.47,1
sglang,tree_of_thought,883,76.22,41.95,118.16,2,16.93,1
sglang,tree_of_thought,884,65.18,13.02,78.20,2,25.57,1
sglang,tree_of_thought,885,66.71,0.00,151.82,1,6.59,1
sglang,tree_of_thought,886,53.68,0.00,76.37,1,13.09,1
sglang,tree_of_thought,887,73.86,69.31,143.17,2,13.97,1
sglang,tree_of_thought,888,73.49,44.79,118.28,2,16.91,1
sglang,tree_of_thought,889,74.54,0.00,178.64,1,5.60,1
sglang,tree_of_thought,890,78.58,0.00,209.97,1,4.76,1
sglang,tree_of_thought,891,70.48,100.22,170.70,2,11.72,1
sglang,tree_of_thought,892,66.21,65.37,131.58,2,15.20,1
sglang,tree_of_thought,893,60.63,0.00,69.19,1,14.45,1
sglang,tree_of_thought,894,72.28,0.00,191.54,1,5.22,1
sglang,tree_of_thought,895,79.73,82.30,162.03,2,12.34,1
sglang,tree_of_thought,896,102.03,37.47,139.50,2,14.34,1
sglang,tree_of_thought,897,60.09,40.07,220.35,5,22.69,1
sglang,tree_of_thought,898,57.76,19.23,76.99,2,25.98,1
sglang,tree_of_thought,899,80.78,0.00,165.54,1,6.04,1
sglang,tree_of_thought,900,81.79,0.00,103.73,1,9.64,1
sglang,tree_of_thought,901,72.97,0.00,145.23,1,6.89,1
sglang,tree_of_thought,902,56.39,0.00,78.45,1,12.75,1
sglang,tree_of_thought,903,464.47,8.02,472.48,2,4.23,1
sglang,tree_of_thought,904,493.38,0.00,513.51,1,1.95,1
sglang,tree_of_thought,905,484.61,0.00,489.25,1,2.04,1
sglang,tree_of_thought,906,481.63,0.00,546.80,1,1.83,1
sglang,tree_of_thought,907,64.42,0.00,197.82,1,5.06,1
sglang,tree_of_thought,908,87.46,0.00,176.36,1,5.67,1
sglang,tree_of_thought,909,73.37,59.03,132.39,2,15.11,1
sglang,tree_of_thought,910,81.29,85.59,166.88,2,11.98,1
sglang,tree_of_thought,911,65.50,0.00,169.73,1,5.89,1
sglang,tree_of_thought,912,86.68,0.00,124.58,1,8.03,1
sglang,tree_of_thought,913,67.61,150.79,218.40,2,9.16,1
sglang,tree_of_thought,914,73.94,86.18,160.12,2,12.49,1
sglang,tree_of_thought,915,63.07,0.00,73.49,1,13.61,1
sglang,tree_of_thought,916,63.18,0.00,173.03,1,5.78,1
sglang,tree_of_thought,917,76.89,0.00,135.01,1,7.41,1
sglang,tree_of_thought,918,69.45,42.62,112.07,2,17.85,1
sglang,tree_of_thought,919,84.12,82.43,166.54,2,12.01,1
sglang,tree_of_thought,920,66.08,80.01,146.09,2,13.69,1
sglang,tree_of_thought,921,78.59,101.65,180.24,2,11.10,1
sglang,tree_of_thought,922,62.75,0.00,111.72,1,8.95,1
sglang,tree_of_thought,923,57.65,154.91,212.56,2,9.41,1
sglang,tree_of_thought,924,49.64,18.10,67.74,2,29.52,1
sglang,tree_of_thought,925,55.21,0.00,84.44,1,11.84,1
sglang,tree_of_thought,926,84.26,0.00,115.93,1,8.63,1
sglang,tree_of_thought,927,77.82,96.21,174.04,2,11.49,1
sglang,tree_of_thought,928,67.21,0.00,161.63,1,6.19,1
sglang,tree_of_thought,929,72.76,12.07,96.89,3,30.96,0
sglang,tree_of_thought,930,54.91,0.00,76.62,1,13.05,1
sglang,tree_of_thought,931,67.63,0.00,122.59,1,8.16,1
sglang,tree_of_thought,932,83.14,0.00,154.98,1,6.45,1
sglang,tree_of_thought,933,65.25,123.11,188.36,2,10.62,1
sglang,tree_of_thought,934,487.07,0.00,495.84,1,2.02,1
sglang,tree_of_thought,935,492.20,0.00,523.88,1,1.91,1
sglang,tree_of_thought,936,494.43,0.00,554.67,1,1.80,1
sglang,tree_of_thought,937,458.00,24.47,482.47,2,4.15,1
sglang,tree_of_thought,938,75.98,0.00,187.92,1,5.32,1
sglang,tree_of_thought,939,61.72,0.00,138.77,1,7.21,1
sglang,tree_of_thought,940,73.24,149.53,222.77,2,8.98,1
sglang,tree_of_thought,941,81.66,100.13,181.79,2,11.00,1
sglang,tree_of_thought,942,71.40,117.68,189.08,2,10.58,1
sglang,tree_of_thought,943,71.54,150.05,221.59,2,9.03,1
sglang,tree_of_thought,944,80.36,0.00,163.11,1,6.13,1
sglang,tree_of_thought,945,70.16,65.39,135.56,2,14.75,1
sglang,tree_of_thought,946,62.28,0.00,73.58,1,13.59,1
sglang,tree_of_thought,947,71.76,0.00,158.41,1,6.31,1
sglang,tree_of_thought,948,61.57,55.53,117.10,2,17.08,1
sglang,tree_of_thought,949,71.61,0.00,146.77,1,6.81,1
sglang,tree_of_thought,950,53.87,39.96,93.83,2,21.32,1
sglang,tree_of_thought,951,75.49,0.00,157.99,1,6.33,1
sglang,tree_of_thought,952,68.27,0.00,214.34,1,4.67,1
sglang,tree_of_thought,953,62.44,128.19,190.63,2,10.49,1
sglang,tree_of_thought,954,69.98,0.00,118.38,1,8.45,1
sglang,tree_of_thought,955,58.80,19.90,78.71,2,25.41,1
sglang,tree_of_thought,956,87.54,0.00,114.12,1,8.76,1
sglang,tree_of_thought,957,79.67,0.00,179.95,1,5.56,1
sglang,tree_of_thought,958,73.03,0.00,161.66,1,6.19,1
sglang,tree_of_thought,959,60.46,0.00,101.96,1,9.81,1
sglang,tree_of_thought,960,70.87,14.07,127.17,5,39.32,0
sglang,tree_of_thought,961,70.52,0.00,171.09,1,5.84,1
sglang,tree_of_thought,962,84.61,0.00,159.07,1,6.29,1
sglang,tree_of_thought,963,69.75,65.35,135.10,2,14.80,1
sglang,tree_of_thought,964,60.47,0.00,95.78,1,10.44,1
sglang,tree_of_thought,965,453.41,0.00,458.12,1,2.18,1
sglang,tree_of_thought,966,499.75,0.00,529.80,1,1.89,1
sglang,tree_of_thought,967,454.97,27.60,482.57,2,4.14,1
sglang,tree_of_thought,968,483.41,0.00,512.68,1,1.95,1
sglang,tree_of_thought,969,84.36,0.00,194.10,1,5.15,1
sglang,tree_of_thought,970,80.23,0.00,174.45,1,5.73,1
sglang,tree_of_thought,971,61.47,0.00,141.29,1,7.08,1
sglang,tree_of_thought,972,69.92,43.73,113.65,2,17.60,1
sglang,tree_of_thought,973,78.87,117.66,196.54,2,10.18,1
sglang,tree_of_thought,974,65.03,104.49,169.51,2,11.80,1
sglang,tree_of_thought,975,56.74,40.50,97.24,2,20.57,1
sglang,tree_of_thought,976,76.47,65.51,141.97,2,14.09,1
sglang,tree_of_thought,977,66.37,35.97,282.18,7,24.81,0
sglang,tree_of_thought,978,62.87,0.00,213.26,1,4.69,1
sglang,tree_of_thought,979,71.39,0.00,201.15,1,4.97,1
sglang,tree_of_thought,980,67.15,0.00,218.07,1,4.59,1
sglang,tree_of_thought,981,61.06,0.00,213.23,1,4.69,1
sglang,tree_of_thought,982,61.99,0.00,62.29,1,16.05,1
sglang,tree_of_thought,983,60.71,0.00,67.18,1,14.88,1
sglang,tree_of_thought,984,64.52,20.28,84.79,2,23.59,1
sglang,tree_of_thought,985,55.97,16.40,72.36,2,27.64,1
sglang,tree_of_thought,986,64.45,0.00,181.51,1,5.51,1
sglang,tree_of_thought,987,74.91,0.00,86.13,1,11.61,1
sglang,tree_of_thought,988,82.18,0.00,93.16,1,10.73,1
sglang,tree_of_thought,989,71.29,20.92,92.20,2,21.69,1
sglang,tree_of_thought,990,62.37,50.27,112.64,2,17.76,1
sglang,tree_of_thought,991,27.67,0.00,37.07,1,26.97,1
sglang,long_output,0,95.20,27.14,312.30,9,28.82,1
sglang,long_output,1,59.20,32.05,315.57,9,28.52,1
sglang,long_output,2,99.20,27.75,321.22,9,28.02,1
sglang,long_output,3,94.98,25.53,324.73,10,30.79,1
sglang,long_output,4,94.61,25.63,325.25,10,30.75,1
sglang,long_output,5,89.00,26.54,327.85,10,30.50,1
sglang,long_output,6,88.13,24.67,334.81,11,32.85,1
sglang,long_output,7,90.56,24.35,334.04,11,32.93,1
sglang,long_output,8,83.49,25.34,336.92,11,32.65,1
sglang,long_output,9,81.10,23.91,344.12,12,34.87,1
sglang,long_output,10,81.34,24.00,345.34,12,34.75,1
sglang,long_output,11,82.17,24.19,348.29,12,34.45,1
sglang,long_output,12,100.07,21.34,356.19,13,36.50,1
sglang,long_output,13,106.85,20.82,356.74,13,36.44,1
sglang,long_output,14,105.65,21.33,361.61,13,35.95,1
sglang,long_output,15,94.16,24.36,410.89,14,34.07,1
sglang,long_output,16,96.72,24.69,417.73,14,33.51,1
sglang,long_output,17,97.46,24.85,420.54,14,33.29,1
sglang,long_output,18,95.49,23.68,426.96,15,35.13,1
sglang,long_output,19,88.01,24.20,426.82,15,35.14,1
sglang,long_output,20,96.82,23.81,430.12,15,34.87,1
sglang,long_output,21,86.32,23.34,436.38,16,36.67,1
sglang,long_output,22,88.75,23.37,439.23,16,36.43,1
sglang,long_output,23,95.99,23.14,443.11,16,36.11,1
sglang,long_output,24,129.41,19.78,445.91,17,38.12,1
sglang,long_output,25,115.18,20.68,446.13,17,38.11,1
sglang,long_output,26,86.99,22.80,451.73,17,37.63,1
sglang,long_output,27,116.40,19.99,456.23,18,39.45,1
sglang,long_output,28,116.52,20.36,462.58,18,38.91,1
sglang,long_output,29,120.53,20.11,462.40,18,38.93,1
sglang,long_output,30,106.71,19.49,457.47,19,41.53,1
sglang,long_output,31,116.01,19.77,471.79,19,40.27,1
sglang,long_output,32,113.03,19.90,471.14,19,40.33,1
sglang,long_output,33,101.34,23.03,538.84,20,37.12,1
sglang,long_output,34,104.29,22.81,537.70,20,37.20,1
sglang,long_output,35,111.12,22.97,547.53,20,36.53,1
sglang,long_output,36,99.44,22.73,553.99,21,37.91,1
sglang,long_output,37,104.01,22.40,552.08,21,38.04,1
sglang,long_output,38,93.79,22.89,551.50,21,38.08,1
sglang,long_output,39,90.92,22.34,559.98,22,39.29,1
sglang,long_output,40,95.96,22.28,563.78,22,39.02,1
sglang,long_output,41,95.76,22.39,565.87,22,38.88,1
sglang,long_output,42,88.49,21.62,564.22,23,40.76,1
sglang,long_output,43,92.48,21.65,568.70,23,40.44,1
sglang,long_output,44,95.58,21.78,574.72,23,40.02,1
sglang,long_output,45,89.72,21.53,584.93,24,41.03,1
sglang,long_output,46,91.39,21.56,587.28,24,40.87,1
sglang,long_output,47,89.79,21.66,587.96,24,40.82,1
sglang,long_output,48,96.32,23.53,660.95,25,37.82,1
sglang,long_output,49,91.89,23.81,663.35,25,37.69,1
sglang,long_output,50,92.05,23.91,665.83,25,37.55,1
sglang,long_output,51,86.42,23.23,667.05,26,38.98,1
sglang,long_output,52,89.19,23.29,671.45,26,38.72,1
sglang,long_output,53,84.84,22.56,671.35,27,40.22,1
sglang,long_output,54,90.96,23.43,676.80,26,38.42,1
sglang,long_output,55,82.99,22.86,677.26,27,39.87,1
sglang,long_output,56,79.24,23.14,680.96,27,39.65,1
sglang,long_output,57,91.45,21.80,679.98,28,41.18,1
sglang,long_output,58,84.72,21.99,678.51,28,41.27,1
sglang,long_output,59,89.13,21.94,681.58,28,41.08,1
sglang,long_output,60,81.03,21.41,680.47,29,42.62,1
sglang,long_output,61,81.78,21.68,688.89,29,42.10,1
sglang,long_output,62,82.46,21.73,690.97,29,41.97,1
sglang,long_output,63,77.53,21.33,696.08,30,43.10,1
sglang,long_output,64,98.53,21.92,734.22,30,40.86,1
sglang,long_output,65,98.29,22.05,737.62,30,40.67,1
sglang,long_output,66,81.03,21.51,726.32,31,42.68,1
sglang,long_output,67,68.45,22.35,738.84,31,41.96,1
sglang,long_output,68,85.64,21.57,732.78,31,42.30,1
sglang,long_output,69,79.87,21.19,736.88,32,43.43,1
sglang,long_output,70,83.42,21.00,734.52,32,43.57,1
sglang,long_output,71,68.08,21.56,736.41,32,43.45,1
sglang,long_output,72,64.34,20.74,728.16,33,45.32,1
sglang,long_output,73,68.08,20.80,733.83,33,44.97,1
sglang,long_output,74,64.62,21.44,750.67,33,43.96,1
sglang,long_output,75,60.61,22.28,795.74,34,42.73,1
sglang,long_output,76,50.54,22.36,788.41,34,43.12,1
sglang,long_output,77,49.25,22.34,786.52,34,43.23,1
sglang,long_output,78,43.07,22.10,794.36,35,44.06,1
sglang,long_output,79,111.29,21.30,835.62,35,41.89,1
sglang,long_output,80,90.64,22.04,839.97,35,41.67,1
sglang,long_output,81,93.55,20.88,824.35,36,43.67,1
sglang,long_output,82,84.72,21.56,839.18,36,42.90,1
sglang,long_output,83,94.56,21.05,831.44,36,43.30,1
sglang,long_output,84,75.07,20.78,823.33,37,44.94,1
sglang,long_output,85,58.89,21.53,833.83,37,44.37,1
sglang,long_output,86,69.51,21.52,844.27,37,43.82,1
sglang,long_output,87,92.60,19.91,829.13,38,45.83,1
sglang,long_output,88,74.38,20.86,846.23,38,44.90,1
sglang,long_output,89,95.30,20.14,840.48,38,45.21,1
sglang,long_output,90,79.74,21.23,886.61,39,43.99,1
sglang,long_output,91,73.00,21.45,887.93,39,43.92,1
sglang,long_output,92,93.03,21.63,915.04,39,42.62,1
sglang,long_output,93,62.82,21.15,887.75,40,45.06,1
sglang,long_output,94,74.21,21.23,902.29,40,44.33,1
sglang,long_output,95,68.28,21.36,901.18,40,44.39,1
sglang,long_output,96,62.79,21.05,904.92,41,45.31,1
sglang,long_output,97,78.33,21.22,927.18,41,44.22,1
sglang,long_output,98,79.26,21.46,937.57,41,43.73,1
sglang,long_output,99,81.28,20.60,925.78,42,45.37,1
sglang,long_output,100,91.69,20.76,942.98,42,44.54,1
sglang,long_output,101,100.45,20.37,935.45,42,44.90,1
sglang,long_output,102,68.35,20.41,925.40,43,46.47,1
sglang,long_output,103,77.76,20.65,944.89,43,45.51,1
sglang,long_output,104,65.01,20.67,933.33,43,46.07,1
sglang,long_output,105,74.19,19.89,929.38,44,47.34,1
sglang,long_output,106,81.64,20.04,943.20,44,46.65,1
sglang,long_output,107,81.13,20.11,945.82,44,46.52,1
sglang,long_output,108,59.45,21.13,989.27,45,45.49,1
sglang,long_output,109,54.40,21.25,989.55,45,45.48,1
sglang,long_output,110,70.23,21.41,1012.10,45,44.46,1
sglang,long_output,111,47.88,21.11,997.67,46,46.11,1
sglang,long_output,112,82.00,21.15,1033.83,46,44.49,1
sglang,long_output,113,86.27,21.30,1044.57,46,44.04,1
sglang,long_output,114,76.74,20.94,1039.78,47,45.20,1
sglang,long_output,115,94.76,20.59,1042.10,47,45.10,1
sglang,long_output,116,66.04,21.14,1038.35,47,45.26,1
sglang,long_output,117,78.17,20.31,1032.68,48,46.48,1
sglang,long_output,118,87.18,20.35,1043.41,48,46.00,1
sglang,long_output,119,64.56,20.86,1045.11,48,45.93,1
sglang,long_output,120,87.96,20.00,1048.02,49,46.75,1
sglang,long_output,121,72.49,20.53,1057.69,49,46.33,1
sglang,long_output,122,86.95,20.03,1048.41,49,46.74,1
sglang,long_output,123,81.43,21.17,1118.79,50,44.69,1
sglang,long_output,124,75.78,21.21,1114.91,50,44.85,1
sglang,long_output,125,70.67,21.22,1110.43,50,45.03,1
sglang,long_output,126,68.43,21.15,1126.13,51,45.29,1
sglang,long_output,127,62.14,21.13,1118.39,51,45.60,1
sglang,long_output,128,76.79,23.57,265.35,9,33.92,1
sglang,long_output,129,95.46,21.14,264.61,9,34.01,1
sglang,long_output,130,63.04,26.70,276.62,9,32.54,1
sglang,long_output,131,90.66,19.64,267.45,10,37.39,1
sglang,long_output,132,85.67,19.64,262.42,10,38.11,1
sglang,long_output,133,65.59,22.81,270.88,10,36.92,1
sglang,long_output,134,81.03,19.59,276.89,11,39.73,1
sglang,long_output,135,57.94,19.45,252.43,11,43.58,1
sglang,long_output,136,79.93,19.67,276.67,11,39.76,1
sglang,long_output,137,55.85,18.36,257.83,12,46.54,1
sglang,long_output,138,53.90,18.85,261.30,12,45.92,1
sglang,long_output,139,79.17,20.96,309.78,12,38.74,1
sglang,long_output,140,58.59,22.36,1176.53,51,43.35,1
sglang,long_output,141,81.04,20.29,324.47,13,40.07,1
sglang,long_output,142,61.31,20.46,306.82,13,42.37,1
sglang,long_output,143,74.89,20.81,324.55,13,40.06,1
sglang,long_output,144,61.27,19.08,309.33,14,45.26,1
sglang,long_output,145,71.58,21.79,1182.68,52,43.97,1
sglang,long_output,146,75.38,21.79,1186.49,52,43.83,1
sglang,long_output,147,55.99,22.30,1193.51,52,43.57,1
sglang,long_output,148,68.18,21.62,1192.33,53,44.45,1
sglang,long_output,149,59.33,21.74,1190.03,53,44.54,1
sglang,long_output,150,63.78,21.58,1185.81,53,44.70,1
sglang,long_output,151,50.39,21.46,1187.67,54,45.47,1
sglang,long_output,152,51.21,21.78,1205.44,54,44.80,1
sglang,long_output,153,48.32,21.65,1195.90,54,45.15,1
sglang,long_output,154,41.62,22.23,1242.25,55,44.27,1
sglang,long_output,155,65.67,22.04,1255.94,55,43.79,1
sglang,long_output,156,68.98,22.09,1261.61,55,43.60,1
sglang,long_output,157,80.29,22.62,374.39,14,37.39,1
sglang,long_output,158,75.02,23.71,383.27,14,36.53,1
sglang,long_output,159,50.98,22.04,1263.02,56,44.34,1
sglang,long_output,160,63.02,22.04,1275.46,56,43.91,1
sglang,long_output,161,67.71,22.22,378.78,15,39.60,1
sglang,long_output,162,66.10,22.62,382.80,15,39.19,1
sglang,long_output,163,65.22,20.51,372.90,16,42.91,1
sglang,long_output,164,61.16,21.69,386.51,16,41.40,1
sglang,long_output,165,73.64,23.48,402.31,15,37.28,1
sglang,long_output,166,64.22,20.89,377.59,16,42.37,1
sglang,long_output,167,59.74,20.31,384.75,17,44.18,1
sglang,long_output,168,57.63,20.39,383.95,17,44.28,1
sglang,long_output,169,63.60,20.69,394.64,17,43.08,1
sglang,long_output,170,58.04,22.83,1313.55,56,42.63,1
sglang,long_output,171,54.23,22.55,1317.16,57,43.27,1
sglang,long_output,172,71.38,22.26,1317.72,57,43.26,1
sglang,long_output,173,70.31,22.33,1321.04,57,43.15,1
sglang,long_output,174,68.34,22.02,1323.33,58,43.83,1
sglang,long_output,175,67.15,21.78,1308.44,58,44.33,1
sglang,long_output,176,56.99,22.18,1321.30,58,43.90,1
sglang,long_output,177,54.58,21.72,1314.30,59,44.89,1
sglang,long_output,178,47.47,21.76,1309.55,59,45.05,1
sglang,long_output,179,51.56,22.11,1333.93,59,44.23,1
sglang,long_output,180,53.29,25.83,492.49,18,36.55,1
sglang,long_output,181,45.89,22.65,1382.26,60,43.41,1
sglang,long_output,182,69.21,25.09,495.77,18,36.31,1
sglang,long_output,183,70.42,25.27,499.94,18,36.00,1
sglang,long_output,184,67.11,24.12,501.30,19,37.90,1
sglang,long_output,185,63.43,24.31,500.93,19,37.93,1
sglang,long_output,186,66.05,24.55,507.91,19,37.41,1
sglang,long_output,187,75.90,22.92,511.40,20,39.11,1
sglang,long_output,188,75.33,23.11,514.47,20,38.88,1
sglang,long_output,189,73.60,23.18,514.03,20,38.91,1
sglang,long_output,190,66.40,24.89,564.11,21,37.23,1
sglang,long_output,191,58.09,25.00,558.15,21,37.62,1
sglang,long_output,192,57.87,25.07,559.17,21,37.56,1
sglang,long_output,193,36.69,24.07,542.14,22,40.58,1
sglang,long_output,194,44.81,24.27,554.45,22,39.68,1
sglang,long_output,195,34.67,24.47,548.63,22,40.10,1
sglang,long_output,196,96.67,23.00,1453.50,60,41.28,1
sglang,long_output,197,100.56,22.89,1451.26,60,41.34,1
sglang,long_output,198,86.17,22.70,1448.14,61,42.12,1
sglang,long_output,199,89.84,22.76,1455.35,61,41.91,1
sglang,long_output,200,76.35,23.12,1463.29,61,41.69,1
sglang,long_output,201,71.43,23.69,1516.68,62,40.88,1
sglang,long_output,202,83.76,23.86,1539.10,62,40.28,1
sglang,long_output,203,48.74,25.80,616.43,23,37.31,1
sglang,long_output,204,69.85,23.70,1515.78,62,40.90,1
sglang,long_output,205,74.50,23.10,1506.72,63,41.81,1
sglang,long_output,206,61.62,23.51,1519.15,63,41.47,1
sglang,long_output,207,69.00,23.20,1507.43,63,41.79,1
sglang,long_output,208,67.83,22.95,1513.98,64,42.27,1
sglang,long_output,209,71.64,22.73,1503.49,64,42.57,1
sglang,long_output,210,82.91,22.71,1513.92,64,42.27,1
sglang,long_output,211,64.73,26.45,646.68,23,35.57,1
sglang,long_output,212,62.32,26.59,647.25,23,35.53,1
sglang,long_output,213,76.79,25.03,652.43,24,36.79,1
sglang,long_output,214,58.37,22.58,1503.73,65,43.23,1
sglang,long_output,215,70.56,22.65,1519.86,65,42.77,1
sglang,long_output,216,93.72,24.20,650.23,24,36.91,1
sglang,long_output,217,91.97,24.19,648.27,24,37.02,1
sglang,long_output,218,62.94,22.74,1518.34,65,42.81,1
sglang,long_output,219,84.23,26.38,717.29,25,34.85,1
sglang,long_output,220,89.11,26.28,719.83,25,34.73,1
sglang,long_output,221,78.53,26.62,717.31,25,34.85,1
sglang,long_output,222,52.25,23.60,1586.24,66,41.61,1
sglang,long_output,223,74.41,25.73,717.58,26,36.23,1
sglang,long_output,224,70.99,26.05,722.34,26,35.99,1
sglang,long_output,225,72.54,26.24,728.57,26,35.69,1
sglang,long_output,226,65.93,25.34,724.85,27,37.25,1
sglang,long_output,227,51.65,25.75,721.08,27,37.44,1
sglang,long_output,228,52.31,25.69,720.36,27,37.48,1
sglang,long_output,229,53.87,25.02,729.32,28,38.39,1
sglang,long_output,230,77.92,23.18,1584.47,66,41.65,1
sglang,long_output,231,72.59,23.25,1584.16,66,41.66,1
sglang,long_output,232,67.26,23.69,1631.05,67,41.08,1
sglang,long_output,233,76.20,23.79,1646.55,67,40.69,1
sglang,long_output,234,57.26,27.11,789.18,28,35.48,1
sglang,long_output,235,71.22,26.52,787.14,28,35.57,1
sglang,long_output,236,67.44,25.95,794.16,29,36.52,1
sglang,long_output,237,81.36,25.32,790.45,29,36.69,1
sglang,long_output,238,77.89,25.51,792.04,29,36.61,1
sglang,long_output,239,68.98,24.93,791.82,30,37.89,1
sglang,long_output,240,60.34,24.93,783.24,30,38.30,1
sglang,long_output,241,56.03,25.75,802.88,30,37.37,1
sglang,long_output,242,48.11,24.63,787.16,31,39.38,1
sglang,long_output,243,57.89,24.76,800.71,31,38.72,1
sglang,long_output,244,64.11,25.56,830.98,31,37.31,1
sglang,long_output,245,63.45,25.03,839.47,32,38.12,1
sglang,long_output,246,63.64,24.53,824.03,32,38.83,1
sglang,long_output,247,62.50,24.67,827.34,32,38.68,1
sglang,long_output,248,57.98,23.98,825.19,33,39.99,1
sglang,long_output,249,51.90,24.10,823.21,33,40.09,1
sglang,long_output,250,54.59,24.15,827.33,33,39.89,1
sglang,long_output,251,35.54,23.83,821.90,34,41.37,1
sglang,long_output,252,39.29,23.92,828.70,34,41.03,1
sglang,long_output,253,31.90,24.03,824.84,34,41.22,1
sglang,long_output,254,67.46,23.79,876.26,35,39.94,1
sglang,long_output,255,54.70,24.36,883.04,35,39.64,1
sglang,long_output,256,93.72,23.26,884.64,35,39.56,1
sglang,long_output,257,84.31,22.86,884.28,36,40.71,1
sglang,long_output,258,80.32,22.86,880.47,36,40.89,1
sglang,long_output,259,80.03,23.06,887.22,36,40.58,1
sglang,long_output,260,70.62,22.43,878.13,37,42.14,1
sglang,long_output,261,73.85,22.76,893.39,37,41.42,1
sglang,long_output,262,57.65,22.76,877.14,37,42.18,1
sglang,long_output,263,45.72,22.42,875.19,38,43.42,1
sglang,long_output,264,56.94,22.58,892.45,38,42.58,1
sglang,long_output,265,64.68,23.74,942.89,38,40.30,1
sglang,long_output,266,53.93,23.20,935.53,39,41.69,1
sglang,long_output,267,56.12,23.45,947.31,39,41.17,1
sglang,long_output,268,54.73,23.33,941.15,39,41.44,1
sglang,long_output,269,62.27,22.59,943.46,40,42.40,1
sglang,long_output,270,80.00,22.26,948.17,40,42.19,1
sglang,long_output,271,66.03,22.83,956.23,40,41.83,1
sglang,long_output,272,71.17,21.77,941.90,41,43.53,1
sglang,long_output,273,73.12,22.07,956.00,41,42.89,1
sglang,long_output,274,71.02,22.12,955.91,41,42.89,1
sglang,long_output,275,64.06,21.83,959.25,42,43.78,1
sglang,long_output,276,69.35,21.86,965.49,42,43.50,1
sglang,long_output,277,64.95,21.78,957.87,42,43.85,1
sglang,long_output,278,65.40,22.88,1026.23,43,41.90,1
sglang,long_output,279,61.92,22.95,1026.02,43,41.91,1
sglang,long_output,280,58.71,23.15,1030.83,43,41.71,1
sglang,long_output,281,55.88,22.81,1036.70,44,42.44,1
sglang,long_output,282,56.10,22.89,1040.28,44,42.30,1
sglang,long_output,283,91.98,22.91,1076.96,44,40.86,1
sglang,long_output,284,89.27,22.68,1087.08,45,41.40,1
sglang,long_output,285,106.96,22.38,1091.49,45,41.23,1
sglang,long_output,286,83.72,22.96,1094.04,45,41.13,1
sglang,long_output,287,71.56,22.56,1086.68,46,42.33,1
sglang,long_output,288,99.16,22.25,1100.53,46,41.80,1
sglang,long_output,289,88.24,22.24,1089.16,46,42.23,1
sglang,long_output,290,88.75,21.93,1097.64,47,42.82,1
sglang,long_output,291,76.85,21.98,1088.07,47,43.20,1
sglang,long_output,292,76.73,22.07,1092.03,47,43.04,1
sglang,long_output,293,43.40,22.92,1120.80,48,42.83,1
sglang,long_output,294,48.29,23.04,1131.17,48,42.43,1
sglang,long_output,295,64.84,23.26,1157.84,48,41.46,1
sglang,long_output,296,62.94,22.43,1139.74,49,42.99,1
sglang,long_output,297,62.80,22.72,1153.21,49,42.49,1
sglang,long_output,298,68.77,19.02,220.96,9,40.73,1
sglang,long_output,299,57.93,19.38,212.94,9,42.26,1
sglang,long_output,300,69.03,19.42,224.38,9,40.11,1
sglang,long_output,301,66.29,22.17,1130.26,49,43.35,1
sglang,long_output,302,51.53,19.94,231.00,10,43.29,1
sglang,long_output,303,56.71,19.88,235.63,10,42.44,1
sglang,long_output,304,68.33,21.73,1133.35,50,44.12,1
sglang,long_output,305,69.21,21.89,1141.95,50,43.78,1
sglang,long_output,306,61.97,22.31,1155.24,50,43.28,1
sglang,long_output,307,65.94,22.25,1178.51,51,43.27,1
sglang,long_output,308,62.98,22.34,1179.79,51,43.23,1
sglang,long_output,309,61.50,22.66,1194.53,51,42.69,1
sglang,long_output,310,61.08,22.01,1183.61,52,43.93,1
sglang,long_output,311,42.57,22.14,1171.77,52,44.38,1
sglang,long_output,312,49.44,22.33,1188.35,52,43.76,1
sglang,long_output,313,68.83,23.53,280.63,10,35.63,1
sglang,long_output,314,62.19,22.19,284.13,11,38.71,1
sglang,long_output,315,63.47,22.43,287.74,11,38.23,1
sglang,long_output,316,57.99,25.26,310.59,11,35.42,1
sglang,long_output,317,69.35,21.92,1209.19,53,43.83,1
sglang,long_output,318,64.61,21.97,1206.90,53,43.91,1
sglang,long_output,319,49.73,24.13,315.17,12,38.08,1
sglang,long_output,320,56.78,22.53,1228.57,53,43.14,1
sglang,long_output,321,67.84,21.61,1213.41,54,44.50,1
sglang,long_output,322,58.96,21.95,1222.47,54,44.17,1
sglang,long_output,323,52.48,21.95,1215.78,54,44.42,1
sglang,long_output,324,62.38,21.63,1230.41,55,44.70,1
sglang,long_output,325,54.05,22.76,304.46,12,39.41,1
sglang,long_output,326,45.44,21.74,1219.53,55,45.10,1
sglang,long_output,327,52.87,23.29,309.05,12,38.83,1
sglang,long_output,328,47.47,21.80,1224.52,55,44.92,1
sglang,long_output,329,41.02,22.51,1279.15,56,43.78,1
sglang,long_output,330,47.54,25.55,354.19,13,36.70,1
sglang,long_output,331,58.01,25.57,364.88,13,35.63,1
sglang,long_output,332,50.98,27.45,380.39,13,34.18,1
sglang,long_output,333,40.47,24.08,353.47,14,39.61,1
sglang,long_output,334,34.42,24.12,347.98,14,40.23,1
sglang,long_output,335,51.26,24.53,370.11,14,37.83,1
sglang,long_output,336,31.33,23.54,360.83,15,41.57,1
sglang,long_output,337,90.60,22.39,404.00,15,37.13,1
sglang,long_output,338,71.90,24.25,411.34,15,36.47,1
sglang,long_output,339,81.02,21.61,405.11,16,39.50,1
sglang,long_output,340,78.23,22.38,1309.00,56,42.78,1
sglang,long_output,341,85.21,22.18,417.86,16,38.29,1
sglang,long_output,342,87.19,22.13,419.07,16,38.18,1
sglang,long_output,343,58.77,22.93,1319.94,56,42.43,1
sglang,long_output,344,69.58,21.49,413.36,17,41.13,1
sglang,long_output,345,87.43,21.91,1314.34,57,43.37,1
sglang,long_output,346,37.96,22.05,390.70,17,43.51,1
sglang,long_output,347,74.91,22.52,1335.99,57,42.66,1
sglang,long_output,348,90.39,22.15,1330.52,57,42.84,1
sglang,long_output,349,70.89,21.82,1314.36,58,44.13,1
sglang,long_output,350,81.97,21.87,1328.75,58,43.65,1
sglang,long_output,351,36.68,21.48,401.82,18,44.80,1
sglang,long_output,352,48.08,23.01,416.24,17,40.84,1
sglang,long_output,353,81.78,22.00,1335.61,58,43.43,1
sglang,long_output,354,57.15,21.70,1315.75,59,44.84,1
sglang,long_output,355,57.09,21.86,1324.89,59,44.53,1
sglang,long_output,356,68.41,21.89,1337.78,59,44.10,1
sglang,long_output,357,93.85,21.18,453.89,18,39.66,1
sglang,long_output,358,54.54,23.79,459.01,18,39.21,1
sglang,long_output,359,62.73,22.22,462.65,19,41.07,1
sglang,long_output,360,82.44,21.04,461.13,19,41.20,1
sglang,long_output,361,93.08,21.06,472.08,19,40.25,1
sglang,long_output,362,70.76,20.37,457.85,20,43.68,1
sglang,long_output,363,74.33,20.54,464.51,20,43.06,1
sglang,long_output,364,70.38,20.62,462.08,20,43.28,1
sglang,long_output,365,53.00,22.02,1352.29,60,44.37,1
sglang,long_output,366,57.07,22.10,1361.22,60,44.08,1
sglang,long_output,367,57.60,20.38,465.18,21,45.14,1
sglang,long_output,368,58.06,22.35,1376.50,60,43.59,1
sglang,long_output,369,48.32,20.54,459.20,21,45.73,1
sglang,long_output,370,54.80,20.53,465.46,21,45.12,1
sglang,long_output,371,49.11,22.62,524.15,22,41.97,1
sglang,long_output,372,46.39,23.12,532.00,22,41.35,1
sglang,long_output,373,65.43,22.86,1436.92,61,42.45,1
sglang,long_output,374,69.93,22.60,1426.17,61,42.77,1
sglang,long_output,375,62.09,22.62,1419.53,61,42.97,1
sglang,long_output,376,85.78,22.45,557.13,22,39.49,1
sglang,long_output,377,80.35,22.00,1422.29,62,43.59,1
sglang,long_output,378,78.47,22.09,1426.16,62,43.47,1
sglang,long_output,379,79.33,21.83,559.49,23,41.11,1
sglang,long_output,380,76.36,21.96,559.53,23,41.11,1
sglang,long_output,381,66.28,22.19,1419.95,62,43.66,1
sglang,long_output,382,61.32,21.48,555.43,24,43.21,1
sglang,long_output,383,64.37,22.02,1429.49,63,44.07,1
sglang,long_output,384,67.71,21.69,566.53,24,42.36,1
sglang,long_output,385,68.21,23.19,578.32,23,39.77,1
sglang,long_output,386,50.60,21.04,555.65,25,44.99,1
sglang,long_output,387,56.82,22.14,1429.75,63,44.06,1
sglang,long_output,388,68.83,21.96,573.92,24,41.82,1
sglang,long_output,389,53.83,21.79,1426.40,64,44.87,1
sglang,long_output,390,58.41,22.19,1434.42,63,43.92,1
sglang,long_output,391,77.18,22.61,1501.73,64,42.62,1
sglang,long_output,392,77.60,22.64,1504.08,64,42.55,1
sglang,long_output,393,58.80,22.45,1495.70,65,43.46,1
sglang,long_output,394,51.17,23.77,621.57,25,40.22,1
sglang,long_output,395,75.52,22.38,1507.85,65,43.11,1
sglang,long_output,396,52.97,24.03,629.78,25,39.70,1
sglang,long_output,397,64.67,22.59,1510.71,65,43.03,1
sglang,long_output,398,109.64,23.58,699.03,26,37.19,1
sglang,long_output,399,105.12,23.64,696.07,26,37.35,1
sglang,long_output,400,87.00,24.69,704.20,26,36.92,1
sglang,long_output,401,119.69,22.59,706.98,27,38.19,1
sglang,long_output,402,102.90,23.28,708.12,27,38.13,1
sglang,long_output,403,107.46,22.82,700.82,27,38.53,1
sglang,long_output,404,81.65,22.75,695.83,28,40.24,1
sglang,long_output,405,105.48,22.30,707.71,28,39.56,1
sglang,long_output,406,93.14,22.48,700.03,28,40.00,1
sglang,long_output,407,74.81,22.52,705.39,29,41.11,1
sglang,long_output,408,90.31,22.18,711.35,29,40.77,1
sglang,long_output,409,76.63,22.82,715.70,29,40.52,1
sglang,long_output,410,65.64,24.54,777.31,30,38.59,1
sglang,long_output,411,63.33,23.35,1581.03,66,41.74,1
sglang,long_output,412,79.02,24.14,779.13,30,38.50,1
sglang,long_output,413,69.94,24.87,791.28,30,37.91,1
sglang,long_output,414,64.10,23.80,1610.98,66,40.97,1
sglang,long_output,415,72.53,22.91,1584.41,67,42.29,1
sglang,long_output,416,65.65,23.98,785.09,31,39.49,1
sglang,long_output,417,58.78,23.27,1594.40,67,42.02,1
sglang,long_output,418,71.27,23.65,1608.59,66,41.03,1
sglang,long_output,419,62.78,24.16,787.62,31,39.36,1
sglang,long_output,420,69.86,24.24,796.98,31,38.90,1
sglang,long_output,421,79.26,22.89,788.73,32,40.57,1
sglang,long_output,422,56.57,24.34,810.99,32,39.46,1
sglang,long_output,423,54.88,24.50,814.50,32,39.29,1
sglang,long_output,424,75.95,22.61,799.36,33,41.28,1
sglang,long_output,425,57.24,23.42,806.53,33,40.92,1
sglang,long_output,426,70.55,22.94,804.63,33,41.01,1
sglang,long_output,427,65.85,22.30,801.78,34,42.41,1
sglang,long_output,428,68.25,22.53,811.61,34,41.89,1
sglang,long_output,429,65.06,22.36,802.98,34,42.34,1
sglang,long_output,430,59.16,21.90,803.67,35,43.55,1
sglang,long_output,431,53.16,21.97,800.26,35,43.74,1
sglang,long_output,432,55.74,22.00,803.65,35,43.55,1
sglang,long_output,433,51.18,21.85,816.00,36,44.12,1
sglang,long_output,434,52.49,21.94,820.54,36,43.87,1
sglang,long_output,435,66.87,23.20,878.83,36,40.96,1
sglang,long_output,436,58.65,22.92,883.69,37,41.87,1
sglang,long_output,437,90.05,22.60,903.70,37,40.94,1
sglang,long_output,438,72.39,23.22,908.34,37,40.73,1
sglang,long_output,439,67.53,22.88,914.18,38,41.57,1
sglang,long_output,440,86.17,22.41,915.47,38,41.51,1
sglang,long_output,441,103.06,21.22,909.39,39,42.89,1
sglang,long_output,442,115.04,21.71,918.34,38,41.38,1
sglang,long_output,443,105.59,21.39,918.37,39,42.47,1
sglang,long_output,444,108.53,21.40,921.79,39,42.31,1
sglang,long_output,445,97.21,21.26,926.53,40,43.17,1
sglang,long_output,446,94.00,21.16,919.13,40,43.52,1
sglang,long_output,447,94.33,21.35,926.82,40,43.16,1
sglang,long_output,448,82.99,21.36,937.36,41,43.74,1
sglang,long_output,449,86.52,21.45,944.54,41,43.41,1
sglang,long_output,450,83.71,21.64,949.19,41,43.19,1
sglang,long_output,451,79.04,22.55,1003.79,42,41.84,1
sglang,long_output,452,80.12,22.89,1018.59,42,41.23,1
sglang,long_output,453,79.02,23.03,1023.17,42,41.05,1
sglang,long_output,454,78.59,22.69,1031.60,43,41.68,1
sglang,long_output,455,55.68,22.39,995.90,43,43.18,1
sglang,long_output,456,55.36,22.57,1003.13,43,42.87,1
sglang,long_output,457,64.33,21.66,995.63,44,44.19,1
sglang,long_output,458,63.05,21.82,1001.45,44,43.94,1
sglang,long_output,459,66.17,21.81,1003.91,44,43.83,1
sglang,long_output,460,63.83,21.56,1012.62,45,44.44,1
sglang,long_output,461,51.68,21.62,1002.88,45,44.87,1
sglang,long_output,462,57.91,22.17,1033.46,45,43.54,1
sglang,long_output,463,83.46,20.92,1024.75,46,44.89,1
sglang,long_output,464,75.05,21.45,1040.40,46,44.21,1
sglang,long_output,465,72.17,21.61,1044.42,46,44.04,1
sglang,long_output,466,80.95,20.76,1035.89,47,45.37,1
sglang,long_output,467,81.29,20.88,1041.71,47,45.12,1
sglang,long_output,468,73.84,20.92,1035.96,47,45.37,1
sglang,long_output,469,69.07,20.75,1044.55,48,45.95,1
sglang,long_output,470,60.91,20.82,1039.27,48,46.19,1
sglang,long_output,471,69.96,20.93,1053.64,48,45.56,1
sglang,long_output,472,54.23,21.76,1098.68,49,44.60,1
sglang,long_output,473,57.04,21.94,1109.95,49,44.15,1
sglang,long_output,474,125.84,21.08,1137.59,49,43.07,1
sglang,long_output,475,121.33,20.83,1141.89,50,43.79,1
sglang,long_output,476,81.66,21.85,1152.52,50,43.38,1
sglang,long_output,477,115.55,21.03,1146.06,50,43.63,1
sglang,long_output,478,115.43,20.49,1139.93,51,44.74,1
sglang,long_output,479,119.30,20.74,1156.31,51,44.11,1
sglang,long_output,480,79.69,20.02,239.87,9,37.52,1
sglang,long_output,481,110.15,20.89,1154.55,51,44.17,1
sglang,long_output,482,59.62,23.43,247.03,9,36.43,1
sglang,long_output,483,67.63,23.51,255.72,9,35.19,1
sglang,long_output,484,101.36,20.73,1158.84,52,44.87,1
sglang,long_output,485,99.77,20.90,1165.44,52,44.62,1
sglang,long_output,486,71.86,20.12,252.96,10,39.53,1
sglang,long_output,487,57.73,20.47,241.94,10,41.33,1
sglang,long_output,488,98.00,20.95,1166.32,52,44.58,1
sglang,long_output,489,68.12,20.86,255.85,10,39.09,1
sglang,long_output,490,94.31,21.93,1234.72,53,42.92,1
sglang,long_output,491,50.52,25.81,308.65,11,35.64,1
sglang,long_output,492,47.58,26.45,312.05,11,35.25,1
sglang,long_output,493,64.05,23.35,297.57,11,36.97,1
sglang,long_output,494,52.03,26.37,342.12,12,35.08,1
sglang,long_output,495,79.11,22.70,1259.61,53,42.08,1
sglang,long_output,496,73.00,22.81,1258.89,53,42.10,1
sglang,long_output,497,65.69,22.42,1254.09,54,43.06,1
sglang,long_output,498,81.93,22.09,1252.91,54,43.10,1
sglang,long_output,499,69.51,22.67,1271.17,54,42.48,1
sglang,long_output,500,86.06,21.56,1250.10,55,44.00,1
sglang,long_output,501,73.50,22.09,1266.44,55,43.43,1
sglang,long_output,502,60.40,25.36,339.40,12,35.36,1
sglang,long_output,503,70.11,23.72,331.04,12,36.25,1
sglang,long_output,504,93.07,21.79,1269.86,55,43.31,1
sglang,long_output,505,84.24,21.51,1267.22,56,44.19,1
sglang,long_output,506,59.03,22.68,331.14,13,39.26,1
sglang,long_output,507,74.02,21.61,1262.84,56,44.34,1
sglang,long_output,508,81.14,20.84,331.18,13,39.25,1
sglang,long_output,509,82.19,21.35,338.41,13,38.41,1
sglang,long_output,510,55.74,22.08,1270.04,56,44.09,1
sglang,long_output,511,52.53,22.55,1315.06,57,43.34,1
sglang,long_output,512,67.84,25.16,394.91,14,35.45,1
sglang,long_output,513,60.17,22.67,1329.55,57,42.87,1
sglang,long_output,514,74.28,22.76,1348.70,57,42.26,1
sglang,long_output,515,69.25,26.51,413.82,14,33.83,1
sglang,long_output,516,66.43,24.61,410.95,15,36.50,1
sglang,long_output,517,67.05,24.91,415.84,15,36.07,1
sglang,long_output,518,70.00,27.11,422.47,14,33.14,1
sglang,long_output,519,62.34,25.03,412.78,15,36.34,1
sglang,long_output,520,54.08,24.21,417.24,16,38.35,1
sglang,long_output,521,52.89,24.21,415.97,16,38.46,1
sglang,long_output,522,53.46,24.72,424.26,16,37.71,1
sglang,long_output,523,50.05,23.52,426.34,17,39.87,1
sglang,long_output,524,49.28,24.27,437.58,17,38.85,1
sglang,long_output,525,66.36,25.52,474.63,17,35.82,1
sglang,long_output,526,57.11,23.25,1382.58,58,41.95,1
sglang,long_output,527,30.78,23.78,435.02,18,41.38,1
sglang,long_output,528,51.09,23.31,1380.03,58,42.03,1
sglang,long_output,529,59.41,25.91,499.91,18,36.01,1
sglang,long_output,530,81.64,25.08,508.05,18,35.43,1
sglang,long_output,531,46.13,24.22,482.08,19,39.41,1
sglang,long_output,532,52.11,23.29,1379.76,58,42.04,1
sglang,long_output,533,48.39,23.26,1397.59,59,42.22,1
sglang,long_output,534,79.69,22.56,1388.39,59,42.50,1
sglang,long_output,535,75.72,22.78,1396.69,59,42.24,1
sglang,long_output,536,57.46,22.57,1389.04,60,43.20,1
sglang,long_output,537,70.30,22.68,1408.61,60,42.60,1
sglang,long_output,538,67.05,22.86,478.53,19,39.70,1
sglang,long_output,539,70.01,22.78,1413.97,60,42.43,1
sglang,long_output,540,74.67,22.43,478.43,19,39.71,1
sglang,long_output,541,64.55,23.30,1462.61,61,41.71,1
sglang,long_output,542,58.75,23.70,1481.02,61,41.19,1
sglang,long_output,543,51.98,22.88,1447.56,62,42.83,1
sglang,long_output,544,53.11,22.91,1450.81,62,42.73,1
sglang,long_output,545,95.18,23.98,550.82,20,36.31,1
sglang,long_output,546,65.46,23.66,1485.33,61,41.07,1
sglang,long_output,547,71.04,26.14,567.74,20,35.23,1
sglang,long_output,548,60.87,22.89,541.57,22,40.62,1
sglang,long_output,549,93.77,23.13,556.33,21,37.75,1
sglang,long_output,550,68.84,26.42,570.86,20,35.04,1
sglang,long_output,551,88.78,23.06,549.92,21,38.19,1
sglang,long_output,552,86.88,23.42,555.29,21,37.82,1
sglang,long_output,553,53.62,23.58,1492.05,62,41.55,1
sglang,long_output,554,81.73,22.78,560.07,22,39.28,1
sglang,long_output,555,45.68,23.02,1472.90,63,42.77,1
sglang,long_output,556,75.14,23.04,558.98,22,39.36,1
sglang,long_output,557,70.86,22.12,557.57,23,41.25,1
sglang,long_output,558,71.20,22.08,556.94,23,41.30,1
sglang,long_output,559,75.44,22.26,565.23,23,40.69,1
sglang,long_output,560,68.43,21.68,567.08,24,42.32,1
sglang,long_output,561,62.02,22.10,570.28,24,42.08,1
sglang,long_output,562,85.25,23.75,1557.66,63,40.45,1
sglang,long_output,563,84.89,23.60,1548.10,63,40.69,1
sglang,long_output,564,80.74,23.31,1549.13,64,41.31,1
sglang,long_output,565,64.38,23.41,1539.40,64,41.57,1
sglang,long_output,566,121.57,23.00,650.59,24,36.89,1
sglang,long_output,567,120.94,22.65,664.66,25,37.61,1
sglang,long_output,568,120.74,22.50,660.66,25,37.84,1
sglang,long_output,569,109.82,22.89,659.23,25,37.92,1
sglang,long_output,570,102.15,24.65,718.40,26,36.19,1
sglang,long_output,571,75.97,25.91,723.64,26,35.93,1
sglang,long_output,572,97.30,25.01,722.43,26,35.99,1
sglang,long_output,573,90.39,23.92,712.42,27,37.90,1
sglang,long_output,574,108.28,24.14,736.02,27,36.68,1
sglang,long_output,575,105.49,24.31,737.68,27,36.60,1
sglang,long_output,576,74.85,23.69,714.53,28,39.19,1
sglang,long_output,577,82.86,23.66,721.80,28,38.79,1
sglang,long_output,578,88.18,23.91,733.79,28,38.16,1
sglang,long_output,579,63.36,23.95,1572.30,64,40.70,1
sglang,long_output,580,67.56,23.42,723.35,29,40.09,1
sglang,long_output,581,73.08,23.50,1577.13,65,41.21,1
sglang,long_output,582,54.75,23.97,1589.08,65,40.90,1
sglang,long_output,583,65.44,23.74,1584.63,65,41.02,1
sglang,long_output,584,60.24,24.58,1657.70,66,39.81,1
sglang,long_output,585,53.95,24.50,1646.35,66,40.09,1
sglang,long_output,586,53.31,24.52,1646.80,66,40.08,1
sglang,long_output,587,50.87,25.67,769.56,29,37.68,1
sglang,long_output,588,78.96,25.62,796.38,29,36.41,1
sglang,long_output,589,90.11,23.72,1655.68,67,40.47,1
sglang,long_output,590,78.59,25.58,820.50,30,36.56,1
sglang,long_output,591,65.40,25.53,805.67,30,37.24,1
sglang,long_output,592,57.56,24.46,1671.63,67,40.08,1
sglang,long_output,593,69.06,25.68,813.90,30,36.86,1
sglang,long_output,594,60.77,25.20,816.70,31,37.96,1
sglang,long_output,595,75.05,25.25,832.42,31,37.24,1
sglang,long_output,596,83.08,24.86,828.85,31,37.40,1
sglang,long_output,597,73.85,23.50,802.40,32,39.88,1
sglang,long_output,598,87.83,23.72,823.27,32,38.87,1
sglang,long_output,599,84.42,23.90,825.39,32,38.77,1
sglang,long_output,600,62.30,23.04,799.71,33,41.26,1
sglang,long_output,601,59.28,23.24,803.09,33,41.09,1
sglang,long_output,602,70.82,23.40,819.50,33,40.27,1
sglang,long_output,603,56.61,23.15,820.58,34,41.43,1
sglang,long_output,604,54.13,23.21,820.07,34,41.46,1
sglang,long_output,605,74.98,23.67,879.74,35,39.78,1
sglang,long_output,606,119.66,23.45,893.43,34,38.06,1
sglang,long_output,607,129.27,22.30,887.57,35,39.43,1
sglang,long_output,608,134.65,22.36,894.78,35,39.12,1
sglang,long_output,609,126.45,22.01,896.78,36,40.14,1
sglang,long_output,610,143.23,21.84,907.68,36,39.66,1
sglang,long_output,611,121.79,22.43,906.94,36,39.69,1
sglang,long_output,612,135.53,21.54,911.06,37,40.61,1
sglang,long_output,613,122.14,22.06,916.39,37,40.38,1
sglang,long_output,614,121.34,22.15,918.91,37,40.26,1
sglang,long_output,615,105.67,23.65,980.81,38,38.74,1
sglang,long_output,616,112.45,23.67,988.11,38,38.46,1
sglang,long_output,617,115.65,23.76,994.68,38,38.20,1
sglang,long_output,618,104.32,23.37,992.26,39,39.30,1
sglang,long_output,619,94.56,23.62,991.94,39,39.32,1
sglang,long_output,620,73.57,24.34,998.40,39,39.06,1
sglang,long_output,621,103.12,22.66,986.68,40,40.54,1
sglang,long_output,622,95.69,23.10,996.53,40,40.14,1
sglang,long_output,623,110.24,22.89,1003.02,40,39.88,1
sglang,long_output,624,91.01,22.62,995.89,41,41.17,1
sglang,long_output,625,97.54,22.62,1002.48,41,40.90,1
sglang,long_output,626,57.30,23.55,999.36,41,41.03,1
sglang,long_output,627,69.51,22.64,997.78,42,42.09,1
sglang,long_output,628,54.47,23.25,1007.84,42,41.67,1
sglang,long_output,629,62.91,22.81,998.04,42,42.08,1
sglang,long_output,630,50.76,22.41,991.99,43,43.35,1
sglang,long_output,631,52.82,22.22,986.02,43,43.61,1
sglang,long_output,632,50.26,22.26,985.33,43,43.64,1
sglang,long_output,633,47.94,22.08,997.53,44,44.11,1
sglang,long_output,634,78.78,22.57,1049.49,44,41.92,1
sglang,long_output,635,71.19,22.65,1045.17,44,42.10,1
sglang,long_output,636,81.47,21.83,1042.09,45,43.18,1
sglang,long_output,637,87.98,21.89,1051.15,45,42.81,1
sglang,long_output,638,72.09,22.05,1042.22,45,43.18,1
sglang,long_output,639,90.63,21.18,1043.82,46,44.07,1
sglang,long_output,640,86.15,21.35,1046.68,46,43.95,1
sglang,long_output,641,65.64,21.85,1048.81,46,43.86,1
sglang,long_output,642,66.41,21.11,1037.36,47,45.31,1
sglang,long_output,643,77.14,21.11,1048.29,47,44.83,1
sglang,long_output,644,81.23,21.26,1059.08,47,44.38,1
sglang,long_output,645,53.31,22.07,1090.68,48,44.01,1
sglang,long_output,646,63.19,22.00,1097.23,48,43.75,1
sglang,long_output,647,53.97,22.11,1093.22,48,43.91,1
sglang,long_output,648,60.11,21.65,1099.39,49,44.57,1
sglang,long_output,649,58.44,21.67,1098.76,49,44.60,1
sglang,long_output,650,62.68,21.89,1113.49,49,44.01,1
sglang,long_output,651,56.69,18.03,200.96,9,44.78,1
sglang,long_output,652,50.32,18.19,195.84,9,45.95,1
sglang,long_output,653,56.44,18.52,204.63,9,43.98,1
sglang,long_output,654,45.06,21.29,1088.03,50,45.95,1
sglang,long_output,655,40.13,17.95,201.66,10,49.59,1
sglang,long_output,656,49.97,18.29,214.62,10,46.59,1
sglang,long_output,657,46.62,21.90,1119.72,50,44.65,1
sglang,long_output,658,76.90,21.44,1127.26,50,44.36,1
sglang,long_output,659,72.33,21.25,1134.93,51,44.94,1
sglang,long_output,660,72.21,21.36,1140.00,51,44.74,1
sglang,long_output,661,63.86,21.91,261.03,10,38.31,1
sglang,long_output,662,71.33,21.39,1140.89,51,44.70,1
sglang,long_output,663,61.70,23.18,293.48,11,37.48,1
sglang,long_output,664,58.82,21.67,1163.80,52,44.68,1
sglang,long_output,665,56.00,23.70,293.01,11,37.54,1
sglang,long_output,666,69.24,21.77,1179.53,52,44.09,1
sglang,long_output,667,61.41,24.48,306.22,11,35.92,1
sglang,long_output,668,63.16,21.93,1181.43,52,44.01,1
sglang,long_output,669,80.91,22.22,325.35,12,36.88,1
sglang,long_output,670,70.39,22.32,315.95,12,37.98,1
sglang,long_output,671,49.87,22.59,298.42,12,40.21,1
sglang,long_output,672,63.24,21.43,1177.36,53,45.02,1
sglang,long_output,673,55.08,21.85,1191.50,53,44.48,1
sglang,long_output,674,70.24,21.51,1188.70,53,44.59,1
sglang,long_output,675,48.48,21.64,308.13,13,42.19,1
sglang,long_output,676,48.26,21.66,308.23,13,42.18,1
sglang,long_output,677,38.29,21.79,299.78,13,43.36,1
sglang,long_output,678,73.05,21.10,1191.35,54,45.33,1
sglang,long_output,679,72.47,21.15,1193.61,54,45.24,1
sglang,long_output,680,35.37,21.24,311.49,14,44.95,1
sglang,long_output,681,67.95,21.22,1192.73,54,45.27,1
sglang,long_output,682,30.67,21.67,312.38,14,44.82,1
sglang,long_output,683,58.23,22.05,1248.76,55,44.04,1
sglang,long_output,684,46.57,22.18,1244.17,55,44.21,1
sglang,long_output,685,43.87,22.26,1245.89,55,44.15,1
sglang,long_output,686,56.12,24.11,369.58,14,37.88,1
sglang,long_output,687,29.42,24.29,369.53,15,40.59,1
sglang,long_output,688,48.52,23.12,372.14,15,40.31,1
sglang,long_output,689,46.39,23.28,372.26,15,40.29,1
sglang,long_output,690,45.41,25.01,420.63,16,38.04,1
sglang,long_output,691,42.53,25.37,423.06,16,37.82,1
sglang,long_output,692,53.63,24.01,413.83,16,38.66,1
sglang,long_output,693,49.35,22.75,413.32,17,41.13,1
sglang,long_output,694,49.92,23.28,422.36,17,40.25,1
sglang,long_output,695,55.88,23.24,427.73,17,39.74,1
sglang,long_output,696,58.81,22.64,1303.95,56,42.95,1
sglang,long_output,697,64.80,22.67,1311.39,56,42.70,1
sglang,long_output,698,75.82,22.31,1302.67,56,42.99,1
sglang,long_output,699,66.76,22.80,1343.32,57,42.43,1
sglang,long_output,700,80.30,22.44,1336.67,57,42.64,1
sglang,long_output,701,70.72,22.64,1338.50,57,42.58,1
sglang,long_output,702,56.16,22.37,1331.24,58,43.57,1
sglang,long_output,703,54.76,22.44,1333.81,58,43.48,1
sglang,long_output,704,69.41,22.45,1348.90,58,43.00,1
sglang,long_output,705,54.37,22.24,1344.33,59,43.89,1
sglang,long_output,706,62.80,25.50,496.24,18,36.27,1
sglang,long_output,707,67.23,24.72,487.48,18,36.92,1
sglang,long_output,708,84.49,23.34,481.24,18,37.40,1
sglang,long_output,709,81.98,22.16,480.78,19,39.52,1
sglang,long_output,710,76.64,22.43,480.45,19,39.55,1
sglang,long_output,711,82.19,22.88,494.06,19,38.46,1
sglang,long_output,712,69.44,22.03,488.03,20,40.98,1
sglang,long_output,713,68.70,22.08,488.20,20,40.97,1
sglang,long_output,714,72.92,22.34,1368.41,59,43.12,1
sglang,long_output,715,72.75,22.41,498.56,20,40.12,1
sglang,long_output,716,59.65,21.24,484.35,21,43.36,1
sglang,long_output,717,68.72,21.33,495.38,21,42.39,1
sglang,long_output,718,70.70,22.09,1373.97,60,43.67,1
sglang,long_output,719,90.38,21.51,1359.27,60,44.14,1
sglang,long_output,720,63.34,21.93,501.86,21,41.84,1
sglang,long_output,721,74.64,22.68,1389.86,59,42.45,1
sglang,long_output,722,96.37,21.72,1377.87,60,43.55,1
sglang,long_output,723,69.15,21.80,1377.32,61,44.29,1
sglang,long_output,724,83.34,21.48,1371.89,61,44.46,1
sglang,long_output,725,86.82,21.53,1378.53,61,44.25,1
sglang,long_output,726,54.35,21.62,508.35,22,43.28,1
sglang,long_output,727,51.85,21.88,511.35,22,43.02,1
sglang,long_output,728,56.65,21.92,517.07,22,42.55,1
sglang,long_output,729,63.71,22.50,1436.29,62,43.17,1
sglang,long_output,730,48.85,24.28,582.95,23,39.45,1
sglang,long_output,731,57.61,22.93,1456.53,62,42.57,1
sglang,long_output,732,67.29,22.62,1447.22,62,42.84,1
sglang,long_output,733,70.37,24.38,606.67,23,37.91,1
sglang,long_output,734,59.78,24.78,604.91,23,38.02,1
sglang,long_output,735,58.48,23.91,608.50,24,39.44,1
sglang,long_output,736,68.12,22.10,1438.27,63,43.80,1
sglang,long_output,737,53.34,22.48,1446.84,63,43.54,1
sglang,long_output,738,55.44,22.44,571.57,24,41.99,1
sglang,long_output,739,54.70,23.77,601.47,24,39.90,1
sglang,long_output,740,62.58,22.32,1446.41,63,43.56,1
sglang,long_output,741,39.49,23.02,592.05,25,42.23,1
sglang,long_output,742,68.31,22.31,1474.05,64,43.42,1
sglang,long_output,743,59.59,22.32,1465.70,64,43.67,1
sglang,long_output,744,77.37,22.34,1484.93,64,43.10,1
sglang,long_output,745,34.39,23.49,598.25,25,41.79,1
sglang,long_output,746,58.19,22.60,1504.81,65,43.19,1
sglang,long_output,747,42.32,22.63,1490.86,65,43.60,1
sglang,long_output,748,69.18,24.93,667.58,25,37.45,1
sglang,long_output,749,60.31,23.51,647.96,26,40.13,1
sglang,long_output,750,66.41,24.48,678.39,26,38.33,1
sglang,long_output,751,56.63,23.75,650.34,26,39.98,1
sglang,long_output,752,42.22,22.96,639.26,27,42.24,1
sglang,long_output,753,48.91,23.11,649.70,27,41.56,1
sglang,long_output,754,48.15,23.41,656.93,27,41.10,1
sglang,long_output,755,35.41,23.04,657.57,28,42.58,1
sglang,long_output,756,39.15,23.26,667.07,28,41.97,1
sglang,long_output,757,57.77,23.56,1565.38,65,41.52,1
sglang,long_output,758,66.80,23.00,1561.71,66,42.26,1
sglang,long_output,759,69.30,23.10,1570.66,66,42.02,1
sglang,long_output,760,54.41,23.50,1581.65,66,41.73,1
sglang,long_output,761,56.82,22.98,1573.61,67,42.58,1
sglang,long_output,762,61.63,23.01,1580.18,67,42.40,1
sglang,long_output,763,76.46,25.78,772.48,28,36.25,1
sglang,long_output,764,74.84,25.11,777.79,29,37.29,1
sglang,long_output,765,65.02,25.40,776.12,29,37.37,1
sglang,long_output,766,68.62,25.12,771.92,29,37.57,1
sglang,long_output,767,62.00,24.53,773.32,30,38.79,1
sglang,long_output,768,48.44,24.63,762.77,30,39.33,1
sglang,long_output,769,64.52,24.62,778.38,30,38.54,1
sglang,long_output,770,72.44,24.71,813.70,31,38.10,1
sglang,long_output,771,76.97,24.91,824.36,31,37.60,1
sglang,long_output,772,70.33,25.05,821.80,31,37.72,1
sglang,long_output,773,67.15,24.41,824.01,32,38.83,1
sglang,long_output,774,73.00,23.92,814.56,32,39.29,1
sglang,long_output,775,62.02,24.56,823.34,32,38.87,1
sglang,long_output,776,85.98,22.84,816.86,33,40.40,1
sglang,long_output,777,89.09,22.89,821.53,33,40.17,1
sglang,long_output,778,96.84,22.82,826.98,33,39.90,1
sglang,long_output,779,86.91,22.51,829.75,34,40.98,1
sglang,long_output,780,83.20,22.65,830.66,34,40.93,1
sglang,long_output,781,83.24,22.80,835.48,34,40.70,1
sglang,long_output,782,73.44,22.38,834.48,35,41.94,1
sglang,long_output,783,75.08,22.48,839.26,35,41.70,1
sglang,long_output,784,82.79,22.43,845.52,35,41.39,1
sglang,long_output,785,69.14,23.77,901.20,36,39.95,1
sglang,long_output,786,72.68,23.54,896.47,36,40.16,1
sglang,long_output,787,68.31,24.11,912.05,36,39.47,1
sglang,long_output,788,63.34,23.34,903.49,37,40.95,1
sglang,long_output,789,69.72,23.40,912.15,37,40.56,1
sglang,long_output,790,69.89,23.65,921.17,37,40.17,1
sglang,long_output,791,58.60,23.14,914.80,38,41.54,1
sglang,long_output,792,61.20,23.18,918.82,38,41.36,1
sglang,long_output,793,71.17,24.03,960.29,38,39.57,1
sglang,long_output,794,63.66,23.75,966.32,39,40.36,1
sglang,long_output,795,64.17,23.82,969.28,39,40.24,1
sglang,long_output,796,70.11,23.87,977.06,39,39.92,1
sglang,long_output,797,63.94,23.62,985.09,40,40.61,1
sglang,long_output,798,55.05,23.76,981.57,40,40.75,1
sglang,long_output,799,56.21,23.59,976.27,40,40.97,1
sglang,long_output,800,68.10,22.53,969.37,41,42.30,1
sglang,long_output,801,60.53,22.66,967.09,41,42.40,1
sglang,long_output,802,56.27,22.80,968.08,41,42.35,1
sglang,long_output,803,51.22,22.48,972.74,42,43.18,1
sglang,long_output,804,56.19,22.58,981.78,42,42.78,1
sglang,long_output,805,55.90,23.03,999.97,42,42.00,1
sglang,long_output,806,51.10,22.89,1012.27,43,42.48,1
sglang,long_output,807,52.40,23.03,1019.67,43,42.17,1
sglang,long_output,808,48.03,23.09,1017.79,43,42.25,1
sglang,long_output,809,46.58,22.67,1021.53,44,43.07,1
sglang,long_output,810,50.21,23.40,1056.44,44,41.65,1
sglang,long_output,811,49.32,23.43,1056.88,44,41.63,1
sglang,long_output,812,72.13,22.87,1078.54,45,41.72,1
sglang,long_output,813,65.04,22.95,1074.90,45,41.86,1
sglang,long_output,814,58.86,23.59,1096.69,45,41.03,1
sglang,long_output,815,57.59,22.67,1077.87,46,42.68,1
sglang,long_output,816,63.72,22.88,1093.12,46,42.08,1
sglang,long_output,817,62.47,22.72,1084.73,46,42.41,1
sglang,long_output,818,35.32,22.29,1060.44,47,44.32,1
sglang,long_output,819,56.86,22.43,1088.65,47,43.17,1
sglang,long_output,820,40.67,22.58,1079.16,47,43.55,1
sglang,long_output,821,61.23,22.02,1096.34,48,43.78,1
sglang,long_output,822,55.42,22.47,1111.72,48,43.18,1
sglang,long_output,823,67.78,22.18,1110.39,48,43.23,1
sglang,long_output,824,49.15,21.72,1091.50,49,44.89,1
sglang,long_output,825,62.35,21.73,1105.22,49,44.33,1
sglang,long_output,826,48.51,21.97,1103.07,49,44.42,1
sglang,long_output,827,78.66,21.07,1111.32,50,44.99,1
sglang,long_output,828,68.89,21.26,1110.42,50,45.03,1
sglang,long_output,829,66.99,19.97,226.75,9,39.69,1
sglang,long_output,830,72.12,19.92,231.47,9,38.88,1
sglang,long_output,831,67.06,20.51,231.10,9,38.94,1
sglang,long_output,832,53.39,22.02,1132.13,50,44.16,1
sglang,long_output,833,56.38,21.07,1110.10,51,45.94,1
sglang,long_output,834,55.43,21.32,1121.56,51,45.47,1
sglang,long_output,835,61.55,19.36,235.75,10,42.42,1
sglang,long_output,836,57.57,20.89,1122.97,52,46.31,1
sglang,long_output,837,59.99,21.36,1128.20,51,45.20,1
sglang,long_output,838,51.87,21.39,244.38,10,40.92,1
sglang,long_output,839,78.32,19.94,257.75,10,38.80,1
sglang,long_output,840,69.28,19.11,260.43,11,42.24,1
sglang,long_output,841,65.00,19.59,260.92,11,42.16,1
sglang,long_output,842,76.98,19.59,272.91,11,40.31,1
sglang,long_output,843,54.45,18.51,258.08,12,46.50,1
sglang,long_output,844,63.95,18.85,271.26,12,44.24,1
sglang,long_output,845,79.40,21.10,1155.68,52,45.00,1
sglang,long_output,846,73.91,21.17,1153.33,52,45.09,1
sglang,long_output,847,63.03,21.63,1187.56,53,44.63,1
sglang,long_output,848,66.57,21.77,1198.68,53,44.22,1
sglang,long_output,849,74.77,21.80,1208.58,53,43.85,1
sglang,long_output,850,70.55,21.22,1195.48,54,45.17,1
sglang,long_output,851,62.13,21.62,1208.12,54,44.70,1
sglang,long_output,852,67.33,21.31,1196.74,54,45.12,1
sglang,long_output,853,77.71,20.53,1186.56,55,46.35,1
sglang,long_output,854,48.77,21.15,1191.04,55,46.18,1
sglang,long_output,855,66.05,21.19,1210.13,55,45.45,1
sglang,long_output,856,60.18,20.45,1184.80,56,47.27,1
sglang,long_output,857,68.37,20.51,1196.35,56,46.81,1
sglang,long_output,858,57.54,20.59,1189.94,56,47.06,1
sglang,long_output,859,56.83,20.40,1199.51,57,47.52,1
sglang,long_output,860,89.30,20.30,312.56,12,38.39,1
sglang,long_output,861,80.48,23.71,365.04,13,35.61,1
sglang,long_output,862,89.33,22.85,363.56,13,35.76,1
sglang,long_output,863,90.45,21.53,370.34,14,37.80,1
sglang,long_output,864,80.02,24.78,377.41,13,34.44,1
sglang,long_output,865,83.92,22.45,375.75,14,37.26,1
sglang,long_output,866,80.59,22.55,373.70,14,37.46,1
sglang,long_output,867,68.91,20.98,362.59,15,41.37,1
sglang,long_output,868,75.28,20.62,1229.97,57,46.34,1
sglang,long_output,869,78.47,21.97,386.06,15,38.85,1
sglang,long_output,870,81.09,20.17,1230.98,58,47.12,1
sglang,long_output,871,61.18,20.47,1227.85,58,47.24,1
sglang,long_output,872,62.01,21.21,1249.60,57,45.61,1
sglang,long_output,873,57.73,20.51,1226.87,58,47.27,1
sglang,long_output,874,65.07,21.25,383.76,16,41.69,1
sglang,long_output,875,76.87,22.87,397.12,15,37.77,1
sglang,long_output,876,56.90,21.72,382.72,16,41.81,1
sglang,long_output,877,61.37,20.14,1229.75,59,47.98,1
sglang,long_output,878,56.16,20.14,1224.34,59,48.19,1
sglang,long_output,879,57.68,20.24,1231.88,59,47.89,1
sglang,long_output,880,53.32,24.48,420.48,16,38.05,1
sglang,long_output,881,66.17,22.44,425.28,17,39.97,1
sglang,long_output,882,60.37,22.54,420.96,17,40.38,1
sglang,long_output,883,60.87,22.52,421.23,17,40.36,1
sglang,long_output,884,47.20,21.64,415.04,18,43.37,1
sglang,long_output,885,33.47,22.00,407.41,18,44.18,1
sglang,long_output,886,49.80,22.22,427.46,18,42.11,1
sglang,long_output,887,52.47,20.65,1270.69,60,47.22,1
sglang,long_output,888,57.87,20.89,1290.23,60,46.50,1
sglang,long_output,889,29.89,21.88,423.79,19,44.83,1
sglang,long_output,890,51.70,20.84,1281.08,60,46.84,1
sglang,long_output,891,48.15,21.53,1339.91,61,45.53,1
sglang,long_output,892,86.24,24.28,523.27,19,36.31,1
sglang,long_output,893,94.93,24.40,534.20,19,35.57,1
sglang,long_output,894,62.58,21.42,1347.79,61,45.26,1
sglang,long_output,895,80.93,23.87,534.48,20,37.42,1
sglang,long_output,896,79.49,21.20,1351.61,61,45.13,1
sglang,long_output,897,70.83,24.10,528.68,20,37.83,1
sglang,long_output,898,75.00,24.05,531.90,20,37.60,1
sglang,long_output,899,79.53,22.10,521.48,21,40.27,1
sglang,long_output,900,49.42,21.06,1333.78,62,46.48,1
sglang,long_output,901,68.32,23.45,537.38,21,39.08,1
sglang,long_output,902,87.00,22.43,535.57,21,39.21,1
sglang,long_output,903,62.07,20.98,1341.71,62,46.21,1
sglang,long_output,904,78.13,21.17,1369.70,62,45.27,1
sglang,long_output,905,73.40,21.77,530.53,22,41.47,1
sglang,long_output,906,75.07,21.77,532.32,22,41.33,1
sglang,long_output,907,69.52,21.98,531.19,22,41.42,1
sglang,long_output,908,44.28,21.03,1347.87,63,46.74,1
sglang,long_output,909,45.72,20.90,1341.38,63,46.97,1
sglang,long_output,910,38.92,21.01,1341.25,63,46.97,1
sglang,long_output,911,41.70,22.12,528.30,23,43.54,1
sglang,long_output,912,51.57,22.38,544.04,23,42.28,1
sglang,long_output,913,65.84,22.65,564.20,23,40.77,1
sglang,long_output,914,57.78,21.37,1404.36,64,45.57,1
sglang,long_output,915,65.68,21.42,1415.06,64,45.23,1
sglang,long_output,916,62.90,21.89,1442.23,64,44.38,1
sglang,long_output,917,55.40,21.39,1424.55,65,45.63,1
sglang,long_output,918,55.74,21.47,1429.64,65,45.47,1
sglang,long_output,919,72.90,24.33,632.46,24,37.95,1
sglang,long_output,920,83.47,23.56,625.33,24,38.38,1
sglang,long_output,921,74.36,24.45,636.64,24,37.70,1
sglang,long_output,922,74.91,22.99,626.72,25,39.89,1
sglang,long_output,923,79.08,22.99,630.89,25,39.63,1
sglang,long_output,924,73.27,23.22,630.46,25,39.65,1
sglang,long_output,925,86.10,21.84,632.17,26,41.13,1
sglang,long_output,926,91.71,22.15,645.56,26,40.28,1
sglang,long_output,927,80.05,22.43,640.73,26,40.58,1
sglang,long_output,928,73.74,23.77,691.89,27,39.02,1
sglang,long_output,929,74.12,24.12,701.34,27,38.50,1
sglang,long_output,930,80.77,24.13,708.24,27,38.12,1
sglang,long_output,931,69.68,22.07,1482.01,65,43.86,1
sglang,long_output,932,69.06,23.63,707.14,28,39.60,1
sglang,long_output,933,66.65,23.92,712.60,28,39.29,1
sglang,long_output,934,68.69,23.92,714.42,28,39.19,1
sglang,long_output,935,59.20,22.05,1492.56,66,44.22,1
sglang,long_output,936,64.08,23.33,717.28,29,40.43,1
sglang,long_output,937,62.29,23.31,714.94,29,40.56,1
sglang,long_output,938,61.44,23.38,716.08,29,40.50,1
sglang,long_output,939,57.49,22.80,718.73,30,41.74,1
sglang,long_output,940,75.18,21.88,1497.27,66,44.08,1
sglang,long_output,941,89.78,21.73,1502.45,66,43.93,1
sglang,long_output,942,77.64,21.62,1504.69,67,44.53,1
sglang,long_output,943,85.01,21.60,1510.69,67,44.35,1
sglang,long_output,944,58.38,23.22,731.63,30,41.00,1
sglang,long_output,945,63.08,22.64,719.57,30,41.69,1
sglang,long_output,946,63.83,22.09,726.56,31,42.67,1
sglang,long_output,947,58.45,22.21,724.82,31,42.77,1
sglang,long_output,948,61.87,22.27,729.92,31,42.47,1
sglang,long_output,949,64.81,21.23,722.79,32,44.27,1
sglang,long_output,950,57.15,21.39,720.11,32,44.44,1
sglang,long_output,951,45.14,22.09,730.00,32,43.84,1
sglang,long_output,952,46.53,20.92,715.82,33,46.10,1
sglang,long_output,953,52.03,21.11,727.60,33,45.35,1
sglang,long_output,954,47.79,21.16,724.76,33,45.53,1
sglang,long_output,955,53.96,20.22,721.26,34,47.14,1
sglang,long_output,956,53.63,19.32,691.26,34,49.19,1
sglang,long_output,957,50.67,19.57,696.51,34,48.81,1
sglang,long_output,958,77.24,18.49,705.75,35,49.59,1
sglang,long_output,959,97.10,17.74,700.19,35,49.99,1
sglang,long_output,960,92.01,17.89,700.29,35,49.98,1
sglang,long_output,961,88.31,17.68,707.18,36,50.91,1
sglang,long_output,962,86.42,17.68,705.34,36,51.04,1
sglang,long_output,963,89.41,17.81,712.75,36,50.51,1
sglang,long_output,964,82.98,17.46,711.52,37,52.00,1
sglang,long_output,965,81.70,17.56,714.01,37,51.82,1
sglang,long_output,966,85.37,17.55,717.27,37,51.58,1
sglang,long_output,967,74.18,17.39,717.63,38,52.95,1
sglang,long_output,968,93.56,16.84,716.56,38,53.03,1
sglang,long_output,969,74.46,17.48,721.18,38,52.69,1
sglang,long_output,970,88.42,16.71,723.46,39,53.91,1
sglang,long_output,971,66.09,17.25,721.71,39,54.04,1
sglang,long_output,972,85.26,16.70,720.01,39,54.17,1
sglang,long_output,973,76.18,16.52,720.54,40,55.51,1
sglang,long_output,974,60.73,16.61,708.55,40,56.45,1
sglang,long_output,975,80.26,16.61,727.92,40,54.95,1
sglang,long_output,976,60.85,16.10,704.89,41,58.17,1
sglang,long_output,977,60.77,16.37,715.50,41,57.30,1
sglang,long_output,978,78.10,14.98,677.17,41,60.55,1
sglang,long_output,979,84.79,14.47,677.95,42,61.95,1
sglang,long_output,980,96.74,14.44,688.92,42,60.97,1
sglang,long_output,981,76.95,14.46,669.82,42,62.70,1
sglang,long_output,982,82.96,13.76,660.94,43,65.06,1
sglang,long_output,983,82.02,13.83,662.99,43,64.86,1
sglang,long_output,984,86.70,13.86,668.78,43,64.30,1
sglang,long_output,985,70.06,13.74,660.83,44,66.58,1
sglang,long_output,986,73.14,13.75,664.33,44,66.23,1
sglang,long_output,987,80.97,13.73,671.43,44,65.53,1
sglang,long_output,988,65.30,13.66,666.34,45,67.53,1
sglang,long_output,989,51.96,13.57,649.19,45,69.32,1
sglang,long_output,990,56.98,13.60,655.54,45,68.65,1
sglang,long_output,991,45.75,13.49,652.81,46,70.46,1
sglang,long_output,992,93.26,12.45,653.35,46,70.41,1
sglang,long_output,993,84.91,12.46,645.61,46,71.25,1
sglang,long_output,994,83.51,12.15,642.30,47,73.17,1
sglang,long_output,995,75.42,12.43,647.22,47,72.62,1
sglang,long_output,996,80.44,12.42,651.92,47,72.10,1
sglang,long_output,997,70.01,12.32,648.91,48,73.97,1
sglang,long_output,998,66.26,12.39,648.44,48,74.02,1
sglang,long_output,999,76.18,12.10,644.95,48,74.42,1
