model,meta-llama/Meta-Llama-3.1-70B-Instruct
tensor_parallel_size,8
timestamp,2026-06-14T03:02:47.731939

Build Times
provider,build_time_s
torchinferno,380.4
vllm,1306.4
sglang,211.2

few_shot
metric,torchinferno,vllm,sglang,winner
ttft_median_ms,313.70,168.96,144.83,sglang
ttft_p99_ms,2583.56,303.40,593.82,vllm
tpot_median_ms,96.02,58.37,75.99,vllm
tpot_p99_ms,634.98,149.68,390.14,vllm
e2e_median_ms,400.65,224.63,211.66,sglang
e2e_p99_ms,2674.20,357.56,900.17,vllm
throughput_median_tps,3.11,6.74,5.67,vllm
total_output_tokens,1460,1462,1461,vllm
num_requests,1000,1000,1000,
correctness_rate,0.98,0.98,0.98,vllm

self_consistency
metric,torchinferno,vllm,sglang,winner
ttft_median_ms,317.36,199.51,207.83,vllm
ttft_p99_ms,633.89,409.03,70988.28,vllm
tpot_median_ms,0.00,0.00,0.00,torchinferno
tpot_p99_ms,0.00,0.00,0.00,torchinferno
e2e_median_ms,433.58,225.29,343.77,vllm
e2e_p99_ms,792.26,479.90,71100.58,vllm
throughput_median_tps,2.31,4.44,2.91,vllm
total_output_tokens,1000,1000,1000,torchinferno
num_requests,1000,1000,1000,
correctness_rate,1.00,1.00,1.00,torchinferno
unique_final_answers,1,1,1,torchinferno

multi_turn
metric,torchinferno,vllm,sglang,winner
ttft_median_ms,705.27,175.87,165.19,sglang
ttft_p99_ms,2149.23,340.93,686.82,vllm
tpot_median_ms,69.89,66.53,102.26,vllm
tpot_p99_ms,196.91,196.19,206.13,vllm
e2e_median_ms,779.10,232.59,264.91,vllm
e2e_p99_ms,2179.67,429.76,741.56,vllm
throughput_median_tps,1.62,6.09,5.11,vllm
total_output_tokens,1450,1448,1450,torchinferno
num_requests,1000,1000,1000,
correctness_rate,0.98,0.98,0.98,vllm
ttft_first_turn_ms,722.62,144.05,110.13,sglang
ttft_last_turn_ms,788.04,169.51,191.19,vllm
ttft_growth_ratio,1.09,1.18,1.74,torchinferno

tree_of_thought
metric,torchinferno,vllm,sglang,winner
ttft_median_ms,293.87,59.21,83.79,vllm
ttft_p99_ms,1005.20,129.47,919.55,vllm
tpot_median_ms,63.39,27.82,55.11,vllm
tpot_p99_ms,351.93,78.05,150.21,vllm
e2e_median_ms,346.19,79.80,148.32,vllm
e2e_p99_ms,1152.99,183.43,963.16,vllm
throughput_median_tps,4.08,15.46,9.33,vllm
total_output_tokens,1481,1471,1462,torchinferno
num_requests,992,992,992,
correctness_rate,0.97,0.97,0.97,vllm

long_output
metric,torchinferno,vllm,sglang,winner
ttft_median_ms,335.25,65.84,65.76,sglang
ttft_p99_ms,1306.49,133.86,131.71,sglang
tpot_median_ms,21.83,15.16,22.53,vllm
tpot_p99_ms,42.30,23.37,27.65,vllm
e2e_median_ms,1134.83,612.92,847.92,vllm
e2e_p99_ms,2192.51,1009.63,1591.61,vllm
throughput_median_tps,32.13,58.71,41.80,vllm
total_output_tokens,36715,36715,36715,torchinferno
num_requests,1000,1000,1000,
correctness_rate,1.00,1.00,1.00,torchinferno

Per-Request Raw Data
provider,benchmark,request_idx,ttft_ms,tpot_ms,e2e_latency_ms,output_tokens,throughput_tps,correct
torchinferno,few_shot,0,1472.90,0.00,1480.32,1,0.68,1
torchinferno,few_shot,1,1470.68,0.00,1480.12,1,0.68,1
torchinferno,few_shot,2,1469.10,0.00,1482.14,1,0.67,1
torchinferno,few_shot,3,1471.08,197.11,1668.19,2,1.20,1
torchinferno,few_shot,4,1473.52,197.92,1671.44,2,1.20,1
torchinferno,few_shot,5,1473.56,199.84,1673.40,2,1.20,1
torchinferno,few_shot,6,2050.85,0.00,2590.58,1,0.39,1
torchinferno,few_shot,7,2046.99,0.00,2595.78,1,0.39,1
torchinferno,few_shot,8,2034.62,0.00,2595.76,1,0.39,1
torchinferno,few_shot,9,2033.32,0.00,2597.63,1,0.38,1
torchinferno,few_shot,10,2031.80,0.00,2594.61,1,0.39,1
torchinferno,few_shot,11,2031.02,0.00,2599.39,1,0.38,1
torchinferno,few_shot,12,2043.06,0.00,2599.65,1,0.38,1
torchinferno,few_shot,13,2033.14,0.00,2600.39,1,0.38,1
torchinferno,few_shot,14,2031.49,0.00,2604.33,1,0.38,1
torchinferno,few_shot,15,1119.08,0.00,1128.06,1,0.89,1
torchinferno,few_shot,16,2038.05,0.00,2605.52,1,0.38,1
torchinferno,few_shot,17,2045.68,0.00,2610.81,1,0.38,1
torchinferno,few_shot,18,2039.51,0.00,2609.52,1,0.38,1
torchinferno,few_shot,19,2037.45,0.00,2611.34,1,0.38,1
torchinferno,few_shot,20,2041.31,0.00,2609.71,1,0.38,1
torchinferno,few_shot,21,2039.75,0.00,2622.51,1,0.38,1
torchinferno,few_shot,22,2584.07,0.00,2611.59,1,0.38,1
torchinferno,few_shot,23,1112.83,0.00,1141.28,1,0.88,1
torchinferno,few_shot,24,2032.53,588.67,2621.20,2,0.76,1
torchinferno,few_shot,25,2031.34,585.77,2617.12,2,0.76,1
torchinferno,few_shot,26,2035.58,588.55,2624.13,2,0.76,1
torchinferno,few_shot,27,2044.94,582.41,2627.35,2,0.76,1
torchinferno,few_shot,28,2035.08,0.00,2623.76,1,0.38,1
torchinferno,few_shot,29,2622.16,0.44,2622.60,2,0.76,1
torchinferno,few_shot,30,2043.14,0.00,2633.12,1,0.38,1
torchinferno,few_shot,31,2035.51,591.59,2627.10,2,0.76,1
torchinferno,few_shot,32,2046.01,586.24,2632.25,2,0.76,1
torchinferno,few_shot,33,2038.60,0.00,2630.78,1,0.38,1
torchinferno,few_shot,34,2618.09,10.11,2628.20,2,0.76,1
torchinferno,few_shot,35,2030.00,0.00,2637.68,1,0.38,1
torchinferno,few_shot,36,2039.59,0.00,2638.45,1,0.38,1
torchinferno,few_shot,37,1137.82,0.00,1168.49,1,0.86,1
torchinferno,few_shot,38,2044.97,0.00,2645.16,1,0.38,1
torchinferno,few_shot,39,2035.39,612.14,2647.53,2,0.76,1
torchinferno,few_shot,40,2034.86,610.06,2644.92,2,0.76,1
torchinferno,few_shot,41,2034.52,612.15,2646.67,2,0.76,1
torchinferno,few_shot,42,2590.86,55.08,2645.94,2,0.76,1
torchinferno,few_shot,43,2031.12,621.07,2652.18,2,0.75,1
torchinferno,few_shot,44,2651.12,0.00,2651.42,1,0.38,1
torchinferno,few_shot,45,2041.76,614.21,2655.97,2,0.75,1
torchinferno,few_shot,46,2046.03,620.84,2666.87,2,0.75,1
torchinferno,few_shot,47,2586.46,67.82,2654.27,2,0.75,1
torchinferno,few_shot,48,2042.06,621.26,2663.32,2,0.75,1
torchinferno,few_shot,49,2035.29,625.50,2660.79,2,0.75,1
torchinferno,few_shot,50,2037.41,0.00,2660.30,1,0.38,1
torchinferno,few_shot,51,2033.14,628.79,2661.94,2,0.75,1
torchinferno,few_shot,52,2032.84,633.43,2666.27,2,0.75,1
torchinferno,few_shot,53,2044.37,0.00,2667.97,1,0.37,1
torchinferno,few_shot,54,2032.18,634.07,2666.25,2,0.75,1
torchinferno,few_shot,55,2641.29,0.00,2665.33,1,0.38,1
torchinferno,few_shot,56,2034.54,638.12,2672.66,2,0.75,1
torchinferno,few_shot,57,2043.96,633.70,2677.66,2,0.75,1
torchinferno,few_shot,58,2037.72,0.00,2674.20,1,0.37,1
torchinferno,few_shot,59,2043.55,634.98,2678.52,2,0.75,1
torchinferno,few_shot,60,2583.56,92.69,2676.24,2,0.75,1
torchinferno,few_shot,61,2667.90,0.00,2678.31,1,0.37,1
torchinferno,few_shot,62,2039.00,647.17,2686.17,2,0.74,1
torchinferno,few_shot,63,2032.87,0.00,2686.21,1,0.37,1
torchinferno,few_shot,64,2037.02,656.50,2693.52,2,0.74,1
torchinferno,few_shot,65,2034.58,655.45,2690.03,2,0.74,1
torchinferno,few_shot,66,2594.09,106.81,2700.90,2,0.74,1
torchinferno,few_shot,67,1163.24,0.00,1175.39,1,0.85,1
torchinferno,few_shot,68,1164.83,0.00,1177.74,1,0.85,1
torchinferno,few_shot,69,1166.76,0.00,1181.15,1,0.85,1
torchinferno,few_shot,70,305.73,0.00,353.94,1,2.83,1
torchinferno,few_shot,71,303.77,0.00,341.18,1,2.93,1
torchinferno,few_shot,72,300.11,0.00,347.39,1,2.88,1
torchinferno,few_shot,73,307.84,0.00,353.25,1,2.83,1
torchinferno,few_shot,74,312.48,0.00,373.10,1,2.68,1
torchinferno,few_shot,75,305.43,0.00,355.75,1,2.81,1
torchinferno,few_shot,76,289.89,0.00,344.87,1,2.90,1
torchinferno,few_shot,77,257.71,0.00,319.42,1,3.13,1
torchinferno,few_shot,78,252.21,67.56,319.76,2,6.25,1
torchinferno,few_shot,79,284.31,0.00,342.18,1,2.92,1
torchinferno,few_shot,80,313.62,70.41,384.03,2,5.21,1
torchinferno,few_shot,81,315.44,72.32,387.76,2,5.16,1
torchinferno,few_shot,82,270.47,0.00,345.71,1,2.89,1
torchinferno,few_shot,83,319.50,67.59,387.09,2,5.17,1
torchinferno,few_shot,84,276.89,0.00,352.98,1,2.83,1
torchinferno,few_shot,85,259.97,0.00,337.91,1,2.96,1
torchinferno,few_shot,86,261.45,70.47,331.92,2,6.03,1
torchinferno,few_shot,87,250.96,0.00,329.20,1,3.04,1
torchinferno,few_shot,88,319.90,87.80,407.70,2,4.91,1
torchinferno,few_shot,89,301.30,75.65,376.95,2,5.31,1
torchinferno,few_shot,90,343.02,15.58,358.60,2,5.58,1
torchinferno,few_shot,91,342.39,0.00,374.06,1,2.67,1
torchinferno,few_shot,92,338.98,82.66,421.63,2,4.74,1
torchinferno,few_shot,93,296.82,0.00,392.78,1,2.55,1
torchinferno,few_shot,94,243.90,91.45,335.35,2,5.96,1
torchinferno,few_shot,95,236.50,94.12,330.62,2,6.05,1
torchinferno,few_shot,96,260.50,0.00,357.47,1,2.80,1
torchinferno,few_shot,97,287.97,0.00,386.02,1,2.59,1
torchinferno,few_shot,98,278.70,0.00,329.65,1,3.03,1
torchinferno,few_shot,99,374.25,0.00,419.04,1,2.39,1
torchinferno,few_shot,100,299.69,0.00,393.53,1,2.54,1
torchinferno,few_shot,101,226.37,0.00,326.15,1,3.07,1
torchinferno,few_shot,102,295.65,0.00,389.43,1,2.57,1
torchinferno,few_shot,103,247.22,103.02,350.25,2,5.71,1
torchinferno,few_shot,104,281.22,57.26,338.48,2,5.91,1
torchinferno,few_shot,105,270.99,0.00,372.93,1,2.68,1
torchinferno,few_shot,106,377.51,0.00,434.24,1,2.30,1
torchinferno,few_shot,107,264.04,0.00,367.04,1,2.72,1
torchinferno,few_shot,108,255.52,0.00,361.16,1,2.77,1
torchinferno,few_shot,109,247.35,0.00,353.98,1,2.83,1
torchinferno,few_shot,110,303.30,0.00,367.21,1,2.72,1
torchinferno,few_shot,111,303.85,0.00,423.44,1,2.36,1
torchinferno,few_shot,112,320.03,0.00,426.00,1,2.35,1
torchinferno,few_shot,113,326.24,0.00,446.37,1,2.24,1
torchinferno,few_shot,114,270.12,0.00,388.88,1,2.57,1
torchinferno,few_shot,115,262.28,125.09,387.38,2,5.16,1
torchinferno,few_shot,116,349.48,68.57,418.05,2,4.78,1
torchinferno,few_shot,117,333.08,0.00,337.99,1,2.96,1
torchinferno,few_shot,118,234.53,0.00,365.05,1,2.74,1
torchinferno,few_shot,119,309.54,126.67,436.22,2,4.58,1
torchinferno,few_shot,120,314.24,78.65,392.89,2,5.09,1
torchinferno,few_shot,121,266.53,124.87,391.40,2,5.11,1
torchinferno,few_shot,122,295.99,128.10,424.10,2,4.72,1
torchinferno,few_shot,123,315.43,0.00,439.86,1,2.27,1
torchinferno,few_shot,124,238.88,133.32,372.20,2,5.37,1
torchinferno,few_shot,125,278.48,130.05,408.53,2,4.90,1
torchinferno,few_shot,126,276.48,142.99,419.47,2,4.77,1
torchinferno,few_shot,127,315.94,132.02,447.96,2,4.46,1
torchinferno,few_shot,128,220.99,0.00,221.29,1,4.52,1
torchinferno,few_shot,129,284.18,89.34,373.52,2,5.35,1
torchinferno,few_shot,130,223.31,0.00,223.62,1,4.47,1
torchinferno,few_shot,131,431.85,33.69,465.54,2,4.30,1
torchinferno,few_shot,132,405.40,0.68,406.08,2,4.93,1
torchinferno,few_shot,133,221.50,232.06,453.57,2,4.41,1
torchinferno,few_shot,134,342.28,0.00,388.70,1,2.57,1
torchinferno,few_shot,135,343.89,0.00,389.71,1,2.57,1
torchinferno,few_shot,136,327.43,0.00,371.26,1,2.69,1
torchinferno,few_shot,137,312.62,0.00,364.34,1,2.74,1
torchinferno,few_shot,138,313.65,0.00,355.69,1,2.81,1
torchinferno,few_shot,139,357.00,0.00,406.18,1,2.46,1
torchinferno,few_shot,140,340.27,0.00,390.25,1,2.56,1
torchinferno,few_shot,141,393.34,0.00,455.25,1,2.20,1
torchinferno,few_shot,142,351.89,58.38,410.28,2,4.87,1
torchinferno,few_shot,143,319.06,0.00,373.21,1,2.68,1
torchinferno,few_shot,144,405.51,67.55,473.07,2,4.23,1
torchinferno,few_shot,145,411.38,0.00,476.90,1,2.10,1
torchinferno,few_shot,146,396.33,65.25,461.58,2,4.33,1
torchinferno,few_shot,147,308.27,70.68,378.95,2,5.28,1
torchinferno,few_shot,148,356.58,64.92,421.50,2,4.74,1
torchinferno,few_shot,149,408.50,0.00,433.64,1,2.31,1
torchinferno,few_shot,150,368.25,77.72,445.97,2,4.48,1
torchinferno,few_shot,151,337.53,78.12,415.65,2,4.81,1
torchinferno,few_shot,152,347.11,0.00,415.40,1,2.41,1
torchinferno,few_shot,153,391.66,31.88,423.54,2,4.72,1
torchinferno,few_shot,154,351.96,83.22,435.18,2,4.60,1
torchinferno,few_shot,155,461.21,0.00,461.47,1,2.17,1
torchinferno,few_shot,156,424.64,0.00,449.88,1,2.22,1
torchinferno,few_shot,157,365.81,78.87,444.68,2,4.50,1
torchinferno,few_shot,158,322.38,0.00,412.04,1,2.43,1
torchinferno,few_shot,159,449.97,0.00,450.29,1,2.22,1
torchinferno,few_shot,160,441.70,0.00,446.56,1,2.24,1
torchinferno,few_shot,161,360.36,0.00,451.16,1,2.22,1
torchinferno,few_shot,162,385.61,45.76,477.13,3,6.29,0
torchinferno,few_shot,163,461.29,14.68,475.97,2,4.20,1
torchinferno,few_shot,164,417.46,0.00,448.26,1,2.23,1
torchinferno,few_shot,165,399.11,0.00,399.43,1,2.50,1
torchinferno,few_shot,166,418.02,0.00,423.09,1,2.36,1
torchinferno,few_shot,167,322.42,94.15,416.57,2,4.80,1
torchinferno,few_shot,168,334.08,94.65,428.73,2,4.66,1
torchinferno,few_shot,169,461.56,0.00,461.89,1,2.17,1
torchinferno,few_shot,170,391.42,112.63,504.05,2,3.97,1
torchinferno,few_shot,171,386.10,0.00,499.37,1,2.00,1
torchinferno,few_shot,172,384.14,109.52,493.66,2,4.05,1
torchinferno,few_shot,173,362.28,117.33,479.61,2,4.17,1
torchinferno,few_shot,174,382.61,0.00,497.57,1,2.01,1
torchinferno,few_shot,175,366.22,0.00,479.36,1,2.09,1
torchinferno,few_shot,176,435.00,0.42,435.42,2,4.59,1
torchinferno,few_shot,177,330.26,115.07,445.33,2,4.49,1
torchinferno,few_shot,178,414.27,0.00,525.26,1,1.90,1
torchinferno,few_shot,179,393.24,118.43,511.67,2,3.91,1
torchinferno,few_shot,180,368.11,0.00,491.74,1,2.03,1
torchinferno,few_shot,181,335.57,0.00,457.28,1,2.19,1
torchinferno,few_shot,182,341.98,126.78,468.76,2,4.27,1
torchinferno,few_shot,183,307.90,0.00,437.25,1,2.29,1
torchinferno,few_shot,184,313.84,131.67,445.51,2,4.49,1
torchinferno,few_shot,185,343.49,122.68,466.17,2,4.29,1
torchinferno,few_shot,186,367.41,0.00,492.89,1,2.03,1
torchinferno,few_shot,187,424.56,82.27,506.83,2,3.95,1
torchinferno,few_shot,188,329.12,134.13,463.26,2,4.32,1
torchinferno,few_shot,189,381.24,127.27,508.51,2,3.93,1
torchinferno,few_shot,190,404.82,0.00,539.26,1,1.85,1
torchinferno,few_shot,191,386.29,140.91,527.21,2,3.79,1
torchinferno,few_shot,192,341.84,142.09,483.93,2,4.13,1
torchinferno,few_shot,193,366.08,145.22,511.30,2,3.91,1
torchinferno,few_shot,194,437.95,0.00,448.45,1,2.23,1
torchinferno,few_shot,195,391.19,149.40,540.59,2,3.70,1
torchinferno,few_shot,196,620.37,0.00,811.11,1,1.23,1
torchinferno,few_shot,197,367.12,297.05,664.16,2,3.01,1
torchinferno,few_shot,198,551.38,0.00,598.15,1,1.67,1
torchinferno,few_shot,199,586.59,0.00,635.59,1,1.57,1
torchinferno,few_shot,200,576.02,0.00,619.32,1,1.61,1
torchinferno,few_shot,201,600.75,0.00,647.09,1,1.55,1
torchinferno,few_shot,202,599.56,0.00,637.62,1,1.57,1
torchinferno,few_shot,203,548.01,0.00,602.09,1,1.66,1
torchinferno,few_shot,204,572.54,0.00,624.99,1,1.60,1
torchinferno,few_shot,205,582.12,0.00,640.56,1,1.56,1
torchinferno,few_shot,206,550.96,0.00,611.96,1,1.63,1
torchinferno,few_shot,207,589.27,0.00,648.82,1,1.54,1
torchinferno,few_shot,208,558.97,0.00,614.93,1,1.63,1
torchinferno,few_shot,209,613.33,0.00,668.95,1,1.49,1
torchinferno,few_shot,210,527.02,0.00,580.47,1,1.72,1
torchinferno,few_shot,211,566.43,0.00,629.43,1,1.59,1
torchinferno,few_shot,212,535.13,58.75,593.88,2,3.37,1
torchinferno,few_shot,213,532.81,0.00,607.50,1,1.65,1
torchinferno,few_shot,214,639.27,0.45,639.73,2,3.13,1
torchinferno,few_shot,215,645.53,0.46,645.98,2,3.10,1
torchinferno,few_shot,216,583.41,0.00,654.65,1,1.53,1
torchinferno,few_shot,217,587.41,0.00,658.85,1,1.52,1
torchinferno,few_shot,218,534.77,81.87,616.64,2,3.24,1
torchinferno,few_shot,219,534.58,0.00,615.23,1,1.63,1
torchinferno,few_shot,220,607.80,0.00,679.22,1,1.47,1
torchinferno,few_shot,221,625.49,5.29,630.78,2,3.17,1
torchinferno,few_shot,222,542.73,0.00,617.54,1,1.62,1
torchinferno,few_shot,223,561.60,75.01,636.61,2,3.14,1
torchinferno,few_shot,224,612.02,0.00,693.21,1,1.44,1
torchinferno,few_shot,225,560.15,0.00,600.14,1,1.67,1
torchinferno,few_shot,226,537.95,0.00,620.73,1,1.61,1
torchinferno,few_shot,227,563.58,88.51,652.09,2,3.07,1
torchinferno,few_shot,228,624.56,0.00,712.46,1,1.40,1
torchinferno,few_shot,229,635.33,0.00,655.67,1,1.53,1
torchinferno,few_shot,230,616.62,0.45,617.07,2,3.24,1
torchinferno,few_shot,231,529.46,103.81,633.26,2,3.16,1
torchinferno,few_shot,232,532.94,0.00,621.73,1,1.61,1
torchinferno,few_shot,233,622.38,93.43,715.81,2,2.79,1
torchinferno,few_shot,234,565.39,0.00,661.68,1,1.51,1
torchinferno,few_shot,235,559.20,0.00,668.01,1,1.50,1
torchinferno,few_shot,236,620.32,0.00,725.50,1,1.38,1
torchinferno,few_shot,237,717.93,0.48,718.41,2,2.78,1
torchinferno,few_shot,238,702.63,3.95,706.58,2,2.83,1
torchinferno,few_shot,239,561.12,0.00,665.69,1,1.50,1
torchinferno,few_shot,240,550.66,0.00,660.81,1,1.51,1
torchinferno,few_shot,241,583.24,0.00,704.22,1,1.42,1
torchinferno,few_shot,242,597.22,121.75,718.97,2,2.78,1
torchinferno,few_shot,243,581.71,0.00,650.76,1,1.54,1
torchinferno,few_shot,244,634.60,27.82,662.42,2,3.02,1
torchinferno,few_shot,245,735.40,0.00,740.02,1,1.35,1
torchinferno,few_shot,246,520.93,127.87,648.80,2,3.08,1
torchinferno,few_shot,247,536.56,127.04,663.60,2,3.01,1
torchinferno,few_shot,248,625.50,125.30,750.80,2,2.66,1
torchinferno,few_shot,249,547.46,0.00,672.67,1,1.49,1
torchinferno,few_shot,250,588.65,0.00,718.09,1,1.39,1
torchinferno,few_shot,251,665.34,0.00,745.05,1,1.34,1
torchinferno,few_shot,252,565.77,132.25,698.02,2,2.87,1
torchinferno,few_shot,253,704.53,0.47,705.00,2,2.84,1
torchinferno,few_shot,254,654.79,0.00,711.86,1,1.40,1
torchinferno,few_shot,255,576.35,145.64,721.99,2,2.77,1
torchinferno,few_shot,256,544.47,148.73,693.21,2,2.89,1
torchinferno,few_shot,257,600.77,0.00,743.32,1,1.35,1
torchinferno,few_shot,258,605.55,0.00,756.76,1,1.32,1
torchinferno,few_shot,259,548.93,158.41,707.34,2,2.83,1
torchinferno,few_shot,260,209.39,0.00,270.69,1,3.69,1
torchinferno,few_shot,261,282.75,204.43,487.18,2,4.11,1
torchinferno,few_shot,262,277.30,0.00,313.47,1,3.19,1
torchinferno,few_shot,263,273.50,0.00,312.39,1,3.20,1
torchinferno,few_shot,264,321.83,0.00,368.52,1,2.71,1
torchinferno,few_shot,265,303.85,0.00,348.85,1,2.87,1
torchinferno,few_shot,266,274.06,0.00,330.80,1,3.02,1
torchinferno,few_shot,267,326.94,0.00,380.26,1,2.63,1
torchinferno,few_shot,268,315.06,47.65,362.70,2,5.51,1
torchinferno,few_shot,269,276.68,0.00,339.78,1,2.94,1
torchinferno,few_shot,270,289.60,0.00,352.53,1,2.84,1
torchinferno,few_shot,271,294.31,0.00,309.14,1,3.23,1
torchinferno,few_shot,272,241.90,65.16,307.06,2,6.51,1
torchinferno,few_shot,273,262.58,60.28,322.86,2,6.19,1
torchinferno,few_shot,274,280.23,69.79,350.02,2,5.71,1
torchinferno,few_shot,275,230.28,63.70,293.98,2,6.80,0
torchinferno,few_shot,276,322.69,0.00,347.95,1,2.87,1
torchinferno,few_shot,277,274.06,0.00,352.28,1,2.84,1
torchinferno,few_shot,278,264.61,0.00,342.12,1,2.92,1
torchinferno,few_shot,279,316.68,0.00,387.54,1,2.58,1
torchinferno,few_shot,280,323.99,0.00,399.56,1,2.50,1
torchinferno,few_shot,281,299.37,86.00,385.37,2,5.19,0
torchinferno,few_shot,282,264.95,79.03,343.98,2,5.81,1
torchinferno,few_shot,283,308.07,0.00,386.28,1,2.59,1
torchinferno,few_shot,284,292.39,0.00,335.88,1,2.98,1
torchinferno,few_shot,285,256.18,0.00,336.33,1,2.97,1
torchinferno,few_shot,286,308.05,10.61,318.66,2,6.28,1
torchinferno,few_shot,287,343.65,5.19,348.84,2,5.73,1
torchinferno,few_shot,288,292.51,93.82,386.33,2,5.18,1
torchinferno,few_shot,289,267.92,0.00,359.32,1,2.78,1
torchinferno,few_shot,290,260.92,94.76,355.68,2,5.62,1
torchinferno,few_shot,291,318.56,0.00,413.40,1,2.42,1
torchinferno,few_shot,292,326.84,0.00,432.67,1,2.31,1
torchinferno,few_shot,293,280.08,106.06,386.14,2,5.18,1
torchinferno,few_shot,294,340.36,0.00,441.97,1,2.26,1
torchinferno,few_shot,295,310.15,0.00,421.08,1,2.37,1
torchinferno,few_shot,296,298.10,51.55,401.20,3,7.48,1
torchinferno,few_shot,297,260.61,108.70,369.31,2,5.42,1
torchinferno,few_shot,298,342.66,103.81,446.47,2,4.48,1
torchinferno,few_shot,299,310.06,0.00,340.47,1,2.94,1
torchinferno,few_shot,300,394.29,0.00,409.60,1,2.44,1
torchinferno,few_shot,301,289.85,0.00,403.56,1,2.48,1
torchinferno,few_shot,302,252.59,0.00,370.14,1,2.70,1
torchinferno,few_shot,303,343.96,107.02,450.97,2,4.43,1
torchinferno,few_shot,304,258.01,0.00,371.56,1,2.69,1
torchinferno,few_shot,305,335.59,0.00,446.23,1,2.24,1
torchinferno,few_shot,306,319.24,124.51,443.76,2,4.51,1
torchinferno,few_shot,307,362.33,29.71,392.03,2,5.10,1
torchinferno,few_shot,308,324.87,0.00,368.14,1,2.72,1
torchinferno,few_shot,309,300.76,0.00,421.15,1,2.37,1
torchinferno,few_shot,310,306.07,131.79,437.86,2,4.57,1
torchinferno,few_shot,311,312.79,130.32,443.11,2,4.51,1
torchinferno,few_shot,312,421.49,0.66,422.15,2,4.74,1
torchinferno,few_shot,313,334.12,140.08,474.20,2,4.22,1
torchinferno,few_shot,314,417.57,0.00,436.03,1,2.29,1
torchinferno,few_shot,315,319.05,68.67,456.39,3,6.57,1
torchinferno,few_shot,316,299.70,143.03,442.73,2,4.52,1
torchinferno,few_shot,317,361.35,0.00,461.77,1,2.17,1
torchinferno,few_shot,318,350.47,25.87,376.34,2,5.31,1
torchinferno,few_shot,319,246.70,0.00,396.24,1,2.52,1
torchinferno,few_shot,320,280.79,0.00,432.70,1,2.31,1
torchinferno,few_shot,321,286.71,0.00,385.89,1,2.59,1
torchinferno,few_shot,322,290.19,143.64,433.83,2,4.61,1
torchinferno,few_shot,323,430.02,0.00,456.91,1,2.19,1
torchinferno,few_shot,324,429.35,0.00,479.04,1,2.09,1
torchinferno,few_shot,325,588.42,0.00,619.24,1,1.61,1
torchinferno,few_shot,326,683.07,0.00,731.05,1,1.37,1
torchinferno,few_shot,327,433.48,0.00,470.08,1,2.13,1
torchinferno,few_shot,328,382.58,0.00,436.23,1,2.29,1
torchinferno,few_shot,329,403.33,57.87,461.21,2,4.34,1
torchinferno,few_shot,330,449.85,0.00,450.15,1,2.22,1
torchinferno,few_shot,331,398.83,0.00,447.10,1,2.24,1
torchinferno,few_shot,332,395.63,0.00,410.49,1,2.44,1
torchinferno,few_shot,333,365.47,0.00,428.77,1,2.33,1
torchinferno,few_shot,334,435.86,56.42,492.27,2,4.06,1
torchinferno,few_shot,335,399.29,0.00,475.20,1,2.10,1
torchinferno,few_shot,336,408.18,0.00,480.84,1,2.08,1
torchinferno,few_shot,337,409.57,0.00,420.01,1,2.38,1
torchinferno,few_shot,338,361.98,65.17,427.15,2,4.68,1
torchinferno,few_shot,339,486.91,11.03,497.94,2,4.02,1
torchinferno,few_shot,340,379.40,0.00,447.71,1,2.23,1
torchinferno,few_shot,341,455.81,0.00,461.14,1,2.17,1
torchinferno,few_shot,342,400.81,76.00,476.80,2,4.19,1
torchinferno,few_shot,343,405.68,74.60,480.28,2,4.16,1
torchinferno,few_shot,344,431.89,0.00,527.14,1,1.90,1
torchinferno,few_shot,345,395.22,0.00,469.78,1,2.13,1
torchinferno,few_shot,346,418.45,74.59,493.04,2,4.06,1
torchinferno,few_shot,347,392.28,96.26,488.54,2,4.09,1
torchinferno,few_shot,348,399.40,77.31,476.70,2,4.20,1
torchinferno,few_shot,349,387.92,93.88,481.80,2,4.15,1
torchinferno,few_shot,350,418.30,0.00,519.51,1,1.92,1
torchinferno,few_shot,351,449.89,87.87,537.77,2,3.72,1
torchinferno,few_shot,352,441.00,0.00,456.57,1,2.19,1
torchinferno,few_shot,353,334.80,98.71,927.09,7,7.55,0
torchinferno,few_shot,354,460.89,0.00,555.02,1,1.80,1
torchinferno,few_shot,355,374.72,0.00,479.14,1,2.09,1
torchinferno,few_shot,356,439.16,0.00,548.78,1,1.82,1
torchinferno,few_shot,357,504.98,0.00,540.56,1,1.85,1
torchinferno,few_shot,358,448.46,0.00,563.16,1,1.78,1
torchinferno,few_shot,359,480.43,0.00,520.13,1,1.92,1
torchinferno,few_shot,360,354.95,0.00,468.13,1,2.14,1
torchinferno,few_shot,361,367.44,119.72,487.16,2,4.11,1
torchinferno,few_shot,362,382.71,0.00,505.15,1,1.98,1
torchinferno,few_shot,363,399.79,0.00,515.71,1,1.94,1
torchinferno,few_shot,364,348.49,0.00,470.05,1,2.13,1
torchinferno,few_shot,365,384.36,0.00,489.08,1,2.04,1
torchinferno,few_shot,366,418.34,124.27,542.61,2,3.69,1
torchinferno,few_shot,367,475.43,0.00,485.66,1,2.06,1
torchinferno,few_shot,368,433.33,0.00,562.51,1,1.78,1
torchinferno,few_shot,369,470.53,0.00,554.38,1,1.80,1
torchinferno,few_shot,370,460.86,0.00,540.57,1,1.85,1
torchinferno,few_shot,371,397.63,117.19,514.83,2,3.88,1
torchinferno,few_shot,372,465.30,116.19,581.48,2,3.44,1
torchinferno,few_shot,373,405.72,80.69,486.42,2,4.11,1
torchinferno,few_shot,374,400.99,134.58,535.57,2,3.73,1
torchinferno,few_shot,375,379.03,0.00,517.41,1,1.93,1
torchinferno,few_shot,376,443.22,123.42,566.64,2,3.53,1
torchinferno,few_shot,377,399.20,0.00,536.76,1,1.86,1
torchinferno,few_shot,378,364.99,138.96,503.95,2,3.97,1
torchinferno,few_shot,379,434.57,0.00,518.35,1,1.93,1
torchinferno,few_shot,380,455.16,33.63,488.79,2,4.09,1
torchinferno,few_shot,381,438.54,155.76,594.30,2,3.37,1
torchinferno,few_shot,382,415.33,47.19,556.90,4,7.18,0
torchinferno,few_shot,383,418.83,157.19,576.02,2,3.47,1
torchinferno,few_shot,384,437.36,147.09,584.45,2,3.42,1
torchinferno,few_shot,385,363.65,118.53,837.78,5,5.97,1
torchinferno,few_shot,386,826.93,0.00,836.38,1,1.20,1
torchinferno,few_shot,387,500.04,0.00,540.78,1,1.85,1
torchinferno,few_shot,388,479.83,0.00,530.03,1,1.89,1
torchinferno,few_shot,389,493.03,0.00,539.10,1,1.85,1
torchinferno,few_shot,390,465.32,0.00,518.70,1,1.93,1
torchinferno,few_shot,391,439.10,0.00,494.76,1,2.02,1
torchinferno,few_shot,392,476.46,0.00,527.83,1,1.89,1
torchinferno,few_shot,393,459.92,0.00,510.22,1,1.96,1
torchinferno,few_shot,394,449.49,58.10,507.59,2,3.94,0
torchinferno,few_shot,395,511.01,64.27,575.28,2,3.48,1
torchinferno,few_shot,396,553.91,0.00,570.31,1,1.75,1
torchinferno,few_shot,397,450.69,70.74,521.43,2,3.84,1
torchinferno,few_shot,398,410.15,71.59,481.74,2,4.15,1
torchinferno,few_shot,399,494.78,0.00,504.93,1,1.98,1
torchinferno,few_shot,400,477.73,75.77,553.49,2,3.61,1
torchinferno,few_shot,401,403.81,67.38,471.19,2,4.24,1
torchinferno,few_shot,402,454.99,76.04,531.02,2,3.77,1
torchinferno,few_shot,403,486.77,0.00,556.46,1,1.80,1
torchinferno,few_shot,404,551.17,0.00,576.68,1,1.73,1
torchinferno,few_shot,405,409.48,86.70,496.18,2,4.03,1
torchinferno,few_shot,406,515.74,75.99,591.74,2,3.38,1
torchinferno,few_shot,407,456.63,85.53,542.15,2,3.69,1
torchinferno,few_shot,408,422.95,84.73,507.68,2,3.94,1
torchinferno,few_shot,409,442.53,91.65,534.18,2,3.74,1
torchinferno,few_shot,410,461.54,0.00,545.82,1,1.83,1
torchinferno,few_shot,411,447.80,0.00,535.13,1,1.87,1
torchinferno,few_shot,412,462.71,95.12,557.84,2,3.59,1
torchinferno,few_shot,413,459.99,0.00,556.06,1,1.80,1
torchinferno,few_shot,414,541.20,0.00,592.11,1,1.69,1
torchinferno,few_shot,415,434.73,0.00,535.23,1,1.87,1
torchinferno,few_shot,416,472.09,0.00,569.49,1,1.76,1
torchinferno,few_shot,417,475.05,0.00,526.42,1,1.90,1
torchinferno,few_shot,418,439.03,107.64,546.67,2,3.66,1
torchinferno,few_shot,419,435.65,101.54,537.19,2,3.72,1
torchinferno,few_shot,420,458.07,97.93,556.00,2,3.60,1
torchinferno,few_shot,421,507.18,0.00,615.47,1,1.62,1
torchinferno,few_shot,422,461.11,109.02,570.12,2,3.51,1
torchinferno,few_shot,423,473.34,66.43,539.77,2,3.71,1
torchinferno,few_shot,424,435.50,104.16,539.66,2,3.71,1
torchinferno,few_shot,425,421.97,0.00,535.09,1,1.87,1
torchinferno,few_shot,426,474.42,59.33,533.75,2,3.75,1
torchinferno,few_shot,427,480.54,67.92,548.46,2,3.65,1
torchinferno,few_shot,428,509.83,19.12,528.95,2,3.78,0
torchinferno,few_shot,429,464.25,0.00,514.37,1,1.94,1
torchinferno,few_shot,430,480.26,0.00,597.45,1,1.67,1
torchinferno,few_shot,431,546.18,0.00,616.49,1,1.62,1
torchinferno,few_shot,432,497.21,122.47,619.68,2,3.23,1
torchinferno,few_shot,433,463.09,0.00,540.09,1,1.85,1
torchinferno,few_shot,434,438.04,129.38,567.42,2,3.52,1
torchinferno,few_shot,435,491.41,124.55,615.96,2,3.25,1
torchinferno,few_shot,436,438.81,122.99,561.80,2,3.56,1
torchinferno,few_shot,437,473.09,0.00,537.57,1,1.86,1
torchinferno,few_shot,438,512.85,132.62,645.47,2,3.10,1
torchinferno,few_shot,439,480.19,130.06,610.25,2,3.28,1
torchinferno,few_shot,440,437.72,0.00,580.18,1,1.72,1
torchinferno,few_shot,441,468.90,0.00,599.08,1,1.67,1
torchinferno,few_shot,442,496.81,146.22,643.03,2,3.11,0
torchinferno,few_shot,443,472.27,0.00,609.82,1,1.64,1
torchinferno,few_shot,444,431.46,136.51,567.97,2,3.52,1
torchinferno,few_shot,445,507.02,0.00,565.14,1,1.77,1
torchinferno,few_shot,446,447.71,0.00,596.02,1,1.68,1
torchinferno,few_shot,447,399.45,160.67,560.12,2,3.57,1
torchinferno,few_shot,448,460.83,0.00,628.31,1,1.59,1
torchinferno,few_shot,449,185.10,0.00,269.72,1,3.71,1
torchinferno,few_shot,450,204.38,184.05,388.42,2,5.15,1
torchinferno,few_shot,451,318.76,0.00,355.26,1,2.81,1
torchinferno,few_shot,452,325.31,0.00,370.22,1,2.70,1
torchinferno,few_shot,453,274.22,0.00,313.97,1,3.19,1
torchinferno,few_shot,454,296.51,0.00,348.25,1,2.87,1
torchinferno,few_shot,455,296.03,0.00,344.68,1,2.90,1
torchinferno,few_shot,456,321.84,0.00,377.30,1,2.65,1
torchinferno,few_shot,457,281.48,0.00,342.04,1,2.92,1
torchinferno,few_shot,458,283.79,46.42,330.22,2,6.06,1
torchinferno,few_shot,459,236.71,65.63,302.34,2,6.62,1
torchinferno,few_shot,460,283.65,0.00,337.38,1,2.96,1
torchinferno,few_shot,461,291.99,62.67,354.65,2,5.64,1
torchinferno,few_shot,462,289.37,0.00,348.41,1,2.87,1
torchinferno,few_shot,463,276.17,0.00,340.67,1,2.94,1
torchinferno,few_shot,464,300.20,69.26,369.46,2,5.41,1
torchinferno,few_shot,465,287.14,70.13,357.27,2,5.60,1
torchinferno,few_shot,466,337.43,0.00,352.78,1,2.83,1
torchinferno,few_shot,467,328.17,69.44,397.61,2,5.03,1
torchinferno,few_shot,468,320.93,0.00,403.96,1,2.48,1
torchinferno,few_shot,469,295.02,78.82,373.84,2,5.35,1
torchinferno,few_shot,470,234.28,85.06,319.35,2,6.26,1
torchinferno,few_shot,471,379.00,0.00,393.79,1,2.54,1
torchinferno,few_shot,472,261.77,85.94,347.70,2,5.75,1
torchinferno,few_shot,473,319.85,80.66,400.51,2,4.99,1
torchinferno,few_shot,474,302.30,29.13,331.43,2,6.03,0
torchinferno,few_shot,475,270.14,80.25,350.39,2,5.71,1
torchinferno,few_shot,476,254.79,0.00,344.50,1,2.90,1
torchinferno,few_shot,477,296.39,0.00,397.26,1,2.52,1
torchinferno,few_shot,478,311.14,0.00,404.23,1,2.47,1
torchinferno,few_shot,479,275.05,91.45,366.50,2,5.46,1
torchinferno,few_shot,480,294.49,0.00,341.31,1,2.93,1
torchinferno,few_shot,481,309.05,9.56,318.61,2,6.28,1
torchinferno,few_shot,482,366.30,0.00,422.27,1,2.37,1
torchinferno,few_shot,483,271.45,0.00,328.14,1,3.05,1
torchinferno,few_shot,484,231.04,101.53,332.57,2,6.01,1
torchinferno,few_shot,485,301.28,41.32,342.60,2,5.84,1
torchinferno,few_shot,486,249.42,110.38,359.80,2,5.56,1
torchinferno,few_shot,487,254.75,0.00,357.66,1,2.80,1
torchinferno,few_shot,488,242.91,119.02,361.93,2,5.53,1
torchinferno,few_shot,489,264.68,116.00,380.68,2,5.25,1
torchinferno,few_shot,490,332.11,0.00,367.84,1,2.72,1
torchinferno,few_shot,491,176.13,0.00,197.07,1,5.07,1
torchinferno,few_shot,492,314.45,111.85,426.30,2,4.69,1
torchinferno,few_shot,493,315.15,0.00,443.48,1,2.25,1
torchinferno,few_shot,494,269.34,131.00,400.34,2,5.00,1
torchinferno,few_shot,495,302.52,0.00,433.64,1,2.31,1
torchinferno,few_shot,496,265.18,0.00,388.90,1,2.57,1
torchinferno,few_shot,497,320.97,0.00,446.89,1,2.24,1
torchinferno,few_shot,498,376.22,0.00,376.48,1,2.66,1
torchinferno,few_shot,499,336.01,0.00,467.96,1,2.14,1
torchinferno,few_shot,500,269.02,0.00,403.39,1,2.48,1
torchinferno,few_shot,501,297.66,90.07,387.72,2,5.16,0
torchinferno,few_shot,502,353.37,0.00,437.13,1,2.29,1
torchinferno,few_shot,503,289.41,140.28,429.69,2,4.65,1
torchinferno,few_shot,504,282.79,134.10,416.89,2,4.80,1
torchinferno,few_shot,505,279.16,143.36,422.52,2,4.73,1
torchinferno,few_shot,506,279.90,98.43,378.33,2,5.29,1
torchinferno,few_shot,507,342.84,139.59,482.42,2,4.15,1
torchinferno,few_shot,508,270.14,139.48,409.62,2,4.88,1
torchinferno,few_shot,509,294.64,147.99,442.64,2,4.52,1
torchinferno,few_shot,510,251.65,158.43,410.08,2,4.88,1
torchinferno,few_shot,511,253.71,164.01,417.72,2,4.79,1
torchinferno,few_shot,512,397.57,0.00,403.60,1,2.48,1
torchinferno,few_shot,513,296.86,167.57,464.43,2,4.31,0
torchinferno,few_shot,514,330.12,108.01,438.13,2,4.56,1
torchinferno,few_shot,515,237.67,0.00,283.68,1,3.53,1
torchinferno,few_shot,516,201.21,0.00,254.27,1,3.93,1
torchinferno,few_shot,517,237.63,0.00,292.37,1,3.42,1
torchinferno,few_shot,518,226.23,0.00,276.10,1,3.62,1
torchinferno,few_shot,519,264.54,0.00,312.99,1,3.20,1
torchinferno,few_shot,520,217.43,0.00,265.54,1,3.77,1
torchinferno,few_shot,521,203.90,51.72,255.62,2,7.82,1
torchinferno,few_shot,522,262.82,0.00,319.69,1,3.13,1
torchinferno,few_shot,523,207.28,0.00,265.72,1,3.76,1
torchinferno,few_shot,524,221.33,64.77,286.10,2,6.99,1
torchinferno,few_shot,525,203.64,61.15,264.79,2,7.55,0
torchinferno,few_shot,526,278.40,0.00,343.47,1,2.91,1
torchinferno,few_shot,527,199.90,0.00,264.81,1,3.78,1
torchinferno,few_shot,528,198.61,0.00,274.83,1,3.64,1
torchinferno,few_shot,529,266.80,72.89,339.69,2,5.89,1
torchinferno,few_shot,530,295.41,0.00,366.41,1,2.73,1
torchinferno,few_shot,531,259.92,12.58,272.50,2,7.34,1
torchinferno,few_shot,532,267.63,81.10,348.74,2,5.73,1
torchinferno,few_shot,533,239.15,0.00,323.39,1,3.09,1
torchinferno,few_shot,534,244.91,0.00,330.98,1,3.02,1
torchinferno,few_shot,535,203.12,91.44,294.56,2,6.79,1
torchinferno,few_shot,536,260.65,0.00,299.04,1,3.34,1
torchinferno,few_shot,537,255.98,89.94,345.92,2,5.78,1
torchinferno,few_shot,538,351.65,21.19,372.85,2,5.36,1
torchinferno,few_shot,539,296.76,83.81,380.58,2,5.26,0
torchinferno,few_shot,540,223.64,0.00,309.65,1,3.23,1
torchinferno,few_shot,541,251.33,0.00,345.91,1,2.89,1
torchinferno,few_shot,542,257.64,91.48,349.12,2,5.73,1
torchinferno,few_shot,543,271.73,101.76,373.49,2,5.35,0
torchinferno,few_shot,544,177.67,0.00,269.36,1,3.71,1
torchinferno,few_shot,545,276.47,0.00,367.75,1,2.72,1
torchinferno,few_shot,546,283.95,0.00,284.26,1,3.52,1
torchinferno,few_shot,547,263.83,0.00,289.46,1,3.45,1
torchinferno,few_shot,548,291.14,10.05,301.20,2,6.64,1
torchinferno,few_shot,549,255.11,0.00,354.80,1,2.82,1
torchinferno,few_shot,550,302.45,0.00,302.69,1,3.30,1
torchinferno,few_shot,551,305.93,30.74,336.67,2,5.94,1
torchinferno,few_shot,552,211.07,103.24,314.31,2,6.36,1
torchinferno,few_shot,553,230.78,0.00,342.25,1,2.92,1
torchinferno,few_shot,554,227.31,0.00,342.95,1,2.92,1
torchinferno,few_shot,555,294.10,35.44,329.55,2,6.07,1
torchinferno,few_shot,556,227.66,113.96,341.62,2,5.85,1
torchinferno,few_shot,557,340.32,0.00,340.58,1,2.94,1
torchinferno,few_shot,558,225.44,72.09,297.53,2,6.72,1
torchinferno,few_shot,559,187.69,120.80,308.49,2,6.48,1
torchinferno,few_shot,560,220.93,119.61,340.54,2,5.87,1
torchinferno,few_shot,561,250.90,130.14,381.03,2,5.25,1
torchinferno,few_shot,562,244.38,0.00,361.80,1,2.76,1
torchinferno,few_shot,563,208.88,0.00,341.45,1,2.93,1
torchinferno,few_shot,564,259.11,0.00,392.54,1,2.55,1
torchinferno,few_shot,565,274.43,0.00,411.70,1,2.43,1
torchinferno,few_shot,566,176.69,131.74,308.43,2,6.48,1
torchinferno,few_shot,567,273.96,0.00,334.99,1,2.99,1
torchinferno,few_shot,568,241.02,139.35,380.37,2,5.26,1
torchinferno,few_shot,569,267.38,0.00,407.56,1,2.45,1
torchinferno,few_shot,570,257.95,0.00,328.31,1,3.05,1
torchinferno,few_shot,571,164.09,0.00,305.96,1,3.27,1
torchinferno,few_shot,572,223.59,0.00,361.52,1,2.77,1
torchinferno,few_shot,573,281.88,146.46,428.34,2,4.67,1
torchinferno,few_shot,574,257.41,142.59,400.00,2,5.00,1
torchinferno,few_shot,575,287.28,139.63,426.91,2,4.68,1
torchinferno,few_shot,576,293.46,0.00,314.74,1,3.18,1
torchinferno,few_shot,577,396.20,0.00,398.20,1,2.51,1
torchinferno,few_shot,578,193.06,132.34,325.40,2,6.15,1
torchinferno,few_shot,579,240.52,0.00,274.42,1,3.64,1
torchinferno,few_shot,580,234.16,0.00,268.21,1,3.73,1
torchinferno,few_shot,581,250.92,0.00,299.08,1,3.34,1
torchinferno,few_shot,582,248.04,0.00,301.06,1,3.32,1
torchinferno,few_shot,583,223.37,0.00,275.61,1,3.63,1
torchinferno,few_shot,584,236.21,0.00,295.44,1,3.38,1
torchinferno,few_shot,585,213.03,0.00,266.43,1,3.75,1
torchinferno,few_shot,586,213.52,0.00,271.23,1,3.69,1
torchinferno,few_shot,587,214.69,62.02,276.71,2,7.23,1
torchinferno,few_shot,588,192.85,0.00,249.22,1,4.01,1
torchinferno,few_shot,589,227.98,68.61,296.59,2,6.74,1
torchinferno,few_shot,590,204.12,72.18,276.30,2,7.24,1
torchinferno,few_shot,591,243.49,0.00,303.56,1,3.29,1
torchinferno,few_shot,592,267.18,0.00,343.12,1,2.91,1
torchinferno,few_shot,593,268.04,0.00,334.51,1,2.99,1
torchinferno,few_shot,594,221.17,79.87,301.05,2,6.64,1
torchinferno,few_shot,595,209.62,68.56,278.19,2,7.19,1
torchinferno,few_shot,596,274.46,0.00,344.75,1,2.90,1
torchinferno,few_shot,597,221.85,29.00,250.85,2,7.97,1
torchinferno,few_shot,598,257.62,0.00,335.18,1,2.98,1
torchinferno,few_shot,599,261.29,82.71,344.01,2,5.81,1
torchinferno,few_shot,600,283.30,0.00,308.86,1,3.24,1
torchinferno,few_shot,601,242.88,91.36,334.24,2,5.98,1
torchinferno,few_shot,602,251.83,87.79,339.62,2,5.89,1
torchinferno,few_shot,603,246.26,82.16,328.42,2,6.09,1
torchinferno,few_shot,604,259.49,20.78,280.27,2,7.14,1
torchinferno,few_shot,605,203.96,88.49,292.45,2,6.84,1
torchinferno,few_shot,606,193.67,0.00,277.97,1,3.60,1
torchinferno,few_shot,607,196.06,0.00,281.69,1,3.55,1
torchinferno,few_shot,608,247.82,96.01,343.83,2,5.82,1
torchinferno,few_shot,609,249.56,50.32,299.88,2,6.67,1
torchinferno,few_shot,610,202.75,96.03,298.79,2,6.69,1
torchinferno,few_shot,611,214.80,0.00,322.32,1,3.10,1
torchinferno,few_shot,612,193.40,0.00,295.40,1,3.39,1
torchinferno,few_shot,613,182.19,100.00,282.20,2,7.09,1
torchinferno,few_shot,614,309.93,0.00,320.42,1,3.12,1
torchinferno,few_shot,615,226.57,98.89,325.46,2,6.15,1
torchinferno,few_shot,616,261.26,113.86,375.11,2,5.33,1
torchinferno,few_shot,617,230.37,0.00,347.16,1,2.88,1
torchinferno,few_shot,618,205.85,69.83,275.67,2,7.25,1
torchinferno,few_shot,619,306.28,67.97,374.24,2,5.34,1
torchinferno,few_shot,620,223.37,0.00,343.06,1,2.91,1
torchinferno,few_shot,621,260.45,0.00,328.85,1,3.04,1
torchinferno,few_shot,622,242.72,121.73,364.45,2,5.49,1
torchinferno,few_shot,623,240.77,129.05,369.82,2,5.41,1
torchinferno,few_shot,624,269.83,130.71,400.54,2,4.99,1
torchinferno,few_shot,625,246.62,0.00,323.78,1,3.09,1
torchinferno,few_shot,626,319.68,0.00,329.07,1,3.04,1
torchinferno,few_shot,627,251.66,64.41,316.07,2,6.33,1
torchinferno,few_shot,628,311.77,0.00,317.03,1,3.15,1
torchinferno,few_shot,629,268.69,144.34,413.03,2,4.84,1
torchinferno,few_shot,630,273.12,143.48,416.60,2,4.80,1
torchinferno,few_shot,631,340.68,5.01,345.69,2,5.79,1
torchinferno,few_shot,632,195.37,0.00,329.79,1,3.03,1
torchinferno,few_shot,633,194.53,0.00,221.75,1,4.51,1
torchinferno,few_shot,634,234.24,0.00,374.87,1,2.67,1
torchinferno,few_shot,635,263.72,0.00,413.49,1,2.42,1
torchinferno,few_shot,636,290.72,0.00,329.15,1,3.04,1
torchinferno,few_shot,637,256.06,0.00,358.76,1,2.79,1
torchinferno,few_shot,638,221.99,149.80,371.79,2,5.38,1
torchinferno,few_shot,639,173.41,0.00,327.00,1,3.06,1
torchinferno,few_shot,640,201.66,154.12,355.77,2,5.62,1
torchinferno,few_shot,641,229.18,0.00,384.46,1,2.60,1
torchinferno,few_shot,642,241.13,170.04,411.17,2,4.86,1
torchinferno,few_shot,643,94.88,144.17,239.05,2,8.37,1
torchinferno,few_shot,644,275.86,0.00,316.38,1,3.16,1
torchinferno,few_shot,645,268.92,0.00,312.21,1,3.20,1
torchinferno,few_shot,646,322.43,0.00,373.35,1,2.68,1
torchinferno,few_shot,647,287.73,0.00,335.44,1,2.98,1
torchinferno,few_shot,648,318.61,0.00,367.18,1,2.72,1
torchinferno,few_shot,649,304.43,0.00,355.64,1,2.81,1
torchinferno,few_shot,650,216.23,0.00,261.05,1,3.83,1
torchinferno,few_shot,651,229.28,0.00,288.53,1,3.47,1
torchinferno,few_shot,652,222.27,56.55,278.82,2,7.17,1
torchinferno,few_shot,653,283.78,0.00,345.91,1,2.89,1
torchinferno,few_shot,654,370.74,0.00,375.56,1,2.66,1
torchinferno,few_shot,655,300.41,0.00,371.89,1,2.69,1
torchinferno,few_shot,656,267.65,68.25,335.90,2,5.95,1
torchinferno,few_shot,657,317.00,0.00,326.79,1,3.06,1
torchinferno,few_shot,658,245.41,0.00,311.97,1,3.21,1
torchinferno,few_shot,659,300.96,76.34,377.30,2,5.30,1
torchinferno,few_shot,660,309.39,0.00,318.97,1,3.14,1
torchinferno,few_shot,661,260.12,69.28,329.40,2,6.07,1
torchinferno,few_shot,662,286.06,0.00,361.64,1,2.77,1
torchinferno,few_shot,663,261.19,84.19,345.38,2,5.79,1
torchinferno,few_shot,664,297.41,81.28,378.70,2,5.28,1
torchinferno,few_shot,665,231.10,0.00,311.30,1,3.21,1
torchinferno,few_shot,666,230.28,87.24,317.52,2,6.30,1
torchinferno,few_shot,667,248.30,0.00,324.72,1,3.08,1
torchinferno,few_shot,668,247.89,94.44,342.33,2,5.84,1
torchinferno,few_shot,669,241.94,0.00,335.83,1,2.98,1
torchinferno,few_shot,670,225.92,86.86,312.77,2,6.39,1
torchinferno,few_shot,671,321.14,92.03,413.17,2,4.84,1
torchinferno,few_shot,672,295.66,0.00,316.17,1,3.16,1
torchinferno,few_shot,673,258.77,0.00,297.68,1,3.36,1
torchinferno,few_shot,674,333.90,94.01,427.91,2,4.67,1
torchinferno,few_shot,675,290.05,104.29,394.34,2,5.07,1
torchinferno,few_shot,676,297.32,0.00,313.01,1,3.19,1
torchinferno,few_shot,677,273.19,0.00,369.68,1,2.71,1
torchinferno,few_shot,678,242.76,0.00,348.10,1,2.87,1
torchinferno,few_shot,679,321.56,102.43,423.98,2,4.72,1
torchinferno,few_shot,680,355.80,0.00,380.00,1,2.63,1
torchinferno,few_shot,681,258.64,117.46,376.09,2,5.32,1
torchinferno,few_shot,682,368.11,0.00,373.22,1,2.68,1
torchinferno,few_shot,683,270.90,117.53,388.43,2,5.15,1
torchinferno,few_shot,684,280.00,0.00,404.77,1,2.47,1
torchinferno,few_shot,685,326.06,0.00,450.46,1,2.22,1
torchinferno,few_shot,686,291.59,125.14,416.73,2,4.80,1
torchinferno,few_shot,687,324.55,137.90,462.45,2,4.32,1
torchinferno,few_shot,688,275.76,139.06,414.81,2,4.82,1
torchinferno,few_shot,689,309.68,127.36,437.04,2,4.58,1
torchinferno,few_shot,690,306.69,126.94,433.64,2,4.61,1
torchinferno,few_shot,691,317.13,128.79,445.92,2,4.49,1
torchinferno,few_shot,692,276.22,140.86,417.08,2,4.80,1
torchinferno,few_shot,693,362.07,0.00,370.66,1,2.70,1
torchinferno,few_shot,694,306.68,0.00,441.50,1,2.26,1
torchinferno,few_shot,695,292.27,0.00,442.17,1,2.26,1
torchinferno,few_shot,696,254.87,0.00,405.01,1,2.47,1
torchinferno,few_shot,697,282.31,91.82,374.12,2,5.35,1
torchinferno,few_shot,698,237.86,143.31,381.17,2,5.25,0
torchinferno,few_shot,699,403.45,0.00,446.53,1,2.24,1
torchinferno,few_shot,700,277.85,149.27,427.12,2,4.68,1
torchinferno,few_shot,701,296.32,0.00,448.07,1,2.23,1
torchinferno,few_shot,702,302.30,99.44,401.74,2,4.98,1
torchinferno,few_shot,703,349.90,44.71,394.62,2,5.07,1
torchinferno,few_shot,704,288.98,152.32,441.30,2,4.53,1
torchinferno,few_shot,705,385.05,0.00,394.99,1,2.53,1
torchinferno,few_shot,706,251.28,8.35,259.63,2,7.70,1
torchinferno,few_shot,707,376.28,75.91,528.09,3,5.68,1
torchinferno,few_shot,708,300.72,0.00,345.85,1,2.89,1
torchinferno,few_shot,709,294.70,0.00,330.63,1,3.02,1
torchinferno,few_shot,710,298.33,0.00,346.72,1,2.88,1
torchinferno,few_shot,711,330.92,0.00,386.35,1,2.59,1
torchinferno,few_shot,712,241.14,0.00,295.11,1,3.39,1
torchinferno,few_shot,713,264.29,0.00,323.26,1,3.09,1
torchinferno,few_shot,714,232.29,0.00,290.03,1,3.45,1
torchinferno,few_shot,715,344.70,57.04,401.74,2,4.98,1
torchinferno,few_shot,716,226.24,0.00,290.62,1,3.44,1
torchinferno,few_shot,717,254.76,0.00,312.75,1,3.20,1
torchinferno,few_shot,718,324.32,72.86,397.18,2,5.04,1
torchinferno,few_shot,719,286.38,0.00,347.30,1,2.88,1
torchinferno,few_shot,720,288.91,0.00,363.29,1,2.75,1
torchinferno,few_shot,721,265.38,0.00,338.94,1,2.95,1
torchinferno,few_shot,722,261.56,62.12,323.68,2,6.18,1
torchinferno,few_shot,723,256.36,0.00,321.65,1,3.11,1
torchinferno,few_shot,724,340.62,71.42,412.04,2,4.85,1
torchinferno,few_shot,725,264.15,0.00,338.30,1,2.96,1
torchinferno,few_shot,726,226.57,0.00,301.33,1,3.32,1
torchinferno,few_shot,727,395.68,0.00,467.01,1,2.14,1
torchinferno,few_shot,728,330.50,143.27,473.78,2,4.22,1
torchinferno,few_shot,729,303.27,145.36,448.63,2,4.46,1
torchinferno,few_shot,730,279.27,141.06,420.33,2,4.76,1
torchinferno,few_shot,731,217.94,147.19,365.12,2,5.48,1
torchinferno,few_shot,732,318.78,0.00,421.71,1,2.37,1
torchinferno,few_shot,733,294.55,0.00,432.72,1,2.31,1
torchinferno,few_shot,734,281.59,101.65,383.24,2,5.22,0
torchinferno,few_shot,735,343.80,0.00,484.50,1,2.06,1
torchinferno,few_shot,736,296.52,143.82,440.34,2,4.54,1
torchinferno,few_shot,737,455.25,0.00,455.51,1,2.20,1
torchinferno,few_shot,738,268.92,0.00,422.59,1,2.37,1
torchinferno,few_shot,739,282.41,0.00,438.62,1,2.28,1
torchinferno,few_shot,740,239.88,0.00,405.08,1,2.47,1
torchinferno,few_shot,741,357.33,4.52,361.84,2,5.53,1
torchinferno,few_shot,742,361.50,0.00,477.96,1,2.09,1
torchinferno,few_shot,743,310.12,161.31,471.43,2,4.24,1
torchinferno,few_shot,744,294.22,165.13,459.35,2,4.35,1
torchinferno,few_shot,745,334.94,118.08,453.02,2,4.41,1
torchinferno,few_shot,746,478.24,4.37,482.61,2,4.14,1
torchinferno,few_shot,747,314.10,175.00,489.10,2,4.09,1
torchinferno,few_shot,748,321.82,0.00,492.97,1,2.03,1
torchinferno,few_shot,749,257.65,126.20,383.85,2,5.21,1
torchinferno,few_shot,750,420.17,0.00,420.64,1,2.38,1
torchinferno,few_shot,751,242.66,0.00,423.72,1,2.36,1
torchinferno,few_shot,752,302.53,0.00,481.93,1,2.08,1
torchinferno,few_shot,753,268.91,190.38,459.29,2,4.35,0
torchinferno,few_shot,754,331.38,178.04,509.41,2,3.93,1
torchinferno,few_shot,755,246.69,0.00,266.49,1,3.75,1
torchinferno,few_shot,756,308.43,194.20,502.63,2,3.98,1
torchinferno,few_shot,757,235.03,186.80,421.83,2,4.74,1
torchinferno,few_shot,758,405.61,0.00,439.01,1,2.28,1
torchinferno,few_shot,759,274.14,191.78,465.92,2,4.29,1
torchinferno,few_shot,760,303.44,0.00,505.60,1,1.98,1
torchinferno,few_shot,761,314.58,190.96,505.55,2,3.96,1
torchinferno,few_shot,762,251.24,190.61,441.85,2,4.53,1
torchinferno,few_shot,763,220.19,205.85,426.04,2,4.69,1
torchinferno,few_shot,764,396.85,0.00,441.63,1,2.26,1
torchinferno,few_shot,765,259.54,202.27,461.81,2,4.33,1
torchinferno,few_shot,766,259.77,200.79,460.56,2,4.34,1
torchinferno,few_shot,767,234.62,213.80,448.42,2,4.46,1
torchinferno,few_shot,768,478.09,14.18,492.28,2,4.06,1
torchinferno,few_shot,769,410.04,0.00,444.09,1,2.25,1
torchinferno,few_shot,770,296.66,218.54,515.20,2,3.88,1
torchinferno,few_shot,771,508.32,124.79,633.11,2,3.16,1
torchinferno,few_shot,772,210.04,0.00,249.46,1,4.01,1
torchinferno,few_shot,773,321.82,0.00,367.86,1,2.72,1
torchinferno,few_shot,774,236.27,0.00,291.65,1,3.43,1
torchinferno,few_shot,775,321.01,0.00,369.71,1,2.70,1
torchinferno,few_shot,776,221.66,0.00,271.76,1,3.68,1
torchinferno,few_shot,777,249.30,0.00,299.78,1,3.34,1
torchinferno,few_shot,778,215.99,0.00,272.58,1,3.67,1
torchinferno,few_shot,779,338.50,0.00,389.23,1,2.57,1
torchinferno,few_shot,780,386.05,0.00,386.32,1,2.59,1
torchinferno,few_shot,781,237.71,0.00,299.19,1,3.34,1
torchinferno,few_shot,782,234.96,0.00,252.72,1,3.96,1
torchinferno,few_shot,783,319.96,68.88,388.84,2,5.14,1
torchinferno,few_shot,784,242.15,0.00,299.86,1,3.33,1
torchinferno,few_shot,785,208.07,0.00,266.58,1,3.75,1
torchinferno,few_shot,786,183.05,0.00,243.92,1,4.10,1
torchinferno,few_shot,787,164.87,0.00,239.35,1,4.18,1
torchinferno,few_shot,788,180.10,76.13,256.23,2,7.81,1
torchinferno,few_shot,789,211.00,76.25,287.25,2,6.96,1
torchinferno,few_shot,790,304.25,0.00,386.67,1,2.59,1
torchinferno,few_shot,791,182.52,79.01,261.53,2,7.65,1
torchinferno,few_shot,792,174.78,73.57,248.35,2,8.05,0
torchinferno,few_shot,793,331.14,87.70,418.84,2,4.78,1
torchinferno,few_shot,794,252.46,18.81,271.27,2,7.37,1
torchinferno,few_shot,795,225.87,0.00,316.45,1,3.16,1
torchinferno,few_shot,796,309.80,90.97,400.77,2,4.99,1
torchinferno,few_shot,797,220.25,92.02,312.27,2,6.40,1
torchinferno,few_shot,798,316.79,90.95,407.74,2,4.91,1
torchinferno,few_shot,799,267.52,0.00,282.87,1,3.54,1
torchinferno,few_shot,800,309.65,100.87,410.52,2,4.87,1
torchinferno,few_shot,801,252.15,39.92,292.07,2,6.85,1
torchinferno,few_shot,802,327.16,96.31,423.47,2,4.72,1
torchinferno,few_shot,803,202.22,94.16,296.38,2,6.75,0
torchinferno,few_shot,804,232.61,0.00,326.02,1,3.07,1
torchinferno,few_shot,805,330.97,0.47,331.44,2,6.03,1
torchinferno,few_shot,806,225.60,0.00,283.04,1,3.53,1
torchinferno,few_shot,807,313.57,0.00,415.61,1,2.41,1
torchinferno,few_shot,808,406.07,0.00,420.32,1,2.38,1
torchinferno,few_shot,809,308.33,0.00,313.69,1,3.19,1
torchinferno,few_shot,810,317.71,0.00,419.45,1,2.38,1
torchinferno,few_shot,811,337.06,0.00,453.63,1,2.20,1
torchinferno,few_shot,812,280.63,0.00,329.94,1,3.03,1
torchinferno,few_shot,813,324.34,107.94,432.28,2,4.63,1
torchinferno,few_shot,814,297.32,0.00,369.16,1,2.71,1
torchinferno,few_shot,815,183.50,112.02,295.52,2,6.77,1
torchinferno,few_shot,816,322.80,0.00,327.82,1,3.05,1
torchinferno,few_shot,817,214.86,120.79,335.64,2,5.96,1
torchinferno,few_shot,818,338.88,0.00,469.66,1,2.13,1
torchinferno,few_shot,819,202.02,126.21,328.23,2,6.09,1
torchinferno,few_shot,820,360.95,4.93,365.88,2,5.47,1
torchinferno,few_shot,821,273.52,25.34,298.86,2,6.69,1
torchinferno,few_shot,822,209.17,140.46,349.63,2,5.72,1
torchinferno,few_shot,823,232.87,0.00,375.21,1,2.67,1
torchinferno,few_shot,824,230.32,140.79,371.10,2,5.39,1
torchinferno,few_shot,825,243.06,137.15,380.21,2,5.26,1
torchinferno,few_shot,826,226.21,143.35,369.57,2,5.41,1
torchinferno,few_shot,827,328.47,135.09,463.55,2,4.31,1
torchinferno,few_shot,828,189.17,137.23,326.40,2,6.13,1
torchinferno,few_shot,829,175.16,0.00,322.12,1,3.10,1
torchinferno,few_shot,830,238.00,145.60,383.60,2,5.21,0
torchinferno,few_shot,831,194.88,146.36,341.24,2,5.86,1
torchinferno,few_shot,832,214.99,147.31,362.30,2,5.52,0
torchinferno,few_shot,833,320.80,163.98,484.78,2,4.13,1
torchinferno,few_shot,834,301.23,0.00,389.04,1,2.57,1
torchinferno,few_shot,835,194.68,182.55,377.23,2,5.30,1
torchinferno,few_shot,836,269.92,0.00,315.95,1,3.17,1
torchinferno,few_shot,837,333.73,0.00,368.60,1,2.71,1
torchinferno,few_shot,838,268.97,0.00,314.95,1,3.18,1
torchinferno,few_shot,839,331.38,0.00,373.30,1,2.68,1
torchinferno,few_shot,840,348.16,0.00,386.86,1,2.58,1
torchinferno,few_shot,841,262.57,0.00,312.97,1,3.20,1
torchinferno,few_shot,842,312.40,0.00,375.12,1,2.67,1
torchinferno,few_shot,843,287.76,58.90,346.66,2,5.77,1
torchinferno,few_shot,844,317.41,0.00,375.12,1,2.67,1
torchinferno,few_shot,845,287.12,58.22,345.34,2,5.79,1
torchinferno,few_shot,846,280.83,0.00,333.87,1,3.00,1
torchinferno,few_shot,847,328.53,0.00,332.57,1,3.01,1
torchinferno,few_shot,848,277.14,0.00,298.94,1,3.35,1
torchinferno,few_shot,849,359.13,9.65,368.78,2,5.42,1
torchinferno,few_shot,850,313.62,0.00,393.12,1,2.54,1
torchinferno,few_shot,851,249.27,0.00,321.86,1,3.11,1
torchinferno,few_shot,852,261.06,71.01,332.07,2,6.02,1
torchinferno,few_shot,853,311.32,0.00,391.03,1,2.56,1
torchinferno,few_shot,854,292.20,0.00,371.98,1,2.69,1
torchinferno,few_shot,855,311.46,76.42,387.88,2,5.16,1
torchinferno,few_shot,856,326.37,0.00,399.48,1,2.50,1
torchinferno,few_shot,857,285.66,0.00,315.84,1,3.17,1
torchinferno,few_shot,858,228.90,0.00,311.23,1,3.21,1
torchinferno,few_shot,859,253.70,86.02,339.72,2,5.89,1
torchinferno,few_shot,860,262.13,93.28,355.41,2,5.63,1
torchinferno,few_shot,861,298.21,0.00,303.34,1,3.30,1
torchinferno,few_shot,862,400.05,5.48,405.52,2,4.93,1
torchinferno,few_shot,863,298.11,51.07,349.18,2,5.73,1
torchinferno,few_shot,864,250.87,0.00,344.67,1,2.90,1
torchinferno,few_shot,865,305.94,100.71,406.65,2,4.92,1
torchinferno,few_shot,866,322.42,0.00,424.14,1,2.36,1
torchinferno,few_shot,867,326.72,0.00,327.03,1,3.06,1
torchinferno,few_shot,868,285.01,0.00,385.09,1,2.60,1
torchinferno,few_shot,869,280.48,0.00,381.78,1,2.62,1
torchinferno,few_shot,870,297.13,0.00,409.66,1,2.44,1
torchinferno,few_shot,871,317.11,108.18,425.29,2,4.70,1
torchinferno,few_shot,872,302.50,0.00,413.71,1,2.42,1
torchinferno,few_shot,873,354.17,67.52,421.68,2,4.74,1
torchinferno,few_shot,874,261.05,0.00,379.84,1,2.63,1
torchinferno,few_shot,875,313.70,63.59,377.29,2,5.30,1
torchinferno,few_shot,876,264.46,0.00,374.65,1,2.67,1
torchinferno,few_shot,877,264.85,0.00,385.87,1,2.59,1
torchinferno,few_shot,878,325.57,0.00,451.87,1,2.21,1
torchinferno,few_shot,879,297.71,121.32,419.04,2,4.77,1
torchinferno,few_shot,880,285.73,125.01,410.73,2,4.87,1
torchinferno,few_shot,881,241.93,118.55,360.48,2,5.55,1
torchinferno,few_shot,882,410.57,0.00,415.03,1,2.41,1
torchinferno,few_shot,883,288.84,0.00,411.15,1,2.43,1
torchinferno,few_shot,884,275.49,0.00,358.53,1,2.79,1
torchinferno,few_shot,885,342.12,0.00,421.63,1,2.37,1
torchinferno,few_shot,886,327.04,130.45,457.49,2,4.37,1
torchinferno,few_shot,887,325.30,139.02,464.32,2,4.31,1
torchinferno,few_shot,888,233.38,142.63,376.01,2,5.32,1
torchinferno,few_shot,889,235.35,0.00,379.97,1,2.63,1
torchinferno,few_shot,890,285.50,136.14,421.64,2,4.74,1
torchinferno,few_shot,891,239.18,147.66,386.84,2,5.17,1
torchinferno,few_shot,892,288.07,0.00,422.60,1,2.37,1
torchinferno,few_shot,893,292.88,0.00,384.41,1,2.60,1
torchinferno,few_shot,894,262.71,140.87,403.58,2,4.96,1
torchinferno,few_shot,895,231.38,154.70,386.08,2,5.18,1
torchinferno,few_shot,896,289.08,0.00,447.95,1,2.23,1
torchinferno,few_shot,897,222.63,159.06,381.69,2,5.24,1
torchinferno,few_shot,898,181.07,0.00,270.74,1,3.69,1
torchinferno,few_shot,899,280.56,207.76,488.32,2,4.10,1
torchinferno,few_shot,900,328.40,0.00,362.89,1,2.76,1
torchinferno,few_shot,901,332.02,0.00,373.41,1,2.68,1
torchinferno,few_shot,902,250.02,0.00,301.97,1,3.31,1
torchinferno,few_shot,903,242.55,0.00,287.97,1,3.47,1
torchinferno,few_shot,904,304.55,0.00,358.65,1,2.79,1
torchinferno,few_shot,905,321.08,0.00,370.34,1,2.70,1
torchinferno,few_shot,906,282.70,0.00,340.28,1,2.94,1
torchinferno,few_shot,907,257.70,0.00,313.92,1,3.19,1
torchinferno,few_shot,908,313.67,0.00,363.35,1,2.75,1
torchinferno,few_shot,909,276.81,0.00,335.77,1,2.98,1
torchinferno,few_shot,910,265.32,0.00,317.92,1,3.15,1
torchinferno,few_shot,911,355.97,0.00,356.28,1,2.81,1
torchinferno,few_shot,912,305.30,0.00,377.20,1,2.65,1
torchinferno,few_shot,913,271.18,61.98,333.15,2,6.00,1
torchinferno,few_shot,914,314.28,69.48,383.77,2,5.21,1
torchinferno,few_shot,915,290.04,65.92,355.96,2,5.62,1
torchinferno,few_shot,916,240.04,0.00,314.01,1,3.18,1
torchinferno,few_shot,917,262.40,68.59,330.99,2,6.04,1
torchinferno,few_shot,918,275.22,79.36,354.58,2,5.64,1
torchinferno,few_shot,919,252.35,0.00,320.27,1,3.12,1
torchinferno,few_shot,920,344.37,80.02,424.40,2,4.71,1
torchinferno,few_shot,921,345.46,74.20,419.66,2,4.77,1
torchinferno,few_shot,922,286.05,0.00,374.60,1,2.67,1
torchinferno,few_shot,923,368.82,0.00,410.23,1,2.44,1
torchinferno,few_shot,924,290.93,0.00,377.23,1,2.65,1
torchinferno,few_shot,925,339.37,96.07,435.44,2,4.59,1
torchinferno,few_shot,926,307.72,0.00,392.59,1,2.55,1
torchinferno,few_shot,927,316.22,0.00,321.46,1,3.11,1
torchinferno,few_shot,928,263.86,0.00,358.46,1,2.79,1
torchinferno,few_shot,929,330.22,95.82,426.04,2,4.69,1
torchinferno,few_shot,930,301.82,99.87,401.70,2,4.98,1
torchinferno,few_shot,931,312.38,0.00,416.80,1,2.40,1
torchinferno,few_shot,932,375.95,0.00,376.33,1,2.66,1
torchinferno,few_shot,933,307.66,106.43,414.09,2,4.83,1
torchinferno,few_shot,934,275.19,104.32,379.51,2,5.27,0
torchinferno,few_shot,935,324.42,0.00,429.58,1,2.33,1
torchinferno,few_shot,936,321.45,0.00,435.42,1,2.30,1
torchinferno,few_shot,937,290.06,0.00,404.77,1,2.47,1
torchinferno,few_shot,938,269.38,0.00,370.14,1,2.70,1
torchinferno,few_shot,939,246.41,0.00,347.90,1,2.87,1
torchinferno,few_shot,940,328.77,0.00,382.57,1,2.61,1
torchinferno,few_shot,941,358.07,0.00,361.69,1,2.76,1
torchinferno,few_shot,942,335.05,113.27,448.33,2,4.46,1
torchinferno,few_shot,943,284.22,0.00,393.30,1,2.54,1
torchinferno,few_shot,944,341.05,0.00,456.79,1,2.19,1
torchinferno,few_shot,945,361.14,0.00,382.78,1,2.61,1
torchinferno,few_shot,946,258.11,0.00,369.91,1,2.70,1
torchinferno,few_shot,947,240.00,0.00,350.25,1,2.86,1
torchinferno,few_shot,948,316.41,0.00,422.07,1,2.37,1
torchinferno,few_shot,949,279.78,112.03,391.80,2,5.10,1
torchinferno,few_shot,950,315.85,0.00,387.91,1,2.58,1
torchinferno,few_shot,951,335.75,114.72,450.47,2,4.44,1
torchinferno,few_shot,952,248.49,117.12,365.61,2,5.47,1
torchinferno,few_shot,953,396.39,0.00,402.52,1,2.48,1
torchinferno,few_shot,954,251.14,122.15,373.30,2,5.36,1
torchinferno,few_shot,955,254.37,118.98,373.36,2,5.36,1
torchinferno,few_shot,956,260.30,0.00,381.74,1,2.62,1
torchinferno,few_shot,957,352.45,56.22,408.67,2,4.89,1
torchinferno,few_shot,958,296.72,77.05,373.77,2,5.35,1
torchinferno,few_shot,959,387.10,48.58,435.68,2,4.59,1
torchinferno,few_shot,960,349.75,79.35,429.10,2,4.66,1
torchinferno,few_shot,961,347.36,104.19,451.55,2,4.43,1
torchinferno,few_shot,962,317.54,0.00,332.35,1,3.01,1
torchinferno,few_shot,963,300.72,0.00,315.29,1,3.17,1
torchinferno,few_shot,964,275.83,0.00,287.49,1,3.48,1
torchinferno,few_shot,965,309.48,0.00,326.87,1,3.06,1
torchinferno,few_shot,966,315.45,0.00,325.30,1,3.07,1
torchinferno,few_shot,967,278.91,0.00,293.98,1,3.40,1
torchinferno,few_shot,968,267.32,0.00,284.09,1,3.52,1
torchinferno,few_shot,969,255.44,0.00,276.34,1,3.62,1
torchinferno,few_shot,970,265.52,0.00,280.68,1,3.56,1
torchinferno,few_shot,971,299.87,0.00,314.99,1,3.17,1
torchinferno,few_shot,972,262.11,0.00,278.10,1,3.60,1
torchinferno,few_shot,973,292.95,0.00,309.88,1,3.23,1
torchinferno,few_shot,974,291.25,0.00,311.13,1,3.21,1
torchinferno,few_shot,975,313.00,0.00,335.83,1,2.98,1
torchinferno,few_shot,976,551.28,26.50,577.78,2,3.46,1
torchinferno,few_shot,977,447.54,18.27,465.81,2,4.29,1
torchinferno,few_shot,978,320.01,22.09,342.10,2,5.85,1
torchinferno,few_shot,979,287.70,23.88,311.58,2,6.42,0
torchinferno,few_shot,980,291.58,26.50,318.09,2,6.29,1
torchinferno,few_shot,981,307.42,26.78,334.20,2,5.98,1
torchinferno,few_shot,982,290.62,24.07,314.69,2,6.36,1
torchinferno,few_shot,983,313.71,27.01,340.71,2,5.87,1
torchinferno,few_shot,984,309.35,26.75,336.11,2,5.95,1
torchinferno,few_shot,985,275.11,21.77,296.88,2,6.74,1
torchinferno,few_shot,986,295.64,28.64,324.28,2,6.17,1
torchinferno,few_shot,987,269.60,32.11,301.71,2,6.63,1
torchinferno,few_shot,988,306.65,22.41,329.06,2,6.08,1
torchinferno,few_shot,989,338.31,0.00,350.45,1,2.85,1
torchinferno,few_shot,990,336.75,0.00,348.38,1,2.87,1
torchinferno,few_shot,991,312.60,0.00,326.58,1,3.06,1
torchinferno,few_shot,992,359.98,0.00,374.65,1,2.67,1
torchinferno,few_shot,993,330.65,0.00,344.01,1,2.91,1
torchinferno,few_shot,994,342.62,0.00,355.87,1,2.81,1
torchinferno,few_shot,995,326.84,0.00,341.36,1,2.93,1
torchinferno,few_shot,996,362.54,23.87,386.41,2,5.18,1
torchinferno,few_shot,997,323.90,22.97,346.87,2,5.77,1
torchinferno,few_shot,998,317.73,24.40,342.13,2,5.85,1
torchinferno,few_shot,999,345.01,22.72,367.73,2,5.44,1
torchinferno,self_consistency,0,169.64,0.00,305.33,1,3.28,1
torchinferno,self_consistency,1,166.56,0.00,304.75,1,3.28,1
torchinferno,self_consistency,2,164.99,0.00,302.52,1,3.31,1
torchinferno,self_consistency,3,164.30,0.00,305.40,1,3.27,1
torchinferno,self_consistency,4,165.84,0.00,311.05,1,3.21,1
torchinferno,self_consistency,5,367.91,0.00,518.23,1,1.93,1
torchinferno,self_consistency,6,353.89,0.00,506.46,1,1.97,1
torchinferno,self_consistency,7,354.79,0.00,499.86,1,2.00,1
torchinferno,self_consistency,8,372.96,0.00,522.63,1,1.91,1
torchinferno,self_consistency,9,380.02,0.00,533.68,1,1.87,1
torchinferno,self_consistency,10,356.14,0.00,512.30,1,1.95,1
torchinferno,self_consistency,11,368.20,0.00,539.60,1,1.85,1
torchinferno,self_consistency,12,286.81,0.00,459.02,1,2.18,1
torchinferno,self_consistency,13,294.50,0.00,464.80,1,2.15,1
torchinferno,self_consistency,14,353.19,0.00,519.31,1,1.93,1
torchinferno,self_consistency,15,314.49,0.00,493.34,1,2.03,1
torchinferno,self_consistency,16,322.41,0.00,494.97,1,2.02,1
torchinferno,self_consistency,17,321.82,0.00,497.35,1,2.01,1
torchinferno,self_consistency,18,320.73,0.00,509.86,1,1.96,1
torchinferno,self_consistency,19,325.79,0.00,506.48,1,1.97,1
torchinferno,self_consistency,20,356.35,0.00,536.05,1,1.87,1
torchinferno,self_consistency,21,326.52,0.00,512.45,1,1.95,1
torchinferno,self_consistency,22,366.75,0.00,557.17,1,1.79,1
torchinferno,self_consistency,23,329.09,0.00,510.99,1,1.96,1
torchinferno,self_consistency,24,343.32,0.00,537.48,1,1.86,1
torchinferno,self_consistency,25,298.46,0.00,495.22,1,2.02,1
torchinferno,self_consistency,26,302.05,0.00,494.07,1,2.02,1
torchinferno,self_consistency,27,341.21,0.00,540.19,1,1.85,1
torchinferno,self_consistency,28,337.51,0.00,531.92,1,1.88,1
torchinferno,self_consistency,29,321.66,0.00,524.71,1,1.91,1
torchinferno,self_consistency,30,367.90,0.00,575.70,1,1.74,1
torchinferno,self_consistency,31,299.19,0.00,500.83,1,2.00,1
torchinferno,self_consistency,32,365.75,0.00,575.86,1,1.74,1
torchinferno,self_consistency,33,386.29,0.00,591.97,1,1.69,1
torchinferno,self_consistency,34,305.46,0.00,530.12,1,1.89,1
torchinferno,self_consistency,35,289.14,0.00,507.81,1,1.97,1
torchinferno,self_consistency,36,342.15,0.00,561.83,1,1.78,1
torchinferno,self_consistency,37,322.12,0.00,538.27,1,1.86,1
torchinferno,self_consistency,38,352.78,0.00,580.11,1,1.72,1
torchinferno,self_consistency,39,389.35,0.00,610.25,1,1.64,1
torchinferno,self_consistency,40,335.64,0.00,566.35,1,1.77,1
torchinferno,self_consistency,41,347.69,0.00,581.65,1,1.72,1
torchinferno,self_consistency,42,368.27,0.00,589.81,1,1.70,1
torchinferno,self_consistency,43,334.16,0.00,563.70,1,1.77,1
torchinferno,self_consistency,44,356.76,0.00,594.15,1,1.68,1
torchinferno,self_consistency,45,352.27,0.00,587.37,1,1.70,1
torchinferno,self_consistency,46,353.60,0.00,579.47,1,1.73,1
torchinferno,self_consistency,47,419.93,0.00,487.72,1,2.05,1
torchinferno,self_consistency,48,306.23,0.00,536.58,1,1.86,1
torchinferno,self_consistency,49,318.94,0.00,552.33,1,1.81,1
torchinferno,self_consistency,50,488.34,0.00,510.05,1,1.96,1
torchinferno,self_consistency,51,315.58,0.00,551.56,1,1.81,1
torchinferno,self_consistency,52,305.16,0.00,548.34,1,1.82,1
torchinferno,self_consistency,53,438.85,0.00,471.81,1,2.12,1
torchinferno,self_consistency,54,392.42,0.00,492.70,1,2.03,1
torchinferno,self_consistency,55,410.31,0.00,491.55,1,2.03,1
torchinferno,self_consistency,56,418.43,0.00,508.66,1,1.97,1
torchinferno,self_consistency,57,380.69,0.00,638.68,1,1.57,1
torchinferno,self_consistency,58,485.94,0.00,520.94,1,1.92,1
torchinferno,self_consistency,59,442.58,0.00,549.24,1,1.82,1
torchinferno,self_consistency,60,497.45,0.00,513.08,1,1.95,1
torchinferno,self_consistency,61,442.26,0.00,492.82,1,2.03,1
torchinferno,self_consistency,62,465.73,0.00,561.74,1,1.78,1
torchinferno,self_consistency,63,391.32,0.00,495.25,1,2.02,1
torchinferno,self_consistency,64,410.83,0.00,504.51,1,1.98,1
torchinferno,self_consistency,65,465.61,0.00,557.26,1,1.79,1
torchinferno,self_consistency,66,480.92,0.00,542.74,1,1.84,1
torchinferno,self_consistency,67,402.66,0.00,522.47,1,1.91,1
torchinferno,self_consistency,68,348.36,0.00,623.56,1,1.60,1
torchinferno,self_consistency,69,484.60,0.00,576.39,1,1.73,1
torchinferno,self_consistency,70,471.60,0.00,534.66,1,1.87,1
torchinferno,self_consistency,71,425.48,0.00,563.86,1,1.77,1
torchinferno,self_consistency,72,475.83,0.00,552.54,1,1.81,1
torchinferno,self_consistency,73,435.65,0.00,554.79,1,1.80,1
torchinferno,self_consistency,74,421.13,0.00,559.35,1,1.79,1
torchinferno,self_consistency,75,397.52,0.00,539.68,1,1.85,1
torchinferno,self_consistency,76,397.05,0.00,532.52,1,1.88,1
torchinferno,self_consistency,77,436.95,0.00,591.07,1,1.69,1
torchinferno,self_consistency,78,420.11,0.00,562.11,1,1.78,1
torchinferno,self_consistency,79,407.53,0.00,545.36,1,1.83,1
torchinferno,self_consistency,80,432.61,0.00,578.43,1,1.73,1
torchinferno,self_consistency,81,510.64,0.00,538.15,1,1.86,1
torchinferno,self_consistency,82,408.83,0.00,556.64,1,1.80,1
torchinferno,self_consistency,83,431.28,0.00,606.85,1,1.65,1
torchinferno,self_consistency,84,482.89,0.00,569.73,1,1.76,1
torchinferno,self_consistency,85,450.09,0.00,564.62,1,1.77,1
torchinferno,self_consistency,86,469.52,0.00,520.35,1,1.92,1
torchinferno,self_consistency,87,451.27,0.00,546.15,1,1.83,1
torchinferno,self_consistency,88,435.37,0.00,516.71,1,1.94,1
torchinferno,self_consistency,89,389.78,0.00,465.42,1,2.15,1
torchinferno,self_consistency,90,453.93,0.00,549.10,1,1.82,1
torchinferno,self_consistency,91,364.42,0.00,469.19,1,2.13,1
torchinferno,self_consistency,92,460.78,0.00,519.44,1,1.93,1
torchinferno,self_consistency,93,496.00,0.00,599.62,1,1.67,1
torchinferno,self_consistency,94,447.05,0.00,553.44,1,1.81,1
torchinferno,self_consistency,95,451.43,0.00,548.59,1,1.82,1
torchinferno,self_consistency,96,487.38,0.00,595.95,1,1.68,1
torchinferno,self_consistency,97,476.59,0.00,610.05,1,1.64,1
torchinferno,self_consistency,98,494.02,0.00,572.95,1,1.75,1
torchinferno,self_consistency,99,474.15,0.00,604.82,1,1.65,1
torchinferno,self_consistency,100,439.82,0.00,561.69,1,1.78,1
torchinferno,self_consistency,101,417.36,0.00,535.06,1,1.87,1
torchinferno,self_consistency,102,449.57,0.00,551.13,1,1.81,1
torchinferno,self_consistency,103,460.05,0.00,578.33,1,1.73,1
torchinferno,self_consistency,104,489.58,0.00,604.75,1,1.65,1
torchinferno,self_consistency,105,474.12,0.00,590.97,1,1.69,1
torchinferno,self_consistency,106,465.42,0.00,595.16,1,1.68,1
torchinferno,self_consistency,107,548.67,0.00,632.76,1,1.58,1
torchinferno,self_consistency,108,467.77,0.00,600.87,1,1.66,1
torchinferno,self_consistency,109,504.90,0.00,619.65,1,1.61,1
torchinferno,self_consistency,110,494.64,0.00,605.54,1,1.65,1
torchinferno,self_consistency,111,427.94,0.00,571.36,1,1.75,1
torchinferno,self_consistency,112,494.39,0.00,586.47,1,1.71,1
torchinferno,self_consistency,113,448.44,0.00,563.13,1,1.78,1
torchinferno,self_consistency,114,525.97,0.00,633.04,1,1.58,1
torchinferno,self_consistency,115,451.63,0.00,620.30,1,1.61,1
torchinferno,self_consistency,116,439.18,0.00,599.86,1,1.67,1
torchinferno,self_consistency,117,483.18,0.00,601.99,1,1.66,1
torchinferno,self_consistency,118,470.71,0.00,611.53,1,1.64,1
torchinferno,self_consistency,119,489.17,0.00,595.65,1,1.68,1
torchinferno,self_consistency,120,502.56,0.00,652.92,1,1.53,1
torchinferno,self_consistency,121,473.78,0.00,589.51,1,1.70,1
torchinferno,self_consistency,122,423.91,0.00,581.86,1,1.72,1
torchinferno,self_consistency,123,489.28,0.00,628.03,1,1.59,1
torchinferno,self_consistency,124,440.54,0.00,586.85,1,1.70,1
torchinferno,self_consistency,125,519.47,0.00,639.99,1,1.56,1
torchinferno,self_consistency,126,370.60,0.00,535.25,1,1.87,1
torchinferno,self_consistency,127,488.93,0.00,605.12,1,1.65,1
torchinferno,self_consistency,128,507.60,0.00,658.47,1,1.52,1
torchinferno,self_consistency,129,344.59,0.00,536.86,1,1.86,1
torchinferno,self_consistency,130,398.58,0.00,591.27,1,1.69,1
torchinferno,self_consistency,131,522.71,0.00,673.07,1,1.49,1
torchinferno,self_consistency,132,525.52,0.00,598.20,1,1.67,1
torchinferno,self_consistency,133,345.42,0.00,428.74,1,2.33,1
torchinferno,self_consistency,134,322.94,0.00,406.70,1,2.46,1
torchinferno,self_consistency,135,323.73,0.00,402.51,1,2.48,1
torchinferno,self_consistency,136,355.84,0.00,439.00,1,2.28,1
torchinferno,self_consistency,137,317.50,0.00,410.47,1,2.44,1
torchinferno,self_consistency,138,284.08,0.00,366.99,1,2.72,1
torchinferno,self_consistency,139,391.90,0.00,484.96,1,2.06,1
torchinferno,self_consistency,140,344.32,0.00,432.16,1,2.31,1
torchinferno,self_consistency,141,323.98,0.00,424.94,1,2.35,1
torchinferno,self_consistency,142,317.48,0.00,417.29,1,2.40,1
torchinferno,self_consistency,143,279.91,0.00,379.46,1,2.64,1
torchinferno,self_consistency,144,367.27,0.00,474.69,1,2.11,1
torchinferno,self_consistency,145,385.60,0.00,488.96,1,2.05,1
torchinferno,self_consistency,146,332.26,0.00,431.88,1,2.32,1
torchinferno,self_consistency,147,295.87,0.00,397.03,1,2.52,1
torchinferno,self_consistency,148,377.18,0.00,490.19,1,2.04,1
torchinferno,self_consistency,149,267.23,0.00,383.37,1,2.61,1
torchinferno,self_consistency,150,318.25,0.00,429.71,1,2.33,1
torchinferno,self_consistency,151,295.72,0.00,418.49,1,2.39,1
torchinferno,self_consistency,152,343.38,0.00,460.14,1,2.17,1
torchinferno,self_consistency,153,307.60,0.00,433.22,1,2.31,1
torchinferno,self_consistency,154,313.57,0.00,439.15,1,2.28,1
torchinferno,self_consistency,155,347.73,0.00,469.91,1,2.13,1
torchinferno,self_consistency,156,313.66,0.00,432.79,1,2.31,1
torchinferno,self_consistency,157,378.39,0.00,500.41,1,2.00,1
torchinferno,self_consistency,158,302.24,0.00,430.65,1,2.32,1
torchinferno,self_consistency,159,289.07,0.00,421.82,1,2.37,1
torchinferno,self_consistency,160,300.20,0.00,429.69,1,2.33,1
torchinferno,self_consistency,161,353.73,0.00,492.33,1,2.03,1
torchinferno,self_consistency,162,356.96,0.00,488.68,1,2.05,1
torchinferno,self_consistency,163,368.12,0.00,503.42,1,1.99,1
torchinferno,self_consistency,164,388.18,0.00,536.82,1,1.86,1
torchinferno,self_consistency,165,339.13,0.00,491.10,1,2.04,1
torchinferno,self_consistency,166,248.27,0.00,397.12,1,2.52,1
torchinferno,self_consistency,167,386.36,0.00,530.10,1,1.89,1
torchinferno,self_consistency,168,318.58,0.00,458.76,1,2.18,1
torchinferno,self_consistency,169,370.43,0.00,519.60,1,1.92,1
torchinferno,self_consistency,170,273.46,0.00,427.36,1,2.34,1
torchinferno,self_consistency,171,299.93,0.00,458.87,1,2.18,1
torchinferno,self_consistency,172,333.08,0.00,482.55,1,2.07,1
torchinferno,self_consistency,173,369.00,0.00,517.79,1,1.93,1
torchinferno,self_consistency,174,367.05,0.00,517.92,1,1.93,1
torchinferno,self_consistency,175,360.37,0.00,528.46,1,1.89,1
torchinferno,self_consistency,176,381.62,0.00,545.03,1,1.83,1
torchinferno,self_consistency,177,249.35,0.00,412.97,1,2.42,1
torchinferno,self_consistency,178,261.84,0.00,428.88,1,2.33,1
torchinferno,self_consistency,179,366.68,0.00,528.35,1,1.89,1
torchinferno,self_consistency,180,395.39,0.00,565.74,1,1.77,1
torchinferno,self_consistency,181,375.95,0.00,686.00,1,1.46,1
torchinferno,self_consistency,182,352.32,0.00,686.23,1,1.46,1
torchinferno,self_consistency,183,344.30,0.00,667.41,1,1.50,1
torchinferno,self_consistency,184,344.08,0.00,672.45,1,1.49,1
torchinferno,self_consistency,185,477.83,0.00,813.59,1,1.23,1
torchinferno,self_consistency,186,374.84,0.00,682.28,1,1.47,1
torchinferno,self_consistency,187,478.80,0.00,825.93,1,1.21,1
torchinferno,self_consistency,188,393.45,0.00,725.18,1,1.38,1
torchinferno,self_consistency,189,348.01,0.00,670.98,1,1.49,1
torchinferno,self_consistency,190,444.28,0.00,752.91,1,1.33,1
torchinferno,self_consistency,191,397.56,0.00,693.64,1,1.44,1
torchinferno,self_consistency,192,428.14,0.00,742.24,1,1.35,1
torchinferno,self_consistency,193,368.52,0.00,722.05,1,1.38,1
torchinferno,self_consistency,194,311.97,0.00,676.86,1,1.48,1
torchinferno,self_consistency,195,418.74,0.00,725.24,1,1.38,1
torchinferno,self_consistency,196,457.47,0.00,751.81,1,1.33,1
torchinferno,self_consistency,197,524.75,0.00,820.35,1,1.22,1
torchinferno,self_consistency,198,467.75,0.00,810.39,1,1.23,1
torchinferno,self_consistency,199,257.38,0.00,634.26,1,1.58,1
torchinferno,self_consistency,200,474.18,0.00,778.22,1,1.28,1
torchinferno,self_consistency,201,400.19,0.00,720.57,1,1.39,1
torchinferno,self_consistency,202,383.92,0.00,747.54,1,1.34,1
torchinferno,self_consistency,203,427.80,0.00,787.93,1,1.27,1
torchinferno,self_consistency,204,471.30,0.00,842.68,1,1.19,1
torchinferno,self_consistency,205,476.75,0.00,779.10,1,1.28,1
torchinferno,self_consistency,206,493.35,0.00,805.02,1,1.24,1
torchinferno,self_consistency,207,403.74,0.00,771.33,1,1.30,1
torchinferno,self_consistency,208,364.36,0.00,755.41,1,1.32,1
torchinferno,self_consistency,209,371.59,0.00,723.97,1,1.38,1
torchinferno,self_consistency,210,335.35,0.00,698.75,1,1.43,1
torchinferno,self_consistency,211,338.07,0.00,742.04,1,1.35,1
torchinferno,self_consistency,212,559.50,0.00,660.40,1,1.51,1
torchinferno,self_consistency,213,585.18,0.00,656.31,1,1.52,1
torchinferno,self_consistency,214,632.62,0.00,694.44,1,1.44,1
torchinferno,self_consistency,215,620.66,0.00,713.20,1,1.40,1
torchinferno,self_consistency,216,602.68,0.00,674.73,1,1.48,1
torchinferno,self_consistency,217,637.28,0.00,728.90,1,1.37,1
torchinferno,self_consistency,218,636.68,0.00,739.76,1,1.35,1
torchinferno,self_consistency,219,577.22,0.00,686.46,1,1.46,1
torchinferno,self_consistency,220,707.97,0.00,805.29,1,1.24,1
torchinferno,self_consistency,221,609.36,0.00,715.78,1,1.40,1
torchinferno,self_consistency,222,633.89,0.00,726.96,1,1.38,1
torchinferno,self_consistency,223,628.84,0.00,707.45,1,1.41,1
torchinferno,self_consistency,224,606.79,0.00,723.93,1,1.38,1
torchinferno,self_consistency,225,642.89,0.00,738.94,1,1.35,1
torchinferno,self_consistency,226,619.67,0.00,743.20,1,1.35,1
torchinferno,self_consistency,227,618.67,0.00,750.16,1,1.33,1
torchinferno,self_consistency,228,639.76,0.00,734.62,1,1.36,1
torchinferno,self_consistency,229,592.49,0.00,688.80,1,1.45,1
torchinferno,self_consistency,230,582.27,0.00,692.61,1,1.44,1
torchinferno,self_consistency,231,626.24,0.00,733.97,1,1.36,1
torchinferno,self_consistency,232,608.56,0.00,738.55,1,1.35,1
torchinferno,self_consistency,233,563.44,0.00,704.49,1,1.42,1
torchinferno,self_consistency,234,603.48,0.00,704.42,1,1.42,1
torchinferno,self_consistency,235,605.23,0.00,729.28,1,1.37,1
torchinferno,self_consistency,236,630.43,0.00,777.23,1,1.29,1
torchinferno,self_consistency,237,604.07,0.00,751.14,1,1.33,1
torchinferno,self_consistency,238,612.85,0.00,740.75,1,1.35,1
torchinferno,self_consistency,239,589.41,0.00,706.66,1,1.42,1
torchinferno,self_consistency,240,611.13,0.00,742.68,1,1.35,1
torchinferno,self_consistency,241,589.49,0.00,734.12,1,1.36,1
torchinferno,self_consistency,242,643.15,0.00,762.61,1,1.31,1
torchinferno,self_consistency,243,599.57,0.00,731.83,1,1.37,1
torchinferno,self_consistency,244,630.77,0.00,783.60,1,1.28,1
torchinferno,self_consistency,245,621.68,0.00,780.02,1,1.28,1
torchinferno,self_consistency,246,641.56,0.00,792.26,1,1.26,1
torchinferno,self_consistency,247,552.95,0.00,714.60,1,1.40,1
torchinferno,self_consistency,248,625.97,0.00,765.32,1,1.31,1
torchinferno,self_consistency,249,574.81,0.00,749.41,1,1.33,1
torchinferno,self_consistency,250,612.52,0.00,747.02,1,1.34,1
torchinferno,self_consistency,251,619.73,0.00,761.90,1,1.31,1
torchinferno,self_consistency,252,600.40,0.00,733.90,1,1.36,1
torchinferno,self_consistency,253,577.62,0.00,733.19,1,1.36,1
torchinferno,self_consistency,254,663.14,0.00,807.61,1,1.24,1
torchinferno,self_consistency,255,505.03,0.00,532.03,1,1.88,1
torchinferno,self_consistency,256,456.26,0.00,526.52,1,1.90,1
torchinferno,self_consistency,257,466.92,0.00,495.94,1,2.02,1
torchinferno,self_consistency,258,410.10,0.00,500.10,1,2.00,1
torchinferno,self_consistency,259,555.86,0.00,743.33,1,1.35,1
torchinferno,self_consistency,260,434.40,0.00,513.33,1,1.95,1
torchinferno,self_consistency,261,611.88,0.00,784.44,1,1.27,1
torchinferno,self_consistency,262,497.88,0.00,574.05,1,1.74,1
torchinferno,self_consistency,263,645.89,0.00,689.58,1,1.45,1
torchinferno,self_consistency,264,437.67,0.00,527.76,1,1.89,1
torchinferno,self_consistency,265,534.14,0.00,560.97,1,1.78,1
torchinferno,self_consistency,266,507.80,0.00,538.53,1,1.86,1
torchinferno,self_consistency,267,525.69,0.00,569.21,1,1.76,1
torchinferno,self_consistency,268,613.41,0.00,791.18,1,1.26,1
torchinferno,self_consistency,269,474.73,0.00,573.73,1,1.74,1
torchinferno,self_consistency,270,507.64,0.00,561.96,1,1.78,1
torchinferno,self_consistency,271,474.35,0.00,584.14,1,1.71,1
torchinferno,self_consistency,272,589.08,0.00,788.86,1,1.27,1
torchinferno,self_consistency,273,481.04,0.00,540.34,1,1.85,1
torchinferno,self_consistency,274,492.67,0.00,595.24,1,1.68,1
torchinferno,self_consistency,275,597.37,0.00,792.49,1,1.26,1
torchinferno,self_consistency,276,535.58,0.00,604.66,1,1.65,1
torchinferno,self_consistency,277,498.26,0.00,588.95,1,1.70,1
torchinferno,self_consistency,278,487.56,0.00,602.19,1,1.66,1
torchinferno,self_consistency,279,482.03,0.00,621.35,1,1.61,1
torchinferno,self_consistency,280,425.50,0.00,543.73,1,1.84,1
torchinferno,self_consistency,281,455.96,0.00,579.91,1,1.72,1
torchinferno,self_consistency,282,498.38,0.00,597.05,1,1.67,1
torchinferno,self_consistency,283,467.84,0.00,547.49,1,1.83,1
torchinferno,self_consistency,284,439.74,0.00,571.45,1,1.75,1
torchinferno,self_consistency,285,468.35,0.00,587.68,1,1.70,1
torchinferno,self_consistency,286,476.10,0.00,574.76,1,1.74,1
torchinferno,self_consistency,287,537.11,0.00,638.88,1,1.57,1
torchinferno,self_consistency,288,531.77,0.00,638.62,1,1.57,1
torchinferno,self_consistency,289,465.73,0.00,596.73,1,1.68,1
torchinferno,self_consistency,290,508.48,0.00,639.25,1,1.56,1
torchinferno,self_consistency,291,557.84,0.00,634.41,1,1.58,1
torchinferno,self_consistency,292,244.32,0.00,323.88,1,3.09,1
torchinferno,self_consistency,293,236.83,0.00,328.10,1,3.05,1
torchinferno,self_consistency,294,598.31,0.00,683.12,1,1.46,1
torchinferno,self_consistency,295,283.34,0.00,344.79,1,2.90,1
torchinferno,self_consistency,296,555.17,0.00,627.86,1,1.59,1
torchinferno,self_consistency,297,555.23,0.00,621.86,1,1.61,1
torchinferno,self_consistency,298,218.74,0.00,313.56,1,3.19,1
torchinferno,self_consistency,299,304.79,0.00,363.52,1,2.75,1
torchinferno,self_consistency,300,558.22,0.00,660.09,1,1.51,1
torchinferno,self_consistency,301,202.49,0.00,308.29,1,3.24,1
torchinferno,self_consistency,302,235.20,0.00,331.06,1,3.02,1
torchinferno,self_consistency,303,498.55,0.00,627.43,1,1.59,1
torchinferno,self_consistency,304,265.19,0.00,373.77,1,2.68,1
torchinferno,self_consistency,305,532.98,0.00,658.15,1,1.52,1
torchinferno,self_consistency,306,258.71,0.00,375.39,1,2.66,1
torchinferno,self_consistency,307,255.14,0.00,335.63,1,2.98,1
torchinferno,self_consistency,308,539.65,0.00,676.53,1,1.48,1
torchinferno,self_consistency,309,210.21,0.00,333.83,1,3.00,1
torchinferno,self_consistency,310,222.39,0.00,360.80,1,2.77,1
torchinferno,self_consistency,311,592.38,0.00,699.09,1,1.43,1
torchinferno,self_consistency,312,562.63,0.00,702.92,1,1.42,1
torchinferno,self_consistency,313,244.41,0.00,376.66,1,2.65,1
torchinferno,self_consistency,314,232.85,0.00,330.69,1,3.02,1
torchinferno,self_consistency,315,221.37,0.00,344.63,1,2.90,1
torchinferno,self_consistency,316,584.37,0.00,713.22,1,1.40,1
torchinferno,self_consistency,317,574.79,0.00,677.67,1,1.48,1
torchinferno,self_consistency,318,534.56,0.00,687.55,1,1.45,1
torchinferno,self_consistency,319,197.84,0.00,350.45,1,2.85,1
torchinferno,self_consistency,320,216.44,0.00,373.03,1,2.68,1
torchinferno,self_consistency,321,205.29,0.00,368.07,1,2.72,1
torchinferno,self_consistency,322,572.00,0.00,685.60,1,1.46,1
torchinferno,self_consistency,323,240.41,0.00,398.42,1,2.51,1
torchinferno,self_consistency,324,557.77,0.00,680.80,1,1.47,1
torchinferno,self_consistency,325,525.09,0.00,679.93,1,1.47,1
torchinferno,self_consistency,326,186.95,0.00,349.52,1,2.86,1
torchinferno,self_consistency,327,565.48,0.00,701.12,1,1.43,1
torchinferno,self_consistency,328,229.56,0.00,358.60,1,2.79,1
torchinferno,self_consistency,329,211.51,0.00,386.59,1,2.59,1
torchinferno,self_consistency,330,264.79,0.00,416.50,1,2.40,1
torchinferno,self_consistency,331,273.06,0.00,411.82,1,2.43,1
torchinferno,self_consistency,332,237.02,0.00,409.63,1,2.44,1
torchinferno,self_consistency,333,228.49,0.00,390.72,1,2.56,1
torchinferno,self_consistency,334,243.95,0.00,428.30,1,2.33,1
torchinferno,self_consistency,335,289.81,0.00,302.49,1,3.31,1
torchinferno,self_consistency,336,223.15,0.00,278.02,1,3.60,1
torchinferno,self_consistency,337,587.20,0.00,780.42,1,1.28,1
torchinferno,self_consistency,338,278.40,0.00,310.54,1,3.22,1
torchinferno,self_consistency,339,361.36,0.00,409.34,1,2.44,1
torchinferno,self_consistency,340,227.42,0.00,433.12,1,2.31,1
torchinferno,self_consistency,341,257.57,0.00,440.06,1,2.27,1
torchinferno,self_consistency,342,271.32,0.00,438.93,1,2.28,1
torchinferno,self_consistency,343,337.73,0.00,411.30,1,2.43,1
torchinferno,self_consistency,344,197.99,0.00,282.93,1,3.53,1
torchinferno,self_consistency,345,293.27,0.00,388.48,1,2.57,1
torchinferno,self_consistency,346,323.08,0.00,400.81,1,2.49,1
torchinferno,self_consistency,347,251.77,0.00,343.68,1,2.91,1
torchinferno,self_consistency,348,310.06,0.00,414.97,1,2.41,1
torchinferno,self_consistency,349,309.22,0.00,420.96,1,2.38,1
torchinferno,self_consistency,350,240.38,0.00,354.74,1,2.82,1
torchinferno,self_consistency,351,270.31,0.00,390.83,1,2.56,1
torchinferno,self_consistency,352,310.66,0.00,425.49,1,2.35,1
torchinferno,self_consistency,353,223.12,0.00,338.87,1,2.95,1
torchinferno,self_consistency,354,272.20,0.00,378.89,1,2.64,1
torchinferno,self_consistency,355,311.86,0.00,429.24,1,2.33,1
torchinferno,self_consistency,356,316.74,0.00,440.71,1,2.27,1
torchinferno,self_consistency,357,268.81,0.00,397.28,1,2.52,1
torchinferno,self_consistency,358,236.36,0.00,355.75,1,2.81,1
torchinferno,self_consistency,359,319.73,0.00,448.25,1,2.23,1
torchinferno,self_consistency,360,290.88,0.00,418.66,1,2.39,1
torchinferno,self_consistency,361,210.09,0.00,322.17,1,3.10,1
torchinferno,self_consistency,362,332.21,0.00,455.53,1,2.20,1
torchinferno,self_consistency,363,234.85,0.00,350.71,1,2.85,1
torchinferno,self_consistency,364,285.19,0.00,417.84,1,2.39,1
torchinferno,self_consistency,365,321.07,0.00,429.11,1,2.33,1
torchinferno,self_consistency,366,266.08,0.00,397.11,1,2.52,1
torchinferno,self_consistency,367,262.21,0.00,394.81,1,2.53,1
torchinferno,self_consistency,368,327.10,0.00,444.80,1,2.25,1
torchinferno,self_consistency,369,315.87,0.00,466.39,1,2.14,1
torchinferno,self_consistency,370,286.28,0.00,421.70,1,2.37,1
torchinferno,self_consistency,371,306.02,0.00,461.61,1,2.17,1
torchinferno,self_consistency,372,212.30,0.00,361.44,1,2.77,1
torchinferno,self_consistency,373,212.72,0.00,349.83,1,2.86,1
torchinferno,self_consistency,374,291.85,0.00,436.72,1,2.29,1
torchinferno,self_consistency,375,226.87,0.00,379.38,1,2.64,1
torchinferno,self_consistency,376,249.46,0.00,412.25,1,2.43,1
torchinferno,self_consistency,377,225.75,0.00,389.56,1,2.57,1
torchinferno,self_consistency,378,311.14,0.00,464.66,1,2.15,1
torchinferno,self_consistency,379,196.21,0.00,369.76,1,2.70,1
torchinferno,self_consistency,380,313.19,0.00,453.56,1,2.20,1
torchinferno,self_consistency,381,291.72,0.00,464.18,1,2.15,1
torchinferno,self_consistency,382,274.36,0.00,449.92,1,2.22,1
torchinferno,self_consistency,383,281.97,0.00,455.64,1,2.19,1
torchinferno,self_consistency,384,263.49,0.00,422.16,1,2.37,1
torchinferno,self_consistency,385,265.02,0.00,446.85,1,2.24,1
torchinferno,self_consistency,386,265.10,0.00,445.61,1,2.24,1
torchinferno,self_consistency,387,275.13,0.00,442.47,1,2.26,1
torchinferno,self_consistency,388,275.46,0.00,459.83,1,2.17,1
torchinferno,self_consistency,389,361.83,0.00,418.24,1,2.39,1
torchinferno,self_consistency,390,365.26,0.00,402.96,1,2.48,1
torchinferno,self_consistency,391,346.25,0.00,516.08,1,1.94,1
torchinferno,self_consistency,392,394.93,0.00,427.33,1,2.34,1
torchinferno,self_consistency,393,388.99,0.00,422.61,1,2.37,1
torchinferno,self_consistency,394,315.30,0.00,488.92,1,2.05,1
torchinferno,self_consistency,395,338.49,0.00,411.52,1,2.43,1
torchinferno,self_consistency,396,311.72,0.00,386.89,1,2.58,1
torchinferno,self_consistency,397,315.91,0.00,354.34,1,2.82,1
torchinferno,self_consistency,398,409.63,0.00,429.45,1,2.33,1
torchinferno,self_consistency,399,429.97,0.00,466.77,1,2.14,1
torchinferno,self_consistency,400,337.63,0.00,424.33,1,2.36,1
torchinferno,self_consistency,401,300.35,0.00,382.20,1,2.62,1
torchinferno,self_consistency,402,287.84,0.00,378.02,1,2.65,1
torchinferno,self_consistency,403,321.85,0.00,390.09,1,2.56,1
torchinferno,self_consistency,404,333.27,0.00,395.91,1,2.53,1
torchinferno,self_consistency,405,342.28,0.00,399.24,1,2.50,1
torchinferno,self_consistency,406,395.85,0.00,458.91,1,2.18,1
torchinferno,self_consistency,407,351.98,0.00,419.38,1,2.38,1
torchinferno,self_consistency,408,319.26,0.00,429.62,1,2.33,1
torchinferno,self_consistency,409,375.78,0.00,438.84,1,2.28,1
torchinferno,self_consistency,410,376.49,0.00,481.72,1,2.08,1
torchinferno,self_consistency,411,265.90,0.00,398.44,1,2.51,1
torchinferno,self_consistency,412,534.95,0.00,535.47,1,1.87,1
torchinferno,self_consistency,413,318.36,0.00,438.51,1,2.28,1
torchinferno,self_consistency,414,344.44,0.00,418.51,1,2.39,1
torchinferno,self_consistency,415,414.77,0.00,432.06,1,2.31,1
torchinferno,self_consistency,416,268.76,0.00,418.37,1,2.39,1
torchinferno,self_consistency,417,321.99,0.00,472.85,1,2.11,1
torchinferno,self_consistency,418,326.50,0.00,502.33,1,1.99,1
torchinferno,self_consistency,419,271.68,0.00,370.08,1,2.70,1
torchinferno,self_consistency,420,350.79,0.00,420.47,1,2.38,1
torchinferno,self_consistency,421,336.96,0.00,419.32,1,2.38,1
torchinferno,self_consistency,422,274.23,0.00,343.35,1,2.91,1
torchinferno,self_consistency,423,252.41,0.00,348.05,1,2.87,1
torchinferno,self_consistency,424,338.60,0.00,404.49,1,2.47,1
torchinferno,self_consistency,425,339.97,0.00,424.39,1,2.36,1
torchinferno,self_consistency,426,285.06,0.00,401.73,1,2.49,1
torchinferno,self_consistency,427,282.44,0.00,371.58,1,2.69,1
torchinferno,self_consistency,428,242.73,0.00,350.29,1,2.85,1
torchinferno,self_consistency,429,238.24,0.00,356.03,1,2.81,1
torchinferno,self_consistency,430,294.08,0.00,400.59,1,2.50,1
torchinferno,self_consistency,431,275.21,0.00,375.03,1,2.67,1
torchinferno,self_consistency,432,255.61,0.00,373.88,1,2.67,1
torchinferno,self_consistency,433,289.88,0.00,421.10,1,2.37,1
torchinferno,self_consistency,434,328.69,0.00,433.90,1,2.30,1
torchinferno,self_consistency,435,301.17,0.00,432.37,1,2.31,1
torchinferno,self_consistency,436,327.71,0.00,429.24,1,2.33,1
torchinferno,self_consistency,437,311.99,0.00,436.94,1,2.29,1
torchinferno,self_consistency,438,294.66,0.00,399.86,1,2.50,1
torchinferno,self_consistency,439,332.68,0.00,447.06,1,2.24,1
torchinferno,self_consistency,440,304.13,0.00,446.86,1,2.24,1
torchinferno,self_consistency,441,257.69,0.00,387.81,1,2.58,1
torchinferno,self_consistency,442,283.32,0.00,403.48,1,2.48,1
torchinferno,self_consistency,443,282.05,0.00,434.89,1,2.30,1
torchinferno,self_consistency,444,298.04,0.00,433.20,1,2.31,1
torchinferno,self_consistency,445,221.22,0.00,356.95,1,2.80,1
torchinferno,self_consistency,446,314.93,0.00,449.09,1,2.23,1
torchinferno,self_consistency,447,273.06,0.00,381.02,1,2.62,1
torchinferno,self_consistency,448,249.01,0.00,406.77,1,2.46,1
torchinferno,self_consistency,449,264.15,0.00,423.08,1,2.36,1
torchinferno,self_consistency,450,342.41,0.00,466.00,1,2.15,1
torchinferno,self_consistency,451,274.02,0.00,398.42,1,2.51,1
torchinferno,self_consistency,452,246.63,0.00,404.30,1,2.47,1
torchinferno,self_consistency,453,270.73,0.00,411.39,1,2.43,1
torchinferno,self_consistency,454,281.71,0.00,438.31,1,2.28,1
torchinferno,self_consistency,455,328.15,0.00,477.69,1,2.09,1
torchinferno,self_consistency,456,276.14,0.00,421.58,1,2.37,1
torchinferno,self_consistency,457,229.02,0.00,405.48,1,2.47,1
torchinferno,self_consistency,458,339.95,0.00,492.07,1,2.03,1
torchinferno,self_consistency,459,294.50,0.00,437.01,1,2.29,1
torchinferno,self_consistency,460,234.20,0.00,407.19,1,2.46,1
torchinferno,self_consistency,461,258.22,0.00,402.87,1,2.48,1
torchinferno,self_consistency,462,255.06,0.00,435.89,1,2.29,1
torchinferno,self_consistency,463,268.06,0.00,427.40,1,2.34,1
torchinferno,self_consistency,464,295.41,0.00,455.26,1,2.20,1
torchinferno,self_consistency,465,321.71,0.00,493.84,1,2.02,1
torchinferno,self_consistency,466,255.57,0.00,275.32,1,3.63,1
torchinferno,self_consistency,467,402.32,0.00,411.17,1,2.43,1
torchinferno,self_consistency,468,419.41,0.00,494.53,1,2.02,1
torchinferno,self_consistency,469,398.11,0.00,484.31,1,2.06,1
torchinferno,self_consistency,470,328.48,0.00,471.44,1,2.12,1
torchinferno,self_consistency,471,407.21,0.00,462.63,1,2.16,1
torchinferno,self_consistency,472,336.23,0.00,400.94,1,2.49,1
torchinferno,self_consistency,473,333.21,0.00,423.05,1,2.36,1
torchinferno,self_consistency,474,277.80,0.00,352.39,1,2.84,1
torchinferno,self_consistency,475,295.53,0.00,378.58,1,2.64,1
torchinferno,self_consistency,476,228.33,0.00,324.62,1,3.08,1
torchinferno,self_consistency,477,266.84,0.00,346.97,1,2.88,1
torchinferno,self_consistency,478,294.46,0.00,396.78,1,2.52,1
torchinferno,self_consistency,479,287.51,0.00,395.51,1,2.53,1
torchinferno,self_consistency,480,252.56,0.00,372.22,1,2.69,1
torchinferno,self_consistency,481,312.43,0.00,428.91,1,2.33,1
torchinferno,self_consistency,482,281.04,0.00,402.17,1,2.49,1
torchinferno,self_consistency,483,258.28,0.00,350.01,1,2.86,1
torchinferno,self_consistency,484,339.11,0.00,445.97,1,2.24,1
torchinferno,self_consistency,485,323.97,0.00,441.61,1,2.26,1
torchinferno,self_consistency,486,325.14,0.00,446.89,1,2.24,1
torchinferno,self_consistency,487,267.30,0.00,398.55,1,2.51,1
torchinferno,self_consistency,488,291.16,0.00,421.04,1,2.38,1
torchinferno,self_consistency,489,202.50,0.00,331.81,1,3.01,1
torchinferno,self_consistency,490,339.90,0.00,459.80,1,2.17,1
torchinferno,self_consistency,491,297.62,0.00,432.76,1,2.31,1
torchinferno,self_consistency,492,201.16,0.00,343.03,1,2.92,1
torchinferno,self_consistency,493,277.22,0.00,392.65,1,2.55,1
torchinferno,self_consistency,494,258.18,0.00,390.82,1,2.56,1
torchinferno,self_consistency,495,279.91,0.00,421.59,1,2.37,1
torchinferno,self_consistency,496,279.89,0.00,426.03,1,2.35,1
torchinferno,self_consistency,497,316.57,0.00,448.25,1,2.23,1
torchinferno,self_consistency,498,287.73,0.00,430.30,1,2.32,1
torchinferno,self_consistency,499,264.16,0.00,405.68,1,2.47,1
torchinferno,self_consistency,500,230.88,0.00,377.07,1,2.65,1
torchinferno,self_consistency,501,184.07,0.00,329.82,1,3.03,1
torchinferno,self_consistency,502,312.46,0.00,467.04,1,2.14,1
torchinferno,self_consistency,503,313.36,0.00,461.97,1,2.16,1
torchinferno,self_consistency,504,203.89,0.00,371.68,1,2.69,1
torchinferno,self_consistency,505,214.44,0.00,378.73,1,2.64,1
torchinferno,self_consistency,506,266.98,0.00,433.19,1,2.31,1
torchinferno,self_consistency,507,281.71,0.00,429.01,1,2.33,1
torchinferno,self_consistency,508,340.61,0.00,485.30,1,2.06,1
torchinferno,self_consistency,509,332.44,0.00,497.86,1,2.01,1
torchinferno,self_consistency,510,308.72,0.00,480.12,1,2.08,1
torchinferno,self_consistency,511,281.40,0.00,438.51,1,2.28,1
torchinferno,self_consistency,512,321.12,0.00,486.04,1,2.06,1
torchinferno,self_consistency,513,220.04,0.00,391.59,1,2.55,1
torchinferno,self_consistency,514,227.16,0.00,401.29,1,2.49,1
torchinferno,self_consistency,515,241.45,0.00,420.93,1,2.38,1
torchinferno,self_consistency,516,284.22,0.00,456.96,1,2.19,1
torchinferno,self_consistency,517,280.23,0.00,334.72,1,2.99,1
torchinferno,self_consistency,518,287.46,0.00,481.79,1,2.08,1
torchinferno,self_consistency,519,449.19,0.00,486.03,1,2.06,1
torchinferno,self_consistency,520,299.00,0.00,388.76,1,2.57,1
torchinferno,self_consistency,521,299.18,0.00,360.14,1,2.78,1
torchinferno,self_consistency,522,203.80,0.00,286.88,1,3.49,1
torchinferno,self_consistency,523,220.82,0.00,308.50,1,3.24,1
torchinferno,self_consistency,524,407.63,0.00,428.82,1,2.33,1
torchinferno,self_consistency,525,410.33,0.00,462.62,1,2.16,1
torchinferno,self_consistency,526,333.85,0.00,385.41,1,2.59,1
torchinferno,self_consistency,527,278.68,0.00,372.56,1,2.68,1
torchinferno,self_consistency,528,358.22,0.00,431.42,1,2.32,1
torchinferno,self_consistency,529,400.87,0.00,458.94,1,2.18,1
torchinferno,self_consistency,530,373.98,0.00,449.19,1,2.23,1
torchinferno,self_consistency,531,348.43,0.00,406.67,1,2.46,1
torchinferno,self_consistency,532,409.72,0.00,504.87,1,1.98,1
torchinferno,self_consistency,533,357.30,0.00,466.11,1,2.15,1
torchinferno,self_consistency,534,327.44,0.00,416.45,1,2.40,1
torchinferno,self_consistency,535,339.41,0.00,433.16,1,2.31,1
torchinferno,self_consistency,536,190.97,0.00,310.38,1,3.22,1
torchinferno,self_consistency,537,417.80,0.00,472.15,1,2.12,1
torchinferno,self_consistency,538,289.13,0.00,505.58,1,1.98,1
torchinferno,self_consistency,539,324.39,0.00,428.23,1,2.34,1
torchinferno,self_consistency,540,386.06,0.00,435.09,1,2.30,1
torchinferno,self_consistency,541,343.73,0.00,408.19,1,2.45,1
torchinferno,self_consistency,542,284.95,0.00,413.37,1,2.42,1
torchinferno,self_consistency,543,274.66,0.00,518.98,1,1.93,1
torchinferno,self_consistency,544,365.72,0.00,509.68,1,1.96,1
torchinferno,self_consistency,545,373.85,0.00,486.10,1,2.06,1
torchinferno,self_consistency,546,347.26,0.00,494.53,1,2.02,1
torchinferno,self_consistency,547,435.62,0.00,555.74,1,1.80,1
torchinferno,self_consistency,548,392.57,0.00,507.09,1,1.97,1
torchinferno,self_consistency,549,403.42,0.00,508.96,1,1.96,1
torchinferno,self_consistency,550,337.71,0.00,382.50,1,2.61,1
torchinferno,self_consistency,551,256.98,0.00,369.71,1,2.70,1
torchinferno,self_consistency,552,281.88,0.00,365.24,1,2.74,1
torchinferno,self_consistency,553,323.66,0.00,406.21,1,2.46,1
torchinferno,self_consistency,554,252.51,0.00,343.54,1,2.91,1
torchinferno,self_consistency,555,356.10,0.00,432.96,1,2.31,1
torchinferno,self_consistency,556,285.74,0.00,375.39,1,2.66,1
torchinferno,self_consistency,557,337.35,0.00,389.53,1,2.57,1
torchinferno,self_consistency,558,274.57,0.00,387.06,1,2.58,1
torchinferno,self_consistency,559,260.29,0.00,375.23,1,2.67,1
torchinferno,self_consistency,560,268.16,0.00,389.03,1,2.57,1
torchinferno,self_consistency,561,239.11,0.00,350.88,1,2.85,1
torchinferno,self_consistency,562,327.73,0.00,410.94,1,2.43,1
torchinferno,self_consistency,563,320.30,0.00,441.54,1,2.26,1
torchinferno,self_consistency,564,341.71,0.00,427.21,1,2.34,1
torchinferno,self_consistency,565,237.52,0.00,371.25,1,2.69,1
torchinferno,self_consistency,566,306.83,0.00,402.31,1,2.49,1
torchinferno,self_consistency,567,344.97,0.00,447.01,1,2.24,1
torchinferno,self_consistency,568,297.03,0.00,415.47,1,2.41,1
torchinferno,self_consistency,569,305.42,0.00,412.29,1,2.43,1
torchinferno,self_consistency,570,309.55,0.00,440.57,1,2.27,1
torchinferno,self_consistency,571,290.83,0.00,385.53,1,2.59,1
torchinferno,self_consistency,572,248.14,0.00,395.69,1,2.53,1
torchinferno,self_consistency,573,299.14,0.00,422.69,1,2.37,1
torchinferno,self_consistency,574,277.80,0.00,428.76,1,2.33,1
torchinferno,self_consistency,575,327.18,0.00,436.18,1,2.29,1
torchinferno,self_consistency,576,339.73,0.00,441.65,1,2.26,1
torchinferno,self_consistency,577,293.79,0.00,403.16,1,2.48,1
torchinferno,self_consistency,578,274.00,0.00,401.29,1,2.49,1
torchinferno,self_consistency,579,304.72,0.00,465.77,1,2.15,1
torchinferno,self_consistency,580,269.61,0.00,418.66,1,2.39,1
torchinferno,self_consistency,581,332.65,0.00,475.83,1,2.10,1
torchinferno,self_consistency,582,322.15,0.00,483.18,1,2.07,1
torchinferno,self_consistency,583,361.51,0.00,451.96,1,2.21,1
torchinferno,self_consistency,584,291.40,0.00,434.48,1,2.30,1
torchinferno,self_consistency,585,265.97,0.00,404.88,1,2.47,1
torchinferno,self_consistency,586,274.90,0.00,442.72,1,2.26,1
torchinferno,self_consistency,587,330.01,0.00,453.55,1,2.20,1
torchinferno,self_consistency,588,262.37,0.00,406.39,1,2.46,1
torchinferno,self_consistency,589,257.54,0.00,429.93,1,2.33,1
torchinferno,self_consistency,590,305.66,0.00,483.24,1,2.07,1
torchinferno,self_consistency,591,383.59,0.00,497.53,1,2.01,1
torchinferno,self_consistency,592,294.38,0.00,470.95,1,2.12,1
torchinferno,self_consistency,593,263.52,0.00,443.85,1,2.25,1
torchinferno,self_consistency,594,282.85,0.00,415.96,1,2.40,1
torchinferno,self_consistency,595,284.36,0.00,434.46,1,2.30,1
torchinferno,self_consistency,596,365.46,0.00,429.20,1,2.33,1
torchinferno,self_consistency,597,271.14,0.00,427.58,1,2.34,1
torchinferno,self_consistency,598,340.42,0.00,493.14,1,2.03,1
torchinferno,self_consistency,599,367.54,0.00,425.73,1,2.35,1
torchinferno,self_consistency,600,314.37,0.00,390.39,1,2.56,1
torchinferno,self_consistency,601,291.71,0.00,371.39,1,2.69,1
torchinferno,self_consistency,602,193.97,0.00,297.13,1,3.37,1
torchinferno,self_consistency,603,280.53,0.00,370.56,1,2.70,1
torchinferno,self_consistency,604,300.35,0.00,402.25,1,2.49,1
torchinferno,self_consistency,605,254.86,0.00,368.89,1,2.71,1
torchinferno,self_consistency,606,233.01,0.00,338.03,1,2.96,1
torchinferno,self_consistency,607,223.46,0.00,324.00,1,3.09,1
torchinferno,self_consistency,608,330.83,0.00,434.27,1,2.30,1
torchinferno,self_consistency,609,252.06,0.00,362.13,1,2.76,1
torchinferno,self_consistency,610,314.64,0.00,405.07,1,2.47,1
torchinferno,self_consistency,611,286.47,0.00,398.84,1,2.51,1
torchinferno,self_consistency,612,316.21,0.00,439.19,1,2.28,1
torchinferno,self_consistency,613,247.50,0.00,373.80,1,2.68,1
torchinferno,self_consistency,614,283.47,0.00,418.34,1,2.39,1
torchinferno,self_consistency,615,314.76,0.00,427.29,1,2.34,1
torchinferno,self_consistency,616,292.67,0.00,430.05,1,2.33,1
torchinferno,self_consistency,617,324.50,0.00,437.01,1,2.29,1
torchinferno,self_consistency,618,220.48,0.00,354.74,1,2.82,1
torchinferno,self_consistency,619,244.72,0.00,386.44,1,2.59,1
torchinferno,self_consistency,620,258.37,0.00,374.78,1,2.67,1
torchinferno,self_consistency,621,299.55,0.00,445.20,1,2.25,1
torchinferno,self_consistency,622,209.89,0.00,346.34,1,2.89,1
torchinferno,self_consistency,623,254.36,0.00,402.83,1,2.48,1
torchinferno,self_consistency,624,317.57,0.00,461.79,1,2.17,1
torchinferno,self_consistency,625,274.26,0.00,427.49,1,2.34,1
torchinferno,self_consistency,626,331.79,0.00,469.27,1,2.13,1
torchinferno,self_consistency,627,261.37,0.00,413.72,1,2.42,1
torchinferno,self_consistency,628,276.94,0.00,440.28,1,2.27,1
torchinferno,self_consistency,629,333.41,0.00,478.31,1,2.09,1
torchinferno,self_consistency,630,303.32,0.00,468.00,1,2.14,1
torchinferno,self_consistency,631,319.93,0.00,470.71,1,2.12,1
torchinferno,self_consistency,632,325.73,0.00,491.16,1,2.04,1
torchinferno,self_consistency,633,270.08,0.00,429.28,1,2.33,1
torchinferno,self_consistency,634,261.27,0.00,421.56,1,2.37,1
torchinferno,self_consistency,635,247.99,0.00,422.18,1,2.37,1
torchinferno,self_consistency,636,212.63,0.00,365.89,1,2.73,1
torchinferno,self_consistency,637,303.44,0.00,462.44,1,2.16,1
torchinferno,self_consistency,638,272.16,0.00,435.55,1,2.30,1
torchinferno,self_consistency,639,347.13,0.00,500.03,1,2.00,1
torchinferno,self_consistency,640,297.71,0.00,471.61,1,2.12,1
torchinferno,self_consistency,641,246.84,0.00,413.40,1,2.42,1
torchinferno,self_consistency,642,330.93,0.00,504.27,1,1.98,1
torchinferno,self_consistency,643,279.04,0.00,451.47,1,2.21,1
torchinferno,self_consistency,644,329.71,0.00,365.48,1,2.74,1
torchinferno,self_consistency,645,231.78,0.00,418.84,1,2.39,1
torchinferno,self_consistency,646,385.93,0.00,414.08,1,2.41,1
torchinferno,self_consistency,647,396.44,0.00,479.85,1,2.08,1
torchinferno,self_consistency,648,290.10,0.00,359.87,1,2.78,1
torchinferno,self_consistency,649,346.29,0.00,402.51,1,2.48,1
torchinferno,self_consistency,650,341.97,0.00,444.13,1,2.25,1
torchinferno,self_consistency,651,264.44,0.00,355.20,1,2.82,1
torchinferno,self_consistency,652,331.93,0.00,398.62,1,2.51,1
torchinferno,self_consistency,653,276.74,0.00,485.69,1,2.06,1
torchinferno,self_consistency,654,367.36,0.00,477.27,1,2.10,1
torchinferno,self_consistency,655,312.98,0.00,367.58,1,2.72,1
torchinferno,self_consistency,656,336.99,0.00,445.96,1,2.24,1
torchinferno,self_consistency,657,323.36,0.00,380.81,1,2.63,1
torchinferno,self_consistency,658,359.55,0.00,440.39,1,2.27,1
torchinferno,self_consistency,659,300.21,0.00,512.81,1,1.95,1
torchinferno,self_consistency,660,347.96,0.00,426.12,1,2.35,1
torchinferno,self_consistency,661,289.95,0.00,419.49,1,2.38,1
torchinferno,self_consistency,662,290.72,0.00,402.86,1,2.48,1
torchinferno,self_consistency,663,402.25,0.00,478.42,1,2.09,1
torchinferno,self_consistency,664,292.36,0.00,524.47,1,1.91,1
torchinferno,self_consistency,665,330.00,0.00,418.79,1,2.39,1
torchinferno,self_consistency,666,309.13,0.00,437.72,1,2.28,1
torchinferno,self_consistency,667,325.91,0.00,455.42,1,2.20,1
torchinferno,self_consistency,668,374.12,0.00,473.29,1,2.11,1
torchinferno,self_consistency,669,345.38,0.00,477.53,1,2.09,1
torchinferno,self_consistency,670,325.21,0.00,473.80,1,2.11,1
torchinferno,self_consistency,671,323.36,0.00,467.45,1,2.14,1
torchinferno,self_consistency,672,342.32,0.00,438.42,1,2.28,1
torchinferno,self_consistency,673,307.25,0.00,455.81,1,2.19,1
torchinferno,self_consistency,674,367.93,0.00,490.21,1,2.04,1
torchinferno,self_consistency,675,364.83,0.00,476.72,1,2.10,1
torchinferno,self_consistency,676,361.69,0.00,528.80,1,1.89,1
torchinferno,self_consistency,677,348.59,0.00,515.34,1,1.94,1
torchinferno,self_consistency,678,319.31,0.00,414.20,1,2.41,1
torchinferno,self_consistency,679,300.62,0.00,387.17,1,2.58,1
torchinferno,self_consistency,680,279.45,0.00,362.52,1,2.76,1
torchinferno,self_consistency,681,322.05,0.00,386.59,1,2.59,1
torchinferno,self_consistency,682,298.71,0.00,394.22,1,2.54,1
torchinferno,self_consistency,683,301.73,0.00,409.04,1,2.44,1
torchinferno,self_consistency,684,253.23,0.00,371.93,1,2.69,1
torchinferno,self_consistency,685,277.15,0.00,389.12,1,2.57,1
torchinferno,self_consistency,686,314.12,0.00,423.71,1,2.36,1
torchinferno,self_consistency,687,243.59,0.00,363.98,1,2.75,1
torchinferno,self_consistency,688,339.73,0.00,431.27,1,2.32,1
torchinferno,self_consistency,689,334.26,0.00,434.03,1,2.30,1
torchinferno,self_consistency,690,264.31,0.00,388.43,1,2.57,1
torchinferno,self_consistency,691,267.66,0.00,371.33,1,2.69,1
torchinferno,self_consistency,692,294.78,0.00,408.72,1,2.45,1
torchinferno,self_consistency,693,278.57,0.00,372.70,1,2.68,1
torchinferno,self_consistency,694,367.68,0.00,443.70,1,2.25,1
torchinferno,self_consistency,695,359.47,0.00,454.55,1,2.20,1
torchinferno,self_consistency,696,312.12,0.00,438.91,1,2.28,1
torchinferno,self_consistency,697,306.29,0.00,438.92,1,2.28,1
torchinferno,self_consistency,698,284.32,0.00,396.48,1,2.52,1
torchinferno,self_consistency,699,350.66,0.00,440.06,1,2.27,1
torchinferno,self_consistency,700,307.51,0.00,415.73,1,2.41,1
torchinferno,self_consistency,701,395.52,0.00,470.29,1,2.13,1
torchinferno,self_consistency,702,245.88,0.00,395.84,1,2.53,1
torchinferno,self_consistency,703,284.10,0.00,410.87,1,2.43,1
torchinferno,self_consistency,704,276.74,0.00,420.91,1,2.38,1
torchinferno,self_consistency,705,230.77,0.00,392.90,1,2.55,1
torchinferno,self_consistency,706,285.85,0.00,448.98,1,2.23,1
torchinferno,self_consistency,707,308.41,0.00,414.54,1,2.41,1
torchinferno,self_consistency,708,314.14,0.00,464.60,1,2.15,1
torchinferno,self_consistency,709,292.97,0.00,413.24,1,2.42,1
torchinferno,self_consistency,710,313.64,0.00,483.77,1,2.07,1
torchinferno,self_consistency,711,343.88,0.00,466.74,1,2.14,1
torchinferno,self_consistency,712,302.26,0.00,429.46,1,2.33,1
torchinferno,self_consistency,713,315.45,0.00,460.64,1,2.17,1
torchinferno,self_consistency,714,273.66,0.00,438.96,1,2.28,1
torchinferno,self_consistency,715,364.04,0.00,471.12,1,2.12,1
torchinferno,self_consistency,716,234.27,0.00,406.07,1,2.46,1
torchinferno,self_consistency,717,322.13,0.00,457.38,1,2.19,1
torchinferno,self_consistency,718,299.71,0.00,442.50,1,2.26,1
torchinferno,self_consistency,719,271.98,0.00,427.92,1,2.34,1
torchinferno,self_consistency,720,253.54,0.00,420.75,1,2.38,1
torchinferno,self_consistency,721,343.26,0.00,495.55,1,2.02,1
torchinferno,self_consistency,722,291.96,0.00,462.20,1,2.16,1
torchinferno,self_consistency,723,361.06,0.00,417.40,1,2.40,1
torchinferno,self_consistency,724,320.74,0.00,471.76,1,2.12,1
torchinferno,self_consistency,725,232.12,0.00,304.34,1,3.29,1
torchinferno,self_consistency,726,328.18,0.00,486.35,1,2.06,1
torchinferno,self_consistency,727,402.58,0.00,450.01,1,2.22,1
torchinferno,self_consistency,728,219.57,0.00,319.58,1,3.13,1
torchinferno,self_consistency,729,352.38,0.00,518.65,1,1.93,1
torchinferno,self_consistency,730,298.11,0.00,387.97,1,2.58,1
torchinferno,self_consistency,731,200.42,0.00,299.21,1,3.34,1
torchinferno,self_consistency,732,225.68,0.00,324.94,1,3.08,1
torchinferno,self_consistency,733,328.77,0.00,417.36,1,2.40,1
torchinferno,self_consistency,734,210.35,0.00,296.57,1,3.37,1
torchinferno,self_consistency,735,252.49,0.00,358.58,1,2.79,1
torchinferno,self_consistency,736,281.58,0.00,377.93,1,2.65,1
torchinferno,self_consistency,737,302.08,0.00,411.54,1,2.43,1
torchinferno,self_consistency,738,288.20,0.00,412.11,1,2.43,1
torchinferno,self_consistency,739,320.97,0.00,439.15,1,2.28,1
torchinferno,self_consistency,740,287.34,0.00,403.16,1,2.48,1
torchinferno,self_consistency,741,276.49,0.00,400.62,1,2.50,1
torchinferno,self_consistency,742,227.66,0.00,338.12,1,2.96,1
torchinferno,self_consistency,743,315.39,0.00,438.61,1,2.28,1
torchinferno,self_consistency,744,256.58,0.00,388.90,1,2.57,1
torchinferno,self_consistency,745,245.07,0.00,374.19,1,2.67,1
torchinferno,self_consistency,746,310.62,0.00,425.14,1,2.35,1
torchinferno,self_consistency,747,221.85,0.00,345.83,1,2.89,1
torchinferno,self_consistency,748,302.32,0.00,434.88,1,2.30,1
torchinferno,self_consistency,749,285.86,0.00,414.23,1,2.41,1
torchinferno,self_consistency,750,306.01,0.00,447.99,1,2.23,1
torchinferno,self_consistency,751,236.52,0.00,381.21,1,2.62,1
torchinferno,self_consistency,752,259.62,0.00,400.09,1,2.50,1
torchinferno,self_consistency,753,213.60,0.00,351.97,1,2.84,1
torchinferno,self_consistency,754,265.86,0.00,401.23,1,2.49,1
torchinferno,self_consistency,755,268.36,0.00,413.53,1,2.42,1
torchinferno,self_consistency,756,250.13,0.00,398.11,1,2.51,1
torchinferno,self_consistency,757,202.30,0.00,344.41,1,2.90,1
torchinferno,self_consistency,758,343.36,0.00,479.44,1,2.09,1
torchinferno,self_consistency,759,314.12,0.00,456.17,1,2.19,1
torchinferno,self_consistency,760,234.25,0.00,397.14,1,2.52,1
torchinferno,self_consistency,761,301.78,0.00,451.62,1,2.21,1
torchinferno,self_consistency,762,195.09,0.00,358.12,1,2.79,1
torchinferno,self_consistency,763,211.01,0.00,381.66,1,2.62,1
torchinferno,self_consistency,764,277.20,0.00,450.37,1,2.22,1
torchinferno,self_consistency,765,283.82,0.00,443.39,1,2.26,1
torchinferno,self_consistency,766,340.52,0.00,497.24,1,2.01,1
torchinferno,self_consistency,767,278.32,0.00,443.05,1,2.26,1
torchinferno,self_consistency,768,248.04,0.00,424.69,1,2.35,1
torchinferno,self_consistency,769,247.33,0.00,418.94,1,2.39,1
torchinferno,self_consistency,770,260.48,0.00,436.55,1,2.29,1
torchinferno,self_consistency,771,315.82,0.00,487.17,1,2.05,1
torchinferno,self_consistency,772,275.47,0.00,436.31,1,2.29,1
torchinferno,self_consistency,773,180.15,0.00,366.37,1,2.73,1
torchinferno,self_consistency,774,252.94,0.00,411.59,1,2.43,1
torchinferno,self_consistency,775,285.93,0.00,455.03,1,2.20,1
torchinferno,self_consistency,776,184.34,0.00,347.89,1,2.87,1
torchinferno,self_consistency,777,338.73,0.00,414.31,1,2.41,1
torchinferno,self_consistency,778,332.56,0.00,508.09,1,1.97,1
torchinferno,self_consistency,779,325.92,0.00,375.05,1,2.67,1
torchinferno,self_consistency,780,351.27,0.00,369.81,1,2.70,1
torchinferno,self_consistency,781,320.87,0.00,390.51,1,2.56,1
torchinferno,self_consistency,782,408.82,0.00,503.09,1,1.99,1
torchinferno,self_consistency,783,413.54,0.00,483.44,1,2.07,1
torchinferno,self_consistency,784,340.42,0.00,412.28,1,2.43,1
torchinferno,self_consistency,785,315.69,0.00,381.71,1,2.62,1
torchinferno,self_consistency,786,365.22,0.00,432.25,1,2.31,1
torchinferno,self_consistency,787,465.46,0.00,524.64,1,1.91,1
torchinferno,self_consistency,788,299.25,0.00,376.18,1,2.66,1
torchinferno,self_consistency,789,302.07,0.00,385.20,1,2.60,1
torchinferno,self_consistency,790,352.80,0.00,438.16,1,2.28,1
torchinferno,self_consistency,791,294.43,0.00,399.50,1,2.50,1
torchinferno,self_consistency,792,281.81,0.00,387.90,1,2.58,1
torchinferno,self_consistency,793,272.96,0.00,382.96,1,2.61,1
torchinferno,self_consistency,794,430.35,0.00,472.35,1,2.12,1
torchinferno,self_consistency,795,389.10,0.00,488.44,1,2.05,1
torchinferno,self_consistency,796,406.22,0.00,495.99,1,2.02,1
torchinferno,self_consistency,797,345.61,0.00,459.57,1,2.18,1
torchinferno,self_consistency,798,319.18,0.00,393.74,1,2.54,1
torchinferno,self_consistency,799,328.44,0.00,411.04,1,2.43,1
torchinferno,self_consistency,800,320.86,0.00,409.33,1,2.44,1
torchinferno,self_consistency,801,368.53,0.00,466.15,1,2.15,1
torchinferno,self_consistency,802,381.24,0.00,519.44,1,1.93,1
torchinferno,self_consistency,803,318.58,0.00,473.02,1,2.11,1
torchinferno,self_consistency,804,397.17,0.00,564.37,1,1.77,1
torchinferno,self_consistency,805,308.76,0.00,398.33,1,2.51,1
torchinferno,self_consistency,806,292.00,0.00,393.00,1,2.54,1
torchinferno,self_consistency,807,289.76,0.00,371.61,1,2.69,1
torchinferno,self_consistency,808,237.52,0.00,328.73,1,3.04,1
torchinferno,self_consistency,809,280.42,0.00,388.85,1,2.57,1
torchinferno,self_consistency,810,236.12,0.00,334.84,1,2.99,1
torchinferno,self_consistency,811,351.39,0.00,419.04,1,2.39,1
torchinferno,self_consistency,812,273.48,0.00,381.66,1,2.62,1
torchinferno,self_consistency,813,305.64,0.00,384.59,1,2.60,1
torchinferno,self_consistency,814,322.05,0.00,416.84,1,2.40,1
torchinferno,self_consistency,815,305.71,0.00,399.73,1,2.50,1
torchinferno,self_consistency,816,290.98,0.00,367.46,1,2.72,1
torchinferno,self_consistency,817,289.46,0.00,394.65,1,2.53,1
torchinferno,self_consistency,818,262.36,0.00,352.21,1,2.84,1
torchinferno,self_consistency,819,253.25,0.00,381.23,1,2.62,1
torchinferno,self_consistency,820,310.27,0.00,421.42,1,2.37,1
torchinferno,self_consistency,821,344.25,0.00,444.81,1,2.25,1
torchinferno,self_consistency,822,304.66,0.00,393.18,1,2.54,1
torchinferno,self_consistency,823,328.28,0.00,446.78,1,2.24,1
torchinferno,self_consistency,824,199.21,0.00,333.48,1,3.00,1
torchinferno,self_consistency,825,311.07,0.00,424.67,1,2.35,1
torchinferno,self_consistency,826,327.65,0.00,453.69,1,2.20,1
torchinferno,self_consistency,827,250.56,0.00,400.92,1,2.49,1
torchinferno,self_consistency,828,325.57,0.00,466.73,1,2.14,1
torchinferno,self_consistency,829,314.37,0.00,420.51,1,2.38,1
torchinferno,self_consistency,830,301.03,0.00,438.18,1,2.28,1
torchinferno,self_consistency,831,336.89,0.00,452.40,1,2.21,1
torchinferno,self_consistency,832,274.03,0.00,394.60,1,2.53,1
torchinferno,self_consistency,833,266.24,0.00,394.58,1,2.53,1
torchinferno,self_consistency,834,320.04,0.00,462.84,1,2.16,1
torchinferno,self_consistency,835,320.91,0.00,475.43,1,2.10,1
torchinferno,self_consistency,836,288.05,0.00,419.78,1,2.38,1
torchinferno,self_consistency,837,273.35,0.00,394.89,1,2.53,1
torchinferno,self_consistency,838,318.96,0.00,448.19,1,2.23,1
torchinferno,self_consistency,839,371.95,0.00,539.75,1,1.85,1
torchinferno,self_consistency,840,293.73,0.00,423.44,1,2.36,1
torchinferno,self_consistency,841,255.47,0.00,431.57,1,2.32,1
torchinferno,self_consistency,842,285.81,0.00,439.36,1,2.28,1
torchinferno,self_consistency,843,257.16,0.00,420.87,1,2.38,1
torchinferno,self_consistency,844,331.07,0.00,497.75,1,2.01,1
torchinferno,self_consistency,845,310.87,0.00,433.34,1,2.31,1
torchinferno,self_consistency,846,286.64,0.00,465.97,1,2.15,1
torchinferno,self_consistency,847,259.62,0.00,432.72,1,2.31,1
torchinferno,self_consistency,848,280.52,0.00,456.80,1,2.19,1
torchinferno,self_consistency,849,293.04,0.00,487.66,1,2.05,1
torchinferno,self_consistency,850,391.43,0.00,421.45,1,2.37,1
torchinferno,self_consistency,851,442.68,0.00,508.19,1,1.97,1
torchinferno,self_consistency,852,290.18,0.00,476.56,1,2.10,1
torchinferno,self_consistency,853,268.95,0.00,471.47,1,2.12,1
torchinferno,self_consistency,854,362.00,0.00,445.05,1,2.25,1
torchinferno,self_consistency,855,274.64,0.00,435.67,1,2.30,1
torchinferno,self_consistency,856,409.11,0.00,432.69,1,2.31,1
torchinferno,self_consistency,857,441.93,0.00,518.02,1,1.93,1
torchinferno,self_consistency,858,280.41,0.00,317.47,1,3.15,1
torchinferno,self_consistency,859,295.90,0.00,378.22,1,2.64,1
torchinferno,self_consistency,860,258.77,0.00,364.89,1,2.74,1
torchinferno,self_consistency,861,327.51,0.00,405.97,1,2.46,1
torchinferno,self_consistency,862,337.25,0.00,425.93,1,2.35,1
torchinferno,self_consistency,863,284.55,0.00,380.31,1,2.63,1
torchinferno,self_consistency,864,229.90,0.00,329.10,1,3.04,1
torchinferno,self_consistency,865,268.78,0.00,376.05,1,2.66,1
torchinferno,self_consistency,866,255.44,0.00,347.20,1,2.88,1
torchinferno,self_consistency,867,269.42,0.00,364.35,1,2.74,1
torchinferno,self_consistency,868,254.30,0.00,360.53,1,2.77,1
torchinferno,self_consistency,869,324.04,0.00,416.29,1,2.40,1
torchinferno,self_consistency,870,300.21,0.00,418.68,1,2.39,1
torchinferno,self_consistency,871,298.54,0.00,406.39,1,2.46,1
torchinferno,self_consistency,872,267.32,0.00,391.30,1,2.56,1
torchinferno,self_consistency,873,227.74,0.00,323.99,1,3.09,1
torchinferno,self_consistency,874,286.23,0.00,396.91,1,2.52,1
torchinferno,self_consistency,875,284.83,0.00,414.00,1,2.42,1
torchinferno,self_consistency,876,288.64,0.00,417.75,1,2.39,1
torchinferno,self_consistency,877,282.67,0.00,397.03,1,2.52,1
torchinferno,self_consistency,878,223.35,0.00,345.68,1,2.89,1
torchinferno,self_consistency,879,324.33,0.00,437.06,1,2.29,1
torchinferno,self_consistency,880,331.70,0.00,457.46,1,2.19,1
torchinferno,self_consistency,881,304.67,0.00,416.50,1,2.40,1
torchinferno,self_consistency,882,327.38,0.00,427.80,1,2.34,1
torchinferno,self_consistency,883,272.20,0.00,406.76,1,2.46,1
torchinferno,self_consistency,884,321.91,0.00,429.08,1,2.33,1
torchinferno,self_consistency,885,267.03,0.00,385.11,1,2.60,1
torchinferno,self_consistency,886,307.18,0.00,433.81,1,2.31,1
torchinferno,self_consistency,887,323.19,0.00,453.84,1,2.20,1
torchinferno,self_consistency,888,234.73,0.00,377.10,1,2.65,1
torchinferno,self_consistency,889,237.73,0.00,367.58,1,2.72,1
torchinferno,self_consistency,890,250.01,0.00,387.71,1,2.58,1
torchinferno,self_consistency,891,279.02,0.00,419.10,1,2.39,1
torchinferno,self_consistency,892,325.97,0.00,460.51,1,2.17,1
torchinferno,self_consistency,893,251.94,0.00,376.54,1,2.66,1
torchinferno,self_consistency,894,266.87,0.00,403.76,1,2.48,1
torchinferno,self_consistency,895,330.10,0.00,446.72,1,2.24,1
torchinferno,self_consistency,896,335.00,0.00,461.37,1,2.17,1
torchinferno,self_consistency,897,279.08,0.00,421.80,1,2.37,1
torchinferno,self_consistency,898,237.96,0.00,359.08,1,2.78,1
torchinferno,self_consistency,899,248.61,0.00,394.02,1,2.54,1
torchinferno,self_consistency,900,253.69,0.00,402.68,1,2.48,1
torchinferno,self_consistency,901,341.76,0.00,456.58,1,2.19,1
torchinferno,self_consistency,902,266.06,0.00,402.67,1,2.48,1
torchinferno,self_consistency,903,364.13,0.00,469.88,1,2.13,1
torchinferno,self_consistency,904,294.92,0.00,425.71,1,2.35,1
torchinferno,self_consistency,905,178.20,0.00,331.74,1,3.01,1
torchinferno,self_consistency,906,332.41,0.00,463.63,1,2.16,1
torchinferno,self_consistency,907,318.93,0.00,374.03,1,2.67,1
torchinferno,self_consistency,908,302.48,0.00,365.24,1,2.74,1
torchinferno,self_consistency,909,325.39,0.00,385.63,1,2.59,1
torchinferno,self_consistency,910,322.48,0.00,376.19,1,2.66,1
torchinferno,self_consistency,911,369.82,0.00,427.88,1,2.34,1
torchinferno,self_consistency,912,206.36,0.00,254.76,1,3.93,1
torchinferno,self_consistency,913,341.53,0.00,404.06,1,2.47,1
torchinferno,self_consistency,914,254.65,0.00,342.53,1,2.92,1
torchinferno,self_consistency,915,330.77,0.00,415.64,1,2.41,1
torchinferno,self_consistency,916,351.94,0.00,424.08,1,2.36,1
torchinferno,self_consistency,917,340.84,0.00,397.29,1,2.52,1
torchinferno,self_consistency,918,352.97,0.00,437.14,1,2.29,1
torchinferno,self_consistency,919,412.55,0.00,457.33,1,2.19,1
torchinferno,self_consistency,920,302.52,0.00,375.71,1,2.66,1
torchinferno,self_consistency,921,378.17,0.00,453.54,1,2.20,1
torchinferno,self_consistency,922,298.66,0.00,365.69,1,2.73,1
torchinferno,self_consistency,923,301.56,0.00,364.83,1,2.74,1
torchinferno,self_consistency,924,351.53,0.00,416.29,1,2.40,1
torchinferno,self_consistency,925,332.67,0.00,408.59,1,2.45,1
torchinferno,self_consistency,926,349.87,0.00,419.48,1,2.38,1
torchinferno,self_consistency,927,336.47,0.00,423.04,1,2.36,1
torchinferno,self_consistency,928,300.12,0.00,399.08,1,2.51,1
torchinferno,self_consistency,929,388.05,0.00,439.65,1,2.27,1
torchinferno,self_consistency,930,294.65,0.00,354.59,1,2.82,1
torchinferno,self_consistency,931,415.08,0.00,481.18,1,2.08,1
torchinferno,self_consistency,932,304.14,0.00,387.43,1,2.58,1
torchinferno,self_consistency,933,336.22,0.00,393.73,1,2.54,1
torchinferno,self_consistency,934,304.21,0.00,389.14,1,2.57,1
torchinferno,self_consistency,935,284.10,0.00,367.15,1,2.72,1
torchinferno,self_consistency,936,318.05,0.00,404.73,1,2.47,1
torchinferno,self_consistency,937,259.77,0.00,351.21,1,2.85,1
torchinferno,self_consistency,938,299.80,0.00,381.07,1,2.62,1
torchinferno,self_consistency,939,288.44,0.00,379.80,1,2.63,1
torchinferno,self_consistency,940,304.75,0.00,398.52,1,2.51,1
torchinferno,self_consistency,941,286.47,0.00,368.97,1,2.71,1
torchinferno,self_consistency,942,257.49,0.00,344.15,1,2.91,1
torchinferno,self_consistency,943,284.35,0.00,379.98,1,2.63,1
torchinferno,self_consistency,944,265.58,0.00,353.01,1,2.83,1
torchinferno,self_consistency,945,307.22,0.00,401.99,1,2.49,1
torchinferno,self_consistency,946,220.64,0.00,318.84,1,3.14,1
torchinferno,self_consistency,947,241.97,0.00,337.96,1,2.96,1
torchinferno,self_consistency,948,257.54,0.00,361.40,1,2.77,1
torchinferno,self_consistency,949,252.35,0.00,358.01,1,2.79,1
torchinferno,self_consistency,950,251.50,0.00,344.35,1,2.90,1
torchinferno,self_consistency,951,232.41,0.00,335.15,1,2.98,1
torchinferno,self_consistency,952,317.24,0.00,420.96,1,2.38,1
torchinferno,self_consistency,953,306.69,0.00,409.71,1,2.44,1
torchinferno,self_consistency,954,216.74,0.00,312.46,1,3.20,1
torchinferno,self_consistency,955,283.98,0.00,392.33,1,2.55,1
torchinferno,self_consistency,956,268.03,0.00,369.09,1,2.71,1
torchinferno,self_consistency,957,278.41,0.00,378.03,1,2.65,1
torchinferno,self_consistency,958,305.19,0.00,410.88,1,2.43,1
torchinferno,self_consistency,959,288.40,0.00,388.23,1,2.58,1
torchinferno,self_consistency,960,269.45,0.00,377.09,1,2.65,1
torchinferno,self_consistency,961,273.21,0.00,375.53,1,2.66,1
torchinferno,self_consistency,962,306.94,0.00,407.20,1,2.46,1
torchinferno,self_consistency,963,251.95,0.00,363.01,1,2.75,1
torchinferno,self_consistency,964,276.83,0.00,377.79,1,2.65,1
torchinferno,self_consistency,965,250.15,0.00,359.53,1,2.78,1
torchinferno,self_consistency,966,307.87,0.00,412.39,1,2.42,1
torchinferno,self_consistency,967,240.59,0.00,356.93,1,2.80,1
torchinferno,self_consistency,968,270.04,0.00,383.33,1,2.61,1
torchinferno,self_consistency,969,233.97,0.00,336.33,1,2.97,1
torchinferno,self_consistency,970,312.47,0.00,423.51,1,2.36,1
torchinferno,self_consistency,971,258.24,0.00,365.61,1,2.74,1
torchinferno,self_consistency,972,232.89,0.00,341.14,1,2.93,1
torchinferno,self_consistency,973,317.01,0.00,426.34,1,2.35,1
torchinferno,self_consistency,974,300.06,0.00,409.05,1,2.44,1
torchinferno,self_consistency,975,237.54,0.00,349.92,1,2.86,1
torchinferno,self_consistency,976,275.26,0.00,394.90,1,2.53,1
torchinferno,self_consistency,977,235.94,0.00,345.42,1,2.90,1
torchinferno,self_consistency,978,314.86,0.00,430.44,1,2.32,1
torchinferno,self_consistency,979,248.22,0.00,368.03,1,2.72,1
torchinferno,self_consistency,980,294.20,0.00,402.93,1,2.48,1
torchinferno,self_consistency,981,296.08,0.00,415.22,1,2.41,1
torchinferno,self_consistency,982,318.37,0.00,393.96,1,2.54,1
torchinferno,self_consistency,983,202.59,0.00,284.07,1,3.52,1
torchinferno,self_consistency,984,209.13,0.00,268.88,1,3.72,1
torchinferno,self_consistency,985,335.73,0.00,401.24,1,2.49,1
torchinferno,self_consistency,986,331.20,0.00,416.60,1,2.40,1
torchinferno,self_consistency,987,318.74,0.00,386.44,1,2.59,1
torchinferno,self_consistency,988,188.55,0.00,266.08,1,3.76,1
torchinferno,self_consistency,989,195.45,0.00,285.52,1,3.50,1
torchinferno,self_consistency,990,207.92,0.00,276.47,1,3.62,1
torchinferno,self_consistency,991,209.40,0.00,275.30,1,3.63,1
torchinferno,self_consistency,992,211.87,0.00,279.75,1,3.57,1
torchinferno,self_consistency,993,221.05,0.00,284.73,1,3.51,1
torchinferno,self_consistency,994,412.16,0.00,474.62,1,2.11,1
torchinferno,self_consistency,995,215.70,0.00,288.78,1,3.46,1
torchinferno,self_consistency,996,195.05,0.00,273.02,1,3.66,1
torchinferno,self_consistency,997,216.41,0.00,283.77,1,3.52,1
torchinferno,self_consistency,998,229.27,0.00,294.18,1,3.40,1
torchinferno,self_consistency,999,200.96,0.00,280.43,1,3.57,1
torchinferno,multi_turn,0,579.85,173.33,753.19,2,2.66,1
torchinferno,multi_turn,1,421.11,103.10,524.22,2,3.82,1
torchinferno,multi_turn,2,580.79,0.00,613.44,1,1.63,1
torchinferno,multi_turn,3,298.52,115.22,413.74,2,4.83,1
torchinferno,multi_turn,4,950.81,31.76,982.57,2,2.04,1
torchinferno,multi_turn,5,370.19,24.96,395.15,2,5.06,1
torchinferno,multi_turn,6,424.94,0.00,454.29,1,2.20,1
torchinferno,multi_turn,7,1636.87,0.00,1646.24,1,0.61,1
torchinferno,multi_turn,8,624.93,165.29,790.22,2,2.53,1
torchinferno,multi_turn,9,445.49,0.00,507.33,1,1.97,1
torchinferno,multi_turn,10,617.68,57.18,674.86,2,2.96,1
torchinferno,multi_turn,11,280.23,49.03,329.27,2,6.07,1
torchinferno,multi_turn,12,1011.69,33.64,1045.33,2,1.91,1
torchinferno,multi_turn,13,368.29,0.00,380.05,1,2.63,1
torchinferno,multi_turn,14,470.76,13.44,484.20,2,4.13,1
torchinferno,multi_turn,15,2137.82,0.00,2166.49,1,0.46,1
torchinferno,multi_turn,16,648.06,0.00,761.40,1,1.31,1
torchinferno,multi_turn,17,534.86,0.00,577.55,1,1.73,1
torchinferno,multi_turn,18,590.34,0.00,629.92,1,1.59,1
torchinferno,multi_turn,19,296.23,56.65,352.88,2,5.67,1
torchinferno,multi_turn,20,999.42,0.00,1078.72,1,0.93,1
torchinferno,multi_turn,21,643.73,0.00,764.42,1,1.31,1
torchinferno,multi_turn,22,1671.81,0.00,1766.11,1,0.57,1
torchinferno,multi_turn,23,984.28,23.81,1008.09,2,1.98,1
torchinferno,multi_turn,24,611.82,0.00,775.10,1,1.29,1
torchinferno,multi_turn,25,441.60,0.00,450.99,1,2.22,1
torchinferno,multi_turn,26,663.45,0.00,762.41,1,1.31,1
torchinferno,multi_turn,27,599.63,0.00,622.56,1,1.61,1
torchinferno,multi_turn,28,822.41,0.00,840.26,1,1.19,1
torchinferno,multi_turn,29,556.15,0.00,640.40,1,1.56,1
torchinferno,multi_turn,30,1718.75,101.56,1820.32,2,1.10,1
torchinferno,multi_turn,31,961.77,0.00,998.02,1,1.00,1
torchinferno,multi_turn,32,670.77,0.00,794.13,1,1.26,1
torchinferno,multi_turn,33,485.43,0.00,534.80,1,1.87,1
torchinferno,multi_turn,34,624.48,56.48,680.96,2,2.94,1
torchinferno,multi_turn,35,296.52,0.00,375.67,1,2.66,1
torchinferno,multi_turn,36,980.81,49.96,1030.78,2,1.94,1
torchinferno,multi_turn,37,643.74,76.04,719.78,2,2.78,1
torchinferno,multi_turn,38,1748.57,0.00,1835.50,1,0.54,1
torchinferno,multi_turn,39,979.03,0.00,1009.74,1,0.99,1
torchinferno,multi_turn,40,609.22,0.00,764.33,1,1.31,1
torchinferno,multi_turn,41,454.91,65.69,520.60,2,3.84,1
torchinferno,multi_turn,42,608.05,0.00,640.11,1,1.56,1
torchinferno,multi_turn,43,313.22,0.00,395.02,1,2.53,1
torchinferno,multi_turn,44,980.02,133.03,1113.05,2,1.80,1
torchinferno,multi_turn,45,575.13,0.00,668.56,1,1.50,1
torchinferno,multi_turn,46,1707.55,0.00,1840.64,1,0.54,1
torchinferno,multi_turn,47,940.10,0.00,991.51,1,1.01,1
torchinferno,multi_turn,48,366.54,0.00,384.67,1,2.60,1
torchinferno,multi_turn,49,902.76,117.67,1020.43,2,1.96,1
torchinferno,multi_turn,50,576.98,0.00,606.66,1,1.65,1
torchinferno,multi_turn,51,303.49,0.00,318.90,1,3.14,1
torchinferno,multi_turn,52,1042.36,0.00,1232.55,1,0.81,1
torchinferno,multi_turn,53,522.03,109.74,631.77,2,3.17,1
torchinferno,multi_turn,54,1702.75,69.98,1772.73,2,1.13,1
torchinferno,multi_turn,55,999.20,50.66,1049.86,2,1.91,1
torchinferno,multi_turn,56,358.59,0.00,375.86,1,2.66,1
torchinferno,multi_turn,57,911.51,0.00,995.48,1,1.00,1
torchinferno,multi_turn,58,599.00,0.00,709.69,1,1.41,1
torchinferno,multi_turn,59,584.07,0.00,610.61,1,1.64,1
torchinferno,multi_turn,60,821.15,46.81,867.95,2,2.30,1
torchinferno,multi_turn,61,707.95,0.00,708.25,1,1.41,1
torchinferno,multi_turn,62,1629.16,0.00,1671.21,1,0.60,1
torchinferno,multi_turn,63,1017.44,60.89,1078.33,2,1.85,1
torchinferno,multi_turn,64,609.37,195.10,804.47,2,2.49,1
torchinferno,multi_turn,65,403.85,94.74,498.59,2,4.01,1
torchinferno,multi_turn,66,594.20,0.00,667.67,1,1.50,1
torchinferno,multi_turn,67,262.34,0.00,290.84,1,3.44,1
torchinferno,multi_turn,68,1038.31,0.00,1159.57,1,0.86,1
torchinferno,multi_turn,69,576.76,0.00,619.97,1,1.61,1
torchinferno,multi_turn,70,1766.30,44.66,1810.96,2,1.10,1
torchinferno,multi_turn,71,1025.15,62.37,1087.53,2,1.84,1
torchinferno,multi_turn,72,361.50,0.00,377.14,1,2.65,1
torchinferno,multi_turn,73,917.43,28.48,945.91,2,2.11,1
torchinferno,multi_turn,74,651.79,55.60,707.39,2,2.83,1
torchinferno,multi_turn,75,287.79,39.94,327.73,2,6.10,1
torchinferno,multi_turn,76,1018.94,0.00,1040.34,1,0.96,1
torchinferno,multi_turn,77,686.27,0.00,721.06,1,1.39,1
torchinferno,multi_turn,78,1777.01,131.00,1908.01,2,1.05,0
torchinferno,multi_turn,79,928.20,0.00,997.06,1,1.00,1
torchinferno,multi_turn,80,632.15,166.44,798.59,2,2.50,1
torchinferno,multi_turn,81,426.30,0.00,475.31,1,2.10,1
torchinferno,multi_turn,82,638.09,106.27,744.36,2,2.69,1
torchinferno,multi_turn,83,584.74,33.93,618.68,2,3.23,1
torchinferno,multi_turn,84,814.78,0.00,819.40,1,1.22,1
torchinferno,multi_turn,85,716.67,0.00,740.28,1,1.35,1
torchinferno,multi_turn,86,1633.22,0.00,1657.09,1,0.60,1
torchinferno,multi_turn,87,1040.37,63.42,1103.79,2,1.81,1
torchinferno,multi_turn,88,610.17,191.62,801.79,2,2.49,1
torchinferno,multi_turn,89,407.60,0.00,438.93,1,2.28,1
torchinferno,multi_turn,90,653.30,0.00,750.71,1,1.33,1
torchinferno,multi_turn,91,240.22,72.03,312.25,2,6.41,1
torchinferno,multi_turn,92,996.61,72.63,1069.23,2,1.87,1
torchinferno,multi_turn,93,623.50,0.00,775.01,1,1.29,1
torchinferno,multi_turn,94,1657.27,64.45,1721.73,2,1.16,1
torchinferno,multi_turn,95,1018.23,0.00,1083.28,1,0.92,1
torchinferno,multi_turn,96,364.43,25.33,389.75,2,5.13,1
torchinferno,multi_turn,97,898.54,94.21,992.75,2,2.01,1
torchinferno,multi_turn,98,600.58,0.00,641.57,1,1.56,1
torchinferno,multi_turn,99,296.23,0.00,359.16,1,2.78,1
torchinferno,multi_turn,100,1002.85,0.00,1106.10,1,0.90,1
torchinferno,multi_turn,101,793.36,0.00,793.68,1,1.26,1
torchinferno,multi_turn,102,1611.93,113.79,1725.72,2,1.16,1
torchinferno,multi_turn,103,952.52,76.62,1029.14,2,1.94,1
torchinferno,multi_turn,104,644.94,0.00,767.50,1,1.30,1
torchinferno,multi_turn,105,475.43,76.54,551.97,2,3.62,1
torchinferno,multi_turn,106,608.23,104.47,712.70,2,2.81,1
torchinferno,multi_turn,107,241.49,0.00,337.84,1,2.96,1
torchinferno,multi_turn,108,957.13,45.53,1002.66,2,1.99,1
torchinferno,multi_turn,109,657.24,0.00,715.68,1,1.40,1
torchinferno,multi_turn,110,1763.85,132.06,1895.91,2,1.05,1
torchinferno,multi_turn,111,924.41,0.00,1004.51,1,1.00,1
torchinferno,multi_turn,112,626.00,197.11,823.11,2,2.43,1
torchinferno,multi_turn,113,402.99,0.00,453.21,1,2.21,1
torchinferno,multi_turn,114,628.78,0.00,729.64,1,1.37,1
torchinferno,multi_turn,115,242.77,0.00,301.31,1,3.32,1
torchinferno,multi_turn,116,997.45,0.00,1035.72,1,0.97,1
torchinferno,multi_turn,117,668.15,0.00,769.47,1,1.30,1
torchinferno,multi_turn,118,1776.92,0.36,1777.28,2,1.13,1
torchinferno,multi_turn,119,1003.34,75.86,1079.20,2,1.85,1
torchinferno,multi_turn,120,596.26,200.97,797.23,2,2.51,1
torchinferno,multi_turn,121,398.70,0.00,457.66,1,2.19,1
torchinferno,multi_turn,122,637.09,0.00,733.61,1,1.36,1
torchinferno,multi_turn,123,221.48,0.00,340.29,1,2.94,1
torchinferno,multi_turn,124,942.44,0.00,975.32,1,1.03,1
torchinferno,multi_turn,125,678.83,82.34,761.18,2,2.63,1
torchinferno,multi_turn,126,1733.73,0.00,1865.21,1,0.54,1
torchinferno,multi_turn,127,932.58,0.00,1023.12,1,0.98,1
torchinferno,multi_turn,128,591.82,154.70,746.52,2,2.68,1
torchinferno,multi_turn,129,436.34,118.03,554.38,2,3.61,1
torchinferno,multi_turn,130,567.78,0.00,584.16,1,1.71,1
torchinferno,multi_turn,131,326.40,60.05,386.45,2,5.18,1
torchinferno,multi_turn,132,998.46,0.00,1019.79,1,0.98,1
torchinferno,multi_turn,133,690.46,0.00,752.06,1,1.33,1
torchinferno,multi_turn,134,1741.34,129.06,1870.40,2,1.07,1
torchinferno,multi_turn,135,939.24,126.81,1066.05,2,1.88,1
torchinferno,multi_turn,136,601.94,0.00,749.83,1,1.33,1
torchinferno,multi_turn,137,456.28,21.80,478.08,2,4.18,1
torchinferno,multi_turn,138,661.47,0.00,729.01,1,1.37,1
torchinferno,multi_turn,139,265.04,126.03,391.07,2,5.11,1
torchinferno,multi_turn,140,940.59,60.24,1000.83,2,2.00,1
torchinferno,multi_turn,141,650.29,0.00,706.75,1,1.41,1
torchinferno,multi_turn,142,1745.15,0.00,1829.45,1,0.55,1
torchinferno,multi_turn,143,990.71,156.38,1147.10,2,1.74,1
torchinferno,multi_turn,144,682.80,178.18,860.98,2,2.32,1
torchinferno,multi_turn,145,417.97,74.71,492.68,2,4.06,1
torchinferno,multi_turn,146,603.91,0.00,657.45,1,1.52,1
torchinferno,multi_turn,147,285.79,0.00,341.65,1,2.93,1
torchinferno,multi_turn,148,1003.08,0.00,1125.71,1,0.89,1
torchinferno,multi_turn,149,588.20,0.00,672.06,1,1.49,1
torchinferno,multi_turn,150,2245.77,0.00,2284.64,1,0.44,1
torchinferno,multi_turn,151,720.85,0.00,729.71,1,1.37,1
torchinferno,multi_turn,152,659.45,191.59,851.04,2,2.35,1
torchinferno,multi_turn,153,404.63,0.00,417.04,1,2.40,1
torchinferno,multi_turn,154,1019.11,41.27,1060.38,2,1.89,1
torchinferno,multi_turn,155,1023.18,0.00,1107.41,1,0.90,1
torchinferno,multi_turn,156,630.72,0.00,630.96,1,1.58,1
torchinferno,multi_turn,157,357.10,115.83,472.93,2,4.23,1
torchinferno,multi_turn,158,1839.30,37.05,1876.34,2,1.07,1
torchinferno,multi_turn,159,720.69,0.00,734.61,1,1.36,1
torchinferno,multi_turn,160,612.67,0.00,757.17,1,1.32,1
torchinferno,multi_turn,161,1135.83,0.00,1194.41,1,0.84,1
torchinferno,multi_turn,162,280.34,0.00,390.47,1,2.56,1
torchinferno,multi_turn,163,951.11,0.00,966.28,1,1.03,1
torchinferno,multi_turn,164,383.77,22.86,406.63,2,4.92,1
torchinferno,multi_turn,165,464.47,31.74,496.22,2,4.03,1
torchinferno,multi_turn,166,2117.79,61.44,2179.23,2,0.92,1
torchinferno,multi_turn,167,695.17,0.00,710.07,1,1.41,1
torchinferno,multi_turn,168,638.78,0.00,763.73,1,1.31,1
torchinferno,multi_turn,169,475.70,0.00,563.34,1,1.78,1
torchinferno,multi_turn,170,587.12,67.42,654.54,2,3.06,1
torchinferno,multi_turn,171,291.39,92.02,383.41,2,5.22,1
torchinferno,multi_turn,172,954.96,0.00,1084.93,1,0.92,1
torchinferno,multi_turn,173,577.10,0.00,668.36,1,1.50,1
torchinferno,multi_turn,174,2233.75,51.24,2284.99,2,0.88,1
torchinferno,multi_turn,175,708.50,0.00,728.79,1,1.37,1
torchinferno,multi_turn,176,603.12,0.00,728.36,1,1.37,1
torchinferno,multi_turn,177,490.85,0.00,491.19,1,2.04,1
torchinferno,multi_turn,178,671.38,29.51,848.42,7,8.25,0
torchinferno,multi_turn,179,513.21,26.35,539.56,2,3.71,1
torchinferno,multi_turn,180,824.85,0.00,840.19,1,1.19,1
torchinferno,multi_turn,181,687.37,62.06,749.43,2,2.67,1
torchinferno,multi_turn,182,2122.19,45.39,2167.58,2,0.92,1
torchinferno,multi_turn,183,716.30,0.00,735.20,1,1.36,1
torchinferno,multi_turn,184,648.68,0.00,810.22,1,1.23,1
torchinferno,multi_turn,185,420.78,0.00,472.39,1,2.12,1
torchinferno,multi_turn,186,646.87,116.42,763.30,2,2.62,1
torchinferno,multi_turn,187,573.99,0.00,588.08,1,1.70,1
torchinferno,multi_turn,188,828.81,0.00,854.58,1,1.17,1
torchinferno,multi_turn,189,713.56,0.00,718.72,1,1.39,1
torchinferno,multi_turn,190,2149.23,0.00,2206.13,1,0.45,1
torchinferno,multi_turn,191,702.60,30.87,733.47,2,2.73,1
torchinferno,multi_turn,192,665.35,0.00,816.34,1,1.22,1
torchinferno,multi_turn,193,448.11,45.39,493.50,2,4.05,1
torchinferno,multi_turn,194,650.12,85.87,735.99,2,2.72,1
torchinferno,multi_turn,195,246.41,120.65,367.06,2,5.45,1
torchinferno,multi_turn,196,946.06,96.77,1042.84,2,1.92,1
torchinferno,multi_turn,197,754.69,0.00,755.04,1,1.32,1
torchinferno,multi_turn,198,2180.08,0.00,2209.62,1,0.45,1
torchinferno,multi_turn,199,729.41,34.22,763.64,2,2.62,1
torchinferno,multi_turn,200,644.72,181.46,826.18,2,2.42,1
torchinferno,multi_turn,201,419.35,84.60,503.95,2,3.97,1
torchinferno,multi_turn,202,599.97,0.00,644.21,1,1.55,1
torchinferno,multi_turn,203,654.98,50.99,705.97,2,2.83,1
torchinferno,multi_turn,204,801.06,0.00,806.29,1,1.24,1
torchinferno,multi_turn,205,750.32,0.00,754.55,1,1.33,1
torchinferno,multi_turn,206,2129.01,50.33,2179.34,2,0.92,1
torchinferno,multi_turn,207,704.97,0.00,746.26,1,1.34,1
torchinferno,multi_turn,208,638.65,0.00,815.48,1,1.23,1
torchinferno,multi_turn,209,408.62,0.00,513.27,1,1.95,1
torchinferno,multi_turn,210,580.63,0.00,638.46,1,1.57,1
torchinferno,multi_turn,211,279.58,0.00,361.97,1,2.76,1
torchinferno,multi_turn,212,987.69,58.43,1046.12,2,1.91,1
torchinferno,multi_turn,213,643.30,0.00,714.72,1,1.40,1
torchinferno,multi_turn,214,2260.00,0.00,2271.95,1,0.44,1
torchinferno,multi_turn,215,745.99,0.00,784.25,1,1.28,1
torchinferno,multi_turn,216,623.15,0.00,784.80,1,1.27,1
torchinferno,multi_turn,217,430.42,91.21,521.63,2,3.83,1
torchinferno,multi_turn,218,601.12,0.00,711.30,1,1.41,1
torchinferno,multi_turn,219,576.69,48.54,625.24,2,3.20,1
torchinferno,multi_turn,220,826.00,0.00,830.25,1,1.20,1
torchinferno,multi_turn,221,750.76,5.69,756.45,2,2.64,1
torchinferno,multi_turn,222,2105.14,33.77,2138.91,2,0.94,1
torchinferno,multi_turn,223,727.41,41.07,768.48,2,2.60,1
torchinferno,multi_turn,224,361.64,0.00,374.04,1,2.67,1
torchinferno,multi_turn,225,912.02,0.00,944.28,1,1.06,1
torchinferno,multi_turn,226,990.83,0.00,1020.56,1,0.98,1
torchinferno,multi_turn,227,1032.97,136.59,1169.56,2,1.71,1
torchinferno,multi_turn,228,567.80,0.00,784.31,1,1.28,1
torchinferno,multi_turn,229,1604.90,0.00,1618.92,1,0.62,1
torchinferno,multi_turn,230,1053.47,0.00,1063.06,1,0.94,1
torchinferno,multi_turn,231,750.94,0.00,751.29,1,1.33,1
torchinferno,multi_turn,232,1159.90,0.00,1170.21,1,0.85,1
torchinferno,multi_turn,233,682.39,0.00,753.04,1,1.33,1
torchinferno,multi_turn,234,266.53,0.00,353.70,1,2.83,1
torchinferno,multi_turn,235,977.69,77.69,1055.37,2,1.90,1
torchinferno,multi_turn,236,623.47,0.00,651.45,1,1.54,1
torchinferno,multi_turn,237,1773.72,176.05,1949.77,2,1.03,1
torchinferno,multi_turn,238,899.79,87.74,987.54,2,2.03,1
torchinferno,multi_turn,239,663.65,0.00,679.22,1,1.47,1
torchinferno,multi_turn,240,673.53,0.00,789.80,1,1.27,1
torchinferno,multi_turn,241,480.99,0.00,520.14,1,1.92,1
torchinferno,multi_turn,242,978.92,0.00,1006.89,1,0.99,1
torchinferno,multi_turn,243,1036.70,0.00,1135.62,1,0.88,1
torchinferno,multi_turn,244,610.48,0.00,625.25,1,1.60,1
torchinferno,multi_turn,245,1796.33,0.00,1880.37,1,0.53,1
torchinferno,multi_turn,246,986.08,98.22,1084.30,2,1.84,1
torchinferno,multi_turn,247,654.85,0.00,670.12,1,1.49,1
torchinferno,multi_turn,248,658.93,201.54,860.48,2,2.32,1
torchinferno,multi_turn,249,399.75,0.00,470.75,1,2.12,1
torchinferno,multi_turn,250,960.65,64.32,1024.97,2,1.95,1
torchinferno,multi_turn,251,994.78,0.00,1059.58,1,0.94,1
torchinferno,multi_turn,252,633.71,0.00,716.56,1,1.40,1
torchinferno,multi_turn,253,1731.48,109.67,1841.14,2,1.09,1
torchinferno,multi_turn,254,961.37,33.55,994.93,2,2.01,1
torchinferno,multi_turn,255,716.90,0.00,734.35,1,1.36,1
torchinferno,multi_turn,256,654.19,162.66,816.84,2,2.45,1
torchinferno,multi_turn,257,1125.26,36.16,1161.42,2,1.72,1
torchinferno,multi_turn,258,299.62,0.00,315.97,1,3.16,1
torchinferno,multi_turn,259,1037.65,104.68,1142.33,2,1.75,1
torchinferno,multi_turn,260,611.89,0.00,747.16,1,1.34,1
torchinferno,multi_turn,261,1676.11,162.71,1838.82,2,1.09,1
torchinferno,multi_turn,262,899.21,0.00,942.38,1,1.06,1
torchinferno,multi_turn,263,722.08,0.00,732.24,1,1.37,1
torchinferno,multi_turn,264,354.20,24.00,378.21,2,5.29,1
torchinferno,multi_turn,265,904.80,119.89,1024.69,2,1.95,1
torchinferno,multi_turn,266,897.86,100.06,997.91,2,2.00,1
torchinferno,multi_turn,267,961.11,0.00,1033.82,1,0.97,1
torchinferno,multi_turn,268,647.82,0.00,692.55,1,1.44,1
torchinferno,multi_turn,269,1757.08,123.61,1880.69,2,1.06,1
torchinferno,multi_turn,270,952.77,102.60,1055.36,2,1.90,1
torchinferno,multi_turn,271,643.27,0.00,678.20,1,1.47,1
torchinferno,multi_turn,272,646.51,0.00,781.10,1,1.28,1
torchinferno,multi_turn,273,1166.34,0.00,1171.22,1,0.85,1
torchinferno,multi_turn,274,677.74,0.00,715.99,1,1.40,1
torchinferno,multi_turn,275,858.72,0.00,860.97,1,1.16,1
torchinferno,multi_turn,276,509.27,0.00,682.12,1,1.47,1
torchinferno,multi_turn,277,1633.03,68.07,1701.10,2,1.18,1
torchinferno,multi_turn,278,1002.66,90.04,1092.70,2,1.83,0
torchinferno,multi_turn,279,678.98,0.00,705.27,1,1.42,1
torchinferno,multi_turn,280,598.93,0.00,773.30,1,1.29,1
torchinferno,multi_turn,281,1104.25,65.35,1169.60,2,1.71,1
torchinferno,multi_turn,282,272.88,0.00,313.47,1,3.19,1
torchinferno,multi_turn,283,1027.02,0.00,1069.89,1,0.93,1
torchinferno,multi_turn,284,811.67,0.60,812.27,2,2.46,1
torchinferno,multi_turn,285,1654.79,150.84,1805.63,2,1.11,1
torchinferno,multi_turn,286,913.98,0.00,1036.34,1,0.96,1
torchinferno,multi_turn,287,639.21,0.00,679.83,1,1.47,1
torchinferno,multi_turn,288,1156.43,0.00,1175.42,1,0.85,1
torchinferno,multi_turn,289,660.22,92.02,752.24,2,2.66,1
torchinferno,multi_turn,290,608.08,34.82,642.90,2,3.11,1
torchinferno,multi_turn,291,799.16,45.01,844.17,2,2.37,1
torchinferno,multi_turn,292,537.99,0.00,626.95,1,1.60,1
torchinferno,multi_turn,293,1707.99,110.05,1818.04,2,1.10,1
torchinferno,multi_turn,294,963.86,137.78,1101.64,2,1.82,1
torchinferno,multi_turn,295,627.51,0.00,661.28,1,1.51,1
torchinferno,multi_turn,296,598.16,167.75,765.91,2,2.61,1
torchinferno,multi_turn,297,1112.86,0.00,1183.61,1,0.84,1
torchinferno,multi_turn,298,274.76,20.84,295.59,2,6.77,1
torchinferno,multi_turn,299,1036.10,84.92,1121.02,2,1.78,1
torchinferno,multi_turn,300,617.29,0.00,657.49,1,1.52,1
torchinferno,multi_turn,301,1778.11,0.00,1792.19,1,0.56,1
torchinferno,multi_turn,302,1060.08,86.21,1146.28,2,1.74,1
torchinferno,multi_turn,303,667.65,0.00,710.81,1,1.41,1
torchinferno,multi_turn,304,647.05,0.00,776.47,1,1.29,1
torchinferno,multi_turn,305,474.58,29.65,652.49,7,10.73,0
torchinferno,multi_turn,306,836.25,90.59,926.84,2,2.16,1
torchinferno,multi_turn,307,976.85,0.00,1061.39,1,0.94,1
torchinferno,multi_turn,308,622.00,0.00,729.35,1,1.37,1
torchinferno,multi_turn,309,1711.87,0.00,1721.91,1,0.58,1
torchinferno,multi_turn,310,1038.34,0.00,1063.51,1,0.94,1
torchinferno,multi_turn,311,741.31,46.08,787.39,2,2.54,1
torchinferno,multi_turn,312,614.20,0.00,748.23,1,1.34,1
torchinferno,multi_turn,313,459.77,0.00,564.39,1,1.77,1
torchinferno,multi_turn,314,920.16,0.00,1031.65,1,0.97,1
torchinferno,multi_turn,315,948.01,101.08,1049.09,2,1.91,1
torchinferno,multi_turn,316,597.71,164.03,761.74,2,2.63,1
torchinferno,multi_turn,317,1660.32,88.24,1748.56,2,1.14,1
torchinferno,multi_turn,318,968.16,0.00,1067.31,1,0.94,1
torchinferno,multi_turn,319,654.81,0.00,711.92,1,1.40,1
torchinferno,multi_turn,320,652.92,0.00,853.22,1,1.17,1
torchinferno,multi_turn,321,394.06,52.67,446.73,2,4.48,1
torchinferno,multi_turn,322,971.01,0.00,1029.01,1,0.97,1
torchinferno,multi_turn,323,1033.19,0.00,1099.41,1,0.91,1
torchinferno,multi_turn,324,623.07,0.00,663.15,1,1.51,1
torchinferno,multi_turn,325,1769.10,57.98,1827.08,2,1.09,1
torchinferno,multi_turn,326,996.80,0.00,1025.82,1,0.97,1
torchinferno,multi_turn,327,740.66,49.26,789.92,2,2.53,1
torchinferno,multi_turn,328,596.34,0.00,726.44,1,1.38,1
torchinferno,multi_turn,329,1151.66,0.00,1246.39,1,0.80,1
torchinferno,multi_turn,330,593.55,0.00,606.02,1,1.65,1
torchinferno,multi_turn,331,848.83,0.00,876.96,1,1.14,1
torchinferno,multi_turn,332,523.21,0.00,640.13,1,1.56,1
torchinferno,multi_turn,333,1698.62,36.72,1735.34,2,1.15,1
torchinferno,multi_turn,334,1028.29,106.97,1135.26,2,1.76,1
torchinferno,multi_turn,335,644.85,61.30,706.15,2,2.83,1
torchinferno,multi_turn,336,583.37,196.91,780.28,2,2.56,1
torchinferno,multi_turn,337,1096.46,73.11,1169.57,2,1.71,1
torchinferno,multi_turn,338,614.36,44.17,658.53,2,3.04,1
torchinferno,multi_turn,339,834.62,4.98,839.60,2,2.38,1
torchinferno,multi_turn,340,671.97,41.99,713.96,2,2.80,1
torchinferno,multi_turn,341,1630.44,0.00,1651.38,1,0.61,1
torchinferno,multi_turn,342,1047.52,98.49,1146.01,2,1.75,1
torchinferno,multi_turn,343,659.36,0.00,710.67,1,1.41,1
torchinferno,multi_turn,344,608.44,144.21,752.66,2,2.66,1
torchinferno,multi_turn,345,1122.87,0.00,1140.17,1,0.88,1
torchinferno,multi_turn,346,320.92,104.96,425.88,2,4.70,1
torchinferno,multi_turn,347,957.56,0.00,1013.92,1,0.99,1
torchinferno,multi_turn,348,661.04,0.00,758.73,1,1.32,1
torchinferno,multi_turn,349,1733.05,0.00,1743.52,1,0.57,1
torchinferno,multi_turn,350,1038.51,133.70,1172.21,2,1.71,1
torchinferno,multi_turn,351,623.39,52.21,675.60,2,2.96,1
torchinferno,multi_turn,352,645.47,0.00,800.75,1,1.25,1
torchinferno,multi_turn,353,1141.79,37.19,1178.98,2,1.70,1
torchinferno,multi_turn,354,288.31,84.24,372.55,2,5.37,1
torchinferno,multi_turn,355,994.29,0.00,1004.79,1,1.00,1
torchinferno,multi_turn,356,676.61,110.61,787.22,2,2.54,1
torchinferno,multi_turn,357,1704.78,0.00,1811.68,1,0.55,1
torchinferno,multi_turn,358,978.51,0.00,1004.31,1,1.00,1
torchinferno,multi_turn,359,708.35,65.28,773.64,2,2.59,1
torchinferno,multi_turn,360,678.33,136.43,814.76,2,2.45,1
torchinferno,multi_turn,361,1142.89,110.85,1253.74,2,1.60,1
torchinferno,multi_turn,362,591.07,41.28,632.35,2,3.16,1
torchinferno,multi_turn,363,833.42,0.46,833.88,2,2.40,1
torchinferno,multi_turn,364,534.71,0.00,581.41,1,1.72,1
torchinferno,multi_turn,365,1768.15,0.00,1811.57,1,0.55,1
torchinferno,multi_turn,366,1017.92,0.00,1142.44,1,0.88,1
torchinferno,multi_turn,367,636.83,0.00,698.99,1,1.43,1
torchinferno,multi_turn,368,637.67,0.00,788.10,1,1.27,1
torchinferno,multi_turn,369,446.08,104.45,550.53,2,3.63,0
torchinferno,multi_turn,370,916.13,133.18,1049.31,2,1.91,0
torchinferno,multi_turn,371,942.25,0.00,1086.48,1,0.92,1
torchinferno,multi_turn,372,725.59,0.00,749.31,1,1.33,1
torchinferno,multi_turn,373,1611.64,121.79,1733.43,2,1.15,1
torchinferno,multi_turn,374,955.83,0.00,1007.63,1,0.99,1
torchinferno,multi_turn,375,693.41,0.00,766.26,1,1.31,1
torchinferno,multi_turn,376,583.82,72.62,874.29,5,5.72,0
torchinferno,multi_turn,377,988.21,0.00,1010.03,1,0.99,1
torchinferno,multi_turn,378,328.91,0.00,330.94,1,3.02,1
torchinferno,multi_turn,379,1045.25,60.95,1106.20,2,1.81,1
torchinferno,multi_turn,380,648.84,92.16,741.00,2,2.70,1
torchinferno,multi_turn,381,1719.58,0.00,1880.89,1,0.53,1
torchinferno,multi_turn,382,908.51,0.00,990.52,1,1.01,1
torchinferno,multi_turn,383,670.02,74.17,744.19,2,2.69,1
torchinferno,multi_turn,384,582.63,0.00,720.18,1,1.39,1
torchinferno,multi_turn,385,1142.58,0.00,1225.59,1,0.82,1
torchinferno,multi_turn,386,261.66,68.71,330.37,2,6.05,1
torchinferno,multi_turn,387,982.39,0.00,1128.59,1,0.89,1
torchinferno,multi_turn,388,570.12,0.00,642.38,1,1.56,1
torchinferno,multi_turn,389,1729.91,94.43,1824.34,2,1.10,1
torchinferno,multi_turn,390,972.97,0.00,1130.46,1,0.88,1
torchinferno,multi_turn,391,603.02,0.00,672.91,1,1.49,1
torchinferno,multi_turn,392,587.56,0.00,762.70,1,1.31,1
torchinferno,multi_turn,393,1102.07,0.00,1185.41,1,0.84,1
torchinferno,multi_turn,394,606.46,48.48,654.94,2,3.05,1
torchinferno,multi_turn,395,798.22,63.66,861.89,2,2.32,0
torchinferno,multi_turn,396,665.41,0.43,665.84,2,3.00,1
torchinferno,multi_turn,397,1656.23,123.41,1779.64,2,1.12,1
torchinferno,multi_turn,398,1005.64,0.00,1050.55,1,0.95,1
torchinferno,multi_turn,399,640.89,0.00,713.98,1,1.40,1
torchinferno,multi_turn,400,350.34,0.00,370.30,1,2.70,1
torchinferno,multi_turn,401,909.37,0.00,993.96,1,1.01,1
torchinferno,multi_turn,402,936.64,0.00,1013.90,1,0.99,1
torchinferno,multi_turn,403,983.72,0.00,994.99,1,1.01,1
torchinferno,multi_turn,404,693.76,0.00,705.43,1,1.42,1
torchinferno,multi_turn,405,1793.58,127.22,1920.80,2,1.04,1
torchinferno,multi_turn,406,948.98,0.00,1076.93,1,0.93,1
torchinferno,multi_turn,407,632.87,0.00,702.37,1,1.42,1
torchinferno,multi_turn,408,655.61,0.00,859.25,1,1.16,1
torchinferno,multi_turn,409,1078.47,0.00,1095.91,1,0.91,1
torchinferno,multi_turn,410,672.05,0.00,701.45,1,1.43,1
torchinferno,multi_turn,411,817.60,0.00,817.86,1,1.22,1
torchinferno,multi_turn,412,570.38,156.00,726.38,2,2.75,1
torchinferno,multi_turn,413,1652.86,70.49,1723.34,2,1.16,1
torchinferno,multi_turn,414,993.32,0.00,1060.08,1,0.94,1
torchinferno,multi_turn,415,691.20,83.82,775.02,2,2.58,1
torchinferno,multi_turn,416,678.57,177.47,856.03,2,2.34,1
torchinferno,multi_turn,417,1110.51,0.00,1178.76,1,0.85,1
torchinferno,multi_turn,418,265.37,0.00,302.62,1,3.30,1
torchinferno,multi_turn,419,1025.66,0.00,1146.18,1,0.87,1
torchinferno,multi_turn,420,585.97,0.00,613.92,1,1.63,1
torchinferno,multi_turn,421,1784.70,157.40,1942.10,2,1.03,1
torchinferno,multi_turn,422,907.47,0.00,959.08,1,1.04,1
torchinferno,multi_turn,423,710.90,91.99,802.89,2,2.49,1
torchinferno,multi_turn,424,1169.67,0.00,1197.65,1,0.83,1
torchinferno,multi_turn,425,645.57,0.00,724.87,1,1.38,1
torchinferno,multi_turn,426,623.45,0.00,633.72,1,1.58,1
torchinferno,multi_turn,427,872.69,9.07,881.76,2,2.27,1
torchinferno,multi_turn,428,517.46,0.00,567.40,1,1.76,1
torchinferno,multi_turn,429,1756.45,148.15,1904.60,2,1.05,1
torchinferno,multi_turn,430,924.83,0.00,1056.31,1,0.95,1
torchinferno,multi_turn,431,627.89,90.87,718.76,2,2.78,1
torchinferno,multi_turn,432,587.83,0.00,764.12,1,1.31,1
torchinferno,multi_turn,433,411.21,0.00,451.57,1,2.21,1
torchinferno,multi_turn,434,981.90,109.38,1091.28,2,1.83,1
torchinferno,multi_turn,435,961.01,0.00,1018.02,1,0.98,1
torchinferno,multi_turn,436,653.29,68.90,722.19,2,2.77,1
torchinferno,multi_turn,437,1728.79,158.37,1887.15,2,1.06,1
torchinferno,multi_turn,438,924.50,0.00,941.48,1,1.06,1
torchinferno,multi_turn,439,737.02,91.03,828.05,2,2.42,1
torchinferno,multi_turn,440,658.27,0.00,794.87,1,1.26,1
torchinferno,multi_turn,441,457.60,45.09,502.69,2,3.98,1
torchinferno,multi_turn,442,983.79,0.00,1078.29,1,0.93,1
torchinferno,multi_turn,443,970.39,0.00,1036.95,1,0.96,1
torchinferno,multi_turn,444,628.67,0.00,774.76,1,1.29,1
torchinferno,multi_turn,445,1674.16,70.13,1744.29,2,1.15,1
torchinferno,multi_turn,446,986.13,40.47,1026.59,2,1.95,1
torchinferno,multi_turn,447,718.37,103.84,822.21,2,2.43,1
torchinferno,multi_turn,448,1148.04,0.00,1214.40,1,0.82,1
torchinferno,multi_turn,449,633.23,0.00,656.80,1,1.52,1
torchinferno,multi_turn,450,308.77,33.19,341.96,2,5.85,1
torchinferno,multi_turn,451,1025.17,0.00,1151.32,1,0.87,1
torchinferno,multi_turn,452,583.69,57.07,640.75,2,3.12,1
torchinferno,multi_turn,453,1754.58,30.37,1784.95,2,1.12,1
torchinferno,multi_turn,454,1041.66,0.00,1101.32,1,0.91,1
torchinferno,multi_turn,455,684.50,126.69,811.19,2,2.47,1
torchinferno,multi_turn,456,642.20,199.97,842.17,2,2.37,1
torchinferno,multi_turn,457,1068.58,0.00,1111.40,1,0.90,1
torchinferno,multi_turn,458,298.44,0.00,402.82,1,2.48,1
torchinferno,multi_turn,459,954.82,0.00,1004.02,1,1.00,1
torchinferno,multi_turn,460,667.69,0.00,819.24,1,1.22,1
torchinferno,multi_turn,461,2173.59,0.00,2195.12,1,0.46,1
torchinferno,multi_turn,462,735.52,0.00,763.99,1,1.31,1
torchinferno,multi_turn,463,1212.14,63.62,1275.76,2,1.57,1
torchinferno,multi_turn,464,592.42,0.00,800.48,1,1.25,1
torchinferno,multi_turn,465,500.78,0.00,510.26,1,1.96,1
torchinferno,multi_turn,466,897.23,132.61,1029.84,2,1.94,1
torchinferno,multi_turn,467,940.29,0.00,1047.01,1,0.96,1
torchinferno,multi_turn,468,728.38,0.00,728.68,1,1.37,1
torchinferno,multi_turn,469,2195.56,0.00,2218.60,1,0.45,1
torchinferno,multi_turn,470,735.70,0.00,769.56,1,1.30,1
torchinferno,multi_turn,471,1196.64,76.35,1272.99,2,1.57,0
torchinferno,multi_turn,472,1164.72,84.03,1248.75,2,1.60,1
torchinferno,multi_turn,473,609.30,0.00,617.61,1,1.62,1
torchinferno,multi_turn,474,684.38,32.03,716.41,2,2.79,1
torchinferno,multi_turn,475,834.23,0.00,834.62,1,1.20,1
torchinferno,multi_turn,476,713.87,0.00,714.17,1,1.40,1
torchinferno,multi_turn,477,2159.91,0.00,2179.67,1,0.46,1
torchinferno,multi_turn,478,738.27,34.33,772.60,2,2.59,1
torchinferno,multi_turn,479,1201.50,88.31,1289.82,2,1.55,1
torchinferno,multi_turn,480,1153.71,0.00,1219.20,1,0.82,1
torchinferno,multi_turn,481,968.78,124.43,1093.21,2,1.83,1
torchinferno,multi_turn,482,925.02,41.70,966.72,2,2.07,1
torchinferno,multi_turn,483,673.06,127.95,801.00,2,2.50,1
torchinferno,multi_turn,484,1684.45,0.00,1842.79,1,0.54,1
torchinferno,multi_turn,485,902.29,0.00,917.02,1,1.09,1
torchinferno,multi_turn,486,746.82,0.00,780.37,1,1.28,1
torchinferno,multi_turn,487,659.29,80.93,740.22,2,2.70,1
torchinferno,multi_turn,488,1178.28,0.00,1242.20,1,0.81,1
torchinferno,multi_turn,489,629.10,73.65,702.75,2,2.85,1
torchinferno,multi_turn,490,257.39,0.00,291.79,1,3.43,1
torchinferno,multi_turn,491,1021.25,82.77,1104.02,2,1.81,1
torchinferno,multi_turn,492,633.31,0.00,648.01,1,1.54,1
torchinferno,multi_turn,493,2305.38,0.00,2319.69,1,0.43,1
torchinferno,multi_turn,494,744.81,0.00,771.21,1,1.30,1
torchinferno,multi_turn,495,1208.18,123.82,1332.00,2,1.50,1
torchinferno,multi_turn,496,1166.18,98.23,1264.41,2,1.58,1
torchinferno,multi_turn,497,918.80,0.00,954.87,1,1.05,1
torchinferno,multi_turn,498,1025.56,0.00,1065.89,1,0.94,1
torchinferno,multi_turn,499,672.83,20.33,693.16,2,2.89,1
torchinferno,multi_turn,500,1784.91,52.72,1837.62,2,1.09,1
torchinferno,multi_turn,501,1007.52,0.00,1139.49,1,0.88,1
torchinferno,multi_turn,502,632.34,43.73,676.07,2,2.96,1
torchinferno,multi_turn,503,853.84,31.02,884.86,2,2.26,1
torchinferno,multi_turn,504,1159.47,55.97,1215.45,2,1.65,1
torchinferno,multi_turn,505,982.13,43.24,1025.37,2,1.95,1
torchinferno,multi_turn,506,1013.71,105.45,1119.16,2,1.79,1
torchinferno,multi_turn,507,600.83,0.00,714.66,1,1.40,1
torchinferno,multi_turn,508,2213.63,57.67,2271.30,2,0.88,1
torchinferno,multi_turn,509,700.25,0.00,715.84,1,1.40,1
torchinferno,multi_turn,510,1214.42,0.00,1290.18,1,0.78,1
torchinferno,multi_turn,511,684.61,0.00,748.13,1,1.34,1
torchinferno,multi_turn,512,1061.51,0.00,1142.47,1,0.88,1
torchinferno,multi_turn,513,680.10,0.00,693.35,1,1.44,1
torchinferno,multi_turn,514,673.29,0.00,749.10,1,1.33,1
torchinferno,multi_turn,515,683.57,0.00,702.22,1,1.42,1
torchinferno,multi_turn,516,570.29,0.00,599.53,1,1.67,1
torchinferno,multi_turn,517,397.77,0.00,475.82,1,2.10,1
torchinferno,multi_turn,518,879.29,0.00,947.65,1,1.06,1
torchinferno,multi_turn,519,523.24,75.31,598.55,2,3.34,1
torchinferno,multi_turn,520,696.15,0.00,716.80,1,1.40,1
torchinferno,multi_turn,521,672.13,0.00,691.60,1,1.45,1
torchinferno,multi_turn,522,724.76,0.00,742.47,1,1.35,1
torchinferno,multi_turn,523,586.08,0.00,642.46,1,1.56,1
torchinferno,multi_turn,524,370.12,0.00,392.87,1,2.55,1
torchinferno,multi_turn,525,939.93,153.46,1093.39,2,1.83,1
torchinferno,multi_turn,526,442.54,44.37,486.91,2,4.11,1
torchinferno,multi_turn,527,341.46,121.92,463.38,2,4.32,1
torchinferno,multi_turn,528,731.62,0.00,775.28,1,1.29,1
torchinferno,multi_turn,529,1195.53,0.00,1267.07,1,0.79,1
torchinferno,multi_turn,530,688.16,0.00,748.99,1,1.34,1
torchinferno,multi_turn,531,530.61,0.00,545.86,1,1.83,1
torchinferno,multi_turn,532,413.56,0.00,430.20,1,2.32,1
torchinferno,multi_turn,533,980.31,22.65,1025.61,3,2.93,0
torchinferno,multi_turn,534,517.93,0.00,539.99,1,1.85,1
torchinferno,multi_turn,535,1027.25,0.00,1027.55,1,0.97,1
torchinferno,multi_turn,536,694.43,46.12,740.55,2,2.70,0
torchinferno,multi_turn,537,647.90,0.00,659.15,1,1.52,1
torchinferno,multi_turn,538,741.44,0.00,781.80,1,1.28,1
torchinferno,multi_turn,539,554.93,0.00,677.65,1,1.48,1
torchinferno,multi_turn,540,827.14,27.33,854.47,2,2.34,1
torchinferno,multi_turn,541,563.21,46.90,610.12,2,3.28,1
torchinferno,multi_turn,542,550.20,0.00,550.59,1,1.82,1
torchinferno,multi_turn,543,880.24,0.00,917.36,1,1.09,1
torchinferno,multi_turn,544,686.36,70.81,757.16,2,2.64,1
torchinferno,multi_turn,545,609.03,0.00,640.90,1,1.56,1
torchinferno,multi_turn,546,723.04,32.86,755.90,2,2.65,1
torchinferno,multi_turn,547,568.39,0.00,681.33,1,1.47,1
torchinferno,multi_turn,548,834.57,62.33,896.90,2,2.23,1
torchinferno,multi_turn,549,378.17,127.04,505.21,2,3.96,1
torchinferno,multi_turn,550,645.41,0.00,650.46,1,1.54,1
torchinferno,multi_turn,551,850.09,0.00,917.03,1,1.09,1
torchinferno,multi_turn,552,705.87,64.88,770.75,2,2.59,1
torchinferno,multi_turn,553,620.93,0.00,655.86,1,1.52,1
torchinferno,multi_turn,554,728.63,0.00,754.76,1,1.32,1
torchinferno,multi_turn,555,564.32,0.00,599.69,1,1.67,1
torchinferno,multi_turn,556,391.41,0.00,438.05,1,2.28,1
torchinferno,multi_turn,557,918.33,0.00,989.18,1,1.01,1
torchinferno,multi_turn,558,516.80,94.64,611.45,2,3.27,1
torchinferno,multi_turn,559,949.21,0.00,1086.64,1,0.92,1
torchinferno,multi_turn,560,658.12,0.00,686.97,1,1.46,1
torchinferno,multi_turn,561,673.41,0.00,762.38,1,1.31,1
torchinferno,multi_turn,562,661.19,0.00,745.63,1,1.34,1
torchinferno,multi_turn,563,516.58,0.00,643.25,1,1.55,1
torchinferno,multi_turn,564,816.52,55.23,871.75,2,2.29,1
torchinferno,multi_turn,565,537.08,0.00,589.80,1,1.70,1
torchinferno,multi_turn,566,540.16,0.00,586.06,1,1.71,1
torchinferno,multi_turn,567,839.42,142.40,981.82,2,2.04,1
torchinferno,multi_turn,568,724.94,41.42,766.36,2,2.61,1
torchinferno,multi_turn,569,656.87,0.00,744.36,1,1.34,1
torchinferno,multi_turn,570,656.56,57.54,714.09,2,2.80,1
torchinferno,multi_turn,571,546.98,132.33,679.31,2,2.94,1
torchinferno,multi_turn,572,820.83,0.00,854.91,1,1.17,1
torchinferno,multi_turn,573,591.60,0.00,591.93,1,1.69,1
torchinferno,multi_turn,574,540.62,78.72,619.34,2,3.23,1
torchinferno,multi_turn,575,1030.72,0.00,1048.21,1,0.95,1
torchinferno,multi_turn,576,694.09,27.36,721.45,2,2.77,1
torchinferno,multi_turn,577,667.51,0.00,698.74,1,1.43,1
torchinferno,multi_turn,578,720.23,0.00,777.46,1,1.29,1
torchinferno,multi_turn,579,542.41,52.31,594.72,2,3.36,1
torchinferno,multi_turn,580,376.05,0.00,413.20,1,2.42,1
torchinferno,multi_turn,581,914.25,126.59,1040.84,2,1.92,1
torchinferno,multi_turn,582,470.69,65.70,536.39,2,3.73,1
torchinferno,multi_turn,583,1183.38,0.00,1212.84,1,0.82,1
torchinferno,multi_turn,584,645.25,0.00,702.08,1,1.42,1
torchinferno,multi_turn,585,691.48,0.00,779.03,1,1.28,1
torchinferno,multi_turn,586,512.19,0.00,538.31,1,1.86,1
torchinferno,multi_turn,587,401.58,63.40,464.97,2,4.30,1
torchinferno,multi_turn,588,903.10,0.00,916.90,1,1.09,1
torchinferno,multi_turn,589,568.59,0.00,597.76,1,1.67,1
torchinferno,multi_turn,590,369.25,0.00,380.24,1,2.63,1
torchinferno,multi_turn,591,846.00,29.09,875.09,2,2.29,1
torchinferno,multi_turn,592,640.93,0.00,687.87,1,1.45,1
torchinferno,multi_turn,593,719.39,0.00,820.60,1,1.22,1
torchinferno,multi_turn,594,495.82,120.87,616.70,2,3.24,1
torchinferno,multi_turn,595,827.97,46.41,874.38,2,2.29,1
torchinferno,multi_turn,596,386.20,33.23,419.43,2,4.77,1
torchinferno,multi_turn,597,567.87,0.00,589.00,1,1.70,1
torchinferno,multi_turn,598,1010.34,0.00,1058.51,1,0.94,1
torchinferno,multi_turn,599,828.72,0.00,842.82,1,1.19,1
torchinferno,multi_turn,600,1219.05,111.59,1330.65,2,1.50,1
torchinferno,multi_turn,601,650.13,0.00,707.81,1,1.41,1
torchinferno,multi_turn,602,537.40,141.63,679.03,2,2.95,1
torchinferno,multi_turn,603,807.15,60.49,867.65,2,2.31,1
torchinferno,multi_turn,604,548.26,5.03,553.29,2,3.61,1
torchinferno,multi_turn,605,408.80,118.48,527.28,2,3.79,1
torchinferno,multi_turn,606,1134.54,0.00,1153.02,1,0.87,1
torchinferno,multi_turn,607,643.76,0.00,665.27,1,1.50,1
torchinferno,multi_turn,608,683.28,0.00,748.40,1,1.34,1
torchinferno,multi_turn,609,834.07,0.00,854.88,1,1.17,1
torchinferno,multi_turn,610,818.49,0.00,841.20,1,1.19,1
torchinferno,multi_turn,611,707.31,38.71,746.01,2,2.68,1
torchinferno,multi_turn,612,925.10,129.34,1054.43,2,1.90,1
torchinferno,multi_turn,613,459.86,167.60,627.46,2,3.19,1
torchinferno,multi_turn,614,878.44,71.72,950.16,2,2.10,1
torchinferno,multi_turn,615,799.10,0.00,820.85,1,1.22,1
torchinferno,multi_turn,616,1196.48,104.43,1300.91,2,1.54,1
torchinferno,multi_turn,617,651.09,0.00,767.31,1,1.30,1
torchinferno,multi_turn,618,483.25,135.88,619.13,2,3.23,1
torchinferno,multi_turn,619,816.30,74.96,966.22,3,3.10,0
torchinferno,multi_turn,620,439.92,13.01,452.92,2,4.42,1
torchinferno,multi_turn,621,430.88,0.00,503.18,1,1.99,1
torchinferno,multi_turn,622,972.47,0.00,981.38,1,1.02,1
torchinferno,multi_turn,623,870.26,0.00,875.33,1,1.14,1
torchinferno,multi_turn,624,668.52,56.23,724.75,2,2.76,1
torchinferno,multi_turn,625,705.38,0.00,785.77,1,1.27,1
torchinferno,multi_turn,626,510.72,0.00,604.49,1,1.65,1
torchinferno,multi_turn,627,866.65,50.68,917.32,2,2.18,1
torchinferno,multi_turn,628,389.16,0.00,397.64,1,2.51,1
torchinferno,multi_turn,629,584.64,100.37,685.01,2,2.92,1
torchinferno,multi_turn,630,938.14,125.79,1063.93,2,1.88,1
torchinferno,multi_turn,631,747.36,0.00,764.50,1,1.31,1
torchinferno,multi_turn,632,618.95,77.71,696.66,2,2.87,1
torchinferno,multi_turn,633,680.15,0.00,687.41,1,1.45,1
torchinferno,multi_turn,634,582.60,99.61,682.21,2,2.93,1
torchinferno,multi_turn,635,851.12,40.10,891.23,2,2.24,1
torchinferno,multi_turn,636,407.37,100.93,508.29,2,3.93,1
torchinferno,multi_turn,637,491.34,49.08,540.42,2,3.70,1
torchinferno,multi_turn,638,979.27,94.40,1073.67,2,1.86,1
torchinferno,multi_turn,639,796.72,0.00,813.34,1,1.23,1
torchinferno,multi_turn,640,636.99,112.88,749.87,2,2.67,1
torchinferno,multi_turn,641,630.12,0.00,675.96,1,1.48,1
torchinferno,multi_turn,642,553.73,0.00,634.94,1,1.57,1
torchinferno,multi_turn,643,867.13,0.00,891.30,1,1.12,1
torchinferno,multi_turn,644,424.55,0.00,487.46,1,2.05,1
torchinferno,multi_turn,645,524.46,0.00,628.76,1,1.59,1
torchinferno,multi_turn,646,927.66,45.06,972.72,2,2.06,1
torchinferno,multi_turn,647,845.51,0.00,863.59,1,1.16,1
torchinferno,multi_turn,648,1218.04,0.00,1239.32,1,0.81,1
torchinferno,multi_turn,649,744.58,0.00,804.45,1,1.24,1
torchinferno,multi_turn,650,527.09,147.22,674.30,2,2.97,1
torchinferno,multi_turn,651,812.92,0.00,885.11,1,1.13,1
torchinferno,multi_turn,652,505.39,0.00,538.34,1,1.86,1
torchinferno,multi_turn,653,604.79,0.00,641.47,1,1.56,1
torchinferno,multi_turn,654,1022.05,34.14,1056.19,2,1.89,1
torchinferno,multi_turn,655,633.91,0.00,660.01,1,1.52,1
torchinferno,multi_turn,656,1203.27,101.14,1304.42,2,1.53,1
torchinferno,multi_turn,657,663.19,104.75,767.94,2,2.60,1
torchinferno,multi_turn,658,490.71,122.90,613.62,2,3.26,1
torchinferno,multi_turn,659,826.51,39.09,865.61,2,2.31,1
torchinferno,multi_turn,660,400.61,0.00,511.52,1,1.95,1
torchinferno,multi_turn,661,472.68,0.00,575.83,1,1.74,1
torchinferno,multi_turn,662,947.51,0.00,999.27,1,1.00,1
torchinferno,multi_turn,663,813.42,35.72,849.13,2,2.36,1
torchinferno,multi_turn,664,631.96,0.00,670.11,1,1.49,1
torchinferno,multi_turn,665,720.66,0.00,734.56,1,1.36,1
torchinferno,multi_turn,666,572.77,61.59,634.36,2,3.15,1
torchinferno,multi_turn,667,375.08,0.00,427.48,1,2.34,1
torchinferno,multi_turn,668,904.64,0.00,983.09,1,1.02,1
torchinferno,multi_turn,669,520.64,90.97,611.61,2,3.27,1
torchinferno,multi_turn,670,939.14,0.00,1021.58,1,0.98,1
torchinferno,multi_turn,671,800.41,0.00,836.97,1,1.19,1
torchinferno,multi_turn,672,608.82,0.00,702.36,1,1.42,1
torchinferno,multi_turn,673,654.24,97.94,752.17,2,2.66,1
torchinferno,multi_turn,674,494.58,128.47,623.05,2,3.21,1
torchinferno,multi_turn,675,830.44,25.08,855.52,2,2.34,1
torchinferno,multi_turn,676,410.92,0.00,455.08,1,2.20,1
torchinferno,multi_turn,677,552.08,0.00,672.03,1,1.49,1
torchinferno,multi_turn,678,914.02,28.96,942.99,2,2.12,1
torchinferno,multi_turn,679,849.29,0.00,886.98,1,1.13,1
torchinferno,multi_turn,680,1218.31,0.00,1280.39,1,0.78,1
torchinferno,multi_turn,681,701.31,0.00,748.39,1,1.34,1
torchinferno,multi_turn,682,544.35,151.18,695.53,2,2.88,1
torchinferno,multi_turn,683,804.09,50.98,855.07,2,2.34,1
torchinferno,multi_turn,684,389.59,47.83,437.42,2,4.57,1
torchinferno,multi_turn,685,546.18,0.00,643.42,1,1.55,1
torchinferno,multi_turn,686,941.01,138.87,1079.88,2,1.85,1
torchinferno,multi_turn,687,731.02,0.00,778.13,1,1.29,1
torchinferno,multi_turn,688,596.03,0.00,681.40,1,1.47,1
torchinferno,multi_turn,689,816.58,0.00,851.42,1,1.17,1
torchinferno,multi_turn,690,802.62,0.00,833.39,1,1.20,1
torchinferno,multi_turn,691,698.12,73.75,771.87,2,2.59,1
torchinferno,multi_turn,692,887.45,133.93,1021.38,2,1.96,1
torchinferno,multi_turn,693,460.15,0.00,582.38,1,1.72,1
torchinferno,multi_turn,694,918.44,99.46,1017.90,2,1.96,1
torchinferno,multi_turn,695,783.81,36.61,820.42,2,2.44,1
torchinferno,multi_turn,696,623.64,75.34,698.98,2,2.86,1
torchinferno,multi_turn,697,669.51,95.22,764.73,2,2.62,1
torchinferno,multi_turn,698,505.65,46.09,551.74,2,3.62,1
torchinferno,multi_turn,699,385.19,0.00,445.28,1,2.25,1
torchinferno,multi_turn,700,905.41,93.93,999.34,2,2.00,1
torchinferno,multi_turn,701,495.29,57.34,552.63,2,3.62,1
torchinferno,multi_turn,702,984.17,0.00,989.20,1,1.01,1
torchinferno,multi_turn,703,867.57,40.69,908.26,2,2.20,1
torchinferno,multi_turn,704,705.16,0.00,758.98,1,1.32,1
torchinferno,multi_turn,705,820.28,32.78,853.06,2,2.34,1
torchinferno,multi_turn,706,805.55,32.07,837.61,2,2.39,1
torchinferno,multi_turn,707,704.31,0.00,778.53,1,1.28,1
torchinferno,multi_turn,708,884.46,0.00,962.28,1,1.04,1
torchinferno,multi_turn,709,518.53,126.68,645.21,2,3.10,1
torchinferno,multi_turn,710,913.72,34.39,948.11,2,2.11,1
torchinferno,multi_turn,711,828.08,51.32,879.40,2,2.27,1
torchinferno,multi_turn,712,730.76,95.02,825.78,2,2.42,1
torchinferno,multi_turn,713,797.53,0.00,817.31,1,1.22,1
torchinferno,multi_turn,714,819.19,26.47,845.67,2,2.36,1
torchinferno,multi_turn,715,708.19,0.00,734.04,1,1.36,1
torchinferno,multi_turn,716,942.92,128.38,1071.31,2,1.87,1
torchinferno,multi_turn,717,451.61,0.00,503.84,1,1.98,1
torchinferno,multi_turn,718,984.31,0.00,1094.63,1,0.91,1
torchinferno,multi_turn,719,771.67,47.46,819.12,2,2.44,1
torchinferno,multi_turn,720,662.85,0.00,703.57,1,1.42,1
torchinferno,multi_turn,721,701.15,0.00,723.14,1,1.38,1
torchinferno,multi_turn,722,578.73,0.00,591.03,1,1.69,1
torchinferno,multi_turn,723,416.19,42.01,458.20,2,4.36,1
torchinferno,multi_turn,724,915.32,0.00,954.45,1,1.05,1
torchinferno,multi_turn,725,560.90,0.00,575.40,1,1.74,1
torchinferno,multi_turn,726,1023.12,0.00,1032.33,1,0.97,1
torchinferno,multi_turn,727,864.39,50.16,914.55,2,2.19,1
torchinferno,multi_turn,728,1206.45,0.00,1243.88,1,0.80,1
torchinferno,multi_turn,729,711.51,115.39,826.90,2,2.42,1
torchinferno,multi_turn,730,478.56,109.76,588.32,2,3.40,1
torchinferno,multi_turn,731,848.03,0.00,917.15,1,1.09,1
torchinferno,multi_turn,732,526.44,55.40,581.84,2,3.44,1
torchinferno,multi_turn,733,522.20,0.00,539.49,1,1.85,1
torchinferno,multi_turn,734,874.48,57.66,932.14,2,2.15,0
torchinferno,multi_turn,735,825.55,0.00,870.17,1,1.15,1
torchinferno,multi_turn,736,668.94,0.00,699.76,1,1.43,1
torchinferno,multi_turn,737,733.76,52.67,786.43,2,2.54,1
torchinferno,multi_turn,738,539.84,39.35,579.19,2,3.45,1
torchinferno,multi_turn,739,389.51,0.00,418.17,1,2.39,1
torchinferno,multi_turn,740,924.98,0.00,953.92,1,1.05,1
torchinferno,multi_turn,741,571.79,112.09,683.88,2,2.92,1
torchinferno,multi_turn,742,1134.17,0.00,1148.04,1,0.87,1
torchinferno,multi_turn,743,661.17,0.00,703.11,1,1.42,1
torchinferno,multi_turn,744,1219.56,0.00,1280.58,1,0.78,1
torchinferno,multi_turn,745,687.98,95.59,783.57,2,2.55,1
torchinferno,multi_turn,746,499.74,0.00,540.08,1,1.85,1
torchinferno,multi_turn,747,392.20,104.18,496.38,2,4.03,1
torchinferno,multi_turn,748,851.97,0.00,868.40,1,1.15,1
torchinferno,multi_turn,749,581.85,0.00,731.43,1,1.37,1
torchinferno,multi_turn,750,894.03,0.00,915.91,1,1.09,1
torchinferno,multi_turn,751,853.84,46.61,900.45,2,2.22,1
torchinferno,multi_turn,752,1214.74,0.00,1233.25,1,0.81,1
torchinferno,multi_turn,753,744.62,62.04,806.66,2,2.48,1
torchinferno,multi_turn,754,532.98,117.35,650.33,2,3.08,1
torchinferno,multi_turn,755,839.90,0.00,867.97,1,1.15,1
torchinferno,multi_turn,756,403.34,54.33,457.67,2,4.37,1
torchinferno,multi_turn,757,546.21,70.39,616.60,2,3.24,1
torchinferno,multi_turn,758,959.02,0.00,1029.08,1,0.97,1
torchinferno,multi_turn,759,819.97,0.00,859.35,1,1.16,1
torchinferno,multi_turn,760,653.08,0.00,693.39,1,1.44,1
torchinferno,multi_turn,761,719.63,0.00,790.86,1,1.26,1
torchinferno,multi_turn,762,524.87,87.91,612.78,2,3.26,1
torchinferno,multi_turn,763,862.58,80.50,943.08,2,2.12,1
torchinferno,multi_turn,764,358.23,0.00,438.35,1,2.28,1
torchinferno,multi_turn,765,650.24,36.48,686.72,2,2.91,1
torchinferno,multi_turn,766,873.51,0.00,935.20,1,1.07,1
torchinferno,multi_turn,767,806.99,49.83,856.82,2,2.33,1
torchinferno,multi_turn,768,637.33,0.00,657.74,1,1.52,1
torchinferno,multi_turn,769,733.62,101.35,834.97,2,2.40,1
torchinferno,multi_turn,770,499.64,50.38,550.02,2,3.64,1
torchinferno,multi_turn,771,370.80,0.00,460.03,1,2.17,1
torchinferno,multi_turn,772,883.67,112.04,995.71,2,2.01,1
torchinferno,multi_turn,773,482.76,0.00,602.51,1,1.66,1
torchinferno,multi_turn,774,1118.07,0.00,1134.77,1,0.88,1
torchinferno,multi_turn,775,646.96,54.41,701.37,2,2.85,1
torchinferno,multi_turn,776,598.02,0.00,657.00,1,1.52,1
torchinferno,multi_turn,777,696.24,0.00,786.69,1,1.27,1
torchinferno,multi_turn,778,508.47,0.00,637.89,1,1.57,1
torchinferno,multi_turn,779,814.96,0.00,876.63,1,1.14,1
torchinferno,multi_turn,780,540.89,0.47,541.36,2,3.69,1
torchinferno,multi_turn,781,461.90,0.00,545.90,1,1.83,1
torchinferno,multi_turn,782,1130.24,25.51,1155.75,2,1.73,1
torchinferno,multi_turn,783,645.94,0.00,694.46,1,1.44,1
torchinferno,multi_turn,784,590.60,23.19,613.79,2,3.26,1
torchinferno,multi_turn,785,733.45,0.00,821.16,1,1.22,1
torchinferno,multi_turn,786,514.33,0.00,653.12,1,1.53,1
torchinferno,multi_turn,787,807.38,0.00,821.04,1,1.22,1
torchinferno,multi_turn,788,428.52,0.00,484.58,1,2.06,1
torchinferno,multi_turn,789,592.64,141.06,733.70,2,2.73,1
torchinferno,multi_turn,790,840.93,152.54,993.47,2,2.01,0
torchinferno,multi_turn,791,730.40,43.01,773.41,2,2.59,1
torchinferno,multi_turn,792,683.55,89.25,772.80,2,2.59,1
torchinferno,multi_turn,793,807.66,33.48,841.13,2,2.38,1
torchinferno,multi_turn,794,806.23,39.54,845.77,2,2.36,1
torchinferno,multi_turn,795,693.15,0.00,787.54,1,1.27,1
torchinferno,multi_turn,796,865.75,0.00,966.17,1,1.04,1
torchinferno,multi_turn,797,488.31,93.63,581.94,2,3.44,1
torchinferno,multi_turn,798,950.40,84.35,1034.75,2,1.93,1
torchinferno,multi_turn,799,793.59,51.19,844.78,2,2.37,1
torchinferno,multi_turn,800,643.38,0.00,680.92,1,1.47,1
torchinferno,multi_turn,801,730.01,0.00,770.47,1,1.30,1
torchinferno,multi_turn,802,555.26,135.54,690.80,2,2.90,1
torchinferno,multi_turn,803,808.39,32.91,841.30,2,2.38,1
torchinferno,multi_turn,804,566.91,24.07,590.98,2,3.38,1
torchinferno,multi_turn,805,549.15,0.00,579.15,1,1.73,1
torchinferno,multi_turn,806,866.19,0.00,884.74,1,1.13,1
torchinferno,multi_turn,807,861.46,53.59,915.05,2,2.19,0
torchinferno,multi_turn,808,700.42,87.26,787.68,2,2.54,1
torchinferno,multi_turn,809,815.31,0.00,826.92,1,1.21,1
torchinferno,multi_turn,810,825.03,38.81,863.83,2,2.32,1
torchinferno,multi_turn,811,698.06,0.00,793.94,1,1.26,1
torchinferno,multi_turn,812,863.99,0.00,951.23,1,1.05,1
torchinferno,multi_turn,813,507.95,0.00,562.13,1,1.78,1
torchinferno,multi_turn,814,985.65,0.00,1088.71,1,0.92,1
torchinferno,multi_turn,815,774.81,0.00,824.44,1,1.21,1
torchinferno,multi_turn,816,593.73,0.00,640.55,1,1.56,1
torchinferno,multi_turn,817,720.00,99.89,819.89,2,2.44,1
torchinferno,multi_turn,818,482.66,0.00,508.62,1,1.97,1
torchinferno,multi_turn,819,407.54,38.40,445.94,2,4.48,1
torchinferno,multi_turn,820,926.12,0.00,994.19,1,1.01,1
torchinferno,multi_turn,821,523.88,0.00,653.43,1,1.53,1
torchinferno,multi_turn,822,903.14,0.00,1030.57,1,0.97,1
torchinferno,multi_turn,823,757.48,50.48,807.96,2,2.48,1
torchinferno,multi_turn,824,638.59,0.00,708.47,1,1.41,1
torchinferno,multi_turn,825,682.71,30.31,713.02,2,2.80,1
torchinferno,multi_turn,826,574.41,0.00,615.41,1,1.62,1
torchinferno,multi_turn,827,389.42,0.00,474.10,1,2.11,1
torchinferno,multi_turn,828,872.19,160.12,1032.31,2,1.94,1
torchinferno,multi_turn,829,439.92,0.00,645.46,1,1.55,1
torchinferno,multi_turn,830,855.90,0.00,896.67,1,1.12,1
torchinferno,multi_turn,831,811.31,0.00,868.27,1,1.15,1
torchinferno,multi_turn,832,635.91,72.26,708.17,2,2.82,1
torchinferno,multi_turn,833,822.60,0.00,848.98,1,1.18,1
torchinferno,multi_turn,834,812.40,0.00,831.35,1,1.20,1
torchinferno,multi_turn,835,711.65,0.00,726.94,1,1.38,1
torchinferno,multi_turn,836,942.11,117.91,1060.02,2,1.89,1
torchinferno,multi_turn,837,476.84,0.00,648.42,1,1.54,1
torchinferno,multi_turn,838,874.25,32.70,906.95,2,2.21,1
torchinferno,multi_turn,839,844.54,61.00,905.54,2,2.21,1
torchinferno,multi_turn,840,691.34,83.18,774.52,2,2.58,1
torchinferno,multi_turn,841,820.43,0.00,862.66,1,1.16,1
torchinferno,multi_turn,842,793.60,48.05,841.65,2,2.38,1
torchinferno,multi_turn,843,692.01,0.00,707.89,1,1.41,1
torchinferno,multi_turn,844,933.46,146.09,1079.55,2,1.85,1
torchinferno,multi_turn,845,453.96,143.06,597.02,2,3.35,1
torchinferno,multi_turn,846,900.04,0.00,975.75,1,1.02,1
torchinferno,multi_turn,847,803.85,57.96,861.81,2,2.32,1
torchinferno,multi_turn,848,713.87,85.74,885.36,3,3.39,0
torchinferno,multi_turn,849,731.97,42.13,774.10,2,2.58,1
torchinferno,multi_turn,850,799.05,0.00,814.13,1,1.23,1
torchinferno,multi_turn,851,712.87,37.23,750.10,2,2.67,0
torchinferno,multi_turn,852,922.94,47.70,970.64,2,2.06,1
torchinferno,multi_turn,853,547.81,47.16,594.97,2,3.36,1
torchinferno,multi_turn,854,995.81,95.95,1091.76,2,1.83,1
torchinferno,multi_turn,855,788.92,0.00,845.47,1,1.18,1
torchinferno,multi_turn,856,678.20,0.00,723.70,1,1.38,1
torchinferno,multi_turn,857,704.92,0.00,789.91,1,1.27,1
torchinferno,multi_turn,858,510.75,0.00,625.80,1,1.60,1
torchinferno,multi_turn,859,841.44,0.00,858.63,1,1.16,1
torchinferno,multi_turn,860,416.19,114.28,530.47,2,3.77,1
torchinferno,multi_turn,861,485.73,80.73,566.46,2,3.53,1
torchinferno,multi_turn,862,953.28,0.00,1108.06,1,0.90,1
torchinferno,multi_turn,863,725.11,66.47,791.58,2,2.53,1
torchinferno,multi_turn,864,635.42,90.46,725.88,2,2.76,1
torchinferno,multi_turn,865,666.69,0.00,766.41,1,1.30,1
torchinferno,multi_turn,866,491.02,102.61,593.63,2,3.37,1
torchinferno,multi_turn,867,848.46,71.89,920.35,2,2.17,1
torchinferno,multi_turn,868,376.34,28.87,405.21,2,4.94,1
torchinferno,multi_turn,869,555.11,158.18,713.29,2,2.80,1
torchinferno,multi_turn,870,887.61,144.02,1031.63,2,1.94,1
torchinferno,multi_turn,871,792.41,2.46,794.87,2,2.52,1
torchinferno,multi_turn,872,673.89,0.00,735.18,1,1.36,1
torchinferno,multi_turn,873,702.51,0.00,739.46,1,1.35,1
torchinferno,multi_turn,874,560.38,0.00,594.86,1,1.68,1
torchinferno,multi_turn,875,390.78,0.00,455.08,1,2.20,1
torchinferno,multi_turn,876,892.53,0.00,949.44,1,1.05,1
torchinferno,multi_turn,877,544.66,0.00,550.06,1,1.82,1
torchinferno,multi_turn,878,1018.27,153.00,1171.27,2,1.71,1
torchinferno,multi_turn,879,737.74,61.49,799.24,2,2.50,1
torchinferno,multi_turn,880,1204.10,102.17,1306.27,2,1.53,1
torchinferno,multi_turn,881,654.08,0.00,683.87,1,1.46,1
torchinferno,multi_turn,882,561.48,49.19,610.67,2,3.28,1
torchinferno,multi_turn,883,381.94,0.00,499.17,1,2.00,1
torchinferno,multi_turn,884,863.35,68.99,932.34,2,2.15,1
torchinferno,multi_turn,885,509.76,0.00,640.77,1,1.56,1
torchinferno,multi_turn,886,903.99,0.00,992.72,1,1.01,1
torchinferno,multi_turn,887,787.23,0.00,854.68,1,1.17,1
torchinferno,multi_turn,888,631.13,58.55,689.68,2,2.90,1
torchinferno,multi_turn,889,695.90,76.21,772.11,2,2.59,1
torchinferno,multi_turn,890,527.46,0.00,545.76,1,1.83,1
torchinferno,multi_turn,891,411.21,44.85,456.07,2,4.39,1
torchinferno,multi_turn,892,916.67,0.00,969.21,1,1.03,1
torchinferno,multi_turn,893,533.88,0.00,607.57,1,1.65,1
torchinferno,multi_turn,894,964.66,0.00,1101.55,1,0.91,1
torchinferno,multi_turn,895,746.76,0.00,815.25,1,1.23,1
torchinferno,multi_turn,896,679.35,0.00,698.85,1,1.43,1
torchinferno,multi_turn,897,747.00,68.47,815.47,2,2.45,1
torchinferno,multi_turn,898,524.41,77.21,601.62,2,3.32,1
torchinferno,multi_turn,899,866.73,0.00,877.44,1,1.14,1
torchinferno,multi_turn,900,572.88,0.00,615.13,1,1.63,1
torchinferno,multi_turn,901,610.99,5.24,616.23,2,3.25,1
torchinferno,multi_turn,902,1038.33,0.00,1061.08,1,0.94,1
torchinferno,multi_turn,903,927.42,0.00,938.62,1,1.07,1
torchinferno,multi_turn,904,1203.13,80.95,1284.08,2,1.56,1
torchinferno,multi_turn,905,659.11,0.00,700.54,1,1.43,1
torchinferno,multi_turn,906,569.42,0.00,690.66,1,1.45,1
torchinferno,multi_turn,907,824.02,0.00,896.27,1,1.12,1
torchinferno,multi_turn,908,508.82,73.58,582.40,2,3.43,1
torchinferno,multi_turn,909,513.65,0.00,567.17,1,1.76,1
torchinferno,multi_turn,910,1055.12,31.03,1086.15,2,1.84,1
torchinferno,multi_turn,911,919.15,22.87,942.02,2,2.12,1
torchinferno,multi_turn,912,623.10,0.00,698.31,1,1.43,1
torchinferno,multi_turn,913,680.51,51.93,732.43,2,2.73,1
torchinferno,multi_turn,914,540.68,77.52,695.71,3,4.31,1
torchinferno,multi_turn,915,801.23,0.00,844.24,1,1.18,1
torchinferno,multi_turn,916,536.90,82.73,702.36,3,4.27,1
torchinferno,multi_turn,917,472.49,0.00,477.46,1,2.09,1
torchinferno,multi_turn,918,1052.93,71.59,1196.12,3,2.51,1
torchinferno,multi_turn,919,807.85,22.06,829.91,2,2.41,1
torchinferno,multi_turn,920,676.05,0.00,714.39,1,1.40,1
torchinferno,multi_turn,921,551.49,0.00,600.97,1,1.66,1
torchinferno,multi_turn,922,375.12,91.98,467.10,2,4.28,1
torchinferno,multi_turn,923,874.87,0.00,912.49,1,1.10,1
torchinferno,multi_turn,924,550.35,0.00,589.13,1,1.70,1
torchinferno,multi_turn,925,1005.61,0.00,1120.34,1,0.89,1
torchinferno,multi_turn,926,757.48,0.00,790.24,1,1.27,1
torchinferno,multi_turn,927,458.66,0.00,471.41,1,2.12,1
torchinferno,multi_turn,928,826.16,0.00,843.29,1,1.19,1
torchinferno,multi_turn,929,823.75,42.75,866.50,2,2.31,0
torchinferno,multi_turn,930,688.73,0.00,721.48,1,1.39,1
torchinferno,multi_turn,931,923.73,0.00,1026.20,1,0.97,1
torchinferno,multi_turn,932,537.99,0.00,538.27,1,1.86,1
torchinferno,multi_turn,933,1113.18,0.00,1123.36,1,0.89,1
torchinferno,multi_turn,934,755.80,0.00,784.55,1,1.27,1
torchinferno,multi_turn,935,456.01,0.00,469.28,1,2.13,1
torchinferno,multi_turn,936,802.88,0.00,817.62,1,1.22,1
torchinferno,multi_turn,937,825.55,0.00,838.75,1,1.19,1
torchinferno,multi_turn,938,714.08,0.00,728.54,1,1.37,1
torchinferno,multi_turn,939,943.97,106.17,1050.14,2,1.90,1
torchinferno,multi_turn,940,498.26,66.13,564.39,2,3.54,1
torchinferno,multi_turn,941,968.86,32.11,1000.97,2,2.00,1
torchinferno,multi_turn,942,853.61,0.00,871.52,1,1.15,1
torchinferno,multi_turn,943,464.32,0.00,476.67,1,2.10,1
torchinferno,multi_turn,944,690.99,0.00,759.66,1,1.32,1
torchinferno,multi_turn,945,517.29,30.54,547.83,2,3.65,1
torchinferno,multi_turn,946,400.72,0.00,507.84,1,1.97,1
torchinferno,multi_turn,947,852.15,0.00,901.13,1,1.11,1
torchinferno,multi_turn,948,555.05,0.00,584.33,1,1.71,1
torchinferno,multi_turn,949,999.48,0.00,1091.41,1,0.92,1
torchinferno,multi_turn,950,792.30,0.00,835.28,1,1.20,1
torchinferno,multi_turn,951,442.22,0.00,454.26,1,2.20,1
torchinferno,multi_turn,952,841.41,0.00,860.95,1,1.16,1
torchinferno,multi_turn,953,818.45,0.00,861.71,1,1.16,1
torchinferno,multi_turn,954,692.01,88.52,780.53,2,2.56,1
torchinferno,multi_turn,955,864.54,138.54,1003.07,2,1.99,1
torchinferno,multi_turn,956,465.79,119.22,585.01,2,3.42,1
torchinferno,multi_turn,957,1041.74,0.72,1042.46,2,1.92,1
torchinferno,multi_turn,958,745.08,0.00,814.66,1,1.23,1
torchinferno,multi_turn,959,420.09,24.04,444.13,2,4.50,1
torchinferno,multi_turn,960,665.34,0.00,745.87,1,1.34,1
torchinferno,multi_turn,961,514.81,0.00,652.27,1,1.53,1
torchinferno,multi_turn,962,823.99,40.80,864.80,2,2.31,1
torchinferno,multi_turn,963,543.32,0.00,593.75,1,1.68,1
torchinferno,multi_turn,964,545.30,0.00,568.91,1,1.76,1
torchinferno,multi_turn,965,868.72,103.43,972.15,2,2.06,1
torchinferno,multi_turn,966,764.13,0.00,782.43,1,1.28,1
torchinferno,multi_turn,967,475.44,23.92,499.37,2,4.01,1
torchinferno,multi_turn,968,830.54,0.00,856.26,1,1.17,1
torchinferno,multi_turn,969,813.23,0.00,826.05,1,1.21,1
torchinferno,multi_turn,970,717.11,62.05,779.17,2,2.57,1
torchinferno,multi_turn,971,905.42,65.07,970.49,2,2.06,1
torchinferno,multi_turn,972,526.17,0.00,554.86,1,1.80,1
torchinferno,multi_turn,973,1005.19,67.97,1073.16,2,1.86,1
torchinferno,multi_turn,974,815.05,38.79,853.84,2,2.34,1
torchinferno,multi_turn,975,450.54,23.84,474.38,2,4.22,1
torchinferno,multi_turn,976,687.34,25.36,712.70,2,2.81,1
torchinferno,multi_turn,977,566.28,0.00,581.60,1,1.72,1
torchinferno,multi_turn,978,423.25,55.97,479.21,2,4.17,1
torchinferno,multi_turn,979,895.41,33.51,928.92,2,2.15,1
torchinferno,multi_turn,980,568.29,0.00,585.04,1,1.71,1
torchinferno,multi_turn,981,1017.73,0.00,1140.03,1,0.88,1
torchinferno,multi_turn,982,752.34,0.00,811.70,1,1.23,1
torchinferno,multi_turn,983,436.87,22.71,459.57,2,4.35,0
torchinferno,multi_turn,984,836.75,28.63,865.39,2,2.31,1
torchinferno,multi_turn,985,812.11,0.00,830.25,1,1.20,1
torchinferno,multi_turn,986,708.30,51.67,759.97,2,2.63,1
torchinferno,multi_turn,987,919.34,69.80,1058.94,3,2.83,0
torchinferno,multi_turn,988,449.88,82.86,532.75,2,3.75,1
torchinferno,multi_turn,989,957.25,0.00,1064.73,1,0.94,1
torchinferno,multi_turn,990,765.98,0.00,823.25,1,1.21,1
torchinferno,multi_turn,991,433.33,23.19,456.52,2,4.38,1
torchinferno,multi_turn,992,779.85,0.00,809.81,1,1.23,1
torchinferno,multi_turn,993,809.21,0.00,834.36,1,1.20,1
torchinferno,multi_turn,994,707.41,0.00,779.81,1,1.28,1
torchinferno,multi_turn,995,883.66,154.94,1038.60,2,1.93,1
torchinferno,multi_turn,996,577.64,43.31,620.95,2,3.22,1
torchinferno,multi_turn,997,860.16,47.17,907.32,2,2.20,1
torchinferno,multi_turn,998,831.01,0.00,850.34,1,1.18,1
torchinferno,multi_turn,999,466.87,26.00,492.87,2,4.06,1
torchinferno,tree_of_thought,0,701.73,347.49,1049.22,2,1.91,1
torchinferno,tree_of_thought,1,1009.13,37.51,1046.64,2,1.91,1
torchinferno,tree_of_thought,2,1012.67,0.00,1053.59,1,0.95,1
torchinferno,tree_of_thought,3,1006.46,0.00,1045.26,1,0.96,1
torchinferno,tree_of_thought,4,278.06,0.00,335.72,1,2.98,1
torchinferno,tree_of_thought,5,239.96,0.00,360.68,1,2.77,1
torchinferno,tree_of_thought,6,240.85,175.16,416.01,2,4.81,1
torchinferno,tree_of_thought,7,225.94,160.66,386.60,2,5.17,1
torchinferno,tree_of_thought,8,147.37,0.00,158.59,1,6.31,1
torchinferno,tree_of_thought,9,186.33,0.00,207.26,1,4.82,1
torchinferno,tree_of_thought,10,165.14,26.28,191.42,2,10.45,1
torchinferno,tree_of_thought,11,126.76,33.48,160.24,2,12.48,1
torchinferno,tree_of_thought,12,171.65,0.00,225.89,1,4.43,1
torchinferno,tree_of_thought,13,166.19,0.00,175.28,1,5.71,1
torchinferno,tree_of_thought,14,129.66,78.54,208.19,2,9.61,1
torchinferno,tree_of_thought,15,146.33,83.22,229.55,2,8.71,1
torchinferno,tree_of_thought,16,816.60,0.00,832.14,1,1.20,1
torchinferno,tree_of_thought,17,332.61,0.00,379.32,1,2.64,1
torchinferno,tree_of_thought,18,268.99,59.90,328.89,2,6.08,1
torchinferno,tree_of_thought,19,374.25,0.00,444.23,1,2.25,1
torchinferno,tree_of_thought,20,308.29,0.00,380.39,1,2.63,1
torchinferno,tree_of_thought,21,314.19,0.00,365.84,1,2.73,1
torchinferno,tree_of_thought,22,285.66,55.63,341.29,2,5.86,1
torchinferno,tree_of_thought,23,294.25,0.00,314.37,1,3.18,1
torchinferno,tree_of_thought,24,336.70,0.00,414.29,1,2.41,1
torchinferno,tree_of_thought,25,458.84,0.00,475.88,1,2.10,1
torchinferno,tree_of_thought,26,335.93,0.00,384.37,1,2.60,1
torchinferno,tree_of_thought,27,316.65,0.00,316.94,1,3.16,1
torchinferno,tree_of_thought,28,305.92,67.62,373.54,2,5.35,1
torchinferno,tree_of_thought,29,274.04,0.00,342.30,1,2.92,1
torchinferno,tree_of_thought,30,105.61,0.00,115.09,1,8.69,1
torchinferno,tree_of_thought,31,737.43,0.00,1053.95,1,0.95,1
torchinferno,tree_of_thought,32,738.07,0.00,1064.79,1,0.94,1
torchinferno,tree_of_thought,33,740.86,339.63,1080.49,2,1.85,1
torchinferno,tree_of_thought,34,747.29,366.90,1114.19,2,1.80,1
torchinferno,tree_of_thought,35,275.18,0.00,322.29,1,3.10,1
torchinferno,tree_of_thought,36,247.53,0.00,303.93,1,3.29,1
torchinferno,tree_of_thought,37,254.14,0.00,357.13,1,2.80,1
torchinferno,tree_of_thought,38,256.82,0.00,385.77,1,2.59,1
torchinferno,tree_of_thought,39,115.83,0.00,131.72,1,7.59,1
torchinferno,tree_of_thought,40,173.08,0.00,200.80,1,4.98,1
torchinferno,tree_of_thought,41,176.47,3.60,180.07,2,11.11,1
torchinferno,tree_of_thought,42,134.62,41.98,176.60,2,11.32,1
torchinferno,tree_of_thought,43,167.38,0.00,224.57,1,4.45,1
torchinferno,tree_of_thought,44,144.13,0.00,217.06,1,4.61,1
torchinferno,tree_of_thought,45,157.51,0.00,177.87,1,5.62,1
torchinferno,tree_of_thought,46,198.78,0.00,203.07,1,4.92,1
torchinferno,tree_of_thought,47,807.05,25.34,832.39,2,2.40,1
torchinferno,tree_of_thought,48,320.55,0.00,377.01,1,2.65,1
torchinferno,tree_of_thought,49,351.60,0.00,419.82,1,2.38,1
torchinferno,tree_of_thought,50,292.19,63.41,355.60,2,5.62,1
torchinferno,tree_of_thought,51,328.07,0.78,328.85,2,6.08,1
torchinferno,tree_of_thought,52,358.48,0.00,422.12,1,2.37,1
torchinferno,tree_of_thought,53,268.05,79.72,347.77,2,5.75,1
torchinferno,tree_of_thought,54,339.01,71.77,410.77,2,4.87,1
torchinferno,tree_of_thought,55,299.43,87.12,386.55,2,5.17,1
torchinferno,tree_of_thought,56,457.72,26.05,483.77,2,4.13,1
torchinferno,tree_of_thought,57,315.36,62.05,377.41,2,5.30,1
torchinferno,tree_of_thought,58,290.93,21.29,312.22,2,6.41,1
torchinferno,tree_of_thought,59,318.28,14.90,333.17,2,6.00,1
torchinferno,tree_of_thought,60,277.09,85.82,362.92,2,5.51,1
torchinferno,tree_of_thought,61,97.28,0.00,110.49,1,9.05,1
torchinferno,tree_of_thought,62,745.74,341.10,1086.84,2,1.84,1
torchinferno,tree_of_thought,63,740.49,0.00,1081.32,1,0.92,1
torchinferno,tree_of_thought,64,764.35,0.00,1107.64,1,0.90,1
torchinferno,tree_of_thought,65,765.61,0.00,1100.39,1,0.91,1
torchinferno,tree_of_thought,66,226.57,0.00,275.38,1,3.63,1
torchinferno,tree_of_thought,67,249.32,0.00,307.76,1,3.25,1
torchinferno,tree_of_thought,68,284.72,165.60,450.32,2,4.44,1
torchinferno,tree_of_thought,69,309.19,173.79,482.98,2,4.14,1
torchinferno,tree_of_thought,70,189.21,0.00,207.38,1,4.82,1
torchinferno,tree_of_thought,71,154.74,0.00,169.80,1,5.89,1
torchinferno,tree_of_thought,72,130.46,20.89,151.35,2,13.21,1
torchinferno,tree_of_thought,73,191.00,0.00,212.94,1,4.70,1
torchinferno,tree_of_thought,74,154.36,0.00,179.61,1,5.57,1
torchinferno,tree_of_thought,75,185.32,0.00,250.49,1,3.99,1
torchinferno,tree_of_thought,76,164.85,0.00,193.57,1,5.17,1
torchinferno,tree_of_thought,77,161.63,81.12,242.75,2,8.24,1
torchinferno,tree_of_thought,78,807.59,23.18,830.77,2,2.41,1
torchinferno,tree_of_thought,79,319.91,0.00,380.50,1,2.63,1
torchinferno,tree_of_thought,80,283.05,0.00,358.22,1,2.79,1
torchinferno,tree_of_thought,81,344.01,87.72,431.72,2,4.63,1
torchinferno,tree_of_thought,82,297.51,37.28,334.79,2,5.97,1
torchinferno,tree_of_thought,83,303.92,0.00,347.37,1,2.88,1
torchinferno,tree_of_thought,84,335.63,53.98,389.61,2,5.13,1
torchinferno,tree_of_thought,85,267.97,0.00,327.05,1,3.06,1
torchinferno,tree_of_thought,86,279.96,42.00,321.96,2,6.21,1
torchinferno,tree_of_thought,87,446.31,21.61,467.91,2,4.27,1
torchinferno,tree_of_thought,88,299.08,0.00,338.86,1,2.95,1
torchinferno,tree_of_thought,89,312.93,0.00,378.07,1,2.65,1
torchinferno,tree_of_thought,90,286.91,0.00,309.25,1,3.23,1
torchinferno,tree_of_thought,91,303.52,36.72,340.24,2,5.88,1
torchinferno,tree_of_thought,92,99.57,0.00,117.34,1,8.52,1
torchinferno,tree_of_thought,93,1005.20,0.00,1011.97,1,0.99,1
torchinferno,tree_of_thought,94,1000.57,0.00,1022.51,1,0.98,1
torchinferno,tree_of_thought,95,1021.32,10.37,1031.69,2,1.94,1
torchinferno,tree_of_thought,96,1033.81,0.00,1042.93,1,0.96,1
torchinferno,tree_of_thought,97,314.47,0.00,371.24,1,2.69,1
torchinferno,tree_of_thought,98,299.30,172.31,471.62,2,4.24,1
torchinferno,tree_of_thought,99,315.91,170.12,486.03,2,4.11,1
torchinferno,tree_of_thought,100,315.23,171.24,486.46,2,4.11,1
torchinferno,tree_of_thought,101,118.85,0.00,130.78,1,7.65,1
torchinferno,tree_of_thought,102,139.41,0.00,157.69,1,6.34,1
torchinferno,tree_of_thought,103,151.98,41.37,193.35,2,10.34,1
torchinferno,tree_of_thought,104,180.40,40.74,221.14,2,9.04,1
torchinferno,tree_of_thought,105,192.62,48.35,240.98,2,8.30,1
torchinferno,tree_of_thought,106,151.40,77.34,228.75,2,8.74,1
torchinferno,tree_of_thought,107,158.40,0.00,192.37,1,5.20,1
torchinferno,tree_of_thought,108,136.52,76.82,213.34,2,9.37,1
torchinferno,tree_of_thought,109,799.90,0.00,814.53,1,1.23,1
torchinferno,tree_of_thought,110,88.79,0.00,98.20,1,10.18,1
torchinferno,tree_of_thought,111,298.93,0.00,352.59,1,2.84,1
torchinferno,tree_of_thought,112,337.02,0.00,393.28,1,2.54,1
torchinferno,tree_of_thought,113,363.07,70.97,434.04,2,4.61,1
torchinferno,tree_of_thought,114,281.68,0.00,328.14,1,3.05,1
torchinferno,tree_of_thought,115,343.61,67.42,411.03,2,4.87,1
torchinferno,tree_of_thought,116,309.16,0.00,327.80,1,3.05,1
torchinferno,tree_of_thought,117,313.62,84.10,397.72,2,5.03,1
torchinferno,tree_of_thought,118,454.77,0.00,466.31,1,2.14,1
torchinferno,tree_of_thought,119,336.71,0.00,390.30,1,2.56,1
torchinferno,tree_of_thought,120,356.41,52.74,409.15,2,4.89,1
torchinferno,tree_of_thought,121,275.40,71.02,346.42,2,5.77,1
torchinferno,tree_of_thought,122,310.73,84.62,395.35,2,5.06,1
torchinferno,tree_of_thought,123,86.42,0.00,101.82,1,9.82,1
torchinferno,tree_of_thought,124,733.72,0.00,1061.03,1,0.94,1
torchinferno,tree_of_thought,125,712.55,341.14,1053.69,2,1.90,1
torchinferno,tree_of_thought,126,720.37,350.09,1070.46,2,1.87,1
torchinferno,tree_of_thought,127,1043.76,19.48,1063.24,2,1.88,1
torchinferno,tree_of_thought,128,265.98,0.00,303.77,1,3.29,1
torchinferno,tree_of_thought,129,228.99,0.00,279.78,1,3.57,1
torchinferno,tree_of_thought,130,284.73,179.82,464.55,2,4.31,1
torchinferno,tree_of_thought,131,258.44,252.09,510.53,2,3.92,1
torchinferno,tree_of_thought,132,298.94,0.00,343.42,1,2.91,1
torchinferno,tree_of_thought,133,293.57,62.34,355.91,2,5.62,0
torchinferno,tree_of_thought,134,281.48,75.32,356.80,2,5.61,1
torchinferno,tree_of_thought,135,285.14,87.89,373.03,2,5.36,1
torchinferno,tree_of_thought,136,392.64,0.00,510.20,1,1.96,1
torchinferno,tree_of_thought,137,379.29,0.00,493.33,1,2.03,1
torchinferno,tree_of_thought,138,385.42,0.00,500.94,1,2.00,1
torchinferno,tree_of_thought,139,372.80,126.82,499.62,2,4.00,1
torchinferno,tree_of_thought,140,264.39,24.89,289.28,2,6.91,1
torchinferno,tree_of_thought,141,347.72,0.00,400.84,1,2.49,1
torchinferno,tree_of_thought,142,326.00,0.00,370.63,1,2.70,1
torchinferno,tree_of_thought,143,287.16,0.00,345.62,1,2.89,1
torchinferno,tree_of_thought,144,299.79,0.00,322.41,1,3.10,1
torchinferno,tree_of_thought,145,286.90,0.00,326.32,1,3.06,1
torchinferno,tree_of_thought,146,309.89,0.00,326.38,1,3.06,1
torchinferno,tree_of_thought,147,348.04,80.83,428.87,2,4.66,1
torchinferno,tree_of_thought,148,324.30,71.76,396.06,2,5.05,1
torchinferno,tree_of_thought,149,450.05,24.40,474.45,2,4.22,1
torchinferno,tree_of_thought,150,312.58,0.00,358.01,1,2.79,1
torchinferno,tree_of_thought,151,276.66,0.00,339.82,1,2.94,1
torchinferno,tree_of_thought,152,299.09,0.00,308.96,1,3.24,1
torchinferno,tree_of_thought,153,304.84,30.13,334.97,2,5.97,1
torchinferno,tree_of_thought,154,102.51,0.00,122.40,1,8.17,1
torchinferno,tree_of_thought,155,731.64,0.00,1062.93,1,0.94,1
torchinferno,tree_of_thought,156,741.18,0.00,1071.25,1,0.93,1
torchinferno,tree_of_thought,157,1068.47,63.52,1195.50,3,2.51,1
torchinferno,tree_of_thought,158,745.02,150.12,1345.50,5,3.72,1
torchinferno,tree_of_thought,159,448.14,0.00,464.22,1,2.15,1
torchinferno,tree_of_thought,160,460.24,0.00,481.56,1,2.08,1
torchinferno,tree_of_thought,161,445.03,44.38,489.41,2,4.09,1
torchinferno,tree_of_thought,162,449.56,80.53,610.62,3,4.91,0
torchinferno,tree_of_thought,163,468.96,0.00,480.30,1,2.08,1
torchinferno,tree_of_thought,164,470.02,81.44,551.46,2,3.63,1
torchinferno,tree_of_thought,165,468.23,80.29,548.52,2,3.65,1
torchinferno,tree_of_thought,166,466.40,81.87,548.28,2,3.65,1
torchinferno,tree_of_thought,167,297.10,0.00,309.06,1,3.24,1
torchinferno,tree_of_thought,168,299.06,0.00,310.98,1,3.22,1
torchinferno,tree_of_thought,169,296.24,22.14,318.38,2,6.28,1
torchinferno,tree_of_thought,170,300.14,23.65,323.78,2,6.18,0
torchinferno,tree_of_thought,171,97.45,27.00,124.45,2,16.07,1
torchinferno,tree_of_thought,172,366.90,53.35,420.25,2,4.76,1
torchinferno,tree_of_thought,173,321.99,71.39,393.38,2,5.08,1
torchinferno,tree_of_thought,174,300.09,0.00,360.84,1,2.77,1
torchinferno,tree_of_thought,175,303.32,40.48,343.81,2,5.82,1
torchinferno,tree_of_thought,176,320.44,0.00,363.93,1,2.75,1
torchinferno,tree_of_thought,177,282.11,75.54,357.64,2,5.59,1
torchinferno,tree_of_thought,178,315.98,0.00,333.92,1,2.99,1
torchinferno,tree_of_thought,179,289.06,24.62,313.68,2,6.38,1
torchinferno,tree_of_thought,180,448.15,0.00,466.28,1,2.14,1
torchinferno,tree_of_thought,181,326.48,0.00,371.54,1,2.69,1
torchinferno,tree_of_thought,182,340.00,0.00,409.75,1,2.44,1
torchinferno,tree_of_thought,183,288.65,0.00,365.63,1,2.73,1
torchinferno,tree_of_thought,184,317.91,0.00,337.02,1,2.97,1
torchinferno,tree_of_thought,185,100.21,0.00,120.56,1,8.29,1
torchinferno,tree_of_thought,186,782.79,0.00,1106.96,1,0.90,1
torchinferno,tree_of_thought,187,783.17,0.00,1106.17,1,0.90,1
torchinferno,tree_of_thought,188,810.58,339.15,1149.73,2,1.74,1
torchinferno,tree_of_thought,189,774.93,0.00,1124.45,1,0.89,1
torchinferno,tree_of_thought,190,283.27,0.00,339.04,1,2.95,1
torchinferno,tree_of_thought,191,224.14,0.00,282.93,1,3.53,1
torchinferno,tree_of_thought,192,253.23,163.76,416.99,2,4.80,1
torchinferno,tree_of_thought,193,258.92,246.71,505.63,2,3.96,1
torchinferno,tree_of_thought,194,271.56,0.00,324.21,1,3.08,1
torchinferno,tree_of_thought,195,308.38,48.47,356.85,2,5.60,1
torchinferno,tree_of_thought,196,284.00,0.00,358.45,1,2.79,1
torchinferno,tree_of_thought,197,305.38,74.00,379.37,2,5.27,1
torchinferno,tree_of_thought,198,396.12,0.00,509.16,1,1.96,1
torchinferno,tree_of_thought,199,405.74,0.00,520.48,1,1.92,1
torchinferno,tree_of_thought,200,418.13,123.69,541.82,2,3.69,1
torchinferno,tree_of_thought,201,384.67,122.64,507.31,2,3.94,1
torchinferno,tree_of_thought,202,259.21,29.73,288.95,2,6.92,1
torchinferno,tree_of_thought,203,319.72,52.89,372.62,2,5.37,1
torchinferno,tree_of_thought,204,295.33,0.00,312.09,1,3.20,1
torchinferno,tree_of_thought,205,271.91,71.27,343.18,2,5.83,1
torchinferno,tree_of_thought,206,353.52,0.00,423.15,1,2.36,1
torchinferno,tree_of_thought,207,327.56,0.00,378.47,1,2.64,1
torchinferno,tree_of_thought,208,289.45,0.00,370.09,1,2.70,1
torchinferno,tree_of_thought,209,262.64,78.08,340.72,2,5.87,1
torchinferno,tree_of_thought,210,349.11,84.47,433.58,2,4.61,1
torchinferno,tree_of_thought,211,446.20,0.00,463.34,1,2.16,1
torchinferno,tree_of_thought,212,277.92,0.00,325.71,1,3.07,1
torchinferno,tree_of_thought,213,306.41,67.32,373.73,2,5.35,1
torchinferno,tree_of_thought,214,317.36,0.00,326.61,1,3.06,1
torchinferno,tree_of_thought,215,334.05,78.17,412.22,2,4.85,0
torchinferno,tree_of_thought,216,98.92,0.00,122.11,1,8.19,1
torchinferno,tree_of_thought,217,714.48,0.00,1028.97,1,0.97,1
torchinferno,tree_of_thought,218,717.34,334.38,1051.72,2,1.90,1
torchinferno,tree_of_thought,219,1041.22,0.00,1048.47,1,0.95,1
torchinferno,tree_of_thought,220,1017.60,39.34,1056.94,2,1.89,1
torchinferno,tree_of_thought,221,293.31,0.00,349.44,1,2.86,1
torchinferno,tree_of_thought,222,256.79,168.41,425.21,2,4.70,1
torchinferno,tree_of_thought,223,235.41,163.40,398.82,2,5.01,1
torchinferno,tree_of_thought,224,256.17,0.00,381.24,1,2.62,1
torchinferno,tree_of_thought,225,108.83,0.00,128.48,1,7.78,1
torchinferno,tree_of_thought,226,129.29,33.85,163.14,2,12.26,1
torchinferno,tree_of_thought,227,171.19,37.68,208.87,2,9.58,0
torchinferno,tree_of_thought,228,156.59,0.00,187.29,1,5.34,1
torchinferno,tree_of_thought,229,191.18,0.00,242.39,1,4.13,1
torchinferno,tree_of_thought,230,157.69,49.02,206.70,2,9.68,1
torchinferno,tree_of_thought,231,174.20,62.36,236.56,2,8.45,1
torchinferno,tree_of_thought,232,172.88,0.00,203.25,1,4.92,1
torchinferno,tree_of_thought,233,813.05,0.00,821.92,1,1.22,1
torchinferno,tree_of_thought,234,84.87,0.00,95.21,1,10.50,1
torchinferno,tree_of_thought,235,94.35,0.00,106.09,1,9.43,1
torchinferno,tree_of_thought,236,90.77,137.10,227.87,2,8.78,1
torchinferno,tree_of_thought,237,360.57,0.00,402.12,1,2.49,1
torchinferno,tree_of_thought,238,71.41,0.00,82.82,1,12.07,1
torchinferno,tree_of_thought,239,86.21,0.00,102.95,1,9.71,1
torchinferno,tree_of_thought,240,85.06,134.36,219.42,2,9.11,1
torchinferno,tree_of_thought,241,369.47,0.00,417.20,1,2.40,1
torchinferno,tree_of_thought,242,292.05,0.00,303.42,1,3.30,1
torchinferno,tree_of_thought,243,517.07,0.00,570.04,1,1.75,1
torchinferno,tree_of_thought,244,531.15,0.00,583.21,1,1.71,1
torchinferno,tree_of_thought,245,523.68,0.00,584.65,1,1.71,1
torchinferno,tree_of_thought,246,521.61,89.53,611.14,2,3.27,1
torchinferno,tree_of_thought,247,94.53,25.67,120.20,2,16.64,1
torchinferno,tree_of_thought,248,77.74,238.98,316.72,2,6.31,1
torchinferno,tree_of_thought,249,805.25,0.00,1138.88,1,0.88,1
torchinferno,tree_of_thought,250,803.22,0.00,1126.50,1,0.89,1
torchinferno,tree_of_thought,251,818.47,340.23,1158.70,2,1.73,1
torchinferno,tree_of_thought,252,295.52,0.00,330.91,1,3.02,1
torchinferno,tree_of_thought,253,315.12,0.00,359.28,1,2.78,1
torchinferno,tree_of_thought,254,235.45,162.96,398.40,2,5.02,1
torchinferno,tree_of_thought,255,266.18,171.70,437.88,2,4.57,1
torchinferno,tree_of_thought,256,162.33,0.00,182.13,1,5.49,1
torchinferno,tree_of_thought,257,189.48,17.84,207.32,2,9.65,1
torchinferno,tree_of_thought,258,120.21,0.00,153.74,1,6.50,1
torchinferno,tree_of_thought,259,137.73,38.67,176.40,2,11.34,1
torchinferno,tree_of_thought,260,125.46,0.00,175.63,1,5.69,1
torchinferno,tree_of_thought,261,171.51,0.00,224.22,1,4.46,1
torchinferno,tree_of_thought,262,166.51,0.00,208.99,1,4.78,1
torchinferno,tree_of_thought,263,160.90,31.14,192.04,2,10.41,1
torchinferno,tree_of_thought,264,799.27,0.00,820.59,1,1.22,1
torchinferno,tree_of_thought,265,372.85,0.00,424.38,1,2.36,1
torchinferno,tree_of_thought,266,336.56,61.61,398.17,2,5.02,1
torchinferno,tree_of_thought,267,297.20,82.92,380.12,2,5.26,1
torchinferno,tree_of_thought,268,302.84,49.09,351.93,2,5.68,0
torchinferno,tree_of_thought,269,271.05,0.00,323.44,1,3.09,1
torchinferno,tree_of_thought,270,297.15,0.00,359.94,1,2.78,1
torchinferno,tree_of_thought,271,289.77,26.78,316.55,2,6.32,1
torchinferno,tree_of_thought,272,339.67,33.49,406.64,3,7.38,0
torchinferno,tree_of_thought,273,452.35,0.00,472.91,1,2.11,1
torchinferno,tree_of_thought,274,335.48,0.00,372.93,1,2.68,1
torchinferno,tree_of_thought,275,310.19,0.00,357.36,1,2.80,1
torchinferno,tree_of_thought,276,293.88,0.00,325.83,1,3.07,1
torchinferno,tree_of_thought,277,269.18,90.53,359.70,2,5.56,1
torchinferno,tree_of_thought,278,89.85,25.37,115.22,2,17.36,1
torchinferno,tree_of_thought,279,783.16,0.00,1107.60,1,0.90,1
torchinferno,tree_of_thought,280,824.48,330.70,1155.17,2,1.73,1
torchinferno,tree_of_thought,281,798.47,354.18,1152.65,2,1.74,1
torchinferno,tree_of_thought,282,792.39,346.28,1138.67,2,1.76,1
torchinferno,tree_of_thought,283,304.77,0.00,338.55,1,2.95,1
torchinferno,tree_of_thought,284,265.13,167.24,432.37,2,4.63,1
torchinferno,tree_of_thought,285,250.34,0.00,379.28,1,2.64,1
torchinferno,tree_of_thought,286,246.03,171.98,418.01,2,4.78,1
torchinferno,tree_of_thought,287,185.18,0.00,194.56,1,5.14,1
torchinferno,tree_of_thought,288,126.72,0.00,164.79,1,6.07,1
torchinferno,tree_of_thought,289,112.46,36.70,149.16,2,13.41,1
torchinferno,tree_of_thought,290,149.56,45.23,194.79,2,10.27,1
torchinferno,tree_of_thought,291,141.25,0.00,197.25,1,5.07,1
torchinferno,tree_of_thought,292,153.42,0.00,166.63,1,6.00,1
torchinferno,tree_of_thought,293,160.83,76.99,237.82,2,8.41,1
torchinferno,tree_of_thought,294,188.95,9.48,198.43,2,10.08,1
torchinferno,tree_of_thought,295,812.14,27.97,840.12,2,2.38,1
torchinferno,tree_of_thought,296,344.98,0.00,390.49,1,2.56,1
torchinferno,tree_of_thought,297,276.72,0.00,329.35,1,3.04,1
torchinferno,tree_of_thought,298,313.44,0.00,390.49,1,2.56,1
torchinferno,tree_of_thought,299,291.57,37.36,328.93,2,6.08,1
torchinferno,tree_of_thought,300,304.43,0.00,347.21,1,2.88,1
torchinferno,tree_of_thought,301,334.70,62.75,397.44,2,5.03,1
torchinferno,tree_of_thought,302,276.62,84.19,360.82,2,5.54,1
torchinferno,tree_of_thought,303,290.19,47.74,337.93,2,5.92,1
torchinferno,tree_of_thought,304,443.91,79.35,602.61,3,4.98,1
torchinferno,tree_of_thought,305,188.08,0.00,233.78,1,4.28,1
torchinferno,tree_of_thought,306,202.17,0.00,249.36,1,4.01,1
torchinferno,tree_of_thought,307,251.69,28.78,280.47,2,7.13,1
torchinferno,tree_of_thought,308,200.23,85.08,285.31,2,7.01,1
torchinferno,tree_of_thought,309,92.33,26.24,118.57,2,16.87,1
torchinferno,tree_of_thought,310,70.06,0.00,205.50,1,4.87,1
torchinferno,tree_of_thought,311,822.80,0.00,1167.02,1,0.86,1
torchinferno,tree_of_thought,312,806.30,0.00,1152.99,1,0.87,1
torchinferno,tree_of_thought,313,797.20,0.00,1149.42,1,0.87,1
torchinferno,tree_of_thought,314,259.48,0.00,302.64,1,3.30,1
torchinferno,tree_of_thought,315,229.33,0.00,288.63,1,3.46,1
torchinferno,tree_of_thought,316,283.40,172.09,455.49,2,4.39,1
torchinferno,tree_of_thought,317,254.43,253.62,508.04,2,3.94,1
torchinferno,tree_of_thought,318,299.82,0.00,367.85,1,2.72,1
torchinferno,tree_of_thought,319,298.81,57.32,356.12,2,5.62,1
torchinferno,tree_of_thought,320,308.25,0.00,370.36,1,2.70,1
torchinferno,tree_of_thought,321,272.86,82.51,355.38,2,5.63,1
torchinferno,tree_of_thought,322,401.97,0.00,511.59,1,1.95,1
torchinferno,tree_of_thought,323,420.96,0.00,534.83,1,1.87,1
torchinferno,tree_of_thought,324,389.59,121.82,511.41,2,3.91,1
torchinferno,tree_of_thought,325,411.16,120.44,652.04,3,4.60,1
torchinferno,tree_of_thought,326,152.20,0.00,168.62,1,5.93,1
torchinferno,tree_of_thought,327,304.23,0.00,349.82,1,2.86,1
torchinferno,tree_of_thought,328,336.78,0.00,388.34,1,2.58,1
torchinferno,tree_of_thought,329,264.49,74.63,339.12,2,5.90,1
torchinferno,tree_of_thought,330,361.71,91.67,453.39,2,4.41,1
torchinferno,tree_of_thought,331,285.47,59.44,344.90,2,5.80,1
torchinferno,tree_of_thought,332,294.75,30.96,325.72,2,6.14,1
torchinferno,tree_of_thought,333,310.50,0.00,388.13,1,2.58,1
torchinferno,tree_of_thought,334,345.25,74.65,419.90,2,4.76,1
torchinferno,tree_of_thought,335,460.49,0.00,473.28,1,2.11,1
torchinferno,tree_of_thought,336,351.78,0.00,401.63,1,2.49,1
torchinferno,tree_of_thought,337,328.59,69.48,398.07,2,5.02,0
torchinferno,tree_of_thought,338,299.21,79.60,378.81,2,5.28,1
torchinferno,tree_of_thought,339,269.23,81.84,351.07,2,5.70,1
torchinferno,tree_of_thought,340,99.71,25.29,125.00,2,16.00,1
torchinferno,tree_of_thought,341,765.69,338.76,1104.45,2,1.81,1
torchinferno,tree_of_thought,342,789.00,336.53,1125.53,2,1.78,1
torchinferno,tree_of_thought,343,776.07,348.09,1124.17,2,1.78,1
torchinferno,tree_of_thought,344,769.37,343.71,1113.08,2,1.80,1
torchinferno,tree_of_thought,345,296.57,0.00,339.77,1,2.94,1
torchinferno,tree_of_thought,346,238.81,0.00,284.18,1,3.52,1
torchinferno,tree_of_thought,347,264.36,0.00,333.30,1,3.00,1
torchinferno,tree_of_thought,348,262.03,0.00,380.55,1,2.63,1
torchinferno,tree_of_thought,349,193.61,0.00,206.10,1,4.85,1
torchinferno,tree_of_thought,350,193.61,37.67,231.28,2,8.65,1
torchinferno,tree_of_thought,351,197.02,41.09,238.10,2,8.40,1
torchinferno,tree_of_thought,352,173.34,30.33,203.66,2,9.82,1
torchinferno,tree_of_thought,353,180.23,0.00,236.80,1,4.22,1
torchinferno,tree_of_thought,354,173.53,0.00,189.61,1,5.27,1
torchinferno,tree_of_thought,355,158.20,0.00,232.05,1,4.31,1
torchinferno,tree_of_thought,356,140.62,71.27,211.88,2,9.44,0
torchinferno,tree_of_thought,357,816.89,25.37,842.26,2,2.37,1
torchinferno,tree_of_thought,358,330.46,0.00,380.59,1,2.63,1
torchinferno,tree_of_thought,359,352.18,80.53,432.70,2,4.62,1
torchinferno,tree_of_thought,360,305.83,0.00,340.10,1,2.94,1
torchinferno,tree_of_thought,361,292.90,83.27,376.17,2,5.32,0
torchinferno,tree_of_thought,362,292.62,0.00,338.98,1,2.95,1
torchinferno,tree_of_thought,363,325.04,66.83,391.88,2,5.10,1
torchinferno,tree_of_thought,364,264.30,66.27,330.57,2,6.05,0
torchinferno,tree_of_thought,365,285.44,37.03,322.47,2,6.20,1
torchinferno,tree_of_thought,366,440.37,0.00,457.82,1,2.18,1
torchinferno,tree_of_thought,367,293.08,0.00,333.89,1,2.99,1
torchinferno,tree_of_thought,368,349.61,60.46,410.07,2,4.88,1
torchinferno,tree_of_thought,369,320.39,0.00,395.65,1,2.53,1
torchinferno,tree_of_thought,370,304.49,0.00,340.63,1,2.94,1
torchinferno,tree_of_thought,371,101.92,31.11,133.02,2,15.04,1
torchinferno,tree_of_thought,372,75.44,0.00,208.78,1,4.79,1
torchinferno,tree_of_thought,373,789.23,346.86,1136.10,2,1.76,1
torchinferno,tree_of_thought,374,806.04,353.60,1159.64,2,1.72,1
torchinferno,tree_of_thought,375,825.64,351.93,1177.57,2,1.70,1
torchinferno,tree_of_thought,376,285.54,0.00,335.11,1,2.98,1
torchinferno,tree_of_thought,377,259.62,0.00,311.87,1,3.21,1
torchinferno,tree_of_thought,378,248.12,0.00,362.61,1,2.76,1
torchinferno,tree_of_thought,379,215.40,180.61,396.01,2,5.05,1
torchinferno,tree_of_thought,380,146.65,0.00,162.46,1,6.16,1
torchinferno,tree_of_thought,381,170.47,0.00,188.13,1,5.32,1
torchinferno,tree_of_thought,382,183.47,28.96,212.44,2,9.41,1
torchinferno,tree_of_thought,383,119.20,0.00,153.65,1,6.51,1
torchinferno,tree_of_thought,384,190.00,0.00,233.09,1,4.29,1
torchinferno,tree_of_thought,385,186.48,0.00,234.94,1,4.26,1
torchinferno,tree_of_thought,386,171.26,0.00,207.55,1,4.82,1
torchinferno,tree_of_thought,387,182.41,76.53,258.94,2,7.72,0
torchinferno,tree_of_thought,388,805.68,0.00,820.29,1,1.22,1
torchinferno,tree_of_thought,389,74.83,137.88,212.70,2,9.40,1
torchinferno,tree_of_thought,390,340.37,63.08,403.45,2,4.96,1
torchinferno,tree_of_thought,391,268.72,0.00,349.72,1,2.86,1
torchinferno,tree_of_thought,392,306.39,44.97,396.32,3,7.57,1
torchinferno,tree_of_thought,393,335.92,0.00,373.19,1,2.68,1
torchinferno,tree_of_thought,394,300.10,0.00,365.28,1,2.74,1
torchinferno,tree_of_thought,395,270.11,70.73,340.84,2,5.87,1
torchinferno,tree_of_thought,396,290.01,0.00,323.55,1,3.09,1
torchinferno,tree_of_thought,397,452.62,0.00,471.79,1,2.12,1
torchinferno,tree_of_thought,398,301.95,0.00,351.18,1,2.85,1
torchinferno,tree_of_thought,399,327.13,72.74,399.87,2,5.00,1
torchinferno,tree_of_thought,400,301.66,23.36,325.02,2,6.15,1
torchinferno,tree_of_thought,401,331.78,17.45,349.24,2,5.73,1
torchinferno,tree_of_thought,402,137.43,0.00,148.41,1,6.74,1
torchinferno,tree_of_thought,403,76.49,0.00,212.06,1,4.72,1
torchinferno,tree_of_thought,404,815.67,0.00,1135.57,1,0.88,1
torchinferno,tree_of_thought,405,826.00,0.00,1172.62,1,0.85,1
torchinferno,tree_of_thought,406,795.96,353.18,1149.14,2,1.74,1
torchinferno,tree_of_thought,407,285.14,0.00,329.99,1,3.03,1
torchinferno,tree_of_thought,408,254.22,0.00,310.39,1,3.22,1
torchinferno,tree_of_thought,409,222.24,0.00,281.50,1,3.55,1
torchinferno,tree_of_thought,410,251.30,0.00,368.63,1,2.71,1
torchinferno,tree_of_thought,411,145.65,25.61,171.26,2,11.68,1
torchinferno,tree_of_thought,412,185.09,0.00,221.17,1,4.52,1
torchinferno,tree_of_thought,413,168.42,0.00,202.01,1,4.95,1
torchinferno,tree_of_thought,414,121.25,42.28,163.53,2,12.23,1
torchinferno,tree_of_thought,415,158.53,0.00,177.15,1,5.65,1
torchinferno,tree_of_thought,416,175.62,50.58,226.20,2,8.84,1
torchinferno,tree_of_thought,417,198.76,63.38,262.15,2,7.63,1
torchinferno,tree_of_thought,418,136.57,130.54,528.18,4,7.57,1
torchinferno,tree_of_thought,419,504.37,0.00,524.08,1,1.91,1
torchinferno,tree_of_thought,420,79.04,0.00,87.93,1,11.37,1
torchinferno,tree_of_thought,421,301.23,0.00,368.31,1,2.72,1
torchinferno,tree_of_thought,422,343.48,0.00,402.19,1,2.49,1
torchinferno,tree_of_thought,423,274.81,35.11,345.02,3,8.70,0
torchinferno,tree_of_thought,424,272.08,0.00,323.31,1,3.09,1
torchinferno,tree_of_thought,425,305.85,0.00,371.95,1,2.69,1
torchinferno,tree_of_thought,426,335.95,84.38,420.33,2,4.76,1
torchinferno,tree_of_thought,427,296.34,33.67,330.01,2,6.06,1
torchinferno,tree_of_thought,428,448.57,0.00,467.81,1,2.14,1
torchinferno,tree_of_thought,429,302.26,0.00,354.34,1,2.82,1
torchinferno,tree_of_thought,430,289.36,29.38,318.75,2,6.27,1
torchinferno,tree_of_thought,431,266.82,0.00,345.04,1,2.90,1
torchinferno,tree_of_thought,432,322.08,86.77,408.85,2,4.89,1
torchinferno,tree_of_thought,433,144.64,0.00,157.15,1,6.36,1
torchinferno,tree_of_thought,434,79.25,0.00,213.05,1,4.69,1
torchinferno,tree_of_thought,435,792.53,0.00,1126.00,1,0.89,1
torchinferno,tree_of_thought,436,810.51,0.00,1144.59,1,0.87,1
torchinferno,tree_of_thought,437,820.41,351.04,1171.45,2,1.71,1
torchinferno,tree_of_thought,438,305.14,0.00,364.07,1,2.75,1
torchinferno,tree_of_thought,439,246.32,171.55,417.87,2,4.79,1
torchinferno,tree_of_thought,440,272.15,183.97,456.13,2,4.38,1
torchinferno,tree_of_thought,441,254.18,264.65,518.83,2,3.85,1
torchinferno,tree_of_thought,442,301.56,0.00,355.28,1,2.81,1
torchinferno,tree_of_thought,443,292.29,67.92,360.21,2,5.55,1
torchinferno,tree_of_thought,444,311.05,60.52,371.56,2,5.38,1
torchinferno,tree_of_thought,445,290.85,79.27,370.13,2,5.40,1
torchinferno,tree_of_thought,446,401.58,0.00,516.23,1,1.94,1
torchinferno,tree_of_thought,447,389.42,0.00,506.48,1,1.97,1
torchinferno,tree_of_thought,448,378.53,125.35,503.89,2,3.97,1
torchinferno,tree_of_thought,449,413.01,127.71,540.72,2,3.70,1
torchinferno,tree_of_thought,450,264.05,26.59,290.64,2,6.88,1
torchinferno,tree_of_thought,451,311.82,59.87,371.69,2,5.38,1
torchinferno,tree_of_thought,452,274.60,73.19,347.79,2,5.75,1
torchinferno,tree_of_thought,453,291.66,0.00,320.85,1,3.12,1
torchinferno,tree_of_thought,454,344.13,0.00,423.18,1,2.36,1
torchinferno,tree_of_thought,455,355.53,0.00,395.40,1,2.53,1
torchinferno,tree_of_thought,456,356.06,0.00,433.06,1,2.31,1
torchinferno,tree_of_thought,457,323.61,64.00,387.61,2,5.16,1
torchinferno,tree_of_thought,458,352.74,0.00,436.29,1,2.29,1
torchinferno,tree_of_thought,459,285.50,121.60,407.10,2,4.91,1
torchinferno,tree_of_thought,460,416.12,0.00,454.71,1,2.20,1
torchinferno,tree_of_thought,461,409.63,71.49,481.12,2,4.16,1
torchinferno,tree_of_thought,462,413.55,71.14,484.69,2,4.13,1
torchinferno,tree_of_thought,463,419.72,39.48,498.69,3,6.02,1
torchinferno,tree_of_thought,464,135.52,0.00,149.85,1,6.67,1
torchinferno,tree_of_thought,465,754.76,0.00,1065.69,1,0.94,1
torchinferno,tree_of_thought,466,757.93,0.00,1085.22,1,0.92,1
torchinferno,tree_of_thought,467,774.53,0.00,1116.22,1,0.90,1
torchinferno,tree_of_thought,468,773.60,0.00,1110.86,1,0.90,1
torchinferno,tree_of_thought,469,302.71,0.00,353.48,1,2.83,1
torchinferno,tree_of_thought,470,230.40,0.00,286.61,1,3.49,1
torchinferno,tree_of_thought,471,258.44,0.00,318.14,1,3.14,1
torchinferno,tree_of_thought,472,300.49,161.98,462.47,2,4.32,1
torchinferno,tree_of_thought,473,189.72,0.00,207.52,1,4.82,1
torchinferno,tree_of_thought,474,150.68,37.80,188.49,2,10.61,1
torchinferno,tree_of_thought,475,186.39,30.86,217.25,2,9.21,1
torchinferno,tree_of_thought,476,132.74,0.00,176.43,1,5.67,1
torchinferno,tree_of_thought,477,136.91,0.00,182.79,1,5.47,1
torchinferno,tree_of_thought,478,181.16,69.61,250.77,2,7.98,1
torchinferno,tree_of_thought,479,157.41,70.92,228.34,2,8.76,1
torchinferno,tree_of_thought,480,157.94,39.84,197.78,2,10.11,1
torchinferno,tree_of_thought,481,809.16,27.10,836.26,2,2.39,1
torchinferno,tree_of_thought,482,315.46,0.00,380.60,1,2.63,1
torchinferno,tree_of_thought,483,354.16,63.07,417.22,2,4.79,1
torchinferno,tree_of_thought,484,283.02,73.78,356.79,2,5.61,1
torchinferno,tree_of_thought,485,309.90,26.62,336.51,2,5.94,1
torchinferno,tree_of_thought,486,303.43,0.00,341.05,1,2.93,1
torchinferno,tree_of_thought,487,271.62,0.00,330.96,1,3.02,1
torchinferno,tree_of_thought,488,331.84,0.00,399.14,1,2.51,1
torchinferno,tree_of_thought,489,286.82,36.48,323.30,2,6.19,1
torchinferno,tree_of_thought,490,440.98,0.00,457.88,1,2.18,1
torchinferno,tree_of_thought,491,290.47,0.00,309.12,1,3.23,1
torchinferno,tree_of_thought,492,322.61,76.09,398.69,2,5.02,1
torchinferno,tree_of_thought,493,296.33,83.63,379.97,2,5.26,1
torchinferno,tree_of_thought,494,279.12,0.00,350.15,1,2.86,1
torchinferno,tree_of_thought,495,141.35,148.71,290.06,2,6.90,1
torchinferno,tree_of_thought,496,531.88,0.00,576.46,1,1.73,1
torchinferno,tree_of_thought,497,553.71,74.33,628.04,2,3.18,1
torchinferno,tree_of_thought,498,513.12,72.67,585.80,2,3.41,1
torchinferno,tree_of_thought,499,545.47,88.90,634.37,2,3.15,1
torchinferno,tree_of_thought,500,228.67,0.00,266.27,1,3.76,1
torchinferno,tree_of_thought,501,171.74,0.00,218.16,1,4.58,1
torchinferno,tree_of_thought,502,195.76,73.39,269.15,2,7.43,1
torchinferno,tree_of_thought,503,189.78,0.00,215.63,1,4.64,1
torchinferno,tree_of_thought,504,345.14,0.00,360.07,1,2.78,1
torchinferno,tree_of_thought,505,301.21,28.67,329.88,2,6.06,1
torchinferno,tree_of_thought,506,278.02,27.48,305.50,2,6.55,1
torchinferno,tree_of_thought,507,252.20,25.78,277.98,2,7.19,1
torchinferno,tree_of_thought,508,147.13,0.00,164.32,1,6.09,1
torchinferno,tree_of_thought,509,161.42,0.00,224.21,1,4.46,1
torchinferno,tree_of_thought,510,183.43,70.47,253.89,2,7.88,1
torchinferno,tree_of_thought,511,129.45,0.00,199.57,1,5.01,1
torchinferno,tree_of_thought,512,356.23,0.00,371.60,1,2.69,1
torchinferno,tree_of_thought,513,347.10,0.00,404.17,1,2.47,1
torchinferno,tree_of_thought,514,328.97,55.92,384.89,2,5.20,1
torchinferno,tree_of_thought,515,379.65,73.22,452.87,2,4.42,1
torchinferno,tree_of_thought,516,294.44,77.21,371.65,2,5.38,1
torchinferno,tree_of_thought,517,212.22,0.00,244.74,1,4.09,1
torchinferno,tree_of_thought,518,267.39,0.00,302.69,1,3.30,1
torchinferno,tree_of_thought,519,233.31,0.00,279.13,1,3.58,1
torchinferno,tree_of_thought,520,227.37,0.00,244.33,1,4.09,1
torchinferno,tree_of_thought,521,352.27,0.00,370.62,1,2.70,1
torchinferno,tree_of_thought,522,340.57,0.00,392.35,1,2.55,1
torchinferno,tree_of_thought,523,276.74,0.00,336.40,1,2.97,1
torchinferno,tree_of_thought,524,369.86,71.69,441.55,2,4.53,1
torchinferno,tree_of_thought,525,308.43,68.02,376.45,2,5.31,1
torchinferno,tree_of_thought,526,211.33,0.00,223.43,1,4.48,1
torchinferno,tree_of_thought,527,456.55,0.00,505.14,1,1.98,1
torchinferno,tree_of_thought,528,482.32,54.86,537.18,2,3.72,1
torchinferno,tree_of_thought,529,470.48,29.15,499.64,2,4.00,1
torchinferno,tree_of_thought,530,466.01,43.26,509.26,2,3.93,1
torchinferno,tree_of_thought,531,184.27,0.00,245.07,1,4.08,1
torchinferno,tree_of_thought,532,169.37,0.00,190.94,1,5.24,1
torchinferno,tree_of_thought,533,148.22,81.09,229.31,2,8.72,1
torchinferno,tree_of_thought,534,208.71,84.10,292.81,2,6.83,1
torchinferno,tree_of_thought,535,340.20,0.00,357.98,1,2.79,1
torchinferno,tree_of_thought,536,309.42,0.00,333.70,1,3.00,1
torchinferno,tree_of_thought,537,292.69,0.00,298.36,1,3.35,1
torchinferno,tree_of_thought,538,258.77,24.52,283.29,2,7.06,0
torchinferno,tree_of_thought,539,182.49,0.00,237.26,1,4.21,1
torchinferno,tree_of_thought,540,150.41,0.00,155.77,1,6.42,1
torchinferno,tree_of_thought,541,124.40,65.64,190.04,2,10.52,1
torchinferno,tree_of_thought,542,145.88,0.00,223.47,1,4.47,1
torchinferno,tree_of_thought,543,354.71,28.81,383.52,2,5.21,1
torchinferno,tree_of_thought,544,302.88,0.00,357.22,1,2.80,1
torchinferno,tree_of_thought,545,336.30,0.00,397.29,1,2.52,1
torchinferno,tree_of_thought,546,304.44,0.00,320.20,1,3.12,1
torchinferno,tree_of_thought,547,331.22,22.34,353.56,2,5.66,1
torchinferno,tree_of_thought,548,271.01,0.00,320.52,1,3.12,1
torchinferno,tree_of_thought,549,241.35,0.00,304.09,1,3.29,1
torchinferno,tree_of_thought,550,234.02,25.56,259.58,2,7.70,1
torchinferno,tree_of_thought,551,212.63,0.00,290.15,1,3.45,1
torchinferno,tree_of_thought,552,340.25,27.32,367.57,2,5.44,1
torchinferno,tree_of_thought,553,310.08,0.00,377.75,1,2.65,1
torchinferno,tree_of_thought,554,348.75,0.00,413.31,1,2.42,1
torchinferno,tree_of_thought,555,284.19,60.67,344.85,2,5.80,1
torchinferno,tree_of_thought,556,321.26,6.99,328.25,2,6.09,1
torchinferno,tree_of_thought,557,213.44,0.00,223.89,1,4.47,1
torchinferno,tree_of_thought,558,531.99,0.00,578.53,1,1.73,1
torchinferno,tree_of_thought,559,502.88,51.67,554.55,2,3.61,1
torchinferno,tree_of_thought,560,471.70,55.79,527.49,2,3.79,1
torchinferno,tree_of_thought,561,486.37,0.00,520.40,1,1.92,1
torchinferno,tree_of_thought,562,187.25,0.00,237.92,1,4.20,1
torchinferno,tree_of_thought,563,224.52,57.52,282.04,2,7.09,1
torchinferno,tree_of_thought,564,182.58,0.00,193.64,1,5.16,1
torchinferno,tree_of_thought,565,157.67,83.92,241.59,2,8.28,1
torchinferno,tree_of_thought,566,331.10,0.00,347.18,1,2.88,1
torchinferno,tree_of_thought,567,294.47,20.15,314.61,2,6.36,1
torchinferno,tree_of_thought,568,242.47,0.00,249.55,1,4.01,1
torchinferno,tree_of_thought,569,273.71,22.82,296.53,2,6.74,1
torchinferno,tree_of_thought,570,160.21,0.00,197.53,1,5.06,1
torchinferno,tree_of_thought,571,188.97,69.31,258.28,2,7.74,1
torchinferno,tree_of_thought,572,165.22,0.00,176.06,1,5.68,1
torchinferno,tree_of_thought,573,123.41,42.90,380.84,7,18.38,1
torchinferno,tree_of_thought,574,197.26,0.00,205.89,1,4.86,1
torchinferno,tree_of_thought,575,385.47,0.00,450.84,1,2.22,1
torchinferno,tree_of_thought,576,303.76,66.55,370.31,2,5.40,1
torchinferno,tree_of_thought,577,337.68,73.29,410.98,2,4.87,1
torchinferno,tree_of_thought,578,377.06,70.70,447.76,2,4.47,1
torchinferno,tree_of_thought,579,292.01,63.37,355.38,2,5.63,1
torchinferno,tree_of_thought,580,298.97,71.67,370.64,2,5.40,1
torchinferno,tree_of_thought,581,266.00,78.07,344.06,2,5.81,1
torchinferno,tree_of_thought,582,236.77,40.78,318.33,3,9.42,1
torchinferno,tree_of_thought,583,337.81,0.00,351.57,1,2.84,1
torchinferno,tree_of_thought,584,80.86,24.30,105.17,2,19.02,1
torchinferno,tree_of_thought,585,328.63,0.00,383.32,1,2.61,1
torchinferno,tree_of_thought,586,363.00,0.00,421.66,1,2.37,1
torchinferno,tree_of_thought,587,288.04,75.65,363.69,2,5.50,1
torchinferno,tree_of_thought,588,208.84,0.00,221.35,1,4.52,1
torchinferno,tree_of_thought,589,474.04,0.00,510.98,1,1.96,1
torchinferno,tree_of_thought,590,491.35,0.00,544.64,1,1.84,1
torchinferno,tree_of_thought,591,515.76,0.00,583.51,1,1.71,1
torchinferno,tree_of_thought,592,481.68,28.64,510.33,2,3.92,1
torchinferno,tree_of_thought,593,243.60,0.00,292.00,1,3.42,1
torchinferno,tree_of_thought,594,218.43,0.00,279.39,1,3.58,1
torchinferno,tree_of_thought,595,201.77,32.02,265.81,3,11.29,0
torchinferno,tree_of_thought,596,165.80,72.77,238.58,2,8.38,1
torchinferno,tree_of_thought,597,330.47,0.00,350.03,1,2.86,1
torchinferno,tree_of_thought,598,286.64,0.00,307.53,1,3.25,1
torchinferno,tree_of_thought,599,239.99,0.00,254.78,1,3.92,1
torchinferno,tree_of_thought,600,267.69,31.67,299.36,2,6.68,1
torchinferno,tree_of_thought,601,123.13,0.00,180.03,1,5.55,1
torchinferno,tree_of_thought,602,153.89,0.00,212.15,1,4.71,1
torchinferno,tree_of_thought,603,179.77,0.00,244.90,1,4.08,1
torchinferno,tree_of_thought,604,156.75,0.00,175.23,1,5.71,1
torchinferno,tree_of_thought,605,361.61,0.00,375.12,1,2.67,1
torchinferno,tree_of_thought,606,322.98,0.00,333.17,1,3.00,1
torchinferno,tree_of_thought,607,370.35,63.39,433.73,2,4.61,1
torchinferno,tree_of_thought,608,341.33,0.00,410.78,1,2.43,1
torchinferno,tree_of_thought,609,304.46,51.41,458.70,4,8.72,0
torchinferno,tree_of_thought,610,220.52,0.00,249.10,1,4.01,1
torchinferno,tree_of_thought,611,221.13,0.00,249.78,1,4.00,1
torchinferno,tree_of_thought,612,225.58,23.93,249.51,2,8.02,1
torchinferno,tree_of_thought,613,238.24,0.00,278.31,1,3.59,1
torchinferno,tree_of_thought,614,344.52,23.21,367.72,2,5.44,1
torchinferno,tree_of_thought,615,328.76,0.00,375.54,1,2.66,1
torchinferno,tree_of_thought,616,356.60,0.00,411.70,1,2.43,1
torchinferno,tree_of_thought,617,285.17,0.00,357.98,1,2.79,1
torchinferno,tree_of_thought,618,304.84,31.63,336.47,2,5.94,1
torchinferno,tree_of_thought,619,204.42,0.00,213.67,1,4.68,1
torchinferno,tree_of_thought,620,512.01,0.00,558.78,1,1.79,1
torchinferno,tree_of_thought,621,486.13,0.00,494.92,1,2.02,1
torchinferno,tree_of_thought,622,497.64,65.38,563.01,2,3.55,0
torchinferno,tree_of_thought,623,457.77,83.22,540.99,2,3.70,0
torchinferno,tree_of_thought,624,232.74,0.00,289.58,1,3.45,1
torchinferno,tree_of_thought,625,211.41,52.41,263.82,2,7.58,1
torchinferno,tree_of_thought,626,195.21,0.00,208.29,1,4.80,1
torchinferno,tree_of_thought,627,172.66,0.00,245.70,1,4.07,1
torchinferno,tree_of_thought,628,343.24,0.00,357.09,1,2.80,1
torchinferno,tree_of_thought,629,318.92,22.51,341.43,2,5.86,1
torchinferno,tree_of_thought,630,370.63,35.26,405.89,2,4.93,1
torchinferno,tree_of_thought,631,256.44,37.50,293.94,2,6.80,1
torchinferno,tree_of_thought,632,191.16,0.00,243.73,1,4.10,1
torchinferno,tree_of_thought,633,170.49,0.00,231.88,1,4.31,1
torchinferno,tree_of_thought,634,139.39,73.24,212.63,2,9.41,1
torchinferno,tree_of_thought,635,158.68,0.00,190.86,1,5.24,1
torchinferno,tree_of_thought,636,353.51,0.00,372.13,1,2.69,1
torchinferno,tree_of_thought,637,323.11,0.00,374.73,1,2.67,1
torchinferno,tree_of_thought,638,282.95,0.00,341.92,1,2.92,1
torchinferno,tree_of_thought,639,302.79,35.54,338.33,2,5.91,1
torchinferno,tree_of_thought,640,354.66,51.60,664.25,7,10.54,0
torchinferno,tree_of_thought,641,288.81,0.00,300.43,1,3.33,1
torchinferno,tree_of_thought,642,286.97,0.00,298.09,1,3.35,1
torchinferno,tree_of_thought,643,283.89,0.00,297.06,1,3.37,1
torchinferno,tree_of_thought,644,287.61,121.81,409.42,2,4.89,1
torchinferno,tree_of_thought,645,97.22,0.00,116.12,1,8.61,1
torchinferno,tree_of_thought,646,363.08,0.00,410.56,1,2.44,1
torchinferno,tree_of_thought,647,332.86,0.00,378.10,1,2.64,1
torchinferno,tree_of_thought,648,309.16,0.00,376.10,1,2.66,1
torchinferno,tree_of_thought,649,313.97,0.00,349.74,1,2.86,1
torchinferno,tree_of_thought,650,203.31,0.00,212.83,1,4.70,1
torchinferno,tree_of_thought,651,528.45,0.00,583.10,1,1.71,1
torchinferno,tree_of_thought,652,479.17,77.39,556.56,2,3.59,1
torchinferno,tree_of_thought,653,454.25,0.00,529.98,1,1.89,1
torchinferno,tree_of_thought,654,510.08,78.25,588.33,2,3.40,1
torchinferno,tree_of_thought,655,176.44,0.00,235.90,1,4.24,1
torchinferno,tree_of_thought,656,233.04,72.07,305.10,2,6.56,1
torchinferno,tree_of_thought,657,199.43,0.00,275.08,1,3.64,1
torchinferno,tree_of_thought,658,202.97,24.10,227.07,2,8.81,1
torchinferno,tree_of_thought,659,296.03,0.00,314.51,1,3.18,1
torchinferno,tree_of_thought,660,335.77,26.48,362.25,2,5.52,1
torchinferno,tree_of_thought,661,272.40,0.00,291.24,1,3.43,1
torchinferno,tree_of_thought,662,237.95,0.00,272.06,1,3.68,1
torchinferno,tree_of_thought,663,166.46,0.00,218.72,1,4.57,1
torchinferno,tree_of_thought,664,125.35,68.86,194.21,2,10.30,1
torchinferno,tree_of_thought,665,144.59,77.07,221.66,2,9.02,1
torchinferno,tree_of_thought,666,150.59,22.00,172.59,2,11.59,1
torchinferno,tree_of_thought,667,346.52,28.35,374.87,2,5.34,1
torchinferno,tree_of_thought,668,339.47,0.00,399.15,1,2.51,1
torchinferno,tree_of_thought,669,316.87,0.00,345.95,1,2.89,1
torchinferno,tree_of_thought,670,328.12,4.55,332.67,2,6.01,0
torchinferno,tree_of_thought,671,314.23,79.54,393.77,2,5.08,1
torchinferno,tree_of_thought,672,217.43,0.00,275.82,1,3.63,1
torchinferno,tree_of_thought,673,282.93,0.00,339.26,1,2.95,1
torchinferno,tree_of_thought,674,245.14,70.01,315.15,2,6.35,1
torchinferno,tree_of_thought,675,240.90,27.49,268.39,2,7.45,1
torchinferno,tree_of_thought,676,326.92,0.00,345.57,1,2.89,1
torchinferno,tree_of_thought,677,304.28,0.00,372.98,1,2.68,1
torchinferno,tree_of_thought,678,329.69,83.40,413.09,2,4.84,1
torchinferno,tree_of_thought,679,366.65,80.88,447.53,2,4.47,1
torchinferno,tree_of_thought,680,324.68,20.63,345.31,2,5.79,1
torchinferno,tree_of_thought,681,207.49,0.00,218.40,1,4.58,1
torchinferno,tree_of_thought,682,502.29,0.00,543.53,1,1.84,1
torchinferno,tree_of_thought,683,467.05,0.00,525.04,1,1.90,1
torchinferno,tree_of_thought,684,531.55,0.00,604.62,1,1.65,1
torchinferno,tree_of_thought,685,485.69,0.00,522.46,1,1.91,1
torchinferno,tree_of_thought,686,233.33,62.94,296.27,2,6.75,1
torchinferno,tree_of_thought,687,200.65,72.06,272.72,2,7.33,1
torchinferno,tree_of_thought,688,177.82,0.00,245.81,1,4.07,1
torchinferno,tree_of_thought,689,181.95,42.91,224.87,2,8.89,1
torchinferno,tree_of_thought,690,307.62,29.63,337.25,2,5.93,1
torchinferno,tree_of_thought,691,293.86,0.00,306.33,1,3.26,1
torchinferno,tree_of_thought,692,225.94,0.00,250.60,1,3.99,1
torchinferno,tree_of_thought,693,256.93,36.34,293.27,2,6.82,1
torchinferno,tree_of_thought,694,188.36,0.00,228.21,1,4.38,1
torchinferno,tree_of_thought,695,162.44,66.06,228.50,2,8.75,1
torchinferno,tree_of_thought,696,131.06,75.20,206.26,2,9.70,1
torchinferno,tree_of_thought,697,143.58,38.96,182.55,2,10.96,1
torchinferno,tree_of_thought,698,362.65,0.00,379.16,1,2.64,1
torchinferno,tree_of_thought,699,371.63,56.14,427.76,2,4.68,1
torchinferno,tree_of_thought,700,334.69,0.00,398.30,1,2.51,1
torchinferno,tree_of_thought,701,300.65,0.00,367.19,1,2.72,1
torchinferno,tree_of_thought,702,329.79,11.79,341.58,2,5.86,1
torchinferno,tree_of_thought,703,236.71,0.00,284.53,1,3.51,1
torchinferno,tree_of_thought,704,270.67,0.00,321.23,1,3.11,1
torchinferno,tree_of_thought,705,285.57,0.00,355.93,1,2.81,1
torchinferno,tree_of_thought,706,202.53,41.77,286.07,3,10.49,0
torchinferno,tree_of_thought,707,344.30,23.86,368.16,2,5.43,1
torchinferno,tree_of_thought,708,347.16,0.00,390.72,1,2.56,1
torchinferno,tree_of_thought,709,323.26,0.00,363.27,1,2.75,1
torchinferno,tree_of_thought,710,279.76,0.00,328.90,1,3.04,1
torchinferno,tree_of_thought,711,299.00,25.34,324.35,2,6.17,1
torchinferno,tree_of_thought,712,209.40,0.00,222.48,1,4.49,1
torchinferno,tree_of_thought,713,483.02,0.00,532.36,1,1.88,1
torchinferno,tree_of_thought,714,510.01,0.00,573.04,1,1.75,1
torchinferno,tree_of_thought,715,467.85,58.87,526.72,2,3.80,1
torchinferno,tree_of_thought,716,482.31,0.00,513.96,1,1.95,1
torchinferno,tree_of_thought,717,211.93,0.00,259.45,1,3.85,1
torchinferno,tree_of_thought,718,171.50,0.00,236.44,1,4.23,1
torchinferno,tree_of_thought,719,231.14,0.00,304.27,1,3.29,1
torchinferno,tree_of_thought,720,186.54,39.66,226.20,2,8.84,1
torchinferno,tree_of_thought,721,329.86,0.00,347.05,1,2.88,1
torchinferno,tree_of_thought,722,373.17,0.00,398.62,1,2.51,1
torchinferno,tree_of_thought,723,264.96,0.00,284.34,1,3.52,1
torchinferno,tree_of_thought,724,228.87,31.79,260.66,2,7.67,1
torchinferno,tree_of_thought,725,191.58,68.65,260.23,2,7.69,1
torchinferno,tree_of_thought,726,167.52,68.05,235.57,2,8.49,1
torchinferno,tree_of_thought,727,132.32,87.09,219.41,2,9.12,1
torchinferno,tree_of_thought,728,160.44,36.14,196.58,2,10.17,1
torchinferno,tree_of_thought,729,346.63,33.21,545.92,7,12.82,0
torchinferno,tree_of_thought,730,187.02,0.00,260.05,1,3.85,1
torchinferno,tree_of_thought,731,198.98,0.00,263.23,1,3.80,1
torchinferno,tree_of_thought,732,192.44,0.00,275.34,1,3.63,1
torchinferno,tree_of_thought,733,238.11,0.00,277.48,1,3.60,1
torchinferno,tree_of_thought,734,265.67,0.00,306.33,1,3.26,1
torchinferno,tree_of_thought,735,287.42,59.28,346.70,2,5.77,1
torchinferno,tree_of_thought,736,233.15,0.00,296.03,1,3.38,1
torchinferno,tree_of_thought,737,207.91,65.62,273.54,2,7.31,1
torchinferno,tree_of_thought,738,350.87,0.00,363.77,1,2.75,1
torchinferno,tree_of_thought,739,78.45,24.79,103.25,2,19.37,1
torchinferno,tree_of_thought,740,312.02,0.00,365.37,1,2.74,1
torchinferno,tree_of_thought,741,284.44,61.99,346.43,2,5.77,1
torchinferno,tree_of_thought,742,350.34,0.00,429.09,1,2.33,1
torchinferno,tree_of_thought,743,207.39,0.00,223.93,1,4.47,1
torchinferno,tree_of_thought,744,526.43,0.00,582.27,1,1.72,1
torchinferno,tree_of_thought,745,499.41,0.00,504.16,1,1.98,1
torchinferno,tree_of_thought,746,471.37,64.09,535.45,2,3.74,1
torchinferno,tree_of_thought,747,494.28,52.39,1070.56,12,11.21,0
torchinferno,tree_of_thought,748,231.00,0.00,237.93,1,4.20,1
torchinferno,tree_of_thought,749,224.62,0.00,244.89,1,4.08,1
torchinferno,tree_of_thought,750,253.73,0.00,277.95,1,3.60,1
torchinferno,tree_of_thought,751,217.49,35.71,253.20,2,7.90,1
torchinferno,tree_of_thought,752,202.38,58.22,260.61,2,7.67,1
torchinferno,tree_of_thought,753,202.33,63.29,265.62,2,7.53,1
torchinferno,tree_of_thought,754,153.51,0.00,220.62,1,4.53,1
torchinferno,tree_of_thought,755,183.91,70.52,254.43,2,7.86,1
torchinferno,tree_of_thought,756,177.86,0.00,247.60,1,4.04,1
torchinferno,tree_of_thought,757,169.68,0.00,238.51,1,4.19,1
torchinferno,tree_of_thought,758,184.32,0.00,253.99,1,3.94,1
torchinferno,tree_of_thought,759,172.95,0.00,243.00,1,4.12,1
torchinferno,tree_of_thought,760,99.23,0.00,113.67,1,8.80,1
torchinferno,tree_of_thought,761,334.29,0.00,376.94,1,2.65,1
torchinferno,tree_of_thought,762,327.29,0.00,332.50,1,3.01,1
torchinferno,tree_of_thought,763,371.64,60.84,432.47,2,4.62,1
torchinferno,tree_of_thought,764,307.79,63.52,371.31,2,5.39,1
torchinferno,tree_of_thought,765,292.10,0.00,348.56,1,2.87,1
torchinferno,tree_of_thought,766,289.35,73.43,362.77,2,5.51,1
torchinferno,tree_of_thought,767,234.45,0.00,304.50,1,3.28,1
torchinferno,tree_of_thought,768,256.62,0.00,337.71,1,2.96,1
torchinferno,tree_of_thought,769,337.95,0.00,354.28,1,2.82,1
torchinferno,tree_of_thought,770,73.65,0.00,87.09,1,11.48,1
torchinferno,tree_of_thought,771,311.59,0.00,357.90,1,2.79,1
torchinferno,tree_of_thought,772,347.78,0.00,399.78,1,2.50,1
torchinferno,tree_of_thought,773,317.60,36.08,353.68,2,5.65,1
torchinferno,tree_of_thought,774,209.63,24.99,234.62,2,8.52,1
torchinferno,tree_of_thought,775,483.65,0.00,529.74,1,1.89,1
torchinferno,tree_of_thought,776,509.21,0.00,575.72,1,1.74,1
torchinferno,tree_of_thought,777,453.06,77.83,530.89,2,3.77,1
torchinferno,tree_of_thought,778,481.18,28.32,509.50,2,3.93,1
torchinferno,tree_of_thought,779,242.85,0.00,290.91,1,3.44,1
torchinferno,tree_of_thought,780,212.16,0.00,270.42,1,3.70,1
torchinferno,tree_of_thought,781,179.92,68.00,247.92,2,8.07,1
torchinferno,tree_of_thought,782,197.57,0.00,223.33,1,4.48,1
torchinferno,tree_of_thought,783,342.97,0.00,356.47,1,2.81,1
torchinferno,tree_of_thought,784,326.58,0.00,343.53,1,2.91,1
torchinferno,tree_of_thought,785,294.89,19.03,313.93,2,6.37,1
torchinferno,tree_of_thought,786,343.44,32.51,375.95,2,5.32,1
torchinferno,tree_of_thought,787,296.94,0.00,342.41,1,2.92,1
torchinferno,tree_of_thought,788,307.97,0.00,351.65,1,2.84,1
torchinferno,tree_of_thought,789,309.84,0.00,356.18,1,2.81,1
torchinferno,tree_of_thought,790,293.46,84.40,377.86,2,5.29,1
torchinferno,tree_of_thought,791,355.43,23.94,379.37,2,5.27,1
torchinferno,tree_of_thought,792,344.63,0.00,397.06,1,2.52,1
torchinferno,tree_of_thought,793,317.01,72.09,389.10,2,5.14,1
torchinferno,tree_of_thought,794,303.20,0.00,332.18,1,3.01,1
torchinferno,tree_of_thought,795,275.88,86.74,362.61,2,5.52,1
torchinferno,tree_of_thought,796,250.60,0.00,299.20,1,3.34,1
torchinferno,tree_of_thought,797,278.27,0.00,331.21,1,3.02,1
torchinferno,tree_of_thought,798,223.76,61.19,284.95,2,7.02,1
torchinferno,tree_of_thought,799,240.70,26.08,266.78,2,7.50,1
torchinferno,tree_of_thought,800,342.17,0.00,356.13,1,2.81,1
torchinferno,tree_of_thought,801,82.48,0.00,100.91,1,9.91,1
torchinferno,tree_of_thought,802,302.60,58.96,361.56,2,5.53,1
torchinferno,tree_of_thought,803,327.53,75.31,402.84,2,4.96,1
torchinferno,tree_of_thought,804,367.91,50.66,570.56,5,8.76,1
torchinferno,tree_of_thought,805,97.83,22.96,120.78,2,16.56,1
torchinferno,tree_of_thought,806,497.60,0.00,547.02,1,1.83,1
torchinferno,tree_of_thought,807,529.89,0.00,580.65,1,1.72,1
torchinferno,tree_of_thought,808,466.09,0.00,525.96,1,1.90,1
torchinferno,tree_of_thought,809,539.53,0.00,630.01,1,1.59,1
torchinferno,tree_of_thought,810,228.53,0.00,269.38,1,3.71,1
torchinferno,tree_of_thought,811,168.04,73.61,241.65,2,8.28,0
torchinferno,tree_of_thought,812,208.06,0.00,214.30,1,4.67,1
torchinferno,tree_of_thought,813,202.95,75.76,278.71,2,7.18,1
torchinferno,tree_of_thought,814,301.13,0.00,318.13,1,3.14,1
torchinferno,tree_of_thought,815,249.21,0.00,275.67,1,3.63,1
torchinferno,tree_of_thought,816,290.30,0.00,306.73,1,3.26,1
torchinferno,tree_of_thought,817,224.79,80.30,385.38,3,7.78,1
torchinferno,tree_of_thought,818,299.02,0.00,310.29,1,3.22,1
torchinferno,tree_of_thought,819,300.21,0.00,313.14,1,3.19,1
torchinferno,tree_of_thought,820,297.13,22.33,319.47,2,6.26,1
torchinferno,tree_of_thought,821,299.39,23.33,322.72,2,6.20,1
torchinferno,tree_of_thought,822,207.38,22.02,229.40,2,8.72,1
torchinferno,tree_of_thought,823,321.32,0.00,363.05,1,2.75,1
torchinferno,tree_of_thought,824,328.71,0.00,347.71,1,2.88,1
torchinferno,tree_of_thought,825,311.43,0.00,326.41,1,3.06,1
torchinferno,tree_of_thought,826,352.73,70.38,423.12,2,4.73,0
torchinferno,tree_of_thought,827,276.80,0.00,313.77,1,3.19,1
torchinferno,tree_of_thought,828,249.94,0.00,297.53,1,3.36,1
torchinferno,tree_of_thought,829,214.79,53.58,268.37,2,7.45,0
torchinferno,tree_of_thought,830,232.48,0.00,246.75,1,4.05,1
torchinferno,tree_of_thought,831,351.36,0.00,359.32,1,2.78,1
torchinferno,tree_of_thought,832,88.31,74.47,237.25,3,12.65,1
torchinferno,tree_of_thought,833,348.80,0.00,398.33,1,2.51,1
torchinferno,tree_of_thought,834,311.81,0.00,366.55,1,2.73,1
torchinferno,tree_of_thought,835,366.98,68.93,435.91,2,4.59,1
torchinferno,tree_of_thought,836,214.90,25.10,240.00,2,8.33,1
torchinferno,tree_of_thought,837,365.13,0.00,405.05,1,2.47,1
torchinferno,tree_of_thought,838,371.85,54.20,426.05,2,4.69,1
torchinferno,tree_of_thought,839,371.30,61.86,433.16,2,4.62,1
torchinferno,tree_of_thought,840,440.87,7.12,447.99,2,4.46,1
torchinferno,tree_of_thought,841,195.61,0.00,245.25,1,4.08,1
torchinferno,tree_of_thought,842,227.92,0.00,277.44,1,3.60,1
torchinferno,tree_of_thought,843,159.40,0.00,223.22,1,4.48,1
torchinferno,tree_of_thought,844,192.31,18.40,210.71,2,9.49,1
torchinferno,tree_of_thought,845,323.69,31.20,354.89,2,5.64,1
torchinferno,tree_of_thought,846,382.32,0.00,396.63,1,2.52,1
torchinferno,tree_of_thought,847,265.13,0.00,283.97,1,3.52,1
torchinferno,tree_of_thought,848,235.21,32.89,268.10,2,7.46,1
torchinferno,tree_of_thought,849,145.19,0.00,197.24,1,5.07,1
torchinferno,tree_of_thought,850,182.05,47.48,229.53,2,8.71,1
torchinferno,tree_of_thought,851,118.54,68.99,187.53,2,10.67,1
torchinferno,tree_of_thought,852,131.00,0.00,162.73,1,6.15,1
torchinferno,tree_of_thought,853,365.07,0.00,383.56,1,2.61,1
torchinferno,tree_of_thought,854,324.41,0.00,382.09,1,2.62,1
torchinferno,tree_of_thought,855,301.10,0.00,359.13,1,2.78,1
torchinferno,tree_of_thought,856,368.06,73.30,441.35,2,4.53,1
torchinferno,tree_of_thought,857,321.14,22.30,343.44,2,5.82,1
torchinferno,tree_of_thought,858,285.10,0.00,331.05,1,3.02,1
torchinferno,tree_of_thought,859,204.26,0.00,257.15,1,3.89,1
torchinferno,tree_of_thought,860,229.88,64.64,294.52,2,6.79,1
torchinferno,tree_of_thought,861,261.02,74.92,335.94,2,5.95,1
torchinferno,tree_of_thought,862,344.99,24.83,369.82,2,5.41,1
torchinferno,tree_of_thought,863,318.65,70.01,388.66,2,5.15,1
torchinferno,tree_of_thought,864,318.47,0.00,323.64,1,3.09,1
torchinferno,tree_of_thought,865,289.03,0.00,368.02,1,2.72,1
torchinferno,tree_of_thought,866,353.50,85.81,439.31,2,4.55,1
torchinferno,tree_of_thought,867,205.49,24.86,230.34,2,8.68,1
torchinferno,tree_of_thought,868,478.52,0.00,528.22,1,1.89,1
torchinferno,tree_of_thought,869,528.76,0.00,586.93,1,1.70,1
torchinferno,tree_of_thought,870,509.41,0.00,513.81,1,1.95,1
torchinferno,tree_of_thought,871,505.90,72.06,577.96,2,3.46,1
torchinferno,tree_of_thought,872,240.28,0.00,301.59,1,3.32,1
torchinferno,tree_of_thought,873,185.36,69.90,255.26,2,7.84,1
torchinferno,tree_of_thought,874,241.55,74.50,316.05,2,6.33,1
torchinferno,tree_of_thought,875,208.63,0.00,286.89,1,3.49,1
torchinferno,tree_of_thought,876,296.80,0.00,309.99,1,3.23,1
torchinferno,tree_of_thought,877,344.06,0.00,356.11,1,2.81,1
torchinferno,tree_of_thought,878,280.34,20.93,301.27,2,6.64,1
torchinferno,tree_of_thought,879,248.48,28.75,277.23,2,7.21,1
torchinferno,tree_of_thought,880,169.88,0.00,217.86,1,4.59,1
torchinferno,tree_of_thought,881,137.54,0.00,196.78,1,5.08,1
torchinferno,tree_of_thought,882,194.72,65.26,259.98,2,7.69,1
torchinferno,tree_of_thought,883,159.43,0.00,178.56,1,5.60,1
torchinferno,tree_of_thought,884,362.96,0.00,379.69,1,2.63,1
torchinferno,tree_of_thought,885,358.95,0.00,407.70,1,2.45,1
torchinferno,tree_of_thought,886,303.26,0.00,355.45,1,2.81,1
torchinferno,tree_of_thought,887,330.52,0.00,393.00,1,2.54,1
torchinferno,tree_of_thought,888,333.90,0.00,346.48,1,2.89,1
torchinferno,tree_of_thought,889,240.97,0.00,303.61,1,3.29,1
torchinferno,tree_of_thought,890,219.41,0.00,289.70,1,3.45,1
torchinferno,tree_of_thought,891,303.42,0.00,373.16,1,2.68,1
torchinferno,tree_of_thought,892,267.22,84.98,352.20,2,5.68,1
torchinferno,tree_of_thought,893,347.40,0.00,366.35,1,2.73,1
torchinferno,tree_of_thought,894,339.36,0.00,398.28,1,2.51,1
torchinferno,tree_of_thought,895,359.23,73.84,433.07,2,4.62,1
torchinferno,tree_of_thought,896,302.09,67.26,369.35,2,5.41,1
torchinferno,tree_of_thought,897,314.56,25.78,340.34,2,5.88,1
torchinferno,tree_of_thought,898,201.65,27.74,229.38,2,8.72,1
torchinferno,tree_of_thought,899,482.22,0.00,538.43,1,1.86,1
torchinferno,tree_of_thought,900,548.34,60.18,608.51,2,3.29,1
torchinferno,tree_of_thought,901,461.23,75.09,536.33,2,3.73,1
torchinferno,tree_of_thought,902,512.05,83.31,595.37,2,3.36,1
torchinferno,tree_of_thought,903,182.61,0.00,238.30,1,4.20,1
torchinferno,tree_of_thought,904,226.54,0.00,270.87,1,3.69,1
torchinferno,tree_of_thought,905,184.52,0.00,189.75,1,5.27,1
torchinferno,tree_of_thought,906,161.61,71.16,232.77,2,8.59,1
torchinferno,tree_of_thought,907,340.23,19.94,360.16,2,5.55,1
torchinferno,tree_of_thought,908,298.49,0.00,320.65,1,3.12,1
torchinferno,tree_of_thought,909,280.11,0.00,293.93,1,3.40,1
torchinferno,tree_of_thought,910,244.70,31.70,276.40,2,7.24,1
torchinferno,tree_of_thought,911,186.86,0.00,241.87,1,4.13,1
torchinferno,tree_of_thought,912,132.37,0.00,186.77,1,5.35,1
torchinferno,tree_of_thought,913,166.94,0.00,236.55,1,4.23,1
torchinferno,tree_of_thought,914,152.17,0.00,181.70,1,5.50,1
torchinferno,tree_of_thought,915,349.86,0.00,364.87,1,2.74,1
torchinferno,tree_of_thought,916,364.19,0.00,402.39,1,2.49,1
torchinferno,tree_of_thought,917,327.74,0.00,379.86,1,2.63,1
torchinferno,tree_of_thought,918,388.13,62.97,451.10,2,4.43,1
torchinferno,tree_of_thought,919,297.12,73.56,370.68,2,5.40,1
torchinferno,tree_of_thought,920,277.88,0.00,321.96,1,3.11,1
torchinferno,tree_of_thought,921,252.85,0.00,328.24,1,3.05,1
torchinferno,tree_of_thought,922,247.93,25.72,273.64,2,7.31,1
torchinferno,tree_of_thought,923,230.61,55.37,452.09,5,11.06,0
torchinferno,tree_of_thought,924,207.48,24.07,231.55,2,8.64,1
torchinferno,tree_of_thought,925,358.00,0.00,408.17,1,2.45,1
torchinferno,tree_of_thought,926,294.51,57.68,352.19,2,5.68,1
torchinferno,tree_of_thought,927,298.14,32.47,330.62,2,6.05,1
torchinferno,tree_of_thought,928,323.98,39.29,402.56,3,7.45,1
torchinferno,tree_of_thought,929,213.60,22.17,235.77,2,8.48,1
torchinferno,tree_of_thought,930,472.86,0.00,520.60,1,1.92,1
torchinferno,tree_of_thought,931,469.93,0.00,490.70,1,2.04,1
torchinferno,tree_of_thought,932,471.94,0.00,488.20,1,2.05,1
torchinferno,tree_of_thought,933,515.24,0.00,519.97,1,1.92,1
torchinferno,tree_of_thought,934,222.45,0.00,261.28,1,3.83,1
torchinferno,tree_of_thought,935,188.14,0.00,250.51,1,3.99,1
torchinferno,tree_of_thought,936,239.57,70.34,309.91,2,6.45,1
torchinferno,tree_of_thought,937,162.31,0.00,223.73,1,4.47,1
torchinferno,tree_of_thought,938,296.40,0.00,312.68,1,3.20,1
torchinferno,tree_of_thought,939,333.15,0.00,355.47,1,2.81,1
torchinferno,tree_of_thought,940,240.93,28.92,269.85,2,7.41,1
torchinferno,tree_of_thought,941,277.24,27.20,304.44,2,6.57,1
torchinferno,tree_of_thought,942,136.57,0.00,194.70,1,5.14,1
torchinferno,tree_of_thought,943,137.24,0.00,156.60,1,6.39,1
torchinferno,tree_of_thought,944,115.79,79.51,195.30,2,10.24,1
torchinferno,tree_of_thought,945,167.47,83.63,251.10,2,7.97,1
torchinferno,tree_of_thought,946,356.95,0.00,369.61,1,2.71,1
torchinferno,tree_of_thought,947,375.63,0.00,444.31,1,2.25,1
torchinferno,tree_of_thought,948,310.64,0.00,387.76,1,2.58,1
torchinferno,tree_of_thought,949,324.79,35.03,359.82,2,5.56,1
torchinferno,tree_of_thought,950,355.30,75.41,430.72,2,4.64,1
torchinferno,tree_of_thought,951,223.77,62.97,286.74,2,6.97,1
torchinferno,tree_of_thought,952,255.95,65.46,321.41,2,6.22,1
torchinferno,tree_of_thought,953,267.68,0.00,274.16,1,3.65,1
torchinferno,tree_of_thought,954,278.87,83.33,362.20,2,5.52,1
torchinferno,tree_of_thought,955,343.59,25.45,369.04,2,5.42,1
torchinferno,tree_of_thought,956,291.44,0.00,313.43,1,3.19,1
torchinferno,tree_of_thought,957,275.83,0.00,340.37,1,2.94,1
torchinferno,tree_of_thought,958,309.28,0.00,388.07,1,2.58,1
torchinferno,tree_of_thought,959,348.01,70.60,418.61,2,4.78,1
torchinferno,tree_of_thought,960,196.24,17.75,231.74,3,12.95,0
torchinferno,tree_of_thought,961,448.55,0.00,520.84,1,1.92,1
torchinferno,tree_of_thought,962,487.91,67.32,555.24,2,3.60,1
torchinferno,tree_of_thought,963,497.49,0.00,501.56,1,1.99,1
torchinferno,tree_of_thought,964,494.78,0.00,506.78,1,1.97,1
torchinferno,tree_of_thought,965,170.10,0.00,217.91,1,4.59,1
torchinferno,tree_of_thought,966,202.96,0.00,249.85,1,4.00,1
torchinferno,tree_of_thought,967,224.95,0.00,291.85,1,3.43,1
torchinferno,tree_of_thought,968,189.52,28.57,218.09,2,9.17,1
torchinferno,tree_of_thought,969,300.81,0.00,317.81,1,3.15,1
torchinferno,tree_of_thought,970,341.93,20.44,362.37,2,5.52,1
torchinferno,tree_of_thought,971,254.82,0.00,262.20,1,3.81,1
torchinferno,tree_of_thought,972,282.18,28.56,310.74,2,6.44,1
torchinferno,tree_of_thought,973,191.23,67.12,258.35,2,7.74,1
torchinferno,tree_of_thought,974,143.49,0.00,205.62,1,4.86,1
torchinferno,tree_of_thought,975,118.61,68.32,186.93,2,10.70,1
torchinferno,tree_of_thought,976,170.31,73.17,243.47,2,8.21,0
torchinferno,tree_of_thought,977,364.95,0.00,382.21,1,2.62,1
torchinferno,tree_of_thought,978,328.41,0.00,368.39,1,2.71,1
torchinferno,tree_of_thought,979,356.14,0.00,413.02,1,2.42,1
torchinferno,tree_of_thought,980,298.82,68.68,367.50,2,5.44,1
torchinferno,tree_of_thought,981,301.99,41.42,343.40,2,5.82,1
torchinferno,tree_of_thought,982,285.18,0.00,331.76,1,3.01,1
torchinferno,tree_of_thought,983,221.23,0.00,275.74,1,3.63,1
torchinferno,tree_of_thought,984,240.78,0.00,260.26,1,3.84,1
torchinferno,tree_of_thought,985,255.83,66.13,321.96,2,6.21,1
torchinferno,tree_of_thought,986,348.05,24.94,372.98,2,5.36,1
torchinferno,tree_of_thought,987,288.29,0.00,342.30,1,2.92,1
torchinferno,tree_of_thought,988,326.04,0.00,379.70,1,2.63,1
torchinferno,tree_of_thought,989,307.31,0.00,326.28,1,3.06,1
torchinferno,tree_of_thought,990,357.13,0.00,444.00,1,2.25,1
torchinferno,tree_of_thought,991,202.74,37.80,353.96,5,14.13,0
torchinferno,long_output,0,488.17,118.23,1433.99,9,6.28,1
torchinferno,long_output,1,484.64,119.27,1438.82,9,6.26,1
torchinferno,long_output,2,482.49,107.68,1451.59,10,6.89,1
torchinferno,long_output,3,483.03,108.75,1461.81,10,6.84,1
torchinferno,long_output,4,1164.30,51.45,1575.90,9,5.71,1
torchinferno,long_output,5,1152.35,42.06,1572.91,11,6.99,1
torchinferno,long_output,6,1154.71,43.17,1586.38,11,6.93,1
torchinferno,long_output,7,1158.92,48.32,1593.83,10,6.27,1
torchinferno,long_output,8,1164.70,43.42,1598.92,11,6.88,1
torchinferno,long_output,9,1149.85,40.54,1595.79,12,7.52,1
torchinferno,long_output,10,1146.43,37.07,1591.28,13,8.17,1
torchinferno,long_output,11,1146.51,41.42,1602.16,12,7.49,1
torchinferno,long_output,12,1145.30,38.44,1606.52,13,8.09,1
torchinferno,long_output,13,1142.43,35.43,1603.08,14,8.73,1
torchinferno,long_output,14,1158.94,42.30,1624.29,12,7.39,1
torchinferno,long_output,15,1133.85,36.90,1613.56,14,8.68,1
torchinferno,long_output,16,1140.10,33.50,1609.10,15,9.32,1
torchinferno,long_output,17,1131.59,34.81,1618.89,15,9.27,1
torchinferno,long_output,18,1136.34,31.94,1615.38,16,9.90,1
torchinferno,long_output,19,1138.18,34.74,1624.47,15,9.23,1
torchinferno,long_output,20,1122.11,34.00,1632.05,16,9.80,1
torchinferno,long_output,21,1125.04,33.86,1633.01,16,9.80,1
torchinferno,long_output,22,1116.24,29.69,1621.05,18,11.10,1
torchinferno,long_output,23,1113.31,32.66,1635.88,17,10.39,1
torchinferno,long_output,24,1129.46,32.11,1643.24,17,10.35,1
torchinferno,long_output,25,1152.20,43.22,1670.90,13,7.78,1
torchinferno,long_output,26,1141.57,40.47,1667.73,14,8.39,1
torchinferno,long_output,27,1093.35,29.94,1632.26,19,11.64,1
torchinferno,long_output,28,1104.11,28.38,1643.33,20,12.17,1
torchinferno,long_output,29,1093.45,28.93,1643.19,20,12.17,1
torchinferno,long_output,30,1109.84,32.29,1658.70,18,10.85,1
torchinferno,long_output,31,1115.28,34.80,1672.07,17,10.17,1
torchinferno,long_output,32,1099.02,31.02,1657.44,19,11.46,1
torchinferno,long_output,33,1088.65,29.99,1658.54,20,12.06,1
torchinferno,long_output,34,1098.83,27.92,1657.21,21,12.67,1
torchinferno,long_output,35,1106.39,31.51,1673.66,19,11.35,1
torchinferno,long_output,36,1109.59,34.01,1687.69,18,10.67,1
torchinferno,long_output,37,1094.16,29.16,1677.39,21,12.52,1
torchinferno,long_output,38,1095.31,27.48,1672.48,22,13.15,1
torchinferno,long_output,39,1074.26,26.93,1666.66,23,13.80,1
torchinferno,long_output,40,1090.65,29.59,1682.51,21,12.48,1
torchinferno,long_output,41,1085.38,28.31,1679.88,22,13.10,1
torchinferno,long_output,42,1070.88,27.53,1676.56,23,13.72,1
torchinferno,long_output,43,1095.52,28.30,1689.76,22,13.02,1
torchinferno,long_output,44,1082.42,27.48,1687.05,23,13.63,1
torchinferno,long_output,45,1077.59,39.95,1996.45,24,12.02,1
torchinferno,long_output,46,1074.64,40.67,2010.09,24,11.94,1
torchinferno,long_output,47,1070.67,40.82,2009.62,24,11.94,1
torchinferno,long_output,48,1066.94,39.51,2015.11,25,12.41,1
torchinferno,long_output,49,1072.03,39.48,2019.62,25,12.38,1
torchinferno,long_output,50,1071.70,39.47,2018.99,25,12.38,1
torchinferno,long_output,51,1071.35,37.90,2018.90,26,12.88,1
torchinferno,long_output,52,1355.05,27.07,2031.87,26,12.80,1
torchinferno,long_output,53,1318.84,28.87,2040.60,26,12.74,1
torchinferno,long_output,54,1317.83,27.59,2035.11,27,13.27,1
torchinferno,long_output,55,1308.64,28.15,2040.51,27,13.23,1
torchinferno,long_output,56,1314.07,28.12,2045.25,27,13.20,1
torchinferno,long_output,57,1315.03,27.14,2047.85,28,13.67,1
torchinferno,long_output,58,1330.47,26.58,2048.20,28,13.67,1
torchinferno,long_output,59,1308.18,27.66,2055.13,28,13.62,1
torchinferno,long_output,60,1298.84,26.85,2050.75,29,14.14,1
torchinferno,long_output,61,1309.58,26.65,2055.83,29,14.11,1
torchinferno,long_output,62,1306.49,26.69,2053.94,29,14.12,1
torchinferno,long_output,63,1297.42,26.04,2052.68,30,14.62,1
torchinferno,long_output,64,671.38,24.35,1377.47,30,21.78,1
torchinferno,long_output,65,663.04,24.41,1370.92,30,21.88,1
torchinferno,long_output,66,649.42,24.24,1376.72,31,22.52,1
torchinferno,long_output,67,525.46,23.47,1252.95,32,25.54,1
torchinferno,long_output,68,633.99,24.86,1379.67,31,22.47,1
torchinferno,long_output,69,472.94,23.08,1234.68,34,27.54,1
torchinferno,long_output,70,523.23,25.63,1292.14,31,23.99,1
torchinferno,long_output,71,480.50,23.72,1263.25,34,26.91,1
torchinferno,long_output,72,441.89,22.65,1234.55,36,29.16,1
torchinferno,long_output,73,495.96,24.67,1285.56,33,25.67,1
torchinferno,long_output,74,440.88,22.92,1243.23,36,28.96,1
torchinferno,long_output,75,458.51,23.70,1264.17,35,27.69,1
torchinferno,long_output,76,422.64,22.39,1228.78,37,30.11,1
torchinferno,long_output,77,481.76,25.35,1292.88,33,25.52,1
torchinferno,long_output,78,457.65,23.91,1270.65,35,27.54,1
torchinferno,long_output,79,506.23,26.41,1325.06,32,24.15,1
torchinferno,long_output,80,452.32,24.39,1281.45,35,27.31,1
torchinferno,long_output,81,815.35,17.63,1361.79,32,23.50,1
torchinferno,long_output,82,797.43,17.49,1357.26,33,24.31,1
torchinferno,long_output,83,778.34,17.00,1339.43,34,25.38,1
torchinferno,long_output,84,414.41,23.71,1291.80,38,29.42,1
torchinferno,long_output,85,747.73,17.25,1351.42,36,26.64,1
torchinferno,long_output,86,746.38,17.05,1360.27,37,27.20,1
torchinferno,long_output,87,731.65,17.06,1362.72,38,27.89,1
torchinferno,long_output,88,725.78,17.04,1356.31,38,28.02,1
torchinferno,long_output,89,731.62,17.77,1371.48,37,26.98,1
torchinferno,long_output,90,724.36,17.00,1370.39,39,28.46,1
torchinferno,long_output,91,695.47,17.41,1356.97,39,28.74,1
torchinferno,long_output,92,705.48,17.53,1371.72,39,28.43,1
torchinferno,long_output,93,698.32,18.03,1401.51,40,28.54,1
torchinferno,long_output,94,693.16,18.49,1414.13,40,28.29,1
torchinferno,long_output,95,699.95,18.55,1423.46,40,28.10,1
torchinferno,long_output,96,677.25,18.40,1413.11,41,29.01,1
torchinferno,long_output,97,684.07,18.23,1413.34,41,29.01,1
torchinferno,long_output,98,696.24,18.44,1433.87,41,28.59,1
torchinferno,long_output,99,681.50,18.34,1433.25,42,29.30,1
torchinferno,long_output,100,657.90,18.08,1417.34,43,30.34,1
torchinferno,long_output,101,664.09,18.47,1421.36,42,29.55,1
torchinferno,long_output,102,672.34,18.43,1427.84,42,29.41,1
torchinferno,long_output,103,641.33,17.88,1410.13,44,31.20,1
torchinferno,long_output,104,657.30,18.24,1423.41,43,30.21,1
torchinferno,long_output,105,645.87,18.30,1432.91,44,30.71,1
torchinferno,long_output,106,645.20,18.29,1431.83,44,30.73,1
torchinferno,long_output,107,635.62,18.02,1428.71,45,31.50,1
torchinferno,long_output,108,655.14,18.86,1447.09,43,29.71,1
torchinferno,long_output,109,311.83,18.03,1105.09,45,40.72,1
torchinferno,long_output,110,322.86,18.13,1120.51,45,40.16,1
torchinferno,long_output,111,301.19,17.97,1109.68,46,41.45,1
torchinferno,long_output,112,294.83,17.61,1104.74,47,42.54,1
torchinferno,long_output,113,308.30,16.98,1089.37,47,43.14,1
torchinferno,long_output,114,296.49,18.31,1120.55,46,41.05,1
torchinferno,long_output,115,292.80,17.95,1118.39,47,42.02,1
torchinferno,long_output,116,298.99,18.31,1123.13,46,40.96,1
torchinferno,long_output,117,278.01,27.78,1583.61,48,30.31,1
torchinferno,long_output,118,249.62,27.86,1587.01,49,30.88,1
torchinferno,long_output,119,436.10,30.49,1869.22,48,25.68,1
torchinferno,long_output,120,468.12,30.49,1901.04,48,25.25,1
torchinferno,long_output,121,414.54,29.89,1879.05,50,26.61,1
torchinferno,long_output,122,436.08,29.78,1895.19,50,26.38,1
torchinferno,long_output,123,426.18,30.71,1900.49,49,25.78,1
torchinferno,long_output,124,432.94,30.70,1906.71,49,25.70,1
torchinferno,long_output,125,415.56,29.57,1894.28,51,26.92,1
torchinferno,long_output,126,424.28,30.23,1905.72,50,26.24,1
torchinferno,long_output,127,402.69,29.95,1900.16,51,26.84,1
torchinferno,long_output,128,815.82,14.55,932.22,9,9.65,1
torchinferno,long_output,129,809.58,16.82,944.16,9,9.53,1
torchinferno,long_output,130,799.06,15.28,936.61,10,10.68,1
torchinferno,long_output,131,795.88,15.83,938.39,10,10.66,1
torchinferno,long_output,132,810.01,20.74,975.91,9,9.22,1
torchinferno,long_output,133,322.59,19.40,497.14,10,20.12,1
torchinferno,long_output,134,287.83,19.89,486.76,11,22.60,1
torchinferno,long_output,135,448.94,17.05,619.42,11,17.76,1
torchinferno,long_output,136,418.67,16.60,601.22,12,19.96,1
torchinferno,long_output,137,406.46,15.02,586.75,13,22.16,1
torchinferno,long_output,138,404.02,17.70,598.74,12,20.04,1
torchinferno,long_output,139,427.13,20.43,631.46,11,17.42,1
torchinferno,long_output,140,401.91,17.09,606.94,13,21.42,1
torchinferno,long_output,141,302.07,16.83,520.83,14,26.88,1
torchinferno,long_output,142,395.94,17.64,607.65,13,21.39,1
torchinferno,long_output,143,384.88,17.49,612.25,14,22.87,1
torchinferno,long_output,144,405.13,21.85,645.45,12,18.59,1
torchinferno,long_output,145,323.84,32.67,1957.35,51,26.06,1
torchinferno,long_output,146,300.29,32.12,1938.36,52,26.83,1
torchinferno,long_output,147,318.91,32.39,1971.02,52,26.38,1
torchinferno,long_output,148,306.50,32.27,1952.30,52,26.64,1
torchinferno,long_output,149,292.81,31.98,1955.52,53,27.10,1
torchinferno,long_output,150,263.88,32.19,1937.65,53,27.35,1
torchinferno,long_output,151,245.63,31.45,1912.58,54,28.23,1
torchinferno,long_output,152,240.90,31.69,1920.39,54,28.12,1
torchinferno,long_output,153,222.54,31.20,1907.13,55,28.84,1
torchinferno,long_output,154,261.87,32.40,1946.70,53,27.23,1
torchinferno,long_output,155,220.36,31.55,1923.96,55,28.59,1
torchinferno,long_output,156,240.42,31.17,1954.86,56,28.65,1
torchinferno,long_output,157,213.73,31.97,1972.19,56,28.39,1
torchinferno,long_output,158,836.76,23.14,2063.44,54,26.17,1
torchinferno,long_output,159,834.51,22.84,2067.70,55,26.60,1
torchinferno,long_output,160,820.22,23.37,2105.64,56,26.60,1
torchinferno,long_output,161,785.98,23.19,2084.65,57,27.34,1
torchinferno,long_output,162,804.84,23.61,2126.90,57,26.80,1
torchinferno,long_output,163,762.42,23.81,2095.64,57,27.20,1
torchinferno,long_output,164,725.60,23.43,2061.40,58,28.14,1
torchinferno,long_output,165,776.56,23.24,2101.36,58,27.60,1
torchinferno,long_output,166,753.22,23.62,2099.72,58,27.62,1
torchinferno,long_output,167,688.03,23.21,2034.27,59,29.00,1
torchinferno,long_output,168,691.76,23.33,2045.12,59,28.85,1
torchinferno,long_output,169,661.73,23.13,2026.56,60,29.61,1
torchinferno,long_output,170,608.81,22.97,1987.28,61,30.70,1
torchinferno,long_output,171,598.18,22.48,1969.25,62,31.48,1
torchinferno,long_output,172,707.58,23.74,2084.29,59,28.31,1
torchinferno,long_output,173,669.08,23.39,2049.16,60,29.28,1
torchinferno,long_output,174,678.10,23.57,2068.44,60,29.01,1
torchinferno,long_output,175,600.93,22.64,1982.07,62,31.28,1
torchinferno,long_output,176,608.32,22.43,1976.62,62,31.37,1
torchinferno,long_output,177,691.90,18.41,949.59,15,15.80,1
torchinferno,long_output,178,704.95,20.13,966.58,14,14.48,1
torchinferno,long_output,179,663.31,23.35,2064.44,61,29.55,1
torchinferno,long_output,180,661.62,19.44,933.75,15,16.06,1
torchinferno,long_output,181,637.86,18.48,915.10,16,17.48,1
torchinferno,long_output,182,224.44,18.56,502.89,16,31.82,1
torchinferno,long_output,183,617.83,23.38,2020.62,61,30.19,1
torchinferno,long_output,184,203.63,18.29,496.34,17,34.25,1
torchinferno,long_output,185,179.79,18.15,488.42,18,36.85,1
torchinferno,long_output,186,685.47,22.62,1002.20,15,14.97,1
torchinferno,long_output,187,177.16,17.48,491.75,19,38.64,1
torchinferno,long_output,188,176.87,17.29,488.13,19,38.92,1
torchinferno,long_output,189,634.67,21.40,955.67,16,16.74,1
torchinferno,long_output,190,211.20,20.29,535.81,17,31.73,1
torchinferno,long_output,191,202.33,21.41,544.92,17,31.20,1
torchinferno,long_output,192,186.63,20.82,540.62,18,33.29,1
torchinferno,long_output,193,158.56,19.67,512.66,19,37.06,1
torchinferno,long_output,194,862.09,19.49,2070.41,63,30.43,1
torchinferno,long_output,195,878.42,19.54,2089.99,63,30.14,1
torchinferno,long_output,196,865.81,19.62,2082.04,63,30.26,1
torchinferno,long_output,197,846.47,21.01,2170.08,64,29.49,1
torchinferno,long_output,198,856.63,21.12,2187.38,64,29.26,1
torchinferno,long_output,199,852.33,21.17,2186.08,64,29.28,1
torchinferno,long_output,200,849.63,20.92,2188.67,65,29.70,1
torchinferno,long_output,201,826.66,21.06,2174.32,65,29.89,1
torchinferno,long_output,202,843.86,20.89,2181.09,65,29.80,1
torchinferno,long_output,203,829.87,20.75,2178.93,66,30.29,1
torchinferno,long_output,204,827.97,20.96,2190.05,66,30.14,1
torchinferno,long_output,205,818.48,20.68,2183.43,67,30.69,1
torchinferno,long_output,206,337.47,22.39,718.04,18,25.07,1
torchinferno,long_output,207,820.31,20.79,2192.51,67,30.56,1
torchinferno,long_output,208,243.50,20.72,637.19,20,31.39,1
torchinferno,long_output,209,837.01,21.22,2216.10,66,29.78,1
torchinferno,long_output,210,273.43,19.50,643.97,20,31.06,1
torchinferno,long_output,211,251.68,19.48,641.31,21,32.75,1
torchinferno,long_output,212,237.63,20.05,638.66,21,32.88,1
torchinferno,long_output,213,218.95,20.97,638.28,21,32.90,1
torchinferno,long_output,214,274.34,21.29,678.86,20,29.46,1
torchinferno,long_output,215,224.01,20.00,643.93,22,34.17,1
torchinferno,long_output,216,219.69,20.34,646.89,22,34.01,1
torchinferno,long_output,217,218.22,20.58,650.31,22,33.83,1
torchinferno,long_output,218,162.86,19.92,601.18,23,38.26,1
torchinferno,long_output,219,215.79,19.92,654.10,23,35.16,1
torchinferno,long_output,220,202.22,19.84,638.60,23,36.02,1
torchinferno,long_output,221,136.77,24.16,692.54,24,34.66,1
torchinferno,long_output,222,389.40,24.08,943.29,24,25.44,1
torchinferno,long_output,223,400.00,24.81,970.70,24,24.72,1
torchinferno,long_output,224,354.84,22.83,902.80,25,27.69,1
torchinferno,long_output,225,317.56,23.74,887.39,25,28.17,1
torchinferno,long_output,226,314.32,24.78,909.10,25,27.50,1
torchinferno,long_output,227,287.09,23.73,880.43,26,29.53,1
torchinferno,long_output,228,268.94,23.57,881.87,27,30.62,1
torchinferno,long_output,229,278.12,24.81,898.30,26,28.94,1
torchinferno,long_output,230,275.37,23.91,897.13,27,30.10,1
torchinferno,long_output,231,235.21,23.60,872.34,28,32.10,1
torchinferno,long_output,232,259.51,24.53,897.27,27,30.09,1
torchinferno,long_output,233,253.27,23.34,883.55,28,31.69,1
torchinferno,long_output,234,227.81,22.27,873.55,30,34.34,1
torchinferno,long_output,235,292.16,25.27,923.88,26,28.14,1
torchinferno,long_output,236,215.04,21.74,867.29,31,35.74,1
torchinferno,long_output,237,242.73,23.30,895.16,29,32.40,1
torchinferno,long_output,238,265.81,21.91,901.30,30,33.29,1
torchinferno,long_output,239,244.14,23.69,907.34,29,31.96,1
torchinferno,long_output,240,259.85,23.88,928.43,29,31.24,1
torchinferno,long_output,241,167.71,21.09,863.78,34,39.36,1
torchinferno,long_output,242,216.09,23.48,920.63,31,33.67,1
torchinferno,long_output,243,206.52,23.28,928.27,32,34.47,1
torchinferno,long_output,244,479.22,19.23,998.52,28,28.04,1
torchinferno,long_output,245,434.39,19.08,987.84,30,30.37,1
torchinferno,long_output,246,437.88,18.64,997.04,31,31.09,1
torchinferno,long_output,247,421.66,20.42,1054.77,32,30.34,1
torchinferno,long_output,248,425.08,19.77,1057.85,33,31.20,1
torchinferno,long_output,249,423.64,20.71,1065.68,32,30.03,1
torchinferno,long_output,250,398.21,20.48,1053.46,33,31.33,1
torchinferno,long_output,251,389.40,20.93,1059.26,33,31.15,1
torchinferno,long_output,252,387.46,20.24,1055.34,34,32.22,1
torchinferno,long_output,253,351.83,19.99,1031.41,35,33.93,1
torchinferno,long_output,254,385.39,20.74,1069.91,34,31.78,1
torchinferno,long_output,255,381.00,19.91,1058.03,35,33.08,1
torchinferno,long_output,256,325.25,20.02,1025.88,36,35.09,1
torchinferno,long_output,257,325.84,19.92,1023.12,36,35.19,1
torchinferno,long_output,258,348.62,20.82,1056.47,35,33.13,1
torchinferno,long_output,259,348.23,20.20,1055.08,36,34.12,1
torchinferno,long_output,260,217.14,20.02,937.81,37,39.45,1
torchinferno,long_output,261,212.59,19.54,935.71,38,40.61,1
torchinferno,long_output,262,199.47,19.69,928.04,38,40.95,1
torchinferno,long_output,263,193.92,19.12,920.36,39,42.37,1
torchinferno,long_output,264,318.43,20.60,1059.87,37,34.91,1
torchinferno,long_output,265,187.57,19.80,939.85,39,41.50,1
torchinferno,long_output,266,173.41,20.59,976.43,40,40.97,1
torchinferno,long_output,267,421.30,18.42,1084.40,37,34.12,1
torchinferno,long_output,268,422.33,18.16,1094.17,38,34.73,1
torchinferno,long_output,269,401.83,17.91,1082.44,39,36.03,1
torchinferno,long_output,270,387.92,22.46,1263.83,40,31.65,1
torchinferno,long_output,271,392.54,22.59,1273.74,40,31.40,1
torchinferno,long_output,272,371.60,22.59,1275.37,41,32.15,1
torchinferno,long_output,273,368.45,22.78,1279.57,41,32.04,1
torchinferno,long_output,274,351.79,22.44,1271.68,42,33.03,1
torchinferno,long_output,275,334.74,22.33,1272.43,43,33.79,1
torchinferno,long_output,276,378.68,23.47,1317.35,41,31.12,1
torchinferno,long_output,277,344.24,23.39,1303.11,42,32.23,1
torchinferno,long_output,278,364.71,23.56,1330.56,42,31.57,1
torchinferno,long_output,279,207.94,22.26,1187.19,45,37.90,1
torchinferno,long_output,280,330.04,22.83,1311.64,44,33.55,1
torchinferno,long_output,281,327.54,22.31,1309.21,45,34.37,1
torchinferno,long_output,282,349.82,23.55,1338.80,43,32.12,1
torchinferno,long_output,283,328.25,23.14,1323.20,44,33.25,1
torchinferno,long_output,284,341.59,23.97,1348.16,43,31.90,1
torchinferno,long_output,285,320.85,23.72,1340.71,44,32.82,1
torchinferno,long_output,286,268.66,27.65,1512.82,46,30.41,1
torchinferno,long_output,287,285.28,28.47,1537.89,45,29.26,1
torchinferno,long_output,288,278.67,27.73,1526.69,46,30.13,1
torchinferno,long_output,289,229.83,26.96,1496.73,48,32.07,1
torchinferno,long_output,290,229.54,27.64,1501.15,47,31.31,1
torchinferno,long_output,291,222.33,27.04,1493.28,48,32.14,1
torchinferno,long_output,292,250.69,27.66,1522.87,47,30.86,1
torchinferno,long_output,293,283.49,28.02,1544.26,46,29.79,1
torchinferno,long_output,294,202.52,27.04,1500.65,49,32.65,1
torchinferno,long_output,295,247.44,28.37,1552.31,47,30.28,1
torchinferno,long_output,296,179.19,26.16,1487.13,51,34.29,1
torchinferno,long_output,297,203.24,27.67,1531.23,49,32.00,1
torchinferno,long_output,298,202.86,27.53,1551.78,50,32.22,1
torchinferno,long_output,299,147.45,26.54,1501.09,52,34.64,1
torchinferno,long_output,300,397.02,30.81,1845.17,48,26.01,1
torchinferno,long_output,301,394.68,30.59,1863.20,49,26.30,1
torchinferno,long_output,302,374.62,30.40,1864.16,50,26.82,1
torchinferno,long_output,303,328.14,30.11,1833.41,51,27.82,1
torchinferno,long_output,304,351.47,30.25,1863.89,51,27.36,1
torchinferno,long_output,305,323.98,29.79,1843.29,52,28.21,1
torchinferno,long_output,306,300.24,29.88,1824.26,52,28.50,1
torchinferno,long_output,307,247.54,29.44,1778.64,53,29.80,1
torchinferno,long_output,308,260.38,29.58,1798.64,53,29.47,1
torchinferno,long_output,309,376.95,31.29,1910.28,50,26.17,1
torchinferno,long_output,310,279.39,29.74,1825.81,53,29.03,1
torchinferno,long_output,311,173.30,29.25,1723.36,54,31.33,1
torchinferno,long_output,312,164.59,29.17,1710.69,54,31.57,1
torchinferno,long_output,313,326.67,20.21,528.81,11,20.80,1
torchinferno,long_output,314,361.82,22.47,564.05,10,17.73,1
torchinferno,long_output,315,460.75,26.50,1865.49,54,28.95,1
torchinferno,long_output,316,431.85,26.32,1853.38,55,29.68,1
torchinferno,long_output,317,458.33,26.12,1869.00,55,29.43,1
torchinferno,long_output,318,445.48,26.27,1864.32,55,29.50,1
torchinferno,long_output,319,428.31,26.54,1888.22,56,29.66,1
torchinferno,long_output,320,433.47,26.87,1911.25,56,29.30,1
torchinferno,long_output,321,422.67,26.96,1905.33,56,29.39,1
torchinferno,long_output,322,535.47,21.39,706.62,9,12.74,1
torchinferno,long_output,323,405.19,26.50,1889.17,57,30.17,1
torchinferno,long_output,324,405.77,26.64,1897.61,57,30.04,1
torchinferno,long_output,325,407.73,26.67,1901.42,57,29.98,1
torchinferno,long_output,326,519.44,24.81,717.95,9,12.54,1
torchinferno,long_output,327,399.51,26.42,1905.62,58,30.44,1
torchinferno,long_output,328,392.68,26.31,1892.33,58,30.65,1
torchinferno,long_output,329,370.05,26.23,1891.48,59,31.19,1
torchinferno,long_output,330,480.14,20.18,681.97,11,16.13,1
torchinferno,long_output,331,464.64,19.19,675.69,12,17.76,1
torchinferno,long_output,332,390.12,26.68,1911.04,58,30.35,1
torchinferno,long_output,333,526.59,26.15,735.79,9,12.23,1
torchinferno,long_output,334,517.76,24.15,735.09,10,13.60,1
torchinferno,long_output,335,497.54,25.26,724.91,10,13.79,1
torchinferno,long_output,336,446.32,19.47,660.47,12,18.17,1
torchinferno,long_output,337,492.64,23.03,722.95,11,15.22,1
torchinferno,long_output,338,173.45,18.06,390.17,13,33.32,1
torchinferno,long_output,339,366.88,26.71,1916.21,59,30.79,1
torchinferno,long_output,340,430.23,22.06,672.86,12,17.83,1
torchinferno,long_output,341,353.59,26.54,1919.40,60,31.26,1
torchinferno,long_output,342,305.44,26.50,1868.77,60,32.11,1
torchinferno,long_output,343,368.12,27.11,1940.26,59,30.41,1
torchinferno,long_output,344,269.63,16.32,465.43,13,27.93,1
torchinferno,long_output,345,287.18,16.49,485.03,13,26.80,1
torchinferno,long_output,346,249.77,15.62,452.88,14,30.91,1
torchinferno,long_output,347,262.18,16.08,471.22,14,29.71,1
torchinferno,long_output,348,269.38,14.75,461.12,14,30.36,1
torchinferno,long_output,349,230.52,15.58,448.64,15,33.43,1
torchinferno,long_output,350,252.41,15.29,466.45,15,32.16,1
torchinferno,long_output,351,229.52,16.18,456.05,15,32.89,1
torchinferno,long_output,352,233.25,22.72,574.02,16,27.87,1
torchinferno,long_output,353,238.57,22.18,571.22,16,28.01,1
torchinferno,long_output,354,231.29,23.00,576.32,16,27.76,1
torchinferno,long_output,355,150.58,20.45,477.82,17,35.58,1
torchinferno,long_output,356,222.85,23.28,595.31,17,28.56,1
torchinferno,long_output,357,795.09,22.20,2104.67,60,28.51,1
torchinferno,long_output,358,780.56,21.76,2086.03,61,29.24,1
torchinferno,long_output,359,573.65,22.12,1900.93,61,32.09,1
torchinferno,long_output,360,537.45,22.03,1881.43,62,32.95,1
torchinferno,long_output,361,533.73,22.12,1882.83,62,32.93,1
torchinferno,long_output,362,509.11,21.81,1861.08,63,33.85,1
torchinferno,long_output,363,557.43,22.16,1908.98,62,32.48,1
torchinferno,long_output,364,540.51,21.72,1887.35,63,33.38,1
torchinferno,long_output,365,765.90,22.80,2133.98,61,28.59,1
torchinferno,long_output,366,511.72,22.03,1877.80,63,33.55,1
torchinferno,long_output,367,484.49,22.77,1919.15,64,33.35,1
torchinferno,long_output,368,465.03,22.49,1904.46,65,34.13,1
torchinferno,long_output,369,453.84,22.67,1904.80,65,34.12,1
torchinferno,long_output,370,470.86,22.76,1927.34,65,33.73,1
torchinferno,long_output,371,504.71,23.28,1971.09,64,32.47,1
torchinferno,long_output,372,453.07,22.94,820.10,17,20.73,1
torchinferno,long_output,373,391.36,22.76,778.33,18,23.13,1
torchinferno,long_output,374,334.05,21.93,728.79,19,26.07,1
torchinferno,long_output,375,345.79,22.69,754.14,19,25.19,1
torchinferno,long_output,376,402.14,24.35,816.02,18,22.06,1
torchinferno,long_output,377,401.01,23.52,800.93,18,22.47,1
torchinferno,long_output,378,378.55,24.48,819.11,19,23.20,1
torchinferno,long_output,379,314.02,23.60,762.38,20,26.23,1
torchinferno,long_output,380,330.91,21.39,758.64,21,27.68,1
torchinferno,long_output,381,301.29,21.25,747.51,22,29.43,1
torchinferno,long_output,382,321.74,23.58,769.69,20,25.98,1
torchinferno,long_output,383,299.40,21.49,750.74,22,29.30,1
torchinferno,long_output,384,298.19,21.70,753.91,22,29.18,1
torchinferno,long_output,385,320.31,23.09,782.19,21,26.85,1
torchinferno,long_output,386,294.53,23.90,772.61,21,27.18,1
torchinferno,long_output,387,288.75,21.58,763.48,23,30.13,1
torchinferno,long_output,388,316.15,20.50,767.14,23,29.98,1
torchinferno,long_output,389,272.06,21.45,765.45,24,31.35,1
torchinferno,long_output,390,257.22,20.79,756.29,25,33.06,1
torchinferno,long_output,391,275.61,21.82,777.48,24,30.87,1
torchinferno,long_output,392,242.27,20.35,751.10,26,34.62,1
torchinferno,long_output,393,288.29,21.61,785.28,24,30.56,1
torchinferno,long_output,394,289.95,23.03,796.72,23,28.87,1
torchinferno,long_output,395,251.85,20.61,767.12,26,33.89,1
torchinferno,long_output,396,276.99,21.41,790.73,25,31.62,1
torchinferno,long_output,397,270.29,21.61,788.89,25,31.69,1
torchinferno,long_output,398,142.30,20.39,672.56,27,40.14,1
torchinferno,long_output,399,230.49,20.72,769.14,27,35.10,1
torchinferno,long_output,400,323.57,28.18,858.95,20,23.28,1
torchinferno,long_output,401,265.50,20.09,787.96,27,34.27,1
torchinferno,long_output,402,259.24,21.94,807.85,26,32.18,1
torchinferno,long_output,403,152.21,20.63,709.21,28,39.48,1
torchinferno,long_output,404,1094.52,20.26,2370.82,64,26.99,1
torchinferno,long_output,405,1023.60,20.37,2347.78,66,28.11,1
torchinferno,long_output,406,1042.89,20.57,2379.83,66,27.73,1
torchinferno,long_output,407,1036.06,20.60,2374.82,66,27.79,1
torchinferno,long_output,408,405.42,20.07,1730.34,67,38.72,1
torchinferno,long_output,409,383.70,20.27,1721.26,67,38.92,1
torchinferno,long_output,410,313.11,19.52,840.29,28,33.32,1
torchinferno,long_output,411,319.92,19.54,847.53,28,33.04,1
torchinferno,long_output,412,293.55,19.55,841.03,29,34.48,1
torchinferno,long_output,413,316.28,19.24,854.99,29,33.92,1
torchinferno,long_output,414,301.23,19.49,847.00,29,34.24,1
torchinferno,long_output,415,289.42,19.35,850.62,30,35.27,1
torchinferno,long_output,416,157.05,18.86,722.93,31,42.88,1
torchinferno,long_output,417,144.21,18.84,709.41,31,43.70,1
torchinferno,long_output,418,165.08,19.01,735.37,31,42.16,1
torchinferno,long_output,419,166.44,19.87,742.53,30,40.40,1
torchinferno,long_output,420,353.04,20.60,950.35,30,31.57,1
torchinferno,long_output,421,297.79,21.86,975.33,32,32.81,1
torchinferno,long_output,422,283.70,22.10,968.67,32,33.04,1
torchinferno,long_output,423,266.00,21.81,964.04,33,34.23,1
torchinferno,long_output,424,267.01,22.06,972.98,33,33.92,1
torchinferno,long_output,425,272.54,22.87,981.42,32,32.61,1
torchinferno,long_output,426,236.71,21.63,950.64,34,35.77,1
torchinferno,long_output,427,252.86,22.90,985.57,33,33.48,1
torchinferno,long_output,428,250.93,22.33,987.90,34,34.42,1
torchinferno,long_output,429,239.20,21.64,974.84,35,35.90,1
torchinferno,long_output,430,174.02,21.79,914.96,35,38.25,1
torchinferno,long_output,431,167.28,21.35,914.54,36,39.36,1
torchinferno,long_output,432,247.20,23.06,1008.07,34,33.73,1
torchinferno,long_output,433,142.27,22.33,923.89,36,38.97,1
torchinferno,long_output,434,178.39,22.44,941.35,35,37.18,1
torchinferno,long_output,435,257.91,22.68,1074.21,37,34.44,1
torchinferno,long_output,436,232.58,22.30,1057.72,38,35.93,1
torchinferno,long_output,437,415.14,23.82,1248.70,36,28.83,1
torchinferno,long_output,438,249.76,23.04,1079.06,37,34.29,1
torchinferno,long_output,439,206.73,22.17,1049.08,39,37.18,1
torchinferno,long_output,440,230.91,23.17,1088.04,38,34.93,1
torchinferno,long_output,441,194.38,22.36,1066.44,40,37.51,1
torchinferno,long_output,442,190.94,22.55,1093.02,41,37.51,1
torchinferno,long_output,443,276.54,25.32,1188.15,37,31.14,1
torchinferno,long_output,444,186.52,24.39,1137.76,40,35.16,1
torchinferno,long_output,445,450.99,19.94,1188.69,38,31.97,1
torchinferno,long_output,446,424.69,19.41,1162.43,39,33.55,1
torchinferno,long_output,447,432.89,19.70,1181.63,39,33.01,1
torchinferno,long_output,448,390.75,19.23,1160.13,41,35.34,1
torchinferno,long_output,449,397.09,19.34,1170.88,41,35.02,1
torchinferno,long_output,450,410.01,19.91,1186.52,40,33.71,1
torchinferno,long_output,451,377.93,19.46,1175.59,42,35.73,1
torchinferno,long_output,452,376.61,19.31,1168.17,42,35.95,1
torchinferno,long_output,453,362.74,19.41,1177.90,43,36.51,1
torchinferno,long_output,454,357.40,19.33,1169.22,43,36.78,1
torchinferno,long_output,455,369.81,19.40,1184.45,43,36.30,1
torchinferno,long_output,456,351.63,19.02,1169.60,44,37.62,1
torchinferno,long_output,457,366.87,18.29,1171.71,45,38.41,1
torchinferno,long_output,458,355.08,18.48,1168.25,45,38.52,1
torchinferno,long_output,459,362.07,19.36,1194.68,44,36.83,1
torchinferno,long_output,460,332.47,18.67,1172.66,46,39.23,1
torchinferno,long_output,461,378.52,20.71,1227.49,42,34.22,1
torchinferno,long_output,462,352.77,19.80,1204.08,44,36.54,1
torchinferno,long_output,463,343.52,19.35,1194.80,45,37.66,1
torchinferno,long_output,464,290.77,18.93,1161.64,47,40.46,1
torchinferno,long_output,465,319.45,19.23,1184.77,46,38.83,1
torchinferno,long_output,466,335.39,19.18,1198.45,46,38.38,1
torchinferno,long_output,467,318.49,18.82,1184.09,47,39.69,1
torchinferno,long_output,468,208.67,19.10,1087.31,47,43.23,1
torchinferno,long_output,469,183.06,20.40,1141.65,48,42.04,1
torchinferno,long_output,470,178.74,20.78,1155.34,48,41.55,1
torchinferno,long_output,471,191.75,20.90,1174.00,48,40.89,1
torchinferno,long_output,472,183.38,20.31,1158.47,49,42.30,1
torchinferno,long_output,473,172.06,20.72,1166.77,49,42.00,1
torchinferno,long_output,474,330.67,23.21,1444.93,49,33.91,1
torchinferno,long_output,475,321.15,22.34,1438.24,51,35.46,1
torchinferno,long_output,476,339.17,22.89,1460.78,50,34.23,1
torchinferno,long_output,477,315.82,23.31,1458.10,50,34.29,1
torchinferno,long_output,478,320.76,23.42,1468.13,50,34.06,1
torchinferno,long_output,479,298.84,23.08,1452.88,51,35.10,1
torchinferno,long_output,480,293.24,22.86,1458.94,52,35.64,1
torchinferno,long_output,481,292.84,22.85,1458.30,52,35.66,1
torchinferno,long_output,482,296.65,22.75,1456.79,52,35.69,1
torchinferno,long_output,483,307.97,23.80,1497.90,51,34.05,1
torchinferno,long_output,484,395.71,16.15,524.92,9,17.15,1
torchinferno,long_output,485,296.02,17.22,451.03,10,22.17,1
torchinferno,long_output,486,404.44,18.17,549.84,9,16.37,1
torchinferno,long_output,487,394.50,19.14,547.64,9,16.43,1
torchinferno,long_output,488,389.51,17.95,551.05,10,18.15,1
torchinferno,long_output,489,288.37,16.38,452.14,11,24.33,1
torchinferno,long_output,490,412.38,16.67,562.43,10,17.78,1
torchinferno,long_output,491,270.97,15.81,444.87,12,26.97,1
torchinferno,long_output,492,295.55,17.48,470.33,11,23.39,1
torchinferno,long_output,493,278.84,20.88,487.65,11,22.56,1
torchinferno,long_output,494,345.06,20.96,1435.12,53,36.93,1
torchinferno,long_output,495,339.88,21.17,1440.48,53,36.79,1
torchinferno,long_output,496,312.30,21.08,1429.30,54,37.78,1
torchinferno,long_output,497,460.21,20.79,1541.07,53,34.39,1
torchinferno,long_output,498,336.15,20.82,1439.81,54,37.50,1
torchinferno,long_output,499,324.10,21.05,1439.81,54,37.51,1
torchinferno,long_output,500,292.36,20.97,1424.77,55,38.60,1
torchinferno,long_output,501,309.68,21.06,1447.13,55,38.01,1
torchinferno,long_output,502,281.27,21.23,1427.43,55,38.53,1
torchinferno,long_output,503,285.51,21.34,1459.01,56,38.38,1
torchinferno,long_output,504,268.69,21.42,1446.61,56,38.71,1
torchinferno,long_output,505,278.14,21.56,1464.01,56,38.25,1
torchinferno,long_output,506,247.81,21.29,1439.79,57,39.59,1
torchinferno,long_output,507,259.69,21.55,1466.25,57,38.87,1
torchinferno,long_output,508,250.10,21.37,1446.74,57,39.40,1
torchinferno,long_output,509,251.04,19.39,464.39,12,25.84,1
torchinferno,long_output,510,230.77,20.75,459.05,12,26.14,1
torchinferno,long_output,511,209.72,19.36,442.00,13,29.41,1
torchinferno,long_output,512,214.26,19.73,451.05,13,28.82,1
torchinferno,long_output,513,224.11,20.11,465.42,13,27.93,1
torchinferno,long_output,514,194.22,18.74,437.82,14,31.98,1
torchinferno,long_output,515,202.71,18.06,437.52,14,32.00,1
torchinferno,long_output,516,206.38,19.66,461.93,14,30.31,1
torchinferno,long_output,517,188.69,19.48,461.45,15,32.51,1
torchinferno,long_output,518,155.38,19.06,422.15,15,35.53,1
torchinferno,long_output,519,323.80,18.76,586.43,15,25.58,1
torchinferno,long_output,520,280.88,22.03,611.38,16,26.17,1
torchinferno,long_output,521,297.19,20.99,612.02,16,26.14,1
torchinferno,long_output,522,289.15,23.15,636.44,16,25.14,1
torchinferno,long_output,523,266.90,21.99,618.70,17,27.48,1
torchinferno,long_output,524,260.75,22.74,624.51,17,27.22,1
torchinferno,long_output,525,258.74,21.58,625.63,18,28.77,1
torchinferno,long_output,526,264.55,23.48,640.21,17,26.55,1
torchinferno,long_output,527,234.70,22.60,618.98,18,29.08,1
torchinferno,long_output,528,265.57,22.69,651.36,18,27.63,1
torchinferno,long_output,529,335.97,20.96,1551.87,59,38.02,1
torchinferno,long_output,530,243.05,18.81,581.60,19,32.67,1
torchinferno,long_output,531,225.71,19.11,569.64,19,33.35,1
torchinferno,long_output,532,338.22,21.30,1573.70,59,37.49,1
torchinferno,long_output,533,350.34,21.79,1592.13,58,36.43,1
torchinferno,long_output,534,231.55,19.69,585.91,19,32.43,1
torchinferno,long_output,535,353.62,21.50,1600.83,59,36.86,1
torchinferno,long_output,536,204.55,19.49,574.92,20,34.79,1
torchinferno,long_output,537,214.26,19.35,581.84,20,34.37,1
torchinferno,long_output,538,375.95,21.87,1622.27,58,35.75,1
torchinferno,long_output,539,280.97,21.11,1526.74,60,39.30,1
torchinferno,long_output,540,227.65,20.96,1484.96,61,41.08,1
torchinferno,long_output,541,366.54,22.04,1623.03,58,35.74,1
torchinferno,long_output,542,274.10,21.46,1539.99,60,38.96,1
torchinferno,long_output,543,148.78,18.41,535.43,22,41.09,1
torchinferno,long_output,544,213.26,18.92,591.66,21,35.49,1
torchinferno,long_output,545,214.92,21.26,618.92,20,32.31,1
torchinferno,long_output,546,321.86,21.73,1603.66,60,37.41,1
torchinferno,long_output,547,131.83,18.64,541.96,23,42.44,1
torchinferno,long_output,548,146.01,18.59,554.88,23,41.45,1
torchinferno,long_output,549,202.25,20.43,610.95,21,34.37,1
torchinferno,long_output,550,217.64,20.26,622.86,21,33.72,1
torchinferno,long_output,551,232.57,21.80,1540.84,61,39.59,1
torchinferno,long_output,552,150.00,20.86,587.97,22,37.42,1
torchinferno,long_output,553,533.63,18.74,1658.30,61,36.78,1
torchinferno,long_output,554,490.78,18.72,1632.85,62,37.97,1
torchinferno,long_output,555,498.16,18.69,1637.98,62,37.85,1
torchinferno,long_output,556,336.67,18.03,715.39,22,30.75,1
torchinferno,long_output,557,503.26,18.96,1659.92,62,37.35,1
torchinferno,long_output,558,496.78,18.57,1648.09,63,38.23,1
torchinferno,long_output,559,475.18,18.66,1632.18,63,38.60,1
torchinferno,long_output,560,311.54,17.87,704.71,23,32.64,1
torchinferno,long_output,561,464.08,18.82,1631.00,63,38.63,1
torchinferno,long_output,562,447.38,20.14,1716.51,64,37.29,1
torchinferno,long_output,563,456.28,20.15,1725.58,64,37.09,1
torchinferno,long_output,564,272.46,22.06,779.86,24,30.77,1
torchinferno,long_output,565,451.28,20.63,1751.11,64,36.55,1
torchinferno,long_output,566,264.77,22.99,793.43,24,30.25,1
torchinferno,long_output,567,430.67,20.46,1739.85,65,37.36,1
torchinferno,long_output,568,260.46,22.59,802.60,25,31.15,1
torchinferno,long_output,569,238.52,21.11,766.25,26,33.93,1
torchinferno,long_output,570,256.99,22.80,804.30,25,31.08,1
torchinferno,long_output,571,416.61,20.30,1736.18,66,38.01,1
torchinferno,long_output,572,239.17,21.83,784.89,26,33.13,1
torchinferno,long_output,573,435.17,20.16,1745.86,66,37.80,1
torchinferno,long_output,574,259.01,22.89,808.33,25,30.93,1
torchinferno,long_output,575,444.80,20.50,1756.95,65,37.00,1
torchinferno,long_output,576,257.81,22.31,815.53,26,31.88,1
torchinferno,long_output,577,411.57,20.23,1746.68,67,38.36,1
torchinferno,long_output,578,274.21,25.16,852.91,24,28.14,1
torchinferno,long_output,579,218.77,22.13,794.10,27,34.00,1
torchinferno,long_output,580,441.39,21.06,1789.51,65,36.32,1
torchinferno,long_output,581,429.97,20.57,1767.27,66,37.35,1
torchinferno,long_output,582,425.73,20.75,1795.22,67,37.32,1
torchinferno,long_output,583,293.36,25.46,955.44,27,28.26,1
torchinferno,long_output,584,275.33,25.35,959.68,28,29.18,1
torchinferno,long_output,585,267.96,25.73,962.74,28,29.08,1
torchinferno,long_output,586,367.16,26.73,1062.03,27,25.42,1
torchinferno,long_output,587,231.37,23.98,926.66,30,32.37,1
torchinferno,long_output,588,261.41,25.55,976.71,29,29.69,1
torchinferno,long_output,589,267.75,25.97,994.81,29,29.15,1
torchinferno,long_output,590,292.77,27.96,1047.62,28,26.73,1
torchinferno,long_output,591,257.96,27.50,1028.09,29,28.21,1
torchinferno,long_output,592,360.26,20.69,960.18,30,31.24,1
torchinferno,long_output,593,346.96,20.64,966.08,31,32.09,1
torchinferno,long_output,594,462.56,21.63,1089.76,30,27.53,1
torchinferno,long_output,595,343.00,21.48,987.40,31,31.40,1
torchinferno,long_output,596,341.92,20.80,986.78,32,32.43,1
torchinferno,long_output,597,320.12,21.29,980.26,32,32.64,1
torchinferno,long_output,598,322.03,19.73,973.15,34,34.94,1
torchinferno,long_output,599,334.30,21.26,993.41,32,32.21,1
torchinferno,long_output,600,369.47,18.54,981.34,34,34.65,1
torchinferno,long_output,601,327.95,19.98,987.22,34,34.44,1
torchinferno,long_output,602,308.13,19.66,976.72,35,35.83,1
torchinferno,long_output,603,338.56,22.61,1016.86,31,30.49,1
torchinferno,long_output,604,320.98,21.34,1004.01,33,32.87,1
torchinferno,long_output,605,324.23,21.22,1003.40,33,32.89,1
torchinferno,long_output,606,279.23,19.59,965.03,36,37.30,1
torchinferno,long_output,607,302.12,19.26,976.13,36,36.88,1
torchinferno,long_output,608,309.59,20.29,999.48,35,35.02,1
torchinferno,long_output,609,295.65,20.39,988.75,35,35.40,1
torchinferno,long_output,610,281.68,20.28,991.46,36,36.31,1
torchinferno,long_output,611,274.42,19.76,985.69,37,37.54,1
torchinferno,long_output,612,328.02,22.27,1040.57,33,31.71,1
torchinferno,long_output,613,261.36,19.68,989.59,38,38.40,1
torchinferno,long_output,614,263.62,19.44,982.81,38,38.66,1
torchinferno,long_output,615,272.39,20.56,1012.72,37,36.54,1
torchinferno,long_output,616,147.65,20.28,898.18,38,42.31,1
torchinferno,long_output,617,271.48,20.80,1020.39,37,36.26,1
torchinferno,long_output,618,302.29,19.06,1026.53,39,37.99,1
torchinferno,long_output,619,321.84,19.02,1044.48,39,37.34,1
torchinferno,long_output,620,305.50,19.37,1041.52,39,37.45,1
torchinferno,long_output,621,291.61,23.63,1213.01,40,32.98,1
torchinferno,long_output,622,301.39,23.75,1227.77,40,32.58,1
torchinferno,long_output,623,298.28,24.27,1244.78,40,32.13,1
torchinferno,long_output,624,296.77,23.67,1243.64,41,32.97,1
torchinferno,long_output,625,178.92,23.24,1131.91,42,37.11,1
torchinferno,long_output,626,183.48,23.47,1145.68,42,36.66,1
torchinferno,long_output,627,289.36,24.30,1261.25,41,32.51,1
torchinferno,long_output,628,149.36,23.80,1148.88,43,37.43,1
torchinferno,long_output,629,148.39,23.02,1138.27,44,38.65,1
torchinferno,long_output,630,420.58,20.67,1247.50,41,32.87,1
torchinferno,long_output,631,367.68,20.85,1243.52,43,34.58,1
torchinferno,long_output,632,360.83,20.50,1242.28,44,35.42,1
torchinferno,long_output,633,376.25,21.71,1266.52,42,33.16,1
torchinferno,long_output,634,366.04,21.39,1264.21,43,34.01,1
torchinferno,long_output,635,355.45,20.56,1260.26,45,35.71,1
torchinferno,long_output,636,339.06,20.57,1264.90,46,36.37,1
torchinferno,long_output,637,359.12,20.83,1275.66,45,35.28,1
torchinferno,long_output,638,335.24,20.13,1261.03,47,37.27,1
torchinferno,long_output,639,350.61,20.48,1272.29,46,36.16,1
torchinferno,long_output,640,359.97,21.07,1286.85,45,34.97,1
torchinferno,long_output,641,362.02,21.82,1300.37,44,33.84,1
torchinferno,long_output,642,329.09,21.09,1277.92,46,36.00,1
torchinferno,long_output,643,323.97,20.69,1275.93,47,36.84,1
torchinferno,long_output,644,335.06,20.55,1280.24,47,36.71,1
torchinferno,long_output,645,300.86,22.00,1334.86,48,35.96,1
torchinferno,long_output,646,324.13,22.74,1393.11,48,34.46,1
torchinferno,long_output,647,320.46,17.40,459.63,9,19.58,1
torchinferno,long_output,648,328.27,17.47,468.04,9,19.23,1
torchinferno,long_output,649,318.38,16.06,462.91,10,21.60,1
torchinferno,long_output,650,225.75,18.78,394.76,10,25.33,1
torchinferno,long_output,651,319.96,18.87,489.82,10,20.42,1
torchinferno,long_output,652,326.65,21.83,501.32,9,17.95,1
torchinferno,long_output,653,205.16,18.18,386.93,11,28.43,1
torchinferno,long_output,654,327.00,23.08,1434.92,49,34.15,1
torchinferno,long_output,655,361.83,23.76,1478.59,48,32.46,1
torchinferno,long_output,656,325.66,22.76,1441.11,50,34.70,1
torchinferno,long_output,657,340.97,23.22,1455.44,49,33.67,1
torchinferno,long_output,658,203.99,22.79,1343.30,51,37.97,1
torchinferno,long_output,659,331.87,23.82,1475.31,49,33.21,1
torchinferno,long_output,660,300.81,23.46,1450.20,50,34.48,1
torchinferno,long_output,661,293.47,23.51,1445.49,50,34.59,1
torchinferno,long_output,662,179.32,22.86,1345.37,52,38.65,1
torchinferno,long_output,663,261.69,23.29,1426.37,51,35.76,1
torchinferno,long_output,664,147.60,22.18,1323.28,54,40.81,1
torchinferno,long_output,665,274.50,24.04,1476.31,51,34.55,1
torchinferno,long_output,666,128.37,23.02,1371.44,55,40.10,1
torchinferno,long_output,667,464.53,19.03,1435.24,52,36.23,1
torchinferno,long_output,668,446.89,19.02,1435.99,53,36.91,1
torchinferno,long_output,669,455.87,18.98,1442.67,53,36.74,1
torchinferno,long_output,670,452.15,18.98,1438.97,53,36.83,1
torchinferno,long_output,671,458.47,18.66,1447.68,54,37.30,1
torchinferno,long_output,672,468.66,19.76,1476.48,52,35.22,1
torchinferno,long_output,673,432.50,18.64,1438.93,55,38.22,1
torchinferno,long_output,674,455.06,18.80,1451.46,54,37.20,1
torchinferno,long_output,675,419.25,19.02,1446.17,55,38.03,1
torchinferno,long_output,676,427.46,22.88,1685.81,56,33.22,1
torchinferno,long_output,677,417.72,22.89,1699.53,57,33.54,1
torchinferno,long_output,678,418.78,23.45,1708.67,56,32.77,1
torchinferno,long_output,679,431.37,23.50,1723.85,56,32.49,1
torchinferno,long_output,680,394.23,23.49,1709.64,57,33.34,1
torchinferno,long_output,681,376.59,22.39,1674.98,59,35.22,1
torchinferno,long_output,682,371.87,23.29,1699.54,58,34.13,1
torchinferno,long_output,683,383.30,22.73,1701.84,59,34.67,1
torchinferno,long_output,684,422.31,23.61,1744.54,57,32.67,1
torchinferno,long_output,685,395.67,22.36,1692.78,59,34.85,1
torchinferno,long_output,686,394.05,23.48,1732.20,58,33.48,1
torchinferno,long_output,687,388.66,23.49,1727.78,58,33.57,1
torchinferno,long_output,688,352.51,22.96,1707.09,60,35.15,1
torchinferno,long_output,689,582.70,20.85,791.20,11,13.90,1
torchinferno,long_output,690,583.60,20.54,789.04,11,13.94,1
torchinferno,long_output,691,575.61,20.03,795.89,12,15.08,1
torchinferno,long_output,692,555.51,21.28,789.63,12,15.20,1
torchinferno,long_output,693,543.82,20.26,786.93,13,16.52,1
torchinferno,long_output,694,462.45,18.55,703.57,14,19.90,1
torchinferno,long_output,695,553.93,22.62,802.70,12,14.95,1
torchinferno,long_output,696,487.17,19.99,727.05,13,17.88,1
torchinferno,long_output,697,461.51,19.98,721.28,14,19.41,1
torchinferno,long_output,698,457.96,20.82,728.56,14,19.22,1
torchinferno,long_output,699,537.50,22.00,801.50,13,16.22,1
torchinferno,long_output,700,455.43,17.84,705.21,15,21.27,1
torchinferno,long_output,701,437.50,19.64,712.45,15,21.05,1
torchinferno,long_output,702,436.45,20.07,717.40,15,20.91,1
torchinferno,long_output,703,445.01,21.55,768.20,16,20.83,1
torchinferno,long_output,704,409.03,23.18,756.74,16,21.14,1
torchinferno,long_output,705,409.92,23.05,755.62,16,21.17,1
torchinferno,long_output,706,360.33,20.53,688.73,17,24.68,1
torchinferno,long_output,707,399.82,21.98,751.44,17,22.62,1
torchinferno,long_output,708,544.16,22.64,1880.01,60,31.91,1
torchinferno,long_output,709,534.63,22.83,1881.61,60,31.89,1
torchinferno,long_output,710,532.93,22.45,1880.00,61,32.45,1
torchinferno,long_output,711,318.95,22.38,1684.28,62,36.81,1
torchinferno,long_output,712,340.44,22.66,1699.98,61,35.88,1
torchinferno,long_output,713,310.62,22.09,1680.41,63,37.49,1
torchinferno,long_output,714,296.56,22.23,1674.62,63,37.62,1
torchinferno,long_output,715,309.51,22.64,1690.69,62,36.67,1
torchinferno,long_output,716,282.34,22.16,1656.38,63,38.03,1
torchinferno,long_output,717,321.03,22.62,1701.08,62,36.45,1
torchinferno,long_output,718,343.11,23.23,1737.14,61,35.12,1
torchinferno,long_output,719,275.34,23.70,1768.67,64,36.19,1
torchinferno,long_output,720,525.13,26.02,941.39,17,18.06,1
torchinferno,long_output,721,472.53,24.97,897.09,18,20.06,1
torchinferno,long_output,722,203.07,24.30,1733.72,64,36.91,1
torchinferno,long_output,723,445.89,25.63,881.54,18,20.42,1
torchinferno,long_output,724,442.54,26.62,895.16,18,20.11,1
torchinferno,long_output,725,440.25,25.06,891.29,19,21.32,1
torchinferno,long_output,726,424.81,25.62,885.94,19,21.45,1
torchinferno,long_output,727,421.43,24.47,886.38,20,22.56,1
torchinferno,long_output,728,417.18,24.66,885.75,20,22.58,1
torchinferno,long_output,729,417.73,24.90,890.80,20,22.45,1
torchinferno,long_output,730,129.20,22.62,604.24,22,36.41,1
torchinferno,long_output,731,146.07,24.29,631.81,21,33.24,1
torchinferno,long_output,732,130.77,23.37,621.55,22,35.40,1
torchinferno,long_output,733,172.34,24.77,667.65,21,31.45,1
torchinferno,long_output,734,433.29,27.87,934.98,19,20.32,1
torchinferno,long_output,735,386.55,23.16,1845.65,64,34.68,1
torchinferno,long_output,736,373.88,22.90,1839.80,65,35.33,1
torchinferno,long_output,737,386.66,22.87,1850.44,65,35.13,1
torchinferno,long_output,738,376.14,22.99,1847.18,65,35.19,1
torchinferno,long_output,739,338.43,22.88,1825.36,66,36.16,1
torchinferno,long_output,740,346.36,22.98,1839.90,66,35.87,1
torchinferno,long_output,741,336.58,22.71,1835.69,67,36.50,1
torchinferno,long_output,742,340.87,22.81,1846.18,67,36.29,1
torchinferno,long_output,743,371.96,23.54,1901.96,66,34.70,1
torchinferno,long_output,744,349.08,23.45,818.01,21,25.67,1
torchinferno,long_output,745,314.80,21.47,787.18,23,29.22,1
torchinferno,long_output,746,289.89,23.26,801.71,23,28.69,1
torchinferno,long_output,747,290.91,23.15,800.24,23,28.74,1
torchinferno,long_output,748,301.63,24.30,812.00,22,27.09,1
torchinferno,long_output,749,277.05,25.13,854.96,24,28.07,1
torchinferno,long_output,750,276.69,25.25,857.33,24,27.99,1
torchinferno,long_output,751,306.89,23.89,856.44,24,28.02,1
torchinferno,long_output,752,267.94,24.25,850.03,25,29.41,1
torchinferno,long_output,753,337.92,23.24,895.78,25,27.91,1
torchinferno,long_output,754,348.62,23.29,907.55,25,27.55,1
torchinferno,long_output,755,328.94,22.39,888.60,26,29.26,1
torchinferno,long_output,756,326.46,23.20,906.54,26,28.68,1
torchinferno,long_output,757,311.57,21.98,883.18,27,30.57,1
torchinferno,long_output,758,320.61,23.20,900.61,26,28.87,1
torchinferno,long_output,759,307.69,22.72,898.33,27,30.06,1
torchinferno,long_output,760,297.24,21.96,890.06,28,31.46,1
torchinferno,long_output,761,279.15,21.47,880.18,29,32.95,1
torchinferno,long_output,762,286.69,22.89,904.73,28,30.95,1
torchinferno,long_output,763,279.87,21.75,888.86,29,32.63,1
torchinferno,long_output,764,226.42,20.97,834.61,30,35.94,1
torchinferno,long_output,765,228.75,21.24,844.79,30,35.51,1
torchinferno,long_output,766,293.41,25.20,948.53,27,28.46,1
torchinferno,long_output,767,279.56,23.31,932.35,29,31.10,1
torchinferno,long_output,768,290.17,24.13,941.61,28,29.74,1
torchinferno,long_output,769,200.94,22.66,880.81,31,35.19,1
torchinferno,long_output,770,206.47,24.75,924.15,30,32.46,1
torchinferno,long_output,771,203.13,23.91,920.34,31,33.68,1
torchinferno,long_output,772,343.17,19.42,925.69,31,33.49,1
torchinferno,long_output,773,352.77,20.09,975.50,32,32.80,1
torchinferno,long_output,774,309.31,21.00,960.15,32,33.33,1
torchinferno,long_output,775,325.00,21.35,986.91,32,32.42,1
torchinferno,long_output,776,295.52,21.07,969.76,33,34.03,1
torchinferno,long_output,777,282.66,20.75,967.56,34,35.14,1
torchinferno,long_output,778,293.28,20.61,973.55,34,34.92,1
torchinferno,long_output,779,297.01,21.41,981.98,33,33.61,1
torchinferno,long_output,780,293.30,21.05,987.80,34,34.42,1
torchinferno,long_output,781,308.12,21.89,1008.76,33,32.71,1
torchinferno,long_output,782,182.16,20.76,887.86,35,39.42,1
torchinferno,long_output,783,162.38,21.08,879.01,35,39.82,1
torchinferno,long_output,784,167.30,20.02,867.91,36,41.48,1
torchinferno,long_output,785,285.31,21.72,1023.82,35,34.19,1
torchinferno,long_output,786,149.74,21.34,896.77,36,40.14,1
torchinferno,long_output,787,356.79,19.61,1043.07,36,34.51,1
torchinferno,long_output,788,321.60,19.91,1038.27,37,35.64,1
torchinferno,long_output,789,282.49,19.76,1013.58,38,37.49,1
torchinferno,long_output,790,304.55,20.57,1044.91,37,35.41,1
torchinferno,long_output,791,288.23,19.99,1027.68,38,36.98,1
torchinferno,long_output,792,290.20,20.27,1040.10,38,36.54,1
torchinferno,long_output,793,269.95,19.95,1028.17,39,37.93,1
torchinferno,long_output,794,277.97,19.96,1036.44,39,37.63,1
torchinferno,long_output,795,274.09,19.95,1032.19,39,37.78,1
torchinferno,long_output,796,293.14,21.54,1068.49,37,34.63,1
torchinferno,long_output,797,258.39,22.13,1121.45,40,35.67,1
torchinferno,long_output,798,174.66,22.52,1052.80,40,37.99,1
torchinferno,long_output,799,162.84,22.27,1053.51,41,38.92,1
torchinferno,long_output,800,249.92,22.89,1142.64,40,35.01,1
torchinferno,long_output,801,193.18,21.83,1066.31,41,38.45,1
torchinferno,long_output,802,334.10,23.08,1280.49,42,32.80,1
torchinferno,long_output,803,356.74,23.33,1289.94,41,31.78,1
torchinferno,long_output,804,303.48,23.53,1268.37,42,33.11,1
torchinferno,long_output,805,271.56,22.68,1224.26,43,35.12,1
torchinferno,long_output,806,298.25,23.27,1275.51,43,33.71,1
torchinferno,long_output,807,264.55,23.46,1249.83,43,34.40,1
torchinferno,long_output,808,349.40,23.27,1303.59,42,32.22,1
torchinferno,long_output,809,174.15,23.14,1192.45,45,37.74,1
torchinferno,long_output,810,260.72,23.71,1280.45,44,34.36,1
torchinferno,long_output,811,240.31,24.12,1277.41,44,34.44,1
torchinferno,long_output,812,246.55,24.13,1284.10,44,34.27,1
torchinferno,long_output,813,191.13,22.64,1209.75,46,38.02,1
torchinferno,long_output,814,188.19,23.55,1224.52,45,36.75,1
torchinferno,long_output,815,234.15,23.85,1283.46,45,35.06,1
torchinferno,long_output,816,190.97,23.08,1229.41,46,37.42,1
torchinferno,long_output,817,278.21,23.65,1342.28,46,34.27,1
torchinferno,long_output,818,249.91,23.01,1331.41,48,36.05,1
torchinferno,long_output,819,262.04,23.67,1350.96,47,34.79,1
torchinferno,long_output,820,278.15,23.68,1367.61,47,34.37,1
torchinferno,long_output,821,234.82,23.00,1338.99,49,36.59,1
torchinferno,long_output,822,253.82,23.41,1353.86,48,35.45,1
torchinferno,long_output,823,257.23,24.15,1367.90,47,34.36,1
torchinferno,long_output,824,222.31,23.07,1329.71,49,36.85,1
torchinferno,long_output,825,242.49,23.89,1365.17,48,35.16,1
torchinferno,long_output,826,196.50,20.81,362.97,9,24.80,1
torchinferno,long_output,827,229.94,22.56,1335.22,50,37.45,1
torchinferno,long_output,828,200.62,22.39,1320.23,51,38.63,1
torchinferno,long_output,829,149.33,22.53,1298.54,52,40.04,1
torchinferno,long_output,830,225.28,24.03,1378.94,49,35.53,1
torchinferno,long_output,831,182.33,23.01,1332.86,51,38.26,1
torchinferno,long_output,832,212.52,24.03,1389.76,50,35.98,1
torchinferno,long_output,833,392.90,21.33,1438.06,50,34.77,1
torchinferno,long_output,834,308.12,20.78,1367.81,52,38.02,1
torchinferno,long_output,835,295.88,21.15,1374.43,52,37.83,1
torchinferno,long_output,836,354.67,21.75,1441.99,51,35.37,1
torchinferno,long_output,837,247.86,21.00,1339.62,53,39.56,1
torchinferno,long_output,838,159.88,20.69,1256.60,54,42.97,1
torchinferno,long_output,839,165.88,21.04,1280.91,54,42.16,1
torchinferno,long_output,840,152.31,20.49,1258.81,55,43.69,1
torchinferno,long_output,841,149.53,20.82,1273.78,55,43.18,1
torchinferno,long_output,842,424.55,22.23,1580.66,53,33.53,1
torchinferno,long_output,843,412.47,22.47,1580.91,53,33.52,1
torchinferno,long_output,844,385.32,22.31,1567.80,54,34.44,1
torchinferno,long_output,845,365.92,21.94,1550.57,55,35.47,1
torchinferno,long_output,846,350.03,22.70,1598.44,56,35.03,1
torchinferno,long_output,847,335.26,22.81,1589.97,56,35.22,1
torchinferno,long_output,848,348.02,22.88,1606.43,56,34.86,1
torchinferno,long_output,849,330.58,22.39,1584.56,57,35.97,1
torchinferno,long_output,850,438.81,21.46,610.46,9,14.74,1
torchinferno,long_output,851,410.17,23.36,597.08,9,15.07,1
torchinferno,long_output,852,331.06,22.93,1615.10,57,35.29,1
torchinferno,long_output,853,378.42,21.20,590.38,11,18.63,1
torchinferno,long_output,854,379.00,22.22,601.22,11,18.30,1
torchinferno,long_output,855,361.77,20.48,587.01,12,20.44,1
torchinferno,long_output,856,396.68,25.16,623.15,10,16.05,1
torchinferno,long_output,857,304.26,23.49,1619.90,57,35.19,1
torchinferno,long_output,858,372.25,21.07,603.96,12,19.87,1
torchinferno,long_output,859,357.06,21.23,590.61,12,20.32,1
torchinferno,long_output,860,335.28,20.20,577.72,13,22.50,1
torchinferno,long_output,861,334.77,18.99,581.69,14,24.07,1
torchinferno,long_output,862,398.51,28.38,653.92,10,15.29,1
torchinferno,long_output,863,410.15,26.29,646.79,10,15.46,1
torchinferno,long_output,864,356.20,22.28,623.52,13,20.85,1
torchinferno,long_output,865,325.54,21.32,602.70,14,23.23,1
torchinferno,long_output,866,349.49,23.54,631.94,13,20.57,1
torchinferno,long_output,867,391.27,30.55,696.79,11,15.79,1
torchinferno,long_output,868,359.53,20.44,1544.99,59,38.19,1
torchinferno,long_output,869,374.94,20.86,1563.94,58,37.09,1
torchinferno,long_output,870,362.12,20.99,1558.79,58,37.21,1
torchinferno,long_output,871,358.87,21.12,1562.83,58,37.11,1
torchinferno,long_output,872,339.77,20.44,1545.55,60,38.82,1
torchinferno,long_output,873,372.25,20.74,1575.10,59,37.46,1
torchinferno,long_output,874,331.26,20.76,1555.83,60,38.56,1
torchinferno,long_output,875,324.51,20.84,1554.03,60,38.61,1
torchinferno,long_output,876,375.49,20.66,1573.69,59,37.49,1
torchinferno,long_output,877,233.01,20.43,1458.59,61,41.82,1
torchinferno,long_output,878,206.81,20.27,1443.16,62,42.96,1
torchinferno,long_output,879,424.11,15.48,625.34,14,22.39,1
torchinferno,long_output,880,334.26,20.54,1566.47,61,38.94,1
torchinferno,long_output,881,212.24,20.17,1442.85,62,42.97,1
torchinferno,long_output,882,400.94,15.33,615.51,15,24.37,1
torchinferno,long_output,883,407.67,14.83,615.30,15,24.38,1
torchinferno,long_output,884,393.65,16.41,623.43,15,24.06,1
torchinferno,long_output,885,208.68,20.63,1467.17,62,42.26,1
torchinferno,long_output,886,377.68,21.40,698.71,16,22.90,1
torchinferno,long_output,887,376.15,22.53,714.13,16,22.40,1
torchinferno,long_output,888,372.91,21.90,701.41,16,22.81,1
torchinferno,long_output,889,353.17,21.27,693.51,17,24.51,1
torchinferno,long_output,890,362.26,22.08,715.54,17,23.76,1
torchinferno,long_output,891,323.48,21.35,1646.91,63,38.25,1
torchinferno,long_output,892,554.81,22.46,1902.29,61,32.07,1
torchinferno,long_output,893,284.29,21.68,1650.20,64,38.78,1
torchinferno,long_output,894,300.27,22.09,1669.96,63,37.73,1
torchinferno,long_output,895,282.89,21.34,1648.51,65,39.43,1
torchinferno,long_output,896,407.71,22.56,768.68,17,22.12,1
torchinferno,long_output,897,275.01,21.98,1660.00,64,38.55,1
torchinferno,long_output,898,232.20,21.58,1613.19,65,40.29,1
torchinferno,long_output,899,297.89,22.01,1684.44,64,37.99,1
torchinferno,long_output,900,217.00,21.40,1607.80,66,41.05,1
torchinferno,long_output,901,318.21,20.78,692.19,19,27.45,1
torchinferno,long_output,902,227.42,21.48,1623.58,66,40.65,1
torchinferno,long_output,903,337.82,21.48,724.44,19,26.23,1
torchinferno,long_output,904,402.05,23.20,796.53,18,22.60,1
torchinferno,long_output,905,332.57,19.47,702.40,20,28.47,1
torchinferno,long_output,906,342.23,21.37,726.83,19,26.14,1
torchinferno,long_output,907,385.94,23.77,790.00,18,22.78,1
torchinferno,long_output,908,267.65,20.62,680.11,21,30.88,1
torchinferno,long_output,909,384.17,24.50,800.73,18,22.48,1
torchinferno,long_output,910,309.81,22.06,728.92,20,27.44,1
torchinferno,long_output,911,297.87,23.45,1752.00,63,35.96,1
torchinferno,long_output,912,299.50,22.64,729.75,20,27.41,1
torchinferno,long_output,913,259.63,19.71,693.23,23,33.18,1
torchinferno,long_output,914,268.40,20.42,697.22,22,31.55,1
torchinferno,long_output,915,276.50,18.63,686.43,23,33.51,1
torchinferno,long_output,916,246.55,19.26,689.55,24,34.81,1
torchinferno,long_output,917,266.09,21.52,717.98,22,30.64,1
torchinferno,long_output,918,264.51,21.79,722.15,22,30.46,1
torchinferno,long_output,919,299.27,22.91,757.45,21,27.72,1
torchinferno,long_output,920,251.34,21.93,733.79,23,31.34,1
torchinferno,long_output,921,275.15,24.26,760.36,21,27.62,1
torchinferno,long_output,922,200.27,20.26,686.52,25,36.42,1
torchinferno,long_output,923,157.30,20.03,678.05,27,39.82,1
torchinferno,long_output,924,482.85,17.83,892.97,24,26.88,1
torchinferno,long_output,925,466.09,20.27,932.19,24,25.75,1
torchinferno,long_output,926,430.26,19.41,896.17,25,27.90,1
torchinferno,long_output,927,434.75,20.23,920.21,25,27.17,1
torchinferno,long_output,928,393.52,19.67,885.22,26,29.37,1
torchinferno,long_output,929,375.57,19.11,872.48,27,30.95,1
torchinferno,long_output,930,383.75,20.23,889.41,26,29.23,1
torchinferno,long_output,931,406.35,19.50,893.77,26,29.09,1
torchinferno,long_output,932,360.73,18.60,862.93,28,32.45,1
torchinferno,long_output,933,352.51,19.67,883.51,28,31.69,1
torchinferno,long_output,934,389.00,20.19,913.83,27,29.55,1
torchinferno,long_output,935,342.77,19.06,876.45,29,33.09,1
torchinferno,long_output,936,362.31,19.00,894.21,29,32.43,1
torchinferno,long_output,937,354.93,18.10,879.80,30,34.10,1
torchinferno,long_output,938,354.00,19.31,894.57,29,32.42,1
torchinferno,long_output,939,360.28,20.44,912.14,28,30.70,1
torchinferno,long_output,940,341.56,18.98,891.93,30,33.64,1
torchinferno,long_output,941,367.62,18.26,897.18,30,33.44,1
torchinferno,long_output,942,367.55,17.14,881.61,31,35.16,1
torchinferno,long_output,943,326.73,18.89,893.37,31,34.70,1
torchinferno,long_output,944,324.39,18.76,887.26,31,34.94,1
torchinferno,long_output,945,219.28,24.80,988.02,32,32.39,1
torchinferno,long_output,946,214.34,24.90,986.15,32,32.45,1
torchinferno,long_output,947,319.47,25.09,1097.26,32,29.16,1
torchinferno,long_output,948,262.07,22.82,992.37,33,33.25,1
torchinferno,long_output,949,196.00,24.40,976.80,33,33.78,1
torchinferno,long_output,950,769.10,23.47,2270.91,65,28.62,1
torchinferno,long_output,951,202.58,24.84,997.38,33,33.09,1
torchinferno,long_output,952,756.89,23.26,2268.89,66,29.09,1
torchinferno,long_output,953,745.62,22.97,2261.82,67,29.62,1
torchinferno,long_output,954,750.52,22.94,2264.36,67,29.59,1
torchinferno,long_output,955,321.51,22.53,1065.05,34,31.92,1
torchinferno,long_output,956,350.18,22.85,1104.21,34,30.79,1
torchinferno,long_output,957,340.59,23.01,1099.98,34,30.91,1
torchinferno,long_output,958,331.82,21.74,1070.94,35,32.68,1
torchinferno,long_output,959,316.86,22.35,1076.83,35,32.50,1
torchinferno,long_output,960,313.92,22.42,1076.24,35,32.52,1
torchinferno,long_output,961,296.76,22.29,1076.83,36,33.43,1
torchinferno,long_output,962,298.03,22.56,1087.57,36,33.10,1
torchinferno,long_output,963,308.15,22.24,1086.68,36,33.13,1
torchinferno,long_output,964,293.45,21.99,1084.98,37,34.10,1
torchinferno,long_output,965,296.34,21.97,1087.26,37,34.03,1
torchinferno,long_output,966,283.42,22.04,1076.99,37,34.35,1
torchinferno,long_output,967,276.43,21.65,1077.65,38,35.26,1
torchinferno,long_output,968,268.90,21.82,1076.22,38,35.31,1
torchinferno,long_output,969,292.84,21.45,1086.35,38,34.98,1
torchinferno,long_output,970,280.79,21.32,1090.92,39,35.75,1
torchinferno,long_output,971,254.25,21.07,1076.01,40,37.17,1
torchinferno,long_output,972,245.20,21.16,1070.39,40,37.37,1
torchinferno,long_output,973,244.95,20.84,1078.41,41,38.02,1
torchinferno,long_output,974,239.86,20.97,1078.78,41,38.01,1
torchinferno,long_output,975,227.48,21.23,1076.62,41,38.08,1
torchinferno,long_output,976,214.15,20.78,1065.99,42,39.40,1
torchinferno,long_output,977,229.75,20.84,1084.08,42,38.74,1
torchinferno,long_output,978,224.05,20.73,1073.89,42,39.11,1
torchinferno,long_output,979,209.43,20.73,1079.96,43,39.82,1
torchinferno,long_output,980,200.48,20.80,1074.12,43,40.03,1
torchinferno,long_output,981,185.51,20.42,1063.42,44,41.38,1
torchinferno,long_output,982,184.95,20.45,1064.37,44,41.34,1
torchinferno,long_output,983,582.03,15.53,1172.06,39,33.27,1
torchinferno,long_output,984,602.81,15.34,1185.76,39,32.89,1
torchinferno,long_output,985,578.55,15.50,1183.03,40,33.81,1
torchinferno,long_output,986,508.58,15.30,1151.16,43,37.35,1
torchinferno,long_output,987,458.51,15.25,1114.44,44,39.48,1
torchinferno,long_output,988,335.27,14.93,992.03,45,45.36,1
torchinferno,long_output,989,307.17,14.96,965.22,45,46.62,1
torchinferno,long_output,990,292.27,14.85,960.73,46,47.88,1
torchinferno,long_output,991,471.89,13.26,1055.36,45,42.64,1
torchinferno,long_output,992,450.45,13.11,1040.51,46,44.21,1
torchinferno,long_output,993,460.78,13.26,1057.35,46,43.51,1
torchinferno,long_output,994,442.56,13.01,1041.13,47,45.14,1
torchinferno,long_output,995,439.13,13.23,1047.93,47,44.85,1
torchinferno,long_output,996,439.42,13.17,1045.39,47,44.96,1
torchinferno,long_output,997,411.96,14.38,1087.99,48,44.12,1
torchinferno,long_output,998,420.32,14.34,1094.48,48,43.86,1
torchinferno,long_output,999,424.36,14.31,1097.07,48,43.75,1
vllm,few_shot,0,215.66,0.00,215.98,1,4.63,1
vllm,few_shot,1,222.01,0.00,222.16,1,4.50,1
vllm,few_shot,2,212.59,0.00,216.98,1,4.61,1
vllm,few_shot,3,230.35,0.00,232.49,1,4.30,1
vllm,few_shot,4,225.51,0.00,228.41,1,4.38,1
vllm,few_shot,5,220.63,0.00,220.74,1,4.53,1
vllm,few_shot,6,209.22,0.00,215.72,1,4.64,1
vllm,few_shot,7,219.84,0.00,224.56,1,4.45,1
vllm,few_shot,8,212.35,0.00,219.24,1,4.56,1
vllm,few_shot,9,236.90,0.00,237.02,1,4.22,1
vllm,few_shot,10,225.32,0.00,227.55,1,4.39,1
vllm,few_shot,11,222.45,0.00,237.54,1,4.21,1
vllm,few_shot,12,246.01,0.00,262.05,1,3.82,1
vllm,few_shot,13,259.85,0.00,275.87,1,3.62,1
vllm,few_shot,14,248.55,40.23,288.78,2,6.93,1
vllm,few_shot,15,239.84,44.83,284.67,2,7.03,1
vllm,few_shot,16,248.72,0.00,279.48,1,3.58,1
vllm,few_shot,17,246.08,49.37,295.45,2,6.77,1
vllm,few_shot,18,245.24,48.71,293.95,2,6.80,1
vllm,few_shot,19,244.65,48.97,293.62,2,6.81,1
vllm,few_shot,20,248.84,0.00,287.60,1,3.48,1
vllm,few_shot,21,248.66,0.00,286.07,1,3.50,1
vllm,few_shot,22,244.64,0.00,284.28,1,3.52,1
vllm,few_shot,23,238.87,56.18,295.05,2,6.78,1
vllm,few_shot,24,251.82,56.48,308.30,2,6.49,1
vllm,few_shot,25,252.25,56.28,308.53,2,6.48,1
vllm,few_shot,26,244.19,0.00,288.44,1,3.47,1
vllm,few_shot,27,242.27,0.00,304.86,1,3.28,1
vllm,few_shot,28,241.61,0.00,310.32,1,3.22,1
vllm,few_shot,29,250.16,97.06,347.22,2,5.76,1
vllm,few_shot,30,250.12,0.00,320.75,1,3.12,1
vllm,few_shot,31,249.62,101.73,351.35,2,5.69,1
vllm,few_shot,32,266.55,0.00,342.13,1,2.92,1
vllm,few_shot,33,278.27,74.86,353.13,2,5.66,1
vllm,few_shot,34,258.17,68.93,327.10,2,6.11,1
vllm,few_shot,35,244.81,76.57,321.38,2,6.22,1
vllm,few_shot,36,263.64,83.74,347.38,2,5.76,1
vllm,few_shot,37,295.88,0.00,309.52,1,3.23,1
vllm,few_shot,38,276.25,0.00,345.90,1,2.89,1
vllm,few_shot,39,257.10,0.00,338.28,1,2.96,1
vllm,few_shot,40,278.27,0.00,346.77,1,2.88,1
vllm,few_shot,41,148.79,0.00,178.76,1,5.59,1
vllm,few_shot,42,265.11,88.94,354.05,2,5.65,1
vllm,few_shot,43,254.01,0.00,340.65,1,2.94,1
vllm,few_shot,44,254.16,78.02,332.18,2,6.02,1
vllm,few_shot,45,141.85,0.00,173.48,1,5.76,1
vllm,few_shot,46,326.79,0.00,332.03,1,3.01,1
vllm,few_shot,47,289.90,0.00,317.51,1,3.15,1
vllm,few_shot,48,149.78,0.00,181.38,1,5.51,1
vllm,few_shot,49,250.50,0.00,342.33,1,2.92,1
vllm,few_shot,50,277.96,91.86,369.82,2,5.41,1
vllm,few_shot,51,278.02,0.00,317.90,1,3.15,1
vllm,few_shot,52,151.24,0.00,187.34,1,5.34,1
vllm,few_shot,53,279.27,0.00,324.52,1,3.08,1
vllm,few_shot,54,153.70,0.00,187.38,1,5.34,1
vllm,few_shot,55,144.33,45.01,189.34,2,10.56,1
vllm,few_shot,56,161.36,0.00,198.83,1,5.03,1
vllm,few_shot,57,258.50,109.81,368.31,2,5.43,1
vllm,few_shot,58,139.94,49.85,189.79,2,10.54,1
vllm,few_shot,59,144.07,27.43,171.50,2,11.66,1
vllm,few_shot,60,143.90,0.00,196.49,1,5.09,1
vllm,few_shot,61,271.14,56.92,328.06,2,6.10,1
vllm,few_shot,62,286.66,56.26,342.92,2,5.83,1
vllm,few_shot,63,91.64,0.00,102.64,1,9.74,1
vllm,few_shot,64,296.19,0.00,343.01,1,2.92,1
vllm,few_shot,65,161.84,0.00,214.32,1,4.67,1
vllm,few_shot,66,106.86,0.00,112.05,1,8.92,1
vllm,few_shot,67,110.91,5.39,116.31,2,17.20,1
vllm,few_shot,68,115.39,0.00,120.43,1,8.30,1
vllm,few_shot,69,286.69,58.42,345.11,2,5.80,1
vllm,few_shot,70,303.40,54.17,357.56,2,5.59,1
vllm,few_shot,71,101.30,26.75,128.06,2,15.62,1
vllm,few_shot,72,127.15,5.26,132.42,2,15.10,1
vllm,few_shot,73,112.10,0.00,116.82,1,8.56,1
vllm,few_shot,74,284.95,61.12,346.07,2,5.78,1
vllm,few_shot,75,303.28,0.00,367.74,1,2.72,1
vllm,few_shot,76,294.19,63.75,357.94,2,5.59,1
vllm,few_shot,77,122.56,0.00,160.48,1,6.23,1
vllm,few_shot,78,127.50,35.34,162.84,2,12.28,1
vllm,few_shot,79,307.25,0.00,371.71,1,2.69,1
vllm,few_shot,80,130.78,0.34,131.12,2,15.25,1
vllm,few_shot,81,120.05,0.00,124.57,1,8.03,1
vllm,few_shot,82,327.83,44.52,372.36,2,5.37,1
vllm,few_shot,83,277.14,84.93,362.07,2,5.52,1
vllm,few_shot,84,282.40,86.99,369.39,2,5.41,1
vllm,few_shot,85,131.14,0.00,135.78,1,7.36,1
vllm,few_shot,86,124.35,0.00,137.88,1,7.25,1
vllm,few_shot,87,307.64,76.44,384.08,2,5.21,1
vllm,few_shot,88,152.00,0.00,152.79,1,6.55,1
vllm,few_shot,89,128.33,0.00,151.05,1,6.62,1
vllm,few_shot,90,161.52,0.00,233.08,1,4.29,1
vllm,few_shot,91,73.50,0.00,78.66,1,12.71,1
vllm,few_shot,92,151.57,0.00,158.67,1,6.30,1
vllm,few_shot,93,94.29,0.00,103.48,1,9.66,1
vllm,few_shot,94,126.24,0.00,141.61,1,7.06,1
vllm,few_shot,95,149.40,0.00,155.43,1,6.43,1
vllm,few_shot,96,146.31,19.62,165.93,2,12.05,1
vllm,few_shot,97,133.15,19.06,152.21,2,13.14,1
vllm,few_shot,98,144.13,20.65,164.78,2,12.14,1
vllm,few_shot,99,160.71,0.00,220.65,1,4.53,1
vllm,few_shot,100,139.44,0.00,207.64,1,4.82,1
vllm,few_shot,101,94.52,0.00,166.86,1,5.99,1
vllm,few_shot,102,194.07,0.00,211.81,1,4.72,1
vllm,few_shot,103,220.51,0.00,244.17,1,4.10,1
vllm,few_shot,104,164.36,0.00,199.23,1,5.02,1
vllm,few_shot,105,191.70,0.00,230.41,1,4.34,1
vllm,few_shot,106,174.41,0.00,204.98,1,4.88,1
vllm,few_shot,107,193.67,0.00,211.68,1,4.72,1
vllm,few_shot,108,179.91,0.00,221.99,1,4.50,1
vllm,few_shot,109,210.67,0.00,252.43,1,3.96,1
vllm,few_shot,110,166.41,0.00,206.75,1,4.84,1
vllm,few_shot,111,197.35,33.70,231.04,2,8.66,1
vllm,few_shot,112,182.58,36.53,219.11,2,9.13,1
vllm,few_shot,113,115.90,107.99,223.89,2,8.93,1
vllm,few_shot,114,170.14,0.00,211.11,1,4.74,1
vllm,few_shot,115,220.39,0.00,261.30,1,3.83,1
vllm,few_shot,116,167.80,111.59,279.39,2,7.16,1
vllm,few_shot,117,194.57,0.00,239.50,1,4.18,1
vllm,few_shot,118,185.99,0.00,234.07,1,4.27,1
vllm,few_shot,119,163.18,45.50,208.67,2,9.58,1
vllm,few_shot,120,162.96,59.10,222.05,2,9.01,1
vllm,few_shot,121,123.53,0.00,123.75,1,8.08,1
vllm,few_shot,122,200.29,0.00,250.60,1,3.99,1
vllm,few_shot,123,174.90,15.98,206.86,3,14.50,0
vllm,few_shot,124,184.72,60.12,244.84,2,8.17,1
vllm,few_shot,125,187.56,57.47,245.03,2,8.16,1
vllm,few_shot,126,203.37,0.00,208.44,1,4.80,1
vllm,few_shot,127,181.40,60.32,241.73,2,8.27,1
vllm,few_shot,128,203.55,0.00,239.70,1,4.17,1
vllm,few_shot,129,90.85,128.64,219.49,2,9.11,1
vllm,few_shot,130,140.18,0.00,202.62,1,4.94,1
vllm,few_shot,131,191.68,73.11,264.79,2,7.55,1
vllm,few_shot,132,196.30,0.00,235.69,1,4.24,1
vllm,few_shot,133,198.98,72.84,271.81,2,7.36,1
vllm,few_shot,134,177.90,35.62,213.52,2,9.37,1
vllm,few_shot,135,138.41,0.00,142.39,1,7.02,1
vllm,few_shot,136,154.02,36.61,190.63,2,10.49,1
vllm,few_shot,137,172.91,40.99,213.90,2,9.35,1
vllm,few_shot,138,117.30,0.00,142.67,1,7.01,1
vllm,few_shot,139,141.97,80.70,222.68,2,8.98,1
vllm,few_shot,140,208.98,77.08,286.06,2,6.99,1
vllm,few_shot,141,187.86,50.87,238.73,2,8.38,1
vllm,few_shot,142,150.45,0.00,150.73,1,6.63,1
vllm,few_shot,143,186.24,76.12,262.36,2,7.62,1
vllm,few_shot,144,220.49,55.97,276.45,2,7.23,1
vllm,few_shot,145,77.29,0.36,77.65,2,25.76,1
vllm,few_shot,146,81.11,0.00,86.15,1,11.61,1
vllm,few_shot,147,190.15,59.57,249.72,2,8.01,1
vllm,few_shot,148,206.94,84.30,291.24,2,6.87,1
vllm,few_shot,149,209.46,0.00,296.10,1,3.38,1
vllm,few_shot,150,71.02,0.00,81.26,1,12.31,1
vllm,few_shot,151,142.89,0.00,151.48,1,6.60,1
vllm,few_shot,152,157.03,70.07,227.10,2,8.81,1
vllm,few_shot,153,237.82,64.85,302.67,2,6.61,1
vllm,few_shot,154,152.82,0.00,157.90,1,6.33,1
vllm,few_shot,155,176.35,0.00,250.31,1,4.00,1
vllm,few_shot,156,195.49,0.00,298.58,1,3.35,1
vllm,few_shot,157,185.34,0.00,262.94,1,3.80,1
vllm,few_shot,158,174.20,76.40,250.60,2,7.98,1
vllm,few_shot,159,207.82,0.00,314.16,1,3.18,1
vllm,few_shot,160,200.00,0.00,306.40,1,3.26,1
vllm,few_shot,161,159.13,105.63,264.76,2,7.55,1
vllm,few_shot,162,145.17,104.58,249.75,2,8.01,1
vllm,few_shot,163,129.28,38.74,168.02,2,11.90,1
vllm,few_shot,164,198.97,75.12,274.09,2,7.30,1
vllm,few_shot,165,192.76,113.11,305.87,2,6.54,1
vllm,few_shot,166,77.76,0.00,93.65,1,10.68,1
vllm,few_shot,167,98.42,0.00,107.45,1,9.31,1
vllm,few_shot,168,93.54,0.00,101.01,1,9.90,1
vllm,few_shot,169,112.96,0.00,123.38,1,8.11,1
vllm,few_shot,170,122.70,73.10,195.81,2,10.21,1
vllm,few_shot,171,120.05,78.47,198.51,2,10.07,1
vllm,few_shot,172,131.38,77.45,208.83,2,9.58,1
vllm,few_shot,173,111.94,0.00,182.67,1,5.47,1
vllm,few_shot,174,192.69,0.00,257.14,1,3.89,1
vllm,few_shot,175,171.21,0.00,236.90,1,4.22,1
vllm,few_shot,176,221.02,0.00,287.93,1,3.47,1
vllm,few_shot,177,158.84,0.00,231.00,1,4.33,1
vllm,few_shot,178,184.86,0.00,254.73,1,3.93,1
vllm,few_shot,179,192.95,0.00,270.45,1,3.70,1
vllm,few_shot,180,192.15,0.00,272.70,1,3.67,1
vllm,few_shot,181,264.04,0.00,264.27,1,3.78,1
vllm,few_shot,182,177.32,0.00,249.52,1,4.01,1
vllm,few_shot,183,200.69,0.00,285.66,1,3.50,1
vllm,few_shot,184,203.37,82.69,286.05,2,6.99,1
vllm,few_shot,185,195.08,79.55,274.63,2,7.28,1
vllm,few_shot,186,202.26,0.00,293.89,1,3.40,1
vllm,few_shot,187,236.83,0.00,264.74,1,3.78,1
vllm,few_shot,188,139.03,0.00,230.07,1,4.35,1
vllm,few_shot,189,202.84,0.00,232.76,1,4.30,1
vllm,few_shot,190,192.52,98.45,290.97,2,6.87,1
vllm,few_shot,191,153.42,0.00,153.65,1,6.51,1
vllm,few_shot,192,281.66,0.00,304.88,1,3.28,1
vllm,few_shot,193,208.80,0.00,294.92,1,3.39,1
vllm,few_shot,194,172.72,96.14,268.86,2,7.44,1
vllm,few_shot,195,222.68,0.00,255.11,1,3.92,1
vllm,few_shot,196,181.21,92.17,273.38,2,7.32,1
vllm,few_shot,197,95.02,0.00,95.27,1,10.50,1
vllm,few_shot,198,208.40,0.00,250.78,1,3.99,1
vllm,few_shot,199,204.37,36.54,240.91,2,8.30,1
vllm,few_shot,200,262.53,42.62,305.15,2,6.55,1
vllm,few_shot,201,216.69,0.00,241.63,1,4.14,1
vllm,few_shot,202,167.44,105.77,273.21,2,7.32,1
vllm,few_shot,203,161.85,8.89,170.74,2,11.71,1
vllm,few_shot,204,288.85,0.00,308.80,1,3.24,1
vllm,few_shot,205,237.71,0.00,279.55,1,3.58,1
vllm,few_shot,206,227.80,0.00,277.50,1,3.60,1
vllm,few_shot,207,148.46,0.00,266.78,1,3.75,1
vllm,few_shot,208,102.94,0.00,108.13,1,9.25,1
vllm,few_shot,209,136.99,121.88,258.87,2,7.73,1
vllm,few_shot,210,278.46,54.97,333.43,2,6.00,1
vllm,few_shot,211,223.52,0.00,274.14,1,3.65,1
vllm,few_shot,212,270.86,0.00,276.06,1,3.62,1
vllm,few_shot,213,206.66,0.00,267.42,1,3.74,1
vllm,few_shot,214,206.22,0.00,269.45,1,3.71,1
vllm,few_shot,215,170.40,0.00,184.65,1,5.42,1
vllm,few_shot,216,211.14,125.57,336.72,2,5.94,1
vllm,few_shot,217,232.35,0.00,277.08,1,3.61,1
vllm,few_shot,218,222.47,48.30,270.77,2,7.39,1
vllm,few_shot,219,248.06,64.92,312.98,2,6.39,1
vllm,few_shot,220,183.21,0.00,317.14,1,3.15,1
vllm,few_shot,221,237.60,60.09,297.69,2,6.72,1
vllm,few_shot,222,228.94,0.00,297.33,1,3.36,1
vllm,few_shot,223,264.48,53.34,317.83,2,6.29,1
vllm,few_shot,224,218.41,0.00,267.01,1,3.75,1
vllm,few_shot,225,215.18,5.02,220.20,2,9.08,1
vllm,few_shot,226,83.00,0.00,134.47,1,7.44,1
vllm,few_shot,227,177.42,0.00,320.02,1,3.12,1
vllm,few_shot,228,195.48,145.84,341.33,2,5.86,1
vllm,few_shot,229,215.34,0.00,291.33,1,3.43,1
vllm,few_shot,230,324.91,0.52,325.43,2,6.15,1
vllm,few_shot,231,133.91,0.00,138.74,1,7.21,1
vllm,few_shot,232,148.52,0.00,295.58,1,3.38,1
vllm,few_shot,233,79.55,0.00,81.82,1,12.22,1
vllm,few_shot,234,293.78,12.87,306.65,2,6.52,1
vllm,few_shot,235,253.68,0.00,293.28,1,3.41,1
vllm,few_shot,236,139.62,150.58,290.20,2,6.89,1
vllm,few_shot,237,180.69,151.74,332.43,2,6.02,1
vllm,few_shot,238,289.22,21.94,311.16,2,6.43,1
vllm,few_shot,239,94.44,26.32,120.76,2,16.56,1
vllm,few_shot,240,102.55,0.00,120.99,1,8.27,1
vllm,few_shot,241,101.08,0.00,110.37,1,9.06,1
vllm,few_shot,242,133.50,0.00,146.03,1,6.85,1
vllm,few_shot,243,124.42,46.42,170.84,2,11.71,1
vllm,few_shot,244,164.35,0.00,219.90,1,4.55,1
vllm,few_shot,245,150.17,0.00,210.68,1,4.75,1
vllm,few_shot,246,146.88,0.00,211.15,1,4.74,1
vllm,few_shot,247,92.65,88.52,181.17,2,11.04,0
vllm,few_shot,248,113.34,0.00,170.66,1,5.86,1
vllm,few_shot,249,92.68,83.61,176.28,2,11.35,1
vllm,few_shot,250,182.30,0.00,213.82,1,4.68,1
vllm,few_shot,251,139.68,84.74,224.42,2,8.91,1
vllm,few_shot,252,159.19,75.40,234.60,2,8.53,1
vllm,few_shot,253,187.01,0.00,226.68,1,4.41,1
vllm,few_shot,254,182.61,0.00,212.07,1,4.72,1
vllm,few_shot,255,184.59,83.54,268.13,2,7.46,1
vllm,few_shot,256,163.97,0.00,204.88,1,4.88,1
vllm,few_shot,257,212.66,0.00,217.61,1,4.60,1
vllm,few_shot,258,219.33,0.00,254.94,1,3.92,1
vllm,few_shot,259,200.96,0.00,201.24,1,4.97,1
vllm,few_shot,260,186.54,0.00,228.29,1,4.38,1
vllm,few_shot,261,195.34,0.00,241.43,1,4.14,1
vllm,few_shot,262,135.25,31.33,229.24,4,17.45,1
vllm,few_shot,263,144.05,0.00,199.89,1,5.00,1
vllm,few_shot,264,137.13,0.00,142.06,1,7.04,1
vllm,few_shot,265,226.57,0.40,226.97,2,8.81,1
vllm,few_shot,266,186.80,0.00,241.65,1,4.14,1
vllm,few_shot,267,204.95,56.19,261.14,2,7.66,1
vllm,few_shot,268,153.21,0.00,213.35,1,4.69,1
vllm,few_shot,269,159.45,56.36,215.81,2,9.27,1
vllm,few_shot,270,113.05,24.81,137.86,2,14.51,1
vllm,few_shot,271,182.83,105.46,288.29,2,6.94,1
vllm,few_shot,272,178.58,0.00,239.76,1,4.17,1
vllm,few_shot,273,158.88,0.00,163.33,1,6.12,1
vllm,few_shot,274,230.32,0.00,245.09,1,4.08,1
vllm,few_shot,275,202.52,0.00,263.92,1,3.79,1
vllm,few_shot,276,211.33,0.00,211.61,1,4.73,1
vllm,few_shot,277,183.21,61.59,244.79,2,8.17,1
vllm,few_shot,278,174.72,0.00,216.92,1,4.61,1
vllm,few_shot,279,144.90,0.00,218.90,1,4.57,1
vllm,few_shot,280,164.90,128.49,293.39,2,6.82,1
vllm,few_shot,281,226.07,0.00,269.04,1,3.72,1
vllm,few_shot,282,155.92,133.61,289.54,2,6.91,1
vllm,few_shot,283,50.60,0.00,66.98,1,14.93,1
vllm,few_shot,284,290.42,4.83,295.24,2,6.77,1
vllm,few_shot,285,127.31,0.00,182.21,1,5.49,1
vllm,few_shot,286,165.87,76.63,242.50,2,8.25,1
vllm,few_shot,287,216.43,0.00,291.68,1,3.43,1
vllm,few_shot,288,57.39,16.61,74.00,2,27.03,1
vllm,few_shot,289,189.17,86.43,275.60,2,7.26,1
vllm,few_shot,290,248.08,0.00,292.88,1,3.41,1
vllm,few_shot,291,187.86,0.00,267.04,1,3.74,1
vllm,few_shot,292,180.13,133.12,313.25,2,6.38,1
vllm,few_shot,293,159.89,46.41,252.71,3,11.87,1
vllm,few_shot,294,196.17,76.37,272.54,2,7.34,1
vllm,few_shot,295,234.77,0.00,259.44,1,3.85,1
vllm,few_shot,296,196.85,67.29,264.15,2,7.57,1
vllm,few_shot,297,205.74,90.48,296.22,2,6.75,1
vllm,few_shot,298,188.73,98.90,287.63,2,6.95,1
vllm,few_shot,299,90.72,5.38,96.10,2,20.81,1
vllm,few_shot,300,156.93,94.57,251.50,2,7.95,1
vllm,few_shot,301,56.61,38.53,95.14,2,21.02,1
vllm,few_shot,302,178.54,0.00,251.75,1,3.97,1
vllm,few_shot,303,213.66,0.00,269.90,1,3.71,1
vllm,few_shot,304,94.77,0.00,94.98,1,10.53,1
vllm,few_shot,305,180.74,0.00,273.91,1,3.65,1
vllm,few_shot,306,94.67,56.32,150.99,2,13.25,1
vllm,few_shot,307,184.29,97.77,282.06,2,7.09,1
vllm,few_shot,308,190.17,62.14,252.31,2,7.93,1
vllm,few_shot,309,211.39,0.00,273.71,1,3.65,1
vllm,few_shot,310,227.36,39.35,266.71,2,7.50,1
vllm,few_shot,311,205.73,106.57,312.30,2,6.40,1
vllm,few_shot,312,144.57,16.43,325.25,12,36.90,0
vllm,few_shot,313,103.83,0.00,119.01,1,8.40,1
vllm,few_shot,314,123.19,0.00,134.22,1,7.45,1
vllm,few_shot,315,95.82,27.60,123.42,2,16.20,1
vllm,few_shot,316,87.52,27.46,114.98,2,17.39,1
vllm,few_shot,317,97.13,27.18,124.31,2,16.09,1
vllm,few_shot,318,146.74,0.00,172.78,1,5.79,1
vllm,few_shot,319,140.16,0.00,165.40,1,6.05,1
vllm,few_shot,320,151.11,0.00,178.39,1,5.61,1
vllm,few_shot,321,135.09,78.39,213.48,2,9.37,1
vllm,few_shot,322,105.41,0.00,166.04,1,6.02,1
vllm,few_shot,323,87.60,85.87,173.46,2,11.53,1
vllm,few_shot,324,106.78,0.00,168.27,1,5.94,1
vllm,few_shot,325,166.32,0.00,229.44,1,4.36,1
vllm,few_shot,326,161.69,0.00,222.51,1,4.49,1
vllm,few_shot,327,155.77,0.00,216.95,1,4.61,1
vllm,few_shot,328,158.34,0.00,233.45,1,4.28,1
vllm,few_shot,329,121.49,0.00,197.44,1,5.06,1
vllm,few_shot,330,125.32,0.00,196.57,1,5.09,1
vllm,few_shot,331,144.61,0.00,217.63,1,4.60,1
vllm,few_shot,332,135.77,79.47,215.24,2,9.29,1
vllm,few_shot,333,204.04,0.00,220.12,1,4.54,1
vllm,few_shot,334,180.16,0.00,210.94,1,4.74,1
vllm,few_shot,335,168.76,0.00,193.79,1,5.16,1
vllm,few_shot,336,208.72,0.00,232.10,1,4.31,1
vllm,few_shot,337,197.14,0.00,236.04,1,4.24,1
vllm,few_shot,338,164.22,96.12,260.35,2,7.68,1
vllm,few_shot,339,179.56,0.00,213.39,1,4.69,1
vllm,few_shot,340,110.08,94.30,204.38,2,9.79,1
vllm,few_shot,341,183.41,0.00,226.00,1,4.42,1
vllm,few_shot,342,198.29,0.00,227.24,1,4.40,1
vllm,few_shot,343,149.89,104.67,254.56,2,7.86,1
vllm,few_shot,344,118.96,107.16,226.12,2,8.84,1
vllm,few_shot,345,174.30,0.00,222.17,1,4.50,1
vllm,few_shot,346,227.37,0.00,253.11,1,3.95,1
vllm,few_shot,347,158.19,0.00,206.98,1,4.83,1
vllm,few_shot,348,221.27,47.72,268.99,2,7.44,0
vllm,few_shot,349,184.16,40.90,225.06,2,8.89,1
vllm,few_shot,350,196.78,37.52,234.30,2,8.54,1
vllm,few_shot,351,175.33,46.08,221.41,2,9.03,1
vllm,few_shot,352,238.25,9.98,248.23,2,8.06,1
vllm,few_shot,353,188.29,0.00,217.17,1,4.60,1
vllm,few_shot,354,161.80,0.00,219.84,1,4.55,1
vllm,few_shot,355,163.58,0.00,173.06,1,5.78,1
vllm,few_shot,356,181.22,0.00,213.35,1,4.69,1
vllm,few_shot,357,154.07,0.00,164.37,1,6.08,1
vllm,few_shot,358,161.00,0.00,227.92,1,4.39,1
vllm,few_shot,359,218.52,0.00,260.58,1,3.84,1
vllm,few_shot,360,202.06,0.00,275.36,1,3.63,1
vllm,few_shot,361,158.10,37.90,195.99,2,10.20,1
vllm,few_shot,362,157.79,0.00,225.31,1,4.44,1
vllm,few_shot,363,215.43,54.66,270.09,2,7.40,1
vllm,few_shot,364,138.70,18.68,157.38,2,12.71,1
vllm,few_shot,365,194.07,52.51,246.58,2,8.11,1
vllm,few_shot,366,218.07,64.49,282.56,2,7.08,1
vllm,few_shot,367,111.83,24.47,136.30,2,14.67,1
vllm,few_shot,368,117.50,0.00,164.46,1,6.08,1
vllm,few_shot,369,222.24,12.66,260.21,4,15.37,0
vllm,few_shot,370,182.88,51.91,234.80,2,8.52,1
vllm,few_shot,371,148.12,21.74,235.08,5,21.27,1
vllm,few_shot,372,227.64,0.00,302.63,1,3.30,1
vllm,few_shot,373,205.52,59.45,264.97,2,7.55,1
vllm,few_shot,374,160.68,0.00,189.14,1,5.29,1
vllm,few_shot,375,176.16,0.00,240.44,1,4.16,1
vllm,few_shot,376,127.46,151.39,278.85,2,7.17,1
vllm,few_shot,377,201.59,0.00,238.64,1,4.19,1
vllm,few_shot,378,204.83,0.00,265.80,1,3.76,1
vllm,few_shot,379,230.60,0.00,306.75,1,3.26,1
vllm,few_shot,380,103.42,0.00,155.01,1,6.45,1
vllm,few_shot,381,202.50,55.85,258.35,2,7.74,1
vllm,few_shot,382,100.95,0.00,105.28,1,9.50,1
vllm,few_shot,383,194.16,103.56,297.73,2,6.72,1
vllm,few_shot,384,89.03,10.06,99.09,2,20.18,1
vllm,few_shot,385,98.64,0.00,158.70,1,6.30,1
vllm,few_shot,386,81.31,0.00,100.98,1,9.90,1
vllm,few_shot,387,305.14,0.00,310.39,1,3.22,1
vllm,few_shot,388,75.35,36.41,111.76,2,17.90,1
vllm,few_shot,389,86.67,25.97,112.65,2,17.75,1
vllm,few_shot,390,84.63,0.00,98.68,1,10.13,1
vllm,few_shot,391,65.49,36.47,101.96,2,19.62,0
vllm,few_shot,392,102.03,12.98,115.01,2,17.39,1
vllm,few_shot,393,96.08,0.00,101.92,1,9.81,1
vllm,few_shot,394,75.25,0.00,103.70,1,9.64,1
vllm,few_shot,395,78.58,0.00,117.62,1,8.50,1
vllm,few_shot,396,96.63,0.00,105.00,1,9.52,1
vllm,few_shot,397,101.96,0.00,116.08,1,8.61,1
vllm,few_shot,398,94.43,27.48,121.91,2,16.41,1
vllm,few_shot,399,105.22,0.00,124.96,1,8.00,1
vllm,few_shot,400,98.23,0.00,119.08,1,8.40,1
vllm,few_shot,401,77.77,27.90,105.67,2,18.93,1
vllm,few_shot,402,121.43,33.86,155.29,2,12.88,1
vllm,few_shot,403,97.81,34.49,132.30,2,15.12,1
vllm,few_shot,404,124.74,0.00,142.23,1,7.03,1
vllm,few_shot,405,136.12,31.39,167.51,2,11.94,1
vllm,few_shot,406,143.40,0.00,160.96,1,6.21,1
vllm,few_shot,407,120.27,0.00,140.36,1,7.12,1
vllm,few_shot,408,126.35,77.52,203.87,2,9.81,1
vllm,few_shot,409,120.31,77.83,198.13,2,10.09,1
vllm,few_shot,410,171.49,0.00,240.38,1,4.16,1
vllm,few_shot,411,154.88,84.09,238.97,2,8.37,1
vllm,few_shot,412,185.94,0.00,186.21,1,5.37,1
vllm,few_shot,413,111.67,91.50,203.16,2,9.84,1
vllm,few_shot,414,152.97,0.00,164.62,1,6.07,1
vllm,few_shot,415,152.83,74.49,227.32,2,8.80,1
vllm,few_shot,416,172.80,0.00,192.14,1,5.20,1
vllm,few_shot,417,153.77,0.00,240.53,1,4.16,1
vllm,few_shot,418,120.63,0.00,206.96,1,4.83,1
vllm,few_shot,419,233.68,0.00,255.18,1,3.92,1
vllm,few_shot,420,198.42,0.00,223.04,1,4.48,1
vllm,few_shot,421,207.13,0.00,222.16,1,4.50,1
vllm,few_shot,422,160.64,0.00,251.39,1,3.98,1
vllm,few_shot,423,177.06,93.81,270.87,2,7.38,1
vllm,few_shot,424,149.25,0.00,183.23,1,5.46,1
vllm,few_shot,425,149.58,0.00,183.24,1,5.46,1
vllm,few_shot,426,205.48,0.00,224.92,1,4.45,1
vllm,few_shot,427,149.73,0.00,188.54,1,5.30,1
vllm,few_shot,428,198.62,5.39,204.02,2,9.80,1
vllm,few_shot,429,161.72,0.00,259.38,1,3.86,1
vllm,few_shot,430,210.15,0.00,229.59,1,4.36,1
vllm,few_shot,431,177.38,41.71,219.10,2,9.13,1
vllm,few_shot,432,206.69,4.88,211.57,2,9.45,0
vllm,few_shot,433,221.78,0.00,256.10,1,3.90,1
vllm,few_shot,434,112.96,104.58,217.54,2,9.19,1
vllm,few_shot,435,181.27,51.24,232.51,2,8.60,1
vllm,few_shot,436,207.13,43.71,250.84,2,7.97,1
vllm,few_shot,437,174.38,0.00,287.70,1,3.48,1
vllm,few_shot,438,120.22,0.00,125.14,1,7.99,1
vllm,few_shot,439,178.41,48.50,226.92,2,8.81,1
vllm,few_shot,440,240.96,0.00,289.78,1,3.45,1
vllm,few_shot,441,258.78,9.78,268.56,2,7.45,1
vllm,few_shot,442,193.18,55.56,248.75,2,8.04,1
vllm,few_shot,443,110.65,0.00,146.43,1,6.83,1
vllm,few_shot,444,168.90,0.00,203.42,1,4.92,1
vllm,few_shot,445,159.69,0.00,218.28,1,4.58,1
vllm,few_shot,446,140.48,0.00,201.11,1,4.97,1
vllm,few_shot,447,171.26,48.25,219.51,2,9.11,1
vllm,few_shot,448,210.57,0.00,224.94,1,4.45,1
vllm,few_shot,449,164.08,0.00,232.27,1,4.31,1
vllm,few_shot,450,107.39,0.00,161.66,1,6.19,1
vllm,few_shot,451,104.53,71.17,175.71,2,11.38,1
vllm,few_shot,452,169.39,59.40,228.79,2,8.74,1
vllm,few_shot,453,172.48,75.02,247.50,2,8.08,1
vllm,few_shot,454,159.85,59.35,219.19,2,9.12,1
vllm,few_shot,455,118.22,0.00,133.54,1,7.49,1
vllm,few_shot,456,193.41,62.60,256.01,2,7.81,1
vllm,few_shot,457,218.23,0.00,267.54,1,3.74,1
vllm,few_shot,458,160.80,0.00,229.04,1,4.37,1
vllm,few_shot,459,109.05,22.88,131.93,2,15.16,1
vllm,few_shot,460,110.91,136.36,247.26,2,8.09,1
vllm,few_shot,461,90.28,44.53,134.81,2,14.84,1
vllm,few_shot,462,196.18,83.15,279.33,2,7.16,1
vllm,few_shot,463,172.78,0.00,255.08,1,3.92,1
vllm,few_shot,464,121.93,0.00,203.46,1,4.91,1
vllm,few_shot,465,184.02,81.66,265.67,2,7.53,1
vllm,few_shot,466,143.08,0.33,143.41,2,13.95,1
vllm,few_shot,467,102.79,0.00,175.93,1,5.68,1
vllm,few_shot,468,132.60,0.00,162.17,1,6.17,1
vllm,few_shot,469,121.37,165.71,287.07,2,6.97,0
vllm,few_shot,470,120.82,50.88,171.70,2,11.65,1
vllm,few_shot,471,167.60,94.06,261.66,2,7.64,1
vllm,few_shot,472,74.13,0.00,80.31,1,12.45,1
vllm,few_shot,473,106.28,0.00,115.64,1,8.65,1
vllm,few_shot,474,101.28,0.00,111.28,1,8.99,1
vllm,few_shot,475,107.13,30.88,138.01,2,14.49,1
vllm,few_shot,476,115.53,31.77,147.31,2,13.58,1
vllm,few_shot,477,115.78,69.83,185.60,2,10.78,1
vllm,few_shot,478,111.10,64.41,175.51,2,11.40,1
vllm,few_shot,479,108.50,107.59,216.09,2,9.26,0
vllm,few_shot,480,169.65,0.00,225.39,1,4.44,1
vllm,few_shot,481,130.88,0.00,194.70,1,5.14,1
vllm,few_shot,482,103.08,121.56,224.63,2,8.90,1
vllm,few_shot,483,145.17,0.00,213.06,1,4.69,1
vllm,few_shot,484,171.55,0.00,241.75,1,4.14,1
vllm,few_shot,485,154.95,0.00,228.49,1,4.38,1
vllm,few_shot,486,222.99,0.00,223.27,1,4.48,1
vllm,few_shot,487,166.16,0.00,242.28,1,4.13,1
vllm,few_shot,488,208.40,0.00,213.70,1,4.68,1
vllm,few_shot,489,184.83,0.00,185.04,1,5.40,1
vllm,few_shot,490,154.89,81.59,236.47,2,8.46,1
vllm,few_shot,491,132.52,138.13,270.65,2,7.39,1
vllm,few_shot,492,186.79,0.00,270.78,1,3.69,1
vllm,few_shot,493,209.42,0.00,238.90,1,4.19,1
vllm,few_shot,494,179.27,83.17,262.44,2,7.62,1
vllm,few_shot,495,210.86,0.00,220.47,1,4.54,1
vllm,few_shot,496,226.10,32.37,258.47,2,7.74,1
vllm,few_shot,497,273.69,9.31,283.00,2,7.07,1
vllm,few_shot,498,216.43,0.00,235.75,1,4.24,1
vllm,few_shot,499,274.12,30.54,304.66,2,6.56,1
vllm,few_shot,500,141.27,0.00,177.62,1,5.63,1
vllm,few_shot,501,195.03,0.00,219.60,1,4.55,1
vllm,few_shot,502,229.55,20.80,250.35,2,7.99,1
vllm,few_shot,503,210.67,43.35,254.02,2,7.87,1
vllm,few_shot,504,141.79,104.07,245.86,2,8.13,1
vllm,few_shot,505,185.88,0.00,290.01,1,3.45,1
vllm,few_shot,506,186.30,0.00,287.06,1,3.48,1
vllm,few_shot,507,283.81,10.20,294.02,2,6.80,1
vllm,few_shot,508,168.09,98.71,266.80,2,7.50,1
vllm,few_shot,509,142.71,101.89,244.60,2,8.18,1
vllm,few_shot,510,150.17,0.00,167.76,1,5.96,1
vllm,few_shot,511,187.41,48.37,235.78,2,8.48,1
vllm,few_shot,512,140.57,51.66,192.23,2,10.40,1
vllm,few_shot,513,192.23,102.50,294.74,2,6.79,1
vllm,few_shot,514,149.96,108.90,258.86,2,7.73,0
vllm,few_shot,515,286.04,0.00,329.87,1,3.03,1
vllm,few_shot,516,153.01,0.00,261.77,1,3.82,1
vllm,few_shot,517,182.71,0.00,293.80,1,3.40,1
vllm,few_shot,518,218.19,48.95,267.14,2,7.49,1
vllm,few_shot,519,215.04,32.10,247.15,2,8.09,1
vllm,few_shot,520,173.77,122.76,296.53,2,6.74,1
vllm,few_shot,521,140.82,122.09,262.91,2,7.61,0
vllm,few_shot,522,214.45,120.71,335.16,2,5.97,1
vllm,few_shot,523,193.61,57.49,251.10,2,7.96,1
vllm,few_shot,524,175.08,0.00,241.26,1,4.14,1
vllm,few_shot,525,202.49,0.00,264.92,1,3.77,1
vllm,few_shot,526,204.22,118.07,322.29,2,6.21,1
vllm,few_shot,527,141.11,128.68,269.79,2,7.41,1
vllm,few_shot,528,177.71,131.86,309.57,2,6.46,1
vllm,few_shot,529,219.58,0.00,289.32,1,3.46,1
vllm,few_shot,530,232.57,71.93,304.50,2,6.57,1
vllm,few_shot,531,202.87,0.00,269.67,1,3.71,1
vllm,few_shot,532,168.64,135.98,304.62,2,6.57,1
vllm,few_shot,533,209.26,68.15,277.42,2,7.21,1
vllm,few_shot,534,254.91,51.28,306.19,2,6.53,0
vllm,few_shot,535,165.74,0.00,196.63,1,5.09,1
vllm,few_shot,536,193.64,74.01,267.65,2,7.47,1
vllm,few_shot,537,154.83,140.56,295.39,2,6.77,1
vllm,few_shot,538,204.94,72.04,276.98,2,7.22,1
vllm,few_shot,539,131.49,0.00,135.11,1,7.40,1
vllm,few_shot,540,112.51,0.00,137.57,1,7.27,1
vllm,few_shot,541,227.61,0.00,309.40,1,3.23,1
vllm,few_shot,542,273.15,0.00,351.11,1,2.85,1
vllm,few_shot,543,108.96,0.00,118.30,1,8.45,1
vllm,few_shot,544,74.10,0.00,93.15,1,10.74,1
vllm,few_shot,545,128.13,0.00,147.35,1,6.79,1
vllm,few_shot,546,118.27,34.40,152.67,2,13.10,1
vllm,few_shot,547,110.95,0.00,132.82,1,7.53,1
vllm,few_shot,548,128.64,0.00,154.34,1,6.48,1
vllm,few_shot,549,90.11,0.00,113.55,1,8.81,1
vllm,few_shot,550,120.84,44.52,165.36,2,12.09,1
vllm,few_shot,551,100.78,0.00,129.10,1,7.75,1
vllm,few_shot,552,113.09,78.50,191.59,2,10.44,1
vllm,few_shot,553,155.00,0.00,206.75,1,4.84,1
vllm,few_shot,554,154.04,0.00,219.47,1,4.56,1
vllm,few_shot,555,147.16,0.00,214.40,1,4.66,1
vllm,few_shot,556,91.72,0.00,162.41,1,6.16,1
vllm,few_shot,557,132.10,0.00,198.62,1,5.03,1
vllm,few_shot,558,186.36,0.00,253.57,1,3.94,1
vllm,few_shot,559,152.10,97.07,249.16,2,8.03,1
vllm,few_shot,560,156.51,0.00,230.04,1,4.35,1
vllm,few_shot,561,164.27,0.00,238.70,1,4.19,1
vllm,few_shot,562,117.47,100.99,218.46,2,9.15,1
vllm,few_shot,563,116.54,78.27,194.81,2,10.27,1
vllm,few_shot,564,203.87,0.00,223.82,1,4.47,1
vllm,few_shot,565,140.91,0.00,225.73,1,4.43,1
vllm,few_shot,566,132.09,0.00,219.70,1,4.55,1
vllm,few_shot,567,126.60,88.88,215.48,2,9.28,1
vllm,few_shot,568,143.76,110.03,253.80,2,7.88,1
vllm,few_shot,569,194.74,0.00,207.94,1,4.81,1
vllm,few_shot,570,192.77,0.00,217.05,1,4.61,1
vllm,few_shot,571,202.10,0.00,230.20,1,4.34,1
vllm,few_shot,572,169.42,36.53,205.95,2,9.71,1
vllm,few_shot,573,177.34,23.42,200.76,2,9.96,1
vllm,few_shot,574,163.36,0.00,195.19,1,5.12,1
vllm,few_shot,575,159.34,0.00,201.39,1,4.97,1
vllm,few_shot,576,186.32,0.00,228.66,1,4.37,1
vllm,few_shot,577,180.31,0.00,224.82,1,4.45,1
vllm,few_shot,578,96.21,0.00,117.23,1,8.53,1
vllm,few_shot,579,172.60,0.00,209.01,1,4.78,1
vllm,few_shot,580,179.67,0.00,213.02,1,4.69,1
vllm,few_shot,581,172.50,0.00,271.04,1,3.69,1
vllm,few_shot,582,166.76,41.45,208.21,2,9.61,1
vllm,few_shot,583,205.34,0.00,242.62,1,4.12,1
vllm,few_shot,584,174.92,41.24,216.16,2,9.25,1
vllm,few_shot,585,162.31,0.00,205.69,1,4.86,1
vllm,few_shot,586,174.91,50.86,225.78,2,8.86,1
vllm,few_shot,587,198.69,0.00,208.10,1,4.81,1
vllm,few_shot,588,137.47,132.87,270.34,2,7.40,1
vllm,few_shot,589,194.06,59.81,253.87,2,7.88,1
vllm,few_shot,590,213.94,0.00,268.95,1,3.72,1
vllm,few_shot,591,232.35,8.92,241.27,2,8.29,1
vllm,few_shot,592,102.43,0.00,112.25,1,8.91,1
vllm,few_shot,593,131.09,0.00,140.72,1,7.11,1
vllm,few_shot,594,193.75,51.09,244.84,2,8.17,1
vllm,few_shot,595,153.22,0.00,212.70,1,4.70,1
vllm,few_shot,596,163.93,61.58,225.50,2,8.87,1
vllm,few_shot,597,192.47,37.36,229.83,2,8.70,1
vllm,few_shot,598,168.98,57.27,226.25,2,8.84,1
vllm,few_shot,599,245.43,9.32,254.75,2,7.85,1
vllm,few_shot,600,181.24,0.00,243.30,1,4.11,1
vllm,few_shot,601,188.29,64.86,253.14,2,7.90,1
vllm,few_shot,602,87.68,40.71,128.39,2,15.58,1
vllm,few_shot,603,178.91,44.61,223.51,2,8.95,1
vllm,few_shot,604,88.91,42.44,131.35,2,15.23,1
vllm,few_shot,605,199.22,0.00,199.44,1,5.01,1
vllm,few_shot,606,238.56,17.60,256.16,2,7.81,1
vllm,few_shot,607,225.83,57.60,283.43,2,7.06,1
vllm,few_shot,608,113.57,19.43,133.00,2,15.04,1
vllm,few_shot,609,211.40,36.16,247.56,2,8.08,1
vllm,few_shot,610,278.31,3.49,281.80,2,7.10,0
vllm,few_shot,611,135.71,140.94,276.66,2,7.23,1
vllm,few_shot,612,129.87,0.00,144.24,1,6.93,1
vllm,few_shot,613,225.15,70.31,295.46,2,6.77,1
vllm,few_shot,614,149.15,0.00,166.03,1,6.02,1
vllm,few_shot,615,186.13,66.13,252.25,2,7.93,1
vllm,few_shot,616,48.78,0.00,61.85,1,16.17,1
vllm,few_shot,617,97.36,0.00,108.33,1,9.23,1
vllm,few_shot,618,119.11,0.00,132.83,1,7.53,1
vllm,few_shot,619,105.53,0.00,118.99,1,8.40,1
vllm,few_shot,620,110.66,29.09,139.75,2,14.31,1
vllm,few_shot,621,94.42,29.04,123.45,2,16.20,1
vllm,few_shot,622,91.66,29.60,121.25,2,16.49,1
vllm,few_shot,623,157.16,0.00,169.28,1,5.91,1
vllm,few_shot,624,118.92,0.00,143.41,1,6.97,1
vllm,few_shot,625,128.33,0.00,153.96,1,6.50,1
vllm,few_shot,626,128.92,38.78,167.70,2,11.93,1
vllm,few_shot,627,119.82,0.00,131.68,1,7.59,1
vllm,few_shot,628,147.08,0.00,159.29,1,6.28,1
vllm,few_shot,629,161.10,0.00,171.08,1,5.85,1
vllm,few_shot,630,193.09,0.00,206.71,1,4.84,1
vllm,few_shot,631,129.68,0.00,148.50,1,6.73,1
vllm,few_shot,632,162.39,40.06,202.45,2,9.88,1
vllm,few_shot,633,152.79,40.75,193.55,2,10.33,1
vllm,few_shot,634,152.80,0.00,173.24,1,5.77,1
vllm,few_shot,635,102.02,0.00,125.37,1,7.98,1
vllm,few_shot,636,122.31,0.00,144.14,1,6.94,1
vllm,few_shot,637,156.04,0.00,178.41,1,5.60,1
vllm,few_shot,638,99.42,46.88,146.30,2,13.67,1
vllm,few_shot,639,147.11,50.08,197.18,2,10.14,1
vllm,few_shot,640,182.02,0.00,206.49,1,4.84,1
vllm,few_shot,641,127.68,0.00,155.77,1,6.42,1
vllm,few_shot,642,169.72,76.26,245.98,2,8.13,1
vllm,few_shot,643,122.78,82.74,205.52,2,9.73,1
vllm,few_shot,644,188.76,0.00,193.04,1,5.18,1
vllm,few_shot,645,202.84,0.00,213.58,1,4.68,1
vllm,few_shot,646,181.40,0.00,199.92,1,5.00,1
vllm,few_shot,647,131.62,94.71,226.33,2,8.84,1
vllm,few_shot,648,118.27,0.00,141.45,1,7.07,1
vllm,few_shot,649,161.48,0.00,184.47,1,5.42,1
vllm,few_shot,650,135.62,71.20,206.82,2,9.67,1
vllm,few_shot,651,172.92,0.00,200.36,1,4.99,1
vllm,few_shot,652,98.41,0.00,118.36,1,8.45,1
vllm,few_shot,653,200.58,0.00,219.22,1,4.56,1
vllm,few_shot,654,157.25,89.38,246.64,2,8.11,1
vllm,few_shot,655,198.17,78.92,277.08,2,7.22,1
vllm,few_shot,656,189.01,0.00,216.80,1,4.61,1
vllm,few_shot,657,257.59,0.00,272.36,1,3.67,1
vllm,few_shot,658,165.61,89.43,255.04,2,7.84,1
vllm,few_shot,659,185.11,0.00,221.27,1,4.52,1
vllm,few_shot,660,212.60,0.00,248.98,1,4.02,1
vllm,few_shot,661,214.79,0.00,255.04,1,3.92,1
vllm,few_shot,662,108.88,33.02,141.90,2,14.09,1
vllm,few_shot,663,246.56,39.54,286.10,2,6.99,1
vllm,few_shot,664,189.94,30.79,220.73,2,9.06,1
vllm,few_shot,665,182.17,38.40,220.56,2,9.07,1
vllm,few_shot,666,90.09,0.00,98.41,1,10.16,1
vllm,few_shot,667,106.88,44.31,151.19,2,13.23,1
vllm,few_shot,668,118.90,0.00,167.96,1,5.95,1
vllm,few_shot,669,189.35,43.21,232.56,2,8.60,1
vllm,few_shot,670,78.96,0.00,92.81,1,10.77,1
vllm,few_shot,671,219.35,39.81,259.15,2,7.72,1
vllm,few_shot,672,107.83,0.00,108.04,1,9.26,1
vllm,few_shot,673,167.89,58.30,226.19,2,8.84,1
vllm,few_shot,674,212.37,53.90,266.27,2,7.51,1
vllm,few_shot,675,225.23,52.39,277.62,2,7.20,1
vllm,few_shot,676,202.30,55.05,257.35,2,7.77,1
vllm,few_shot,677,202.55,58.32,260.86,2,7.67,1
vllm,few_shot,678,94.12,0.00,118.08,1,8.47,1
vllm,few_shot,679,125.21,0.00,130.25,1,7.68,1
vllm,few_shot,680,195.41,62.44,257.85,2,7.76,1
vllm,few_shot,681,115.53,0.33,115.86,2,17.26,1
vllm,few_shot,682,156.57,53.96,210.53,2,9.50,1
vllm,few_shot,683,116.50,138.63,255.13,2,7.84,1
vllm,few_shot,684,177.10,64.43,241.53,2,8.28,1
vllm,few_shot,685,88.15,0.00,112.28,1,8.91,1
vllm,few_shot,686,89.75,0.00,119.29,1,8.38,1
vllm,few_shot,687,127.25,0.38,127.64,2,15.67,0
vllm,few_shot,688,110.25,0.00,118.05,1,8.47,1
vllm,few_shot,689,133.00,0.00,141.14,1,7.09,1
vllm,few_shot,690,212.31,74.73,287.05,2,6.97,1
vllm,few_shot,691,213.68,77.78,291.45,2,6.86,1
vllm,few_shot,692,199.85,0.00,280.62,1,3.56,1
vllm,few_shot,693,127.23,7.49,134.73,2,14.84,1
vllm,few_shot,694,117.19,0.00,200.94,1,4.98,1
vllm,few_shot,695,136.27,3.79,140.07,2,14.28,1
vllm,few_shot,696,131.06,0.00,148.26,1,6.74,1
vllm,few_shot,697,128.43,2.37,130.81,2,15.29,1
vllm,few_shot,698,112.40,11.93,136.27,3,22.01,1
vllm,few_shot,699,119.80,0.00,149.39,1,6.69,1
vllm,few_shot,700,166.15,0.00,312.23,1,3.20,1
vllm,few_shot,701,182.33,91.60,273.93,2,7.30,1
vllm,few_shot,702,106.99,84.98,191.97,2,10.42,1
vllm,few_shot,703,238.80,0.00,325.85,1,3.07,1
vllm,few_shot,704,129.73,11.34,141.08,2,14.18,1
vllm,few_shot,705,327.60,0.00,330.96,1,3.02,1
vllm,few_shot,706,58.69,19.86,78.56,2,25.46,1
vllm,few_shot,707,87.37,0.00,105.45,1,9.48,1
vllm,few_shot,708,113.84,26.65,140.50,2,14.24,1
vllm,few_shot,709,131.83,0.00,149.29,1,6.70,1
vllm,few_shot,710,94.35,0.00,109.74,1,9.11,1
vllm,few_shot,711,137.81,0.00,158.28,1,6.32,1
vllm,few_shot,712,141.13,0.00,163.68,1,6.11,1
vllm,few_shot,713,152.60,0.00,172.97,1,5.78,1
vllm,few_shot,714,97.03,39.11,136.15,2,14.69,0
vllm,few_shot,715,119.58,43.82,163.39,2,12.24,1
vllm,few_shot,716,140.89,74.99,215.88,2,9.26,1
vllm,few_shot,717,110.96,0.00,169.30,1,5.91,1
vllm,few_shot,718,149.41,0.00,206.75,1,4.84,1
vllm,few_shot,719,135.21,0.00,192.91,1,5.18,1
vllm,few_shot,720,116.48,75.00,191.48,2,10.45,1
vllm,few_shot,721,147.00,58.56,205.56,2,9.73,1
vllm,few_shot,722,138.20,79.66,217.86,2,9.18,1
vllm,few_shot,723,122.28,0.00,188.00,1,5.32,1
vllm,few_shot,724,162.89,80.89,243.78,2,8.20,1
vllm,few_shot,725,167.15,0.00,229.80,1,4.35,1
vllm,few_shot,726,213.15,0.00,218.03,1,4.59,1
vllm,few_shot,727,145.70,91.74,237.44,2,8.42,1
vllm,few_shot,728,234.75,0.00,239.60,1,4.17,1
vllm,few_shot,729,155.05,0.00,178.80,1,5.59,1
vllm,few_shot,730,169.75,0.00,193.08,1,5.18,1
vllm,few_shot,731,131.83,0.00,204.07,1,4.90,1
vllm,few_shot,732,199.09,0.00,226.75,1,4.41,1
vllm,few_shot,733,178.77,83.10,261.87,2,7.64,1
vllm,few_shot,734,184.60,0.00,189.78,1,5.27,1
vllm,few_shot,735,148.78,0.00,186.24,1,5.37,1
vllm,few_shot,736,193.16,0.00,224.63,1,4.45,1
vllm,few_shot,737,148.74,0.00,229.16,1,4.36,1
vllm,few_shot,738,101.94,0.00,106.69,1,9.37,1
vllm,few_shot,739,139.66,90.43,230.08,2,8.69,1
vllm,few_shot,740,184.17,0.00,220.85,1,4.53,1
vllm,few_shot,741,170.34,0.00,190.65,1,5.25,1
vllm,few_shot,742,209.36,47.27,256.63,2,7.79,1
vllm,few_shot,743,154.06,47.16,201.23,2,9.94,0
vllm,few_shot,744,207.27,10.57,217.84,2,9.18,1
vllm,few_shot,745,182.56,35.24,217.80,2,9.18,1
vllm,few_shot,746,194.26,0.00,236.85,1,4.22,1
vllm,few_shot,747,221.93,51.65,273.57,2,7.31,1
vllm,few_shot,748,113.41,0.00,118.69,1,8.43,1
vllm,few_shot,749,144.32,56.80,201.12,2,9.94,1
vllm,few_shot,750,69.73,0.00,95.97,1,10.42,1
vllm,few_shot,751,160.65,101.75,262.39,2,7.62,1
vllm,few_shot,752,182.29,0.00,222.29,1,4.50,1
vllm,few_shot,753,98.82,0.00,103.65,1,9.65,1
vllm,few_shot,754,166.67,0.00,220.20,1,4.54,1
vllm,few_shot,755,178.68,59.12,237.80,2,8.41,1
vllm,few_shot,756,170.54,108.92,279.46,2,7.16,1
vllm,few_shot,757,86.07,0.00,110.63,1,9.04,1
vllm,few_shot,758,215.93,61.58,277.51,2,7.21,1
vllm,few_shot,759,73.02,36.37,109.39,2,18.28,1
vllm,few_shot,760,185.57,66.46,252.03,2,7.94,1
vllm,few_shot,761,179.94,69.29,249.23,2,8.02,1
vllm,few_shot,762,147.84,43.60,191.44,2,10.45,1
vllm,few_shot,763,148.73,0.00,220.01,1,4.55,1
vllm,few_shot,764,202.80,10.01,212.81,2,9.40,1
vllm,few_shot,765,168.94,75.16,244.10,2,8.19,1
vllm,few_shot,766,197.33,67.37,264.70,2,7.56,1
vllm,few_shot,767,154.79,66.45,221.23,2,9.04,1
vllm,few_shot,768,180.45,0.00,252.32,1,3.96,1
vllm,few_shot,769,150.28,0.00,155.47,1,6.43,1
vllm,few_shot,770,173.88,62.89,236.77,2,8.45,1
vllm,few_shot,771,233.31,0.00,311.25,1,3.21,1
vllm,few_shot,772,107.55,22.79,130.34,2,15.34,1
vllm,few_shot,773,171.80,0.00,253.90,1,3.94,1
vllm,few_shot,774,159.48,84.52,244.00,2,8.20,1
vllm,few_shot,775,174.74,0.00,249.36,1,4.01,1
vllm,few_shot,776,226.56,0.00,249.55,1,4.01,1
vllm,few_shot,777,115.73,13.94,129.67,2,15.42,1
vllm,few_shot,778,176.39,64.95,241.33,2,8.29,1
vllm,few_shot,779,200.53,0.00,290.94,1,3.44,1
vllm,few_shot,780,106.39,0.00,118.82,1,8.42,1
vllm,few_shot,781,113.76,0.00,129.14,1,7.74,1
vllm,few_shot,782,100.01,0.00,114.94,1,8.70,1
vllm,few_shot,783,101.05,0.00,118.08,1,8.47,1
vllm,few_shot,784,138.68,0.00,155.76,1,6.42,1
vllm,few_shot,785,132.96,0.00,150.55,1,6.64,1
vllm,few_shot,786,95.60,0.00,125.57,1,7.96,1
vllm,few_shot,787,90.27,43.92,134.19,2,14.90,1
vllm,few_shot,788,87.12,46.42,133.54,2,14.98,1
vllm,few_shot,789,156.45,0.00,186.57,1,5.36,1
vllm,few_shot,790,147.74,0.00,183.29,1,5.46,1
vllm,few_shot,791,131.77,0.00,170.08,1,5.88,1
vllm,few_shot,792,133.52,0.00,167.30,1,5.98,1
vllm,few_shot,793,169.72,0.00,208.19,1,4.80,1
vllm,few_shot,794,171.61,0.00,206.23,1,4.85,1
vllm,few_shot,795,167.36,0.00,210.92,1,4.74,1
vllm,few_shot,796,156.52,0.00,198.71,1,5.03,1
vllm,few_shot,797,150.73,0.00,197.17,1,5.07,1
vllm,few_shot,798,108.28,78.45,186.72,2,10.71,1
vllm,few_shot,799,193.93,47.10,241.02,2,8.30,1
vllm,few_shot,800,168.17,0.00,223.07,1,4.48,1
vllm,few_shot,801,122.84,0.00,175.34,1,5.70,1
vllm,few_shot,802,121.44,82.12,203.56,2,9.82,1
vllm,few_shot,803,143.16,77.63,220.79,2,9.06,1
vllm,few_shot,804,124.43,0.00,182.76,1,5.47,1
vllm,few_shot,805,214.90,0.00,241.43,1,4.14,1
vllm,few_shot,806,186.27,18.66,204.93,2,9.76,0
vllm,few_shot,807,201.36,0.00,253.78,1,3.94,1
vllm,few_shot,808,167.56,0.00,177.27,1,5.64,1
vllm,few_shot,809,147.35,65.17,212.52,2,9.41,1
vllm,few_shot,810,142.93,35.63,178.56,2,11.20,1
vllm,few_shot,811,92.58,0.00,97.86,1,10.22,1
vllm,few_shot,812,157.20,71.89,229.09,2,8.73,1
vllm,few_shot,813,140.15,0.00,181.07,1,5.52,1
vllm,few_shot,814,187.42,70.20,257.62,2,7.76,1
vllm,few_shot,815,184.95,0.00,209.48,1,4.77,1
vllm,few_shot,816,188.31,21.16,209.47,2,9.55,1
vllm,few_shot,817,198.14,20.06,218.20,2,9.17,1
vllm,few_shot,818,211.45,29.30,240.75,2,8.31,1
vllm,few_shot,819,188.29,81.43,269.72,2,7.42,1
vllm,few_shot,820,210.77,18.91,229.67,2,8.71,1
vllm,few_shot,821,133.82,0.00,138.25,1,7.23,1
vllm,few_shot,822,193.37,0.00,218.24,1,4.58,1
vllm,few_shot,823,164.71,83.46,248.17,2,8.06,0
vllm,few_shot,824,153.23,0.00,228.53,1,4.38,1
vllm,few_shot,825,188.54,54.67,243.21,2,8.22,1
vllm,few_shot,826,193.18,54.01,247.19,2,8.09,1
vllm,few_shot,827,173.51,54.88,228.39,2,8.76,0
vllm,few_shot,828,148.73,0.00,196.81,1,5.08,1
vllm,few_shot,829,153.16,0.00,208.48,1,4.80,1
vllm,few_shot,830,197.20,84.54,281.74,2,7.10,1
vllm,few_shot,831,152.03,61.59,213.62,2,9.36,1
vllm,few_shot,832,176.22,47.69,223.91,2,8.93,1
vllm,few_shot,833,62.49,33.46,95.95,2,20.84,1
vllm,few_shot,834,59.00,28.61,87.61,2,22.83,1
vllm,few_shot,835,154.58,65.14,219.72,2,9.10,0
vllm,few_shot,836,195.52,91.33,286.85,2,6.97,1
vllm,few_shot,837,84.05,0.00,93.93,1,10.65,1
vllm,few_shot,838,69.44,29.20,98.64,2,20.28,1
vllm,few_shot,839,98.82,0.00,127.40,1,7.85,1
vllm,few_shot,840,181.33,0.00,250.43,1,3.99,1
vllm,few_shot,841,130.67,0.38,131.04,2,15.26,1
vllm,few_shot,842,183.74,109.16,292.90,2,6.83,1
vllm,few_shot,843,189.97,0.00,259.12,1,3.86,1
vllm,few_shot,844,158.59,64.93,223.52,2,8.95,1
vllm,few_shot,845,155.45,75.06,230.51,2,8.68,1
vllm,few_shot,846,58.02,48.81,106.83,2,18.72,1
vllm,few_shot,847,147.09,0.00,225.09,1,4.44,1
vllm,few_shot,848,162.21,75.67,237.87,2,8.41,1
vllm,few_shot,849,127.41,0.00,141.41,1,7.07,1
vllm,few_shot,850,157.18,0.00,234.09,1,4.27,1
vllm,few_shot,851,119.23,0.00,240.78,1,4.15,1
vllm,few_shot,852,170.30,80.34,250.64,2,7.98,1
vllm,few_shot,853,98.41,44.95,143.36,2,13.95,1
vllm,few_shot,854,104.38,0.00,116.38,1,8.59,1
vllm,few_shot,855,176.00,118.75,294.76,2,6.79,1
vllm,few_shot,856,76.74,0.00,86.88,1,11.51,1
vllm,few_shot,857,127.39,0.00,150.00,1,6.67,1
vllm,few_shot,858,138.81,22.68,161.49,2,12.38,1
vllm,few_shot,859,102.83,0.00,114.57,1,8.73,1
vllm,few_shot,860,158.15,0.00,166.92,1,5.99,1
vllm,few_shot,861,125.54,0.00,136.98,1,7.30,1
vllm,few_shot,862,119.19,67.01,186.20,2,10.74,1
vllm,few_shot,863,121.47,0.00,180.84,1,5.53,1
vllm,few_shot,864,152.89,0.00,212.04,1,4.72,1
vllm,few_shot,865,150.03,71.16,221.19,2,9.04,1
vllm,few_shot,866,146.03,0.00,212.16,1,4.71,1
vllm,few_shot,867,158.96,0.00,226.74,1,4.41,1
vllm,few_shot,868,114.79,0.00,184.72,1,5.41,1
vllm,few_shot,869,129.95,75.50,205.45,2,9.73,1
vllm,few_shot,870,183.82,0.00,233.35,1,4.29,1
vllm,few_shot,871,223.13,0.00,281.21,1,3.56,1
vllm,few_shot,872,204.26,0.00,263.56,1,3.79,1
vllm,few_shot,873,178.73,0.00,238.69,1,4.19,1
vllm,few_shot,874,207.14,0.00,268.68,1,3.72,1
vllm,few_shot,875,151.96,0.00,210.68,1,4.75,1
vllm,few_shot,876,172.43,0.00,238.59,1,4.19,1
vllm,few_shot,877,151.46,0.00,221.07,1,4.52,1
vllm,few_shot,878,174.11,0.00,237.36,1,4.21,1
vllm,few_shot,879,174.99,0.00,237.82,1,4.20,1
vllm,few_shot,880,150.15,0.00,222.09,1,4.50,1
vllm,few_shot,881,206.09,0.00,211.10,1,4.74,1
vllm,few_shot,882,233.33,0.00,257.43,1,3.88,1
vllm,few_shot,883,227.97,0.00,298.22,1,3.35,1
vllm,few_shot,884,167.99,0.00,243.86,1,4.10,1
vllm,few_shot,885,221.83,0.00,231.85,1,4.31,1
vllm,few_shot,886,188.63,0.00,273.02,1,3.66,1
vllm,few_shot,887,270.07,0.00,289.14,1,3.46,1
vllm,few_shot,888,165.81,0.00,252.61,1,3.96,1
vllm,few_shot,889,207.48,0.00,240.48,1,4.16,1
vllm,few_shot,890,194.84,39.93,234.78,2,8.52,1
vllm,few_shot,891,153.08,149.68,302.76,2,6.61,1
vllm,few_shot,892,170.54,84.45,254.99,2,7.84,1
vllm,few_shot,893,184.07,97.75,281.82,2,7.10,1
vllm,few_shot,894,157.70,97.54,255.24,2,7.84,1
vllm,few_shot,895,319.68,10.03,329.71,2,6.07,1
vllm,few_shot,896,215.03,0.00,251.48,1,3.98,1
vllm,few_shot,897,161.42,45.86,207.28,2,9.65,1
vllm,few_shot,898,194.00,90.41,284.41,2,7.03,1
vllm,few_shot,899,208.19,0.00,251.19,1,3.98,1
vllm,few_shot,900,157.34,0.00,157.58,1,6.35,1
vllm,few_shot,901,236.00,43.74,279.75,2,7.15,1
vllm,few_shot,902,205.39,0.00,247.80,1,4.04,1
vllm,few_shot,903,75.45,0.00,100.97,1,9.90,1
vllm,few_shot,904,178.02,107.49,285.51,2,7.01,1
vllm,few_shot,905,232.86,44.65,277.52,2,7.21,1
vllm,few_shot,906,143.95,0.00,163.34,1,6.12,1
vllm,few_shot,907,101.92,0.36,102.28,2,19.55,1
vllm,few_shot,908,238.29,55.55,293.84,2,6.81,1
vllm,few_shot,909,208.26,0.00,258.28,1,3.87,1
vllm,few_shot,910,165.33,115.77,281.10,2,7.11,1
vllm,few_shot,911,242.60,32.99,275.60,2,7.26,1
vllm,few_shot,912,224.64,0.00,278.28,1,3.59,1
vllm,few_shot,913,197.10,108.02,305.12,2,6.55,1
vllm,few_shot,914,250.35,62.07,312.42,2,6.40,1
vllm,few_shot,915,281.11,15.55,296.65,2,6.74,1
vllm,few_shot,916,107.69,2.88,110.57,2,18.09,1
vllm,few_shot,917,213.64,123.41,337.06,2,5.93,1
vllm,few_shot,918,79.61,40.51,120.12,2,16.65,1
vllm,few_shot,919,115.98,0.00,124.05,1,8.06,1
vllm,few_shot,920,123.08,58.56,181.64,2,11.01,1
vllm,few_shot,921,124.14,0.00,128.30,1,7.79,1
vllm,few_shot,922,104.71,0.00,119.62,1,8.36,1
vllm,few_shot,923,257.74,0.00,336.72,1,2.97,1
vllm,few_shot,924,236.09,60.51,296.61,2,6.74,1
vllm,few_shot,925,213.21,0.00,333.48,1,3.00,1
vllm,few_shot,926,227.95,0.00,275.85,1,3.63,1
vllm,few_shot,927,126.80,0.00,193.29,1,5.17,1
vllm,few_shot,928,154.39,140.89,295.28,2,6.77,1
vllm,few_shot,929,115.16,0.00,128.04,1,7.81,1
vllm,few_shot,930,227.85,69.10,296.95,2,6.74,1
vllm,few_shot,931,63.13,0.00,71.11,1,14.06,1
vllm,few_shot,932,337.77,0.00,343.18,1,2.91,1
vllm,few_shot,933,218.71,74.76,293.47,2,6.82,1
vllm,few_shot,934,147.19,68.59,215.79,2,9.27,1
vllm,few_shot,935,82.54,0.00,93.16,1,10.73,1
vllm,few_shot,936,134.38,0.00,150.08,1,6.66,1
vllm,few_shot,937,122.09,0.00,137.55,1,7.27,1
vllm,few_shot,938,136.07,0.00,155.93,1,6.41,1
vllm,few_shot,939,112.57,0.00,121.08,1,8.26,1
vllm,few_shot,940,91.01,0.00,97.25,1,10.28,1
vllm,few_shot,941,167.25,0.00,220.81,1,4.53,1
vllm,few_shot,942,149.79,0.00,204.49,1,4.89,1
vllm,few_shot,943,159.14,0.00,220.52,1,4.53,1
vllm,few_shot,944,189.93,0.00,253.71,1,3.94,1
vllm,few_shot,945,172.16,0.00,237.78,1,4.21,1
vllm,few_shot,946,176.80,0.00,236.19,1,4.23,1
vllm,few_shot,947,160.77,0.00,225.36,1,4.44,1
vllm,few_shot,948,201.11,0.00,201.35,1,4.97,1
vllm,few_shot,949,211.23,0.00,275.28,1,3.63,1
vllm,few_shot,950,194.98,0.00,265.14,1,3.77,1
vllm,few_shot,951,201.81,0.00,206.77,1,4.84,1
vllm,few_shot,952,162.07,0.00,226.37,1,4.42,1
vllm,few_shot,953,170.42,72.27,242.68,2,8.24,1
vllm,few_shot,954,186.25,68.25,254.50,2,7.86,1
vllm,few_shot,955,238.67,0.00,249.94,1,4.00,1
vllm,few_shot,956,128.99,123.06,252.05,2,7.93,1
vllm,few_shot,957,135.69,0.00,211.85,1,4.72,1
vllm,few_shot,958,195.11,0.00,205.72,1,4.86,1
vllm,few_shot,959,222.36,18.10,240.46,2,8.32,1
vllm,few_shot,960,230.06,0.00,248.86,1,4.02,1
vllm,few_shot,961,149.96,0.00,223.08,1,4.48,1
vllm,few_shot,962,196.66,73.09,269.75,2,7.41,1
vllm,few_shot,963,197.07,0.00,272.04,1,3.68,1
vllm,few_shot,964,163.28,76.05,239.33,2,8.36,1
vllm,few_shot,965,176.64,0.00,199.67,1,5.01,1
vllm,few_shot,966,152.13,78.58,230.72,2,8.67,1
vllm,few_shot,967,209.78,25.33,235.11,2,8.51,1
vllm,few_shot,968,189.99,0.00,204.40,1,4.89,1
vllm,few_shot,969,152.85,129.17,282.02,2,7.09,1
vllm,few_shot,970,172.43,77.00,249.43,2,8.02,1
vllm,few_shot,971,235.65,0.00,244.08,1,4.10,1
vllm,few_shot,972,212.68,0.00,216.95,1,4.61,1
vllm,few_shot,973,208.87,75.00,283.87,2,7.05,1
vllm,few_shot,974,171.88,77.19,249.07,2,8.03,1
vllm,few_shot,975,166.31,0.00,247.24,1,4.04,1
vllm,few_shot,976,207.92,0.00,219.78,1,4.55,1
vllm,few_shot,977,213.99,0.00,235.01,1,4.26,1
vllm,few_shot,978,203.60,26.09,229.69,2,8.71,1
vllm,few_shot,979,194.17,0.00,221.39,1,4.52,1
vllm,few_shot,980,232.05,0.00,258.63,1,3.87,1
vllm,few_shot,981,177.82,0.00,196.91,1,5.08,1
vllm,few_shot,982,282.37,14.42,296.79,2,6.74,0
vllm,few_shot,983,188.34,0.00,213.29,1,4.69,1
vllm,few_shot,984,151.96,0.00,233.82,1,4.28,1
vllm,few_shot,985,186.28,29.91,216.20,2,9.25,1
vllm,few_shot,986,203.38,22.89,226.27,2,8.84,0
vllm,few_shot,987,186.50,77.62,264.12,2,7.57,1
vllm,few_shot,988,206.32,23.08,229.40,2,8.72,1
vllm,few_shot,989,161.30,82.36,243.66,2,8.21,1
vllm,few_shot,990,274.83,0.00,294.68,1,3.39,1
vllm,few_shot,991,193.46,26.33,219.79,2,9.10,1
vllm,few_shot,992,214.97,21.38,236.35,2,8.46,1
vllm,few_shot,993,163.31,79.14,242.45,2,8.25,1
vllm,few_shot,994,244.32,0.00,272.58,1,3.67,1
vllm,few_shot,995,184.96,28.92,213.88,2,9.35,1
vllm,few_shot,996,209.57,17.29,226.86,2,8.82,1
vllm,few_shot,997,146.39,0.00,174.57,1,5.73,1
vllm,few_shot,998,291.90,9.29,301.19,2,6.64,1
vllm,few_shot,999,195.62,13.98,209.60,2,9.54,1
vllm,self_consistency,0,168.20,0.00,192.71,1,5.19,1
vllm,self_consistency,1,147.94,0.00,191.61,1,5.22,1
vllm,self_consistency,2,238.61,0.00,272.56,1,3.67,1
vllm,self_consistency,3,143.05,0.00,151.70,1,6.59,1
vllm,self_consistency,4,214.80,0.00,293.25,1,3.41,1
vllm,self_consistency,5,131.75,0.00,131.99,1,7.58,1
vllm,self_consistency,6,237.80,0.00,238.08,1,4.20,1
vllm,self_consistency,7,332.27,0.00,346.50,1,2.89,1
vllm,self_consistency,8,212.49,0.00,247.77,1,4.04,1
vllm,self_consistency,9,104.52,0.00,110.00,1,9.09,1
vllm,self_consistency,10,122.58,0.00,122.90,1,8.14,1
vllm,self_consistency,11,157.78,0.00,190.84,1,5.24,1
vllm,self_consistency,12,239.43,0.00,285.26,1,3.51,1
vllm,self_consistency,13,261.45,0.00,304.90,1,3.28,1
vllm,self_consistency,14,193.17,0.00,217.19,1,4.60,1
vllm,self_consistency,15,139.03,0.00,158.23,1,6.32,1
vllm,self_consistency,16,87.81,0.00,113.50,1,8.81,1
vllm,self_consistency,17,127.67,0.00,132.98,1,7.52,1
vllm,self_consistency,18,157.85,0.00,158.13,1,6.32,1
vllm,self_consistency,19,109.24,0.00,126.29,1,7.92,1
vllm,self_consistency,20,163.51,0.00,197.23,1,5.07,1
vllm,self_consistency,21,233.69,0.00,266.28,1,3.76,1
vllm,self_consistency,22,212.84,0.00,224.52,1,4.45,1
vllm,self_consistency,23,251.33,0.00,251.62,1,3.97,1
vllm,self_consistency,24,311.85,0.00,317.09,1,3.15,1
vllm,self_consistency,25,144.50,0.00,191.71,1,5.22,1
vllm,self_consistency,26,84.12,0.00,102.64,1,9.74,1
vllm,self_consistency,27,137.33,0.00,159.91,1,6.25,1
vllm,self_consistency,28,160.91,0.00,174.31,1,5.74,1
vllm,self_consistency,29,88.40,0.00,122.22,1,8.18,1
vllm,self_consistency,30,128.80,0.00,148.93,1,6.71,1
vllm,self_consistency,31,211.49,0.00,254.20,1,3.93,1
vllm,self_consistency,32,300.73,0.00,301.00,1,3.32,1
vllm,self_consistency,33,140.96,0.00,145.50,1,6.87,1
vllm,self_consistency,34,144.27,0.00,158.61,1,6.30,1
vllm,self_consistency,35,119.10,0.00,133.43,1,7.49,1
vllm,self_consistency,36,148.52,0.00,148.83,1,6.72,1
vllm,self_consistency,37,129.44,0.00,149.38,1,6.69,1
vllm,self_consistency,38,77.44,0.00,93.76,1,10.67,1
vllm,self_consistency,39,274.84,0.00,315.63,1,3.17,1
vllm,self_consistency,40,163.38,0.00,198.48,1,5.04,1
vllm,self_consistency,41,121.42,0.00,136.41,1,7.33,1
vllm,self_consistency,42,248.48,0.00,274.13,1,3.65,1
vllm,self_consistency,43,405.71,0.00,428.67,1,2.33,1
vllm,self_consistency,44,139.87,0.00,149.42,1,6.69,1
vllm,self_consistency,45,207.79,0.00,221.56,1,4.51,1
vllm,self_consistency,46,267.98,0.00,268.26,1,3.73,1
vllm,self_consistency,47,229.70,0.00,279.64,1,3.58,1
vllm,self_consistency,48,124.23,0.00,148.28,1,6.74,1
vllm,self_consistency,49,222.55,0.00,241.81,1,4.14,1
vllm,self_consistency,50,129.20,0.00,160.61,1,6.23,1
vllm,self_consistency,51,64.39,0.00,90.76,1,11.02,1
vllm,self_consistency,52,165.45,0.00,170.59,1,5.86,1
vllm,self_consistency,53,179.11,0.00,182.11,1,5.49,1
vllm,self_consistency,54,73.78,0.00,93.81,1,10.66,1
vllm,self_consistency,55,109.55,0.00,149.92,1,6.67,1
vllm,self_consistency,56,90.05,0.00,130.89,1,7.64,1
vllm,self_consistency,57,138.63,0.00,220.59,1,4.53,1
vllm,self_consistency,58,107.84,0.00,134.51,1,7.43,1
vllm,self_consistency,59,277.15,0.00,315.70,1,3.17,1
vllm,self_consistency,60,193.89,0.00,218.93,1,4.57,1
vllm,self_consistency,61,132.49,0.00,137.97,1,7.25,1
vllm,self_consistency,62,267.60,0.00,267.86,1,3.73,1
vllm,self_consistency,63,234.71,0.00,248.43,1,4.03,1
vllm,self_consistency,64,223.72,0.00,233.33,1,4.29,1
vllm,self_consistency,65,282.74,0.00,287.69,1,3.48,1
vllm,self_consistency,66,123.51,0.00,167.49,1,5.97,1
vllm,self_consistency,67,79.43,0.00,102.80,1,9.73,1
vllm,self_consistency,68,230.68,0.00,278.21,1,3.59,1
vllm,self_consistency,69,149.35,0.00,166.51,1,6.01,1
vllm,self_consistency,70,109.89,0.00,122.43,1,8.17,1
vllm,self_consistency,71,208.97,0.00,218.59,1,4.57,1
vllm,self_consistency,72,178.72,0.00,179.01,1,5.59,1
vllm,self_consistency,73,153.87,0.00,175.50,1,5.70,1
vllm,self_consistency,74,149.36,0.00,163.47,1,6.12,1
vllm,self_consistency,75,344.57,0.00,374.76,1,2.67,1
vllm,self_consistency,76,180.42,0.00,207.59,1,4.82,1
vllm,self_consistency,77,191.43,0.00,191.74,1,5.22,1
vllm,self_consistency,78,160.65,0.00,170.29,1,5.87,1
vllm,self_consistency,79,64.66,0.00,89.10,1,11.22,1
vllm,self_consistency,80,180.30,0.00,240.04,1,4.17,1
vllm,self_consistency,81,202.70,0.00,235.95,1,4.24,1
vllm,self_consistency,82,115.90,0.00,139.28,1,7.18,1
vllm,self_consistency,83,147.90,0.00,162.50,1,6.15,1
vllm,self_consistency,84,140.90,0.00,157.12,1,6.36,1
vllm,self_consistency,85,123.48,0.00,123.85,1,8.07,1
vllm,self_consistency,86,266.79,0.00,271.36,1,3.69,1
vllm,self_consistency,87,173.89,0.00,183.71,1,5.44,1
vllm,self_consistency,88,160.67,0.00,197.73,1,5.06,1
vllm,self_consistency,89,135.73,0.00,150.30,1,6.65,1
vllm,self_consistency,90,99.67,0.00,118.71,1,8.42,1
vllm,self_consistency,91,119.22,0.00,199.32,1,5.02,1
vllm,self_consistency,92,176.55,0.00,278.77,1,3.59,1
vllm,self_consistency,93,235.49,0.00,253.79,1,3.94,1
vllm,self_consistency,94,110.76,0.00,114.36,1,8.74,1
vllm,self_consistency,95,128.46,0.00,140.28,1,7.13,1
vllm,self_consistency,96,149.11,0.00,152.75,1,6.55,1
vllm,self_consistency,97,132.35,0.00,151.46,1,6.60,1
vllm,self_consistency,98,153.97,0.00,165.48,1,6.04,1
vllm,self_consistency,99,122.36,0.00,155.97,1,6.41,1
vllm,self_consistency,100,142.85,0.00,206.40,1,4.84,1
vllm,self_consistency,101,212.48,0.00,231.12,1,4.33,1
vllm,self_consistency,102,143.68,0.00,161.64,1,6.19,1
vllm,self_consistency,103,378.19,0.00,414.20,1,2.41,1
vllm,self_consistency,104,106.20,0.00,114.22,1,8.76,1
vllm,self_consistency,105,403.90,0.00,407.65,1,2.45,1
vllm,self_consistency,106,261.54,0.00,267.03,1,3.74,1
vllm,self_consistency,107,235.98,0.00,249.17,1,4.01,1
vllm,self_consistency,108,171.75,0.00,179.82,1,5.56,1
vllm,self_consistency,109,282.61,0.00,282.95,1,3.53,1
vllm,self_consistency,110,222.08,0.00,222.34,1,4.50,1
vllm,self_consistency,111,133.08,0.00,133.33,1,7.50,1
vllm,self_consistency,112,199.32,0.00,247.66,1,4.04,1
vllm,self_consistency,113,194.23,0.00,250.04,1,4.00,1
vllm,self_consistency,114,115.63,0.00,142.00,1,7.04,1
vllm,self_consistency,115,69.94,0.00,95.14,1,10.51,1
vllm,self_consistency,116,186.58,0.00,195.73,1,5.11,1
vllm,self_consistency,117,226.94,0.00,227.26,1,4.40,1
vllm,self_consistency,118,164.41,0.00,194.42,1,5.14,1
vllm,self_consistency,119,163.38,0.00,171.25,1,5.84,1
vllm,self_consistency,120,129.99,0.00,140.32,1,7.13,1
vllm,self_consistency,121,64.65,0.00,79.37,1,12.60,1
vllm,self_consistency,122,371.84,0.00,380.17,1,2.63,1
vllm,self_consistency,123,184.23,0.00,234.01,1,4.27,1
vllm,self_consistency,124,270.17,0.00,284.59,1,3.51,1
vllm,self_consistency,125,139.82,0.00,158.55,1,6.31,1
vllm,self_consistency,126,172.57,0.00,208.57,1,4.79,1
vllm,self_consistency,127,309.64,0.00,314.72,1,3.18,1
vllm,self_consistency,128,171.59,0.00,181.16,1,5.52,1
vllm,self_consistency,129,186.57,0.00,223.50,1,4.47,1
vllm,self_consistency,130,180.75,0.00,181.01,1,5.52,1
vllm,self_consistency,131,221.91,0.00,222.18,1,4.50,1
vllm,self_consistency,132,246.86,0.00,247.14,1,4.05,1
vllm,self_consistency,133,150.04,0.00,184.70,1,5.41,1
vllm,self_consistency,134,79.62,0.00,111.89,1,8.94,1
vllm,self_consistency,135,323.24,0.00,431.93,1,2.32,1
vllm,self_consistency,136,198.70,0.00,242.17,1,4.13,1
vllm,self_consistency,137,96.39,0.00,121.88,1,8.20,1
vllm,self_consistency,138,151.08,0.00,156.43,1,6.39,1
vllm,self_consistency,139,106.00,0.00,111.54,1,8.97,1
vllm,self_consistency,140,64.24,0.00,89.03,1,11.23,1
vllm,self_consistency,141,263.80,0.00,274.17,1,3.65,1
vllm,self_consistency,142,102.45,0.00,138.73,1,7.21,1
vllm,self_consistency,143,71.47,0.00,85.37,1,11.71,1
vllm,self_consistency,144,170.82,0.00,175.53,1,5.70,1
vllm,self_consistency,145,216.42,0.00,241.76,1,4.14,1
vllm,self_consistency,146,172.78,0.00,216.43,1,4.62,1
vllm,self_consistency,147,145.18,0.00,185.92,1,5.38,1
vllm,self_consistency,148,95.64,0.00,105.28,1,9.50,1
vllm,self_consistency,149,253.94,0.00,268.26,1,3.73,1
vllm,self_consistency,150,221.17,0.00,281.71,1,3.55,1
vllm,self_consistency,151,199.43,0.00,241.45,1,4.14,1
vllm,self_consistency,152,164.42,0.00,168.49,1,5.93,1
vllm,self_consistency,153,123.77,0.00,134.07,1,7.46,1
vllm,self_consistency,154,146.38,0.00,150.33,1,6.65,1
vllm,self_consistency,155,197.00,0.00,225.69,1,4.43,1
vllm,self_consistency,156,324.85,0.00,361.68,1,2.76,1
vllm,self_consistency,157,152.63,0.00,205.95,1,4.86,1
vllm,self_consistency,158,210.99,0.00,244.31,1,4.09,1
vllm,self_consistency,159,177.12,0.00,182.44,1,5.48,1
vllm,self_consistency,160,103.45,0.00,132.41,1,7.55,1
vllm,self_consistency,161,259.79,0.00,274.35,1,3.65,1
vllm,self_consistency,162,264.43,0.00,269.39,1,3.71,1
vllm,self_consistency,163,153.82,0.00,158.96,1,6.29,1
vllm,self_consistency,164,222.02,0.00,243.73,1,4.10,1
vllm,self_consistency,165,131.93,0.00,142.63,1,7.01,1
vllm,self_consistency,166,68.58,0.00,92.83,1,10.77,1
vllm,self_consistency,167,100.93,0.00,117.95,1,8.48,1
vllm,self_consistency,168,208.98,0.00,223.09,1,4.48,1
vllm,self_consistency,169,310.37,0.00,310.62,1,3.22,1
vllm,self_consistency,170,127.81,0.00,141.95,1,7.04,1
vllm,self_consistency,171,206.54,0.00,210.73,1,4.75,1
vllm,self_consistency,172,103.65,0.00,108.83,1,9.19,1
vllm,self_consistency,173,93.44,0.00,107.81,1,9.28,1
vllm,self_consistency,174,196.38,0.00,200.83,1,4.98,1
vllm,self_consistency,175,183.42,0.00,183.69,1,5.44,1
vllm,self_consistency,176,81.43,0.00,124.31,1,8.04,1
vllm,self_consistency,177,112.63,0.00,146.55,1,6.82,1
vllm,self_consistency,178,218.23,0.00,218.51,1,4.58,1
vllm,self_consistency,179,317.48,0.00,327.21,1,3.06,1
vllm,self_consistency,180,249.73,0.00,250.08,1,4.00,1
vllm,self_consistency,181,142.30,0.00,161.86,1,6.18,1
vllm,self_consistency,182,269.42,0.00,269.67,1,3.71,1
vllm,self_consistency,183,246.05,0.00,251.38,1,3.98,1
vllm,self_consistency,184,360.48,0.00,374.99,1,2.67,1
vllm,self_consistency,185,180.56,0.00,185.69,1,5.39,1
vllm,self_consistency,186,165.87,0.00,230.87,1,4.33,1
vllm,self_consistency,187,273.05,0.00,278.11,1,3.60,1
vllm,self_consistency,188,207.96,0.00,219.48,1,4.56,1
vllm,self_consistency,189,290.58,0.00,290.94,1,3.44,1
vllm,self_consistency,190,215.74,0.00,221.08,1,4.52,1
vllm,self_consistency,191,94.27,0.00,127.73,1,7.83,1
vllm,self_consistency,192,117.11,0.00,151.18,1,6.61,1
vllm,self_consistency,193,212.78,0.00,217.65,1,4.59,1
vllm,self_consistency,194,143.69,0.00,189.47,1,5.28,1
vllm,self_consistency,195,253.62,0.00,301.47,1,3.32,1
vllm,self_consistency,196,132.62,0.00,215.18,1,4.65,1
vllm,self_consistency,197,180.89,0.00,204.31,1,4.89,1
vllm,self_consistency,198,126.57,0.00,140.61,1,7.11,1
vllm,self_consistency,199,170.65,0.00,185.09,1,5.40,1
vllm,self_consistency,200,274.70,0.00,279.54,1,3.58,1
vllm,self_consistency,201,253.59,0.00,253.91,1,3.94,1
vllm,self_consistency,202,173.41,0.00,213.43,1,4.69,1
vllm,self_consistency,203,217.64,0.00,232.02,1,4.31,1
vllm,self_consistency,204,287.97,0.00,321.67,1,3.11,1
vllm,self_consistency,205,205.77,0.00,210.97,1,4.74,1
vllm,self_consistency,206,250.80,0.00,283.17,1,3.53,1
vllm,self_consistency,207,242.30,0.00,247.19,1,4.05,1
vllm,self_consistency,208,168.63,0.00,195.69,1,5.11,1
vllm,self_consistency,209,175.64,0.00,199.28,1,5.02,1
vllm,self_consistency,210,65.16,0.00,98.18,1,10.19,1
vllm,self_consistency,211,203.58,0.00,223.38,1,4.48,1
vllm,self_consistency,212,163.47,0.00,180.89,1,5.53,1
vllm,self_consistency,213,234.51,0.00,250.10,1,4.00,1
vllm,self_consistency,214,85.09,0.00,111.68,1,8.95,1
vllm,self_consistency,215,75.21,0.00,98.94,1,10.11,1
vllm,self_consistency,216,301.89,0.00,338.13,1,2.96,1
vllm,self_consistency,217,180.40,0.00,204.25,1,4.90,1
vllm,self_consistency,218,203.65,0.00,204.73,1,4.88,1
vllm,self_consistency,219,275.04,0.00,306.96,1,3.26,1
vllm,self_consistency,220,159.02,0.00,159.36,1,6.28,1
vllm,self_consistency,221,210.46,0.00,259.45,1,3.85,1
vllm,self_consistency,222,146.28,0.00,157.82,1,6.34,1
vllm,self_consistency,223,68.14,0.00,87.24,1,11.46,1
vllm,self_consistency,224,72.82,0.00,87.48,1,11.43,1
vllm,self_consistency,225,71.70,0.00,85.86,1,11.65,1
vllm,self_consistency,226,171.57,0.00,210.46,1,4.75,1
vllm,self_consistency,227,108.75,0.00,140.04,1,7.14,1
vllm,self_consistency,228,248.06,0.00,248.31,1,4.03,1
vllm,self_consistency,229,92.83,0.00,112.50,1,8.89,1
vllm,self_consistency,230,69.40,0.00,84.73,1,11.80,1
vllm,self_consistency,231,177.73,0.00,194.92,1,5.13,1
vllm,self_consistency,232,202.98,0.00,213.30,1,4.69,1
vllm,self_consistency,233,171.56,0.00,176.94,1,5.65,1
vllm,self_consistency,234,199.72,0.00,204.99,1,4.88,1
vllm,self_consistency,235,121.28,0.00,176.79,1,5.66,1
vllm,self_consistency,236,168.31,0.00,184.07,1,5.43,1
vllm,self_consistency,237,159.38,0.00,206.73,1,4.84,1
vllm,self_consistency,238,153.40,0.00,158.31,1,6.32,1
vllm,self_consistency,239,132.65,0.00,146.30,1,6.84,1
vllm,self_consistency,240,121.15,0.00,129.68,1,7.71,1
vllm,self_consistency,241,74.39,0.00,91.26,1,10.96,1
vllm,self_consistency,242,230.22,0.00,230.52,1,4.34,1
vllm,self_consistency,243,188.59,0.00,188.83,1,5.30,1
vllm,self_consistency,244,407.17,0.00,450.23,1,2.22,1
vllm,self_consistency,245,70.19,0.00,86.45,1,11.57,1
vllm,self_consistency,246,68.88,0.00,91.75,1,10.90,1
vllm,self_consistency,247,116.97,0.00,188.65,1,5.30,1
vllm,self_consistency,248,173.24,0.00,181.57,1,5.51,1
vllm,self_consistency,249,168.51,0.00,190.24,1,5.26,1
vllm,self_consistency,250,224.94,0.00,230.06,1,4.35,1
vllm,self_consistency,251,121.83,0.00,145.45,1,6.88,1
vllm,self_consistency,252,229.29,0.00,260.40,1,3.84,1
vllm,self_consistency,253,228.16,0.00,253.18,1,3.95,1
vllm,self_consistency,254,168.72,0.00,184.13,1,5.43,1
vllm,self_consistency,255,216.90,0.00,221.29,1,4.52,1
vllm,self_consistency,256,100.74,0.00,162.99,1,6.14,1
vllm,self_consistency,257,311.40,0.00,351.44,1,2.85,1
vllm,self_consistency,258,110.52,0.00,161.23,1,6.20,1
vllm,self_consistency,259,53.11,0.00,74.85,1,13.36,1
vllm,self_consistency,260,371.10,0.00,371.38,1,2.69,1
vllm,self_consistency,261,303.31,0.00,303.58,1,3.29,1
vllm,self_consistency,262,231.50,0.00,231.77,1,4.31,1
vllm,self_consistency,263,201.51,0.00,254.32,1,3.93,1
vllm,self_consistency,264,63.33,0.00,73.27,1,13.65,1
vllm,self_consistency,265,151.81,0.00,175.15,1,5.71,1
vllm,self_consistency,266,151.79,0.00,166.24,1,6.02,1
vllm,self_consistency,267,257.97,0.00,263.13,1,3.80,1
vllm,self_consistency,268,145.62,0.00,149.87,1,6.67,1
vllm,self_consistency,269,158.18,0.00,185.43,1,5.39,1
vllm,self_consistency,270,68.23,0.00,100.03,1,10.00,1
vllm,self_consistency,271,159.38,0.00,175.79,1,5.69,1
vllm,self_consistency,272,67.84,0.00,82.33,1,12.15,1
vllm,self_consistency,273,205.04,0.00,214.31,1,4.67,1
vllm,self_consistency,274,166.03,0.00,166.28,1,6.01,1
vllm,self_consistency,275,147.15,0.00,147.40,1,6.78,1
vllm,self_consistency,276,196.65,0.00,206.12,1,4.85,1
vllm,self_consistency,277,157.54,0.00,162.49,1,6.15,1
vllm,self_consistency,278,250.40,0.00,255.18,1,3.92,1
vllm,self_consistency,279,112.14,0.00,161.87,1,6.18,1
vllm,self_consistency,280,287.62,0.00,366.34,1,2.73,1
vllm,self_consistency,281,177.68,0.00,217.90,1,4.59,1
vllm,self_consistency,282,179.88,0.00,201.08,1,4.97,1
vllm,self_consistency,283,144.28,0.00,154.59,1,6.47,1
vllm,self_consistency,284,173.67,0.00,184.11,1,5.43,1
vllm,self_consistency,285,231.73,0.00,246.51,1,4.06,1
vllm,self_consistency,286,146.54,0.00,175.71,1,5.69,1
vllm,self_consistency,287,225.88,0.00,266.31,1,3.75,1
vllm,self_consistency,288,128.01,0.00,161.34,1,6.20,1
vllm,self_consistency,289,152.83,0.00,185.19,1,5.40,1
vllm,self_consistency,290,65.22,0.00,76.91,1,13.00,1
vllm,self_consistency,291,274.49,0.00,288.55,1,3.47,1
vllm,self_consistency,292,188.64,0.00,192.78,1,5.19,1
vllm,self_consistency,293,171.90,0.00,172.15,1,5.81,1
vllm,self_consistency,294,117.82,0.00,129.09,1,7.75,1
vllm,self_consistency,295,359.45,0.00,374.93,1,2.67,1
vllm,self_consistency,296,123.42,0.00,138.22,1,7.23,1
vllm,self_consistency,297,269.05,0.00,273.77,1,3.65,1
vllm,self_consistency,298,277.80,0.00,387.01,1,2.58,1
vllm,self_consistency,299,152.44,0.00,157.61,1,6.34,1
vllm,self_consistency,300,188.70,0.00,198.07,1,5.05,1
vllm,self_consistency,301,260.83,0.00,261.13,1,3.83,1
vllm,self_consistency,302,314.55,0.00,314.82,1,3.18,1
vllm,self_consistency,303,172.58,0.00,181.64,1,5.51,1
vllm,self_consistency,304,136.01,0.00,145.30,1,6.88,1
vllm,self_consistency,305,231.64,0.00,306.53,1,3.26,1
vllm,self_consistency,306,154.31,0.00,158.85,1,6.30,1
vllm,self_consistency,307,208.94,0.00,209.30,1,4.78,1
vllm,self_consistency,308,312.41,0.00,346.31,1,2.89,1
vllm,self_consistency,309,199.14,0.00,218.64,1,4.57,1
vllm,self_consistency,310,296.54,0.00,301.87,1,3.31,1
vllm,self_consistency,311,240.75,0.00,300.17,1,3.33,1
vllm,self_consistency,312,150.19,0.00,158.16,1,6.32,1
vllm,self_consistency,313,218.22,0.00,233.25,1,4.29,1
vllm,self_consistency,314,273.62,0.00,278.95,1,3.58,1
vllm,self_consistency,315,319.01,0.00,323.44,1,3.09,1
vllm,self_consistency,316,198.73,0.00,203.89,1,4.90,1
vllm,self_consistency,317,199.62,0.00,200.01,1,5.00,1
vllm,self_consistency,318,152.35,0.00,166.98,1,5.99,1
vllm,self_consistency,319,134.59,0.00,233.06,1,4.29,1
vllm,self_consistency,320,107.09,0.00,132.03,1,7.57,1
vllm,self_consistency,321,286.78,0.00,309.73,1,3.23,1
vllm,self_consistency,322,219.98,0.00,225.38,1,4.44,1
vllm,self_consistency,323,88.85,0.00,95.19,1,10.51,1
vllm,self_consistency,324,146.16,0.00,161.09,1,6.21,1
vllm,self_consistency,325,329.45,0.00,329.75,1,3.03,1
vllm,self_consistency,326,153.37,0.00,220.85,1,4.53,1
vllm,self_consistency,327,200.34,0.00,209.06,1,4.78,1
vllm,self_consistency,328,166.05,0.00,178.30,1,5.61,1
vllm,self_consistency,329,135.85,0.00,150.03,1,6.67,1
vllm,self_consistency,330,86.18,0.00,121.12,1,8.26,1
vllm,self_consistency,331,358.01,0.00,371.92,1,2.69,1
vllm,self_consistency,332,303.68,0.00,308.90,1,3.24,1
vllm,self_consistency,333,195.24,0.00,214.67,1,4.66,1
vllm,self_consistency,334,208.26,0.00,228.25,1,4.38,1
vllm,self_consistency,335,176.46,0.00,229.84,1,4.35,1
vllm,self_consistency,336,164.71,0.00,199.84,1,5.00,1
vllm,self_consistency,337,89.44,0.00,128.30,1,7.79,1
vllm,self_consistency,338,111.26,0.00,136.59,1,7.32,1
vllm,self_consistency,339,197.12,0.00,260.31,1,3.84,1
vllm,self_consistency,340,231.30,0.00,231.60,1,4.32,1
vllm,self_consistency,341,122.54,0.00,152.98,1,6.54,1
vllm,self_consistency,342,102.93,0.00,122.08,1,8.19,1
vllm,self_consistency,343,206.10,0.00,206.64,1,4.84,1
vllm,self_consistency,344,187.19,0.00,253.18,1,3.95,1
vllm,self_consistency,345,249.64,0.00,286.42,1,3.49,1
vllm,self_consistency,346,322.94,0.00,346.87,1,2.88,1
vllm,self_consistency,347,147.85,0.00,157.13,1,6.36,1
vllm,self_consistency,348,364.08,0.00,377.88,1,2.65,1
vllm,self_consistency,349,159.00,0.00,193.77,1,5.16,1
vllm,self_consistency,350,177.50,0.00,192.81,1,5.19,1
vllm,self_consistency,351,234.87,0.00,235.12,1,4.25,1
vllm,self_consistency,352,217.90,0.00,292.47,1,3.42,1
vllm,self_consistency,353,101.28,0.00,106.77,1,9.37,1
vllm,self_consistency,354,83.41,0.00,108.03,1,9.26,1
vllm,self_consistency,355,320.58,0.00,339.42,1,2.95,1
vllm,self_consistency,356,133.05,0.00,148.12,1,6.75,1
vllm,self_consistency,357,329.61,0.00,334.85,1,2.99,1
vllm,self_consistency,358,138.33,0.00,142.98,1,6.99,1
vllm,self_consistency,359,151.14,0.00,161.21,1,6.20,1
vllm,self_consistency,360,267.10,0.00,294.76,1,3.39,1
vllm,self_consistency,361,322.54,0.00,322.87,1,3.10,1
vllm,self_consistency,362,137.24,0.00,179.85,1,5.56,1
vllm,self_consistency,363,208.50,0.00,255.86,1,3.91,1
vllm,self_consistency,364,93.40,0.00,115.14,1,8.68,1
vllm,self_consistency,365,287.35,0.00,287.64,1,3.48,1
vllm,self_consistency,366,222.52,0.00,246.91,1,4.05,1
vllm,self_consistency,367,216.88,0.00,221.77,1,4.51,1
vllm,self_consistency,368,235.93,0.00,264.25,1,3.78,1
vllm,self_consistency,369,296.62,0.00,306.45,1,3.26,1
vllm,self_consistency,370,106.46,0.00,125.41,1,7.97,1
vllm,self_consistency,371,83.51,0.00,127.07,1,7.87,1
vllm,self_consistency,372,256.55,0.00,260.99,1,3.83,1
vllm,self_consistency,373,218.04,0.00,273.98,1,3.65,1
vllm,self_consistency,374,201.75,0.00,227.87,1,4.39,1
vllm,self_consistency,375,153.18,0.00,173.62,1,5.76,1
vllm,self_consistency,376,90.70,0.00,117.65,1,8.50,1
vllm,self_consistency,377,89.76,0.00,106.94,1,9.35,1
vllm,self_consistency,378,215.52,0.00,239.60,1,4.17,1
vllm,self_consistency,379,193.15,0.00,224.71,1,4.45,1
vllm,self_consistency,380,208.35,0.00,208.59,1,4.79,1
vllm,self_consistency,381,197.72,0.00,203.01,1,4.93,1
vllm,self_consistency,382,259.67,0.00,308.28,1,3.24,1
vllm,self_consistency,383,107.78,0.00,117.24,1,8.53,1
vllm,self_consistency,384,193.66,0.00,208.02,1,4.81,1
vllm,self_consistency,385,185.00,0.00,199.25,1,5.02,1
vllm,self_consistency,386,259.09,0.00,273.84,1,3.65,1
vllm,self_consistency,387,173.51,0.00,197.18,1,5.07,1
vllm,self_consistency,388,130.59,0.00,188.71,1,5.30,1
vllm,self_consistency,389,95.96,0.00,120.02,1,8.33,1
vllm,self_consistency,390,224.38,0.00,234.12,1,4.27,1
vllm,self_consistency,391,158.89,0.00,168.39,1,5.94,1
vllm,self_consistency,392,278.29,0.00,283.29,1,3.53,1
vllm,self_consistency,393,224.37,0.00,309.14,1,3.23,1
vllm,self_consistency,394,195.40,0.00,195.67,1,5.11,1
vllm,self_consistency,395,168.51,0.00,188.47,1,5.31,1
vllm,self_consistency,396,182.75,0.00,192.52,1,5.19,1
vllm,self_consistency,397,74.27,0.00,98.88,1,10.11,1
vllm,self_consistency,398,261.26,0.00,266.50,1,3.75,1
vllm,self_consistency,399,256.85,0.00,279.00,1,3.58,1
vllm,self_consistency,400,272.72,0.00,305.76,1,3.27,1
vllm,self_consistency,401,117.32,0.00,117.57,1,8.51,1
vllm,self_consistency,402,180.74,0.00,190.92,1,5.24,1
vllm,self_consistency,403,406.11,0.00,406.36,1,2.46,1
vllm,self_consistency,404,293.49,0.00,303.28,1,3.30,1
vllm,self_consistency,405,153.73,0.00,174.80,1,5.72,1
vllm,self_consistency,406,230.89,0.00,239.39,1,4.18,1
vllm,self_consistency,407,256.65,0.00,301.20,1,3.32,1
vllm,self_consistency,408,140.90,0.00,152.76,1,6.55,1
vllm,self_consistency,409,182.17,0.00,182.42,1,5.48,1
vllm,self_consistency,410,107.55,0.00,117.35,1,8.52,1
vllm,self_consistency,411,108.88,0.00,156.76,1,6.38,1
vllm,self_consistency,412,346.01,0.00,393.74,1,2.54,1
vllm,self_consistency,413,185.42,0.00,187.26,1,5.34,1
vllm,self_consistency,414,232.49,0.00,247.25,1,4.04,1
vllm,self_consistency,415,77.81,0.00,105.98,1,9.44,1
vllm,self_consistency,416,212.22,0.00,247.38,1,4.04,1
vllm,self_consistency,417,253.33,0.00,302.01,1,3.31,1
vllm,self_consistency,418,202.55,0.00,232.45,1,4.30,1
vllm,self_consistency,419,157.70,0.00,162.64,1,6.15,1
vllm,self_consistency,420,84.62,0.00,115.84,1,8.63,1
vllm,self_consistency,421,116.51,0.00,145.21,1,6.89,1
vllm,self_consistency,422,239.97,0.00,254.77,1,3.93,1
vllm,self_consistency,423,89.40,0.00,102.96,1,9.71,1
vllm,self_consistency,424,185.08,0.00,190.30,1,5.25,1
vllm,self_consistency,425,178.99,0.00,179.31,1,5.58,1
vllm,self_consistency,426,239.26,0.00,263.38,1,3.80,1
vllm,self_consistency,427,178.76,0.00,184.11,1,5.43,1
vllm,self_consistency,428,242.07,0.00,262.28,1,3.81,1
vllm,self_consistency,429,167.35,0.00,167.66,1,5.96,1
vllm,self_consistency,430,288.64,0.00,293.20,1,3.41,1
vllm,self_consistency,431,118.92,0.00,166.89,1,5.99,1
vllm,self_consistency,432,221.91,0.00,242.28,1,4.13,1
vllm,self_consistency,433,158.54,0.00,158.79,1,6.30,1
vllm,self_consistency,434,67.34,0.00,86.30,1,11.59,1
vllm,self_consistency,435,409.03,0.00,409.31,1,2.44,1
vllm,self_consistency,436,92.87,0.00,127.50,1,7.84,1
vllm,self_consistency,437,161.18,0.00,211.63,1,4.73,1
vllm,self_consistency,438,149.53,0.00,153.80,1,6.50,1
vllm,self_consistency,439,167.75,0.00,190.08,1,5.26,1
vllm,self_consistency,440,68.05,0.00,123.14,1,8.12,1
vllm,self_consistency,441,235.81,0.00,252.88,1,3.95,1
vllm,self_consistency,442,232.07,0.00,265.52,1,3.77,1
vllm,self_consistency,443,225.22,0.00,229.47,1,4.36,1
vllm,self_consistency,444,203.29,0.00,206.19,1,4.85,1
vllm,self_consistency,445,153.58,0.00,259.55,1,3.85,1
vllm,self_consistency,446,85.87,0.00,105.41,1,9.49,1
vllm,self_consistency,447,91.92,0.00,134.84,1,7.42,1
vllm,self_consistency,448,131.39,0.00,161.03,1,6.21,1
vllm,self_consistency,449,116.09,0.00,123.44,1,8.10,1
vllm,self_consistency,450,166.67,0.00,184.00,1,5.43,1
vllm,self_consistency,451,191.25,0.00,191.56,1,5.22,1
vllm,self_consistency,452,117.09,0.00,176.99,1,5.65,1
vllm,self_consistency,453,143.64,0.00,164.00,1,6.10,1
vllm,self_consistency,454,94.60,0.00,111.08,1,9.00,1
vllm,self_consistency,455,82.49,0.00,110.40,1,9.06,1
vllm,self_consistency,456,209.05,0.00,243.64,1,4.10,1
vllm,self_consistency,457,184.84,0.00,189.54,1,5.28,1
vllm,self_consistency,458,168.77,0.00,169.10,1,5.91,1
vllm,self_consistency,459,178.02,0.00,178.29,1,5.61,1
vllm,self_consistency,460,128.96,0.00,190.97,1,5.24,1
vllm,self_consistency,461,93.09,0.00,108.14,1,9.25,1
vllm,self_consistency,462,268.11,0.00,268.39,1,3.73,1
vllm,self_consistency,463,189.42,0.00,219.14,1,4.56,1
vllm,self_consistency,464,180.42,0.00,233.36,1,4.29,1
vllm,self_consistency,465,146.64,0.00,165.50,1,6.04,1
vllm,self_consistency,466,293.27,0.00,297.06,1,3.37,1
vllm,self_consistency,467,146.08,0.00,151.23,1,6.61,1
vllm,self_consistency,468,248.50,0.00,270.82,1,3.69,1
vllm,self_consistency,469,377.41,0.00,399.91,1,2.50,1
vllm,self_consistency,470,251.75,0.00,273.26,1,3.66,1
vllm,self_consistency,471,115.37,0.00,137.33,1,7.28,1
vllm,self_consistency,472,156.25,0.00,170.34,1,5.87,1
vllm,self_consistency,473,150.24,0.00,150.48,1,6.65,1
vllm,self_consistency,474,86.19,0.00,110.85,1,9.02,1
vllm,self_consistency,475,217.51,0.00,222.70,1,4.49,1
vllm,self_consistency,476,120.43,0.00,128.35,1,7.79,1
vllm,self_consistency,477,223.92,0.00,233.82,1,4.28,1
vllm,self_consistency,478,91.53,0.00,108.35,1,9.23,1
vllm,self_consistency,479,72.08,0.00,97.75,1,10.23,1
vllm,self_consistency,480,224.86,0.00,253.12,1,3.95,1
vllm,self_consistency,481,251.03,0.00,251.31,1,3.98,1
vllm,self_consistency,482,175.12,0.00,175.40,1,5.70,1
vllm,self_consistency,483,160.31,0.00,212.16,1,4.71,1
vllm,self_consistency,484,249.84,0.00,281.69,1,3.55,1
vllm,self_consistency,485,84.90,0.00,127.43,1,7.85,1
vllm,self_consistency,486,221.08,0.00,303.64,1,3.29,1
vllm,self_consistency,487,182.74,0.00,188.06,1,5.32,1
vllm,self_consistency,488,234.10,0.00,234.35,1,4.27,1
vllm,self_consistency,489,417.70,0.00,426.57,1,2.34,1
vllm,self_consistency,490,338.74,0.00,358.90,1,2.79,1
vllm,self_consistency,491,174.06,0.00,192.89,1,5.18,1
vllm,self_consistency,492,95.54,0.00,103.73,1,9.64,1
vllm,self_consistency,493,101.64,0.00,109.88,1,9.10,1
vllm,self_consistency,494,153.65,0.00,163.62,1,6.11,1
vllm,self_consistency,495,109.24,0.00,109.56,1,9.13,1
vllm,self_consistency,496,229.17,0.00,243.64,1,4.10,1
vllm,self_consistency,497,194.29,0.00,209.14,1,4.78,1
vllm,self_consistency,498,196.05,0.00,229.06,1,4.37,1
vllm,self_consistency,499,174.25,0.00,174.54,1,5.73,1
vllm,self_consistency,500,133.53,0.00,137.41,1,7.28,1
vllm,self_consistency,501,222.82,0.00,315.88,1,3.17,1
vllm,self_consistency,502,299.98,0.00,326.98,1,3.06,1
vllm,self_consistency,503,220.20,0.00,223.84,1,4.47,1
vllm,self_consistency,504,177.40,0.00,292.28,1,3.42,1
vllm,self_consistency,505,304.42,0.00,309.91,1,3.23,1
vllm,self_consistency,506,214.79,0.00,224.72,1,4.45,1
vllm,self_consistency,507,175.05,0.00,219.77,1,4.55,1
vllm,self_consistency,508,134.21,0.00,155.44,1,6.43,1
vllm,self_consistency,509,150.01,0.00,165.52,1,6.04,1
vllm,self_consistency,510,176.16,0.00,176.46,1,5.67,1
vllm,self_consistency,511,226.76,0.00,227.01,1,4.41,1
vllm,self_consistency,512,321.72,0.00,361.96,1,2.76,1
vllm,self_consistency,513,226.85,0.00,227.16,1,4.40,1
vllm,self_consistency,514,163.60,0.00,163.84,1,6.10,1
vllm,self_consistency,515,121.87,0.00,199.23,1,5.02,1
vllm,self_consistency,516,178.88,0.00,228.95,1,4.37,1
vllm,self_consistency,517,198.62,0.00,198.89,1,5.03,1
vllm,self_consistency,518,226.38,0.00,327.17,1,3.06,1
vllm,self_consistency,519,235.55,0.00,333.38,1,3.00,1
vllm,self_consistency,520,187.00,0.00,213.98,1,4.67,1
vllm,self_consistency,521,100.38,0.00,122.48,1,8.16,1
vllm,self_consistency,522,299.63,0.00,316.38,1,3.16,1
vllm,self_consistency,523,455.16,0.00,455.41,1,2.20,1
vllm,self_consistency,524,199.19,0.00,205.48,1,4.87,1
vllm,self_consistency,525,160.22,0.00,160.47,1,6.23,1
vllm,self_consistency,526,235.79,0.00,272.63,1,3.67,1
vllm,self_consistency,527,182.87,0.00,230.50,1,4.34,1
vllm,self_consistency,528,195.96,0.00,236.13,1,4.23,1
vllm,self_consistency,529,108.25,0.00,141.59,1,7.06,1
vllm,self_consistency,530,77.06,0.00,85.78,1,11.66,1
vllm,self_consistency,531,117.96,0.00,137.72,1,7.26,1
vllm,self_consistency,532,182.11,0.00,217.76,1,4.59,1
vllm,self_consistency,533,194.95,0.00,207.80,1,4.81,1
vllm,self_consistency,534,189.48,0.00,199.22,1,5.02,1
vllm,self_consistency,535,108.66,0.00,113.58,1,8.80,1
vllm,self_consistency,536,253.59,0.00,263.11,1,3.80,1
vllm,self_consistency,537,251.30,0.00,268.20,1,3.73,1
vllm,self_consistency,538,79.65,0.00,96.46,1,10.37,1
vllm,self_consistency,539,193.18,0.00,198.40,1,5.04,1
vllm,self_consistency,540,194.52,0.00,199.64,1,5.01,1
vllm,self_consistency,541,149.25,0.00,164.51,1,6.08,1
vllm,self_consistency,542,170.33,0.00,174.52,1,5.73,1
vllm,self_consistency,543,233.13,0.00,248.59,1,4.02,1
vllm,self_consistency,544,164.50,0.00,232.79,1,4.30,1
vllm,self_consistency,545,109.82,0.00,130.08,1,7.69,1
vllm,self_consistency,546,229.46,0.00,257.62,1,3.88,1
vllm,self_consistency,547,344.59,0.00,400.61,1,2.50,1
vllm,self_consistency,548,81.28,0.00,107.22,1,9.33,1
vllm,self_consistency,549,262.82,0.00,263.11,1,3.80,1
vllm,self_consistency,550,145.17,0.00,171.54,1,5.83,1
vllm,self_consistency,551,231.81,0.00,288.82,1,3.46,1
vllm,self_consistency,552,125.13,0.00,223.57,1,4.47,1
vllm,self_consistency,553,72.14,0.00,125.70,1,7.96,1
vllm,self_consistency,554,81.85,0.00,92.63,1,10.80,1
vllm,self_consistency,555,298.94,0.00,304.18,1,3.29,1
vllm,self_consistency,556,127.67,0.00,165.54,1,6.04,1
vllm,self_consistency,557,212.28,0.00,287.02,1,3.48,1
vllm,self_consistency,558,118.65,0.00,156.41,1,6.39,1
vllm,self_consistency,559,246.60,0.00,246.90,1,4.05,1
vllm,self_consistency,560,132.34,0.00,146.60,1,6.82,1
vllm,self_consistency,561,433.32,0.00,527.91,1,1.89,1
vllm,self_consistency,562,170.97,0.00,180.23,1,5.55,1
vllm,self_consistency,563,169.39,0.00,194.74,1,5.13,1
vllm,self_consistency,564,358.28,0.00,358.55,1,2.79,1
vllm,self_consistency,565,229.55,0.00,277.21,1,3.61,1
vllm,self_consistency,566,275.74,0.00,337.53,1,2.96,1
vllm,self_consistency,567,103.04,0.00,129.46,1,7.72,1
vllm,self_consistency,568,189.86,0.00,190.16,1,5.26,1
vllm,self_consistency,569,384.37,0.00,389.22,1,2.57,1
vllm,self_consistency,570,103.49,0.00,174.61,1,5.73,1
vllm,self_consistency,571,170.54,0.00,181.61,1,5.51,1
vllm,self_consistency,572,156.85,0.00,164.49,1,6.08,1
vllm,self_consistency,573,271.85,0.00,319.95,1,3.13,1
vllm,self_consistency,574,120.07,0.00,173.74,1,5.76,1
vllm,self_consistency,575,217.35,0.00,256.97,1,3.89,1
vllm,self_consistency,576,115.42,0.00,147.86,1,6.76,1
vllm,self_consistency,577,205.22,0.00,210.32,1,4.75,1
vllm,self_consistency,578,493.74,0.00,494.00,1,2.02,1
vllm,self_consistency,579,319.25,0.00,474.63,1,2.11,1
vllm,self_consistency,580,95.54,0.00,95.82,1,10.44,1
vllm,self_consistency,581,135.05,0.00,135.29,1,7.39,1
vllm,self_consistency,582,126.46,0.00,130.56,1,7.66,1
vllm,self_consistency,583,355.75,0.00,360.61,1,2.77,1
vllm,self_consistency,584,109.54,0.00,133.37,1,7.50,1
vllm,self_consistency,585,82.98,0.00,137.83,1,7.26,1
vllm,self_consistency,586,223.04,0.00,226.56,1,4.41,1
vllm,self_consistency,587,116.42,0.00,116.69,1,8.57,1
vllm,self_consistency,588,100.76,0.00,103.76,1,9.64,1
vllm,self_consistency,589,136.80,0.00,145.25,1,6.88,1
vllm,self_consistency,590,203.30,0.00,218.17,1,4.58,1
vllm,self_consistency,591,229.05,0.00,239.19,1,4.18,1
vllm,self_consistency,592,152.78,0.00,188.77,1,5.30,1
vllm,self_consistency,593,56.34,0.00,57.71,1,17.33,1
vllm,self_consistency,594,247.96,0.00,251.69,1,3.97,1
vllm,self_consistency,595,204.53,0.00,204.88,1,4.88,1
vllm,self_consistency,596,151.40,0.00,171.86,1,5.82,1
vllm,self_consistency,597,190.98,0.00,195.13,1,5.12,1
vllm,self_consistency,598,142.78,0.00,158.08,1,6.33,1
vllm,self_consistency,599,173.79,0.00,178.13,1,5.61,1
vllm,self_consistency,600,167.20,0.00,222.07,1,4.50,1
vllm,self_consistency,601,203.31,0.00,213.40,1,4.69,1
vllm,self_consistency,602,154.05,0.00,207.18,1,4.83,1
vllm,self_consistency,603,347.10,0.00,352.47,1,2.84,1
vllm,self_consistency,604,229.61,0.00,249.53,1,4.01,1
vllm,self_consistency,605,108.87,0.00,129.92,1,7.70,1
vllm,self_consistency,606,295.66,0.00,300.98,1,3.32,1
vllm,self_consistency,607,122.39,0.00,135.55,1,7.38,1
vllm,self_consistency,608,76.85,0.00,96.54,1,10.36,1
vllm,self_consistency,609,270.77,0.00,290.12,1,3.45,1
vllm,self_consistency,610,144.10,0.00,269.67,1,3.71,1
vllm,self_consistency,611,199.93,0.00,223.82,1,4.47,1
vllm,self_consistency,612,213.70,0.00,222.46,1,4.50,1
vllm,self_consistency,613,122.02,0.00,124.46,1,8.03,1
vllm,self_consistency,614,169.69,0.00,174.51,1,5.73,1
vllm,self_consistency,615,144.86,0.00,164.32,1,6.09,1
vllm,self_consistency,616,151.35,0.00,156.05,1,6.41,1
vllm,self_consistency,617,166.73,0.00,187.80,1,5.32,1
vllm,self_consistency,618,405.34,0.00,531.87,1,1.88,1
vllm,self_consistency,619,138.26,0.00,191.40,1,5.22,1
vllm,self_consistency,620,171.32,0.00,185.99,1,5.38,1
vllm,self_consistency,621,82.33,0.00,99.58,1,10.04,1
vllm,self_consistency,622,226.86,0.00,247.42,1,4.04,1
vllm,self_consistency,623,99.00,0.00,109.09,1,9.17,1
vllm,self_consistency,624,352.18,0.00,386.89,1,2.58,1
vllm,self_consistency,625,206.32,0.00,206.60,1,4.84,1
vllm,self_consistency,626,201.59,0.00,206.78,1,4.84,1
vllm,self_consistency,627,104.97,0.00,130.09,1,7.69,1
vllm,self_consistency,628,202.79,0.00,237.54,1,4.21,1
vllm,self_consistency,629,166.67,0.00,189.26,1,5.28,1
vllm,self_consistency,630,61.13,0.00,82.72,1,12.09,1
vllm,self_consistency,631,118.15,0.00,144.47,1,6.92,1
vllm,self_consistency,632,138.87,0.00,226.08,1,4.42,1
vllm,self_consistency,633,148.06,0.00,167.51,1,5.97,1
vllm,self_consistency,634,158.15,0.00,220.04,1,4.54,1
vllm,self_consistency,635,138.48,0.00,206.36,1,4.85,1
vllm,self_consistency,636,168.20,0.00,200.21,1,4.99,1
vllm,self_consistency,637,262.28,0.00,281.20,1,3.56,1
vllm,self_consistency,638,165.79,0.00,170.53,1,5.86,1
vllm,self_consistency,639,147.97,0.00,173.94,1,5.75,1
vllm,self_consistency,640,113.52,0.00,123.58,1,8.09,1
vllm,self_consistency,641,210.28,0.00,214.27,1,4.67,1
vllm,self_consistency,642,126.67,0.00,130.46,1,7.66,1
vllm,self_consistency,643,320.78,0.00,330.47,1,3.03,1
vllm,self_consistency,644,178.29,0.00,193.52,1,5.17,1
vllm,self_consistency,645,220.00,0.00,284.58,1,3.51,1
vllm,self_consistency,646,173.75,0.00,205.49,1,4.87,1
vllm,self_consistency,647,180.56,0.00,195.50,1,5.11,1
vllm,self_consistency,648,213.86,0.00,217.17,1,4.60,1
vllm,self_consistency,649,216.17,0.00,275.88,1,3.62,1
vllm,self_consistency,650,113.82,0.00,171.80,1,5.82,1
vllm,self_consistency,651,221.16,0.00,225.76,1,4.43,1
vllm,self_consistency,652,321.71,0.00,331.86,1,3.01,1
vllm,self_consistency,653,149.66,0.00,163.63,1,6.11,1
vllm,self_consistency,654,295.75,0.00,308.97,1,3.24,1
vllm,self_consistency,655,180.76,0.00,185.75,1,5.38,1
vllm,self_consistency,656,144.46,0.00,172.95,1,5.78,1
vllm,self_consistency,657,117.88,0.00,133.49,1,7.49,1
vllm,self_consistency,658,84.61,0.00,139.09,1,7.19,1
vllm,self_consistency,659,195.11,0.00,259.96,1,3.85,1
vllm,self_consistency,660,213.18,0.00,233.13,1,4.29,1
vllm,self_consistency,661,111.71,0.00,175.32,1,5.70,1
vllm,self_consistency,662,81.84,0.00,116.19,1,8.61,1
vllm,self_consistency,663,274.21,0.00,279.55,1,3.58,1
vllm,self_consistency,664,215.22,0.00,289.91,1,3.45,1
vllm,self_consistency,665,197.78,0.00,202.17,1,4.95,1
vllm,self_consistency,666,287.61,0.00,333.04,1,3.00,1
vllm,self_consistency,667,170.08,0.00,173.85,1,5.75,1
vllm,self_consistency,668,170.57,0.00,175.45,1,5.70,1
vllm,self_consistency,669,241.42,0.00,241.68,1,4.14,1
vllm,self_consistency,670,297.83,0.00,362.33,1,2.76,1
vllm,self_consistency,671,170.26,0.00,205.35,1,4.87,1
vllm,self_consistency,672,176.92,0.00,182.27,1,5.49,1
vllm,self_consistency,673,168.99,0.00,182.64,1,5.48,1
vllm,self_consistency,674,324.25,0.00,329.71,1,3.03,1
vllm,self_consistency,675,294.46,0.00,306.03,1,3.27,1
vllm,self_consistency,676,433.53,0.00,518.94,1,1.93,1
vllm,self_consistency,677,101.82,0.00,147.54,1,6.78,1
vllm,self_consistency,678,279.27,0.00,279.56,1,3.58,1
vllm,self_consistency,679,221.69,0.00,234.65,1,4.26,1
vllm,self_consistency,680,195.27,0.00,195.56,1,5.11,1
vllm,self_consistency,681,219.18,0.00,223.49,1,4.47,1
vllm,self_consistency,682,134.58,0.00,147.46,1,6.78,1
vllm,self_consistency,683,123.87,0.00,159.19,1,6.28,1
vllm,self_consistency,684,322.35,0.00,332.38,1,3.01,1
vllm,self_consistency,685,135.45,0.00,154.13,1,6.49,1
vllm,self_consistency,686,255.00,0.00,263.72,1,3.79,1
vllm,self_consistency,687,284.58,0.00,309.94,1,3.23,1
vllm,self_consistency,688,155.92,0.00,211.78,1,4.72,1
vllm,self_consistency,689,323.03,0.00,326.51,1,3.06,1
vllm,self_consistency,690,184.20,0.00,188.61,1,5.30,1
vllm,self_consistency,691,105.50,0.00,115.51,1,8.66,1
vllm,self_consistency,692,250.18,0.00,250.45,1,3.99,1
vllm,self_consistency,693,195.84,0.00,197.52,1,5.06,1
vllm,self_consistency,694,289.08,0.00,303.97,1,3.29,1
vllm,self_consistency,695,285.96,0.00,286.21,1,3.49,1
vllm,self_consistency,696,148.15,0.00,155.02,1,6.45,1
vllm,self_consistency,697,172.69,0.00,188.08,1,5.32,1
vllm,self_consistency,698,103.42,0.00,103.67,1,9.65,1
vllm,self_consistency,699,119.37,0.00,124.39,1,8.04,1
vllm,self_consistency,700,153.57,0.00,162.12,1,6.17,1
vllm,self_consistency,701,99.41,0.00,132.39,1,7.55,1
vllm,self_consistency,702,71.64,0.00,95.11,1,10.51,1
vllm,self_consistency,703,116.11,0.00,132.80,1,7.53,1
vllm,self_consistency,704,138.70,0.00,143.54,1,6.97,1
vllm,self_consistency,705,95.81,0.00,99.59,1,10.04,1
vllm,self_consistency,706,147.89,0.00,184.36,1,5.42,1
vllm,self_consistency,707,230.52,0.00,235.30,1,4.25,1
vllm,self_consistency,708,269.18,0.00,269.47,1,3.71,1
vllm,self_consistency,709,159.52,0.00,222.54,1,4.49,1
vllm,self_consistency,710,172.24,0.00,235.26,1,4.25,1
vllm,self_consistency,711,130.31,0.00,144.75,1,6.91,1
vllm,self_consistency,712,213.24,0.00,264.39,1,3.78,1
vllm,self_consistency,713,146.71,0.00,160.10,1,6.25,1
vllm,self_consistency,714,209.42,0.00,209.72,1,4.77,1
vllm,self_consistency,715,222.59,0.00,262.42,1,3.81,1
vllm,self_consistency,716,141.97,0.00,147.08,1,6.80,1
vllm,self_consistency,717,199.81,0.00,209.14,1,4.78,1
vllm,self_consistency,718,71.95,0.00,91.08,1,10.98,1
vllm,self_consistency,719,199.57,0.00,227.06,1,4.40,1
vllm,self_consistency,720,249.60,0.00,254.98,1,3.92,1
vllm,self_consistency,721,181.24,0.00,181.47,1,5.51,1
vllm,self_consistency,722,94.98,0.00,131.12,1,7.63,1
vllm,self_consistency,723,141.27,0.00,141.51,1,7.07,1
vllm,self_consistency,724,250.29,0.00,259.69,1,3.85,1
vllm,self_consistency,725,213.79,0.00,219.86,1,4.55,1
vllm,self_consistency,726,254.58,0.00,254.91,1,3.92,1
vllm,self_consistency,727,200.43,0.00,229.79,1,4.35,1
vllm,self_consistency,728,167.92,0.00,172.84,1,5.79,1
vllm,self_consistency,729,186.36,0.00,186.65,1,5.36,1
vllm,self_consistency,730,206.40,0.00,236.51,1,4.23,1
vllm,self_consistency,731,224.70,0.00,253.65,1,3.94,1
vllm,self_consistency,732,274.54,0.00,303.34,1,3.30,1
vllm,self_consistency,733,103.42,0.00,114.00,1,8.77,1
vllm,self_consistency,734,143.87,0.00,166.83,1,5.99,1
vllm,self_consistency,735,192.65,0.00,216.91,1,4.61,1
vllm,self_consistency,736,118.99,0.00,119.26,1,8.38,1
vllm,self_consistency,737,206.14,0.00,363.16,1,2.75,1
vllm,self_consistency,738,308.10,0.00,318.49,1,3.14,1
vllm,self_consistency,739,247.30,0.00,282.55,1,3.54,1
vllm,self_consistency,740,270.25,0.00,270.57,1,3.70,1
vllm,self_consistency,741,257.03,0.00,338.65,1,2.95,1
vllm,self_consistency,742,109.07,0.00,184.68,1,5.41,1
vllm,self_consistency,743,106.73,0.00,158.34,1,6.32,1
vllm,self_consistency,744,274.11,0.00,416.79,1,2.40,1
vllm,self_consistency,745,119.39,0.00,182.55,1,5.48,1
vllm,self_consistency,746,325.84,0.00,394.07,1,2.54,1
vllm,self_consistency,747,164.21,0.00,227.93,1,4.39,1
vllm,self_consistency,748,284.64,0.00,364.79,1,2.74,1
vllm,self_consistency,749,156.51,0.00,223.15,1,4.48,1
vllm,self_consistency,750,191.74,0.00,258.59,1,3.87,1
vllm,self_consistency,751,209.53,0.00,276.22,1,3.62,1
vllm,self_consistency,752,235.31,0.00,369.71,1,2.70,1
vllm,self_consistency,753,143.60,0.00,216.23,1,4.62,1
vllm,self_consistency,754,95.17,0.00,192.24,1,5.20,1
vllm,self_consistency,755,428.95,0.00,492.63,1,2.03,1
vllm,self_consistency,756,330.83,0.00,394.64,1,2.53,1
vllm,self_consistency,757,190.30,0.00,274.25,1,3.65,1
vllm,self_consistency,758,203.86,0.00,267.89,1,3.73,1
vllm,self_consistency,759,315.98,0.00,403.53,1,2.48,1
vllm,self_consistency,760,192.42,0.00,242.47,1,4.12,1
vllm,self_consistency,761,419.39,0.00,487.81,1,2.05,1
vllm,self_consistency,762,151.92,0.00,223.60,1,4.47,1
vllm,self_consistency,763,267.97,0.00,334.18,1,2.99,1
vllm,self_consistency,764,346.19,0.00,400.05,1,2.50,1
vllm,self_consistency,765,195.43,0.00,261.97,1,3.82,1
vllm,self_consistency,766,299.72,0.00,414.96,1,2.41,1
vllm,self_consistency,767,200.85,0.00,246.88,1,4.05,1
vllm,self_consistency,768,201.53,0.00,260.62,1,3.84,1
vllm,self_consistency,769,176.72,0.00,231.94,1,4.31,1
vllm,self_consistency,770,153.71,0.00,210.84,1,4.74,1
vllm,self_consistency,771,217.69,0.00,286.07,1,3.50,1
vllm,self_consistency,772,161.36,0.00,226.74,1,4.41,1
vllm,self_consistency,773,345.29,0.00,421.57,1,2.37,1
vllm,self_consistency,774,234.77,0.00,308.05,1,3.25,1
vllm,self_consistency,775,190.10,0.00,266.37,1,3.75,1
vllm,self_consistency,776,179.48,0.00,254.94,1,3.92,1
vllm,self_consistency,777,255.19,0.00,336.03,1,2.98,1
vllm,self_consistency,778,216.59,0.00,299.04,1,3.34,1
vllm,self_consistency,779,226.67,0.00,315.32,1,3.17,1
vllm,self_consistency,780,278.31,0.00,367.20,1,2.72,1
vllm,self_consistency,781,251.94,0.00,352.89,1,2.83,1
vllm,self_consistency,782,261.64,0.00,358.83,1,2.79,1
vllm,self_consistency,783,279.56,0.00,381.26,1,2.62,1
vllm,self_consistency,784,216.76,0.00,321.49,1,3.11,1
vllm,self_consistency,785,225.24,0.00,318.43,1,3.14,1
vllm,self_consistency,786,255.39,0.00,348.76,1,2.87,1
vllm,self_consistency,787,400.23,0.00,496.73,1,2.01,1
vllm,self_consistency,788,263.75,0.00,356.76,1,2.80,1
vllm,self_consistency,789,300.63,0.00,397.44,1,2.52,1
vllm,self_consistency,790,225.72,0.00,322.11,1,3.10,1
vllm,self_consistency,791,285.08,0.00,383.18,1,2.61,1
vllm,self_consistency,792,240.75,0.00,339.64,1,2.94,1
vllm,self_consistency,793,199.33,0.00,293.02,1,3.41,1
vllm,self_consistency,794,244.92,0.00,340.65,1,2.94,1
vllm,self_consistency,795,306.98,0.00,397.64,1,2.51,1
vllm,self_consistency,796,177.11,0.00,263.23,1,3.80,1
vllm,self_consistency,797,189.03,0.00,269.02,1,3.72,1
vllm,self_consistency,798,282.22,0.00,364.91,1,2.74,1
vllm,self_consistency,799,340.05,0.00,423.76,1,2.36,1
vllm,self_consistency,800,281.27,0.00,372.82,1,2.68,1
vllm,self_consistency,801,265.13,0.00,357.14,1,2.80,1
vllm,self_consistency,802,297.27,0.00,387.62,1,2.58,1
vllm,self_consistency,803,248.78,0.00,343.92,1,2.91,1
vllm,self_consistency,804,219.17,0.00,316.94,1,3.16,1
vllm,self_consistency,805,245.72,0.00,335.78,1,2.98,1
vllm,self_consistency,806,533.01,0.00,631.45,1,1.58,1
vllm,self_consistency,807,209.53,0.00,309.37,1,3.23,1
vllm,self_consistency,808,344.02,0.00,441.70,1,2.26,1
vllm,self_consistency,809,241.15,0.00,344.28,1,2.90,1
vllm,self_consistency,810,296.56,0.00,405.02,1,2.47,1
vllm,self_consistency,811,270.98,0.00,377.15,1,2.65,1
vllm,self_consistency,812,245.43,0.00,353.97,1,2.83,1
vllm,self_consistency,813,294.97,0.00,402.63,1,2.48,1
vllm,self_consistency,814,476.22,0.00,589.01,1,1.70,1
vllm,self_consistency,815,317.99,0.00,427.16,1,2.34,1
vllm,self_consistency,816,191.93,0.00,307.13,1,3.26,1
vllm,self_consistency,817,230.51,0.00,347.80,1,2.88,1
vllm,self_consistency,818,225.59,0.00,315.45,1,3.17,1
vllm,self_consistency,819,212.20,0.00,306.14,1,3.27,1
vllm,self_consistency,820,209.75,0.00,318.01,1,3.14,1
vllm,self_consistency,821,247.97,0.00,352.64,1,2.84,1
vllm,self_consistency,822,277.25,0.00,372.36,1,2.69,1
vllm,self_consistency,823,328.85,0.00,434.78,1,2.30,1
vllm,self_consistency,824,357.93,0.00,459.80,1,2.17,1
vllm,self_consistency,825,263.66,0.00,370.86,1,2.70,1
vllm,self_consistency,826,218.65,0.00,328.52,1,3.04,1
vllm,self_consistency,827,314.49,0.00,429.59,1,2.33,1
vllm,self_consistency,828,344.71,0.00,461.21,1,2.17,1
vllm,self_consistency,829,199.55,0.00,319.12,1,3.13,1
vllm,self_consistency,830,229.84,0.00,352.13,1,2.84,1
vllm,self_consistency,831,210.73,0.00,303.92,1,3.29,1
vllm,self_consistency,832,311.39,0.00,404.87,1,2.47,1
vllm,self_consistency,833,236.76,0.00,364.37,1,2.74,1
vllm,self_consistency,834,213.20,0.00,329.57,1,3.03,1
vllm,self_consistency,835,325.77,0.00,432.55,1,2.31,1
vllm,self_consistency,836,199.53,0.00,303.45,1,3.30,1
vllm,self_consistency,837,213.43,0.00,325.22,1,3.07,1
vllm,self_consistency,838,209.29,0.00,317.60,1,3.15,1
vllm,self_consistency,839,244.66,0.00,357.69,1,2.80,1
vllm,self_consistency,840,245.41,0.00,352.40,1,2.84,1
vllm,self_consistency,841,234.67,0.00,347.48,1,2.88,1
vllm,self_consistency,842,287.50,0.00,409.86,1,2.44,1
vllm,self_consistency,843,207.58,0.00,320.68,1,3.12,1
vllm,self_consistency,844,238.04,0.00,357.20,1,2.80,1
vllm,self_consistency,845,252.97,0.00,372.73,1,2.68,1
vllm,self_consistency,846,224.50,0.00,338.13,1,2.96,1
vllm,self_consistency,847,201.42,0.00,314.92,1,3.18,1
vllm,self_consistency,848,359.20,0.00,479.90,1,2.08,1
vllm,self_consistency,849,257.89,0.00,367.63,1,2.72,1
vllm,self_consistency,850,216.36,0.00,324.23,1,3.08,1
vllm,self_consistency,851,196.33,0.00,321.90,1,3.11,1
vllm,self_consistency,852,280.85,0.00,400.38,1,2.50,1
vllm,self_consistency,853,224.70,0.00,369.21,1,2.71,1
vllm,self_consistency,854,211.61,0.00,332.51,1,3.01,1
vllm,self_consistency,855,202.87,0.00,328.28,1,3.05,1
vllm,self_consistency,856,206.30,0.00,351.17,1,2.85,1
vllm,self_consistency,857,199.48,0.00,320.00,1,3.12,1
vllm,self_consistency,858,201.54,0.00,329.01,1,3.04,1
vllm,self_consistency,859,207.20,0.00,331.29,1,3.02,1
vllm,self_consistency,860,206.81,0.00,333.36,1,3.00,1
vllm,self_consistency,861,207.56,0.00,331.61,1,3.02,1
vllm,self_consistency,862,196.65,0.00,317.78,1,3.15,1
vllm,self_consistency,863,199.92,0.00,323.58,1,3.09,1
vllm,self_consistency,864,191.83,0.00,314.63,1,3.18,1
vllm,self_consistency,865,214.00,0.00,334.81,1,2.99,1
vllm,self_consistency,866,209.95,0.00,336.77,1,2.97,1
vllm,self_consistency,867,204.55,0.00,333.31,1,3.00,1
vllm,self_consistency,868,199.72,0.00,305.87,1,3.27,1
vllm,self_consistency,869,215.12,0.00,320.01,1,3.12,1
vllm,self_consistency,870,211.23,0.00,319.90,1,3.13,1
vllm,self_consistency,871,192.46,0.00,285.97,1,3.50,1
vllm,self_consistency,872,192.26,0.00,271.66,1,3.68,1
vllm,self_consistency,873,188.91,0.00,264.76,1,3.78,1
vllm,self_consistency,874,192.70,0.00,273.98,1,3.65,1
vllm,self_consistency,875,191.24,0.00,273.14,1,3.66,1
vllm,self_consistency,876,192.45,0.00,271.33,1,3.69,1
vllm,self_consistency,877,190.58,0.00,269.07,1,3.72,1
vllm,self_consistency,878,197.46,0.00,265.28,1,3.77,1
vllm,self_consistency,879,195.11,0.00,263.45,1,3.80,1
vllm,self_consistency,880,190.24,0.00,254.41,1,3.93,1
vllm,self_consistency,881,195.58,0.00,262.48,1,3.81,1
vllm,self_consistency,882,200.94,0.00,264.74,1,3.78,1
vllm,self_consistency,883,195.75,0.00,261.25,1,3.83,1
vllm,self_consistency,884,192.56,0.00,260.30,1,3.84,1
vllm,self_consistency,885,196.96,0.00,260.96,1,3.83,1
vllm,self_consistency,886,199.94,0.00,258.92,1,3.86,1
vllm,self_consistency,887,207.57,0.00,255.63,1,3.91,1
vllm,self_consistency,888,214.08,0.00,257.42,1,3.88,1
vllm,self_consistency,889,211.69,0.00,258.76,1,3.86,1
vllm,self_consistency,890,224.93,0.00,257.70,1,3.88,1
vllm,self_consistency,891,214.49,0.00,250.81,1,3.99,1
vllm,self_consistency,892,219.85,0.00,253.92,1,3.94,1
vllm,self_consistency,893,213.54,0.00,250.43,1,3.99,1
vllm,self_consistency,894,234.61,0.00,279.48,1,3.58,1
vllm,self_consistency,895,241.99,0.00,294.95,1,3.39,1
vllm,self_consistency,896,235.24,0.00,274.21,1,3.65,1
vllm,self_consistency,897,256.06,0.00,294.28,1,3.40,1
vllm,self_consistency,898,243.52,0.00,281.94,1,3.55,1
vllm,self_consistency,899,255.54,0.00,296.51,1,3.37,1
vllm,self_consistency,900,244.30,0.00,284.61,1,3.51,1
vllm,self_consistency,901,249.59,0.00,293.46,1,3.41,1
vllm,self_consistency,902,240.73,0.00,267.45,1,3.74,1
vllm,self_consistency,903,239.61,0.00,268.69,1,3.72,1
vllm,self_consistency,904,241.90,0.00,270.82,1,3.69,1
vllm,self_consistency,905,226.84,0.00,252.80,1,3.96,1
vllm,self_consistency,906,224.33,0.00,252.03,1,3.97,1
vllm,self_consistency,907,219.73,0.00,231.68,1,4.32,1
vllm,self_consistency,908,204.63,0.00,218.29,1,4.58,1
vllm,self_consistency,909,203.76,0.00,219.51,1,4.56,1
vllm,self_consistency,910,229.13,0.00,249.10,1,4.01,1
vllm,self_consistency,911,211.31,0.00,230.19,1,4.34,1
vllm,self_consistency,912,213.61,0.00,235.20,1,4.25,1
vllm,self_consistency,913,201.44,0.00,220.39,1,4.54,1
vllm,self_consistency,914,212.62,0.00,233.80,1,4.28,1
vllm,self_consistency,915,211.50,0.00,232.26,1,4.31,1
vllm,self_consistency,916,218.87,0.00,242.45,1,4.12,1
vllm,self_consistency,917,205.49,0.00,229.96,1,4.35,1
vllm,self_consistency,918,210.26,0.00,231.68,1,4.32,1
vllm,self_consistency,919,219.29,0.00,242.28,1,4.13,1
vllm,self_consistency,920,207.92,0.00,231.44,1,4.32,1
vllm,self_consistency,921,205.54,0.00,223.31,1,4.48,1
vllm,self_consistency,922,223.61,0.00,240.89,1,4.15,1
vllm,self_consistency,923,214.42,0.00,231.07,1,4.33,1
vllm,self_consistency,924,209.03,0.00,227.89,1,4.39,1
vllm,self_consistency,925,222.68,0.00,238.10,1,4.20,1
vllm,self_consistency,926,212.10,0.00,230.54,1,4.34,1
vllm,self_consistency,927,218.31,0.00,235.59,1,4.24,1
vllm,self_consistency,928,211.66,0.00,225.58,1,4.43,1
vllm,self_consistency,929,216.85,0.00,230.65,1,4.34,1
vllm,self_consistency,930,218.90,0.00,233.87,1,4.28,1
vllm,self_consistency,931,213.41,0.00,229.71,1,4.35,1
vllm,self_consistency,932,219.02,0.00,235.78,1,4.24,1
vllm,self_consistency,933,217.28,0.00,233.05,1,4.29,1
vllm,self_consistency,934,219.51,0.00,234.13,1,4.27,1
vllm,self_consistency,935,214.63,0.00,231.48,1,4.32,1
vllm,self_consistency,936,213.35,0.00,228.25,1,4.38,1
vllm,self_consistency,937,218.90,0.00,234.38,1,4.27,1
vllm,self_consistency,938,212.76,0.00,226.99,1,4.41,1
vllm,self_consistency,939,210.37,0.00,225.90,1,4.43,1
vllm,self_consistency,940,213.65,0.00,226.04,1,4.42,1
vllm,self_consistency,941,205.62,0.00,224.44,1,4.46,1
vllm,self_consistency,942,221.29,0.00,235.61,1,4.24,1
vllm,self_consistency,943,217.21,0.00,232.73,1,4.30,1
vllm,self_consistency,944,215.71,0.00,230.51,1,4.34,1
vllm,self_consistency,945,219.02,0.00,234.31,1,4.27,1
vllm,self_consistency,946,222.46,0.00,238.96,1,4.18,1
vllm,self_consistency,947,212.99,0.00,232.52,1,4.30,1
vllm,self_consistency,948,210.52,0.00,233.30,1,4.29,1
vllm,self_consistency,949,207.40,0.00,229.36,1,4.36,1
vllm,self_consistency,950,213.00,0.00,236.18,1,4.23,1
vllm,self_consistency,951,218.10,0.00,238.94,1,4.19,1
vllm,self_consistency,952,214.69,0.00,242.18,1,4.13,1
vllm,self_consistency,953,217.20,0.00,244.21,1,4.09,1
vllm,self_consistency,954,214.27,0.00,239.92,1,4.17,1
vllm,self_consistency,955,195.14,0.00,219.13,1,4.56,1
vllm,self_consistency,956,219.35,0.00,241.98,1,4.13,1
vllm,self_consistency,957,207.68,0.00,227.77,1,4.39,1
vllm,self_consistency,958,212.77,0.00,237.48,1,4.21,1
vllm,self_consistency,959,217.69,0.00,245.55,1,4.07,1
vllm,self_consistency,960,202.31,0.00,231.72,1,4.32,1
vllm,self_consistency,961,222.16,0.00,246.06,1,4.06,1
vllm,self_consistency,962,223.08,0.00,248.82,1,4.02,1
vllm,self_consistency,963,219.33,0.00,248.82,1,4.02,1
vllm,self_consistency,964,207.98,0.00,237.93,1,4.20,1
vllm,self_consistency,965,212.00,0.00,237.51,1,4.21,1
vllm,self_consistency,966,213.94,0.00,243.54,1,4.11,1
vllm,self_consistency,967,213.59,0.00,242.80,1,4.12,1
vllm,self_consistency,968,204.38,0.00,236.55,1,4.23,1
vllm,self_consistency,969,218.52,0.00,245.59,1,4.07,1
vllm,self_consistency,970,214.84,0.00,228.76,1,4.37,1
vllm,self_consistency,971,211.77,0.00,248.06,1,4.03,1
vllm,self_consistency,972,202.80,0.00,215.91,1,4.63,1
vllm,self_consistency,973,201.39,0.00,210.43,1,4.75,1
vllm,self_consistency,974,209.44,0.00,242.03,1,4.13,1
vllm,self_consistency,975,238.65,0.00,268.67,1,3.72,1
vllm,self_consistency,976,225.93,0.00,232.91,1,4.29,1
vllm,self_consistency,977,209.37,0.00,244.07,1,4.10,1
vllm,self_consistency,978,207.21,0.00,210.27,1,4.76,1
vllm,self_consistency,979,225.67,0.00,257.41,1,3.88,1
vllm,self_consistency,980,234.04,0.00,264.46,1,3.78,1
vllm,self_consistency,981,194.44,0.00,201.17,1,4.97,1
vllm,self_consistency,982,221.45,0.00,234.94,1,4.26,1
vllm,self_consistency,983,212.37,0.00,229.78,1,4.35,1
vllm,self_consistency,984,222.03,0.00,231.82,1,4.31,1
vllm,self_consistency,985,205.22,0.00,221.92,1,4.51,1
vllm,self_consistency,986,226.85,0.00,236.18,1,4.23,1
vllm,self_consistency,987,215.73,0.00,229.10,1,4.36,1
vllm,self_consistency,988,187.79,0.00,200.54,1,4.99,1
vllm,self_consistency,989,215.41,0.00,225.21,1,4.44,1
vllm,self_consistency,990,197.55,0.00,210.30,1,4.76,1
vllm,self_consistency,991,203.08,0.00,219.50,1,4.56,1
vllm,self_consistency,992,196.86,0.00,209.11,1,4.78,1
vllm,self_consistency,993,205.01,0.00,217.05,1,4.61,1
vllm,self_consistency,994,192.96,0.00,208.24,1,4.80,1
vllm,self_consistency,995,213.29,0.00,243.49,1,4.11,1
vllm,self_consistency,996,205.29,0.00,207.14,1,4.83,1
vllm,self_consistency,997,199.72,0.00,216.40,1,4.62,1
vllm,self_consistency,998,190.50,0.00,203.85,1,4.91,1
vllm,self_consistency,999,182.25,0.00,200.75,1,4.98,1
vllm,multi_turn,0,59.00,66.34,125.34,2,15.96,1
vllm,multi_turn,1,105.87,0.00,127.85,1,7.82,1
vllm,multi_turn,2,132.04,15.47,147.51,2,13.56,1
vllm,multi_turn,3,150.39,0.00,187.13,1,5.34,1
vllm,multi_turn,4,141.35,0.00,159.02,1,6.29,1
vllm,multi_turn,5,83.67,37.34,121.01,2,16.53,1
vllm,multi_turn,6,155.54,10.35,165.89,2,12.06,1
vllm,multi_turn,7,219.32,0.00,310.93,1,3.22,1
vllm,multi_turn,8,32.02,34.74,66.76,2,29.96,1
vllm,multi_turn,9,71.36,30.67,102.03,2,19.60,1
vllm,multi_turn,10,99.26,0.00,122.21,1,8.18,1
vllm,multi_turn,11,122.78,0.00,127.99,1,7.81,1
vllm,multi_turn,12,118.33,0.00,135.27,1,7.39,1
vllm,multi_turn,13,208.13,0.00,208.36,1,4.80,1
vllm,multi_turn,14,197.12,30.17,227.30,2,8.80,1
vllm,multi_turn,15,267.83,107.97,375.80,2,5.32,1
vllm,multi_turn,16,139.17,36.24,175.40,2,11.40,1
vllm,multi_turn,17,133.04,0.00,145.84,1,6.86,1
vllm,multi_turn,18,157.53,6.19,163.73,2,12.22,1
vllm,multi_turn,19,195.02,0.00,221.98,1,4.50,1
vllm,multi_turn,20,101.69,0.00,131.43,1,7.61,1
vllm,multi_turn,21,204.24,0.00,242.45,1,4.12,1
vllm,multi_turn,22,119.72,0.33,120.05,2,16.66,1
vllm,multi_turn,23,121.19,23.01,144.19,2,13.87,1
vllm,multi_turn,24,65.88,0.00,104.88,1,9.53,1
vllm,multi_turn,25,137.64,0.00,152.81,1,6.54,1
vllm,multi_turn,26,158.99,0.00,172.25,1,5.81,1
vllm,multi_turn,27,155.40,0.00,222.45,1,4.50,1
vllm,multi_turn,28,108.98,0.00,121.77,1,8.21,1
vllm,multi_turn,29,193.44,0.00,198.64,1,5.03,1
vllm,multi_turn,30,262.77,100.54,363.32,2,5.50,1
vllm,multi_turn,31,245.95,0.00,262.81,1,3.80,1
vllm,multi_turn,32,76.86,33.46,110.32,2,18.13,1
vllm,multi_turn,33,105.92,0.00,135.28,1,7.39,1
vllm,multi_turn,34,112.10,0.00,127.22,1,7.86,1
vllm,multi_turn,35,111.51,0.00,123.34,1,8.11,1
vllm,multi_turn,36,169.19,0.00,174.37,1,5.73,1
vllm,multi_turn,37,179.42,0.00,283.87,1,3.52,1
vllm,multi_turn,38,335.94,42.52,378.46,2,5.28,1
vllm,multi_turn,39,205.40,69.54,274.94,2,7.27,1
vllm,multi_turn,40,84.75,0.00,85.04,1,11.76,1
vllm,multi_turn,41,163.10,135.82,298.92,2,6.69,1
vllm,multi_turn,42,105.68,0.00,120.65,1,8.29,1
vllm,multi_turn,43,126.79,0.00,247.75,1,4.04,1
vllm,multi_turn,44,188.75,0.00,233.49,1,4.28,1
vllm,multi_turn,45,239.34,84.04,323.38,2,6.18,1
vllm,multi_turn,46,182.68,0.00,185.18,1,5.40,1
vllm,multi_turn,47,216.17,0.38,216.55,2,9.24,1
vllm,multi_turn,48,152.19,0.00,168.80,1,5.92,1
vllm,multi_turn,49,127.94,0.00,128.14,1,7.80,1
vllm,multi_turn,50,157.20,0.00,182.90,1,5.47,1
vllm,multi_turn,51,153.32,0.00,171.51,1,5.83,1
vllm,multi_turn,52,187.89,0.00,215.73,1,4.64,1
vllm,multi_turn,53,207.33,60.99,268.32,2,7.45,1
vllm,multi_turn,54,131.56,40.49,172.06,2,11.62,1
vllm,multi_turn,55,274.19,52.61,326.80,2,6.12,1
vllm,multi_turn,56,72.44,0.00,76.74,1,13.03,1
vllm,multi_turn,57,227.15,0.00,237.32,1,4.21,1
vllm,multi_turn,58,148.98,0.00,163.02,1,6.13,1
vllm,multi_turn,59,125.92,0.00,199.96,1,5.00,1
vllm,multi_turn,60,230.87,37.00,267.88,2,7.47,1
vllm,multi_turn,61,263.22,0.00,290.31,1,3.44,1
vllm,multi_turn,62,157.75,0.00,199.90,1,5.00,1
vllm,multi_turn,63,186.23,0.00,270.97,1,3.69,1
vllm,multi_turn,64,78.79,37.36,116.14,2,17.22,1
vllm,multi_turn,65,180.77,0.00,202.12,1,4.95,1
vllm,multi_turn,66,166.64,36.77,203.41,2,9.83,1
vllm,multi_turn,67,100.13,83.31,183.44,2,10.90,1
vllm,multi_turn,68,134.88,0.00,154.08,1,6.49,1
vllm,multi_turn,69,148.35,0.00,148.64,1,6.73,1
vllm,multi_turn,70,280.13,0.00,416.46,1,2.40,1
vllm,multi_turn,71,264.60,15.36,279.96,2,7.14,1
vllm,multi_turn,72,137.19,51.01,188.20,2,10.63,1
vllm,multi_turn,73,152.08,56.35,208.44,2,9.60,1
vllm,multi_turn,74,87.45,86.66,174.10,2,11.49,1
vllm,multi_turn,75,237.78,0.00,238.03,1,4.20,1
vllm,multi_turn,76,152.54,32.44,184.98,2,10.81,1
vllm,multi_turn,77,134.62,0.00,271.11,1,3.69,1
vllm,multi_turn,78,129.99,0.00,189.81,1,5.27,1
vllm,multi_turn,79,90.14,0.00,94.74,1,10.55,1
vllm,multi_turn,80,86.40,0.00,91.81,1,10.89,1
vllm,multi_turn,81,127.20,0.00,269.31,1,3.71,1
vllm,multi_turn,82,109.69,0.00,123.65,1,8.09,1
vllm,multi_turn,83,163.53,0.00,189.11,1,5.29,1
vllm,multi_turn,84,165.38,129.76,295.14,2,6.78,1
vllm,multi_turn,85,268.41,66.53,334.94,2,5.97,1
vllm,multi_turn,86,224.55,62.42,286.97,2,6.97,1
vllm,multi_turn,87,91.44,0.00,105.62,1,9.47,1
vllm,multi_turn,88,99.37,0.00,118.61,1,8.43,1
vllm,multi_turn,89,150.82,0.00,217.18,1,4.60,1
vllm,multi_turn,90,67.61,15.19,158.78,7,44.09,0
vllm,multi_turn,91,155.45,63.33,218.78,2,9.14,1
vllm,multi_turn,92,198.20,0.00,236.82,1,4.22,1
vllm,multi_turn,93,145.53,25.80,171.34,2,11.67,1
vllm,multi_turn,94,166.90,94.47,261.37,2,7.65,1
vllm,multi_turn,95,191.05,0.00,314.31,1,3.18,1
vllm,multi_turn,96,60.20,0.00,78.81,1,12.69,1
vllm,multi_turn,97,84.64,21.48,106.12,2,18.85,1
vllm,multi_turn,98,175.54,0.00,199.50,1,5.01,1
vllm,multi_turn,99,165.10,0.00,186.04,1,5.38,1
vllm,multi_turn,100,179.79,0.00,189.19,1,5.29,1
vllm,multi_turn,101,267.41,25.24,292.65,2,6.83,1
vllm,multi_turn,102,286.42,115.93,402.35,2,4.97,1
vllm,multi_turn,103,213.10,104.67,317.77,2,6.29,1
vllm,multi_turn,104,81.08,0.00,85.39,1,11.71,1
vllm,multi_turn,105,157.78,0.00,185.28,1,5.40,1
vllm,multi_turn,106,139.43,0.00,143.36,1,6.98,1
vllm,multi_turn,107,156.99,0.00,220.07,1,4.54,1
vllm,multi_turn,108,157.01,0.00,167.59,1,5.97,1
vllm,multi_turn,109,254.37,12.67,267.04,2,7.49,1
vllm,multi_turn,110,157.82,211.46,369.28,2,5.42,0
vllm,multi_turn,111,236.24,0.00,315.49,1,3.17,1
vllm,multi_turn,112,48.91,53.59,102.50,2,19.51,1
vllm,multi_turn,113,100.37,17.82,118.19,2,16.92,1
vllm,multi_turn,114,107.81,0.00,138.42,1,7.22,1
vllm,multi_turn,115,195.44,0.00,240.92,1,4.15,1
vllm,multi_turn,116,83.20,0.00,114.93,1,8.70,1
vllm,multi_turn,117,310.30,0.00,375.59,1,2.66,1
vllm,multi_turn,118,233.66,0.00,317.12,1,3.15,1
vllm,multi_turn,119,249.59,0.00,360.51,1,2.77,1
vllm,multi_turn,120,56.33,0.00,111.10,1,9.00,1
vllm,multi_turn,121,126.37,0.00,190.82,1,5.24,1
vllm,multi_turn,122,152.20,24.70,176.90,2,11.31,1
vllm,multi_turn,123,132.63,140.01,272.63,2,7.34,1
vllm,multi_turn,124,176.17,0.00,181.50,1,5.51,1
vllm,multi_turn,125,171.42,0.00,178.46,1,5.60,1
vllm,multi_turn,126,256.74,0.35,257.09,2,7.78,1
vllm,multi_turn,127,233.13,0.00,373.10,1,2.68,1
vllm,multi_turn,128,62.82,0.00,101.91,1,9.81,1
vllm,multi_turn,129,125.46,0.00,144.05,1,6.94,1
vllm,multi_turn,130,141.86,4.77,146.63,2,13.64,1
vllm,multi_turn,131,219.19,0.00,249.84,1,4.00,1
vllm,multi_turn,132,206.90,0.00,230.49,1,4.34,1
vllm,multi_turn,133,83.66,0.00,158.17,1,6.32,1
vllm,multi_turn,134,272.69,0.00,375.25,1,2.66,1
vllm,multi_turn,135,205.28,135.10,340.38,2,5.88,1
vllm,multi_turn,136,73.08,0.00,78.03,1,12.82,1
vllm,multi_turn,137,164.57,0.00,185.60,1,5.39,1
vllm,multi_turn,138,122.07,0.00,127.16,1,7.86,1
vllm,multi_turn,139,237.28,0.00,346.89,1,2.88,1
vllm,multi_turn,140,275.81,0.36,276.17,2,7.24,1
vllm,multi_turn,141,121.95,30.22,152.17,2,13.14,1
vllm,multi_turn,142,188.93,0.00,193.89,1,5.16,1
vllm,multi_turn,143,266.33,132.69,399.01,2,5.01,1
vllm,multi_turn,144,72.07,70.11,142.18,2,14.07,1
vllm,multi_turn,145,239.07,47.02,286.09,2,6.99,1
vllm,multi_turn,146,201.65,0.00,260.00,1,3.85,1
vllm,multi_turn,147,133.83,19.00,152.83,2,13.09,1
vllm,multi_turn,148,117.24,0.00,155.26,1,6.44,1
vllm,multi_turn,149,231.21,117.62,348.84,2,5.73,1
vllm,multi_turn,150,231.88,0.00,286.36,1,3.49,1
vllm,multi_turn,151,123.43,0.00,146.57,1,6.82,1
vllm,multi_turn,152,57.51,0.00,84.78,1,11.80,1
vllm,multi_turn,153,179.67,0.00,204.93,1,4.88,1
vllm,multi_turn,154,117.13,0.00,152.96,1,6.54,1
vllm,multi_turn,155,150.29,0.00,216.75,1,4.61,1
vllm,multi_turn,156,228.68,108.64,337.32,2,5.93,1
vllm,multi_turn,157,250.93,0.00,299.09,1,3.34,1
vllm,multi_turn,158,144.22,0.00,144.48,1,6.92,1
vllm,multi_turn,159,203.01,154.39,357.40,2,5.60,1
vllm,multi_turn,160,63.90,0.00,80.39,1,12.44,1
vllm,multi_turn,161,84.26,9.11,93.37,2,21.42,1
vllm,multi_turn,162,173.21,110.75,283.96,2,7.04,1
vllm,multi_turn,163,143.41,128.74,272.15,2,7.35,1
vllm,multi_turn,164,234.42,0.00,308.16,1,3.25,1
vllm,multi_turn,165,154.52,0.00,171.22,1,5.84,1
vllm,multi_turn,166,169.13,10.52,179.65,2,11.13,0
vllm,multi_turn,167,262.54,0.00,414.35,1,2.41,1
vllm,multi_turn,168,74.67,0.00,93.18,1,10.73,1
vllm,multi_turn,169,118.28,49.76,168.03,2,11.90,0
vllm,multi_turn,170,145.25,9.67,154.92,2,12.91,0
vllm,multi_turn,171,109.10,0.00,133.13,1,7.51,1
vllm,multi_turn,172,142.00,0.00,162.40,1,6.16,1
vllm,multi_turn,173,133.55,152.45,286.00,2,6.99,1
vllm,multi_turn,174,330.04,0.00,335.17,1,2.98,1
vllm,multi_turn,175,334.50,0.00,436.25,1,2.29,1
vllm,multi_turn,176,130.74,0.00,154.23,1,6.48,1
vllm,multi_turn,177,131.92,0.00,144.66,1,6.91,1
vllm,multi_turn,178,207.44,0.00,235.29,1,4.25,1
vllm,multi_turn,179,137.85,97.99,235.84,2,8.48,1
vllm,multi_turn,180,210.66,0.00,230.89,1,4.33,1
vllm,multi_turn,181,144.30,102.55,246.86,2,8.10,1
vllm,multi_turn,182,90.16,25.17,115.33,2,17.34,1
vllm,multi_turn,183,231.19,0.00,236.22,1,4.23,1
vllm,multi_turn,184,59.03,83.60,142.63,2,14.02,1
vllm,multi_turn,185,111.95,0.00,130.39,1,7.67,1
vllm,multi_turn,186,174.29,1.09,175.37,2,11.40,1
vllm,multi_turn,187,191.17,0.00,223.24,1,4.48,1
vllm,multi_turn,188,204.52,0.00,229.78,1,4.35,1
vllm,multi_turn,189,170.21,0.34,170.55,2,11.73,1
vllm,multi_turn,190,246.78,164.52,411.30,2,4.86,1
vllm,multi_turn,191,213.80,0.00,313.85,1,3.19,1
vllm,multi_turn,192,62.39,0.00,78.89,1,12.68,1
vllm,multi_turn,193,140.86,0.00,212.92,1,4.70,1
vllm,multi_turn,194,299.02,0.00,380.23,1,2.63,1
vllm,multi_turn,195,158.02,0.00,174.37,1,5.73,1
vllm,multi_turn,196,189.71,0.00,199.78,1,5.01,1
vllm,multi_turn,197,234.10,0.00,250.65,1,3.99,1
vllm,multi_turn,198,232.86,74.79,307.65,2,6.50,1
vllm,multi_turn,199,135.30,0.00,148.80,1,6.72,1
vllm,multi_turn,200,71.21,23.91,95.12,2,21.03,1
vllm,multi_turn,201,232.06,45.90,277.96,2,7.20,1
vllm,multi_turn,202,136.31,0.00,152.84,1,6.54,1
vllm,multi_turn,203,120.48,92.28,212.76,2,9.40,1
vllm,multi_turn,204,197.20,0.00,312.87,1,3.20,1
vllm,multi_turn,205,173.65,0.00,211.29,1,4.73,1
vllm,multi_turn,206,91.82,89.01,180.82,2,11.06,1
vllm,multi_turn,207,242.31,0.00,346.41,1,2.89,1
vllm,multi_turn,208,165.65,31.79,197.44,2,10.13,1
vllm,multi_turn,209,113.38,0.00,123.72,1,8.08,1
vllm,multi_turn,210,185.41,86.34,271.75,2,7.36,1
vllm,multi_turn,211,207.28,0.00,228.36,1,4.38,1
vllm,multi_turn,212,116.49,0.00,126.28,1,7.92,1
vllm,multi_turn,213,219.77,0.00,258.73,1,3.87,1
vllm,multi_turn,214,200.78,11.53,212.31,2,9.42,1
vllm,multi_turn,215,324.44,6.49,330.93,2,6.04,1
vllm,multi_turn,216,55.05,41.13,96.19,2,20.79,1
vllm,multi_turn,217,95.06,0.00,113.66,1,8.80,1
vllm,multi_turn,218,152.77,0.00,157.63,1,6.34,1
vllm,multi_turn,219,298.28,0.00,308.51,1,3.24,1
vllm,multi_turn,220,232.53,0.00,275.49,1,3.63,1
vllm,multi_turn,221,166.43,24.13,190.56,2,10.50,1
vllm,multi_turn,222,189.73,0.00,285.07,1,3.51,1
vllm,multi_turn,223,229.59,176.94,406.53,2,4.92,1
vllm,multi_turn,224,50.51,0.00,83.96,1,11.91,1
vllm,multi_turn,225,284.71,0.00,304.80,1,3.28,1
vllm,multi_turn,226,193.77,0.00,331.37,1,3.02,1
vllm,multi_turn,227,161.97,0.00,192.82,1,5.19,1
vllm,multi_turn,228,76.59,0.00,147.65,1,6.77,1
vllm,multi_turn,229,188.13,82.10,270.22,2,7.40,1
vllm,multi_turn,230,255.22,0.00,270.23,1,3.70,1
vllm,multi_turn,231,237.50,0.00,252.72,1,3.96,1
vllm,multi_turn,232,74.74,14.04,88.78,2,22.53,1
vllm,multi_turn,233,189.86,131.06,320.92,2,6.23,1
vllm,multi_turn,234,179.75,0.00,245.14,1,4.08,1
vllm,multi_turn,235,246.73,0.00,344.66,1,2.90,1
vllm,multi_turn,236,185.61,0.00,234.16,1,4.27,1
vllm,multi_turn,237,188.29,0.00,188.51,1,5.30,1
vllm,multi_turn,238,160.83,98.43,259.26,2,7.71,1
vllm,multi_turn,239,119.58,30.16,149.74,2,13.36,1
vllm,multi_turn,240,74.60,0.00,105.34,1,9.49,1
vllm,multi_turn,241,142.60,146.64,289.24,2,6.91,1
vllm,multi_turn,242,234.94,0.00,300.34,1,3.33,1
vllm,multi_turn,243,194.11,0.00,340.51,1,2.94,1
vllm,multi_turn,244,221.64,0.00,332.05,1,3.01,1
vllm,multi_turn,245,186.00,32.40,218.40,2,9.16,1
vllm,multi_turn,246,147.01,10.42,157.43,2,12.70,1
vllm,multi_turn,247,111.88,36.10,147.97,2,13.52,1
vllm,multi_turn,248,97.52,25.78,123.30,2,16.22,1
vllm,multi_turn,249,160.39,0.00,261.48,1,3.82,1
vllm,multi_turn,250,229.23,0.00,234.26,1,4.27,1
vllm,multi_turn,251,241.63,102.93,344.57,2,5.80,1
vllm,multi_turn,252,147.44,29.11,176.55,2,11.33,1
vllm,multi_turn,253,141.56,0.00,202.42,1,4.94,1
vllm,multi_turn,254,339.80,20.08,359.88,2,5.56,1
vllm,multi_turn,255,135.36,0.00,154.12,1,6.49,1
vllm,multi_turn,256,56.31,0.00,102.16,1,9.79,1
vllm,multi_turn,257,102.62,0.00,114.37,1,8.74,1
vllm,multi_turn,258,146.32,0.00,155.18,1,6.44,1
vllm,multi_turn,259,220.88,35.29,256.17,2,7.81,1
vllm,multi_turn,260,263.92,154.42,418.35,2,4.78,1
vllm,multi_turn,261,224.83,156.54,381.37,2,5.24,1
vllm,multi_turn,262,212.90,0.00,275.79,1,3.63,1
vllm,multi_turn,263,123.40,0.00,147.68,1,6.77,1
vllm,multi_turn,264,56.03,0.00,77.60,1,12.89,1
vllm,multi_turn,265,140.36,0.00,160.58,1,6.23,1
vllm,multi_turn,266,104.16,0.00,172.83,1,5.79,1
vllm,multi_turn,267,203.85,50.52,254.37,2,7.86,1
vllm,multi_turn,268,202.34,0.00,265.30,1,3.77,1
vllm,multi_turn,269,308.81,0.00,412.98,1,2.42,1
vllm,multi_turn,270,261.96,0.00,338.75,1,2.95,1
vllm,multi_turn,271,174.09,27.64,201.73,2,9.91,1
vllm,multi_turn,272,70.87,0.00,104.74,1,9.55,1
vllm,multi_turn,273,216.47,77.32,293.79,2,6.81,1
vllm,multi_turn,274,172.22,101.33,273.55,2,7.31,1
vllm,multi_turn,275,161.40,0.00,183.84,1,5.44,1
vllm,multi_turn,276,167.44,47.00,214.45,2,9.33,1
vllm,multi_turn,277,252.52,0.00,262.44,1,3.81,1
vllm,multi_turn,278,351.63,0.00,365.94,1,2.73,1
vllm,multi_turn,279,165.59,36.44,202.03,2,9.90,1
vllm,multi_turn,280,71.94,21.76,93.70,2,21.35,1
vllm,multi_turn,281,237.56,0.00,242.90,1,4.12,1
vllm,multi_turn,282,272.66,0.00,361.25,1,2.77,1
vllm,multi_turn,283,160.42,0.00,223.29,1,4.48,1
vllm,multi_turn,284,294.77,0.00,312.13,1,3.20,1
vllm,multi_turn,285,202.30,0.00,202.52,1,4.94,1
vllm,multi_turn,286,163.42,0.00,219.44,1,4.56,1
vllm,multi_turn,287,234.76,67.36,302.12,2,6.62,1
vllm,multi_turn,288,86.45,0.00,113.66,1,8.80,1
vllm,multi_turn,289,162.98,56.08,219.06,2,9.13,1
vllm,multi_turn,290,161.37,0.00,197.26,1,5.07,1
vllm,multi_turn,291,149.16,10.07,159.24,2,12.56,1
vllm,multi_turn,292,221.66,21.04,242.70,2,8.24,1
vllm,multi_turn,293,282.78,0.00,372.32,1,2.69,1
vllm,multi_turn,294,290.55,0.00,339.31,1,2.95,1
vllm,multi_turn,295,219.15,86.08,305.22,2,6.55,1
vllm,multi_turn,296,54.86,41.27,96.13,2,20.81,1
vllm,multi_turn,297,122.26,30.70,152.97,2,13.07,1
vllm,multi_turn,298,212.70,2.64,215.34,2,9.29,1
vllm,multi_turn,299,188.33,0.00,238.33,1,4.20,1
vllm,multi_turn,300,254.96,0.00,374.99,1,2.67,1
vllm,multi_turn,301,191.14,214.55,405.70,2,4.93,1
vllm,multi_turn,302,157.33,174.25,331.57,2,6.03,1
vllm,multi_turn,303,143.10,0.00,202.06,1,4.95,1
vllm,multi_turn,304,136.89,71.31,208.20,2,9.61,1
vllm,multi_turn,305,143.96,0.00,186.92,1,5.35,1
vllm,multi_turn,306,80.15,0.00,95.84,1,10.43,1
vllm,multi_turn,307,265.99,77.25,343.23,2,5.83,1
vllm,multi_turn,308,206.91,87.42,294.33,2,6.80,1
vllm,multi_turn,309,231.03,0.00,257.43,1,3.88,1
vllm,multi_turn,310,138.22,47.46,185.67,2,10.77,1
vllm,multi_turn,311,173.64,72.87,246.51,2,8.11,1
vllm,multi_turn,312,127.38,0.00,147.39,1,6.78,1
vllm,multi_turn,313,145.64,26.82,172.46,2,11.60,1
vllm,multi_turn,314,114.13,83.73,197.86,2,10.11,1
vllm,multi_turn,315,227.73,32.89,260.62,2,7.67,1
vllm,multi_turn,316,254.22,0.00,297.60,1,3.36,1
vllm,multi_turn,317,117.64,0.00,173.46,1,5.77,1
vllm,multi_turn,318,241.29,0.00,355.47,1,2.81,1
vllm,multi_turn,319,137.84,76.15,214.00,2,9.35,1
vllm,multi_turn,320,297.94,4.47,302.41,2,6.61,1
vllm,multi_turn,321,94.27,48.06,142.33,2,14.05,1
vllm,multi_turn,322,115.06,0.00,177.25,1,5.64,1
vllm,multi_turn,323,188.97,37.42,226.39,2,8.83,1
vllm,multi_turn,324,261.38,0.00,281.52,1,3.55,1
vllm,multi_turn,325,155.35,0.00,160.62,1,6.23,1
vllm,multi_turn,326,338.34,49.06,387.39,2,5.16,1
vllm,multi_turn,327,130.03,86.48,216.52,2,9.24,1
vllm,multi_turn,328,161.43,0.00,232.65,1,4.30,1
vllm,multi_turn,329,143.78,0.00,158.69,1,6.30,1
vllm,multi_turn,330,148.48,127.73,276.21,2,7.24,1
vllm,multi_turn,331,178.47,0.00,321.78,1,3.11,1
vllm,multi_turn,332,244.96,0.00,304.54,1,3.28,1
vllm,multi_turn,333,187.57,0.00,234.15,1,4.27,1
vllm,multi_turn,334,82.94,0.00,184.98,1,5.41,1
vllm,multi_turn,335,181.84,31.42,213.26,2,9.38,0
vllm,multi_turn,336,212.85,0.00,213.09,1,4.69,1
vllm,multi_turn,337,81.39,0.00,97.66,1,10.24,1
vllm,multi_turn,338,135.95,27.51,163.46,2,12.24,1
vllm,multi_turn,339,267.42,0.00,337.05,1,2.97,1
vllm,multi_turn,340,166.98,60.83,227.81,2,8.78,1
vllm,multi_turn,341,161.15,3.81,164.97,2,12.12,1
vllm,multi_turn,342,283.53,0.00,325.54,1,3.07,1
vllm,multi_turn,343,207.55,93.75,301.30,2,6.64,1
vllm,multi_turn,344,197.00,84.53,281.53,2,7.10,1
vllm,multi_turn,345,199.60,0.00,233.95,1,4.27,1
vllm,multi_turn,346,89.04,0.00,185.96,1,5.38,1
vllm,multi_turn,347,188.58,0.00,233.99,1,4.27,1
vllm,multi_turn,348,234.40,0.00,269.16,1,3.72,1
vllm,multi_turn,349,197.02,0.35,197.37,2,10.13,1
vllm,multi_turn,350,216.15,0.00,249.57,1,4.01,1
vllm,multi_turn,351,266.15,0.00,313.24,1,3.19,1
vllm,multi_turn,352,161.57,90.04,251.60,2,7.95,1
vllm,multi_turn,353,112.54,97.15,209.69,2,9.54,1
vllm,multi_turn,354,225.20,0.00,251.86,1,3.97,1
vllm,multi_turn,355,143.22,4.35,147.56,2,13.55,1
vllm,multi_turn,356,290.61,107.07,397.68,2,5.03,1
vllm,multi_turn,357,191.55,79.03,270.58,2,7.39,1
vllm,multi_turn,358,160.74,0.00,173.84,1,5.75,1
vllm,multi_turn,359,152.88,0.00,162.27,1,6.16,1
vllm,multi_turn,360,73.03,49.72,122.75,2,16.29,1
vllm,multi_turn,361,140.13,141.82,281.94,2,7.09,1
vllm,multi_turn,362,239.14,103.08,342.22,2,5.84,1
vllm,multi_turn,363,219.53,54.37,273.90,2,7.30,1
vllm,multi_turn,364,308.02,0.00,429.76,1,2.33,1
vllm,multi_turn,365,145.45,0.00,190.16,1,5.26,1
vllm,multi_turn,366,105.32,0.00,154.38,1,6.48,1
vllm,multi_turn,367,158.41,0.00,286.14,1,3.49,1
vllm,multi_turn,368,66.44,0.00,87.96,1,11.37,1
vllm,multi_turn,369,254.62,0.00,319.26,1,3.13,1
vllm,multi_turn,370,245.57,135.04,380.60,2,5.25,1
vllm,multi_turn,371,228.13,0.00,292.53,1,3.42,1
vllm,multi_turn,372,248.01,90.42,338.44,2,5.91,1
vllm,multi_turn,373,123.01,29.04,152.05,2,13.15,1
vllm,multi_turn,374,231.92,0.00,236.55,1,4.23,1
vllm,multi_turn,375,204.03,0.00,289.49,1,3.45,1
vllm,multi_turn,376,60.58,0.00,83.37,1,12.00,1
vllm,multi_turn,377,265.99,0.00,271.11,1,3.69,1
vllm,multi_turn,378,304.26,0.00,426.48,1,2.34,1
vllm,multi_turn,379,287.72,23.89,311.61,2,6.42,1
vllm,multi_turn,380,250.05,0.00,259.26,1,3.86,1
vllm,multi_turn,381,218.67,0.00,237.12,1,4.22,1
vllm,multi_turn,382,214.43,0.00,233.33,1,4.29,1
vllm,multi_turn,383,184.36,0.00,285.57,1,3.50,1
vllm,multi_turn,384,89.19,0.37,89.56,2,22.33,1
vllm,multi_turn,385,225.22,0.00,264.87,1,3.78,1
vllm,multi_turn,386,164.23,90.34,254.57,2,7.86,1
vllm,multi_turn,387,246.89,182.93,429.82,2,4.65,1
vllm,multi_turn,388,257.34,71.29,328.63,2,6.09,1
vllm,multi_turn,389,230.27,0.00,294.97,1,3.39,1
vllm,multi_turn,390,167.71,37.28,204.99,2,9.76,1
vllm,multi_turn,391,118.08,0.00,215.82,1,4.63,1
vllm,multi_turn,392,60.55,0.00,77.89,1,12.84,1
vllm,multi_turn,393,140.73,34.76,349.30,7,20.04,0
vllm,multi_turn,394,131.02,148.83,279.84,2,7.15,1
vllm,multi_turn,395,224.67,0.00,323.84,1,3.09,1
vllm,multi_turn,396,209.20,0.00,338.18,1,2.96,1
vllm,multi_turn,397,244.57,0.00,299.49,1,3.34,1
vllm,multi_turn,398,260.47,0.00,308.26,1,3.24,1
vllm,multi_turn,399,134.29,16.14,150.44,2,13.29,1
vllm,multi_turn,400,151.58,0.00,213.51,1,4.68,1
vllm,multi_turn,401,181.01,0.00,262.53,1,3.81,1
vllm,multi_turn,402,230.46,68.16,298.62,2,6.70,1
vllm,multi_turn,403,175.25,22.09,197.34,2,10.13,1
vllm,multi_turn,404,165.97,103.16,269.14,2,7.43,1
vllm,multi_turn,405,214.62,156.11,370.72,2,5.39,1
vllm,multi_turn,406,194.67,0.00,241.44,1,4.14,1
vllm,multi_turn,407,180.98,0.00,221.57,1,4.51,1
vllm,multi_turn,408,60.63,0.00,88.41,1,11.31,1
vllm,multi_turn,409,171.82,88.18,260.00,2,7.69,1
vllm,multi_turn,410,229.97,144.72,374.69,2,5.34,1
vllm,multi_turn,411,154.72,118.97,273.70,2,7.31,1
vllm,multi_turn,412,238.76,196.19,434.95,2,4.60,1
vllm,multi_turn,413,252.21,0.00,279.25,1,3.58,1
vllm,multi_turn,414,288.33,0.00,331.70,1,3.01,1
vllm,multi_turn,415,163.25,70.75,234.00,2,8.55,1
vllm,multi_turn,416,150.38,0.00,234.88,1,4.26,1
vllm,multi_turn,417,216.64,128.25,344.89,2,5.80,1
vllm,multi_turn,418,178.89,0.00,323.86,1,3.09,1
vllm,multi_turn,419,275.03,20.52,295.55,2,6.77,1
vllm,multi_turn,420,173.50,0.00,194.63,1,5.14,1
vllm,multi_turn,421,255.13,0.00,255.34,1,3.92,1
vllm,multi_turn,422,169.45,0.00,227.57,1,4.39,1
vllm,multi_turn,423,206.44,28.26,234.70,2,8.52,1
vllm,multi_turn,424,89.29,0.00,93.20,1,10.73,1
vllm,multi_turn,425,201.26,102.97,304.23,2,6.57,1
vllm,multi_turn,426,142.91,0.00,293.02,1,3.41,1
vllm,multi_turn,427,340.93,31.24,372.17,2,5.37,1
vllm,multi_turn,428,280.47,0.00,280.73,1,3.56,1
vllm,multi_turn,429,264.46,120.88,385.34,2,5.19,1
vllm,multi_turn,430,231.00,97.58,328.58,2,6.09,1
vllm,multi_turn,431,179.30,33.72,213.03,2,9.39,1
vllm,multi_turn,432,179.19,0.00,188.26,1,5.31,1
vllm,multi_turn,433,215.93,0.00,291.13,1,3.43,1
vllm,multi_turn,434,221.02,114.81,335.82,2,5.96,1
vllm,multi_turn,435,247.73,0.00,269.88,1,3.71,1
vllm,multi_turn,436,135.67,0.00,155.96,1,6.41,1
vllm,multi_turn,437,228.72,181.74,410.47,2,4.87,1
vllm,multi_turn,438,166.00,0.00,262.48,1,3.81,1
vllm,multi_turn,439,177.56,0.00,224.43,1,4.46,1
vllm,multi_turn,440,133.21,0.00,183.77,1,5.44,1
vllm,multi_turn,441,172.18,0.00,209.06,1,4.78,1
vllm,multi_turn,442,92.96,0.00,118.21,1,8.46,1
vllm,multi_turn,443,235.31,119.41,354.72,2,5.64,1
vllm,multi_turn,444,202.03,0.00,361.10,1,2.77,1
vllm,multi_turn,445,210.86,183.61,394.47,2,5.07,1
vllm,multi_turn,446,177.01,0.00,214.94,1,4.65,1
vllm,multi_turn,447,229.83,63.46,293.29,2,6.82,1
vllm,multi_turn,448,76.54,0.00,86.26,1,11.59,1
vllm,multi_turn,449,199.87,91.01,290.89,2,6.88,1
vllm,multi_turn,450,162.14,0.00,266.39,1,3.75,1
vllm,multi_turn,451,269.01,0.00,275.10,1,3.64,1
vllm,multi_turn,452,281.10,92.26,373.36,2,5.36,1
vllm,multi_turn,453,296.30,0.00,426.79,1,2.34,1
vllm,multi_turn,454,243.32,0.00,289.62,1,3.45,1
vllm,multi_turn,455,231.43,0.00,279.86,1,3.57,1
vllm,multi_turn,456,95.38,0.00,110.99,1,9.01,1
vllm,multi_turn,457,145.13,92.35,237.49,2,8.42,1
vllm,multi_turn,458,161.07,0.00,278.04,1,3.60,1
vllm,multi_turn,459,242.91,0.00,300.39,1,3.33,1
vllm,multi_turn,460,347.06,145.36,492.42,2,4.06,1
vllm,multi_turn,461,213.10,60.67,273.77,2,7.31,1
vllm,multi_turn,462,315.89,0.00,337.91,1,2.96,1
vllm,multi_turn,463,171.19,0.00,233.60,1,4.28,1
vllm,multi_turn,464,190.36,78.13,268.49,2,7.45,1
vllm,multi_turn,465,245.18,0.00,330.07,1,3.03,1
vllm,multi_turn,466,332.03,30.32,362.34,2,5.52,1
vllm,multi_turn,467,210.89,124.93,335.81,2,5.96,1
vllm,multi_turn,468,212.21,0.00,227.49,1,4.40,1
vllm,multi_turn,469,162.32,0.00,162.54,1,6.15,1
vllm,multi_turn,470,237.86,85.95,323.81,2,6.18,1
vllm,multi_turn,471,194.08,0.00,289.43,1,3.46,1
vllm,multi_turn,472,69.62,0.00,137.52,1,7.27,1
vllm,multi_turn,473,170.46,109.86,280.32,2,7.13,1
vllm,multi_turn,474,204.03,53.90,257.93,2,7.75,1
vllm,multi_turn,475,251.42,0.00,369.07,1,2.71,1
vllm,multi_turn,476,170.02,226.63,396.66,2,5.04,1
vllm,multi_turn,477,184.82,0.00,239.80,1,4.17,1
vllm,multi_turn,478,241.78,83.38,325.16,2,6.15,1
vllm,multi_turn,479,239.23,0.00,346.96,1,2.88,1
vllm,multi_turn,480,204.37,107.48,311.85,2,6.41,1
vllm,multi_turn,481,187.56,125.42,312.97,2,6.39,1
vllm,multi_turn,482,195.60,122.33,317.93,2,6.29,1
vllm,multi_turn,483,263.54,88.95,352.48,2,5.67,1
vllm,multi_turn,484,389.85,16.31,406.16,2,4.92,1
vllm,multi_turn,485,149.59,0.00,212.29,1,4.71,1
vllm,multi_turn,486,168.45,76.88,245.33,2,8.15,1
vllm,multi_turn,487,170.41,0.00,201.30,1,4.97,1
vllm,multi_turn,488,177.55,0.00,181.46,1,5.51,1
vllm,multi_turn,489,240.62,0.00,321.72,1,3.11,1
vllm,multi_turn,490,212.84,85.00,297.84,2,6.71,1
vllm,multi_turn,491,396.49,0.00,416.94,1,2.40,1
vllm,multi_turn,492,311.79,33.35,345.14,2,5.79,1
vllm,multi_turn,493,223.37,112.98,336.35,2,5.95,1
vllm,multi_turn,494,209.16,0.00,231.72,1,4.32,1
vllm,multi_turn,495,202.52,81.48,284.00,2,7.04,1
vllm,multi_turn,496,128.33,0.00,164.66,1,6.07,1
vllm,multi_turn,497,207.25,161.26,368.51,2,5.43,1
vllm,multi_turn,498,150.64,157.36,308.00,2,6.49,1
vllm,multi_turn,499,200.28,84.58,284.86,2,7.02,1
vllm,multi_turn,500,300.44,0.00,377.06,1,2.65,1
vllm,multi_turn,501,209.66,95.97,305.63,2,6.54,1
vllm,multi_turn,502,192.98,64.46,257.44,2,7.77,1
vllm,multi_turn,503,354.04,0.00,367.29,1,2.72,1
vllm,multi_turn,504,180.87,32.59,311.24,5,16.06,0
vllm,multi_turn,505,181.52,0.00,305.96,1,3.27,1
vllm,multi_turn,506,186.38,0.00,293.96,1,3.40,1
vllm,multi_turn,507,200.69,136.44,337.14,2,5.93,1
vllm,multi_turn,508,252.75,186.98,439.73,2,4.55,1
vllm,multi_turn,509,156.60,0.00,237.41,1,4.21,1
vllm,multi_turn,510,203.35,0.00,261.02,1,3.83,1
vllm,multi_turn,511,204.39,108.51,312.89,2,6.39,1
vllm,multi_turn,512,142.92,41.04,183.96,2,10.87,1
vllm,multi_turn,513,122.69,0.00,140.73,1,7.11,1
vllm,multi_turn,514,83.50,31.18,114.68,2,17.44,1
vllm,multi_turn,515,123.52,0.00,133.22,1,7.51,1
vllm,multi_turn,516,220.41,53.36,273.77,2,7.31,1
vllm,multi_turn,517,105.52,34.55,140.07,2,14.28,1
vllm,multi_turn,518,170.35,0.00,203.78,1,4.91,1
vllm,multi_turn,519,175.90,0.00,238.42,1,4.19,1
vllm,multi_turn,520,91.86,0.00,113.09,1,8.84,1
vllm,multi_turn,521,136.32,35.66,171.98,2,11.63,1
vllm,multi_turn,522,126.84,76.10,202.94,2,9.86,1
vllm,multi_turn,523,131.98,0.00,141.12,1,7.09,1
vllm,multi_turn,524,124.84,45.56,170.40,2,11.74,1
vllm,multi_turn,525,213.78,81.27,295.06,2,6.78,1
vllm,multi_turn,526,166.30,0.00,182.78,1,5.47,1
vllm,multi_turn,527,132.46,0.00,216.24,1,4.62,1
vllm,multi_turn,528,138.35,5.27,143.63,2,13.93,1
vllm,multi_turn,529,259.03,0.00,343.42,1,2.91,1
vllm,multi_turn,530,181.08,78.85,259.93,2,7.69,1
vllm,multi_turn,531,157.77,0.00,216.04,1,4.63,1
vllm,multi_turn,532,125.75,19.31,145.06,2,13.79,1
vllm,multi_turn,533,148.30,0.00,200.75,1,4.98,1
vllm,multi_turn,534,227.55,0.00,280.10,1,3.57,1
vllm,multi_turn,535,194.59,40.07,234.66,2,8.52,1
vllm,multi_turn,536,78.16,25.79,129.74,3,23.12,0
vllm,multi_turn,537,218.89,117.50,336.40,2,5.95,1
vllm,multi_turn,538,154.14,0.00,240.73,1,4.15,1
vllm,multi_turn,539,153.11,93.89,247.00,2,8.10,0
vllm,multi_turn,540,201.90,159.57,361.48,2,5.53,1
vllm,multi_turn,541,105.29,73.67,178.96,2,11.18,1
vllm,multi_turn,542,84.46,68.60,153.06,2,13.07,1
vllm,multi_turn,543,118.04,0.00,173.33,1,5.77,1
vllm,multi_turn,544,229.89,129.93,359.81,2,5.56,1
vllm,multi_turn,545,187.12,0.00,229.18,1,4.36,1
vllm,multi_turn,546,171.67,73.98,245.65,2,8.14,1
vllm,multi_turn,547,160.44,0.00,175.40,1,5.70,1
vllm,multi_turn,548,160.06,0.00,160.29,1,6.24,1
vllm,multi_turn,549,188.66,0.00,247.50,1,4.04,1
vllm,multi_turn,550,87.31,0.00,141.32,1,7.08,1
vllm,multi_turn,551,184.14,0.00,205.13,1,4.88,1
vllm,multi_turn,552,341.23,0.00,398.58,1,2.51,1
vllm,multi_turn,553,192.25,0.00,254.93,1,3.92,1
vllm,multi_turn,554,127.75,0.00,132.81,1,7.53,1
vllm,multi_turn,555,182.56,0.00,186.51,1,5.36,1
vllm,multi_turn,556,227.01,0.00,245.14,1,4.08,1
vllm,multi_turn,557,235.95,0.00,364.05,1,2.75,1
vllm,multi_turn,558,195.79,0.00,232.41,1,4.30,1
vllm,multi_turn,559,257.18,68.97,326.14,2,6.13,1
vllm,multi_turn,560,145.54,0.00,208.41,1,4.80,1
vllm,multi_turn,561,193.07,65.40,258.47,2,7.74,1
vllm,multi_turn,562,177.86,28.03,205.90,2,9.71,1
vllm,multi_turn,563,123.80,0.00,138.38,1,7.23,1
vllm,multi_turn,564,186.71,115.70,302.41,2,6.61,1
vllm,multi_turn,565,153.08,0.00,171.42,1,5.83,1
vllm,multi_turn,566,118.99,77.09,196.08,2,10.20,0
vllm,multi_turn,567,202.04,0.00,246.89,1,4.05,1
vllm,multi_turn,568,201.99,154.96,356.94,2,5.60,1
vllm,multi_turn,569,169.19,0.00,207.48,1,4.82,1
vllm,multi_turn,570,153.40,0.00,163.82,1,6.10,1
vllm,multi_turn,571,156.16,0.32,156.47,2,12.78,1
vllm,multi_turn,572,174.95,0.00,251.31,1,3.98,1
vllm,multi_turn,573,171.53,41.39,212.93,2,9.39,1
vllm,multi_turn,574,102.63,31.44,134.07,2,14.92,1
vllm,multi_turn,575,233.19,0.00,305.44,1,3.27,1
vllm,multi_turn,576,162.82,0.00,213.37,1,4.69,1
vllm,multi_turn,577,180.89,0.00,195.80,1,5.11,1
vllm,multi_turn,578,103.02,0.00,178.02,1,5.62,1
vllm,multi_turn,579,136.04,138.57,274.61,2,7.28,1
vllm,multi_turn,580,219.88,115.21,335.09,2,5.97,1
vllm,multi_turn,581,104.85,0.00,160.74,1,6.22,1
vllm,multi_turn,582,180.70,0.34,181.04,2,11.05,1
vllm,multi_turn,583,173.57,60.08,233.65,2,8.56,1
vllm,multi_turn,584,194.64,0.00,262.40,1,3.81,1
vllm,multi_turn,585,198.65,0.00,202.14,1,4.95,1
vllm,multi_turn,586,107.90,0.00,117.87,1,8.48,1
vllm,multi_turn,587,173.18,0.00,271.21,1,3.69,1
vllm,multi_turn,588,197.34,0.00,307.85,1,3.25,1
vllm,multi_turn,589,162.18,60.07,222.26,2,9.00,1
vllm,multi_turn,590,89.52,104.67,194.19,2,10.30,1
vllm,multi_turn,591,205.78,20.33,226.11,2,8.85,1
vllm,multi_turn,592,195.15,0.00,292.50,1,3.42,1
vllm,multi_turn,593,84.49,37.84,122.33,2,16.35,1
vllm,multi_turn,594,151.25,0.00,170.28,1,5.87,1
vllm,multi_turn,595,163.01,74.65,237.66,2,8.42,1
vllm,multi_turn,596,125.67,0.00,188.28,1,5.31,1
vllm,multi_turn,597,92.31,0.00,97.18,1,10.29,1
vllm,multi_turn,598,223.03,0.00,268.17,1,3.73,1
vllm,multi_turn,599,285.52,106.15,391.67,2,5.11,1
vllm,multi_turn,600,207.54,135.27,342.80,2,5.83,0
vllm,multi_turn,601,178.78,0.00,230.11,1,4.35,1
vllm,multi_turn,602,191.59,0.00,293.85,1,3.40,1
vllm,multi_turn,603,126.70,0.00,136.77,1,7.31,1
vllm,multi_turn,604,193.39,5.49,198.88,2,10.06,1
vllm,multi_turn,605,83.06,26.55,109.61,2,18.25,1
vllm,multi_turn,606,241.22,0.00,253.95,1,3.94,1
vllm,multi_turn,607,176.47,0.00,259.42,1,3.85,1
vllm,multi_turn,608,473.62,0.00,488.77,1,2.05,1
vllm,multi_turn,609,174.01,0.00,266.55,1,3.75,1
vllm,multi_turn,610,167.90,0.00,190.41,1,5.25,1
vllm,multi_turn,611,245.10,0.00,277.35,1,3.61,1
vllm,multi_turn,612,223.95,0.00,289.05,1,3.46,1
vllm,multi_turn,613,262.66,86.14,434.93,3,6.90,0
vllm,multi_turn,614,126.86,0.00,165.01,1,6.06,1
vllm,multi_turn,615,59.66,0.00,104.47,1,9.57,1
vllm,multi_turn,616,257.81,50.42,308.24,2,6.49,1
vllm,multi_turn,617,328.14,0.00,337.93,1,2.96,1
vllm,multi_turn,618,160.60,0.00,187.29,1,5.34,1
vllm,multi_turn,619,161.61,0.00,177.27,1,5.64,1
vllm,multi_turn,620,191.01,0.00,195.90,1,5.10,1
vllm,multi_turn,621,200.96,0.00,214.86,1,4.65,1
vllm,multi_turn,622,114.42,16.87,131.30,2,15.23,1
vllm,multi_turn,623,175.87,0.00,289.58,1,3.45,1
vllm,multi_turn,624,128.55,0.00,143.01,1,6.99,1
vllm,multi_turn,625,159.29,62.17,221.46,2,9.03,1
vllm,multi_turn,626,125.15,21.88,147.02,2,13.60,1
vllm,multi_turn,627,128.53,0.00,241.06,1,4.15,1
vllm,multi_turn,628,206.93,0.00,295.99,1,3.38,1
vllm,multi_turn,629,222.78,79.70,302.48,2,6.61,1
vllm,multi_turn,630,165.67,0.00,203.19,1,4.92,1
vllm,multi_turn,631,130.61,0.00,130.82,1,7.64,1
vllm,multi_turn,632,237.58,30.87,268.45,2,7.45,1
vllm,multi_turn,633,136.53,0.00,153.43,1,6.52,1
vllm,multi_turn,634,81.71,76.62,158.32,2,12.63,1
vllm,multi_turn,635,170.42,0.00,170.69,1,5.86,1
vllm,multi_turn,636,244.51,125.93,370.44,2,5.40,1
vllm,multi_turn,637,219.74,0.00,250.08,1,4.00,1
vllm,multi_turn,638,210.54,0.00,232.54,1,4.30,1
vllm,multi_turn,639,178.91,0.00,189.81,1,5.27,1
vllm,multi_turn,640,162.07,94.51,256.59,2,7.79,1
vllm,multi_turn,641,200.59,0.00,267.99,1,3.73,1
vllm,multi_turn,642,201.69,100.86,302.55,2,6.61,1
vllm,multi_turn,643,173.13,57.42,230.55,2,8.67,1
vllm,multi_turn,644,211.30,0.00,276.80,1,3.61,1
vllm,multi_turn,645,264.56,0.00,309.35,1,3.23,1
vllm,multi_turn,646,204.73,41.63,246.36,2,8.12,1
vllm,multi_turn,647,141.70,0.00,176.33,1,5.67,1
vllm,multi_turn,648,260.81,24.49,285.30,2,7.01,1
vllm,multi_turn,649,248.90,0.00,262.13,1,3.81,1
vllm,multi_turn,650,158.23,29.73,187.96,2,10.64,1
vllm,multi_turn,651,138.99,0.00,187.13,1,5.34,1
vllm,multi_turn,652,202.61,54.49,257.10,2,7.78,1
vllm,multi_turn,653,241.45,81.27,322.73,2,6.20,1
vllm,multi_turn,654,178.36,0.00,228.70,1,4.37,1
vllm,multi_turn,655,65.64,65.91,131.55,2,15.20,1
vllm,multi_turn,656,172.43,73.18,245.61,2,8.14,1
vllm,multi_turn,657,187.79,0.00,201.58,1,4.96,1
vllm,multi_turn,658,84.20,0.00,119.17,1,8.39,1
vllm,multi_turn,659,207.82,0.00,280.66,1,3.56,1
vllm,multi_turn,660,241.27,96.19,337.46,2,5.93,1
vllm,multi_turn,661,186.51,0.00,225.72,1,4.43,1
vllm,multi_turn,662,161.41,23.01,184.43,2,10.84,1
vllm,multi_turn,663,118.41,119.21,237.62,2,8.42,1
vllm,multi_turn,664,214.01,0.00,281.28,1,3.56,1
vllm,multi_turn,665,208.16,0.00,234.51,1,4.26,1
vllm,multi_turn,666,155.72,47.77,203.49,2,9.83,1
vllm,multi_turn,667,126.05,0.00,161.02,1,6.21,1
vllm,multi_turn,668,208.47,0.00,213.60,1,4.68,1
vllm,multi_turn,669,249.14,0.00,308.49,1,3.24,1
vllm,multi_turn,670,285.15,97.57,382.72,2,5.23,1
vllm,multi_turn,671,95.70,0.00,117.77,1,8.49,1
vllm,multi_turn,672,142.20,4.85,147.05,2,13.60,1
vllm,multi_turn,673,149.75,0.00,165.56,1,6.04,1
vllm,multi_turn,674,97.87,0.00,102.99,1,9.71,1
vllm,multi_turn,675,178.25,151.18,329.44,2,6.07,1
vllm,multi_turn,676,200.08,0.00,313.79,1,3.19,1
vllm,multi_turn,677,268.85,51.68,320.53,2,6.24,1
vllm,multi_turn,678,176.22,114.31,290.53,2,6.88,1
vllm,multi_turn,679,113.99,0.00,159.80,1,6.26,1
vllm,multi_turn,680,173.98,61.28,235.26,2,8.50,1
vllm,multi_turn,681,97.80,29.41,127.21,2,15.72,1
vllm,multi_turn,682,152.35,0.00,228.92,1,4.37,1
vllm,multi_turn,683,232.31,81.84,314.15,2,6.37,1
vllm,multi_turn,684,131.14,0.00,150.09,1,6.66,1
vllm,multi_turn,685,106.67,0.00,131.54,1,7.60,1
vllm,multi_turn,686,247.05,0.00,302.43,1,3.31,1
vllm,multi_turn,687,166.83,0.00,213.06,1,4.69,1
vllm,multi_turn,688,169.58,0.00,221.67,1,4.51,1
vllm,multi_turn,689,243.37,62.48,305.85,2,6.54,1
vllm,multi_turn,690,118.60,70.50,259.61,3,11.56,1
vllm,multi_turn,691,182.89,0.00,200.49,1,4.99,1
vllm,multi_turn,692,109.69,20.82,151.33,3,19.82,1
vllm,multi_turn,693,181.57,0.00,234.09,1,4.27,1
vllm,multi_turn,694,53.97,19.80,93.58,3,32.06,1
vllm,multi_turn,695,127.07,50.07,177.14,2,11.29,1
vllm,multi_turn,696,185.44,0.00,194.02,1,5.15,1
vllm,multi_turn,697,139.64,5.35,144.99,2,13.79,1
vllm,multi_turn,698,180.38,77.25,257.63,2,7.76,1
vllm,multi_turn,699,179.20,0.00,237.51,1,4.21,1
vllm,multi_turn,700,211.47,77.96,289.42,2,6.91,1
vllm,multi_turn,701,96.46,0.00,150.42,1,6.65,1
vllm,multi_turn,702,182.22,0.00,209.06,1,4.78,1
vllm,multi_turn,703,185.44,71.62,257.06,2,7.78,1
vllm,multi_turn,704,110.92,0.00,126.85,1,7.88,1
vllm,multi_turn,705,255.40,0.00,265.35,1,3.77,1
vllm,multi_turn,706,215.22,0.00,255.63,1,3.91,1
vllm,multi_turn,707,182.42,0.00,200.33,1,4.99,1
vllm,multi_turn,708,193.41,0.00,203.43,1,4.92,1
vllm,multi_turn,709,274.49,0.00,336.90,1,2.97,1
vllm,multi_turn,710,172.08,88.00,260.09,2,7.69,1
vllm,multi_turn,711,180.73,38.78,219.51,2,9.11,1
vllm,multi_turn,712,122.96,96.22,219.19,2,9.12,1
vllm,multi_turn,713,245.46,0.00,267.26,1,3.74,1
vllm,multi_turn,714,221.39,86.93,308.32,2,6.49,1
vllm,multi_turn,715,212.83,87.42,300.25,2,6.66,1
vllm,multi_turn,716,189.78,70.12,259.90,2,7.70,1
vllm,multi_turn,717,170.33,24.03,194.36,2,10.29,1
vllm,multi_turn,718,141.22,0.00,249.86,1,4.00,1
vllm,multi_turn,719,139.25,0.00,170.93,1,5.85,1
vllm,multi_turn,720,147.12,0.00,172.08,1,5.81,1
vllm,multi_turn,721,165.82,0.00,166.03,1,6.02,1
vllm,multi_turn,722,166.86,0.00,234.91,1,4.26,1
vllm,multi_turn,723,160.13,0.00,243.21,1,4.11,1
vllm,multi_turn,724,215.52,97.65,313.17,2,6.39,1
vllm,multi_turn,725,234.20,0.00,277.07,1,3.61,1
vllm,multi_turn,726,279.63,0.00,413.70,1,2.42,1
vllm,multi_turn,727,168.19,14.17,182.37,2,10.97,1
vllm,multi_turn,728,234.63,0.00,301.78,1,3.31,1
vllm,multi_turn,729,190.32,100.18,290.50,2,6.88,1
vllm,multi_turn,730,142.16,135.44,277.59,2,7.20,1
vllm,multi_turn,731,216.62,0.00,269.32,1,3.71,1
vllm,multi_turn,732,223.01,0.00,257.77,1,3.88,1
vllm,multi_turn,733,127.17,18.63,145.80,2,13.72,1
vllm,multi_turn,734,173.36,47.22,220.57,2,9.07,1
vllm,multi_turn,735,201.93,47.43,249.35,2,8.02,1
vllm,multi_turn,736,132.20,0.00,137.21,1,7.29,1
vllm,multi_turn,737,211.80,0.00,263.14,1,3.80,1
vllm,multi_turn,738,184.83,0.00,255.91,1,3.91,1
vllm,multi_turn,739,286.54,52.94,339.48,2,5.89,1
vllm,multi_turn,740,216.49,0.00,244.76,1,4.09,1
vllm,multi_turn,741,226.22,0.00,244.48,1,4.09,1
vllm,multi_turn,742,113.63,0.00,133.14,1,7.51,1
vllm,multi_turn,743,194.52,49.91,244.43,2,8.18,1
vllm,multi_turn,744,139.17,0.00,156.41,1,6.39,1
vllm,multi_turn,745,192.07,0.00,198.44,1,5.04,1
vllm,multi_turn,746,170.98,0.00,229.00,1,4.37,1
vllm,multi_turn,747,202.46,61.62,264.07,2,7.57,1
vllm,multi_turn,748,199.90,133.71,333.60,2,6.00,1
vllm,multi_turn,749,191.92,76.39,268.31,2,7.45,1
vllm,multi_turn,750,211.01,74.75,285.76,2,7.00,1
vllm,multi_turn,751,245.26,0.00,293.34,1,3.41,1
vllm,multi_turn,752,226.06,0.00,235.68,1,4.24,1
vllm,multi_turn,753,135.78,151.25,287.04,2,6.97,1
vllm,multi_turn,754,250.52,22.69,273.22,2,7.32,1
vllm,multi_turn,755,163.77,0.00,230.34,1,4.34,1
vllm,multi_turn,756,293.27,0.00,385.02,1,2.60,1
vllm,multi_turn,757,165.53,54.13,219.66,2,9.10,1
vllm,multi_turn,758,150.88,0.00,161.87,1,6.18,1
vllm,multi_turn,759,140.69,0.00,157.43,1,6.35,1
vllm,multi_turn,760,112.17,0.00,185.66,1,5.39,1
vllm,multi_turn,761,185.03,0.00,217.85,1,4.59,1
vllm,multi_turn,762,240.81,94.03,334.84,2,5.97,1
vllm,multi_turn,763,204.76,138.06,342.82,2,5.83,1
vllm,multi_turn,764,250.20,0.00,265.50,1,3.77,1
vllm,multi_turn,765,230.14,47.63,277.77,2,7.20,1
vllm,multi_turn,766,97.96,0.00,111.25,1,8.99,1
vllm,multi_turn,767,104.05,50.85,154.90,2,12.91,1
vllm,multi_turn,768,182.62,0.00,197.30,1,5.07,1
vllm,multi_turn,769,163.06,0.00,170.93,1,5.85,1
vllm,multi_turn,770,114.11,95.71,209.82,2,9.53,1
vllm,multi_turn,771,186.24,175.03,361.27,2,5.54,1
vllm,multi_turn,772,249.29,86.58,335.86,2,5.95,1
vllm,multi_turn,773,120.84,0.00,135.21,1,7.40,1
vllm,multi_turn,774,106.26,0.00,186.55,1,5.36,1
vllm,multi_turn,775,144.45,69.05,213.50,2,9.37,0
vllm,multi_turn,776,170.74,63.16,233.90,2,8.55,1
vllm,multi_turn,777,125.17,0.00,145.63,1,6.87,1
vllm,multi_turn,778,111.05,0.00,164.25,1,6.09,1
vllm,multi_turn,779,173.54,0.00,195.28,1,5.12,1
vllm,multi_turn,780,236.63,115.60,352.23,2,5.68,1
vllm,multi_turn,781,232.65,0.00,292.47,1,3.42,1
vllm,multi_turn,782,247.38,100.26,347.64,2,5.75,1
vllm,multi_turn,783,130.43,114.69,245.11,2,8.16,1
vllm,multi_turn,784,239.40,62.43,301.83,2,6.63,1
vllm,multi_turn,785,204.80,85.71,290.51,2,6.88,1
vllm,multi_turn,786,201.77,34.74,236.51,2,8.46,1
vllm,multi_turn,787,214.92,0.00,302.16,1,3.31,1
vllm,multi_turn,788,243.92,0.00,294.90,1,3.39,1
vllm,multi_turn,789,202.83,27.37,230.20,2,8.69,1
vllm,multi_turn,790,186.71,0.54,187.25,2,10.68,1
vllm,multi_turn,791,144.58,57.81,202.39,2,9.88,1
vllm,multi_turn,792,160.25,0.00,200.07,1,5.00,1
vllm,multi_turn,793,123.73,0.00,133.39,1,7.50,1
vllm,multi_turn,794,148.41,0.00,153.39,1,6.52,1
vllm,multi_turn,795,170.89,0.00,229.89,1,4.35,1
vllm,multi_turn,796,265.54,66.77,332.31,2,6.02,1
vllm,multi_turn,797,200.86,67.27,268.14,2,7.46,1
vllm,multi_turn,798,261.19,0.00,295.55,1,3.38,1
vllm,multi_turn,799,247.14,65.10,312.23,2,6.41,1
vllm,multi_turn,800,201.44,114.22,315.66,2,6.34,1
vllm,multi_turn,801,191.42,40.72,232.13,2,8.62,1
vllm,multi_turn,802,151.64,84.88,236.53,2,8.46,1
vllm,multi_turn,803,162.74,199.87,362.61,2,5.52,1
vllm,multi_turn,804,202.47,0.00,272.92,1,3.66,1
vllm,multi_turn,805,250.14,0.00,361.08,1,2.77,1
vllm,multi_turn,806,108.64,0.00,157.29,1,6.36,1
vllm,multi_turn,807,89.25,19.57,108.82,2,18.38,1
vllm,multi_turn,808,250.53,0.00,332.60,1,3.01,1
vllm,multi_turn,809,149.17,158.12,307.29,2,6.51,1
vllm,multi_turn,810,192.79,0.00,327.22,1,3.06,1
vllm,multi_turn,811,163.15,0.00,283.49,1,3.53,1
vllm,multi_turn,812,114.34,38.72,153.06,2,13.07,1
vllm,multi_turn,813,121.97,0.00,122.23,1,8.18,1
vllm,multi_turn,814,146.82,0.00,206.79,1,4.84,1
vllm,multi_turn,815,107.27,0.00,155.73,1,6.42,1
vllm,multi_turn,816,202.70,94.29,296.99,2,6.73,1
vllm,multi_turn,817,155.91,0.00,188.37,1,5.31,1
vllm,multi_turn,818,127.07,0.00,133.66,1,7.48,1
vllm,multi_turn,819,177.14,0.00,249.30,1,4.01,1
vllm,multi_turn,820,200.71,0.00,229.05,1,4.37,1
vllm,multi_turn,821,305.32,0.00,330.30,1,3.03,1
vllm,multi_turn,822,180.26,66.78,247.04,2,8.10,1
vllm,multi_turn,823,126.80,0.00,176.12,1,5.68,1
vllm,multi_turn,824,170.29,104.29,274.58,2,7.28,1
vllm,multi_turn,825,191.29,0.00,277.77,1,3.60,1
vllm,multi_turn,826,134.18,69.63,203.81,2,9.81,1
vllm,multi_turn,827,228.46,80.83,390.12,3,7.69,0
vllm,multi_turn,828,161.16,149.13,310.29,2,6.45,1
vllm,multi_turn,829,191.25,0.00,224.58,1,4.45,1
vllm,multi_turn,830,185.52,0.00,283.45,1,3.53,1
vllm,multi_turn,831,120.73,0.00,132.51,1,7.55,1
vllm,multi_turn,832,177.45,0.00,234.16,1,4.27,1
vllm,multi_turn,833,125.83,64.10,189.92,2,10.53,0
vllm,multi_turn,834,261.46,0.00,337.61,1,2.96,1
vllm,multi_turn,835,193.14,0.00,210.49,1,4.75,1
vllm,multi_turn,836,114.67,0.00,145.11,1,6.89,1
vllm,multi_turn,837,234.96,0.00,278.37,1,3.59,1
vllm,multi_turn,838,176.74,0.00,230.10,1,4.35,1
vllm,multi_turn,839,164.68,0.00,176.88,1,5.65,1
vllm,multi_turn,840,195.87,0.00,219.79,1,4.55,1
vllm,multi_turn,841,148.64,10.03,158.67,2,12.60,1
vllm,multi_turn,842,198.07,114.96,313.04,2,6.39,1
vllm,multi_turn,843,192.55,91.07,283.63,2,7.05,1
vllm,multi_turn,844,141.88,0.00,164.32,1,6.09,1
vllm,multi_turn,845,97.32,0.00,102.66,1,9.74,1
vllm,multi_turn,846,168.47,93.76,262.23,2,7.63,1
vllm,multi_turn,847,123.88,0.00,137.46,1,7.27,1
vllm,multi_turn,848,184.74,10.30,195.04,2,10.25,1
vllm,multi_turn,849,195.24,0.00,271.23,1,3.69,1
vllm,multi_turn,850,132.15,123.08,255.23,2,7.84,1
vllm,multi_turn,851,142.90,24.76,167.66,2,11.93,1
vllm,multi_turn,852,206.19,5.29,211.48,2,9.46,1
vllm,multi_turn,853,162.90,96.87,259.77,2,7.70,1
vllm,multi_turn,854,179.66,76.09,255.74,2,7.82,1
vllm,multi_turn,855,144.46,0.00,166.56,1,6.00,1
vllm,multi_turn,856,145.86,71.85,217.71,2,9.19,1
vllm,multi_turn,857,183.46,0.00,218.38,1,4.58,1
vllm,multi_turn,858,63.85,55.39,119.24,2,16.77,1
vllm,multi_turn,859,165.96,0.00,351.36,1,2.85,1
vllm,multi_turn,860,214.19,71.84,286.03,2,6.99,1
vllm,multi_turn,861,215.52,0.00,270.79,1,3.69,1
vllm,multi_turn,862,197.65,0.00,215.49,1,4.64,1
vllm,multi_turn,863,155.81,29.41,185.22,2,10.80,1
vllm,multi_turn,864,222.19,0.00,244.85,1,4.08,1
vllm,multi_turn,865,249.85,0.00,292.08,1,3.42,1
vllm,multi_turn,866,222.42,176.61,399.03,2,5.01,1
vllm,multi_turn,867,217.23,51.49,268.72,2,7.44,1
vllm,multi_turn,868,139.43,33.88,173.31,2,11.54,1
vllm,multi_turn,869,121.52,24.37,145.89,2,13.71,1
vllm,multi_turn,870,175.87,0.00,194.16,1,5.15,1
vllm,multi_turn,871,149.20,32.40,181.60,2,11.01,1
vllm,multi_turn,872,216.20,0.00,316.69,1,3.16,1
vllm,multi_turn,873,258.20,0.00,273.37,1,3.66,1
vllm,multi_turn,874,181.65,83.68,265.33,2,7.54,1
vllm,multi_turn,875,154.84,160.55,315.39,2,6.34,1
vllm,multi_turn,876,238.71,61.40,300.11,2,6.66,1
vllm,multi_turn,877,218.45,0.00,311.30,1,3.21,1
vllm,multi_turn,878,96.42,79.96,176.38,2,11.34,1
vllm,multi_turn,879,163.07,0.00,196.63,1,5.09,1
vllm,multi_turn,880,225.46,0.00,271.31,1,3.69,1
vllm,multi_turn,881,197.97,0.00,244.00,1,4.10,1
vllm,multi_turn,882,302.00,134.65,436.65,2,4.58,1
vllm,multi_turn,883,164.11,0.00,215.57,1,4.64,1
vllm,multi_turn,884,183.42,0.00,200.97,1,4.98,1
vllm,multi_turn,885,145.96,4.61,150.56,2,13.28,1
vllm,multi_turn,886,172.73,0.00,215.76,1,4.63,1
vllm,multi_turn,887,136.53,0.00,171.55,1,5.83,1
vllm,multi_turn,888,146.57,0.00,163.27,1,6.12,1
vllm,multi_turn,889,157.57,33.04,190.61,2,10.49,1
vllm,multi_turn,890,145.65,0.00,205.86,1,4.86,1
vllm,multi_turn,891,372.68,4.96,377.65,2,5.30,1
vllm,multi_turn,892,234.80,0.00,258.86,1,3.86,1
vllm,multi_turn,893,124.15,0.00,134.34,1,7.44,1
vllm,multi_turn,894,99.93,0.00,165.13,1,6.06,1
vllm,multi_turn,895,108.69,45.73,154.42,2,12.95,1
vllm,multi_turn,896,252.71,0.00,279.54,1,3.58,1
vllm,multi_turn,897,191.79,0.00,224.96,1,4.45,1
vllm,multi_turn,898,120.01,0.00,124.70,1,8.02,1
vllm,multi_turn,899,252.72,89.45,342.17,2,5.85,1
vllm,multi_turn,900,218.43,0.00,291.82,1,3.43,1
vllm,multi_turn,901,187.48,0.00,246.44,1,4.06,1
vllm,multi_turn,902,172.23,0.00,269.58,1,3.71,1
vllm,multi_turn,903,120.46,42.59,163.06,2,12.27,1
vllm,multi_turn,904,228.94,67.12,296.06,2,6.76,1
vllm,multi_turn,905,121.38,0.00,138.46,1,7.22,1
vllm,multi_turn,906,189.78,4.63,194.41,2,10.29,1
vllm,multi_turn,907,193.18,119.57,312.75,2,6.39,1
vllm,multi_turn,908,220.67,46.18,266.85,2,7.49,1
vllm,multi_turn,909,264.93,47.87,312.80,2,6.39,1
vllm,multi_turn,910,179.02,44.54,223.56,2,8.95,1
vllm,multi_turn,911,128.77,46.79,175.56,2,11.39,1
vllm,multi_turn,912,107.42,0.00,131.08,1,7.63,1
vllm,multi_turn,913,166.88,0.00,234.00,1,4.27,1
vllm,multi_turn,914,184.24,29.18,213.42,2,9.37,1
vllm,multi_turn,915,116.83,0.00,221.85,1,4.51,1
vllm,multi_turn,916,179.14,0.00,212.93,1,4.70,1
vllm,multi_turn,917,214.17,0.00,252.65,1,3.96,1
vllm,multi_turn,918,144.21,0.00,154.81,1,6.46,1
vllm,multi_turn,919,55.46,0.00,64.82,1,15.43,1
vllm,multi_turn,920,271.71,0.00,322.45,1,3.10,1
vllm,multi_turn,921,315.35,0.00,320.61,1,3.12,1
vllm,multi_turn,922,228.71,106.07,334.78,2,5.97,1
vllm,multi_turn,923,290.96,38.61,329.57,2,6.07,1
vllm,multi_turn,924,154.23,92.67,246.91,2,8.10,1
vllm,multi_turn,925,189.12,0.00,189.36,1,5.28,1
vllm,multi_turn,926,163.14,0.00,184.53,1,5.42,1
vllm,multi_turn,927,75.98,0.00,84.27,1,11.87,1
vllm,multi_turn,928,134.74,0.00,152.76,1,6.55,1
vllm,multi_turn,929,93.35,0.00,190.25,1,5.26,1
vllm,multi_turn,930,198.33,0.00,237.99,1,4.20,1
vllm,multi_turn,931,245.01,0.00,272.55,1,3.67,1
vllm,multi_turn,932,242.99,130.99,373.97,2,5.35,1
vllm,multi_turn,933,149.99,0.00,182.70,1,5.47,1
vllm,multi_turn,934,134.94,79.40,214.33,2,9.33,1
vllm,multi_turn,935,67.91,0.00,79.54,1,12.57,1
vllm,multi_turn,936,165.90,0.00,198.70,1,5.03,1
vllm,multi_turn,937,80.30,0.00,125.04,1,8.00,1
vllm,multi_turn,938,242.85,0.00,357.15,1,2.80,1
vllm,multi_turn,939,254.59,15.45,270.04,2,7.41,1
vllm,multi_turn,940,196.81,119.43,316.23,2,6.32,1
vllm,multi_turn,941,112.74,66.29,179.03,2,11.17,1
vllm,multi_turn,942,149.44,0.00,163.07,1,6.13,1
vllm,multi_turn,943,89.31,0.00,101.29,1,9.87,1
vllm,multi_turn,944,173.20,0.00,238.71,1,4.19,1
vllm,multi_turn,945,202.86,144.23,347.09,2,5.76,1
vllm,multi_turn,946,197.58,0.00,322.03,1,3.11,1
vllm,multi_turn,947,183.17,0.00,213.70,1,4.68,1
vllm,multi_turn,948,95.06,0.00,116.47,1,8.59,1
vllm,multi_turn,949,126.07,0.00,185.89,1,5.38,1
vllm,multi_turn,950,119.96,0.00,140.54,1,7.12,1
vllm,multi_turn,951,76.95,0.00,90.73,1,11.02,1
vllm,multi_turn,952,163.09,0.00,183.01,1,5.46,1
vllm,multi_turn,953,250.23,0.00,302.99,1,3.30,1
vllm,multi_turn,954,368.35,35.84,404.20,2,4.95,1
vllm,multi_turn,955,144.99,0.00,195.43,1,5.12,1
vllm,multi_turn,956,127.10,0.00,132.47,1,7.55,1
vllm,multi_turn,957,134.99,70.81,205.80,2,9.72,1
vllm,multi_turn,958,111.65,0.00,143.31,1,6.98,1
vllm,multi_turn,959,63.84,22.00,85.85,2,23.30,1
vllm,multi_turn,960,193.56,0.00,285.11,1,3.51,1
vllm,multi_turn,961,161.17,0.00,201.92,1,4.95,1
vllm,multi_turn,962,219.95,98.41,318.36,2,6.28,1
vllm,multi_turn,963,266.70,135.70,402.40,2,4.97,1
vllm,multi_turn,964,168.03,0.00,226.42,1,4.42,1
vllm,multi_turn,965,204.66,47.47,252.13,2,7.93,1
vllm,multi_turn,966,130.95,37.30,168.25,2,11.89,1
vllm,multi_turn,967,60.98,20.39,81.36,2,24.58,1
vllm,multi_turn,968,250.70,107.03,357.74,2,5.59,1
vllm,multi_turn,969,240.11,79.18,319.29,2,6.26,1
vllm,multi_turn,970,130.72,77.20,207.93,2,9.62,1
vllm,multi_turn,971,176.33,0.00,176.56,1,5.66,1
vllm,multi_turn,972,147.69,121.02,268.71,2,7.44,1
vllm,multi_turn,973,143.56,71.19,214.75,2,9.31,1
vllm,multi_turn,974,107.83,0.00,122.23,1,8.18,1
vllm,multi_turn,975,83.18,20.31,103.49,2,19.33,1
vllm,multi_turn,976,161.28,82.05,243.33,2,8.22,1
vllm,multi_turn,977,220.96,0.00,291.66,1,3.43,1
vllm,multi_turn,978,277.20,154.10,431.31,2,4.64,1
vllm,multi_turn,979,186.20,59.85,246.05,2,8.13,1
vllm,multi_turn,980,101.77,0.00,115.76,1,8.64,1
vllm,multi_turn,981,82.55,0.00,140.95,1,7.09,1
vllm,multi_turn,982,104.74,0.00,121.08,1,8.26,1
vllm,multi_turn,983,81.30,20.00,101.30,2,19.74,0
vllm,multi_turn,984,218.72,0.00,266.35,1,3.75,1
vllm,multi_turn,985,257.33,0.00,322.90,1,3.10,1
vllm,multi_turn,986,212.27,0.00,282.05,1,3.55,1
vllm,multi_turn,987,211.13,86.15,297.27,2,6.73,1
vllm,multi_turn,988,193.80,101.16,294.96,2,6.78,1
vllm,multi_turn,989,118.22,33.45,151.68,2,13.19,1
vllm,multi_turn,990,62.22,0.00,73.54,1,13.60,1
vllm,multi_turn,991,34.47,21.29,55.75,2,35.87,1
vllm,multi_turn,992,153.45,103.64,257.09,2,7.78,1
vllm,multi_turn,993,218.10,0.00,388.44,1,2.57,1
vllm,multi_turn,994,225.47,0.00,259.64,1,3.85,1
vllm,multi_turn,995,270.36,0.00,340.19,1,2.94,1
vllm,multi_turn,996,164.60,0.00,203.05,1,4.92,1
vllm,multi_turn,997,135.91,26.85,162.76,2,12.29,1
vllm,multi_turn,998,71.05,21.95,93.00,2,21.51,0
vllm,multi_turn,999,23.85,21.03,44.88,2,44.56,1
vllm,tree_of_thought,0,48.81,34.73,83.54,2,23.94,1
vllm,tree_of_thought,1,40.44,0.00,64.29,1,15.56,1
vllm,tree_of_thought,2,58.09,27.73,85.83,2,23.30,1
vllm,tree_of_thought,3,57.80,0.00,67.77,1,14.76,1
vllm,tree_of_thought,4,54.83,0.00,71.70,1,13.95,1
vllm,tree_of_thought,5,46.73,0.00,66.91,1,14.95,1
vllm,tree_of_thought,6,53.87,29.32,83.19,2,24.04,1
vllm,tree_of_thought,7,55.62,30.40,86.02,2,23.25,1
vllm,tree_of_thought,8,50.70,0.00,63.12,1,15.84,1
vllm,tree_of_thought,9,69.95,19.50,89.46,2,22.36,1
vllm,tree_of_thought,10,55.78,33.66,89.44,2,22.36,1
vllm,tree_of_thought,11,56.82,0.00,81.02,1,12.34,1
vllm,tree_of_thought,12,59.73,0.00,74.77,1,13.37,1
vllm,tree_of_thought,13,45.82,0.00,60.82,1,16.44,1
vllm,tree_of_thought,14,62.42,0.00,78.03,1,12.81,1
vllm,tree_of_thought,15,60.21,26.22,86.43,2,23.14,1
vllm,tree_of_thought,16,101.03,0.00,113.98,1,8.77,1
vllm,tree_of_thought,17,98.54,4.70,103.25,2,19.37,1
vllm,tree_of_thought,18,103.16,5.18,108.34,2,18.46,1
vllm,tree_of_thought,19,105.21,0.00,109.97,1,9.09,1
vllm,tree_of_thought,20,105.64,4.15,109.79,2,18.22,0
vllm,tree_of_thought,21,66.77,0.00,83.43,1,11.99,1
vllm,tree_of_thought,22,88.10,0.00,97.18,1,10.29,1
vllm,tree_of_thought,23,100.41,0.00,115.70,1,8.64,1
vllm,tree_of_thought,24,75.62,8.24,83.86,2,23.85,1
vllm,tree_of_thought,25,55.54,0.00,70.55,1,14.18,1
vllm,tree_of_thought,26,73.85,0.00,85.47,1,11.70,1
vllm,tree_of_thought,27,59.71,0.00,74.49,1,13.42,1
vllm,tree_of_thought,28,53.68,0.00,80.01,1,12.50,1
vllm,tree_of_thought,29,60.65,33.55,94.20,2,21.23,1
vllm,tree_of_thought,30,61.44,23.84,85.28,2,23.45,1
vllm,tree_of_thought,31,47.71,23.57,71.27,2,28.06,1
vllm,tree_of_thought,32,44.60,0.00,62.13,1,16.09,1
vllm,tree_of_thought,33,59.09,24.47,83.56,2,23.93,1
vllm,tree_of_thought,34,60.40,0.00,79.99,1,12.50,1
vllm,tree_of_thought,35,51.69,0.00,65.13,1,15.35,1
vllm,tree_of_thought,36,49.37,0.00,60.97,1,16.40,1
vllm,tree_of_thought,37,47.98,30.16,78.14,2,25.60,1
vllm,tree_of_thought,38,59.76,30.79,90.55,2,22.09,1
vllm,tree_of_thought,39,58.50,32.44,90.94,2,21.99,0
vllm,tree_of_thought,40,62.00,0.00,74.65,1,13.40,1
vllm,tree_of_thought,41,64.94,28.42,93.36,2,21.42,1
vllm,tree_of_thought,42,56.59,0.00,77.99,1,12.82,1
vllm,tree_of_thought,43,107.41,0.00,140.11,1,7.14,1
vllm,tree_of_thought,44,109.56,84.25,193.82,2,10.32,1
vllm,tree_of_thought,45,76.23,0.00,163.74,1,6.11,1
vllm,tree_of_thought,46,86.87,86.31,173.18,2,11.55,1
vllm,tree_of_thought,47,64.88,0.00,76.00,1,13.16,1
vllm,tree_of_thought,48,48.49,0.00,65.63,1,15.24,1
vllm,tree_of_thought,49,53.74,0.00,64.47,1,15.51,1
vllm,tree_of_thought,50,56.00,0.00,67.68,1,14.78,1
vllm,tree_of_thought,51,62.10,21.39,83.49,2,23.95,1
vllm,tree_of_thought,52,59.37,0.00,74.94,1,13.34,1
vllm,tree_of_thought,53,56.91,0.00,62.92,1,15.89,1
vllm,tree_of_thought,54,71.76,30.06,101.83,2,19.64,1
vllm,tree_of_thought,55,49.35,0.00,63.94,1,15.64,1
vllm,tree_of_thought,56,64.43,0.00,82.98,1,12.05,1
vllm,tree_of_thought,57,42.30,0.00,56.68,1,17.64,1
vllm,tree_of_thought,58,48.16,0.00,59.43,1,16.83,1
vllm,tree_of_thought,59,41.63,30.16,71.80,2,27.86,1
vllm,tree_of_thought,60,53.98,0.00,70.16,1,14.25,1
vllm,tree_of_thought,61,52.04,27.41,79.45,2,25.17,1
vllm,tree_of_thought,62,53.11,22.93,76.05,2,26.30,1
vllm,tree_of_thought,63,49.09,0.00,64.34,1,15.54,1
vllm,tree_of_thought,64,51.00,0.00,69.71,1,14.35,1
vllm,tree_of_thought,65,62.36,0.00,75.35,1,13.27,1
vllm,tree_of_thought,66,59.70,0.00,72.38,1,13.82,1
vllm,tree_of_thought,67,77.24,22.13,99.37,2,20.13,1
vllm,tree_of_thought,68,72.26,0.00,89.89,1,11.12,1
vllm,tree_of_thought,69,60.51,25.37,85.88,2,23.29,1
vllm,tree_of_thought,70,63.91,30.81,94.72,2,21.12,1
vllm,tree_of_thought,71,57.27,25.94,83.21,2,24.04,1
vllm,tree_of_thought,72,53.23,0.00,72.02,1,13.88,1
vllm,tree_of_thought,73,60.85,0.00,71.73,1,13.94,1
vllm,tree_of_thought,74,57.82,0.00,70.97,1,14.09,1
vllm,tree_of_thought,75,60.00,35.37,95.37,2,20.97,1
vllm,tree_of_thought,76,65.62,0.00,78.52,1,12.74,1
vllm,tree_of_thought,77,61.59,62.59,124.18,2,16.11,1
vllm,tree_of_thought,78,102.69,0.31,103.00,2,19.42,1
vllm,tree_of_thought,79,71.28,0.00,83.15,1,12.03,1
vllm,tree_of_thought,80,65.45,0.00,77.73,1,12.87,1
vllm,tree_of_thought,81,77.43,24.72,102.15,2,19.58,1
vllm,tree_of_thought,82,94.55,21.93,116.47,2,17.17,1
vllm,tree_of_thought,83,49.14,0.00,63.33,1,15.79,1
vllm,tree_of_thought,84,57.57,32.33,89.90,2,22.25,1
vllm,tree_of_thought,85,58.38,0.00,70.32,1,14.22,1
vllm,tree_of_thought,86,63.15,31.12,94.27,2,21.22,1
vllm,tree_of_thought,87,66.91,0.00,81.17,1,12.32,1
vllm,tree_of_thought,88,42.16,34.59,76.75,2,26.06,1
vllm,tree_of_thought,89,55.43,0.00,70.25,1,14.23,1
vllm,tree_of_thought,90,63.57,32.56,96.13,2,20.81,1
vllm,tree_of_thought,91,54.32,0.00,67.52,1,14.81,1
vllm,tree_of_thought,92,80.39,0.00,94.69,1,10.56,1
vllm,tree_of_thought,93,26.65,0.00,39.07,1,25.60,1
vllm,tree_of_thought,94,60.02,0.00,75.62,1,13.22,1
vllm,tree_of_thought,95,61.39,0.00,76.81,1,13.02,1
vllm,tree_of_thought,96,55.68,31.52,87.20,2,22.94,1
vllm,tree_of_thought,97,49.71,0.00,59.95,1,16.68,1
vllm,tree_of_thought,98,59.24,0.00,77.55,1,12.89,1
vllm,tree_of_thought,99,56.09,0.00,72.82,1,13.73,1
vllm,tree_of_thought,100,75.01,0.00,79.55,1,12.57,1
vllm,tree_of_thought,101,64.37,0.00,69.76,1,14.33,1
vllm,tree_of_thought,102,67.17,0.00,78.42,1,12.75,1
vllm,tree_of_thought,103,62.32,26.63,88.95,2,22.49,1
vllm,tree_of_thought,104,65.93,34.09,100.02,2,20.00,1
vllm,tree_of_thought,105,64.57,32.69,97.26,2,20.56,1
vllm,tree_of_thought,106,65.12,21.35,86.47,2,23.13,1
vllm,tree_of_thought,107,64.78,34.42,133.62,3,22.45,1
vllm,tree_of_thought,108,63.03,0.00,115.63,1,8.65,1
vllm,tree_of_thought,109,129.00,0.00,131.28,1,7.62,1
vllm,tree_of_thought,110,73.52,0.00,86.38,1,11.58,1
vllm,tree_of_thought,111,82.17,0.00,98.89,1,10.11,1
vllm,tree_of_thought,112,99.05,0.00,112.49,1,8.89,1
vllm,tree_of_thought,113,61.77,19.34,100.45,3,29.87,0
vllm,tree_of_thought,114,56.49,26.22,82.71,2,24.18,1
vllm,tree_of_thought,115,61.24,0.00,81.21,1,12.31,1
vllm,tree_of_thought,116,65.46,0.00,84.03,1,11.90,1
vllm,tree_of_thought,117,60.42,34.67,95.10,2,21.03,1
vllm,tree_of_thought,118,61.67,0.00,74.06,1,13.50,1
vllm,tree_of_thought,119,52.49,35.64,88.14,2,22.69,1
vllm,tree_of_thought,120,52.43,0.00,71.57,1,13.97,1
vllm,tree_of_thought,121,57.31,0.00,75.57,1,13.23,1
vllm,tree_of_thought,122,57.74,28.71,86.45,2,23.13,1
vllm,tree_of_thought,123,49.87,0.00,65.30,1,15.31,1
vllm,tree_of_thought,124,51.19,27.53,78.72,2,25.41,1
vllm,tree_of_thought,125,58.68,0.00,72.39,1,13.81,1
vllm,tree_of_thought,126,47.51,29.39,76.91,2,26.01,1
vllm,tree_of_thought,127,60.27,0.00,78.44,1,12.75,1
vllm,tree_of_thought,128,48.25,0.00,58.73,1,17.03,1
vllm,tree_of_thought,129,48.23,36.30,84.53,2,23.66,1
vllm,tree_of_thought,130,56.49,0.00,71.14,1,14.06,1
vllm,tree_of_thought,131,65.27,22.83,88.10,2,22.70,1
vllm,tree_of_thought,132,56.22,0.00,68.59,1,14.58,1
vllm,tree_of_thought,133,52.31,36.07,88.38,2,22.63,1
vllm,tree_of_thought,134,63.67,0.00,76.62,1,13.05,1
vllm,tree_of_thought,135,63.62,17.89,81.51,2,24.54,1
vllm,tree_of_thought,136,171.48,0.00,181.88,1,5.50,1
vllm,tree_of_thought,137,157.92,9.33,167.25,2,11.96,1
vllm,tree_of_thought,138,73.63,0.00,158.53,1,6.31,1
vllm,tree_of_thought,139,145.52,18.82,164.35,2,12.17,1
vllm,tree_of_thought,140,70.22,0.00,80.29,1,12.46,1
vllm,tree_of_thought,141,48.09,0.00,66.68,1,15.00,1
vllm,tree_of_thought,142,61.64,0.00,69.68,1,14.35,1
vllm,tree_of_thought,143,58.04,0.00,71.19,1,14.05,1
vllm,tree_of_thought,144,56.12,22.70,78.82,2,25.37,1
vllm,tree_of_thought,145,65.75,0.00,82.29,1,12.15,1
vllm,tree_of_thought,146,59.41,0.00,71.99,1,13.89,1
vllm,tree_of_thought,147,61.49,0.00,67.01,1,14.92,1
vllm,tree_of_thought,148,56.26,27.55,83.81,2,23.86,1
vllm,tree_of_thought,149,78.02,0.00,90.12,1,11.10,1
vllm,tree_of_thought,150,59.20,0.00,85.95,1,11.64,1
vllm,tree_of_thought,151,69.76,21.83,91.59,2,21.84,1
vllm,tree_of_thought,152,54.75,0.00,75.17,1,13.30,1
vllm,tree_of_thought,153,61.08,0.00,72.86,1,13.73,1
vllm,tree_of_thought,154,68.71,0.00,80.91,1,12.36,1
vllm,tree_of_thought,155,56.21,0.00,73.90,1,13.53,1
vllm,tree_of_thought,156,49.51,27.10,76.61,2,26.11,1
vllm,tree_of_thought,157,60.11,0.00,82.04,1,12.19,1
vllm,tree_of_thought,158,61.07,0.00,78.16,1,12.79,1
vllm,tree_of_thought,159,51.31,0.00,65.29,1,15.32,1
vllm,tree_of_thought,160,60.26,30.21,90.48,2,22.10,1
vllm,tree_of_thought,161,53.07,29.43,82.50,2,24.24,1
vllm,tree_of_thought,162,52.14,25.01,77.15,2,25.92,1
vllm,tree_of_thought,163,50.59,24.86,75.45,2,26.51,1
vllm,tree_of_thought,164,51.69,21.97,73.66,2,27.15,1
vllm,tree_of_thought,165,76.25,0.00,85.23,1,11.73,1
vllm,tree_of_thought,166,75.24,35.09,145.42,3,20.63,1
vllm,tree_of_thought,167,89.54,0.00,94.46,1,10.59,1
vllm,tree_of_thought,168,94.21,9.79,104.00,2,19.23,1
vllm,tree_of_thought,169,97.02,9.47,106.49,2,18.78,1
vllm,tree_of_thought,170,104.37,1.64,106.01,2,18.87,1
vllm,tree_of_thought,171,104.38,0.00,110.03,1,9.09,1
vllm,tree_of_thought,172,56.43,0.00,72.45,1,13.80,1
vllm,tree_of_thought,173,53.65,0.00,64.18,1,15.58,1
vllm,tree_of_thought,174,65.39,28.53,93.93,2,21.29,1
vllm,tree_of_thought,175,65.14,0.00,73.24,1,13.65,1
vllm,tree_of_thought,176,57.27,0.00,73.89,1,13.53,1
vllm,tree_of_thought,177,55.70,27.47,83.16,2,24.05,1
vllm,tree_of_thought,178,57.98,31.64,89.61,2,22.32,1
vllm,tree_of_thought,179,57.19,0.00,74.05,1,13.50,1
vllm,tree_of_thought,180,58.29,0.00,70.54,1,14.18,1
vllm,tree_of_thought,181,61.49,21.59,83.09,2,24.07,1
vllm,tree_of_thought,182,58.21,0.00,79.17,1,12.63,1
vllm,tree_of_thought,183,63.76,25.66,89.41,2,22.37,1
vllm,tree_of_thought,184,57.30,28.44,85.74,2,23.33,1
vllm,tree_of_thought,185,47.29,0.00,64.10,1,15.60,1
vllm,tree_of_thought,186,49.50,25.94,75.44,2,26.51,1
vllm,tree_of_thought,187,54.15,24.78,78.93,2,25.34,1
vllm,tree_of_thought,188,56.60,0.00,70.23,1,14.24,1
vllm,tree_of_thought,189,49.33,31.61,80.94,2,24.71,1
vllm,tree_of_thought,190,56.92,0.00,73.48,1,13.61,1
vllm,tree_of_thought,191,55.00,29.66,84.66,2,23.62,1
vllm,tree_of_thought,192,51.93,30.16,82.09,2,24.36,1
vllm,tree_of_thought,193,77.47,0.00,90.19,1,11.09,1
vllm,tree_of_thought,194,54.86,0.00,72.43,1,13.81,1
vllm,tree_of_thought,195,58.26,0.00,71.58,1,13.97,1
vllm,tree_of_thought,196,61.43,30.68,92.10,2,21.71,1
vllm,tree_of_thought,197,63.97,24.53,88.50,2,22.60,1
vllm,tree_of_thought,198,56.33,33.20,89.53,2,22.34,1
vllm,tree_of_thought,199,76.30,0.00,81.84,1,12.22,1
vllm,tree_of_thought,200,63.18,60.19,123.37,2,16.21,1
vllm,tree_of_thought,201,60.41,0.00,107.22,1,9.33,1
vllm,tree_of_thought,202,129.47,2.80,132.27,2,15.12,1
vllm,tree_of_thought,203,88.80,0.00,99.69,1,10.03,1
vllm,tree_of_thought,204,75.91,0.00,88.97,1,11.24,1
vllm,tree_of_thought,205,106.78,0.00,119.92,1,8.34,1
vllm,tree_of_thought,206,63.19,20.41,83.60,2,23.92,1
vllm,tree_of_thought,207,53.82,29.34,83.16,2,24.05,1
vllm,tree_of_thought,208,60.03,0.00,71.93,1,13.90,1
vllm,tree_of_thought,209,47.73,35.80,83.53,2,23.94,1
vllm,tree_of_thought,210,61.94,26.09,88.04,2,22.72,1
vllm,tree_of_thought,211,71.01,20.81,112.63,3,26.64,1
vllm,tree_of_thought,212,56.45,32.46,88.92,2,22.49,1
vllm,tree_of_thought,213,61.72,29.25,90.97,2,21.99,1
vllm,tree_of_thought,214,57.77,0.00,71.02,1,14.08,1
vllm,tree_of_thought,215,54.57,0.00,67.12,1,14.90,1
vllm,tree_of_thought,216,73.08,29.55,102.63,2,19.49,1
vllm,tree_of_thought,217,47.50,0.00,66.17,1,15.11,1
vllm,tree_of_thought,218,53.72,34.26,87.98,2,22.73,1
vllm,tree_of_thought,219,56.59,26.72,83.30,2,24.01,1
vllm,tree_of_thought,220,53.37,28.98,82.35,2,24.29,1
vllm,tree_of_thought,221,46.38,0.00,60.60,1,16.50,1
vllm,tree_of_thought,222,50.85,0.00,61.48,1,16.26,1
vllm,tree_of_thought,223,59.80,26.93,86.73,2,23.06,1
vllm,tree_of_thought,224,54.22,0.00,73.60,1,13.59,1
vllm,tree_of_thought,225,51.22,34.61,85.83,2,23.30,1
vllm,tree_of_thought,226,50.64,0.00,73.89,1,13.53,1
vllm,tree_of_thought,227,60.78,0.00,72.35,1,13.82,1
vllm,tree_of_thought,228,70.18,0.00,88.79,1,11.26,1
vllm,tree_of_thought,229,58.53,0.00,79.20,1,12.63,1
vllm,tree_of_thought,230,64.51,0.00,76.71,1,13.04,1
vllm,tree_of_thought,231,58.29,28.15,86.44,2,23.14,0
vllm,tree_of_thought,232,69.89,0.00,85.50,1,11.70,1
vllm,tree_of_thought,233,192.81,0.00,196.08,1,5.10,1
vllm,tree_of_thought,234,69.36,49.47,118.83,2,16.83,1
vllm,tree_of_thought,235,75.24,0.00,89.90,1,11.12,1
vllm,tree_of_thought,236,63.22,0.00,77.84,1,12.85,1
vllm,tree_of_thought,237,95.30,17.04,112.34,2,17.80,1
vllm,tree_of_thought,238,64.16,0.00,82.47,1,12.13,1
vllm,tree_of_thought,239,51.73,0.00,67.90,1,14.73,1
vllm,tree_of_thought,240,65.13,27.82,92.95,2,21.52,1
vllm,tree_of_thought,241,60.88,0.00,74.58,1,13.41,1
vllm,tree_of_thought,242,91.76,0.00,106.65,1,9.38,1
vllm,tree_of_thought,243,58.82,0.00,75.14,1,13.31,1
vllm,tree_of_thought,244,57.57,35.00,92.58,2,21.60,1
vllm,tree_of_thought,245,52.79,29.31,82.10,2,24.36,1
vllm,tree_of_thought,246,47.99,37.46,85.44,2,23.41,1
vllm,tree_of_thought,247,62.23,0.00,79.92,1,12.51,1
vllm,tree_of_thought,248,47.00,0.00,63.30,1,15.80,1
vllm,tree_of_thought,249,53.71,0.00,74.13,1,13.49,1
vllm,tree_of_thought,250,54.40,0.00,67.59,1,14.80,1
vllm,tree_of_thought,251,53.21,0.00,64.41,1,15.53,1
vllm,tree_of_thought,252,44.33,30.63,74.96,2,26.68,1
vllm,tree_of_thought,253,48.95,0.00,68.79,1,14.54,1
vllm,tree_of_thought,254,66.58,0.00,75.59,1,13.23,1
vllm,tree_of_thought,255,61.41,31.22,92.63,2,21.59,1
vllm,tree_of_thought,256,56.26,0.00,71.78,1,13.93,1
vllm,tree_of_thought,257,57.10,0.00,80.45,1,12.43,1
vllm,tree_of_thought,258,63.75,20.40,84.16,2,23.77,1
vllm,tree_of_thought,259,61.30,26.33,87.63,2,22.82,1
vllm,tree_of_thought,260,63.15,0.00,78.00,1,12.82,1
vllm,tree_of_thought,261,48.52,0.00,70.06,1,14.27,1
vllm,tree_of_thought,262,62.42,0.00,74.29,1,13.46,1
vllm,tree_of_thought,263,47.54,23.63,71.17,2,28.10,1
vllm,tree_of_thought,264,103.97,0.00,213.79,1,4.68,1
vllm,tree_of_thought,265,65.29,0.00,76.26,1,13.11,1
vllm,tree_of_thought,266,80.98,43.35,124.33,2,16.09,1
vllm,tree_of_thought,267,89.60,0.00,101.56,1,9.85,1
vllm,tree_of_thought,268,81.58,17.86,99.44,2,20.11,1
vllm,tree_of_thought,269,59.13,25.71,84.84,2,23.57,1
vllm,tree_of_thought,270,57.81,0.00,74.09,1,13.50,1
vllm,tree_of_thought,271,52.27,26.02,78.30,2,25.54,1
vllm,tree_of_thought,272,57.67,25.78,83.45,2,23.97,1
vllm,tree_of_thought,273,82.60,0.00,98.79,1,10.12,1
vllm,tree_of_thought,274,57.14,27.36,84.50,2,23.67,0
vllm,tree_of_thought,275,48.29,30.21,78.50,2,25.48,1
vllm,tree_of_thought,276,57.43,23.85,81.29,2,24.60,1
vllm,tree_of_thought,277,49.04,15.91,176.33,9,51.04,0
vllm,tree_of_thought,278,50.74,20.37,71.11,2,28.12,1
vllm,tree_of_thought,279,43.73,0.00,57.96,1,17.25,1
vllm,tree_of_thought,280,48.32,28.03,76.36,2,26.19,1
vllm,tree_of_thought,281,51.34,33.20,84.54,2,23.66,1
vllm,tree_of_thought,282,62.14,27.75,89.89,2,22.25,1
vllm,tree_of_thought,283,48.56,0.00,67.37,1,14.84,1
vllm,tree_of_thought,284,58.87,0.00,74.03,1,13.51,1
vllm,tree_of_thought,285,61.87,33.65,95.52,2,20.94,1
vllm,tree_of_thought,286,59.66,29.00,88.66,2,22.56,1
vllm,tree_of_thought,287,58.17,0.00,77.10,1,12.97,1
vllm,tree_of_thought,288,64.18,27.89,92.08,2,21.72,0
vllm,tree_of_thought,289,55.16,29.32,84.48,2,23.68,1
vllm,tree_of_thought,290,59.36,31.39,90.75,2,22.04,1
vllm,tree_of_thought,291,155.18,0.00,155.47,1,6.43,1
vllm,tree_of_thought,292,101.31,0.00,173.58,1,5.76,1
vllm,tree_of_thought,293,133.13,0.00,210.43,1,4.75,1
vllm,tree_of_thought,294,154.22,4.53,158.75,2,12.60,1
vllm,tree_of_thought,295,69.15,46.11,115.25,2,17.35,1
vllm,tree_of_thought,296,64.03,0.00,73.65,1,13.58,1
vllm,tree_of_thought,297,53.39,0.00,72.30,1,13.83,1
vllm,tree_of_thought,298,59.28,0.00,82.29,1,12.15,1
vllm,tree_of_thought,299,56.47,0.00,75.80,1,13.19,1
vllm,tree_of_thought,300,64.51,0.00,70.33,1,14.22,1
vllm,tree_of_thought,301,59.91,0.00,76.56,1,13.06,1
vllm,tree_of_thought,302,71.09,30.48,101.57,2,19.69,1
vllm,tree_of_thought,303,71.30,23.14,94.44,2,21.18,1
vllm,tree_of_thought,304,56.75,26.34,83.09,2,24.07,1
vllm,tree_of_thought,305,51.00,0.00,70.06,1,14.27,1
vllm,tree_of_thought,306,52.12,0.00,65.03,1,15.38,1
vllm,tree_of_thought,307,61.41,23.98,85.38,2,23.42,1
vllm,tree_of_thought,308,59.06,0.00,67.13,1,14.90,1
vllm,tree_of_thought,309,54.00,0.00,68.72,1,14.55,1
vllm,tree_of_thought,310,29.27,0.00,39.01,1,25.63,1
vllm,tree_of_thought,311,41.93,34.86,76.78,2,26.05,1
vllm,tree_of_thought,312,41.93,0.00,65.16,1,15.35,1
vllm,tree_of_thought,313,61.96,0.00,75.40,1,13.26,1
vllm,tree_of_thought,314,58.91,0.00,78.07,1,12.81,1
vllm,tree_of_thought,315,47.67,25.44,73.11,2,27.35,1
vllm,tree_of_thought,316,53.28,30.34,83.62,2,23.92,1
vllm,tree_of_thought,317,60.24,34.75,94.99,2,21.06,1
vllm,tree_of_thought,318,62.20,0.00,77.39,1,12.92,1
vllm,tree_of_thought,319,49.65,24.52,74.16,2,26.97,1
vllm,tree_of_thought,320,49.69,28.92,78.61,2,25.44,1
vllm,tree_of_thought,321,45.45,31.58,77.02,2,25.97,1
vllm,tree_of_thought,322,55.92,0.00,69.73,1,14.34,1
vllm,tree_of_thought,323,66.57,19.84,86.40,2,23.15,1
vllm,tree_of_thought,324,78.39,0.00,101.20,1,9.88,1
vllm,tree_of_thought,325,62.74,29.56,92.30,2,21.67,1
vllm,tree_of_thought,326,97.33,77.93,175.26,2,11.41,1
vllm,tree_of_thought,327,76.87,0.00,84.99,1,11.77,1
vllm,tree_of_thought,328,75.63,29.09,133.82,3,22.42,1
vllm,tree_of_thought,329,94.34,25.32,119.66,2,16.71,1
vllm,tree_of_thought,330,82.37,26.63,109.00,2,18.35,1
vllm,tree_of_thought,331,51.40,0.00,71.25,1,14.04,1
vllm,tree_of_thought,332,50.31,0.00,65.04,1,15.38,1
vllm,tree_of_thought,333,49.49,0.00,63.35,1,15.79,1
vllm,tree_of_thought,334,57.85,25.71,83.56,2,23.93,1
vllm,tree_of_thought,335,82.10,26.63,108.73,2,18.39,1
vllm,tree_of_thought,336,65.08,24.28,89.36,2,22.38,1
vllm,tree_of_thought,337,63.44,28.04,91.47,2,21.86,1
vllm,tree_of_thought,338,64.49,0.00,73.24,1,13.65,1
vllm,tree_of_thought,339,52.13,17.25,86.62,3,34.63,1
vllm,tree_of_thought,340,40.94,0.00,58.57,1,17.07,1
vllm,tree_of_thought,341,45.03,25.18,70.21,2,28.49,1
vllm,tree_of_thought,342,50.67,27.70,78.36,2,25.52,1
vllm,tree_of_thought,343,49.63,28.25,77.88,2,25.68,1
vllm,tree_of_thought,344,59.81,28.63,88.44,2,22.61,1
vllm,tree_of_thought,345,50.38,0.00,62.29,1,16.05,1
vllm,tree_of_thought,346,64.96,0.00,77.39,1,12.92,1
vllm,tree_of_thought,347,56.96,0.00,75.41,1,13.26,1
vllm,tree_of_thought,348,66.50,0.00,77.40,1,12.92,1
vllm,tree_of_thought,349,67.86,33.00,100.86,2,19.83,1
vllm,tree_of_thought,350,59.47,25.77,85.24,2,23.46,1
vllm,tree_of_thought,351,58.99,0.00,74.29,1,13.46,1
vllm,tree_of_thought,352,59.41,31.70,91.11,2,21.95,1
vllm,tree_of_thought,353,67.60,0.00,81.69,1,12.24,1
vllm,tree_of_thought,354,56.06,0.00,71.26,1,14.03,1
vllm,tree_of_thought,355,46.32,62.70,109.02,2,18.34,1
vllm,tree_of_thought,356,115.33,0.00,204.41,1,4.89,1
vllm,tree_of_thought,357,59.34,43.44,102.78,2,19.46,1
vllm,tree_of_thought,358,47.38,0.00,59.99,1,16.67,1
vllm,tree_of_thought,359,63.32,26.38,89.70,2,22.30,1
vllm,tree_of_thought,360,52.44,35.73,88.17,2,22.68,0
vllm,tree_of_thought,361,63.59,0.00,74.35,1,13.45,1
vllm,tree_of_thought,362,58.65,30.97,89.62,2,22.32,1
vllm,tree_of_thought,363,77.82,0.00,86.41,1,11.57,1
vllm,tree_of_thought,364,65.78,19.98,85.76,2,23.32,1
vllm,tree_of_thought,365,64.87,29.94,94.81,2,21.10,0
vllm,tree_of_thought,366,56.32,0.00,69.87,1,14.31,1
vllm,tree_of_thought,367,51.05,29.53,80.57,2,24.82,1
vllm,tree_of_thought,368,57.43,0.00,73.51,1,13.60,1
vllm,tree_of_thought,369,57.75,0.00,73.13,1,13.67,1
vllm,tree_of_thought,370,47.47,0.00,63.64,1,15.71,1
vllm,tree_of_thought,371,58.67,33.78,92.45,2,21.63,1
vllm,tree_of_thought,372,53.30,0.00,69.95,1,14.30,1
vllm,tree_of_thought,373,58.60,0.00,75.28,1,13.28,1
vllm,tree_of_thought,374,57.21,0.00,69.38,1,14.41,1
vllm,tree_of_thought,375,53.45,31.16,84.61,2,23.64,1
vllm,tree_of_thought,376,73.53,23.85,97.39,2,20.54,1
vllm,tree_of_thought,377,50.98,0.00,64.85,1,15.42,1
vllm,tree_of_thought,378,64.45,29.16,93.60,2,21.37,1
vllm,tree_of_thought,379,66.24,0.00,78.93,1,12.67,1
vllm,tree_of_thought,380,49.44,0.00,60.58,1,16.51,1
vllm,tree_of_thought,381,60.51,0.00,73.44,1,13.62,1
vllm,tree_of_thought,382,55.49,0.00,71.19,1,14.05,1
vllm,tree_of_thought,383,71.28,32.09,103.37,2,19.35,1
vllm,tree_of_thought,384,61.53,0.00,112.69,1,8.87,1
vllm,tree_of_thought,385,106.40,101.15,207.55,2,9.64,1
vllm,tree_of_thought,386,178.87,0.00,183.43,1,5.45,1
vllm,tree_of_thought,387,82.45,0.00,175.68,1,5.69,1
vllm,tree_of_thought,388,73.46,47.12,120.58,2,16.59,1
vllm,tree_of_thought,389,62.02,24.47,86.49,2,23.12,1
vllm,tree_of_thought,390,50.79,0.00,68.94,1,14.51,1
vllm,tree_of_thought,391,51.74,0.00,67.22,1,14.88,1
vllm,tree_of_thought,392,60.63,26.05,86.67,2,23.08,1
vllm,tree_of_thought,393,56.77,0.00,68.79,1,14.54,1
vllm,tree_of_thought,394,60.21,21.40,81.61,2,24.51,1
vllm,tree_of_thought,395,89.40,0.00,101.69,1,9.83,1
vllm,tree_of_thought,396,78.50,24.26,102.76,2,19.46,1
vllm,tree_of_thought,397,62.34,32.31,94.65,2,21.13,1
vllm,tree_of_thought,398,55.77,0.00,66.33,1,15.08,1
vllm,tree_of_thought,399,51.86,0.00,64.60,1,15.48,1
vllm,tree_of_thought,400,62.75,0.00,83.54,1,11.97,1
vllm,tree_of_thought,401,73.88,26.77,100.65,2,19.87,1
vllm,tree_of_thought,402,47.91,0.00,71.68,1,13.95,1
vllm,tree_of_thought,403,50.99,0.00,69.58,1,14.37,1
vllm,tree_of_thought,404,61.53,0.00,73.30,1,13.64,1
vllm,tree_of_thought,405,63.55,0.00,78.33,1,12.77,1
vllm,tree_of_thought,406,55.00,0.00,72.99,1,13.70,1
vllm,tree_of_thought,407,58.38,0.00,70.19,1,14.25,1
vllm,tree_of_thought,408,55.86,29.10,84.95,2,23.54,1
vllm,tree_of_thought,409,67.11,0.00,86.01,1,11.63,1
vllm,tree_of_thought,410,62.68,0.00,73.48,1,13.61,1
vllm,tree_of_thought,411,61.87,0.00,77.81,1,12.85,1
vllm,tree_of_thought,412,59.94,32.58,92.52,2,21.62,1
vllm,tree_of_thought,413,58.54,28.20,86.74,2,23.06,1
vllm,tree_of_thought,414,61.20,0.00,77.91,1,12.83,1
vllm,tree_of_thought,415,55.70,28.90,84.61,2,23.64,1
vllm,tree_of_thought,416,67.90,29.50,97.39,2,20.54,1
vllm,tree_of_thought,417,67.79,35.28,138.35,3,21.68,0
vllm,tree_of_thought,418,116.12,129.80,245.92,2,8.13,1
vllm,tree_of_thought,419,64.55,54.67,119.22,2,16.78,1
vllm,tree_of_thought,420,53.58,26.43,80.01,2,25.00,1
vllm,tree_of_thought,421,68.70,0.00,85.18,1,11.74,1
vllm,tree_of_thought,422,68.17,24.89,93.06,2,21.49,1
vllm,tree_of_thought,423,64.55,25.93,90.48,2,22.10,1
vllm,tree_of_thought,424,57.28,0.00,69.49,1,14.39,1
vllm,tree_of_thought,425,62.43,0.00,73.23,1,13.65,1
vllm,tree_of_thought,426,84.45,0.00,99.25,1,10.08,1
vllm,tree_of_thought,427,75.68,19.81,95.50,2,20.94,1
vllm,tree_of_thought,428,47.65,0.00,68.21,1,14.66,1
vllm,tree_of_thought,429,56.91,24.92,81.84,2,24.44,1
vllm,tree_of_thought,430,48.45,0.00,62.25,1,16.06,1
vllm,tree_of_thought,431,55.09,22.49,77.58,2,25.78,1
vllm,tree_of_thought,432,69.66,0.00,90.00,1,11.11,1
vllm,tree_of_thought,433,50.29,32.82,83.11,2,24.06,1
vllm,tree_of_thought,434,60.84,0.00,71.92,1,13.90,1
vllm,tree_of_thought,435,50.26,0.00,63.33,1,15.79,1
vllm,tree_of_thought,436,59.96,0.00,72.77,1,13.74,1
vllm,tree_of_thought,437,45.09,22.17,89.44,3,33.54,0
vllm,tree_of_thought,438,55.32,0.00,68.59,1,14.58,1
vllm,tree_of_thought,439,84.14,0.00,101.07,1,9.89,1
vllm,tree_of_thought,440,73.90,24.41,98.31,2,20.34,1
vllm,tree_of_thought,441,56.39,17.06,90.50,3,33.15,0
vllm,tree_of_thought,442,57.74,25.40,83.14,2,24.06,1
vllm,tree_of_thought,443,66.95,0.00,74.71,1,13.38,1
vllm,tree_of_thought,444,62.61,31.66,94.27,2,21.22,1
vllm,tree_of_thought,445,51.17,30.55,81.72,2,24.47,1
vllm,tree_of_thought,446,57.52,62.31,119.83,2,16.69,0
vllm,tree_of_thought,447,80.82,78.05,158.87,2,12.59,1
vllm,tree_of_thought,448,90.72,0.00,174.73,1,5.72,1
vllm,tree_of_thought,449,132.67,0.00,215.33,1,4.64,1
vllm,tree_of_thought,450,66.81,47.80,114.60,2,17.45,1
vllm,tree_of_thought,451,52.36,27.07,79.43,2,25.18,1
vllm,tree_of_thought,452,62.46,31.60,94.06,2,21.26,1
vllm,tree_of_thought,453,64.56,0.00,75.48,1,13.25,1
vllm,tree_of_thought,454,69.71,27.55,97.26,2,20.56,1
vllm,tree_of_thought,455,62.21,0.00,76.60,1,13.05,1
vllm,tree_of_thought,456,71.54,0.00,81.98,1,12.20,1
vllm,tree_of_thought,457,66.38,19.96,86.34,2,23.16,1
vllm,tree_of_thought,458,81.08,30.75,111.83,2,17.88,1
vllm,tree_of_thought,459,54.22,0.00,68.28,1,14.65,1
vllm,tree_of_thought,460,52.12,0.00,71.88,1,13.91,1
vllm,tree_of_thought,461,45.32,0.00,60.74,1,16.46,1
vllm,tree_of_thought,462,66.75,0.00,86.53,1,11.56,1
vllm,tree_of_thought,463,76.11,0.00,89.24,1,11.21,1
vllm,tree_of_thought,464,69.13,0.00,83.42,1,11.99,1
vllm,tree_of_thought,465,56.78,24.50,81.28,2,24.61,1
vllm,tree_of_thought,466,62.53,26.64,89.17,2,22.43,1
vllm,tree_of_thought,467,50.17,0.00,68.26,1,14.65,1
vllm,tree_of_thought,468,57.11,0.00,71.23,1,14.04,1
vllm,tree_of_thought,469,71.74,0.00,84.16,1,11.88,1
vllm,tree_of_thought,470,48.45,0.00,61.98,1,16.14,1
vllm,tree_of_thought,471,70.17,0.00,87.40,1,11.44,1
vllm,tree_of_thought,472,58.99,0.00,81.77,1,12.23,1
vllm,tree_of_thought,473,63.39,0.00,68.85,1,14.52,1
vllm,tree_of_thought,474,53.94,29.83,83.76,2,23.88,1
vllm,tree_of_thought,475,53.78,0.00,67.48,1,14.82,1
vllm,tree_of_thought,476,60.96,36.26,97.22,2,20.57,1
vllm,tree_of_thought,477,58.94,0.00,72.35,1,13.82,1
vllm,tree_of_thought,478,99.12,0.00,113.30,1,8.83,1
vllm,tree_of_thought,479,88.94,0.00,163.84,1,6.10,1
vllm,tree_of_thought,480,128.63,0.00,212.17,1,4.71,1
vllm,tree_of_thought,481,60.03,47.09,107.12,2,18.67,1
vllm,tree_of_thought,482,54.74,0.00,69.93,1,14.30,1
vllm,tree_of_thought,483,61.07,0.00,77.87,1,12.84,1
vllm,tree_of_thought,484,68.02,23.53,91.55,2,21.85,1
vllm,tree_of_thought,485,73.14,26.60,99.74,2,20.05,1
vllm,tree_of_thought,486,56.89,0.00,77.18,1,12.96,1
vllm,tree_of_thought,487,66.16,22.27,88.43,2,22.62,1
vllm,tree_of_thought,488,57.52,24.54,82.06,2,24.37,1
vllm,tree_of_thought,489,64.46,21.33,85.79,2,23.31,1
vllm,tree_of_thought,490,51.67,21.30,72.96,2,27.41,1
vllm,tree_of_thought,491,57.05,27.00,84.05,2,23.80,1
vllm,tree_of_thought,492,51.62,39.46,91.08,2,21.96,1
vllm,tree_of_thought,493,55.46,23.57,79.03,2,25.31,1
vllm,tree_of_thought,494,70.70,32.01,102.71,2,19.47,1
vllm,tree_of_thought,495,64.61,0.00,81.80,1,12.22,1
vllm,tree_of_thought,496,66.76,21.92,88.69,2,22.55,1
vllm,tree_of_thought,497,51.54,32.62,84.16,2,23.76,1
vllm,tree_of_thought,498,66.33,0.00,83.10,1,12.03,1
vllm,tree_of_thought,499,54.18,26.41,80.60,2,24.81,1
vllm,tree_of_thought,500,48.56,0.00,61.00,1,16.39,1
vllm,tree_of_thought,501,47.03,0.00,61.20,1,16.34,1
vllm,tree_of_thought,502,53.28,0.00,67.97,1,14.71,1
vllm,tree_of_thought,503,52.59,22.69,75.28,2,26.57,1
vllm,tree_of_thought,504,52.06,0.00,71.82,1,13.92,1
vllm,tree_of_thought,505,55.60,27.97,83.57,2,23.93,1
vllm,tree_of_thought,506,70.14,29.35,99.50,2,20.10,1
vllm,tree_of_thought,507,63.01,24.25,87.27,2,22.92,1
vllm,tree_of_thought,508,56.11,0.00,69.09,1,14.47,1
vllm,tree_of_thought,509,62.79,28.60,91.39,2,21.88,1
vllm,tree_of_thought,510,79.06,0.00,99.23,1,10.08,1
vllm,tree_of_thought,511,72.29,0.00,89.34,1,11.19,1
vllm,tree_of_thought,512,57.54,0.00,71.10,1,14.07,1
vllm,tree_of_thought,513,48.40,0.00,62.07,1,16.11,1
vllm,tree_of_thought,514,63.52,32.12,95.64,2,20.91,1
vllm,tree_of_thought,515,47.75,27.13,74.87,2,26.71,1
vllm,tree_of_thought,516,52.14,25.98,78.11,2,25.60,1
vllm,tree_of_thought,517,61.62,0.00,71.37,1,14.01,1
vllm,tree_of_thought,518,62.87,0.00,74.40,1,13.44,1
vllm,tree_of_thought,519,65.26,0.00,74.26,1,13.47,1
vllm,tree_of_thought,520,58.59,0.00,68.28,1,14.65,1
vllm,tree_of_thought,521,51.39,0.00,70.13,1,14.26,1
vllm,tree_of_thought,522,61.71,29.94,91.65,2,21.82,1
vllm,tree_of_thought,523,65.44,0.00,80.13,1,12.48,1
vllm,tree_of_thought,524,57.70,29.43,87.12,2,22.96,1
vllm,tree_of_thought,525,71.13,0.00,87.36,1,11.45,1
vllm,tree_of_thought,526,70.35,0.00,84.70,1,11.81,1
vllm,tree_of_thought,527,57.97,0.00,69.69,1,14.35,1
vllm,tree_of_thought,528,60.87,0.00,74.90,1,13.35,1
vllm,tree_of_thought,529,69.52,0.00,83.38,1,11.99,1
vllm,tree_of_thought,530,59.62,26.96,86.59,2,23.10,1
vllm,tree_of_thought,531,59.58,0.00,70.39,1,14.21,1
vllm,tree_of_thought,532,55.22,37.28,92.50,2,21.62,1
vllm,tree_of_thought,533,66.45,0.00,74.30,1,13.46,1
vllm,tree_of_thought,534,59.25,30.07,89.32,2,22.39,1
vllm,tree_of_thought,535,52.86,0.00,61.65,1,16.22,1
vllm,tree_of_thought,536,63.16,0.00,74.20,1,13.48,1
vllm,tree_of_thought,537,69.63,23.53,93.16,2,21.47,1
vllm,tree_of_thought,538,82.99,32.07,115.06,2,17.38,1
vllm,tree_of_thought,539,57.65,0.00,70.58,1,14.17,1
vllm,tree_of_thought,540,59.43,28.24,87.67,2,22.81,1
vllm,tree_of_thought,541,58.23,0.00,69.14,1,14.46,1
vllm,tree_of_thought,542,53.74,0.00,65.64,1,15.24,1
vllm,tree_of_thought,543,55.11,0.00,70.42,1,14.20,1
vllm,tree_of_thought,544,57.15,0.00,73.45,1,13.61,1
vllm,tree_of_thought,545,55.03,0.00,65.52,1,15.26,1
vllm,tree_of_thought,546,59.31,0.00,71.46,1,13.99,1
vllm,tree_of_thought,547,79.28,0.00,96.79,1,10.33,1
vllm,tree_of_thought,548,58.32,0.00,73.41,1,13.62,1
vllm,tree_of_thought,549,59.85,26.44,86.29,2,23.18,1
vllm,tree_of_thought,550,64.04,0.00,79.19,1,12.63,1
vllm,tree_of_thought,551,65.77,0.00,78.62,1,12.72,1
vllm,tree_of_thought,552,58.49,0.00,87.22,1,11.46,1
vllm,tree_of_thought,553,64.97,0.00,76.49,1,13.07,1
vllm,tree_of_thought,554,64.56,33.73,98.29,2,20.35,1
vllm,tree_of_thought,555,66.76,28.48,95.24,2,21.00,1
vllm,tree_of_thought,556,66.23,24.33,90.56,2,22.08,1
vllm,tree_of_thought,557,58.78,22.54,81.33,2,24.59,1
vllm,tree_of_thought,558,45.73,0.00,59.73,1,16.74,1
vllm,tree_of_thought,559,63.20,26.21,89.41,2,22.37,0
vllm,tree_of_thought,560,66.34,23.54,89.88,2,22.25,0
vllm,tree_of_thought,561,67.26,0.00,78.51,1,12.74,1
vllm,tree_of_thought,562,60.58,0.00,74.13,1,13.49,1
vllm,tree_of_thought,563,56.16,0.00,70.57,1,14.17,1
vllm,tree_of_thought,564,65.18,31.28,96.46,2,20.73,1
vllm,tree_of_thought,565,53.49,0.00,72.08,1,13.87,1
vllm,tree_of_thought,566,54.97,0.00,76.54,1,13.07,1
vllm,tree_of_thought,567,63.48,19.37,82.84,2,24.14,1
vllm,tree_of_thought,568,52.31,27.49,79.79,2,25.06,1
vllm,tree_of_thought,569,58.00,28.62,86.62,2,23.09,1
vllm,tree_of_thought,570,58.14,0.00,75.02,1,13.33,1
vllm,tree_of_thought,571,56.07,0.00,76.94,1,13.00,1
vllm,tree_of_thought,572,45.70,0.00,68.33,1,14.63,1
vllm,tree_of_thought,573,65.35,31.03,96.39,2,20.75,1
vllm,tree_of_thought,574,58.83,0.00,77.03,1,12.98,1
vllm,tree_of_thought,575,60.96,0.00,77.58,1,12.89,1
vllm,tree_of_thought,576,60.19,19.97,100.12,3,29.96,0
vllm,tree_of_thought,577,62.32,0.00,75.73,1,13.20,1
vllm,tree_of_thought,578,61.43,29.84,91.27,2,21.91,1
vllm,tree_of_thought,579,62.62,0.00,80.40,1,12.44,1
vllm,tree_of_thought,580,60.86,27.28,88.13,2,22.69,1
vllm,tree_of_thought,581,61.98,0.00,70.86,1,14.11,1
vllm,tree_of_thought,582,64.09,0.00,74.01,1,13.51,1
vllm,tree_of_thought,583,57.03,0.00,68.97,1,14.50,1
vllm,tree_of_thought,584,59.52,0.00,74.43,1,13.44,1
vllm,tree_of_thought,585,55.71,0.00,73.64,1,13.58,1
vllm,tree_of_thought,586,61.29,0.00,80.29,1,12.46,1
vllm,tree_of_thought,587,59.53,0.00,74.53,1,13.42,1
vllm,tree_of_thought,588,51.67,0.00,61.12,1,16.36,1
vllm,tree_of_thought,589,52.28,0.00,68.03,1,14.70,1
vllm,tree_of_thought,590,56.12,0.00,81.98,1,12.20,1
vllm,tree_of_thought,591,63.84,0.00,69.22,1,14.45,1
vllm,tree_of_thought,592,63.12,0.00,80.40,1,12.44,1
vllm,tree_of_thought,593,54.41,0.00,70.53,1,14.18,1
vllm,tree_of_thought,594,53.59,26.21,79.81,2,25.06,1
vllm,tree_of_thought,595,48.84,24.81,73.66,2,27.15,0
vllm,tree_of_thought,596,63.61,0.00,75.62,1,13.22,1
vllm,tree_of_thought,597,69.74,0.00,92.94,1,10.76,1
vllm,tree_of_thought,598,68.90,0.00,78.62,1,12.72,1
vllm,tree_of_thought,599,60.82,0.00,74.60,1,13.41,1
vllm,tree_of_thought,600,56.86,26.98,83.84,2,23.85,1
vllm,tree_of_thought,601,48.32,0.00,59.45,1,16.82,1
vllm,tree_of_thought,602,60.18,25.15,85.33,2,23.44,1
vllm,tree_of_thought,603,61.03,0.00,75.25,1,13.29,1
vllm,tree_of_thought,604,64.63,21.58,86.21,2,23.20,1
vllm,tree_of_thought,605,50.19,31.51,81.70,2,24.48,1
vllm,tree_of_thought,606,50.71,0.00,60.75,1,16.46,1
vllm,tree_of_thought,607,53.47,0.00,63.69,1,15.70,1
vllm,tree_of_thought,608,47.32,0.00,62.22,1,16.07,1
vllm,tree_of_thought,609,51.70,22.39,74.08,2,27.00,1
vllm,tree_of_thought,610,55.56,0.00,74.49,1,13.42,1
vllm,tree_of_thought,611,57.52,0.00,73.46,1,13.61,1
vllm,tree_of_thought,612,62.02,25.38,87.40,2,22.88,0
vllm,tree_of_thought,613,67.09,0.00,76.89,1,13.00,1
vllm,tree_of_thought,614,67.01,0.00,76.86,1,13.01,1
vllm,tree_of_thought,615,52.03,0.00,70.09,1,14.27,1
vllm,tree_of_thought,616,59.76,0.00,61.91,1,16.15,1
vllm,tree_of_thought,617,64.13,21.04,85.18,2,23.48,1
vllm,tree_of_thought,618,59.22,0.00,73.93,1,13.53,1
vllm,tree_of_thought,619,56.38,27.86,84.24,2,23.74,1
vllm,tree_of_thought,620,50.57,34.65,85.22,2,23.47,1
vllm,tree_of_thought,621,52.08,0.00,64.49,1,15.51,1
vllm,tree_of_thought,622,72.33,25.22,97.56,2,20.50,1
vllm,tree_of_thought,623,54.36,31.44,85.80,2,23.31,1
vllm,tree_of_thought,624,49.66,0.00,63.96,1,15.63,1
vllm,tree_of_thought,625,55.65,0.00,68.67,1,14.56,1
vllm,tree_of_thought,626,60.10,23.59,83.69,2,23.90,1
vllm,tree_of_thought,627,49.89,0.00,66.33,1,15.08,1
vllm,tree_of_thought,628,67.36,34.19,101.56,2,19.69,1
vllm,tree_of_thought,629,60.26,0.00,77.84,1,12.85,1
vllm,tree_of_thought,630,52.58,0.00,74.38,1,13.45,1
vllm,tree_of_thought,631,52.10,32.10,84.21,2,23.75,1
vllm,tree_of_thought,632,58.02,0.00,71.26,1,14.03,1
vllm,tree_of_thought,633,51.99,0.00,64.74,1,15.45,1
vllm,tree_of_thought,634,53.95,0.00,65.10,1,15.36,1
vllm,tree_of_thought,635,63.18,0.00,78.00,1,12.82,1
vllm,tree_of_thought,636,59.89,0.00,72.75,1,13.75,1
vllm,tree_of_thought,637,53.53,0.00,68.95,1,14.50,1
vllm,tree_of_thought,638,51.97,0.00,71.80,1,13.93,1
vllm,tree_of_thought,639,53.37,25.52,78.90,2,25.35,1
vllm,tree_of_thought,640,49.02,29.27,78.29,2,25.55,1
vllm,tree_of_thought,641,70.81,0.00,71.06,1,14.07,1
vllm,tree_of_thought,642,61.08,0.00,71.11,1,14.06,1
vllm,tree_of_thought,643,51.16,28.80,79.96,2,25.01,1
vllm,tree_of_thought,644,71.29,21.07,113.43,3,26.45,0
vllm,tree_of_thought,645,66.62,30.40,97.02,2,20.61,1
vllm,tree_of_thought,646,55.33,0.00,65.42,1,15.29,1
vllm,tree_of_thought,647,54.82,0.00,64.10,1,15.60,1
vllm,tree_of_thought,648,45.60,25.21,70.81,2,28.24,1
vllm,tree_of_thought,649,46.95,25.53,72.48,2,27.59,1
vllm,tree_of_thought,650,60.83,25.49,86.32,2,23.17,1
vllm,tree_of_thought,651,68.40,0.00,75.26,1,13.29,1
vllm,tree_of_thought,652,58.98,24.93,83.91,2,23.84,1
vllm,tree_of_thought,653,67.18,0.00,80.79,1,12.38,1
vllm,tree_of_thought,654,56.74,15.06,147.09,7,47.59,0
vllm,tree_of_thought,655,56.16,0.00,79.83,1,12.53,1
vllm,tree_of_thought,656,57.13,0.00,64.86,1,15.42,1
vllm,tree_of_thought,657,63.34,0.00,79.73,1,12.54,1
vllm,tree_of_thought,658,62.64,29.30,91.94,2,21.75,1
vllm,tree_of_thought,659,62.52,27.89,90.41,2,22.12,1
vllm,tree_of_thought,660,50.49,0.00,63.03,1,15.87,1
vllm,tree_of_thought,661,54.88,23.28,78.16,2,25.59,1
vllm,tree_of_thought,662,56.04,26.94,82.98,2,24.10,1
vllm,tree_of_thought,663,62.10,0.00,71.31,1,14.02,1
vllm,tree_of_thought,664,53.75,0.00,69.09,1,14.47,1
vllm,tree_of_thought,665,61.17,0.00,74.04,1,13.51,1
vllm,tree_of_thought,666,59.89,0.00,76.71,1,13.04,1
vllm,tree_of_thought,667,65.47,0.00,84.53,1,11.83,1
vllm,tree_of_thought,668,52.09,34.24,86.33,2,23.17,1
vllm,tree_of_thought,669,57.70,0.00,73.72,1,13.57,1
vllm,tree_of_thought,670,58.80,0.00,71.89,1,13.91,1
vllm,tree_of_thought,671,65.91,27.33,93.24,2,21.45,1
vllm,tree_of_thought,672,54.98,0.00,77.98,1,12.82,1
vllm,tree_of_thought,673,72.76,26.93,99.70,2,20.06,1
vllm,tree_of_thought,674,50.04,0.00,63.50,1,15.75,1
vllm,tree_of_thought,675,70.58,0.00,82.46,1,12.13,1
vllm,tree_of_thought,676,57.62,0.00,74.81,1,13.37,1
vllm,tree_of_thought,677,65.64,0.00,74.55,1,13.41,1
vllm,tree_of_thought,678,63.62,0.00,71.21,1,14.04,1
vllm,tree_of_thought,679,60.36,0.00,69.65,1,14.36,1
vllm,tree_of_thought,680,58.75,22.92,81.67,2,24.49,1
vllm,tree_of_thought,681,47.64,23.43,71.08,2,28.14,1
vllm,tree_of_thought,682,57.36,0.00,71.59,1,13.97,1
vllm,tree_of_thought,683,58.10,29.62,87.72,2,22.80,1
vllm,tree_of_thought,684,63.57,24.78,88.35,2,22.64,1
vllm,tree_of_thought,685,65.07,0.00,75.55,1,13.24,1
vllm,tree_of_thought,686,57.11,30.95,88.07,2,22.71,1
vllm,tree_of_thought,687,63.48,0.00,78.90,1,12.67,1
vllm,tree_of_thought,688,56.35,0.00,70.28,1,14.23,1
vllm,tree_of_thought,689,58.73,34.62,93.35,2,21.42,1
vllm,tree_of_thought,690,71.99,0.00,86.74,1,11.53,1
vllm,tree_of_thought,691,60.15,21.16,81.31,2,24.60,1
vllm,tree_of_thought,692,64.18,0.00,71.35,1,14.01,1
vllm,tree_of_thought,693,63.00,22.57,85.56,2,23.37,1
vllm,tree_of_thought,694,56.52,27.76,84.28,2,23.73,1
vllm,tree_of_thought,695,58.82,0.00,75.55,1,13.24,1
vllm,tree_of_thought,696,57.78,0.00,75.88,1,13.18,1
vllm,tree_of_thought,697,57.09,16.95,158.80,7,44.08,1
vllm,tree_of_thought,698,48.04,0.00,59.39,1,16.84,1
vllm,tree_of_thought,699,59.72,0.00,70.80,1,14.12,1
vllm,tree_of_thought,700,70.17,29.54,99.72,2,20.06,1
vllm,tree_of_thought,701,69.71,17.44,87.14,2,22.95,1
vllm,tree_of_thought,702,64.38,24.63,89.01,2,22.47,1
vllm,tree_of_thought,703,47.38,32.49,79.87,2,25.04,1
vllm,tree_of_thought,704,63.48,32.73,96.21,2,20.79,1
vllm,tree_of_thought,705,61.50,29.52,91.02,2,21.97,1
vllm,tree_of_thought,706,58.38,21.44,101.26,3,29.63,1
vllm,tree_of_thought,707,61.71,0.00,76.47,1,13.08,1
vllm,tree_of_thought,708,60.62,0.00,74.50,1,13.42,1
vllm,tree_of_thought,709,63.09,21.35,84.44,2,23.68,1
vllm,tree_of_thought,710,60.58,0.00,78.81,1,12.69,1
vllm,tree_of_thought,711,52.67,27.10,79.77,2,25.07,1
vllm,tree_of_thought,712,56.21,0.00,71.35,1,14.01,1
vllm,tree_of_thought,713,49.68,0.00,64.63,1,15.47,1
vllm,tree_of_thought,714,48.86,37.19,86.05,2,23.24,1
vllm,tree_of_thought,715,47.55,30.08,77.64,2,25.76,1
vllm,tree_of_thought,716,61.89,0.00,77.70,1,12.87,1
vllm,tree_of_thought,717,57.13,19.36,76.49,2,26.15,1
vllm,tree_of_thought,718,55.61,0.00,73.18,1,13.66,1
vllm,tree_of_thought,719,62.88,0.00,73.31,1,13.64,1
vllm,tree_of_thought,720,56.81,28.13,84.95,2,23.54,1
vllm,tree_of_thought,721,58.03,0.00,80.13,1,12.48,1
vllm,tree_of_thought,722,66.57,39.49,106.06,2,18.86,1
vllm,tree_of_thought,723,55.61,0.00,69.01,1,14.49,1
vllm,tree_of_thought,724,65.13,0.00,74.25,1,13.47,1
vllm,tree_of_thought,725,54.88,0.00,71.14,1,14.06,1
vllm,tree_of_thought,726,59.31,29.04,88.35,2,22.64,1
vllm,tree_of_thought,727,61.32,28.64,89.96,2,22.23,1
vllm,tree_of_thought,728,59.30,31.14,90.44,2,22.11,1
vllm,tree_of_thought,729,75.51,24.36,99.87,2,20.03,1
vllm,tree_of_thought,730,53.95,0.00,69.03,1,14.49,1
vllm,tree_of_thought,731,50.97,0.00,65.51,1,15.26,1
vllm,tree_of_thought,732,65.43,26.20,91.63,2,21.83,1
vllm,tree_of_thought,733,59.20,26.20,85.40,2,23.42,0
vllm,tree_of_thought,734,69.60,0.00,82.30,1,12.15,1
vllm,tree_of_thought,735,55.87,0.00,70.54,1,14.18,1
vllm,tree_of_thought,736,65.55,26.41,91.96,2,21.75,1
vllm,tree_of_thought,737,58.48,24.14,82.62,2,24.21,1
vllm,tree_of_thought,738,50.12,0.00,63.75,1,15.69,1
vllm,tree_of_thought,739,55.19,29.13,84.32,2,23.72,1
vllm,tree_of_thought,740,70.22,0.00,87.40,1,11.44,1
vllm,tree_of_thought,741,58.58,34.02,92.60,2,21.60,1
vllm,tree_of_thought,742,69.59,29.69,99.28,2,20.14,1
vllm,tree_of_thought,743,60.18,0.00,78.11,1,12.80,1
vllm,tree_of_thought,744,62.53,0.00,76.68,1,13.04,1
vllm,tree_of_thought,745,56.74,0.00,73.17,1,13.67,1
vllm,tree_of_thought,746,63.37,0.00,72.77,1,13.74,1
vllm,tree_of_thought,747,45.31,0.00,60.23,1,16.60,1
vllm,tree_of_thought,748,52.78,24.11,76.89,2,26.01,1
vllm,tree_of_thought,749,52.38,34.16,86.54,2,23.11,1
vllm,tree_of_thought,750,61.86,0.00,73.17,1,13.67,1
vllm,tree_of_thought,751,54.52,34.94,89.46,2,22.36,1
vllm,tree_of_thought,752,59.75,0.00,71.80,1,13.93,1
vllm,tree_of_thought,753,63.46,28.81,92.27,2,21.68,1
vllm,tree_of_thought,754,56.30,0.00,65.60,1,15.24,1
vllm,tree_of_thought,755,61.84,32.33,94.17,2,21.24,1
vllm,tree_of_thought,756,54.78,0.00,67.80,1,14.75,1
vllm,tree_of_thought,757,52.56,31.21,83.77,2,23.88,1
vllm,tree_of_thought,758,49.50,35.80,85.30,2,23.45,1
vllm,tree_of_thought,759,52.93,28.11,81.05,2,24.68,1
vllm,tree_of_thought,760,70.59,0.00,87.65,1,11.41,1
vllm,tree_of_thought,761,56.85,29.33,86.18,2,23.21,1
vllm,tree_of_thought,762,61.01,0.00,76.56,1,13.06,1
vllm,tree_of_thought,763,54.10,0.00,69.15,1,14.46,1
vllm,tree_of_thought,764,53.96,32.70,86.66,2,23.08,1
vllm,tree_of_thought,765,58.38,0.00,81.65,1,12.25,1
vllm,tree_of_thought,766,62.04,0.00,86.85,1,11.51,1
vllm,tree_of_thought,767,59.38,0.00,70.24,1,14.24,1
vllm,tree_of_thought,768,48.40,21.52,91.44,3,32.81,0
vllm,tree_of_thought,769,57.04,25.80,82.84,2,24.14,1
vllm,tree_of_thought,770,60.61,0.00,76.23,1,13.12,1
vllm,tree_of_thought,771,57.71,0.00,75.86,1,13.18,1
vllm,tree_of_thought,772,58.91,0.00,73.74,1,13.56,1
vllm,tree_of_thought,773,70.25,23.64,93.88,2,21.30,1
vllm,tree_of_thought,774,69.21,0.00,78.90,1,12.67,1
vllm,tree_of_thought,775,50.39,0.00,68.87,1,14.52,1
vllm,tree_of_thought,776,56.85,0.00,72.69,1,13.76,1
vllm,tree_of_thought,777,61.26,0.00,78.17,1,12.79,1
vllm,tree_of_thought,778,57.82,27.94,85.76,2,23.32,1
vllm,tree_of_thought,779,59.14,0.00,72.86,1,13.73,1
vllm,tree_of_thought,780,61.39,0.00,77.90,1,12.84,1
vllm,tree_of_thought,781,50.58,0.00,66.86,1,14.96,1
vllm,tree_of_thought,782,85.17,35.45,120.62,2,16.58,1
vllm,tree_of_thought,783,54.92,0.00,63.13,1,15.84,1
vllm,tree_of_thought,784,49.50,0.00,61.06,1,16.38,1
vllm,tree_of_thought,785,53.68,32.01,85.69,2,23.34,1
vllm,tree_of_thought,786,52.95,0.00,70.15,1,14.25,1
vllm,tree_of_thought,787,48.92,0.00,64.04,1,15.61,1
vllm,tree_of_thought,788,59.71,0.00,80.55,1,12.41,1
vllm,tree_of_thought,789,55.05,0.00,67.42,1,14.83,1
vllm,tree_of_thought,790,63.30,0.00,77.52,1,12.90,1
vllm,tree_of_thought,791,49.22,0.00,61.00,1,16.39,1
vllm,tree_of_thought,792,56.60,30.01,86.61,2,23.09,1
vllm,tree_of_thought,793,68.36,0.00,84.29,1,11.86,1
vllm,tree_of_thought,794,58.26,0.00,63.67,1,15.71,1
vllm,tree_of_thought,795,54.86,15.02,144.99,7,48.28,0
vllm,tree_of_thought,796,52.13,0.00,69.89,1,14.31,1
vllm,tree_of_thought,797,63.43,0.00,72.69,1,13.76,1
vllm,tree_of_thought,798,66.55,0.00,84.44,1,11.84,1
vllm,tree_of_thought,799,49.78,33.27,83.05,2,24.08,1
vllm,tree_of_thought,800,59.50,25.18,84.68,2,23.62,1
vllm,tree_of_thought,801,47.69,0.00,60.81,1,16.44,1
vllm,tree_of_thought,802,56.86,0.00,71.67,1,13.95,1
vllm,tree_of_thought,803,68.97,0.00,79.64,1,12.56,1
vllm,tree_of_thought,804,66.32,30.64,96.97,2,20.63,1
vllm,tree_of_thought,805,42.18,0.00,52.90,1,18.90,1
vllm,tree_of_thought,806,51.18,0.00,67.59,1,14.79,1
vllm,tree_of_thought,807,52.57,0.00,68.02,1,14.70,1
vllm,tree_of_thought,808,73.73,20.21,93.94,2,21.29,1
vllm,tree_of_thought,809,73.47,20.80,94.26,2,21.22,1
vllm,tree_of_thought,810,56.15,0.00,66.62,1,15.01,1
vllm,tree_of_thought,811,60.24,0.00,73.49,1,13.61,1
vllm,tree_of_thought,812,75.88,0.00,91.77,1,10.90,1
vllm,tree_of_thought,813,79.73,35.86,115.60,2,17.30,1
vllm,tree_of_thought,814,43.01,0.00,59.74,1,16.74,1
vllm,tree_of_thought,815,66.71,21.40,88.11,2,22.70,1
vllm,tree_of_thought,816,58.09,0.00,71.19,1,14.05,1
vllm,tree_of_thought,817,52.75,27.78,80.52,2,24.84,1
vllm,tree_of_thought,818,50.78,0.00,63.64,1,15.71,1
vllm,tree_of_thought,819,58.49,0.00,72.80,1,13.74,1
vllm,tree_of_thought,820,61.19,0.00,78.54,1,12.73,1
vllm,tree_of_thought,821,55.99,30.59,86.58,2,23.10,1
vllm,tree_of_thought,822,55.80,30.30,86.09,2,23.23,1
vllm,tree_of_thought,823,60.53,0.00,79.15,1,12.63,1
vllm,tree_of_thought,824,59.99,28.62,88.62,2,22.57,1
vllm,tree_of_thought,825,62.24,27.69,89.92,2,22.24,1
vllm,tree_of_thought,826,61.21,0.00,78.87,1,12.68,1
vllm,tree_of_thought,827,51.91,0.00,68.27,1,14.65,1
vllm,tree_of_thought,828,59.37,0.00,76.72,1,13.03,1
vllm,tree_of_thought,829,61.78,27.67,89.44,2,22.36,1
vllm,tree_of_thought,830,61.39,30.03,91.42,2,21.88,1
vllm,tree_of_thought,831,73.26,0.00,89.78,1,11.14,1
vllm,tree_of_thought,832,54.16,0.00,67.31,1,14.86,1
vllm,tree_of_thought,833,57.48,0.00,70.23,1,14.24,1
vllm,tree_of_thought,834,53.31,30.31,83.61,2,23.92,1
vllm,tree_of_thought,835,53.77,31.85,85.62,2,23.36,1
vllm,tree_of_thought,836,41.65,23.47,65.12,2,30.71,1
vllm,tree_of_thought,837,62.55,0.00,71.36,1,14.01,1
vllm,tree_of_thought,838,58.71,0.00,70.79,1,14.13,1
vllm,tree_of_thought,839,74.24,28.31,102.54,2,19.50,1
vllm,tree_of_thought,840,67.02,0.00,87.29,1,11.46,1
vllm,tree_of_thought,841,54.03,0.00,66.71,1,14.99,1
vllm,tree_of_thought,842,59.73,0.00,73.31,1,13.64,1
vllm,tree_of_thought,843,49.04,0.00,63.38,1,15.78,1
vllm,tree_of_thought,844,75.19,28.67,103.86,2,19.26,1
vllm,tree_of_thought,845,58.59,0.00,72.88,1,13.72,1
vllm,tree_of_thought,846,56.78,0.00,74.95,1,13.34,1
vllm,tree_of_thought,847,58.59,0.00,76.22,1,13.12,1
vllm,tree_of_thought,848,53.08,26.34,79.42,2,25.18,1
vllm,tree_of_thought,849,61.46,29.91,91.37,2,21.89,1
vllm,tree_of_thought,850,60.19,26.56,86.75,2,23.06,1
vllm,tree_of_thought,851,46.80,33.50,80.30,2,24.91,1
vllm,tree_of_thought,852,48.18,33.82,82.00,2,24.39,0
vllm,tree_of_thought,853,60.55,15.77,155.14,7,45.12,0
vllm,tree_of_thought,854,60.78,0.00,75.06,1,13.32,1
vllm,tree_of_thought,855,70.36,0.00,86.30,1,11.59,1
vllm,tree_of_thought,856,55.43,0.00,71.56,1,13.97,1
vllm,tree_of_thought,857,59.91,0.00,82.77,1,12.08,1
vllm,tree_of_thought,858,48.73,0.00,67.05,1,14.91,1
vllm,tree_of_thought,859,48.14,0.00,62.41,1,16.02,1
vllm,tree_of_thought,860,59.97,29.16,89.13,2,22.44,1
vllm,tree_of_thought,861,50.90,28.05,78.95,2,25.33,1
vllm,tree_of_thought,862,63.41,0.00,77.82,1,12.85,1
vllm,tree_of_thought,863,58.33,0.00,72.42,1,13.81,1
vllm,tree_of_thought,864,62.64,0.00,77.38,1,12.92,1
vllm,tree_of_thought,865,59.62,24.46,84.07,2,23.79,1
vllm,tree_of_thought,866,65.98,23.00,88.99,2,22.48,1
vllm,tree_of_thought,867,41.76,0.00,52.50,1,19.05,1
vllm,tree_of_thought,868,70.31,27.44,97.75,2,20.46,1
vllm,tree_of_thought,869,61.60,0.00,81.61,1,12.25,1
vllm,tree_of_thought,870,58.21,25.79,84.00,2,23.81,1
vllm,tree_of_thought,871,57.06,30.68,87.74,2,22.80,1
vllm,tree_of_thought,872,70.07,38.47,108.54,2,18.43,1
vllm,tree_of_thought,873,59.66,0.00,81.72,1,12.24,1
vllm,tree_of_thought,874,58.56,29.85,88.41,2,22.62,1
vllm,tree_of_thought,875,62.85,0.00,81.38,1,12.29,1
vllm,tree_of_thought,876,61.07,0.00,74.12,1,13.49,1
vllm,tree_of_thought,877,41.40,0.00,58.25,1,17.17,1
vllm,tree_of_thought,878,56.78,0.00,75.04,1,13.33,1
vllm,tree_of_thought,879,46.99,28.54,75.54,2,26.48,1
vllm,tree_of_thought,880,60.24,0.00,77.83,1,12.85,1
vllm,tree_of_thought,881,59.30,0.00,74.47,1,13.43,1
vllm,tree_of_thought,882,47.28,25.46,72.75,2,27.49,1
vllm,tree_of_thought,883,61.10,0.00,72.71,1,13.75,1
vllm,tree_of_thought,884,55.90,21.06,76.96,2,25.99,1
vllm,tree_of_thought,885,50.05,0.00,69.88,1,14.31,1
vllm,tree_of_thought,886,60.77,0.00,75.27,1,13.29,1
vllm,tree_of_thought,887,59.80,28.44,88.24,2,22.66,1
vllm,tree_of_thought,888,59.03,0.00,78.45,1,12.75,1
vllm,tree_of_thought,889,60.58,0.00,75.10,1,13.32,1
vllm,tree_of_thought,890,57.43,0.00,70.87,1,14.11,1
vllm,tree_of_thought,891,83.14,0.00,98.77,1,10.12,1
vllm,tree_of_thought,892,56.16,30.02,86.19,2,23.21,1
vllm,tree_of_thought,893,66.95,29.47,96.41,2,20.74,1
vllm,tree_of_thought,894,58.15,0.00,75.01,1,13.33,1
vllm,tree_of_thought,895,61.39,0.00,78.17,1,12.79,1
vllm,tree_of_thought,896,54.10,32.88,86.98,2,22.99,1
vllm,tree_of_thought,897,69.45,25.53,94.98,2,21.06,1
vllm,tree_of_thought,898,42.32,0.00,51.67,1,19.35,1
vllm,tree_of_thought,899,71.78,19.41,91.19,2,21.93,1
vllm,tree_of_thought,900,59.13,0.00,77.82,1,12.85,1
vllm,tree_of_thought,901,52.61,0.00,66.23,1,15.10,1
vllm,tree_of_thought,902,79.24,0.00,99.86,1,10.01,1
vllm,tree_of_thought,903,60.83,0.00,72.14,1,13.86,1
vllm,tree_of_thought,904,58.84,0.00,74.78,1,13.37,1
vllm,tree_of_thought,905,70.52,0.00,86.73,1,11.53,1
vllm,tree_of_thought,906,63.31,27.70,91.01,2,21.98,1
vllm,tree_of_thought,907,57.27,25.57,82.84,2,24.14,1
vllm,tree_of_thought,908,61.69,0.00,78.02,1,12.82,1
vllm,tree_of_thought,909,51.95,24.97,76.92,2,26.00,1
vllm,tree_of_thought,910,61.60,0.00,76.25,1,13.12,1
vllm,tree_of_thought,911,63.19,26.51,89.70,2,22.30,1
vllm,tree_of_thought,912,62.84,0.00,71.06,1,14.07,1
vllm,tree_of_thought,913,64.31,22.43,86.74,2,23.06,1
vllm,tree_of_thought,914,57.97,25.44,83.41,2,23.98,1
vllm,tree_of_thought,915,49.74,0.00,62.23,1,16.07,1
vllm,tree_of_thought,916,51.44,0.00,66.02,1,15.15,1
vllm,tree_of_thought,917,58.78,0.00,72.06,1,13.88,1
vllm,tree_of_thought,918,59.65,29.01,88.66,2,22.56,1
vllm,tree_of_thought,919,67.45,29.34,96.78,2,20.66,1
vllm,tree_of_thought,920,48.87,0.00,61.86,1,16.17,1
vllm,tree_of_thought,921,62.90,0.00,73.04,1,13.69,1
vllm,tree_of_thought,922,56.45,0.00,73.98,1,13.52,1
vllm,tree_of_thought,923,85.01,31.46,116.47,2,17.17,1
vllm,tree_of_thought,924,71.73,22.54,94.27,2,21.22,1
vllm,tree_of_thought,925,53.12,0.00,59.43,1,16.83,1
vllm,tree_of_thought,926,49.42,0.00,70.18,1,14.25,1
vllm,tree_of_thought,927,54.98,0.00,66.92,1,14.94,1
vllm,tree_of_thought,928,52.12,0.00,66.82,1,14.97,1
vllm,tree_of_thought,929,50.39,14.25,107.40,5,46.56,0
vllm,tree_of_thought,930,59.66,24.98,84.64,2,23.63,1
vllm,tree_of_thought,931,53.19,0.00,66.37,1,15.07,1
vllm,tree_of_thought,932,52.57,30.36,82.94,2,24.12,1
vllm,tree_of_thought,933,46.18,28.93,75.11,2,26.63,1
vllm,tree_of_thought,934,53.49,0.00,71.49,1,13.99,1
vllm,tree_of_thought,935,69.46,0.00,84.15,1,11.88,1
vllm,tree_of_thought,936,59.91,0.00,70.86,1,14.11,1
vllm,tree_of_thought,937,65.02,33.39,98.41,2,20.32,1
vllm,tree_of_thought,938,49.71,34.97,84.68,2,23.62,1
vllm,tree_of_thought,939,52.59,0.00,61.37,1,16.29,1
vllm,tree_of_thought,940,58.06,0.00,77.33,1,12.93,1
vllm,tree_of_thought,941,64.81,22.23,87.04,2,22.98,1
vllm,tree_of_thought,942,57.15,0.00,73.36,1,13.63,1
vllm,tree_of_thought,943,63.52,0.00,80.99,1,12.35,1
vllm,tree_of_thought,944,58.97,27.90,86.87,2,23.02,1
vllm,tree_of_thought,945,73.06,29.91,102.97,2,19.42,1
vllm,tree_of_thought,946,45.23,0.00,61.55,1,16.25,1
vllm,tree_of_thought,947,53.51,31.04,84.54,2,23.66,1
vllm,tree_of_thought,948,59.02,0.00,76.02,1,13.15,1
vllm,tree_of_thought,949,62.86,0.00,74.50,1,13.42,1
vllm,tree_of_thought,950,57.31,45.21,102.52,2,19.51,1
vllm,tree_of_thought,951,61.39,0.00,82.38,1,12.14,1
vllm,tree_of_thought,952,52.14,25.81,77.95,2,25.66,1
vllm,tree_of_thought,953,52.11,31.38,83.49,2,23.95,1
vllm,tree_of_thought,954,58.32,15.42,120.01,5,41.66,0
vllm,tree_of_thought,955,42.45,22.14,64.59,2,30.96,1
vllm,tree_of_thought,956,50.16,0.00,61.31,1,16.31,1
vllm,tree_of_thought,957,53.85,0.00,67.94,1,14.72,1
vllm,tree_of_thought,958,51.18,28.11,79.29,2,25.23,1
vllm,tree_of_thought,959,62.91,17.77,80.69,2,24.79,1
vllm,tree_of_thought,960,35.76,20.20,55.96,2,35.74,1
vllm,tree_of_thought,961,63.86,0.00,82.53,1,12.12,1
vllm,tree_of_thought,962,50.58,0.00,68.38,1,14.62,1
vllm,tree_of_thought,963,50.43,0.00,65.03,1,15.38,1
vllm,tree_of_thought,964,68.29,18.38,105.06,3,28.56,1
vllm,tree_of_thought,965,62.52,37.19,99.71,2,20.06,1
vllm,tree_of_thought,966,67.79,0.00,83.38,1,11.99,1
vllm,tree_of_thought,967,68.64,0.00,87.55,1,11.42,1
vllm,tree_of_thought,968,60.64,0.00,79.02,1,12.65,1
vllm,tree_of_thought,969,46.99,0.00,61.71,1,16.20,1
vllm,tree_of_thought,970,51.05,0.00,70.38,1,14.21,1
vllm,tree_of_thought,971,53.32,22.89,76.22,2,26.24,1
vllm,tree_of_thought,972,48.91,26.98,75.89,2,26.35,1
vllm,tree_of_thought,973,49.12,27.40,76.52,2,26.14,1
vllm,tree_of_thought,974,61.97,0.00,74.68,1,13.39,1
vllm,tree_of_thought,975,58.45,0.00,77.90,1,12.84,1
vllm,tree_of_thought,976,84.00,28.77,112.77,2,17.74,1
vllm,tree_of_thought,977,73.83,0.00,90.96,1,10.99,1
vllm,tree_of_thought,978,73.97,0.00,87.61,1,11.41,1
vllm,tree_of_thought,979,72.10,38.19,110.28,2,18.13,1
vllm,tree_of_thought,980,69.60,0.00,98.13,1,10.19,1
vllm,tree_of_thought,981,68.81,19.07,87.88,2,22.76,1
vllm,tree_of_thought,982,54.28,27.64,81.92,2,24.41,1
vllm,tree_of_thought,983,51.99,21.17,73.16,2,27.34,1
vllm,tree_of_thought,984,47.82,0.00,65.96,1,15.16,1
vllm,tree_of_thought,985,58.38,27.93,86.31,2,23.17,1
vllm,tree_of_thought,986,68.12,16.34,84.46,2,23.68,1
vllm,tree_of_thought,987,51.83,0.00,66.66,1,15.00,1
vllm,tree_of_thought,988,54.71,26.02,80.73,2,24.78,1
vllm,tree_of_thought,989,56.91,0.00,70.70,1,14.14,1
vllm,tree_of_thought,990,53.66,0.00,66.30,1,15.08,1
vllm,tree_of_thought,991,40.81,14.72,70.25,3,42.71,0
vllm,long_output,0,26.16,27.94,249.67,9,36.05,1
vllm,long_output,1,43.91,28.12,268.90,9,33.47,1
vllm,long_output,2,64.64,26.92,279.98,9,32.15,1
vllm,long_output,3,56.70,25.22,283.70,10,35.25,1
vllm,long_output,4,63.60,25.07,289.19,10,34.58,1
vllm,long_output,5,56.13,25.82,288.53,10,34.66,1
vllm,long_output,6,52.42,24.38,296.25,11,37.13,1
vllm,long_output,7,56.07,24.29,298.94,11,36.80,1
vllm,long_output,8,49.04,23.37,306.14,12,39.20,1
vllm,long_output,9,68.53,24.26,311.15,11,35.35,1
vllm,long_output,10,68.42,22.53,316.22,12,37.95,1
vllm,long_output,11,88.70,21.79,328.40,12,36.54,1
vllm,long_output,12,60.94,22.18,327.05,13,39.75,1
vllm,long_output,13,62.13,22.16,328.04,13,39.63,1
vllm,long_output,14,65.62,22.29,333.06,13,39.03,1
vllm,long_output,15,60.77,22.11,348.25,14,40.20,1
vllm,long_output,16,88.58,20.10,349.85,14,40.02,1
vllm,long_output,17,84.13,20.95,356.49,14,39.27,1
vllm,long_output,18,73.24,20.44,359.37,15,41.74,1
vllm,long_output,19,73.02,20.94,366.21,15,40.96,1
vllm,long_output,20,84.61,20.42,370.54,15,40.48,1
vllm,long_output,21,73.16,20.04,373.81,16,42.80,1
vllm,long_output,22,69.69,20.40,375.75,16,42.58,1
vllm,long_output,23,72.60,20.66,382.53,16,41.83,1
vllm,long_output,24,74.65,19.70,389.91,17,43.60,1
vllm,long_output,25,70.38,19.97,389.85,17,43.61,1
vllm,long_output,26,94.86,19.07,400.03,17,42.50,1
vllm,long_output,27,90.88,19.13,416.02,18,43.27,1
vllm,long_output,28,91.29,19.09,415.77,18,43.29,1
vllm,long_output,29,82.19,18.41,413.53,19,45.95,1
vllm,long_output,30,88.38,19.73,423.84,18,42.47,1
vllm,long_output,31,86.22,18.48,418.93,19,45.35,1
vllm,long_output,32,80.11,19.20,425.72,19,44.63,1
vllm,long_output,33,78.13,19.09,440.90,20,45.36,1
vllm,long_output,34,102.21,18.19,447.87,20,44.66,1
vllm,long_output,35,106.05,18.26,452.96,20,44.15,1
vllm,long_output,36,103.77,17.72,458.21,21,45.83,1
vllm,long_output,37,101.37,17.86,458.49,21,45.80,1
vllm,long_output,38,105.88,17.75,460.94,21,45.56,1
vllm,long_output,39,100.02,17.87,475.24,22,46.29,1
vllm,long_output,40,92.90,18.11,473.17,22,46.50,1
vllm,long_output,41,102.38,18.15,483.61,22,45.49,1
vllm,long_output,42,84.80,17.73,474.79,23,48.44,1
vllm,long_output,43,91.08,17.46,475.30,23,48.39,1
vllm,long_output,44,91.57,17.98,487.11,23,47.22,1
vllm,long_output,45,88.16,18.06,503.56,24,47.66,1
vllm,long_output,46,132.74,15.97,499.99,24,48.00,1
vllm,long_output,47,133.86,16.42,511.63,24,46.91,1
vllm,long_output,48,126.79,16.02,511.23,25,48.90,1
vllm,long_output,49,125.35,16.22,514.66,25,48.58,1
vllm,long_output,50,124.43,16.44,519.07,25,48.16,1
vllm,long_output,51,120.20,16.18,524.78,26,49.54,1
vllm,long_output,52,127.00,16.20,532.08,26,48.86,1
vllm,long_output,53,120.24,16.66,536.66,26,48.45,1
vllm,long_output,54,115.71,16.07,533.44,27,50.62,1
vllm,long_output,55,124.76,16.26,547.55,27,49.31,1
vllm,long_output,56,141.41,16.02,557.93,27,48.39,1
vllm,long_output,57,145.57,15.52,564.64,28,49.59,1
vllm,long_output,58,145.19,15.73,569.81,28,49.14,1
vllm,long_output,59,137.80,15.95,568.36,28,49.26,1
vllm,long_output,60,129.26,15.51,563.59,29,51.46,1
vllm,long_output,61,131.32,15.87,575.65,29,50.38,1
vllm,long_output,62,126.09,15.83,569.29,29,50.94,1
vllm,long_output,63,118.75,16.15,587.22,30,51.09,1
vllm,long_output,64,64.53,16.57,544.99,30,55.05,1
vllm,long_output,65,45.28,16.72,530.23,30,56.58,1
vllm,long_output,66,52.95,16.21,539.38,31,57.47,1
vllm,long_output,67,71.19,16.08,553.61,31,56.00,1
vllm,long_output,68,75.01,15.97,554.07,31,55.95,1
vllm,long_output,69,55.21,15.94,549.40,32,58.24,1
vllm,long_output,70,62.93,16.36,569.94,32,56.15,1
vllm,long_output,71,55.48,16.59,569.90,32,56.15,1
vllm,long_output,72,54.25,15.90,563.12,33,58.60,1
vllm,long_output,73,70.23,15.78,575.06,33,57.39,1
vllm,long_output,74,71.71,16.25,591.66,33,55.78,1
vllm,long_output,75,63.89,15.79,584.82,34,58.14,1
vllm,long_output,76,66.19,15.88,590.21,34,57.61,1
vllm,long_output,77,68.83,15.69,586.67,34,57.95,1
vllm,long_output,78,63.59,15.67,596.23,35,58.70,1
vllm,long_output,79,53.96,15.83,592.30,35,59.09,1
vllm,long_output,80,61.82,15.98,605.22,35,57.83,1
vllm,long_output,81,56.42,15.93,613.95,36,58.64,1
vllm,long_output,82,56.87,15.93,614.31,36,58.60,1
vllm,long_output,83,72.11,15.68,620.77,36,57.99,1
vllm,long_output,84,59.11,15.87,630.39,37,58.69,1
vllm,long_output,85,77.31,15.83,647.24,37,57.17,1
vllm,long_output,86,76.78,15.86,647.68,37,57.13,1
vllm,long_output,87,61.39,15.74,643.93,38,59.01,1
vllm,long_output,88,74.02,15.73,656.06,38,57.92,1
vllm,long_output,89,65.06,15.74,647.26,38,58.71,1
vllm,long_output,90,56.64,15.82,657.83,39,59.29,1
vllm,long_output,91,87.90,15.22,666.42,39,58.52,1
vllm,long_output,92,72.63,15.67,668.26,39,58.36,1
vllm,long_output,93,68.67,15.62,677.93,40,59.00,1
vllm,long_output,94,69.84,15.65,680.02,40,58.82,1
vllm,long_output,95,70.32,15.74,684.36,40,58.45,1
vllm,long_output,96,66.91,15.56,689.22,41,59.49,1
vllm,long_output,97,53.05,15.56,675.60,41,60.69,1
vllm,long_output,98,67.98,15.49,687.78,41,59.61,1
vllm,long_output,99,68.43,15.24,693.25,42,60.58,1
vllm,long_output,100,61.97,15.27,688.01,42,61.05,1
vllm,long_output,101,55.52,15.44,688.68,42,60.99,1
vllm,long_output,102,57.79,15.43,705.76,43,60.93,1
vllm,long_output,103,64.29,15.31,707.40,43,60.79,1
vllm,long_output,104,77.46,15.56,731.08,43,58.82,1
vllm,long_output,105,68.73,15.36,729.05,44,60.35,1
vllm,long_output,106,91.53,15.11,741.24,44,59.36,1
vllm,long_output,107,78.56,15.42,741.54,44,59.34,1
vllm,long_output,108,59.69,15.38,736.19,45,61.13,1
vllm,long_output,109,65.76,15.37,742.00,45,60.65,1
vllm,long_output,110,71.85,15.41,749.96,45,60.00,1
vllm,long_output,111,57.45,15.33,747.11,46,61.57,1
vllm,long_output,112,82.78,15.04,759.62,46,60.56,1
vllm,long_output,113,70.70,15.38,762.82,46,60.30,1
vllm,long_output,114,58.85,15.45,769.70,47,61.06,1
vllm,long_output,115,86.35,15.33,791.42,47,59.39,1
vllm,long_output,116,78.68,15.38,786.26,47,59.78,1
vllm,long_output,117,71.34,15.32,791.39,48,60.65,1
vllm,long_output,118,77.62,15.19,791.67,48,60.63,1
vllm,long_output,119,65.16,15.25,782.14,48,61.37,1
vllm,long_output,120,67.10,15.11,792.57,49,61.82,1
vllm,long_output,121,84.10,14.93,800.60,49,61.20,1
vllm,long_output,122,95.67,14.95,813.47,49,60.24,1
vllm,long_output,123,71.43,14.96,804.38,50,62.16,1
vllm,long_output,124,74.42,14.99,809.01,50,61.80,1
vllm,long_output,125,86.66,14.92,817.79,50,61.14,1
vllm,long_output,126,70.56,14.93,817.15,51,62.41,1
vllm,long_output,127,64.56,14.92,810.63,51,62.91,1
vllm,long_output,128,67.35,15.31,189.86,9,47.40,1
vllm,long_output,129,64.31,15.74,190.25,9,47.31,1
vllm,long_output,130,55.95,15.97,183.73,9,48.99,1
vllm,long_output,131,50.11,14.74,182.77,10,54.71,1
vllm,long_output,132,62.95,14.90,807.84,51,63.13,1
vllm,long_output,133,65.79,14.93,200.16,10,49.96,1
vllm,long_output,134,63.25,15.45,202.29,10,49.43,1
vllm,long_output,135,50.81,13.91,189.91,11,57.92,1
vllm,long_output,136,81.85,11.78,199.67,11,55.09,1
vllm,long_output,137,55.79,15.06,823.75,52,63.13,1
vllm,long_output,138,65.03,14.82,820.73,52,63.36,1
vllm,long_output,139,44.23,15.59,200.16,11,54.95,1
vllm,long_output,140,58.94,14.82,814.74,52,63.82,1
vllm,long_output,141,60.79,14.67,823.53,53,64.36,1
vllm,long_output,142,72.96,14.86,845.83,53,62.66,1
vllm,long_output,143,75.29,14.74,237.38,12,50.55,1
vllm,long_output,144,82.24,14.78,244.78,12,49.02,1
vllm,long_output,145,77.63,14.90,852.69,53,62.16,1
vllm,long_output,146,75.66,14.63,851.28,54,63.43,1
vllm,long_output,147,60.03,15.01,240.12,13,54.14,1
vllm,long_output,148,65.85,14.74,846.92,54,63.76,1
vllm,long_output,149,62.72,15.02,243.01,13,53.50,1
vllm,long_output,150,77.00,15.43,246.69,12,48.64,1
vllm,long_output,151,58.46,15.41,243.44,13,53.40,1
vllm,long_output,152,74.93,14.66,852.09,54,63.37,1
vllm,long_output,153,64.90,13.66,242.43,14,57.75,1
vllm,long_output,154,57.97,14.67,849.91,55,64.71,1
vllm,long_output,155,62.38,14.53,846.77,55,64.95,1
vllm,long_output,156,65.30,14.50,848.49,55,64.82,1
vllm,long_output,157,62.46,14.49,859.51,56,65.15,1
vllm,long_output,158,61.88,14.61,251.83,14,55.59,1
vllm,long_output,159,65.51,14.89,259.13,14,54.03,1
vllm,long_output,160,67.97,14.45,862.63,56,64.92,1
vllm,long_output,161,73.78,14.64,879.21,56,63.69,1
vllm,long_output,162,63.58,14.73,269.87,15,55.58,1
vllm,long_output,163,56.06,14.62,874.83,57,65.16,1
vllm,long_output,164,55.58,14.60,872.96,57,65.29,1
vllm,long_output,165,63.24,15.51,280.32,15,53.51,1
vllm,long_output,166,54.76,14.69,877.27,57,64.97,1
vllm,long_output,167,62.52,14.37,881.44,58,65.80,1
vllm,long_output,168,86.07,15.09,297.31,15,50.45,1
vllm,long_output,169,55.85,14.49,881.76,58,65.78,1
vllm,long_output,170,72.73,15.29,302.15,16,52.95,1
vllm,long_output,171,67.13,15.68,302.31,16,52.93,1
vllm,long_output,172,80.58,14.92,304.43,16,52.56,1
vllm,long_output,173,60.52,14.40,881.06,58,65.83,1
vllm,long_output,174,70.87,15.16,313.39,17,54.25,1
vllm,long_output,175,72.91,15.38,319.04,17,53.28,1
vllm,long_output,176,66.90,14.74,302.81,17,56.14,1
vllm,long_output,177,55.52,14.47,894.96,59,65.92,1
vllm,long_output,178,59.31,14.33,302.84,18,59.44,1
vllm,long_output,179,59.00,15.21,317.52,18,56.69,1
vllm,long_output,180,66.08,14.42,902.26,59,65.39,1
vllm,long_output,181,51.01,15.08,307.31,18,58.57,1
vllm,long_output,182,75.19,14.41,911.13,59,64.75,1
vllm,long_output,183,71.28,14.43,922.88,60,65.01,1
vllm,long_output,184,57.85,14.52,914.63,60,65.60,1
vllm,long_output,185,44.90,15.50,323.94,19,58.65,1
vllm,long_output,186,55.28,14.51,911.63,60,65.82,1
vllm,long_output,187,60.98,15.55,340.94,19,55.73,1
vllm,long_output,188,62.58,14.46,930.03,61,65.59,1
vllm,long_output,189,70.62,15.71,353.48,19,53.75,1
vllm,long_output,190,78.84,14.35,939.58,61,64.92,1
vllm,long_output,191,75.37,15.37,367.36,20,54.44,1
vllm,long_output,192,76.56,14.36,938.18,61,65.02,1
vllm,long_output,193,78.11,15.00,363.05,20,55.09,1
vllm,long_output,194,80.24,15.05,366.25,20,54.61,1
vllm,long_output,195,63.60,14.31,936.59,62,66.20,1
vllm,long_output,196,71.47,14.42,951.17,62,65.18,1
vllm,long_output,197,78.19,14.97,377.62,21,55.61,1
vllm,long_output,198,77.10,15.32,383.43,21,54.77,1
vllm,long_output,199,67.36,14.42,947.07,62,65.46,1
vllm,long_output,200,86.53,15.45,395.56,21,53.09,1
vllm,long_output,201,60.92,14.93,374.46,22,58.75,1
vllm,long_output,202,57.31,14.37,948.44,63,66.42,1
vllm,long_output,203,73.04,15.43,397.07,22,55.41,1
vllm,long_output,204,69.14,14.19,948.67,63,66.41,1
vllm,long_output,205,80.03,15.15,398.16,22,55.25,1
vllm,long_output,206,64.86,14.32,952.90,63,66.11,1
vllm,long_output,207,75.82,14.95,404.75,23,56.83,1
vllm,long_output,208,62.01,15.14,395.07,23,58.22,1
vllm,long_output,209,52.86,15.37,391.05,23,58.82,1
vllm,long_output,210,65.52,14.36,969.92,64,65.98,1
vllm,long_output,211,62.92,14.25,960.62,64,66.62,1
vllm,long_output,212,55.91,15.60,414.69,24,57.87,1
vllm,long_output,213,58.57,14.48,970.71,64,65.93,1
vllm,long_output,214,61.73,15.50,418.33,24,57.37,1
vllm,long_output,215,54.40,15.97,421.68,24,56.91,1
vllm,long_output,216,54.49,14.50,982.21,65,66.18,1
vllm,long_output,217,56.64,15.57,430.22,25,58.11,1
vllm,long_output,218,55.04,15.82,434.76,25,57.50,1
vllm,long_output,219,59.95,15.79,438.81,25,56.97,1
vllm,long_output,220,83.42,14.39,1004.32,65,64.72,1
vllm,long_output,221,70.91,14.57,1003.59,65,64.77,1
vllm,long_output,222,48.53,15.81,443.73,26,58.59,1
vllm,long_output,223,63.19,14.53,1007.78,66,65.49,1
vllm,long_output,224,73.21,14.48,1014.63,66,65.05,1
vllm,long_output,225,54.13,15.69,446.37,26,58.25,1
vllm,long_output,226,62.04,14.49,1003.95,66,65.74,1
vllm,long_output,227,58.75,14.42,1010.74,67,66.29,1
vllm,long_output,228,53.14,14.49,1009.63,67,66.36,1
vllm,long_output,229,65.40,15.83,461.19,26,56.38,1
vllm,long_output,230,52.51,16.06,470.01,27,57.45,1
vllm,long_output,231,69.15,15.89,482.26,27,55.99,1
vllm,long_output,232,69.49,16.25,492.02,27,54.88,1
vllm,long_output,233,61.62,16.20,499.06,28,56.11,1
vllm,long_output,234,66.32,16.08,500.53,28,55.94,1
vllm,long_output,235,83.68,15.91,513.34,28,54.55,1
vllm,long_output,236,57.64,16.06,507.26,29,57.17,1
vllm,long_output,237,73.98,16.22,528.08,29,54.92,1
vllm,long_output,238,60.80,16.07,510.80,29,56.77,1
vllm,long_output,239,58.88,15.70,514.29,30,58.33,1
vllm,long_output,240,63.30,15.87,523.58,30,57.30,1
vllm,long_output,241,56.97,15.92,518.59,30,57.85,1
vllm,long_output,242,66.86,15.43,529.87,31,58.50,1
vllm,long_output,243,62.18,15.60,530.14,31,58.47,1
vllm,long_output,244,64.71,15.63,533.50,31,58.11,1
vllm,long_output,245,62.85,15.72,550.25,32,58.16,1
vllm,long_output,246,59.00,15.80,548.82,32,58.31,1
vllm,long_output,247,56.79,15.74,544.57,32,58.76,1
vllm,long_output,248,52.02,15.80,557.55,33,59.19,1
vllm,long_output,249,53.46,15.79,558.78,33,59.06,1
vllm,long_output,250,57.33,15.80,562.82,33,58.63,1
vllm,long_output,251,49.73,15.65,566.27,34,60.04,1
vllm,long_output,252,49.54,15.87,573.35,34,59.30,1
vllm,long_output,253,50.05,15.84,572.77,34,59.36,1
vllm,long_output,254,53.45,15.63,584.94,35,59.84,1
vllm,long_output,255,63.58,15.81,601.09,35,58.23,1
vllm,long_output,256,59.34,15.99,603.14,35,58.03,1
vllm,long_output,257,82.24,15.33,618.76,36,58.18,1
vllm,long_output,258,79.05,15.28,613.90,36,58.64,1
vllm,long_output,259,69.73,15.67,618.35,36,58.22,1
vllm,long_output,260,62.51,15.53,621.45,37,59.54,1
vllm,long_output,261,71.94,15.58,632.92,37,58.46,1
vllm,long_output,262,77.53,15.32,629.12,37,58.81,1
vllm,long_output,263,57.76,15.19,619.94,38,61.30,1
vllm,long_output,264,74.89,15.21,637.56,38,59.60,1
vllm,long_output,265,74.48,15.17,635.72,38,59.78,1
vllm,long_output,266,60.48,15.40,645.58,39,60.41,1
vllm,long_output,267,60.99,15.44,647.70,39,60.21,1
vllm,long_output,268,78.30,15.02,649.02,39,60.09,1
vllm,long_output,269,70.37,15.29,666.61,40,60.01,1
vllm,long_output,270,70.69,15.28,666.62,40,60.00,1
vllm,long_output,271,70.25,15.23,664.17,40,60.23,1
vllm,long_output,272,59.55,15.34,673.31,41,60.89,1
vllm,long_output,273,70.39,15.30,682.33,41,60.09,1
vllm,long_output,274,68.90,15.38,684.06,41,59.94,1
vllm,long_output,275,69.99,15.34,699.03,42,60.08,1
vllm,long_output,276,54.90,15.48,689.54,42,60.91,1
vllm,long_output,277,69.52,15.19,692.48,42,60.65,1
vllm,long_output,278,61.37,15.16,698.26,43,61.58,1
vllm,long_output,279,59.39,15.32,703.02,43,61.16,1
vllm,long_output,280,55.73,15.35,700.63,43,61.37,1
vllm,long_output,281,59.03,15.16,710.76,44,61.91,1
vllm,long_output,282,73.55,15.21,727.57,44,60.48,1
vllm,long_output,283,62.65,15.36,723.06,44,60.85,1
vllm,long_output,284,71.78,15.19,740.21,45,60.79,1
vllm,long_output,285,60.97,15.29,733.58,45,61.34,1
vllm,long_output,286,86.19,15.07,749.27,45,60.06,1
vllm,long_output,287,58.47,14.95,731.35,46,62.90,1
vllm,long_output,288,61.86,15.06,739.53,46,62.20,1
vllm,long_output,289,62.12,15.08,740.86,46,62.09,1
vllm,long_output,290,61.19,15.04,752.83,47,62.43,1
vllm,long_output,291,65.99,14.96,754.34,47,62.31,1
vllm,long_output,292,61.08,15.02,752.04,47,62.50,1
vllm,long_output,293,61.32,15.12,771.99,48,62.18,1
vllm,long_output,294,52.63,15.05,759.96,48,63.16,1
vllm,long_output,295,71.98,14.83,769.14,48,62.41,1
vllm,long_output,296,54.52,15.04,776.68,49,63.09,1
vllm,long_output,297,48.00,15.04,769.92,49,63.64,1
vllm,long_output,298,56.66,15.02,777.82,49,63.00,1
vllm,long_output,299,48.64,15.05,786.08,50,63.61,1
vllm,long_output,300,47.07,17.17,184.46,9,48.79,1
vllm,long_output,301,64.10,14.88,793.45,50,63.02,1
vllm,long_output,302,57.36,15.56,181.82,9,49.50,1
vllm,long_output,303,64.84,14.75,802.36,51,63.56,1
vllm,long_output,304,55.75,14.93,802.45,51,63.56,1
vllm,long_output,305,57.62,14.71,793.22,51,64.29,1
vllm,long_output,306,58.00,15.25,180.04,9,49.99,1
vllm,long_output,307,61.86,14.50,801.33,52,64.89,1
vllm,long_output,308,68.03,15.53,828.85,50,60.32,1
vllm,long_output,309,58.05,13.52,179.74,10,55.64,1
vllm,long_output,310,46.53,13.90,171.61,10,58.27,1
vllm,long_output,311,58.84,16.33,205.81,10,48.59,1
vllm,long_output,312,54.51,14.77,807.99,52,64.36,1
vllm,long_output,313,62.88,14.86,820.90,52,63.34,1
vllm,long_output,314,63.25,14.38,810.89,53,65.36,1
vllm,long_output,315,60.23,13.58,196.00,11,56.12,1
vllm,long_output,316,57.37,13.38,191.20,11,57.53,1
vllm,long_output,317,69.05,14.34,814.96,53,65.03,1
vllm,long_output,318,70.79,14.34,816.68,53,64.90,1
vllm,long_output,319,67.03,13.73,204.31,11,53.84,1
vllm,long_output,320,62.17,14.38,824.08,54,65.53,1
vllm,long_output,321,56.32,14.48,823.57,54,65.57,1
vllm,long_output,322,53.15,14.50,821.74,54,65.71,1
vllm,long_output,323,83.90,15.04,249.36,12,48.12,1
vllm,long_output,324,61.01,14.52,845.14,55,65.08,1
vllm,long_output,325,67.81,15.41,237.37,12,50.55,1
vllm,long_output,326,95.19,15.46,265.29,12,45.23,1
vllm,long_output,327,55.34,14.39,832.22,55,66.09,1
vllm,long_output,328,62.40,14.38,838.67,55,65.58,1
vllm,long_output,329,50.77,14.40,842.65,56,66.46,1
vllm,long_output,330,79.92,15.23,262.64,13,49.50,1
vllm,long_output,331,68.89,14.88,262.38,14,53.36,1
vllm,long_output,332,51.56,14.47,847.19,56,66.10,1
vllm,long_output,333,110.81,15.50,296.85,13,43.79,1
vllm,long_output,334,49.35,14.51,847.50,56,66.08,1
vllm,long_output,335,102.01,16.68,302.23,13,43.01,1
vllm,long_output,336,47.81,14.44,856.23,57,66.57,1
vllm,long_output,337,97.44,14.84,290.33,14,48.22,1
vllm,long_output,338,109.50,14.70,300.58,14,46.58,1
vllm,long_output,339,96.34,14.63,301.21,15,49.80,1
vllm,long_output,340,85.43,15.18,297.98,15,50.34,1
vllm,long_output,341,66.74,14.27,865.80,57,65.84,1
vllm,long_output,342,71.83,14.23,868.47,57,65.63,1
vllm,long_output,343,46.66,14.36,865.22,58,67.03,1
vllm,long_output,344,90.40,14.50,307.93,16,51.96,1
vllm,long_output,345,99.63,15.27,313.35,15,47.87,1
vllm,long_output,346,75.76,14.73,296.76,16,53.92,1
vllm,long_output,347,81.82,15.05,307.52,16,52.03,1
vllm,long_output,348,58.34,14.36,876.74,58,66.15,1
vllm,long_output,349,68.45,14.72,304.05,17,55.91,1
vllm,long_output,350,78.17,14.06,879.82,58,65.92,1
vllm,long_output,351,67.05,14.87,304.93,17,55.75,1
vllm,long_output,352,73.84,15.06,314.83,17,54.00,1
vllm,long_output,353,65.21,14.24,891.29,59,66.20,1
vllm,long_output,354,62.74,14.18,885.12,59,66.66,1
vllm,long_output,355,68.14,14.83,320.17,18,56.22,1
vllm,long_output,356,58.40,14.89,311.54,18,57.78,1
vllm,long_output,357,58.84,14.61,307.16,18,58.60,1
vllm,long_output,358,68.18,14.48,908.01,59,64.98,1
vllm,long_output,359,58.95,14.40,908.74,60,66.03,1
vllm,long_output,360,54.33,15.44,332.18,19,57.20,1
vllm,long_output,361,48.03,15.15,320.74,19,59.24,1
vllm,long_output,362,59.51,14.30,903.07,60,66.44,1
vllm,long_output,363,63.86,14.24,903.74,60,66.39,1
vllm,long_output,364,54.86,15.50,333.92,19,56.90,1
vllm,long_output,365,46.81,14.26,902.16,61,67.62,1
vllm,long_output,366,53.33,14.27,909.42,61,67.08,1
vllm,long_output,367,65.36,14.19,916.83,61,66.53,1
vllm,long_output,368,50.17,15.62,346.86,20,57.66,1
vllm,long_output,369,48.31,14.23,916.28,62,67.66,1
vllm,long_output,370,54.97,15.43,348.20,20,57.44,1
vllm,long_output,371,52.47,15.54,347.77,20,57.51,1
vllm,long_output,372,72.38,14.24,940.73,62,65.91,1
vllm,long_output,373,83.01,14.17,947.51,62,65.43,1
vllm,long_output,374,64.44,14.36,954.61,63,66.00,1
vllm,long_output,375,59.35,15.91,377.46,21,55.64,1
vllm,long_output,376,51.68,14.39,943.58,63,66.77,1
vllm,long_output,377,76.21,15.42,384.68,21,54.59,1
vllm,long_output,378,81.19,15.54,392.01,21,53.57,1
vllm,long_output,379,58.65,14.44,954.13,63,66.03,1
vllm,long_output,380,44.43,14.40,951.78,64,67.24,1
vllm,long_output,381,70.41,15.55,397.02,22,55.41,1
vllm,long_output,382,81.85,15.61,409.61,22,53.71,1
vllm,long_output,383,55.76,14.36,960.64,64,66.62,1
vllm,long_output,384,70.36,15.78,401.80,22,54.75,1
vllm,long_output,385,66.56,14.16,958.45,64,66.77,1
vllm,long_output,386,65.07,15.82,413.18,23,55.67,1
vllm,long_output,387,54.04,15.54,395.91,23,58.09,1
vllm,long_output,388,55.03,15.52,396.48,23,58.01,1
vllm,long_output,389,59.23,14.36,978.34,65,66.44,1
vllm,long_output,390,58.48,14.35,976.81,65,66.54,1
vllm,long_output,391,56.82,15.54,414.34,24,57.92,1
vllm,long_output,392,55.26,15.99,423.02,24,56.73,1
vllm,long_output,393,73.40,16.19,445.81,24,53.83,1
vllm,long_output,394,85.60,14.36,1004.81,65,64.69,1
vllm,long_output,395,65.68,14.44,1004.46,66,65.71,1
vllm,long_output,396,54.58,16.08,440.47,25,56.76,1
vllm,long_output,397,48.93,16.18,437.26,25,57.17,1
vllm,long_output,398,58.57,16.29,449.43,25,55.63,1
vllm,long_output,399,66.52,14.48,1007.86,66,65.49,1
vllm,long_output,400,73.62,16.10,476.08,26,54.61,1
vllm,long_output,401,70.91,15.98,470.53,26,55.26,1
vllm,long_output,402,78.10,14.54,1022.95,66,64.52,1
vllm,long_output,403,83.61,14.44,1036.44,67,64.64,1
vllm,long_output,404,93.13,16.09,495.30,26,52.49,1
vllm,long_output,405,81.96,14.55,1042.39,67,64.28,1
vllm,long_output,406,88.92,15.94,503.28,27,53.65,1
vllm,long_output,407,89.21,16.05,506.48,27,53.31,1
vllm,long_output,408,86.30,15.97,501.63,27,53.82,1
vllm,long_output,409,85.62,15.69,509.30,28,54.98,1
vllm,long_output,410,73.81,15.95,504.41,28,55.51,1
vllm,long_output,411,77.34,15.90,506.67,28,55.26,1
vllm,long_output,412,71.37,15.73,511.84,29,56.66,1
vllm,long_output,413,60.38,15.89,505.26,29,57.40,1
vllm,long_output,414,68.00,15.58,504.29,29,57.51,1
vllm,long_output,415,56.19,15.66,510.37,30,58.78,1
vllm,long_output,416,75.40,17.04,569.64,30,52.66,1
vllm,long_output,417,81.36,16.80,568.55,30,52.77,1
vllm,long_output,418,83.89,17.56,610.71,31,50.76,1
vllm,long_output,419,72.67,17.85,608.08,31,50.98,1
vllm,long_output,420,72.28,17.88,608.65,31,50.93,1
vllm,long_output,421,65.51,17.43,605.69,32,52.83,1
vllm,long_output,422,72.38,17.45,613.28,32,52.18,1
vllm,long_output,423,54.23,17.65,601.38,32,53.21,1
vllm,long_output,424,57.38,17.35,612.44,33,53.88,1
vllm,long_output,425,84.19,17.33,638.89,33,51.65,1
vllm,long_output,426,72.80,17.85,643.90,33,51.25,1
vllm,long_output,427,72.62,17.34,644.79,34,52.73,1
vllm,long_output,428,66.14,17.39,639.91,34,53.13,1
vllm,long_output,429,72.87,17.39,646.71,34,52.57,1
vllm,long_output,430,78.63,17.20,663.39,35,52.76,1
vllm,long_output,431,69.12,17.51,664.56,35,52.67,1
vllm,long_output,432,66.39,16.91,658.12,36,54.70,1
vllm,long_output,433,77.60,17.73,680.52,35,51.43,1
vllm,long_output,434,54.54,17.52,667.81,36,53.91,1
vllm,long_output,435,61.40,17.08,659.14,36,54.62,1
vllm,long_output,436,46.35,16.90,654.81,37,56.50,1
vllm,long_output,437,49.19,16.93,658.69,37,56.17,1
vllm,long_output,438,76.36,16.98,687.53,37,53.82,1
vllm,long_output,439,55.56,17.10,688.24,38,55.21,1
vllm,long_output,440,51.74,17.20,688.07,38,55.23,1
vllm,long_output,441,87.95,17.07,719.69,38,52.80,1
vllm,long_output,442,78.72,16.68,712.55,39,54.73,1
vllm,long_output,443,89.09,16.79,727.17,39,53.63,1
vllm,long_output,444,72.77,16.82,711.83,39,54.79,1
vllm,long_output,445,67.73,16.70,718.88,40,55.64,1
vllm,long_output,446,65.19,16.69,715.96,40,55.87,1
vllm,long_output,447,67.56,16.89,726.37,40,55.07,1
vllm,long_output,448,68.84,16.59,732.45,41,55.98,1
vllm,long_output,449,91.57,16.45,749.66,41,54.69,1
vllm,long_output,450,87.16,16.58,750.31,41,54.64,1
vllm,long_output,451,67.71,16.64,750.14,42,55.99,1
vllm,long_output,452,62.51,16.76,749.61,42,56.03,1
vllm,long_output,453,73.15,16.47,748.24,42,56.13,1
vllm,long_output,454,62.22,16.59,759.04,43,56.65,1
vllm,long_output,455,62.53,16.67,762.71,43,56.38,1
vllm,long_output,456,60.56,16.72,762.67,43,56.38,1
vllm,long_output,457,55.11,16.58,767.96,44,57.29,1
vllm,long_output,458,62.26,16.36,765.72,44,57.46,1
vllm,long_output,459,66.26,16.41,771.70,44,57.02,1
vllm,long_output,460,65.01,16.33,783.51,45,57.43,1
vllm,long_output,461,67.22,16.37,787.53,45,57.14,1
vllm,long_output,462,71.07,16.47,795.81,45,56.55,1
vllm,long_output,463,60.25,16.23,790.41,46,58.20,1
vllm,long_output,464,76.84,16.01,797.48,46,57.68,1
vllm,long_output,465,62.58,16.34,797.86,46,57.65,1
vllm,long_output,466,124.13,15.38,831.64,47,56.51,1
vllm,long_output,467,119.96,15.56,835.91,47,56.23,1
vllm,long_output,468,149.76,15.33,854.72,47,54.99,1
vllm,long_output,469,107.16,15.31,826.56,48,58.07,1
vllm,long_output,470,113.51,15.57,845.17,48,56.79,1
vllm,long_output,471,107.89,15.49,836.14,48,57.41,1
vllm,long_output,472,104.64,15.29,838.50,49,58.44,1
vllm,long_output,473,146.40,14.72,852.74,49,57.46,1
vllm,long_output,474,145.84,14.74,853.46,49,57.41,1
vllm,long_output,475,135.82,14.65,853.76,50,58.56,1
vllm,long_output,476,132.94,14.79,857.80,50,58.29,1
vllm,long_output,477,143.76,14.78,868.15,50,57.59,1
vllm,long_output,478,109.85,14.74,846.81,51,60.23,1
vllm,long_output,479,121.38,14.71,856.73,51,59.53,1
vllm,long_output,480,79.21,14.62,809.96,51,62.97,1
vllm,long_output,481,57.20,14.79,175.54,9,51.27,1
vllm,long_output,482,49.64,15.78,175.87,9,51.17,1
vllm,long_output,483,71.29,14.69,820.46,52,63.38,1
vllm,long_output,484,76.67,14.49,815.91,52,63.73,1
vllm,long_output,485,70.81,14.68,819.27,52,63.47,1
vllm,long_output,486,58.67,14.44,809.69,53,65.46,1
vllm,long_output,487,60.74,14.58,819.02,53,64.71,1
vllm,long_output,488,69.17,14.58,827.37,53,64.06,1
vllm,long_output,489,70.76,16.24,200.68,9,44.85,1
vllm,long_output,490,70.53,14.71,202.90,10,49.28,1
vllm,long_output,491,58.48,14.51,827.56,54,65.25,1
vllm,long_output,492,75.51,14.46,841.75,54,64.15,1
vllm,long_output,493,88.88,14.12,215.99,10,46.30,1
vllm,long_output,494,57.41,15.20,209.44,11,52.52,1
vllm,long_output,495,81.75,15.67,222.75,10,44.89,1
vllm,long_output,496,76.58,14.27,219.31,11,50.16,1
vllm,long_output,497,71.35,14.60,217.32,11,50.62,1
vllm,long_output,498,69.16,14.42,833.59,54,64.78,1
vllm,long_output,499,61.85,14.21,829.22,55,66.33,1
vllm,long_output,500,70.55,14.04,828.50,55,66.39,1
vllm,long_output,501,57.13,14.92,221.20,12,54.25,1
vllm,long_output,502,60.16,14.38,836.87,55,65.72,1
vllm,long_output,503,70.33,14.12,847.04,56,66.11,1
vllm,long_output,504,59.19,14.93,223.46,12,53.70,1
vllm,long_output,505,68.09,15.51,238.69,12,50.27,1
vllm,long_output,506,47.67,15.34,231.69,13,56.11,1
vllm,long_output,507,49.51,15.29,232.98,13,55.80,1
vllm,long_output,508,57.68,14.35,229.86,13,56.56,1
vllm,long_output,509,52.00,15.81,257.54,14,54.36,1
vllm,long_output,510,51.69,14.69,242.66,14,57.69,1
vllm,long_output,511,55.29,14.55,244.43,14,57.28,1
vllm,long_output,512,78.32,14.46,873.73,56,64.09,1
vllm,long_output,513,46.50,15.50,263.55,15,56.91,1
vllm,long_output,514,97.47,14.22,879.64,56,63.66,1
vllm,long_output,515,54.05,14.66,259.32,15,57.84,1
vllm,long_output,516,65.72,14.58,882.22,57,64.61,1
vllm,long_output,517,87.55,14.29,887.99,57,64.19,1
vllm,long_output,518,80.23,14.30,881.01,57,64.70,1
vllm,long_output,519,60.34,14.19,869.00,58,66.74,1
vllm,long_output,520,64.74,14.13,870.08,58,66.66,1
vllm,long_output,521,68.79,14.28,882.95,58,65.69,1
vllm,long_output,522,72.33,14.72,278.47,15,53.87,1
vllm,long_output,523,58.39,15.36,288.75,16,55.41,1
vllm,long_output,524,68.66,15.48,300.85,16,53.18,1
vllm,long_output,525,85.39,14.55,303.71,16,52.68,1
vllm,long_output,526,50.81,14.40,886.04,59,66.59,1
vllm,long_output,527,72.91,14.84,310.41,17,54.77,1
vllm,long_output,528,48.30,14.37,881.68,59,66.92,1
vllm,long_output,529,49.76,15.33,294.97,17,57.63,1
vllm,long_output,530,58.59,14.38,892.60,59,66.10,1
vllm,long_output,531,72.96,14.87,310.84,17,54.69,1
vllm,long_output,532,60.11,15.01,315.26,18,57.10,1
vllm,long_output,533,63.91,15.14,321.32,18,56.02,1
vllm,long_output,534,66.45,15.04,322.15,18,55.87,1
vllm,long_output,535,50.42,14.32,895.18,60,67.03,1
vllm,long_output,536,56.91,14.83,323.84,19,58.67,1
vllm,long_output,537,49.38,15.15,322.02,19,59.00,1
vllm,long_output,538,54.99,15.19,328.33,19,57.87,1
vllm,long_output,539,68.54,14.35,915.06,60,65.57,1
vllm,long_output,540,60.20,14.67,338.87,20,59.02,1
vllm,long_output,541,55.06,14.68,334.03,20,59.88,1
vllm,long_output,542,87.35,14.23,927.01,60,64.72,1
vllm,long_output,543,61.34,15.11,348.45,20,57.40,1
vllm,long_output,544,64.58,14.38,927.49,61,65.77,1
vllm,long_output,545,89.10,14.24,943.51,61,64.65,1
vllm,long_output,546,75.71,14.47,944.21,61,64.60,1
vllm,long_output,547,47.75,15.36,355.02,21,59.15,1
vllm,long_output,548,52.67,15.40,360.62,21,58.23,1
vllm,long_output,549,55.29,15.37,362.65,21,57.91,1
vllm,long_output,550,65.96,14.46,947.97,62,65.40,1
vllm,long_output,551,64.76,14.17,929.23,62,66.72,1
vllm,long_output,552,69.81,14.23,937.78,62,66.11,1
vllm,long_output,553,58.21,14.24,941.37,63,66.92,1
vllm,long_output,554,81.48,14.60,388.09,22,56.69,1
vllm,long_output,555,81.89,14.87,394.11,22,55.82,1
vllm,long_output,556,79.75,15.26,400.13,22,54.98,1
vllm,long_output,557,68.74,15.00,398.80,23,57.67,1
vllm,long_output,558,57.25,15.29,393.72,23,58.42,1
vllm,long_output,559,72.16,15.18,406.20,23,56.62,1
vllm,long_output,560,64.93,14.36,955.33,63,65.95,1
vllm,long_output,561,67.65,14.43,962.43,63,65.46,1
vllm,long_output,562,49.81,15.59,408.33,24,58.78,1
vllm,long_output,563,68.18,14.34,971.47,64,65.88,1
vllm,long_output,564,59.79,15.10,407.00,24,58.97,1
vllm,long_output,565,60.05,15.43,414.99,24,57.83,1
vllm,long_output,566,56.38,14.46,967.36,64,66.16,1
vllm,long_output,567,66.05,14.58,984.84,64,64.99,1
vllm,long_output,568,51.18,14.52,980.67,65,66.28,1
vllm,long_output,569,56.89,14.50,985.04,65,65.99,1
vllm,long_output,570,89.55,15.53,462.27,25,54.08,1
vllm,long_output,571,83.78,15.46,454.76,25,54.97,1
vllm,long_output,572,91.66,15.65,467.18,25,53.51,1
vllm,long_output,573,58.95,14.54,989.25,65,65.71,1
vllm,long_output,574,82.34,15.26,463.95,26,56.04,1
vllm,long_output,575,57.73,14.36,990.99,66,66.60,1
vllm,long_output,576,82.62,15.25,463.96,26,56.04,1
vllm,long_output,577,63.77,15.82,459.29,26,56.61,1
vllm,long_output,578,58.48,15.79,469.05,27,57.56,1
vllm,long_output,579,55.30,15.73,464.20,27,58.16,1
vllm,long_output,580,70.37,14.37,1004.18,66,65.73,1
vllm,long_output,581,73.52,15.77,483.42,27,55.85,1
vllm,long_output,582,67.21,14.63,1018.18,66,64.82,1
vllm,long_output,583,60.35,14.40,1010.55,67,66.30,1
vllm,long_output,584,53.86,15.32,467.62,28,59.88,1
vllm,long_output,585,49.16,15.38,464.42,28,60.29,1
vllm,long_output,586,62.42,14.45,1016.43,67,65.92,1
vllm,long_output,587,52.26,16.00,484.33,28,57.81,1
vllm,long_output,588,51.18,15.40,482.32,29,60.13,1
vllm,long_output,589,57.52,16.15,509.59,29,56.91,1
vllm,long_output,590,46.55,16.60,511.48,29,56.70,1
vllm,long_output,591,68.43,15.84,527.74,30,56.85,1
vllm,long_output,592,69.20,16.12,536.81,30,55.89,1
vllm,long_output,593,66.23,16.01,530.48,30,56.55,1
vllm,long_output,594,66.04,15.50,531.13,31,58.37,1
vllm,long_output,595,51.42,16.05,533.01,31,58.16,1
vllm,long_output,596,76.64,15.54,542.97,31,57.09,1
vllm,long_output,597,65.91,15.77,554.74,32,57.68,1
vllm,long_output,598,77.59,15.25,550.25,32,58.16,1
vllm,long_output,599,63.81,15.41,557.07,33,59.24,1
vllm,long_output,600,68.44,16.28,573.03,32,55.84,1
vllm,long_output,601,58.16,15.68,559.76,33,58.95,1
vllm,long_output,602,65.51,15.12,549.26,33,60.08,1
vllm,long_output,603,54.22,15.69,571.94,34,59.45,1
vllm,long_output,604,68.37,15.81,590.08,34,57.62,1
vllm,long_output,605,62.00,15.74,581.28,34,58.49,1
vllm,long_output,606,57.14,15.79,594.03,35,58.92,1
vllm,long_output,607,72.00,15.43,612.16,36,58.81,1
vllm,long_output,608,82.05,15.79,618.94,35,56.55,1
vllm,long_output,609,100.30,15.41,624.36,35,56.06,1
vllm,long_output,610,73.77,15.61,619.97,36,58.07,1
vllm,long_output,611,75.52,15.47,616.88,36,58.36,1
vllm,long_output,612,66.88,15.45,623.08,37,59.38,1
vllm,long_output,613,66.61,15.60,628.19,37,58.90,1
vllm,long_output,614,68.63,15.45,624.81,37,59.22,1
vllm,long_output,615,62.96,15.13,622.87,38,61.01,1
vllm,long_output,616,66.47,15.32,633.27,38,60.01,1
vllm,long_output,617,69.43,15.32,636.15,38,59.73,1
vllm,long_output,618,59.01,15.32,641.21,39,60.82,1
vllm,long_output,619,63.47,15.42,649.44,39,60.05,1
vllm,long_output,620,70.87,15.27,651.09,39,59.90,1
vllm,long_output,621,81.97,15.04,668.64,40,59.82,1
vllm,long_output,622,75.86,15.18,668.04,40,59.88,1
vllm,long_output,623,79.82,15.19,672.32,40,59.50,1
vllm,long_output,624,66.96,14.97,665.78,41,61.58,1
vllm,long_output,625,63.73,15.32,676.43,41,60.61,1
vllm,long_output,626,76.63,15.02,677.56,41,60.51,1
vllm,long_output,627,68.67,15.41,700.63,42,59.95,1
vllm,long_output,628,64.03,15.29,690.76,42,60.80,1
vllm,long_output,629,66.82,15.36,696.68,42,60.29,1
vllm,long_output,630,67.49,15.26,708.51,43,60.69,1
vllm,long_output,631,65.63,15.26,706.59,43,60.86,1
vllm,long_output,632,74.78,15.38,720.61,43,59.67,1
vllm,long_output,633,49.89,15.23,704.72,44,62.44,1
vllm,long_output,634,71.63,15.44,735.66,44,59.81,1
vllm,long_output,635,99.97,15.21,753.92,44,58.36,1
vllm,long_output,636,72.34,15.49,753.97,45,59.68,1
vllm,long_output,637,67.75,15.23,753.12,46,61.08,1
vllm,long_output,638,101.30,15.00,761.35,45,59.11,1
vllm,long_output,639,65.74,15.45,760.87,46,60.46,1
vllm,long_output,640,102.91,15.18,771.03,45,58.36,1
vllm,long_output,641,97.49,14.85,765.71,46,60.08,1
vllm,long_output,642,71.99,15.05,764.14,47,61.51,1
vllm,long_output,643,96.58,14.89,781.61,47,60.13,1
vllm,long_output,644,99.70,14.84,782.28,47,60.08,1
vllm,long_output,645,92.37,14.74,785.03,48,61.14,1
vllm,long_output,646,85.07,14.93,786.91,48,61.00,1
vllm,long_output,647,84.99,15.01,790.52,48,60.72,1
vllm,long_output,648,80.41,14.73,787.34,49,62.24,1
vllm,long_output,649,73.22,14.87,786.91,49,62.27,1
vllm,long_output,650,65.83,14.83,777.53,49,63.02,1
vllm,long_output,651,56.04,14.82,782.45,50,63.90,1
vllm,long_output,652,62.07,14.83,788.94,50,63.38,1
vllm,long_output,653,60.72,14.70,781.05,50,64.02,1
vllm,long_output,654,53.95,14.74,790.84,51,64.49,1
vllm,long_output,655,50.83,15.01,170.89,9,52.67,1
vllm,long_output,656,70.30,14.54,186.61,9,48.23,1
vllm,long_output,657,62.97,14.40,178.14,9,50.52,1
vllm,long_output,658,65.93,14.55,793.48,51,64.27,1
vllm,long_output,659,66.98,14.66,799.97,51,63.75,1
vllm,long_output,660,63.29,14.53,804.30,52,64.65,1
vllm,long_output,661,70.63,14.52,811.04,52,64.12,1
vllm,long_output,662,56.04,14.30,184.77,10,54.12,1
vllm,long_output,663,51.62,14.88,185.51,10,53.91,1
vllm,long_output,664,58.37,14.59,189.67,10,52.72,1
vllm,long_output,665,68.87,14.62,814.54,52,63.84,1
vllm,long_output,666,48.32,14.29,791.65,53,66.95,1
vllm,long_output,667,57.86,13.55,193.35,11,56.89,1
vllm,long_output,668,45.45,14.77,193.12,11,56.96,1
vllm,long_output,669,57.78,14.23,200.10,11,54.97,1
vllm,long_output,670,64.60,14.32,809.20,53,65.50,1
vllm,long_output,671,61.17,14.34,218.93,12,54.81,1
vllm,long_output,672,73.69,14.44,824.50,53,64.28,1
vllm,long_output,673,56.70,14.22,810.63,54,66.62,1
vllm,long_output,674,68.15,14.22,821.57,54,65.73,1
vllm,long_output,675,47.92,14.51,207.54,12,57.82,1
vllm,long_output,676,53.90,14.46,820.25,54,65.83,1
vllm,long_output,677,59.82,15.08,225.74,12,53.16,1
vllm,long_output,678,67.46,14.37,843.54,55,65.20,1
vllm,long_output,679,59.29,14.33,231.27,13,56.21,1
vllm,long_output,680,48.18,14.33,822.08,55,66.90,1
vllm,long_output,681,53.64,14.80,231.23,13,56.22,1
vllm,long_output,682,60.44,14.32,833.57,55,65.98,1
vllm,long_output,683,56.24,14.28,841.61,56,66.54,1
vllm,long_output,684,48.86,15.20,231.32,13,56.20,1
vllm,long_output,685,51.85,14.38,842.64,56,66.46,1
vllm,long_output,686,62.82,14.65,253.24,14,55.28,1
vllm,long_output,687,82.49,13.14,253.36,14,55.26,1
vllm,long_output,688,44.72,15.22,242.53,14,57.72,1
vllm,long_output,689,55.32,14.40,861.90,57,66.13,1
vllm,long_output,690,82.26,14.31,869.07,56,64.44,1
vllm,long_output,691,69.04,14.93,278.06,15,53.95,1
vllm,long_output,692,68.35,14.60,272.75,15,55.00,1
vllm,long_output,693,74.83,14.95,284.07,15,52.80,1
vllm,long_output,694,79.08,14.33,881.28,57,64.68,1
vllm,long_output,695,71.09,14.47,881.28,57,64.68,1
vllm,long_output,696,50.90,15.28,280.04,16,57.13,1
vllm,long_output,697,56.79,15.47,288.91,16,55.38,1
vllm,long_output,698,81.44,14.24,892.98,58,64.95,1
vllm,long_output,699,72.62,14.21,882.35,58,65.73,1
vllm,long_output,700,64.72,14.95,289.04,16,55.36,1
vllm,long_output,701,71.10,14.34,888.58,58,65.27,1
vllm,long_output,702,63.87,14.06,879.56,59,67.08,1
vllm,long_output,703,74.06,14.58,307.31,17,55.32,1
vllm,long_output,704,76.03,14.94,315.09,17,53.95,1
vllm,long_output,705,56.56,14.24,882.20,59,66.88,1
vllm,long_output,706,78.32,14.79,314.93,17,53.98,1
vllm,long_output,707,65.73,14.31,895.82,59,65.86,1
vllm,long_output,708,54.84,14.37,299.19,18,60.16,1
vllm,long_output,709,61.86,14.77,312.87,18,57.53,1
vllm,long_output,710,65.61,14.69,315.39,18,57.07,1
vllm,long_output,711,57.01,14.09,888.55,60,67.53,1
vllm,long_output,712,76.66,14.10,908.66,60,66.03,1
vllm,long_output,713,73.11,14.23,912.80,60,65.73,1
vllm,long_output,714,68.04,14.14,916.45,61,66.56,1
vllm,long_output,715,60.93,15.33,336.79,19,56.41,1
vllm,long_output,716,91.44,15.28,366.56,19,51.83,1
vllm,long_output,717,82.49,15.31,357.98,19,53.08,1
vllm,long_output,718,78.15,15.12,365.48,20,54.72,1
vllm,long_output,719,74.95,14.95,359.01,20,55.71,1
vllm,long_output,720,71.99,15.23,361.28,20,55.36,1
vllm,long_output,721,75.21,14.13,923.03,61,66.09,1
vllm,long_output,722,85.47,14.14,933.80,61,65.32,1
vllm,long_output,723,68.27,15.17,371.59,21,56.51,1
vllm,long_output,724,83.20,13.94,933.81,62,66.39,1
vllm,long_output,725,71.80,14.08,930.38,62,66.64,1
vllm,long_output,726,61.30,14.16,925.24,62,67.01,1
vllm,long_output,727,54.64,15.22,358.98,21,58.50,1
vllm,long_output,728,51.54,15.66,364.76,21,57.57,1
vllm,long_output,729,49.23,14.72,358.29,22,61.40,1
vllm,long_output,730,55.09,15.09,371.88,22,59.16,1
vllm,long_output,731,51.51,14.17,930.29,63,67.72,1
vllm,long_output,732,70.17,14.95,384.19,22,57.26,1
vllm,long_output,733,46.14,15.12,378.77,23,60.72,1
vllm,long_output,734,49.99,15.07,381.45,23,60.30,1
vllm,long_output,735,65.94,14.17,944.18,63,66.72,1
vllm,long_output,736,60.11,15.48,400.58,23,57.42,1
vllm,long_output,737,69.04,14.26,953.36,63,66.08,1
vllm,long_output,738,62.43,14.32,964.48,64,66.36,1
vllm,long_output,739,46.03,15.53,403.17,24,59.53,1
vllm,long_output,740,60.38,14.08,947.16,64,67.57,1
vllm,long_output,741,61.98,15.16,410.59,24,58.45,1
vllm,long_output,742,59.99,14.34,963.38,64,66.43,1
vllm,long_output,743,60.56,15.58,418.99,24,57.28,1
vllm,long_output,744,50.63,15.55,423.76,25,59.00,1
vllm,long_output,745,57.37,14.33,974.28,65,66.72,1
vllm,long_output,746,62.35,14.21,971.72,65,66.89,1
vllm,long_output,747,53.29,15.25,419.35,25,59.62,1
vllm,long_output,748,54.15,15.44,424.60,25,58.88,1
vllm,long_output,749,50.51,15.32,433.54,26,59.97,1
vllm,long_output,750,59.96,14.40,981.87,65,66.20,1
vllm,long_output,751,78.61,15.71,471.41,26,55.15,1
vllm,long_output,752,89.27,15.74,482.70,26,53.86,1
vllm,long_output,753,63.19,14.38,997.94,66,66.14,1
vllm,long_output,754,63.31,14.48,1004.62,66,65.70,1
vllm,long_output,755,73.16,14.31,1003.27,66,65.78,1
vllm,long_output,756,69.91,14.22,1008.18,67,66.46,1
vllm,long_output,757,118.85,14.98,508.39,27,53.11,1
vllm,long_output,758,97.84,15.30,495.68,27,54.47,1
vllm,long_output,759,100.69,15.43,501.90,27,53.80,1
vllm,long_output,760,100.10,14.86,501.36,28,55.85,1
vllm,long_output,761,91.54,15.03,497.28,28,56.31,1
vllm,long_output,762,89.73,15.20,500.03,28,56.00,1
vllm,long_output,763,83.22,14.31,1027.57,67,65.20,1
vllm,long_output,764,59.91,15.24,486.75,29,59.58,1
vllm,long_output,765,79.27,15.42,510.94,29,56.76,1
vllm,long_output,766,81.39,15.41,512.88,29,56.54,1
vllm,long_output,767,75.98,14.89,507.83,30,59.07,1
vllm,long_output,768,71.45,15.19,511.86,30,58.61,1
vllm,long_output,769,92.04,16.10,558.91,30,53.68,1
vllm,long_output,770,89.32,15.86,565.01,31,54.87,1
vllm,long_output,771,82.50,16.06,564.24,31,54.94,1
vllm,long_output,772,87.15,16.07,569.13,31,54.47,1
vllm,long_output,773,67.76,15.95,562.33,32,56.91,1
vllm,long_output,774,81.96,16.04,579.15,32,55.25,1
vllm,long_output,775,76.70,16.29,581.59,32,55.02,1
vllm,long_output,776,62.34,16.01,574.68,33,57.42,1
vllm,long_output,777,61.73,16.05,575.40,33,57.35,1
vllm,long_output,778,59.19,16.02,571.79,33,57.71,1
vllm,long_output,779,52.22,15.87,576.00,34,59.03,1
vllm,long_output,780,73.06,16.32,611.59,34,55.59,1
vllm,long_output,781,77.91,16.32,616.62,34,55.14,1
vllm,long_output,782,61.12,16.28,614.73,35,56.94,1
vllm,long_output,783,72.90,16.12,620.90,35,56.37,1
vllm,long_output,784,89.51,16.09,636.53,35,54.99,1
vllm,long_output,785,96.40,15.70,645.99,36,55.73,1
vllm,long_output,786,106.99,15.73,657.45,36,54.76,1
vllm,long_output,787,108.78,15.82,662.51,36,54.34,1
vllm,long_output,788,79.12,16.04,656.70,37,56.34,1
vllm,long_output,789,87.54,15.93,660.86,37,55.99,1
vllm,long_output,790,79.91,16.10,659.67,37,56.09,1
vllm,long_output,791,96.53,15.73,678.61,38,56.00,1
vllm,long_output,792,87.48,15.72,669.14,38,56.79,1
vllm,long_output,793,88.26,15.86,674.97,38,56.30,1
vllm,long_output,794,76.71,15.69,673.11,39,57.94,1
vllm,long_output,795,72.58,15.74,670.55,39,58.16,1
vllm,long_output,796,64.66,15.68,660.50,39,59.05,1
vllm,long_output,797,64.87,15.76,679.67,40,58.85,1
vllm,long_output,798,69.24,15.76,683.80,40,58.50,1
vllm,long_output,799,65.05,15.86,683.74,40,58.50,1
vllm,long_output,800,64.69,15.57,687.54,41,59.63,1
vllm,long_output,801,52.90,15.90,688.81,41,59.52,1
vllm,long_output,802,69.46,15.68,696.81,41,58.84,1
vllm,long_output,803,55.53,15.44,688.46,42,61.01,1
vllm,long_output,804,53.11,15.52,689.28,42,60.93,1
vllm,long_output,805,73.16,15.75,718.84,42,58.43,1
vllm,long_output,806,82.76,15.61,738.26,43,58.25,1
vllm,long_output,807,65.98,15.81,730.00,43,58.90,1
vllm,long_output,808,73.03,15.86,738.98,43,58.19,1
vllm,long_output,809,64.83,15.63,736.97,44,59.70,1
vllm,long_output,810,55.23,15.56,724.24,44,60.75,1
vllm,long_output,811,59.34,15.64,731.95,44,60.11,1
vllm,long_output,812,52.76,15.63,740.43,45,60.78,1
vllm,long_output,813,68.16,15.34,743.05,45,60.56,1
vllm,long_output,814,49.20,15.71,740.42,45,60.78,1
vllm,long_output,815,52.50,15.63,756.05,46,60.84,1
vllm,long_output,816,59.71,15.55,759.31,46,60.58,1
vllm,long_output,817,46.95,15.83,759.51,46,60.57,1
vllm,long_output,818,46.70,15.70,768.87,47,61.13,1
vllm,long_output,819,54.66,15.56,770.47,47,61.00,1
vllm,long_output,820,112.30,15.00,802.17,47,58.59,1
vllm,long_output,821,108.20,14.79,803.20,48,59.76,1
vllm,long_output,822,113.18,14.67,802.83,48,59.79,1
vllm,long_output,823,98.19,14.63,800.58,49,61.21,1
vllm,long_output,824,113.73,15.00,818.50,48,58.64,1
vllm,long_output,825,97.83,14.89,812.46,49,60.31,1
vllm,long_output,826,90.95,15.13,816.95,49,59.98,1
vllm,long_output,827,93.96,14.83,820.70,50,60.92,1
vllm,long_output,828,98.71,14.75,821.41,50,60.87,1
vllm,long_output,829,106.34,14.54,818.92,50,61.06,1
vllm,long_output,830,98.68,14.62,829.58,51,61.48,1
vllm,long_output,831,77.73,14.59,807.41,51,63.17,1
vllm,long_output,832,81.13,14.53,807.79,51,63.14,1
vllm,long_output,833,47.25,15.06,167.69,9,53.67,1
vllm,long_output,834,56.91,15.71,182.58,9,49.29,1
vllm,long_output,835,52.81,14.69,801.96,52,64.84,1
vllm,long_output,836,62.53,15.58,187.20,9,48.08,1
vllm,long_output,837,52.06,14.56,794.84,52,65.42,1
vllm,long_output,838,60.21,14.59,804.48,52,64.64,1
vllm,long_output,839,53.70,13.64,176.46,10,56.67,1
vllm,long_output,840,52.36,14.50,806.22,53,65.74,1
vllm,long_output,841,72.03,14.28,814.42,53,65.08,1
vllm,long_output,842,64.47,14.49,817.76,53,64.81,1
vllm,long_output,843,43.36,14.99,178.27,10,56.09,1
vllm,long_output,844,63.92,14.40,826.86,54,65.31,1
vllm,long_output,845,69.64,14.16,819.96,54,65.86,1
vllm,long_output,846,69.53,14.29,826.64,54,65.32,1
vllm,long_output,847,74.36,15.62,214.89,10,46.53,1
vllm,long_output,848,64.54,15.34,217.90,11,50.48,1
vllm,long_output,849,62.76,15.25,215.22,11,51.11,1
vllm,long_output,850,65.28,14.28,836.56,55,65.75,1
vllm,long_output,851,54.22,14.42,832.95,55,66.03,1
vllm,long_output,852,72.73,15.62,228.89,11,48.06,1
vllm,long_output,853,59.76,15.28,227.89,12,52.66,1
vllm,long_output,854,71.56,15.30,239.83,12,50.04,1
vllm,long_output,855,78.30,13.87,230.84,12,51.98,1
vllm,long_output,856,47.55,14.41,220.47,13,58.96,1
vllm,long_output,857,58.38,15.09,239.48,13,54.28,1
vllm,long_output,858,61.78,14.82,239.58,13,54.26,1
vllm,long_output,859,60.63,14.14,823.94,55,66.75,1
vllm,long_output,860,46.26,14.85,239.27,14,58.51,1
vllm,long_output,861,56.09,14.45,244.00,14,57.38,1
vllm,long_output,862,65.39,14.22,847.43,56,66.08,1
vllm,long_output,863,78.63,14.24,861.70,56,64.99,1
vllm,long_output,864,75.54,14.06,849.11,56,65.95,1
vllm,long_output,865,56.87,14.16,849.91,57,67.07,1
vllm,long_output,866,55.44,14.18,849.28,57,67.12,1
vllm,long_output,867,51.69,14.28,851.23,57,66.96,1
vllm,long_output,868,71.48,15.48,272.69,14,51.34,1
vllm,long_output,869,69.03,15.34,283.82,15,52.85,1
vllm,long_output,870,60.02,14.08,862.32,58,67.26,1
vllm,long_output,871,80.52,15.13,292.33,15,51.31,1
vllm,long_output,872,85.03,15.08,296.18,15,50.65,1
vllm,long_output,873,66.29,14.12,870.94,58,66.59,1
vllm,long_output,874,70.56,14.83,292.99,16,54.61,1
vllm,long_output,875,81.61,14.45,298.37,16,53.62,1
vllm,long_output,876,74.44,14.62,293.76,16,54.47,1
vllm,long_output,877,66.20,14.23,877.57,58,66.09,1
vllm,long_output,878,72.79,14.09,889.92,59,66.30,1
vllm,long_output,879,64.75,14.84,302.26,17,56.24,1
vllm,long_output,880,59.41,14.16,880.87,59,66.98,1
vllm,long_output,881,58.20,14.15,879.14,59,67.11,1
vllm,long_output,882,61.86,13.94,884.15,60,67.86,1
vllm,long_output,883,67.83,14.64,302.03,17,56.29,1
vllm,long_output,884,84.18,14.26,312.35,17,54.43,1
vllm,long_output,885,61.43,13.82,296.44,18,60.72,1
vllm,long_output,886,51.99,14.79,303.40,18,59.33,1
vllm,long_output,887,58.59,14.07,888.96,60,67.49,1
vllm,long_output,888,62.52,14.13,896.29,60,66.94,1
vllm,long_output,889,53.38,15.17,311.30,18,57.82,1
vllm,long_output,890,55.63,14.18,906.52,61,67.29,1
vllm,long_output,891,48.28,15.60,329.02,19,57.75,1
vllm,long_output,892,50.55,15.47,329.06,19,57.74,1
vllm,long_output,893,59.95,15.42,337.43,19,56.31,1
vllm,long_output,894,73.11,13.97,911.48,61,66.92,1
vllm,long_output,895,67.17,14.15,916.39,61,66.57,1
vllm,long_output,896,52.59,14.13,914.28,62,67.81,1
vllm,long_output,897,62.88,14.21,929.84,62,66.68,1
vllm,long_output,898,71.16,15.02,356.45,20,56.11,1
vllm,long_output,899,88.71,14.79,369.63,20,54.11,1
vllm,long_output,900,81.39,14.97,365.81,20,54.67,1
vllm,long_output,901,69.01,14.14,931.32,62,66.57,1
vllm,long_output,902,57.92,14.62,350.30,21,59.95,1
vllm,long_output,903,64.62,15.12,367.03,21,57.22,1
vllm,long_output,904,50.70,15.47,360.03,21,58.33,1
vllm,long_output,905,53.92,14.06,925.83,63,68.05,1
vllm,long_output,906,53.95,13.99,921.30,63,68.38,1
vllm,long_output,907,59.22,14.17,937.66,63,67.19,1
vllm,long_output,908,65.14,14.70,373.77,22,58.86,1
vllm,long_output,909,76.76,14.92,390.00,22,56.41,1
vllm,long_output,910,65.32,15.44,389.50,22,56.48,1
vllm,long_output,911,69.10,15.25,404.63,23,56.84,1
vllm,long_output,912,68.14,15.53,409.83,23,56.12,1
vllm,long_output,913,66.58,14.27,965.43,64,66.29,1
vllm,long_output,914,81.97,15.30,418.65,23,54.94,1
vllm,long_output,915,67.74,15.05,413.83,24,57.99,1
vllm,long_output,916,65.99,14.24,962.89,64,66.47,1
vllm,long_output,917,83.54,15.22,433.51,24,55.36,1
vllm,long_output,918,61.13,15.60,419.98,24,57.15,1
vllm,long_output,919,55.78,15.05,417.04,25,59.95,1
vllm,long_output,920,83.69,14.14,974.70,64,65.66,1
vllm,long_output,921,56.64,14.19,964.97,65,67.36,1
vllm,long_output,922,67.37,14.20,976.21,65,66.58,1
vllm,long_output,923,79.85,14.17,986.80,65,65.87,1
vllm,long_output,924,65.86,15.35,434.31,25,57.56,1
vllm,long_output,925,58.21,15.49,430.02,25,58.14,1
vllm,long_output,926,74.21,14.12,992.27,66,66.51,1
vllm,long_output,927,48.70,14.14,968.06,66,68.18,1
vllm,long_output,928,62.43,14.16,982.55,66,67.17,1
vllm,long_output,929,57.66,15.28,439.71,26,59.13,1
vllm,long_output,930,53.99,15.54,442.62,26,58.74,1
vllm,long_output,931,49.61,15.36,433.53,26,59.97,1
vllm,long_output,932,58.67,15.27,455.77,27,59.24,1
vllm,long_output,933,55.57,14.24,995.13,67,67.33,1
vllm,long_output,934,79.35,15.84,491.07,27,54.98,1
vllm,long_output,935,79.80,15.80,490.64,27,55.03,1
vllm,long_output,936,70.43,15.33,484.27,28,57.82,1
vllm,long_output,937,73.66,15.59,494.56,28,56.62,1
vllm,long_output,938,45.93,14.44,998.87,67,67.08,1
vllm,long_output,939,70.37,15.61,491.97,28,56.91,1
vllm,long_output,940,67.89,15.49,501.70,29,57.80,1
vllm,long_output,941,69.49,15.41,500.90,29,57.90,1
vllm,long_output,942,63.69,15.53,498.41,29,58.18,1
vllm,long_output,943,55.54,15.25,497.93,30,60.25,1
vllm,long_output,944,68.11,15.22,509.54,30,58.88,1
vllm,long_output,945,73.40,15.11,511.58,30,58.64,1
vllm,long_output,946,59.06,15.17,514.28,31,60.28,1
vllm,long_output,947,76.01,14.85,521.50,31,59.44,1
vllm,long_output,948,77.66,14.80,521.71,31,59.42,1
vllm,long_output,949,64.30,14.75,521.70,32,61.34,1
vllm,long_output,950,58.99,14.93,521.76,32,61.33,1
vllm,long_output,951,67.76,14.89,529.34,32,60.45,1
vllm,long_output,952,56.85,14.68,526.67,33,62.66,1
vllm,long_output,953,53.07,14.64,521.40,33,63.29,1
vllm,long_output,954,59.79,14.58,526.21,33,62.71,1
vllm,long_output,955,59.57,14.38,533.96,34,63.67,1
vllm,long_output,956,59.81,14.53,539.44,34,63.03,1
vllm,long_output,957,48.92,14.47,526.57,34,64.57,1
vllm,long_output,958,58.23,14.02,534.95,35,65.43,1
vllm,long_output,959,56.50,14.21,539.55,35,64.87,1
vllm,long_output,960,79.35,13.89,551.53,35,63.46,1
vllm,long_output,961,60.70,13.80,543.81,36,66.20,1
vllm,long_output,962,66.74,14.01,557.07,36,64.62,1
vllm,long_output,963,67.21,13.86,552.17,36,65.20,1
vllm,long_output,964,60.26,13.64,551.46,37,67.09,1
vllm,long_output,965,62.73,13.71,556.42,37,66.50,1
vllm,long_output,966,70.81,13.55,558.78,37,66.22,1
vllm,long_output,967,64.11,13.47,562.35,38,67.57,1
vllm,long_output,968,55.76,13.70,562.62,38,67.54,1
vllm,long_output,969,63.15,13.62,566.95,38,67.03,1
vllm,long_output,970,57.35,13.48,569.41,39,68.49,1
vllm,long_output,971,63.02,13.52,576.66,39,67.63,1
vllm,long_output,972,60.39,13.50,573.38,39,68.02,1
vllm,long_output,973,50.98,13.47,576.50,40,69.38,1
vllm,long_output,974,56.66,13.49,582.76,40,68.64,1
vllm,long_output,975,63.25,13.31,582.27,40,68.70,1
vllm,long_output,976,58.02,13.37,592.68,41,69.18,1
vllm,long_output,977,46.99,13.36,581.51,41,70.51,1
vllm,long_output,978,48.61,13.32,581.27,41,70.53,1
vllm,long_output,979,53.60,13.04,588.29,42,71.39,1
vllm,long_output,980,61.44,13.05,596.30,42,70.43,1
vllm,long_output,981,53.85,13.04,588.48,42,71.37,1
vllm,long_output,982,50.20,13.01,596.45,43,72.09,1
vllm,long_output,983,53.40,12.93,596.55,43,72.08,1
vllm,long_output,984,61.30,12.95,605.14,43,71.06,1
vllm,long_output,985,57.61,12.73,605.06,44,72.72,1
vllm,long_output,986,58.91,12.81,609.91,44,72.14,1
vllm,long_output,987,79.59,12.56,619.48,44,71.03,1
vllm,long_output,988,59.91,12.56,612.55,45,73.46,1
vllm,long_output,989,56.23,12.50,606.01,45,74.26,1
vllm,long_output,990,82.18,12.23,620.42,45,72.53,1
vllm,long_output,991,74.72,12.21,624.38,46,73.67,1
vllm,long_output,992,76.65,12.25,627.90,46,73.26,1
vllm,long_output,993,75.27,12.26,627.15,46,73.35,1
vllm,long_output,994,60.41,12.23,623.08,47,75.43,1
vllm,long_output,995,66.28,12.26,630.25,47,74.57,1
vllm,long_output,996,67.50,11.91,615.43,47,76.37,1
vllm,long_output,997,61.07,11.94,622.16,48,77.15,1
vllm,long_output,998,59.23,11.84,615.65,48,77.97,1
vllm,long_output,999,64.46,11.71,614.67,48,78.09,1
sglang,few_shot,0,527.38,0.00,859.67,1,1.16,1
sglang,few_shot,1,524.20,0.00,858.41,1,1.16,1
sglang,few_shot,2,494.78,0.00,828.91,1,1.21,1
sglang,few_shot,3,550.82,0.00,874.61,1,1.14,1
sglang,few_shot,4,521.99,0.00,857.00,1,1.17,1
sglang,few_shot,5,488.50,0.00,808.32,1,1.24,1
sglang,few_shot,6,539.87,0.00,862.97,1,1.16,1
sglang,few_shot,7,507.94,0.00,853.77,1,1.17,1
sglang,few_shot,8,487.68,0.00,824.32,1,1.21,1
sglang,few_shot,9,489.78,345.51,835.30,2,2.39,1
sglang,few_shot,10,547.95,0.00,867.58,1,1.15,1
sglang,few_shot,11,553.75,0.00,876.88,1,1.14,1
sglang,few_shot,12,479.47,0.00,817.74,1,1.22,1
sglang,few_shot,13,487.66,327.28,814.94,2,2.45,1
sglang,few_shot,14,497.53,0.00,826.54,1,1.21,1
sglang,few_shot,15,493.54,333.21,826.74,2,2.42,1
sglang,few_shot,16,501.00,0.00,834.39,1,1.20,1
sglang,few_shot,17,490.88,336.00,826.89,2,2.42,1
sglang,few_shot,18,479.08,0.00,807.66,1,1.24,1
sglang,few_shot,19,511.72,360.11,871.83,2,2.29,1
sglang,few_shot,20,491.02,351.70,842.72,2,2.37,1
sglang,few_shot,21,504.88,343.62,848.50,2,2.36,1
sglang,few_shot,22,467.02,351.92,818.94,2,2.44,1
sglang,few_shot,23,483.04,0.00,839.38,1,1.19,1
sglang,few_shot,24,511.41,365.06,876.47,2,2.28,1
sglang,few_shot,25,495.03,0.00,847.10,1,1.18,1
sglang,few_shot,26,507.81,364.95,872.76,2,2.29,1
sglang,few_shot,27,475.24,0.00,819.70,1,1.22,1
sglang,few_shot,28,537.42,364.70,902.13,2,2.22,1
sglang,few_shot,29,507.29,354.06,861.35,2,2.32,1
sglang,few_shot,30,529.13,344.09,873.22,2,2.29,1
sglang,few_shot,31,751.33,0.00,819.28,1,1.22,1
sglang,few_shot,32,522.18,0.00,890.30,1,1.12,1
sglang,few_shot,33,540.89,368.23,909.13,2,2.20,1
sglang,few_shot,34,292.27,621.24,913.51,2,2.19,1
sglang,few_shot,35,519.20,360.74,879.94,2,2.27,1
sglang,few_shot,36,476.76,364.22,840.98,2,2.38,1
sglang,few_shot,37,481.14,0.00,832.90,1,1.20,1
sglang,few_shot,38,513.54,0.00,864.84,1,1.16,1
sglang,few_shot,39,506.00,369.19,875.19,2,2.29,1
sglang,few_shot,40,745.87,77.73,823.61,2,2.43,1
sglang,few_shot,41,477.91,0.00,841.10,1,1.19,1
sglang,few_shot,42,490.47,0.00,857.80,1,1.17,1
sglang,few_shot,43,521.08,0.00,881.65,1,1.13,1
sglang,few_shot,44,519.63,0.00,908.47,1,1.10,1
sglang,few_shot,45,509.70,0.00,887.08,1,1.13,1
sglang,few_shot,46,489.18,358.10,847.28,2,2.36,1
sglang,few_shot,47,518.17,378.24,896.41,2,2.23,1
sglang,few_shot,48,490.45,376.61,867.05,2,2.31,1
sglang,few_shot,49,517.64,0.00,881.47,1,1.13,1
sglang,few_shot,50,471.35,373.40,844.75,2,2.37,1
sglang,few_shot,51,520.64,386.94,907.58,2,2.20,1
sglang,few_shot,52,516.13,387.31,903.44,2,2.21,1
sglang,few_shot,53,460.58,380.63,841.21,2,2.38,1
sglang,few_shot,54,526.83,396.20,923.03,2,2.17,1
sglang,few_shot,55,501.08,0.00,881.59,1,1.13,1
sglang,few_shot,56,501.21,0.00,896.81,1,1.12,1
sglang,few_shot,57,453.23,390.14,843.37,2,2.37,1
sglang,few_shot,58,491.14,370.81,861.95,2,2.32,1
sglang,few_shot,59,516.02,403.40,919.42,2,2.18,1
sglang,few_shot,60,471.45,381.87,853.32,2,2.34,1
sglang,few_shot,61,505.34,0.00,900.17,1,1.11,1
sglang,few_shot,62,485.16,0.00,875.09,1,1.14,1
sglang,few_shot,63,508.30,408.34,916.64,2,2.18,1
sglang,few_shot,64,164.41,0.00,218.79,1,4.57,1
sglang,few_shot,65,153.28,0.00,210.06,1,4.76,1
sglang,few_shot,66,149.74,0.00,165.85,1,6.03,1
sglang,few_shot,67,209.74,0.00,228.42,1,4.38,1
sglang,few_shot,68,154.52,0.00,185.57,1,5.39,1
sglang,few_shot,69,149.32,0.00,182.70,1,5.47,1
sglang,few_shot,70,151.04,0.00,221.57,1,4.51,1
sglang,few_shot,71,145.27,0.00,169.51,1,5.90,1
sglang,few_shot,72,138.94,30.41,169.36,2,11.81,1
sglang,few_shot,73,138.25,0.00,202.68,1,4.93,1
sglang,few_shot,74,153.72,41.84,195.56,2,10.23,1
sglang,few_shot,75,147.88,0.00,192.32,1,5.20,1
sglang,few_shot,76,176.49,0.00,204.00,1,4.90,1
sglang,few_shot,77,155.21,0.00,192.55,1,5.19,1
sglang,few_shot,78,185.85,0.00,225.74,1,4.43,1
sglang,few_shot,79,150.59,40.20,190.79,2,10.48,1
sglang,few_shot,80,134.09,0.00,205.22,1,4.87,1
sglang,few_shot,81,169.41,0.00,200.96,1,4.98,1
sglang,few_shot,82,167.44,0.00,217.48,1,4.60,1
sglang,few_shot,83,144.88,0.00,226.94,1,4.41,1
sglang,few_shot,84,147.25,0.00,180.39,1,5.54,1
sglang,few_shot,85,143.60,86.62,230.22,2,8.69,1
sglang,few_shot,86,191.46,45.32,236.78,2,8.45,1
sglang,few_shot,87,115.71,0.00,196.18,1,5.10,1
sglang,few_shot,88,180.14,0.00,217.78,1,4.59,1
sglang,few_shot,89,146.82,0.00,181.66,1,5.50,1
sglang,few_shot,90,150.35,0.00,196.06,1,5.10,1
sglang,few_shot,91,199.61,0.00,248.12,1,4.03,1
sglang,few_shot,92,122.71,0.00,181.37,1,5.51,1
sglang,few_shot,93,157.86,0.00,248.38,1,4.03,1
sglang,few_shot,94,94.95,0.00,221.42,1,4.52,1
sglang,few_shot,95,164.53,0.00,219.42,1,4.56,1
sglang,few_shot,96,175.66,60.00,235.66,2,8.49,1
sglang,few_shot,97,128.53,52.79,181.32,2,11.03,1
sglang,few_shot,98,144.84,48.27,193.10,2,10.36,1
sglang,few_shot,99,147.90,0.00,201.96,1,4.95,1
sglang,few_shot,100,137.78,0.00,236.46,1,4.23,1
sglang,few_shot,101,166.55,69.97,236.52,2,8.46,1
sglang,few_shot,102,111.29,0.00,213.31,1,4.69,1
sglang,few_shot,103,137.91,98.99,236.89,2,8.44,1
sglang,few_shot,104,153.32,0.00,259.22,1,3.86,1
sglang,few_shot,105,177.15,0.00,225.92,1,4.43,1
sglang,few_shot,106,144.51,103.18,247.69,2,8.07,1
sglang,few_shot,107,101.41,0.00,204.34,1,4.89,1
sglang,few_shot,108,145.80,108.31,254.11,2,7.87,1
sglang,few_shot,109,145.86,62.22,208.08,2,9.61,1
sglang,few_shot,110,175.92,0.00,244.38,1,4.09,1
sglang,few_shot,111,137.87,62.01,199.88,2,10.01,1
sglang,few_shot,112,172.59,67.21,239.80,2,8.34,1
sglang,few_shot,113,146.00,73.78,219.78,2,9.10,1
sglang,few_shot,114,177.58,0.00,259.47,1,3.85,1
sglang,few_shot,115,160.92,65.55,226.47,2,8.83,1
sglang,few_shot,116,136.70,120.29,256.99,2,7.78,1
sglang,few_shot,117,135.37,0.00,201.91,1,4.95,1
sglang,few_shot,118,124.92,85.29,210.21,2,9.51,1
sglang,few_shot,119,139.54,85.08,224.62,2,8.90,1
sglang,few_shot,120,149.11,0.00,231.11,1,4.33,1
sglang,few_shot,121,142.09,95.19,237.28,2,8.43,1
sglang,few_shot,122,134.51,85.18,219.69,2,9.10,1
sglang,few_shot,123,123.65,127.05,250.70,2,7.98,1
sglang,few_shot,124,151.08,84.89,235.97,2,8.48,1
sglang,few_shot,125,170.46,0.00,267.33,1,3.74,1
sglang,few_shot,126,146.58,0.00,245.15,1,4.08,1
sglang,few_shot,127,146.11,109.79,255.90,2,7.82,1
sglang,few_shot,128,120.11,0.00,172.00,1,5.81,1
sglang,few_shot,129,166.00,0.00,187.30,1,5.34,1
sglang,few_shot,130,104.20,0.00,165.34,1,6.05,1
sglang,few_shot,131,135.05,0.00,155.39,1,6.44,1
sglang,few_shot,132,140.39,0.00,174.69,1,5.72,1
sglang,few_shot,133,87.77,62.53,150.31,2,13.31,1
sglang,few_shot,134,168.51,36.36,204.87,2,9.76,1
sglang,few_shot,135,142.25,0.00,210.83,1,4.74,1
sglang,few_shot,136,159.10,0.00,179.84,1,5.56,1
sglang,few_shot,137,140.61,35.10,175.71,2,11.38,1
sglang,few_shot,138,148.96,0.00,218.08,1,4.59,1
sglang,few_shot,139,126.57,75.85,202.41,2,9.88,1
sglang,few_shot,140,124.96,79.30,204.26,2,9.79,1
sglang,few_shot,141,116.14,0.00,163.55,1,6.11,1
sglang,few_shot,142,192.16,0.00,197.49,1,5.06,1
sglang,few_shot,143,116.80,0.00,197.43,1,5.06,1
sglang,few_shot,144,134.67,0.00,184.15,1,5.43,1
sglang,few_shot,145,159.43,0.00,234.05,1,4.27,1
sglang,few_shot,146,153.11,0.00,201.69,1,4.96,1
sglang,few_shot,147,97.45,78.08,175.53,2,11.39,1
sglang,few_shot,148,128.18,78.10,206.28,2,9.70,1
sglang,few_shot,149,138.01,81.44,219.44,2,9.11,1
sglang,few_shot,150,187.92,52.52,240.44,2,8.32,1
sglang,few_shot,151,129.50,49.76,179.26,2,11.16,1
sglang,few_shot,152,165.69,48.37,214.06,2,9.34,1
sglang,few_shot,153,137.01,90.53,227.54,2,8.79,1
sglang,few_shot,154,132.53,45.28,223.09,3,13.45,0
sglang,few_shot,155,123.53,0.00,175.82,1,5.69,1
sglang,few_shot,156,135.46,97.27,232.73,2,8.59,1
sglang,few_shot,157,175.72,65.50,241.22,2,8.29,1
sglang,few_shot,158,123.46,57.59,181.05,2,11.05,1
sglang,few_shot,159,173.51,0.00,242.25,1,4.13,1
sglang,few_shot,160,163.61,55.58,219.19,2,9.12,1
sglang,few_shot,161,169.00,0.00,222.16,1,4.50,1
sglang,few_shot,162,140.79,67.37,208.16,2,9.61,1
sglang,few_shot,163,151.25,49.73,200.98,2,9.95,1
sglang,few_shot,164,151.21,63.29,214.50,2,9.32,1
sglang,few_shot,165,118.27,0.00,190.29,1,5.26,1
sglang,few_shot,166,102.56,103.62,206.18,2,9.70,1
sglang,few_shot,167,137.43,68.61,206.04,2,9.71,1
sglang,few_shot,168,185.78,0.00,247.67,1,4.04,1
sglang,few_shot,169,150.18,45.74,195.92,2,10.21,1
sglang,few_shot,170,134.43,0.00,197.87,1,5.05,1
sglang,few_shot,171,116.59,0.00,224.31,1,4.46,1
sglang,few_shot,172,141.09,67.44,208.53,2,9.59,1
sglang,few_shot,173,121.89,0.00,185.97,1,5.38,1
sglang,few_shot,174,159.88,0.00,229.51,1,4.36,1
sglang,few_shot,175,184.66,63.94,248.60,2,8.04,1
sglang,few_shot,176,114.02,82.33,196.35,2,10.19,1
sglang,few_shot,177,169.03,55.23,224.26,2,8.92,1
sglang,few_shot,178,123.90,0.00,210.81,1,4.74,1
sglang,few_shot,179,148.54,0.00,223.46,1,4.48,1
sglang,few_shot,180,157.34,78.74,236.09,2,8.47,1
sglang,few_shot,181,134.92,0.00,257.03,1,3.89,1
sglang,few_shot,182,150.18,0.00,218.33,1,4.58,1
sglang,few_shot,183,169.25,0.00,256.20,1,3.90,1
sglang,few_shot,184,174.81,75.69,250.51,2,7.98,1
sglang,few_shot,185,197.64,0.00,275.59,1,3.63,1
sglang,few_shot,186,150.53,0.00,237.16,1,4.22,1
sglang,few_shot,187,144.95,0.00,225.81,1,4.43,1
sglang,few_shot,188,174.79,0.00,268.00,1,3.73,1
sglang,few_shot,189,166.53,96.69,263.22,2,7.60,1
sglang,few_shot,190,113.26,164.48,277.75,2,7.20,1
sglang,few_shot,191,193.37,0.00,285.52,1,3.50,1
sglang,few_shot,192,156.24,0.00,171.28,1,5.84,1
sglang,few_shot,193,97.80,0.00,158.80,1,6.30,1
sglang,few_shot,194,131.58,0.00,162.65,1,6.15,1
sglang,few_shot,195,159.07,0.00,187.00,1,5.35,1
sglang,few_shot,196,116.44,0.00,181.80,1,5.50,1
sglang,few_shot,197,125.00,0.00,148.39,1,6.74,1
sglang,few_shot,198,136.71,0.00,171.01,1,5.85,1
sglang,few_shot,199,132.50,0.00,199.79,1,5.01,1
sglang,few_shot,200,109.19,0.00,182.72,1,5.47,1
sglang,few_shot,201,168.26,0.00,204.86,1,4.88,1
sglang,few_shot,202,146.84,0.00,162.12,1,6.17,1
sglang,few_shot,203,124.74,0.00,166.84,1,5.99,1
sglang,few_shot,204,133.47,0.00,174.38,1,5.73,1
sglang,few_shot,205,188.89,0.00,220.85,1,4.53,1
sglang,few_shot,206,127.30,0.00,152.24,1,6.57,1
sglang,few_shot,207,134.51,0.00,182.37,1,5.48,1
sglang,few_shot,208,152.30,0.00,231.09,1,4.33,1
sglang,few_shot,209,116.43,0.00,201.22,1,4.97,1
sglang,few_shot,210,146.54,0.00,195.56,1,5.11,1
sglang,few_shot,211,105.70,0.00,218.52,1,4.58,1
sglang,few_shot,212,193.08,0.00,221.71,1,4.51,1
sglang,few_shot,213,189.36,0.00,214.30,1,4.67,1
sglang,few_shot,214,171.89,0.00,210.11,1,4.76,1
sglang,few_shot,215,125.05,0.00,213.16,1,4.69,1
sglang,few_shot,216,162.17,0.00,197.92,1,5.05,1
sglang,few_shot,217,117.62,0.00,176.22,1,5.67,1
sglang,few_shot,218,134.71,0.00,223.15,1,4.48,1
sglang,few_shot,219,117.98,0.00,170.70,1,5.86,1
sglang,few_shot,220,144.63,0.00,190.58,1,5.25,1
sglang,few_shot,221,149.64,0.00,242.78,1,4.12,1
sglang,few_shot,222,157.34,0.00,204.02,1,4.90,1
sglang,few_shot,223,203.20,0.00,208.00,1,4.81,1
sglang,few_shot,224,127.86,0.00,176.90,1,5.65,1
sglang,few_shot,225,190.73,0.00,244.97,1,4.08,1
sglang,few_shot,226,148.22,0.00,195.53,1,5.11,1
sglang,few_shot,227,156.48,0.00,229.18,1,4.36,1
sglang,few_shot,228,163.95,0.00,220.41,1,4.54,1
sglang,few_shot,229,131.25,0.00,188.31,1,5.31,1
sglang,few_shot,230,139.71,0.00,200.48,1,4.99,1
sglang,few_shot,231,152.49,0.00,227.09,1,4.40,1
sglang,few_shot,232,157.10,0.00,231.03,1,4.33,1
sglang,few_shot,233,152.54,86.92,239.46,2,8.35,1
sglang,few_shot,234,176.13,35.29,211.42,2,9.46,1
sglang,few_shot,235,130.43,120.96,251.40,2,7.96,1
sglang,few_shot,236,125.59,80.87,206.46,2,9.69,1
sglang,few_shot,237,168.68,94.99,263.67,2,7.59,1
sglang,few_shot,238,176.33,28.06,204.39,2,9.79,1
sglang,few_shot,239,124.98,88.96,213.95,2,9.35,1
sglang,few_shot,240,132.49,99.17,231.66,2,8.63,1
sglang,few_shot,241,136.95,129.44,266.39,2,7.51,1
sglang,few_shot,242,147.17,87.31,234.48,2,8.53,1
sglang,few_shot,243,128.64,91.70,220.34,2,9.08,1
sglang,few_shot,244,184.39,95.67,280.06,2,7.14,1
sglang,few_shot,245,159.70,81.79,241.49,2,8.28,1
sglang,few_shot,246,107.67,138.58,246.25,2,8.12,1
sglang,few_shot,247,125.23,93.55,218.78,2,9.14,1
sglang,few_shot,248,164.69,97.06,261.75,2,7.64,1
sglang,few_shot,249,111.44,94.06,205.50,2,9.73,1
sglang,few_shot,250,130.22,140.92,271.14,2,7.38,1
sglang,few_shot,251,149.36,91.39,240.75,2,8.31,1
sglang,few_shot,252,118.30,102.65,220.95,2,9.05,1
sglang,few_shot,253,120.24,112.86,233.11,2,8.58,1
sglang,few_shot,254,121.69,123.63,245.32,2,8.15,1
sglang,few_shot,255,143.44,113.14,256.57,2,7.80,1
sglang,few_shot,256,115.87,0.00,189.60,1,5.27,1
sglang,few_shot,257,113.07,0.00,189.02,1,5.29,1
sglang,few_shot,258,138.35,0.00,153.54,1,6.51,1
sglang,few_shot,259,155.34,0.00,177.50,1,5.63,1
sglang,few_shot,260,151.33,0.00,204.35,1,4.89,1
sglang,few_shot,261,130.21,0.00,183.83,1,5.44,1
sglang,few_shot,262,123.61,0.00,183.09,1,5.46,1
sglang,few_shot,263,121.49,22.06,143.55,2,13.93,1
sglang,few_shot,264,121.60,0.00,175.99,1,5.68,1
sglang,few_shot,265,108.62,0.00,197.33,1,5.07,1
sglang,few_shot,266,117.67,0.00,150.75,1,6.63,1
sglang,few_shot,267,158.13,0.00,192.52,1,5.19,1
sglang,few_shot,268,92.45,0.00,122.29,1,8.18,1
sglang,few_shot,269,112.67,0.00,204.76,1,4.88,1
sglang,few_shot,270,108.31,0.00,149.01,1,6.71,1
sglang,few_shot,271,139.34,28.25,167.60,2,11.93,1
sglang,few_shot,272,121.71,0.00,194.14,1,5.15,1
sglang,few_shot,273,128.16,0.00,157.67,1,6.34,1
sglang,few_shot,274,115.52,0.00,185.80,1,5.38,1
sglang,few_shot,275,115.52,0.00,161.64,1,6.19,1
sglang,few_shot,276,135.43,0.00,209.51,1,4.77,1
sglang,few_shot,277,176.71,41.85,218.56,2,9.15,1
sglang,few_shot,278,98.08,0.00,151.16,1,6.62,1
sglang,few_shot,279,136.47,0.00,209.62,1,4.77,1
sglang,few_shot,280,113.34,39.27,152.61,2,13.11,1
sglang,few_shot,281,126.66,84.36,211.02,2,9.48,1
sglang,few_shot,282,116.92,0.00,196.30,1,5.09,1
sglang,few_shot,283,103.60,0.00,154.51,1,6.47,1
sglang,few_shot,284,92.72,45.88,138.60,2,14.43,1
sglang,few_shot,285,125.21,78.86,204.07,2,9.80,0
sglang,few_shot,286,125.79,53.86,179.65,2,11.13,1
sglang,few_shot,287,113.24,0.00,169.50,1,5.90,1
sglang,few_shot,288,126.53,0.00,172.66,1,5.79,1
sglang,few_shot,289,113.83,54.01,167.85,2,11.92,1
sglang,few_shot,290,147.82,91.47,239.29,2,8.36,1
sglang,few_shot,291,162.77,67.20,229.97,2,8.70,1
sglang,few_shot,292,120.05,0.00,207.21,1,4.83,1
sglang,few_shot,293,115.10,86.36,201.46,2,9.93,1
sglang,few_shot,294,115.21,46.48,208.17,3,14.41,1
sglang,few_shot,295,130.04,0.00,230.24,1,4.34,1
sglang,few_shot,296,111.04,0.00,169.97,1,5.88,1
sglang,few_shot,297,118.08,58.12,176.20,2,11.35,1
sglang,few_shot,298,125.58,92.34,217.92,2,9.18,1
sglang,few_shot,299,165.91,60.05,225.96,2,8.85,1
sglang,few_shot,300,97.72,0.00,162.59,1,6.15,1
sglang,few_shot,301,101.45,43.40,231.65,4,17.27,1
sglang,few_shot,302,137.30,77.63,214.93,2,9.31,1
sglang,few_shot,303,100.84,107.87,208.71,2,9.58,1
sglang,few_shot,304,106.86,0.00,177.85,1,5.62,1
sglang,few_shot,305,116.93,0.00,252.67,1,3.96,1
sglang,few_shot,306,142.91,86.10,229.00,2,8.73,1
sglang,few_shot,307,110.04,0.00,217.85,1,4.59,1
sglang,few_shot,308,122.19,0.00,209.11,1,4.78,1
sglang,few_shot,309,168.15,82.95,251.10,2,7.97,1
sglang,few_shot,310,126.43,109.10,235.53,2,8.49,1
sglang,few_shot,311,125.34,0.00,204.67,1,4.89,1
sglang,few_shot,312,118.48,76.65,195.13,2,10.25,1
sglang,few_shot,313,139.80,118.03,257.83,2,7.76,1
sglang,few_shot,314,135.46,0.00,226.84,1,4.41,1
sglang,few_shot,315,118.93,81.23,200.15,2,9.99,1
sglang,few_shot,316,142.89,19.04,257.14,7,27.22,0
sglang,few_shot,317,101.36,0.00,191.62,1,5.22,1
sglang,few_shot,318,84.72,0.00,178.01,1,5.62,1
sglang,few_shot,319,136.36,0.00,236.54,1,4.23,1
sglang,few_shot,320,136.27,0.00,190.33,1,5.25,1
sglang,few_shot,321,152.80,64.74,217.54,2,9.19,1
sglang,few_shot,322,182.57,17.84,200.41,2,9.98,1
sglang,few_shot,323,154.03,17.15,171.18,2,11.68,1
sglang,few_shot,324,152.91,0.00,168.68,1,5.93,1
sglang,few_shot,325,143.01,0.00,153.00,1,6.54,1
sglang,few_shot,326,181.00,0.00,191.23,1,5.23,1
sglang,few_shot,327,122.40,35.87,158.27,2,12.64,1
sglang,few_shot,328,155.72,10.35,166.07,2,12.04,0
sglang,few_shot,329,161.63,22.26,183.88,2,10.88,1
sglang,few_shot,330,145.08,0.00,190.48,1,5.25,1
sglang,few_shot,331,140.16,0.00,155.30,1,6.44,1
sglang,few_shot,332,99.93,77.75,177.68,2,11.26,1
sglang,few_shot,333,156.92,26.75,183.67,2,10.89,1
sglang,few_shot,334,159.08,0.00,210.58,1,4.75,1
sglang,few_shot,335,124.73,0.00,167.83,1,5.96,1
sglang,few_shot,336,184.16,20.43,204.59,2,9.78,1
sglang,few_shot,337,138.53,83.04,221.57,2,9.03,1
sglang,few_shot,338,137.96,0.00,177.45,1,5.64,1
sglang,few_shot,339,162.74,0.00,200.97,1,4.98,1
sglang,few_shot,340,148.87,10.43,159.30,2,12.55,1
sglang,few_shot,341,190.49,46.89,237.39,2,8.43,1
sglang,few_shot,342,158.89,55.10,213.99,2,9.35,1
sglang,few_shot,343,191.89,0.00,222.30,1,4.50,1
sglang,few_shot,344,117.06,0.00,170.22,1,5.87,1
sglang,few_shot,345,130.58,12.40,180.19,5,27.75,1
sglang,few_shot,346,148.70,0.00,200.08,1,5.00,1
sglang,few_shot,347,158.40,0.00,218.20,1,4.58,1
sglang,few_shot,348,141.19,21.57,205.91,4,19.43,0
sglang,few_shot,349,127.72,96.14,223.86,2,8.93,1
sglang,few_shot,350,124.17,0.00,178.60,1,5.60,1
sglang,few_shot,351,186.72,50.55,237.27,2,8.43,1
sglang,few_shot,352,149.58,0.00,189.71,1,5.27,1
sglang,few_shot,353,232.37,0.00,242.70,1,4.12,1
sglang,few_shot,354,98.67,0.00,200.43,1,4.99,1
sglang,few_shot,355,108.57,0.00,238.47,1,4.19,1
sglang,few_shot,356,169.82,0.00,242.86,1,4.12,1
sglang,few_shot,357,120.04,0.00,188.79,1,5.30,1
sglang,few_shot,358,123.63,0.00,180.50,1,5.54,1
sglang,few_shot,359,137.09,0.00,202.95,1,4.93,1
sglang,few_shot,360,152.91,0.00,208.23,1,4.80,1
sglang,few_shot,361,147.69,0.00,225.41,1,4.44,1
sglang,few_shot,362,154.80,0.00,227.05,1,4.40,1
sglang,few_shot,363,113.01,107.49,220.50,2,9.07,1
sglang,few_shot,364,125.48,62.50,187.98,2,10.64,1
sglang,few_shot,365,111.63,0.00,220.12,1,4.54,1
sglang,few_shot,366,190.84,0.00,265.85,1,3.76,1
sglang,few_shot,367,129.50,0.00,242.85,1,4.12,1
sglang,few_shot,368,165.02,71.00,236.02,2,8.47,1
sglang,few_shot,369,129.19,85.74,214.92,2,9.31,1
sglang,few_shot,370,122.14,0.00,199.35,1,5.02,1
sglang,few_shot,371,137.11,0.00,254.01,1,3.94,1
sglang,few_shot,372,157.16,85.44,242.60,2,8.24,1
sglang,few_shot,373,179.39,89.99,269.38,2,7.42,0
sglang,few_shot,374,182.29,0.00,269.11,1,3.72,1
sglang,few_shot,375,159.88,89.77,249.65,2,8.01,1
sglang,few_shot,376,122.04,87.82,209.86,2,9.53,1
sglang,few_shot,377,213.88,0.00,221.39,1,4.52,1
sglang,few_shot,378,155.26,83.75,239.01,2,8.37,1
sglang,few_shot,379,232.69,0.00,249.63,1,4.01,1
sglang,few_shot,380,148.46,0.00,276.44,1,3.62,1
sglang,few_shot,381,146.03,0.00,225.28,1,4.44,1
sglang,few_shot,382,129.40,0.00,223.92,1,4.47,1
sglang,few_shot,383,156.71,80.93,237.64,2,8.42,1
sglang,few_shot,384,104.96,0.00,179.84,1,5.56,1
sglang,few_shot,385,143.17,0.00,182.58,1,5.48,1
sglang,few_shot,386,166.23,0.00,210.25,1,4.76,1
sglang,few_shot,387,94.36,0.00,172.65,1,5.79,1
sglang,few_shot,388,138.21,0.00,189.72,1,5.27,1
sglang,few_shot,389,161.35,0.00,214.48,1,4.66,1
sglang,few_shot,390,169.47,0.00,213.38,1,4.69,1
sglang,few_shot,391,193.90,0.00,207.03,1,4.83,1
sglang,few_shot,392,142.12,0.00,200.70,1,4.98,1
sglang,few_shot,393,145.59,0.00,200.04,1,5.00,1
sglang,few_shot,394,142.33,0.00,170.77,1,5.86,1
sglang,few_shot,395,147.78,0.00,207.86,1,4.81,1
sglang,few_shot,396,164.06,0.00,192.79,1,5.19,1
sglang,few_shot,397,161.38,34.07,195.44,2,10.23,1
sglang,few_shot,398,134.71,0.00,172.88,1,5.78,1
sglang,few_shot,399,192.40,27.00,219.40,2,9.12,1
sglang,few_shot,400,153.31,0.00,213.42,1,4.69,1
sglang,few_shot,401,116.41,0.00,246.37,1,4.06,1
sglang,few_shot,402,135.24,100.61,235.85,2,8.48,1
sglang,few_shot,403,160.07,0.00,226.89,1,4.41,1
sglang,few_shot,404,135.02,0.00,181.47,1,5.51,1
sglang,few_shot,405,83.29,105.23,188.52,2,10.61,1
sglang,few_shot,406,135.58,0.00,174.72,1,5.72,1
sglang,few_shot,407,147.12,76.28,223.40,2,8.95,1
sglang,few_shot,408,135.02,52.59,187.62,2,10.66,1
sglang,few_shot,409,171.39,38.12,209.51,2,9.55,1
sglang,few_shot,410,137.21,72.52,209.73,2,9.54,1
sglang,few_shot,411,146.54,84.13,230.67,2,8.67,1
sglang,few_shot,412,162.06,41.91,203.97,2,9.81,1
sglang,few_shot,413,138.18,0.00,252.63,1,3.96,1
sglang,few_shot,414,168.51,55.64,224.15,2,8.92,1
sglang,few_shot,415,167.86,79.03,246.89,2,8.10,0
sglang,few_shot,416,151.62,0.00,212.46,1,4.71,1
sglang,few_shot,417,184.52,0.00,239.67,1,4.17,1
sglang,few_shot,418,174.10,82.68,256.78,2,7.79,1
sglang,few_shot,419,138.59,0.00,191.78,1,5.21,1
sglang,few_shot,420,170.75,0.00,233.20,1,4.29,1
sglang,few_shot,421,142.17,68.50,210.67,2,9.49,1
sglang,few_shot,422,159.06,0.00,214.17,1,4.67,1
sglang,few_shot,423,171.79,91.08,262.87,2,7.61,1
sglang,few_shot,424,150.71,0.00,215.60,1,4.64,1
sglang,few_shot,425,158.40,0.00,220.26,1,4.54,1
sglang,few_shot,426,140.88,62.18,203.06,2,9.85,1
sglang,few_shot,427,146.45,62.96,209.41,2,9.55,1
sglang,few_shot,428,117.33,97.92,215.25,2,9.29,1
sglang,few_shot,429,185.91,0.00,252.29,1,3.96,1
sglang,few_shot,430,159.01,0.00,235.84,1,4.24,1
sglang,few_shot,431,126.01,78.99,205.01,2,9.76,1
sglang,few_shot,432,166.32,0.00,230.16,1,4.34,1
sglang,few_shot,433,97.57,132.24,229.80,2,8.70,1
sglang,few_shot,434,108.16,134.25,242.41,2,8.25,1
sglang,few_shot,435,139.80,64.60,204.40,2,9.78,1
sglang,few_shot,436,126.21,80.85,207.06,2,9.66,0
sglang,few_shot,437,159.90,76.22,236.12,2,8.47,0
sglang,few_shot,438,149.65,76.13,225.78,2,8.86,1
sglang,few_shot,439,127.46,78.57,206.03,2,9.71,1
sglang,few_shot,440,151.48,0.00,257.96,1,3.88,1
sglang,few_shot,441,163.63,115.39,279.02,2,7.17,1
sglang,few_shot,442,193.25,0.00,269.30,1,3.71,1
sglang,few_shot,443,168.56,79.61,248.17,2,8.06,1
sglang,few_shot,444,135.81,117.35,253.16,2,7.90,1
sglang,few_shot,445,144.34,88.89,233.23,2,8.58,1
sglang,few_shot,446,151.67,119.75,271.41,2,7.37,1
sglang,few_shot,447,110.99,118.41,229.40,2,8.72,1
sglang,few_shot,448,167.21,0.00,186.97,1,5.35,1
sglang,few_shot,449,153.21,0.00,200.24,1,4.99,1
sglang,few_shot,450,106.19,0.00,165.34,1,6.05,1
sglang,few_shot,451,207.04,0.00,211.66,1,4.72,1
sglang,few_shot,452,150.78,0.00,206.96,1,4.83,1
sglang,few_shot,453,170.34,0.00,226.30,1,4.42,1
sglang,few_shot,454,168.00,0.00,178.04,1,5.62,1
sglang,few_shot,455,160.98,68.91,229.88,2,8.70,1
sglang,few_shot,456,150.79,0.00,217.01,1,4.61,1
sglang,few_shot,457,153.48,24.37,177.85,2,11.25,1
sglang,few_shot,458,140.05,0.00,211.66,1,4.72,1
sglang,few_shot,459,144.83,0.00,188.21,1,5.31,1
sglang,few_shot,460,169.12,0.00,197.80,1,5.06,1
sglang,few_shot,461,131.93,41.61,173.54,2,11.52,0
sglang,few_shot,462,103.61,0.00,180.10,1,5.55,1
sglang,few_shot,463,149.69,0.00,195.26,1,5.12,1
sglang,few_shot,464,147.13,20.80,167.92,2,11.91,1
sglang,few_shot,465,149.98,0.00,194.00,1,5.15,1
sglang,few_shot,466,174.41,0.00,206.43,1,4.84,1
sglang,few_shot,467,131.37,79.38,210.75,2,9.49,1
sglang,few_shot,468,158.88,18.93,177.80,2,11.25,1
sglang,few_shot,469,194.29,0.00,241.90,1,4.13,1
sglang,few_shot,470,143.17,0.00,185.33,1,5.40,1
sglang,few_shot,471,131.29,0.00,178.45,1,5.60,1
sglang,few_shot,472,121.22,0.00,207.66,1,4.82,1
sglang,few_shot,473,174.71,25.16,199.87,2,10.01,1
sglang,few_shot,474,178.93,0.00,233.46,1,4.28,1
sglang,few_shot,475,154.16,0.00,246.58,1,4.06,1
sglang,few_shot,476,148.57,88.39,236.96,2,8.44,1
sglang,few_shot,477,141.21,0.00,191.37,1,5.23,1
sglang,few_shot,478,136.59,89.63,226.22,2,8.84,1
sglang,few_shot,479,147.28,0.00,197.03,1,5.08,1
sglang,few_shot,480,120.69,91.36,212.05,2,9.43,1
sglang,few_shot,481,154.49,48.40,202.89,2,9.86,1
sglang,few_shot,482,145.06,50.26,195.32,2,10.24,1
sglang,few_shot,483,155.32,63.45,218.77,2,9.14,1
sglang,few_shot,484,186.44,72.00,258.44,2,7.74,1
sglang,few_shot,485,169.61,59.67,229.29,2,8.72,1
sglang,few_shot,486,151.34,61.86,213.20,2,9.38,1
sglang,few_shot,487,169.74,57.12,226.87,2,8.82,1
sglang,few_shot,488,150.51,106.20,256.72,2,7.79,1
sglang,few_shot,489,134.13,72.82,206.95,2,9.66,1
sglang,few_shot,490,201.22,0.00,262.16,1,3.81,1
sglang,few_shot,491,102.50,112.62,215.12,2,9.30,1
sglang,few_shot,492,169.29,78.50,247.79,2,8.07,1
sglang,few_shot,493,134.15,0.00,246.72,1,4.05,1
sglang,few_shot,494,126.81,0.00,207.31,1,4.82,1
sglang,few_shot,495,152.67,78.53,231.20,2,8.65,1
sglang,few_shot,496,121.08,0.00,198.11,1,5.05,1
sglang,few_shot,497,168.33,74.21,242.54,2,8.25,1
sglang,few_shot,498,170.70,78.33,249.03,2,8.03,1
sglang,few_shot,499,129.95,0.00,280.18,1,3.57,1
sglang,few_shot,500,185.82,0.00,261.59,1,3.82,1
sglang,few_shot,501,128.22,77.57,205.79,2,9.72,1
sglang,few_shot,502,141.13,84.96,226.08,2,8.85,0
sglang,few_shot,503,152.38,82.68,235.07,2,8.51,1
sglang,few_shot,504,137.08,77.07,214.15,2,9.34,1
sglang,few_shot,505,168.96,86.62,255.58,2,7.83,1
sglang,few_shot,506,162.94,0.00,259.75,1,3.85,1
sglang,few_shot,507,140.29,93.69,233.98,2,8.55,1
sglang,few_shot,508,234.29,0.00,257.39,1,3.89,1
sglang,few_shot,509,141.17,89.87,231.05,2,8.66,1
sglang,few_shot,510,199.80,0.00,281.22,1,3.56,1
sglang,few_shot,511,155.20,102.29,257.49,2,7.77,1
sglang,few_shot,512,105.76,0.00,161.43,1,6.19,1
sglang,few_shot,513,128.49,0.00,181.86,1,5.50,1
sglang,few_shot,514,149.54,0.00,171.76,1,5.82,1
sglang,few_shot,515,132.84,0.00,190.99,1,5.24,1
sglang,few_shot,516,118.29,0.00,206.73,1,4.84,1
sglang,few_shot,517,129.61,0.00,134.75,1,7.42,1
sglang,few_shot,518,156.38,0.00,174.50,1,5.73,1
sglang,few_shot,519,150.12,0.00,185.19,1,5.40,1
sglang,few_shot,520,128.83,61.27,190.10,2,10.52,1
sglang,few_shot,521,125.17,62.96,188.13,2,10.63,1
sglang,few_shot,522,119.54,0.00,150.83,1,6.63,1
sglang,few_shot,523,151.44,0.00,184.11,1,5.43,1
sglang,few_shot,524,148.91,0.00,153.89,1,6.50,1
sglang,few_shot,525,181.44,0.00,202.06,1,4.95,1
sglang,few_shot,526,169.28,10.00,179.28,2,11.16,1
sglang,few_shot,527,141.94,0.00,175.77,1,5.69,1
sglang,few_shot,528,109.20,0.00,180.17,1,5.55,1
sglang,few_shot,529,126.08,31.07,157.15,2,12.73,1
sglang,few_shot,530,161.03,72.04,233.07,2,8.58,1
sglang,few_shot,531,147.64,25.40,173.04,2,11.56,1
sglang,few_shot,532,127.88,73.39,201.27,2,9.94,1
sglang,few_shot,533,138.27,0.00,186.46,1,5.36,1
sglang,few_shot,534,144.30,78.45,222.76,2,8.98,1
sglang,few_shot,535,131.36,31.92,163.28,2,12.25,1
sglang,few_shot,536,132.05,0.00,174.59,1,5.73,1
sglang,few_shot,537,120.51,39.83,160.34,2,12.47,1
sglang,few_shot,538,132.94,89.83,222.76,2,8.98,0
sglang,few_shot,539,93.75,0.00,184.53,1,5.42,1
sglang,few_shot,540,141.57,0.00,203.80,1,4.91,1
sglang,few_shot,541,135.62,41.83,177.45,2,11.27,0
sglang,few_shot,542,124.98,0.00,217.09,1,4.61,1
sglang,few_shot,543,150.87,0.00,205.41,1,4.87,1
sglang,few_shot,544,134.73,49.67,184.40,2,10.85,1
sglang,few_shot,545,180.79,0.00,234.80,1,4.26,1
sglang,few_shot,546,146.98,0.00,246.07,1,4.06,1
sglang,few_shot,547,136.38,65.67,202.05,2,9.90,1
sglang,few_shot,548,136.00,0.00,192.45,1,5.20,1
sglang,few_shot,549,148.17,52.68,200.85,2,9.96,1
sglang,few_shot,550,113.92,0.00,178.82,1,5.59,1
sglang,few_shot,551,151.66,75.42,227.08,2,8.81,1
sglang,few_shot,552,112.06,0.00,183.61,1,5.45,1
sglang,few_shot,553,113.87,75.76,189.62,2,10.55,1
sglang,few_shot,554,124.46,0.00,183.79,1,5.44,1
sglang,few_shot,555,131.00,0.00,198.10,1,5.05,1
sglang,few_shot,556,146.50,0.00,218.81,1,4.57,1
sglang,few_shot,557,178.79,66.07,244.86,2,8.17,1
sglang,few_shot,558,148.62,0.00,225.66,1,4.43,1
sglang,few_shot,559,153.86,0.00,228.17,1,4.38,1
sglang,few_shot,560,155.87,0.00,236.53,1,4.23,1
sglang,few_shot,561,147.99,108.67,256.66,2,7.79,0
sglang,few_shot,562,128.82,82.56,211.38,2,9.46,1
sglang,few_shot,563,135.32,0.00,213.27,1,4.69,1
sglang,few_shot,564,127.63,115.52,243.16,2,8.23,1
sglang,few_shot,565,122.48,68.48,190.96,2,10.47,1
sglang,few_shot,566,148.73,75.19,223.93,2,8.93,1
sglang,few_shot,567,146.01,114.75,260.76,2,7.67,1
sglang,few_shot,568,128.59,0.00,214.96,1,4.65,1
sglang,few_shot,569,129.53,119.62,249.15,2,8.03,1
sglang,few_shot,570,126.88,0.00,219.13,1,4.56,1
sglang,few_shot,571,165.41,0.00,211.13,1,4.74,1
sglang,few_shot,572,124.73,84.02,208.75,2,9.58,1
sglang,few_shot,573,160.43,81.51,241.94,2,8.27,1
sglang,few_shot,574,134.93,0.00,262.02,1,3.82,1
sglang,few_shot,575,193.56,89.47,283.04,2,7.07,1
sglang,few_shot,576,126.89,0.00,153.22,1,6.53,1
sglang,few_shot,577,142.12,0.00,166.09,1,6.02,1
sglang,few_shot,578,155.57,0.00,160.73,1,6.22,1
sglang,few_shot,579,152.67,0.00,184.90,1,5.41,1
sglang,few_shot,580,138.80,0.00,194.39,1,5.14,1
sglang,few_shot,581,108.67,0.00,163.92,1,6.10,1
sglang,few_shot,582,139.10,0.00,162.82,1,6.14,1
sglang,few_shot,583,132.02,29.20,161.22,2,12.41,1
sglang,few_shot,584,127.84,0.00,190.75,1,5.24,1
sglang,few_shot,585,130.19,0.00,159.84,1,6.26,1
sglang,few_shot,586,149.68,0.00,178.62,1,5.60,1
sglang,few_shot,587,146.91,40.79,187.70,2,10.66,1
sglang,few_shot,588,130.88,28.40,159.28,2,12.56,1
sglang,few_shot,589,109.23,0.00,175.54,1,5.70,1
sglang,few_shot,590,142.02,0.00,179.23,1,5.58,1
sglang,few_shot,591,124.79,71.98,196.77,2,10.16,1
sglang,few_shot,592,124.25,0.00,151.78,1,6.59,1
sglang,few_shot,593,129.30,0.00,206.54,1,4.84,1
sglang,few_shot,594,123.07,0.00,155.36,1,6.44,1
sglang,few_shot,595,106.71,0.00,153.69,1,6.51,1
sglang,few_shot,596,149.36,35.61,184.97,2,10.81,1
sglang,few_shot,597,119.37,0.00,202.28,1,4.94,1
sglang,few_shot,598,113.18,34.58,147.76,2,13.54,1
sglang,few_shot,599,150.83,0.00,199.40,1,5.02,1
sglang,few_shot,600,172.89,48.56,221.46,2,9.03,1
sglang,few_shot,601,120.46,85.62,206.08,2,9.71,1
sglang,few_shot,602,139.01,0.00,169.20,1,5.91,1
sglang,few_shot,603,164.39,61.63,226.02,2,8.85,1
sglang,few_shot,604,135.83,44.59,180.42,2,11.09,1
sglang,few_shot,605,223.40,0.33,223.73,2,8.94,1
sglang,few_shot,606,83.20,0.00,172.71,1,5.79,1
sglang,few_shot,607,173.07,0.00,182.91,1,5.47,1
sglang,few_shot,608,166.48,67.11,233.58,2,8.56,1
sglang,few_shot,609,87.30,93.43,180.73,2,11.07,1
sglang,few_shot,610,139.92,0.00,237.06,1,4.22,1
sglang,few_shot,611,159.62,44.02,203.64,2,9.82,1
sglang,few_shot,612,148.37,0.00,206.57,1,4.84,1
sglang,few_shot,613,117.14,65.55,182.69,2,10.95,1
sglang,few_shot,614,119.71,0.00,178.61,1,5.60,1
sglang,few_shot,615,109.23,71.56,180.80,2,11.06,1
sglang,few_shot,616,146.16,52.25,198.40,2,10.08,1
sglang,few_shot,617,155.53,0.00,227.73,1,4.39,1
sglang,few_shot,618,126.15,65.99,192.14,2,10.41,1
sglang,few_shot,619,116.58,61.02,177.60,2,11.26,1
sglang,few_shot,620,111.83,0.00,189.05,1,5.29,1
sglang,few_shot,621,151.10,74.13,225.23,2,8.88,1
sglang,few_shot,622,138.21,67.15,205.37,2,9.74,1
sglang,few_shot,623,126.63,112.36,238.99,2,8.37,1
sglang,few_shot,624,155.84,82.32,238.17,2,8.40,1
sglang,few_shot,625,104.28,0.00,185.58,1,5.39,1
sglang,few_shot,626,138.10,0.00,208.62,1,4.79,1
sglang,few_shot,627,118.26,111.21,229.47,2,8.72,1
sglang,few_shot,628,103.60,0.00,217.00,1,4.61,1
sglang,few_shot,629,128.12,0.00,210.85,1,4.74,1
sglang,few_shot,630,102.54,144.71,247.25,2,8.09,1
sglang,few_shot,631,113.02,119.16,232.18,2,8.61,1
sglang,few_shot,632,131.27,0.00,210.28,1,4.76,1
sglang,few_shot,633,117.51,119.26,236.77,2,8.45,1
sglang,few_shot,634,169.32,0.00,253.66,1,3.94,1
sglang,few_shot,635,115.82,90.62,206.44,2,9.69,1
sglang,few_shot,636,190.02,0.00,268.62,1,3.72,1
sglang,few_shot,637,107.54,96.26,203.80,2,9.81,1
sglang,few_shot,638,157.72,66.72,224.44,2,8.91,1
sglang,few_shot,639,117.44,0.00,212.30,1,4.71,1
sglang,few_shot,640,108.95,0.00,207.82,1,4.81,1
sglang,few_shot,641,160.70,0.00,200.53,1,4.99,1
sglang,few_shot,642,118.64,0.00,166.17,1,6.02,1
sglang,few_shot,643,141.78,0.00,180.33,1,5.55,1
sglang,few_shot,644,174.75,0.00,217.64,1,4.59,1
sglang,few_shot,645,137.70,0.00,185.12,1,5.40,1
sglang,few_shot,646,130.54,0.00,160.16,1,6.24,1
sglang,few_shot,647,135.76,0.00,182.37,1,5.48,1
sglang,few_shot,648,142.79,0.00,173.26,1,5.77,1
sglang,few_shot,649,124.17,0.00,158.69,1,6.30,1
sglang,few_shot,650,175.33,0.00,199.02,1,5.02,1
sglang,few_shot,651,137.49,0.00,163.57,1,6.11,1
sglang,few_shot,652,123.92,93.00,216.91,2,9.22,1
sglang,few_shot,653,146.81,0.00,206.91,1,4.83,1
sglang,few_shot,654,152.90,38.47,191.37,2,10.45,1
sglang,few_shot,655,151.58,0.00,221.13,1,4.52,1
sglang,few_shot,656,150.62,69.69,220.31,2,9.08,1
sglang,few_shot,657,138.07,59.10,197.18,2,10.14,1
sglang,few_shot,658,170.70,36.72,207.42,2,9.64,1
sglang,few_shot,659,153.16,0.00,195.76,1,5.11,1
sglang,few_shot,660,150.02,71.85,221.87,2,9.01,1
sglang,few_shot,661,162.02,73.85,235.86,2,8.48,1
sglang,few_shot,662,144.69,52.24,196.93,2,10.16,1
sglang,few_shot,663,144.76,52.52,197.28,2,10.14,1
sglang,few_shot,664,132.30,76.39,208.68,2,9.58,1
sglang,few_shot,665,136.64,40.45,177.09,2,11.29,1
sglang,few_shot,666,116.54,0.00,160.01,1,6.25,1
sglang,few_shot,667,138.56,85.00,223.56,2,8.95,1
sglang,few_shot,668,130.63,0.00,180.81,1,5.53,1
sglang,few_shot,669,176.68,52.80,229.48,2,8.72,1
sglang,few_shot,670,152.11,43.88,195.99,2,10.20,1
sglang,few_shot,671,142.18,0.00,194.06,1,5.15,1
sglang,few_shot,672,139.97,0.00,191.16,1,5.23,1
sglang,few_shot,673,149.11,85.12,234.23,2,8.54,1
sglang,few_shot,674,127.91,89.93,217.84,2,9.18,1
sglang,few_shot,675,141.13,60.51,201.64,2,9.92,1
sglang,few_shot,676,153.03,52.45,205.47,2,9.73,1
sglang,few_shot,677,141.95,0.00,226.68,1,4.41,1
sglang,few_shot,678,180.64,52.45,233.09,2,8.58,1
sglang,few_shot,679,159.60,0.00,220.73,1,4.53,1
sglang,few_shot,680,141.51,0.00,199.34,1,5.02,1
sglang,few_shot,681,132.60,64.15,196.75,2,10.17,1
sglang,few_shot,682,167.54,63.10,230.64,2,8.67,1
sglang,few_shot,683,130.30,0.00,193.34,1,5.17,1
sglang,few_shot,684,158.00,0.00,249.31,1,4.01,1
sglang,few_shot,685,118.01,0.00,215.22,1,4.65,1
sglang,few_shot,686,157.69,94.70,252.38,2,7.92,1
sglang,few_shot,687,155.93,0.00,250.04,1,4.00,1
sglang,few_shot,688,88.95,0.00,220.82,1,4.53,1
sglang,few_shot,689,124.53,63.83,188.36,2,10.62,1
sglang,few_shot,690,161.59,0.00,228.44,1,4.38,1
sglang,few_shot,691,162.38,102.69,265.07,2,7.55,1
sglang,few_shot,692,162.70,0.00,266.75,1,3.75,1
sglang,few_shot,693,170.44,0.00,255.61,1,3.91,1
sglang,few_shot,694,124.86,40.58,206.01,3,14.56,1
sglang,few_shot,695,80.92,0.00,219.43,1,4.56,1
sglang,few_shot,696,180.48,0.00,255.09,1,3.92,1
sglang,few_shot,697,193.10,85.03,278.13,2,7.19,1
sglang,few_shot,698,140.72,73.33,214.05,2,9.34,0
sglang,few_shot,699,143.80,89.69,233.49,2,8.57,1
sglang,few_shot,700,130.13,89.97,220.11,2,9.09,1
sglang,few_shot,701,112.76,87.69,200.44,2,9.98,1
sglang,few_shot,702,125.24,121.46,246.70,2,8.11,1
sglang,few_shot,703,170.26,0.00,264.04,1,3.79,1
sglang,few_shot,704,106.94,0.00,155.54,1,6.43,1
sglang,few_shot,705,137.31,0.00,166.79,1,6.00,1
sglang,few_shot,706,98.77,0.00,127.47,1,7.84,1
sglang,few_shot,707,155.36,0.00,175.73,1,5.69,1
sglang,few_shot,708,113.78,0.00,170.17,1,5.88,1
sglang,few_shot,709,115.66,0.00,138.54,1,7.22,1
sglang,few_shot,710,90.99,0.00,155.49,1,6.43,1
sglang,few_shot,711,129.27,0.00,162.64,1,6.15,1
sglang,few_shot,712,137.59,0.00,174.22,1,5.74,1
sglang,few_shot,713,132.39,0.00,171.85,1,5.82,1
sglang,few_shot,714,149.82,0.00,169.40,1,5.90,1
sglang,few_shot,715,117.36,0.00,153.76,1,6.50,1
sglang,few_shot,716,116.64,0.00,139.81,1,7.15,1
sglang,few_shot,717,170.97,0.00,202.09,1,4.95,1
sglang,few_shot,718,162.45,0.00,191.82,1,5.21,1
sglang,few_shot,719,126.73,0.00,173.71,1,5.76,1
sglang,few_shot,720,106.66,0.00,146.83,1,6.81,1
sglang,few_shot,721,136.80,10.44,147.24,2,13.58,1
sglang,few_shot,722,136.87,0.00,172.30,1,5.80,1
sglang,few_shot,723,115.37,77.30,192.67,2,10.38,1
sglang,few_shot,724,156.58,0.00,201.17,1,4.97,1
sglang,few_shot,725,175.55,39.06,214.61,2,9.32,1
sglang,few_shot,726,132.91,0.00,163.18,1,6.13,1
sglang,few_shot,727,110.65,0.00,165.73,1,6.03,1
sglang,few_shot,728,110.80,86.76,197.56,2,10.12,1
sglang,few_shot,729,141.19,56.57,197.76,2,10.11,1
sglang,few_shot,730,160.99,43.68,204.67,2,9.77,1
sglang,few_shot,731,97.91,0.00,151.69,1,6.59,1
sglang,few_shot,732,133.76,0.00,178.71,1,5.60,1
sglang,few_shot,733,131.28,84.38,215.66,2,9.27,1
sglang,few_shot,734,149.05,0.00,233.57,1,4.28,1
sglang,few_shot,735,143.61,53.97,197.58,2,10.12,1
sglang,few_shot,736,69.39,119.96,189.35,2,10.56,1
sglang,few_shot,737,114.74,68.02,182.75,2,10.94,1
sglang,few_shot,738,129.01,0.00,193.59,1,5.17,1
sglang,few_shot,739,164.86,0.00,223.98,1,4.46,1
sglang,few_shot,740,100.86,91.28,192.14,2,10.41,0
sglang,few_shot,741,148.90,53.83,202.73,2,9.87,1
sglang,few_shot,742,114.62,0.00,179.42,1,5.57,1
sglang,few_shot,743,171.97,0.00,240.78,1,4.15,1
sglang,few_shot,744,127.32,0.00,193.24,1,5.18,1
sglang,few_shot,745,143.73,58.81,202.54,2,9.87,1
sglang,few_shot,746,119.38,58.20,177.58,2,11.26,0
sglang,few_shot,747,109.73,0.00,180.16,1,5.55,1
sglang,few_shot,748,131.54,0.00,236.31,1,4.23,1
sglang,few_shot,749,115.33,70.58,185.91,2,10.76,1
sglang,few_shot,750,128.05,0.00,189.12,1,5.29,1
sglang,few_shot,751,143.45,105.10,248.55,2,8.05,1
sglang,few_shot,752,104.96,108.75,213.71,2,9.36,1
sglang,few_shot,753,115.72,72.78,188.50,2,10.61,1
sglang,few_shot,754,121.75,0.00,194.27,1,5.15,1
sglang,few_shot,755,108.37,68.14,176.51,2,11.33,1
sglang,few_shot,756,125.40,0.00,204.30,1,4.89,1
sglang,few_shot,757,134.16,117.46,251.62,2,7.95,1
sglang,few_shot,758,131.78,73.06,204.84,2,9.76,1
sglang,few_shot,759,137.69,113.95,251.64,2,7.95,1
sglang,few_shot,760,140.95,0.00,260.95,1,3.83,1
sglang,few_shot,761,126.54,91.36,217.90,2,9.18,1
sglang,few_shot,762,152.47,90.47,242.94,2,8.23,1
sglang,few_shot,763,146.03,70.56,216.59,2,9.23,1
sglang,few_shot,764,115.52,126.47,241.99,2,8.26,1
sglang,few_shot,765,133.03,79.43,212.47,2,9.41,1
sglang,few_shot,766,127.51,125.37,252.88,2,7.91,1
sglang,few_shot,767,126.40,124.84,251.25,2,7.96,1
sglang,few_shot,768,143.27,0.00,188.74,1,5.30,1
sglang,few_shot,769,140.01,0.00,188.84,1,5.30,1
sglang,few_shot,770,119.28,0.00,143.49,1,6.97,1
sglang,few_shot,771,171.86,0.00,185.94,1,5.38,1
sglang,few_shot,772,121.47,0.00,173.48,1,5.76,1
sglang,few_shot,773,144.27,0.00,197.86,1,5.05,1
sglang,few_shot,774,171.43,0.00,180.53,1,5.54,1
sglang,few_shot,775,115.19,0.00,179.47,1,5.57,1
sglang,few_shot,776,151.22,17.22,168.44,2,11.87,1
sglang,few_shot,777,118.01,0.00,177.01,1,5.65,1
sglang,few_shot,778,107.62,0.00,200.69,1,4.98,1
sglang,few_shot,779,117.52,0.00,185.78,1,5.38,1
sglang,few_shot,780,131.95,68.32,200.27,2,9.99,1
sglang,few_shot,781,87.13,0.00,201.70,1,4.96,1
sglang,few_shot,782,150.56,72.61,223.17,2,8.96,1
sglang,few_shot,783,166.95,35.06,202.01,2,9.90,1
sglang,few_shot,784,117.59,0.00,157.82,1,6.34,1
sglang,few_shot,785,131.45,0.00,175.95,1,5.68,1
sglang,few_shot,786,123.56,50.98,174.54,2,11.46,1
sglang,few_shot,787,150.73,0.00,193.50,1,5.17,1
sglang,few_shot,788,144.22,28.36,172.58,2,11.59,0
sglang,few_shot,789,121.11,0.00,164.35,1,6.08,1
sglang,few_shot,790,139.48,84.59,224.08,2,8.93,1
sglang,few_shot,791,143.12,0.00,199.96,1,5.00,1
sglang,few_shot,792,165.44,14.95,180.39,2,11.09,1
sglang,few_shot,793,150.60,48.86,199.45,2,10.03,1
sglang,few_shot,794,97.05,0.00,181.10,1,5.52,1
sglang,few_shot,795,155.77,58.70,214.47,2,9.33,1
sglang,few_shot,796,154.99,0.00,194.56,1,5.14,1
sglang,few_shot,797,153.55,60.89,214.45,2,9.33,1
sglang,few_shot,798,106.59,117.32,223.91,2,8.93,1
sglang,few_shot,799,89.07,85.15,174.21,2,11.48,1
sglang,few_shot,800,183.71,0.00,232.43,1,4.30,1
sglang,few_shot,801,150.80,51.85,202.65,2,9.87,0
sglang,few_shot,802,132.99,0.00,171.67,1,5.83,1
sglang,few_shot,803,125.34,0.00,186.46,1,5.36,1
sglang,few_shot,804,117.51,59.22,176.73,2,11.32,1
sglang,few_shot,805,126.90,59.95,186.85,2,10.70,0
sglang,few_shot,806,145.65,0.00,185.53,1,5.39,1
sglang,few_shot,807,134.60,68.72,203.32,2,9.84,1
sglang,few_shot,808,190.69,57.60,248.29,2,8.06,1
sglang,few_shot,809,146.18,0.00,204.07,1,4.90,1
sglang,few_shot,810,107.90,0.00,207.33,1,4.82,1
sglang,few_shot,811,128.74,0.00,227.92,1,4.39,1
sglang,few_shot,812,122.24,0.00,197.82,1,5.06,1
sglang,few_shot,813,171.23,64.60,235.83,2,8.48,1
sglang,few_shot,814,115.91,69.77,185.68,2,10.77,1
sglang,few_shot,815,156.32,0.00,181.79,1,5.50,1
sglang,few_shot,816,132.66,0.00,209.16,1,4.78,1
sglang,few_shot,817,164.03,70.72,234.74,2,8.52,1
sglang,few_shot,818,116.53,69.24,185.78,2,10.77,1
sglang,few_shot,819,123.95,87.71,211.66,2,9.45,1
sglang,few_shot,820,170.07,82.56,252.64,2,7.92,1
sglang,few_shot,821,117.97,0.00,189.75,1,5.27,1
sglang,few_shot,822,169.19,75.30,244.48,2,8.18,1
sglang,few_shot,823,139.80,64.63,204.43,2,9.78,1
sglang,few_shot,824,144.94,84.32,229.26,2,8.72,1
sglang,few_shot,825,79.89,120.82,200.72,2,9.96,1
sglang,few_shot,826,135.28,94.30,229.58,2,8.71,1
sglang,few_shot,827,149.98,0.00,243.86,1,4.10,1
sglang,few_shot,828,143.92,84.70,228.61,2,8.75,1
sglang,few_shot,829,147.77,0.00,236.95,1,4.22,1
sglang,few_shot,830,115.36,92.72,208.08,2,9.61,1
sglang,few_shot,831,119.50,96.63,216.13,2,9.25,1
sglang,few_shot,832,122.93,0.00,217.56,1,4.60,1
sglang,few_shot,833,161.69,0.00,238.54,1,4.19,1
sglang,few_shot,834,184.25,0.00,232.69,1,4.30,1
sglang,few_shot,835,110.88,0.00,188.22,1,5.31,1
sglang,few_shot,836,170.08,0.00,225.87,1,4.43,1
sglang,few_shot,837,145.11,0.00,176.37,1,5.67,1
sglang,few_shot,838,180.12,0.00,207.18,1,4.83,1
sglang,few_shot,839,103.26,0.00,228.71,1,4.37,1
sglang,few_shot,840,143.92,0.00,200.93,1,4.98,1
sglang,few_shot,841,151.41,0.00,235.06,1,4.25,1
sglang,few_shot,842,187.18,0.00,238.30,1,4.20,1
sglang,few_shot,843,173.26,0.00,211.23,1,4.73,1
sglang,few_shot,844,121.06,0.00,188.87,1,5.29,1
sglang,few_shot,845,155.19,57.40,212.59,2,9.41,1
sglang,few_shot,846,168.66,0.00,210.16,1,4.76,1
sglang,few_shot,847,134.04,0.00,198.81,1,5.03,1
sglang,few_shot,848,103.12,120.61,223.73,2,8.94,1
sglang,few_shot,849,155.49,42.09,197.58,2,10.12,1
sglang,few_shot,850,167.04,0.00,216.39,1,4.62,1
sglang,few_shot,851,145.56,0.00,185.26,1,5.40,1
sglang,few_shot,852,135.04,67.36,202.40,2,9.88,1
sglang,few_shot,853,78.83,123.91,202.74,2,9.86,1
sglang,few_shot,854,112.16,0.00,210.14,1,4.76,1
sglang,few_shot,855,148.37,0.00,216.15,1,4.63,1
sglang,few_shot,856,118.49,0.00,192.99,1,5.18,1
sglang,few_shot,857,123.61,77.94,201.56,2,9.92,1
sglang,few_shot,858,148.26,0.00,193.47,1,5.17,1
sglang,few_shot,859,128.87,0.00,232.30,1,4.30,1
sglang,few_shot,860,187.00,0.00,237.86,1,4.20,1
sglang,few_shot,861,162.15,82.36,244.52,2,8.18,1
sglang,few_shot,862,152.88,0.00,266.04,1,3.76,1
sglang,few_shot,863,97.31,0.00,210.69,1,4.75,1
sglang,few_shot,864,145.26,0.00,198.45,1,5.04,1
sglang,few_shot,865,132.75,113.97,246.72,2,8.11,1
sglang,few_shot,866,177.77,84.67,262.44,2,7.62,1
sglang,few_shot,867,128.56,81.42,209.98,2,9.52,1
sglang,few_shot,868,183.84,0.00,247.65,1,4.04,1
sglang,few_shot,869,161.82,114.27,276.09,2,7.24,1
sglang,few_shot,870,140.66,0.00,257.66,1,3.88,1
sglang,few_shot,871,157.80,122.50,280.29,2,7.14,0
sglang,few_shot,872,165.70,94.93,260.63,2,7.67,1
sglang,few_shot,873,140.58,73.05,213.63,2,9.36,1
sglang,few_shot,874,165.05,0.00,238.30,1,4.20,1
sglang,few_shot,875,136.75,124.32,261.07,2,7.66,1
sglang,few_shot,876,117.84,0.00,268.07,1,3.73,1
sglang,few_shot,877,141.63,0.00,237.94,1,4.20,1
sglang,few_shot,878,144.69,101.64,246.33,2,8.12,1
sglang,few_shot,879,183.77,0.00,255.40,1,3.92,1
sglang,few_shot,880,149.13,104.35,253.47,2,7.89,1
sglang,few_shot,881,125.77,0.00,223.78,1,4.47,1
sglang,few_shot,882,133.40,97.89,231.29,2,8.65,1
sglang,few_shot,883,157.85,0.00,237.09,1,4.22,1
sglang,few_shot,884,140.13,100.77,240.90,2,8.30,1
sglang,few_shot,885,193.06,75.51,268.57,2,7.45,1
sglang,few_shot,886,202.03,87.33,289.36,2,6.91,1
sglang,few_shot,887,140.42,0.00,277.81,1,3.60,1
sglang,few_shot,888,140.54,81.54,222.08,2,9.01,1
sglang,few_shot,889,136.91,0.00,251.06,1,3.98,1
sglang,few_shot,890,185.12,82.54,267.66,2,7.47,1
sglang,few_shot,891,215.52,82.84,298.36,2,6.70,1
sglang,few_shot,892,153.31,111.13,264.44,2,7.56,1
sglang,few_shot,893,161.99,0.00,252.34,1,3.96,1
sglang,few_shot,894,161.05,90.11,251.16,2,7.96,1
sglang,few_shot,895,142.22,94.86,237.08,2,8.44,1
sglang,few_shot,896,187.11,0.00,203.69,1,4.91,1
sglang,few_shot,897,158.22,0.00,174.31,1,5.74,1
sglang,few_shot,898,147.86,0.00,172.10,1,5.81,1
sglang,few_shot,899,173.59,0.00,197.95,1,5.05,1
sglang,few_shot,900,128.81,0.00,190.16,1,5.26,1
sglang,few_shot,901,138.79,0.00,148.86,1,6.72,1
sglang,few_shot,902,101.59,0.00,164.03,1,6.10,1
sglang,few_shot,903,150.37,27.68,178.05,2,11.23,1
sglang,few_shot,904,170.79,0.00,188.01,1,5.32,1
sglang,few_shot,905,172.98,12.94,185.92,2,10.76,1
sglang,few_shot,906,137.13,26.77,163.89,2,12.20,1
sglang,few_shot,907,108.30,0.00,175.77,1,5.69,1
sglang,few_shot,908,88.26,67.49,155.74,2,12.84,1
sglang,few_shot,909,106.74,73.57,180.30,2,11.09,1
sglang,few_shot,910,157.70,10.51,168.20,2,11.89,1
sglang,few_shot,911,129.98,46.49,176.47,2,11.33,0
sglang,few_shot,912,124.26,0.00,169.33,1,5.91,1
sglang,few_shot,913,125.87,76.93,202.80,2,9.86,1
sglang,few_shot,914,127.09,0.00,210.15,1,4.76,1
sglang,few_shot,915,133.66,0.00,170.81,1,5.85,1
sglang,few_shot,916,158.39,0.00,210.14,1,4.76,1
sglang,few_shot,917,132.48,0.00,168.34,1,5.94,1
sglang,few_shot,918,166.62,51.36,217.99,2,9.17,1
sglang,few_shot,919,140.43,0.00,228.05,1,4.38,1
sglang,few_shot,920,113.30,0.00,196.07,1,5.10,1
sglang,few_shot,921,139.10,0.00,193.41,1,5.17,1
sglang,few_shot,922,122.26,0.00,173.16,1,5.77,1
sglang,few_shot,923,121.65,0.00,215.14,1,4.65,1
sglang,few_shot,924,129.89,0.00,181.80,1,5.50,1
sglang,few_shot,925,124.24,0.00,170.21,1,5.87,1
sglang,few_shot,926,128.07,0.00,172.82,1,5.79,1
sglang,few_shot,927,178.61,56.28,234.89,2,8.51,1
sglang,few_shot,928,123.47,0.00,217.11,1,4.61,1
sglang,few_shot,929,136.83,98.72,235.55,2,8.49,1
sglang,few_shot,930,137.39,60.00,197.38,2,10.13,1
sglang,few_shot,931,156.66,0.00,207.69,1,4.81,1
sglang,few_shot,932,165.93,68.12,234.05,2,8.55,1
sglang,few_shot,933,163.02,0.00,216.35,1,4.62,1
sglang,few_shot,934,123.29,0.00,176.75,1,5.66,1
sglang,few_shot,935,145.92,0.00,217.89,1,4.59,1
sglang,few_shot,936,190.36,58.05,248.40,2,8.05,1
sglang,few_shot,937,134.31,0.00,237.47,1,4.21,1
sglang,few_shot,938,113.21,0.00,182.42,1,5.48,1
sglang,few_shot,939,169.83,0.00,229.88,1,4.35,1
sglang,few_shot,940,165.29,78.00,243.28,2,8.22,1
sglang,few_shot,941,118.06,0.00,183.44,1,5.45,1
sglang,few_shot,942,152.52,0.00,215.40,1,4.64,1
sglang,few_shot,943,98.68,0.00,234.97,1,4.26,1
sglang,few_shot,944,160.18,0.00,226.78,1,4.41,1
sglang,few_shot,945,142.68,0.00,198.69,1,5.03,1
sglang,few_shot,946,136.62,0.00,205.86,1,4.86,1
sglang,few_shot,947,170.34,60.41,230.75,2,8.67,1
sglang,few_shot,948,132.58,113.82,246.40,2,8.12,1
sglang,few_shot,949,137.90,0.00,206.04,1,4.85,1
sglang,few_shot,950,128.94,70.01,198.95,2,10.05,1
sglang,few_shot,951,135.40,0.00,213.24,1,4.69,1
sglang,few_shot,952,85.82,0.00,198.56,1,5.04,1
sglang,few_shot,953,81.53,112.43,193.96,2,10.31,1
sglang,few_shot,954,213.28,6.19,219.46,2,9.11,1
sglang,few_shot,955,213.15,2.30,215.45,2,9.28,1
sglang,few_shot,956,198.46,0.00,208.79,1,4.79,1
sglang,few_shot,957,150.46,0.00,260.30,1,3.84,1
sglang,few_shot,958,130.59,63.66,194.26,2,10.30,1
sglang,few_shot,959,159.76,70.63,230.38,2,8.68,1
sglang,few_shot,960,560.90,0.00,576.89,1,1.73,1
sglang,few_shot,961,549.42,0.00,554.16,1,1.80,1
sglang,few_shot,962,570.09,0.00,583.23,1,1.71,1
sglang,few_shot,963,567.60,0.00,576.74,1,1.73,1
sglang,few_shot,964,574.43,0.00,584.93,1,1.71,1
sglang,few_shot,965,587.73,0.00,598.01,1,1.67,1
sglang,few_shot,966,562.50,0.00,566.45,1,1.77,1
sglang,few_shot,967,563.86,15.21,579.07,2,3.45,0
sglang,few_shot,968,568.78,17.29,586.07,2,3.41,1
sglang,few_shot,969,579.55,0.00,595.70,1,1.68,1
sglang,few_shot,970,590.06,3.44,593.51,2,3.37,1
sglang,few_shot,971,560.46,0.00,563.36,1,1.78,1
sglang,few_shot,972,586.64,0.00,600.10,1,1.67,1
sglang,few_shot,973,573.41,22.12,595.53,2,3.36,1
sglang,few_shot,974,602.84,0.36,603.20,2,3.32,1
sglang,few_shot,975,597.54,19.20,616.74,2,3.24,1
sglang,few_shot,976,576.73,7.95,584.68,2,3.42,1
sglang,few_shot,977,574.32,24.36,598.68,2,3.34,1
sglang,few_shot,978,605.54,7.01,612.54,2,3.27,1
sglang,few_shot,979,593.82,14.65,608.46,2,3.29,1
sglang,few_shot,980,574.22,13.98,588.20,2,3.40,1
sglang,few_shot,981,577.00,2.72,579.72,2,3.45,1
sglang,few_shot,982,554.95,0.00,576.06,1,1.74,1
sglang,few_shot,983,559.04,0.00,578.22,1,1.73,1
sglang,few_shot,984,579.50,0.00,592.21,1,1.69,1
sglang,few_shot,985,579.70,0.00,585.61,1,1.71,1
sglang,few_shot,986,615.64,0.00,617.59,1,1.62,1
sglang,few_shot,987,597.67,0.00,605.24,1,1.65,1
sglang,few_shot,988,590.46,3.37,593.84,2,3.37,1
sglang,few_shot,989,569.55,8.51,578.06,2,3.46,1
sglang,few_shot,990,565.23,0.00,587.41,1,1.70,1
sglang,few_shot,991,575.29,0.00,584.03,1,1.71,1
sglang,few_shot,992,574.99,0.00,589.18,1,1.70,1
sglang,few_shot,993,592.42,0.00,599.27,1,1.67,1
sglang,few_shot,994,590.02,0.00,598.78,1,1.67,1
sglang,few_shot,995,587.98,0.00,598.02,1,1.67,1
sglang,few_shot,996,602.77,17.95,620.72,2,3.22,1
sglang,few_shot,997,578.23,20.55,598.77,2,3.34,1
sglang,few_shot,998,587.07,17.23,604.31,2,3.31,1
sglang,few_shot,999,620.69,17.95,638.63,2,3.13,1
sglang,self_consistency,0,70857.22,0.00,70862.53,1,0.01,1
sglang,self_consistency,1,70809.54,0.00,70815.04,1,0.01,1
sglang,self_consistency,2,70846.06,0.00,70851.15,1,0.01,1
sglang,self_consistency,3,70934.55,0.00,70973.56,1,0.01,1
sglang,self_consistency,4,70787.99,0.00,70817.60,1,0.01,1
sglang,self_consistency,5,70844.49,0.00,70871.88,1,0.01,1
sglang,self_consistency,6,70956.53,0.00,70961.74,1,0.01,1
sglang,self_consistency,7,70803.37,0.00,70833.09,1,0.01,1
sglang,self_consistency,8,70836.40,0.00,70874.35,1,0.01,1
sglang,self_consistency,9,70808.63,0.00,70840.02,1,0.01,1
sglang,self_consistency,10,70921.30,0.00,70967.54,1,0.01,1
sglang,self_consistency,11,70826.99,0.00,70867.84,1,0.01,1
sglang,self_consistency,12,70858.78,0.00,70874.30,1,0.01,1
sglang,self_consistency,13,70843.65,0.00,70879.24,1,0.01,1
sglang,self_consistency,14,70814.44,0.00,70840.05,1,0.01,1
sglang,self_consistency,15,70790.95,0.00,70801.28,1,0.01,1
sglang,self_consistency,16,70870.63,0.00,70924.26,1,0.01,1
sglang,self_consistency,17,70835.60,0.00,70889.15,1,0.01,1
sglang,self_consistency,18,70927.52,0.00,70967.90,1,0.01,1
sglang,self_consistency,19,70940.42,0.00,71017.09,1,0.01,1
sglang,self_consistency,20,70864.39,0.00,70919.68,1,0.01,1
sglang,self_consistency,21,70817.92,0.00,71020.53,1,0.01,1
sglang,self_consistency,22,70917.33,0.00,70927.61,1,0.01,1
sglang,self_consistency,23,70870.13,0.00,70890.43,1,0.01,1
sglang,self_consistency,24,70852.75,0.00,70883.35,1,0.01,1
sglang,self_consistency,25,70935.19,0.00,71018.87,1,0.01,1
sglang,self_consistency,26,70914.11,0.00,70924.42,1,0.01,1
sglang,self_consistency,27,70862.39,0.00,70872.78,1,0.01,1
sglang,self_consistency,28,70872.78,0.00,70873.04,1,0.01,1
sglang,self_consistency,29,70842.77,0.00,70916.01,1,0.01,1
sglang,self_consistency,30,70941.28,0.00,71033.88,1,0.01,1
sglang,self_consistency,31,70980.16,0.00,71020.52,1,0.01,1
sglang,self_consistency,32,70916.40,0.00,71002.83,1,0.01,1
sglang,self_consistency,33,70918.29,0.00,70984.30,1,0.01,1
sglang,self_consistency,34,70846.38,0.00,70902.28,1,0.01,1
sglang,self_consistency,35,70931.03,0.00,71017.65,1,0.01,1
sglang,self_consistency,36,70815.39,0.00,70861.19,1,0.01,1
sglang,self_consistency,37,70816.53,0.00,70852.20,1,0.01,1
sglang,self_consistency,38,70921.63,0.00,71026.68,1,0.01,1
sglang,self_consistency,39,70914.39,0.00,70980.09,1,0.01,1
sglang,self_consistency,40,70882.04,0.00,70983.49,1,0.01,1
sglang,self_consistency,41,70923.53,0.00,71033.98,1,0.01,1
sglang,self_consistency,42,70783.83,0.00,70873.63,1,0.01,1
sglang,self_consistency,43,70929.49,0.00,70960.09,1,0.01,1
sglang,self_consistency,44,70813.28,0.00,70904.94,1,0.01,1
sglang,self_consistency,45,70927.13,0.00,71037.80,1,0.01,1
sglang,self_consistency,46,70891.05,0.00,70952.46,1,0.01,1
sglang,self_consistency,47,70854.07,0.00,70914.91,1,0.01,1
sglang,self_consistency,48,70827.98,0.00,70853.52,1,0.01,1
sglang,self_consistency,49,70864.25,0.00,70954.62,1,0.01,1
sglang,self_consistency,50,70848.63,0.00,70954.45,1,0.01,1
sglang,self_consistency,51,70906.96,0.00,71025.37,1,0.01,1
sglang,self_consistency,52,70869.08,0.00,70924.48,1,0.01,1
sglang,self_consistency,53,70919.64,0.00,70930.02,1,0.01,1
sglang,self_consistency,54,70944.50,0.00,71009.84,1,0.01,1
sglang,self_consistency,55,70858.03,0.00,70903.56,1,0.01,1
sglang,self_consistency,56,70969.68,0.00,70980.23,1,0.01,1
sglang,self_consistency,57,70873.07,0.00,70873.32,1,0.01,1
sglang,self_consistency,58,70924.72,0.00,71056.77,1,0.01,1
sglang,self_consistency,59,70870.03,0.00,70899.98,1,0.01,1
sglang,self_consistency,60,70923.44,0.00,71045.98,1,0.01,1
sglang,self_consistency,61,70988.28,0.00,71013.78,1,0.01,1
sglang,self_consistency,62,70896.56,0.00,70896.79,1,0.01,1
sglang,self_consistency,63,70836.07,0.00,70911.99,1,0.01,1
sglang,self_consistency,64,70954.30,0.00,70979.86,1,0.01,1
sglang,self_consistency,65,70843.91,0.00,70879.22,1,0.01,1
sglang,self_consistency,66,70809.83,0.00,70931.92,1,0.01,1
sglang,self_consistency,67,70833.55,0.00,70907.92,1,0.01,1
sglang,self_consistency,68,70906.39,0.00,71032.98,1,0.01,1
sglang,self_consistency,69,70927.94,0.00,70993.93,1,0.01,1
sglang,self_consistency,70,70883.52,0.00,70898.83,1,0.01,1
sglang,self_consistency,71,70905.67,0.00,70976.70,1,0.01,1
sglang,self_consistency,72,70886.81,0.00,70897.19,1,0.01,1
sglang,self_consistency,73,70800.37,0.00,70910.75,1,0.01,1
sglang,self_consistency,74,70929.20,0.00,70929.46,1,0.01,1
sglang,self_consistency,75,70866.91,0.00,70968.00,1,0.01,1
sglang,self_consistency,76,70862.09,0.00,70916.36,1,0.01,1
sglang,self_consistency,77,70899.01,0.00,71047.79,1,0.01,1
sglang,self_consistency,78,70905.02,0.00,71054.14,1,0.01,1
sglang,self_consistency,79,70942.88,0.00,71064.49,1,0.01,1
sglang,self_consistency,80,70877.18,0.00,70927.07,1,0.01,1
sglang,self_consistency,81,70900.66,0.00,71055.86,1,0.01,1
sglang,self_consistency,82,70898.87,0.00,70903.70,1,0.01,1
sglang,self_consistency,83,70987.13,0.00,70987.42,1,0.01,1
sglang,self_consistency,84,71014.46,0.00,71019.35,1,0.01,1
sglang,self_consistency,85,70901.13,0.00,71002.37,1,0.01,1
sglang,self_consistency,86,70857.01,0.00,70917.90,1,0.01,1
sglang,self_consistency,87,71032.76,0.00,71051.71,1,0.01,1
sglang,self_consistency,88,71051.53,0.00,71056.18,1,0.01,1
sglang,self_consistency,89,70909.21,0.00,71056.88,1,0.01,1
sglang,self_consistency,90,70860.03,0.00,70991.38,1,0.01,1
sglang,self_consistency,91,70917.08,0.00,71075.42,1,0.01,1
sglang,self_consistency,92,70765.41,0.00,70914.41,1,0.01,1
sglang,self_consistency,93,70983.40,0.00,71014.03,1,0.01,1
sglang,self_consistency,94,70900.06,0.00,70910.39,1,0.01,1
sglang,self_consistency,95,70916.57,0.00,70975.55,1,0.01,1
sglang,self_consistency,96,70894.96,0.00,71061.58,1,0.01,1
sglang,self_consistency,97,70867.88,0.00,70983.99,1,0.01,1
sglang,self_consistency,98,70888.91,0.00,71056.68,1,0.01,1
sglang,self_consistency,99,70898.20,0.00,70999.63,1,0.01,1
sglang,self_consistency,100,70928.16,0.00,70928.40,1,0.01,1
sglang,self_consistency,101,70923.03,0.00,70923.28,1,0.01,1
sglang,self_consistency,102,70866.81,0.00,71045.36,1,0.01,1
sglang,self_consistency,103,70886.66,0.00,71065.31,1,0.01,1
sglang,self_consistency,104,70901.43,0.00,71077.75,1,0.01,1
sglang,self_consistency,105,70939.48,0.00,70939.73,1,0.01,1
sglang,self_consistency,106,70913.90,0.00,71105.98,1,0.01,1
sglang,self_consistency,107,70997.01,0.00,71100.58,1,0.01,1
sglang,self_consistency,108,70942.84,0.00,71131.29,1,0.01,1
sglang,self_consistency,109,70844.58,0.00,71025.96,1,0.01,1
sglang,self_consistency,110,70929.34,0.00,71130.33,1,0.01,1
sglang,self_consistency,111,70926.60,0.00,71129.86,1,0.01,1
sglang,self_consistency,112,70909.13,0.00,71100.90,1,0.01,1
sglang,self_consistency,113,71094.26,0.00,71099.25,1,0.01,1
sglang,self_consistency,114,70936.11,0.00,71138.71,1,0.01,1
sglang,self_consistency,115,70962.54,0.00,70995.51,1,0.01,1
sglang,self_consistency,116,70948.57,0.00,71055.72,1,0.01,1
sglang,self_consistency,117,71021.37,0.00,71064.89,1,0.01,1
sglang,self_consistency,118,70962.35,0.00,70996.68,1,0.01,1
sglang,self_consistency,119,70901.50,0.00,71105.09,1,0.01,1
sglang,self_consistency,120,70912.98,0.00,71120.41,1,0.01,1
sglang,self_consistency,121,70788.02,0.00,70972.10,1,0.01,1
sglang,self_consistency,122,70953.42,0.00,70953.64,1,0.01,1
sglang,self_consistency,123,71025.33,0.00,71073.35,1,0.01,1
sglang,self_consistency,124,71023.83,0.00,71033.80,1,0.01,1
sglang,self_consistency,125,71000.09,0.00,71013.60,1,0.01,1
sglang,self_consistency,126,164.57,0.00,168.02,1,5.95,1
sglang,self_consistency,127,70888.97,0.00,71107.21,1,0.01,1
sglang,self_consistency,128,70974.65,0.00,71079.67,1,0.01,1
sglang,self_consistency,129,222.71,0.00,371.22,1,2.69,1
sglang,self_consistency,130,266.79,0.00,377.77,1,2.65,1
sglang,self_consistency,131,272.25,0.00,387.59,1,2.58,1
sglang,self_consistency,132,179.47,0.00,282.29,1,3.54,1
sglang,self_consistency,133,239.06,0.00,345.22,1,2.90,1
sglang,self_consistency,134,180.50,0.00,337.30,1,2.96,1
sglang,self_consistency,135,285.28,0.00,339.38,1,2.95,1
sglang,self_consistency,136,258.96,0.00,381.47,1,2.62,1
sglang,self_consistency,137,304.52,0.00,402.00,1,2.49,1
sglang,self_consistency,138,244.07,0.00,339.06,1,2.95,1
sglang,self_consistency,139,237.08,0.00,357.23,1,2.80,1
sglang,self_consistency,140,292.76,0.00,359.86,1,2.78,1
sglang,self_consistency,141,272.38,0.00,392.96,1,2.54,1
sglang,self_consistency,142,151.49,0.00,238.30,1,4.20,1
sglang,self_consistency,143,241.46,0.00,361.79,1,2.76,1
sglang,self_consistency,144,160.56,0.00,285.99,1,3.50,1
sglang,self_consistency,145,274.86,0.00,378.78,1,2.64,1
sglang,self_consistency,146,207.37,0.00,341.00,1,2.93,1
sglang,self_consistency,147,202.85,0.00,312.39,1,3.20,1
sglang,self_consistency,148,223.88,0.00,328.09,1,3.05,1
sglang,self_consistency,149,197.90,0.00,332.83,1,3.00,1
sglang,self_consistency,150,278.62,0.00,409.46,1,2.44,1
sglang,self_consistency,151,239.97,0.00,338.23,1,2.96,1
sglang,self_consistency,152,280.39,0.00,384.57,1,2.60,1
sglang,self_consistency,153,248.57,0.00,388.10,1,2.58,1
sglang,self_consistency,154,155.11,0.00,269.22,1,3.71,1
sglang,self_consistency,155,227.83,0.00,339.75,1,2.94,1
sglang,self_consistency,156,286.98,0.00,348.96,1,2.87,1
sglang,self_consistency,157,205.93,0.00,354.39,1,2.82,1
sglang,self_consistency,158,220.08,0.00,315.48,1,3.17,1
sglang,self_consistency,159,219.34,0.00,344.52,1,2.90,1
sglang,self_consistency,160,255.42,0.00,409.93,1,2.44,1
sglang,self_consistency,161,259.21,0.00,329.43,1,3.04,1
sglang,self_consistency,162,311.46,0.00,397.88,1,2.51,1
sglang,self_consistency,163,191.68,0.00,253.79,1,3.94,1
sglang,self_consistency,164,187.80,0.00,308.17,1,3.24,1
sglang,self_consistency,165,212.79,0.00,282.74,1,3.54,1
sglang,self_consistency,166,161.90,0.00,264.72,1,3.78,1
sglang,self_consistency,167,167.28,0.00,326.80,1,3.06,1
sglang,self_consistency,168,201.41,0.00,336.69,1,2.97,1
sglang,self_consistency,169,195.91,0.00,278.79,1,3.59,1
sglang,self_consistency,170,164.23,0.00,307.07,1,3.26,1
sglang,self_consistency,171,209.80,0.00,351.80,1,2.84,1
sglang,self_consistency,172,241.79,0.00,382.58,1,2.61,1
sglang,self_consistency,173,192.80,0.00,271.80,1,3.68,1
sglang,self_consistency,174,303.26,0.00,418.43,1,2.39,1
sglang,self_consistency,175,243.44,0.00,331.83,1,3.01,1
sglang,self_consistency,176,212.60,0.00,324.56,1,3.08,1
sglang,self_consistency,177,166.27,0.00,345.22,1,2.90,1
sglang,self_consistency,178,215.97,0.00,322.49,1,3.10,1
sglang,self_consistency,179,167.18,0.00,384.61,1,2.60,1
sglang,self_consistency,180,253.63,0.00,344.50,1,2.90,1
sglang,self_consistency,181,223.73,0.00,344.76,1,2.90,1
sglang,self_consistency,182,157.05,0.00,327.98,1,3.05,1
sglang,self_consistency,183,260.72,0.00,352.66,1,2.84,1
sglang,self_consistency,184,227.01,0.00,339.99,1,2.94,1
sglang,self_consistency,185,255.76,0.00,436.91,1,2.29,1
sglang,self_consistency,186,194.97,0.00,300.75,1,3.33,1
sglang,self_consistency,187,168.49,0.00,325.48,1,3.07,1
sglang,self_consistency,188,276.23,0.00,376.18,1,2.66,1
sglang,self_consistency,189,206.67,0.00,331.16,1,3.02,1
sglang,self_consistency,190,182.14,0.00,366.14,1,2.73,1
sglang,self_consistency,191,194.18,0.00,302.81,1,3.30,1
sglang,self_consistency,192,183.38,0.00,317.28,1,3.15,1
sglang,self_consistency,193,265.08,0.00,416.67,1,2.40,1
sglang,self_consistency,194,282.80,0.00,404.08,1,2.47,1
sglang,self_consistency,195,179.05,0.00,311.80,1,3.21,1
sglang,self_consistency,196,200.66,0.00,398.50,1,2.51,1
sglang,self_consistency,197,172.50,0.00,282.67,1,3.54,1
sglang,self_consistency,198,170.82,0.00,304.26,1,3.29,1
sglang,self_consistency,199,256.68,0.00,422.86,1,2.36,1
sglang,self_consistency,200,267.74,0.00,466.58,1,2.14,1
sglang,self_consistency,201,233.86,0.00,338.33,1,2.96,1
sglang,self_consistency,202,245.22,0.00,387.40,1,2.58,1
sglang,self_consistency,203,368.99,0.00,481.92,1,2.08,1
sglang,self_consistency,204,246.16,0.00,379.51,1,2.63,1
sglang,self_consistency,205,242.52,0.00,446.24,1,2.24,1
sglang,self_consistency,206,191.51,0.00,329.32,1,3.04,1
sglang,self_consistency,207,223.55,0.00,345.69,1,2.89,1
sglang,self_consistency,208,281.61,0.00,430.14,1,2.32,1
sglang,self_consistency,209,201.64,0.00,319.11,1,3.13,1
sglang,self_consistency,210,230.37,0.00,376.80,1,2.65,1
sglang,self_consistency,211,161.23,0.00,331.00,1,3.02,1
sglang,self_consistency,212,276.47,0.00,398.59,1,2.51,1
sglang,self_consistency,213,207.16,0.00,360.57,1,2.77,1
sglang,self_consistency,214,221.11,0.00,346.66,1,2.88,1
sglang,self_consistency,215,322.56,0.00,467.93,1,2.14,1
sglang,self_consistency,216,226.92,0.00,416.08,1,2.40,1
sglang,self_consistency,217,182.40,0.00,320.39,1,3.12,1
sglang,self_consistency,218,267.68,0.00,418.90,1,2.39,1
sglang,self_consistency,219,191.14,0.00,320.81,1,3.12,1
sglang,self_consistency,220,252.69,0.00,409.90,1,2.44,1
sglang,self_consistency,221,249.56,0.00,436.19,1,2.29,1
sglang,self_consistency,222,247.87,0.00,405.70,1,2.46,1
sglang,self_consistency,223,188.14,0.00,325.66,1,3.07,1
sglang,self_consistency,224,201.05,0.00,362.11,1,2.76,1
sglang,self_consistency,225,287.19,0.00,480.34,1,2.08,1
sglang,self_consistency,226,216.45,0.00,447.37,1,2.24,1
sglang,self_consistency,227,206.28,0.00,363.59,1,2.75,1
sglang,self_consistency,228,219.27,0.00,357.74,1,2.80,1
sglang,self_consistency,229,169.77,0.00,364.79,1,2.74,1
sglang,self_consistency,230,218.09,0.00,413.46,1,2.42,1
sglang,self_consistency,231,179.32,0.00,391.59,1,2.55,1
sglang,self_consistency,232,256.88,0.00,408.70,1,2.45,1
sglang,self_consistency,233,237.56,0.00,439.45,1,2.28,1
sglang,self_consistency,234,164.16,0.00,468.64,1,2.13,1
sglang,self_consistency,235,217.09,0.00,398.01,1,2.51,1
sglang,self_consistency,236,229.14,0.00,378.82,1,2.64,1
sglang,self_consistency,237,274.85,0.00,422.22,1,2.37,1
sglang,self_consistency,238,173.76,0.00,335.20,1,2.98,1
sglang,self_consistency,239,188.70,0.00,348.82,1,2.87,1
sglang,self_consistency,240,207.98,0.00,394.09,1,2.54,1
sglang,self_consistency,241,216.91,0.00,385.29,1,2.60,1
sglang,self_consistency,242,211.97,0.00,378.58,1,2.64,1
sglang,self_consistency,243,250.77,0.00,467.29,1,2.14,1
sglang,self_consistency,244,188.12,0.00,441.98,1,2.26,1
sglang,self_consistency,245,265.69,0.00,458.73,1,2.18,1
sglang,self_consistency,246,171.99,0.00,345.90,1,2.89,1
sglang,self_consistency,247,169.14,0.00,400.18,1,2.50,1
sglang,self_consistency,248,219.11,0.00,439.98,1,2.27,1
sglang,self_consistency,249,250.29,0.00,452.87,1,2.21,1
sglang,self_consistency,250,361.31,0.00,529.68,1,1.89,1
sglang,self_consistency,251,310.17,0.00,497.26,1,2.01,1
sglang,self_consistency,252,194.89,0.00,423.53,1,2.36,1
sglang,self_consistency,253,169.87,0.00,370.56,1,2.70,1
sglang,self_consistency,254,293.27,0.00,494.37,1,2.02,1
sglang,self_consistency,255,157.93,0.00,420.95,1,2.38,1
sglang,self_consistency,256,246.82,0.00,467.19,1,2.14,1
sglang,self_consistency,257,161.72,0.00,316.06,1,3.16,1
sglang,self_consistency,258,121.10,0.00,236.12,1,4.24,1
sglang,self_consistency,259,200.79,0.00,319.48,1,3.13,1
sglang,self_consistency,260,132.54,0.00,246.81,1,4.05,1
sglang,self_consistency,261,257.09,0.00,325.78,1,3.07,1
sglang,self_consistency,262,178.73,0.00,274.43,1,3.64,1
sglang,self_consistency,263,318.62,0.00,351.04,1,2.85,1
sglang,self_consistency,264,234.74,0.00,325.29,1,3.07,1
sglang,self_consistency,265,224.86,0.00,285.46,1,3.50,1
sglang,self_consistency,266,229.24,0.00,360.95,1,2.77,1
sglang,self_consistency,267,242.15,0.00,340.36,1,2.94,1
sglang,self_consistency,268,192.82,0.00,235.55,1,4.25,1
sglang,self_consistency,269,197.97,0.00,220.21,1,4.54,1
sglang,self_consistency,270,184.88,0.00,283.80,1,3.52,1
sglang,self_consistency,271,211.95,0.00,293.53,1,3.41,1
sglang,self_consistency,272,196.71,0.00,278.63,1,3.59,1
sglang,self_consistency,273,222.07,0.00,326.54,1,3.06,1
sglang,self_consistency,274,118.37,0.00,262.25,1,3.81,1
sglang,self_consistency,275,132.71,0.00,240.36,1,4.16,1
sglang,self_consistency,276,269.11,0.00,323.25,1,3.09,1
sglang,self_consistency,277,253.21,0.00,330.14,1,3.03,1
sglang,self_consistency,278,202.82,0.00,245.55,1,4.07,1
sglang,self_consistency,279,256.57,0.00,339.00,1,2.95,1
sglang,self_consistency,280,194.13,0.00,233.91,1,4.28,1
sglang,self_consistency,281,205.56,0.00,299.34,1,3.34,1
sglang,self_consistency,282,182.12,0.00,231.36,1,4.32,1
sglang,self_consistency,283,164.46,0.00,246.35,1,4.06,1
sglang,self_consistency,284,260.97,0.00,313.85,1,3.19,1
sglang,self_consistency,285,288.17,0.00,380.88,1,2.63,1
sglang,self_consistency,286,183.41,0.00,334.64,1,2.99,1
sglang,self_consistency,287,260.86,0.00,376.42,1,2.66,1
sglang,self_consistency,288,192.76,0.00,296.10,1,3.38,1
sglang,self_consistency,289,183.89,0.00,287.05,1,3.48,1
sglang,self_consistency,290,145.25,0.00,247.64,1,4.04,1
sglang,self_consistency,291,162.53,0.00,273.99,1,3.65,1
sglang,self_consistency,292,176.99,0.00,378.18,1,2.64,1
sglang,self_consistency,293,172.86,0.00,244.05,1,4.10,1
sglang,self_consistency,294,206.93,0.00,288.43,1,3.47,1
sglang,self_consistency,295,145.92,0.00,281.72,1,3.55,1
sglang,self_consistency,296,325.76,0.00,346.16,1,2.89,1
sglang,self_consistency,297,217.89,0.00,350.40,1,2.85,1
sglang,self_consistency,298,258.36,0.00,340.69,1,2.94,1
sglang,self_consistency,299,161.04,0.00,255.42,1,3.92,1
sglang,self_consistency,300,178.07,0.00,322.93,1,3.10,1
sglang,self_consistency,301,312.63,0.00,410.11,1,2.44,1
sglang,self_consistency,302,249.02,0.00,327.65,1,3.05,1
sglang,self_consistency,303,203.83,0.00,299.20,1,3.34,1
sglang,self_consistency,304,173.85,0.00,297.99,1,3.36,1
sglang,self_consistency,305,244.49,0.00,387.38,1,2.58,1
sglang,self_consistency,306,306.28,0.00,391.69,1,2.55,1
sglang,self_consistency,307,199.74,0.00,274.46,1,3.64,1
sglang,self_consistency,308,212.84,0.00,314.38,1,3.18,1
sglang,self_consistency,309,182.28,0.00,311.95,1,3.21,1
sglang,self_consistency,310,152.20,0.00,310.99,1,3.22,1
sglang,self_consistency,311,187.07,0.00,409.82,1,2.44,1
sglang,self_consistency,312,203.30,0.00,361.01,1,2.77,1
sglang,self_consistency,313,166.32,0.00,253.66,1,3.94,1
sglang,self_consistency,314,248.21,0.00,375.28,1,2.66,1
sglang,self_consistency,315,184.99,0.00,379.70,1,2.63,1
sglang,self_consistency,316,175.73,0.00,266.55,1,3.75,1
sglang,self_consistency,317,277.12,0.00,374.76,1,2.67,1
sglang,self_consistency,318,257.55,0.00,345.22,1,2.90,1
sglang,self_consistency,319,176.52,0.00,374.98,1,2.67,1
sglang,self_consistency,320,259.78,0.00,368.24,1,2.72,1
sglang,self_consistency,321,195.00,0.00,311.03,1,3.22,1
sglang,self_consistency,322,276.54,0.00,396.70,1,2.52,1
sglang,self_consistency,323,154.33,0.00,328.91,1,3.04,1
sglang,self_consistency,324,150.79,0.00,325.59,1,3.07,1
sglang,self_consistency,325,257.35,0.00,424.48,1,2.36,1
sglang,self_consistency,326,290.00,0.00,390.57,1,2.56,1
sglang,self_consistency,327,242.84,0.00,366.97,1,2.73,1
sglang,self_consistency,328,222.46,0.00,426.59,1,2.34,1
sglang,self_consistency,329,265.15,0.00,369.78,1,2.70,1
sglang,self_consistency,330,179.44,0.00,324.92,1,3.08,1
sglang,self_consistency,331,287.98,0.00,403.55,1,2.48,1
sglang,self_consistency,332,203.92,0.00,324.85,1,3.08,1
sglang,self_consistency,333,209.07,0.00,381.83,1,2.62,1
sglang,self_consistency,334,171.97,0.00,324.84,1,3.08,1
sglang,self_consistency,335,178.48,0.00,287.26,1,3.48,1
sglang,self_consistency,336,184.86,0.00,363.85,1,2.75,1
sglang,self_consistency,337,183.83,0.00,315.63,1,3.17,1
sglang,self_consistency,338,132.96,0.00,357.16,1,2.80,1
sglang,self_consistency,339,303.53,0.00,422.61,1,2.37,1
sglang,self_consistency,340,240.90,0.00,367.73,1,2.72,1
sglang,self_consistency,341,127.50,0.00,323.09,1,3.10,1
sglang,self_consistency,342,186.56,0.00,415.54,1,2.41,1
sglang,self_consistency,343,220.34,0.00,379.27,1,2.64,1
sglang,self_consistency,344,199.62,0.00,400.35,1,2.50,1
sglang,self_consistency,345,242.51,0.00,425.88,1,2.35,1
sglang,self_consistency,346,187.51,0.00,320.05,1,3.12,1
sglang,self_consistency,347,235.36,0.00,368.49,1,2.71,1
sglang,self_consistency,348,255.14,0.00,444.45,1,2.25,1
sglang,self_consistency,349,196.26,0.00,336.48,1,2.97,1
sglang,self_consistency,350,172.33,0.00,320.14,1,3.12,1
sglang,self_consistency,351,222.35,0.00,414.03,1,2.42,1
sglang,self_consistency,352,243.67,0.00,450.51,1,2.22,1
sglang,self_consistency,353,241.35,0.00,445.09,1,2.25,1
sglang,self_consistency,354,167.92,0.00,373.76,1,2.68,1
sglang,self_consistency,355,224.47,0.00,376.00,1,2.66,1
sglang,self_consistency,356,161.83,0.00,404.97,1,2.47,1
sglang,self_consistency,357,202.64,0.00,350.91,1,2.85,1
sglang,self_consistency,358,308.80,0.00,469.36,1,2.13,1
sglang,self_consistency,359,238.37,0.00,419.84,1,2.38,1
sglang,self_consistency,360,218.62,0.00,351.92,1,2.84,1
sglang,self_consistency,361,244.77,0.00,398.36,1,2.51,1
sglang,self_consistency,362,278.38,0.00,463.97,1,2.16,1
sglang,self_consistency,363,222.54,0.00,411.34,1,2.43,1
sglang,self_consistency,364,144.67,0.00,335.36,1,2.98,1
sglang,self_consistency,365,276.80,0.00,418.07,1,2.39,1
sglang,self_consistency,366,230.06,0.00,391.07,1,2.56,1
sglang,self_consistency,367,199.01,0.00,367.91,1,2.72,1
sglang,self_consistency,368,184.34,0.00,339.16,1,2.95,1
sglang,self_consistency,369,198.00,0.00,395.51,1,2.53,1
sglang,self_consistency,370,260.21,0.00,479.73,1,2.08,1
sglang,self_consistency,371,161.38,0.00,378.20,1,2.64,1
sglang,self_consistency,372,206.81,0.00,378.53,1,2.64,1
sglang,self_consistency,373,318.58,0.00,341.02,1,2.93,1
sglang,self_consistency,374,214.97,0.00,417.29,1,2.40,1
sglang,self_consistency,375,150.00,0.00,359.38,1,2.78,1
sglang,self_consistency,376,254.50,0.00,460.53,1,2.17,1
sglang,self_consistency,377,179.94,0.00,345.36,1,2.90,1
sglang,self_consistency,378,170.72,0.00,396.73,1,2.52,1
sglang,self_consistency,379,177.36,0.00,411.81,1,2.43,1
sglang,self_consistency,380,154.92,0.00,370.60,1,2.70,1
sglang,self_consistency,381,171.06,0.00,354.84,1,2.82,1
sglang,self_consistency,382,180.50,0.00,425.87,1,2.35,1
sglang,self_consistency,383,199.77,0.00,372.10,1,2.69,1
sglang,self_consistency,384,127.63,0.00,142.48,1,7.02,1
sglang,self_consistency,385,272.67,0.00,448.42,1,2.23,1
sglang,self_consistency,386,189.13,0.00,332.04,1,3.01,1
sglang,self_consistency,387,198.90,0.00,344.59,1,2.90,1
sglang,self_consistency,388,146.79,0.00,259.03,1,3.86,1
sglang,self_consistency,389,132.43,0.00,245.03,1,4.08,1
sglang,self_consistency,390,164.29,0.00,276.28,1,3.62,1
sglang,self_consistency,391,211.52,0.00,329.76,1,3.03,1
sglang,self_consistency,392,168.25,0.00,288.59,1,3.47,1
sglang,self_consistency,393,187.86,0.00,273.89,1,3.65,1
sglang,self_consistency,394,151.57,0.00,305.21,1,3.28,1
sglang,self_consistency,395,217.59,0.00,333.36,1,3.00,1
sglang,self_consistency,396,164.84,0.00,280.09,1,3.57,1
sglang,self_consistency,397,187.65,0.00,274.85,1,3.64,1
sglang,self_consistency,398,123.50,0.00,245.98,1,4.07,1
sglang,self_consistency,399,227.86,0.00,303.40,1,3.30,1
sglang,self_consistency,400,190.62,0.00,220.62,1,4.53,1
sglang,self_consistency,401,173.06,0.00,212.64,1,4.70,1
sglang,self_consistency,402,232.57,0.00,331.71,1,3.01,1
sglang,self_consistency,403,277.84,0.00,351.98,1,2.84,1
sglang,self_consistency,404,249.70,0.00,304.89,1,3.28,1
sglang,self_consistency,405,205.93,0.00,285.15,1,3.51,1
sglang,self_consistency,406,252.61,0.00,362.00,1,2.76,1
sglang,self_consistency,407,211.42,0.00,277.81,1,3.60,1
sglang,self_consistency,408,172.60,0.00,312.66,1,3.20,1
sglang,self_consistency,409,179.07,0.00,321.20,1,3.11,1
sglang,self_consistency,410,187.33,0.00,234.56,1,4.26,1
sglang,self_consistency,411,162.76,0.00,267.10,1,3.74,1
sglang,self_consistency,412,197.21,0.00,273.40,1,3.66,1
sglang,self_consistency,413,261.62,0.00,349.85,1,2.86,1
sglang,self_consistency,414,192.10,0.00,244.96,1,4.08,1
sglang,self_consistency,415,207.50,0.00,319.64,1,3.13,1
sglang,self_consistency,416,180.25,0.00,292.97,1,3.41,1
sglang,self_consistency,417,199.05,0.00,268.90,1,3.72,1
sglang,self_consistency,418,287.03,0.00,380.16,1,2.63,1
sglang,self_consistency,419,165.06,0.00,277.19,1,3.61,1
sglang,self_consistency,420,179.48,0.00,239.63,1,4.17,1
sglang,self_consistency,421,147.32,0.00,259.01,1,3.86,1
sglang,self_consistency,422,240.25,0.00,333.71,1,3.00,1
sglang,self_consistency,423,183.80,0.00,252.16,1,3.97,1
sglang,self_consistency,424,218.30,0.00,306.18,1,3.27,1
sglang,self_consistency,425,127.25,0.00,252.72,1,3.96,1
sglang,self_consistency,426,123.59,0.00,274.99,1,3.64,1
sglang,self_consistency,427,181.67,0.00,343.23,1,2.91,1
sglang,self_consistency,428,302.66,0.00,401.75,1,2.49,1
sglang,self_consistency,429,220.45,0.00,325.00,1,3.08,1
sglang,self_consistency,430,266.59,0.00,392.17,1,2.55,1
sglang,self_consistency,431,164.24,0.00,263.02,1,3.80,1
sglang,self_consistency,432,206.76,0.00,332.84,1,3.00,1
sglang,self_consistency,433,195.86,0.00,294.90,1,3.39,1
sglang,self_consistency,434,226.53,0.00,352.45,1,2.84,1
sglang,self_consistency,435,223.04,0.00,300.85,1,3.32,1
sglang,self_consistency,436,260.65,0.00,335.84,1,2.98,1
sglang,self_consistency,437,201.56,0.00,284.41,1,3.52,1
sglang,self_consistency,438,228.67,0.00,348.03,1,2.87,1
sglang,self_consistency,439,215.69,0.00,307.40,1,3.25,1
sglang,self_consistency,440,224.91,0.00,344.19,1,2.91,1
sglang,self_consistency,441,174.03,0.00,259.76,1,3.85,1
sglang,self_consistency,442,256.33,0.00,373.64,1,2.68,1
sglang,self_consistency,443,277.18,0.00,357.42,1,2.80,1
sglang,self_consistency,444,168.96,0.00,347.60,1,2.88,1
sglang,self_consistency,445,251.63,0.00,379.35,1,2.64,1
sglang,self_consistency,446,146.92,0.00,295.50,1,3.38,1
sglang,self_consistency,447,216.09,0.00,318.45,1,3.14,1
sglang,self_consistency,448,247.80,0.00,347.36,1,2.88,1
sglang,self_consistency,449,164.59,0.00,283.71,1,3.52,1
sglang,self_consistency,450,229.45,0.00,328.38,1,3.05,1
sglang,self_consistency,451,220.41,0.00,325.47,1,3.07,1
sglang,self_consistency,452,264.87,0.00,414.23,1,2.41,1
sglang,self_consistency,453,181.87,0.00,311.54,1,3.21,1
sglang,self_consistency,454,245.56,0.00,429.44,1,2.33,1
sglang,self_consistency,455,279.95,0.00,391.98,1,2.55,1
sglang,self_consistency,456,305.14,0.00,410.19,1,2.44,1
sglang,self_consistency,457,292.07,0.00,391.76,1,2.55,1
sglang,self_consistency,458,289.40,0.00,424.61,1,2.36,1
sglang,self_consistency,459,245.28,0.00,404.32,1,2.47,1
sglang,self_consistency,460,202.12,0.00,401.79,1,2.49,1
sglang,self_consistency,461,199.02,0.00,302.41,1,3.31,1
sglang,self_consistency,462,189.00,0.00,360.15,1,2.78,1
sglang,self_consistency,463,168.49,0.00,286.30,1,3.49,1
sglang,self_consistency,464,275.93,0.00,389.67,1,2.57,1
sglang,self_consistency,465,236.57,0.00,435.15,1,2.30,1
sglang,self_consistency,466,163.83,0.00,282.96,1,3.53,1
sglang,self_consistency,467,187.30,0.00,352.88,1,2.83,1
sglang,self_consistency,468,194.37,0.00,334.05,1,2.99,1
sglang,self_consistency,469,202.70,0.00,319.80,1,3.13,1
sglang,self_consistency,470,239.27,0.00,446.71,1,2.24,1
sglang,self_consistency,471,252.46,0.00,430.59,1,2.32,1
sglang,self_consistency,472,287.71,0.00,419.53,1,2.38,1
sglang,self_consistency,473,185.90,0.00,314.56,1,3.18,1
sglang,self_consistency,474,219.58,0.00,370.53,1,2.70,1
sglang,self_consistency,475,197.03,0.00,355.82,1,2.81,1
sglang,self_consistency,476,244.18,0.00,425.96,1,2.35,1
sglang,self_consistency,477,167.83,0.00,324.90,1,3.08,1
sglang,self_consistency,478,163.21,0.00,353.10,1,2.83,1
sglang,self_consistency,479,205.73,0.00,397.57,1,2.52,1
sglang,self_consistency,480,199.08,0.00,357.56,1,2.80,1
sglang,self_consistency,481,294.97,0.00,433.58,1,2.31,1
sglang,self_consistency,482,219.74,0.00,390.24,1,2.56,1
sglang,self_consistency,483,194.90,0.00,464.51,1,2.15,1
sglang,self_consistency,484,171.55,0.00,342.40,1,2.92,1
sglang,self_consistency,485,194.64,0.00,330.80,1,3.02,1
sglang,self_consistency,486,179.65,0.00,370.17,1,2.70,1
sglang,self_consistency,487,142.74,0.00,316.57,1,3.16,1
sglang,self_consistency,488,159.75,0.00,383.83,1,2.61,1
sglang,self_consistency,489,179.87,0.00,340.75,1,2.93,1
sglang,self_consistency,490,244.69,0.00,434.50,1,2.30,1
sglang,self_consistency,491,160.69,0.00,390.77,1,2.56,1
sglang,self_consistency,492,222.53,0.00,449.88,1,2.22,1
sglang,self_consistency,493,207.37,0.00,379.41,1,2.64,1
sglang,self_consistency,494,158.15,0.00,307.77,1,3.25,1
sglang,self_consistency,495,293.71,0.00,446.24,1,2.24,1
sglang,self_consistency,496,146.21,0.00,358.04,1,2.79,1
sglang,self_consistency,497,173.46,0.00,315.46,1,3.17,1
sglang,self_consistency,498,206.85,0.00,421.91,1,2.37,1
sglang,self_consistency,499,201.43,0.00,412.64,1,2.42,1
sglang,self_consistency,500,201.24,0.00,351.09,1,2.85,1
sglang,self_consistency,501,132.59,0.00,372.48,1,2.68,1
sglang,self_consistency,502,144.24,0.00,359.19,1,2.78,1
sglang,self_consistency,503,212.28,0.00,394.19,1,2.54,1
sglang,self_consistency,504,188.41,0.00,350.26,1,2.86,1
sglang,self_consistency,505,159.64,0.00,349.02,1,2.87,1
sglang,self_consistency,506,174.36,0.00,327.32,1,3.06,1
sglang,self_consistency,507,178.04,0.00,331.10,1,3.02,1
sglang,self_consistency,508,234.32,0.00,415.30,1,2.41,1
sglang,self_consistency,509,139.22,0.00,361.97,1,2.76,1
sglang,self_consistency,510,317.60,0.00,476.82,1,2.10,1
sglang,self_consistency,511,290.47,0.00,468.14,1,2.14,1
sglang,self_consistency,512,185.50,0.00,347.10,1,2.88,1
sglang,self_consistency,513,190.08,0.00,419.26,1,2.39,1
sglang,self_consistency,514,155.77,0.00,299.07,1,3.34,1
sglang,self_consistency,515,192.60,0.00,298.56,1,3.35,1
sglang,self_consistency,516,144.73,0.00,259.66,1,3.85,1
sglang,self_consistency,517,147.92,0.00,258.91,1,3.86,1
sglang,self_consistency,518,193.05,0.00,275.34,1,3.63,1
sglang,self_consistency,519,223.79,0.00,277.67,1,3.60,1
sglang,self_consistency,520,139.28,0.00,259.03,1,3.86,1
sglang,self_consistency,521,172.79,0.00,231.34,1,4.32,1
sglang,self_consistency,522,192.85,0.00,309.25,1,3.23,1
sglang,self_consistency,523,156.82,0.00,237.29,1,4.21,1
sglang,self_consistency,524,144.12,0.00,264.17,1,3.79,1
sglang,self_consistency,525,278.31,0.00,336.24,1,2.97,1
sglang,self_consistency,526,130.95,0.00,258.00,1,3.88,1
sglang,self_consistency,527,293.68,0.00,320.89,1,3.12,1
sglang,self_consistency,528,209.87,0.00,338.30,1,2.96,1
sglang,self_consistency,529,161.78,0.00,289.42,1,3.46,1
sglang,self_consistency,530,180.07,0.00,221.44,1,4.52,1
sglang,self_consistency,531,229.32,0.00,282.00,1,3.55,1
sglang,self_consistency,532,158.85,0.00,224.83,1,4.45,1
sglang,self_consistency,533,179.18,0.00,314.36,1,3.18,1
sglang,self_consistency,534,268.08,0.00,307.48,1,3.25,1
sglang,self_consistency,535,170.83,0.00,226.24,1,4.42,1
sglang,self_consistency,536,272.26,0.00,355.60,1,2.81,1
sglang,self_consistency,537,215.52,0.00,323.94,1,3.09,1
sglang,self_consistency,538,170.06,0.00,248.50,1,4.02,1
sglang,self_consistency,539,116.97,0.00,223.41,1,4.48,1
sglang,self_consistency,540,201.96,0.00,257.17,1,3.89,1
sglang,self_consistency,541,185.72,0.00,300.57,1,3.33,1
sglang,self_consistency,542,214.23,0.00,361.22,1,2.77,1
sglang,self_consistency,543,268.14,0.00,328.99,1,3.04,1
sglang,self_consistency,544,178.56,0.00,274.24,1,3.65,1
sglang,self_consistency,545,235.23,0.00,353.82,1,2.83,1
sglang,self_consistency,546,153.83,0.00,237.40,1,4.21,1
sglang,self_consistency,547,222.46,0.00,269.61,1,3.71,1
sglang,self_consistency,548,209.00,0.00,269.83,1,3.71,1
sglang,self_consistency,549,252.01,0.00,345.74,1,2.89,1
sglang,self_consistency,550,248.90,0.00,376.06,1,2.66,1
sglang,self_consistency,551,177.85,0.00,301.72,1,3.31,1
sglang,self_consistency,552,249.49,0.00,381.80,1,2.62,1
sglang,self_consistency,553,234.31,0.00,314.53,1,3.18,1
sglang,self_consistency,554,158.10,0.00,281.79,1,3.55,1
sglang,self_consistency,555,210.47,0.00,310.77,1,3.22,1
sglang,self_consistency,556,190.85,0.00,301.72,1,3.31,1
sglang,self_consistency,557,153.31,0.00,317.54,1,3.15,1
sglang,self_consistency,558,195.82,0.00,324.96,1,3.08,1
sglang,self_consistency,559,169.21,0.00,248.65,1,4.02,1
sglang,self_consistency,560,246.46,0.00,352.06,1,2.84,1
sglang,self_consistency,561,250.50,0.00,381.64,1,2.62,1
sglang,self_consistency,562,178.52,0.00,254.95,1,3.92,1
sglang,self_consistency,563,199.52,0.00,335.41,1,2.98,1
sglang,self_consistency,564,191.36,0.00,312.58,1,3.20,1
sglang,self_consistency,565,164.93,0.00,343.33,1,2.91,1
sglang,self_consistency,566,303.70,0.00,372.28,1,2.69,1
sglang,self_consistency,567,287.87,0.00,362.82,1,2.76,1
sglang,self_consistency,568,312.16,0.00,396.85,1,2.52,1
sglang,self_consistency,569,199.89,0.00,283.61,1,3.53,1
sglang,self_consistency,570,284.10,0.00,378.36,1,2.64,1
sglang,self_consistency,571,155.93,0.00,278.05,1,3.60,1
sglang,self_consistency,572,206.29,0.00,348.42,1,2.87,1
sglang,self_consistency,573,274.85,0.00,358.10,1,2.79,1
sglang,self_consistency,574,262.72,0.00,358.35,1,2.79,1
sglang,self_consistency,575,146.56,0.00,271.46,1,3.68,1
sglang,self_consistency,576,191.35,0.00,288.19,1,3.47,1
sglang,self_consistency,577,287.83,0.00,395.96,1,2.53,1
sglang,self_consistency,578,244.87,0.00,369.09,1,2.71,1
sglang,self_consistency,579,163.72,0.00,286.70,1,3.49,1
sglang,self_consistency,580,186.19,0.00,274.67,1,3.64,1
sglang,self_consistency,581,219.65,0.00,329.46,1,3.04,1
sglang,self_consistency,582,231.44,0.00,397.03,1,2.52,1
sglang,self_consistency,583,209.68,0.00,316.56,1,3.16,1
sglang,self_consistency,584,185.10,0.00,296.32,1,3.37,1
sglang,self_consistency,585,203.59,0.00,308.42,1,3.24,1
sglang,self_consistency,586,222.48,0.00,323.35,1,3.09,1
sglang,self_consistency,587,220.51,0.00,323.33,1,3.09,1
sglang,self_consistency,588,168.99,0.00,284.66,1,3.51,1
sglang,self_consistency,589,100.38,0.00,303.13,1,3.30,1
sglang,self_consistency,590,201.73,0.00,305.28,1,3.28,1
sglang,self_consistency,591,223.14,0.00,422.97,1,2.36,1
sglang,self_consistency,592,266.65,0.00,405.25,1,2.47,1
sglang,self_consistency,593,229.84,0.00,404.76,1,2.47,1
sglang,self_consistency,594,283.99,0.00,423.80,1,2.36,1
sglang,self_consistency,595,193.22,0.00,294.96,1,3.39,1
sglang,self_consistency,596,170.48,0.00,278.57,1,3.59,1
sglang,self_consistency,597,183.20,0.00,336.83,1,2.97,1
sglang,self_consistency,598,249.41,0.00,365.39,1,2.74,1
sglang,self_consistency,599,195.42,0.00,378.62,1,2.64,1
sglang,self_consistency,600,253.54,0.00,396.56,1,2.52,1
sglang,self_consistency,601,152.51,0.00,324.24,1,3.08,1
sglang,self_consistency,602,164.73,0.00,322.18,1,3.10,1
sglang,self_consistency,603,214.23,0.00,328.02,1,3.05,1
sglang,self_consistency,604,200.96,0.00,416.19,1,2.40,1
sglang,self_consistency,605,248.31,0.00,403.67,1,2.48,1
sglang,self_consistency,606,237.90,0.00,413.21,1,2.42,1
sglang,self_consistency,607,188.08,0.00,352.96,1,2.83,1
sglang,self_consistency,608,201.25,0.00,336.25,1,2.97,1
sglang,self_consistency,609,173.25,0.00,359.13,1,2.78,1
sglang,self_consistency,610,148.21,0.00,311.38,1,3.21,1
sglang,self_consistency,611,180.59,0.00,299.67,1,3.34,1
sglang,self_consistency,612,209.71,0.00,332.13,1,3.01,1
sglang,self_consistency,613,156.00,0.00,291.86,1,3.43,1
sglang,self_consistency,614,184.52,0.00,306.05,1,3.27,1
sglang,self_consistency,615,176.23,0.00,320.94,1,3.12,1
sglang,self_consistency,616,289.07,0.00,422.92,1,2.36,1
sglang,self_consistency,617,219.05,0.00,445.52,1,2.24,1
sglang,self_consistency,618,218.38,0.00,408.69,1,2.45,1
sglang,self_consistency,619,232.74,0.00,384.27,1,2.60,1
sglang,self_consistency,620,221.51,0.00,364.67,1,2.74,1
sglang,self_consistency,621,221.97,0.00,370.49,1,2.70,1
sglang,self_consistency,622,196.90,0.00,400.92,1,2.49,1
sglang,self_consistency,623,133.53,0.00,335.80,1,2.98,1
sglang,self_consistency,624,205.37,0.00,414.76,1,2.41,1
sglang,self_consistency,625,162.31,0.00,345.79,1,2.89,1
sglang,self_consistency,626,226.44,0.00,398.31,1,2.51,1
sglang,self_consistency,627,221.26,0.00,364.98,1,2.74,1
sglang,self_consistency,628,234.64,0.00,451.76,1,2.21,1
sglang,self_consistency,629,223.12,0.00,409.61,1,2.44,1
sglang,self_consistency,630,241.64,0.00,386.03,1,2.59,1
sglang,self_consistency,631,212.71,0.00,425.40,1,2.35,1
sglang,self_consistency,632,132.25,0.00,346.29,1,2.89,1
sglang,self_consistency,633,206.76,0.00,416.50,1,2.40,1
sglang,self_consistency,634,247.88,0.00,395.90,1,2.53,1
sglang,self_consistency,635,209.93,0.00,425.07,1,2.35,1
sglang,self_consistency,636,164.47,0.00,364.14,1,2.75,1
sglang,self_consistency,637,235.90,0.00,410.57,1,2.44,1
sglang,self_consistency,638,214.68,0.00,389.13,1,2.57,1
sglang,self_consistency,639,168.49,0.00,334.57,1,2.99,1
sglang,self_consistency,640,193.34,0.00,393.57,1,2.54,1
sglang,self_consistency,641,187.21,0.00,366.06,1,2.73,1
sglang,self_consistency,642,212.10,0.00,343.72,1,2.91,1
sglang,self_consistency,643,75.42,0.00,233.74,1,4.28,1
sglang,self_consistency,644,179.68,0.00,316.84,1,3.16,1
sglang,self_consistency,645,131.00,0.00,266.66,1,3.75,1
sglang,self_consistency,646,153.78,0.00,288.53,1,3.47,1
sglang,self_consistency,647,145.90,0.00,248.33,1,4.03,1
sglang,self_consistency,648,247.14,0.00,315.41,1,3.17,1
sglang,self_consistency,649,182.14,0.00,318.70,1,3.14,1
sglang,self_consistency,650,117.27,0.00,258.30,1,3.87,1
sglang,self_consistency,651,191.70,0.00,337.05,1,2.97,1
sglang,self_consistency,652,130.94,0.00,219.90,1,4.55,1
sglang,self_consistency,653,133.10,0.00,249.10,1,4.01,1
sglang,self_consistency,654,193.64,0.00,258.55,1,3.87,1
sglang,self_consistency,655,147.87,0.00,295.21,1,3.39,1
sglang,self_consistency,656,188.24,0.00,242.55,1,4.12,1
sglang,self_consistency,657,162.17,0.00,242.31,1,4.13,1
sglang,self_consistency,658,193.98,0.00,258.61,1,3.87,1
sglang,self_consistency,659,200.03,0.00,278.89,1,3.59,1
sglang,self_consistency,660,262.65,0.00,344.04,1,2.91,1
sglang,self_consistency,661,178.62,0.00,239.76,1,4.17,1
sglang,self_consistency,662,220.76,0.00,323.16,1,3.09,1
sglang,self_consistency,663,269.17,0.00,342.35,1,2.92,1
sglang,self_consistency,664,176.56,0.00,245.27,1,4.08,1
sglang,self_consistency,665,219.11,0.00,290.34,1,3.44,1
sglang,self_consistency,666,209.33,0.00,334.80,1,2.99,1
sglang,self_consistency,667,159.07,0.00,291.15,1,3.43,1
sglang,self_consistency,668,214.83,0.00,324.37,1,3.08,1
sglang,self_consistency,669,110.07,0.00,274.21,1,3.65,1
sglang,self_consistency,670,291.21,0.00,367.04,1,2.72,1
sglang,self_consistency,671,263.60,0.00,379.36,1,2.64,1
sglang,self_consistency,672,207.19,0.00,352.47,1,2.84,1
sglang,self_consistency,673,216.68,0.00,351.58,1,2.84,1
sglang,self_consistency,674,158.24,0.00,224.19,1,4.46,1
sglang,self_consistency,675,189.69,0.00,285.00,1,3.51,1
sglang,self_consistency,676,149.29,0.00,327.48,1,3.05,1
sglang,self_consistency,677,208.50,0.00,297.73,1,3.36,1
sglang,self_consistency,678,188.19,0.00,294.41,1,3.40,1
sglang,self_consistency,679,214.52,0.00,315.79,1,3.17,1
sglang,self_consistency,680,183.87,0.00,293.69,1,3.40,1
sglang,self_consistency,681,203.05,0.00,352.13,1,2.84,1
sglang,self_consistency,682,184.50,0.00,291.73,1,3.43,1
sglang,self_consistency,683,226.86,0.00,306.74,1,3.26,1
sglang,self_consistency,684,152.01,0.00,263.22,1,3.80,1
sglang,self_consistency,685,247.31,0.00,343.82,1,2.91,1
sglang,self_consistency,686,199.07,0.00,355.03,1,2.82,1
sglang,self_consistency,687,186.31,0.00,338.71,1,2.95,1
sglang,self_consistency,688,166.95,0.00,270.98,1,3.69,1
sglang,self_consistency,689,201.90,0.00,395.50,1,2.53,1
sglang,self_consistency,690,224.26,0.00,328.90,1,3.04,1
sglang,self_consistency,691,178.00,0.00,265.64,1,3.76,1
sglang,self_consistency,692,173.13,0.00,281.50,1,3.55,1
sglang,self_consistency,693,209.33,0.00,380.99,1,2.62,1
sglang,self_consistency,694,215.32,0.00,386.02,1,2.59,1
sglang,self_consistency,695,280.40,0.00,371.26,1,2.69,1
sglang,self_consistency,696,226.43,0.00,330.17,1,3.03,1
sglang,self_consistency,697,186.59,0.00,280.44,1,3.57,1
sglang,self_consistency,698,203.38,0.00,372.91,1,2.68,1
sglang,self_consistency,699,301.76,0.00,409.99,1,2.44,1
sglang,self_consistency,700,203.30,0.00,322.93,1,3.10,1
sglang,self_consistency,701,242.63,0.00,411.38,1,2.43,1
sglang,self_consistency,702,199.01,0.00,381.27,1,2.62,1
sglang,self_consistency,703,178.91,0.00,293.91,1,3.40,1
sglang,self_consistency,704,128.58,0.00,280.48,1,3.57,1
sglang,self_consistency,705,223.33,0.00,333.27,1,3.00,1
sglang,self_consistency,706,223.09,0.00,333.23,1,3.00,1
sglang,self_consistency,707,229.44,0.00,350.77,1,2.85,1
sglang,self_consistency,708,166.06,0.00,270.56,1,3.70,1
sglang,self_consistency,709,151.95,0.00,310.44,1,3.22,1
sglang,self_consistency,710,284.58,0.00,406.04,1,2.46,1
sglang,self_consistency,711,188.70,0.00,372.53,1,2.68,1
sglang,self_consistency,712,155.36,0.00,344.64,1,2.90,1
sglang,self_consistency,713,250.13,0.00,352.69,1,2.84,1
sglang,self_consistency,714,217.91,0.00,361.48,1,2.77,1
sglang,self_consistency,715,235.02,0.00,420.74,1,2.38,1
sglang,self_consistency,716,213.43,0.00,408.21,1,2.45,1
sglang,self_consistency,717,248.65,0.00,357.71,1,2.80,1
sglang,self_consistency,718,188.71,0.00,328.98,1,3.04,1
sglang,self_consistency,719,159.04,0.00,301.02,1,3.32,1
sglang,self_consistency,720,184.44,0.00,382.54,1,2.61,1
sglang,self_consistency,721,181.44,0.00,291.37,1,3.43,1
sglang,self_consistency,722,281.43,0.00,429.34,1,2.33,1
sglang,self_consistency,723,178.96,0.00,302.48,1,3.31,1
sglang,self_consistency,724,203.66,0.00,398.64,1,2.51,1
sglang,self_consistency,725,214.46,0.00,355.43,1,2.81,1
sglang,self_consistency,726,233.78,0.00,361.44,1,2.77,1
sglang,self_consistency,727,178.60,0.00,298.70,1,3.35,1
sglang,self_consistency,728,180.78,0.00,308.55,1,3.24,1
sglang,self_consistency,729,225.16,0.00,378.51,1,2.64,1
sglang,self_consistency,730,187.29,0.00,393.33,1,2.54,1
sglang,self_consistency,731,191.75,0.00,398.87,1,2.51,1
sglang,self_consistency,732,285.12,0.00,447.83,1,2.23,1
sglang,self_consistency,733,172.35,0.00,299.71,1,3.34,1
sglang,self_consistency,734,241.22,0.00,442.08,1,2.26,1
sglang,self_consistency,735,204.61,0.00,354.76,1,2.82,1
sglang,self_consistency,736,222.23,0.00,437.93,1,2.28,1
sglang,self_consistency,737,313.37,0.00,453.11,1,2.21,1
sglang,self_consistency,738,225.74,0.00,359.32,1,2.78,1
sglang,self_consistency,739,206.02,0.00,393.03,1,2.54,1
sglang,self_consistency,740,158.76,0.00,325.98,1,3.07,1
sglang,self_consistency,741,197.74,0.00,341.37,1,2.93,1
sglang,self_consistency,742,290.90,0.00,423.78,1,2.36,1
sglang,self_consistency,743,186.33,0.00,354.76,1,2.82,1
sglang,self_consistency,744,211.74,0.00,369.60,1,2.71,1
sglang,self_consistency,745,141.04,0.00,392.44,1,2.55,1
sglang,self_consistency,746,169.27,0.00,350.83,1,2.85,1
sglang,self_consistency,747,265.83,0.00,447.93,1,2.23,1
sglang,self_consistency,748,283.01,0.00,453.89,1,2.20,1
sglang,self_consistency,749,265.59,0.00,417.15,1,2.40,1
sglang,self_consistency,750,197.92,0.00,357.97,1,2.79,1
sglang,self_consistency,751,180.85,0.00,361.81,1,2.76,1
sglang,self_consistency,752,181.83,0.00,359.08,1,2.78,1
sglang,self_consistency,753,264.92,0.00,452.14,1,2.21,1
sglang,self_consistency,754,281.05,0.00,428.01,1,2.34,1
sglang,self_consistency,755,184.91,0.00,331.07,1,3.02,1
sglang,self_consistency,756,200.17,0.00,355.21,1,2.82,1
sglang,self_consistency,757,210.36,0.00,418.95,1,2.39,1
sglang,self_consistency,758,209.29,0.00,449.70,1,2.22,1
sglang,self_consistency,759,253.08,0.00,413.70,1,2.42,1
sglang,self_consistency,760,197.35,0.00,364.21,1,2.75,1
sglang,self_consistency,761,229.24,0.00,419.36,1,2.38,1
sglang,self_consistency,762,250.97,0.00,411.94,1,2.43,1
sglang,self_consistency,763,226.46,0.00,421.01,1,2.38,1
sglang,self_consistency,764,231.06,0.00,417.57,1,2.39,1
sglang,self_consistency,765,179.67,0.00,343.38,1,2.91,1
sglang,self_consistency,766,199.92,0.00,367.10,1,2.72,1
sglang,self_consistency,767,203.96,0.00,367.86,1,2.72,1
sglang,self_consistency,768,191.42,0.00,395.62,1,2.53,1
sglang,self_consistency,769,196.76,0.00,370.44,1,2.70,1
sglang,self_consistency,770,193.33,0.00,326.01,1,3.07,1
sglang,self_consistency,771,217.70,0.00,319.92,1,3.13,1
sglang,self_consistency,772,199.13,0.00,302.11,1,3.31,1
sglang,self_consistency,773,207.11,0.00,310.36,1,3.22,1
sglang,self_consistency,774,144.00,0.00,241.30,1,4.14,1
sglang,self_consistency,775,192.22,0.00,255.07,1,3.92,1
sglang,self_consistency,776,223.65,0.00,336.39,1,2.97,1
sglang,self_consistency,777,124.89,0.00,288.72,1,3.46,1
sglang,self_consistency,778,160.07,0.00,239.59,1,4.17,1
sglang,self_consistency,779,207.84,0.00,250.55,1,3.99,1
sglang,self_consistency,780,246.68,0.00,331.84,1,3.01,1
sglang,self_consistency,781,222.21,0.00,337.83,1,2.96,1
sglang,self_consistency,782,195.82,0.00,289.35,1,3.46,1
sglang,self_consistency,783,228.29,0.00,299.25,1,3.34,1
sglang,self_consistency,784,149.71,0.00,262.16,1,3.81,1
sglang,self_consistency,785,168.85,0.00,291.66,1,3.43,1
sglang,self_consistency,786,175.14,0.00,332.59,1,3.01,1
sglang,self_consistency,787,192.54,0.00,243.31,1,4.11,1
sglang,self_consistency,788,231.95,0.00,325.90,1,3.07,1
sglang,self_consistency,789,145.12,0.00,305.34,1,3.28,1
sglang,self_consistency,790,166.43,0.00,233.86,1,4.28,1
sglang,self_consistency,791,181.22,0.00,302.90,1,3.30,1
sglang,self_consistency,792,201.95,0.00,280.95,1,3.56,1
sglang,self_consistency,793,159.43,0.00,235.71,1,4.24,1
sglang,self_consistency,794,198.23,0.00,245.54,1,4.07,1
sglang,self_consistency,795,225.80,0.00,310.19,1,3.22,1
sglang,self_consistency,796,182.04,0.00,270.06,1,3.70,1
sglang,self_consistency,797,190.34,0.00,296.79,1,3.37,1
sglang,self_consistency,798,141.17,0.00,281.13,1,3.56,1
sglang,self_consistency,799,154.86,0.00,266.98,1,3.75,1
sglang,self_consistency,800,178.82,0.00,255.62,1,3.91,1
sglang,self_consistency,801,155.45,0.00,272.63,1,3.67,1
sglang,self_consistency,802,254.30,0.00,340.99,1,2.93,1
sglang,self_consistency,803,189.01,0.00,306.58,1,3.26,1
sglang,self_consistency,804,216.37,0.00,289.82,1,3.45,1
sglang,self_consistency,805,165.02,0.00,237.58,1,4.21,1
sglang,self_consistency,806,152.29,0.00,236.03,1,4.24,1
sglang,self_consistency,807,222.45,0.00,315.65,1,3.17,1
sglang,self_consistency,808,250.17,0.00,375.94,1,2.66,1
sglang,self_consistency,809,196.70,0.00,316.47,1,3.16,1
sglang,self_consistency,810,282.21,0.00,344.96,1,2.90,1
sglang,self_consistency,811,181.38,0.00,274.61,1,3.64,1
sglang,self_consistency,812,185.34,0.00,293.34,1,3.41,1
sglang,self_consistency,813,199.95,0.00,301.72,1,3.31,1
sglang,self_consistency,814,214.15,0.00,364.97,1,2.74,1
sglang,self_consistency,815,211.49,0.00,309.33,1,3.23,1
sglang,self_consistency,816,174.50,0.00,280.89,1,3.56,1
sglang,self_consistency,817,221.40,0.00,344.61,1,2.90,1
sglang,self_consistency,818,117.60,0.00,272.26,1,3.67,1
sglang,self_consistency,819,204.75,0.00,357.43,1,2.80,1
sglang,self_consistency,820,223.07,0.00,336.67,1,2.97,1
sglang,self_consistency,821,208.52,0.00,291.43,1,3.43,1
sglang,self_consistency,822,186.09,0.00,275.23,1,3.63,1
sglang,self_consistency,823,107.57,0.00,264.07,1,3.79,1
sglang,self_consistency,824,213.58,0.00,358.75,1,2.79,1
sglang,self_consistency,825,280.33,0.00,393.82,1,2.54,1
sglang,self_consistency,826,174.29,0.00,310.69,1,3.22,1
sglang,self_consistency,827,155.45,0.00,329.48,1,3.04,1
sglang,self_consistency,828,210.26,0.00,383.43,1,2.61,1
sglang,self_consistency,829,173.09,0.00,340.87,1,2.93,1
sglang,self_consistency,830,198.88,0.00,287.58,1,3.48,1
sglang,self_consistency,831,237.55,0.00,379.55,1,2.63,1
sglang,self_consistency,832,172.57,0.00,262.27,1,3.81,1
sglang,self_consistency,833,209.79,0.00,325.93,1,3.07,1
sglang,self_consistency,834,160.87,0.00,310.58,1,3.22,1
sglang,self_consistency,835,188.66,0.00,310.40,1,3.22,1
sglang,self_consistency,836,165.69,0.00,272.09,1,3.68,1
sglang,self_consistency,837,175.46,0.00,279.20,1,3.58,1
sglang,self_consistency,838,147.96,0.00,303.96,1,3.29,1
sglang,self_consistency,839,214.63,0.00,370.77,1,2.70,1
sglang,self_consistency,840,172.69,0.00,265.99,1,3.76,1
sglang,self_consistency,841,273.96,0.00,410.65,1,2.44,1
sglang,self_consistency,842,189.58,0.00,348.67,1,2.87,1
sglang,self_consistency,843,120.29,0.00,308.07,1,3.25,1
sglang,self_consistency,844,179.96,0.00,290.64,1,3.44,1
sglang,self_consistency,845,218.67,0.00,339.10,1,2.95,1
sglang,self_consistency,846,185.28,0.00,351.64,1,2.84,1
sglang,self_consistency,847,169.96,0.00,275.89,1,3.62,1
sglang,self_consistency,848,221.73,0.00,413.62,1,2.42,1
sglang,self_consistency,849,226.78,0.00,345.82,1,2.89,1
sglang,self_consistency,850,165.67,0.00,396.37,1,2.52,1
sglang,self_consistency,851,243.35,0.00,405.84,1,2.46,1
sglang,self_consistency,852,208.18,0.00,323.68,1,3.09,1
sglang,self_consistency,853,171.64,0.00,285.42,1,3.50,1
sglang,self_consistency,854,251.51,0.00,396.78,1,2.52,1
sglang,self_consistency,855,162.83,0.00,307.01,1,3.26,1
sglang,self_consistency,856,239.42,0.00,415.50,1,2.41,1
sglang,self_consistency,857,168.77,0.00,293.78,1,3.40,1
sglang,self_consistency,858,214.99,0.00,335.01,1,2.98,1
sglang,self_consistency,859,185.21,0.00,309.19,1,3.23,1
sglang,self_consistency,860,224.90,0.00,427.30,1,2.34,1
sglang,self_consistency,861,166.64,0.00,342.37,1,2.92,1
sglang,self_consistency,862,208.00,0.00,334.30,1,2.99,1
sglang,self_consistency,863,163.22,0.00,325.32,1,3.07,1
sglang,self_consistency,864,177.39,0.00,312.97,1,3.20,1
sglang,self_consistency,865,196.27,0.00,331.62,1,3.02,1
sglang,self_consistency,866,209.73,0.00,367.37,1,2.72,1
sglang,self_consistency,867,202.76,0.00,394.09,1,2.54,1
sglang,self_consistency,868,162.34,0.00,292.15,1,3.42,1
sglang,self_consistency,869,239.68,0.00,403.24,1,2.48,1
sglang,self_consistency,870,241.60,0.00,405.63,1,2.47,1
sglang,self_consistency,871,249.26,0.00,430.59,1,2.32,1
sglang,self_consistency,872,228.17,0.00,356.27,1,2.81,1
sglang,self_consistency,873,173.22,0.00,357.90,1,2.79,1
sglang,self_consistency,874,262.70,0.00,421.56,1,2.37,1
sglang,self_consistency,875,238.94,0.00,385.48,1,2.59,1
sglang,self_consistency,876,179.41,0.00,321.09,1,3.11,1
sglang,self_consistency,877,160.58,0.00,378.76,1,2.64,1
sglang,self_consistency,878,213.60,0.00,346.29,1,2.89,1
sglang,self_consistency,879,185.07,0.00,330.14,1,3.03,1
sglang,self_consistency,880,225.57,0.00,399.41,1,2.50,1
sglang,self_consistency,881,197.08,0.00,409.85,1,2.44,1
sglang,self_consistency,882,173.06,0.00,387.77,1,2.58,1
sglang,self_consistency,883,264.19,0.00,397.76,1,2.51,1
sglang,self_consistency,884,187.69,0.00,327.24,1,3.06,1
sglang,self_consistency,885,208.63,0.00,343.44,1,2.91,1
sglang,self_consistency,886,171.29,0.00,309.47,1,3.23,1
sglang,self_consistency,887,179.03,0.00,313.05,1,3.19,1
sglang,self_consistency,888,239.78,0.00,408.91,1,2.45,1
sglang,self_consistency,889,174.01,0.00,369.85,1,2.70,1
sglang,self_consistency,890,183.96,0.00,322.13,1,3.10,1
sglang,self_consistency,891,186.52,0.00,337.14,1,2.97,1
sglang,self_consistency,892,169.78,0.00,316.23,1,3.16,1
sglang,self_consistency,893,262.32,0.00,412.04,1,2.43,1
sglang,self_consistency,894,253.90,0.00,427.74,1,2.34,1
sglang,self_consistency,895,226.75,0.00,385.90,1,2.59,1
sglang,self_consistency,896,155.38,0.00,305.92,1,3.27,1
sglang,self_consistency,897,230.05,0.00,464.42,1,2.15,1
sglang,self_consistency,898,158.93,0.00,262.00,1,3.82,1
sglang,self_consistency,899,186.54,0.00,289.16,1,3.46,1
sglang,self_consistency,900,133.84,0.00,209.06,1,4.78,1
sglang,self_consistency,901,157.08,0.00,255.30,1,3.92,1
sglang,self_consistency,902,177.34,0.00,279.74,1,3.57,1
sglang,self_consistency,903,88.91,0.00,194.53,1,5.14,1
sglang,self_consistency,904,169.38,0.00,249.70,1,4.00,1
sglang,self_consistency,905,178.16,0.00,258.34,1,3.87,1
sglang,self_consistency,906,183.51,0.00,286.98,1,3.48,1
sglang,self_consistency,907,159.87,0.00,267.17,1,3.74,1
sglang,self_consistency,908,205.09,0.00,260.09,1,3.84,1
sglang,self_consistency,909,160.56,0.00,237.05,1,4.22,1
sglang,self_consistency,910,223.45,0.00,299.30,1,3.34,1
sglang,self_consistency,911,202.02,0.00,281.21,1,3.56,1
sglang,self_consistency,912,172.27,0.00,244.84,1,4.08,1
sglang,self_consistency,913,169.86,0.00,280.52,1,3.56,1
sglang,self_consistency,914,174.46,0.00,226.94,1,4.41,1
sglang,self_consistency,915,193.99,0.00,245.16,1,4.08,1
sglang,self_consistency,916,156.99,0.00,266.88,1,3.75,1
sglang,self_consistency,917,152.45,0.00,225.99,1,4.42,1
sglang,self_consistency,918,137.55,0.00,248.38,1,4.03,1
sglang,self_consistency,919,217.73,0.00,295.42,1,3.38,1
sglang,self_consistency,920,143.16,0.00,226.43,1,4.42,1
sglang,self_consistency,921,155.26,0.00,245.79,1,4.07,1
sglang,self_consistency,922,222.57,0.00,264.45,1,3.78,1
sglang,self_consistency,923,163.92,0.00,241.13,1,4.15,1
sglang,self_consistency,924,146.94,0.00,230.84,1,4.33,1
sglang,self_consistency,925,209.66,0.00,296.88,1,3.37,1
sglang,self_consistency,926,194.88,0.00,274.05,1,3.65,1
sglang,self_consistency,927,153.97,0.00,240.81,1,4.15,1
sglang,self_consistency,928,197.10,0.00,309.25,1,3.23,1
sglang,self_consistency,929,141.30,0.00,209.35,1,4.78,1
sglang,self_consistency,930,185.70,0.00,251.93,1,3.97,1
sglang,self_consistency,931,133.87,0.00,282.45,1,3.54,1
sglang,self_consistency,932,139.08,0.00,222.48,1,4.49,1
sglang,self_consistency,933,205.38,0.00,275.51,1,3.63,1
sglang,self_consistency,934,170.11,0.00,239.21,1,4.18,1
sglang,self_consistency,935,221.45,0.00,303.77,1,3.29,1
sglang,self_consistency,936,196.14,0.00,284.45,1,3.52,1
sglang,self_consistency,937,139.85,0.00,221.08,1,4.52,1
sglang,self_consistency,938,234.97,0.00,293.18,1,3.41,1
sglang,self_consistency,939,171.84,0.00,258.29,1,3.87,1
sglang,self_consistency,940,130.69,0.00,210.00,1,4.76,1
sglang,self_consistency,941,227.29,0.00,296.13,1,3.38,1
sglang,self_consistency,942,205.68,0.00,273.07,1,3.66,1
sglang,self_consistency,943,177.23,0.00,213.03,1,4.69,1
sglang,self_consistency,944,136.47,0.00,231.56,1,4.32,1
sglang,self_consistency,945,194.74,0.00,287.34,1,3.48,1
sglang,self_consistency,946,189.90,0.00,284.47,1,3.52,1
sglang,self_consistency,947,129.27,0.00,220.25,1,4.54,1
sglang,self_consistency,948,194.54,0.00,258.35,1,3.87,1
sglang,self_consistency,949,173.19,0.00,293.85,1,3.40,1
sglang,self_consistency,950,164.87,0.00,227.51,1,4.40,1
sglang,self_consistency,951,199.08,0.00,264.69,1,3.78,1
sglang,self_consistency,952,163.54,0.00,209.49,1,4.77,1
sglang,self_consistency,953,208.63,0.00,246.05,1,4.06,1
sglang,self_consistency,954,207.50,0.00,253.60,1,3.94,1
sglang,self_consistency,955,130.64,0.00,202.30,1,4.94,1
sglang,self_consistency,956,199.92,0.00,243.10,1,4.11,1
sglang,self_consistency,957,175.01,0.00,211.15,1,4.74,1
sglang,self_consistency,958,200.51,0.00,242.94,1,4.12,1
sglang,self_consistency,959,152.98,0.00,203.17,1,4.92,1
sglang,self_consistency,960,172.37,0.00,248.29,1,4.03,1
sglang,self_consistency,961,152.71,0.00,224.48,1,4.45,1
sglang,self_consistency,962,147.24,0.00,210.44,1,4.75,1
sglang,self_consistency,963,195.38,0.00,266.29,1,3.76,1
sglang,self_consistency,964,185.21,0.00,255.37,1,3.92,1
sglang,self_consistency,965,145.83,0.00,210.32,1,4.75,1
sglang,self_consistency,966,261.16,0.00,306.28,1,3.26,1
sglang,self_consistency,967,114.80,0.00,209.19,1,4.78,1
sglang,self_consistency,968,192.81,0.00,228.45,1,4.38,1
sglang,self_consistency,969,169.92,0.00,208.88,1,4.79,1
sglang,self_consistency,970,194.75,0.00,269.42,1,3.71,1
sglang,self_consistency,971,180.99,0.00,235.82,1,4.24,1
sglang,self_consistency,972,171.53,0.00,208.01,1,4.81,1
sglang,self_consistency,973,177.89,0.00,222.61,1,4.49,1
sglang,self_consistency,974,213.04,0.00,250.18,1,4.00,1
sglang,self_consistency,975,245.24,0.00,299.92,1,3.33,1
sglang,self_consistency,976,209.35,0.00,277.72,1,3.60,1
sglang,self_consistency,977,232.99,0.00,276.13,1,3.62,1
sglang,self_consistency,978,143.23,0.00,214.98,1,4.65,1
sglang,self_consistency,979,199.11,0.00,273.17,1,3.66,1
sglang,self_consistency,980,177.85,0.00,227.31,1,4.40,1
sglang,self_consistency,981,272.31,0.00,314.33,1,3.18,1
sglang,self_consistency,982,271.44,0.00,319.99,1,3.13,1
sglang,self_consistency,983,181.88,0.00,234.57,1,4.26,1
sglang,self_consistency,984,207.88,0.00,251.29,1,3.98,1
sglang,self_consistency,985,141.31,0.00,219.44,1,4.56,1
sglang,self_consistency,986,186.63,0.00,240.46,1,4.16,1
sglang,self_consistency,987,242.71,0.00,294.33,1,3.40,1
sglang,self_consistency,988,214.84,0.00,287.81,1,3.47,1
sglang,self_consistency,989,271.40,0.00,327.62,1,3.05,1
sglang,self_consistency,990,207.82,0.00,249.07,1,4.01,1
sglang,self_consistency,991,133.73,0.00,214.99,1,4.65,1
sglang,self_consistency,992,172.35,0.00,221.35,1,4.52,1
sglang,self_consistency,993,186.45,0.00,228.64,1,4.37,1
sglang,self_consistency,994,196.61,0.00,270.89,1,3.69,1
sglang,self_consistency,995,252.37,0.00,300.34,1,3.33,1
sglang,self_consistency,996,270.26,0.00,315.94,1,3.17,1
sglang,self_consistency,997,175.75,0.00,233.74,1,4.28,1
sglang,self_consistency,998,181.40,0.00,224.79,1,4.45,1
sglang,self_consistency,999,259.33,0.00,306.76,1,3.26,1
sglang,multi_turn,0,73.72,83.87,157.60,2,12.69,1
sglang,multi_turn,1,196.92,0.00,220.19,1,4.54,1
sglang,multi_turn,2,102.60,0.00,102.88,1,9.72,1
sglang,multi_turn,3,631.60,0.00,641.77,1,1.56,1
sglang,multi_turn,4,176.49,0.00,330.85,1,3.02,1
sglang,multi_turn,5,137.79,63.13,200.92,2,9.95,1
sglang,multi_turn,6,183.95,0.00,365.35,1,2.74,1
sglang,multi_turn,7,198.18,0.00,380.27,1,2.63,1
sglang,multi_turn,8,85.50,0.00,204.25,1,4.90,1
sglang,multi_turn,9,184.39,0.00,248.12,1,4.03,1
sglang,multi_turn,10,641.41,133.25,774.66,2,2.58,1
sglang,multi_turn,11,137.56,0.00,147.44,1,6.78,1
sglang,multi_turn,12,244.64,140.83,385.47,2,5.19,1
sglang,multi_turn,13,183.45,64.57,248.02,2,8.06,1
sglang,multi_turn,14,204.89,0.00,292.92,1,3.41,1
sglang,multi_turn,15,275.54,0.00,324.17,1,3.08,1
sglang,multi_turn,16,72.09,102.01,174.10,2,11.49,1
sglang,multi_turn,17,164.42,74.48,238.89,2,8.37,1
sglang,multi_turn,18,693.38,0.35,693.73,2,2.88,1
sglang,multi_turn,19,170.42,0.00,195.97,1,5.10,1
sglang,multi_turn,20,229.77,111.77,341.55,2,5.86,1
sglang,multi_turn,21,220.84,0.00,359.26,1,2.78,1
sglang,multi_turn,22,163.73,0.00,217.76,1,4.59,1
sglang,multi_turn,23,239.54,0.00,327.93,1,3.05,1
sglang,multi_turn,24,88.46,0.00,175.29,1,5.70,1
sglang,multi_turn,25,165.79,0.00,270.23,1,3.70,1
sglang,multi_turn,26,687.23,0.00,691.88,1,1.45,1
sglang,multi_turn,27,146.33,122.13,268.46,2,7.45,1
sglang,multi_turn,28,125.15,0.00,214.92,1,4.65,1
sglang,multi_turn,29,217.43,142.49,359.92,2,5.56,1
sglang,multi_turn,30,153.67,97.44,251.12,2,7.96,1
sglang,multi_turn,31,262.55,0.00,316.88,1,3.16,1
sglang,multi_turn,32,102.35,0.00,191.81,1,5.21,1
sglang,multi_turn,33,171.26,0.00,244.74,1,4.09,1
sglang,multi_turn,34,604.49,0.00,622.44,1,1.61,1
sglang,multi_turn,35,247.47,59.67,307.14,2,6.51,1
sglang,multi_turn,36,197.71,88.95,286.66,2,6.98,1
sglang,multi_turn,37,226.23,65.19,291.42,2,6.86,1
sglang,multi_turn,38,252.70,0.00,376.94,1,2.65,1
sglang,multi_turn,39,205.59,0.00,264.53,1,3.78,1
sglang,multi_turn,40,93.08,0.00,274.42,1,3.64,1
sglang,multi_turn,41,151.08,0.00,178.14,1,5.61,1
sglang,multi_turn,42,641.90,0.00,701.60,1,1.43,1
sglang,multi_turn,43,224.22,71.03,295.25,2,6.77,1
sglang,multi_turn,44,198.84,0.00,286.37,1,3.49,1
sglang,multi_turn,45,128.53,0.00,387.71,1,2.58,1
sglang,multi_turn,46,124.88,0.00,203.06,1,4.92,1
sglang,multi_turn,47,249.44,0.00,315.62,1,3.17,1
sglang,multi_turn,48,80.54,166.24,246.78,2,8.10,1
sglang,multi_turn,49,142.31,0.00,221.83,1,4.51,1
sglang,multi_turn,50,592.26,42.70,634.96,2,3.15,1
sglang,multi_turn,51,183.64,129.76,313.40,2,6.38,1
sglang,multi_turn,52,188.27,97.59,285.86,2,7.00,1
sglang,multi_turn,53,189.57,0.00,370.69,1,2.70,1
sglang,multi_turn,54,178.03,51.85,229.88,2,8.70,1
sglang,multi_turn,55,263.15,0.00,299.83,1,3.34,1
sglang,multi_turn,56,82.18,74.71,156.89,2,12.75,1
sglang,multi_turn,57,166.24,0.00,237.28,1,4.21,1
sglang,multi_turn,58,732.47,47.59,780.06,2,2.56,1
sglang,multi_turn,59,144.66,50.30,194.96,2,10.26,1
sglang,multi_turn,60,231.91,0.00,371.42,1,2.69,1
sglang,multi_turn,61,161.61,0.00,300.66,1,3.33,1
sglang,multi_turn,62,184.95,86.99,271.94,2,7.35,1
sglang,multi_turn,63,236.79,0.00,270.91,1,3.69,1
sglang,multi_turn,64,87.84,0.00,208.30,1,4.80,1
sglang,multi_turn,65,169.37,0.00,194.11,1,5.15,1
sglang,multi_turn,66,639.35,0.00,744.18,1,1.34,1
sglang,multi_turn,67,177.21,0.00,286.18,1,3.49,1
sglang,multi_turn,68,163.86,155.31,319.17,2,6.27,1
sglang,multi_turn,69,149.80,131.50,281.30,2,7.11,1
sglang,multi_turn,70,203.97,58.39,262.36,2,7.62,1
sglang,multi_turn,71,196.72,0.00,297.84,1,3.36,1
sglang,multi_turn,72,80.25,159.17,239.43,2,8.35,1
sglang,multi_turn,73,138.19,0.00,219.92,1,4.55,1
sglang,multi_turn,74,764.89,8.69,773.59,2,2.59,1
sglang,multi_turn,75,130.01,0.00,238.75,1,4.19,1
sglang,multi_turn,76,158.15,0.00,299.56,1,3.34,1
sglang,multi_turn,77,163.26,164.74,328.00,2,6.10,1
sglang,multi_turn,78,167.84,140.02,307.87,2,6.50,1
sglang,multi_turn,79,199.26,0.00,224.87,1,4.45,1
sglang,multi_turn,80,82.15,0.00,186.18,1,5.37,1
sglang,multi_turn,81,161.50,0.00,224.99,1,4.44,1
sglang,multi_turn,82,673.04,35.03,708.07,2,2.82,1
sglang,multi_turn,83,174.45,84.83,259.29,2,7.71,1
sglang,multi_turn,84,172.84,0.00,256.16,1,3.90,1
sglang,multi_turn,85,262.71,0.00,472.14,1,2.12,1
sglang,multi_turn,86,141.65,82.27,223.92,2,8.93,1
sglang,multi_turn,87,220.07,0.00,282.67,1,3.54,1
sglang,multi_turn,88,86.87,0.00,209.46,1,4.77,1
sglang,multi_turn,89,147.11,79.03,226.14,2,8.84,1
sglang,multi_turn,90,632.06,0.00,744.63,1,1.34,1
sglang,multi_turn,91,131.22,50.38,181.61,2,11.01,1
sglang,multi_turn,92,239.90,107.84,347.74,2,5.75,1
sglang,multi_turn,93,196.78,0.00,289.63,1,3.45,1
sglang,multi_turn,94,164.76,0.00,289.99,1,3.45,1
sglang,multi_turn,95,276.21,28.87,305.07,2,6.56,1
sglang,multi_turn,96,82.28,156.66,238.94,2,8.37,1
sglang,multi_turn,97,177.47,72.96,250.43,2,7.99,1
sglang,multi_turn,98,679.58,0.00,684.28,1,1.46,1
sglang,multi_turn,99,187.11,0.00,281.06,1,3.56,1
sglang,multi_turn,100,160.65,0.00,260.10,1,3.84,1
sglang,multi_turn,101,174.33,0.00,306.61,1,3.26,1
sglang,multi_turn,102,222.52,0.00,338.89,1,2.95,1
sglang,multi_turn,103,216.41,0.00,281.64,1,3.55,1
sglang,multi_turn,104,81.57,144.53,226.09,2,8.85,1
sglang,multi_turn,105,134.78,0.00,228.16,1,4.38,1
sglang,multi_turn,106,595.44,59.30,654.74,2,3.05,1
sglang,multi_turn,107,199.78,0.00,292.23,1,3.42,1
sglang,multi_turn,108,127.61,0.00,236.90,1,4.22,1
sglang,multi_turn,109,224.59,0.00,337.12,1,2.97,1
sglang,multi_turn,110,221.94,132.58,354.51,2,5.64,1
sglang,multi_turn,111,216.26,45.37,261.63,2,7.64,1
sglang,multi_turn,112,88.62,0.00,209.41,1,4.78,1
sglang,multi_turn,113,114.25,134.49,248.74,2,8.04,1
sglang,multi_turn,114,615.00,67.86,682.86,2,2.93,1
sglang,multi_turn,115,162.28,0.00,262.68,1,3.81,1
sglang,multi_turn,116,213.83,132.26,346.09,2,5.78,1
sglang,multi_turn,117,142.11,0.00,200.99,1,4.98,1
sglang,multi_turn,118,237.68,136.93,374.61,2,5.34,1
sglang,multi_turn,119,251.62,0.00,298.03,1,3.36,1
sglang,multi_turn,120,76.30,0.00,177.48,1,5.63,1
sglang,multi_turn,121,134.87,105.43,240.30,2,8.32,1
sglang,multi_turn,122,609.77,20.63,630.39,2,3.17,1
sglang,multi_turn,123,232.91,103.63,336.54,2,5.94,1
sglang,multi_turn,124,166.24,0.00,310.84,1,3.22,1
sglang,multi_turn,125,100.12,0.00,179.97,1,5.56,1
sglang,multi_turn,126,282.07,0.00,510.36,1,1.96,1
sglang,multi_turn,127,132.12,38.96,171.07,2,11.69,1
sglang,multi_turn,128,78.85,0.00,210.66,1,4.75,1
sglang,multi_turn,129,140.74,116.74,257.48,2,7.77,1
sglang,multi_turn,130,694.72,0.00,699.33,1,1.43,1
sglang,multi_turn,131,135.66,0.00,222.65,1,4.49,1
sglang,multi_turn,132,141.59,163.53,305.11,2,6.55,1
sglang,multi_turn,133,138.42,92.96,231.38,2,8.64,1
sglang,multi_turn,134,266.55,0.00,327.53,1,3.05,1
sglang,multi_turn,135,229.77,0.00,340.44,1,2.94,1
sglang,multi_turn,136,95.40,0.00,228.01,1,4.39,1
sglang,multi_turn,137,134.59,73.12,207.70,2,9.63,1
sglang,multi_turn,138,630.08,108.96,739.04,2,2.71,1
sglang,multi_turn,139,163.92,0.00,275.04,1,3.64,1
sglang,multi_turn,140,145.35,157.14,302.50,2,6.61,1
sglang,multi_turn,141,174.84,0.00,250.57,1,3.99,1
sglang,multi_turn,142,195.19,0.00,410.03,1,2.44,1
sglang,multi_turn,143,107.74,111.11,218.85,2,9.14,1
sglang,multi_turn,144,78.40,129.06,207.46,2,9.64,1
sglang,multi_turn,145,136.37,109.18,245.55,2,8.14,1
sglang,multi_turn,146,626.51,0.00,714.57,1,1.40,1
sglang,multi_turn,147,128.49,126.49,254.98,2,7.84,1
sglang,multi_turn,148,86.30,219.07,305.38,2,6.55,1
sglang,multi_turn,149,141.43,33.46,174.89,2,11.44,1
sglang,multi_turn,150,307.76,0.00,457.71,1,2.18,1
sglang,multi_turn,151,174.51,0.00,214.94,1,4.65,1
sglang,multi_turn,152,83.46,80.42,163.88,2,12.20,1
sglang,multi_turn,153,132.53,0.00,201.05,1,4.97,1
sglang,multi_turn,154,641.90,0.00,678.68,1,1.47,1
sglang,multi_turn,155,196.94,110.87,307.81,2,6.50,1
sglang,multi_turn,156,213.46,123.87,337.33,2,5.93,1
sglang,multi_turn,157,147.91,0.00,280.76,1,3.56,1
sglang,multi_turn,158,189.49,161.43,350.92,2,5.70,1
sglang,multi_turn,159,209.10,36.72,245.82,2,8.14,1
sglang,multi_turn,160,93.06,122.09,215.15,2,9.30,1
sglang,multi_turn,161,138.49,153.37,291.85,2,6.85,1
sglang,multi_turn,162,684.11,0.36,684.46,2,2.92,1
sglang,multi_turn,163,165.91,0.00,201.34,1,4.97,1
sglang,multi_turn,164,165.55,0.00,368.41,1,2.71,1
sglang,multi_turn,165,161.08,202.72,363.80,2,5.50,1
sglang,multi_turn,166,162.82,126.85,289.67,2,6.90,1
sglang,multi_turn,167,166.85,0.00,243.93,1,4.10,1
sglang,multi_turn,168,82.39,0.00,190.84,1,5.24,1
sglang,multi_turn,169,187.69,0.00,330.07,1,3.03,1
sglang,multi_turn,170,584.63,0.00,633.68,1,1.58,1
sglang,multi_turn,171,200.53,0.00,227.74,1,4.39,1
sglang,multi_turn,172,231.05,0.00,320.48,1,3.12,1
sglang,multi_turn,173,180.52,0.00,265.31,1,3.77,1
sglang,multi_turn,174,239.63,115.43,355.05,2,5.63,1
sglang,multi_turn,175,181.29,0.00,328.87,1,3.04,1
sglang,multi_turn,176,89.12,0.00,136.70,1,7.32,1
sglang,multi_turn,177,201.12,0.00,256.28,1,3.90,1
sglang,multi_turn,178,661.47,0.00,717.81,1,1.39,1
sglang,multi_turn,179,172.08,132.17,304.25,2,6.57,1
sglang,multi_turn,180,150.31,0.00,218.61,1,4.57,1
sglang,multi_turn,181,238.20,140.17,378.37,2,5.29,1
sglang,multi_turn,182,158.44,0.00,348.16,1,2.87,1
sglang,multi_turn,183,169.00,48.24,217.24,2,9.21,1
sglang,multi_turn,184,95.27,0.00,202.22,1,4.95,1
sglang,multi_turn,185,132.55,113.35,245.90,2,8.13,1
sglang,multi_turn,186,705.64,0.00,715.97,1,1.40,1
sglang,multi_turn,187,132.51,67.60,200.11,2,9.99,1
sglang,multi_turn,188,174.85,0.00,243.99,1,4.10,1
sglang,multi_turn,189,241.33,0.00,415.58,1,2.41,1
sglang,multi_turn,190,176.55,0.00,303.95,1,3.29,1
sglang,multi_turn,191,205.98,51.89,257.87,2,7.76,1
sglang,multi_turn,192,73.19,0.00,114.43,1,8.74,1
sglang,multi_turn,193,176.00,90.08,266.08,2,7.52,1
sglang,multi_turn,194,610.36,37.56,647.92,2,3.09,1
sglang,multi_turn,195,202.42,74.99,277.40,2,7.21,1
sglang,multi_turn,196,180.44,0.00,348.95,1,2.87,1
sglang,multi_turn,197,189.13,146.99,336.12,2,5.95,1
sglang,multi_turn,198,130.91,177.79,308.70,2,6.48,1
sglang,multi_turn,199,175.18,0.00,261.68,1,3.82,1
sglang,multi_turn,200,91.20,0.00,189.46,1,5.28,1
sglang,multi_turn,201,161.21,0.00,271.65,1,3.68,1
sglang,multi_turn,202,608.35,55.45,663.80,2,3.01,1
sglang,multi_turn,203,136.53,0.00,300.55,1,3.33,1
sglang,multi_turn,204,188.46,0.00,266.70,1,3.75,1
sglang,multi_turn,205,205.41,0.00,315.84,1,3.17,1
sglang,multi_turn,206,180.01,0.00,382.79,1,2.61,1
sglang,multi_turn,207,179.70,61.56,241.26,2,8.29,1
sglang,multi_turn,208,73.89,0.00,129.60,1,7.72,1
sglang,multi_turn,209,158.28,0.00,237.67,1,4.21,1
sglang,multi_turn,210,616.09,82.26,698.35,2,2.86,1
sglang,multi_turn,211,189.64,0.00,233.80,1,4.28,1
sglang,multi_turn,212,188.11,216.19,404.30,2,4.95,1
sglang,multi_turn,213,153.81,160.11,313.92,2,6.37,1
sglang,multi_turn,214,165.45,0.00,272.75,1,3.67,1
sglang,multi_turn,215,215.42,59.49,274.91,2,7.28,1
sglang,multi_turn,216,78.84,0.00,201.00,1,4.98,1
sglang,multi_turn,217,163.01,121.49,284.50,2,7.03,1
sglang,multi_turn,218,657.06,0.00,662.16,1,1.51,1
sglang,multi_turn,219,161.00,0.00,323.02,1,3.10,1
sglang,multi_turn,220,131.92,0.00,232.70,1,4.30,1
sglang,multi_turn,221,205.25,120.08,325.33,2,6.15,1
sglang,multi_turn,222,206.89,124.82,331.71,2,6.03,1
sglang,multi_turn,223,203.85,86.62,290.47,2,6.89,1
sglang,multi_turn,224,94.78,0.00,227.09,1,4.40,1
sglang,multi_turn,225,152.87,0.00,271.28,1,3.69,1
sglang,multi_turn,226,572.62,0.00,666.25,1,1.50,1
sglang,multi_turn,227,152.70,0.00,235.73,1,4.24,1
sglang,multi_turn,228,208.45,54.41,262.86,2,7.61,1
sglang,multi_turn,229,195.26,0.00,266.77,1,3.75,1
sglang,multi_turn,230,307.49,0.00,405.67,1,2.47,1
sglang,multi_turn,231,201.70,0.00,294.17,1,3.40,1
sglang,multi_turn,232,84.87,0.00,192.66,1,5.19,1
sglang,multi_turn,233,156.61,0.00,258.95,1,3.86,1
sglang,multi_turn,234,686.82,10.03,696.85,2,2.87,1
sglang,multi_turn,235,152.34,0.00,250.85,1,3.99,1
sglang,multi_turn,236,181.54,36.79,218.33,2,9.16,1
sglang,multi_turn,237,208.40,165.22,373.62,2,5.35,1
sglang,multi_turn,238,188.35,0.00,330.00,1,3.03,1
sglang,multi_turn,239,148.48,127.84,276.33,2,7.24,1
sglang,multi_turn,240,100.78,83.13,183.92,2,10.87,1
sglang,multi_turn,241,165.29,0.00,241.21,1,4.15,1
sglang,multi_turn,242,629.77,31.08,660.85,2,3.03,1
sglang,multi_turn,243,201.88,168.62,370.50,2,5.40,1
sglang,multi_turn,244,160.42,0.00,181.66,1,5.50,1
sglang,multi_turn,245,218.29,0.00,332.61,1,3.01,1
sglang,multi_turn,246,233.27,0.00,371.98,1,2.69,1
sglang,multi_turn,247,237.15,50.15,287.30,2,6.96,1
sglang,multi_turn,248,77.68,0.00,194.12,1,5.15,1
sglang,multi_turn,249,147.34,184.09,331.43,2,6.03,1
sglang,multi_turn,250,652.33,30.68,683.01,2,2.93,1
sglang,multi_turn,251,140.52,134.63,275.15,2,7.27,1
sglang,multi_turn,252,158.23,94.69,252.92,2,7.91,1
sglang,multi_turn,253,147.56,0.00,302.00,1,3.31,1
sglang,multi_turn,254,201.55,0.00,390.64,1,2.56,1
sglang,multi_turn,255,174.74,57.97,232.71,2,8.59,1
sglang,multi_turn,256,101.64,0.00,226.47,1,4.42,1
sglang,multi_turn,257,176.69,0.00,251.81,1,3.97,1
sglang,multi_turn,258,663.41,0.00,716.96,1,1.39,1
sglang,multi_turn,259,163.28,0.00,289.15,1,3.46,1
sglang,multi_turn,260,138.64,0.00,268.60,1,3.72,1
sglang,multi_turn,261,182.56,112.33,294.89,2,6.78,1
sglang,multi_turn,262,154.15,184.30,338.45,2,5.91,0
sglang,multi_turn,263,165.14,0.00,265.71,1,3.76,1
sglang,multi_turn,264,85.37,27.94,197.12,5,25.37,0
sglang,multi_turn,265,145.05,0.00,207.14,1,4.83,1
sglang,multi_turn,266,619.42,0.00,631.64,1,1.58,1
sglang,multi_turn,267,227.65,133.69,361.34,2,5.53,1
sglang,multi_turn,268,181.00,167.82,348.82,2,5.73,1
sglang,multi_turn,269,138.66,0.00,226.48,1,4.42,1
sglang,multi_turn,270,206.36,0.00,285.86,1,3.50,1
sglang,multi_turn,271,250.74,94.59,345.33,2,5.79,1
sglang,multi_turn,272,90.57,0.00,251.13,1,3.98,1
sglang,multi_turn,273,146.63,0.00,190.68,1,5.24,1
sglang,multi_turn,274,624.79,0.00,730.98,1,1.37,1
sglang,multi_turn,275,169.54,136.08,305.63,2,6.54,1
sglang,multi_turn,276,136.69,0.00,205.60,1,4.86,1
sglang,multi_turn,277,243.55,0.00,267.69,1,3.74,1
sglang,multi_turn,278,242.29,0.00,367.02,1,2.72,1
sglang,multi_turn,279,257.51,69.56,327.07,2,6.11,1
sglang,multi_turn,280,87.52,0.00,184.37,1,5.42,1
sglang,multi_turn,281,175.28,0.00,231.72,1,4.32,1
sglang,multi_turn,282,622.24,32.60,654.84,2,3.05,1
sglang,multi_turn,283,189.44,0.00,297.06,1,3.37,1
sglang,multi_turn,284,220.95,0.00,265.34,1,3.77,1
sglang,multi_turn,285,222.90,0.00,376.92,1,2.65,1
sglang,multi_turn,286,180.48,0.00,283.11,1,3.53,1
sglang,multi_turn,287,248.54,68.64,317.17,2,6.31,0
sglang,multi_turn,288,92.45,0.00,175.95,1,5.68,1
sglang,multi_turn,289,129.96,0.00,288.00,1,3.47,1
sglang,multi_turn,290,607.56,0.00,643.35,1,1.55,1
sglang,multi_turn,291,174.62,0.00,269.48,1,3.71,1
sglang,multi_turn,292,233.00,0.00,345.85,1,2.89,1
sglang,multi_turn,293,189.89,0.00,360.06,1,2.78,1
sglang,multi_turn,294,156.94,171.45,328.40,2,6.09,1
sglang,multi_turn,295,158.15,0.00,218.77,1,4.57,1
sglang,multi_turn,296,101.25,91.79,193.03,2,10.36,1
sglang,multi_turn,297,190.13,0.00,234.68,1,4.26,1
sglang,multi_turn,298,631.73,0.00,669.61,1,1.49,1
sglang,multi_turn,299,198.33,0.00,316.01,1,3.16,1
sglang,multi_turn,300,175.02,0.00,239.70,1,4.17,1
sglang,multi_turn,301,238.06,0.00,385.89,1,2.59,1
sglang,multi_turn,302,215.43,0.00,395.18,1,2.53,1
sglang,multi_turn,303,142.23,66.85,209.08,2,9.57,1
sglang,multi_turn,304,89.19,74.12,163.32,2,12.25,1
sglang,multi_turn,305,159.91,134.91,294.82,2,6.78,1
sglang,multi_turn,306,673.97,4.73,678.69,2,2.95,1
sglang,multi_turn,307,166.08,93.15,259.23,2,7.72,1
sglang,multi_turn,308,186.79,57.35,244.14,2,8.19,1
sglang,multi_turn,309,245.59,0.00,369.59,1,2.71,1
sglang,multi_turn,310,211.53,119.87,331.40,2,6.04,1
sglang,multi_turn,311,168.04,0.00,269.20,1,3.71,1
sglang,multi_turn,312,88.12,149.38,237.50,2,8.42,1
sglang,multi_turn,313,137.16,74.94,212.10,2,9.43,1
sglang,multi_turn,314,614.57,0.00,702.79,1,1.42,1
sglang,multi_turn,315,173.74,0.00,300.38,1,3.33,1
sglang,multi_turn,316,123.18,0.00,233.92,1,4.27,1
sglang,multi_turn,317,160.72,0.00,253.53,1,3.94,1
sglang,multi_turn,318,289.80,102.11,391.90,2,5.10,1
sglang,multi_turn,319,223.60,76.18,299.78,2,6.67,1
sglang,multi_turn,320,92.13,164.75,256.88,2,7.79,1
sglang,multi_turn,321,154.38,76.87,231.25,2,8.65,1
sglang,multi_turn,322,609.29,112.51,721.80,2,2.77,1
sglang,multi_turn,323,155.85,141.72,297.57,2,6.72,1
sglang,multi_turn,324,144.84,0.00,227.41,1,4.40,1
sglang,multi_turn,325,155.08,0.00,281.61,1,3.55,1
sglang,multi_turn,326,166.74,0.00,306.67,1,3.26,1
sglang,multi_turn,327,245.83,0.00,355.50,1,2.81,1
sglang,multi_turn,328,82.66,0.00,151.88,1,6.58,1
sglang,multi_turn,329,190.51,0.00,238.40,1,4.19,1
sglang,multi_turn,330,626.01,80.63,706.64,2,2.83,1
sglang,multi_turn,331,243.73,0.00,259.05,1,3.86,1
sglang,multi_turn,332,220.29,0.00,352.92,1,2.83,1
sglang,multi_turn,333,175.85,129.52,305.38,2,6.55,1
sglang,multi_turn,334,202.26,0.00,308.10,1,3.25,1
sglang,multi_turn,335,187.12,0.00,287.42,1,3.48,1
sglang,multi_turn,336,92.46,141.39,233.85,2,8.55,1
sglang,multi_turn,337,137.01,0.00,165.82,1,6.03,1
sglang,multi_turn,338,653.33,0.00,697.41,1,1.43,1
sglang,multi_turn,339,187.70,0.00,258.12,1,3.87,1
sglang,multi_turn,340,193.78,0.00,295.07,1,3.39,1
sglang,multi_turn,341,206.65,0.00,314.63,1,3.18,1
sglang,multi_turn,342,271.06,174.71,445.77,2,4.49,1
sglang,multi_turn,343,122.65,109.27,231.91,2,8.62,1
sglang,multi_turn,344,96.61,0.00,185.75,1,5.38,1
sglang,multi_turn,345,145.20,158.01,303.21,2,6.60,1
sglang,multi_turn,346,711.75,0.00,716.95,1,1.39,1
sglang,multi_turn,347,138.27,0.00,230.10,1,4.35,1
sglang,multi_turn,348,130.55,0.00,220.76,1,4.53,1
sglang,multi_turn,349,272.15,157.30,429.45,2,4.66,1
sglang,multi_turn,350,180.48,0.00,359.97,1,2.78,1
sglang,multi_turn,351,146.94,72.58,219.52,2,9.11,1
sglang,multi_turn,352,96.03,0.00,238.43,1,4.19,1
sglang,multi_turn,353,155.49,0.00,241.82,1,4.14,1
sglang,multi_turn,354,606.27,0.00,706.96,1,1.41,1
sglang,multi_turn,355,186.92,0.00,333.55,1,3.00,1
sglang,multi_turn,356,129.98,95.65,225.63,2,8.86,1
sglang,multi_turn,357,182.51,0.00,346.05,1,2.89,1
sglang,multi_turn,358,131.72,0.00,220.33,1,4.54,1
sglang,multi_turn,359,262.52,112.82,375.34,2,5.33,1
sglang,multi_turn,360,95.68,0.00,193.42,1,5.17,1
sglang,multi_turn,361,156.85,0.00,245.61,1,4.07,1
sglang,multi_turn,362,657.47,0.00,681.03,1,1.47,1
sglang,multi_turn,363,241.60,0.00,297.95,1,3.36,1
sglang,multi_turn,364,231.79,0.00,349.66,1,2.86,1
sglang,multi_turn,365,180.59,118.88,299.46,2,6.68,1
sglang,multi_turn,366,209.69,0.00,403.96,1,2.48,1
sglang,multi_turn,367,136.24,0.00,212.46,1,4.71,1
sglang,multi_turn,368,58.25,0.00,211.92,1,4.72,1
sglang,multi_turn,369,178.30,98.91,277.21,2,7.21,1
sglang,multi_turn,370,617.72,135.91,753.62,2,2.65,1
sglang,multi_turn,371,126.60,110.34,236.94,2,8.44,1
sglang,multi_turn,372,111.61,0.00,331.23,1,3.02,1
sglang,multi_turn,373,143.12,0.00,252.07,1,3.97,1
sglang,multi_turn,374,158.73,139.29,298.02,2,6.71,0
sglang,multi_turn,375,219.24,0.00,332.02,1,3.01,1
sglang,multi_turn,376,92.90,0.00,165.79,1,6.03,1
sglang,multi_turn,377,153.73,0.00,200.66,1,4.98,1
sglang,multi_turn,378,669.27,0.00,716.91,1,1.39,1
sglang,multi_turn,379,178.24,0.00,236.41,1,4.23,1
sglang,multi_turn,380,202.75,0.00,282.23,1,3.54,1
sglang,multi_turn,381,229.44,114.47,343.91,2,5.82,1
sglang,multi_turn,382,236.75,91.28,328.04,2,6.10,1
sglang,multi_turn,383,243.23,109.16,352.40,2,5.68,1
sglang,multi_turn,384,105.26,114.57,219.83,2,9.10,1
sglang,multi_turn,385,146.85,0.00,199.84,1,5.00,1
sglang,multi_turn,386,655.68,70.02,725.69,2,2.76,1
sglang,multi_turn,387,201.12,0.00,234.50,1,4.26,1
sglang,multi_turn,388,255.44,0.00,372.63,1,2.68,1
sglang,multi_turn,389,123.07,147.51,270.58,2,7.39,1
sglang,multi_turn,390,182.75,140.32,323.08,2,6.19,1
sglang,multi_turn,391,221.29,0.00,329.67,1,3.03,1
sglang,multi_turn,392,81.78,0.00,206.54,1,4.84,1
sglang,multi_turn,393,125.03,0.00,247.61,1,4.04,1
sglang,multi_turn,394,595.24,6.20,632.42,7,11.07,0
sglang,multi_turn,395,218.31,75.07,293.39,2,6.82,1
sglang,multi_turn,396,182.50,0.00,376.34,1,2.66,1
sglang,multi_turn,397,141.66,173.65,315.31,2,6.34,1
sglang,multi_turn,398,157.89,177.09,334.98,2,5.97,1
sglang,multi_turn,399,147.65,0.00,229.62,1,4.36,1
sglang,multi_turn,400,87.17,144.65,231.83,2,8.63,1
sglang,multi_turn,401,138.81,0.00,191.76,1,5.21,1
sglang,multi_turn,402,633.31,0.00,741.56,1,1.35,1
sglang,multi_turn,403,178.31,79.63,257.94,2,7.75,1
sglang,multi_turn,404,173.62,152.18,325.80,2,6.14,1
sglang,multi_turn,405,151.85,0.00,313.06,1,3.19,1
sglang,multi_turn,406,147.12,162.67,309.79,2,6.46,1
sglang,multi_turn,407,156.19,0.00,275.15,1,3.63,1
sglang,multi_turn,408,94.69,0.00,256.84,1,3.89,1
sglang,multi_turn,409,133.33,0.00,240.48,1,4.16,1
sglang,multi_turn,410,590.90,0.00,606.08,1,1.65,1
sglang,multi_turn,411,230.22,0.00,282.26,1,3.54,1
sglang,multi_turn,412,203.10,176.21,379.31,2,5.27,1
sglang,multi_turn,413,137.86,128.26,266.13,2,7.52,1
sglang,multi_turn,414,228.16,0.00,278.78,1,3.59,1
sglang,multi_turn,415,210.24,148.95,359.19,2,5.57,1
sglang,multi_turn,416,91.41,0.00,206.15,1,4.85,1
sglang,multi_turn,417,176.62,21.61,306.26,7,22.86,0
sglang,multi_turn,418,686.23,10.47,696.70,2,2.87,1
sglang,multi_turn,419,142.34,0.00,208.97,1,4.79,1
sglang,multi_turn,420,175.93,0.00,236.33,1,4.23,1
sglang,multi_turn,421,214.14,0.00,335.77,1,2.98,1
sglang,multi_turn,422,265.88,0.00,455.61,1,2.19,1
sglang,multi_turn,423,142.56,80.28,222.84,2,8.98,1
sglang,multi_turn,424,82.44,0.00,165.42,1,6.05,1
sglang,multi_turn,425,172.22,0.00,274.39,1,3.64,1
sglang,multi_turn,426,588.06,45.97,634.03,2,3.15,1
sglang,multi_turn,427,180.35,98.07,278.42,2,7.18,0
sglang,multi_turn,428,193.13,121.10,314.23,2,6.36,1
sglang,multi_turn,429,211.01,82.97,293.98,2,6.80,1
sglang,multi_turn,430,220.80,0.00,413.68,1,2.42,1
sglang,multi_turn,431,167.86,0.00,246.25,1,4.06,1
sglang,multi_turn,432,102.79,123.64,226.43,2,8.83,1
sglang,multi_turn,433,173.66,85.30,258.96,2,7.72,1
sglang,multi_turn,434,668.90,0.00,704.70,1,1.42,1
sglang,multi_turn,435,148.43,138.49,286.92,2,6.97,1
sglang,multi_turn,436,158.10,0.00,233.19,1,4.29,1
sglang,multi_turn,437,222.73,71.97,294.70,2,6.79,1
sglang,multi_turn,438,195.90,0.00,327.55,1,3.05,1
sglang,multi_turn,439,227.96,0.00,346.37,1,2.89,1
sglang,multi_turn,440,93.69,0.00,190.51,1,5.25,1
sglang,multi_turn,441,176.18,107.11,283.29,2,7.06,1
sglang,multi_turn,442,580.14,0.00,601.84,1,1.66,1
sglang,multi_turn,443,242.29,76.19,318.48,2,6.28,1
sglang,multi_turn,444,151.74,0.00,385.58,1,2.59,1
sglang,multi_turn,445,134.56,157.86,292.42,2,6.84,1
sglang,multi_turn,446,166.21,117.65,283.86,2,7.05,1
sglang,multi_turn,447,146.23,152.80,299.02,2,6.69,1
sglang,multi_turn,448,86.71,180.56,267.27,2,7.48,1
sglang,multi_turn,449,148.54,0.00,263.68,1,3.79,1
sglang,multi_turn,450,644.32,0.00,644.53,1,1.55,1
sglang,multi_turn,451,153.88,0.00,300.22,1,3.33,1
sglang,multi_turn,452,139.74,0.00,309.90,1,3.23,1
sglang,multi_turn,453,141.61,174.81,316.42,2,6.32,1
sglang,multi_turn,454,187.39,0.00,216.91,1,4.61,1
sglang,multi_turn,455,254.09,125.96,380.05,2,5.26,1
sglang,multi_turn,456,91.55,80.47,172.02,2,11.63,1
sglang,multi_turn,457,154.80,60.68,215.48,2,9.28,1
sglang,multi_turn,458,642.12,0.00,752.31,1,1.33,1
sglang,multi_turn,459,157.64,41.96,199.60,2,10.02,1
sglang,multi_turn,460,207.85,0.00,324.35,1,3.08,1
sglang,multi_turn,461,189.97,0.00,392.17,1,2.55,1
sglang,multi_turn,462,124.91,186.34,311.25,2,6.43,1
sglang,multi_turn,463,173.97,93.46,267.42,2,7.48,1
sglang,multi_turn,464,76.44,117.70,194.14,2,10.30,1
sglang,multi_turn,465,120.69,0.00,164.32,1,6.09,1
sglang,multi_turn,466,745.96,45.73,791.69,2,2.53,1
sglang,multi_turn,467,103.89,0.00,174.98,1,5.72,1
sglang,multi_turn,468,218.44,0.00,290.54,1,3.44,1
sglang,multi_turn,469,228.91,0.00,449.44,1,2.22,1
sglang,multi_turn,470,142.13,142.69,284.82,2,7.02,1
sglang,multi_turn,471,186.97,87.24,274.22,2,7.29,1
sglang,multi_turn,472,104.81,155.32,260.14,2,7.69,1
sglang,multi_turn,473,136.22,55.59,191.81,2,10.43,1
sglang,multi_turn,474,748.38,0.00,768.16,1,1.30,1
sglang,multi_turn,475,156.52,0.00,206.32,1,4.85,1
sglang,multi_turn,476,199.42,0.00,327.96,1,3.05,1
sglang,multi_turn,477,183.10,0.00,388.07,1,2.58,1
sglang,multi_turn,478,143.60,105.80,249.39,2,8.02,1
sglang,multi_turn,479,223.38,95.57,318.95,2,6.27,1
sglang,multi_turn,480,103.01,123.20,226.22,2,8.84,1
sglang,multi_turn,481,171.64,55.66,227.30,2,8.80,1
sglang,multi_turn,482,646.68,0.00,672.17,1,1.49,1
sglang,multi_turn,483,207.16,124.26,331.41,2,6.03,1
sglang,multi_turn,484,138.16,0.00,271.27,1,3.69,1
sglang,multi_turn,485,173.58,0.00,240.16,1,4.16,1
sglang,multi_turn,486,262.67,201.66,464.33,2,4.31,1
sglang,multi_turn,487,163.05,0.00,251.18,1,3.98,1
sglang,multi_turn,488,91.10,0.00,164.47,1,6.08,1
sglang,multi_turn,489,143.66,127.14,270.80,2,7.39,1
sglang,multi_turn,490,624.82,0.00,694.51,1,1.44,1
sglang,multi_turn,491,192.28,0.00,315.37,1,3.17,1
sglang,multi_turn,492,134.13,175.90,310.03,2,6.45,1
sglang,multi_turn,493,155.86,0.00,231.26,1,4.32,1
sglang,multi_turn,494,253.90,0.00,448.50,1,2.23,1
sglang,multi_turn,495,132.90,0.00,227.88,1,4.39,1
sglang,multi_turn,496,96.72,0.00,208.63,1,4.79,1
sglang,multi_turn,497,123.51,176.65,300.16,2,6.66,1
sglang,multi_turn,498,622.32,0.00,632.64,1,1.58,1
sglang,multi_turn,499,194.36,0.00,253.50,1,3.94,1
sglang,multi_turn,500,203.32,0.00,365.98,1,2.73,1
sglang,multi_turn,501,207.91,172.06,379.97,2,5.26,1
sglang,multi_turn,502,158.92,139.13,298.05,2,6.71,1
sglang,multi_turn,503,177.58,98.63,276.21,2,7.24,1
sglang,multi_turn,504,87.24,0.00,226.21,1,4.42,1
sglang,multi_turn,505,131.59,130.19,261.79,2,7.64,0
sglang,multi_turn,506,654.75,4.92,659.67,2,3.03,0
sglang,multi_turn,507,190.81,0.00,273.14,1,3.66,1
sglang,multi_turn,508,160.89,0.00,222.33,1,4.50,1
sglang,multi_turn,509,250.40,125.85,376.25,2,5.32,1
sglang,multi_turn,510,228.81,0.00,396.57,1,2.52,1
sglang,multi_turn,511,169.82,0.00,261.72,1,3.82,1
sglang,multi_turn,512,157.62,0.00,221.33,1,4.52,1
sglang,multi_turn,513,141.46,0.00,214.12,1,4.67,1
sglang,multi_turn,514,137.74,0.00,215.54,1,4.64,1
sglang,multi_turn,515,121.71,0.00,162.51,1,6.15,1
sglang,multi_turn,516,227.90,0.00,243.25,1,4.11,1
sglang,multi_turn,517,228.83,0.00,261.23,1,3.83,1
sglang,multi_turn,518,188.96,0.00,273.97,1,3.65,1
sglang,multi_turn,519,255.81,61.85,317.66,2,6.30,1
sglang,multi_turn,520,138.01,95.19,233.20,2,8.58,1
sglang,multi_turn,521,145.80,0.00,173.56,1,5.76,1
sglang,multi_turn,522,159.30,0.00,246.60,1,4.06,1
sglang,multi_turn,523,126.58,0.00,226.23,1,4.42,1
sglang,multi_turn,524,124.82,0.00,143.10,1,6.99,1
sglang,multi_turn,525,103.35,0.00,203.68,1,4.91,1
sglang,multi_turn,526,162.61,122.51,285.12,2,7.01,1
sglang,multi_turn,527,154.19,0.00,322.21,1,3.10,1
sglang,multi_turn,528,123.11,0.00,196.20,1,5.10,1
sglang,multi_turn,529,170.31,0.00,257.87,1,3.88,1
sglang,multi_turn,530,130.50,69.52,200.02,2,10.00,1
sglang,multi_turn,531,166.61,148.70,315.31,2,6.34,1
sglang,multi_turn,532,131.96,111.53,243.48,2,8.21,1
sglang,multi_turn,533,134.20,0.00,291.78,1,3.43,1
sglang,multi_turn,534,172.25,164.73,336.98,2,5.94,1
sglang,multi_turn,535,82.94,0.00,156.33,1,6.40,1
sglang,multi_turn,536,132.73,0.00,228.15,1,4.38,1
sglang,multi_turn,537,113.80,68.57,182.38,2,10.97,1
sglang,multi_turn,538,115.69,0.00,269.65,1,3.71,1
sglang,multi_turn,539,133.94,0.00,183.25,1,5.46,1
sglang,multi_turn,540,215.95,92.36,308.31,2,6.49,1
sglang,multi_turn,541,182.08,0.00,306.06,1,3.27,1
sglang,multi_turn,542,147.53,0.00,219.38,1,4.56,1
sglang,multi_turn,543,204.31,0.00,279.54,1,3.58,1
sglang,multi_turn,544,170.58,63.41,233.99,2,8.55,1
sglang,multi_turn,545,141.07,0.00,206.87,1,4.83,1
sglang,multi_turn,546,140.79,97.77,238.57,2,8.38,1
sglang,multi_turn,547,164.02,0.00,231.65,1,4.32,1
sglang,multi_turn,548,163.38,104.85,268.23,2,7.46,1
sglang,multi_turn,549,209.44,103.08,312.52,2,6.40,1
sglang,multi_turn,550,107.89,0.00,218.27,1,4.58,1
sglang,multi_turn,551,224.46,0.00,296.49,1,3.37,1
sglang,multi_turn,552,142.59,130.02,272.61,2,7.34,0
sglang,multi_turn,553,116.18,0.00,192.26,1,5.20,1
sglang,multi_turn,554,135.53,0.00,155.69,1,6.42,1
sglang,multi_turn,555,190.45,0.00,242.97,1,4.12,1
sglang,multi_turn,556,211.70,110.97,322.67,2,6.20,1
sglang,multi_turn,557,213.20,24.67,237.87,2,8.41,1
sglang,multi_turn,558,269.25,0.00,363.54,1,2.75,1
sglang,multi_turn,559,153.56,0.00,229.84,1,4.35,1
sglang,multi_turn,560,145.84,53.45,252.73,3,11.87,0
sglang,multi_turn,561,204.66,36.11,240.77,2,8.31,1
sglang,multi_turn,562,112.94,0.00,230.13,1,4.35,1
sglang,multi_turn,563,117.92,113.53,231.44,2,8.64,0
sglang,multi_turn,564,130.55,154.70,285.26,2,7.01,1
sglang,multi_turn,565,159.46,25.74,185.21,2,10.80,1
sglang,multi_turn,566,240.23,107.69,347.92,2,5.75,1
sglang,multi_turn,567,205.05,0.00,248.00,1,4.03,1
sglang,multi_turn,568,138.96,0.00,177.76,1,5.63,1
sglang,multi_turn,569,169.16,63.01,232.17,2,8.61,1
sglang,multi_turn,570,123.21,155.28,278.49,2,7.18,1
sglang,multi_turn,571,93.21,0.00,142.83,1,7.00,1
sglang,multi_turn,572,221.68,0.00,301.71,1,3.31,1
sglang,multi_turn,573,194.72,143.10,337.82,2,5.92,1
sglang,multi_turn,574,165.03,0.00,276.64,1,3.61,1
sglang,multi_turn,575,197.81,0.00,244.11,1,4.10,1
sglang,multi_turn,576,180.39,35.50,215.90,2,9.26,1
sglang,multi_turn,577,113.38,0.00,235.79,1,4.24,1
sglang,multi_turn,578,129.66,60.03,189.69,2,10.54,1
sglang,multi_turn,579,174.36,0.00,203.32,1,4.92,1
sglang,multi_turn,580,247.38,144.95,392.33,2,5.10,1
sglang,multi_turn,581,127.00,0.00,180.28,1,5.55,1
sglang,multi_turn,582,225.26,0.00,289.20,1,3.46,1
sglang,multi_turn,583,171.46,0.00,290.77,1,3.44,1
sglang,multi_turn,584,130.68,99.93,230.61,2,8.67,1
sglang,multi_turn,585,112.78,0.00,138.35,1,7.23,1
sglang,multi_turn,586,160.67,0.00,326.82,1,3.06,1
sglang,multi_turn,587,120.87,122.35,243.22,2,8.22,1
sglang,multi_turn,588,148.57,0.00,174.59,1,5.73,1
sglang,multi_turn,589,180.79,131.56,312.35,2,6.40,1
sglang,multi_turn,590,136.70,255.81,392.51,2,5.10,1
sglang,multi_turn,591,91.95,0.00,170.79,1,5.86,1
sglang,multi_turn,592,119.43,0.00,163.00,1,6.14,1
sglang,multi_turn,593,167.16,83.40,250.57,2,7.98,0
sglang,multi_turn,594,125.20,0.00,179.41,1,5.57,1
sglang,multi_turn,595,162.19,0.00,272.67,1,3.67,1
sglang,multi_turn,596,195.74,0.00,252.61,1,3.96,1
sglang,multi_turn,597,223.95,0.00,248.49,1,4.02,1
sglang,multi_turn,598,192.57,0.00,401.91,1,2.49,1
sglang,multi_turn,599,145.79,0.00,203.23,1,4.92,1
sglang,multi_turn,600,112.91,0.00,196.21,1,5.10,1
sglang,multi_turn,601,137.27,47.74,185.01,2,10.81,1
sglang,multi_turn,602,155.85,0.00,230.50,1,4.34,1
sglang,multi_turn,603,163.79,0.00,264.43,1,3.78,1
sglang,multi_turn,604,170.71,0.00,216.70,1,4.61,1
sglang,multi_turn,605,243.70,0.00,374.32,1,2.67,1
sglang,multi_turn,606,140.62,0.00,282.03,1,3.55,1
sglang,multi_turn,607,158.44,0.00,211.86,1,4.72,1
sglang,multi_turn,608,143.44,57.67,201.11,2,9.95,1
sglang,multi_turn,609,194.56,0.00,226.30,1,4.42,1
sglang,multi_turn,610,181.42,124.70,306.12,2,6.53,1
sglang,multi_turn,611,116.50,0.00,173.40,1,5.77,1
sglang,multi_turn,612,219.15,0.00,327.39,1,3.05,1
sglang,multi_turn,613,156.37,0.00,299.15,1,3.34,1
sglang,multi_turn,614,135.70,0.00,223.83,1,4.47,1
sglang,multi_turn,615,211.78,0.00,267.79,1,3.73,1
sglang,multi_turn,616,171.13,0.00,205.84,1,4.86,1
sglang,multi_turn,617,156.49,0.00,232.64,1,4.30,1
sglang,multi_turn,618,169.52,0.00,207.05,1,4.83,1
sglang,multi_turn,619,172.94,0.00,295.72,1,3.38,1
sglang,multi_turn,620,148.09,0.00,197.92,1,5.05,1
sglang,multi_turn,621,232.48,89.56,411.59,3,7.29,0
sglang,multi_turn,622,150.24,0.00,207.48,1,4.82,1
sglang,multi_turn,623,221.92,0.00,275.28,1,3.63,1
sglang,multi_turn,624,118.06,0.00,187.68,1,5.33,1
sglang,multi_turn,625,119.47,0.00,178.24,1,5.61,1
sglang,multi_turn,626,158.33,136.29,294.63,2,6.79,1
sglang,multi_turn,627,130.88,0.00,193.42,1,5.17,1
sglang,multi_turn,628,205.16,0.00,303.65,1,3.29,1
sglang,multi_turn,629,182.09,65.37,247.46,2,8.08,1
sglang,multi_turn,630,218.22,0.00,296.67,1,3.37,1
sglang,multi_turn,631,255.86,0.00,278.84,1,3.59,1
sglang,multi_turn,632,172.41,86.87,259.27,2,7.71,1
sglang,multi_turn,633,115.37,0.00,180.65,1,5.54,1
sglang,multi_turn,634,166.16,0.00,215.16,1,4.65,1
sglang,multi_turn,635,202.43,81.59,284.02,2,7.04,1
sglang,multi_turn,636,168.82,0.00,268.36,1,3.73,1
sglang,multi_turn,637,142.91,88.67,231.58,2,8.64,1
sglang,multi_turn,638,190.67,151.09,341.77,2,5.85,1
sglang,multi_turn,639,156.48,0.00,238.87,1,4.19,1
sglang,multi_turn,640,122.06,0.00,188.97,1,5.29,1
sglang,multi_turn,641,140.34,132.80,273.14,2,7.32,1
sglang,multi_turn,642,129.67,87.43,217.10,2,9.21,1
sglang,multi_turn,643,165.64,0.00,175.96,1,5.68,1
sglang,multi_turn,644,207.39,71.44,278.83,2,7.17,1
sglang,multi_turn,645,202.01,123.82,325.83,2,6.14,1
sglang,multi_turn,646,193.67,0.00,289.00,1,3.46,1
sglang,multi_turn,647,176.39,0.00,257.72,1,3.88,1
sglang,multi_turn,648,81.45,0.00,148.95,1,6.71,1
sglang,multi_turn,649,188.74,0.00,241.61,1,4.14,1
sglang,multi_turn,650,167.27,0.00,177.36,1,5.64,1
sglang,multi_turn,651,222.56,145.77,368.33,2,5.43,1
sglang,multi_turn,652,131.82,144.76,276.58,2,7.23,1
sglang,multi_turn,653,132.12,157.31,289.42,2,6.91,1
sglang,multi_turn,654,132.23,0.00,258.96,1,3.86,1
sglang,multi_turn,655,192.04,0.00,209.12,1,4.78,1
sglang,multi_turn,656,153.74,116.72,270.46,2,7.39,1
sglang,multi_turn,657,93.66,0.00,149.68,1,6.68,1
sglang,multi_turn,658,178.89,90.64,269.53,2,7.42,1
sglang,multi_turn,659,170.04,110.19,280.23,2,7.14,1
sglang,multi_turn,660,158.00,0.00,304.64,1,3.28,1
sglang,multi_turn,661,119.33,0.00,200.82,1,4.98,1
sglang,multi_turn,662,207.75,68.81,276.57,2,7.23,1
sglang,multi_turn,663,229.61,0.00,283.32,1,3.53,1
sglang,multi_turn,664,158.70,0.00,215.77,1,4.63,1
sglang,multi_turn,665,140.34,107.51,247.85,2,8.07,1
sglang,multi_turn,666,109.72,55.09,164.82,2,12.13,1
sglang,multi_turn,667,189.93,0.00,271.69,1,3.68,1
sglang,multi_turn,668,154.55,126.07,280.61,2,7.13,1
sglang,multi_turn,669,187.20,0.00,356.20,1,2.81,1
sglang,multi_turn,670,138.92,163.44,302.35,2,6.61,0
sglang,multi_turn,671,141.79,0.00,164.42,1,6.08,1
sglang,multi_turn,672,159.54,63.93,223.47,2,8.95,1
sglang,multi_turn,673,155.89,0.00,179.97,1,5.56,1
sglang,multi_turn,674,173.19,64.70,237.88,2,8.41,1
sglang,multi_turn,675,180.15,151.00,331.15,2,6.04,1
sglang,multi_turn,676,127.63,59.24,186.87,2,10.70,1
sglang,multi_turn,677,201.42,53.67,255.09,2,7.84,1
sglang,multi_turn,678,202.99,0.00,347.64,1,2.88,1
sglang,multi_turn,679,185.11,0.00,243.84,1,4.10,1
sglang,multi_turn,680,107.07,0.00,161.73,1,6.18,1
sglang,multi_turn,681,157.41,0.00,261.30,1,3.83,1
sglang,multi_turn,682,134.89,135.38,270.27,2,7.40,1
sglang,multi_turn,683,124.67,110.68,235.35,2,8.50,1
sglang,multi_turn,684,145.63,96.13,241.76,2,8.27,1
sglang,multi_turn,685,157.03,0.00,207.96,1,4.81,1
sglang,multi_turn,686,249.78,0.00,444.94,1,2.25,1
sglang,multi_turn,687,133.74,0.00,167.17,1,5.98,1
sglang,multi_turn,688,109.48,0.00,154.12,1,6.49,1
sglang,multi_turn,689,177.93,0.00,226.00,1,4.42,1
sglang,multi_turn,690,130.24,0.00,239.15,1,4.18,1
sglang,multi_turn,691,164.91,0.00,293.54,1,3.41,1
sglang,multi_turn,692,145.12,99.82,244.94,2,8.17,1
sglang,multi_turn,693,167.87,0.00,259.51,1,3.85,1
sglang,multi_turn,694,194.86,171.09,365.96,2,5.47,1
sglang,multi_turn,695,164.79,0.00,187.48,1,5.33,1
sglang,multi_turn,696,108.61,0.00,186.27,1,5.37,1
sglang,multi_turn,697,133.45,0.00,180.01,1,5.56,1
sglang,multi_turn,698,173.78,72.75,246.53,2,8.11,1
sglang,multi_turn,699,167.93,0.00,246.46,1,4.06,1
sglang,multi_turn,700,156.83,0.00,206.65,1,4.84,1
sglang,multi_turn,701,172.03,0.00,390.98,1,2.56,1
sglang,multi_turn,702,167.98,0.00,319.67,1,3.13,1
sglang,multi_turn,703,151.90,0.00,185.20,1,5.40,1
sglang,multi_turn,704,145.47,0.00,165.85,1,6.03,1
sglang,multi_turn,705,151.55,128.36,279.91,2,7.15,1
sglang,multi_turn,706,122.70,45.45,168.16,2,11.89,1
sglang,multi_turn,707,193.53,0.00,225.88,1,4.43,1
sglang,multi_turn,708,204.01,0.00,299.73,1,3.34,1
sglang,multi_turn,709,186.28,146.47,332.75,2,6.01,1
sglang,multi_turn,710,185.16,0.00,361.39,1,2.77,1
sglang,multi_turn,711,103.70,0.00,162.82,1,6.14,1
sglang,multi_turn,712,129.98,66.03,196.02,2,10.20,1
sglang,multi_turn,713,108.90,72.90,181.81,2,11.00,1
sglang,multi_turn,714,232.00,53.01,285.01,2,7.02,1
sglang,multi_turn,715,138.75,0.00,166.25,1,6.02,1
sglang,multi_turn,716,203.07,108.29,311.36,2,6.42,1
sglang,multi_turn,717,165.36,169.00,334.36,2,5.98,1
sglang,multi_turn,718,167.21,0.00,271.09,1,3.69,1
sglang,multi_turn,719,194.77,35.14,229.92,2,8.70,1
sglang,multi_turn,720,112.70,86.85,199.54,2,10.02,1
sglang,multi_turn,721,132.46,0.00,200.83,1,4.98,1
sglang,multi_turn,722,143.95,0.00,205.73,1,4.86,1
sglang,multi_turn,723,170.79,0.00,270.12,1,3.70,1
sglang,multi_turn,724,181.63,0.00,329.20,1,3.04,1
sglang,multi_turn,725,132.75,43.36,176.11,2,11.36,1
sglang,multi_turn,726,230.06,92.38,322.44,2,6.20,0
sglang,multi_turn,727,211.27,55.78,267.05,2,7.49,1
sglang,multi_turn,728,128.19,0.00,170.33,1,5.87,1
sglang,multi_turn,729,149.03,46.62,195.65,2,10.22,1
sglang,multi_turn,730,144.46,0.00,211.05,1,4.74,1
sglang,multi_turn,731,212.25,119.47,331.71,2,6.03,1
sglang,multi_turn,732,151.65,0.00,172.68,1,5.79,1
sglang,multi_turn,733,222.68,0.00,270.04,1,3.70,1
sglang,multi_turn,734,231.77,0.00,421.78,1,2.37,1
sglang,multi_turn,735,146.70,55.08,201.77,2,9.91,1
sglang,multi_turn,736,119.46,0.00,172.88,1,5.78,1
sglang,multi_turn,737,123.61,83.50,207.11,2,9.66,1
sglang,multi_turn,738,168.21,81.96,250.16,2,7.99,1
sglang,multi_turn,739,161.99,122.11,284.10,2,7.04,1
sglang,multi_turn,740,158.83,0.00,280.04,1,3.57,1
sglang,multi_turn,741,146.55,0.00,237.87,1,4.20,1
sglang,multi_turn,742,206.13,114.62,320.75,2,6.24,1
sglang,multi_turn,743,198.96,0.00,223.68,1,4.47,1
sglang,multi_turn,744,166.31,0.00,209.08,1,4.78,1
sglang,multi_turn,745,154.16,0.00,259.63,1,3.85,1
sglang,multi_turn,746,76.75,0.00,146.65,1,6.82,1
sglang,multi_turn,747,176.60,141.30,317.90,2,6.29,1
sglang,multi_turn,748,156.92,153.82,310.74,2,6.44,1
sglang,multi_turn,749,125.33,0.00,292.66,1,3.42,1
sglang,multi_turn,750,120.80,149.41,270.21,2,7.40,1
sglang,multi_turn,751,179.08,30.22,209.30,2,9.56,1
sglang,multi_turn,752,112.93,50.67,163.60,2,12.23,1
sglang,multi_turn,753,167.88,0.00,273.74,1,3.65,1
sglang,multi_turn,754,125.06,24.67,149.73,2,13.36,1
sglang,multi_turn,755,200.76,140.53,341.29,2,5.86,1
sglang,multi_turn,756,129.92,160.74,290.66,2,6.88,1
sglang,multi_turn,757,119.90,36.90,156.80,2,12.75,1
sglang,multi_turn,758,271.12,125.82,396.94,2,5.04,1
sglang,multi_turn,759,172.16,0.00,207.10,1,4.83,1
sglang,multi_turn,760,149.98,90.80,240.77,2,8.31,1
sglang,multi_turn,761,128.86,0.00,201.83,1,4.95,1
sglang,multi_turn,762,140.60,0.00,163.00,1,6.13,1
sglang,multi_turn,763,191.73,0.00,280.59,1,3.56,1
sglang,multi_turn,764,148.12,134.35,282.47,2,7.08,1
sglang,multi_turn,765,204.04,0.00,298.73,1,3.35,1
sglang,multi_turn,766,211.09,61.07,272.17,2,7.35,1
sglang,multi_turn,767,248.70,29.48,278.18,2,7.19,1
sglang,multi_turn,768,123.67,50.42,174.08,2,11.49,1
sglang,multi_turn,769,131.70,0.00,234.41,1,4.27,1
sglang,multi_turn,770,158.60,0.00,253.99,1,3.94,1
sglang,multi_turn,771,128.94,0.00,175.05,1,5.71,1
sglang,multi_turn,772,199.69,0.00,260.83,1,3.83,1
sglang,multi_turn,773,241.20,0.00,346.04,1,2.89,1
sglang,multi_turn,774,146.52,211.49,358.01,2,5.59,1
sglang,multi_turn,775,148.84,0.00,184.05,1,5.43,1
sglang,multi_turn,776,131.61,0.00,168.95,1,5.92,1
sglang,multi_turn,777,155.50,0.00,196.11,1,5.10,1
sglang,multi_turn,778,164.24,162.07,326.31,2,6.13,1
sglang,multi_turn,779,125.43,127.19,252.62,2,7.92,1
sglang,multi_turn,780,143.15,0.00,276.84,1,3.61,1
sglang,multi_turn,781,128.66,92.95,221.61,2,9.02,1
sglang,multi_turn,782,221.84,0.00,302.31,1,3.31,1
sglang,multi_turn,783,229.45,25.46,254.90,2,7.85,1
sglang,multi_turn,784,176.16,0.00,239.66,1,4.17,1
sglang,multi_turn,785,144.61,0.00,234.40,1,4.27,1
sglang,multi_turn,786,122.93,0.00,174.12,1,5.74,1
sglang,multi_turn,787,184.48,109.73,294.21,2,6.80,1
sglang,multi_turn,788,174.03,110.94,284.97,2,7.02,1
sglang,multi_turn,789,152.54,160.89,313.43,2,6.38,1
sglang,multi_turn,790,151.05,176.34,327.39,2,6.11,1
sglang,multi_turn,791,123.86,0.00,157.31,1,6.36,1
sglang,multi_turn,792,151.17,0.00,176.23,1,5.67,1
sglang,multi_turn,793,154.69,0.00,247.82,1,4.04,1
sglang,multi_turn,794,169.23,71.79,241.02,2,8.30,1
sglang,multi_turn,795,172.80,0.00,224.88,1,4.45,1
sglang,multi_turn,796,171.11,0.00,345.06,1,2.90,1
sglang,multi_turn,797,128.91,0.00,242.21,1,4.13,1
sglang,multi_turn,798,200.51,172.56,373.07,2,5.36,1
sglang,multi_turn,799,139.52,0.00,165.70,1,6.04,1
sglang,multi_turn,800,148.51,56.81,205.33,2,9.74,1
sglang,multi_turn,801,159.70,0.00,177.37,1,5.64,1
sglang,multi_turn,802,194.66,107.53,302.19,2,6.62,1
sglang,multi_turn,803,132.83,69.31,271.45,3,11.05,0
sglang,multi_turn,804,136.67,77.04,213.71,2,9.36,1
sglang,multi_turn,805,205.71,0.00,301.75,1,3.31,1
sglang,multi_turn,806,175.92,0.00,253.79,1,3.94,1
sglang,multi_turn,807,214.77,0.00,282.80,1,3.54,1
sglang,multi_turn,808,129.64,114.85,244.49,2,8.18,1
sglang,multi_turn,809,123.94,37.44,161.38,2,12.39,1
sglang,multi_turn,810,151.84,81.90,233.74,2,8.56,1
sglang,multi_turn,811,165.05,0.00,237.19,1,4.22,1
sglang,multi_turn,812,191.60,0.00,279.12,1,3.58,1
sglang,multi_turn,813,188.97,129.77,318.75,2,6.27,1
sglang,multi_turn,814,213.30,112.17,325.47,2,6.15,1
sglang,multi_turn,815,199.36,25.71,225.07,2,8.89,1
sglang,multi_turn,816,139.75,0.00,189.30,1,5.28,1
sglang,multi_turn,817,142.34,0.00,193.30,1,5.17,1
sglang,multi_turn,818,110.30,134.49,244.79,2,8.17,1
sglang,multi_turn,819,172.81,150.61,323.42,2,6.18,1
sglang,multi_turn,820,127.49,120.14,247.63,2,8.08,1
sglang,multi_turn,821,153.83,138.40,292.24,2,6.84,1
sglang,multi_turn,822,101.78,0.00,295.12,1,3.39,1
sglang,multi_turn,823,164.06,39.46,203.52,2,9.83,1
sglang,multi_turn,824,106.29,118.94,225.23,2,8.88,1
sglang,multi_turn,825,91.83,0.00,175.11,1,5.71,1
sglang,multi_turn,826,159.90,135.75,295.66,2,6.76,1
sglang,multi_turn,827,108.35,0.00,246.68,1,4.05,1
sglang,multi_turn,828,162.68,58.34,221.02,2,9.05,1
sglang,multi_turn,829,194.41,147.44,341.85,2,5.85,1
sglang,multi_turn,830,192.99,0.00,372.79,1,2.68,1
sglang,multi_turn,831,124.49,28.74,153.23,2,13.05,1
sglang,multi_turn,832,91.85,0.00,139.62,1,7.16,1
sglang,multi_turn,833,199.57,27.64,227.20,2,8.80,1
sglang,multi_turn,834,148.08,63.24,274.56,3,10.93,1
sglang,multi_turn,835,157.22,0.00,223.78,1,4.47,1
sglang,multi_turn,836,199.27,71.63,342.52,3,8.76,1
sglang,multi_turn,837,137.04,0.00,230.78,1,4.33,1
sglang,multi_turn,838,214.66,31.28,277.23,3,10.82,1
sglang,multi_turn,839,231.21,39.21,270.42,2,7.40,1
sglang,multi_turn,840,87.79,87.54,175.33,2,11.41,1
sglang,multi_turn,841,131.17,0.00,271.16,1,3.69,1
sglang,multi_turn,842,121.69,24.99,146.69,2,13.63,1
sglang,multi_turn,843,171.84,61.91,295.67,3,10.15,0
sglang,multi_turn,844,171.89,51.05,222.94,2,8.97,1
sglang,multi_turn,845,201.55,0.00,296.77,1,3.37,1
sglang,multi_turn,846,183.19,0.00,269.50,1,3.71,1
sglang,multi_turn,847,246.70,63.22,309.92,2,6.45,1
sglang,multi_turn,848,84.16,0.00,132.19,1,7.56,1
sglang,multi_turn,849,199.24,0.00,304.87,1,3.28,1
sglang,multi_turn,850,141.20,0.00,216.37,1,4.62,1
sglang,multi_turn,851,122.43,106.19,228.62,2,8.75,1
sglang,multi_turn,852,136.78,193.68,330.46,2,6.05,1
sglang,multi_turn,853,125.11,148.22,273.33,2,7.32,1
sglang,multi_turn,854,127.56,0.00,170.37,1,5.87,1
sglang,multi_turn,855,224.81,94.42,319.23,2,6.27,1
sglang,multi_turn,856,128.01,72.67,200.69,2,9.97,1
sglang,multi_turn,857,146.09,0.00,197.92,1,5.05,1
sglang,multi_turn,858,152.09,50.36,202.45,2,9.88,1
sglang,multi_turn,859,205.15,136.33,341.49,2,5.86,1
sglang,multi_turn,860,141.65,95.74,237.39,2,8.42,1
sglang,multi_turn,861,173.92,159.29,333.20,2,6.00,1
sglang,multi_turn,862,135.43,83.88,219.31,2,9.12,1
sglang,multi_turn,863,197.45,64.82,262.27,2,7.63,1
sglang,multi_turn,864,142.04,135.90,277.94,2,7.20,1
sglang,multi_turn,865,120.99,0.00,189.43,1,5.28,1
sglang,multi_turn,866,129.55,110.28,239.83,2,8.34,1
sglang,multi_turn,867,148.80,0.00,165.72,1,6.03,1
sglang,multi_turn,868,180.79,171.53,352.31,2,5.68,1
sglang,multi_turn,869,176.52,0.00,306.02,1,3.27,1
sglang,multi_turn,870,170.55,0.00,208.03,1,4.81,1
sglang,multi_turn,871,241.13,61.66,302.80,2,6.61,1
sglang,multi_turn,872,166.59,0.00,188.15,1,5.31,1
sglang,multi_turn,873,149.41,0.00,217.73,1,4.59,1
sglang,multi_turn,874,184.94,0.00,307.77,1,3.25,1
sglang,multi_turn,875,124.81,0.00,148.70,1,6.72,1
sglang,multi_turn,876,231.52,110.09,341.61,2,5.85,1
sglang,multi_turn,877,146.59,0.00,254.32,1,3.93,1
sglang,multi_turn,878,231.50,0.00,267.35,1,3.74,1
sglang,multi_turn,879,174.87,122.51,297.38,2,6.73,1
sglang,multi_turn,880,133.27,0.00,191.69,1,5.22,1
sglang,multi_turn,881,160.94,0.00,270.60,1,3.70,1
sglang,multi_turn,882,112.70,0.00,193.55,1,5.17,1
sglang,multi_turn,883,121.25,0.00,244.64,1,4.09,1
sglang,multi_turn,884,146.85,80.59,227.43,2,8.79,1
sglang,multi_turn,885,228.82,151.86,380.67,2,5.25,1
sglang,multi_turn,886,162.77,0.00,189.90,1,5.27,1
sglang,multi_turn,887,186.29,121.98,308.27,2,6.49,1
sglang,multi_turn,888,129.32,0.00,213.04,1,4.69,1
sglang,multi_turn,889,140.39,0.00,216.22,1,4.62,1
sglang,multi_turn,890,132.14,0.00,227.54,1,4.39,1
sglang,multi_turn,891,159.31,135.82,295.12,2,6.78,1
sglang,multi_turn,892,132.89,0.00,208.08,1,4.81,1
sglang,multi_turn,893,131.37,0.00,232.14,1,4.31,1
sglang,multi_turn,894,270.54,0.00,329.78,1,3.03,1
sglang,multi_turn,895,238.25,38.80,277.05,2,7.22,1
sglang,multi_turn,896,98.33,128.55,226.88,2,8.82,1
sglang,multi_turn,897,115.12,66.54,181.66,2,11.01,1
sglang,multi_turn,898,144.12,0.00,198.30,1,5.04,1
sglang,multi_turn,899,159.40,118.16,277.56,2,7.21,1
sglang,multi_turn,900,179.88,0.00,247.94,1,4.03,1
sglang,multi_turn,901,184.65,0.00,270.86,1,3.69,1
sglang,multi_turn,902,224.24,0.00,349.59,1,2.86,1
sglang,multi_turn,903,210.63,0.00,240.61,1,4.16,1
sglang,multi_turn,904,109.28,128.97,238.25,2,8.39,1
sglang,multi_turn,905,109.35,0.00,169.71,1,5.89,1
sglang,multi_turn,906,125.84,0.00,181.75,1,5.50,1
sglang,multi_turn,907,197.07,0.00,295.50,1,3.38,1
sglang,multi_turn,908,193.34,78.76,272.10,2,7.35,1
sglang,multi_turn,909,214.98,0.00,247.86,1,4.03,1
sglang,multi_turn,910,207.36,206.13,413.48,2,4.84,1
sglang,multi_turn,911,153.45,37.32,190.77,2,10.48,1
sglang,multi_turn,912,117.77,57.38,175.14,2,11.42,1
sglang,multi_turn,913,113.10,0.00,181.15,1,5.52,1
sglang,multi_turn,914,191.22,98.18,289.39,2,6.91,1
sglang,multi_turn,915,135.20,133.72,268.92,2,7.44,1
sglang,multi_turn,916,141.01,0.00,197.64,1,5.06,1
sglang,multi_turn,917,183.39,0.00,369.94,1,2.70,1
sglang,multi_turn,918,127.96,0.00,327.33,1,3.06,1
sglang,multi_turn,919,132.57,33.82,166.39,2,12.02,0
sglang,multi_turn,920,148.26,0.00,178.78,1,5.59,1
sglang,multi_turn,921,168.71,0.00,238.43,1,4.19,1
sglang,multi_turn,922,144.87,0.00,181.40,1,5.51,1
sglang,multi_turn,923,181.91,0.00,280.35,1,3.57,1
sglang,multi_turn,924,176.03,0.00,281.87,1,3.55,1
sglang,multi_turn,925,200.68,0.00,372.12,1,2.69,1
sglang,multi_turn,926,133.08,157.83,290.91,2,6.87,1
sglang,multi_turn,927,155.36,27.88,183.24,2,10.91,1
sglang,multi_turn,928,117.67,97.93,215.60,2,9.28,1
sglang,multi_turn,929,116.86,144.38,261.25,2,7.66,1
sglang,multi_turn,930,107.58,61.50,169.08,2,11.83,1
sglang,multi_turn,931,189.74,115.68,305.43,2,6.55,1
sglang,multi_turn,932,137.07,0.00,204.41,1,4.89,1
sglang,multi_turn,933,215.56,0.00,314.59,1,3.18,1
sglang,multi_turn,934,201.05,0.00,301.04,1,3.32,1
sglang,multi_turn,935,172.85,71.54,244.39,2,8.18,1
sglang,multi_turn,936,105.60,0.00,155.18,1,6.44,1
sglang,multi_turn,937,186.47,91.70,278.17,2,7.19,1
sglang,multi_turn,938,133.90,80.36,214.27,2,9.33,1
sglang,multi_turn,939,120.86,0.00,216.30,1,4.62,1
sglang,multi_turn,940,179.89,147.41,327.29,2,6.11,1
sglang,multi_turn,941,97.29,0.00,177.86,1,5.62,1
sglang,multi_turn,942,227.23,0.00,405.07,1,2.47,1
sglang,multi_turn,943,157.59,66.47,224.06,2,8.93,1
sglang,multi_turn,944,162.29,0.00,206.04,1,4.85,1
sglang,multi_turn,945,135.00,116.10,251.10,2,7.96,1
sglang,multi_turn,946,139.70,115.11,254.82,2,7.85,1
sglang,multi_turn,947,121.47,0.00,233.21,1,4.29,1
sglang,multi_turn,948,155.11,0.00,243.09,1,4.11,1
sglang,multi_turn,949,155.51,151.56,307.07,2,6.51,1
sglang,multi_turn,950,190.78,139.89,330.67,2,6.05,1
sglang,multi_turn,951,165.41,35.52,200.93,2,9.95,1
sglang,multi_turn,952,169.71,0.00,209.55,1,4.77,1
sglang,multi_turn,953,140.17,0.00,207.11,1,4.83,1
sglang,multi_turn,954,169.58,0.00,234.84,1,4.26,1
sglang,multi_turn,955,190.08,0.00,260.61,1,3.84,1
sglang,multi_turn,956,161.61,0.00,331.10,1,3.02,1
sglang,multi_turn,957,151.89,59.08,210.96,2,9.48,1
sglang,multi_turn,958,179.48,160.85,340.33,2,5.88,1
sglang,multi_turn,959,202.62,34.47,237.09,2,8.44,1
sglang,multi_turn,960,119.78,0.00,197.53,1,5.06,1
sglang,multi_turn,961,140.96,0.00,233.51,1,4.28,1
sglang,multi_turn,962,130.32,102.31,232.63,2,8.60,1
sglang,multi_turn,963,140.17,102.22,242.39,2,8.25,1
sglang,multi_turn,964,165.24,0.00,193.91,1,5.16,1
sglang,multi_turn,965,209.65,110.74,320.39,2,6.24,1
sglang,multi_turn,966,197.51,124.87,322.38,2,6.20,1
sglang,multi_turn,967,209.49,37.82,247.32,2,8.09,1
sglang,multi_turn,968,155.82,0.00,249.13,1,4.01,1
sglang,multi_turn,969,118.24,97.84,216.08,2,9.26,1
sglang,multi_turn,970,131.74,0.00,142.05,1,7.04,1
sglang,multi_turn,971,216.43,143.44,359.87,2,5.56,1
sglang,multi_turn,972,125.45,0.00,258.43,1,3.87,1
sglang,multi_turn,973,141.61,0.00,268.65,1,3.72,1
sglang,multi_turn,974,96.36,0.00,197.26,1,5.07,1
sglang,multi_turn,975,284.15,42.88,327.04,2,6.12,1
sglang,multi_turn,976,149.44,0.00,199.61,1,5.01,1
sglang,multi_turn,977,121.56,0.00,227.32,1,4.40,1
sglang,multi_turn,978,131.26,101.85,233.11,2,8.58,1
sglang,multi_turn,979,117.14,185.35,302.49,2,6.61,1
sglang,multi_turn,980,129.88,112.40,242.28,2,8.26,1
sglang,multi_turn,981,149.25,0.00,211.53,1,4.73,1
sglang,multi_turn,982,211.13,0.00,328.56,1,3.04,1
sglang,multi_turn,983,217.51,40.34,257.85,2,7.76,0
sglang,multi_turn,984,113.52,0.00,154.44,1,6.48,1
sglang,multi_turn,985,167.22,0.00,255.59,1,3.91,1
sglang,multi_turn,986,120.72,97.03,217.75,2,9.18,1
sglang,multi_turn,987,122.39,0.00,247.99,1,4.03,1
sglang,multi_turn,988,181.54,0.00,209.89,1,4.76,1
sglang,multi_turn,989,209.42,103.77,313.19,2,6.39,1
sglang,multi_turn,990,237.92,0.00,340.32,1,2.94,1
sglang,multi_turn,991,165.76,69.21,234.97,2,8.51,1
sglang,multi_turn,992,130.89,0.00,225.22,1,4.44,1
sglang,multi_turn,993,124.10,0.00,153.34,1,6.52,1
sglang,multi_turn,994,154.35,0.00,289.59,1,3.45,1
sglang,multi_turn,995,154.27,101.52,255.78,2,7.82,1
sglang,multi_turn,996,164.02,0.00,265.28,1,3.77,1
sglang,multi_turn,997,138.38,0.00,195.73,1,5.11,1
sglang,multi_turn,998,215.68,0.00,414.36,1,2.41,1
sglang,multi_turn,999,164.61,39.97,204.58,2,9.78,1
sglang,tree_of_thought,0,82.73,0.00,144.04,1,6.94,1
sglang,tree_of_thought,1,88.11,0.00,149.07,1,6.71,1
sglang,tree_of_thought,2,79.26,78.23,157.49,2,12.70,1
sglang,tree_of_thought,3,82.27,85.13,167.39,2,11.95,1
sglang,tree_of_thought,4,76.09,0.00,98.99,1,10.10,1
sglang,tree_of_thought,5,80.48,0.00,154.56,1,6.47,1
sglang,tree_of_thought,6,115.10,0.00,143.54,1,6.97,1
sglang,tree_of_thought,7,89.86,0.00,125.30,1,7.98,1
sglang,tree_of_thought,8,77.30,0.00,188.96,1,5.29,1
sglang,tree_of_thought,9,79.99,76.38,156.38,2,12.79,1
sglang,tree_of_thought,10,85.98,99.19,185.18,2,10.80,1
sglang,tree_of_thought,11,77.05,0.00,139.40,1,7.17,1
sglang,tree_of_thought,12,77.54,0.00,188.15,1,5.31,1
sglang,tree_of_thought,13,80.65,0.00,169.77,1,5.89,1
sglang,tree_of_thought,14,94.76,0.00,154.60,1,6.47,1
sglang,tree_of_thought,15,77.08,0.00,138.11,1,7.24,1
sglang,tree_of_thought,16,74.23,14.22,88.45,2,22.61,1
sglang,tree_of_thought,17,83.93,0.00,151.59,1,6.60,1
sglang,tree_of_thought,18,75.27,0.00,129.24,1,7.74,1
sglang,tree_of_thought,19,40.27,32.18,72.46,2,27.60,1
sglang,tree_of_thought,20,73.52,39.09,112.62,2,17.76,1
sglang,tree_of_thought,21,77.84,0.00,182.06,1,5.49,1
sglang,tree_of_thought,22,91.90,82.27,174.17,2,11.48,1
sglang,tree_of_thought,23,82.93,69.26,152.19,2,13.14,1
sglang,tree_of_thought,24,82.43,46.79,129.22,2,15.48,1
sglang,tree_of_thought,25,81.40,25.46,106.87,2,18.71,1
sglang,tree_of_thought,26,80.64,58.00,138.64,2,14.43,1
sglang,tree_of_thought,27,79.19,40.56,119.75,2,16.70,1
sglang,tree_of_thought,28,91.95,81.12,173.07,2,11.56,1
sglang,tree_of_thought,29,59.90,36.09,96.00,2,20.83,1
sglang,tree_of_thought,30,75.70,0.00,89.77,1,11.14,1
sglang,tree_of_thought,31,99.53,0.00,166.13,1,6.02,1
sglang,tree_of_thought,32,79.63,0.00,174.69,1,5.72,1
sglang,tree_of_thought,33,83.78,0.00,182.28,1,5.49,1
sglang,tree_of_thought,34,103.61,91.16,194.77,2,10.27,1
sglang,tree_of_thought,35,82.87,0.00,103.47,1,9.66,1
sglang,tree_of_thought,36,90.76,0.00,121.49,1,8.23,1
sglang,tree_of_thought,37,93.73,27.29,121.02,2,16.53,1
sglang,tree_of_thought,38,86.14,91.62,177.77,2,11.25,1
sglang,tree_of_thought,39,54.11,0.00,87.58,1,11.42,1
sglang,tree_of_thought,40,71.30,0.00,126.26,1,7.92,1
sglang,tree_of_thought,41,82.48,81.61,164.09,2,12.19,1
sglang,tree_of_thought,42,77.55,113.71,191.26,2,10.46,1
sglang,tree_of_thought,43,73.12,0.00,124.50,1,8.03,1
sglang,tree_of_thought,44,74.31,0.00,153.91,1,6.50,1
sglang,tree_of_thought,45,86.99,99.21,186.19,2,10.74,1
sglang,tree_of_thought,46,59.71,44.82,104.53,2,19.13,1
sglang,tree_of_thought,47,56.54,18.61,75.15,2,26.61,1
sglang,tree_of_thought,48,58.63,0.00,78.53,1,12.73,1
sglang,tree_of_thought,49,89.93,0.00,158.35,1,6.31,1
sglang,tree_of_thought,50,82.77,58.06,140.83,2,14.20,0
sglang,tree_of_thought,51,78.02,41.48,119.50,2,16.74,1
sglang,tree_of_thought,52,70.55,0.00,168.39,1,5.94,1
sglang,tree_of_thought,53,79.05,0.00,149.70,1,6.68,1
sglang,tree_of_thought,54,75.07,66.60,141.67,2,14.12,1
sglang,tree_of_thought,55,58.26,150.21,208.48,2,9.59,1
sglang,tree_of_thought,56,90.18,0.00,106.71,1,9.37,1
sglang,tree_of_thought,57,78.64,0.00,107.61,1,9.29,1
sglang,tree_of_thought,58,80.36,107.77,188.14,2,10.63,1
sglang,tree_of_thought,59,85.49,0.00,140.29,1,7.13,1
sglang,tree_of_thought,60,81.88,89.05,170.93,2,11.70,1
sglang,tree_of_thought,61,89.32,0.00,98.64,1,10.14,1
sglang,tree_of_thought,62,80.51,0.00,207.33,1,4.82,1
sglang,tree_of_thought,63,104.88,101.37,206.24,2,9.70,1
sglang,tree_of_thought,64,75.54,144.40,219.95,2,9.09,1
sglang,tree_of_thought,65,75.64,122.70,198.35,2,10.08,1
sglang,tree_of_thought,66,155.79,0.00,251.73,1,3.97,1
sglang,tree_of_thought,67,99.04,0.00,154.45,1,6.47,1
sglang,tree_of_thought,68,76.60,0.00,112.20,1,8.91,1
sglang,tree_of_thought,69,106.30,35.44,141.74,2,14.11,1
sglang,tree_of_thought,70,89.18,0.00,171.01,1,5.85,1
sglang,tree_of_thought,71,81.36,0.00,130.52,1,7.66,1
sglang,tree_of_thought,72,90.10,0.00,156.66,1,6.38,1
sglang,tree_of_thought,73,80.55,128.52,209.07,2,9.57,1
sglang,tree_of_thought,74,76.52,0.00,180.37,1,5.54,1
sglang,tree_of_thought,75,73.11,0.00,155.38,1,6.44,1
sglang,tree_of_thought,76,83.64,62.51,146.15,2,13.68,0
sglang,tree_of_thought,77,71.16,0.00,119.41,1,8.37,1
sglang,tree_of_thought,78,63.91,0.00,73.02,1,13.69,1
sglang,tree_of_thought,79,90.67,90.89,181.56,2,11.02,1
sglang,tree_of_thought,80,74.94,40.91,156.77,3,19.14,1
sglang,tree_of_thought,81,63.84,33.53,130.89,3,22.92,1
sglang,tree_of_thought,82,99.45,100.57,200.02,2,10.00,1
sglang,tree_of_thought,83,96.74,0.00,167.66,1,5.96,1
sglang,tree_of_thought,84,92.18,0.00,190.43,1,5.25,1
sglang,tree_of_thought,85,94.83,0.00,125.28,1,7.98,1
sglang,tree_of_thought,86,95.44,63.25,158.69,2,12.60,1
sglang,tree_of_thought,87,84.31,0.00,101.16,1,9.89,1
sglang,tree_of_thought,88,71.58,0.00,143.86,1,6.95,1
sglang,tree_of_thought,89,70.14,112.67,182.81,2,10.94,1
sglang,tree_of_thought,90,67.50,38.52,106.02,2,18.86,1
sglang,tree_of_thought,91,88.94,48.37,137.31,2,14.57,1
sglang,tree_of_thought,92,84.79,0.00,96.13,1,10.40,1
sglang,tree_of_thought,93,105.02,0.00,188.51,1,5.30,1
sglang,tree_of_thought,94,83.63,0.00,209.17,1,4.78,1
sglang,tree_of_thought,95,81.11,0.00,185.96,1,5.38,1
sglang,tree_of_thought,96,79.67,141.25,220.92,2,9.05,1
sglang,tree_of_thought,97,80.89,0.00,103.34,1,9.68,1
sglang,tree_of_thought,98,85.73,82.53,168.26,2,11.89,1
sglang,tree_of_thought,99,102.64,29.05,131.69,2,15.19,1
sglang,tree_of_thought,100,127.85,34.02,161.87,2,12.36,1
sglang,tree_of_thought,101,71.51,0.00,177.77,1,5.63,1
sglang,tree_of_thought,102,90.55,78.28,168.83,2,11.85,1
sglang,tree_of_thought,103,63.81,87.62,151.43,2,13.21,1
sglang,tree_of_thought,104,68.80,50.31,119.11,2,16.79,1
sglang,tree_of_thought,105,83.77,0.00,163.35,1,6.12,1
sglang,tree_of_thought,106,96.91,0.00,144.38,1,6.93,1
sglang,tree_of_thought,107,70.94,51.99,122.93,2,16.27,1
sglang,tree_of_thought,108,81.25,128.57,209.82,2,9.53,1
sglang,tree_of_thought,109,72.44,12.08,84.52,2,23.66,1
sglang,tree_of_thought,110,87.80,0.00,151.35,1,6.61,1
sglang,tree_of_thought,111,44.96,0.00,68.69,1,14.56,1
sglang,tree_of_thought,112,82.85,36.21,119.06,2,16.80,1
sglang,tree_of_thought,113,81.69,63.49,145.18,2,13.78,1
sglang,tree_of_thought,114,66.14,0.00,166.58,1,6.00,1
sglang,tree_of_thought,115,79.23,0.00,153.84,1,6.50,1
sglang,tree_of_thought,116,98.35,0.00,129.82,1,7.70,1
sglang,tree_of_thought,117,67.31,43.17,110.48,2,18.10,1
sglang,tree_of_thought,118,90.91,27.62,118.53,2,16.87,1
sglang,tree_of_thought,119,83.80,0.00,110.08,1,9.08,1
sglang,tree_of_thought,120,45.07,0.00,79.09,1,12.64,1
sglang,tree_of_thought,121,83.19,57.80,140.99,2,14.19,1
sglang,tree_of_thought,122,82.95,84.79,167.74,2,11.92,1
sglang,tree_of_thought,123,75.13,0.00,91.33,1,10.95,1
sglang,tree_of_thought,124,78.12,0.00,113.45,1,8.81,1
sglang,tree_of_thought,125,58.24,0.00,92.28,1,10.84,1
sglang,tree_of_thought,126,80.43,38.68,119.10,2,16.79,1
sglang,tree_of_thought,127,65.76,62.56,128.32,2,15.59,1
sglang,tree_of_thought,128,88.64,0.00,116.63,1,8.57,1
sglang,tree_of_thought,129,96.05,62.62,158.66,2,12.61,1
sglang,tree_of_thought,130,101.62,0.00,133.00,1,7.52,1
sglang,tree_of_thought,131,88.46,91.21,179.66,2,11.13,1
sglang,tree_of_thought,132,69.28,0.00,183.59,1,5.45,1
sglang,tree_of_thought,133,92.09,0.00,205.04,1,4.88,1
sglang,tree_of_thought,134,65.53,104.95,170.48,2,11.73,1
sglang,tree_of_thought,135,51.30,161.77,213.07,2,9.39,1
sglang,tree_of_thought,136,82.92,99.30,182.22,2,10.98,1
sglang,tree_of_thought,137,90.12,0.00,207.23,1,4.83,1
sglang,tree_of_thought,138,74.15,0.00,136.95,1,7.30,1
sglang,tree_of_thought,139,82.41,80.75,163.16,2,12.26,1
sglang,tree_of_thought,140,68.66,0.00,75.79,1,13.19,1
sglang,tree_of_thought,141,96.52,0.00,174.56,1,5.73,1
sglang,tree_of_thought,142,86.16,0.00,162.01,1,6.17,1
sglang,tree_of_thought,143,93.88,0.00,150.78,1,6.63,1
sglang,tree_of_thought,144,87.58,42.29,129.87,2,15.40,1
sglang,tree_of_thought,145,78.30,0.00,181.11,1,5.52,1
sglang,tree_of_thought,146,81.74,0.00,160.80,1,6.22,1
sglang,tree_of_thought,147,81.74,0.00,120.69,1,8.29,1
sglang,tree_of_thought,148,84.29,63.24,147.53,2,13.56,1
sglang,tree_of_thought,149,97.54,0.00,110.50,1,9.05,1
sglang,tree_of_thought,150,75.99,0.00,131.99,1,7.58,1
sglang,tree_of_thought,151,79.54,0.00,111.83,1,8.94,1
sglang,tree_of_thought,152,81.32,0.00,189.48,1,5.28,1
sglang,tree_of_thought,153,77.25,87.88,165.12,2,12.11,1
sglang,tree_of_thought,154,76.51,0.00,90.53,1,11.05,1
sglang,tree_of_thought,155,81.97,0.00,150.71,1,6.64,1
sglang,tree_of_thought,156,85.99,0.00,148.15,1,6.75,1
sglang,tree_of_thought,157,85.27,34.39,154.05,3,19.47,0
sglang,tree_of_thought,158,67.90,0.00,134.49,1,7.44,1
sglang,tree_of_thought,159,82.76,0.00,107.69,1,9.29,1
sglang,tree_of_thought,160,109.89,0.00,163.53,1,6.12,1
sglang,tree_of_thought,161,115.00,36.09,151.09,2,13.24,1
sglang,tree_of_thought,162,92.45,16.79,126.04,3,23.80,0
sglang,tree_of_thought,163,71.33,0.00,166.45,1,6.01,1
sglang,tree_of_thought,164,76.82,124.61,201.43,2,9.93,1
sglang,tree_of_thought,165,72.27,85.38,157.65,2,12.69,1
sglang,tree_of_thought,166,61.96,66.13,128.09,2,15.61,1
sglang,tree_of_thought,167,86.72,0.00,154.98,1,6.45,1
sglang,tree_of_thought,168,93.09,90.42,183.50,2,10.90,0
sglang,tree_of_thought,169,66.64,36.67,103.31,2,19.36,1
sglang,tree_of_thought,170,79.35,0.00,136.11,1,7.35,1
sglang,tree_of_thought,171,74.86,12.24,87.11,2,22.96,1
sglang,tree_of_thought,172,94.53,56.73,151.26,2,13.22,1
sglang,tree_of_thought,173,66.80,38.75,105.55,2,18.95,1
sglang,tree_of_thought,174,78.89,100.12,179.01,2,11.17,1
sglang,tree_of_thought,175,80.76,0.00,126.64,1,7.90,1
sglang,tree_of_thought,176,84.06,0.00,188.59,1,5.30,1
sglang,tree_of_thought,177,87.79,0.00,151.60,1,6.60,1
sglang,tree_of_thought,178,88.33,88.44,176.78,2,11.31,1
sglang,tree_of_thought,179,92.35,42.93,135.28,2,14.78,1
sglang,tree_of_thought,180,61.91,0.00,110.28,1,9.07,1
sglang,tree_of_thought,181,70.35,0.00,162.52,1,6.15,1
sglang,tree_of_thought,182,88.73,0.00,138.44,1,7.22,1
sglang,tree_of_thought,183,63.71,0.00,122.89,1,8.14,1
sglang,tree_of_thought,184,65.67,0.00,100.37,1,9.96,1
sglang,tree_of_thought,185,92.07,0.00,103.45,1,9.67,1
sglang,tree_of_thought,186,75.51,0.00,193.94,1,5.16,1
sglang,tree_of_thought,187,55.10,0.00,205.70,1,4.86,1
sglang,tree_of_thought,188,105.29,0.00,188.73,1,5.30,1
sglang,tree_of_thought,189,88.74,107.08,195.81,2,10.21,1
sglang,tree_of_thought,190,89.14,0.00,115.20,1,8.68,1
sglang,tree_of_thought,191,128.46,0.00,150.40,1,6.65,1
sglang,tree_of_thought,192,95.30,0.00,124.58,1,8.03,1
sglang,tree_of_thought,193,111.69,0.00,178.99,1,5.59,1
sglang,tree_of_thought,194,74.69,0.00,190.58,1,5.25,1
sglang,tree_of_thought,195,78.23,0.00,169.14,1,5.91,1
sglang,tree_of_thought,196,66.13,61.06,127.19,2,15.72,1
sglang,tree_of_thought,197,84.09,78.20,162.28,2,12.32,1
sglang,tree_of_thought,198,92.34,0.00,174.76,1,5.72,1
sglang,tree_of_thought,199,86.04,0.00,155.07,1,6.45,1
sglang,tree_of_thought,200,88.65,121.43,210.08,2,9.52,1
sglang,tree_of_thought,201,55.99,163.38,219.37,2,9.12,1
sglang,tree_of_thought,202,63.24,0.00,68.10,1,14.68,1
sglang,tree_of_thought,203,53.51,0.00,176.65,1,5.66,1
sglang,tree_of_thought,204,89.73,0.00,171.38,1,5.84,1
sglang,tree_of_thought,205,95.49,0.00,151.72,1,6.59,1
sglang,tree_of_thought,206,87.87,23.60,135.07,3,22.21,0
sglang,tree_of_thought,207,83.38,0.00,139.81,1,7.15,1
sglang,tree_of_thought,208,89.50,0.00,166.88,1,5.99,1
sglang,tree_of_thought,209,80.31,118.42,198.73,2,10.06,1
sglang,tree_of_thought,210,82.32,49.72,132.04,2,15.15,1
sglang,tree_of_thought,211,86.58,0.00,104.11,1,9.60,1
sglang,tree_of_thought,212,89.30,0.00,155.98,1,6.41,1
sglang,tree_of_thought,213,86.98,0.00,137.90,1,7.25,1
sglang,tree_of_thought,214,83.91,39.58,123.50,2,16.19,1
sglang,tree_of_thought,215,83.31,117.28,200.59,2,9.97,1
sglang,tree_of_thought,216,79.90,0.00,98.27,1,10.18,1
sglang,tree_of_thought,217,52.01,0.00,83.30,1,12.01,1
sglang,tree_of_thought,218,80.32,0.00,113.58,1,8.80,1
sglang,tree_of_thought,219,49.54,0.00,90.64,1,11.03,1
sglang,tree_of_thought,220,77.27,43.12,120.39,2,16.61,1
sglang,tree_of_thought,221,89.92,0.00,113.49,1,8.81,1
sglang,tree_of_thought,222,107.19,37.44,144.63,2,13.83,1
sglang,tree_of_thought,223,104.29,67.58,171.87,2,11.64,1
sglang,tree_of_thought,224,137.09,138.97,276.05,2,7.24,1
sglang,tree_of_thought,225,72.79,0.00,141.42,1,7.07,1
sglang,tree_of_thought,226,72.75,127.37,200.13,2,9.99,1
sglang,tree_of_thought,227,74.92,23.15,121.22,3,24.75,1
sglang,tree_of_thought,228,74.56,107.73,182.29,2,10.97,1
sglang,tree_of_thought,229,83.63,73.99,157.61,2,12.69,1
sglang,tree_of_thought,230,66.11,0.00,106.77,1,9.37,1
sglang,tree_of_thought,231,89.19,100.66,189.86,2,10.53,1
sglang,tree_of_thought,232,80.62,61.38,141.99,2,14.09,1
sglang,tree_of_thought,233,59.87,0.00,67.79,1,14.75,1
sglang,tree_of_thought,234,91.66,0.00,169.59,1,5.90,1
sglang,tree_of_thought,235,69.31,0.00,118.76,1,8.42,1
sglang,tree_of_thought,236,74.52,0.00,106.27,1,9.41,1
sglang,tree_of_thought,237,76.16,90.13,166.29,2,12.03,1
sglang,tree_of_thought,238,93.55,0.00,162.53,1,6.15,1
sglang,tree_of_thought,239,84.20,0.00,144.89,1,6.90,1
sglang,tree_of_thought,240,94.41,119.24,213.65,2,9.36,1
sglang,tree_of_thought,241,88.47,119.39,207.86,2,9.62,0
sglang,tree_of_thought,242,79.78,0.00,94.27,1,10.61,1
sglang,tree_of_thought,243,73.45,0.00,147.07,1,6.80,1
sglang,tree_of_thought,244,78.50,105.57,184.07,2,10.87,1
sglang,tree_of_thought,245,75.60,40.45,116.05,2,17.23,1
sglang,tree_of_thought,246,76.27,65.74,142.01,2,14.08,1
sglang,tree_of_thought,247,86.94,0.00,99.82,1,10.02,1
sglang,tree_of_thought,248,74.72,66.12,140.84,2,14.20,1
sglang,tree_of_thought,249,80.34,48.44,128.78,2,15.53,1
sglang,tree_of_thought,250,64.79,72.16,136.95,2,14.60,1
sglang,tree_of_thought,251,89.07,33.57,156.21,3,19.20,1
sglang,tree_of_thought,252,101.80,0.00,155.08,1,6.45,1
sglang,tree_of_thought,253,105.46,0.00,144.31,1,6.93,1
sglang,tree_of_thought,254,87.19,35.34,122.53,2,16.32,1
sglang,tree_of_thought,255,111.60,164.99,276.59,2,7.23,1
sglang,tree_of_thought,256,87.99,0.00,169.50,1,5.90,1
sglang,tree_of_thought,257,92.69,80.33,173.02,2,11.56,0
sglang,tree_of_thought,258,78.58,70.59,149.17,2,13.41,1
sglang,tree_of_thought,259,67.74,49.29,117.04,2,17.09,1
sglang,tree_of_thought,260,81.64,0.00,190.82,1,5.24,1
sglang,tree_of_thought,261,77.90,0.00,147.14,1,6.80,1
sglang,tree_of_thought,262,79.08,52.21,131.29,2,15.23,1
sglang,tree_of_thought,263,86.49,0.00,189.99,1,5.26,1
sglang,tree_of_thought,264,59.96,14.33,74.29,2,26.92,1
sglang,tree_of_thought,265,84.60,0.00,158.25,1,6.32,1
sglang,tree_of_thought,266,83.77,0.00,130.47,1,7.66,1
sglang,tree_of_thought,267,72.97,0.00,108.99,1,9.18,1
sglang,tree_of_thought,268,57.57,0.00,82.36,1,12.14,1
sglang,tree_of_thought,269,85.83,0.00,124.27,1,8.05,1
sglang,tree_of_thought,270,93.54,0.00,156.62,1,6.38,1
sglang,tree_of_thought,271,86.19,115.88,202.07,2,9.90,1
sglang,tree_of_thought,272,89.45,89.13,178.57,2,11.20,1
sglang,tree_of_thought,273,84.48,28.92,113.40,2,17.64,1
sglang,tree_of_thought,274,72.90,0.00,131.20,1,7.62,1
sglang,tree_of_thought,275,80.33,0.00,163.11,1,6.13,1
sglang,tree_of_thought,276,44.06,0.00,78.27,1,12.78,1
sglang,tree_of_thought,277,83.27,36.60,119.87,2,16.68,1
sglang,tree_of_thought,278,82.41,0.00,96.11,1,10.41,1
sglang,tree_of_thought,279,105.21,0.00,185.33,1,5.40,1
sglang,tree_of_thought,280,94.59,0.00,179.14,1,5.58,1
sglang,tree_of_thought,281,81.35,145.49,226.84,2,8.82,1
sglang,tree_of_thought,282,82.36,142.33,224.68,2,8.90,1
sglang,tree_of_thought,283,73.40,0.00,97.52,1,10.25,1
sglang,tree_of_thought,284,107.67,0.00,156.62,1,6.39,1
sglang,tree_of_thought,285,91.21,30.19,121.40,2,16.47,1
sglang,tree_of_thought,286,116.26,34.18,150.44,2,13.29,1
sglang,tree_of_thought,287,78.99,0.00,170.40,1,5.87,1
sglang,tree_of_thought,288,78.84,85.09,163.93,2,12.20,1
sglang,tree_of_thought,289,74.67,0.00,145.52,1,6.87,1
sglang,tree_of_thought,290,79.51,138.01,217.53,2,9.19,1
sglang,tree_of_thought,291,85.34,0.00,159.35,1,6.28,1
sglang,tree_of_thought,292,69.45,40.23,109.68,2,18.23,1
sglang,tree_of_thought,293,88.79,0.00,193.75,1,5.16,1
sglang,tree_of_thought,294,78.96,0.00,143.30,1,6.98,1
sglang,tree_of_thought,295,54.43,0.00,63.16,1,15.83,1
sglang,tree_of_thought,296,91.40,0.00,169.75,1,5.89,1
sglang,tree_of_thought,297,74.79,35.46,110.25,2,18.14,0
sglang,tree_of_thought,298,77.55,86.88,164.43,2,12.16,1
sglang,tree_of_thought,299,71.65,66.36,138.00,2,14.49,1
sglang,tree_of_thought,300,70.98,0.00,171.23,1,5.84,1
sglang,tree_of_thought,301,80.96,0.00,151.75,1,6.59,1
sglang,tree_of_thought,302,76.94,0.00,138.18,1,7.24,1
sglang,tree_of_thought,303,70.48,47.20,117.68,2,17.00,1
sglang,tree_of_thought,304,86.78,0.00,102.26,1,9.78,1
sglang,tree_of_thought,305,96.64,0.00,161.78,1,6.18,1
sglang,tree_of_thought,306,66.83,0.00,140.61,1,7.11,1
sglang,tree_of_thought,307,63.70,0.00,96.61,1,10.35,1
sglang,tree_of_thought,308,67.80,66.41,134.20,2,14.90,1
sglang,tree_of_thought,309,84.13,22.76,106.89,2,18.71,1
sglang,tree_of_thought,310,106.38,0.00,169.66,1,5.89,1
sglang,tree_of_thought,311,72.39,109.18,181.57,2,11.02,1
sglang,tree_of_thought,312,99.30,102.49,201.79,2,9.91,1
sglang,tree_of_thought,313,117.37,97.16,214.53,2,9.32,1
sglang,tree_of_thought,314,76.70,0.00,102.47,1,9.76,1
sglang,tree_of_thought,315,93.64,0.00,118.04,1,8.47,1
sglang,tree_of_thought,316,86.56,83.57,170.13,2,11.76,1
sglang,tree_of_thought,317,113.55,43.52,157.07,2,12.73,1
sglang,tree_of_thought,318,77.32,0.00,185.40,1,5.39,1
sglang,tree_of_thought,319,73.37,0.00,147.92,1,6.76,1
sglang,tree_of_thought,320,76.78,103.02,179.81,2,11.12,1
sglang,tree_of_thought,321,59.64,66.94,126.58,2,15.80,1
sglang,tree_of_thought,322,96.67,101.23,197.90,2,10.11,1
sglang,tree_of_thought,323,89.70,60.32,150.02,2,13.33,1
sglang,tree_of_thought,324,80.91,0.00,176.99,1,5.65,1
sglang,tree_of_thought,325,73.80,0.00,120.06,1,8.33,1
sglang,tree_of_thought,326,62.60,19.16,81.76,2,24.46,1
sglang,tree_of_thought,327,92.11,0.00,131.94,1,7.58,1
sglang,tree_of_thought,328,90.35,0.00,167.67,1,5.96,1
sglang,tree_of_thought,329,66.37,30.59,96.96,2,20.63,1
sglang,tree_of_thought,330,81.96,0.00,120.17,1,8.32,1
sglang,tree_of_thought,331,82.42,0.00,154.70,1,6.46,1
sglang,tree_of_thought,332,78.11,66.63,144.74,2,13.82,1
sglang,tree_of_thought,333,80.50,113.37,193.88,2,10.32,1
sglang,tree_of_thought,334,86.15,42.87,129.02,2,15.50,1
sglang,tree_of_thought,335,86.80,16.12,119.04,3,25.20,1
sglang,tree_of_thought,336,45.82,0.00,68.16,1,14.67,1
sglang,tree_of_thought,337,64.66,0.00,102.89,1,9.72,1
sglang,tree_of_thought,338,76.70,84.28,160.98,2,12.42,1
sglang,tree_of_thought,339,73.34,65.94,139.28,2,14.36,1
sglang,tree_of_thought,340,74.23,21.06,95.29,2,20.99,1
sglang,tree_of_thought,341,67.76,0.00,115.96,1,8.62,1
sglang,tree_of_thought,342,80.98,0.00,120.64,1,8.29,1
sglang,tree_of_thought,343,78.24,46.50,124.73,2,16.03,1
sglang,tree_of_thought,344,75.55,64.22,139.77,2,14.31,1
sglang,tree_of_thought,345,153.98,0.00,252.57,1,3.96,1
sglang,tree_of_thought,346,99.15,62.38,161.53,2,12.38,1
sglang,tree_of_thought,347,111.72,31.38,143.10,2,13.98,1
sglang,tree_of_thought,348,75.74,0.00,116.21,1,8.61,1
sglang,tree_of_thought,349,61.99,0.00,96.07,1,10.41,1
sglang,tree_of_thought,350,84.42,98.47,182.89,2,10.94,0
sglang,tree_of_thought,351,85.63,0.00,161.06,1,6.21,1
sglang,tree_of_thought,352,81.71,60.87,142.58,2,14.03,1
sglang,tree_of_thought,353,73.03,0.00,187.80,1,5.32,1
sglang,tree_of_thought,354,76.25,0.00,105.46,1,9.48,1
sglang,tree_of_thought,355,91.95,52.38,144.33,2,13.86,1
sglang,tree_of_thought,356,75.58,101.67,177.25,2,11.28,1
sglang,tree_of_thought,357,64.99,0.00,78.97,1,12.66,1
sglang,tree_of_thought,358,95.35,0.00,168.98,1,5.92,1
sglang,tree_of_thought,359,73.48,0.00,119.83,1,8.35,1
sglang,tree_of_thought,360,72.00,0.00,110.09,1,9.08,1
sglang,tree_of_thought,361,75.81,87.75,163.56,2,12.23,1
sglang,tree_of_thought,362,83.75,0.00,173.09,1,5.78,1
sglang,tree_of_thought,363,83.32,0.00,113.10,1,8.84,1
sglang,tree_of_thought,364,76.77,0.00,136.13,1,7.35,1
sglang,tree_of_thought,365,86.96,88.45,175.41,2,11.40,1
sglang,tree_of_thought,366,86.00,0.00,95.62,1,10.46,1
sglang,tree_of_thought,367,65.27,0.00,177.03,1,5.65,1
sglang,tree_of_thought,368,71.17,0.00,188.09,1,5.32,1
sglang,tree_of_thought,369,67.11,0.00,142.80,1,7.00,1
sglang,tree_of_thought,370,72.64,109.81,182.44,2,10.96,1
sglang,tree_of_thought,371,84.16,20.31,104.48,2,19.14,1
sglang,tree_of_thought,372,100.74,0.00,161.18,1,6.20,1
sglang,tree_of_thought,373,91.79,0.00,154.26,1,6.48,1
sglang,tree_of_thought,374,81.27,0.00,149.23,1,6.70,1
sglang,tree_of_thought,375,91.01,0.00,169.47,1,5.90,1
sglang,tree_of_thought,376,113.37,0.00,135.78,1,7.37,1
sglang,tree_of_thought,377,88.73,0.00,109.80,1,9.11,1
sglang,tree_of_thought,378,158.10,0.00,263.14,1,3.80,1
sglang,tree_of_thought,379,103.28,67.41,170.69,2,11.72,1
sglang,tree_of_thought,380,68.82,0.00,190.69,1,5.24,1
sglang,tree_of_thought,381,73.94,0.00,114.59,1,8.73,1
sglang,tree_of_thought,382,77.54,100.09,177.62,2,11.26,1
sglang,tree_of_thought,383,92.38,63.74,156.12,2,12.81,1
sglang,tree_of_thought,384,70.01,43.01,113.03,2,17.69,1
sglang,tree_of_thought,385,102.12,96.15,198.27,2,10.09,1
sglang,tree_of_thought,386,86.57,31.84,150.26,3,19.97,0
sglang,tree_of_thought,387,76.95,100.06,177.01,2,11.30,1
sglang,tree_of_thought,388,51.26,26.53,77.79,2,25.71,1
sglang,tree_of_thought,389,94.92,0.00,140.02,1,7.14,1
sglang,tree_of_thought,390,83.82,36.36,120.19,2,16.64,1
sglang,tree_of_thought,391,71.85,33.65,105.50,2,18.96,1
sglang,tree_of_thought,392,87.67,96.23,183.90,2,10.88,1
sglang,tree_of_thought,393,92.85,0.00,159.07,1,6.29,1
sglang,tree_of_thought,394,84.89,0.00,185.28,1,5.40,1
sglang,tree_of_thought,395,83.26,0.00,145.64,1,6.87,1
sglang,tree_of_thought,396,85.80,47.51,133.31,2,15.00,1
sglang,tree_of_thought,397,85.03,0.00,103.01,1,9.71,1
sglang,tree_of_thought,398,72.70,0.00,108.71,1,9.20,1
sglang,tree_of_thought,399,76.59,0.00,132.69,1,7.54,1
sglang,tree_of_thought,400,82.11,103.76,185.87,2,10.76,1
sglang,tree_of_thought,401,75.60,88.95,164.55,2,12.15,1
sglang,tree_of_thought,402,79.63,24.34,103.96,2,19.24,1
sglang,tree_of_thought,403,88.91,0.00,159.54,1,6.27,1
sglang,tree_of_thought,404,84.21,0.00,158.00,1,6.33,1
sglang,tree_of_thought,405,91.12,0.00,150.39,1,6.65,1
sglang,tree_of_thought,406,79.52,78.42,157.94,2,12.66,1
sglang,tree_of_thought,407,91.18,20.43,111.61,2,17.92,1
sglang,tree_of_thought,408,101.47,0.00,125.91,1,7.94,1
sglang,tree_of_thought,409,99.55,0.00,155.88,1,6.42,1
sglang,tree_of_thought,410,90.97,87.67,178.64,2,11.20,1
sglang,tree_of_thought,411,66.01,0.00,156.80,1,6.38,1
sglang,tree_of_thought,412,69.97,0.00,183.26,1,5.46,1
sglang,tree_of_thought,413,72.32,0.00,144.34,1,6.93,1
sglang,tree_of_thought,414,71.34,47.28,118.61,2,16.86,1
sglang,tree_of_thought,415,75.09,0.00,143.10,1,6.99,1
sglang,tree_of_thought,416,75.67,0.00,194.52,1,5.14,1
sglang,tree_of_thought,417,82.74,0.00,113.79,1,8.79,1
sglang,tree_of_thought,418,75.95,104.14,180.09,2,11.11,1
sglang,tree_of_thought,419,60.68,11.19,71.87,2,27.83,1
sglang,tree_of_thought,420,81.18,0.00,111.17,1,8.99,1
sglang,tree_of_thought,421,86.49,0.00,142.63,1,7.01,1
sglang,tree_of_thought,422,87.71,82.64,170.36,2,11.74,1
sglang,tree_of_thought,423,68.36,37.06,105.42,2,18.97,1
sglang,tree_of_thought,424,77.21,0.00,153.07,1,6.53,1
sglang,tree_of_thought,425,77.13,0.00,140.84,1,7.10,1
sglang,tree_of_thought,426,70.09,119.56,189.65,2,10.55,1
sglang,tree_of_thought,427,68.06,45.22,113.27,2,17.66,1
sglang,tree_of_thought,428,84.32,20.32,104.64,2,19.11,1
sglang,tree_of_thought,429,89.76,0.00,153.19,1,6.53,1
sglang,tree_of_thought,430,89.05,0.00,135.70,1,7.37,1
sglang,tree_of_thought,431,62.52,0.00,98.62,1,10.14,1
sglang,tree_of_thought,432,85.88,41.70,127.58,2,15.68,1
sglang,tree_of_thought,433,82.00,0.00,110.58,1,9.04,1
sglang,tree_of_thought,434,98.28,0.00,183.27,1,5.46,1
sglang,tree_of_thought,435,80.10,0.00,203.40,1,4.92,1
sglang,tree_of_thought,436,90.97,0.00,178.93,1,5.59,1
sglang,tree_of_thought,437,70.09,0.00,204.86,1,4.88,1
sglang,tree_of_thought,438,89.84,23.38,113.22,2,17.66,1
sglang,tree_of_thought,439,91.59,0.00,166.72,1,6.00,1
sglang,tree_of_thought,440,117.61,0.00,147.96,1,6.76,1
sglang,tree_of_thought,441,101.21,35.02,136.23,2,14.68,1
sglang,tree_of_thought,442,95.37,0.00,182.53,1,5.48,1
sglang,tree_of_thought,443,80.77,0.00,201.21,1,4.97,1
sglang,tree_of_thought,444,87.21,84.90,172.11,2,11.62,1
sglang,tree_of_thought,445,88.64,65.74,154.38,2,12.96,1
sglang,tree_of_thought,446,77.50,0.00,186.69,1,5.36,1
sglang,tree_of_thought,447,75.83,0.00,161.64,1,6.19,1
sglang,tree_of_thought,448,73.95,0.00,145.51,1,6.87,1
sglang,tree_of_thought,449,81.20,41.41,122.61,2,16.31,1
sglang,tree_of_thought,450,61.21,0.00,72.13,1,13.86,1
sglang,tree_of_thought,451,85.61,0.00,146.78,1,6.81,1
sglang,tree_of_thought,452,76.85,0.00,140.93,1,7.10,1
sglang,tree_of_thought,453,74.79,44.49,119.28,2,16.77,1
sglang,tree_of_thought,454,93.80,102.94,196.74,2,10.17,1
sglang,tree_of_thought,455,97.09,82.99,180.09,2,11.11,1
sglang,tree_of_thought,456,94.44,36.89,131.34,2,15.23,1
sglang,tree_of_thought,457,93.71,0.00,158.77,1,6.30,1
sglang,tree_of_thought,458,66.89,44.34,111.24,2,17.98,1
sglang,tree_of_thought,459,83.26,0.00,95.55,1,10.47,1
sglang,tree_of_thought,460,78.92,0.00,170.12,1,5.88,1
sglang,tree_of_thought,461,80.52,82.23,162.75,2,12.29,0
sglang,tree_of_thought,462,65.32,43.83,109.15,2,18.32,1
sglang,tree_of_thought,463,73.77,66.75,140.52,2,14.23,1
sglang,tree_of_thought,464,78.56,27.45,106.01,2,18.87,1
sglang,tree_of_thought,465,105.92,74.70,180.62,2,11.07,1
sglang,tree_of_thought,466,92.24,77.32,169.55,2,11.80,1
sglang,tree_of_thought,467,96.37,79.90,176.28,2,11.35,1
sglang,tree_of_thought,468,87.85,99.57,187.43,2,10.67,1
sglang,tree_of_thought,469,161.08,0.00,256.20,1,3.90,1
sglang,tree_of_thought,470,99.76,0.00,156.91,1,6.37,1
sglang,tree_of_thought,471,115.85,0.00,136.99,1,7.30,1
sglang,tree_of_thought,472,89.96,0.00,111.00,1,9.01,1
sglang,tree_of_thought,473,85.24,85.96,171.20,2,11.68,1
sglang,tree_of_thought,474,66.36,50.64,117.00,2,17.09,1
sglang,tree_of_thought,475,88.76,108.65,197.41,2,10.13,1
sglang,tree_of_thought,476,83.21,0.00,150.34,1,6.65,1
sglang,tree_of_thought,477,102.14,0.00,175.84,1,5.69,1
sglang,tree_of_thought,478,88.75,0.00,155.86,1,6.42,1
sglang,tree_of_thought,479,68.49,0.00,113.45,1,8.81,1
sglang,tree_of_thought,480,83.52,65.27,148.79,2,13.44,0
sglang,tree_of_thought,481,59.22,14.89,74.12,2,26.99,1
sglang,tree_of_thought,482,72.16,0.00,149.82,1,6.67,1
sglang,tree_of_thought,483,85.44,94.69,180.12,2,11.10,1
sglang,tree_of_thought,484,68.89,0.00,109.03,1,9.17,1
sglang,tree_of_thought,485,85.46,48.90,134.36,2,14.89,0
sglang,tree_of_thought,486,93.00,0.00,154.16,1,6.49,1
sglang,tree_of_thought,487,101.11,83.48,184.59,2,10.83,1
sglang,tree_of_thought,488,100.43,41.73,142.16,2,14.07,0
sglang,tree_of_thought,489,70.77,43.56,114.33,2,17.49,1
sglang,tree_of_thought,490,78.14,0.00,97.12,1,10.30,1
sglang,tree_of_thought,491,85.49,0.00,153.48,1,6.52,1
sglang,tree_of_thought,492,86.44,0.00,136.08,1,7.35,1
sglang,tree_of_thought,493,87.12,0.00,117.61,1,8.50,1
sglang,tree_of_thought,494,90.65,101.68,192.33,2,10.40,1
sglang,tree_of_thought,495,64.05,55.32,119.38,2,16.75,1
sglang,tree_of_thought,496,83.00,0.00,132.76,1,7.53,1
sglang,tree_of_thought,497,83.00,85.11,168.11,2,11.90,1
sglang,tree_of_thought,498,79.76,43.49,123.25,2,16.23,1
sglang,tree_of_thought,499,52.93,42.08,95.01,2,21.05,1
sglang,tree_of_thought,500,59.30,0.00,90.28,1,11.08,1
sglang,tree_of_thought,501,92.64,0.00,152.21,1,6.57,1
sglang,tree_of_thought,502,89.80,40.74,130.53,2,15.32,1
sglang,tree_of_thought,503,78.64,104.38,183.02,2,10.93,1
sglang,tree_of_thought,504,861.91,0.00,864.86,1,1.16,1
sglang,tree_of_thought,505,895.50,0.00,962.74,1,1.04,1
sglang,tree_of_thought,506,905.17,0.00,941.00,1,1.06,1
sglang,tree_of_thought,507,887.27,36.88,924.15,2,2.16,1
sglang,tree_of_thought,508,70.20,0.00,175.62,1,5.69,1
sglang,tree_of_thought,509,85.63,0.00,194.80,1,5.13,1
sglang,tree_of_thought,510,71.21,0.00,138.88,1,7.20,1
sglang,tree_of_thought,511,72.90,97.73,170.63,2,11.72,1
sglang,tree_of_thought,512,66.63,16.60,83.22,2,24.03,1
sglang,tree_of_thought,513,85.85,0.00,139.95,1,7.15,1
sglang,tree_of_thought,514,75.94,0.00,163.74,1,6.11,1
sglang,tree_of_thought,515,77.83,0.00,107.70,1,9.28,1
sglang,tree_of_thought,516,89.61,46.32,135.93,2,14.71,1
sglang,tree_of_thought,517,90.74,0.00,169.88,1,5.89,1
sglang,tree_of_thought,518,96.08,0.00,154.23,1,6.48,1
sglang,tree_of_thought,519,114.79,0.00,193.38,1,5.17,1
sglang,tree_of_thought,520,105.54,35.38,140.92,2,14.19,1
sglang,tree_of_thought,521,100.38,14.15,114.53,2,17.46,1
sglang,tree_of_thought,522,76.67,0.00,139.82,1,7.15,1
sglang,tree_of_thought,523,98.87,0.00,165.64,1,6.04,1
sglang,tree_of_thought,524,81.57,43.49,125.06,2,15.99,1
sglang,tree_of_thought,525,66.85,40.38,107.23,2,18.65,1
sglang,tree_of_thought,526,78.42,0.00,87.11,1,11.48,1
sglang,tree_of_thought,527,72.22,0.00,168.43,1,5.94,1
sglang,tree_of_thought,528,68.62,61.09,129.71,2,15.42,1
sglang,tree_of_thought,529,60.21,0.00,98.67,1,10.13,1
sglang,tree_of_thought,530,69.25,88.68,157.92,2,12.66,1
sglang,tree_of_thought,531,94.90,0.00,143.46,1,6.97,1
sglang,tree_of_thought,532,65.95,0.00,96.32,1,10.38,1
sglang,tree_of_thought,533,83.84,46.31,130.15,2,15.37,1
sglang,tree_of_thought,534,79.76,104.97,184.73,2,10.83,1
sglang,tree_of_thought,535,889.37,0.00,893.22,1,1.12,1
sglang,tree_of_thought,536,910.88,27.48,938.36,2,2.13,1
sglang,tree_of_thought,537,895.40,25.37,920.76,2,2.17,1
sglang,tree_of_thought,538,932.93,0.00,964.60,1,1.04,1
sglang,tree_of_thought,539,95.52,89.47,184.99,2,10.81,1
sglang,tree_of_thought,540,66.04,0.00,105.33,1,9.49,1
sglang,tree_of_thought,541,91.51,0.00,162.44,1,6.16,1
sglang,tree_of_thought,542,89.65,25.77,141.19,3,21.25,1
sglang,tree_of_thought,543,60.90,0.00,64.73,1,15.45,1
sglang,tree_of_thought,544,98.24,0.00,190.55,1,5.25,1
sglang,tree_of_thought,545,88.42,70.91,159.33,2,12.55,1
sglang,tree_of_thought,546,96.73,44.97,141.70,2,14.11,1
sglang,tree_of_thought,547,80.18,108.00,188.18,2,10.63,1
sglang,tree_of_thought,548,101.83,0.00,127.72,1,7.83,1
sglang,tree_of_thought,549,116.81,85.45,202.26,2,9.89,0
sglang,tree_of_thought,550,93.59,88.40,181.99,2,10.99,1
sglang,tree_of_thought,551,95.24,66.60,161.85,2,12.36,1
sglang,tree_of_thought,552,103.82,0.00,115.78,1,8.64,1
sglang,tree_of_thought,553,86.56,0.00,137.23,1,7.29,1
sglang,tree_of_thought,554,92.16,0.00,129.92,1,7.70,1
sglang,tree_of_thought,555,78.45,103.21,181.66,2,11.01,1
sglang,tree_of_thought,556,72.50,44.31,116.81,2,17.12,1
sglang,tree_of_thought,557,75.16,0.00,94.24,1,10.61,1
sglang,tree_of_thought,558,79.86,0.00,166.32,1,6.01,1
sglang,tree_of_thought,559,72.63,0.00,102.09,1,9.80,1
sglang,tree_of_thought,560,77.35,56.95,134.31,2,14.89,1
sglang,tree_of_thought,561,81.52,85.07,166.60,2,12.01,1
sglang,tree_of_thought,562,105.12,0.00,152.76,1,6.55,1
sglang,tree_of_thought,563,89.42,0.00,128.53,1,7.78,1
sglang,tree_of_thought,564,81.06,108.21,189.27,2,10.57,1
sglang,tree_of_thought,565,79.94,34.28,114.22,2,17.51,1
sglang,tree_of_thought,566,874.36,0.00,902.26,1,1.11,1
sglang,tree_of_thought,567,915.48,0.00,946.48,1,1.06,1
sglang,tree_of_thought,568,900.45,0.00,925.39,1,1.08,1
sglang,tree_of_thought,569,896.07,77.55,973.63,2,2.05,1
sglang,tree_of_thought,570,78.52,0.00,177.71,1,5.63,1
sglang,tree_of_thought,571,77.17,91.01,168.18,2,11.89,1
sglang,tree_of_thought,572,78.09,67.92,146.01,2,13.70,1
sglang,tree_of_thought,573,74.88,40.72,115.59,2,17.30,1
sglang,tree_of_thought,574,64.24,15.50,79.74,2,25.08,1
sglang,tree_of_thought,575,94.06,0.00,123.57,1,8.09,1
sglang,tree_of_thought,576,110.60,40.55,151.15,2,13.23,1
sglang,tree_of_thought,577,101.79,0.00,181.16,1,5.52,1
sglang,tree_of_thought,578,78.30,36.52,114.82,2,17.42,0
sglang,tree_of_thought,579,106.23,0.00,184.39,1,5.42,1
sglang,tree_of_thought,580,86.71,41.49,128.20,2,15.60,1
sglang,tree_of_thought,581,93.01,87.28,180.29,2,11.09,1
sglang,tree_of_thought,582,91.60,0.00,161.78,1,6.18,1
sglang,tree_of_thought,583,93.22,0.00,112.12,1,8.92,1
sglang,tree_of_thought,584,80.05,65.60,145.66,2,13.73,1
sglang,tree_of_thought,585,83.68,0.00,127.41,1,7.85,1
sglang,tree_of_thought,586,108.87,64.17,173.04,2,11.56,1
sglang,tree_of_thought,587,71.46,40.75,112.21,2,17.82,1
sglang,tree_of_thought,588,67.26,0.00,82.52,1,12.12,1
sglang,tree_of_thought,589,88.51,0.00,157.35,1,6.36,1
sglang,tree_of_thought,590,100.69,94.39,195.08,2,10.25,1
sglang,tree_of_thought,591,81.67,107.58,189.25,2,10.57,1
sglang,tree_of_thought,592,90.38,54.07,144.45,2,13.85,1
sglang,tree_of_thought,593,62.25,0.00,186.78,1,5.35,1
sglang,tree_of_thought,594,82.14,0.00,169.63,1,5.90,1
sglang,tree_of_thought,595,99.54,0.00,156.50,1,6.39,1
sglang,tree_of_thought,596,60.57,142.20,202.77,2,9.86,0
sglang,tree_of_thought,597,852.27,0.00,856.71,1,1.17,1
sglang,tree_of_thought,598,916.01,19.98,936.00,2,2.14,1
sglang,tree_of_thought,599,921.24,41.90,963.14,2,2.08,1
sglang,tree_of_thought,600,883.25,37.93,921.18,2,2.17,1
sglang,tree_of_thought,601,76.52,0.00,159.59,1,6.27,1
sglang,tree_of_thought,602,77.27,0.00,106.58,1,9.38,1
sglang,tree_of_thought,603,79.91,0.00,149.50,1,6.69,1
sglang,tree_of_thought,604,80.60,125.56,206.16,2,9.70,1
sglang,tree_of_thought,605,57.56,0.00,69.65,1,14.36,1
sglang,tree_of_thought,606,105.09,0.00,173.50,1,5.76,1
sglang,tree_of_thought,607,120.00,32.49,152.49,2,13.12,1
sglang,tree_of_thought,608,93.41,34.64,128.05,2,15.62,1
sglang,tree_of_thought,609,60.49,141.13,201.62,2,9.92,1
sglang,tree_of_thought,610,95.89,0.00,174.21,1,5.74,1
sglang,tree_of_thought,611,103.99,0.00,156.24,1,6.40,1
sglang,tree_of_thought,612,106.52,0.00,137.43,1,7.28,1
sglang,tree_of_thought,613,77.53,22.61,122.74,3,24.44,1
sglang,tree_of_thought,614,106.27,0.00,113.72,1,8.79,1
sglang,tree_of_thought,615,70.84,0.00,106.99,1,9.35,1
sglang,tree_of_thought,616,92.90,0.00,161.18,1,6.20,1
sglang,tree_of_thought,617,104.36,35.03,139.39,2,14.35,1
sglang,tree_of_thought,618,84.79,102.11,186.90,2,10.70,1
sglang,tree_of_thought,619,75.86,0.00,87.88,1,11.38,1
sglang,tree_of_thought,620,71.18,0.00,158.64,1,6.30,1
sglang,tree_of_thought,621,70.54,0.00,144.02,1,6.94,1
sglang,tree_of_thought,622,64.72,30.82,95.53,2,20.94,1
sglang,tree_of_thought,623,72.99,0.00,132.32,1,7.56,1
sglang,tree_of_thought,624,93.55,0.00,148.31,1,6.74,1
sglang,tree_of_thought,625,120.35,0.00,175.84,1,5.69,1
sglang,tree_of_thought,626,65.43,32.61,98.04,2,20.40,1
sglang,tree_of_thought,627,87.51,0.00,132.94,1,7.52,1
sglang,tree_of_thought,628,862.80,0.00,863.99,1,1.16,1
sglang,tree_of_thought,629,925.90,0.00,967.58,1,1.03,1
sglang,tree_of_thought,630,919.63,26.36,945.99,2,2.11,1
sglang,tree_of_thought,631,889.78,0.00,926.79,1,1.08,1
sglang,tree_of_thought,632,84.84,0.00,163.53,1,6.12,1
sglang,tree_of_thought,633,75.66,0.00,189.99,1,5.26,1
sglang,tree_of_thought,634,79.80,0.00,117.76,1,8.49,1
sglang,tree_of_thought,635,77.75,0.00,149.58,1,6.69,1
sglang,tree_of_thought,636,64.34,0.00,72.19,1,13.85,1
sglang,tree_of_thought,637,99.31,0.00,157.55,1,6.35,1
sglang,tree_of_thought,638,82.92,0.00,118.45,1,8.44,1
sglang,tree_of_thought,639,95.83,103.55,199.38,2,10.03,1
sglang,tree_of_thought,640,80.84,60.86,202.55,3,14.81,0
sglang,tree_of_thought,641,101.96,0.00,129.13,1,7.74,1
sglang,tree_of_thought,642,73.15,0.00,104.67,1,9.55,1
sglang,tree_of_thought,643,77.45,0.00,107.52,1,9.30,1
sglang,tree_of_thought,644,69.08,44.00,113.08,2,17.69,1
sglang,tree_of_thought,645,105.72,13.00,118.72,2,16.85,1
sglang,tree_of_thought,646,81.06,0.00,133.05,1,7.52,1
sglang,tree_of_thought,647,104.66,0.00,158.45,1,6.31,1
sglang,tree_of_thought,648,75.14,0.00,119.44,1,8.37,1
sglang,tree_of_thought,649,56.90,41.92,98.82,2,20.24,1
sglang,tree_of_thought,650,82.08,0.00,92.07,1,10.86,1
sglang,tree_of_thought,651,78.11,0.00,164.30,1,6.09,1
sglang,tree_of_thought,652,79.65,0.00,129.66,1,7.71,1
sglang,tree_of_thought,653,79.14,0.00,154.08,1,6.49,1
sglang,tree_of_thought,654,70.94,0.00,108.22,1,9.24,1
sglang,tree_of_thought,655,88.16,36.52,124.67,2,16.04,1
sglang,tree_of_thought,656,88.99,112.11,201.09,2,9.95,1
sglang,tree_of_thought,657,117.55,61.57,179.13,2,11.17,1
sglang,tree_of_thought,658,122.06,0.00,154.21,1,6.48,1
sglang,tree_of_thought,659,846.20,9.38,855.58,2,2.34,1
sglang,tree_of_thought,660,933.37,0.00,948.16,1,1.05,1
sglang,tree_of_thought,661,897.68,37.31,934.99,2,2.14,1
sglang,tree_of_thought,662,883.96,0.00,914.16,1,1.09,1
sglang,tree_of_thought,663,104.19,0.00,180.49,1,5.54,1
sglang,tree_of_thought,664,93.42,43.97,137.39,2,14.56,1
sglang,tree_of_thought,665,72.65,98.89,171.54,2,11.66,1
sglang,tree_of_thought,666,72.14,43.80,115.94,2,17.25,1
sglang,tree_of_thought,667,70.55,0.00,83.85,1,11.93,1
sglang,tree_of_thought,668,91.60,0.00,145.49,1,6.87,1
sglang,tree_of_thought,669,95.20,0.00,136.12,1,7.35,1
sglang,tree_of_thought,670,82.24,104.43,186.68,2,10.71,1
sglang,tree_of_thought,671,82.71,37.35,120.06,2,16.66,1
sglang,tree_of_thought,672,105.18,0.00,170.13,1,5.88,1
sglang,tree_of_thought,673,82.49,0.00,153.33,1,6.52,1
sglang,tree_of_thought,674,86.78,19.99,126.77,3,23.66,0
sglang,tree_of_thought,675,96.98,23.87,240.19,7,29.14,1
sglang,tree_of_thought,676,70.80,13.18,83.98,2,23.82,1
sglang,tree_of_thought,677,103.77,0.00,158.49,1,6.31,1
sglang,tree_of_thought,678,79.54,0.00,138.92,1,7.20,1
sglang,tree_of_thought,679,74.70,30.21,104.91,2,19.06,1
sglang,tree_of_thought,680,92.88,0.00,126.09,1,7.93,1
sglang,tree_of_thought,681,74.77,0.00,90.29,1,11.08,1
sglang,tree_of_thought,682,72.57,0.00,158.22,1,6.32,1
sglang,tree_of_thought,683,88.13,0.00,135.13,1,7.40,1
sglang,tree_of_thought,684,86.22,0.00,183.01,1,5.46,1
sglang,tree_of_thought,685,84.40,0.00,115.91,1,8.63,1
sglang,tree_of_thought,686,91.94,0.00,171.25,1,5.84,1
sglang,tree_of_thought,687,80.32,0.00,107.75,1,9.28,1
sglang,tree_of_thought,688,104.10,31.51,135.61,2,14.75,0
sglang,tree_of_thought,689,100.34,67.93,168.27,2,11.89,1
sglang,tree_of_thought,690,858.27,0.00,865.54,1,1.16,1
sglang,tree_of_thought,691,864.47,0.00,868.90,1,1.15,1
sglang,tree_of_thought,692,863.02,0.00,865.29,1,1.16,1
sglang,tree_of_thought,693,907.01,39.61,986.22,3,3.04,1
sglang,tree_of_thought,694,69.25,0.00,176.44,1,5.67,1
sglang,tree_of_thought,695,100.43,0.00,130.28,1,7.68,1
sglang,tree_of_thought,696,66.17,48.27,114.45,2,17.48,1
sglang,tree_of_thought,697,73.45,99.09,172.54,2,11.59,1
sglang,tree_of_thought,698,75.32,14.60,89.92,2,22.24,1
sglang,tree_of_thought,699,87.16,0.00,115.99,1,8.62,1
sglang,tree_of_thought,700,115.28,0.00,147.14,1,6.80,1
sglang,tree_of_thought,701,73.28,0.00,106.63,1,9.38,1
sglang,tree_of_thought,702,99.92,77.35,177.27,2,11.28,0
sglang,tree_of_thought,703,86.58,0.00,164.71,1,6.07,1
sglang,tree_of_thought,704,105.32,0.00,193.50,1,5.17,1
sglang,tree_of_thought,705,84.84,0.00,125.36,1,7.98,1
sglang,tree_of_thought,706,89.94,66.23,156.17,2,12.81,0
sglang,tree_of_thought,707,62.53,0.00,114.74,1,8.72,1
sglang,tree_of_thought,708,81.21,0.00,162.66,1,6.15,1
sglang,tree_of_thought,709,78.06,0.00,104.41,1,9.58,1
sglang,tree_of_thought,710,91.44,0.00,131.93,1,7.58,1
sglang,tree_of_thought,711,90.05,67.25,157.30,2,12.71,1
sglang,tree_of_thought,712,80.64,20.29,100.93,2,19.82,1
sglang,tree_of_thought,713,79.17,0.00,178.83,1,5.59,1
sglang,tree_of_thought,714,69.43,59.49,128.93,2,15.51,1
sglang,tree_of_thought,715,64.24,0.00,98.46,1,10.16,1
sglang,tree_of_thought,716,72.27,25.88,175.78,5,28.44,0
sglang,tree_of_thought,717,101.84,0.00,149.52,1,6.69,1
sglang,tree_of_thought,718,93.93,0.00,128.40,1,7.79,1
sglang,tree_of_thought,719,76.57,0.00,108.30,1,9.23,1
sglang,tree_of_thought,720,60.26,33.92,94.18,2,21.24,1
sglang,tree_of_thought,721,888.23,0.00,897.77,1,1.11,1
sglang,tree_of_thought,722,916.45,33.75,950.20,2,2.10,1
sglang,tree_of_thought,723,898.96,75.91,974.86,2,2.05,1
sglang,tree_of_thought,724,912.06,19.68,931.74,2,2.15,1
sglang,tree_of_thought,725,80.03,0.00,138.78,1,7.21,1
sglang,tree_of_thought,726,86.86,0.00,168.37,1,5.94,1
sglang,tree_of_thought,727,64.25,0.00,95.03,1,10.52,1
sglang,tree_of_thought,728,86.94,0.00,125.35,1,7.98,1
sglang,tree_of_thought,729,61.75,0.00,69.56,1,14.38,1
sglang,tree_of_thought,730,100.23,0.00,154.28,1,6.48,1
sglang,tree_of_thought,731,90.15,98.01,188.17,2,10.63,1
sglang,tree_of_thought,732,87.39,0.00,120.92,1,8.27,1
sglang,tree_of_thought,733,100.32,46.87,147.18,2,13.59,1
sglang,tree_of_thought,734,100.69,0.00,154.47,1,6.47,1
sglang,tree_of_thought,735,84.69,0.00,114.08,1,8.77,1
sglang,tree_of_thought,736,102.58,83.71,186.29,2,10.74,1
sglang,tree_of_thought,737,83.85,0.00,145.27,1,6.88,1
sglang,tree_of_thought,738,68.03,0.00,115.38,1,8.67,1
sglang,tree_of_thought,739,68.75,0.00,174.97,1,5.72,1
sglang,tree_of_thought,740,80.04,0.00,162.03,1,6.17,1
sglang,tree_of_thought,741,88.81,0.00,145.81,1,6.86,1
sglang,tree_of_thought,742,90.01,43.85,133.86,2,14.94,1
sglang,tree_of_thought,743,70.72,29.75,100.47,2,19.91,1
sglang,tree_of_thought,744,85.97,0.00,130.93,1,7.64,1
sglang,tree_of_thought,745,75.37,113.28,188.65,2,10.60,1
sglang,tree_of_thought,746,83.06,87.29,170.35,2,11.74,1
sglang,tree_of_thought,747,82.28,38.91,121.19,2,16.50,1
sglang,tree_of_thought,748,53.32,0.00,175.93,1,5.68,1
sglang,tree_of_thought,749,113.99,0.00,163.08,1,6.13,1
sglang,tree_of_thought,750,116.23,31.18,147.41,2,13.57,1
sglang,tree_of_thought,751,91.80,0.00,121.96,1,8.20,1
sglang,tree_of_thought,752,891.14,0.00,920.26,1,1.09,1
sglang,tree_of_thought,753,896.76,68.34,965.10,2,2.07,1
sglang,tree_of_thought,754,884.46,24.05,908.51,2,2.20,1
sglang,tree_of_thought,755,928.61,0.00,958.56,1,1.04,1
sglang,tree_of_thought,756,99.94,0.00,167.65,1,5.96,1
sglang,tree_of_thought,757,72.08,0.00,153.00,1,6.54,1
sglang,tree_of_thought,758,63.32,0.00,98.75,1,10.13,1
sglang,tree_of_thought,759,88.73,0.00,133.97,1,7.46,1
sglang,tree_of_thought,760,60.42,0.00,84.72,1,11.80,1
sglang,tree_of_thought,761,97.21,0.00,167.54,1,5.97,1
sglang,tree_of_thought,762,83.84,37.40,121.24,2,16.50,1
sglang,tree_of_thought,763,108.80,0.00,147.34,1,6.79,1
sglang,tree_of_thought,764,92.80,103.55,196.35,2,10.19,1
sglang,tree_of_thought,765,103.94,0.00,158.92,1,6.29,1
sglang,tree_of_thought,766,103.45,0.00,186.59,1,5.36,1
sglang,tree_of_thought,767,91.70,34.07,125.77,2,15.90,1
sglang,tree_of_thought,768,86.29,35.43,157.16,3,19.09,0
sglang,tree_of_thought,769,103.78,16.36,120.14,2,16.65,1
sglang,tree_of_thought,770,102.70,0.00,154.47,1,6.47,1
sglang,tree_of_thought,771,75.20,38.69,113.88,2,17.56,1
sglang,tree_of_thought,772,97.17,0.00,140.09,1,7.14,1
sglang,tree_of_thought,773,52.82,41.22,94.04,2,21.27,1
sglang,tree_of_thought,774,70.00,24.94,94.94,2,21.07,1
sglang,tree_of_thought,775,66.08,0.00,179.13,1,5.58,1
sglang,tree_of_thought,776,75.75,0.00,120.75,1,8.28,1
sglang,tree_of_thought,777,69.92,0.00,145.49,1,6.87,1
sglang,tree_of_thought,778,69.28,116.47,185.75,2,10.77,1
sglang,tree_of_thought,779,85.20,0.00,175.49,1,5.70,1
sglang,tree_of_thought,780,76.96,31.82,108.78,2,18.39,1
sglang,tree_of_thought,781,98.63,63.24,161.87,2,12.36,1
sglang,tree_of_thought,782,91.51,0.00,139.52,1,7.17,1
sglang,tree_of_thought,783,908.53,0.00,935.37,1,1.07,1
sglang,tree_of_thought,784,900.06,0.00,963.16,1,1.04,1
sglang,tree_of_thought,785,890.97,39.52,930.50,2,2.15,1
sglang,tree_of_thought,786,882.27,28.90,911.17,2,2.19,1
sglang,tree_of_thought,787,62.51,0.00,96.46,1,10.37,1
sglang,tree_of_thought,788,88.95,0.00,155.81,1,6.42,1
sglang,tree_of_thought,789,85.07,0.00,132.24,1,7.56,1
sglang,tree_of_thought,790,94.87,91.55,186.42,2,10.73,1
sglang,tree_of_thought,791,63.47,0.00,72.66,1,13.76,1
sglang,tree_of_thought,792,84.10,0.00,181.18,1,5.52,1
sglang,tree_of_thought,793,75.61,0.00,111.18,1,8.99,1
sglang,tree_of_thought,794,95.99,0.00,140.32,1,7.13,1
sglang,tree_of_thought,795,87.47,0.00,165.60,1,6.04,1
sglang,tree_of_thought,796,109.16,0.00,182.21,1,5.49,1
sglang,tree_of_thought,797,83.04,0.00,139.80,1,7.15,1
sglang,tree_of_thought,798,81.82,0.00,117.41,1,8.52,1
sglang,tree_of_thought,799,108.67,69.39,178.05,2,11.23,1
sglang,tree_of_thought,800,96.75,0.00,106.99,1,9.35,1
sglang,tree_of_thought,801,75.26,0.00,161.26,1,6.20,1
sglang,tree_of_thought,802,97.41,88.86,186.27,2,10.74,1
sglang,tree_of_thought,803,84.09,66.29,150.38,2,13.30,1
sglang,tree_of_thought,804,94.21,34.65,128.86,2,15.52,1
sglang,tree_of_thought,805,79.84,24.42,104.26,2,19.18,1
sglang,tree_of_thought,806,81.20,0.00,120.31,1,8.31,1
sglang,tree_of_thought,807,73.48,40.21,113.69,2,17.59,1
sglang,tree_of_thought,808,39.66,37.21,76.87,2,26.02,1
sglang,tree_of_thought,809,83.85,84.93,168.77,2,11.85,1
sglang,tree_of_thought,810,86.20,0.00,180.49,1,5.54,1
sglang,tree_of_thought,811,106.54,0.00,162.15,1,6.17,1
sglang,tree_of_thought,812,109.25,0.00,146.03,1,6.85,1
sglang,tree_of_thought,813,86.52,34.90,121.42,2,16.47,1
sglang,tree_of_thought,814,852.05,1.57,853.62,2,2.34,1
sglang,tree_of_thought,815,908.85,0.00,923.12,1,1.08,1
sglang,tree_of_thought,816,922.85,0.00,958.59,1,1.04,1
sglang,tree_of_thought,817,891.36,31.16,922.51,2,2.17,1
sglang,tree_of_thought,818,66.17,0.00,102.87,1,9.72,1
sglang,tree_of_thought,819,100.02,41.09,141.11,2,14.17,1
sglang,tree_of_thought,820,96.40,35.11,166.63,3,18.00,0
sglang,tree_of_thought,821,68.12,124.55,192.67,2,10.38,1
sglang,tree_of_thought,822,68.26,0.00,76.02,1,13.15,1
sglang,tree_of_thought,823,83.70,0.00,167.54,1,5.97,1
sglang,tree_of_thought,824,86.70,0.00,148.29,1,6.74,1
sglang,tree_of_thought,825,62.10,134.58,196.68,2,10.17,1
sglang,tree_of_thought,826,89.24,43.82,133.07,2,15.03,1
sglang,tree_of_thought,827,94.71,0.00,173.59,1,5.76,1
sglang,tree_of_thought,828,118.51,0.00,202.02,1,4.95,1
sglang,tree_of_thought,829,110.57,94.96,205.53,2,9.73,1
sglang,tree_of_thought,830,118.27,93.83,212.10,2,9.43,1
sglang,tree_of_thought,831,93.02,25.46,118.48,2,16.88,1
sglang,tree_of_thought,832,77.52,48.94,126.46,2,15.81,1
sglang,tree_of_thought,833,100.61,56.26,156.87,2,12.75,1
sglang,tree_of_thought,834,50.29,0.00,86.90,1,11.51,1
sglang,tree_of_thought,835,85.33,0.00,123.39,1,8.10,1
sglang,tree_of_thought,836,71.36,17.28,88.63,2,22.57,1
sglang,tree_of_thought,837,89.78,0.00,151.76,1,6.59,1
sglang,tree_of_thought,838,86.24,0.00,128.25,1,7.80,1
sglang,tree_of_thought,839,87.12,38.58,125.70,2,15.91,1
sglang,tree_of_thought,840,54.64,43.05,97.70,2,20.47,1
sglang,tree_of_thought,841,93.05,0.00,143.06,1,6.99,1
sglang,tree_of_thought,842,92.26,34.27,126.53,2,15.81,1
sglang,tree_of_thought,843,78.32,0.00,178.89,1,5.59,1
sglang,tree_of_thought,844,70.13,0.00,103.01,1,9.71,1
sglang,tree_of_thought,845,853.19,8.14,861.32,2,2.32,1
sglang,tree_of_thought,846,909.16,0.00,925.82,1,1.08,1
sglang,tree_of_thought,847,921.76,0.00,952.45,1,1.05,1
sglang,tree_of_thought,848,889.62,28.76,918.38,2,2.18,1
sglang,tree_of_thought,849,80.30,0.00,188.06,1,5.32,1
sglang,tree_of_thought,850,90.17,0.00,151.59,1,6.60,1
sglang,tree_of_thought,851,88.32,0.00,184.21,1,5.43,1
sglang,tree_of_thought,852,93.28,42.89,136.18,2,14.69,1
sglang,tree_of_thought,853,66.59,18.83,85.41,2,23.42,1
sglang,tree_of_thought,854,80.12,0.00,168.10,1,5.95,1
sglang,tree_of_thought,855,110.34,43.77,154.11,2,12.98,1
sglang,tree_of_thought,856,72.35,0.00,113.16,1,8.84,1
sglang,tree_of_thought,857,90.79,43.88,134.67,2,14.85,1
sglang,tree_of_thought,858,97.88,0.00,171.46,1,5.83,1
sglang,tree_of_thought,859,75.23,41.45,116.68,2,17.14,1
sglang,tree_of_thought,860,99.62,46.55,146.17,2,13.68,1
sglang,tree_of_thought,861,92.10,37.50,167.10,3,17.95,1
sglang,tree_of_thought,862,91.41,0.00,106.07,1,9.43,1
sglang,tree_of_thought,863,85.07,0.00,169.67,1,5.89,1
sglang,tree_of_thought,864,88.66,0.00,144.90,1,6.90,1
sglang,tree_of_thought,865,94.23,39.39,133.62,2,14.97,1
sglang,tree_of_thought,866,81.05,36.10,117.15,2,17.07,1
sglang,tree_of_thought,867,70.72,30.60,101.32,2,19.74,1
sglang,tree_of_thought,868,50.46,0.00,77.94,1,12.83,1
sglang,tree_of_thought,869,76.19,0.00,114.61,1,8.73,1
sglang,tree_of_thought,870,87.71,0.00,168.22,1,5.94,1
sglang,tree_of_thought,871,81.78,0.00,142.07,1,7.04,1
sglang,tree_of_thought,872,77.81,0.00,160.04,1,6.25,1
sglang,tree_of_thought,873,93.00,0.00,138.40,1,7.23,1
sglang,tree_of_thought,874,85.28,0.00,127.83,1,7.82,1
sglang,tree_of_thought,875,57.67,145.98,203.65,2,9.82,1
sglang,tree_of_thought,876,876.44,0.00,967.98,1,1.03,1
sglang,tree_of_thought,877,886.01,21.41,907.41,2,2.20,1
sglang,tree_of_thought,878,914.77,19.80,934.57,2,2.14,1
sglang,tree_of_thought,879,916.25,0.00,959.85,1,1.04,1
sglang,tree_of_thought,880,82.74,0.00,191.30,1,5.23,1
sglang,tree_of_thought,881,84.20,0.00,145.54,1,6.87,1
sglang,tree_of_thought,882,59.54,154.04,213.57,2,9.36,1
sglang,tree_of_thought,883,86.84,97.19,184.03,2,10.87,1
sglang,tree_of_thought,884,69.69,0.00,75.46,1,13.25,1
sglang,tree_of_thought,885,90.97,0.00,172.19,1,5.81,1
sglang,tree_of_thought,886,92.18,30.20,122.38,2,16.34,1
sglang,tree_of_thought,887,94.66,80.04,174.70,2,11.45,1
sglang,tree_of_thought,888,111.71,0.00,153.60,1,6.51,1
sglang,tree_of_thought,889,92.93,0.00,123.90,1,8.07,1
sglang,tree_of_thought,890,108.82,88.17,196.98,2,10.15,1
sglang,tree_of_thought,891,93.59,84.75,178.34,2,11.21,1
sglang,tree_of_thought,892,88.07,73.68,161.75,2,12.36,1
sglang,tree_of_thought,893,102.45,21.04,123.49,2,16.20,1
sglang,tree_of_thought,894,103.46,0.00,136.61,1,7.32,1
sglang,tree_of_thought,895,59.54,0.00,92.34,1,10.83,1
sglang,tree_of_thought,896,83.17,0.00,126.22,1,7.92,1
sglang,tree_of_thought,897,98.92,73.06,171.99,2,11.63,1
sglang,tree_of_thought,898,74.71,12.36,99.42,3,30.17,0
sglang,tree_of_thought,899,70.37,55.11,125.48,2,15.94,0
sglang,tree_of_thought,900,64.75,0.00,176.27,1,5.67,1
sglang,tree_of_thought,901,63.02,0.00,95.23,1,10.50,1
sglang,tree_of_thought,902,90.00,61.01,151.01,2,13.24,0
sglang,tree_of_thought,903,81.52,0.00,178.48,1,5.60,1
sglang,tree_of_thought,904,106.64,57.63,164.27,2,12.18,1
sglang,tree_of_thought,905,72.08,0.00,113.49,1,8.81,1
sglang,tree_of_thought,906,92.37,0.00,137.86,1,7.25,1
sglang,tree_of_thought,907,918.90,28.43,947.32,2,2.11,1
sglang,tree_of_thought,908,904.45,0.00,970.85,1,1.03,1
sglang,tree_of_thought,909,898.55,31.28,929.84,2,2.15,1
sglang,tree_of_thought,910,885.40,32.30,917.69,2,2.18,1
sglang,tree_of_thought,911,77.30,0.00,177.16,1,5.64,1
sglang,tree_of_thought,912,84.40,0.00,164.16,1,6.09,1
sglang,tree_of_thought,913,71.35,0.00,107.36,1,9.31,1
sglang,tree_of_thought,914,74.54,69.34,143.88,2,13.90,1
sglang,tree_of_thought,915,66.97,0.00,80.28,1,12.46,1
sglang,tree_of_thought,916,90.34,0.00,153.13,1,6.53,1
sglang,tree_of_thought,917,112.64,0.00,139.97,1,7.14,1
sglang,tree_of_thought,918,88.44,27.61,116.05,2,17.23,1
sglang,tree_of_thought,919,87.15,54.28,412.86,7,16.95,0
sglang,tree_of_thought,920,80.79,0.00,87.89,1,11.38,1
sglang,tree_of_thought,921,82.72,0.00,94.18,1,10.62,1
sglang,tree_of_thought,922,87.49,0.00,105.06,1,9.52,1
sglang,tree_of_thought,923,79.44,24.88,104.32,2,19.17,1
sglang,tree_of_thought,924,74.77,0.00,162.65,1,6.15,1
sglang,tree_of_thought,925,82.97,0.00,90.13,1,11.10,1
sglang,tree_of_thought,926,60.65,0.00,72.07,1,13.88,1
sglang,tree_of_thought,927,70.35,0.00,78.93,1,12.67,1
sglang,tree_of_thought,928,82.34,0.00,103.26,1,9.68,1
sglang,tree_of_thought,929,37.09,0.00,47.44,1,21.08,1
sglang,tree_of_thought,930,85.89,0.00,139.06,1,7.19,1
sglang,tree_of_thought,931,78.90,0.00,122.12,1,8.19,1
sglang,tree_of_thought,932,91.46,82.99,174.45,2,11.46,1
sglang,tree_of_thought,933,58.60,0.00,94.64,1,10.57,1
sglang,tree_of_thought,934,84.85,0.00,175.92,1,5.68,1
sglang,tree_of_thought,935,111.11,0.00,135.12,1,7.40,1
sglang,tree_of_thought,936,108.43,0.00,169.44,1,5.90,1
sglang,tree_of_thought,937,78.83,41.74,120.57,2,16.59,1
sglang,tree_of_thought,938,911.54,0.00,951.70,1,1.05,1
sglang,tree_of_thought,939,880.63,0.00,909.83,1,1.10,1
sglang,tree_of_thought,940,899.40,77.58,976.98,2,2.05,1
sglang,tree_of_thought,941,935.06,2.90,937.96,2,2.13,1
sglang,tree_of_thought,942,95.84,84.79,180.64,2,11.07,1
sglang,tree_of_thought,943,87.56,0.00,130.87,1,7.64,1
sglang,tree_of_thought,944,89.43,69.45,158.87,2,12.59,0
sglang,tree_of_thought,945,67.16,42.72,109.88,2,18.20,1
sglang,tree_of_thought,946,55.58,0.00,66.96,1,14.93,1
sglang,tree_of_thought,947,67.43,0.00,185.74,1,5.38,1
sglang,tree_of_thought,948,84.86,0.00,169.51,1,5.90,1
sglang,tree_of_thought,949,92.15,68.68,160.83,2,12.44,1
sglang,tree_of_thought,950,97.46,48.32,145.78,2,13.72,1
sglang,tree_of_thought,951,91.72,0.00,166.66,1,6.00,1
sglang,tree_of_thought,952,98.07,63.50,161.56,2,12.38,1
sglang,tree_of_thought,953,75.80,0.00,114.18,1,8.76,1
sglang,tree_of_thought,954,106.63,0.00,141.76,1,7.05,1
sglang,tree_of_thought,955,88.70,22.10,110.79,2,18.05,1
sglang,tree_of_thought,956,106.39,0.00,156.60,1,6.39,1
sglang,tree_of_thought,957,81.91,0.00,113.48,1,8.81,1
sglang,tree_of_thought,958,84.08,0.00,138.69,1,7.21,1
sglang,tree_of_thought,959,72.89,0.00,114.11,1,8.76,1
sglang,tree_of_thought,960,63.08,15.85,126.50,5,39.53,0
sglang,tree_of_thought,961,65.35,0.00,162.36,1,6.16,1
sglang,tree_of_thought,962,90.07,0.00,139.42,1,7.17,1
sglang,tree_of_thought,963,90.27,35.01,125.28,2,15.96,1
sglang,tree_of_thought,964,59.99,0.00,98.86,1,10.12,1
sglang,tree_of_thought,965,91.96,0.00,181.79,1,5.50,1
sglang,tree_of_thought,966,72.44,0.00,167.31,1,5.98,1
sglang,tree_of_thought,967,104.95,0.00,148.33,1,6.74,1
sglang,tree_of_thought,968,97.76,25.69,123.45,2,16.20,1
sglang,tree_of_thought,969,860.64,0.00,862.11,1,1.16,1
sglang,tree_of_thought,970,919.55,0.00,960.73,1,1.04,1
sglang,tree_of_thought,971,913.36,0.00,939.91,1,1.06,1
sglang,tree_of_thought,972,886.52,34.69,921.21,2,2.17,1
sglang,tree_of_thought,973,87.44,117.84,205.28,2,9.74,1
sglang,tree_of_thought,974,72.31,93.83,166.14,2,12.04,1
sglang,tree_of_thought,975,104.74,87.83,192.57,2,10.39,1
sglang,tree_of_thought,976,67.49,74.96,142.44,2,14.04,1
sglang,tree_of_thought,977,64.02,44.20,329.22,7,21.26,0
sglang,tree_of_thought,978,74.13,0.00,104.35,1,9.58,1
sglang,tree_of_thought,979,69.26,0.00,104.82,1,9.54,1
sglang,tree_of_thought,980,84.71,0.00,113.98,1,8.77,1
sglang,tree_of_thought,981,111.25,0.00,147.56,1,6.78,1
sglang,tree_of_thought,982,85.28,0.00,95.35,1,10.49,1
sglang,tree_of_thought,983,84.83,0.00,95.72,1,10.45,1
sglang,tree_of_thought,984,87.74,18.97,106.71,2,18.74,1
sglang,tree_of_thought,985,76.09,23.71,99.81,2,20.04,1
sglang,tree_of_thought,986,79.05,0.00,161.75,1,6.18,1
sglang,tree_of_thought,987,71.52,0.00,83.19,1,12.02,1
sglang,tree_of_thought,988,77.44,0.00,99.52,1,10.05,1
sglang,tree_of_thought,989,62.79,21.03,83.81,2,23.86,1
sglang,tree_of_thought,990,58.01,58.79,116.79,2,17.12,1
sglang,tree_of_thought,991,29.41,0.00,39.73,1,25.17,1
sglang,long_output,0,71.63,30.69,317.19,9,28.37,1
sglang,long_output,1,114.66,25.51,318.77,9,28.23,1
sglang,long_output,2,111.82,25.84,318.50,9,28.26,1
sglang,long_output,3,111.13,23.82,325.47,10,30.72,1
sglang,long_output,4,103.43,24.94,327.86,10,30.50,1
sglang,long_output,5,108.74,25.18,335.39,10,29.82,1
sglang,long_output,6,102.23,23.33,335.57,11,32.78,1
sglang,long_output,7,103.64,23.77,341.37,11,32.22,1
sglang,long_output,8,102.59,24.12,343.82,11,31.99,1
sglang,long_output,9,100.88,22.65,350.08,12,34.28,1
sglang,long_output,10,135.10,19.74,352.27,12,34.06,1
sglang,long_output,11,95.83,23.32,352.37,12,34.05,1
sglang,long_output,12,92.29,22.46,361.83,13,35.93,1
sglang,long_output,13,96.29,22.36,364.63,13,35.65,1
sglang,long_output,14,131.47,19.69,367.76,13,35.35,1
sglang,long_output,15,116.89,23.86,427.05,14,32.78,1
sglang,long_output,16,118.43,24.07,431.34,14,32.46,1
sglang,long_output,17,126.86,24.00,438.88,14,31.90,1
sglang,long_output,18,121.26,23.09,444.56,15,33.74,1
sglang,long_output,19,123.28,22.90,443.93,15,33.79,1
sglang,long_output,20,124.96,23.10,448.40,15,33.45,1
sglang,long_output,21,108.99,22.42,445.36,16,35.93,1
sglang,long_output,22,118.70,22.09,450.01,16,35.55,1
sglang,long_output,23,109.66,23.02,454.96,16,35.17,1
sglang,long_output,24,117.37,21.37,459.29,17,37.01,1
sglang,long_output,25,105.42,22.21,460.86,17,36.89,1
sglang,long_output,26,105.26,22.55,466.03,17,36.48,1
sglang,long_output,27,104.26,21.55,470.55,18,38.25,1
sglang,long_output,28,100.67,22.12,476.71,18,37.76,1
sglang,long_output,29,107.28,22.08,482.64,18,37.29,1
sglang,long_output,30,101.69,24.62,544.77,19,34.88,1
sglang,long_output,31,142.70,22.36,545.13,19,34.85,1
sglang,long_output,32,111.16,24.70,555.72,19,34.19,1
sglang,long_output,33,98.00,24.24,558.54,20,35.81,1
sglang,long_output,34,104.92,24.04,561.60,20,35.61,1
sglang,long_output,35,96.11,24.46,560.83,20,35.66,1
sglang,long_output,36,134.39,21.26,559.60,21,37.53,1
sglang,long_output,37,132.68,21.76,567.95,21,36.98,1
sglang,long_output,38,92.88,23.94,571.74,21,36.73,1
sglang,long_output,39,135.49,20.60,568.09,22,38.73,1
sglang,long_output,40,131.71,21.08,574.40,22,38.30,1
sglang,long_output,41,123.78,21.45,574.23,22,38.31,1
sglang,long_output,42,118.46,21.38,588.82,23,39.06,1
sglang,long_output,43,122.18,21.53,595.78,23,38.61,1
sglang,long_output,44,121.19,21.57,595.67,23,38.61,1
sglang,long_output,45,112.44,23.42,651.11,24,36.86,1
sglang,long_output,46,119.38,23.30,655.38,24,36.62,1
sglang,long_output,47,119.13,23.66,663.22,24,36.19,1
sglang,long_output,48,108.41,23.31,667.97,25,37.43,1
sglang,long_output,49,117.91,22.95,668.82,25,37.38,1
sglang,long_output,50,112.85,23.39,674.14,25,37.08,1
sglang,long_output,51,117.11,22.25,673.35,26,38.61,1
sglang,long_output,52,114.31,22.55,678.12,26,38.34,1
sglang,long_output,53,106.39,22.87,678.06,26,38.34,1
sglang,long_output,54,106.84,22.47,691.17,27,39.06,1
sglang,long_output,55,107.89,22.65,696.71,27,38.75,1
sglang,long_output,56,104.61,22.92,700.56,27,38.54,1
sglang,long_output,57,104.77,24.46,765.25,28,36.59,1
sglang,long_output,58,105.37,24.58,769.04,28,36.41,1
sglang,long_output,59,105.60,24.77,774.39,28,36.16,1
sglang,long_output,60,102.51,23.87,770.91,29,37.62,1
sglang,long_output,61,106.16,24.15,782.39,29,37.07,1
sglang,long_output,62,100.03,23.60,784.29,30,38.25,1
sglang,long_output,63,103.85,24.60,792.57,29,36.59,1
sglang,long_output,64,82.72,24.08,781.06,30,38.41,1
sglang,long_output,65,87.61,24.04,784.81,30,38.23,1
sglang,long_output,66,67.94,23.66,777.59,31,39.87,1
sglang,long_output,67,73.43,23.72,785.03,31,39.49,1
sglang,long_output,68,82.36,23.78,795.67,31,38.96,1
sglang,long_output,69,81.06,22.53,779.53,32,41.05,1
sglang,long_output,70,81.26,22.54,779.90,32,41.03,1
sglang,long_output,71,63.73,23.47,791.39,32,40.44,1
sglang,long_output,72,64.47,22.25,776.39,33,42.50,1
sglang,long_output,73,64.20,22.41,781.24,33,42.24,1
sglang,long_output,74,84.10,22.20,794.42,33,41.54,1
sglang,long_output,75,58.11,23.29,826.70,34,41.13,1
sglang,long_output,76,67.60,23.39,839.52,34,40.50,1
sglang,long_output,77,54.66,23.57,832.39,34,40.85,1
sglang,long_output,78,50.13,23.03,833.22,35,42.01,1
sglang,long_output,79,89.90,22.52,855.68,35,40.90,1
sglang,long_output,80,83.10,22.74,856.24,35,40.88,1
sglang,long_output,81,86.24,21.76,847.83,36,42.46,1
sglang,long_output,82,78.46,22.48,865.38,36,41.60,1
sglang,long_output,83,89.86,21.96,858.46,36,41.94,1
sglang,long_output,84,82.47,21.58,859.46,37,43.05,1
sglang,long_output,85,86.74,21.65,866.29,37,42.71,1
sglang,long_output,86,86.52,21.75,869.43,37,42.56,1
sglang,long_output,87,73.21,21.58,871.78,38,43.59,1
sglang,long_output,88,73.34,21.36,863.61,38,44.00,1
sglang,long_output,89,69.73,21.71,872.94,38,43.53,1
sglang,long_output,90,58.43,22.77,923.76,39,42.22,1
sglang,long_output,91,59.47,23.19,940.82,39,41.45,1
sglang,long_output,92,51.04,23.10,928.73,39,41.99,1
sglang,long_output,93,49.37,22.63,932.07,40,42.92,1
sglang,long_output,94,106.37,21.77,955.36,40,41.87,1
sglang,long_output,95,105.40,21.82,956.48,40,41.82,1
sglang,long_output,96,83.73,21.51,944.14,41,43.43,1
sglang,long_output,97,69.35,22.33,962.47,41,42.60,1
sglang,long_output,98,88.39,21.67,955.02,41,42.93,1
sglang,long_output,99,94.60,21.09,959.21,42,43.79,1
sglang,long_output,100,73.43,21.47,953.74,42,44.04,1
sglang,long_output,101,85.24,21.46,965.06,42,43.52,1
sglang,long_output,102,77.97,20.89,955.42,43,45.01,1
sglang,long_output,103,70.30,21.43,970.41,43,44.31,1
sglang,long_output,104,67.75,21.42,967.54,43,44.44,1
sglang,long_output,105,54.38,22.10,1004.80,44,43.79,1
sglang,long_output,106,52.30,22.08,1001.85,44,43.92,1
sglang,long_output,107,77.67,22.17,1031.17,44,42.67,1
sglang,long_output,108,49.18,22.01,1017.66,45,44.22,1
sglang,long_output,109,86.37,21.39,1027.34,45,43.80,1
sglang,long_output,110,67.09,22.07,1038.18,45,43.35,1
sglang,long_output,111,97.77,20.78,1032.71,46,44.54,1
sglang,long_output,112,68.18,21.25,1024.30,46,44.91,1
sglang,long_output,113,87.33,20.88,1026.84,46,44.80,1
sglang,long_output,114,83.01,20.65,1033.14,47,45.49,1
sglang,long_output,115,76.05,20.69,1027.91,47,45.72,1
sglang,long_output,116,64.73,21.26,1042.86,47,45.07,1
sglang,long_output,117,53.11,20.60,1021.39,48,46.99,1
sglang,long_output,118,59.68,20.56,1026.06,48,46.78,1
sglang,long_output,119,74.11,20.78,1050.56,48,45.69,1
sglang,long_output,120,50.99,21.45,1080.83,49,45.34,1
sglang,long_output,121,78.84,21.22,1097.21,49,44.66,1
sglang,long_output,122,72.79,21.33,1096.67,49,44.68,1
sglang,long_output,123,80.86,20.73,1096.61,50,45.60,1
sglang,long_output,124,82.58,20.87,1105.07,50,45.25,1
sglang,long_output,125,70.55,21.04,1101.68,50,45.39,1
sglang,long_output,126,60.40,20.64,1092.18,51,46.70,1
sglang,long_output,127,64.77,20.71,1100.12,51,46.36,1
sglang,long_output,128,62.49,19.07,215.04,9,41.85,1
sglang,long_output,129,70.39,19.78,228.59,9,39.37,1
sglang,long_output,130,73.89,20.11,234.74,9,38.34,1
sglang,long_output,131,51.83,24.09,268.68,10,37.22,1
sglang,long_output,132,62.83,23.58,275.01,10,36.36,1
sglang,long_output,133,45.94,24.00,261.91,10,38.18,1
sglang,long_output,134,38.27,22.26,260.89,11,42.16,1
sglang,long_output,135,45.45,22.52,270.62,11,40.65,1
sglang,long_output,136,52.83,24.11,293.93,11,37.42,1
sglang,long_output,137,56.02,22.12,299.35,12,40.09,1
sglang,long_output,138,69.17,20.24,291.83,12,41.12,1
sglang,long_output,139,61.41,22.22,305.86,12,39.23,1
sglang,long_output,140,58.13,22.04,1160.18,51,43.96,1
sglang,long_output,141,58.07,19.26,289.23,13,44.95,1
sglang,long_output,142,65.54,19.50,299.48,13,43.41,1
sglang,long_output,143,57.27,19.83,295.17,13,44.04,1
sglang,long_output,144,67.31,21.28,1152.79,52,45.11,1
sglang,long_output,145,33.50,18.96,279.92,14,50.01,1
sglang,long_output,146,57.85,21.94,1176.59,52,44.20,1
sglang,long_output,147,36.60,19.05,284.21,14,49.26,1
sglang,long_output,148,71.90,21.52,1169.27,52,44.47,1
sglang,long_output,149,51.64,19.61,306.61,14,45.66,1
sglang,long_output,150,64.73,21.32,1173.31,53,45.17,1
sglang,long_output,151,62.02,21.20,1164.29,53,45.52,1
sglang,long_output,152,55.63,21.43,1169.81,53,45.31,1
sglang,long_output,153,34.21,19.21,303.18,15,49.48,1
sglang,long_output,154,44.82,22.26,1224.56,54,44.10,1
sglang,long_output,155,51.10,22.37,1236.60,54,43.67,1
sglang,long_output,156,62.18,22.39,1249.09,54,43.23,1
sglang,long_output,157,44.70,22.17,1241.68,55,44.29,1
sglang,long_output,158,69.16,21.99,376.98,15,39.79,1
sglang,long_output,159,67.85,22.01,376.01,15,39.89,1
sglang,long_output,160,64.08,21.68,389.33,16,41.10,1
sglang,long_output,161,71.88,21.88,400.08,16,39.99,1
sglang,long_output,162,60.96,22.07,392.01,16,40.81,1
sglang,long_output,163,70.04,22.07,1261.71,55,43.59,1
sglang,long_output,164,72.25,22.22,1272.14,55,43.23,1
sglang,long_output,165,58.30,22.74,1308.90,56,42.78,1
sglang,long_output,166,65.39,22.82,1320.35,56,42.41,1
sglang,long_output,167,43.39,23.74,423.23,17,40.17,1
sglang,long_output,168,66.39,23.13,1338.61,56,41.83,1
sglang,long_output,169,70.91,22.48,1330.00,57,42.86,1
sglang,long_output,170,87.96,22.15,1328.12,57,42.92,1
sglang,long_output,171,60.14,22.93,1344.27,57,42.40,1
sglang,long_output,172,69.52,21.99,1323.03,58,43.84,1
sglang,long_output,173,60.37,22.45,1339.97,58,43.28,1
sglang,long_output,174,71.15,22.14,1332.86,58,43.52,1
sglang,long_output,175,51.63,21.94,1323.98,59,44.56,1
sglang,long_output,176,66.27,22.03,1343.95,59,43.90,1
sglang,long_output,177,58.77,21.94,1331.52,59,44.31,1
sglang,long_output,178,58.52,27.53,498.93,17,34.07,1
sglang,long_output,179,52.89,22.57,1384.23,60,43.35,1
sglang,long_output,180,79.15,26.53,503.59,17,33.76,1
sglang,long_output,181,64.99,25.58,499.79,18,36.02,1
sglang,long_output,182,58.31,26.72,512.59,18,35.12,1
sglang,long_output,183,67.87,25.79,506.33,18,35.55,1
sglang,long_output,184,60.45,24.66,504.35,19,37.67,1
sglang,long_output,185,82.40,23.62,507.57,19,37.43,1
sglang,long_output,186,85.20,23.98,516.78,19,36.77,1
sglang,long_output,187,71.41,23.55,518.95,20,38.54,1
sglang,long_output,188,70.69,23.56,518.38,20,38.58,1
sglang,long_output,189,72.07,23.45,517.63,20,38.64,1
sglang,long_output,190,66.47,23.42,534.89,21,39.26,1
sglang,long_output,191,73.21,23.32,539.52,21,38.92,1
sglang,long_output,192,62.40,23.43,531.08,21,39.54,1
sglang,long_output,193,75.98,23.38,1455.11,60,41.23,1
sglang,long_output,194,57.13,25.55,593.78,22,37.05,1
sglang,long_output,195,68.46,23.41,1449.75,60,41.39,1
sglang,long_output,196,58.49,25.78,599.97,22,36.67,1
sglang,long_output,197,51.28,25.75,592.09,22,37.16,1
sglang,long_output,198,64.04,23.22,1457.49,61,41.85,1
sglang,long_output,199,58.92,23.27,1454.97,61,41.93,1
sglang,long_output,200,64.00,23.18,1455.04,61,41.92,1
sglang,long_output,201,57.77,25.63,621.66,23,37.00,1
sglang,long_output,202,65.58,25.92,635.77,23,36.18,1
sglang,long_output,203,61.63,25.94,632.41,23,36.37,1
sglang,long_output,204,78.09,22.67,1460.92,62,42.44,1
sglang,long_output,205,48.69,25.14,626.94,24,38.28,1
sglang,long_output,206,59.71,23.11,1469.70,62,42.19,1
sglang,long_output,207,71.79,22.78,1461.56,62,42.42,1
sglang,long_output,208,58.15,22.53,1454.77,63,43.31,1
sglang,long_output,209,58.77,22.59,1459.54,63,43.16,1
sglang,long_output,210,69.69,22.66,1474.73,63,42.72,1
sglang,long_output,211,54.00,24.23,611.27,24,39.26,1
sglang,long_output,212,57.58,22.41,1469.26,64,43.56,1
sglang,long_output,213,48.44,22.29,1452.66,64,44.06,1
sglang,long_output,214,55.31,24.48,618.41,24,38.81,1
sglang,long_output,215,57.75,22.36,1466.64,64,43.64,1
sglang,long_output,216,48.69,22.38,1481.25,65,43.88,1
sglang,long_output,217,48.28,23.84,620.43,25,40.29,1
sglang,long_output,218,50.14,24.07,627.71,25,39.83,1
sglang,long_output,219,46.50,24.11,625.04,25,40.00,1
sglang,long_output,220,29.64,25.55,668.49,26,38.89,1
sglang,long_output,221,39.52,25.76,683.53,26,38.04,1
sglang,long_output,222,58.99,24.70,676.39,26,38.44,1
sglang,long_output,223,78.67,23.03,1552.70,65,41.86,1
sglang,long_output,224,75.81,23.11,1554.65,65,41.81,1
sglang,long_output,225,59.11,23.00,1553.97,66,42.47,1
sglang,long_output,226,30.40,23.91,652.16,27,41.40,1
sglang,long_output,227,72.27,23.03,1569.04,66,42.06,1
sglang,long_output,228,72.52,24.42,707.54,27,38.16,1
sglang,long_output,229,67.03,23.50,1594.22,66,41.40,1
sglang,long_output,230,74.43,22.91,1586.18,67,42.24,1
sglang,long_output,231,58.43,25.04,709.45,27,38.06,1
sglang,long_output,232,57.13,23.40,1601.42,67,41.84,1
sglang,long_output,233,67.96,23.67,707.18,28,39.59,1
sglang,long_output,234,74.07,23.71,714.13,28,39.21,1
sglang,long_output,235,74.04,23.78,716.07,28,39.10,1
sglang,long_output,236,56.49,23.51,714.85,29,40.57,1
sglang,long_output,237,58.49,23.74,723.12,29,40.10,1
sglang,long_output,238,52.89,23.80,719.40,29,40.31,1
sglang,long_output,239,36.80,25.30,770.37,30,38.94,1
sglang,long_output,240,44.57,25.57,786.02,30,38.17,1
sglang,long_output,241,39.94,25.71,785.41,30,38.20,1
sglang,long_output,242,95.62,24.09,818.25,31,37.89,1
sglang,long_output,243,93.41,24.23,820.33,31,37.79,1
sglang,long_output,244,72.40,25.06,824.16,31,37.61,1
sglang,long_output,245,80.35,23.68,814.37,32,39.29,1
sglang,long_output,246,77.83,23.86,817.65,32,39.14,1
sglang,long_output,247,80.66,23.99,824.32,32,38.82,1
sglang,long_output,248,72.38,23.46,823.26,33,40.08,1
sglang,long_output,249,64.84,23.46,815.51,33,40.47,1
sglang,long_output,250,69.75,23.55,823.43,33,40.08,1
sglang,long_output,251,66.28,22.69,815.10,34,41.71,1
sglang,long_output,252,66.60,22.79,818.63,34,41.53,1
sglang,long_output,253,65.26,22.94,822.30,34,41.35,1
sglang,long_output,254,45.15,24.30,871.24,35,40.17,1
sglang,long_output,255,47.70,24.57,883.15,35,39.63,1
sglang,long_output,256,46.55,24.67,885.40,35,39.53,1
sglang,long_output,257,73.34,24.10,916.77,36,39.27,1
sglang,long_output,258,70.89,24.44,926.21,36,38.87,1
sglang,long_output,259,70.10,24.46,926.32,36,38.86,1
sglang,long_output,260,76.95,23.63,927.64,37,39.89,1
sglang,long_output,261,76.99,23.81,934.01,37,39.61,1
sglang,long_output,262,66.01,23.93,927.51,37,39.89,1
sglang,long_output,263,61.78,23.59,934.75,38,40.65,1
sglang,long_output,264,97.68,23.34,961.27,38,39.53,1
sglang,long_output,265,87.97,23.83,969.82,38,39.18,1
sglang,long_output,266,86.05,23.06,962.21,39,40.53,1
sglang,long_output,267,72.29,23.58,968.32,39,40.28,1
sglang,long_output,268,77.13,23.69,977.40,39,39.90,1
sglang,long_output,269,84.50,22.91,978.15,40,40.89,1
sglang,long_output,270,78.89,22.97,974.64,40,41.04,1
sglang,long_output,271,80.95,23.12,982.58,40,40.71,1
sglang,long_output,272,85.85,22.22,974.55,41,42.07,1
sglang,long_output,273,84.53,22.25,974.44,41,42.08,1
sglang,long_output,274,72.26,22.95,990.11,41,41.41,1
sglang,long_output,275,76.69,23.37,1034.80,42,40.59,1
sglang,long_output,276,74.01,23.54,1039.03,42,40.42,1
sglang,long_output,277,76.79,23.57,1043.18,42,40.26,1
sglang,long_output,278,80.85,22.83,1039.51,43,41.37,1
sglang,long_output,279,55.54,23.01,1022.16,43,42.07,1
sglang,long_output,280,82.38,23.00,1048.29,43,41.02,1
sglang,long_output,281,45.95,22.65,1019.93,44,43.14,1
sglang,long_output,282,54.42,22.78,1033.87,44,42.56,1
sglang,long_output,283,46.74,22.93,1032.51,44,42.61,1
sglang,long_output,284,64.13,23.39,1093.13,45,41.17,1
sglang,long_output,285,68.10,23.59,1105.91,45,40.69,1
sglang,long_output,286,63.83,22.96,1074.28,45,41.89,1
sglang,long_output,287,59.05,22.75,1083.01,46,42.47,1
sglang,long_output,288,55.20,22.91,1086.08,46,42.35,1
sglang,long_output,289,63.67,22.42,1072.49,46,42.89,1
sglang,long_output,290,60.69,23.19,1127.59,47,41.68,1
sglang,long_output,291,58.44,23.31,1130.91,47,41.56,1
sglang,long_output,292,50.07,23.36,1124.79,47,41.79,1
sglang,long_output,293,56.52,22.80,1127.96,48,42.55,1
sglang,long_output,294,75.28,22.39,1127.74,48,42.56,1
sglang,long_output,295,92.95,22.03,1128.37,48,42.54,1
sglang,long_output,296,80.03,21.64,1118.69,49,43.80,1
sglang,long_output,297,60.84,22.17,1124.86,49,43.56,1
sglang,long_output,298,66.35,22.18,1130.80,49,43.33,1
sglang,long_output,299,41.37,18.96,193.01,9,46.63,1
sglang,long_output,300,58.04,21.42,1107.73,50,45.14,1
sglang,long_output,301,78.29,21.46,1129.72,50,44.26,1
sglang,long_output,302,58.93,21.61,1117.98,50,44.72,1
sglang,long_output,303,44.93,20.62,209.86,9,42.89,1
sglang,long_output,304,52.57,21.61,1132.93,51,45.02,1
sglang,long_output,305,67.93,23.63,257.01,9,35.02,1
sglang,long_output,306,61.56,22.34,262.65,10,38.07,1
sglang,long_output,307,67.66,22.39,269.19,10,37.15,1
sglang,long_output,308,63.14,22.18,1172.09,51,43.51,1
sglang,long_output,309,72.56,22.21,1182.88,51,43.12,1
sglang,long_output,310,59.13,22.08,1184.99,52,43.88,1
sglang,long_output,311,87.22,22.57,290.33,10,34.44,1
sglang,long_output,312,59.54,22.33,1198.42,52,43.39,1
sglang,long_output,313,58.92,23.80,296.90,11,37.05,1
sglang,long_output,314,76.41,21.59,292.28,11,37.64,1
sglang,long_output,315,81.15,21.00,291.12,11,37.79,1
sglang,long_output,316,78.26,22.11,1206.05,52,43.12,1
sglang,long_output,317,73.84,21.77,1206.06,53,43.94,1
sglang,long_output,318,71.99,19.90,290.86,12,41.26,1
sglang,long_output,319,75.27,21.86,1212.21,53,43.72,1
sglang,long_output,320,80.00,19.92,299.14,12,40.11,1
sglang,long_output,321,69.30,21.18,302.32,12,39.69,1
sglang,long_output,322,67.02,21.97,1209.44,53,43.82,1
sglang,long_output,323,62.58,21.74,1214.78,54,44.45,1
sglang,long_output,324,74.50,21.35,1206.00,54,44.78,1
sglang,long_output,325,76.26,21.39,1209.82,54,44.63,1
sglang,long_output,326,70.48,19.99,310.31,13,41.89,1
sglang,long_output,327,71.10,20.14,312.79,13,41.56,1
sglang,long_output,328,65.35,20.44,310.63,13,41.85,1
sglang,long_output,329,61.33,22.35,1268.43,55,43.36,1
sglang,long_output,330,73.07,22.62,1294.78,55,42.48,1
sglang,long_output,331,40.55,25.35,370.17,14,37.82,1
sglang,long_output,332,61.92,22.67,1286.24,55,42.76,1
sglang,long_output,333,58.59,25.99,396.41,14,35.32,1
sglang,long_output,334,51.42,22.47,1287.36,56,43.50,1
sglang,long_output,335,62.30,22.27,1287.37,56,43.50,1
sglang,long_output,336,64.76,22.45,1299.58,56,43.09,1
sglang,long_output,337,55.66,25.71,389.91,14,35.91,1
sglang,long_output,338,57.32,22.22,1301.84,57,43.78,1
sglang,long_output,339,64.41,23.32,390.89,15,38.37,1
sglang,long_output,340,53.08,23.34,379.81,15,39.49,1
sglang,long_output,341,62.61,23.71,394.49,15,38.02,1
sglang,long_output,342,37.15,22.80,379.10,16,42.21,1
sglang,long_output,343,50.76,23.02,396.11,16,40.39,1
sglang,long_output,344,64.60,22.59,1329.49,57,42.87,1
sglang,long_output,345,76.03,22.39,1330.02,57,42.86,1
sglang,long_output,346,71.91,22.09,1331.19,58,43.57,1
sglang,long_output,347,69.97,22.08,1328.66,58,43.65,1
sglang,long_output,348,65.18,22.24,1332.81,58,43.52,1
sglang,long_output,349,59.15,21.95,1332.17,59,44.29,1
sglang,long_output,350,48.28,22.01,1324.97,59,44.53,1
sglang,long_output,351,62.88,24.31,427.48,16,37.43,1
sglang,long_output,352,102.64,23.61,480.37,17,35.39,1
sglang,long_output,353,96.73,23.51,472.85,17,35.95,1
sglang,long_output,354,67.14,25.52,475.51,17,35.75,1
sglang,long_output,355,88.15,22.92,477.72,18,37.68,1
sglang,long_output,356,88.06,22.88,477.06,18,37.73,1
sglang,long_output,357,84.75,23.22,479.51,18,37.54,1
sglang,long_output,358,82.65,22.24,482.95,19,39.34,1
sglang,long_output,359,78.61,22.60,485.49,19,39.14,1
sglang,long_output,360,77.60,22.60,484.45,19,39.22,1
sglang,long_output,361,71.55,22.14,492.20,20,40.63,1
sglang,long_output,362,67.81,22.03,486.43,20,41.12,1
sglang,long_output,363,72.91,22.45,499.48,20,40.04,1
sglang,long_output,364,62.40,21.65,495.33,21,42.40,1
sglang,long_output,365,65.48,21.70,499.41,21,42.05,1
sglang,long_output,366,62.03,21.90,499.99,21,42.00,1
sglang,long_output,367,60.82,23.70,558.42,22,39.40,1
sglang,long_output,368,57.25,23.85,558.10,22,39.42,1
sglang,long_output,369,61.33,23.34,1414.80,59,41.70,1
sglang,long_output,370,54.42,23.18,1422.19,60,42.19,1
sglang,long_output,371,71.14,22.82,1417.48,60,42.33,1
sglang,long_output,372,70.92,22.88,1420.89,60,42.23,1
sglang,long_output,373,66.20,22.43,1412.11,61,43.20,1
sglang,long_output,374,64.51,22.78,1431.33,61,42.62,1
sglang,long_output,375,53.56,22.80,1421.83,61,42.90,1
sglang,long_output,376,61.41,23.05,1467.29,62,42.25,1
sglang,long_output,377,54.27,23.13,1465.49,62,42.31,1
sglang,long_output,378,52.25,23.19,1466.59,62,42.27,1
sglang,long_output,379,78.90,25.13,606.74,22,36.26,1
sglang,long_output,380,44.55,23.06,1474.49,63,42.73,1
sglang,long_output,381,72.66,23.92,598.92,23,38.40,1
sglang,long_output,382,66.38,24.36,602.19,23,38.19,1
sglang,long_output,383,75.15,24.40,611.95,23,37.59,1
sglang,long_output,384,66.39,23.43,605.18,24,39.66,1
sglang,long_output,385,63.80,23.57,605.92,24,39.61,1
sglang,long_output,386,76.64,22.79,1489.46,63,42.30,1
sglang,long_output,387,61.66,23.20,1499.88,63,42.00,1
sglang,long_output,388,90.03,22.35,1498.00,64,42.72,1
sglang,long_output,389,89.27,22.39,1499.80,64,42.67,1
sglang,long_output,390,64.63,22.72,1496.21,64,42.77,1
sglang,long_output,391,82.62,22.18,1502.15,65,43.27,1
sglang,long_output,392,66.21,22.24,1489.37,65,43.64,1
sglang,long_output,393,88.76,23.12,620.63,24,38.67,1
sglang,long_output,394,73.86,22.39,1506.68,65,43.14,1
sglang,long_output,395,59.93,23.65,627.45,25,39.84,1
sglang,long_output,396,70.16,22.89,619.53,25,40.35,1
sglang,long_output,397,69.31,22.96,620.38,25,40.30,1
sglang,long_output,398,64.49,22.30,1513.99,66,43.59,1
sglang,long_output,399,57.79,24.35,666.47,26,39.01,1
sglang,long_output,400,59.62,24.41,669.99,26,38.81,1
sglang,long_output,401,54.16,24.47,665.93,26,39.04,1
sglang,long_output,402,42.71,24.15,670.64,27,40.26,1
sglang,long_output,403,40.86,24.30,672.57,27,40.14,1
sglang,long_output,404,73.35,23.10,1574.57,66,41.92,1
sglang,long_output,405,65.58,23.21,1574.00,66,41.93,1
sglang,long_output,406,64.81,24.59,704.02,27,38.35,1
sglang,long_output,407,60.48,22.74,1561.11,67,42.92,1
sglang,long_output,408,51.88,22.73,1552.21,67,43.16,1
sglang,long_output,409,76.47,23.10,700.09,28,39.99,1
sglang,long_output,410,74.34,23.31,703.74,28,39.79,1
sglang,long_output,411,71.70,23.47,705.47,28,39.69,1
sglang,long_output,412,53.67,23.03,698.49,29,41.52,1
sglang,long_output,413,58.38,23.28,710.16,29,40.84,1
sglang,long_output,414,61.71,23.39,716.67,29,40.46,1
sglang,long_output,415,35.82,25.02,761.44,30,39.40,1
sglang,long_output,416,72.66,24.43,781.22,30,38.40,1
sglang,long_output,417,72.76,24.56,784.95,30,38.22,1
sglang,long_output,418,70.41,24.17,795.40,31,38.97,1
sglang,long_output,419,91.71,23.38,793.24,31,39.08,1
sglang,long_output,420,89.32,23.42,791.96,31,39.14,1
sglang,long_output,421,80.77,22.96,792.50,32,40.38,1
sglang,long_output,422,73.29,23.12,789.96,32,40.51,1
sglang,long_output,423,74.34,23.20,793.46,32,40.33,1
sglang,long_output,424,58.33,22.68,784.10,33,42.09,1
sglang,long_output,425,59.95,22.86,791.62,33,41.69,1
sglang,long_output,426,70.62,23.17,811.91,33,40.65,1
sglang,long_output,427,48.94,24.01,841.21,34,40.42,1
sglang,long_output,428,45.16,24.16,842.38,34,40.36,1
sglang,long_output,429,54.75,24.40,859.96,34,39.54,1
sglang,long_output,430,41.15,23.93,854.85,35,40.94,1
sglang,long_output,431,57.63,23.58,859.44,35,40.72,1
sglang,long_output,432,54.41,23.63,857.83,35,40.80,1
sglang,long_output,433,57.17,22.70,851.73,36,42.27,1
sglang,long_output,434,71.49,22.85,871.17,36,41.32,1
sglang,long_output,435,54.09,22.85,853.96,36,42.16,1
sglang,long_output,436,37.79,22.33,841.78,37,43.95,1
sglang,long_output,437,43.14,22.56,855.25,37,43.26,1
sglang,long_output,438,50.25,22.73,868.70,37,42.59,1
sglang,long_output,439,36.47,22.38,864.56,38,43.95,1
sglang,long_output,440,75.02,22.93,923.45,38,41.15,1
sglang,long_output,441,83.17,22.99,933.72,38,40.70,1
sglang,long_output,442,60.61,22.70,923.20,39,42.24,1
sglang,long_output,443,57.42,22.86,926.01,39,42.12,1
sglang,long_output,444,72.03,22.96,944.47,39,41.29,1
sglang,long_output,445,61.27,22.36,933.40,40,42.85,1
sglang,long_output,446,63.73,22.40,937.38,40,42.67,1
sglang,long_output,447,54.35,22.44,929.69,40,43.02,1
sglang,long_output,448,48.47,22.30,940.28,41,43.60,1
sglang,long_output,449,50.71,22.36,944.97,41,43.39,1
sglang,long_output,450,65.68,22.79,977.22,41,41.96,1
sglang,long_output,451,70.83,22.06,975.36,42,43.06,1
sglang,long_output,452,61.04,22.62,988.55,42,42.49,1
sglang,long_output,453,77.63,22.19,987.39,42,42.54,1
sglang,long_output,454,62.29,21.80,978.07,43,43.96,1
sglang,long_output,455,61.98,21.92,982.81,43,43.75,1
sglang,long_output,456,68.20,22.00,992.12,43,43.34,1
sglang,long_output,457,62.35,21.56,989.26,44,44.48,1
sglang,long_output,458,54.25,21.87,994.46,44,44.25,1
sglang,long_output,459,54.02,21.74,988.79,44,44.50,1
sglang,long_output,460,43.92,22.64,1040.23,45,43.26,1
sglang,long_output,461,50.08,22.65,1046.49,45,43.00,1
sglang,long_output,462,47.37,22.85,1052.71,45,42.75,1
sglang,long_output,463,85.74,22.20,1084.85,46,42.40,1
sglang,long_output,464,76.90,22.42,1085.68,46,42.37,1
sglang,long_output,465,78.29,22.52,1091.61,46,42.14,1
sglang,long_output,466,66.38,22.00,1078.36,47,43.58,1
sglang,long_output,467,61.05,22.15,1079.87,47,43.52,1
sglang,long_output,468,61.37,21.96,1071.59,47,43.86,1
sglang,long_output,469,61.98,21.21,1058.92,48,45.33,1
sglang,long_output,470,85.09,20.84,1064.38,48,45.10,1
sglang,long_output,471,55.33,21.79,1079.61,48,44.46,1
sglang,long_output,472,72.53,20.69,1065.44,49,45.99,1
sglang,long_output,473,78.27,20.76,1074.62,49,45.60,1
sglang,long_output,474,79.07,20.82,1078.35,49,45.44,1
sglang,long_output,475,52.93,20.48,1056.54,50,47.32,1
sglang,long_output,476,70.82,20.52,1076.08,50,46.46,1
sglang,long_output,477,60.30,20.61,1070.33,50,46.71,1
sglang,long_output,478,51.35,21.24,1113.33,51,45.81,1
sglang,long_output,479,62.38,22.25,240.35,9,37.45,1
sglang,long_output,480,65.92,22.77,248.11,9,36.27,1
sglang,long_output,481,57.45,22.96,241.16,9,37.32,1
sglang,long_output,482,50.13,22.12,249.21,10,40.13,1
sglang,long_output,483,48.43,21.98,1147.39,51,44.45,1
sglang,long_output,484,58.34,26.15,293.68,10,34.05,1
sglang,long_output,485,65.08,21.90,1160.05,51,43.96,1
sglang,long_output,486,76.56,23.73,290.11,10,34.47,1
sglang,long_output,487,59.78,21.57,1159.89,52,44.83,1
sglang,long_output,488,55.61,22.22,277.78,11,39.60,1
sglang,long_output,489,69.87,22.24,292.26,11,37.64,1
sglang,long_output,490,68.47,21.32,1155.80,52,44.99,1
sglang,long_output,491,71.32,21.34,1159.74,52,44.84,1
sglang,long_output,492,55.60,21.07,1151.23,53,46.04,1
sglang,long_output,493,58.85,21.18,1160.04,53,45.69,1
sglang,long_output,494,49.40,22.17,293.24,12,40.92,1
sglang,long_output,495,69.81,24.42,313.97,11,35.04,1
sglang,long_output,496,44.35,22.14,287.93,12,41.68,1
sglang,long_output,497,51.72,22.48,298.98,12,40.14,1
sglang,long_output,498,66.23,21.28,1172.76,53,45.19,1
sglang,long_output,499,53.00,20.86,1158.43,54,46.61,1
sglang,long_output,500,53.03,21.10,1171.19,54,46.11,1
sglang,long_output,501,38.57,22.21,305.05,13,42.62,1
sglang,long_output,502,48.42,21.04,1163.50,54,46.41,1
sglang,long_output,503,43.84,22.31,311.61,13,41.72,1
sglang,long_output,504,43.17,22.01,1231.52,55,44.66,1
sglang,long_output,505,66.45,24.94,365.77,13,35.54,1
sglang,long_output,506,47.88,23.64,355.24,14,39.41,1
sglang,long_output,507,54.71,23.70,362.85,14,38.58,1
sglang,long_output,508,52.56,23.82,362.26,14,38.65,1
sglang,long_output,509,68.81,21.85,1248.66,55,44.05,1
sglang,long_output,510,74.24,21.85,1254.04,55,43.86,1
sglang,long_output,511,35.68,23.34,362.49,15,41.38,1
sglang,long_output,512,52.85,22.42,1286.10,56,43.54,1
sglang,long_output,513,63.18,22.55,1303.70,56,42.95,1
sglang,long_output,514,53.53,25.32,408.02,15,36.76,1
sglang,long_output,515,65.80,22.37,1296.07,56,43.21,1
sglang,long_output,516,74.11,21.79,1294.48,57,44.03,1
sglang,long_output,517,69.01,21.96,1298.67,57,43.89,1
sglang,long_output,518,65.29,22.38,1318.70,57,43.22,1
sglang,long_output,519,52.21,22.56,1338.31,58,43.34,1
sglang,long_output,520,62.10,22.61,1350.79,58,42.94,1
sglang,long_output,521,69.23,22.64,1359.86,58,42.65,1
sglang,long_output,522,52.17,22.38,1350.30,59,43.69,1
sglang,long_output,523,45.94,22.31,1340.06,59,44.03,1
sglang,long_output,524,59.40,27.61,445.89,15,33.64,1
sglang,long_output,525,98.33,23.96,457.71,16,34.96,1
sglang,long_output,526,58.82,27.09,465.13,16,34.40,1
sglang,long_output,527,56.14,27.25,464.93,16,34.41,1
sglang,long_output,528,95.41,26.37,517.38,17,32.86,1
sglang,long_output,529,64.16,28.19,515.22,17,33.00,1
sglang,long_output,530,69.87,28.28,522.36,17,32.54,1
sglang,long_output,531,75.85,25.49,509.19,18,35.35,1
sglang,long_output,532,84.99,25.92,525.59,18,34.25,1
sglang,long_output,533,83.09,25.66,519.30,18,34.66,1
sglang,long_output,534,71.10,25.06,522.23,19,36.38,1
sglang,long_output,535,75.79,25.01,525.95,19,36.12,1
sglang,long_output,536,70.54,24.38,533.75,20,37.47,1
sglang,long_output,537,74.79,24.50,540.22,20,37.02,1
sglang,long_output,538,65.00,24.45,529.64,20,37.76,1
sglang,long_output,539,75.00,26.20,546.61,19,34.76,1
sglang,long_output,540,55.28,23.56,526.38,21,39.89,1
sglang,long_output,541,59.37,24.00,539.31,21,38.94,1
sglang,long_output,542,55.02,24.04,535.74,21,39.20,1
sglang,long_output,543,49.90,26.77,612.02,22,35.95,1
sglang,long_output,544,65.19,24.10,1463.12,59,40.32,1
sglang,long_output,545,60.89,23.79,1464.27,60,40.98,1
sglang,long_output,546,66.21,23.47,1450.93,60,41.35,1
sglang,long_output,547,68.93,23.60,1461.30,60,41.06,1
sglang,long_output,548,67.12,23.01,1447.49,61,42.14,1
sglang,long_output,549,61.29,23.30,1459.02,61,41.81,1
sglang,long_output,550,65.46,23.10,1451.30,61,42.03,1
sglang,long_output,551,44.60,22.94,1443.95,62,42.94,1
sglang,long_output,552,42.03,22.97,1443.11,62,42.96,1
sglang,long_output,553,47.45,23.26,1466.36,62,42.28,1
sglang,long_output,554,47.87,28.62,648.88,22,33.90,1
sglang,long_output,555,55.90,27.75,638.58,22,34.45,1
sglang,long_output,556,47.64,26.37,627.70,23,36.64,1
sglang,long_output,557,45.67,26.61,631.03,23,36.45,1
sglang,long_output,558,47.44,26.48,629.98,23,36.51,1
sglang,long_output,559,41.17,27.63,676.55,24,35.47,1
sglang,long_output,560,29.21,27.79,668.44,24,35.90,1
sglang,long_output,561,40.68,27.77,679.34,24,35.33,1
sglang,long_output,562,66.66,24.04,1556.98,63,40.46,1
sglang,long_output,563,75.07,23.74,1546.77,63,40.73,1
sglang,long_output,564,75.54,23.78,1549.94,63,40.65,1
sglang,long_output,565,72.52,23.96,1581.97,64,40.46,1
sglang,long_output,566,61.48,24.35,1595.50,64,40.11,1
sglang,long_output,567,68.57,24.37,1603.87,64,39.90,1
sglang,long_output,568,54.99,23.87,1582.69,65,41.07,1
sglang,long_output,569,54.18,23.87,1581.72,65,41.09,1
sglang,long_output,570,54.44,24.15,1600.09,65,40.62,1
sglang,long_output,571,49.01,28.50,733.04,25,34.10,1
sglang,long_output,572,49.04,23.73,1591.61,66,41.47,1
sglang,long_output,573,55.89,29.21,756.90,25,33.03,1
sglang,long_output,574,50.37,27.65,714.03,25,35.01,1
sglang,long_output,575,53.73,25.78,698.29,26,37.23,1
sglang,long_output,576,36.09,25.76,680.14,26,38.23,1
sglang,long_output,577,44.82,26.01,694.98,26,37.41,1
sglang,long_output,578,33.81,25.73,702.67,27,38.42,1
sglang,long_output,579,70.78,24.32,1651.64,66,39.96,1
sglang,long_output,580,73.51,24.44,1661.90,66,39.71,1
sglang,long_output,581,62.96,24.21,1660.62,67,40.35,1
sglang,long_output,582,65.06,26.26,747.85,27,36.10,1
sglang,long_output,583,81.43,25.47,743.78,27,36.30,1
sglang,long_output,584,79.51,25.23,760.78,28,36.80,1
sglang,long_output,585,73.74,25.29,756.66,28,37.00,1
sglang,long_output,586,69.75,25.53,759.03,28,36.89,1
sglang,long_output,587,38.66,26.35,776.37,29,37.35,1
sglang,long_output,588,42.59,26.53,785.41,29,36.92,1
sglang,long_output,589,61.14,26.62,806.43,29,35.96,1
sglang,long_output,590,37.20,26.22,797.55,30,37.62,1
sglang,long_output,591,69.88,24.77,1704.91,67,39.30,1
sglang,long_output,592,71.48,26.57,841.91,30,35.63,1
sglang,long_output,593,88.17,26.00,842.19,30,35.62,1
sglang,long_output,594,110.28,24.74,852.50,31,36.36,1
sglang,long_output,595,86.69,25.89,863.45,31,35.90,1
sglang,long_output,596,102.74,25.03,853.69,31,36.31,1
sglang,long_output,597,88.57,24.53,849.00,32,37.69,1
sglang,long_output,598,99.57,24.59,861.72,32,37.13,1
sglang,long_output,599,93.31,24.54,854.17,32,37.46,1
sglang,long_output,600,80.84,24.11,852.28,33,38.72,1
sglang,long_output,601,71.84,24.23,847.17,33,38.95,1
sglang,long_output,602,71.53,24.52,856.04,33,38.55,1
sglang,long_output,603,69.44,25.37,906.51,34,37.51,1
sglang,long_output,604,68.02,25.56,911.34,34,37.31,1
sglang,long_output,605,61.49,25.67,908.60,34,37.42,1
sglang,long_output,606,53.56,25.39,916.76,35,38.18,1
sglang,long_output,607,64.14,25.03,915.12,35,38.25,1
sglang,long_output,608,58.47,25.30,918.50,35,38.11,1
sglang,long_output,609,75.03,24.22,922.68,36,39.02,1
sglang,long_output,610,67.11,24.28,916.79,36,39.27,1
sglang,long_output,611,72.57,24.37,925.43,36,38.90,1
sglang,long_output,612,58.42,23.92,919.54,37,40.24,1
sglang,long_output,613,62.09,24.10,929.81,37,39.79,1
sglang,long_output,614,61.23,24.10,928.78,37,39.84,1
sglang,long_output,615,46.80,23.65,921.69,38,41.23,1
sglang,long_output,616,43.09,23.71,920.53,38,41.28,1
sglang,long_output,617,46.28,23.89,930.05,38,40.86,1
sglang,long_output,618,37.22,23.62,934.73,39,41.72,1
sglang,long_output,619,58.47,24.39,985.34,39,39.58,1
sglang,long_output,620,50.04,23.93,959.57,39,40.64,1
sglang,long_output,621,33.03,23.35,943.86,40,42.38,1
sglang,long_output,622,31.00,23.53,948.72,40,42.16,1
sglang,long_output,623,76.48,23.11,977.95,40,40.90,1
sglang,long_output,624,53.21,23.55,995.22,41,41.20,1
sglang,long_output,625,42.05,23.03,963.19,41,42.57,1
sglang,long_output,626,72.11,23.18,999.29,41,41.03,1
sglang,long_output,627,37.45,22.58,963.30,42,43.60,1
sglang,long_output,628,32.46,22.79,966.98,42,43.43,1
sglang,long_output,629,103.34,22.96,1044.88,42,40.20,1
sglang,long_output,630,90.37,22.71,1044.08,43,41.18,1
sglang,long_output,631,84.07,22.81,1041.91,43,41.27,1
sglang,long_output,632,91.74,22.98,1056.82,43,40.69,1
sglang,long_output,633,80.73,22.55,1050.48,44,41.89,1
sglang,long_output,634,77.04,22.73,1054.28,44,41.73,1
sglang,long_output,635,84.12,22.72,1061.12,44,41.47,1
sglang,long_output,636,65.87,22.45,1053.65,45,42.71,1
sglang,long_output,637,66.18,22.18,1042.18,45,43.18,1
sglang,long_output,638,60.64,22.66,1057.85,45,42.54,1
sglang,long_output,639,51.21,23.15,1093.15,46,42.08,1
sglang,long_output,640,60.54,23.29,1108.49,46,41.50,1
sglang,long_output,641,57.23,23.60,1119.38,46,41.09,1
sglang,long_output,642,43.59,22.90,1096.90,47,42.85,1
sglang,long_output,643,65.15,22.94,1120.61,47,41.94,1
sglang,long_output,644,57.03,23.02,1116.16,47,42.11,1
sglang,long_output,645,68.28,22.27,1114.89,48,43.05,1
sglang,long_output,646,57.28,22.37,1108.65,48,43.30,1
sglang,long_output,647,57.95,22.43,1112.11,48,43.16,1
sglang,long_output,648,40.84,21.94,1094.10,49,44.79,1
sglang,long_output,649,44.27,22.11,1105.58,49,44.32,1
sglang,long_output,650,33.45,22.18,1097.95,49,44.63,1
sglang,long_output,651,58.03,23.30,244.44,9,36.82,1
sglang,long_output,652,46.80,23.06,231.29,9,38.91,1
sglang,long_output,653,49.04,23.10,233.87,9,38.48,1
sglang,long_output,654,62.62,22.36,1158.15,50,43.17,1
sglang,long_output,655,73.82,21.97,1150.51,50,43.46,1
sglang,long_output,656,77.36,22.09,1159.70,50,43.11,1
sglang,long_output,657,35.95,21.66,1119.17,51,45.57,1
sglang,long_output,658,59.21,21.75,1146.68,51,44.48,1
sglang,long_output,659,54.70,22.11,253.70,10,39.42,1
sglang,long_output,660,67.43,20.05,247.88,10,40.34,1
sglang,long_output,661,58.28,22.60,261.69,10,38.21,1
sglang,long_output,662,65.30,21.82,1156.41,51,44.10,1
sglang,long_output,663,60.49,19.57,256.23,11,42.93,1
sglang,long_output,664,66.17,19.31,259.24,11,42.43,1
sglang,long_output,665,58.96,19.50,253.97,11,43.31,1
sglang,long_output,666,69.52,21.14,1147.67,52,45.31,1
sglang,long_output,667,47.60,18.19,247.74,12,48.44,1
sglang,long_output,668,63.21,21.70,1169.71,52,44.46,1
sglang,long_output,669,51.48,18.81,258.38,12,46.44,1
sglang,long_output,670,74.40,21.17,1154.08,52,45.06,1
sglang,long_output,671,64.61,20.95,1154.04,53,45.93,1
sglang,long_output,672,61.22,21.29,1168.28,53,45.37,1
sglang,long_output,673,51.83,21.30,1159.36,53,45.71,1
sglang,long_output,674,49.70,21.77,1203.42,54,44.87,1
sglang,long_output,675,50.78,22.07,1220.49,54,44.24,1
sglang,long_output,676,50.43,21.87,1209.43,54,44.65,1
sglang,long_output,677,40.49,21.69,1212.01,55,45.38,1
sglang,long_output,678,56.54,21.82,296.56,12,40.46,1
sglang,long_output,679,53.69,21.43,1211.13,55,45.41,1
sglang,long_output,680,63.00,21.58,1228.24,55,44.78,1
sglang,long_output,681,55.36,21.47,312.96,13,41.54,1
sglang,long_output,682,60.48,21.75,321.53,13,40.43,1
sglang,long_output,683,63.51,21.71,324.03,13,40.12,1
sglang,long_output,684,52.09,21.09,326.30,14,42.91,1
sglang,long_output,685,49.28,21.36,1224.25,56,45.74,1
sglang,long_output,686,46.97,21.37,324.73,14,43.11,1
sglang,long_output,687,45.03,21.48,324.21,14,43.18,1
sglang,long_output,688,59.89,21.51,1242.93,56,45.05,1
sglang,long_output,689,41.43,21.55,343.18,15,43.71,1
sglang,long_output,690,66.69,21.90,1270.98,56,44.06,1
sglang,long_output,691,69.23,21.23,1258.28,57,45.30,1
sglang,long_output,692,65.96,21.31,1259.05,57,45.27,1
sglang,long_output,693,57.61,21.83,1280.07,57,44.53,1
sglang,long_output,694,63.87,21.12,1267.62,58,45.76,1
sglang,long_output,695,73.13,20.80,1258.57,58,46.08,1
sglang,long_output,696,67.19,20.98,1263.22,58,45.91,1
sglang,long_output,697,57.40,20.76,1261.22,59,46.78,1
sglang,long_output,698,64.30,20.81,1271.36,59,46.41,1
sglang,long_output,699,61.32,22.98,383.02,15,39.16,1
sglang,long_output,700,52.55,20.94,1266.99,59,46.57,1
sglang,long_output,701,62.01,23.40,389.56,15,38.51,1
sglang,long_output,702,48.55,21.60,1322.95,60,45.35,1
sglang,long_output,703,73.29,24.01,433.43,16,36.92,1
sglang,long_output,704,70.87,24.50,438.43,16,36.49,1
sglang,long_output,705,58.72,25.96,448.09,16,35.71,1
sglang,long_output,706,66.36,23.39,440.65,17,38.58,1
sglang,long_output,707,65.51,23.64,443.71,17,38.31,1
sglang,long_output,708,70.73,22.33,450.38,18,39.97,1
sglang,long_output,709,70.22,24.05,455.02,17,37.36,1
sglang,long_output,710,64.80,22.74,451.32,18,39.88,1
sglang,long_output,711,58.61,22.90,447.85,18,40.19,1
sglang,long_output,712,50.06,21.72,441.01,19,43.08,1
sglang,long_output,713,41.50,22.27,442.36,19,42.95,1
sglang,long_output,714,59.81,22.23,460.03,19,41.30,1
sglang,long_output,715,40.86,21.51,449.54,20,44.49,1
sglang,long_output,716,60.08,21.91,1352.69,60,44.36,1
sglang,long_output,717,70.63,21.73,1352.53,60,44.36,1
sglang,long_output,718,59.45,21.49,1348.64,61,45.23,1
sglang,long_output,719,54.20,21.57,1348.25,61,45.24,1
sglang,long_output,720,67.58,21.57,1361.57,61,44.80,1
sglang,long_output,721,64.76,23.27,506.89,20,39.46,1
sglang,long_output,722,59.33,23.44,504.73,20,39.62,1
sglang,long_output,723,47.42,22.50,497.35,21,42.22,1
sglang,long_output,724,58.91,22.80,515.00,21,40.78,1
sglang,long_output,725,51.64,22.59,503.39,21,41.72,1
sglang,long_output,726,56.44,22.80,535.27,22,41.10,1
sglang,long_output,727,56.44,22.98,539.07,22,40.81,1
sglang,long_output,728,64.24,23.07,548.67,22,40.10,1
sglang,long_output,729,52.05,22.34,543.63,23,42.31,1
sglang,long_output,730,60.09,21.44,531.82,23,43.25,1
sglang,long_output,731,62.77,21.91,1399.24,62,44.31,1
sglang,long_output,732,52.02,22.55,548.08,23,41.96,1
sglang,long_output,733,66.13,21.61,1384.46,62,44.78,1
sglang,long_output,734,61.93,21.65,1382.60,62,44.84,1
sglang,long_output,735,57.23,21.40,1383.96,63,45.52,1
sglang,long_output,736,53.47,21.35,1376.89,63,45.76,1
sglang,long_output,737,56.74,21.28,546.11,24,43.95,1
sglang,long_output,738,55.97,21.32,546.33,24,43.93,1
sglang,long_output,739,54.44,21.38,546.15,24,43.94,1
sglang,long_output,740,63.83,21.51,1397.58,63,45.08,1
sglang,long_output,741,48.70,20.87,549.54,25,45.49,1
sglang,long_output,742,34.11,20.83,534.06,25,46.81,1
sglang,long_output,743,58.55,22.16,590.43,25,42.34,1
sglang,long_output,744,73.58,20.75,592.24,26,43.90,1
sglang,long_output,745,64.49,21.77,1436.31,64,44.56,1
sglang,long_output,746,72.78,21.41,1421.89,64,45.01,1
sglang,long_output,747,77.93,21.46,1429.76,64,44.76,1
sglang,long_output,748,77.63,21.14,606.24,26,42.89,1
sglang,long_output,749,60.25,20.55,594.46,27,45.42,1
sglang,long_output,750,64.39,21.60,604.31,26,43.02,1
sglang,long_output,751,59.89,20.82,601.17,27,44.91,1
sglang,long_output,752,61.19,21.36,1428.35,65,45.51,1
sglang,long_output,753,57.82,21.37,1425.40,65,45.60,1
sglang,long_output,754,56.06,20.82,597.25,27,45.21,1
sglang,long_output,755,65.93,21.47,1440.11,65,45.14,1
sglang,long_output,756,57.85,21.09,1428.46,66,46.20,1
sglang,long_output,757,54.21,21.27,1436.98,66,45.93,1
sglang,long_output,758,46.87,20.62,603.52,28,46.39,1
sglang,long_output,759,40.21,20.70,599.08,28,46.74,1
sglang,long_output,760,48.86,20.81,610.62,28,45.86,1
sglang,long_output,761,50.68,21.23,1430.53,66,46.14,1
sglang,long_output,762,48.85,21.10,1441.21,67,46.49,1
sglang,long_output,763,37.04,20.78,618.88,29,46.86,1
sglang,long_output,764,37.66,20.80,620.10,29,46.77,1
sglang,long_output,765,65.10,21.92,1511.70,67,44.32,1
sglang,long_output,766,84.40,22.16,704.94,29,41.14,1
sglang,long_output,767,83.84,22.05,723.35,30,41.47,1
sglang,long_output,768,85.15,22.25,730.47,30,41.07,1
sglang,long_output,769,83.60,22.36,731.94,30,40.99,1
sglang,long_output,770,60.43,24.21,786.60,31,39.41,1
sglang,long_output,771,89.64,23.66,799.53,31,38.77,1
sglang,long_output,772,95.79,23.72,807.43,31,38.39,1
sglang,long_output,773,73.86,23.33,797.07,32,40.15,1
sglang,long_output,774,71.99,23.35,795.78,32,40.21,1
sglang,long_output,775,72.05,23.42,798.20,32,40.09,1
sglang,long_output,776,58.94,22.74,786.53,33,41.96,1
sglang,long_output,777,66.09,22.86,797.61,33,41.37,1
sglang,long_output,778,62.58,22.98,797.98,33,41.35,1
sglang,long_output,779,53.14,22.61,799.29,34,42.54,1
sglang,long_output,780,49.70,23.77,834.10,34,40.76,1
sglang,long_output,781,50.35,24.17,848.01,34,40.09,1
sglang,long_output,782,79.52,22.98,860.71,35,40.66,1
sglang,long_output,783,74.57,23.03,857.46,35,40.82,1
sglang,long_output,784,74.04,23.08,858.69,35,40.76,1
sglang,long_output,785,65.72,22.77,862.74,36,41.73,1
sglang,long_output,786,68.83,22.87,869.30,36,41.41,1
sglang,long_output,787,60.69,23.04,867.13,36,41.52,1
sglang,long_output,788,55.53,24.04,920.91,37,40.18,1
sglang,long_output,789,38.36,23.64,889.27,37,41.61,1
sglang,long_output,790,52.09,23.86,910.95,37,40.62,1
sglang,long_output,791,47.56,23.55,918.90,38,41.35,1
sglang,long_output,792,48.36,23.78,928.37,38,40.93,1
sglang,long_output,793,81.41,22.85,926.99,38,40.99,1
sglang,long_output,794,79.16,22.77,944.40,39,41.30,1
sglang,long_output,795,100.09,22.27,946.18,39,41.22,1
sglang,long_output,796,81.10,22.95,953.22,39,40.91,1
sglang,long_output,797,99.74,23.14,1002.32,40,39.91,1
sglang,long_output,798,73.70,23.80,1001.84,40,39.93,1
sglang,long_output,799,87.95,23.51,1004.94,40,39.80,1
sglang,long_output,800,84.58,22.97,1003.27,41,40.87,1
sglang,long_output,801,87.56,23.19,1015.09,41,40.39,1
sglang,long_output,802,83.67,23.24,1013.29,41,40.46,1
sglang,long_output,803,81.66,22.72,1013.02,42,41.46,1
sglang,long_output,804,78.27,22.84,1014.69,42,41.39,1
sglang,long_output,805,76.37,22.89,1014.80,42,41.39,1
sglang,long_output,806,75.65,22.48,1019.62,43,42.17,1
sglang,long_output,807,58.54,23.42,1042.09,43,41.26,1
sglang,long_output,808,81.54,22.85,1041.24,43,41.30,1
sglang,long_output,809,81.21,22.52,1049.38,44,41.93,1
sglang,long_output,810,77.61,22.66,1052.07,44,41.82,1
sglang,long_output,811,74.97,22.75,1053.30,44,41.77,1
sglang,long_output,812,71.00,22.42,1057.57,45,42.55,1
sglang,long_output,813,74.41,22.50,1064.39,45,42.28,1
sglang,long_output,814,89.72,22.01,1058.03,45,42.53,1
sglang,long_output,815,89.52,22.85,1117.63,46,41.16,1
sglang,long_output,816,57.54,23.56,1117.81,46,41.15,1
sglang,long_output,817,89.39,22.95,1122.20,46,40.99,1
sglang,long_output,818,94.06,22.22,1116.01,47,42.11,1
sglang,long_output,819,78.75,22.82,1128.40,47,41.65,1
sglang,long_output,820,83.35,22.82,1133.04,47,41.48,1
sglang,long_output,821,65.73,22.42,1119.48,48,42.88,1
sglang,long_output,822,69.94,22.45,1124.97,48,42.67,1
sglang,long_output,823,94.29,22.09,1132.46,48,42.39,1
sglang,long_output,824,63.20,22.17,1127.31,49,43.47,1
sglang,long_output,825,70.14,21.79,1115.84,49,43.91,1
sglang,long_output,826,85.48,21.82,1132.76,49,43.26,1
sglang,long_output,827,63.43,21.72,1127.65,50,44.34,1
sglang,long_output,828,68.06,21.79,1135.68,50,44.03,1
sglang,long_output,829,55.18,22.31,1148.18,50,43.55,1
sglang,long_output,830,53.47,21.28,1117.26,51,45.65,1
sglang,long_output,831,57.85,21.84,1149.79,51,44.36,1
sglang,long_output,832,60.38,21.41,1131.05,51,45.09,1
sglang,long_output,833,103.31,16.20,232.93,9,38.64,1
sglang,long_output,834,51.16,21.27,1135.89,52,45.78,1
sglang,long_output,835,73.51,20.41,236.78,9,38.01,1
sglang,long_output,836,87.08,17.40,226.26,9,39.78,1
sglang,long_output,837,86.74,16.15,232.13,10,43.08,1
sglang,long_output,838,84.56,17.16,238.99,10,41.84,1
sglang,long_output,839,79.85,17.40,236.49,10,42.28,1
sglang,long_output,840,67.98,21.07,278.70,11,39.47,1
sglang,long_output,841,74.63,21.34,288.03,11,38.19,1
sglang,long_output,842,79.90,21.49,294.76,11,37.32,1
sglang,long_output,843,60.00,20.39,284.25,12,42.22,1
sglang,long_output,844,66.69,20.49,292.08,12,41.08,1
sglang,long_output,845,49.72,20.86,279.19,12,42.98,1
sglang,long_output,846,46.98,19.63,282.54,13,46.01,1
sglang,long_output,847,59.30,21.73,1167.77,52,44.53,1
sglang,long_output,848,82.87,21.27,1167.50,52,44.54,1
sglang,long_output,849,68.82,20.95,1158.08,53,45.77,1
sglang,long_output,850,68.22,21.00,1160.35,53,45.68,1
sglang,long_output,851,80.03,20.98,1170.87,53,45.27,1
sglang,long_output,852,73.95,20.83,1177.97,54,45.84,1
sglang,long_output,853,62.11,21.03,1176.49,54,45.90,1
sglang,long_output,854,62.88,21.05,1178.77,54,45.81,1
sglang,long_output,855,52.46,21.51,1214.12,55,45.30,1
sglang,long_output,856,61.50,21.66,1231.08,55,44.68,1
sglang,long_output,857,65.47,23.62,348.92,13,37.26,1
sglang,long_output,858,75.49,21.66,335.45,13,38.75,1
sglang,long_output,859,66.98,20.99,339.85,14,41.19,1
sglang,long_output,860,68.82,21.18,344.11,14,40.68,1
sglang,long_output,861,59.98,21.00,333.00,14,42.04,1
sglang,long_output,862,65.23,21.33,1216.79,55,45.20,1
sglang,long_output,863,51.74,20.49,338.67,15,44.29,1
sglang,long_output,864,57.08,20.11,338.62,15,44.30,1
sglang,long_output,865,53.60,20.57,341.56,15,43.92,1
sglang,long_output,866,54.43,21.38,1230.60,56,45.51,1
sglang,long_output,867,35.99,20.22,339.36,16,47.15,1
sglang,long_output,868,37.46,20.30,342.00,16,46.78,1
sglang,long_output,869,45.83,20.43,352.35,16,45.41,1
sglang,long_output,870,50.32,21.20,1216.36,56,46.04,1
sglang,long_output,871,61.49,21.08,1220.85,56,45.87,1
sglang,long_output,872,43.81,21.77,1262.70,57,45.14,1
sglang,long_output,873,47.24,21.96,1276.79,57,44.64,1
sglang,long_output,874,47.43,22.17,1288.71,57,44.23,1
sglang,long_output,875,38.29,21.80,1280.62,58,45.29,1
sglang,long_output,876,57.89,21.78,1299.27,58,44.64,1
sglang,long_output,877,49.31,21.74,1288.52,58,45.01,1
sglang,long_output,878,68.98,24.07,454.11,17,37.44,1
sglang,long_output,879,75.55,24.29,464.19,17,36.62,1
sglang,long_output,880,97.55,23.27,469.85,17,36.18,1
sglang,long_output,881,76.21,22.47,458.12,18,39.29,1
sglang,long_output,882,89.88,22.45,471.59,18,38.17,1
sglang,long_output,883,88.32,22.75,475.02,18,37.89,1
sglang,long_output,884,65.86,21.85,459.22,19,41.37,1
sglang,long_output,885,72.33,22.28,473.30,19,40.14,1
sglang,long_output,886,57.09,21.40,463.71,20,43.13,1
sglang,long_output,887,59.85,21.52,468.82,20,42.66,1
sglang,long_output,888,62.27,21.68,474.27,20,42.17,1
sglang,long_output,889,65.62,23.10,481.33,19,39.47,1
sglang,long_output,890,39.36,20.77,454.74,21,46.18,1
sglang,long_output,891,43.40,21.39,471.23,21,44.56,1
sglang,long_output,892,40.59,21.61,472.82,21,44.41,1
sglang,long_output,893,61.81,21.22,1292.56,59,45.65,1
sglang,long_output,894,75.47,20.85,1284.79,59,45.92,1
sglang,long_output,895,68.44,20.90,1280.62,59,46.07,1
sglang,long_output,896,45.94,20.56,1259.01,60,47.66,1
sglang,long_output,897,61.42,20.67,1280.96,60,46.84,1
sglang,long_output,898,39.09,20.64,1256.94,60,47.73,1
sglang,long_output,899,38.55,21.66,1338.33,61,45.58,1
sglang,long_output,900,67.11,22.92,548.41,22,40.12,1
sglang,long_output,901,60.27,22.98,542.75,22,40.53,1
sglang,long_output,902,90.85,21.62,1387.77,61,43.96,1
sglang,long_output,903,90.06,21.70,1391.94,61,43.82,1
sglang,long_output,904,95.60,21.03,1378.47,62,44.98,1
sglang,long_output,905,79.04,21.56,1393.95,62,44.48,1
sglang,long_output,906,82.14,21.59,1399.28,62,44.31,1
sglang,long_output,907,71.70,21.28,1391.21,63,45.28,1
sglang,long_output,908,85.65,20.95,1384.37,63,45.51,1
sglang,long_output,909,92.30,20.97,1392.39,63,45.25,1
sglang,long_output,910,58.26,23.12,543.73,22,40.46,1
sglang,long_output,911,63.25,21.87,544.46,23,42.24,1
sglang,long_output,912,56.59,22.78,557.81,23,41.23,1
sglang,long_output,913,82.60,21.04,545.51,23,42.16,1
sglang,long_output,914,77.39,21.05,1403.54,64,45.60,1
sglang,long_output,915,82.86,21.09,1411.68,64,45.34,1
sglang,long_output,916,59.72,24.41,621.17,24,38.64,1
sglang,long_output,917,80.63,23.60,623.39,24,38.50,1
sglang,long_output,918,73.67,23.63,617.05,24,38.90,1
sglang,long_output,919,59.59,23.18,615.87,25,40.59,1
sglang,long_output,920,73.25,23.38,634.28,25,39.41,1
sglang,long_output,921,51.93,22.58,616.32,26,42.19,1
sglang,long_output,922,67.59,23.72,636.89,25,39.25,1
sglang,long_output,923,54.48,22.71,622.20,26,41.79,1
sglang,long_output,924,58.57,22.84,629.69,26,41.29,1
sglang,long_output,925,46.25,22.20,623.49,27,43.30,1
sglang,long_output,926,50.36,22.65,639.37,27,42.23,1
sglang,long_output,927,79.08,23.34,685.80,27,39.37,1
sglang,long_output,928,60.63,22.53,668.91,28,41.86,1
sglang,long_output,929,57.63,22.43,1470.98,64,43.51,1
sglang,long_output,930,72.81,22.61,683.25,28,40.98,1
sglang,long_output,931,75.08,22.84,691.80,28,40.47,1
sglang,long_output,932,58.57,21.96,1463.83,65,44.40,1
sglang,long_output,933,69.96,21.98,1476.68,65,44.02,1
sglang,long_output,934,53.41,22.09,1467.38,65,44.30,1
sglang,long_output,935,49.31,21.77,1464.13,66,45.08,1
sglang,long_output,936,45.80,21.90,1469.05,66,44.93,1
sglang,long_output,937,59.57,21.90,1482.81,66,44.51,1
sglang,long_output,938,42.51,22.53,1529.29,67,43.81,1
sglang,long_output,939,105.63,21.67,1536.02,67,43.62,1
sglang,long_output,940,115.15,23.46,772.08,29,37.56,1
sglang,long_output,941,167.40,21.88,779.92,29,37.18,1
sglang,long_output,942,165.18,21.84,776.80,29,37.33,1
sglang,long_output,943,118.57,22.23,763.22,30,39.31,1
sglang,long_output,944,95.40,23.32,771.60,30,38.88,1
sglang,long_output,945,136.33,22.39,785.53,30,38.19,1
sglang,long_output,946,110.27,22.01,770.45,31,40.24,1
sglang,long_output,947,106.70,22.14,770.86,31,40.22,1
sglang,long_output,948,141.04,21.38,782.30,31,39.63,1
sglang,long_output,949,89.19,21.67,760.90,32,42.06,1
sglang,long_output,950,123.84,20.86,770.38,32,41.54,1
sglang,long_output,951,94.49,21.76,769.10,32,41.61,1
sglang,long_output,952,108.20,20.89,776.83,33,42.48,1
sglang,long_output,953,111.30,20.73,774.55,33,42.61,1
sglang,long_output,954,105.75,20.86,773.41,33,42.67,1
sglang,long_output,955,77.78,20.50,754.28,34,45.08,1
sglang,long_output,956,88.60,20.46,763.69,34,44.52,1
sglang,long_output,957,93.93,20.50,770.43,34,44.13,1
sglang,long_output,958,70.06,20.26,758.81,35,46.12,1
sglang,long_output,959,76.85,20.31,767.45,35,45.61,1
sglang,long_output,960,66.67,20.40,760.37,35,46.03,1
sglang,long_output,961,66.50,20.07,768.85,36,46.82,1
sglang,long_output,962,70.03,19.95,768.30,36,46.86,1
sglang,long_output,963,66.51,19.27,740.81,36,48.60,1
sglang,long_output,964,44.78,18.89,724.65,37,51.06,1
sglang,long_output,965,45.84,19.04,731.38,37,50.59,1
sglang,long_output,966,66.80,17.84,709.01,37,52.19,1
sglang,long_output,967,68.81,17.03,699.08,38,54.36,1
sglang,long_output,968,84.11,17.11,717.00,38,53.00,1
sglang,long_output,969,76.47,17.17,711.94,38,53.38,1
sglang,long_output,970,86.48,16.38,708.88,39,55.02,1
sglang,long_output,971,68.84,16.96,713.25,39,54.68,1
sglang,long_output,972,84.14,16.46,709.46,39,54.97,1
sglang,long_output,973,61.78,16.30,697.47,40,57.35,1
sglang,long_output,974,82.39,16.25,716.23,40,55.85,1
sglang,long_output,975,77.28,16.27,711.87,40,56.19,1
sglang,long_output,976,62.26,16.01,702.51,41,58.36,1
sglang,long_output,977,58.32,16.09,701.95,41,58.41,1
sglang,long_output,978,59.77,16.21,708.26,41,57.89,1
sglang,long_output,979,57.38,15.91,709.82,42,59.17,1
sglang,long_output,980,96.52,14.84,704.98,42,59.58,1
sglang,long_output,981,113.05,14.36,701.91,42,59.84,1
sglang,long_output,982,90.70,14.71,708.56,43,60.69,1
sglang,long_output,983,97.74,14.26,696.68,43,61.72,1
sglang,long_output,984,93.00,14.31,693.96,43,61.96,1
sglang,long_output,985,90.10,14.10,696.61,44,63.16,1
sglang,long_output,986,90.28,14.14,698.29,44,63.01,1
sglang,long_output,987,85.14,14.16,694.03,44,63.40,1
sglang,long_output,988,76.72,14.16,699.86,45,64.30,1
sglang,long_output,989,79.72,14.02,696.78,45,64.58,1
sglang,long_output,990,63.18,14.09,683.32,45,65.86,1
sglang,long_output,991,59.39,13.07,647.46,46,71.05,1
sglang,long_output,992,76.74,12.57,642.59,46,71.58,1
sglang,long_output,993,86.25,12.32,640.64,46,71.80,1
sglang,long_output,994,72.98,12.21,634.79,47,74.04,1
sglang,long_output,995,82.05,12.21,643.59,47,73.03,1
sglang,long_output,996,72.94,12.54,649.70,47,72.34,1
sglang,long_output,997,62.86,12.21,636.82,48,75.37,1
sglang,long_output,998,71.50,12.17,643.59,48,74.58,1
sglang,long_output,999,53.69,12.19,626.77,48,76.58,1
