model,meta-llama/Meta-Llama-3.1-70B-Instruct
tensor_parallel_size,8
timestamp,2026-06-28T23:02:59.290014+00:00

Build Times
provider,build_time_s
torchinferno,123.5
vllm,543.7
sglang,265.7

few_shot
metric,torchinferno,vllm,sglang,winner
ttft_median_ms,163.41,134.11,148.18,vllm
ttft_p99_ms,2705.43,244.29,640.86,vllm
tpot_median_ms,50.28,43.15,82.33,vllm
tpot_p99_ms,850.76,127.48,380.20,vllm
e2e_median_ms,203.65,166.86,226.50,vllm
e2e_p99_ms,2760.04,302.15,898.40,vllm
throughput_median_tps,5.77,7.94,5.40,vllm
total_output_tokens,1461,1461,1461,
num_requests,1000,1000,1000,
correctness_rate,0.98,0.98,0.98,

self_consistency
metric,torchinferno,vllm,sglang,winner
ttft_median_ms,252.18,195.58,222.42,vllm
ttft_p99_ms,585.86,423.58,70342.12,vllm
tpot_median_ms,0.00,0.00,0.00,
tpot_p99_ms,0.00,0.00,0.00,
e2e_median_ms,268.86,217.97,368.72,vllm
e2e_p99_ms,651.10,477.25,70432.69,vllm
throughput_median_tps,3.72,4.59,2.71,vllm
total_output_tokens,1000,1000,1000,
num_requests,1000,1000,1000,
correctness_rate,1.00,1.00,1.00,
unique_final_answers,1,1,1,

multi_turn
metric,torchinferno,vllm,sglang,winner
ttft_median_ms,319.29,163.73,180.86,vllm
ttft_p99_ms,590.02,323.19,425.29,vllm
tpot_median_ms,58.16,54.38,105.18,vllm
tpot_p99_ms,108.32,179.38,229.65,torchinferno
e2e_median_ms,376.34,208.59,281.49,vllm
e2e_p99_ms,649.56,412.17,522.80,vllm
throughput_median_tps,3.39,6.63,4.59,vllm
total_output_tokens,1469,1450,1448,torchinferno
num_requests,1000,1000,1000,
correctness_rate,0.98,0.98,0.98,sglang
ttft_first_turn_ms,448.76,134.05,286.57,vllm
ttft_last_turn_ms,495.02,160.67,188.47,vllm
ttft_growth_ratio,1.10,1.20,0.66,sglang

tree_of_thought
metric,torchinferno,vllm,sglang,winner
ttft_median_ms,196.20,60.68,89.01,vllm
ttft_p99_ms,651.98,3760.91,673.43,torchinferno
tpot_median_ms,57.86,30.83,46.13,vllm
tpot_p99_ms,94.98,2001.55,642.23,torchinferno
e2e_median_ms,241.23,84.65,149.42,vllm
e2e_p99_ms,692.73,3803.96,725.54,torchinferno
throughput_median_tps,5.77,14.35,9.08,vllm
total_output_tokens,1473,1462,1473,
num_requests,992,992,992,
correctness_rate,0.96,0.97,0.97,

long_output
metric,torchinferno,vllm,sglang,winner
ttft_median_ms,338.39,77.71,74.10,sglang
ttft_p99_ms,1143.90,206.07,256.15,vllm
tpot_median_ms,22.82,15.03,22.73,vllm
tpot_p99_ms,55.91,23.42,27.55,vllm
e2e_median_ms,1164.87,621.83,863.02,vllm
e2e_p99_ms,2325.99,1024.24,1643.25,vllm
throughput_median_tps,31.85,57.88,40.70,vllm
total_output_tokens,36715,36715,36715,
num_requests,1000,1000,1000,
correctness_rate,1.00,1.00,1.00,

Per-Request Raw Data
provider,benchmark,request_idx,ttft_ms,tpot_ms,e2e_latency_ms,output_tokens,throughput_tps,correct
torchinferno,few_shot,0,1406.33,0.00,1867.96,1,0.54,1
torchinferno,few_shot,1,1417.04,0.00,1877.40,1,0.53,1
torchinferno,few_shot,2,1424.42,0.00,1888.57,1,0.53,1
torchinferno,few_shot,3,1428.14,0.00,1888.31,1,0.53,1
torchinferno,few_shot,4,1411.61,0.00,1884.05,1,0.53,1
torchinferno,few_shot,5,1411.95,0.00,1888.35,1,0.53,1
torchinferno,few_shot,6,1418.62,0.00,1894.71,1,0.53,1
torchinferno,few_shot,7,1419.00,0.00,1892.72,1,0.53,1
torchinferno,few_shot,8,1413.30,0.00,1894.24,1,0.53,1
torchinferno,few_shot,9,1417.18,0.00,1898.11,1,0.53,1
torchinferno,few_shot,10,1423.36,0.00,1901.22,1,0.53,1
torchinferno,few_shot,11,1418.99,0.00,1903.79,1,0.53,1
torchinferno,few_shot,12,1409.24,0.00,1902.77,1,0.53,1
torchinferno,few_shot,13,1407.04,0.00,1898.49,1,0.53,1
torchinferno,few_shot,14,1411.38,0.00,1899.37,1,0.53,1
torchinferno,few_shot,15,1425.35,0.00,1913.41,1,0.52,1
torchinferno,few_shot,16,1408.23,836.81,2245.04,2,0.89,1
torchinferno,few_shot,17,1416.39,832.34,2248.73,2,0.89,1
torchinferno,few_shot,18,1403.62,838.61,2242.24,2,0.89,1
torchinferno,few_shot,19,1418.69,834.51,2253.19,2,0.89,1
torchinferno,few_shot,20,1430.19,831.50,2261.69,2,0.88,1
torchinferno,few_shot,21,1416.29,840.24,2256.53,2,0.89,1
torchinferno,few_shot,22,1422.24,838.33,2260.57,2,0.88,1
torchinferno,few_shot,23,1414.07,846.53,2260.60,2,0.88,1
torchinferno,few_shot,24,1415.67,849.44,2265.11,2,0.88,1
torchinferno,few_shot,25,1418.74,845.25,2264.00,2,0.88,1
torchinferno,few_shot,26,1413.06,855.78,2268.84,2,0.88,1
torchinferno,few_shot,27,1419.10,850.76,2269.86,2,0.88,1
torchinferno,few_shot,28,1426.97,849.97,2276.94,2,0.88,1
torchinferno,few_shot,29,1415.96,858.92,2274.88,2,0.88,1
torchinferno,few_shot,30,1427.57,854.97,2282.54,2,0.88,1
torchinferno,few_shot,31,1431.10,854.43,2285.54,2,0.88,1
torchinferno,few_shot,32,2241.38,387.73,2629.12,2,0.76,1
torchinferno,few_shot,33,2700.45,0.00,2716.79,1,0.37,1
torchinferno,few_shot,34,2705.88,0.00,2715.43,1,0.37,1
torchinferno,few_shot,35,2703.18,0.00,2718.57,1,0.37,1
torchinferno,few_shot,36,2705.43,0.00,2721.39,1,0.37,1
torchinferno,few_shot,37,2699.72,0.00,2725.40,1,0.37,1
torchinferno,few_shot,38,2706.66,0.00,2727.40,1,0.37,1
torchinferno,few_shot,39,2701.62,0.00,2725.00,1,0.37,1
torchinferno,few_shot,40,833.30,0.00,867.96,1,1.15,1
torchinferno,few_shot,41,2699.98,0.00,2735.79,1,0.37,1
torchinferno,few_shot,42,2700.43,0.00,2738.90,1,0.37,1
torchinferno,few_shot,43,2706.56,0.00,2737.81,1,0.37,1
torchinferno,few_shot,44,2697.57,41.31,2738.88,2,0.73,1
torchinferno,few_shot,45,2704.40,0.00,2742.69,1,0.36,1
torchinferno,few_shot,46,2700.83,0.00,2745.50,1,0.36,1
torchinferno,few_shot,47,2704.13,37.75,2741.88,2,0.73,1
torchinferno,few_shot,48,2703.53,42.44,2745.97,2,0.73,1
torchinferno,few_shot,49,2699.14,0.00,2748.78,1,0.36,1
torchinferno,few_shot,50,2705.90,0.00,2752.77,1,0.36,1
torchinferno,few_shot,51,2704.89,45.94,2750.83,2,0.73,1
torchinferno,few_shot,52,2704.68,49.48,2754.17,2,0.73,1
torchinferno,few_shot,53,2700.94,55.38,2756.32,2,0.73,1
torchinferno,few_shot,54,2704.99,52.23,2757.22,2,0.73,1
torchinferno,few_shot,55,2707.09,52.95,2760.04,2,0.72,1
torchinferno,few_shot,56,2702.43,59.97,2762.40,2,0.72,1
torchinferno,few_shot,57,2709.39,0.00,2765.95,1,0.36,1
torchinferno,few_shot,58,2699.18,63.79,2762.98,2,0.72,1
torchinferno,few_shot,59,2699.41,64.02,2763.44,2,0.72,1
torchinferno,few_shot,60,2707.05,61.10,2768.15,2,0.72,1
torchinferno,few_shot,61,2706.72,64.07,2770.78,2,0.72,1
torchinferno,few_shot,62,2706.27,67.38,2773.64,2,0.72,1
torchinferno,few_shot,63,2704.24,0.00,2776.56,1,0.36,1
torchinferno,few_shot,64,2702.40,77.05,2779.46,2,0.72,1
torchinferno,few_shot,65,541.97,0.00,555.48,1,1.80,1
torchinferno,few_shot,66,531.44,0.00,554.02,1,1.80,1
torchinferno,few_shot,67,558.30,0.00,576.12,1,1.74,1
torchinferno,few_shot,68,559.47,0.00,588.25,1,1.70,1
torchinferno,few_shot,69,923.80,0.00,948.94,1,1.05,1
torchinferno,few_shot,70,545.35,0.00,577.73,1,1.73,1
torchinferno,few_shot,71,919.76,0.00,954.70,1,1.05,1
torchinferno,few_shot,72,570.42,0.00,591.96,1,1.69,1
torchinferno,few_shot,73,936.23,0.00,959.77,1,1.04,1
torchinferno,few_shot,74,914.41,29.38,943.79,2,2.12,1
torchinferno,few_shot,75,931.30,0.00,956.24,1,1.05,1
torchinferno,few_shot,76,169.66,0.00,209.29,1,4.78,1
torchinferno,few_shot,77,555.82,0.00,587.90,1,1.70,1
torchinferno,few_shot,78,550.26,0.00,584.51,1,1.71,1
torchinferno,few_shot,79,543.16,42.23,585.39,2,3.42,1
torchinferno,few_shot,80,911.40,0.00,956.75,1,1.05,1
torchinferno,few_shot,81,932.68,0.00,976.08,1,1.02,1
torchinferno,few_shot,82,558.23,0.00,595.31,1,1.68,1
torchinferno,few_shot,83,906.31,46.73,953.04,2,2.10,1
torchinferno,few_shot,84,930.42,0.00,971.09,1,1.03,1
torchinferno,few_shot,85,546.30,0.00,599.44,1,1.67,1
torchinferno,few_shot,86,549.57,40.93,590.50,2,3.39,1
torchinferno,few_shot,87,939.94,0.00,992.56,1,1.01,1
torchinferno,few_shot,88,556.77,58.85,615.62,2,3.25,1
torchinferno,few_shot,89,920.09,61.49,981.58,2,2.04,1
torchinferno,few_shot,90,905.18,60.21,965.39,2,2.07,1
torchinferno,few_shot,91,561.09,59.69,620.77,2,3.22,1
torchinferno,few_shot,92,540.99,64.36,605.35,2,3.30,1
torchinferno,few_shot,93,907.27,62.55,969.82,2,2.06,1
torchinferno,few_shot,94,912.09,0.00,978.71,1,1.02,1
torchinferno,few_shot,95,917.36,72.23,989.59,2,2.02,1
torchinferno,few_shot,96,556.52,0.00,635.31,1,1.57,1
torchinferno,few_shot,97,177.69,0.00,187.02,1,5.35,1
torchinferno,few_shot,98,180.10,0.00,200.19,1,5.00,1
torchinferno,few_shot,99,177.08,0.00,198.67,1,5.03,1
torchinferno,few_shot,100,148.71,0.00,161.13,1,6.21,1
torchinferno,few_shot,101,155.08,0.00,175.75,1,5.69,1
torchinferno,few_shot,102,178.49,0.00,199.86,1,5.00,1
torchinferno,few_shot,103,135.40,0.00,156.76,1,6.38,1
torchinferno,few_shot,104,159.93,0.00,183.45,1,5.45,1
torchinferno,few_shot,105,122.24,28.83,151.07,2,13.24,1
torchinferno,few_shot,106,155.07,0.00,180.85,1,5.53,1
torchinferno,few_shot,107,161.49,28.99,190.48,2,10.50,1
torchinferno,few_shot,108,166.56,26.44,193.00,2,10.36,1
torchinferno,few_shot,109,139.83,36.94,176.77,2,11.31,1
torchinferno,few_shot,110,144.25,0.00,183.46,1,5.45,1
torchinferno,few_shot,111,150.53,39.02,189.55,2,10.55,1
torchinferno,few_shot,112,160.90,35.66,196.57,2,10.17,1
torchinferno,few_shot,113,174.73,48.30,223.03,2,8.97,1
torchinferno,few_shot,114,143.27,0.00,183.90,1,5.44,1
torchinferno,few_shot,115,124.79,0.00,170.10,1,5.88,1
torchinferno,few_shot,116,174.83,0.00,222.76,1,4.49,1
torchinferno,few_shot,117,162.86,50.36,213.23,2,9.38,1
torchinferno,few_shot,118,127.52,54.99,182.52,2,10.96,1
torchinferno,few_shot,119,151.25,46.18,197.43,2,10.13,1
torchinferno,few_shot,120,131.78,55.27,187.05,2,10.69,1
torchinferno,few_shot,121,180.00,48.68,228.67,2,8.75,1
torchinferno,few_shot,122,148.47,0.00,211.44,1,4.73,1
torchinferno,few_shot,123,139.79,0.00,195.29,1,5.12,1
torchinferno,few_shot,124,159.23,0.00,223.33,1,4.48,1
torchinferno,few_shot,125,142.22,60.11,202.33,2,9.88,1
torchinferno,few_shot,126,135.92,60.85,196.78,2,10.16,1
torchinferno,few_shot,127,158.90,0.00,231.70,1,4.32,1
torchinferno,few_shot,128,179.72,0.00,187.22,1,5.34,1
torchinferno,few_shot,129,159.71,0.00,177.95,1,5.62,1
torchinferno,few_shot,130,183.04,0.00,193.90,1,5.16,1
torchinferno,few_shot,131,172.53,0.00,190.54,1,5.25,1
torchinferno,few_shot,132,175.94,0.00,194.42,1,5.14,1
torchinferno,few_shot,133,131.43,0.00,152.38,1,6.56,1
torchinferno,few_shot,134,169.69,0.00,192.58,1,5.19,1
torchinferno,few_shot,135,152.79,0.00,172.17,1,5.81,1
torchinferno,few_shot,136,129.66,0.00,161.59,1,6.19,1
torchinferno,few_shot,137,137.28,0.00,171.09,1,5.84,1
torchinferno,few_shot,138,157.30,0.00,190.92,1,5.24,1
torchinferno,few_shot,139,160.66,37.67,198.33,2,10.08,1
torchinferno,few_shot,140,138.45,31.39,169.84,2,11.78,1
torchinferno,few_shot,141,186.11,0.00,220.15,1,4.54,1
torchinferno,few_shot,142,152.58,41.04,193.62,2,10.33,1
torchinferno,few_shot,143,141.29,42.26,183.55,2,10.90,1
torchinferno,few_shot,144,228.65,48.67,277.32,2,7.21,1
torchinferno,few_shot,145,177.14,41.55,218.69,2,9.15,1
torchinferno,few_shot,146,140.11,51.30,191.41,2,10.45,1
torchinferno,few_shot,147,166.34,43.89,210.23,2,9.51,1
torchinferno,few_shot,148,167.71,0.00,216.82,1,4.61,1
torchinferno,few_shot,149,117.75,0.00,174.01,1,5.75,1
torchinferno,few_shot,150,152.53,50.29,202.82,2,9.86,1
torchinferno,few_shot,151,138.88,55.53,194.41,2,10.29,1
torchinferno,few_shot,152,147.75,0.00,208.61,1,4.79,1
torchinferno,few_shot,153,140.73,53.62,194.34,2,10.29,1
torchinferno,few_shot,154,155.34,60.96,216.30,2,9.25,1
torchinferno,few_shot,155,141.19,64.63,205.82,2,9.72,1
torchinferno,few_shot,156,122.76,0.00,192.29,1,5.20,1
torchinferno,few_shot,157,166.20,62.10,228.30,2,8.76,1
torchinferno,few_shot,158,165.27,73.87,239.13,2,8.36,1
torchinferno,few_shot,159,153.15,34.39,221.92,3,13.52,0
torchinferno,few_shot,160,187.45,0.00,211.14,1,4.74,1
torchinferno,few_shot,161,166.07,0.00,180.22,1,5.55,1
torchinferno,few_shot,162,177.85,0.00,207.23,1,4.83,1
torchinferno,few_shot,163,180.76,0.00,198.69,1,5.03,1
torchinferno,few_shot,164,186.71,0.00,212.54,1,4.71,1
torchinferno,few_shot,165,161.01,0.00,188.85,1,5.30,1
torchinferno,few_shot,166,182.08,0.00,220.12,1,4.54,1
torchinferno,few_shot,167,148.97,0.00,182.51,1,5.48,1
torchinferno,few_shot,168,137.92,0.00,174.71,1,5.72,1
torchinferno,few_shot,169,132.51,41.84,174.35,2,11.47,1
torchinferno,few_shot,170,147.77,0.00,190.73,1,5.24,1
torchinferno,few_shot,171,171.99,0.00,217.02,1,4.61,1
torchinferno,few_shot,172,156.43,44.26,200.68,2,9.97,1
torchinferno,few_shot,173,164.15,0.00,210.13,1,4.76,1
torchinferno,few_shot,174,152.00,39.25,191.26,2,10.46,1
torchinferno,few_shot,175,167.78,0.00,210.24,1,4.76,1
torchinferno,few_shot,176,181.90,56.85,238.75,2,8.38,1
torchinferno,few_shot,177,164.66,58.62,223.27,2,8.96,1
torchinferno,few_shot,178,144.15,0.00,190.61,1,5.25,1
torchinferno,few_shot,179,176.80,57.73,234.53,2,8.53,1
torchinferno,few_shot,180,158.11,60.64,218.76,2,9.14,1
torchinferno,few_shot,181,171.37,59.01,230.37,2,8.68,1
torchinferno,few_shot,182,173.97,52.87,226.84,2,8.82,1
torchinferno,few_shot,183,231.02,0.00,294.07,1,3.40,1
torchinferno,few_shot,184,143.32,0.00,209.08,1,4.78,1
torchinferno,few_shot,185,182.14,0.00,240.45,1,4.16,1
torchinferno,few_shot,186,149.55,68.62,218.17,2,9.17,1
torchinferno,few_shot,187,141.05,73.47,214.53,2,9.32,1
torchinferno,few_shot,188,151.82,71.87,223.69,2,8.94,1
torchinferno,few_shot,189,180.77,73.32,254.09,2,7.87,1
torchinferno,few_shot,190,193.71,75.01,268.72,2,7.44,1
torchinferno,few_shot,191,165.03,79.78,244.82,2,8.17,1
torchinferno,few_shot,192,166.30,0.00,176.97,1,5.65,1
torchinferno,few_shot,193,184.99,0.00,203.54,1,4.91,1
torchinferno,few_shot,194,175.56,0.00,189.82,1,5.27,1
torchinferno,few_shot,195,166.18,0.00,186.13,1,5.37,1
torchinferno,few_shot,196,189.88,0.00,214.12,1,4.67,1
torchinferno,few_shot,197,149.63,0.00,166.22,1,6.02,1
torchinferno,few_shot,198,168.01,0.00,192.81,1,5.19,1
torchinferno,few_shot,199,189.07,0.00,210.76,1,4.74,1
torchinferno,few_shot,200,158.64,0.00,179.24,1,5.58,1
torchinferno,few_shot,201,177.82,25.08,202.90,2,9.86,1
torchinferno,few_shot,202,140.10,0.00,170.98,1,5.85,1
torchinferno,few_shot,203,157.29,0.00,191.59,1,5.22,1
torchinferno,few_shot,204,171.45,29.05,200.51,2,9.97,1
torchinferno,few_shot,205,161.38,0.00,197.84,1,5.05,1
torchinferno,few_shot,206,154.73,0.00,187.76,1,5.33,1
torchinferno,few_shot,207,134.97,43.25,178.22,2,11.22,1
torchinferno,few_shot,208,179.55,0.00,219.79,1,4.55,1
torchinferno,few_shot,209,154.43,0.00,199.20,1,5.02,1
torchinferno,few_shot,210,144.86,0.00,191.66,1,5.22,1
torchinferno,few_shot,211,200.43,0.00,244.78,1,4.09,1
torchinferno,few_shot,212,184.43,49.72,234.15,2,8.54,1
torchinferno,few_shot,213,158.55,52.81,211.35,2,9.46,1
torchinferno,few_shot,214,182.80,55.82,238.62,2,8.38,1
torchinferno,few_shot,215,176.55,0.00,222.56,1,4.49,1
torchinferno,few_shot,216,175.53,0.00,229.92,1,4.35,1
torchinferno,few_shot,217,177.17,0.00,235.58,1,4.24,1
torchinferno,few_shot,218,176.63,57.54,234.17,2,8.54,1
torchinferno,few_shot,219,187.30,0.00,249.86,1,4.00,1
torchinferno,few_shot,220,202.85,54.13,256.98,2,7.78,1
torchinferno,few_shot,221,155.95,0.00,220.97,1,4.53,1
torchinferno,few_shot,222,145.05,67.64,212.69,2,9.40,1
torchinferno,few_shot,223,158.92,0.00,233.87,1,4.28,1
torchinferno,few_shot,224,174.13,0.00,186.56,1,5.36,1
torchinferno,few_shot,225,154.96,0.00,172.38,1,5.80,1
torchinferno,few_shot,226,163.53,0.00,178.10,1,5.61,1
torchinferno,few_shot,227,136.11,0.00,158.40,1,6.31,1
torchinferno,few_shot,228,146.03,0.00,172.39,1,5.80,1
torchinferno,few_shot,229,157.76,0.00,180.63,1,5.54,1
torchinferno,few_shot,230,132.89,22.04,154.93,2,12.91,1
torchinferno,few_shot,231,141.94,0.00,169.90,1,5.89,1
torchinferno,few_shot,232,154.77,0.00,177.41,1,5.64,1
torchinferno,few_shot,233,175.58,28.05,203.63,2,9.82,1
torchinferno,few_shot,234,175.12,0.00,207.59,1,4.82,1
torchinferno,few_shot,235,120.86,32.91,153.77,2,13.01,1
torchinferno,few_shot,236,166.74,33.23,199.97,2,10.00,1
torchinferno,few_shot,237,128.71,0.00,162.53,1,6.15,1
torchinferno,few_shot,238,142.24,39.94,182.18,2,10.98,1
torchinferno,few_shot,239,165.08,0.00,205.42,1,4.87,1
torchinferno,few_shot,240,173.39,37.77,211.16,2,9.47,1
torchinferno,few_shot,241,166.23,38.55,204.78,2,9.77,1
torchinferno,few_shot,242,137.35,40.65,178.00,2,11.24,1
torchinferno,few_shot,243,141.47,45.59,187.06,2,10.69,1
torchinferno,few_shot,244,128.43,0.00,174.57,1,5.73,1
torchinferno,few_shot,245,134.61,52.42,187.03,2,10.69,1
torchinferno,few_shot,246,128.20,0.00,175.49,1,5.70,1
torchinferno,few_shot,247,134.92,0.00,184.32,1,5.43,1
torchinferno,few_shot,248,139.70,0.00,194.69,1,5.14,1
torchinferno,few_shot,249,158.75,0.00,217.19,1,4.60,1
torchinferno,few_shot,250,121.48,53.67,175.15,2,11.42,1
torchinferno,few_shot,251,141.79,54.58,196.38,2,10.18,1
torchinferno,few_shot,252,148.26,58.77,207.02,2,9.66,1
torchinferno,few_shot,253,155.47,0.00,218.85,1,4.57,1
torchinferno,few_shot,254,167.43,0.00,237.36,1,4.21,1
torchinferno,few_shot,255,143.68,74.37,218.05,2,9.17,1
torchinferno,few_shot,256,147.91,0.00,162.67,1,6.15,1
torchinferno,few_shot,257,133.65,0.00,152.50,1,6.56,1
torchinferno,few_shot,258,148.12,0.00,162.22,1,6.16,1
torchinferno,few_shot,259,163.41,0.00,177.92,1,5.62,1
torchinferno,few_shot,260,127.77,0.00,151.69,1,6.59,1
torchinferno,few_shot,261,136.60,0.00,163.43,1,6.12,1
torchinferno,few_shot,262,172.84,0.00,195.70,1,5.11,1
torchinferno,few_shot,263,123.13,0.00,148.06,1,6.75,1
torchinferno,few_shot,264,159.59,0.00,190.85,1,5.24,1
torchinferno,few_shot,265,138.20,28.09,166.29,2,12.03,1
torchinferno,few_shot,266,148.17,0.00,182.96,1,5.47,1
torchinferno,few_shot,267,169.43,0.00,202.79,1,4.93,1
torchinferno,few_shot,268,149.31,34.57,183.88,2,10.88,1
torchinferno,few_shot,269,119.42,0.00,155.64,1,6.43,1
torchinferno,few_shot,270,174.86,0.00,214.49,1,4.66,1
torchinferno,few_shot,271,140.89,0.00,182.45,1,5.48,1
torchinferno,few_shot,272,132.95,0.00,170.57,1,5.86,1
torchinferno,few_shot,273,176.70,41.46,218.16,2,9.17,1
torchinferno,few_shot,274,156.79,50.74,207.53,2,9.64,1
torchinferno,few_shot,275,150.60,0.00,194.64,1,5.14,1
torchinferno,few_shot,276,159.29,50.22,209.51,2,9.55,1
torchinferno,few_shot,277,135.10,55.15,190.25,2,10.51,1
torchinferno,few_shot,278,167.72,48.82,216.53,2,9.24,1
torchinferno,few_shot,279,165.92,0.00,220.96,1,4.53,1
torchinferno,few_shot,280,151.53,0.00,209.93,1,4.76,1
torchinferno,few_shot,281,137.47,52.13,189.59,2,10.55,1
torchinferno,few_shot,282,130.68,64.47,195.15,2,10.25,1
torchinferno,few_shot,283,172.42,58.71,231.13,2,8.65,1
torchinferno,few_shot,284,133.14,67.12,200.26,2,9.99,0
torchinferno,few_shot,285,115.73,204.53,524.79,3,5.72,1
torchinferno,few_shot,286,150.19,265.95,948.04,4,4.22,1
torchinferno,few_shot,287,156.51,139.58,993.99,7,7.04,0
torchinferno,few_shot,288,951.97,0.00,955.53,1,1.05,1
torchinferno,few_shot,289,984.42,0.00,1001.75,1,1.00,1
torchinferno,few_shot,290,982.35,0.00,999.92,1,1.00,1
torchinferno,few_shot,291,956.87,0.00,967.16,1,1.03,1
torchinferno,few_shot,292,962.90,0.00,984.25,1,1.02,1
torchinferno,few_shot,293,947.62,0.00,967.49,1,1.03,1
torchinferno,few_shot,294,936.10,0.00,961.54,1,1.04,1
torchinferno,few_shot,295,968.59,0.00,986.44,1,1.01,1
torchinferno,few_shot,296,954.96,27.67,982.62,2,2.04,1
torchinferno,few_shot,297,966.16,27.60,993.76,2,2.01,1
torchinferno,few_shot,298,975.27,0.00,1001.18,1,1.00,1
torchinferno,few_shot,299,934.81,0.00,968.56,1,1.03,1
torchinferno,few_shot,300,978.57,31.69,1010.26,2,1.98,1
torchinferno,few_shot,301,947.55,0.00,976.30,1,1.02,1
torchinferno,few_shot,302,931.33,40.52,971.86,2,2.06,1
torchinferno,few_shot,303,954.67,39.11,993.78,2,2.01,1
torchinferno,few_shot,304,979.22,0.00,1019.03,1,0.98,1
torchinferno,few_shot,305,952.46,39.92,992.38,2,2.02,1
torchinferno,few_shot,306,973.67,42.87,1016.54,2,1.97,1
torchinferno,few_shot,307,960.28,0.00,1010.06,1,0.99,1
torchinferno,few_shot,308,966.35,0.00,1014.36,1,0.99,1
torchinferno,few_shot,309,961.87,45.32,1007.19,2,1.99,1
torchinferno,few_shot,310,974.51,57.05,1031.56,2,1.94,1
torchinferno,few_shot,311,939.57,0.00,997.11,1,1.00,1
torchinferno,few_shot,312,951.79,57.84,1009.63,2,1.98,1
torchinferno,few_shot,313,965.14,0.00,1018.18,1,0.98,1
torchinferno,few_shot,314,969.46,0.00,1028.10,1,0.97,1
torchinferno,few_shot,315,977.56,58.26,1035.83,2,1.93,1
torchinferno,few_shot,316,993.07,57.42,1050.49,2,1.90,1
torchinferno,few_shot,317,934.99,0.00,996.64,1,1.00,1
torchinferno,few_shot,318,968.87,0.00,1041.27,1,0.96,1
torchinferno,few_shot,319,978.96,0.00,1063.22,1,0.94,1
torchinferno,few_shot,320,986.34,0.00,994.90,1,1.01,1
torchinferno,few_shot,321,942.88,0.00,952.56,1,1.05,1
torchinferno,few_shot,322,979.07,0.00,998.20,1,1.00,1
torchinferno,few_shot,323,989.17,0.00,1002.45,1,1.00,1
torchinferno,few_shot,324,963.91,0.00,988.53,1,1.01,1
torchinferno,few_shot,325,953.95,0.00,980.22,1,1.02,1
torchinferno,few_shot,326,977.12,0.00,1000.79,1,1.00,1
torchinferno,few_shot,327,954.08,53.40,1007.48,2,1.99,1
torchinferno,few_shot,328,993.33,46.90,1040.22,2,1.92,1
torchinferno,few_shot,329,950.79,0.00,998.87,1,1.00,1
torchinferno,few_shot,330,961.07,0.00,1022.13,1,0.98,1
torchinferno,few_shot,331,979.70,0.00,1038.16,1,0.96,1
torchinferno,few_shot,332,962.65,61.05,1023.70,2,1.95,1
torchinferno,few_shot,333,994.94,0.00,1051.95,1,0.95,1
torchinferno,few_shot,334,973.53,64.48,1038.01,2,1.93,1
torchinferno,few_shot,335,969.28,0.00,1030.16,1,0.97,1
torchinferno,few_shot,336,949.74,0.00,1019.10,1,0.98,1
torchinferno,few_shot,337,989.35,69.36,1058.71,2,1.89,1
torchinferno,few_shot,338,953.67,66.89,1020.56,2,1.96,1
torchinferno,few_shot,339,206.20,64.33,270.53,2,7.39,1
torchinferno,few_shot,340,592.85,0.00,663.07,1,1.51,1
torchinferno,few_shot,341,951.92,68.16,1020.08,2,1.96,1
torchinferno,few_shot,342,962.15,68.63,1030.78,2,1.94,1
torchinferno,few_shot,343,942.69,0.00,1015.50,1,0.98,1
torchinferno,few_shot,344,958.23,0.00,1034.93,1,0.97,1
torchinferno,few_shot,345,986.99,73.66,1060.65,2,1.89,0
torchinferno,few_shot,346,978.54,74.28,1052.82,2,1.90,1
torchinferno,few_shot,347,969.57,79.73,1049.30,2,1.91,1
torchinferno,few_shot,348,968.86,0.00,1047.77,1,0.95,1
torchinferno,few_shot,349,949.01,81.64,1030.65,2,1.94,1
torchinferno,few_shot,350,163.98,28.32,248.94,4,16.07,0
torchinferno,few_shot,351,948.98,0.00,1029.15,1,0.97,1
torchinferno,few_shot,352,168.35,0.00,182.23,1,5.49,1
torchinferno,few_shot,353,197.39,0.00,212.64,1,4.70,1
torchinferno,few_shot,354,162.65,0.00,172.07,1,5.81,1
torchinferno,few_shot,355,155.45,0.00,178.00,1,5.62,1
torchinferno,few_shot,356,156.34,0.00,173.96,1,5.75,1
torchinferno,few_shot,357,168.36,0.00,186.20,1,5.37,1
torchinferno,few_shot,358,191.89,0.00,212.83,1,4.70,1
torchinferno,few_shot,359,181.55,26.33,207.88,2,9.62,1
torchinferno,few_shot,360,189.33,22.44,211.77,2,9.44,1
torchinferno,few_shot,361,189.11,0.00,214.65,1,4.66,1
torchinferno,few_shot,362,174.51,24.83,199.34,2,10.03,1
torchinferno,few_shot,363,167.38,0.00,199.35,1,5.02,1
torchinferno,few_shot,364,195.38,35.08,230.46,2,8.68,1
torchinferno,few_shot,365,160.42,0.00,199.11,1,5.02,1
torchinferno,few_shot,366,198.77,36.96,235.73,2,8.48,1
torchinferno,few_shot,367,192.67,38.44,231.11,2,8.65,1
torchinferno,few_shot,368,177.88,0.00,219.16,1,4.56,1
torchinferno,few_shot,369,203.34,0.00,244.20,1,4.09,1
torchinferno,few_shot,370,163.41,39.43,202.84,2,9.86,1
torchinferno,few_shot,371,176.11,0.00,219.29,1,4.56,1
torchinferno,few_shot,372,210.52,40.64,251.15,2,7.96,1
torchinferno,few_shot,373,151.32,0.00,202.44,1,4.94,1
torchinferno,few_shot,374,180.81,0.00,230.49,1,4.34,1
torchinferno,few_shot,375,195.73,0.00,244.75,1,4.09,1
torchinferno,few_shot,376,149.91,53.48,203.39,2,9.83,1
torchinferno,few_shot,377,153.82,0.00,203.96,1,4.90,1
torchinferno,few_shot,378,138.18,54.42,192.60,2,10.38,1
torchinferno,few_shot,379,176.28,0.00,233.82,1,4.28,1
torchinferno,few_shot,380,179.37,63.77,243.14,2,8.23,0
torchinferno,few_shot,381,174.71,0.00,241.46,1,4.14,1
torchinferno,few_shot,382,200.40,71.22,271.62,2,7.36,1
torchinferno,few_shot,383,171.43,17.33,240.77,5,20.77,1
torchinferno,few_shot,384,191.17,0.00,199.01,1,5.02,1
torchinferno,few_shot,385,191.54,0.00,202.28,1,4.94,1
torchinferno,few_shot,386,162.28,0.00,178.88,1,5.59,1
torchinferno,few_shot,387,174.81,0.00,192.72,1,5.19,1
torchinferno,few_shot,388,169.78,0.00,188.55,1,5.30,1
torchinferno,few_shot,389,232.85,0.00,250.84,1,3.99,1
torchinferno,few_shot,390,216.60,0.00,240.08,1,4.17,1
torchinferno,few_shot,391,168.66,0.00,192.16,1,5.20,1
torchinferno,few_shot,392,178.01,0.00,202.92,1,4.93,1
torchinferno,few_shot,393,175.53,0.00,198.40,1,5.04,1
torchinferno,few_shot,394,194.61,0.00,225.52,1,4.43,1
torchinferno,few_shot,395,171.78,0.00,206.03,1,4.85,1
torchinferno,few_shot,396,230.59,29.07,259.66,2,7.70,1
torchinferno,few_shot,397,179.31,0.00,218.53,1,4.58,1
torchinferno,few_shot,398,180.58,0.00,217.81,1,4.59,1
torchinferno,few_shot,399,173.25,40.25,213.50,2,9.37,1
torchinferno,few_shot,400,181.95,38.42,220.37,2,9.08,1
torchinferno,few_shot,401,230.93,0.00,273.80,1,3.65,1
torchinferno,few_shot,402,172.53,0.00,214.92,1,4.65,1
torchinferno,few_shot,403,173.24,41.09,214.34,2,9.33,1
torchinferno,few_shot,404,168.20,44.48,212.69,2,9.40,1
torchinferno,few_shot,405,219.87,51.58,271.45,2,7.37,1
torchinferno,few_shot,406,175.59,0.00,221.37,1,4.52,1
torchinferno,few_shot,407,178.12,0.00,231.42,1,4.32,1
torchinferno,few_shot,408,189.38,0.00,236.47,1,4.23,1
torchinferno,few_shot,409,190.08,55.52,245.60,2,8.14,0
torchinferno,few_shot,410,188.35,49.70,238.05,2,8.40,1
torchinferno,few_shot,411,161.90,56.76,218.66,2,9.15,1
torchinferno,few_shot,412,182.26,52.71,234.96,2,8.51,1
torchinferno,few_shot,413,162.58,0.00,221.73,1,4.51,1
torchinferno,few_shot,414,222.16,59.50,281.67,2,7.10,1
torchinferno,few_shot,415,223.10,68.60,291.71,2,6.86,1
torchinferno,few_shot,416,187.25,0.00,202.56,1,4.94,1
torchinferno,few_shot,417,155.67,0.00,173.96,1,5.75,1
torchinferno,few_shot,418,181.52,0.00,193.36,1,5.17,1
torchinferno,few_shot,419,181.56,0.00,202.68,1,4.93,1
torchinferno,few_shot,420,177.73,0.00,192.10,1,5.21,1
torchinferno,few_shot,421,190.42,0.00,213.73,1,4.68,1
torchinferno,few_shot,422,209.58,0.00,229.30,1,4.36,1
torchinferno,few_shot,423,189.13,0.00,211.25,1,4.73,1
torchinferno,few_shot,424,190.75,0.00,220.97,1,4.53,1
torchinferno,few_shot,425,191.39,26.80,218.19,2,9.17,1
torchinferno,few_shot,426,158.15,27.41,185.56,2,10.78,1
torchinferno,few_shot,427,174.56,36.43,210.99,2,9.48,1
torchinferno,few_shot,428,163.79,38.22,202.01,2,9.90,1
torchinferno,few_shot,429,194.72,41.17,235.89,2,8.48,1
torchinferno,few_shot,430,193.09,43.39,236.48,2,8.46,0
torchinferno,few_shot,431,207.01,41.50,248.52,2,8.05,1
torchinferno,few_shot,432,167.39,0.00,210.51,1,4.75,1
torchinferno,few_shot,433,183.08,40.99,224.08,2,8.93,1
torchinferno,few_shot,434,162.27,0.00,200.29,1,4.99,1
torchinferno,few_shot,435,179.11,45.54,224.65,2,8.90,1
torchinferno,few_shot,436,184.68,45.45,230.13,2,8.69,1
torchinferno,few_shot,437,197.14,0.00,246.86,1,4.05,1
torchinferno,few_shot,438,206.55,46.89,253.45,2,7.89,1
torchinferno,few_shot,439,160.16,58.48,218.64,2,9.15,1
torchinferno,few_shot,440,179.18,55.93,235.11,2,8.51,1
torchinferno,few_shot,441,179.00,52.22,231.22,2,8.65,1
torchinferno,few_shot,442,203.61,62.03,265.64,2,7.53,1
torchinferno,few_shot,443,176.84,56.36,233.19,2,8.58,1
torchinferno,few_shot,444,160.38,63.65,224.03,2,8.93,1
torchinferno,few_shot,445,202.34,57.67,260.01,2,7.69,1
torchinferno,few_shot,446,154.84,69.90,224.74,2,8.90,0
torchinferno,few_shot,447,151.20,67.66,218.86,2,9.14,1
torchinferno,few_shot,448,171.29,0.00,181.41,1,5.51,1
torchinferno,few_shot,449,145.01,0.00,158.37,1,6.31,1
torchinferno,few_shot,450,127.77,0.00,147.83,1,6.76,1
torchinferno,few_shot,451,167.22,0.00,185.53,1,5.39,1
torchinferno,few_shot,452,159.59,0.00,184.07,1,5.43,1
torchinferno,few_shot,453,144.22,0.00,168.92,1,5.92,1
torchinferno,few_shot,454,170.62,0.00,188.53,1,5.30,1
torchinferno,few_shot,455,176.85,0.00,198.80,1,5.03,1
torchinferno,few_shot,456,126.81,0.00,152.20,1,6.57,1
torchinferno,few_shot,457,147.93,0.00,172.71,1,5.79,1
torchinferno,few_shot,458,172.09,0.00,206.00,1,4.85,1
torchinferno,few_shot,459,135.11,30.87,165.98,2,12.05,1
torchinferno,few_shot,460,153.53,0.00,189.08,1,5.29,1
torchinferno,few_shot,461,144.45,30.76,175.21,2,11.41,1
torchinferno,few_shot,462,170.54,41.04,211.58,2,9.45,1
torchinferno,few_shot,463,135.90,35.03,170.93,2,11.70,1
torchinferno,few_shot,464,135.04,0.00,175.40,1,5.70,1
torchinferno,few_shot,465,157.66,0.00,197.74,1,5.06,1
torchinferno,few_shot,466,156.51,0.00,196.17,1,5.10,1
torchinferno,few_shot,467,157.24,0.00,203.61,1,4.91,1
torchinferno,few_shot,468,133.89,43.38,177.27,2,11.28,1
torchinferno,few_shot,469,147.91,50.57,198.48,2,10.08,1
torchinferno,few_shot,470,144.31,41.66,185.97,2,10.75,1
torchinferno,few_shot,471,155.47,0.00,201.38,1,4.97,1
torchinferno,few_shot,472,140.65,0.00,195.19,1,5.12,1
torchinferno,few_shot,473,166.13,50.56,216.70,2,9.23,1
torchinferno,few_shot,474,125.16,55.38,180.54,2,11.08,1
torchinferno,few_shot,475,152.66,52.35,205.01,2,9.76,1
torchinferno,few_shot,476,153.04,0.00,209.64,1,4.77,1
torchinferno,few_shot,477,136.87,64.52,201.39,2,9.93,1
torchinferno,few_shot,478,171.86,65.64,237.50,2,8.42,1
torchinferno,few_shot,479,135.73,61.34,197.06,2,10.15,1
torchinferno,few_shot,480,179.00,0.00,188.84,1,5.30,1
torchinferno,few_shot,481,149.49,0.00,160.56,1,6.23,1
torchinferno,few_shot,482,134.44,0.00,152.19,1,6.57,1
torchinferno,few_shot,483,165.43,0.00,181.75,1,5.50,1
torchinferno,few_shot,484,134.48,0.00,150.70,1,6.64,1
torchinferno,few_shot,485,130.87,0.00,147.70,1,6.77,1
torchinferno,few_shot,486,173.79,0.00,191.32,1,5.23,1
torchinferno,few_shot,487,122.41,0.00,142.14,1,7.04,1
torchinferno,few_shot,488,158.61,0.00,180.68,1,5.53,1
torchinferno,few_shot,489,158.88,27.91,186.78,2,10.71,1
torchinferno,few_shot,490,157.44,24.61,182.05,2,10.99,1
torchinferno,few_shot,491,152.31,25.80,178.10,2,11.23,0
torchinferno,few_shot,492,152.25,30.51,182.76,2,10.94,1
torchinferno,few_shot,493,175.67,33.56,209.23,2,9.56,1
torchinferno,few_shot,494,143.71,37.16,180.87,2,11.06,1
torchinferno,few_shot,495,127.14,38.22,165.36,2,12.09,1
torchinferno,few_shot,496,146.01,46.22,192.23,2,10.40,1
torchinferno,few_shot,497,117.55,47.98,165.53,2,12.08,1
torchinferno,few_shot,498,163.41,0.00,210.71,1,4.75,1
torchinferno,few_shot,499,131.86,49.16,181.01,2,11.05,1
torchinferno,few_shot,500,173.02,43.92,216.94,2,9.22,1
torchinferno,few_shot,501,133.51,51.11,184.62,2,10.83,0
torchinferno,few_shot,502,149.45,56.26,205.71,2,9.72,1
torchinferno,few_shot,503,151.37,58.87,210.24,2,9.51,1
torchinferno,few_shot,504,174.50,52.00,226.49,2,8.83,1
torchinferno,few_shot,505,128.06,54.60,182.66,2,10.95,1
torchinferno,few_shot,506,130.39,59.70,190.09,2,10.52,1
torchinferno,few_shot,507,165.99,0.00,223.52,1,4.47,1
torchinferno,few_shot,508,135.61,0.00,200.72,1,4.98,1
torchinferno,few_shot,509,143.77,0.00,207.33,1,4.82,1
torchinferno,few_shot,510,136.94,69.76,206.70,2,9.68,1
torchinferno,few_shot,511,160.87,68.27,229.14,2,8.73,1
torchinferno,few_shot,512,155.62,0.00,172.01,1,5.81,1
torchinferno,few_shot,513,160.00,0.00,178.44,1,5.60,1
torchinferno,few_shot,514,172.09,0.00,186.25,1,5.37,1
torchinferno,few_shot,515,125.21,0.00,144.80,1,6.91,1
torchinferno,few_shot,516,174.41,0.00,192.58,1,5.19,1
torchinferno,few_shot,517,127.73,0.00,145.81,1,6.86,1
torchinferno,few_shot,518,126.19,0.00,152.55,1,6.56,1
torchinferno,few_shot,519,131.43,0.00,156.94,1,6.37,1
torchinferno,few_shot,520,147.69,27.08,174.78,2,11.44,1
torchinferno,few_shot,521,156.67,0.00,182.10,1,5.49,1
torchinferno,few_shot,522,145.87,0.00,172.64,1,5.79,1
torchinferno,few_shot,523,162.16,34.04,196.20,2,10.19,1
torchinferno,few_shot,524,155.75,0.00,190.91,1,5.24,1
torchinferno,few_shot,525,149.36,0.00,184.64,1,5.42,1
torchinferno,few_shot,526,166.47,38.98,205.44,2,9.73,1
torchinferno,few_shot,527,143.42,43.45,186.86,2,10.70,1
torchinferno,few_shot,528,173.49,41.77,215.26,2,9.29,1
torchinferno,few_shot,529,147.99,48.30,196.29,2,10.19,1
torchinferno,few_shot,530,150.92,48.22,199.14,2,10.04,1
torchinferno,few_shot,531,123.06,0.00,166.63,1,6.00,1
torchinferno,few_shot,532,131.73,49.62,181.34,2,11.03,1
torchinferno,few_shot,533,141.99,52.38,194.36,2,10.29,1
torchinferno,few_shot,534,136.46,0.00,188.55,1,5.30,1
torchinferno,few_shot,535,138.81,58.35,197.16,2,10.14,1
torchinferno,few_shot,536,147.27,0.00,205.82,1,4.86,1
torchinferno,few_shot,537,170.90,61.46,232.36,2,8.61,1
torchinferno,few_shot,538,166.37,60.58,226.95,2,8.81,0
torchinferno,few_shot,539,134.98,0.00,191.50,1,5.22,1
torchinferno,few_shot,540,158.69,0.00,220.88,1,4.53,1
torchinferno,few_shot,541,164.35,65.09,229.43,2,8.72,1
torchinferno,few_shot,542,142.84,0.00,205.35,1,4.87,1
torchinferno,few_shot,543,161.75,69.46,231.21,2,8.65,0
torchinferno,few_shot,544,169.10,0.00,180.09,1,5.55,1
torchinferno,few_shot,545,156.78,0.00,167.73,1,5.96,1
torchinferno,few_shot,546,137.14,0.00,146.15,1,6.84,1
torchinferno,few_shot,547,124.15,0.00,139.54,1,7.17,1
torchinferno,few_shot,548,164.87,0.00,190.91,1,5.24,1
torchinferno,few_shot,549,126.61,0.00,147.90,1,6.76,1
torchinferno,few_shot,550,177.04,0.00,201.07,1,4.97,1
torchinferno,few_shot,551,168.88,0.00,191.91,1,5.21,1
torchinferno,few_shot,552,150.75,0.00,170.14,1,5.88,1
torchinferno,few_shot,553,144.33,0.00,175.40,1,5.70,1
torchinferno,few_shot,554,154.78,34.95,189.73,2,10.54,1
torchinferno,few_shot,555,165.57,0.00,194.04,1,5.15,1
torchinferno,few_shot,556,123.45,31.75,155.19,2,12.89,1
torchinferno,few_shot,557,139.64,26.99,166.63,2,12.00,1
torchinferno,few_shot,558,134.31,0.00,171.40,1,5.83,1
torchinferno,few_shot,559,135.71,42.30,178.01,2,11.24,0
torchinferno,few_shot,560,129.45,0.00,173.24,1,5.77,1
torchinferno,few_shot,561,158.28,0.00,198.91,1,5.03,1
torchinferno,few_shot,562,167.45,43.19,210.64,2,9.49,1
torchinferno,few_shot,563,169.97,46.38,216.35,2,9.24,1
torchinferno,few_shot,564,174.40,42.71,217.11,2,9.21,1
torchinferno,few_shot,565,142.49,49.24,191.73,2,10.43,1
torchinferno,few_shot,566,140.00,47.39,187.38,2,10.67,1
torchinferno,few_shot,567,151.83,0.00,199.68,1,5.01,1
torchinferno,few_shot,568,140.94,48.48,189.42,2,10.56,1
torchinferno,few_shot,569,140.39,0.00,198.60,1,5.04,1
torchinferno,few_shot,570,130.52,50.83,181.35,2,11.03,1
torchinferno,few_shot,571,161.51,59.90,221.41,2,9.03,1
torchinferno,few_shot,572,132.93,54.52,187.46,2,10.67,1
torchinferno,few_shot,573,157.83,57.08,214.91,2,9.31,1
torchinferno,few_shot,574,125.82,0.00,191.23,1,5.23,1
torchinferno,few_shot,575,153.38,0.00,222.13,1,4.50,1
torchinferno,few_shot,576,134.17,0.00,149.61,1,6.68,1
torchinferno,few_shot,577,133.39,0.00,142.26,1,7.03,1
torchinferno,few_shot,578,115.27,0.00,134.64,1,7.43,1
torchinferno,few_shot,579,165.49,0.00,181.18,1,5.52,1
torchinferno,few_shot,580,140.22,0.00,163.86,1,6.10,1
torchinferno,few_shot,581,154.43,0.00,180.41,1,5.54,1
torchinferno,few_shot,582,122.17,25.59,147.75,2,13.54,1
torchinferno,few_shot,583,146.99,0.00,177.05,1,5.65,1
torchinferno,few_shot,584,114.73,0.00,146.90,1,6.81,1
torchinferno,few_shot,585,175.94,0.00,205.78,1,4.86,1
torchinferno,few_shot,586,161.70,27.37,189.07,2,10.58,1
torchinferno,few_shot,587,160.78,37.00,197.78,2,10.11,1
torchinferno,few_shot,588,135.62,0.00,167.25,1,5.98,1
torchinferno,few_shot,589,149.35,0.00,191.70,1,5.22,1
torchinferno,few_shot,590,143.10,41.36,184.46,2,10.84,1
torchinferno,few_shot,591,142.28,40.49,182.77,2,10.94,1
torchinferno,few_shot,592,174.79,0.00,216.24,1,4.62,1
torchinferno,few_shot,593,151.65,0.00,195.21,1,5.12,1
torchinferno,few_shot,594,126.68,0.00,170.87,1,5.85,1
torchinferno,few_shot,595,132.41,47.96,180.36,2,11.09,1
torchinferno,few_shot,596,129.16,0.00,179.10,1,5.58,1
torchinferno,few_shot,597,147.39,56.41,203.80,2,9.81,1
torchinferno,few_shot,598,130.51,56.86,187.37,2,10.67,1
torchinferno,few_shot,599,139.81,51.67,191.48,2,10.44,1
torchinferno,few_shot,600,146.69,51.16,197.85,2,10.11,1
torchinferno,few_shot,601,165.41,61.31,226.72,2,8.82,1
torchinferno,few_shot,602,162.75,0.00,219.16,1,4.56,1
torchinferno,few_shot,603,145.82,61.89,207.71,2,9.63,1
torchinferno,few_shot,604,172.34,56.48,228.82,2,8.74,1
torchinferno,few_shot,605,160.91,58.19,219.10,2,9.13,1
torchinferno,few_shot,606,174.71,61.53,236.23,2,8.47,1
torchinferno,few_shot,607,124.68,79.10,203.78,2,9.81,1
torchinferno,few_shot,608,125.46,0.00,142.57,1,7.01,1
torchinferno,few_shot,609,145.76,0.00,158.09,1,6.33,1
torchinferno,few_shot,610,168.81,0.00,181.99,1,5.49,1
torchinferno,few_shot,611,157.73,0.00,175.65,1,5.69,1
torchinferno,few_shot,612,140.20,0.00,153.54,1,6.51,1
torchinferno,few_shot,613,167.37,0.00,197.62,1,5.06,1
torchinferno,few_shot,614,141.52,0.00,172.07,1,5.81,1
torchinferno,few_shot,615,122.03,0.00,153.77,1,6.50,1
torchinferno,few_shot,616,157.91,0.00,185.49,1,5.39,1
torchinferno,few_shot,617,178.15,0.00,209.32,1,4.78,1
torchinferno,few_shot,618,141.80,0.00,171.33,1,5.84,1
torchinferno,few_shot,619,142.23,32.48,174.71,2,11.45,1
torchinferno,few_shot,620,141.33,42.11,183.44,2,10.90,1
torchinferno,few_shot,621,127.88,34.70,162.58,2,12.30,1
torchinferno,few_shot,622,122.60,42.94,165.54,2,12.08,1
torchinferno,few_shot,623,168.69,0.00,203.29,1,4.92,1
torchinferno,few_shot,624,131.73,0.00,180.42,1,5.54,1
torchinferno,few_shot,625,144.42,0.00,189.00,1,5.29,1
torchinferno,few_shot,626,145.39,49.18,194.58,2,10.28,1
torchinferno,few_shot,627,165.80,49.72,215.52,2,9.28,1
torchinferno,few_shot,628,160.05,44.77,204.81,2,9.76,1
torchinferno,few_shot,629,155.43,54.87,210.30,2,9.51,1
torchinferno,few_shot,630,159.65,60.30,219.95,2,9.09,1
torchinferno,few_shot,631,149.44,58.46,207.90,2,9.62,1
torchinferno,few_shot,632,164.92,0.00,218.48,1,4.58,1
torchinferno,few_shot,633,179.20,0.00,236.09,1,4.24,1
torchinferno,few_shot,634,133.96,0.00,195.08,1,5.13,1
torchinferno,few_shot,635,131.37,63.99,195.36,2,10.24,1
torchinferno,few_shot,636,156.70,62.78,219.48,2,9.11,1
torchinferno,few_shot,637,144.39,72.47,216.87,2,9.22,1
torchinferno,few_shot,638,165.94,0.00,238.68,1,4.19,1
torchinferno,few_shot,639,167.54,72.96,240.50,2,8.32,1
torchinferno,few_shot,640,173.66,0.00,193.45,1,5.17,1
torchinferno,few_shot,641,158.90,0.00,167.49,1,5.97,1
torchinferno,few_shot,642,139.80,0.00,160.63,1,6.23,1
torchinferno,few_shot,643,151.96,0.00,168.66,1,5.93,1
torchinferno,few_shot,644,166.76,0.00,185.93,1,5.38,1
torchinferno,few_shot,645,141.29,0.00,158.67,1,6.30,1
torchinferno,few_shot,646,179.84,0.00,199.92,1,5.00,1
torchinferno,few_shot,647,134.08,0.00,160.12,1,6.25,1
torchinferno,few_shot,648,163.64,31.22,194.86,2,10.26,1
torchinferno,few_shot,649,148.73,28.36,177.09,2,11.29,1
torchinferno,few_shot,650,161.42,0.00,186.08,1,5.37,1
torchinferno,few_shot,651,165.88,24.29,190.17,2,10.52,1
torchinferno,few_shot,652,129.89,34.17,164.06,2,12.19,1
torchinferno,few_shot,653,139.52,0.00,184.09,1,5.43,1
torchinferno,few_shot,654,155.93,38.32,194.25,2,10.30,1
torchinferno,few_shot,655,127.16,46.62,173.77,2,11.51,1
torchinferno,few_shot,656,158.82,43.68,202.50,2,9.88,1
torchinferno,few_shot,657,172.17,0.00,215.40,1,4.64,1
torchinferno,few_shot,658,155.70,48.47,204.17,2,9.80,1
torchinferno,few_shot,659,137.16,37.23,174.39,2,11.47,1
torchinferno,few_shot,660,130.92,53.27,184.20,2,10.86,1
torchinferno,few_shot,661,127.06,0.00,179.29,1,5.58,1
torchinferno,few_shot,662,129.23,0.00,182.46,1,5.48,1
torchinferno,few_shot,663,117.40,0.00,167.12,1,5.98,1
torchinferno,few_shot,664,136.45,69.90,206.35,2,9.69,1
torchinferno,few_shot,665,178.99,67.59,246.58,2,8.11,1
torchinferno,few_shot,666,176.07,67.54,243.61,2,8.21,1
torchinferno,few_shot,667,122.27,73.71,195.99,2,10.20,1
torchinferno,few_shot,668,162.07,0.00,234.78,1,4.26,1
torchinferno,few_shot,669,141.16,0.00,214.13,1,4.67,1
torchinferno,few_shot,670,145.77,78.83,224.59,2,8.91,1
torchinferno,few_shot,671,149.77,79.41,229.18,2,8.73,1
torchinferno,few_shot,672,185.31,0.00,187.71,1,5.33,1
torchinferno,few_shot,673,134.32,0.00,152.47,1,6.56,1
torchinferno,few_shot,674,126.98,0.00,140.65,1,7.11,1
torchinferno,few_shot,675,166.60,0.00,185.07,1,5.40,1
torchinferno,few_shot,676,173.66,0.00,205.77,1,4.86,1
torchinferno,few_shot,677,151.16,0.00,168.73,1,5.93,1
torchinferno,few_shot,678,166.73,0.00,188.49,1,5.31,1
torchinferno,few_shot,679,145.04,0.00,176.18,1,5.68,1
torchinferno,few_shot,680,146.23,40.83,187.07,2,10.69,1
torchinferno,few_shot,681,169.24,34.44,203.68,2,9.82,1
torchinferno,few_shot,682,150.57,0.00,182.46,1,5.48,1
torchinferno,few_shot,683,177.84,30.01,207.85,2,9.62,1
torchinferno,few_shot,684,156.71,0.00,191.15,1,5.23,1
torchinferno,few_shot,685,156.41,0.00,203.68,1,4.91,1
torchinferno,few_shot,686,166.05,33.04,199.09,2,10.05,1
torchinferno,few_shot,687,167.42,43.07,210.49,2,9.50,1
torchinferno,few_shot,688,189.13,0.00,198.97,1,5.03,1
torchinferno,few_shot,689,175.86,49.32,225.17,2,8.88,1
torchinferno,few_shot,690,126.28,0.00,180.57,1,5.54,1
torchinferno,few_shot,691,125.55,53.60,179.15,2,11.16,1
torchinferno,few_shot,692,136.02,58.96,194.98,2,10.26,1
torchinferno,few_shot,693,138.09,0.00,191.19,1,5.23,1
torchinferno,few_shot,694,135.53,66.25,201.79,2,9.91,1
torchinferno,few_shot,695,169.85,0.00,233.23,1,4.29,1
torchinferno,few_shot,696,179.48,0.00,228.71,1,4.37,1
torchinferno,few_shot,697,146.88,69.92,216.80,2,9.23,1
torchinferno,few_shot,698,133.77,68.30,202.07,2,9.90,0
torchinferno,few_shot,699,141.90,0.00,215.96,1,4.63,1
torchinferno,few_shot,700,173.41,74.78,248.19,2,8.06,1
torchinferno,few_shot,701,127.03,37.37,201.76,3,14.87,1
torchinferno,few_shot,702,134.73,64.66,199.39,2,10.03,1
torchinferno,few_shot,703,123.86,86.47,210.33,2,9.51,1
torchinferno,few_shot,704,173.02,0.00,185.24,1,5.40,1
torchinferno,few_shot,705,154.08,0.00,221.94,1,4.51,1
torchinferno,few_shot,706,134.99,68.40,203.39,2,9.83,1
torchinferno,few_shot,707,138.02,0.00,209.29,1,4.78,1
torchinferno,few_shot,708,184.83,71.05,255.89,2,7.82,1
torchinferno,few_shot,709,159.57,72.32,231.89,2,8.62,1
torchinferno,few_shot,710,185.45,0.00,266.66,1,3.75,1
torchinferno,few_shot,711,178.34,0.00,257.09,1,3.89,1
torchinferno,few_shot,712,173.80,81.46,255.27,2,7.83,1
torchinferno,few_shot,713,128.30,0.00,209.75,1,4.77,1
torchinferno,few_shot,714,160.09,0.00,247.72,1,4.04,1
torchinferno,few_shot,715,194.77,0.00,278.10,1,3.60,1
torchinferno,few_shot,716,138.70,0.00,228.58,1,4.37,1
torchinferno,few_shot,717,131.30,96.25,227.55,2,8.79,1
torchinferno,few_shot,718,156.28,95.90,252.18,2,7.93,1
torchinferno,few_shot,719,155.70,0.00,250.20,1,4.00,1
torchinferno,few_shot,720,188.81,0.00,291.41,1,3.43,1
torchinferno,few_shot,721,130.77,0.00,235.67,1,4.24,1
torchinferno,few_shot,722,160.40,0.00,160.72,1,6.22,1
torchinferno,few_shot,723,224.20,0.00,224.57,1,4.45,1
torchinferno,few_shot,724,184.13,109.73,293.86,2,6.81,1
torchinferno,few_shot,725,160.48,0.00,160.94,1,6.21,1
torchinferno,few_shot,726,201.30,0.00,201.60,1,4.96,1
torchinferno,few_shot,727,170.70,113.92,284.62,2,7.03,1
torchinferno,few_shot,728,186.91,0.00,192.10,1,5.21,1
torchinferno,few_shot,729,164.68,0.00,287.15,1,3.48,1
torchinferno,few_shot,730,177.21,0.00,182.41,1,5.48,1
torchinferno,few_shot,731,142.17,0.00,171.31,1,5.84,1
torchinferno,few_shot,732,133.81,119.87,253.68,2,7.88,1
torchinferno,few_shot,733,182.54,126.58,309.12,2,6.47,1
torchinferno,few_shot,734,129.04,0.00,163.21,1,6.13,1
torchinferno,few_shot,735,157.92,134.31,292.23,2,6.84,1
torchinferno,few_shot,736,177.06,0.00,207.29,1,4.82,1
torchinferno,few_shot,737,200.40,0.44,200.84,2,9.96,1
torchinferno,few_shot,738,179.67,142.29,321.96,2,6.21,1
torchinferno,few_shot,739,156.95,10.57,167.52,2,11.94,1
torchinferno,few_shot,740,167.08,138.11,305.19,2,6.55,1
torchinferno,few_shot,741,229.06,4.97,234.03,2,8.55,1
torchinferno,few_shot,742,130.75,0.00,179.20,1,5.58,1
torchinferno,few_shot,743,147.98,0.00,199.24,1,5.02,1
torchinferno,few_shot,744,160.23,149.31,309.55,2,6.46,1
torchinferno,few_shot,745,194.57,30.39,224.96,2,8.89,1
torchinferno,few_shot,746,132.38,58.20,190.59,2,10.49,1
torchinferno,few_shot,747,198.63,0.44,199.07,2,10.05,1
torchinferno,few_shot,748,198.73,0.00,241.88,1,4.13,1
torchinferno,few_shot,749,193.76,5.01,198.77,2,10.06,0
torchinferno,few_shot,750,171.49,159.42,330.91,2,6.04,1
torchinferno,few_shot,751,222.86,0.00,227.07,1,4.40,1
torchinferno,few_shot,752,174.65,0.00,340.66,1,2.94,1
torchinferno,few_shot,753,199.55,0.00,234.51,1,4.26,1
torchinferno,few_shot,754,172.89,72.13,245.02,2,8.16,0
torchinferno,few_shot,755,202.12,51.65,253.77,2,7.88,1
torchinferno,few_shot,756,199.75,0.00,204.10,1,4.90,1
torchinferno,few_shot,757,257.60,0.00,332.69,1,3.01,1
torchinferno,few_shot,758,181.40,74.65,256.05,2,7.81,1
torchinferno,few_shot,759,161.94,172.59,334.54,2,5.98,1
torchinferno,few_shot,760,224.74,0.00,257.00,1,3.89,1
torchinferno,few_shot,761,218.16,0.00,223.16,1,4.48,1
torchinferno,few_shot,762,134.76,0.00,223.21,1,4.48,1
torchinferno,few_shot,763,165.84,84.05,249.89,2,8.00,1
torchinferno,few_shot,764,151.81,101.01,252.82,2,7.91,1
torchinferno,few_shot,765,165.01,77.50,242.51,2,8.25,1
torchinferno,few_shot,766,222.49,0.00,255.05,1,3.92,1
torchinferno,few_shot,767,219.43,0.00,256.39,1,3.90,1
torchinferno,few_shot,768,112.18,0.00,135.18,1,7.40,1
torchinferno,few_shot,769,165.58,0.00,180.11,1,5.55,1
torchinferno,few_shot,770,184.27,0.00,200.00,1,5.00,1
torchinferno,few_shot,771,219.50,0.00,231.58,1,4.32,1
torchinferno,few_shot,772,207.05,0.00,228.77,1,4.37,1
torchinferno,few_shot,773,144.62,0.00,165.99,1,6.02,1
torchinferno,few_shot,774,135.02,0.00,154.17,1,6.49,1
torchinferno,few_shot,775,171.56,0.00,195.33,1,5.12,1
torchinferno,few_shot,776,146.38,0.00,173.63,1,5.76,1
torchinferno,few_shot,777,194.21,23.25,217.47,2,9.20,1
torchinferno,few_shot,778,202.07,26.28,228.34,2,8.76,1
torchinferno,few_shot,779,194.29,31.65,225.94,2,8.85,1
torchinferno,few_shot,780,141.63,0.00,177.25,1,5.64,1
torchinferno,few_shot,781,171.60,0.00,198.82,1,5.03,1
torchinferno,few_shot,782,227.42,30.76,258.18,2,7.75,1
torchinferno,few_shot,783,167.53,31.38,198.91,2,10.05,1
torchinferno,few_shot,784,182.30,0.00,221.11,1,4.52,1
torchinferno,few_shot,785,209.29,0.00,250.95,1,3.98,1
torchinferno,few_shot,786,187.60,45.06,232.66,2,8.60,1
torchinferno,few_shot,787,287.27,38.11,325.38,2,6.15,1
torchinferno,few_shot,788,183.70,47.79,231.49,2,8.64,1
torchinferno,few_shot,789,119.52,47.78,167.30,2,11.95,1
torchinferno,few_shot,790,161.41,43.87,205.27,2,9.74,1
torchinferno,few_shot,791,208.64,48.65,257.28,2,7.77,1
torchinferno,few_shot,792,138.62,55.17,193.79,2,10.32,1
torchinferno,few_shot,793,163.79,50.26,214.05,2,9.34,1
torchinferno,few_shot,794,121.33,56.85,178.18,2,11.22,0
torchinferno,few_shot,795,226.41,51.71,278.12,2,7.19,1
torchinferno,few_shot,796,208.55,0.00,262.24,1,3.81,1
torchinferno,few_shot,797,270.39,0.00,283.62,1,3.53,1
torchinferno,few_shot,798,188.67,0.00,206.86,1,4.83,1
torchinferno,few_shot,799,179.46,0.00,195.36,1,5.12,1
torchinferno,few_shot,800,212.58,0.00,229.48,1,4.36,1
torchinferno,few_shot,801,239.81,0.00,263.79,1,3.79,1
torchinferno,few_shot,802,257.15,0.00,281.16,1,3.56,1
torchinferno,few_shot,803,192.26,28.72,220.98,2,9.05,1
torchinferno,few_shot,804,312.56,0.00,334.57,1,2.99,1
torchinferno,few_shot,805,190.12,0.00,218.90,1,4.57,1
torchinferno,few_shot,806,274.68,0.00,300.83,1,3.32,1
torchinferno,few_shot,807,247.19,29.14,276.33,2,7.24,1
torchinferno,few_shot,808,203.63,33.98,237.61,2,8.42,1
torchinferno,few_shot,809,268.59,0.00,298.59,1,3.35,1
torchinferno,few_shot,810,303.12,38.52,341.64,2,5.85,1
torchinferno,few_shot,811,236.53,42.99,279.52,2,7.16,1
torchinferno,few_shot,812,271.42,0.00,305.73,1,3.27,1
torchinferno,few_shot,813,314.11,0.00,351.47,1,2.85,1
torchinferno,few_shot,814,219.25,43.14,262.39,2,7.62,1
torchinferno,few_shot,815,209.16,0.00,252.85,1,3.95,1
torchinferno,few_shot,816,224.36,0.00,274.53,1,3.64,1
torchinferno,few_shot,817,294.19,52.41,346.61,2,5.77,1
torchinferno,few_shot,818,197.88,52.14,250.03,2,8.00,1
torchinferno,few_shot,819,220.73,0.00,272.49,1,3.67,1
torchinferno,few_shot,820,210.38,48.62,259.00,2,7.72,1
torchinferno,few_shot,821,285.86,52.19,338.04,2,5.92,1
torchinferno,few_shot,822,245.07,56.43,301.50,2,6.63,1
torchinferno,few_shot,823,225.94,62.31,288.25,2,6.94,1
torchinferno,few_shot,824,257.94,61.15,319.08,2,6.27,1
torchinferno,few_shot,825,222.44,64.60,287.05,2,6.97,0
torchinferno,few_shot,826,227.45,64.01,291.46,2,6.86,1
torchinferno,few_shot,827,249.69,0.00,311.73,1,3.21,1
torchinferno,few_shot,828,202.24,69.11,271.35,2,7.37,1
torchinferno,few_shot,829,308.11,0.00,315.50,1,3.17,1
torchinferno,few_shot,830,128.73,0.00,142.01,1,7.04,1
torchinferno,few_shot,831,163.37,0.00,180.01,1,5.56,1
torchinferno,few_shot,832,152.71,0.00,168.26,1,5.94,1
torchinferno,few_shot,833,125.22,0.00,145.12,1,6.89,1
torchinferno,few_shot,834,155.32,0.00,169.48,1,5.90,1
torchinferno,few_shot,835,162.35,0.00,180.73,1,5.53,1
torchinferno,few_shot,836,129.28,0.00,157.24,1,6.36,1
torchinferno,few_shot,837,171.37,24.33,195.70,2,10.22,1
torchinferno,few_shot,838,140.58,29.07,169.65,2,11.79,1
torchinferno,few_shot,839,174.48,31.83,206.31,2,9.69,0
torchinferno,few_shot,840,160.77,0.00,193.51,1,5.17,1
torchinferno,few_shot,841,147.90,0.00,181.87,1,5.50,1
torchinferno,few_shot,842,313.09,0.00,354.19,1,2.82,1
torchinferno,few_shot,843,147.42,0.00,188.86,1,5.29,1
torchinferno,few_shot,844,156.60,0.00,193.37,1,5.17,1
torchinferno,few_shot,845,128.75,45.20,173.95,2,11.50,1
torchinferno,few_shot,846,145.34,45.01,190.35,2,10.51,1
torchinferno,few_shot,847,168.22,0.00,206.96,1,4.83,1
torchinferno,few_shot,848,166.63,47.90,214.52,2,9.32,1
torchinferno,few_shot,849,129.39,42.52,171.91,2,11.63,1
torchinferno,few_shot,850,161.89,47.80,209.70,2,9.54,1
torchinferno,few_shot,851,159.75,46.74,206.48,2,9.69,1
torchinferno,few_shot,852,136.36,0.00,188.30,1,5.31,1
torchinferno,few_shot,853,147.47,46.00,193.47,2,10.34,1
torchinferno,few_shot,854,139.90,59.40,199.30,2,10.04,1
torchinferno,few_shot,855,136.54,0.00,195.18,1,5.12,1
torchinferno,few_shot,856,160.89,0.00,213.16,1,4.69,1
torchinferno,few_shot,857,252.47,0.00,310.18,1,3.22,1
torchinferno,few_shot,858,149.93,53.98,203.91,2,9.81,1
torchinferno,few_shot,859,281.89,62.69,344.59,2,5.80,1
torchinferno,few_shot,860,135.56,66.79,202.35,2,9.88,1
torchinferno,few_shot,861,154.99,0.00,169.01,1,5.92,1
torchinferno,few_shot,862,155.54,0.00,168.80,1,5.92,1
torchinferno,few_shot,863,173.35,0.00,190.46,1,5.25,1
torchinferno,few_shot,864,123.89,0.00,136.48,1,7.33,1
torchinferno,few_shot,865,146.82,0.00,160.83,1,6.22,1
torchinferno,few_shot,866,139.85,0.00,164.59,1,6.08,1
torchinferno,few_shot,867,158.98,0.00,174.77,1,5.72,1
torchinferno,few_shot,868,122.78,0.00,144.83,1,6.90,1
torchinferno,few_shot,869,155.57,0.00,176.37,1,5.67,1
torchinferno,few_shot,870,166.77,0.00,192.62,1,5.19,1
torchinferno,few_shot,871,166.30,26.17,192.47,2,10.39,1
torchinferno,few_shot,872,127.02,0.00,159.22,1,6.28,1
torchinferno,few_shot,873,132.75,0.00,167.35,1,5.98,1
torchinferno,few_shot,874,149.22,0.00,183.04,1,5.46,1
torchinferno,few_shot,875,157.52,0.00,198.56,1,5.04,1
torchinferno,few_shot,876,147.68,35.00,182.68,2,10.95,1
torchinferno,few_shot,877,128.35,0.00,165.22,1,6.05,1
torchinferno,few_shot,878,141.00,40.82,181.81,2,11.00,1
torchinferno,few_shot,879,148.87,0.00,192.21,1,5.20,1
torchinferno,few_shot,880,128.11,40.51,168.62,2,11.86,1
torchinferno,few_shot,881,147.12,45.60,192.72,2,10.38,1
torchinferno,few_shot,882,131.85,51.39,183.24,2,10.91,1
torchinferno,few_shot,883,165.42,52.24,217.67,2,9.19,1
torchinferno,few_shot,884,156.18,0.00,209.41,1,4.78,1
torchinferno,few_shot,885,124.97,55.12,180.09,2,11.11,1
torchinferno,few_shot,886,159.79,0.00,209.29,1,4.78,1
torchinferno,few_shot,887,134.59,59.31,193.90,2,10.31,1
torchinferno,few_shot,888,134.41,59.61,194.01,2,10.31,1
torchinferno,few_shot,889,121.25,59.30,180.55,2,11.08,1
torchinferno,few_shot,890,175.28,56.39,231.67,2,8.63,1
torchinferno,few_shot,891,129.43,0.00,197.85,1,5.05,1
torchinferno,few_shot,892,126.08,73.05,199.13,2,10.04,1
torchinferno,few_shot,893,147.35,0.00,156.24,1,6.40,1
torchinferno,few_shot,894,135.39,0.00,147.47,1,6.78,1
torchinferno,few_shot,895,142.48,0.00,160.57,1,6.23,1
torchinferno,few_shot,896,142.49,0.00,155.27,1,6.44,1
torchinferno,few_shot,897,120.33,0.00,141.40,1,7.07,1
torchinferno,few_shot,898,171.75,0.00,193.43,1,5.17,1
torchinferno,few_shot,899,151.91,0.00,175.29,1,5.70,1
torchinferno,few_shot,900,143.87,0.00,165.51,1,6.04,1
torchinferno,few_shot,901,136.05,0.00,156.45,1,6.39,1
torchinferno,few_shot,902,130.60,21.24,151.83,2,13.17,1
torchinferno,few_shot,903,131.75,0.00,160.50,1,6.23,1
torchinferno,few_shot,904,164.89,0.00,197.19,1,5.07,1
torchinferno,few_shot,905,130.40,0.00,160.72,1,6.22,1
torchinferno,few_shot,906,153.85,31.61,185.46,2,10.78,1
torchinferno,few_shot,907,150.97,42.50,193.47,2,10.34,1
torchinferno,few_shot,908,131.74,42.76,174.50,2,11.46,1
torchinferno,few_shot,909,116.71,0.00,157.77,1,6.34,1
torchinferno,few_shot,910,152.85,41.41,194.27,2,10.30,1
torchinferno,few_shot,911,144.56,47.42,191.98,2,10.42,1
torchinferno,few_shot,912,175.34,40.83,216.17,2,9.25,1
torchinferno,few_shot,913,172.33,0.00,218.64,1,4.57,1
torchinferno,few_shot,914,170.57,0.00,217.02,1,4.61,1
torchinferno,few_shot,915,123.27,0.00,169.61,1,5.90,1
torchinferno,few_shot,916,137.77,0.00,191.58,1,5.22,1
torchinferno,few_shot,917,136.97,0.00,190.97,1,5.24,1
torchinferno,few_shot,918,127.01,61.23,188.24,2,10.62,1
torchinferno,few_shot,919,166.71,0.00,218.67,1,4.57,1
torchinferno,few_shot,920,132.21,51.68,183.89,2,10.88,1
torchinferno,few_shot,921,151.05,57.06,208.11,2,9.61,1
torchinferno,few_shot,922,159.52,66.07,225.59,2,8.87,1
torchinferno,few_shot,923,136.18,0.00,204.61,1,4.89,1
torchinferno,few_shot,924,154.01,77.90,231.91,2,8.62,1
torchinferno,few_shot,925,131.68,0.00,146.76,1,6.81,1
torchinferno,few_shot,926,160.55,0.00,175.25,1,5.71,1
torchinferno,few_shot,927,174.02,0.00,187.05,1,5.35,1
torchinferno,few_shot,928,154.87,0.00,175.34,1,5.70,1
torchinferno,few_shot,929,138.40,0.00,162.83,1,6.14,1
torchinferno,few_shot,930,153.82,0.00,174.29,1,5.74,1
torchinferno,few_shot,931,126.36,27.63,154.00,2,12.99,1
torchinferno,few_shot,932,159.69,0.00,191.75,1,5.22,1
torchinferno,few_shot,933,158.68,31.53,190.21,2,10.51,1
torchinferno,few_shot,934,138.93,36.83,175.77,2,11.38,1
torchinferno,few_shot,935,146.47,32.26,178.73,2,11.19,1
torchinferno,few_shot,936,132.12,0.00,164.30,1,6.09,1
torchinferno,few_shot,937,169.10,0.00,202.36,1,4.94,1
torchinferno,few_shot,938,153.41,36.62,190.03,2,10.52,0
torchinferno,few_shot,939,131.40,0.00,167.45,1,5.97,1
torchinferno,few_shot,940,166.50,0.00,205.76,1,4.86,1
torchinferno,few_shot,941,133.17,32.82,165.98,2,12.05,1
torchinferno,few_shot,942,142.55,0.00,177.03,1,5.65,1
torchinferno,few_shot,943,166.12,37.24,203.36,2,9.83,1
torchinferno,few_shot,944,159.94,36.03,195.97,2,10.21,1
torchinferno,few_shot,945,171.37,44.77,216.14,2,9.25,1
torchinferno,few_shot,946,119.95,0.00,158.18,1,6.32,1
torchinferno,few_shot,947,124.87,0.00,161.14,1,6.21,1
torchinferno,few_shot,948,151.75,0.00,188.66,1,5.30,1
torchinferno,few_shot,949,151.29,0.00,193.68,1,5.16,1
torchinferno,few_shot,950,162.02,47.68,209.70,2,9.54,1
torchinferno,few_shot,951,141.15,0.00,184.82,1,5.41,1
torchinferno,few_shot,952,142.32,0.00,181.23,1,5.52,1
torchinferno,few_shot,953,149.37,0.00,193.47,1,5.17,1
torchinferno,few_shot,954,130.84,0.00,178.06,1,5.62,1
torchinferno,few_shot,955,126.13,46.13,172.26,2,11.61,1
torchinferno,few_shot,956,131.65,50.57,182.22,2,10.98,1
torchinferno,few_shot,957,134.41,0.00,149.71,1,6.68,1
torchinferno,few_shot,958,127.26,0.00,140.79,1,7.10,1
torchinferno,few_shot,959,156.80,0.00,165.69,1,6.04,1
torchinferno,few_shot,960,158.66,0.00,177.07,1,5.65,1
torchinferno,few_shot,961,121.57,0.00,138.99,1,7.19,1
torchinferno,few_shot,962,131.12,0.00,149.47,1,6.69,1
torchinferno,few_shot,963,173.87,0.00,187.53,1,5.33,1
torchinferno,few_shot,964,165.27,0.00,185.67,1,5.39,1
torchinferno,few_shot,965,169.03,0.00,192.70,1,5.19,1
torchinferno,few_shot,966,139.59,0.00,154.18,1,6.49,1
torchinferno,few_shot,967,145.09,0.00,162.53,1,6.15,1
torchinferno,few_shot,968,126.32,0.00,145.62,1,6.87,1
torchinferno,few_shot,969,150.56,0.00,174.10,1,5.74,1
torchinferno,few_shot,970,143.33,0.00,165.90,1,6.03,1
torchinferno,few_shot,971,157.57,0.00,178.93,1,5.59,1
torchinferno,few_shot,972,110.21,0.00,133.46,1,7.49,1
torchinferno,few_shot,973,123.08,0.00,144.41,1,6.92,1
torchinferno,few_shot,974,167.80,0.00,194.75,1,5.13,1
torchinferno,few_shot,975,156.48,22.91,179.39,2,11.15,1
torchinferno,few_shot,976,159.38,26.77,186.15,2,10.74,1
torchinferno,few_shot,977,149.14,23.15,172.29,2,11.61,1
torchinferno,few_shot,978,166.49,28.58,195.07,2,10.25,1
torchinferno,few_shot,979,147.06,27.59,174.66,2,11.45,1
torchinferno,few_shot,980,134.92,23.57,158.49,2,12.62,1
torchinferno,few_shot,981,140.71,24.41,165.12,2,12.11,1
torchinferno,few_shot,982,132.94,24.85,157.79,2,12.68,1
torchinferno,few_shot,983,153.25,26.17,179.42,2,11.15,1
torchinferno,few_shot,984,140.89,27.98,168.87,2,11.84,1
torchinferno,few_shot,985,135.02,24.70,159.72,2,12.52,0
torchinferno,few_shot,986,160.48,33.71,194.20,2,10.30,1
torchinferno,few_shot,987,146.27,25.06,171.33,2,11.67,1
torchinferno,few_shot,988,166.05,30.10,196.14,2,10.20,1
torchinferno,few_shot,989,154.01,0.00,165.46,1,6.04,1
torchinferno,few_shot,990,143.06,0.00,153.97,1,6.49,1
torchinferno,few_shot,991,146.30,0.00,161.15,1,6.21,1
torchinferno,few_shot,992,142.96,0.00,157.61,1,6.34,1
torchinferno,few_shot,993,138.67,0.00,154.82,1,6.46,1
torchinferno,few_shot,994,157.40,0.00,170.98,1,5.85,1
torchinferno,few_shot,995,160.31,0.00,174.29,1,5.74,1
torchinferno,few_shot,996,146.88,22.48,169.36,2,11.81,1
torchinferno,few_shot,997,149.17,24.65,173.82,2,11.51,1
torchinferno,few_shot,998,159.78,26.10,185.88,2,10.76,1
torchinferno,few_shot,999,156.60,25.89,182.48,2,10.96,1
torchinferno,self_consistency,0,239.66,0.00,239.93,1,4.17,1
torchinferno,self_consistency,1,99.92,0.00,100.22,1,9.98,1
torchinferno,self_consistency,2,84.79,0.00,109.95,1,9.10,1
torchinferno,self_consistency,3,105.40,0.00,105.75,1,9.46,1
torchinferno,self_consistency,4,307.19,0.00,316.51,1,3.16,1
torchinferno,self_consistency,5,142.65,0.00,177.26,1,5.64,1
torchinferno,self_consistency,6,93.00,0.00,103.38,1,9.67,1
torchinferno,self_consistency,7,211.75,0.00,277.24,1,3.61,1
torchinferno,self_consistency,8,239.72,0.00,269.36,1,3.71,1
torchinferno,self_consistency,9,180.84,0.00,181.12,1,5.52,1
torchinferno,self_consistency,10,130.25,0.00,190.91,1,5.24,1
torchinferno,self_consistency,11,327.88,0.00,343.10,1,2.91,1
torchinferno,self_consistency,12,208.89,0.00,262.20,1,3.81,1
torchinferno,self_consistency,13,150.11,0.00,155.24,1,6.44,1
torchinferno,self_consistency,14,222.47,0.00,222.81,1,4.49,1
torchinferno,self_consistency,15,396.09,0.00,445.20,1,2.25,1
torchinferno,self_consistency,16,137.98,0.00,152.91,1,6.54,1
torchinferno,self_consistency,17,135.86,0.00,155.86,1,6.42,1
torchinferno,self_consistency,18,151.36,0.00,234.78,1,4.26,1
torchinferno,self_consistency,19,332.17,0.00,385.73,1,2.59,1
torchinferno,self_consistency,20,304.78,0.00,305.12,1,3.28,1
torchinferno,self_consistency,21,153.38,0.00,153.69,1,6.51,1
torchinferno,self_consistency,22,182.44,0.00,255.94,1,3.91,1
torchinferno,self_consistency,23,102.97,0.00,122.91,1,8.14,1
torchinferno,self_consistency,24,247.37,0.00,251.68,1,3.97,1
torchinferno,self_consistency,25,79.74,0.00,84.87,1,11.78,1
torchinferno,self_consistency,26,124.57,0.00,145.11,1,6.89,1
torchinferno,self_consistency,27,154.49,0.00,189.32,1,5.28,1
torchinferno,self_consistency,28,311.08,0.00,316.11,1,3.16,1
torchinferno,self_consistency,29,350.55,0.00,370.81,1,2.70,1
torchinferno,self_consistency,30,208.65,0.00,208.95,1,4.79,1
torchinferno,self_consistency,31,166.36,0.00,175.22,1,5.71,1
torchinferno,self_consistency,32,106.38,0.00,224.61,1,4.45,1
torchinferno,self_consistency,33,163.25,0.00,173.25,1,5.77,1
torchinferno,self_consistency,34,135.60,0.00,140.00,1,7.14,1
torchinferno,self_consistency,35,137.13,0.00,137.40,1,7.28,1
torchinferno,self_consistency,36,129.05,0.00,129.33,1,7.73,1
torchinferno,self_consistency,37,310.22,0.00,310.56,1,3.22,1
torchinferno,self_consistency,38,314.09,0.00,409.41,1,2.44,1
torchinferno,self_consistency,39,235.26,0.00,235.64,1,4.24,1
torchinferno,self_consistency,40,254.99,0.00,255.28,1,3.92,1
torchinferno,self_consistency,41,244.52,0.00,244.76,1,4.09,1
torchinferno,self_consistency,42,133.48,0.00,138.52,1,7.22,1
torchinferno,self_consistency,43,296.45,0.00,300.97,1,3.32,1
torchinferno,self_consistency,44,175.81,0.00,181.02,1,5.52,1
torchinferno,self_consistency,45,206.58,0.00,206.86,1,4.83,1
torchinferno,self_consistency,46,90.69,0.00,105.90,1,9.44,1
torchinferno,self_consistency,47,204.19,0.00,234.76,1,4.26,1
torchinferno,self_consistency,48,237.36,0.00,287.70,1,3.48,1
torchinferno,self_consistency,49,154.85,0.00,155.15,1,6.45,1
torchinferno,self_consistency,50,65.29,0.00,65.55,1,15.26,1
torchinferno,self_consistency,51,100.19,0.00,100.46,1,9.95,1
torchinferno,self_consistency,52,176.11,0.00,206.30,1,4.85,1
torchinferno,self_consistency,53,251.66,0.00,260.51,1,3.84,1
torchinferno,self_consistency,54,250.62,0.00,250.91,1,3.99,1
torchinferno,self_consistency,55,57.11,0.00,57.37,1,17.43,1
torchinferno,self_consistency,56,142.55,0.00,142.83,1,7.00,1
torchinferno,self_consistency,57,109.78,0.00,115.04,1,8.69,1
torchinferno,self_consistency,58,99.33,0.00,114.65,1,8.72,1
torchinferno,self_consistency,59,224.75,0.00,244.06,1,4.10,1
torchinferno,self_consistency,60,222.50,0.00,227.93,1,4.39,1
torchinferno,self_consistency,61,220.22,0.00,225.53,1,4.43,1
torchinferno,self_consistency,62,222.15,0.00,247.22,1,4.04,1
torchinferno,self_consistency,63,203.22,0.00,232.97,1,4.29,1
torchinferno,self_consistency,64,42.61,0.00,83.73,1,11.94,1
torchinferno,self_consistency,65,151.06,0.00,156.25,1,6.40,1
torchinferno,self_consistency,66,260.57,0.00,270.92,1,3.69,1
torchinferno,self_consistency,67,98.81,0.00,99.10,1,10.09,1
torchinferno,self_consistency,68,239.67,0.00,275.13,1,3.63,1
torchinferno,self_consistency,69,249.34,0.00,254.07,1,3.94,1
torchinferno,self_consistency,70,245.27,0.00,249.67,1,4.01,1
torchinferno,self_consistency,71,161.24,0.00,161.53,1,6.19,1
torchinferno,self_consistency,72,147.30,0.00,182.01,1,5.49,1
torchinferno,self_consistency,73,314.11,0.00,314.41,1,3.18,1
torchinferno,self_consistency,74,162.63,0.00,384.22,1,2.60,1
torchinferno,self_consistency,75,145.93,0.00,146.26,1,6.84,1
torchinferno,self_consistency,76,98.28,0.00,207.48,1,4.82,1
torchinferno,self_consistency,77,112.44,0.00,112.73,1,8.87,1
torchinferno,self_consistency,78,224.12,0.00,229.55,1,4.36,1
torchinferno,self_consistency,79,94.60,0.00,94.90,1,10.54,1
torchinferno,self_consistency,80,214.81,0.00,253.89,1,3.94,1
torchinferno,self_consistency,81,240.88,0.00,245.44,1,4.07,1
torchinferno,self_consistency,82,108.63,0.00,232.27,1,4.31,1
torchinferno,self_consistency,83,125.35,0.00,125.63,1,7.96,1
torchinferno,self_consistency,84,277.86,0.00,278.33,1,3.59,1
torchinferno,self_consistency,85,264.42,0.00,299.44,1,3.34,1
torchinferno,self_consistency,86,292.52,0.00,389.81,1,2.57,1
torchinferno,self_consistency,87,199.64,0.00,208.78,1,4.79,1
torchinferno,self_consistency,88,145.47,0.00,170.92,1,5.85,1
torchinferno,self_consistency,89,340.78,0.00,349.44,1,2.86,1
torchinferno,self_consistency,90,235.30,0.00,235.56,1,4.25,1
torchinferno,self_consistency,91,360.21,0.00,385.01,1,2.60,1
torchinferno,self_consistency,92,85.26,0.00,85.53,1,11.69,1
torchinferno,self_consistency,93,217.43,0.00,276.87,1,3.61,1
torchinferno,self_consistency,94,340.95,0.00,345.80,1,2.89,1
torchinferno,self_consistency,95,174.93,0.00,180.18,1,5.55,1
torchinferno,self_consistency,96,350.59,0.00,384.32,1,2.60,1
torchinferno,self_consistency,97,386.59,0.00,456.19,1,2.19,1
torchinferno,self_consistency,98,199.84,0.00,210.40,1,4.75,1
torchinferno,self_consistency,99,232.02,0.00,237.08,1,4.22,1
torchinferno,self_consistency,100,224.24,0.00,229.54,1,4.36,1
torchinferno,self_consistency,101,284.76,0.00,322.57,1,3.10,1
torchinferno,self_consistency,102,261.03,0.00,261.31,1,3.83,1
torchinferno,self_consistency,103,179.71,0.00,179.99,1,5.56,1
torchinferno,self_consistency,104,252.70,0.00,256.36,1,3.90,1
torchinferno,self_consistency,105,270.61,0.00,270.97,1,3.69,1
torchinferno,self_consistency,106,138.88,0.00,139.27,1,7.18,1
torchinferno,self_consistency,107,97.76,0.00,103.12,1,9.70,1
torchinferno,self_consistency,108,241.64,0.00,256.91,1,3.89,1
torchinferno,self_consistency,109,367.44,0.00,367.72,1,2.72,1
torchinferno,self_consistency,110,260.74,0.00,289.95,1,3.45,1
torchinferno,self_consistency,111,269.95,0.00,310.37,1,3.22,1
torchinferno,self_consistency,112,133.88,0.00,134.19,1,7.45,1
torchinferno,self_consistency,113,101.89,0.00,197.48,1,5.06,1
torchinferno,self_consistency,114,237.23,0.00,287.50,1,3.48,1
torchinferno,self_consistency,115,149.14,0.00,154.22,1,6.48,1
torchinferno,self_consistency,116,227.42,0.00,261.35,1,3.83,1
torchinferno,self_consistency,117,268.28,0.00,268.61,1,3.72,1
torchinferno,self_consistency,118,274.07,0.00,279.41,1,3.58,1
torchinferno,self_consistency,119,320.17,0.00,360.63,1,2.77,1
torchinferno,self_consistency,120,379.47,0.00,422.93,1,2.36,1
torchinferno,self_consistency,121,124.10,0.00,133.91,1,7.47,1
torchinferno,self_consistency,122,456.27,0.00,465.40,1,2.15,1
torchinferno,self_consistency,123,332.84,0.00,333.13,1,3.00,1
torchinferno,self_consistency,124,248.93,0.00,264.15,1,3.79,1
torchinferno,self_consistency,125,133.57,0.00,148.39,1,6.74,1
torchinferno,self_consistency,126,168.38,0.00,168.63,1,5.93,1
torchinferno,self_consistency,127,218.66,0.00,218.99,1,4.57,1
torchinferno,self_consistency,128,82.86,0.00,87.57,1,11.42,1
torchinferno,self_consistency,129,369.87,0.00,370.11,1,2.70,1
torchinferno,self_consistency,130,118.89,0.00,137.70,1,7.26,1
torchinferno,self_consistency,131,285.42,0.00,285.66,1,3.50,1
torchinferno,self_consistency,132,113.23,0.00,113.50,1,8.81,1
torchinferno,self_consistency,133,245.12,0.00,255.61,1,3.91,1
torchinferno,self_consistency,134,289.87,0.00,310.09,1,3.22,1
torchinferno,self_consistency,135,300.73,0.00,326.33,1,3.06,1
torchinferno,self_consistency,136,260.77,0.00,274.77,1,3.64,1
torchinferno,self_consistency,137,180.86,0.00,189.38,1,5.28,1
torchinferno,self_consistency,138,213.62,0.00,258.92,1,3.86,1
torchinferno,self_consistency,139,200.65,0.00,205.79,1,4.86,1
torchinferno,self_consistency,140,109.97,0.00,114.46,1,8.74,1
torchinferno,self_consistency,141,94.91,0.00,104.72,1,9.55,1
torchinferno,self_consistency,142,249.88,0.00,295.60,1,3.38,1
torchinferno,self_consistency,143,146.61,0.00,151.93,1,6.58,1
torchinferno,self_consistency,144,127.55,0.00,132.39,1,7.55,1
torchinferno,self_consistency,145,190.33,0.00,195.56,1,5.11,1
torchinferno,self_consistency,146,340.19,0.00,345.60,1,2.89,1
torchinferno,self_consistency,147,67.67,0.00,67.98,1,14.71,1
torchinferno,self_consistency,148,228.64,0.00,228.96,1,4.37,1
torchinferno,self_consistency,149,176.93,0.00,196.17,1,5.10,1
torchinferno,self_consistency,150,167.13,0.00,167.46,1,5.97,1
torchinferno,self_consistency,151,103.36,0.00,103.66,1,9.65,1
torchinferno,self_consistency,152,210.78,0.00,226.35,1,4.42,1
torchinferno,self_consistency,153,202.62,0.00,202.97,1,4.93,1
torchinferno,self_consistency,154,200.75,0.00,205.55,1,4.87,1
torchinferno,self_consistency,155,198.75,0.00,208.02,1,4.81,1
torchinferno,self_consistency,156,253.42,0.00,253.77,1,3.94,1
torchinferno,self_consistency,157,124.75,0.00,125.06,1,8.00,1
torchinferno,self_consistency,158,323.20,0.00,328.23,1,3.05,1
torchinferno,self_consistency,159,218.41,0.00,223.64,1,4.47,1
torchinferno,self_consistency,160,190.37,0.00,190.73,1,5.24,1
torchinferno,self_consistency,161,457.46,0.00,462.48,1,2.16,1
torchinferno,self_consistency,162,289.61,0.00,343.38,1,2.91,1
torchinferno,self_consistency,163,230.38,0.00,235.45,1,4.25,1
torchinferno,self_consistency,164,153.58,0.00,153.83,1,6.50,1
torchinferno,self_consistency,165,230.71,0.00,246.38,1,4.06,1
torchinferno,self_consistency,166,125.56,0.00,125.87,1,7.94,1
torchinferno,self_consistency,167,249.92,0.00,250.20,1,4.00,1
torchinferno,self_consistency,168,232.02,0.00,232.30,1,4.30,1
torchinferno,self_consistency,169,355.12,0.00,355.42,1,2.81,1
torchinferno,self_consistency,170,192.15,0.00,260.29,1,3.84,1
torchinferno,self_consistency,171,111.18,0.00,172.30,1,5.80,1
torchinferno,self_consistency,172,134.63,0.00,134.91,1,7.41,1
torchinferno,self_consistency,173,315.04,0.00,325.16,1,3.08,1
torchinferno,self_consistency,174,104.42,0.00,109.66,1,9.12,1
torchinferno,self_consistency,175,116.18,0.00,223.32,1,4.48,1
torchinferno,self_consistency,176,111.31,0.00,147.07,1,6.80,1
torchinferno,self_consistency,177,130.06,0.00,130.35,1,7.67,1
torchinferno,self_consistency,178,148.40,0.00,153.63,1,6.51,1
torchinferno,self_consistency,179,253.42,0.00,263.25,1,3.80,1
torchinferno,self_consistency,180,196.19,0.00,201.60,1,4.96,1
torchinferno,self_consistency,181,259.50,0.00,264.89,1,3.78,1
torchinferno,self_consistency,182,109.09,0.00,245.21,1,4.08,1
torchinferno,self_consistency,183,198.72,0.00,199.29,1,5.02,1
torchinferno,self_consistency,184,219.43,0.00,224.05,1,4.46,1
torchinferno,self_consistency,185,183.33,0.00,183.70,1,5.44,1
torchinferno,self_consistency,186,275.96,0.00,276.23,1,3.62,1
torchinferno,self_consistency,187,413.30,0.00,444.03,1,2.25,1
torchinferno,self_consistency,188,280.80,0.00,286.10,1,3.50,1
torchinferno,self_consistency,189,185.36,0.00,190.74,1,5.24,1
torchinferno,self_consistency,190,233.32,0.00,233.60,1,4.28,1
torchinferno,self_consistency,191,221.88,0.00,227.24,1,4.40,1
torchinferno,self_consistency,192,105.64,0.00,105.91,1,9.44,1
torchinferno,self_consistency,193,127.02,0.00,127.34,1,7.85,1
torchinferno,self_consistency,194,376.25,0.00,385.13,1,2.60,1
torchinferno,self_consistency,195,48.05,0.00,48.34,1,20.69,1
torchinferno,self_consistency,196,255.81,0.00,256.10,1,3.90,1
torchinferno,self_consistency,197,362.75,0.00,377.85,1,2.65,1
torchinferno,self_consistency,198,125.44,0.00,134.70,1,7.42,1
torchinferno,self_consistency,199,272.53,0.00,272.94,1,3.66,1
torchinferno,self_consistency,200,304.58,0.00,334.80,1,2.99,1
torchinferno,self_consistency,201,368.55,0.00,378.72,1,2.64,1
torchinferno,self_consistency,202,165.93,0.00,181.59,1,5.51,1
torchinferno,self_consistency,203,281.24,0.00,296.60,1,3.37,1
torchinferno,self_consistency,204,237.45,0.00,253.01,1,3.95,1
torchinferno,self_consistency,205,180.54,0.00,226.57,1,4.41,1
torchinferno,self_consistency,206,280.64,0.00,306.30,1,3.26,1
torchinferno,self_consistency,207,147.05,0.00,176.22,1,5.67,1
torchinferno,self_consistency,208,425.37,0.00,430.23,1,2.32,1
torchinferno,self_consistency,209,176.28,0.00,196.16,1,5.10,1
torchinferno,self_consistency,210,112.02,0.00,214.82,1,4.66,1
torchinferno,self_consistency,211,190.65,0.00,195.24,1,5.12,1
torchinferno,self_consistency,212,257.86,0.00,263.25,1,3.80,1
torchinferno,self_consistency,213,223.25,0.00,228.65,1,4.37,1
torchinferno,self_consistency,214,257.89,0.00,276.43,1,3.62,1
torchinferno,self_consistency,215,198.95,0.00,214.14,1,4.67,1
torchinferno,self_consistency,216,289.21,0.00,309.61,1,3.23,1
torchinferno,self_consistency,217,272.64,0.00,287.59,1,3.48,1
torchinferno,self_consistency,218,252.22,0.00,260.70,1,3.84,1
torchinferno,self_consistency,219,119.10,0.00,230.23,1,4.34,1
torchinferno,self_consistency,220,215.79,0.00,229.95,1,4.35,1
torchinferno,self_consistency,221,163.84,0.00,164.17,1,6.09,1
torchinferno,self_consistency,222,207.95,0.00,213.50,1,4.68,1
torchinferno,self_consistency,223,335.41,0.00,345.39,1,2.90,1
torchinferno,self_consistency,224,94.95,0.00,198.00,1,5.05,1
torchinferno,self_consistency,225,94.43,0.00,94.71,1,10.56,1
torchinferno,self_consistency,226,252.80,0.00,280.89,1,3.56,1
torchinferno,self_consistency,227,210.80,0.00,211.11,1,4.74,1
torchinferno,self_consistency,228,135.15,0.00,140.24,1,7.13,1
torchinferno,self_consistency,229,250.49,0.00,266.01,1,3.76,1
torchinferno,self_consistency,230,212.43,0.00,212.70,1,4.70,1
torchinferno,self_consistency,231,179.43,0.00,179.68,1,5.57,1
torchinferno,self_consistency,232,112.27,0.00,117.73,1,8.49,1
torchinferno,self_consistency,233,236.90,0.00,322.04,1,3.11,1
torchinferno,self_consistency,234,528.52,0.00,528.84,1,1.89,1
torchinferno,self_consistency,235,253.38,0.00,253.63,1,3.94,1
torchinferno,self_consistency,236,129.44,0.00,134.21,1,7.45,1
torchinferno,self_consistency,237,391.34,0.00,406.29,1,2.46,1
torchinferno,self_consistency,238,264.04,0.00,264.34,1,3.78,1
torchinferno,self_consistency,239,208.72,0.00,209.03,1,4.78,1
torchinferno,self_consistency,240,114.22,0.00,224.48,1,4.45,1
torchinferno,self_consistency,241,236.80,0.00,256.22,1,3.90,1
torchinferno,self_consistency,242,197.27,0.00,197.55,1,5.06,1
torchinferno,self_consistency,243,84.80,0.00,90.22,1,11.08,1
torchinferno,self_consistency,244,338.21,0.00,399.29,1,2.50,1
torchinferno,self_consistency,245,115.14,0.00,145.79,1,6.86,1
torchinferno,self_consistency,246,234.60,0.00,250.15,1,4.00,1
torchinferno,self_consistency,247,134.41,0.00,144.98,1,6.90,1
torchinferno,self_consistency,248,96.08,0.00,96.44,1,10.37,1
torchinferno,self_consistency,249,293.98,0.00,308.80,1,3.24,1
torchinferno,self_consistency,250,353.66,0.00,372.44,1,2.69,1
torchinferno,self_consistency,251,167.29,0.00,177.31,1,5.64,1
torchinferno,self_consistency,252,69.70,0.00,125.12,1,7.99,1
torchinferno,self_consistency,253,167.79,0.00,168.08,1,5.95,1
torchinferno,self_consistency,254,103.86,0.00,194.49,1,5.14,1
torchinferno,self_consistency,255,138.68,0.00,152.67,1,6.55,1
torchinferno,self_consistency,256,155.14,0.00,188.72,1,5.30,1
torchinferno,self_consistency,257,156.73,0.00,162.10,1,6.17,1
torchinferno,self_consistency,258,160.67,0.00,201.65,1,4.96,1
torchinferno,self_consistency,259,202.68,0.00,202.96,1,4.93,1
torchinferno,self_consistency,260,155.48,0.00,170.71,1,5.86,1
torchinferno,self_consistency,261,217.99,0.00,282.05,1,3.55,1
torchinferno,self_consistency,262,236.56,0.00,241.85,1,4.13,1
torchinferno,self_consistency,263,177.71,0.00,182.85,1,5.47,1
torchinferno,self_consistency,264,145.03,0.00,145.33,1,6.88,1
torchinferno,self_consistency,265,151.66,0.00,167.20,1,5.98,1
torchinferno,self_consistency,266,243.04,0.00,243.31,1,4.11,1
torchinferno,self_consistency,267,117.06,0.00,137.27,1,7.28,1
torchinferno,self_consistency,268,194.21,0.00,306.00,1,3.27,1
torchinferno,self_consistency,269,241.58,0.00,246.89,1,4.05,1
torchinferno,self_consistency,270,211.09,0.00,231.51,1,4.32,1
torchinferno,self_consistency,271,146.27,0.00,233.42,1,4.28,1
torchinferno,self_consistency,272,182.95,0.00,222.28,1,4.50,1
torchinferno,self_consistency,273,160.40,0.00,165.75,1,6.03,1
torchinferno,self_consistency,274,262.04,0.00,267.23,1,3.74,1
torchinferno,self_consistency,275,203.72,0.00,213.70,1,4.68,1
torchinferno,self_consistency,276,232.86,0.00,233.13,1,4.29,1
torchinferno,self_consistency,277,142.34,0.00,152.51,1,6.56,1
torchinferno,self_consistency,278,51.98,0.00,52.30,1,19.12,1
torchinferno,self_consistency,279,142.72,0.00,153.22,1,6.53,1
torchinferno,self_consistency,280,197.99,0.00,198.27,1,5.04,1
torchinferno,self_consistency,281,213.11,0.00,217.82,1,4.59,1
torchinferno,self_consistency,282,138.45,0.00,152.86,1,6.54,1
torchinferno,self_consistency,283,119.62,0.00,150.20,1,6.66,1
torchinferno,self_consistency,284,281.34,0.00,296.83,1,3.37,1
torchinferno,self_consistency,285,235.72,0.00,370.44,1,2.70,1
torchinferno,self_consistency,286,192.72,0.00,228.53,1,4.38,1
torchinferno,self_consistency,287,139.53,0.00,139.92,1,7.15,1
torchinferno,self_consistency,288,250.74,0.00,315.72,1,3.17,1
torchinferno,self_consistency,289,280.46,0.00,280.74,1,3.56,1
torchinferno,self_consistency,290,372.18,0.00,372.46,1,2.68,1
torchinferno,self_consistency,291,315.20,0.00,340.35,1,2.94,1
torchinferno,self_consistency,292,87.15,0.00,92.52,1,10.81,1
torchinferno,self_consistency,293,258.94,0.00,296.85,1,3.37,1
torchinferno,self_consistency,294,219.89,0.00,239.24,1,4.18,1
torchinferno,self_consistency,295,214.97,0.00,295.63,1,3.38,1
torchinferno,self_consistency,296,334.77,0.00,335.04,1,2.98,1
torchinferno,self_consistency,297,61.64,0.00,95.81,1,10.44,1
torchinferno,self_consistency,298,195.40,0.00,195.65,1,5.11,1
torchinferno,self_consistency,299,46.92,0.00,47.33,1,21.13,1
torchinferno,self_consistency,300,175.21,0.00,180.12,1,5.55,1
torchinferno,self_consistency,301,222.27,0.00,286.76,1,3.49,1
torchinferno,self_consistency,302,295.30,0.00,308.95,1,3.24,1
torchinferno,self_consistency,303,247.24,0.00,324.81,1,3.08,1
torchinferno,self_consistency,304,145.28,0.00,145.57,1,6.87,1
torchinferno,self_consistency,305,197.26,0.00,197.56,1,5.06,1
torchinferno,self_consistency,306,156.15,0.00,160.44,1,6.23,1
torchinferno,self_consistency,307,349.27,0.00,364.68,1,2.74,1
torchinferno,self_consistency,308,99.39,0.00,203.66,1,4.91,1
torchinferno,self_consistency,309,315.30,0.00,315.60,1,3.17,1
torchinferno,self_consistency,310,219.97,0.00,270.40,1,3.70,1
torchinferno,self_consistency,311,103.73,0.00,104.01,1,9.61,1
torchinferno,self_consistency,312,175.58,0.00,175.87,1,5.69,1
torchinferno,self_consistency,313,210.32,0.00,251.23,1,3.98,1
torchinferno,self_consistency,314,87.74,0.00,92.92,1,10.76,1
torchinferno,self_consistency,315,217.09,0.00,238.02,1,4.20,1
torchinferno,self_consistency,316,292.58,0.00,302.94,1,3.30,1
torchinferno,self_consistency,317,136.24,0.00,140.88,1,7.10,1
torchinferno,self_consistency,318,174.92,0.00,175.21,1,5.71,1
torchinferno,self_consistency,319,243.09,0.00,273.87,1,3.65,1
torchinferno,self_consistency,320,343.32,0.00,374.00,1,2.67,1
torchinferno,self_consistency,321,108.02,0.00,217.04,1,4.61,1
torchinferno,self_consistency,322,189.84,0.00,250.21,1,4.00,1
torchinferno,self_consistency,323,175.26,0.00,180.13,1,5.55,1
torchinferno,self_consistency,324,267.36,0.00,307.64,1,3.25,1
torchinferno,self_consistency,325,225.90,0.00,246.03,1,4.06,1
torchinferno,self_consistency,326,126.17,0.00,126.44,1,7.91,1
torchinferno,self_consistency,327,179.81,0.00,209.20,1,4.78,1
torchinferno,self_consistency,328,291.27,0.00,296.60,1,3.37,1
torchinferno,self_consistency,329,189.13,0.00,189.47,1,5.28,1
torchinferno,self_consistency,330,270.74,0.00,289.47,1,3.45,1
torchinferno,self_consistency,331,141.67,0.00,142.01,1,7.04,1
torchinferno,self_consistency,332,257.48,0.00,276.21,1,3.62,1
torchinferno,self_consistency,333,303.63,0.00,308.54,1,3.24,1
torchinferno,self_consistency,334,366.94,0.00,367.28,1,2.72,1
torchinferno,self_consistency,335,144.31,0.00,159.71,1,6.26,1
torchinferno,self_consistency,336,142.82,0.00,158.44,1,6.31,1
torchinferno,self_consistency,337,268.84,0.00,269.11,1,3.72,1
torchinferno,self_consistency,338,210.37,0.00,257.45,1,3.88,1
torchinferno,self_consistency,339,155.00,0.00,158.62,1,6.30,1
torchinferno,self_consistency,340,131.75,0.00,132.03,1,7.57,1
torchinferno,self_consistency,341,151.63,0.00,156.77,1,6.38,1
torchinferno,self_consistency,342,399.78,0.00,449.31,1,2.23,1
torchinferno,self_consistency,343,135.21,0.00,140.44,1,7.12,1
torchinferno,self_consistency,344,232.27,0.00,232.56,1,4.30,1
torchinferno,self_consistency,345,313.34,0.00,338.96,1,2.95,1
torchinferno,self_consistency,346,110.70,0.00,140.47,1,7.12,1
torchinferno,self_consistency,347,220.47,0.00,246.20,1,4.06,1
torchinferno,self_consistency,348,114.04,0.00,135.29,1,7.39,1
torchinferno,self_consistency,349,122.37,0.00,137.87,1,7.25,1
torchinferno,self_consistency,350,153.71,0.00,153.98,1,6.49,1
torchinferno,self_consistency,351,307.18,0.00,322.29,1,3.10,1
torchinferno,self_consistency,352,211.02,0.00,231.05,1,4.33,1
torchinferno,self_consistency,353,79.09,0.00,84.36,1,11.85,1
torchinferno,self_consistency,354,194.21,0.00,194.57,1,5.14,1
torchinferno,self_consistency,355,202.96,0.00,208.38,1,4.80,1
torchinferno,self_consistency,356,280.17,0.00,300.78,1,3.32,1
torchinferno,self_consistency,357,240.20,0.00,240.53,1,4.16,1
torchinferno,self_consistency,358,255.73,0.00,261.08,1,3.83,1
torchinferno,self_consistency,359,123.37,0.00,123.68,1,8.09,1
torchinferno,self_consistency,360,115.37,0.00,148.68,1,6.73,1
torchinferno,self_consistency,361,211.30,0.00,216.60,1,4.62,1
torchinferno,self_consistency,362,237.18,0.00,237.47,1,4.21,1
torchinferno,self_consistency,363,198.39,0.00,207.42,1,4.82,1
torchinferno,self_consistency,364,129.36,0.00,129.68,1,7.71,1
torchinferno,self_consistency,365,321.46,0.00,342.04,1,2.92,1
torchinferno,self_consistency,366,259.38,0.00,349.77,1,2.86,1
torchinferno,self_consistency,367,105.29,0.00,110.44,1,9.05,1
torchinferno,self_consistency,368,131.75,0.00,204.39,1,4.89,1
torchinferno,self_consistency,369,137.19,0.00,142.18,1,7.03,1
torchinferno,self_consistency,370,248.14,0.00,253.57,1,3.94,1
torchinferno,self_consistency,371,148.57,0.00,157.99,1,6.33,1
torchinferno,self_consistency,372,377.83,0.00,383.34,1,2.61,1
torchinferno,self_consistency,373,325.03,0.00,330.29,1,3.03,1
torchinferno,self_consistency,374,289.50,0.00,320.23,1,3.12,1
torchinferno,self_consistency,375,287.55,0.00,307.48,1,3.25,1
torchinferno,self_consistency,376,237.01,0.00,237.32,1,4.21,1
torchinferno,self_consistency,377,133.42,0.00,233.74,1,4.28,1
torchinferno,self_consistency,378,317.01,0.00,322.20,1,3.10,1
torchinferno,self_consistency,379,181.80,0.00,182.15,1,5.49,1
torchinferno,self_consistency,380,194.07,0.00,207.64,1,4.82,1
torchinferno,self_consistency,381,247.75,0.00,313.38,1,3.19,1
torchinferno,self_consistency,382,241.14,0.00,241.43,1,4.14,1
torchinferno,self_consistency,383,134.48,0.00,149.95,1,6.67,1
torchinferno,self_consistency,384,187.13,0.00,217.90,1,4.59,1
torchinferno,self_consistency,385,184.95,0.00,185.33,1,5.40,1
torchinferno,self_consistency,386,339.44,0.00,339.73,1,2.94,1
torchinferno,self_consistency,387,75.84,0.00,80.76,1,12.38,1
torchinferno,self_consistency,388,355.14,0.00,355.42,1,2.81,1
torchinferno,self_consistency,389,203.62,0.00,208.87,1,4.79,1
torchinferno,self_consistency,390,325.49,0.00,325.81,1,3.07,1
torchinferno,self_consistency,391,309.27,0.00,370.33,1,2.70,1
torchinferno,self_consistency,392,219.55,0.00,230.03,1,4.35,1
torchinferno,self_consistency,393,190.95,0.00,247.39,1,4.04,1
torchinferno,self_consistency,394,137.65,0.00,137.94,1,7.25,1
torchinferno,self_consistency,395,412.97,0.00,477.70,1,2.09,1
torchinferno,self_consistency,396,244.65,0.00,253.99,1,3.94,1
torchinferno,self_consistency,397,193.37,0.00,207.17,1,4.83,1
torchinferno,self_consistency,398,194.04,0.00,254.70,1,3.93,1
torchinferno,self_consistency,399,330.14,0.00,330.49,1,3.03,1
torchinferno,self_consistency,400,135.77,0.00,136.09,1,7.35,1
torchinferno,self_consistency,401,238.59,0.00,238.92,1,4.19,1
torchinferno,self_consistency,402,112.22,0.00,127.83,1,7.82,1
torchinferno,self_consistency,403,270.97,0.00,271.28,1,3.69,1
torchinferno,self_consistency,404,363.76,0.00,368.52,1,2.71,1
torchinferno,self_consistency,405,127.56,0.00,127.87,1,7.82,1
torchinferno,self_consistency,406,107.81,0.00,212.18,1,4.71,1
torchinferno,self_consistency,407,129.38,0.00,134.76,1,7.42,1
torchinferno,self_consistency,408,165.80,0.00,296.37,1,3.37,1
torchinferno,self_consistency,409,278.77,0.00,312.74,1,3.20,1
torchinferno,self_consistency,410,164.05,0.00,164.40,1,6.08,1
torchinferno,self_consistency,411,73.71,0.00,99.22,1,10.08,1
torchinferno,self_consistency,412,163.60,0.00,163.88,1,6.10,1
torchinferno,self_consistency,413,168.98,0.00,174.30,1,5.74,1
torchinferno,self_consistency,414,507.78,0.00,537.68,1,1.86,1
torchinferno,self_consistency,415,202.80,0.00,237.78,1,4.21,1
torchinferno,self_consistency,416,316.22,0.00,331.22,1,3.02,1
torchinferno,self_consistency,417,352.98,0.00,399.02,1,2.51,1
torchinferno,self_consistency,418,306.40,0.00,311.61,1,3.21,1
torchinferno,self_consistency,419,350.31,0.00,385.75,1,2.59,1
torchinferno,self_consistency,420,242.57,0.00,247.59,1,4.04,1
torchinferno,self_consistency,421,192.39,0.00,197.40,1,5.07,1
torchinferno,self_consistency,422,381.75,0.00,382.04,1,2.62,1
torchinferno,self_consistency,423,215.49,0.00,235.58,1,4.24,1
torchinferno,self_consistency,424,274.74,0.00,290.19,1,3.45,1
torchinferno,self_consistency,425,201.55,0.00,201.89,1,4.95,1
torchinferno,self_consistency,426,283.69,0.00,283.98,1,3.52,1
torchinferno,self_consistency,427,423.55,0.00,439.07,1,2.28,1
torchinferno,self_consistency,428,291.47,0.00,331.92,1,3.01,1
torchinferno,self_consistency,429,329.27,0.00,329.55,1,3.03,1
torchinferno,self_consistency,430,269.12,0.00,269.45,1,3.71,1
torchinferno,self_consistency,431,292.43,0.00,292.70,1,3.42,1
torchinferno,self_consistency,432,248.68,0.00,248.96,1,4.02,1
torchinferno,self_consistency,433,257.69,0.00,293.17,1,3.41,1
torchinferno,self_consistency,434,236.11,0.00,236.45,1,4.23,1
torchinferno,self_consistency,435,307.84,0.00,333.55,1,3.00,1
torchinferno,self_consistency,436,414.82,0.00,415.14,1,2.41,1
torchinferno,self_consistency,437,162.27,0.00,167.45,1,5.97,1
torchinferno,self_consistency,438,344.40,0.00,399.47,1,2.50,1
torchinferno,self_consistency,439,235.26,0.00,310.26,1,3.22,1
torchinferno,self_consistency,440,167.30,0.00,222.57,1,4.49,1
torchinferno,self_consistency,441,320.28,0.00,451.06,1,2.22,1
torchinferno,self_consistency,442,162.22,0.00,197.27,1,5.07,1
torchinferno,self_consistency,443,279.14,0.00,279.46,1,3.58,1
torchinferno,self_consistency,444,536.23,0.00,651.10,1,1.54,1
torchinferno,self_consistency,445,199.10,0.00,245.17,1,4.08,1
torchinferno,self_consistency,446,422.07,0.00,551.14,1,1.81,1
torchinferno,self_consistency,447,157.59,0.00,157.93,1,6.33,1
torchinferno,self_consistency,448,447.92,0.00,462.61,1,2.16,1
torchinferno,self_consistency,449,256.97,0.00,266.38,1,3.75,1
torchinferno,self_consistency,450,257.54,0.00,272.72,1,3.67,1
torchinferno,self_consistency,451,297.57,0.00,302.00,1,3.31,1
torchinferno,self_consistency,452,359.21,0.00,359.51,1,2.78,1
torchinferno,self_consistency,453,246.03,0.00,250.67,1,3.99,1
torchinferno,self_consistency,454,467.81,0.00,483.27,1,2.07,1
torchinferno,self_consistency,455,299.73,0.00,300.04,1,3.33,1
torchinferno,self_consistency,456,417.53,0.00,417.83,1,2.39,1
torchinferno,self_consistency,457,341.10,0.00,349.91,1,2.86,1
torchinferno,self_consistency,458,464.92,0.00,470.22,1,2.13,1
torchinferno,self_consistency,459,161.10,0.00,170.40,1,5.87,1
torchinferno,self_consistency,460,240.64,0.00,240.98,1,4.15,1
torchinferno,self_consistency,461,238.07,0.00,286.97,1,3.48,1
torchinferno,self_consistency,462,115.37,0.00,115.71,1,8.64,1
torchinferno,self_consistency,463,364.96,0.00,365.30,1,2.74,1
torchinferno,self_consistency,464,400.38,0.00,449.14,1,2.23,1
torchinferno,self_consistency,465,210.15,0.00,225.62,1,4.43,1
torchinferno,self_consistency,466,216.80,0.00,217.12,1,4.61,1
torchinferno,self_consistency,467,429.30,0.00,429.60,1,2.33,1
torchinferno,self_consistency,468,294.90,0.00,300.30,1,3.33,1
torchinferno,self_consistency,469,149.82,0.00,150.11,1,6.66,1
torchinferno,self_consistency,470,135.68,0.00,140.62,1,7.11,1
torchinferno,self_consistency,471,196.79,0.00,197.08,1,5.07,1
torchinferno,self_consistency,472,256.33,0.00,281.85,1,3.55,1
torchinferno,self_consistency,473,265.42,0.00,290.78,1,3.44,1
torchinferno,self_consistency,474,70.70,0.00,96.42,1,10.37,1
torchinferno,self_consistency,475,270.78,0.00,335.41,1,2.98,1
torchinferno,self_consistency,476,294.31,0.00,304.82,1,3.28,1
torchinferno,self_consistency,477,525.36,0.00,580.58,1,1.72,1
torchinferno,self_consistency,478,320.47,0.00,325.82,1,3.07,1
torchinferno,self_consistency,479,331.46,0.00,331.85,1,3.01,1
torchinferno,self_consistency,480,386.38,0.00,396.50,1,2.52,1
torchinferno,self_consistency,481,508.64,0.00,549.43,1,1.82,1
torchinferno,self_consistency,482,191.85,0.00,232.41,1,4.30,1
torchinferno,self_consistency,483,120.72,0.00,131.21,1,7.62,1
torchinferno,self_consistency,484,220.29,0.00,245.77,1,4.07,1
torchinferno,self_consistency,485,220.65,0.00,220.99,1,4.53,1
torchinferno,self_consistency,486,326.62,0.00,377.79,1,2.65,1
torchinferno,self_consistency,487,346.41,0.00,356.16,1,2.81,1
torchinferno,self_consistency,488,324.76,0.00,380.48,1,2.63,1
torchinferno,self_consistency,489,375.30,0.00,406.01,1,2.46,1
torchinferno,self_consistency,490,226.40,0.00,226.69,1,4.41,1
torchinferno,self_consistency,491,372.36,0.00,382.61,1,2.61,1
torchinferno,self_consistency,492,331.23,0.00,351.44,1,2.85,1
torchinferno,self_consistency,493,405.74,0.00,406.08,1,2.46,1
torchinferno,self_consistency,494,459.31,0.00,459.64,1,2.18,1
torchinferno,self_consistency,495,350.84,0.00,380.85,1,2.63,1
torchinferno,self_consistency,496,361.13,0.00,376.42,1,2.66,1
torchinferno,self_consistency,497,161.41,0.00,161.70,1,6.18,1
torchinferno,self_consistency,498,186.52,0.00,242.24,1,4.13,1
torchinferno,self_consistency,499,139.46,0.00,234.77,1,4.26,1
torchinferno,self_consistency,500,361.03,0.00,501.12,1,2.00,1
torchinferno,self_consistency,501,272.39,0.00,322.57,1,3.10,1
torchinferno,self_consistency,502,316.78,0.00,456.49,1,2.19,1
torchinferno,self_consistency,503,186.30,0.00,206.82,1,4.84,1
torchinferno,self_consistency,504,301.18,0.00,321.72,1,3.11,1
torchinferno,self_consistency,505,146.40,0.00,146.73,1,6.82,1
torchinferno,self_consistency,506,299.93,0.00,310.44,1,3.22,1
torchinferno,self_consistency,507,241.50,0.00,241.88,1,4.13,1
torchinferno,self_consistency,508,390.87,0.00,391.18,1,2.56,1
torchinferno,self_consistency,509,320.67,0.00,326.10,1,3.07,1
torchinferno,self_consistency,510,445.68,0.00,450.56,1,2.22,1
torchinferno,self_consistency,511,192.37,0.00,192.66,1,5.19,1
torchinferno,self_consistency,512,400.02,0.00,400.38,1,2.50,1
torchinferno,self_consistency,513,282.16,0.00,317.17,1,3.15,1
torchinferno,self_consistency,514,297.44,0.00,338.17,1,2.96,1
torchinferno,self_consistency,515,568.83,0.00,579.34,1,1.73,1
torchinferno,self_consistency,516,161.25,0.00,166.13,1,6.02,1
torchinferno,self_consistency,517,186.54,0.00,211.71,1,4.72,1
torchinferno,self_consistency,518,260.13,0.00,260.42,1,3.84,1
torchinferno,self_consistency,519,300.99,0.00,301.44,1,3.32,1
torchinferno,self_consistency,520,235.89,0.00,236.25,1,4.23,1
torchinferno,self_consistency,521,335.08,0.00,344.99,1,2.90,1
torchinferno,self_consistency,522,405.14,0.00,445.10,1,2.25,1
torchinferno,self_consistency,523,364.58,0.00,404.95,1,2.47,1
torchinferno,self_consistency,524,210.68,0.00,275.36,1,3.63,1
torchinferno,self_consistency,525,256.09,0.00,256.50,1,3.90,1
torchinferno,self_consistency,526,235.65,0.00,250.97,1,3.98,1
torchinferno,self_consistency,527,231.01,0.00,251.06,1,3.98,1
torchinferno,self_consistency,528,340.36,0.00,340.66,1,2.94,1
torchinferno,self_consistency,529,326.23,0.00,446.28,1,2.24,1
torchinferno,self_consistency,530,380.19,0.00,390.36,1,2.56,1
torchinferno,self_consistency,531,517.45,0.00,517.78,1,1.93,1
torchinferno,self_consistency,532,366.63,0.00,450.87,1,2.22,1
torchinferno,self_consistency,533,454.99,0.00,485.02,1,2.06,1
torchinferno,self_consistency,534,285.13,0.00,299.76,1,3.34,1
torchinferno,self_consistency,535,171.72,0.00,172.03,1,5.81,1
torchinferno,self_consistency,536,250.04,0.00,275.20,1,3.63,1
torchinferno,self_consistency,537,364.71,0.00,370.13,1,2.70,1
torchinferno,self_consistency,538,349.41,0.00,349.73,1,2.86,1
torchinferno,self_consistency,539,384.78,0.00,404.34,1,2.47,1
torchinferno,self_consistency,540,330.06,0.00,330.34,1,3.03,1
torchinferno,self_consistency,541,445.43,0.00,466.06,1,2.15,1
torchinferno,self_consistency,542,344.97,0.00,345.25,1,2.90,1
torchinferno,self_consistency,543,324.93,0.00,345.49,1,2.89,1
torchinferno,self_consistency,544,311.10,0.00,345.22,1,2.90,1
torchinferno,self_consistency,545,284.78,0.00,364.25,1,2.75,1
torchinferno,self_consistency,546,310.26,0.00,330.65,1,3.02,1
torchinferno,self_consistency,547,402.03,0.00,467.08,1,2.14,1
torchinferno,self_consistency,548,319.80,0.00,334.77,1,2.99,1
torchinferno,self_consistency,549,385.02,0.00,389.86,1,2.57,1
torchinferno,self_consistency,550,191.89,0.00,225.87,1,4.43,1
torchinferno,self_consistency,551,223.41,0.00,279.27,1,3.58,1
torchinferno,self_consistency,552,191.71,0.00,206.85,1,4.83,1
torchinferno,self_consistency,553,379.24,0.00,379.55,1,2.63,1
torchinferno,self_consistency,554,187.22,0.00,226.31,1,4.42,1
torchinferno,self_consistency,555,314.08,0.00,339.13,1,2.95,1
torchinferno,self_consistency,556,290.45,0.00,295.82,1,3.38,1
torchinferno,self_consistency,557,429.66,0.00,460.32,1,2.17,1
torchinferno,self_consistency,558,858.69,0.00,859.04,1,1.16,1
torchinferno,self_consistency,559,416.18,0.00,431.72,1,2.32,1
torchinferno,self_consistency,560,192.35,0.00,197.15,1,5.07,1
torchinferno,self_consistency,561,399.90,0.00,410.04,1,2.44,1
torchinferno,self_consistency,562,395.26,0.00,410.80,1,2.43,1
torchinferno,self_consistency,563,314.68,0.00,314.95,1,3.18,1
torchinferno,self_consistency,564,168.96,0.00,189.39,1,5.28,1
torchinferno,self_consistency,565,293.44,0.00,297.35,1,3.36,1
torchinferno,self_consistency,566,440.77,0.00,465.98,1,2.15,1
torchinferno,self_consistency,567,286.21,0.00,336.06,1,2.98,1
torchinferno,self_consistency,568,378.75,0.00,383.77,1,2.61,1
torchinferno,self_consistency,569,389.24,0.00,474.04,1,2.11,1
torchinferno,self_consistency,570,266.32,0.00,266.65,1,3.75,1
torchinferno,self_consistency,571,242.65,0.00,258.22,1,3.87,1
torchinferno,self_consistency,572,425.45,0.00,439.46,1,2.28,1
torchinferno,self_consistency,573,444.73,0.00,597.79,1,1.67,1
torchinferno,self_consistency,574,256.27,0.00,276.73,1,3.61,1
torchinferno,self_consistency,575,526.67,0.00,565.90,1,1.77,1
torchinferno,self_consistency,576,530.34,0.00,530.66,1,1.88,1
torchinferno,self_consistency,577,210.64,0.00,210.94,1,4.74,1
torchinferno,self_consistency,578,180.70,0.00,181.04,1,5.52,1
torchinferno,self_consistency,579,371.03,0.00,431.14,1,2.32,1
torchinferno,self_consistency,580,325.46,0.00,410.33,1,2.44,1
torchinferno,self_consistency,581,395.03,0.00,403.96,1,2.48,1
torchinferno,self_consistency,582,251.69,0.00,277.38,1,3.61,1
torchinferno,self_consistency,583,325.88,0.00,350.09,1,2.86,1
torchinferno,self_consistency,584,191.73,0.00,196.52,1,5.09,1
torchinferno,self_consistency,585,479.84,0.00,495.37,1,2.02,1
torchinferno,self_consistency,586,360.00,0.00,360.34,1,2.78,1
torchinferno,self_consistency,587,360.37,0.00,370.79,1,2.70,1
torchinferno,self_consistency,588,236.33,0.00,236.64,1,4.23,1
torchinferno,self_consistency,589,205.04,0.00,215.49,1,4.64,1
torchinferno,self_consistency,590,320.86,0.00,325.70,1,3.07,1
torchinferno,self_consistency,591,312.43,0.00,312.69,1,3.20,1
torchinferno,self_consistency,592,236.69,0.00,252.18,1,3.97,1
torchinferno,self_consistency,593,254.96,0.00,259.61,1,3.85,1
torchinferno,self_consistency,594,175.60,0.00,225.76,1,4.43,1
torchinferno,self_consistency,595,166.07,0.00,166.35,1,6.01,1
torchinferno,self_consistency,596,409.11,0.00,422.90,1,2.36,1
torchinferno,self_consistency,597,345.06,0.00,345.38,1,2.90,1
torchinferno,self_consistency,598,172.55,0.00,173.05,1,5.78,1
torchinferno,self_consistency,599,329.65,0.00,329.95,1,3.03,1
torchinferno,self_consistency,600,270.95,0.00,275.89,1,3.62,1
torchinferno,self_consistency,601,156.89,0.00,157.18,1,6.36,1
torchinferno,self_consistency,602,275.16,0.00,275.44,1,3.63,1
torchinferno,self_consistency,603,251.86,0.00,321.25,1,3.11,1
torchinferno,self_consistency,604,399.81,0.00,478.39,1,2.09,1
torchinferno,self_consistency,605,280.72,0.00,285.99,1,3.50,1
torchinferno,self_consistency,606,356.74,0.00,361.06,1,2.77,1
torchinferno,self_consistency,607,360.18,0.00,464.87,1,2.15,1
torchinferno,self_consistency,608,200.96,0.00,245.17,1,4.08,1
torchinferno,self_consistency,609,140.50,0.00,140.79,1,7.10,1
torchinferno,self_consistency,610,308.48,0.00,332.45,1,3.01,1
torchinferno,self_consistency,611,265.16,0.00,265.47,1,3.77,1
torchinferno,self_consistency,612,328.98,0.00,339.42,1,2.95,1
torchinferno,self_consistency,613,364.34,0.00,364.63,1,2.74,1
torchinferno,self_consistency,614,253.50,0.00,258.20,1,3.87,1
torchinferno,self_consistency,615,265.74,0.00,266.07,1,3.76,1
torchinferno,self_consistency,616,265.62,0.00,330.00,1,3.03,1
torchinferno,self_consistency,617,166.83,0.00,186.93,1,5.35,1
torchinferno,self_consistency,618,525.78,0.00,526.16,1,1.90,1
torchinferno,self_consistency,619,94.93,0.00,159.26,1,6.28,1
torchinferno,self_consistency,620,420.36,0.00,435.90,1,2.29,1
torchinferno,self_consistency,621,424.85,0.00,430.25,1,2.32,1
torchinferno,self_consistency,622,416.20,0.00,430.90,1,2.32,1
torchinferno,self_consistency,623,196.15,0.00,196.47,1,5.09,1
torchinferno,self_consistency,624,246.59,0.00,380.29,1,2.63,1
torchinferno,self_consistency,625,216.42,0.00,266.34,1,3.75,1
torchinferno,self_consistency,626,195.31,0.00,200.60,1,4.99,1
torchinferno,self_consistency,627,194.95,0.00,200.10,1,5.00,1
torchinferno,self_consistency,628,241.48,0.00,246.81,1,4.05,1
torchinferno,self_consistency,629,334.52,0.00,339.87,1,2.94,1
torchinferno,self_consistency,630,155.45,0.00,175.34,1,5.70,1
torchinferno,self_consistency,631,294.40,0.00,339.02,1,2.95,1
torchinferno,self_consistency,632,270.71,0.00,271.02,1,3.69,1
torchinferno,self_consistency,633,155.66,0.00,155.97,1,6.41,1
torchinferno,self_consistency,634,185.76,0.00,230.33,1,4.34,1
torchinferno,self_consistency,635,494.32,0.00,504.23,1,1.98,1
torchinferno,self_consistency,636,532.54,0.00,617.05,1,1.62,1
torchinferno,self_consistency,637,409.11,0.00,414.39,1,2.41,1
torchinferno,self_consistency,638,174.55,0.00,179.65,1,5.57,1
torchinferno,self_consistency,639,211.48,0.00,211.77,1,4.72,1
torchinferno,self_consistency,640,626.97,0.00,652.85,1,1.53,1
torchinferno,self_consistency,641,418.82,0.00,429.23,1,2.33,1
torchinferno,self_consistency,642,340.67,0.00,351.10,1,2.85,1
torchinferno,self_consistency,643,259.85,0.00,260.19,1,3.84,1
torchinferno,self_consistency,644,154.68,0.00,164.30,1,6.09,1
torchinferno,self_consistency,645,264.94,0.00,274.93,1,3.64,1
torchinferno,self_consistency,646,236.02,0.00,236.31,1,4.23,1
torchinferno,self_consistency,647,577.22,0.00,577.53,1,1.73,1
torchinferno,self_consistency,648,459.66,0.00,459.98,1,2.17,1
torchinferno,self_consistency,649,371.04,0.00,371.36,1,2.69,1
torchinferno,self_consistency,650,305.06,0.00,305.37,1,3.27,1
torchinferno,self_consistency,651,764.89,0.00,830.51,1,1.20,1
torchinferno,self_consistency,652,419.94,0.00,435.49,1,2.30,1
torchinferno,self_consistency,653,116.18,0.00,126.62,1,7.90,1
torchinferno,self_consistency,654,474.95,0.00,475.31,1,2.10,1
torchinferno,self_consistency,655,295.65,0.00,300.99,1,3.32,1
torchinferno,self_consistency,656,392.85,0.00,393.10,1,2.54,1
torchinferno,self_consistency,657,339.17,0.00,359.86,1,2.78,1
torchinferno,self_consistency,658,331.00,0.00,331.36,1,3.02,1
torchinferno,self_consistency,659,275.20,0.00,370.31,1,2.70,1
torchinferno,self_consistency,660,269.89,0.00,404.47,1,2.47,1
torchinferno,self_consistency,661,374.93,0.00,375.24,1,2.66,1
torchinferno,self_consistency,662,429.40,0.00,460.20,1,2.17,1
torchinferno,self_consistency,663,328.72,0.00,329.09,1,3.04,1
torchinferno,self_consistency,664,545.90,0.00,546.23,1,1.83,1
torchinferno,self_consistency,665,439.97,0.00,449.93,1,2.22,1
torchinferno,self_consistency,666,355.32,0.00,355.67,1,2.81,1
torchinferno,self_consistency,667,320.69,0.00,321.00,1,3.12,1
torchinferno,self_consistency,668,295.33,0.00,310.28,1,3.22,1
torchinferno,self_consistency,669,225.41,0.00,225.78,1,4.43,1
torchinferno,self_consistency,670,475.12,0.00,545.30,1,1.83,1
torchinferno,self_consistency,671,520.22,0.00,579.47,1,1.73,1
torchinferno,self_consistency,672,127.58,0.00,127.94,1,7.82,1
torchinferno,self_consistency,673,239.98,0.00,245.44,1,4.07,1
torchinferno,self_consistency,674,215.22,0.00,215.51,1,4.64,1
torchinferno,self_consistency,675,443.36,0.00,458.25,1,2.18,1
torchinferno,self_consistency,676,251.66,0.00,266.00,1,3.76,1
torchinferno,self_consistency,677,191.44,0.00,225.56,1,4.43,1
torchinferno,self_consistency,678,212.26,0.00,217.67,1,4.59,1
torchinferno,self_consistency,679,359.53,0.00,359.89,1,2.78,1
torchinferno,self_consistency,680,259.18,0.00,274.61,1,3.64,1
torchinferno,self_consistency,681,519.04,0.00,524.50,1,1.91,1
torchinferno,self_consistency,682,275.85,0.00,301.41,1,3.32,1
torchinferno,self_consistency,683,497.97,0.00,512.91,1,1.95,1
torchinferno,self_consistency,684,234.64,0.00,234.92,1,4.26,1
torchinferno,self_consistency,685,340.04,0.00,350.28,1,2.85,1
torchinferno,self_consistency,686,577.15,0.00,691.68,1,1.45,1
torchinferno,self_consistency,687,310.47,0.00,310.79,1,3.22,1
torchinferno,self_consistency,688,235.24,0.00,235.59,1,4.24,1
torchinferno,self_consistency,689,191.72,0.00,207.22,1,4.83,1
torchinferno,self_consistency,690,662.98,0.00,678.43,1,1.47,1
torchinferno,self_consistency,691,387.96,0.00,388.29,1,2.58,1
torchinferno,self_consistency,692,157.10,0.00,172.54,1,5.80,1
torchinferno,self_consistency,693,528.73,0.00,554.16,1,1.80,1
torchinferno,self_consistency,694,474.46,0.00,485.12,1,2.06,1
torchinferno,self_consistency,695,325.34,0.00,325.65,1,3.07,1
torchinferno,self_consistency,696,474.22,0.00,474.57,1,2.11,1
torchinferno,self_consistency,697,188.56,0.00,194.02,1,5.15,1
torchinferno,self_consistency,698,508.59,0.00,523.72,1,1.91,1
torchinferno,self_consistency,699,288.06,0.00,318.57,1,3.14,1
torchinferno,self_consistency,700,305.35,0.00,305.66,1,3.27,1
torchinferno,self_consistency,701,464.34,0.00,524.47,1,1.91,1
torchinferno,self_consistency,702,469.42,0.00,469.72,1,2.13,1
torchinferno,self_consistency,703,250.89,0.00,251.26,1,3.98,1
torchinferno,self_consistency,704,147.38,0.00,147.76,1,6.77,1
torchinferno,self_consistency,705,463.82,0.00,493.75,1,2.03,1
torchinferno,self_consistency,706,221.86,0.00,261.89,1,3.82,1
torchinferno,self_consistency,707,258.43,0.00,258.75,1,3.86,1
torchinferno,self_consistency,708,101.87,0.00,196.32,1,5.09,1
torchinferno,self_consistency,709,384.94,0.00,394.93,1,2.53,1
torchinferno,self_consistency,710,328.00,0.00,423.80,1,2.36,1
torchinferno,self_consistency,711,126.69,0.00,127.04,1,7.87,1
torchinferno,self_consistency,712,459.93,0.00,465.44,1,2.15,1
torchinferno,self_consistency,713,425.08,0.00,450.67,1,2.22,1
torchinferno,self_consistency,714,365.06,0.00,401.03,1,2.49,1
torchinferno,self_consistency,715,237.47,0.00,253.04,1,3.95,1
torchinferno,self_consistency,716,311.33,0.00,311.69,1,3.21,1
torchinferno,self_consistency,717,584.43,0.00,629.63,1,1.59,1
torchinferno,self_consistency,718,261.56,0.00,271.59,1,3.68,1
torchinferno,self_consistency,719,324.83,0.00,424.75,1,2.35,1
torchinferno,self_consistency,720,192.88,0.00,193.21,1,5.18,1
torchinferno,self_consistency,721,210.08,0.00,215.18,1,4.65,1
torchinferno,self_consistency,722,321.81,0.00,322.09,1,3.10,1
torchinferno,self_consistency,723,223.20,0.00,233.41,1,4.28,1
torchinferno,self_consistency,724,583.10,0.00,709.03,1,1.41,1
torchinferno,self_consistency,725,344.56,0.00,394.76,1,2.53,1
torchinferno,self_consistency,726,320.79,0.00,356.02,1,2.81,1
torchinferno,self_consistency,727,389.55,0.00,389.87,1,2.56,1
torchinferno,self_consistency,728,385.34,0.00,385.64,1,2.59,1
torchinferno,self_consistency,729,380.91,0.00,381.22,1,2.62,1
torchinferno,self_consistency,730,277.19,0.00,302.34,1,3.31,1
torchinferno,self_consistency,731,361.06,0.00,365.99,1,2.73,1
torchinferno,self_consistency,732,475.87,0.00,476.21,1,2.10,1
torchinferno,self_consistency,733,311.47,0.00,341.53,1,2.93,1
torchinferno,self_consistency,734,341.78,0.00,392.76,1,2.55,1
torchinferno,self_consistency,735,270.65,0.00,270.90,1,3.69,1
torchinferno,self_consistency,736,456.01,0.00,456.37,1,2.19,1
torchinferno,self_consistency,737,266.34,0.00,322.15,1,3.10,1
torchinferno,self_consistency,738,271.61,0.00,276.63,1,3.62,1
torchinferno,self_consistency,739,446.28,0.00,456.51,1,2.19,1
torchinferno,self_consistency,740,217.54,0.00,217.88,1,4.59,1
torchinferno,self_consistency,741,366.72,0.00,367.03,1,2.72,1
torchinferno,self_consistency,742,555.24,0.00,555.55,1,1.80,1
torchinferno,self_consistency,743,401.51,0.00,401.89,1,2.49,1
torchinferno,self_consistency,744,222.98,0.00,248.32,1,4.03,1
torchinferno,self_consistency,745,554.33,0.00,604.74,1,1.65,1
torchinferno,self_consistency,746,347.04,0.00,347.35,1,2.88,1
torchinferno,self_consistency,747,257.36,0.00,282.51,1,3.54,1
torchinferno,self_consistency,748,122.40,0.00,122.69,1,8.15,1
torchinferno,self_consistency,749,292.64,0.00,317.70,1,3.15,1
torchinferno,self_consistency,750,580.10,0.00,610.45,1,1.64,1
torchinferno,self_consistency,751,153.12,0.00,188.74,1,5.30,1
torchinferno,self_consistency,752,466.47,0.00,466.90,1,2.14,1
torchinferno,self_consistency,753,376.53,0.00,376.90,1,2.65,1
torchinferno,self_consistency,754,377.29,0.00,402.86,1,2.48,1
torchinferno,self_consistency,755,172.14,0.00,237.62,1,4.21,1
torchinferno,self_consistency,756,317.46,0.00,317.84,1,3.15,1
torchinferno,self_consistency,757,305.18,0.00,315.56,1,3.17,1
torchinferno,self_consistency,758,336.93,0.00,341.95,1,2.92,1
torchinferno,self_consistency,759,252.15,0.00,257.52,1,3.88,1
torchinferno,self_consistency,760,310.91,0.00,311.23,1,3.21,1
torchinferno,self_consistency,761,217.59,0.00,248.44,1,4.03,1
torchinferno,self_consistency,762,162.92,0.00,163.21,1,6.13,1
torchinferno,self_consistency,763,212.20,0.00,277.61,1,3.60,1
torchinferno,self_consistency,764,342.88,0.00,399.03,1,2.51,1
torchinferno,self_consistency,765,286.83,0.00,382.07,1,2.62,1
torchinferno,self_consistency,766,197.39,0.00,197.71,1,5.06,1
torchinferno,self_consistency,767,337.86,0.00,338.17,1,2.96,1
torchinferno,self_consistency,768,579.04,0.00,689.45,1,1.45,1
torchinferno,self_consistency,769,426.53,0.00,431.43,1,2.32,1
torchinferno,self_consistency,770,296.70,0.00,311.30,1,3.21,1
torchinferno,self_consistency,771,198.40,0.00,249.08,1,4.01,1
torchinferno,self_consistency,772,490.83,0.00,496.31,1,2.01,1
torchinferno,self_consistency,773,491.06,0.00,491.37,1,2.04,1
torchinferno,self_consistency,774,461.44,0.00,472.06,1,2.12,1
torchinferno,self_consistency,775,516.06,0.00,516.36,1,1.94,1
torchinferno,self_consistency,776,387.71,0.00,392.96,1,2.54,1
torchinferno,self_consistency,777,347.44,0.00,347.76,1,2.88,1
torchinferno,self_consistency,778,406.72,0.00,407.09,1,2.46,1
torchinferno,self_consistency,779,253.70,0.00,269.11,1,3.72,1
torchinferno,self_consistency,780,396.49,0.00,411.89,1,2.43,1
torchinferno,self_consistency,781,456.02,0.00,456.29,1,2.19,1
torchinferno,self_consistency,782,432.47,0.00,448.03,1,2.23,1
torchinferno,self_consistency,783,488.29,0.00,498.63,1,2.01,1
torchinferno,self_consistency,784,252.67,0.00,253.02,1,3.95,1
torchinferno,self_consistency,785,288.43,0.00,288.73,1,3.46,1
torchinferno,self_consistency,786,213.35,0.00,228.57,1,4.38,1
torchinferno,self_consistency,787,272.77,0.00,273.17,1,3.66,1
torchinferno,self_consistency,788,242.28,0.00,246.38,1,4.06,1
torchinferno,self_consistency,789,397.03,0.00,446.23,1,2.24,1
torchinferno,self_consistency,790,585.86,0.00,606.09,1,1.65,1
torchinferno,self_consistency,791,258.53,0.00,263.69,1,3.79,1
torchinferno,self_consistency,792,273.07,0.00,277.33,1,3.61,1
torchinferno,self_consistency,793,112.06,0.00,112.35,1,8.90,1
torchinferno,self_consistency,794,515.78,0.00,649.24,1,1.54,1
torchinferno,self_consistency,795,371.55,0.00,387.14,1,2.58,1
torchinferno,self_consistency,796,353.68,0.00,392.75,1,2.55,1
torchinferno,self_consistency,797,381.45,0.00,381.74,1,2.62,1
torchinferno,self_consistency,798,221.18,0.00,221.49,1,4.51,1
torchinferno,self_consistency,799,292.70,0.00,297.69,1,3.36,1
torchinferno,self_consistency,800,271.60,0.00,291.57,1,3.43,1
torchinferno,self_consistency,801,346.99,0.00,411.59,1,2.43,1
torchinferno,self_consistency,802,312.00,0.00,312.30,1,3.20,1
torchinferno,self_consistency,803,326.82,0.00,327.12,1,3.06,1
torchinferno,self_consistency,804,460.91,0.00,471.42,1,2.12,1
torchinferno,self_consistency,805,505.98,0.00,506.36,1,1.97,1
torchinferno,self_consistency,806,221.00,0.00,230.92,1,4.33,1
torchinferno,self_consistency,807,185.89,0.00,186.19,1,5.37,1
torchinferno,self_consistency,808,349.16,0.00,349.49,1,2.86,1
torchinferno,self_consistency,809,277.24,0.00,415.95,1,2.40,1
torchinferno,self_consistency,810,386.37,0.00,386.68,1,2.59,1
torchinferno,self_consistency,811,192.46,0.00,226.84,1,4.41,1
torchinferno,self_consistency,812,284.48,0.00,284.84,1,3.51,1
torchinferno,self_consistency,813,310.87,0.00,311.16,1,3.21,1
torchinferno,self_consistency,814,186.19,0.00,230.74,1,4.33,1
torchinferno,self_consistency,815,422.05,0.00,431.85,1,2.32,1
torchinferno,self_consistency,816,165.27,0.00,165.61,1,6.04,1
torchinferno,self_consistency,817,382.06,0.00,471.21,1,2.12,1
torchinferno,self_consistency,818,395.44,0.00,410.32,1,2.44,1
torchinferno,self_consistency,819,161.83,0.00,216.68,1,4.62,1
torchinferno,self_consistency,820,245.92,0.00,251.34,1,3.98,1
torchinferno,self_consistency,821,409.91,0.00,429.92,1,2.33,1
torchinferno,self_consistency,822,361.14,0.00,361.44,1,2.77,1
torchinferno,self_consistency,823,240.82,0.00,246.25,1,4.06,1
torchinferno,self_consistency,824,171.29,0.00,181.87,1,5.50,1
torchinferno,self_consistency,825,445.67,0.00,445.96,1,2.24,1
torchinferno,self_consistency,826,111.19,0.00,136.83,1,7.31,1
torchinferno,self_consistency,827,215.99,0.00,216.30,1,4.62,1
torchinferno,self_consistency,828,387.16,0.00,422.26,1,2.37,1
torchinferno,self_consistency,829,230.31,0.00,255.95,1,3.91,1
torchinferno,self_consistency,830,230.63,0.00,280.92,1,3.56,1
torchinferno,self_consistency,831,301.50,0.00,301.79,1,3.31,1
torchinferno,self_consistency,832,445.06,0.00,495.92,1,2.02,1
torchinferno,self_consistency,833,211.04,0.00,216.50,1,4.62,1
torchinferno,self_consistency,834,441.75,0.00,452.23,1,2.21,1
torchinferno,self_consistency,835,230.91,0.00,280.90,1,3.56,1
torchinferno,self_consistency,836,185.50,0.00,225.89,1,4.43,1
torchinferno,self_consistency,837,356.93,0.00,387.11,1,2.58,1
torchinferno,self_consistency,838,179.68,0.00,204.54,1,4.89,1
torchinferno,self_consistency,839,464.87,0.00,470.17,1,2.13,1
torchinferno,self_consistency,840,343.64,0.00,343.95,1,2.91,1
torchinferno,self_consistency,841,250.92,0.00,261.45,1,3.82,1
torchinferno,self_consistency,842,275.89,0.00,342.04,1,2.92,1
torchinferno,self_consistency,843,381.37,0.00,381.66,1,2.62,1
torchinferno,self_consistency,844,498.29,0.00,538.64,1,1.86,1
torchinferno,self_consistency,845,265.70,0.00,270.33,1,3.70,1
torchinferno,self_consistency,846,381.84,0.00,382.16,1,2.62,1
torchinferno,self_consistency,847,341.77,0.00,372.26,1,2.69,1
torchinferno,self_consistency,848,376.33,0.00,401.08,1,2.49,1
torchinferno,self_consistency,849,300.99,0.00,346.63,1,2.88,1
torchinferno,self_consistency,850,197.23,0.00,217.48,1,4.60,1
torchinferno,self_consistency,851,336.13,0.00,336.50,1,2.97,1
torchinferno,self_consistency,852,177.78,0.00,178.08,1,5.62,1
torchinferno,self_consistency,853,381.32,0.00,391.92,1,2.55,1
torchinferno,self_consistency,854,141.46,0.00,151.41,1,6.60,1
torchinferno,self_consistency,855,373.24,0.00,373.54,1,2.68,1
torchinferno,self_consistency,856,386.84,0.00,401.83,1,2.49,1
torchinferno,self_consistency,857,492.23,0.00,492.56,1,2.03,1
torchinferno,self_consistency,858,430.83,0.00,431.10,1,2.32,1
torchinferno,self_consistency,859,285.85,0.00,316.06,1,3.16,1
torchinferno,self_consistency,860,334.82,0.00,335.13,1,2.98,1
torchinferno,self_consistency,861,445.51,0.00,445.81,1,2.24,1
torchinferno,self_consistency,862,362.51,0.00,372.93,1,2.68,1
torchinferno,self_consistency,863,560.30,0.00,625.41,1,1.60,1
torchinferno,self_consistency,864,642.40,0.00,647.90,1,1.54,1
torchinferno,self_consistency,865,205.54,0.00,250.91,1,3.99,1
torchinferno,self_consistency,866,392.07,0.00,431.56,1,2.32,1
torchinferno,self_consistency,867,412.54,0.00,468.32,1,2.14,1
torchinferno,self_consistency,868,127.53,0.00,178.56,1,5.60,1
torchinferno,self_consistency,869,353.00,0.00,422.36,1,2.37,1
torchinferno,self_consistency,870,236.29,0.00,240.97,1,4.15,1
torchinferno,self_consistency,871,233.32,0.00,233.66,1,4.28,1
torchinferno,self_consistency,872,550.52,0.00,550.82,1,1.82,1
torchinferno,self_consistency,873,486.02,0.00,486.27,1,2.06,1
torchinferno,self_consistency,874,251.41,0.00,277.08,1,3.61,1
torchinferno,self_consistency,875,580.30,0.00,600.96,1,1.66,1
torchinferno,self_consistency,876,253.81,0.00,254.11,1,3.94,1
torchinferno,self_consistency,877,305.82,0.00,310.26,1,3.22,1
torchinferno,self_consistency,878,360.81,0.00,361.10,1,2.77,1
torchinferno,self_consistency,879,352.09,0.00,466.28,1,2.14,1
torchinferno,self_consistency,880,421.54,0.00,459.92,1,2.17,1
torchinferno,self_consistency,881,291.45,0.00,420.20,1,2.38,1
torchinferno,self_consistency,882,205.94,0.00,210.60,1,4.75,1
torchinferno,self_consistency,883,226.73,0.00,339.59,1,2.94,1
torchinferno,self_consistency,884,304.22,0.00,304.51,1,3.28,1
torchinferno,self_consistency,885,689.94,0.00,690.25,1,1.45,1
torchinferno,self_consistency,886,449.64,0.00,459.38,1,2.18,1
torchinferno,self_consistency,887,276.04,0.00,363.65,1,2.75,1
torchinferno,self_consistency,888,155.81,0.00,165.87,1,6.03,1
torchinferno,self_consistency,889,471.46,0.00,471.83,1,2.12,1
torchinferno,self_consistency,890,204.20,0.00,204.45,1,4.89,1
torchinferno,self_consistency,891,239.90,0.00,249.04,1,4.02,1
torchinferno,self_consistency,892,281.73,0.00,349.84,1,2.86,1
torchinferno,self_consistency,893,196.87,0.00,216.86,1,4.61,1
torchinferno,self_consistency,894,313.89,0.00,328.02,1,3.05,1
torchinferno,self_consistency,895,255.24,0.00,268.62,1,3.72,1
torchinferno,self_consistency,896,323.26,0.00,327.59,1,3.05,1
torchinferno,self_consistency,897,382.99,0.00,387.01,1,2.58,1
torchinferno,self_consistency,898,300.80,0.00,335.29,1,2.98,1
torchinferno,self_consistency,899,205.57,0.00,215.16,1,4.65,1
torchinferno,self_consistency,900,609.30,0.00,634.45,1,1.58,1
torchinferno,self_consistency,901,287.46,0.00,301.84,1,3.31,1
torchinferno,self_consistency,902,89.01,0.00,89.27,1,11.20,1
torchinferno,self_consistency,903,358.07,0.00,358.35,1,2.79,1
torchinferno,self_consistency,904,239.74,0.00,248.30,1,4.03,1
torchinferno,self_consistency,905,100.19,0.00,100.51,1,9.95,1
torchinferno,self_consistency,906,306.66,0.00,311.28,1,3.21,1
torchinferno,self_consistency,907,381.79,0.00,382.05,1,2.62,1
torchinferno,self_consistency,908,380.01,0.00,390.41,1,2.56,1
torchinferno,self_consistency,909,256.76,0.00,289.75,1,3.45,1
torchinferno,self_consistency,910,152.35,0.00,152.68,1,6.55,1
torchinferno,self_consistency,911,198.88,0.00,199.16,1,5.02,1
torchinferno,self_consistency,912,137.33,0.00,137.61,1,7.27,1
torchinferno,self_consistency,913,317.95,0.00,318.29,1,3.14,1
torchinferno,self_consistency,914,73.15,0.00,73.54,1,13.60,1
torchinferno,self_consistency,915,568.03,0.00,576.31,1,1.74,1
torchinferno,self_consistency,916,215.38,0.00,215.69,1,4.64,1
torchinferno,self_consistency,917,328.58,0.00,371.70,1,2.69,1
torchinferno,self_consistency,918,472.25,0.00,487.44,1,2.05,1
torchinferno,self_consistency,919,188.18,0.00,188.46,1,5.31,1
torchinferno,self_consistency,920,400.25,0.00,405.22,1,2.47,1
torchinferno,self_consistency,921,242.43,0.00,242.75,1,4.12,1
torchinferno,self_consistency,922,297.03,0.00,297.33,1,3.36,1
torchinferno,self_consistency,923,181.26,0.00,181.55,1,5.51,1
torchinferno,self_consistency,924,777.45,0.00,782.77,1,1.28,1
torchinferno,self_consistency,925,149.75,0.00,197.00,1,5.08,1
torchinferno,self_consistency,926,169.45,0.00,188.63,1,5.30,1
torchinferno,self_consistency,927,84.11,0.00,114.25,1,8.75,1
torchinferno,self_consistency,928,173.41,0.00,183.41,1,5.45,1
torchinferno,self_consistency,929,282.03,0.00,282.32,1,3.54,1
torchinferno,self_consistency,930,265.77,0.00,266.10,1,3.76,1
torchinferno,self_consistency,931,369.89,0.00,374.87,1,2.67,1
torchinferno,self_consistency,932,490.24,0.00,490.62,1,2.04,1
torchinferno,self_consistency,933,325.37,0.00,325.70,1,3.07,1
torchinferno,self_consistency,934,360.72,0.00,365.99,1,2.73,1
torchinferno,self_consistency,935,344.19,0.00,406.07,1,2.46,1
torchinferno,self_consistency,936,122.82,0.00,133.07,1,7.51,1
torchinferno,self_consistency,937,111.14,0.00,116.17,1,8.61,1
torchinferno,self_consistency,938,427.25,0.00,441.59,1,2.26,1
torchinferno,self_consistency,939,267.80,0.00,320.28,1,3.12,1
torchinferno,self_consistency,940,478.36,0.00,507.31,1,1.97,1
torchinferno,self_consistency,941,209.11,0.00,223.34,1,4.48,1
torchinferno,self_consistency,942,232.81,0.00,233.16,1,4.29,1
torchinferno,self_consistency,943,187.16,0.00,211.30,1,4.73,1
torchinferno,self_consistency,944,256.62,0.00,256.89,1,3.89,1
torchinferno,self_consistency,945,262.04,0.00,266.83,1,3.75,1
torchinferno,self_consistency,946,91.92,0.00,116.42,1,8.59,1
torchinferno,self_consistency,947,620.79,0.00,621.23,1,1.61,1
torchinferno,self_consistency,948,245.06,0.00,249.76,1,4.00,1
torchinferno,self_consistency,949,130.36,0.00,139.20,1,7.18,1
torchinferno,self_consistency,950,217.17,0.00,234.77,1,4.26,1
torchinferno,self_consistency,951,163.42,0.00,163.72,1,6.11,1
torchinferno,self_consistency,952,484.14,0.00,488.88,1,2.05,1
torchinferno,self_consistency,953,224.32,0.00,235.50,1,4.25,1
torchinferno,self_consistency,954,456.21,0.00,456.47,1,2.19,1
torchinferno,self_consistency,955,137.95,0.00,138.18,1,7.24,1
torchinferno,self_consistency,956,253.69,0.00,253.94,1,3.94,1
torchinferno,self_consistency,957,154.01,0.00,161.92,1,6.18,1
torchinferno,self_consistency,958,307.09,0.00,307.48,1,3.25,1
torchinferno,self_consistency,959,168.51,0.00,168.76,1,5.93,1
torchinferno,self_consistency,960,381.70,0.00,422.49,1,2.37,1
torchinferno,self_consistency,961,138.61,0.00,139.02,1,7.19,1
torchinferno,self_consistency,962,195.08,0.00,208.36,1,4.80,1
torchinferno,self_consistency,963,281.99,0.00,295.04,1,3.39,1
torchinferno,self_consistency,964,200.02,0.00,200.31,1,4.99,1
torchinferno,self_consistency,965,220.69,0.00,225.36,1,4.44,1
torchinferno,self_consistency,966,371.41,0.00,379.83,1,2.63,1
torchinferno,self_consistency,967,202.13,0.00,210.10,1,4.76,1
torchinferno,self_consistency,968,231.20,0.00,235.32,1,4.25,1
torchinferno,self_consistency,969,366.53,0.00,427.59,1,2.34,1
torchinferno,self_consistency,970,163.73,0.00,164.01,1,6.10,1
torchinferno,self_consistency,971,302.64,0.00,332.30,1,3.01,1
torchinferno,self_consistency,972,182.07,0.00,190.43,1,5.25,1
torchinferno,self_consistency,973,274.19,0.00,278.88,1,3.59,1
torchinferno,self_consistency,974,346.60,0.00,363.62,1,2.75,1
torchinferno,self_consistency,975,236.23,0.00,236.56,1,4.23,1
torchinferno,self_consistency,976,318.35,0.00,328.51,1,3.04,1
torchinferno,self_consistency,977,269.26,0.00,282.44,1,3.54,1
torchinferno,self_consistency,978,348.08,0.00,352.55,1,2.84,1
torchinferno,self_consistency,979,203.31,0.00,211.23,1,4.73,1
torchinferno,self_consistency,980,223.53,0.00,223.80,1,4.47,1
torchinferno,self_consistency,981,199.37,0.00,203.97,1,4.90,1
torchinferno,self_consistency,982,263.34,0.00,263.58,1,3.79,1
torchinferno,self_consistency,983,148.81,0.00,158.13,1,6.32,1
torchinferno,self_consistency,984,165.14,0.00,165.57,1,6.04,1
torchinferno,self_consistency,985,375.61,0.00,426.23,1,2.35,1
torchinferno,self_consistency,986,318.60,0.00,327.75,1,3.05,1
torchinferno,self_consistency,987,183.86,0.00,188.20,1,5.31,1
torchinferno,self_consistency,988,514.65,0.00,514.89,1,1.94,1
torchinferno,self_consistency,989,248.76,0.00,262.37,1,3.81,1
torchinferno,self_consistency,990,169.65,0.00,170.94,1,5.85,1
torchinferno,self_consistency,991,197.90,0.00,198.15,1,5.05,1
torchinferno,self_consistency,992,148.55,0.00,223.31,1,4.48,1
torchinferno,self_consistency,993,423.84,0.00,436.35,1,2.29,1
torchinferno,self_consistency,994,307.80,0.00,309.82,1,3.23,1
torchinferno,self_consistency,995,327.03,0.00,328.89,1,3.04,1
torchinferno,self_consistency,996,405.44,0.00,406.89,1,2.46,1
torchinferno,self_consistency,997,299.48,0.00,300.51,1,3.33,1
torchinferno,self_consistency,998,188.63,0.00,191.59,1,5.22,1
torchinferno,self_consistency,999,233.06,0.00,233.31,1,4.29,1
torchinferno,multi_turn,0,116.72,0.00,470.63,1,2.12,1
torchinferno,multi_turn,1,232.17,77.75,309.92,2,6.45,1
torchinferno,multi_turn,2,225.17,40.13,265.30,2,7.54,1
torchinferno,multi_turn,3,220.30,73.23,293.54,2,6.81,1
torchinferno,multi_turn,4,313.37,0.00,344.80,1,2.90,1
torchinferno,multi_turn,5,290.22,0.00,307.00,1,3.26,1
torchinferno,multi_turn,6,394.51,62.29,456.79,2,4.38,0
torchinferno,multi_turn,7,369.68,0.00,378.99,1,2.64,1
torchinferno,multi_turn,8,115.73,0.00,473.48,1,2.11,1
torchinferno,multi_turn,9,214.93,46.73,261.66,2,7.64,1
torchinferno,multi_turn,10,278.09,0.00,291.37,1,3.43,1
torchinferno,multi_turn,11,242.07,0.00,265.06,1,3.77,1
torchinferno,multi_turn,12,364.95,0.00,439.47,1,2.28,1
torchinferno,multi_turn,13,249.11,74.39,323.50,2,6.18,1
torchinferno,multi_turn,14,326.64,90.19,416.82,2,4.80,1
torchinferno,multi_turn,15,353.12,26.21,379.33,2,5.27,1
torchinferno,multi_turn,16,107.02,367.11,474.13,2,4.22,1
torchinferno,multi_turn,17,212.25,58.37,270.62,2,7.39,1
torchinferno,multi_turn,18,255.86,62.38,318.23,2,6.28,1
torchinferno,multi_turn,19,196.77,0.00,208.96,1,4.79,1
torchinferno,multi_turn,20,370.00,0.00,389.56,1,2.57,1
torchinferno,multi_turn,21,311.42,48.64,360.06,2,5.55,1
torchinferno,multi_turn,22,349.24,75.90,425.14,2,4.70,1
torchinferno,multi_turn,23,358.97,0.00,411.63,1,2.43,1
torchinferno,multi_turn,24,113.88,370.98,484.86,2,4.12,1
torchinferno,multi_turn,25,213.01,48.24,261.25,2,7.66,1
torchinferno,multi_turn,26,267.50,0.00,330.42,1,3.03,1
torchinferno,multi_turn,27,190.75,0.00,230.32,1,4.34,1
torchinferno,multi_turn,28,342.10,0.00,424.81,1,2.35,1
torchinferno,multi_turn,29,249.96,0.00,318.30,1,3.14,1
torchinferno,multi_turn,30,335.30,40.69,375.99,2,5.32,1
torchinferno,multi_turn,31,394.79,51.83,446.62,2,4.48,1
torchinferno,multi_turn,32,107.39,0.00,462.88,1,2.16,1
torchinferno,multi_turn,33,224.62,0.00,278.79,1,3.59,1
torchinferno,multi_turn,34,266.29,0.00,339.28,1,2.95,1
torchinferno,multi_turn,35,185.09,0.00,208.01,1,4.81,1
torchinferno,multi_turn,36,355.26,59.23,414.48,2,4.83,1
torchinferno,multi_turn,37,275.14,0.00,351.87,1,2.84,1
torchinferno,multi_turn,38,324.46,0.00,399.57,1,2.50,1
torchinferno,multi_turn,39,361.96,91.98,453.93,2,4.41,1
torchinferno,multi_turn,40,102.17,368.74,470.92,2,4.25,1
torchinferno,multi_turn,41,217.93,0.00,224.55,1,4.45,1
torchinferno,multi_turn,42,303.30,0.00,349.17,1,2.86,1
torchinferno,multi_turn,43,218.81,0.00,261.33,1,3.83,1
torchinferno,multi_turn,44,336.58,0.00,406.80,1,2.46,1
torchinferno,multi_turn,45,256.90,63.23,320.13,2,6.25,1
torchinferno,multi_turn,46,343.27,0.00,431.74,1,2.32,1
torchinferno,multi_turn,47,339.01,106.94,445.94,2,4.48,1
torchinferno,multi_turn,48,575.06,0.00,597.53,1,1.67,1
torchinferno,multi_turn,49,206.15,0.00,239.05,1,4.18,1
torchinferno,multi_turn,50,293.13,0.00,359.58,1,2.78,1
torchinferno,multi_turn,51,282.37,0.00,292.45,1,3.42,1
torchinferno,multi_turn,52,308.62,0.00,340.28,1,2.94,1
torchinferno,multi_turn,53,338.83,66.94,405.76,2,4.93,1
torchinferno,multi_turn,54,327.56,0.00,350.60,1,2.85,1
torchinferno,multi_turn,55,587.47,0.00,599.54,1,1.67,1
torchinferno,multi_turn,56,535.78,0.00,545.76,1,1.83,1
torchinferno,multi_turn,57,215.62,58.09,273.72,2,7.31,0
torchinferno,multi_turn,58,258.43,24.90,283.33,2,7.06,0
torchinferno,multi_turn,59,324.69,0.00,386.55,1,2.59,1
torchinferno,multi_turn,60,271.33,0.00,355.26,1,2.81,1
torchinferno,multi_turn,61,284.81,65.04,349.85,2,5.72,1
torchinferno,multi_turn,62,328.99,0.00,424.98,1,2.35,1
torchinferno,multi_turn,63,506.98,0.00,521.61,1,1.92,1
torchinferno,multi_turn,64,545.65,52.24,597.89,2,3.35,1
torchinferno,multi_turn,65,172.40,54.70,227.10,2,8.81,1
torchinferno,multi_turn,66,265.97,0.00,282.13,1,3.54,1
torchinferno,multi_turn,67,330.83,48.92,379.75,2,5.27,1
torchinferno,multi_turn,68,279.58,0.00,300.74,1,3.33,1
torchinferno,multi_turn,69,351.22,0.00,451.09,1,2.22,1
torchinferno,multi_turn,70,295.76,73.76,369.52,2,5.41,1
torchinferno,multi_turn,71,528.94,0.00,549.03,1,1.82,1
torchinferno,multi_turn,72,507.71,39.49,547.20,2,3.65,1
torchinferno,multi_turn,73,183.00,0.00,198.78,1,5.03,1
torchinferno,multi_turn,74,309.29,0.00,325.74,1,3.07,1
torchinferno,multi_turn,75,333.46,71.08,404.53,2,4.94,1
torchinferno,multi_turn,76,258.15,59.11,317.26,2,6.30,1
torchinferno,multi_turn,77,308.76,0.00,404.34,1,2.47,1
torchinferno,multi_turn,78,300.34,52.06,352.39,2,5.68,1
torchinferno,multi_turn,79,552.42,0.00,571.32,1,1.75,1
torchinferno,multi_turn,80,516.94,0.00,596.95,1,1.68,1
torchinferno,multi_turn,81,159.32,0.00,195.54,1,5.11,1
torchinferno,multi_turn,82,273.27,0.00,354.53,1,2.82,1
torchinferno,multi_turn,83,271.76,0.00,304.72,1,3.28,1
torchinferno,multi_turn,84,293.88,55.24,349.12,2,5.73,1
torchinferno,multi_turn,85,312.72,0.00,362.31,1,2.76,1
torchinferno,multi_turn,86,349.61,0.00,456.01,1,2.19,1
torchinferno,multi_turn,87,500.74,0.00,516.76,1,1.94,1
torchinferno,multi_turn,88,513.34,0.00,563.16,1,1.78,1
torchinferno,multi_turn,89,181.03,21.89,202.91,2,9.86,1
torchinferno,multi_turn,90,299.34,0.00,343.54,1,2.91,1
torchinferno,multi_turn,91,303.93,0.00,403.32,1,2.48,1
torchinferno,multi_turn,92,223.23,74.55,297.77,2,6.72,1
torchinferno,multi_turn,93,294.77,0.00,369.02,1,2.71,1
torchinferno,multi_turn,94,319.61,0.00,399.66,1,2.50,1
torchinferno,multi_turn,95,531.47,0.00,551.23,1,1.81,1
torchinferno,multi_turn,96,574.30,0.00,592.38,1,1.69,1
torchinferno,multi_turn,97,211.98,0.00,256.24,1,3.90,1
torchinferno,multi_turn,98,271.91,0.00,280.01,1,3.57,1
torchinferno,multi_turn,99,336.44,0.00,386.33,1,2.59,1
torchinferno,multi_turn,100,282.63,0.00,323.14,1,3.09,1
torchinferno,multi_turn,101,321.76,0.00,416.18,1,2.40,1
torchinferno,multi_turn,102,306.15,58.43,364.58,2,5.49,1
torchinferno,multi_turn,103,543.21,0.00,570.42,1,1.75,1
torchinferno,multi_turn,104,581.53,0.00,617.86,1,1.62,1
torchinferno,multi_turn,105,202.19,0.00,231.09,1,4.33,1
torchinferno,multi_turn,106,281.96,0.00,360.24,1,2.78,1
torchinferno,multi_turn,107,281.89,71.09,352.98,2,5.67,1
torchinferno,multi_turn,108,248.95,0.00,331.16,1,3.02,1
torchinferno,multi_turn,109,285.41,0.00,310.56,1,3.22,1
torchinferno,multi_turn,110,374.76,0.00,394.52,1,2.53,1
torchinferno,multi_turn,111,586.60,0.00,622.91,1,1.61,1
torchinferno,multi_turn,112,547.29,0.00,556.07,1,1.80,1
torchinferno,multi_turn,113,213.82,41.35,255.17,2,7.84,1
torchinferno,multi_turn,114,275.85,70.80,346.64,2,5.77,1
torchinferno,multi_turn,115,287.24,0.00,322.67,1,3.10,1
torchinferno,multi_turn,116,288.91,39.87,328.78,2,6.08,1
torchinferno,multi_turn,117,331.83,0.00,395.17,1,2.53,1
torchinferno,multi_turn,118,327.07,0.00,338.07,1,2.96,1
torchinferno,multi_turn,119,594.01,42.86,636.87,2,3.14,1
torchinferno,multi_turn,120,531.21,0.00,574.06,1,1.74,1
torchinferno,multi_turn,121,176.16,0.00,197.15,1,5.07,1
torchinferno,multi_turn,122,301.30,62.92,364.22,2,5.49,1
torchinferno,multi_turn,123,287.88,51.45,339.34,2,5.89,1
torchinferno,multi_turn,124,281.56,0.00,289.56,1,3.45,1
torchinferno,multi_turn,125,357.07,0.00,440.52,1,2.27,1
torchinferno,multi_turn,126,312.41,31.53,343.94,2,5.82,1
torchinferno,multi_turn,127,574.00,0.00,614.64,1,1.63,1
torchinferno,multi_turn,128,565.59,34.52,600.11,2,3.33,1
torchinferno,multi_turn,129,208.12,63.44,271.56,2,7.36,1
torchinferno,multi_turn,130,250.46,0.00,340.91,1,2.93,1
torchinferno,multi_turn,131,259.44,0.00,323.36,1,3.09,1
torchinferno,multi_turn,132,264.35,0.00,346.92,1,2.88,1
torchinferno,multi_turn,133,287.63,0.00,376.54,1,2.66,1
torchinferno,multi_turn,134,299.65,0.00,348.49,1,2.87,1
torchinferno,multi_turn,135,558.30,0.00,603.06,1,1.66,1
torchinferno,multi_turn,136,516.08,70.12,586.20,2,3.41,1
torchinferno,multi_turn,137,162.15,0.00,223.47,1,4.47,1
torchinferno,multi_turn,138,256.17,0.00,277.45,1,3.60,1
torchinferno,multi_turn,139,329.22,0.00,402.58,1,2.48,1
torchinferno,multi_turn,140,249.83,0.00,352.93,1,2.83,1
torchinferno,multi_turn,141,264.89,0.00,371.04,1,2.70,1
torchinferno,multi_turn,142,292.54,50.25,342.79,2,5.83,1
torchinferno,multi_turn,143,558.50,42.47,600.97,2,3.33,1
torchinferno,multi_turn,144,540.76,0.00,571.57,1,1.75,1
torchinferno,multi_turn,145,202.31,30.16,232.47,2,8.60,1
torchinferno,multi_turn,146,287.73,0.00,387.98,1,2.58,1
torchinferno,multi_turn,147,258.57,0.00,272.94,1,3.66,1
torchinferno,multi_turn,148,306.96,0.00,317.88,1,3.15,1
torchinferno,multi_turn,149,357.67,52.84,410.52,2,4.87,1
torchinferno,multi_turn,150,342.27,0.00,439.75,1,2.27,1
torchinferno,multi_turn,151,513.76,41.89,555.66,2,3.60,1
torchinferno,multi_turn,152,524.14,33.16,557.30,2,3.59,1
torchinferno,multi_turn,153,198.32,0.00,207.11,1,4.83,1
torchinferno,multi_turn,154,310.52,0.00,375.62,1,2.66,1
torchinferno,multi_turn,155,281.43,0.00,309.15,1,3.23,1
torchinferno,multi_turn,156,295.75,0.00,393.12,1,2.54,1
torchinferno,multi_turn,157,273.59,0.00,290.99,1,3.44,1
torchinferno,multi_turn,158,375.51,0.00,436.02,1,2.29,1
torchinferno,multi_turn,159,548.62,49.58,598.20,2,3.34,1
torchinferno,multi_turn,160,494.73,0.00,541.74,1,1.85,1
torchinferno,multi_turn,161,181.46,0.00,220.77,1,4.53,1
torchinferno,multi_turn,162,284.18,0.00,365.15,1,2.74,1
torchinferno,multi_turn,163,271.83,0.00,332.22,1,3.01,1
torchinferno,multi_turn,164,259.80,68.66,328.46,2,6.09,1
torchinferno,multi_turn,165,299.59,83.43,383.02,2,5.22,1
torchinferno,multi_turn,166,317.73,42.04,359.76,2,5.56,1
torchinferno,multi_turn,167,562.24,0.00,615.53,1,1.62,1
torchinferno,multi_turn,168,543.86,0.00,560.23,1,1.78,1
torchinferno,multi_turn,169,213.58,52.89,266.46,2,7.51,1
torchinferno,multi_turn,170,267.53,0.00,328.13,1,3.05,1
torchinferno,multi_turn,171,294.45,0.00,361.35,1,2.77,1
torchinferno,multi_turn,172,263.73,0.00,336.91,1,2.97,1
torchinferno,multi_turn,173,289.38,106.90,396.28,2,5.05,0
torchinferno,multi_turn,174,287.12,65.43,352.56,2,5.67,1
torchinferno,multi_turn,175,547.78,49.46,597.24,2,3.35,1
torchinferno,multi_turn,176,561.05,40.42,601.47,2,3.33,1
torchinferno,multi_turn,177,185.46,0.00,227.92,1,4.39,1
torchinferno,multi_turn,178,277.59,80.50,358.10,2,5.59,1
torchinferno,multi_turn,179,266.24,0.00,302.02,1,3.31,1
torchinferno,multi_turn,180,291.07,0.00,349.01,1,2.87,1
torchinferno,multi_turn,181,305.50,48.51,354.01,2,5.65,1
torchinferno,multi_turn,182,351.90,85.54,437.44,2,4.57,1
torchinferno,multi_turn,183,523.47,0.00,575.77,1,1.74,1
torchinferno,multi_turn,184,545.06,0.00,575.15,1,1.74,1
torchinferno,multi_turn,185,201.98,0.00,225.14,1,4.44,1
torchinferno,multi_turn,186,294.95,0.00,352.59,1,2.84,1
torchinferno,multi_turn,187,294.07,0.00,315.45,1,3.17,1
torchinferno,multi_turn,188,306.48,0.00,369.35,1,2.71,1
torchinferno,multi_turn,189,305.43,51.75,357.18,2,5.60,1
torchinferno,multi_turn,190,338.48,107.62,446.10,2,4.48,0
torchinferno,multi_turn,191,503.91,0.00,557.55,1,1.79,1
torchinferno,multi_turn,192,524.81,71.29,596.10,2,3.36,1
torchinferno,multi_turn,193,155.61,0.00,191.74,1,5.22,1
torchinferno,multi_turn,194,285.03,51.48,336.51,2,5.94,1
torchinferno,multi_turn,195,292.08,33.86,325.94,2,6.14,1
torchinferno,multi_turn,196,294.81,46.83,341.65,2,5.85,1
torchinferno,multi_turn,197,323.45,0.00,369.73,1,2.70,1
torchinferno,multi_turn,198,348.84,83.21,432.04,2,4.63,1
torchinferno,multi_turn,199,523.97,0.00,585.72,1,1.71,1
torchinferno,multi_turn,200,545.12,40.35,585.47,2,3.42,1
torchinferno,multi_turn,201,187.54,45.18,232.73,2,8.59,1
torchinferno,multi_turn,202,282.75,0.00,323.74,1,3.09,1
torchinferno,multi_turn,203,309.20,81.52,390.72,2,5.12,1
torchinferno,multi_turn,204,239.89,0.00,261.29,1,3.83,1
torchinferno,multi_turn,205,352.20,34.02,386.22,2,5.18,1
torchinferno,multi_turn,206,359.90,0.00,383.35,1,2.61,1
torchinferno,multi_turn,207,575.94,0.00,643.66,1,1.55,1
torchinferno,multi_turn,208,539.31,0.00,562.56,1,1.78,1
torchinferno,multi_turn,209,201.04,54.32,255.36,2,7.83,1
torchinferno,multi_turn,210,268.96,60.58,329.55,2,6.07,1
torchinferno,multi_turn,211,291.89,0.00,344.72,1,2.90,1
torchinferno,multi_turn,212,267.47,36.37,303.84,2,6.58,1
torchinferno,multi_turn,213,330.94,0.00,363.92,1,2.75,1
torchinferno,multi_turn,214,365.71,88.91,454.61,2,4.40,1
torchinferno,multi_turn,215,517.98,0.00,582.69,1,1.72,1
torchinferno,multi_turn,216,518.71,67.05,585.77,2,3.41,1
torchinferno,multi_turn,217,167.27,0.00,235.88,1,4.24,1
torchinferno,multi_turn,218,243.41,91.64,335.04,2,5.97,1
torchinferno,multi_turn,219,262.94,53.37,316.31,2,6.32,1
torchinferno,multi_turn,220,271.86,0.00,309.52,1,3.23,1
torchinferno,multi_turn,221,332.39,0.00,363.34,1,2.75,1
torchinferno,multi_turn,222,364.32,0.00,403.06,1,2.48,1
torchinferno,multi_turn,223,561.88,70.95,632.83,2,3.16,1
torchinferno,multi_turn,224,578.22,0.00,591.94,1,1.69,1
torchinferno,multi_turn,225,216.44,0.00,233.05,1,4.29,1
torchinferno,multi_turn,226,302.10,83.08,385.18,2,5.19,1
torchinferno,multi_turn,227,260.25,0.00,304.48,1,3.28,1
torchinferno,multi_turn,228,290.91,90.79,381.70,2,5.24,1
torchinferno,multi_turn,229,268.97,85.64,354.61,2,5.64,1
torchinferno,multi_turn,230,315.22,0.00,378.47,1,2.64,1
torchinferno,multi_turn,231,543.83,0.00,609.02,1,1.64,1
torchinferno,multi_turn,232,560.79,0.00,637.72,1,1.57,1
torchinferno,multi_turn,233,155.63,68.99,224.62,2,8.90,1
torchinferno,multi_turn,234,256.16,44.66,300.82,2,6.65,1
torchinferno,multi_turn,235,297.85,55.78,353.63,2,5.66,1
torchinferno,multi_turn,236,276.78,46.79,323.58,2,6.18,1
torchinferno,multi_turn,237,314.56,0.00,379.86,1,2.63,1
torchinferno,multi_turn,238,329.83,0.00,426.20,1,2.35,1
torchinferno,multi_turn,239,515.70,67.94,583.64,2,3.43,1
torchinferno,multi_turn,240,530.61,0.00,591.91,1,1.69,1
torchinferno,multi_turn,241,162.98,0.00,223.25,1,4.48,1
torchinferno,multi_turn,242,259.41,55.14,314.55,2,6.36,1
torchinferno,multi_turn,243,292.80,0.00,381.45,1,2.62,1
torchinferno,multi_turn,244,240.83,0.00,290.36,1,3.44,1
torchinferno,multi_turn,245,318.97,0.00,396.19,1,2.52,1
torchinferno,multi_turn,246,318.96,0.00,400.55,1,2.50,1
torchinferno,multi_turn,247,524.48,72.58,597.06,2,3.35,1
torchinferno,multi_turn,248,537.42,0.00,597.02,1,1.67,1
torchinferno,multi_turn,249,168.23,0.00,235.38,1,4.25,1
torchinferno,multi_turn,250,258.92,0.00,284.50,1,3.51,1
torchinferno,multi_turn,251,327.64,0.00,345.28,1,2.90,1
torchinferno,multi_turn,252,306.33,89.82,396.15,2,5.05,1
torchinferno,multi_turn,253,278.34,57.78,336.11,2,5.95,1
torchinferno,multi_turn,254,334.85,0.00,408.53,1,2.45,1
torchinferno,multi_turn,255,539.70,67.61,607.31,2,3.29,1
torchinferno,multi_turn,256,532.29,0.00,578.47,1,1.73,1
torchinferno,multi_turn,257,181.04,0.00,203.34,1,4.92,1
torchinferno,multi_turn,258,303.57,0.00,318.90,1,3.14,1
torchinferno,multi_turn,259,337.24,87.05,424.29,2,4.71,1
torchinferno,multi_turn,260,238.74,0.00,303.60,1,3.29,1
torchinferno,multi_turn,261,302.17,0.00,319.69,1,3.13,1
torchinferno,multi_turn,262,375.79,0.00,391.30,1,2.56,1
torchinferno,multi_turn,263,590.02,76.33,666.36,2,3.00,1
torchinferno,multi_turn,264,513.09,0.00,554.27,1,1.80,1
torchinferno,multi_turn,265,194.87,62.09,256.96,2,7.78,1
torchinferno,multi_turn,266,249.46,0.00,295.72,1,3.38,1
torchinferno,multi_turn,267,303.01,98.90,401.92,2,4.98,0
torchinferno,multi_turn,268,234.03,0.00,255.78,1,3.91,1
torchinferno,multi_turn,269,347.20,38.89,386.09,2,5.18,1
torchinferno,multi_turn,270,350.53,33.35,383.87,2,5.21,1
torchinferno,multi_turn,271,572.15,82.36,654.51,2,3.06,1
torchinferno,multi_turn,272,537.96,0.00,605.32,1,1.65,1
torchinferno,multi_turn,273,165.00,13.89,248.31,7,28.19,0
torchinferno,multi_turn,274,229.96,46.06,276.02,2,7.25,1
torchinferno,multi_turn,275,311.99,0.00,397.76,1,2.51,1
torchinferno,multi_turn,276,240.45,0.00,270.33,1,3.70,1
torchinferno,multi_turn,277,331.11,0.00,346.21,1,2.89,1
torchinferno,multi_turn,278,381.09,0.00,398.70,1,2.51,1
torchinferno,multi_turn,279,591.01,84.81,675.82,2,2.96,1
torchinferno,multi_turn,280,549.78,42.69,592.47,2,3.38,1
torchinferno,multi_turn,281,375.98,0.00,404.22,1,2.47,1
torchinferno,multi_turn,282,236.77,36.62,273.39,2,7.32,1
torchinferno,multi_turn,283,345.64,0.00,355.34,1,2.81,1
torchinferno,multi_turn,284,314.07,0.00,357.88,1,2.79,1
torchinferno,multi_turn,285,359.02,49.27,408.29,2,4.90,1
torchinferno,multi_turn,286,390.47,100.78,491.25,2,4.07,1
torchinferno,multi_turn,287,503.37,0.00,514.15,1,1.94,1
torchinferno,multi_turn,288,581.52,56.38,637.90,2,3.14,1
torchinferno,multi_turn,289,357.38,36.90,394.28,2,5.07,1
torchinferno,multi_turn,290,223.90,78.75,302.65,2,6.61,1
torchinferno,multi_turn,291,305.34,86.34,391.68,2,5.11,1
torchinferno,multi_turn,292,240.40,0.00,276.07,1,3.62,1
torchinferno,multi_turn,293,364.75,0.00,379.19,1,2.64,1
torchinferno,multi_turn,294,420.30,0.00,456.35,1,2.19,1
torchinferno,multi_turn,295,573.26,0.00,588.91,1,1.70,1
torchinferno,multi_turn,296,570.86,0.00,632.07,1,1.58,1
torchinferno,multi_turn,297,251.23,0.00,309.92,1,3.23,1
torchinferno,multi_turn,298,200.11,43.90,244.01,2,8.20,1
torchinferno,multi_turn,299,342.87,34.30,377.18,2,5.30,1
torchinferno,multi_turn,300,291.53,93.60,385.13,2,5.19,1
torchinferno,multi_turn,301,306.67,88.00,394.67,2,5.07,1
torchinferno,multi_turn,302,352.25,0.00,397.19,1,2.52,1
torchinferno,multi_turn,303,552.62,0.00,571.30,1,1.75,1
torchinferno,multi_turn,304,608.18,0.00,608.54,1,1.64,1
torchinferno,multi_turn,305,312.88,0.00,363.21,1,2.75,1
torchinferno,multi_turn,306,200.14,0.00,225.56,1,4.43,1
torchinferno,multi_turn,307,356.21,59.72,415.93,2,4.81,1
torchinferno,multi_turn,308,270.20,50.23,320.43,2,6.24,1
torchinferno,multi_turn,309,353.42,61.06,414.48,2,4.83,1
torchinferno,multi_turn,310,379.95,0.00,421.25,1,2.37,1
torchinferno,multi_turn,311,564.51,0.00,578.92,1,1.73,1
torchinferno,multi_turn,312,587.75,61.81,649.55,2,3.08,1
torchinferno,multi_turn,313,260.75,0.00,279.36,1,3.58,1
torchinferno,multi_turn,314,235.77,66.33,302.10,2,6.62,1
torchinferno,multi_turn,315,317.79,100.18,417.97,2,4.79,1
torchinferno,multi_turn,316,236.34,0.00,321.11,1,3.11,1
torchinferno,multi_turn,317,311.76,0.00,410.54,1,2.44,1
torchinferno,multi_turn,318,335.90,75.71,411.61,2,4.86,1
torchinferno,multi_turn,319,531.25,0.00,551.82,1,1.81,1
torchinferno,multi_turn,320,549.22,0.00,588.44,1,1.70,1
torchinferno,multi_turn,321,271.89,50.99,322.88,2,6.19,1
torchinferno,multi_turn,322,208.02,84.70,292.72,2,6.83,1
torchinferno,multi_turn,323,298.40,69.13,367.53,2,5.44,1
torchinferno,multi_turn,324,262.34,0.00,307.55,1,3.25,1
torchinferno,multi_turn,325,360.25,101.24,461.49,2,4.33,1
torchinferno,multi_turn,326,332.22,76.99,409.21,2,4.89,1
torchinferno,multi_turn,327,522.83,0.00,550.14,1,1.82,1
torchinferno,multi_turn,328,568.09,0.00,594.80,1,1.68,1
torchinferno,multi_turn,329,281.85,55.49,337.33,2,5.93,1
torchinferno,multi_turn,330,209.77,0.00,238.41,1,4.19,1
torchinferno,multi_turn,331,352.49,48.54,401.03,2,4.99,1
torchinferno,multi_turn,332,278.38,0.00,353.57,1,2.83,1
torchinferno,multi_turn,333,324.59,0.00,381.50,1,2.62,1
torchinferno,multi_turn,334,384.91,0.00,424.75,1,2.35,1
torchinferno,multi_turn,335,561.80,25.74,587.54,2,3.40,1
torchinferno,multi_turn,336,563.45,0.00,583.33,1,1.71,1
torchinferno,multi_turn,337,306.24,0.00,370.19,1,2.70,1
torchinferno,multi_turn,338,184.46,85.12,269.58,2,7.42,1
torchinferno,multi_turn,339,299.66,0.00,364.50,1,2.74,1
torchinferno,multi_turn,340,267.55,0.00,292.43,1,3.42,1
torchinferno,multi_turn,341,378.92,29.93,408.86,2,4.89,1
torchinferno,multi_turn,342,404.62,0.00,475.24,1,2.10,1
torchinferno,multi_turn,343,532.41,0.00,559.96,1,1.79,1
torchinferno,multi_turn,344,506.99,0.00,565.46,1,1.77,1
torchinferno,multi_turn,345,353.68,0.00,368.29,1,2.72,1
torchinferno,multi_turn,346,245.45,0.00,336.07,1,2.98,1
torchinferno,multi_turn,347,296.85,0.00,332.75,1,3.01,1
torchinferno,multi_turn,348,295.06,0.00,396.96,1,2.52,1
torchinferno,multi_turn,349,300.21,0.00,325.27,1,3.07,1
torchinferno,multi_turn,350,409.32,88.79,498.11,2,4.02,1
torchinferno,multi_turn,351,511.09,0.00,542.70,1,1.84,1
torchinferno,multi_turn,352,568.86,0.00,602.90,1,1.66,1
torchinferno,multi_turn,353,281.74,0.00,358.72,1,2.79,1
torchinferno,multi_turn,354,178.60,72.46,251.06,2,7.97,1
torchinferno,multi_turn,355,319.32,0.00,342.46,1,2.92,1
torchinferno,multi_turn,356,304.85,75.45,380.30,2,5.26,1
torchinferno,multi_turn,357,324.62,94.44,419.06,2,4.77,1
torchinferno,multi_turn,358,337.42,0.00,396.19,1,2.52,1
torchinferno,multi_turn,359,545.56,32.97,578.53,2,3.46,1
torchinferno,multi_turn,360,550.39,89.90,640.29,2,3.12,1
torchinferno,multi_turn,361,234.86,58.87,293.73,2,6.81,1
torchinferno,multi_turn,362,199.51,0.00,234.50,1,4.26,1
torchinferno,multi_turn,363,348.01,83.28,431.29,2,4.64,1
torchinferno,multi_turn,364,243.59,79.77,323.36,2,6.19,1
torchinferno,multi_turn,365,330.29,34.50,364.79,2,5.48,1
torchinferno,multi_turn,366,396.57,0.00,457.91,1,2.18,1
torchinferno,multi_turn,367,544.18,0.00,574.85,1,1.74,1
torchinferno,multi_turn,368,657.75,0.00,658.02,1,1.52,1
torchinferno,multi_turn,369,249.25,68.22,317.47,2,6.30,1
torchinferno,multi_turn,370,193.65,0.00,241.68,1,4.14,1
torchinferno,multi_turn,371,333.80,0.00,345.13,1,2.90,1
torchinferno,multi_turn,372,308.53,70.97,379.51,2,5.27,1
torchinferno,multi_turn,373,333.46,77.82,411.28,2,4.86,1
torchinferno,multi_turn,374,360.41,0.00,459.73,1,2.18,1
torchinferno,multi_turn,375,500.94,0.00,538.13,1,1.86,1
torchinferno,multi_turn,376,569.88,69.37,639.24,2,3.13,1
torchinferno,multi_turn,377,249.92,28.17,278.09,2,7.19,1
torchinferno,multi_turn,378,234.25,55.94,290.19,2,6.89,1
torchinferno,multi_turn,379,325.54,46.18,371.72,2,5.38,1
torchinferno,multi_turn,380,286.25,38.19,324.44,2,6.16,1
torchinferno,multi_turn,381,358.19,0.00,385.02,1,2.60,1
torchinferno,multi_turn,382,409.30,90.73,500.04,2,4.00,1
torchinferno,multi_turn,383,513.70,0.00,551.52,1,1.81,1
torchinferno,multi_turn,384,552.56,100.26,652.82,2,3.06,1
torchinferno,multi_turn,385,226.97,0.00,254.17,1,3.93,1
torchinferno,multi_turn,386,232.96,103.82,336.77,2,5.94,1
torchinferno,multi_turn,387,280.57,0.00,387.62,1,2.58,1
torchinferno,multi_turn,388,217.79,0.00,254.40,1,3.93,1
torchinferno,multi_turn,389,367.03,0.00,415.79,1,2.41,1
torchinferno,multi_turn,390,388.31,30.50,418.82,2,4.78,1
torchinferno,multi_turn,391,571.83,34.75,606.58,2,3.30,1
torchinferno,multi_turn,392,563.24,40.73,603.97,2,3.31,1
torchinferno,multi_turn,393,273.22,50.89,324.11,2,6.17,1
torchinferno,multi_turn,394,200.63,64.09,264.72,2,7.56,1
torchinferno,multi_turn,395,323.27,0.00,365.57,1,2.74,1
torchinferno,multi_turn,396,284.26,104.71,388.96,2,5.14,1
torchinferno,multi_turn,397,297.88,0.00,325.56,1,3.07,1
torchinferno,multi_turn,398,405.04,0.00,421.73,1,2.37,1
torchinferno,multi_turn,399,588.18,0.00,630.26,1,1.59,1
torchinferno,multi_turn,400,548.74,0.00,576.49,1,1.73,1
torchinferno,multi_turn,401,284.55,0.00,338.80,1,2.95,1
torchinferno,multi_turn,402,209.84,64.01,273.85,2,7.30,1
torchinferno,multi_turn,403,316.06,0.00,407.53,1,2.45,1
torchinferno,multi_turn,404,243.24,51.58,294.81,2,6.78,1
torchinferno,multi_turn,405,350.89,58.73,409.62,2,4.88,1
torchinferno,multi_turn,406,374.92,0.00,394.47,1,2.54,1
torchinferno,multi_turn,407,584.62,38.18,622.80,2,3.21,1
torchinferno,multi_turn,408,621.21,60.57,681.79,2,2.93,1
torchinferno,multi_turn,409,234.21,84.55,318.75,2,6.27,1
torchinferno,multi_turn,410,209.73,0.00,214.91,1,4.65,1
torchinferno,multi_turn,411,342.73,0.00,377.34,1,2.65,1
torchinferno,multi_turn,412,297.37,0.00,318.50,1,3.14,1
torchinferno,multi_turn,413,379.63,0.00,427.20,1,2.34,1
torchinferno,multi_turn,414,395.14,103.69,498.83,2,4.01,1
torchinferno,multi_turn,415,501.37,36.59,537.95,2,3.72,1
torchinferno,multi_turn,416,548.13,0.00,614.73,1,1.63,1
torchinferno,multi_turn,417,260.19,0.00,301.53,1,3.32,1
torchinferno,multi_turn,418,213.08,0.00,230.99,1,4.33,1
torchinferno,multi_turn,419,368.91,30.63,399.53,2,5.01,1
torchinferno,multi_turn,420,298.23,0.00,327.99,1,3.05,1
torchinferno,multi_turn,421,366.31,86.12,452.43,2,4.42,1
torchinferno,multi_turn,422,350.02,0.00,391.12,1,2.56,1
torchinferno,multi_turn,423,566.16,45.72,611.88,2,3.27,1
torchinferno,multi_turn,424,547.05,49.93,596.97,2,3.35,1
torchinferno,multi_turn,425,271.24,0.00,294.26,1,3.40,1
torchinferno,multi_turn,426,244.91,0.00,261.92,1,3.82,1
torchinferno,multi_turn,427,361.94,20.65,382.59,2,5.23,1
torchinferno,multi_turn,428,300.77,89.52,390.29,2,5.12,1
torchinferno,multi_turn,429,315.80,0.00,351.37,1,2.85,1
torchinferno,multi_turn,430,399.62,94.31,493.93,2,4.05,1
torchinferno,multi_turn,431,509.12,52.84,561.97,2,3.56,1
torchinferno,multi_turn,432,579.74,0.00,603.23,1,1.66,1
torchinferno,multi_turn,433,295.58,0.00,336.09,1,2.98,1
torchinferno,multi_turn,434,224.17,44.18,268.35,2,7.45,1
torchinferno,multi_turn,435,333.44,0.00,343.76,1,2.91,1
torchinferno,multi_turn,436,315.88,0.00,411.91,1,2.43,1
torchinferno,multi_turn,437,306.61,0.00,417.03,1,2.40,1
torchinferno,multi_turn,438,329.45,0.00,391.87,1,2.55,1
torchinferno,multi_turn,439,537.15,55.18,592.32,2,3.38,0
torchinferno,multi_turn,440,585.70,28.26,613.97,2,3.26,1
torchinferno,multi_turn,441,293.33,0.00,304.94,1,3.28,1
torchinferno,multi_turn,442,241.17,76.41,317.58,2,6.30,1
torchinferno,multi_turn,443,314.61,0.00,359.71,1,2.78,1
torchinferno,multi_turn,444,286.46,0.00,333.98,1,2.99,1
torchinferno,multi_turn,445,351.00,0.00,363.57,1,2.75,1
torchinferno,multi_turn,446,419.37,70.67,490.04,2,4.08,1
torchinferno,multi_turn,447,533.95,56.16,590.11,2,3.39,1
torchinferno,multi_turn,448,585.84,0.00,644.64,1,1.55,1
torchinferno,multi_turn,449,266.47,90.87,357.34,2,5.60,1
torchinferno,multi_turn,450,169.41,0.00,188.78,1,5.30,1
torchinferno,multi_turn,451,362.25,66.64,428.89,2,4.66,1
torchinferno,multi_turn,452,260.83,63.01,323.84,2,6.18,1
torchinferno,multi_turn,453,338.19,0.00,363.31,1,2.75,1
torchinferno,multi_turn,454,413.83,0.00,441.06,1,2.27,1
torchinferno,multi_turn,455,581.30,53.41,634.71,2,3.15,1
torchinferno,multi_turn,456,576.21,19.95,656.03,5,7.62,0
torchinferno,multi_turn,457,237.81,0.00,265.30,1,3.77,1
torchinferno,multi_turn,458,269.55,0.00,269.92,1,3.70,1
torchinferno,multi_turn,459,341.40,92.96,434.36,2,4.60,1
torchinferno,multi_turn,460,235.12,87.14,322.26,2,6.21,1
torchinferno,multi_turn,461,313.99,0.00,331.53,1,3.02,1
torchinferno,multi_turn,462,415.94,0.00,498.85,1,2.00,1
torchinferno,multi_turn,463,527.01,57.08,584.10,2,3.42,1
torchinferno,multi_turn,464,555.35,0.00,576.12,1,1.74,1
torchinferno,multi_turn,465,295.15,31.87,327.01,2,6.12,1
torchinferno,multi_turn,466,217.73,62.58,280.32,2,7.13,1
torchinferno,multi_turn,467,325.02,52.17,377.19,2,5.30,1
torchinferno,multi_turn,468,277.43,0.00,294.50,1,3.40,1
torchinferno,multi_turn,469,384.19,0.00,454.90,1,2.20,1
torchinferno,multi_turn,470,362.53,0.00,384.24,1,2.60,1
torchinferno,multi_turn,471,585.18,64.38,649.56,2,3.08,1
torchinferno,multi_turn,472,598.92,15.54,614.46,2,3.25,1
torchinferno,multi_turn,473,286.45,76.17,362.62,2,5.52,1
torchinferno,multi_turn,474,184.19,0.00,261.53,1,3.82,1
torchinferno,multi_turn,475,301.46,66.07,367.54,2,5.44,1
torchinferno,multi_turn,476,263.42,0.00,358.68,1,2.79,1
torchinferno,multi_turn,477,308.83,0.00,359.64,1,2.78,1
torchinferno,multi_turn,478,379.02,83.91,462.93,2,4.32,1
torchinferno,multi_turn,479,524.72,61.75,586.47,2,3.41,1
torchinferno,multi_turn,480,591.21,0.00,601.11,1,1.66,1
torchinferno,multi_turn,481,312.57,0.00,382.16,1,2.62,1
torchinferno,multi_turn,482,188.79,16.28,286.49,7,24.43,0
torchinferno,multi_turn,483,286.02,71.30,357.32,2,5.60,1
torchinferno,multi_turn,484,253.63,0.00,277.00,1,3.61,1
torchinferno,multi_turn,485,382.06,99.05,481.11,2,4.16,1
torchinferno,multi_turn,486,338.73,35.11,373.85,2,5.35,1
torchinferno,multi_turn,487,569.04,0.00,631.51,1,1.58,1
torchinferno,multi_turn,488,585.61,30.69,616.30,2,3.25,1
torchinferno,multi_turn,489,410.76,0.00,446.15,1,2.24,1
torchinferno,multi_turn,490,318.58,0.00,368.36,1,2.71,1
torchinferno,multi_turn,491,277.18,0.00,354.15,1,2.82,1
torchinferno,multi_turn,492,292.94,0.00,328.24,1,3.05,1
torchinferno,multi_turn,493,359.13,69.30,428.44,2,4.67,1
torchinferno,multi_turn,494,534.46,0.00,587.72,1,1.70,1
torchinferno,multi_turn,495,422.63,0.00,441.68,1,2.26,1
torchinferno,multi_turn,496,595.43,0.00,659.05,1,1.52,1
torchinferno,multi_turn,497,368.99,0.00,468.88,1,2.13,1
torchinferno,multi_turn,498,246.60,0.00,262.49,1,3.81,1
torchinferno,multi_turn,499,316.80,0.00,367.68,1,2.72,1
torchinferno,multi_turn,500,317.63,0.00,404.14,1,2.47,1
torchinferno,multi_turn,501,304.57,40.03,344.60,2,5.80,1
torchinferno,multi_turn,502,567.34,88.28,655.63,2,3.05,1
torchinferno,multi_turn,503,388.36,37.43,425.79,2,4.70,1
torchinferno,multi_turn,504,555.40,0.00,619.53,1,1.61,1
torchinferno,multi_turn,505,374.83,0.00,392.48,1,2.55,1
torchinferno,multi_turn,506,342.44,0.00,418.91,1,2.39,1
torchinferno,multi_turn,507,250.05,26.22,276.26,2,7.24,1
torchinferno,multi_turn,508,340.90,0.00,364.56,1,2.74,1
torchinferno,multi_turn,509,366.47,105.86,472.33,2,4.23,1
torchinferno,multi_turn,510,500.40,61.84,562.24,2,3.56,1
torchinferno,multi_turn,511,408.71,0.00,461.53,1,2.17,1
torchinferno,multi_turn,512,513.16,0.00,554.32,1,1.80,1
torchinferno,multi_turn,513,284.97,65.61,350.58,2,5.70,1
torchinferno,multi_turn,514,286.09,0.00,349.37,1,2.86,1
torchinferno,multi_turn,515,197.37,61.31,258.68,2,7.73,0
torchinferno,multi_turn,516,279.32,71.98,351.29,2,5.69,1
torchinferno,multi_turn,517,291.46,70.28,361.75,2,5.53,1
torchinferno,multi_turn,518,331.79,75.04,406.83,2,4.92,1
torchinferno,multi_turn,519,361.53,0.00,373.57,1,2.68,1
torchinferno,multi_turn,520,504.85,56.14,560.99,2,3.57,1
torchinferno,multi_turn,521,270.87,0.00,293.47,1,3.41,1
torchinferno,multi_turn,522,322.78,79.65,402.43,2,4.97,1
torchinferno,multi_turn,523,183.00,0.00,207.22,1,4.83,1
torchinferno,multi_turn,524,324.35,0.00,399.68,1,2.50,1
torchinferno,multi_turn,525,282.07,0.00,313.13,1,3.19,1
torchinferno,multi_turn,526,374.87,0.00,444.69,1,2.25,1
torchinferno,multi_turn,527,363.62,0.00,379.66,1,2.63,1
torchinferno,multi_turn,528,551.25,47.49,598.74,2,3.34,1
torchinferno,multi_turn,529,279.92,0.00,345.23,1,2.90,1
torchinferno,multi_turn,530,290.57,65.48,356.05,2,5.62,1
torchinferno,multi_turn,531,192.75,75.49,268.24,2,7.46,1
torchinferno,multi_turn,532,274.82,0.00,289.38,1,3.46,1
torchinferno,multi_turn,533,342.82,0.00,366.02,1,2.73,1
torchinferno,multi_turn,534,387.59,98.36,485.95,2,4.12,1
torchinferno,multi_turn,535,334.60,0.00,374.11,1,2.67,1
torchinferno,multi_turn,536,550.30,58.29,608.59,2,3.29,1
torchinferno,multi_turn,537,271.10,0.00,323.37,1,3.09,1
torchinferno,multi_turn,538,295.56,47.22,342.78,2,5.83,1
torchinferno,multi_turn,539,211.82,0.00,240.88,1,4.15,1
torchinferno,multi_turn,540,329.23,58.39,387.63,2,5.16,1
torchinferno,multi_turn,541,298.88,0.00,333.90,1,2.99,1
torchinferno,multi_turn,542,366.91,0.00,416.05,1,2.40,1
torchinferno,multi_turn,543,381.72,50.46,432.18,2,4.63,1
torchinferno,multi_turn,544,575.40,0.00,623.00,1,1.61,1
torchinferno,multi_turn,545,275.35,0.00,293.93,1,3.40,1
torchinferno,multi_turn,546,338.08,0.00,383.76,1,2.61,1
torchinferno,multi_turn,547,214.82,0.00,241.03,1,4.15,1
torchinferno,multi_turn,548,317.30,0.00,344.81,1,2.90,1
torchinferno,multi_turn,549,337.25,20.38,378.00,3,7.94,0
torchinferno,multi_turn,550,369.40,0.00,379.69,1,2.63,1
torchinferno,multi_turn,551,418.48,0.00,465.63,1,2.15,1
torchinferno,multi_turn,552,596.14,0.00,612.46,1,1.63,1
torchinferno,multi_turn,553,321.60,0.00,366.58,1,2.73,1
torchinferno,multi_turn,554,294.47,0.00,342.78,1,2.92,1
torchinferno,multi_turn,555,211.28,0.00,292.71,1,3.42,1
torchinferno,multi_turn,556,274.45,0.00,365.79,1,2.73,1
torchinferno,multi_turn,557,261.65,0.00,335.11,1,2.98,1
torchinferno,multi_turn,558,336.06,0.00,378.32,1,2.64,1
torchinferno,multi_turn,559,389.35,64.32,453.67,2,4.41,1
torchinferno,multi_turn,560,413.21,50.48,463.69,2,4.31,1
torchinferno,multi_turn,561,158.41,0.00,171.75,1,5.82,1
torchinferno,multi_turn,562,353.58,56.29,409.87,2,4.88,1
torchinferno,multi_turn,563,247.56,70.76,318.32,2,6.28,1
torchinferno,multi_turn,564,268.91,67.34,336.25,2,5.95,1
torchinferno,multi_turn,565,334.55,95.37,429.92,2,4.65,1
torchinferno,multi_turn,566,305.38,0.00,342.96,1,2.92,1
torchinferno,multi_turn,567,442.33,0.00,451.42,1,2.22,1
torchinferno,multi_turn,568,429.17,55.75,484.92,2,4.12,1
torchinferno,multi_turn,569,145.74,0.00,154.66,1,6.47,1
torchinferno,multi_turn,570,369.51,49.53,419.04,2,4.77,1
torchinferno,multi_turn,571,253.16,0.00,289.86,1,3.45,1
torchinferno,multi_turn,572,303.73,77.91,381.63,2,5.24,1
torchinferno,multi_turn,573,327.51,62.06,389.56,2,5.13,1
torchinferno,multi_turn,574,330.68,0.00,338.23,1,2.96,1
torchinferno,multi_turn,575,469.06,0.00,485.10,1,2.06,1
torchinferno,multi_turn,576,407.43,52.12,459.55,2,4.35,1
torchinferno,multi_turn,577,139.46,0.00,156.23,1,6.40,1
torchinferno,multi_turn,578,364.60,46.98,411.57,2,4.86,1
torchinferno,multi_turn,579,257.36,29.39,316.14,3,9.49,0
torchinferno,multi_turn,580,277.88,73.35,351.22,2,5.69,1
torchinferno,multi_turn,581,331.70,0.00,368.62,1,2.71,1
torchinferno,multi_turn,582,353.25,0.00,446.94,1,2.24,1
torchinferno,multi_turn,583,396.31,0.00,406.54,1,2.46,1
torchinferno,multi_turn,584,451.67,33.42,485.09,2,4.12,0
torchinferno,multi_turn,585,168.54,0.00,221.56,1,4.51,1
torchinferno,multi_turn,586,327.95,0.00,360.00,1,2.78,1
torchinferno,multi_turn,587,270.01,0.00,325.54,1,3.07,1
torchinferno,multi_turn,588,281.51,37.27,318.77,2,6.27,1
torchinferno,multi_turn,589,366.55,68.71,435.26,2,4.59,1
torchinferno,multi_turn,590,329.64,0.00,404.98,1,2.47,1
torchinferno,multi_turn,591,403.99,0.00,417.91,1,2.39,1
torchinferno,multi_turn,592,454.49,62.26,516.75,2,3.87,1
torchinferno,multi_turn,593,154.55,0.00,154.91,1,6.46,1
torchinferno,multi_turn,594,368.22,0.00,389.83,1,2.57,1
torchinferno,multi_turn,595,275.01,0.00,354.20,1,2.82,1
torchinferno,multi_turn,596,261.32,0.00,299.62,1,3.34,1
torchinferno,multi_turn,597,365.98,0.00,394.69,1,2.53,1
torchinferno,multi_turn,598,363.79,63.74,427.53,2,4.68,1
torchinferno,multi_turn,599,414.59,0.00,434.95,1,2.30,1
torchinferno,multi_turn,600,449.87,0.00,493.77,1,2.03,1
torchinferno,multi_turn,601,141.77,0.00,176.64,1,5.66,1
torchinferno,multi_turn,602,356.13,0.00,368.78,1,2.71,1
torchinferno,multi_turn,603,291.52,39.92,331.44,2,6.03,1
torchinferno,multi_turn,604,291.43,58.71,350.13,2,5.71,1
torchinferno,multi_turn,605,354.82,21.17,375.99,2,5.32,1
torchinferno,multi_turn,606,364.54,103.55,468.09,2,4.27,1
torchinferno,multi_turn,607,383.27,0.00,399.68,1,2.50,1
torchinferno,multi_turn,608,424.28,0.00,435.85,1,2.29,1
torchinferno,multi_turn,609,186.03,0.00,189.02,1,5.29,1
torchinferno,multi_turn,610,377.81,60.21,438.03,2,4.57,1
torchinferno,multi_turn,611,240.75,81.93,322.67,2,6.20,1
torchinferno,multi_turn,612,254.02,67.13,321.15,2,6.23,1
torchinferno,multi_turn,613,337.89,0.00,411.68,1,2.43,1
torchinferno,multi_turn,614,318.94,60.25,379.20,2,5.27,1
torchinferno,multi_turn,615,423.02,0.00,443.13,1,2.26,1
torchinferno,multi_turn,616,420.69,0.00,482.73,1,2.07,1
torchinferno,multi_turn,617,130.47,0.00,163.67,1,6.11,1
torchinferno,multi_turn,618,351.70,66.89,418.59,2,4.78,1
torchinferno,multi_turn,619,235.48,0.00,323.29,1,3.09,1
torchinferno,multi_turn,620,251.37,0.00,276.05,1,3.62,1
torchinferno,multi_turn,621,376.15,0.00,390.66,1,2.56,1
torchinferno,multi_turn,622,379.13,70.46,449.59,2,4.45,1
torchinferno,multi_turn,623,417.56,0.00,434.59,1,2.30,1
torchinferno,multi_turn,624,410.85,27.84,438.69,2,4.56,1
torchinferno,multi_turn,625,163.73,0.00,228.46,1,4.38,1
torchinferno,multi_turn,626,319.91,60.37,380.28,2,5.26,1
torchinferno,multi_turn,627,238.47,0.00,266.70,1,3.75,1
torchinferno,multi_turn,628,311.14,95.99,407.13,2,4.91,1
torchinferno,multi_turn,629,310.00,0.00,390.82,1,2.56,1
torchinferno,multi_turn,630,309.96,0.00,326.05,1,3.07,1
torchinferno,multi_turn,631,469.59,0.00,487.71,1,2.05,1
torchinferno,multi_turn,632,406.71,0.00,425.66,1,2.35,1
torchinferno,multi_turn,633,180.44,47.44,227.88,2,8.78,1
torchinferno,multi_turn,634,329.26,62.30,391.56,2,5.11,1
torchinferno,multi_turn,635,247.45,0.00,304.03,1,3.29,1
torchinferno,multi_turn,636,272.73,81.78,354.51,2,5.64,1
torchinferno,multi_turn,637,324.60,0.00,404.63,1,2.47,1
torchinferno,multi_turn,638,314.21,47.37,361.58,2,5.53,0
torchinferno,multi_turn,639,439.52,0.00,457.95,1,2.18,1
torchinferno,multi_turn,640,401.81,0.00,453.19,1,2.21,1
torchinferno,multi_turn,641,147.77,65.70,213.47,2,9.37,1
torchinferno,multi_turn,642,313.57,75.72,389.28,2,5.14,1
torchinferno,multi_turn,643,229.30,0.00,251.43,1,3.98,1
torchinferno,multi_turn,644,307.73,0.00,334.23,1,2.99,1
torchinferno,multi_turn,645,383.74,53.45,437.19,2,4.57,1
torchinferno,multi_turn,646,341.23,0.00,421.92,1,2.37,1
torchinferno,multi_turn,647,401.88,0.00,421.72,1,2.37,1
torchinferno,multi_turn,648,394.14,0.00,416.80,1,2.40,1
torchinferno,multi_turn,649,174.99,60.39,235.38,2,8.50,1
torchinferno,multi_turn,650,321.41,56.22,377.63,2,5.30,1
torchinferno,multi_turn,651,251.27,0.00,261.75,1,3.82,1
torchinferno,multi_turn,652,325.91,0.00,386.31,1,2.59,1
torchinferno,multi_turn,653,345.15,46.35,391.49,2,5.11,1
torchinferno,multi_turn,654,343.84,0.00,362.91,1,2.76,1
torchinferno,multi_turn,655,461.49,0.00,488.94,1,2.05,1
torchinferno,multi_turn,656,418.65,0.00,433.41,1,2.31,1
torchinferno,multi_turn,657,169.91,45.37,215.28,2,9.29,1
torchinferno,multi_turn,658,350.31,64.33,414.64,2,4.82,1
torchinferno,multi_turn,659,235.22,0.00,253.79,1,3.94,1
torchinferno,multi_turn,660,320.19,81.28,401.46,2,4.98,1
torchinferno,multi_turn,661,320.53,101.27,421.81,2,4.74,1
torchinferno,multi_turn,662,296.49,0.00,315.10,1,3.17,1
torchinferno,multi_turn,663,463.71,0.00,485.93,1,2.06,1
torchinferno,multi_turn,664,445.06,48.62,493.69,2,4.05,1
torchinferno,multi_turn,665,163.54,18.13,181.67,2,11.01,1
torchinferno,multi_turn,666,351.08,45.68,396.76,2,5.04,1
torchinferno,multi_turn,667,258.33,0.00,277.74,1,3.60,1
torchinferno,multi_turn,668,309.55,0.00,365.04,1,2.74,1
torchinferno,multi_turn,669,357.73,48.50,406.23,2,4.92,1
torchinferno,multi_turn,670,342.71,95.80,438.51,2,4.56,1
torchinferno,multi_turn,671,384.71,27.38,412.09,2,4.85,1
torchinferno,multi_turn,672,397.31,35.54,432.84,2,4.62,1
torchinferno,multi_turn,673,165.14,0.00,165.45,1,6.04,1
torchinferno,multi_turn,674,376.66,0.00,388.02,1,2.58,1
torchinferno,multi_turn,675,287.40,74.00,361.40,2,5.53,1
torchinferno,multi_turn,676,265.07,0.00,349.93,1,2.86,1
torchinferno,multi_turn,677,323.36,34.51,357.87,2,5.59,1
torchinferno,multi_turn,678,352.21,71.68,423.89,2,4.72,1
torchinferno,multi_turn,679,410.35,0.00,439.65,1,2.27,1
torchinferno,multi_turn,680,418.48,51.75,470.23,2,4.25,1
torchinferno,multi_turn,681,162.70,14.94,177.64,2,11.26,1
torchinferno,multi_turn,682,344.46,41.27,385.73,2,5.18,1
torchinferno,multi_turn,683,262.21,60.58,322.80,2,6.20,1
torchinferno,multi_turn,684,272.11,0.00,319.46,1,3.13,1
torchinferno,multi_turn,685,357.82,0.00,392.95,1,2.54,1
torchinferno,multi_turn,686,358.22,0.00,463.68,1,2.16,1
torchinferno,multi_turn,687,377.54,28.58,406.13,2,4.92,1
torchinferno,multi_turn,688,407.07,61.24,468.31,2,4.27,1
torchinferno,multi_turn,689,132.27,0.00,173.35,1,5.77,1
torchinferno,multi_turn,690,336.38,0.00,409.17,1,2.44,1
torchinferno,multi_turn,691,234.65,0.00,261.95,1,3.82,1
torchinferno,multi_turn,692,304.85,31.56,336.41,2,5.95,1
torchinferno,multi_turn,693,376.64,0.00,422.59,1,2.37,1
torchinferno,multi_turn,694,344.29,88.78,433.06,2,4.62,1
torchinferno,multi_turn,695,396.28,28.13,424.41,2,4.71,1
torchinferno,multi_turn,696,419.50,0.00,443.57,1,2.25,1
torchinferno,multi_turn,697,168.19,41.38,209.57,2,9.54,1
torchinferno,multi_turn,698,340.59,0.00,377.95,1,2.65,1
torchinferno,multi_turn,699,262.49,47.68,310.18,2,6.45,1
torchinferno,multi_turn,700,295.50,0.00,306.26,1,3.27,1
torchinferno,multi_turn,701,387.81,0.00,405.02,1,2.47,1
torchinferno,multi_turn,702,383.33,0.00,404.12,1,2.47,1
torchinferno,multi_turn,703,453.79,32.52,486.31,2,4.11,1
torchinferno,multi_turn,704,430.35,0.00,448.56,1,2.23,1
torchinferno,multi_turn,705,196.18,0.00,219.22,1,4.56,1
torchinferno,multi_turn,706,334.98,0.00,392.81,1,2.55,1
torchinferno,multi_turn,707,243.36,50.91,294.28,2,6.80,1
torchinferno,multi_turn,708,285.86,72.49,358.35,2,5.58,1
torchinferno,multi_turn,709,333.54,0.00,429.81,1,2.33,1
torchinferno,multi_turn,710,298.42,74.37,372.79,2,5.37,1
torchinferno,multi_turn,711,405.05,32.11,437.16,2,4.57,1
torchinferno,multi_turn,712,431.99,37.05,469.05,2,4.26,1
torchinferno,multi_turn,713,153.02,0.00,174.15,1,5.74,1
torchinferno,multi_turn,714,359.27,0.00,378.47,1,2.64,1
torchinferno,multi_turn,715,288.00,0.00,355.88,1,2.81,1
torchinferno,multi_turn,716,265.94,49.35,315.29,2,6.34,1
torchinferno,multi_turn,717,361.57,0.00,414.10,1,2.41,1
torchinferno,multi_turn,718,337.85,50.01,387.86,2,5.16,1
torchinferno,multi_turn,719,435.36,25.53,460.88,2,4.34,1
torchinferno,multi_turn,720,387.03,0.00,427.74,1,2.34,1
torchinferno,multi_turn,721,201.91,0.00,207.16,1,4.83,1
torchinferno,multi_turn,722,335.32,0.00,362.10,1,2.76,1
torchinferno,multi_turn,723,274.62,42.98,317.60,2,6.30,1
torchinferno,multi_turn,724,287.80,0.00,347.74,1,2.88,1
torchinferno,multi_turn,725,348.22,0.00,366.45,1,2.73,1
torchinferno,multi_turn,726,375.68,0.00,423.84,1,2.36,1
torchinferno,multi_turn,727,433.64,30.21,463.84,2,4.31,1
torchinferno,multi_turn,728,452.00,0.00,483.63,1,2.07,1
torchinferno,multi_turn,729,163.88,0.00,215.79,1,4.63,1
torchinferno,multi_turn,730,332.98,0.00,363.86,1,2.75,1
torchinferno,multi_turn,731,268.59,0.00,278.89,1,3.59,1
torchinferno,multi_turn,732,325.16,0.00,336.70,1,2.97,1
torchinferno,multi_turn,733,395.80,72.59,468.39,2,4.27,1
torchinferno,multi_turn,734,319.77,92.62,412.39,2,4.85,1
torchinferno,multi_turn,735,388.11,32.74,420.86,2,4.75,1
torchinferno,multi_turn,736,400.98,0.00,426.66,1,2.34,1
torchinferno,multi_turn,737,164.31,0.00,200.16,1,5.00,1
torchinferno,multi_turn,738,348.17,0.00,375.13,1,2.67,1
torchinferno,multi_turn,739,276.34,0.00,311.10,1,3.21,1
torchinferno,multi_turn,740,301.85,63.54,365.39,2,5.47,1
torchinferno,multi_turn,741,344.71,42.99,387.70,2,5.16,1
torchinferno,multi_turn,742,354.43,0.00,381.33,1,2.62,1
torchinferno,multi_turn,743,451.52,32.10,483.62,2,4.14,1
torchinferno,multi_turn,744,455.68,71.65,527.33,2,3.79,1
torchinferno,multi_turn,745,115.79,0.00,166.03,1,6.02,1
torchinferno,multi_turn,746,338.70,79.08,417.79,2,4.79,1
torchinferno,multi_turn,747,220.03,0.00,261.20,1,3.83,1
torchinferno,multi_turn,748,300.96,72.37,373.33,2,5.36,1
torchinferno,multi_turn,749,333.95,85.34,419.29,2,4.77,1
torchinferno,multi_turn,750,304.56,0.00,381.17,1,2.62,1
torchinferno,multi_turn,751,405.97,31.66,437.63,2,4.57,1
torchinferno,multi_turn,752,431.98,0.00,463.88,1,2.16,1
torchinferno,multi_turn,753,164.31,0.00,208.21,1,4.80,1
torchinferno,multi_turn,754,336.96,0.00,374.88,1,2.67,1
torchinferno,multi_turn,755,263.26,0.00,327.57,1,3.05,1
torchinferno,multi_turn,756,274.98,86.11,361.09,2,5.54,1
torchinferno,multi_turn,757,320.36,0.00,337.53,1,2.96,1
torchinferno,multi_turn,758,372.64,0.00,479.54,1,2.09,1
torchinferno,multi_turn,759,378.46,28.52,406.98,2,4.91,1
torchinferno,multi_turn,760,401.36,0.00,424.09,1,2.36,1
torchinferno,multi_turn,761,161.91,0.00,244.44,1,4.09,1
torchinferno,multi_turn,762,306.05,0.00,336.56,1,2.97,1
torchinferno,multi_turn,763,274.94,0.00,290.35,1,3.44,1
torchinferno,multi_turn,764,323.07,0.00,354.88,1,2.82,1
torchinferno,multi_turn,765,372.99,0.00,451.74,1,2.21,1
torchinferno,multi_turn,766,312.34,38.85,351.19,2,5.69,1
torchinferno,multi_turn,767,449.54,28.45,477.99,2,4.18,1
torchinferno,multi_turn,768,391.54,0.00,405.96,1,2.46,1
torchinferno,multi_turn,769,176.14,0.00,242.97,1,4.12,1
torchinferno,multi_turn,770,323.50,69.82,393.32,2,5.08,1
torchinferno,multi_turn,771,227.18,54.41,281.59,2,7.10,1
torchinferno,multi_turn,772,289.94,0.00,328.87,1,3.04,1
torchinferno,multi_turn,773,364.76,83.77,448.54,2,4.46,1
torchinferno,multi_turn,774,305.76,0.00,367.93,1,2.72,1
torchinferno,multi_turn,775,419.92,35.42,455.33,2,4.39,1
torchinferno,multi_turn,776,448.99,46.26,495.25,2,4.04,1
torchinferno,multi_turn,777,151.33,12.21,297.85,13,43.65,0
torchinferno,multi_turn,778,240.43,0.00,256.35,1,3.90,1
torchinferno,multi_turn,779,279.06,37.90,316.96,2,6.31,1
torchinferno,multi_turn,780,302.59,0.00,320.06,1,3.12,1
torchinferno,multi_turn,781,391.01,59.96,450.97,2,4.43,1
torchinferno,multi_turn,782,327.85,36.13,363.99,2,5.49,1
torchinferno,multi_turn,783,445.22,12.82,586.26,12,20.47,1
torchinferno,multi_turn,784,276.53,0.00,312.14,1,3.20,1
torchinferno,multi_turn,785,314.92,0.00,331.58,1,3.02,1
torchinferno,multi_turn,786,241.91,0.00,311.63,1,3.21,1
torchinferno,multi_turn,787,280.69,0.00,335.61,1,2.98,1
torchinferno,multi_turn,788,305.39,64.34,369.72,2,5.41,1
torchinferno,multi_turn,789,338.24,0.00,392.36,1,2.55,1
torchinferno,multi_turn,790,376.39,49.28,425.67,2,4.70,1
torchinferno,multi_turn,791,549.45,0.00,560.03,1,1.79,1
torchinferno,multi_turn,792,291.41,0.00,341.69,1,2.93,1
torchinferno,multi_turn,793,296.68,41.30,337.98,2,5.92,0
torchinferno,multi_turn,794,224.89,0.00,241.66,1,4.14,1
torchinferno,multi_turn,795,331.77,0.00,391.91,1,2.55,1
torchinferno,multi_turn,796,295.65,0.00,395.29,1,2.53,1
torchinferno,multi_turn,797,311.75,0.00,412.48,1,2.42,1
torchinferno,multi_turn,798,324.31,0.00,416.52,1,2.40,1
torchinferno,multi_turn,799,503.44,0.00,518.29,1,1.93,1
torchinferno,multi_turn,800,295.01,46.55,341.57,2,5.86,1
torchinferno,multi_turn,801,304.26,0.00,338.84,1,2.95,1
torchinferno,multi_turn,802,230.85,0.00,317.15,1,3.15,1
torchinferno,multi_turn,803,259.49,0.00,305.42,1,3.27,1
torchinferno,multi_turn,804,318.46,0.00,366.85,1,2.73,1
torchinferno,multi_turn,805,349.49,0.00,429.02,1,2.33,1
torchinferno,multi_turn,806,356.78,76.27,433.05,2,4.62,1
torchinferno,multi_turn,807,517.86,0.00,533.31,1,1.88,1
torchinferno,multi_turn,808,259.56,0.00,296.57,1,3.37,1
torchinferno,multi_turn,809,317.06,0.00,338.14,1,2.96,1
torchinferno,multi_turn,810,240.27,57.84,298.10,2,6.71,1
torchinferno,multi_turn,811,291.77,0.00,375.10,1,2.67,1
torchinferno,multi_turn,812,276.39,0.00,341.33,1,2.93,1
torchinferno,multi_turn,813,337.86,0.00,362.84,1,2.76,1
torchinferno,multi_turn,814,405.96,0.00,497.98,1,2.01,1
torchinferno,multi_turn,815,504.84,0.00,520.44,1,1.92,1
torchinferno,multi_turn,816,280.31,0.00,349.35,1,2.86,1
torchinferno,multi_turn,817,284.78,0.00,305.39,1,3.27,1
torchinferno,multi_turn,818,229.17,0.00,244.53,1,4.09,1
torchinferno,multi_turn,819,340.19,68.91,409.10,2,4.89,1
torchinferno,multi_turn,820,291.22,32.66,323.88,2,6.18,1
torchinferno,multi_turn,821,373.04,81.37,454.41,2,4.40,1
torchinferno,multi_turn,822,350.68,0.00,418.65,1,2.39,1
torchinferno,multi_turn,823,523.93,0.00,541.95,1,1.85,1
torchinferno,multi_turn,824,309.21,48.12,357.33,2,5.60,1
torchinferno,multi_turn,825,294.04,82.09,376.14,2,5.32,1
torchinferno,multi_turn,826,181.01,0.00,227.62,1,4.39,1
torchinferno,multi_turn,827,304.06,56.90,360.95,2,5.54,1
torchinferno,multi_turn,828,302.22,0.00,399.46,1,2.50,1
torchinferno,multi_turn,829,306.38,0.00,367.02,1,2.72,1
torchinferno,multi_turn,830,369.71,0.00,381.65,1,2.62,1
torchinferno,multi_turn,831,581.20,0.00,603.04,1,1.66,1
torchinferno,multi_turn,832,293.52,44.31,337.83,2,5.92,1
torchinferno,multi_turn,833,305.83,0.00,346.89,1,2.88,1
torchinferno,multi_turn,834,214.14,61.43,275.57,2,7.26,1
torchinferno,multi_turn,835,295.70,95.74,391.43,2,5.11,1
torchinferno,multi_turn,836,261.58,51.95,313.53,2,6.38,1
torchinferno,multi_turn,837,348.28,41.22,389.49,2,5.13,1
torchinferno,multi_turn,838,388.36,87.16,475.52,2,4.21,1
torchinferno,multi_turn,839,511.80,0.00,532.15,1,1.88,1
torchinferno,multi_turn,840,293.52,0.00,319.47,1,3.13,1
torchinferno,multi_turn,841,321.40,66.47,387.87,2,5.16,1
torchinferno,multi_turn,842,193.50,89.04,282.54,2,7.08,0
torchinferno,multi_turn,843,253.87,95.71,349.57,2,5.72,1
torchinferno,multi_turn,844,262.58,0.00,299.87,1,3.33,1
torchinferno,multi_turn,845,371.05,0.00,400.30,1,2.50,1
torchinferno,multi_turn,846,398.89,58.23,457.13,2,4.38,1
torchinferno,multi_turn,847,540.40,0.00,561.73,1,1.78,1
torchinferno,multi_turn,848,320.54,0.00,332.33,1,3.01,1
torchinferno,multi_turn,849,329.44,0.00,390.41,1,2.56,1
torchinferno,multi_turn,850,197.55,53.07,250.61,2,7.98,1
torchinferno,multi_turn,851,296.54,45.25,341.79,2,5.85,1
torchinferno,multi_turn,852,319.29,44.07,363.37,2,5.50,1
torchinferno,multi_turn,853,358.61,0.00,413.94,1,2.42,1
torchinferno,multi_turn,854,373.60,0.00,403.70,1,2.48,1
torchinferno,multi_turn,855,571.11,0.00,588.29,1,1.70,1
torchinferno,multi_turn,856,272.23,0.00,280.46,1,3.57,1
torchinferno,multi_turn,857,340.16,33.93,374.09,2,5.35,1
torchinferno,multi_turn,858,216.89,0.00,251.39,1,3.98,1
torchinferno,multi_turn,859,314.98,0.00,348.10,1,2.87,1
torchinferno,multi_turn,860,325.18,0.00,445.40,1,2.25,1
torchinferno,multi_turn,861,291.83,0.00,326.13,1,3.07,1
torchinferno,multi_turn,862,397.45,0.00,475.68,1,2.10,1
torchinferno,multi_turn,863,518.53,0.00,535.49,1,1.87,1
torchinferno,multi_turn,864,302.03,0.00,350.02,1,2.86,1
torchinferno,multi_turn,865,298.45,0.00,366.21,1,2.73,1
torchinferno,multi_turn,866,200.27,34.65,234.92,2,8.51,1
torchinferno,multi_turn,867,313.34,0.00,360.09,1,2.78,1
torchinferno,multi_turn,868,311.81,0.00,326.94,1,3.06,1
torchinferno,multi_turn,869,387.93,69.72,457.66,2,4.37,1
torchinferno,multi_turn,870,365.04,0.00,386.00,1,2.59,1
torchinferno,multi_turn,871,574.18,0.00,592.99,1,1.69,1
torchinferno,multi_turn,872,330.39,0.00,388.95,1,2.57,1
torchinferno,multi_turn,873,401.43,74.95,476.38,2,4.20,1
torchinferno,multi_turn,874,232.97,0.00,281.60,1,3.55,1
torchinferno,multi_turn,875,282.58,0.00,319.89,1,3.13,1
torchinferno,multi_turn,876,366.38,62.79,429.17,2,4.66,1
torchinferno,multi_turn,877,335.95,0.00,387.79,1,2.58,1
torchinferno,multi_turn,878,431.79,0.00,450.25,1,2.22,1
torchinferno,multi_turn,879,329.82,0.00,347.44,1,2.88,1
torchinferno,multi_turn,880,291.52,0.00,333.43,1,3.00,1
torchinferno,multi_turn,881,317.05,48.00,365.05,2,5.48,1
torchinferno,multi_turn,882,204.71,22.42,249.55,3,12.02,1
torchinferno,multi_turn,883,302.10,0.00,317.09,1,3.15,1
torchinferno,multi_turn,884,347.15,53.96,455.07,3,6.59,1
torchinferno,multi_turn,885,303.35,0.00,317.84,1,3.15,1
torchinferno,multi_turn,886,408.12,36.64,481.39,3,6.23,1
torchinferno,multi_turn,887,523.86,28.20,552.06,2,3.62,1
torchinferno,multi_turn,888,294.85,0.00,307.35,1,3.25,1
torchinferno,multi_turn,889,341.02,0.00,412.16,1,2.43,1
torchinferno,multi_turn,890,187.74,85.80,273.53,2,7.31,1
torchinferno,multi_turn,891,265.53,86.83,352.36,2,5.68,1
torchinferno,multi_turn,892,265.72,0.00,280.65,1,3.56,1
torchinferno,multi_turn,893,393.13,94.69,487.81,2,4.10,1
torchinferno,multi_turn,894,334.28,77.95,412.23,2,4.85,1
torchinferno,multi_turn,895,525.52,21.05,546.57,2,3.66,1
torchinferno,multi_turn,896,269.54,0.00,290.80,1,3.44,1
torchinferno,multi_turn,897,328.86,0.00,344.40,1,2.90,1
torchinferno,multi_turn,898,245.52,0.00,269.11,1,3.72,1
torchinferno,multi_turn,899,328.22,40.42,368.63,2,5.43,1
torchinferno,multi_turn,900,314.43,66.69,381.12,2,5.25,1
torchinferno,multi_turn,901,344.72,105.50,450.22,2,4.44,1
torchinferno,multi_turn,902,324.83,0.00,357.75,1,2.80,1
torchinferno,multi_turn,903,560.35,27.95,588.31,2,3.40,1
torchinferno,multi_turn,904,319.29,0.00,355.56,1,2.81,1
torchinferno,multi_turn,905,307.35,0.00,367.94,1,2.72,1
torchinferno,multi_turn,906,205.17,61.36,266.53,2,7.50,1
torchinferno,multi_turn,907,289.63,32.36,321.99,2,6.21,1
torchinferno,multi_turn,908,323.79,57.82,381.61,2,5.24,1
torchinferno,multi_turn,909,351.00,0.00,436.29,1,2.29,1
torchinferno,multi_turn,910,337.56,0.00,371.81,1,2.69,1
torchinferno,multi_turn,911,567.56,23.81,591.37,2,3.38,0
torchinferno,multi_turn,912,266.83,0.00,291.39,1,3.43,1
torchinferno,multi_turn,913,325.99,0.00,363.51,1,2.75,1
torchinferno,multi_turn,914,222.26,49.90,272.16,2,7.35,1
torchinferno,multi_turn,915,295.18,0.00,348.48,1,2.87,1
torchinferno,multi_turn,916,304.75,0.00,383.06,1,2.61,1
torchinferno,multi_turn,917,331.71,28.74,360.46,2,5.55,1
torchinferno,multi_turn,918,403.28,0.00,466.00,1,2.15,1
torchinferno,multi_turn,919,527.08,28.98,556.06,2,3.60,1
torchinferno,multi_turn,920,302.65,24.27,326.92,2,6.12,1
torchinferno,multi_turn,921,322.28,0.00,350.40,1,2.85,1
torchinferno,multi_turn,922,229.83,52.23,282.06,2,7.09,1
torchinferno,multi_turn,923,301.78,0.00,381.85,1,2.62,1
torchinferno,multi_turn,924,274.61,57.52,332.13,2,6.02,1
torchinferno,multi_turn,925,354.22,0.00,411.87,1,2.43,1
torchinferno,multi_turn,926,372.60,0.00,384.40,1,2.60,1
torchinferno,multi_turn,927,578.14,27.96,606.10,2,3.30,1
torchinferno,multi_turn,928,309.86,0.00,315.19,1,3.17,1
torchinferno,multi_turn,929,317.51,57.64,375.14,2,5.33,1
torchinferno,multi_turn,930,204.73,0.00,219.09,1,4.56,1
torchinferno,multi_turn,931,335.14,75.74,410.89,2,4.87,1
torchinferno,multi_turn,932,282.27,0.00,332.55,1,3.01,1
torchinferno,multi_turn,933,359.59,0.00,434.60,1,2.30,1
torchinferno,multi_turn,934,350.95,0.00,372.27,1,2.69,1
torchinferno,multi_turn,935,573.85,29.71,603.55,2,3.31,1
torchinferno,multi_turn,936,263.35,69.34,332.69,2,6.01,1
torchinferno,multi_turn,937,288.73,0.00,310.59,1,3.22,1
torchinferno,multi_turn,938,233.23,37.99,271.22,2,7.37,1
torchinferno,multi_turn,939,312.10,35.94,348.03,2,5.75,1
torchinferno,multi_turn,940,319.87,0.00,419.51,1,2.38,1
torchinferno,multi_turn,941,312.16,0.00,333.95,1,2.99,1
torchinferno,multi_turn,942,407.32,0.00,458.77,1,2.18,1
torchinferno,multi_turn,943,549.49,24.13,573.62,2,3.49,0
torchinferno,multi_turn,944,317.16,0.00,333.27,1,3.00,1
torchinferno,multi_turn,945,327.09,68.69,395.79,2,5.05,1
torchinferno,multi_turn,946,192.86,35.91,228.76,2,8.74,1
torchinferno,multi_turn,947,312.68,0.00,355.82,1,2.81,1
torchinferno,multi_turn,948,312.28,111.51,423.78,2,4.72,1
torchinferno,multi_turn,949,292.12,0.00,305.62,1,3.27,1
torchinferno,multi_turn,950,420.62,0.00,460.56,1,2.17,1
torchinferno,multi_turn,951,555.18,28.48,583.67,2,3.43,1
torchinferno,multi_turn,952,430.44,0.00,497.17,1,2.01,1
torchinferno,multi_turn,953,383.11,81.70,464.82,2,4.30,1
torchinferno,multi_turn,954,169.84,65.91,235.75,2,8.48,1
torchinferno,multi_turn,955,286.76,0.00,366.15,1,2.73,1
torchinferno,multi_turn,956,278.00,0.00,294.25,1,3.40,1
torchinferno,multi_turn,957,397.64,91.79,489.42,2,4.09,1
torchinferno,multi_turn,958,334.97,61.69,396.66,2,5.04,1
torchinferno,multi_turn,959,533.42,29.58,562.99,2,3.55,1
torchinferno,multi_turn,960,309.61,57.47,367.08,2,5.45,1
torchinferno,multi_turn,961,288.02,0.00,309.03,1,3.24,1
torchinferno,multi_turn,962,241.55,43.35,284.90,2,7.02,1
torchinferno,multi_turn,963,309.81,60.58,370.39,2,5.40,1
torchinferno,multi_turn,964,296.99,26.75,323.75,2,6.18,1
torchinferno,multi_turn,965,376.66,108.32,484.97,2,4.12,1
torchinferno,multi_turn,966,322.77,84.22,406.99,2,4.91,1
torchinferno,multi_turn,967,514.38,25.96,540.34,2,3.70,1
torchinferno,multi_turn,968,303.56,0.00,344.64,1,2.90,1
torchinferno,multi_turn,969,305.95,0.00,316.18,1,3.16,1
torchinferno,multi_turn,970,250.50,77.77,328.27,2,6.09,1
torchinferno,multi_turn,971,272.28,80.37,352.65,2,5.67,1
torchinferno,multi_turn,972,277.78,43.99,321.77,2,6.22,1
torchinferno,multi_turn,973,362.05,80.47,442.52,2,4.52,1
torchinferno,multi_turn,974,354.90,0.00,394.04,1,2.54,1
torchinferno,multi_turn,975,553.13,29.36,582.49,2,3.43,1
torchinferno,multi_turn,976,272.20,76.74,348.94,2,5.73,1
torchinferno,multi_turn,977,282.57,0.00,327.59,1,3.05,1
torchinferno,multi_turn,978,214.17,0.00,264.24,1,3.78,1
torchinferno,multi_turn,979,291.36,0.00,314.15,1,3.18,1
torchinferno,multi_turn,980,335.75,0.00,417.94,1,2.39,1
torchinferno,multi_turn,981,331.81,52.44,384.25,2,5.20,1
torchinferno,multi_turn,982,379.07,51.11,430.18,2,4.65,0
torchinferno,multi_turn,983,544.26,26.10,570.36,2,3.51,1
torchinferno,multi_turn,984,318.29,0.00,362.73,1,2.76,1
torchinferno,multi_turn,985,298.56,0.00,333.07,1,3.00,1
torchinferno,multi_turn,986,226.44,0.00,311.23,1,3.21,1
torchinferno,multi_turn,987,267.86,23.53,291.39,2,6.86,1
torchinferno,multi_turn,988,331.35,0.00,356.83,1,2.80,1
torchinferno,multi_turn,989,377.94,0.00,468.03,1,2.14,1
torchinferno,multi_turn,990,344.16,0.00,443.15,1,2.26,1
torchinferno,multi_turn,991,499.95,28.67,528.63,2,3.78,1
torchinferno,multi_turn,992,283.26,71.98,355.24,2,5.63,1
torchinferno,multi_turn,993,282.64,62.37,345.01,2,5.80,1
torchinferno,multi_turn,994,197.48,78.09,275.57,2,7.26,1
torchinferno,multi_turn,995,270.44,0.00,304.07,1,3.29,1
torchinferno,multi_turn,996,326.26,103.36,429.61,2,4.66,1
torchinferno,multi_turn,997,301.23,44.72,345.95,2,5.78,1
torchinferno,multi_turn,998,387.03,0.00,425.97,1,2.35,1
torchinferno,multi_turn,999,560.72,30.07,590.78,2,3.39,1
torchinferno,tree_of_thought,0,325.64,0.00,360.76,1,2.77,1
torchinferno,tree_of_thought,1,317.85,47.75,365.59,2,5.47,1
torchinferno,tree_of_thought,2,298.68,63.38,362.06,2,5.52,1
torchinferno,tree_of_thought,3,323.63,55.45,379.07,2,5.28,1
torchinferno,tree_of_thought,4,146.97,0.00,178.24,1,5.61,1
torchinferno,tree_of_thought,5,157.28,0.00,192.72,1,5.19,1
torchinferno,tree_of_thought,6,135.53,58.21,193.74,2,10.32,1
torchinferno,tree_of_thought,7,166.37,62.92,229.29,2,8.72,1
torchinferno,tree_of_thought,8,198.63,0.00,236.87,1,4.22,1
torchinferno,tree_of_thought,9,196.20,52.56,248.75,2,8.04,0
torchinferno,tree_of_thought,10,177.48,62.44,239.92,2,8.34,1
torchinferno,tree_of_thought,11,172.55,57.70,230.25,2,8.69,1
torchinferno,tree_of_thought,12,647.07,0.00,672.11,1,1.49,1
torchinferno,tree_of_thought,13,647.70,0.00,685.35,1,1.46,1
torchinferno,tree_of_thought,14,651.98,0.00,688.12,1,1.45,1
torchinferno,tree_of_thought,15,635.38,47.75,683.12,2,2.93,1
torchinferno,tree_of_thought,16,117.06,25.35,142.41,2,14.04,1
torchinferno,tree_of_thought,17,225.31,0.00,262.06,1,3.82,1
torchinferno,tree_of_thought,18,263.52,0.00,299.74,1,3.34,1
torchinferno,tree_of_thought,19,314.13,0.00,343.83,1,2.91,1
torchinferno,tree_of_thought,20,343.55,0.00,376.09,1,2.66,1
torchinferno,tree_of_thought,21,65.00,56.61,121.61,2,16.45,1
torchinferno,tree_of_thought,22,159.58,0.00,196.44,1,5.09,1
torchinferno,tree_of_thought,23,144.66,0.00,184.06,1,5.43,1
torchinferno,tree_of_thought,24,184.97,51.96,236.93,2,8.44,1
torchinferno,tree_of_thought,25,267.79,26.22,294.01,2,6.80,1
torchinferno,tree_of_thought,26,254.86,0.00,286.86,1,3.49,1
torchinferno,tree_of_thought,27,219.95,0.00,254.03,1,3.94,1
torchinferno,tree_of_thought,28,195.34,57.19,252.53,2,7.92,1
torchinferno,tree_of_thought,29,288.73,0.00,315.97,1,3.16,1
torchinferno,tree_of_thought,30,141.86,0.00,154.68,1,6.46,1
torchinferno,tree_of_thought,31,111.85,0.00,137.76,1,7.26,1
torchinferno,tree_of_thought,32,114.35,0.00,149.12,1,6.71,1
torchinferno,tree_of_thought,33,263.28,0.00,306.30,1,3.26,1
torchinferno,tree_of_thought,34,249.09,70.66,319.75,2,6.25,1
torchinferno,tree_of_thought,35,169.36,0.00,184.46,1,5.42,1
torchinferno,tree_of_thought,36,174.50,0.00,198.64,1,5.03,1
torchinferno,tree_of_thought,37,135.68,0.00,159.59,1,6.27,1
torchinferno,tree_of_thought,38,144.36,0.00,176.64,1,5.66,1
torchinferno,tree_of_thought,39,82.67,0.00,110.11,1,9.08,1
torchinferno,tree_of_thought,40,227.43,0.00,266.51,1,3.75,1
torchinferno,tree_of_thought,41,232.26,59.86,292.11,2,6.85,1
torchinferno,tree_of_thought,42,231.65,58.34,289.99,2,6.90,1
torchinferno,tree_of_thought,43,159.18,0.00,190.38,1,5.25,1
torchinferno,tree_of_thought,44,193.00,60.88,253.88,2,7.88,1
torchinferno,tree_of_thought,45,187.53,56.84,244.37,2,8.18,1
torchinferno,tree_of_thought,46,166.75,43.42,253.58,3,11.83,1
torchinferno,tree_of_thought,47,666.30,0.00,680.73,1,1.47,1
torchinferno,tree_of_thought,48,124.75,0.00,154.79,1,6.46,1
torchinferno,tree_of_thought,49,142.06,0.00,174.12,1,5.74,1
torchinferno,tree_of_thought,50,235.60,0.00,264.39,1,3.78,1
torchinferno,tree_of_thought,51,201.48,42.00,285.48,3,10.51,0
torchinferno,tree_of_thought,52,173.85,0.00,199.09,1,5.02,1
torchinferno,tree_of_thought,53,171.24,0.00,199.92,1,5.00,1
torchinferno,tree_of_thought,54,177.21,51.35,228.56,2,8.75,1
torchinferno,tree_of_thought,55,169.14,59.39,228.53,2,8.75,1
torchinferno,tree_of_thought,56,384.13,0.00,407.58,1,2.45,1
torchinferno,tree_of_thought,57,135.67,56.26,191.93,2,10.42,1
torchinferno,tree_of_thought,58,207.62,0.00,237.30,1,4.21,1
torchinferno,tree_of_thought,59,247.39,0.00,278.13,1,3.60,1
torchinferno,tree_of_thought,60,304.97,58.36,363.33,2,5.50,1
torchinferno,tree_of_thought,61,126.11,0.00,140.05,1,7.14,1
torchinferno,tree_of_thought,62,233.93,0.00,272.00,1,3.68,1
torchinferno,tree_of_thought,63,242.23,0.00,290.56,1,3.44,1
torchinferno,tree_of_thought,64,235.65,0.00,280.25,1,3.57,1
torchinferno,tree_of_thought,65,266.05,66.78,332.83,2,6.01,1
torchinferno,tree_of_thought,66,146.69,0.00,162.17,1,6.17,1
torchinferno,tree_of_thought,67,173.46,0.00,194.91,1,5.13,1
torchinferno,tree_of_thought,68,159.12,45.29,204.41,2,9.78,1
torchinferno,tree_of_thought,69,121.04,50.11,171.15,2,11.69,1
torchinferno,tree_of_thought,70,206.20,0.00,240.76,1,4.15,1
torchinferno,tree_of_thought,71,206.94,0.00,239.46,1,4.18,1
torchinferno,tree_of_thought,72,207.32,63.17,270.49,2,7.39,1
torchinferno,tree_of_thought,73,209.19,63.01,272.19,2,7.35,1
torchinferno,tree_of_thought,74,155.87,0.00,188.81,1,5.30,1
torchinferno,tree_of_thought,75,169.07,0.00,207.00,1,4.83,1
torchinferno,tree_of_thought,76,189.54,55.38,244.92,2,8.17,1
torchinferno,tree_of_thought,77,134.44,57.04,191.48,2,10.45,1
torchinferno,tree_of_thought,78,676.24,29.97,706.21,2,2.83,1
torchinferno,tree_of_thought,79,254.40,0.00,295.34,1,3.39,1
torchinferno,tree_of_thought,80,229.34,56.45,285.80,2,7.00,0
torchinferno,tree_of_thought,81,310.23,0.00,338.27,1,2.96,1
torchinferno,tree_of_thought,82,335.61,71.79,407.40,2,4.91,1
torchinferno,tree_of_thought,83,109.25,0.00,132.30,1,7.56,1
torchinferno,tree_of_thought,84,80.79,0.00,116.09,1,8.61,1
torchinferno,tree_of_thought,85,140.46,58.67,199.13,2,10.04,1
torchinferno,tree_of_thought,86,201.24,51.54,252.78,2,7.91,1
torchinferno,tree_of_thought,87,117.74,0.00,141.29,1,7.08,1
torchinferno,tree_of_thought,88,129.81,59.43,189.24,2,10.57,1
torchinferno,tree_of_thought,89,207.40,0.00,242.48,1,4.12,1
torchinferno,tree_of_thought,90,248.07,59.34,307.41,2,6.51,1
torchinferno,tree_of_thought,91,309.65,0.00,335.11,1,2.98,1
torchinferno,tree_of_thought,92,139.41,0.00,157.57,1,6.35,1
torchinferno,tree_of_thought,93,112.42,0.00,147.97,1,6.76,1
torchinferno,tree_of_thought,94,253.88,61.67,315.55,2,6.34,1
torchinferno,tree_of_thought,95,277.84,75.32,353.16,2,5.66,1
torchinferno,tree_of_thought,96,266.12,74.93,341.05,2,5.86,1
torchinferno,tree_of_thought,97,113.50,0.00,144.06,1,6.94,1
torchinferno,tree_of_thought,98,146.73,0.00,179.78,1,5.56,1
torchinferno,tree_of_thought,99,164.49,0.00,192.70,1,5.19,1
torchinferno,tree_of_thought,100,134.42,54.47,188.89,2,10.59,1
torchinferno,tree_of_thought,101,181.72,0.00,217.73,1,4.59,1
torchinferno,tree_of_thought,102,198.46,0.00,232.24,1,4.31,1
torchinferno,tree_of_thought,103,204.20,0.00,244.08,1,4.10,1
torchinferno,tree_of_thought,104,203.00,68.29,271.29,2,7.37,1
torchinferno,tree_of_thought,105,132.07,0.00,163.99,1,6.10,1
torchinferno,tree_of_thought,106,174.75,0.00,206.84,1,4.83,1
torchinferno,tree_of_thought,107,189.13,0.00,226.96,1,4.41,1
torchinferno,tree_of_thought,108,163.79,54.95,218.75,2,9.14,0
torchinferno,tree_of_thought,109,680.93,0.00,695.55,1,1.44,1
torchinferno,tree_of_thought,110,130.75,54.62,185.37,2,10.79,1
torchinferno,tree_of_thought,111,210.38,0.00,241.92,1,4.13,1
torchinferno,tree_of_thought,112,238.23,65.79,304.02,2,6.58,1
torchinferno,tree_of_thought,113,325.79,0.00,355.86,1,2.81,1
torchinferno,tree_of_thought,114,70.54,0.00,96.65,1,10.35,1
torchinferno,tree_of_thought,115,62.04,0.00,91.04,1,10.98,1
torchinferno,tree_of_thought,116,156.88,0.00,190.76,1,5.24,1
torchinferno,tree_of_thought,117,176.72,59.80,236.52,2,8.46,1
torchinferno,tree_of_thought,118,264.95,0.00,288.85,1,3.46,1
torchinferno,tree_of_thought,119,118.75,58.52,177.27,2,11.28,1
torchinferno,tree_of_thought,120,235.60,0.00,263.74,1,3.79,1
torchinferno,tree_of_thought,121,201.32,58.36,259.68,2,7.70,1
torchinferno,tree_of_thought,122,296.44,53.75,350.18,2,5.71,1
torchinferno,tree_of_thought,123,121.04,0.00,138.06,1,7.24,1
torchinferno,tree_of_thought,124,318.55,0.00,353.30,1,2.83,1
torchinferno,tree_of_thought,125,311.36,0.00,348.42,1,2.87,1
torchinferno,tree_of_thought,126,333.49,0.00,370.89,1,2.70,1
torchinferno,tree_of_thought,127,331.02,0.00,367.07,1,2.72,1
torchinferno,tree_of_thought,128,96.75,0.00,104.72,1,9.55,1
torchinferno,tree_of_thought,129,205.05,0.00,240.79,1,4.15,1
torchinferno,tree_of_thought,130,205.22,52.65,257.87,2,7.76,1
torchinferno,tree_of_thought,131,193.04,47.08,287.21,3,10.45,0
torchinferno,tree_of_thought,132,155.92,0.00,189.61,1,5.27,1
torchinferno,tree_of_thought,133,162.45,51.83,214.28,2,9.33,1
torchinferno,tree_of_thought,134,154.73,58.21,212.94,2,9.39,1
torchinferno,tree_of_thought,135,165.29,62.67,227.95,2,8.77,1
torchinferno,tree_of_thought,136,638.73,0.00,662.75,1,1.51,1
torchinferno,tree_of_thought,137,620.26,0.00,661.74,1,1.51,1
torchinferno,tree_of_thought,138,646.70,59.12,705.81,2,2.83,0
torchinferno,tree_of_thought,139,613.72,56.00,669.72,2,2.99,1
torchinferno,tree_of_thought,140,111.03,33.85,144.88,2,13.80,1
torchinferno,tree_of_thought,141,218.13,50.49,268.62,2,7.45,1
torchinferno,tree_of_thought,142,239.68,63.50,303.18,2,6.60,1
torchinferno,tree_of_thought,143,330.89,0.00,358.90,1,2.79,1
torchinferno,tree_of_thought,144,300.22,67.72,367.94,2,5.44,1
torchinferno,tree_of_thought,145,122.30,0.00,163.92,1,6.10,1
torchinferno,tree_of_thought,146,85.89,63.70,149.59,2,13.37,1
torchinferno,tree_of_thought,147,205.80,0.00,241.12,1,4.15,1
torchinferno,tree_of_thought,148,182.50,56.67,239.17,2,8.36,1
torchinferno,tree_of_thought,149,117.01,0.00,140.60,1,7.11,1
torchinferno,tree_of_thought,150,127.65,0.00,153.16,1,6.53,1
torchinferno,tree_of_thought,151,208.58,0.00,236.46,1,4.23,1
torchinferno,tree_of_thought,152,233.59,0.00,272.72,1,3.67,1
torchinferno,tree_of_thought,153,299.26,0.00,330.24,1,3.03,1
torchinferno,tree_of_thought,154,145.92,0.00,165.11,1,6.06,1
torchinferno,tree_of_thought,155,305.92,0.00,332.42,1,3.01,1
torchinferno,tree_of_thought,156,290.65,0.00,323.94,1,3.09,1
torchinferno,tree_of_thought,157,307.98,53.46,361.44,2,5.53,1
torchinferno,tree_of_thought,158,291.04,60.67,351.71,2,5.69,1
torchinferno,tree_of_thought,159,110.66,0.00,140.94,1,7.10,1
torchinferno,tree_of_thought,160,156.06,0.00,192.11,1,5.21,1
torchinferno,tree_of_thought,161,134.20,55.29,189.49,2,10.55,1
torchinferno,tree_of_thought,162,141.04,61.82,202.86,2,9.86,1
torchinferno,tree_of_thought,163,175.41,0.00,205.47,1,4.87,1
torchinferno,tree_of_thought,164,201.17,0.00,234.92,1,4.26,1
torchinferno,tree_of_thought,165,161.03,57.48,218.51,2,9.15,1
torchinferno,tree_of_thought,166,182.51,65.66,248.18,2,8.06,1
torchinferno,tree_of_thought,167,654.37,0.00,681.10,1,1.47,1
torchinferno,tree_of_thought,168,607.68,0.00,647.99,1,1.54,1
torchinferno,tree_of_thought,169,634.39,58.33,692.73,2,2.89,1
torchinferno,tree_of_thought,170,624.60,56.47,681.07,2,2.94,1
torchinferno,tree_of_thought,171,111.57,0.00,124.88,1,8.01,1
torchinferno,tree_of_thought,172,136.12,0.00,166.07,1,6.02,1
torchinferno,tree_of_thought,173,218.56,0.00,247.96,1,4.03,1
torchinferno,tree_of_thought,174,240.73,0.00,285.04,1,3.51,1
torchinferno,tree_of_thought,175,331.91,67.46,399.36,2,5.01,1
torchinferno,tree_of_thought,176,141.88,0.00,177.87,1,5.62,1
torchinferno,tree_of_thought,177,123.05,0.00,157.26,1,6.36,1
torchinferno,tree_of_thought,178,84.58,53.88,138.46,2,14.44,1
torchinferno,tree_of_thought,179,208.18,0.00,231.43,1,4.32,1
torchinferno,tree_of_thought,180,150.35,0.00,173.11,1,5.78,1
torchinferno,tree_of_thought,181,119.27,0.00,152.36,1,6.56,1
torchinferno,tree_of_thought,182,205.24,0.00,237.89,1,4.20,1
torchinferno,tree_of_thought,183,236.57,60.39,296.95,2,6.74,1
torchinferno,tree_of_thought,184,299.06,0.00,323.77,1,3.09,1
torchinferno,tree_of_thought,185,150.70,0.00,171.26,1,5.84,1
torchinferno,tree_of_thought,186,214.24,0.00,252.83,1,3.96,1
torchinferno,tree_of_thought,187,226.33,0.00,267.25,1,3.74,1
torchinferno,tree_of_thought,188,328.07,0.00,363.50,1,2.75,1
torchinferno,tree_of_thought,189,335.07,59.28,394.35,2,5.07,1
torchinferno,tree_of_thought,190,136.26,0.00,175.16,1,5.71,1
torchinferno,tree_of_thought,191,134.46,0.00,169.23,1,5.91,1
torchinferno,tree_of_thought,192,149.52,58.75,208.27,2,9.60,1
torchinferno,tree_of_thought,193,171.20,51.60,222.81,2,8.98,1
torchinferno,tree_of_thought,194,194.00,0.00,218.05,1,4.59,1
torchinferno,tree_of_thought,195,198.84,0.00,233.01,1,4.29,1
torchinferno,tree_of_thought,196,181.78,0.00,212.15,1,4.71,1
torchinferno,tree_of_thought,197,159.31,59.03,218.33,2,9.16,1
torchinferno,tree_of_thought,198,606.83,0.00,632.99,1,1.58,1
torchinferno,tree_of_thought,199,625.44,0.00,652.34,1,1.53,1
torchinferno,tree_of_thought,200,641.12,0.00,679.48,1,1.47,1
torchinferno,tree_of_thought,201,632.98,57.70,690.68,2,2.90,1
torchinferno,tree_of_thought,202,112.20,23.27,135.48,2,14.76,1
torchinferno,tree_of_thought,203,235.69,0.00,256.34,1,3.90,1
torchinferno,tree_of_thought,204,256.75,59.88,316.63,2,6.32,1
torchinferno,tree_of_thought,205,349.22,0.00,372.43,1,2.69,1
torchinferno,tree_of_thought,206,315.99,66.11,382.10,2,5.23,1
torchinferno,tree_of_thought,207,112.33,0.00,141.43,1,7.07,1
torchinferno,tree_of_thought,208,141.62,58.14,199.76,2,10.01,1
torchinferno,tree_of_thought,209,229.25,0.00,256.57,1,3.90,1
torchinferno,tree_of_thought,210,200.60,63.47,264.07,2,7.57,1
torchinferno,tree_of_thought,211,109.55,24.04,133.59,2,14.97,1
torchinferno,tree_of_thought,212,115.54,0.00,147.56,1,6.78,1
torchinferno,tree_of_thought,213,225.73,0.00,257.69,1,3.88,1
torchinferno,tree_of_thought,214,195.83,63.38,259.22,2,7.72,1
torchinferno,tree_of_thought,215,289.55,0.00,319.20,1,3.13,1
torchinferno,tree_of_thought,216,146.85,0.00,168.35,1,5.94,1
torchinferno,tree_of_thought,217,295.03,0.00,322.15,1,3.10,1
torchinferno,tree_of_thought,218,293.97,0.00,312.96,1,3.20,1
torchinferno,tree_of_thought,219,283.57,0.00,316.84,1,3.16,1
torchinferno,tree_of_thought,220,287.17,59.29,346.46,2,5.77,1
torchinferno,tree_of_thought,221,178.56,0.00,205.56,1,4.86,1
torchinferno,tree_of_thought,222,179.45,58.86,238.31,2,8.39,1
torchinferno,tree_of_thought,223,171.61,64.67,236.28,2,8.46,1
torchinferno,tree_of_thought,224,180.56,59.43,239.98,2,8.33,1
torchinferno,tree_of_thought,225,179.34,0.00,212.83,1,4.70,1
torchinferno,tree_of_thought,226,210.23,53.40,263.63,2,7.59,1
torchinferno,tree_of_thought,227,192.63,60.49,253.12,2,7.90,1
torchinferno,tree_of_thought,228,176.32,39.90,256.12,3,11.71,1
torchinferno,tree_of_thought,229,595.76,0.00,631.50,1,1.58,1
torchinferno,tree_of_thought,230,625.33,53.31,678.64,2,2.95,1
torchinferno,tree_of_thought,231,603.37,64.74,668.11,2,2.99,1
torchinferno,tree_of_thought,232,600.28,61.87,662.15,2,3.02,1
torchinferno,tree_of_thought,233,110.18,0.00,124.27,1,8.05,1
torchinferno,tree_of_thought,234,125.69,0.00,155.60,1,6.43,1
torchinferno,tree_of_thought,235,207.14,0.00,238.04,1,4.20,1
torchinferno,tree_of_thought,236,240.69,57.26,297.95,2,6.71,1
torchinferno,tree_of_thought,237,320.99,0.00,357.04,1,2.80,1
torchinferno,tree_of_thought,238,61.56,57.78,119.34,2,16.76,1
torchinferno,tree_of_thought,239,66.64,60.34,126.99,2,15.75,1
torchinferno,tree_of_thought,240,165.77,0.00,196.71,1,5.08,1
torchinferno,tree_of_thought,241,155.43,0.00,184.64,1,5.42,1
torchinferno,tree_of_thought,242,287.68,0.00,310.64,1,3.22,1
torchinferno,tree_of_thought,243,137.88,54.20,192.08,2,10.41,1
torchinferno,tree_of_thought,244,246.55,0.00,291.28,1,3.43,1
torchinferno,tree_of_thought,245,217.13,54.93,272.06,2,7.35,1
torchinferno,tree_of_thought,246,311.93,55.09,367.02,2,5.45,1
torchinferno,tree_of_thought,247,122.32,0.00,145.64,1,6.87,1
torchinferno,tree_of_thought,248,213.49,65.36,278.85,2,7.17,1
torchinferno,tree_of_thought,249,327.92,0.00,358.77,1,2.79,1
torchinferno,tree_of_thought,250,326.66,0.00,354.84,1,2.82,1
torchinferno,tree_of_thought,251,333.90,60.61,394.51,2,5.07,1
torchinferno,tree_of_thought,252,137.50,0.00,170.69,1,5.86,1
torchinferno,tree_of_thought,253,152.13,0.00,190.80,1,5.24,1
torchinferno,tree_of_thought,254,171.66,0.00,204.30,1,4.89,1
torchinferno,tree_of_thought,255,132.49,0.00,170.20,1,5.88,1
torchinferno,tree_of_thought,256,110.66,0.00,152.83,1,6.54,1
torchinferno,tree_of_thought,257,239.50,0.00,263.88,1,3.79,1
torchinferno,tree_of_thought,258,228.53,64.26,292.79,2,6.83,1
torchinferno,tree_of_thought,259,243.68,52.10,295.78,2,6.76,1
torchinferno,tree_of_thought,260,628.56,0.00,661.94,1,1.51,1
torchinferno,tree_of_thought,261,606.87,0.00,638.21,1,1.57,1
torchinferno,tree_of_thought,262,646.88,0.00,679.81,1,1.47,1
torchinferno,tree_of_thought,263,622.61,0.00,652.35,1,1.53,1
torchinferno,tree_of_thought,264,137.06,31.61,168.66,2,11.86,1
torchinferno,tree_of_thought,265,221.19,0.00,243.06,1,4.11,1
torchinferno,tree_of_thought,266,247.57,0.00,279.27,1,3.58,1
torchinferno,tree_of_thought,267,305.81,64.92,370.73,2,5.39,1
torchinferno,tree_of_thought,268,332.00,69.65,401.65,2,4.98,1
torchinferno,tree_of_thought,269,134.80,0.00,172.37,1,5.80,1
torchinferno,tree_of_thought,270,104.99,57.63,162.61,2,12.30,1
torchinferno,tree_of_thought,271,195.52,57.46,252.98,2,7.91,1
torchinferno,tree_of_thought,272,220.00,62.94,282.95,2,7.07,0
torchinferno,tree_of_thought,273,111.37,36.53,147.90,2,13.52,1
torchinferno,tree_of_thought,274,244.23,63.76,307.99,2,6.49,1
torchinferno,tree_of_thought,275,219.44,55.30,274.74,2,7.28,1
torchinferno,tree_of_thought,276,305.59,56.25,361.84,2,5.53,1
torchinferno,tree_of_thought,277,289.15,52.43,341.58,2,5.86,1
torchinferno,tree_of_thought,278,122.87,0.00,144.83,1,6.90,1
torchinferno,tree_of_thought,279,122.68,0.00,151.31,1,6.61,1
torchinferno,tree_of_thought,280,112.86,59.79,172.65,2,11.58,1
torchinferno,tree_of_thought,281,257.65,0.00,286.64,1,3.49,1
torchinferno,tree_of_thought,282,267.04,0.00,315.01,1,3.17,1
torchinferno,tree_of_thought,283,205.20,0.00,226.08,1,4.42,1
torchinferno,tree_of_thought,284,202.48,46.76,249.24,2,8.02,1
torchinferno,tree_of_thought,285,189.89,50.41,240.30,2,8.32,1
torchinferno,tree_of_thought,286,178.54,55.21,233.75,2,8.56,1
torchinferno,tree_of_thought,287,201.68,0.00,227.69,1,4.39,1
torchinferno,tree_of_thought,288,192.15,52.61,244.76,2,8.17,1
torchinferno,tree_of_thought,289,177.31,58.33,235.63,2,8.49,0
torchinferno,tree_of_thought,290,172.05,60.02,232.07,2,8.62,1
torchinferno,tree_of_thought,291,168.33,0.00,193.04,1,5.18,1
torchinferno,tree_of_thought,292,183.98,0.00,214.74,1,4.66,1
torchinferno,tree_of_thought,293,192.11,59.66,251.78,2,7.94,1
torchinferno,tree_of_thought,294,141.42,57.64,199.06,2,10.05,1
torchinferno,tree_of_thought,295,682.29,31.56,713.84,2,2.80,1
torchinferno,tree_of_thought,296,256.49,0.00,279.30,1,3.58,1
torchinferno,tree_of_thought,297,228.14,55.51,283.66,2,7.05,1
torchinferno,tree_of_thought,298,311.71,0.00,345.21,1,2.90,1
torchinferno,tree_of_thought,299,334.44,71.82,406.26,2,4.92,1
torchinferno,tree_of_thought,300,89.31,0.00,124.89,1,8.01,1
torchinferno,tree_of_thought,301,126.00,0.00,166.58,1,6.00,1
torchinferno,tree_of_thought,302,215.99,0.00,243.48,1,4.11,1
torchinferno,tree_of_thought,303,190.69,61.05,251.73,2,7.94,1
torchinferno,tree_of_thought,304,110.99,26.36,137.36,2,14.56,1
torchinferno,tree_of_thought,305,115.55,54.82,170.37,2,11.74,1
torchinferno,tree_of_thought,306,188.20,0.00,218.77,1,4.57,1
torchinferno,tree_of_thought,307,227.29,59.53,286.83,2,6.97,1
torchinferno,tree_of_thought,308,288.46,40.41,369.29,3,8.12,1
torchinferno,tree_of_thought,309,103.56,0.00,125.76,1,7.95,1
torchinferno,tree_of_thought,310,114.87,0.00,147.45,1,6.78,1
torchinferno,tree_of_thought,311,257.60,0.00,294.46,1,3.40,1
torchinferno,tree_of_thought,312,275.51,0.00,317.95,1,3.15,1
torchinferno,tree_of_thought,313,248.34,0.00,287.04,1,3.48,1
torchinferno,tree_of_thought,314,76.05,0.00,110.85,1,9.02,1
torchinferno,tree_of_thought,315,83.18,0.00,116.68,1,8.57,1
torchinferno,tree_of_thought,316,85.56,52.25,137.81,2,14.51,1
torchinferno,tree_of_thought,317,78.33,62.54,140.88,2,14.20,1
torchinferno,tree_of_thought,318,158.30,0.00,187.45,1,5.33,1
torchinferno,tree_of_thought,319,142.94,0.00,179.46,1,5.57,1
torchinferno,tree_of_thought,320,128.90,52.85,181.76,2,11.00,1
torchinferno,tree_of_thought,321,134.76,63.47,198.23,2,10.09,1
torchinferno,tree_of_thought,322,210.85,0.00,233.87,1,4.28,1
torchinferno,tree_of_thought,323,214.80,0.00,236.12,1,4.24,1
torchinferno,tree_of_thought,324,207.31,0.00,243.36,1,4.11,1
torchinferno,tree_of_thought,325,196.32,55.20,251.53,2,7.95,1
torchinferno,tree_of_thought,326,827.90,0.00,842.31,1,1.19,1
torchinferno,tree_of_thought,327,147.29,0.00,175.71,1,5.69,1
torchinferno,tree_of_thought,328,126.17,0.00,155.30,1,6.44,1
torchinferno,tree_of_thought,329,149.13,56.40,205.54,2,9.73,1
torchinferno,tree_of_thought,330,236.53,61.87,298.40,2,6.70,1
torchinferno,tree_of_thought,331,81.82,0.00,117.66,1,8.50,1
torchinferno,tree_of_thought,332,83.79,62.38,146.17,2,13.68,1
torchinferno,tree_of_thought,333,83.68,68.17,151.85,2,13.17,1
torchinferno,tree_of_thought,334,84.55,72.25,156.81,2,12.75,1
torchinferno,tree_of_thought,335,478.98,0.00,499.33,1,2.00,1
torchinferno,tree_of_thought,336,123.47,0.00,149.94,1,6.67,1
torchinferno,tree_of_thought,337,204.85,52.62,257.47,2,7.77,1
torchinferno,tree_of_thought,338,235.15,56.66,291.81,2,6.85,0
torchinferno,tree_of_thought,339,296.99,56.89,353.88,2,5.65,1
torchinferno,tree_of_thought,340,119.23,26.32,145.55,2,13.74,1
torchinferno,tree_of_thought,341,223.67,70.60,294.27,2,6.80,1
torchinferno,tree_of_thought,342,223.30,66.00,289.30,2,6.91,1
torchinferno,tree_of_thought,343,230.63,72.57,303.20,2,6.60,1
torchinferno,tree_of_thought,344,247.55,68.67,316.22,2,6.32,1
torchinferno,tree_of_thought,345,147.68,0.00,176.97,1,5.65,1
torchinferno,tree_of_thought,346,144.79,0.00,165.12,1,6.06,1
torchinferno,tree_of_thought,347,163.83,0.00,192.37,1,5.20,1
torchinferno,tree_of_thought,348,171.64,0.00,203.84,1,4.91,1
torchinferno,tree_of_thought,349,219.89,0.00,264.16,1,3.79,1
torchinferno,tree_of_thought,350,225.26,59.62,284.88,2,7.02,1
torchinferno,tree_of_thought,351,217.64,68.02,285.66,2,7.00,1
torchinferno,tree_of_thought,352,228.97,63.12,292.09,2,6.85,1
torchinferno,tree_of_thought,353,124.97,0.00,158.85,1,6.30,1
torchinferno,tree_of_thought,354,179.12,0.00,208.00,1,4.81,1
torchinferno,tree_of_thought,355,164.77,0.00,198.21,1,5.05,1
torchinferno,tree_of_thought,356,138.56,55.16,193.71,2,10.32,1
torchinferno,tree_of_thought,357,687.16,28.66,715.82,2,2.79,1
torchinferno,tree_of_thought,358,215.39,0.00,254.46,1,3.93,1
torchinferno,tree_of_thought,359,254.15,60.09,314.24,2,6.36,1
torchinferno,tree_of_thought,360,305.54,0.00,342.81,1,2.92,1
torchinferno,tree_of_thought,361,339.12,61.68,400.80,2,4.99,0
torchinferno,tree_of_thought,362,89.17,0.00,130.55,1,7.66,1
torchinferno,tree_of_thought,363,132.42,58.39,190.80,2,10.48,1
torchinferno,tree_of_thought,364,193.08,56.28,249.36,2,8.02,0
torchinferno,tree_of_thought,365,213.83,62.61,276.43,2,7.24,0
torchinferno,tree_of_thought,366,114.05,0.00,133.52,1,7.49,1
torchinferno,tree_of_thought,367,119.96,0.00,145.54,1,6.87,1
torchinferno,tree_of_thought,368,142.78,56.23,199.01,2,10.05,1
torchinferno,tree_of_thought,369,194.74,0.00,218.97,1,4.57,1
torchinferno,tree_of_thought,370,224.89,0.00,254.03,1,3.94,1
torchinferno,tree_of_thought,371,274.40,24.09,298.49,2,6.70,1
torchinferno,tree_of_thought,372,235.99,0.00,264.27,1,3.78,1
torchinferno,tree_of_thought,373,222.25,0.00,251.79,1,3.97,1
torchinferno,tree_of_thought,374,229.28,0.00,260.91,1,3.83,1
torchinferno,tree_of_thought,375,214.65,0.00,247.44,1,4.04,1
torchinferno,tree_of_thought,376,78.91,0.00,116.18,1,8.61,1
torchinferno,tree_of_thought,377,196.20,0.00,219.36,1,4.56,1
torchinferno,tree_of_thought,378,187.42,0.00,217.89,1,4.59,1
torchinferno,tree_of_thought,379,197.60,54.42,252.02,2,7.94,1
torchinferno,tree_of_thought,380,200.03,0.00,228.39,1,4.38,1
torchinferno,tree_of_thought,381,171.55,0.00,198.74,1,5.03,1
torchinferno,tree_of_thought,382,190.80,57.28,248.08,2,8.06,1
torchinferno,tree_of_thought,383,177.56,61.57,239.13,2,8.36,1
torchinferno,tree_of_thought,384,197.25,58.65,255.89,2,7.82,1
torchinferno,tree_of_thought,385,195.78,54.86,250.64,2,7.98,1
torchinferno,tree_of_thought,386,197.18,66.06,263.24,2,7.60,1
torchinferno,tree_of_thought,387,198.30,152.63,808.81,5,6.18,0
torchinferno,tree_of_thought,388,137.36,24.95,162.31,2,12.32,1
torchinferno,tree_of_thought,389,229.10,0.00,269.64,1,3.71,1
torchinferno,tree_of_thought,390,201.36,59.38,260.75,2,7.67,1
torchinferno,tree_of_thought,391,265.28,61.47,326.74,2,6.12,1
torchinferno,tree_of_thought,392,322.11,55.96,378.07,2,5.29,1
torchinferno,tree_of_thought,393,92.61,0.00,118.36,1,8.45,1
torchinferno,tree_of_thought,394,125.40,0.00,164.78,1,6.07,1
torchinferno,tree_of_thought,395,208.26,0.00,240.94,1,4.15,1
torchinferno,tree_of_thought,396,185.49,60.75,246.24,2,8.12,1
torchinferno,tree_of_thought,397,111.83,0.00,131.89,1,7.58,1
torchinferno,tree_of_thought,398,140.15,58.04,198.19,2,10.09,1
torchinferno,tree_of_thought,399,247.76,64.90,312.66,2,6.40,1
torchinferno,tree_of_thought,400,219.88,40.46,300.80,3,9.97,1
torchinferno,tree_of_thought,401,313.61,0.00,345.33,1,2.90,1
torchinferno,tree_of_thought,402,139.38,27.24,166.62,2,12.00,1
torchinferno,tree_of_thought,403,312.60,0.00,333.78,1,3.00,1
torchinferno,tree_of_thought,404,293.20,0.00,330.78,1,3.02,1
torchinferno,tree_of_thought,405,311.13,64.60,375.73,2,5.32,1
torchinferno,tree_of_thought,406,300.94,59.18,360.13,2,5.55,1
torchinferno,tree_of_thought,407,169.47,0.00,202.56,1,4.94,1
torchinferno,tree_of_thought,408,153.38,0.00,186.38,1,5.37,1
torchinferno,tree_of_thought,409,171.08,58.08,229.15,2,8.73,1
torchinferno,tree_of_thought,410,163.28,60.69,223.97,2,8.93,1
torchinferno,tree_of_thought,411,182.96,0.00,213.06,1,4.69,1
torchinferno,tree_of_thought,412,165.10,0.00,193.83,1,5.16,1
torchinferno,tree_of_thought,413,176.24,52.87,229.11,2,8.73,1
torchinferno,tree_of_thought,414,198.44,57.73,256.17,2,7.81,0
torchinferno,tree_of_thought,415,599.18,0.00,631.27,1,1.58,1
torchinferno,tree_of_thought,416,637.38,0.00,671.69,1,1.49,1
torchinferno,tree_of_thought,417,618.22,49.60,667.81,2,2.99,1
torchinferno,tree_of_thought,418,625.24,60.07,685.31,2,2.92,1
torchinferno,tree_of_thought,419,113.78,0.00,129.38,1,7.73,1
torchinferno,tree_of_thought,420,128.02,0.00,155.03,1,6.45,1
torchinferno,tree_of_thought,421,205.69,0.00,242.29,1,4.13,1
torchinferno,tree_of_thought,422,239.26,55.96,295.22,2,6.77,1
torchinferno,tree_of_thought,423,328.59,0.00,352.74,1,2.83,1
torchinferno,tree_of_thought,424,71.19,0.00,99.30,1,10.07,1
torchinferno,tree_of_thought,425,173.28,0.00,206.10,1,4.85,1
torchinferno,tree_of_thought,426,158.18,0.00,188.61,1,5.30,1
torchinferno,tree_of_thought,427,184.20,60.58,244.78,2,8.17,1
torchinferno,tree_of_thought,428,266.56,0.00,283.76,1,3.52,1
torchinferno,tree_of_thought,429,141.20,0.00,174.13,1,5.74,1
torchinferno,tree_of_thought,430,254.73,0.00,291.01,1,3.44,1
torchinferno,tree_of_thought,431,227.57,57.51,285.08,2,7.02,1
torchinferno,tree_of_thought,432,318.46,0.00,348.38,1,2.87,1
torchinferno,tree_of_thought,433,144.86,32.95,177.80,2,11.25,1
torchinferno,tree_of_thought,434,234.43,0.00,268.62,1,3.72,1
torchinferno,tree_of_thought,435,262.06,64.20,326.26,2,6.13,1
torchinferno,tree_of_thought,436,277.18,74.41,351.59,2,5.69,1
torchinferno,tree_of_thought,437,247.92,75.90,323.81,2,6.18,1
torchinferno,tree_of_thought,438,176.12,0.00,201.98,1,4.95,1
torchinferno,tree_of_thought,439,149.70,0.00,170.96,1,5.85,1
torchinferno,tree_of_thought,440,167.15,50.44,217.60,2,9.19,1
torchinferno,tree_of_thought,441,162.91,43.78,206.69,2,9.68,1
torchinferno,tree_of_thought,442,188.21,0.00,223.75,1,4.47,1
torchinferno,tree_of_thought,443,169.96,0.00,204.84,1,4.88,1
torchinferno,tree_of_thought,444,163.57,56.14,219.70,2,9.10,1
torchinferno,tree_of_thought,445,183.19,60.86,244.05,2,8.20,1
torchinferno,tree_of_thought,446,154.90,0.00,188.68,1,5.30,1
torchinferno,tree_of_thought,447,186.24,0.00,218.35,1,4.58,1
torchinferno,tree_of_thought,448,163.81,62.01,225.82,2,8.86,1
torchinferno,tree_of_thought,449,199.33,57.86,257.20,2,7.78,1
torchinferno,tree_of_thought,450,682.67,24.12,706.79,2,2.83,1
torchinferno,tree_of_thought,451,123.71,0.00,153.98,1,6.49,1
torchinferno,tree_of_thought,452,231.99,0.00,262.70,1,3.81,1
torchinferno,tree_of_thought,453,197.72,0.00,239.67,1,4.17,1
torchinferno,tree_of_thought,454,323.75,64.68,388.43,2,5.15,1
torchinferno,tree_of_thought,455,96.85,0.00,136.09,1,7.35,1
torchinferno,tree_of_thought,456,134.54,55.86,190.40,2,10.50,1
torchinferno,tree_of_thought,457,223.95,53.86,277.81,2,7.20,1
torchinferno,tree_of_thought,458,195.33,59.97,255.30,2,7.83,1
torchinferno,tree_of_thought,459,115.31,20.24,155.79,3,19.26,1
torchinferno,tree_of_thought,460,207.76,59.45,267.21,2,7.48,1
torchinferno,tree_of_thought,461,245.06,56.76,301.82,2,6.63,1
torchinferno,tree_of_thought,462,300.30,0.00,332.15,1,3.01,1
torchinferno,tree_of_thought,463,286.26,0.00,315.54,1,3.17,1
torchinferno,tree_of_thought,464,144.32,31.53,175.85,2,11.37,1
torchinferno,tree_of_thought,465,117.28,63.84,181.13,2,11.04,1
torchinferno,tree_of_thought,466,266.55,0.00,298.25,1,3.35,1
torchinferno,tree_of_thought,467,260.70,0.00,301.26,1,3.32,1
torchinferno,tree_of_thought,468,288.17,73.16,361.33,2,5.54,1
torchinferno,tree_of_thought,469,158.17,0.00,178.33,1,5.61,1
torchinferno,tree_of_thought,470,176.29,0.00,197.94,1,5.05,1
torchinferno,tree_of_thought,471,155.78,41.56,197.34,2,10.13,1
torchinferno,tree_of_thought,472,122.51,56.09,178.59,2,11.20,1
torchinferno,tree_of_thought,473,180.89,0.00,209.57,1,4.77,1
torchinferno,tree_of_thought,474,164.55,0.00,204.49,1,4.89,1
torchinferno,tree_of_thought,475,178.98,53.53,232.51,2,8.60,1
torchinferno,tree_of_thought,476,194.79,57.79,252.58,2,7.92,1
torchinferno,tree_of_thought,477,155.34,0.00,184.89,1,5.41,1
torchinferno,tree_of_thought,478,186.58,0.00,223.70,1,4.47,1
torchinferno,tree_of_thought,479,169.87,0.00,210.85,1,4.74,1
torchinferno,tree_of_thought,480,132.03,61.32,193.35,2,10.34,1
torchinferno,tree_of_thought,481,680.98,0.00,695.39,1,1.44,1
torchinferno,tree_of_thought,482,138.99,0.00,169.46,1,5.90,1
torchinferno,tree_of_thought,483,254.91,63.00,317.91,2,6.29,1
torchinferno,tree_of_thought,484,227.77,60.35,288.13,2,6.94,1
torchinferno,tree_of_thought,485,345.71,68.88,414.59,2,4.82,0
torchinferno,tree_of_thought,486,80.73,0.00,112.16,1,8.92,1
torchinferno,tree_of_thought,487,121.94,40.74,203.41,3,14.75,0
torchinferno,tree_of_thought,488,208.61,0.00,238.45,1,4.19,1
torchinferno,tree_of_thought,489,182.04,55.57,237.61,2,8.42,1
torchinferno,tree_of_thought,490,112.18,0.00,123.31,1,8.11,1
torchinferno,tree_of_thought,491,146.71,0.00,179.31,1,5.58,1
torchinferno,tree_of_thought,492,156.91,0.00,187.99,1,5.32,1
torchinferno,tree_of_thought,493,126.87,59.52,186.39,2,10.73,1
torchinferno,tree_of_thought,494,238.61,0.00,277.10,1,3.61,1
torchinferno,tree_of_thought,495,274.17,30.39,304.57,2,6.57,1
torchinferno,tree_of_thought,496,81.93,0.00,111.64,1,8.96,1
torchinferno,tree_of_thought,497,201.60,0.00,232.65,1,4.30,1
torchinferno,tree_of_thought,498,171.61,0.00,207.58,1,4.82,1
torchinferno,tree_of_thought,499,309.87,0.00,340.49,1,2.94,1
torchinferno,tree_of_thought,500,77.84,58.41,136.25,2,14.68,1
torchinferno,tree_of_thought,501,168.03,0.00,207.90,1,4.81,1
torchinferno,tree_of_thought,502,197.39,43.08,240.46,2,8.32,1
torchinferno,tree_of_thought,503,163.61,44.26,207.87,2,9.62,1
torchinferno,tree_of_thought,504,216.24,0.00,249.32,1,4.01,1
torchinferno,tree_of_thought,505,203.70,0.00,239.60,1,4.17,1
torchinferno,tree_of_thought,506,209.65,56.69,266.34,2,7.51,1
torchinferno,tree_of_thought,507,223.97,58.83,282.80,2,7.07,1
torchinferno,tree_of_thought,508,206.02,0.00,236.77,1,4.22,1
torchinferno,tree_of_thought,509,167.08,59.48,226.56,2,8.83,1
torchinferno,tree_of_thought,510,183.85,57.36,241.21,2,8.29,1
torchinferno,tree_of_thought,511,194.42,62.66,257.08,2,7.78,1
torchinferno,tree_of_thought,512,388.03,0.00,409.24,1,2.44,1
torchinferno,tree_of_thought,513,181.11,0.00,240.05,1,4.17,1
torchinferno,tree_of_thought,514,203.61,94.35,297.96,2,6.71,1
torchinferno,tree_of_thought,515,318.07,0.00,353.58,1,2.83,1
torchinferno,tree_of_thought,516,289.26,68.30,357.55,2,5.59,1
torchinferno,tree_of_thought,517,190.69,0.00,227.81,1,4.39,1
torchinferno,tree_of_thought,518,172.43,0.00,208.65,1,4.79,1
torchinferno,tree_of_thought,519,295.75,0.00,325.57,1,3.07,1
torchinferno,tree_of_thought,520,276.04,33.72,410.92,5,12.17,0
torchinferno,tree_of_thought,521,114.24,24.20,138.44,2,14.45,1
torchinferno,tree_of_thought,522,244.39,0.00,274.02,1,3.65,1
torchinferno,tree_of_thought,523,111.88,0.00,147.51,1,6.78,1
torchinferno,tree_of_thought,524,192.50,0.00,229.85,1,4.35,1
torchinferno,tree_of_thought,525,166.02,62.59,228.61,2,8.75,1
torchinferno,tree_of_thought,526,99.58,0.00,113.19,1,8.83,1
torchinferno,tree_of_thought,527,181.13,0.00,216.53,1,4.62,1
torchinferno,tree_of_thought,528,213.02,58.75,271.77,2,7.36,1
torchinferno,tree_of_thought,529,292.75,54.54,347.29,2,5.76,1
torchinferno,tree_of_thought,530,321.72,57.87,379.59,2,5.27,1
torchinferno,tree_of_thought,531,117.66,0.00,155.85,1,6.42,1
torchinferno,tree_of_thought,532,158.63,49.67,208.30,2,9.60,1
torchinferno,tree_of_thought,533,184.57,0.00,220.03,1,4.54,1
torchinferno,tree_of_thought,534,207.93,58.46,266.39,2,7.51,1
torchinferno,tree_of_thought,535,203.59,0.00,233.07,1,4.29,1
torchinferno,tree_of_thought,536,238.80,0.00,282.63,1,3.54,1
torchinferno,tree_of_thought,537,222.20,0.00,264.78,1,3.78,1
torchinferno,tree_of_thought,538,182.18,64.00,246.18,2,8.12,1
torchinferno,tree_of_thought,539,163.87,0.00,196.87,1,5.08,1
torchinferno,tree_of_thought,540,159.00,0.00,190.38,1,5.25,1
torchinferno,tree_of_thought,541,139.88,0.00,177.18,1,5.64,1
torchinferno,tree_of_thought,542,148.54,58.39,206.93,2,9.67,1
torchinferno,tree_of_thought,543,281.17,26.98,308.14,2,6.49,1
torchinferno,tree_of_thought,544,198.59,0.00,254.40,1,3.93,1
torchinferno,tree_of_thought,545,167.28,0.00,232.86,1,4.29,1
torchinferno,tree_of_thought,546,276.15,0.00,319.98,1,3.13,1
torchinferno,tree_of_thought,547,314.59,58.41,373.00,2,5.36,1
torchinferno,tree_of_thought,548,186.68,0.00,228.07,1,4.38,1
torchinferno,tree_of_thought,549,171.47,0.00,207.17,1,4.83,1
torchinferno,tree_of_thought,550,289.05,0.00,324.65,1,3.08,1
torchinferno,tree_of_thought,551,268.32,59.13,327.45,2,6.11,1
torchinferno,tree_of_thought,552,192.90,25.80,218.70,2,9.14,1
torchinferno,tree_of_thought,553,108.38,0.00,136.65,1,7.32,1
torchinferno,tree_of_thought,554,243.09,0.00,273.75,1,3.65,1
torchinferno,tree_of_thought,555,165.47,52.37,217.84,2,9.18,1
torchinferno,tree_of_thought,556,185.92,58.73,244.64,2,8.18,1
torchinferno,tree_of_thought,557,109.85,0.00,122.81,1,8.14,1
torchinferno,tree_of_thought,558,88.85,0.00,116.18,1,8.61,1
torchinferno,tree_of_thought,559,111.51,54.32,165.83,2,12.06,1
torchinferno,tree_of_thought,560,105.26,54.44,159.70,2,12.52,1
torchinferno,tree_of_thought,561,202.76,61.50,264.25,2,7.57,1
torchinferno,tree_of_thought,562,106.70,0.00,142.84,1,7.00,1
torchinferno,tree_of_thought,563,107.45,0.00,138.60,1,7.22,1
torchinferno,tree_of_thought,564,111.41,0.00,141.80,1,7.05,1
torchinferno,tree_of_thought,565,110.40,62.14,172.54,2,11.59,0
torchinferno,tree_of_thought,566,145.57,0.00,169.56,1,5.90,1
torchinferno,tree_of_thought,567,230.90,53.20,284.09,2,7.04,1
torchinferno,tree_of_thought,568,206.20,52.06,258.26,2,7.74,1
torchinferno,tree_of_thought,569,171.65,61.11,232.76,2,8.59,1
torchinferno,tree_of_thought,570,229.92,0.00,256.20,1,3.90,1
torchinferno,tree_of_thought,571,184.12,0.00,217.55,1,4.60,1
torchinferno,tree_of_thought,572,206.71,0.00,244.02,1,4.10,1
torchinferno,tree_of_thought,573,240.31,63.99,304.30,2,6.57,1
torchinferno,tree_of_thought,574,513.43,0.00,535.24,1,1.87,1
torchinferno,tree_of_thought,575,182.74,0.00,242.76,1,4.12,1
torchinferno,tree_of_thought,576,209.08,93.26,302.34,2,6.62,1
torchinferno,tree_of_thought,577,321.36,72.20,393.55,2,5.08,1
torchinferno,tree_of_thought,578,293.09,70.98,364.07,2,5.49,1
torchinferno,tree_of_thought,579,179.87,0.00,208.51,1,4.80,1
torchinferno,tree_of_thought,580,155.86,0.00,196.68,1,5.08,1
torchinferno,tree_of_thought,581,281.46,0.00,303.61,1,3.29,1
torchinferno,tree_of_thought,582,247.59,0.00,283.46,1,3.53,1
torchinferno,tree_of_thought,583,215.12,0.00,230.05,1,4.35,1
torchinferno,tree_of_thought,584,125.19,45.04,170.22,2,11.75,1
torchinferno,tree_of_thought,585,144.70,0.00,167.67,1,5.96,1
torchinferno,tree_of_thought,586,173.34,0.00,212.64,1,4.70,1
torchinferno,tree_of_thought,587,216.75,56.22,272.97,2,7.33,1
torchinferno,tree_of_thought,588,111.90,0.00,124.63,1,8.02,1
torchinferno,tree_of_thought,589,241.06,0.00,261.96,1,3.82,1
torchinferno,tree_of_thought,590,197.53,61.60,259.13,2,7.72,1
torchinferno,tree_of_thought,591,298.83,0.00,338.14,1,2.96,1
torchinferno,tree_of_thought,592,346.79,63.06,409.85,2,4.88,1
torchinferno,tree_of_thought,593,109.08,0.00,153.50,1,6.51,1
torchinferno,tree_of_thought,594,156.15,45.85,202.00,2,9.90,1
torchinferno,tree_of_thought,595,180.57,0.00,208.18,1,4.80,1
torchinferno,tree_of_thought,596,201.62,61.68,263.31,2,7.60,1
torchinferno,tree_of_thought,597,238.73,0.00,271.98,1,3.68,1
torchinferno,tree_of_thought,598,213.24,59.97,273.21,2,7.32,1
torchinferno,tree_of_thought,599,199.34,55.59,254.93,2,7.85,1
torchinferno,tree_of_thought,600,299.47,0.00,331.25,1,3.02,1
torchinferno,tree_of_thought,601,77.47,54.20,131.67,2,15.19,1
torchinferno,tree_of_thought,602,222.40,0.00,252.11,1,3.97,1
torchinferno,tree_of_thought,603,219.12,0.00,249.77,1,4.00,1
torchinferno,tree_of_thought,604,219.59,40.19,299.98,3,10.00,1
torchinferno,tree_of_thought,605,108.41,0.00,123.46,1,8.10,1
torchinferno,tree_of_thought,606,215.25,0.00,287.56,1,3.48,1
torchinferno,tree_of_thought,607,182.34,96.60,278.94,2,7.17,1
torchinferno,tree_of_thought,608,326.14,72.58,398.72,2,5.02,1
torchinferno,tree_of_thought,609,302.03,65.30,367.33,2,5.44,1
torchinferno,tree_of_thought,610,187.27,55.13,242.40,2,8.25,0
torchinferno,tree_of_thought,611,168.53,54.87,223.40,2,8.95,1
torchinferno,tree_of_thought,612,287.74,60.43,348.17,2,5.74,1
torchinferno,tree_of_thought,613,257.62,33.83,392.95,5,12.72,1
torchinferno,tree_of_thought,614,114.00,0.00,130.05,1,7.69,1
torchinferno,tree_of_thought,615,114.00,47.46,161.46,2,12.39,1
torchinferno,tree_of_thought,616,129.81,0.00,159.12,1,6.28,1
torchinferno,tree_of_thought,617,203.01,0.00,233.17,1,4.29,1
torchinferno,tree_of_thought,618,170.67,57.37,228.04,2,8.77,1
torchinferno,tree_of_thought,619,99.91,0.00,114.94,1,8.70,1
torchinferno,tree_of_thought,620,230.58,0.00,260.70,1,3.84,1
torchinferno,tree_of_thought,621,195.60,0.00,230.19,1,4.34,1
torchinferno,tree_of_thought,622,293.28,0.00,317.80,1,3.15,1
torchinferno,tree_of_thought,623,336.23,55.96,392.19,2,5.10,1
torchinferno,tree_of_thought,624,136.99,0.00,175.83,1,5.69,1
torchinferno,tree_of_thought,625,119.79,0.00,150.79,1,6.63,1
torchinferno,tree_of_thought,626,200.04,0.00,235.19,1,4.25,1
torchinferno,tree_of_thought,627,176.28,56.94,233.21,2,8.58,1
torchinferno,tree_of_thought,628,113.61,0.00,144.36,1,6.93,1
torchinferno,tree_of_thought,629,109.97,0.00,142.18,1,7.03,1
torchinferno,tree_of_thought,630,109.90,0.00,139.61,1,7.16,1
torchinferno,tree_of_thought,631,103.29,57.78,161.07,2,12.42,1
torchinferno,tree_of_thought,632,203.52,57.35,260.87,2,7.67,1
torchinferno,tree_of_thought,633,204.32,66.23,270.55,2,7.39,1
torchinferno,tree_of_thought,634,201.45,61.70,263.15,2,7.60,1
torchinferno,tree_of_thought,635,211.34,67.36,278.70,2,7.18,1
torchinferno,tree_of_thought,636,381.76,14.14,466.62,7,15.00,0
torchinferno,tree_of_thought,637,318.12,0.00,336.73,1,2.97,1
torchinferno,tree_of_thought,638,271.13,0.00,298.35,1,3.35,1
torchinferno,tree_of_thought,639,284.14,0.00,316.13,1,3.16,1
torchinferno,tree_of_thought,640,279.67,0.00,310.83,1,3.22,1
torchinferno,tree_of_thought,641,107.92,0.00,139.18,1,7.18,1
torchinferno,tree_of_thought,642,101.76,0.00,138.94,1,7.20,1
torchinferno,tree_of_thought,643,104.50,54.43,158.93,2,12.58,1
torchinferno,tree_of_thought,644,244.96,57.23,302.19,2,6.62,1
torchinferno,tree_of_thought,645,334.19,0.00,351.93,1,2.84,1
torchinferno,tree_of_thought,646,115.63,0.00,126.89,1,7.88,1
torchinferno,tree_of_thought,647,139.66,36.67,176.33,2,11.34,1
torchinferno,tree_of_thought,648,117.47,0.00,149.37,1,6.69,1
torchinferno,tree_of_thought,649,194.10,60.49,254.59,2,7.86,1
torchinferno,tree_of_thought,650,112.79,0.00,129.93,1,7.70,1
torchinferno,tree_of_thought,651,232.22,0.00,263.58,1,3.79,1
torchinferno,tree_of_thought,652,194.05,59.51,253.57,2,7.89,0
torchinferno,tree_of_thought,653,301.43,0.00,330.57,1,3.03,1
torchinferno,tree_of_thought,654,329.26,59.47,388.73,2,5.14,0
torchinferno,tree_of_thought,655,162.58,0.00,185.43,1,5.39,1
torchinferno,tree_of_thought,656,134.66,51.12,185.78,2,10.77,1
torchinferno,tree_of_thought,657,223.35,0.00,243.82,1,4.10,1
torchinferno,tree_of_thought,658,198.93,0.00,231.47,1,4.32,1
torchinferno,tree_of_thought,659,129.11,0.00,161.94,1,6.18,1
torchinferno,tree_of_thought,660,129.54,54.74,184.29,2,10.85,1
torchinferno,tree_of_thought,661,134.50,52.87,187.37,2,10.67,1
torchinferno,tree_of_thought,662,135.40,52.33,187.73,2,10.65,1
torchinferno,tree_of_thought,663,203.05,0.00,233.46,1,4.28,1
torchinferno,tree_of_thought,664,182.33,0.00,221.20,1,4.52,1
torchinferno,tree_of_thought,665,209.96,0.00,245.26,1,4.08,1
torchinferno,tree_of_thought,666,191.99,74.16,266.15,2,7.51,1
torchinferno,tree_of_thought,667,375.31,0.00,393.13,1,2.54,1
torchinferno,tree_of_thought,668,190.67,0.00,259.68,1,3.85,1
torchinferno,tree_of_thought,669,223.95,0.00,245.15,1,4.08,1
torchinferno,tree_of_thought,670,215.32,60.09,335.50,3,8.94,0
torchinferno,tree_of_thought,671,303.33,82.18,385.51,2,5.19,1
torchinferno,tree_of_thought,672,159.88,54.41,214.29,2,9.33,1
torchinferno,tree_of_thought,673,172.63,43.44,259.52,3,11.56,1
torchinferno,tree_of_thought,674,253.43,0.00,281.82,1,3.55,1
torchinferno,tree_of_thought,675,280.48,0.00,312.65,1,3.20,1
torchinferno,tree_of_thought,676,216.22,0.00,227.93,1,4.39,1
torchinferno,tree_of_thought,677,129.25,0.00,137.61,1,7.27,1
torchinferno,tree_of_thought,678,139.93,0.00,161.81,1,6.18,1
torchinferno,tree_of_thought,679,132.25,0.00,165.41,1,6.05,1
torchinferno,tree_of_thought,680,212.34,0.00,247.31,1,4.04,1
torchinferno,tree_of_thought,681,134.75,0.00,150.22,1,6.66,1
torchinferno,tree_of_thought,682,90.13,0.00,117.72,1,8.49,1
torchinferno,tree_of_thought,683,217.61,53.17,270.77,2,7.39,1
torchinferno,tree_of_thought,684,180.30,60.28,240.58,2,8.31,1
torchinferno,tree_of_thought,685,310.24,0.00,344.81,1,2.90,1
torchinferno,tree_of_thought,686,85.20,50.18,135.38,2,14.77,1
torchinferno,tree_of_thought,687,173.89,0.00,200.71,1,4.98,1
torchinferno,tree_of_thought,688,186.09,0.00,228.78,1,4.37,1
torchinferno,tree_of_thought,689,155.34,59.25,214.60,2,9.32,1
torchinferno,tree_of_thought,690,226.65,0.00,261.22,1,3.83,1
torchinferno,tree_of_thought,691,229.01,0.00,262.96,1,3.80,1
torchinferno,tree_of_thought,692,226.12,0.00,262.03,1,3.82,1
torchinferno,tree_of_thought,693,229.91,61.18,291.09,2,6.87,1
torchinferno,tree_of_thought,694,201.95,0.00,236.07,1,4.24,1
torchinferno,tree_of_thought,695,175.93,55.41,231.34,2,8.65,1
torchinferno,tree_of_thought,696,191.46,61.31,252.77,2,7.91,1
torchinferno,tree_of_thought,697,177.34,63.82,241.16,2,8.29,1
torchinferno,tree_of_thought,698,385.51,28.18,413.69,2,4.83,1
torchinferno,tree_of_thought,699,207.39,0.00,271.18,1,3.69,1
torchinferno,tree_of_thought,700,163.71,98.77,262.48,2,7.62,1
torchinferno,tree_of_thought,701,310.99,0.00,354.94,1,2.82,1
torchinferno,tree_of_thought,702,283.96,59.08,343.04,2,5.83,0
torchinferno,tree_of_thought,703,202.57,0.00,228.78,1,4.37,1
torchinferno,tree_of_thought,704,174.01,58.18,232.19,2,8.61,1
torchinferno,tree_of_thought,705,303.78,0.00,329.87,1,3.03,1
torchinferno,tree_of_thought,706,276.31,57.95,334.26,2,5.98,1
torchinferno,tree_of_thought,707,188.30,0.00,203.79,1,4.91,1
torchinferno,tree_of_thought,708,133.92,41.24,175.15,2,11.42,1
torchinferno,tree_of_thought,709,239.58,58.13,297.71,2,6.72,1
torchinferno,tree_of_thought,710,224.39,0.00,260.89,1,3.83,1
torchinferno,tree_of_thought,711,186.84,57.50,244.34,2,8.19,1
torchinferno,tree_of_thought,712,113.13,0.00,128.05,1,7.81,1
torchinferno,tree_of_thought,713,174.25,0.00,214.22,1,4.67,1
torchinferno,tree_of_thought,714,206.12,61.71,267.83,2,7.47,1
torchinferno,tree_of_thought,715,278.68,64.24,342.92,2,5.83,1
torchinferno,tree_of_thought,716,317.15,55.96,373.11,2,5.36,1
torchinferno,tree_of_thought,717,127.46,0.00,157.84,1,6.34,1
torchinferno,tree_of_thought,718,157.14,0.00,193.02,1,5.18,1
torchinferno,tree_of_thought,719,217.96,0.00,249.62,1,4.01,1
torchinferno,tree_of_thought,720,204.55,55.88,260.43,2,7.68,1
torchinferno,tree_of_thought,721,214.91,0.00,245.16,1,4.08,1
torchinferno,tree_of_thought,722,242.17,0.00,268.65,1,3.72,1
torchinferno,tree_of_thought,723,251.72,52.98,304.70,2,6.56,1
torchinferno,tree_of_thought,724,196.65,62.15,258.79,2,7.73,1
torchinferno,tree_of_thought,725,158.27,0.00,190.65,1,5.25,1
torchinferno,tree_of_thought,726,172.12,57.96,230.08,2,8.69,1
torchinferno,tree_of_thought,727,162.49,56.05,218.54,2,9.15,1
torchinferno,tree_of_thought,728,169.60,41.98,379.50,6,15.81,0
torchinferno,tree_of_thought,729,133.80,0.00,148.09,1,6.75,1
torchinferno,tree_of_thought,730,184.00,0.00,242.92,1,4.12,1
torchinferno,tree_of_thought,731,215.41,96.24,311.64,2,6.42,1
torchinferno,tree_of_thought,732,335.22,0.00,361.97,1,2.76,1
torchinferno,tree_of_thought,733,304.94,59.99,364.93,2,5.48,1
torchinferno,tree_of_thought,734,205.91,0.00,239.27,1,4.18,1
torchinferno,tree_of_thought,735,183.47,59.22,242.69,2,8.24,1
torchinferno,tree_of_thought,736,161.54,62.10,223.64,2,8.94,1
torchinferno,tree_of_thought,737,291.59,33.19,424.36,5,11.78,0
torchinferno,tree_of_thought,738,108.98,26.51,135.48,2,14.76,1
torchinferno,tree_of_thought,739,115.04,56.84,171.88,2,11.64,1
torchinferno,tree_of_thought,740,246.98,59.30,306.28,2,6.53,1
torchinferno,tree_of_thought,741,171.59,0.00,205.45,1,4.87,1
torchinferno,tree_of_thought,742,200.82,0.00,236.86,1,4.22,1
torchinferno,tree_of_thought,743,132.71,24.54,157.25,2,12.72,1
torchinferno,tree_of_thought,744,93.65,56.21,149.87,2,13.35,1
torchinferno,tree_of_thought,745,184.32,0.00,216.14,1,4.63,1
torchinferno,tree_of_thought,746,223.64,55.71,279.35,2,7.16,1
torchinferno,tree_of_thought,747,319.21,64.76,383.97,2,5.21,1
torchinferno,tree_of_thought,748,168.88,0.00,182.50,1,5.48,1
torchinferno,tree_of_thought,749,138.71,0.00,165.46,1,6.04,1
torchinferno,tree_of_thought,750,193.01,0.00,226.89,1,4.41,1
torchinferno,tree_of_thought,751,215.14,61.55,276.69,2,7.23,1
torchinferno,tree_of_thought,752,222.85,0.00,250.19,1,4.00,1
torchinferno,tree_of_thought,753,205.29,0.00,238.18,1,4.20,1
torchinferno,tree_of_thought,754,178.63,56.63,235.26,2,8.50,1
torchinferno,tree_of_thought,755,241.13,57.26,298.40,2,6.70,1
torchinferno,tree_of_thought,756,163.46,0.00,191.75,1,5.22,1
torchinferno,tree_of_thought,757,170.66,0.00,202.48,1,4.94,1
torchinferno,tree_of_thought,758,144.56,0.00,178.94,1,5.59,1
torchinferno,tree_of_thought,759,155.94,0.00,188.95,1,5.29,1
torchinferno,tree_of_thought,760,303.96,0.00,320.85,1,3.12,1
torchinferno,tree_of_thought,761,182.03,0.00,251.48,1,3.98,1
torchinferno,tree_of_thought,762,221.45,85.08,306.52,2,6.52,1
torchinferno,tree_of_thought,763,333.98,0.00,366.30,1,2.73,1
torchinferno,tree_of_thought,764,295.45,75.39,370.84,2,5.39,1
torchinferno,tree_of_thought,765,167.95,0.00,201.71,1,4.96,1
torchinferno,tree_of_thought,766,198.25,0.00,228.69,1,4.37,1
torchinferno,tree_of_thought,767,296.81,0.00,327.40,1,3.05,1
torchinferno,tree_of_thought,768,270.48,56.75,327.23,2,6.11,1
torchinferno,tree_of_thought,769,192.28,29.86,222.13,2,9.00,1
torchinferno,tree_of_thought,770,232.71,0.00,266.61,1,3.75,1
torchinferno,tree_of_thought,771,212.53,0.00,246.29,1,4.06,1
torchinferno,tree_of_thought,772,155.92,55.05,210.97,2,9.48,1
torchinferno,tree_of_thought,773,176.13,58.69,234.81,2,8.52,1
torchinferno,tree_of_thought,774,101.84,27.06,128.89,2,15.52,1
torchinferno,tree_of_thought,775,232.57,0.00,262.16,1,3.81,1
torchinferno,tree_of_thought,776,174.73,53.50,228.23,2,8.76,1
torchinferno,tree_of_thought,777,305.56,0.00,336.99,1,2.97,1
torchinferno,tree_of_thought,778,207.07,41.20,454.27,7,15.41,0
torchinferno,tree_of_thought,779,135.80,0.00,156.22,1,6.40,1
torchinferno,tree_of_thought,780,191.12,0.00,222.67,1,4.49,1
torchinferno,tree_of_thought,781,219.39,0.00,254.85,1,3.92,1
torchinferno,tree_of_thought,782,172.62,58.64,231.26,2,8.65,1
torchinferno,tree_of_thought,783,217.72,50.62,268.34,2,7.45,1
torchinferno,tree_of_thought,784,237.16,54.16,291.32,2,6.87,1
torchinferno,tree_of_thought,785,189.44,61.00,250.44,2,7.99,1
torchinferno,tree_of_thought,786,289.30,0.00,318.78,1,3.14,1
torchinferno,tree_of_thought,787,81.83,0.00,107.15,1,9.33,1
torchinferno,tree_of_thought,788,82.74,0.00,110.87,1,9.02,1
torchinferno,tree_of_thought,789,231.84,0.00,257.05,1,3.89,1
torchinferno,tree_of_thought,790,224.41,0.00,256.55,1,3.90,1
torchinferno,tree_of_thought,791,152.50,0.00,168.48,1,5.94,1
torchinferno,tree_of_thought,792,197.51,0.00,259.87,1,3.85,1
torchinferno,tree_of_thought,793,235.29,79.54,314.82,2,6.35,1
torchinferno,tree_of_thought,794,165.01,94.98,259.98,2,7.69,1
torchinferno,tree_of_thought,795,322.27,0.00,361.04,1,2.77,1
torchinferno,tree_of_thought,796,198.77,0.00,231.63,1,4.32,1
torchinferno,tree_of_thought,797,214.50,0.00,251.80,1,3.97,1
torchinferno,tree_of_thought,798,217.71,0.00,257.75,1,3.88,1
torchinferno,tree_of_thought,799,225.49,60.43,285.92,2,7.00,1
torchinferno,tree_of_thought,800,333.99,0.00,348.83,1,2.87,1
torchinferno,tree_of_thought,801,122.07,0.00,134.96,1,7.41,1
torchinferno,tree_of_thought,802,137.97,0.00,155.04,1,6.45,1
torchinferno,tree_of_thought,803,116.84,0.00,146.84,1,6.81,1
torchinferno,tree_of_thought,804,209.02,54.73,263.74,2,7.58,1
torchinferno,tree_of_thought,805,108.59,24.86,133.45,2,14.99,1
torchinferno,tree_of_thought,806,101.24,0.00,129.84,1,7.70,1
torchinferno,tree_of_thought,807,196.03,0.00,229.74,1,4.35,1
torchinferno,tree_of_thought,808,227.68,63.01,290.69,2,6.88,1
torchinferno,tree_of_thought,809,330.63,0.00,359.93,1,2.78,1
torchinferno,tree_of_thought,810,89.84,0.00,116.00,1,8.62,1
torchinferno,tree_of_thought,811,90.30,0.00,115.89,1,8.63,1
torchinferno,tree_of_thought,812,86.61,54.32,140.93,2,14.19,1
torchinferno,tree_of_thought,813,78.32,55.91,134.23,2,14.90,1
torchinferno,tree_of_thought,814,171.22,0.00,204.51,1,4.89,1
torchinferno,tree_of_thought,815,176.87,0.00,206.46,1,4.84,1
torchinferno,tree_of_thought,816,165.94,52.66,218.60,2,9.15,1
torchinferno,tree_of_thought,817,171.15,64.23,235.38,2,8.50,1
torchinferno,tree_of_thought,818,211.27,0.00,237.65,1,4.21,1
torchinferno,tree_of_thought,819,188.19,0.00,227.77,1,4.39,1
torchinferno,tree_of_thought,820,229.68,59.46,289.14,2,6.92,1
torchinferno,tree_of_thought,821,288.23,0.00,326.67,1,3.06,1
torchinferno,tree_of_thought,822,415.36,0.00,433.39,1,2.31,1
torchinferno,tree_of_thought,823,183.34,0.00,239.76,1,4.17,1
torchinferno,tree_of_thought,824,215.56,0.00,283.88,1,3.52,1
torchinferno,tree_of_thought,825,333.02,0.00,364.54,1,2.74,1
torchinferno,tree_of_thought,826,291.50,0.00,335.54,1,2.98,1
torchinferno,tree_of_thought,827,202.52,0.00,236.50,1,4.23,1
torchinferno,tree_of_thought,828,233.29,0.00,273.61,1,3.65,1
torchinferno,tree_of_thought,829,217.08,0.00,255.44,1,3.91,1
torchinferno,tree_of_thought,830,223.19,66.78,289.97,2,6.90,1
torchinferno,tree_of_thought,831,333.36,0.00,348.32,1,2.87,1
torchinferno,tree_of_thought,832,139.50,42.58,182.09,2,10.98,1
torchinferno,tree_of_thought,833,111.91,0.00,133.64,1,7.48,1
torchinferno,tree_of_thought,834,119.93,54.28,174.21,2,11.48,1
torchinferno,tree_of_thought,835,197.28,57.39,254.67,2,7.85,1
torchinferno,tree_of_thought,836,110.35,24.32,134.67,2,14.85,1
torchinferno,tree_of_thought,837,97.60,0.00,125.07,1,8.00,1
torchinferno,tree_of_thought,838,223.28,0.00,250.85,1,3.99,1
torchinferno,tree_of_thought,839,191.54,0.00,222.38,1,4.50,1
torchinferno,tree_of_thought,840,332.41,0.00,366.82,1,2.73,1
torchinferno,tree_of_thought,841,148.15,0.00,163.76,1,6.11,1
torchinferno,tree_of_thought,842,206.40,0.00,227.02,1,4.40,1
torchinferno,tree_of_thought,843,163.19,58.94,222.13,2,9.00,0
torchinferno,tree_of_thought,844,196.79,41.37,238.16,2,8.40,1
torchinferno,tree_of_thought,845,221.52,0.00,245.34,1,4.08,1
torchinferno,tree_of_thought,846,216.41,0.00,240.32,1,4.16,1
torchinferno,tree_of_thought,847,223.55,0.00,261.68,1,3.82,1
torchinferno,tree_of_thought,848,207.01,42.80,292.62,3,10.25,1
torchinferno,tree_of_thought,849,178.77,0.00,208.59,1,4.79,1
torchinferno,tree_of_thought,850,162.60,0.00,196.38,1,5.09,1
torchinferno,tree_of_thought,851,160.54,61.63,222.17,2,9.00,1
torchinferno,tree_of_thought,852,158.39,67.05,225.44,2,8.87,1
torchinferno,tree_of_thought,853,380.25,27.35,407.59,2,4.91,1
torchinferno,tree_of_thought,854,166.83,0.00,235.47,1,4.25,1
torchinferno,tree_of_thought,855,198.28,94.78,293.06,2,6.82,0
torchinferno,tree_of_thought,856,312.42,0.00,345.39,1,2.90,1
torchinferno,tree_of_thought,857,284.19,0.00,314.51,1,3.18,1
torchinferno,tree_of_thought,858,103.39,0.00,131.65,1,7.60,1
torchinferno,tree_of_thought,859,105.32,0.00,139.52,1,7.17,1
torchinferno,tree_of_thought,860,89.28,53.84,143.12,2,13.97,0
torchinferno,tree_of_thought,861,230.96,0.00,264.48,1,3.78,1
torchinferno,tree_of_thought,862,359.55,0.00,376.23,1,2.66,1
torchinferno,tree_of_thought,863,116.24,0.00,137.48,1,7.27,1
torchinferno,tree_of_thought,864,128.76,58.97,187.73,2,10.65,1
torchinferno,tree_of_thought,865,210.28,0.00,236.07,1,4.24,1
torchinferno,tree_of_thought,866,174.52,0.00,201.59,1,4.96,1
torchinferno,tree_of_thought,867,144.11,23.54,167.65,2,11.93,1
torchinferno,tree_of_thought,868,194.61,0.00,224.62,1,4.45,1
torchinferno,tree_of_thought,869,223.99,0.00,262.89,1,3.80,1
torchinferno,tree_of_thought,870,328.28,61.62,389.90,2,5.13,1
torchinferno,tree_of_thought,871,292.06,69.85,361.91,2,5.53,1
torchinferno,tree_of_thought,872,133.11,0.00,170.70,1,5.86,1
torchinferno,tree_of_thought,873,115.71,0.00,149.04,1,6.71,1
torchinferno,tree_of_thought,874,184.01,0.00,211.35,1,4.73,1
torchinferno,tree_of_thought,875,198.04,67.86,265.90,2,7.52,1
torchinferno,tree_of_thought,876,219.28,0.00,254.62,1,3.93,1
torchinferno,tree_of_thought,877,200.83,0.00,240.16,1,4.16,1
torchinferno,tree_of_thought,878,234.80,60.36,295.16,2,6.78,1
torchinferno,tree_of_thought,879,180.56,56.78,237.33,2,8.43,1
torchinferno,tree_of_thought,880,160.14,0.00,184.98,1,5.41,1
torchinferno,tree_of_thought,881,151.60,0.00,184.98,1,5.41,1
torchinferno,tree_of_thought,882,167.97,0.00,203.71,1,4.91,1
torchinferno,tree_of_thought,883,142.54,55.71,198.25,2,10.09,1
torchinferno,tree_of_thought,884,283.93,25.79,309.72,2,6.46,1
torchinferno,tree_of_thought,885,185.79,0.00,260.58,1,3.84,1
torchinferno,tree_of_thought,886,221.67,51.28,272.95,2,7.33,1
torchinferno,tree_of_thought,887,275.37,0.00,308.56,1,3.24,1
torchinferno,tree_of_thought,888,307.64,75.57,383.21,2,5.22,1
torchinferno,tree_of_thought,889,166.61,0.00,200.67,1,4.98,1
torchinferno,tree_of_thought,890,180.21,0.00,223.09,1,4.48,1
torchinferno,tree_of_thought,891,284.83,55.56,340.39,2,5.88,1
torchinferno,tree_of_thought,892,251.43,61.32,312.75,2,6.39,1
torchinferno,tree_of_thought,893,192.14,0.00,205.98,1,4.85,1
torchinferno,tree_of_thought,894,135.13,0.00,145.18,1,6.89,1
torchinferno,tree_of_thought,895,244.68,0.00,270.31,1,3.70,1
torchinferno,tree_of_thought,896,225.29,62.25,287.53,2,6.96,1
torchinferno,tree_of_thought,897,195.71,59.75,255.46,2,7.83,1
torchinferno,tree_of_thought,898,105.83,29.39,135.22,2,14.79,1
torchinferno,tree_of_thought,899,182.46,0.00,206.36,1,4.85,1
torchinferno,tree_of_thought,900,213.59,0.00,248.19,1,4.03,1
torchinferno,tree_of_thought,901,280.20,0.00,313.62,1,3.19,1
torchinferno,tree_of_thought,902,317.23,0.00,346.32,1,2.89,1
torchinferno,tree_of_thought,903,62.52,0.00,91.26,1,10.96,1
torchinferno,tree_of_thought,904,77.77,54.33,132.10,2,15.14,1
torchinferno,tree_of_thought,905,137.51,0.00,177.55,1,5.63,1
torchinferno,tree_of_thought,906,168.96,0.00,206.51,1,4.84,1
torchinferno,tree_of_thought,907,79.76,0.00,111.43,1,8.97,1
torchinferno,tree_of_thought,908,81.59,0.00,110.88,1,9.02,1
torchinferno,tree_of_thought,909,70.63,57.16,127.79,2,15.65,1
torchinferno,tree_of_thought,910,70.44,61.55,131.99,2,15.15,1
torchinferno,tree_of_thought,911,102.25,55.76,158.01,2,12.66,1
torchinferno,tree_of_thought,912,193.92,0.00,216.06,1,4.63,1
torchinferno,tree_of_thought,913,224.87,0.00,261.03,1,3.83,1
torchinferno,tree_of_thought,914,205.93,67.49,273.42,2,7.31,1
torchinferno,tree_of_thought,915,511.08,0.00,523.72,1,1.91,1
torchinferno,tree_of_thought,916,209.05,0.00,278.13,1,3.60,1
torchinferno,tree_of_thought,917,245.54,0.00,310.48,1,3.22,1
torchinferno,tree_of_thought,918,182.11,83.31,265.42,2,7.54,1
torchinferno,tree_of_thought,919,230.31,94.02,324.32,2,6.17,1
torchinferno,tree_of_thought,920,82.43,0.00,115.73,1,8.64,1
torchinferno,tree_of_thought,921,90.60,50.36,140.97,2,14.19,1
torchinferno,tree_of_thought,922,88.49,68.68,157.17,2,12.72,1
torchinferno,tree_of_thought,923,233.27,49.55,282.82,2,7.07,1
torchinferno,tree_of_thought,924,487.94,32.49,520.42,2,3.84,1
torchinferno,tree_of_thought,925,235.62,55.45,291.07,2,6.87,1
torchinferno,tree_of_thought,926,222.49,0.00,245.65,1,4.07,1
torchinferno,tree_of_thought,927,160.30,0.00,188.51,1,5.30,1
torchinferno,tree_of_thought,928,184.28,0.00,218.86,1,4.57,1
torchinferno,tree_of_thought,929,132.61,18.96,170.53,3,17.59,0
torchinferno,tree_of_thought,930,187.71,0.00,218.00,1,4.59,1
torchinferno,tree_of_thought,931,217.93,64.55,282.48,2,7.08,1
torchinferno,tree_of_thought,932,327.77,0.00,350.56,1,2.85,1
torchinferno,tree_of_thought,933,286.24,0.00,322.15,1,3.10,1
torchinferno,tree_of_thought,934,90.54,0.00,112.09,1,8.92,1
torchinferno,tree_of_thought,935,57.74,0.00,86.99,1,11.50,1
torchinferno,tree_of_thought,936,193.07,0.00,218.60,1,4.57,1
torchinferno,tree_of_thought,937,173.67,49.32,222.99,2,8.97,1
torchinferno,tree_of_thought,938,216.44,0.00,245.85,1,4.07,1
torchinferno,tree_of_thought,939,202.74,0.00,243.64,1,4.10,1
torchinferno,tree_of_thought,940,220.58,63.22,283.80,2,7.05,1
torchinferno,tree_of_thought,941,214.44,58.09,272.54,2,7.34,1
torchinferno,tree_of_thought,942,173.73,0.00,208.39,1,4.80,1
torchinferno,tree_of_thought,943,177.34,59.61,236.95,2,8.44,0
torchinferno,tree_of_thought,944,195.58,56.21,251.80,2,7.94,1
torchinferno,tree_of_thought,945,162.48,68.11,230.59,2,8.67,1
torchinferno,tree_of_thought,946,384.61,0.00,396.83,1,2.52,1
torchinferno,tree_of_thought,947,199.65,0.00,261.70,1,3.82,1
torchinferno,tree_of_thought,948,219.16,0.00,289.79,1,3.45,1
torchinferno,tree_of_thought,949,229.38,48.65,278.03,2,7.19,1
torchinferno,tree_of_thought,950,315.47,51.08,366.55,2,5.46,1
torchinferno,tree_of_thought,951,200.88,0.00,226.76,1,4.41,1
torchinferno,tree_of_thought,952,155.19,0.00,196.95,1,5.08,1
torchinferno,tree_of_thought,953,186.44,55.78,242.22,2,8.26,1
torchinferno,tree_of_thought,954,285.90,0.00,314.62,1,3.18,1
torchinferno,tree_of_thought,955,213.03,29.15,242.18,2,8.26,1
torchinferno,tree_of_thought,956,114.68,0.00,142.80,1,7.00,1
torchinferno,tree_of_thought,957,244.08,0.00,275.50,1,3.63,1
torchinferno,tree_of_thought,958,186.64,0.00,218.11,1,4.58,1
torchinferno,tree_of_thought,959,161.94,0.00,200.83,1,4.98,1
torchinferno,tree_of_thought,960,135.16,14.70,193.96,5,25.78,0
torchinferno,tree_of_thought,961,231.87,0.00,264.07,1,3.79,1
torchinferno,tree_of_thought,962,194.69,0.00,232.31,1,4.30,1
torchinferno,tree_of_thought,963,336.81,0.00,373.46,1,2.68,1
torchinferno,tree_of_thought,964,296.29,63.44,359.73,2,5.56,1
torchinferno,tree_of_thought,965,160.97,0.00,183.21,1,5.46,1
torchinferno,tree_of_thought,966,128.82,0.00,155.88,1,6.42,1
torchinferno,tree_of_thought,967,186.22,61.70,247.92,2,8.07,1
torchinferno,tree_of_thought,968,202.51,50.34,403.86,5,12.38,0
torchinferno,tree_of_thought,969,227.89,0.00,258.60,1,3.87,1
torchinferno,tree_of_thought,970,240.76,0.00,265.20,1,3.77,1
torchinferno,tree_of_thought,971,234.80,0.00,267.28,1,3.74,1
torchinferno,tree_of_thought,972,228.01,67.85,295.86,2,6.76,1
torchinferno,tree_of_thought,973,198.24,0.00,226.34,1,4.42,1
torchinferno,tree_of_thought,974,197.69,0.00,225.39,1,4.44,1
torchinferno,tree_of_thought,975,195.05,0.00,222.21,1,4.50,1
torchinferno,tree_of_thought,976,193.39,0.00,222.08,1,4.50,1
torchinferno,tree_of_thought,977,155.22,0.00,175.46,1,5.70,1
torchinferno,tree_of_thought,978,173.97,0.00,241.26,1,4.14,1
torchinferno,tree_of_thought,979,206.77,87.55,294.32,2,6.80,1
torchinferno,tree_of_thought,980,293.07,0.00,324.46,1,3.08,1
torchinferno,tree_of_thought,981,319.46,38.05,547.76,7,12.78,0
torchinferno,tree_of_thought,982,213.37,0.00,243.49,1,4.11,1
torchinferno,tree_of_thought,983,210.76,0.00,247.94,1,4.03,1
torchinferno,tree_of_thought,984,212.11,0.00,247.19,1,4.05,1
torchinferno,tree_of_thought,985,207.00,61.26,268.26,2,7.46,1
torchinferno,tree_of_thought,986,187.57,29.76,217.33,2,9.20,1
torchinferno,tree_of_thought,987,236.96,0.00,270.35,1,3.70,1
torchinferno,tree_of_thought,988,183.67,0.00,218.62,1,4.57,1
torchinferno,tree_of_thought,989,226.11,0.00,260.38,1,3.84,1
torchinferno,tree_of_thought,990,161.01,58.58,219.60,2,9.11,1
torchinferno,tree_of_thought,991,191.17,0.00,202.22,1,4.95,1
torchinferno,long_output,0,104.90,161.68,1398.34,9,6.44,1
torchinferno,long_output,1,102.91,163.26,1409.00,9,6.39,1
torchinferno,long_output,2,107.18,166.07,1435.71,9,6.27,1
torchinferno,long_output,3,100.39,150.41,1454.04,10,6.88,1
torchinferno,long_output,4,909.60,62.35,1470.75,10,6.80,1
torchinferno,long_output,5,896.07,57.90,1475.06,11,7.46,1
torchinferno,long_output,6,905.54,65.07,1491.16,10,6.71,1
torchinferno,long_output,7,906.83,58.34,1490.25,11,7.38,1
torchinferno,long_output,8,886.58,53.96,1480.16,12,8.11,1
torchinferno,long_output,9,901.06,58.98,1490.85,11,7.38,1
torchinferno,long_output,10,893.48,49.59,1488.60,13,8.73,1
torchinferno,long_output,11,886.73,55.91,1501.71,12,7.99,1
torchinferno,long_output,12,892.85,55.90,1507.72,12,7.96,1
torchinferno,long_output,13,888.78,51.22,1503.47,13,8.65,1
torchinferno,long_output,14,882.41,52.74,1515.34,13,8.58,1
torchinferno,long_output,15,886.77,47.82,1508.41,14,9.28,1
torchinferno,long_output,16,879.07,48.78,1513.25,14,9.25,1
torchinferno,long_output,17,868.79,49.85,1516.88,14,9.23,1
torchinferno,long_output,18,864.07,52.25,1595.55,15,9.40,1
torchinferno,long_output,19,879.29,51.63,1602.11,15,9.36,1
torchinferno,long_output,20,866.48,53.03,1608.95,15,9.32,1
torchinferno,long_output,21,863.81,50.12,1615.60,16,9.90,1
torchinferno,long_output,22,862.63,47.05,1615.40,17,10.52,1
torchinferno,long_output,23,855.33,51.16,1622.73,16,9.86,1
torchinferno,long_output,24,863.96,51.25,1632.65,16,9.80,1
torchinferno,long_output,25,863.92,47.78,1628.44,17,10.44,1
torchinferno,long_output,26,866.54,48.20,1637.69,17,10.38,1
torchinferno,long_output,27,851.80,53.58,1762.72,18,10.21,1
torchinferno,long_output,28,859.59,53.37,1766.93,18,10.19,1
torchinferno,long_output,29,851.74,54.05,1770.57,18,10.17,1
torchinferno,long_output,30,846.49,52.02,1782.88,19,10.66,1
torchinferno,long_output,31,845.75,52.37,1788.48,19,10.62,1
torchinferno,long_output,32,847.68,52.40,1790.83,19,10.61,1
torchinferno,long_output,33,840.60,50.12,1792.80,20,11.16,1
torchinferno,long_output,34,847.17,50.98,1815.88,20,11.01,1
torchinferno,long_output,35,832.73,48.74,1807.53,21,11.62,1
torchinferno,long_output,36,843.85,51.02,1813.32,20,11.03,1
torchinferno,long_output,37,840.41,48.56,1811.69,21,11.59,1
torchinferno,long_output,38,829.15,49.57,1820.56,21,11.53,1
torchinferno,long_output,39,824.19,47.37,1819.01,22,12.09,1
torchinferno,long_output,40,831.94,44.97,1821.32,23,12.63,1
torchinferno,long_output,41,833.87,44.90,1821.65,23,12.63,1
torchinferno,long_output,42,818.95,45.77,1825.98,23,12.60,1
torchinferno,long_output,43,821.43,44.00,1833.44,24,13.09,1
torchinferno,long_output,44,819.41,44.41,1840.91,24,13.04,1
torchinferno,long_output,45,822.98,48.98,1851.61,22,11.88,1
torchinferno,long_output,46,809.90,42.98,1841.43,25,13.58,1
torchinferno,long_output,47,827.68,49.36,1864.28,22,11.80,1
torchinferno,long_output,48,802.48,41.96,1851.44,26,14.04,1
torchinferno,long_output,49,813.19,43.57,1858.85,25,13.45,1
torchinferno,long_output,50,818.32,43.55,1863.51,25,13.42,1
torchinferno,long_output,51,808.18,42.07,1859.93,26,13.98,1
torchinferno,long_output,52,815.85,46.25,1879.49,24,12.77,1
torchinferno,long_output,53,795.54,41.41,1872.26,27,14.42,1
torchinferno,long_output,54,788.54,40.26,1875.47,28,14.93,1
torchinferno,long_output,55,1528.10,29.98,2277.71,26,11.41,1
torchinferno,long_output,56,1523.12,30.15,2307.06,27,11.70,1
torchinferno,long_output,57,1523.03,29.18,2310.87,28,12.12,1
torchinferno,long_output,58,1533.50,30.30,2321.30,27,11.63,1
torchinferno,long_output,59,241.79,28.10,1056.74,30,28.39,1
torchinferno,long_output,60,1513.30,29.02,2325.99,29,12.47,1
torchinferno,long_output,61,243.97,28.08,1058.30,30,28.35,1
torchinferno,long_output,62,1525.84,29.15,2342.15,29,12.38,1
torchinferno,long_output,63,1515.83,28.32,2337.03,30,12.84,1
torchinferno,long_output,64,1513.42,31.78,2371.46,28,11.81,1
torchinferno,long_output,65,1521.55,30.51,2375.80,29,12.21,1
torchinferno,long_output,66,355.65,22.91,1042.99,31,29.72,1
torchinferno,long_output,67,205.90,29.31,1085.13,31,28.57,1
torchinferno,long_output,68,330.63,22.68,1033.66,32,30.96,1
torchinferno,long_output,69,151.69,28.89,1047.41,32,30.55,1
torchinferno,long_output,70,378.56,23.20,1074.53,31,28.85,1
torchinferno,long_output,71,319.31,22.08,1025.81,33,32.17,1
torchinferno,long_output,72,321.59,22.64,1046.05,33,31.55,1
torchinferno,long_output,73,332.39,22.59,1055.23,33,31.27,1
torchinferno,long_output,74,288.93,22.53,1032.51,34,32.93,1
torchinferno,long_output,75,289.23,21.83,1031.33,35,33.94,1
torchinferno,long_output,76,303.30,23.00,1062.46,34,32.00,1
torchinferno,long_output,77,333.80,24.25,1085.48,32,29.48,1
torchinferno,long_output,78,288.65,22.48,1053.03,35,33.24,1
torchinferno,long_output,79,196.18,21.84,960.52,36,37.48,1
torchinferno,long_output,80,292.42,22.37,1053.07,35,33.24,1
torchinferno,long_output,81,278.64,22.13,1053.32,36,34.18,1
torchinferno,long_output,82,307.97,23.93,1097.60,34,30.98,1
torchinferno,long_output,83,189.80,22.53,978.40,36,36.79,1
torchinferno,long_output,84,189.29,22.34,993.38,37,37.25,1
torchinferno,long_output,85,485.13,24.39,1363.33,37,27.14,1
torchinferno,long_output,86,473.58,24.69,1362.36,37,27.16,1
torchinferno,long_output,87,478.98,24.13,1371.89,38,27.70,1
torchinferno,long_output,88,321.69,24.01,1234.04,39,31.60,1
torchinferno,long_output,89,323.80,24.03,1236.79,39,31.53,1
torchinferno,long_output,90,468.97,24.75,1384.72,38,27.44,1
torchinferno,long_output,91,283.42,23.33,1216.60,41,33.70,1
torchinferno,long_output,92,466.23,25.41,1406.44,38,27.02,1
torchinferno,long_output,93,318.17,24.18,1261.14,40,31.72,1
torchinferno,long_output,94,462.17,24.99,1411.64,39,27.63,1
torchinferno,long_output,95,298.14,23.75,1248.01,41,32.85,1
torchinferno,long_output,96,255.04,23.53,1219.72,42,34.43,1
torchinferno,long_output,97,255.63,23.74,1228.85,42,34.18,1
torchinferno,long_output,98,292.34,25.04,1268.82,40,31.53,1
torchinferno,long_output,99,244.84,23.50,1231.81,43,34.91,1
torchinferno,long_output,100,256.52,24.39,1256.70,42,33.42,1
torchinferno,long_output,101,423.86,22.43,1298.47,40,30.81,1
torchinferno,long_output,102,269.96,25.01,1270.48,41,32.27,1
torchinferno,long_output,103,220.79,22.81,1224.44,45,36.75,1
torchinferno,long_output,104,374.99,21.18,1264.51,43,34.01,1
torchinferno,long_output,105,204.24,23.49,1237.61,45,36.36,1
torchinferno,long_output,106,218.66,23.45,1250.54,45,35.98,1
torchinferno,long_output,107,370.80,20.96,1272.03,44,34.59,1
torchinferno,long_output,108,364.40,21.22,1276.94,44,34.46,1
torchinferno,long_output,109,350.69,21.33,1268.02,44,34.70,1
torchinferno,long_output,110,367.96,22.13,1297.50,43,33.14,1
torchinferno,long_output,111,337.14,20.71,1269.07,46,36.25,1
torchinferno,long_output,112,306.52,21.23,1262.04,46,36.45,1
torchinferno,long_output,113,313.38,20.60,1261.01,47,37.27,1
torchinferno,long_output,114,293.91,20.98,1258.98,47,37.33,1
torchinferno,long_output,115,313.65,20.87,1273.74,47,36.90,1
torchinferno,long_output,116,316.10,21.58,1287.39,46,35.73,1
torchinferno,long_output,117,271.11,25.22,1456.66,48,32.95,1
torchinferno,long_output,118,291.43,25.24,1477.92,48,32.48,1
torchinferno,long_output,119,500.92,19.18,654.39,9,13.75,1
torchinferno,long_output,120,276.72,17.99,438.61,10,22.80,1
torchinferno,long_output,121,508.14,21.21,677.85,9,13.28,1
torchinferno,long_output,122,495.06,18.56,662.14,10,15.10,1
torchinferno,long_output,123,522.76,19.93,682.17,9,13.19,1
torchinferno,long_output,124,287.02,16.48,451.81,11,24.35,1
torchinferno,long_output,125,496.57,19.65,673.43,10,14.85,1
torchinferno,long_output,126,525.83,24.99,1700.35,48,28.23,1
torchinferno,long_output,127,478.37,24.89,1673.01,49,29.29,1
torchinferno,long_output,128,491.72,24.93,1688.32,49,29.02,1
torchinferno,long_output,129,455.53,24.37,1649.63,50,30.31,1
torchinferno,long_output,130,451.60,24.70,1662.03,50,30.08,1
torchinferno,long_output,131,447.37,24.94,1669.26,50,29.95,1
torchinferno,long_output,132,397.14,24.19,1630.97,52,31.88,1
torchinferno,long_output,133,447.95,24.73,1684.65,51,30.27,1
torchinferno,long_output,134,403.86,24.24,1639.94,52,31.71,1
torchinferno,long_output,135,422.93,24.85,1665.21,51,30.63,1
torchinferno,long_output,136,415.30,24.47,1663.23,52,31.26,1
torchinferno,long_output,137,480.93,26.04,1731.07,49,28.31,1
torchinferno,long_output,138,378.65,24.23,1638.55,53,32.35,1
torchinferno,long_output,139,450.13,25.12,1705.97,51,29.90,1
torchinferno,long_output,140,363.37,23.80,1624.95,54,33.23,1
torchinferno,long_output,141,371.03,24.07,1646.62,54,32.79,1
torchinferno,long_output,142,393.61,24.59,1672.30,53,31.69,1
torchinferno,long_output,143,331.63,24.03,1629.33,55,33.76,1
torchinferno,long_output,144,328.02,24.19,1634.31,55,33.65,1
torchinferno,long_output,145,337.15,23.67,1638.93,56,34.17,1
torchinferno,long_output,146,351.65,24.24,1660.80,55,33.12,1
torchinferno,long_output,147,356.10,24.99,1680.35,54,32.14,1
torchinferno,long_output,148,371.89,25.69,1707.61,53,31.04,1
torchinferno,long_output,149,312.49,23.82,1646.16,57,34.63,1
torchinferno,long_output,150,315.45,24.32,1652.84,56,33.88,1
torchinferno,long_output,151,284.30,23.83,1642.46,58,35.31,1
torchinferno,long_output,152,443.69,25.30,696.72,11,15.79,1
torchinferno,long_output,153,441.09,26.25,703.55,11,15.63,1
torchinferno,long_output,154,246.66,23.54,529.11,13,24.57,1
torchinferno,long_output,155,419.79,26.57,712.05,12,16.85,1
torchinferno,long_output,156,429.70,27.06,727.36,12,16.50,1
torchinferno,long_output,157,225.70,22.87,523.01,14,26.77,1
torchinferno,long_output,158,409.28,25.95,720.64,13,18.04,1
torchinferno,long_output,159,417.77,25.73,726.55,13,17.89,1
torchinferno,long_output,160,208.81,22.53,524.18,15,28.62,1
torchinferno,long_output,161,207.30,23.64,538.28,15,27.87,1
torchinferno,long_output,162,182.00,21.72,507.80,16,31.51,1
torchinferno,long_output,163,233.41,25.11,559.83,14,25.01,1
torchinferno,long_output,164,184.10,24.09,521.39,15,28.77,1
torchinferno,long_output,165,870.79,22.06,2084.26,56,26.87,1
torchinferno,long_output,166,428.94,31.92,780.11,12,15.38,1
torchinferno,long_output,167,860.18,21.96,2089.72,57,27.28,1
torchinferno,long_output,168,429.98,21.81,1673.36,58,34.66,1
torchinferno,long_output,169,846.58,22.22,2090.70,57,27.26,1
torchinferno,long_output,170,212.04,29.54,596.12,14,23.49,1
torchinferno,long_output,171,302.30,16.99,557.12,16,28.72,1
torchinferno,long_output,172,268.92,15.57,533.67,18,33.73,1
torchinferno,long_output,173,389.67,21.52,1659.29,60,36.16,1
torchinferno,long_output,174,427.64,21.96,1701.54,59,34.67,1
torchinferno,long_output,175,387.37,21.17,1657.62,61,36.80,1
torchinferno,long_output,176,268.48,15.22,542.38,19,35.03,1
torchinferno,long_output,177,416.76,22.00,1692.69,59,34.86,1
torchinferno,long_output,178,814.95,22.67,2106.87,58,27.53,1
torchinferno,long_output,179,237.85,14.76,518.34,20,38.58,1
torchinferno,long_output,180,299.50,19.49,591.89,16,27.03,1
torchinferno,long_output,181,254.98,16.36,549.53,19,34.58,1
torchinferno,long_output,182,420.48,22.26,1711.30,59,34.48,1
torchinferno,long_output,183,274.54,17.96,579.93,18,31.04,1
torchinferno,long_output,184,253.38,16.38,548.20,19,34.66,1
torchinferno,long_output,185,360.23,21.24,1655.85,62,37.44,1
torchinferno,long_output,186,361.08,21.84,1671.39,61,36.50,1
torchinferno,long_output,187,347.38,21.42,1653.76,62,37.49,1
torchinferno,long_output,188,398.77,22.24,1710.72,60,35.07,1
torchinferno,long_output,189,203.09,14.79,513.59,22,42.84,1
torchinferno,long_output,190,304.11,19.26,612.20,17,27.77,1
torchinferno,long_output,191,231.44,17.16,557.55,20,35.87,1
torchinferno,long_output,192,312.57,20.99,1635.21,64,39.14,1
torchinferno,long_output,193,375.11,22.49,1702.16,60,35.25,1
torchinferno,long_output,194,362.69,22.03,1684.57,61,36.21,1
torchinferno,long_output,195,288.90,19.02,612.23,18,29.40,1
torchinferno,long_output,196,639.49,17.26,1692.52,62,36.63,1
torchinferno,long_output,197,291.53,20.90,626.01,17,27.16,1
torchinferno,long_output,198,301.35,20.61,631.17,17,26.93,1
torchinferno,long_output,199,236.75,17.89,576.68,20,34.68,1
torchinferno,long_output,200,222.15,16.78,557.84,21,37.65,1
torchinferno,long_output,201,282.18,20.65,1624.56,66,40.63,1
torchinferno,long_output,202,220.93,17.53,571.46,21,36.75,1
torchinferno,long_output,203,300.41,21.54,1657.42,64,38.61,1
torchinferno,long_output,204,612.10,17.50,1696.90,63,37.13,1
torchinferno,long_output,205,305.00,21.62,1667.08,64,38.39,1
torchinferno,long_output,206,588.01,17.69,1684.58,63,37.40,1
torchinferno,long_output,207,214.26,18.62,586.73,21,35.79,1
torchinferno,long_output,208,558.59,17.15,1656.01,65,39.25,1
torchinferno,long_output,209,338.67,22.08,1707.33,63,36.90,1
torchinferno,long_output,210,562.63,17.39,1675.37,65,38.80,1
torchinferno,long_output,211,559.66,17.27,1664.83,65,39.04,1
torchinferno,long_output,212,537.04,19.02,1773.11,66,37.22,1
torchinferno,long_output,213,553.61,19.15,1798.34,66,36.70,1
torchinferno,long_output,214,546.37,19.04,1802.84,67,37.16,1
torchinferno,long_output,215,520.17,19.32,1795.10,67,37.32,1
torchinferno,long_output,216,398.06,28.07,987.46,22,22.28,1
torchinferno,long_output,217,345.27,27.90,959.14,23,23.98,1
torchinferno,long_output,218,358.71,28.29,980.98,23,23.45,1
torchinferno,long_output,219,378.33,29.97,1007.77,22,21.83,1
torchinferno,long_output,220,338.30,27.50,970.87,24,24.72,1
torchinferno,long_output,221,346.67,27.44,977.89,24,24.54,1
torchinferno,long_output,222,358.26,29.15,999.48,23,23.01,1
torchinferno,long_output,223,328.84,26.93,975.24,25,25.63,1
torchinferno,long_output,224,323.51,27.36,980.08,25,25.51,1
torchinferno,long_output,225,295.15,25.84,967.00,27,27.92,1
torchinferno,long_output,226,279.76,26.01,955.92,27,28.25,1
torchinferno,long_output,227,335.42,30.46,1036.02,24,23.17,1
torchinferno,long_output,228,316.70,29.52,1025.08,25,24.39,1
torchinferno,long_output,229,281.77,27.31,991.83,27,27.22,1
torchinferno,long_output,230,305.75,28.59,1020.41,26,25.48,1
torchinferno,long_output,231,265.81,26.72,987.27,28,28.36,1
torchinferno,long_output,232,252.71,25.96,979.66,29,29.60,1
torchinferno,long_output,233,242.18,24.91,964.49,30,31.10,1
torchinferno,long_output,234,239.52,26.25,974.53,29,29.76,1
torchinferno,long_output,235,250.71,26.26,986.07,29,29.41,1
torchinferno,long_output,236,316.30,29.85,1062.57,26,24.47,1
torchinferno,long_output,237,235.13,26.03,989.88,30,30.31,1
torchinferno,long_output,238,557.89,17.22,1022.96,28,27.37,1
torchinferno,long_output,239,230.08,25.22,986.62,31,31.42,1
torchinferno,long_output,240,555.13,17.30,1022.17,28,27.39,1
torchinferno,long_output,241,607.80,19.35,1091.46,26,23.82,1
torchinferno,long_output,242,236.52,26.73,1011.76,30,29.65,1
torchinferno,long_output,243,195.05,24.26,995.65,34,34.15,1
torchinferno,long_output,244,519.39,17.06,1031.17,31,30.06,1
torchinferno,long_output,245,520.25,16.15,1021.00,32,31.34,1
torchinferno,long_output,246,211.47,24.31,1013.57,34,33.54,1
torchinferno,long_output,247,519.50,16.55,1032.49,32,30.99,1
torchinferno,long_output,248,530.01,17.26,1047.81,31,29.59,1
torchinferno,long_output,249,521.53,16.87,1044.56,32,30.63,1
torchinferno,long_output,250,497.52,16.75,1033.38,33,31.93,1
torchinferno,long_output,251,511.61,16.52,1040.20,33,31.72,1
torchinferno,long_output,252,197.23,24.58,1033.10,35,33.88,1
torchinferno,long_output,253,507.77,17.10,1054.89,33,31.28,1
torchinferno,long_output,254,501.77,16.07,1048.21,35,33.39,1
torchinferno,long_output,255,495.55,16.29,1049.33,35,33.35,1
torchinferno,long_output,256,503.97,17.20,1071.63,34,31.73,1
torchinferno,long_output,257,476.24,19.86,1171.22,36,30.74,1
torchinferno,long_output,258,474.38,19.88,1170.20,36,30.76,1
torchinferno,long_output,259,482.67,20.09,1185.74,36,30.36,1
torchinferno,long_output,260,461.94,20.07,1184.46,37,31.24,1
torchinferno,long_output,261,474.05,19.88,1189.90,37,31.10,1
torchinferno,long_output,262,476.83,19.30,1190.80,38,31.91,1
torchinferno,long_output,263,463.67,19.54,1186.65,38,32.02,1
torchinferno,long_output,264,471.65,20.36,1204.69,37,30.71,1
torchinferno,long_output,265,469.18,19.73,1199.13,38,31.69,1
torchinferno,long_output,266,449.69,25.08,1402.59,39,27.81,1
torchinferno,long_output,267,459.79,25.27,1419.86,39,27.47,1
torchinferno,long_output,268,448.09,25.79,1428.08,39,27.31,1
torchinferno,long_output,269,451.69,24.80,1418.96,40,28.19,1
torchinferno,long_output,270,439.43,25.42,1430.87,40,27.96,1
torchinferno,long_output,271,438.06,24.95,1436.18,41,28.55,1
torchinferno,long_output,272,434.16,24.83,1427.16,41,28.73,1
torchinferno,long_output,273,441.02,24.95,1439.03,41,28.49,1
torchinferno,long_output,274,455.88,25.77,1460.97,40,27.38,1
torchinferno,long_output,275,428.10,24.62,1437.63,42,29.21,1
torchinferno,long_output,276,284.89,25.05,1311.86,42,32.02,1
torchinferno,long_output,277,306.57,25.55,1354.12,42,31.02,1
torchinferno,long_output,278,390.74,24.26,1409.56,43,30.51,1
torchinferno,long_output,279,957.13,24.74,1996.19,43,21.54,1
torchinferno,long_output,280,349.72,23.83,1398.30,45,32.18,1
torchinferno,long_output,281,971.73,24.85,2015.28,43,21.34,1
torchinferno,long_output,282,341.50,24.05,1399.60,45,32.15,1
torchinferno,long_output,283,324.17,23.60,1386.05,46,33.19,1
torchinferno,long_output,284,352.04,24.18,1415.79,45,31.78,1
torchinferno,long_output,285,367.45,24.74,1431.31,44,30.74,1
torchinferno,long_output,286,382.29,24.60,1440.18,44,30.55,1
torchinferno,long_output,287,337.96,24.03,1419.24,46,32.41,1
torchinferno,long_output,288,290.05,23.42,1367.36,47,34.37,1
torchinferno,long_output,289,313.22,23.74,1405.36,47,33.44,1
torchinferno,long_output,290,316.50,24.40,1414.36,46,32.52,1
torchinferno,long_output,291,267.53,23.72,1382.59,48,34.72,1
torchinferno,long_output,292,625.14,19.90,1481.03,44,29.71,1
torchinferno,long_output,293,268.42,23.32,1387.79,49,35.31,1
torchinferno,long_output,294,231.07,23.08,1361.91,50,36.71,1
torchinferno,long_output,295,267.56,24.15,1402.45,48,34.23,1
torchinferno,long_output,296,260.80,23.59,1392.92,49,35.18,1
torchinferno,long_output,297,272.70,24.43,1420.70,48,33.79,1
torchinferno,long_output,298,237.54,22.91,1383.02,51,36.88,1
torchinferno,long_output,299,511.97,18.58,1422.53,50,35.15,1
torchinferno,long_output,300,496.08,18.62,1408.62,50,35.50,1
torchinferno,long_output,301,521.13,19.22,1443.45,49,33.95,1
torchinferno,long_output,302,556.59,20.12,1482.27,47,31.71,1
torchinferno,long_output,303,500.68,18.46,1423.74,51,35.82,1
torchinferno,long_output,304,475.01,18.48,1417.37,52,36.69,1
torchinferno,long_output,305,454.51,18.60,1403.18,52,37.06,1
torchinferno,long_output,306,476.60,18.60,1425.02,52,36.49,1
torchinferno,long_output,307,496.55,18.96,1444.68,51,35.30,1
torchinferno,long_output,308,434.89,18.70,1407.17,53,37.66,1
torchinferno,long_output,309,462.00,18.50,1423.82,53,37.22,1
torchinferno,long_output,310,449.68,18.72,1423.14,53,37.24,1
torchinferno,long_output,311,440.72,22.32,1623.71,54,33.26,1
torchinferno,long_output,312,426.31,22.44,1615.54,54,33.43,1
torchinferno,long_output,313,442.49,22.28,1623.21,54,33.27,1
torchinferno,long_output,314,425.79,22.38,1634.50,55,33.65,1
torchinferno,long_output,315,418.93,22.75,1647.23,55,33.39,1
torchinferno,long_output,316,407.21,22.15,1625.65,56,34.45,1
torchinferno,long_output,317,404.49,22.29,1630.40,56,34.35,1
torchinferno,long_output,318,404.18,23.04,1648.25,55,33.37,1
torchinferno,long_output,319,405.88,22.55,1646.09,56,34.02,1
torchinferno,long_output,320,378.40,25.82,1824.38,57,31.24,1
torchinferno,long_output,321,260.17,26.16,1725.14,57,33.04,1
torchinferno,long_output,322,262.57,26.30,1735.11,57,32.85,1
torchinferno,long_output,323,268.33,25.69,1732.78,58,33.47,1
torchinferno,long_output,324,365.18,43.35,712.00,9,12.64,1
torchinferno,long_output,325,366.91,44.95,726.52,9,12.39,1
torchinferno,long_output,326,364.74,46.58,737.41,9,12.20,1
torchinferno,long_output,327,337.40,41.67,712.40,10,14.04,1
torchinferno,long_output,328,322.72,39.18,714.49,11,15.40,1
torchinferno,long_output,329,291.31,36.02,687.57,12,17.45,1
torchinferno,long_output,330,304.55,37.00,711.58,12,16.86,1
torchinferno,long_output,331,510.25,23.58,1854.22,58,31.28,1
torchinferno,long_output,332,329.25,41.93,748.54,11,14.70,1
torchinferno,long_output,333,587.82,19.09,759.61,10,13.16,1
torchinferno,long_output,334,332.58,42.59,758.48,11,14.50,1
torchinferno,long_output,335,505.48,23.34,1859.08,59,31.74,1
torchinferno,long_output,336,487.24,23.69,1861.44,59,31.70,1
torchinferno,long_output,337,608.91,19.88,787.81,10,12.69,1
torchinferno,long_output,338,494.25,23.27,1867.14,60,32.13,1
torchinferno,long_output,339,270.59,23.31,1645.69,60,36.46,1
torchinferno,long_output,340,268.47,23.57,1658.82,60,36.17,1
torchinferno,long_output,341,248.71,23.33,1648.37,61,37.01,1
torchinferno,long_output,342,503.60,24.08,1900.31,59,31.05,1
torchinferno,long_output,343,526.29,17.86,740.61,13,17.55,1
torchinferno,long_output,344,222.51,23.02,1626.80,62,38.11,1
torchinferno,long_output,345,231.57,23.49,1641.17,61,37.17,1
torchinferno,long_output,346,509.93,16.88,729.38,14,19.19,1
torchinferno,long_output,347,509.18,24.79,1922.49,58,30.17,1
torchinferno,long_output,348,221.24,23.17,1634.70,62,37.93,1
torchinferno,long_output,349,508.94,17.71,739.22,14,18.94,1
torchinferno,long_output,350,249.53,23.60,1665.63,61,36.62,1
torchinferno,long_output,351,515.22,18.35,753.78,14,18.57,1
torchinferno,long_output,352,573.82,21.47,809.98,12,14.82,1
torchinferno,long_output,353,549.95,18.96,777.42,13,16.72,1
torchinferno,long_output,354,537.18,20.08,778.14,13,16.71,1
torchinferno,long_output,355,494.11,20.58,782.23,15,19.18,1
torchinferno,long_output,356,486.97,20.95,780.31,15,19.22,1
torchinferno,long_output,357,198.78,23.86,1678.36,63,37.54,1
torchinferno,long_output,358,489.32,21.58,791.39,15,18.95,1
torchinferno,long_output,359,272.83,19.28,581.33,17,29.24,1
torchinferno,long_output,360,274.87,18.90,577.22,17,29.45,1
torchinferno,long_output,361,272.50,21.15,589.76,16,27.13,1
torchinferno,long_output,362,476.51,21.83,803.93,16,19.90,1
torchinferno,long_output,363,477.12,21.77,803.72,16,19.91,1
torchinferno,long_output,364,522.82,25.53,931.34,17,18.25,1
torchinferno,long_output,365,517.42,24.11,927.29,18,19.41,1
torchinferno,long_output,366,504.56,23.04,919.20,19,20.67,1
torchinferno,long_output,367,517.15,25.01,942.25,18,19.10,1
torchinferno,long_output,368,506.06,23.83,934.97,19,20.32,1
torchinferno,long_output,369,512.40,25.12,939.52,18,19.16,1
torchinferno,long_output,370,282.25,22.98,718.84,20,27.82,1
torchinferno,long_output,371,304.55,24.15,739.21,19,25.70,1
torchinferno,long_output,372,276.44,23.03,714.00,20,28.01,1
torchinferno,long_output,373,197.51,22.65,650.55,21,32.28,1
torchinferno,long_output,374,169.66,22.40,640.11,22,34.37,1
torchinferno,long_output,375,286.41,24.05,743.31,20,26.91,1
torchinferno,long_output,376,162.68,22.28,630.51,22,34.89,1
torchinferno,long_output,377,178.23,24.43,666.79,21,31.49,1
torchinferno,long_output,378,176.33,24.60,668.24,21,31.43,1
torchinferno,long_output,379,131.43,22.12,618.01,23,37.22,1
torchinferno,long_output,380,327.19,16.06,664.39,22,33.11,1
torchinferno,long_output,381,317.17,16.52,680.55,23,33.80,1
torchinferno,long_output,382,292.97,17.20,671.29,23,34.26,1
torchinferno,long_output,383,283.59,16.89,672.09,24,35.71,1
torchinferno,long_output,384,277.49,17.13,671.55,24,35.74,1
torchinferno,long_output,385,298.04,16.50,677.55,24,35.42,1
torchinferno,long_output,386,269.99,16.55,667.20,25,37.47,1
torchinferno,long_output,387,269.40,16.47,664.63,25,37.61,1
torchinferno,long_output,388,275.38,16.42,669.40,25,37.35,1
torchinferno,long_output,389,270.03,15.97,669.22,26,38.85,1
torchinferno,long_output,390,249.21,16.45,660.44,26,39.37,1
torchinferno,long_output,391,265.00,16.47,676.76,26,38.42,1
torchinferno,long_output,392,242.40,20.97,787.53,27,34.28,1
torchinferno,long_output,393,244.86,21.49,803.48,27,33.60,1
torchinferno,long_output,394,253.77,21.18,804.50,27,33.56,1
torchinferno,long_output,395,236.17,20.42,808.02,29,35.89,1
torchinferno,long_output,396,228.12,20.97,815.20,29,35.57,1
torchinferno,long_output,397,227.08,21.19,820.50,29,35.34,1
torchinferno,long_output,398,238.54,21.75,825.73,28,33.91,1
torchinferno,long_output,399,245.15,21.78,833.18,28,33.61,1
torchinferno,long_output,400,239.48,21.97,832.56,28,33.63,1
torchinferno,long_output,401,220.36,23.06,889.16,30,33.74,1
torchinferno,long_output,402,226.25,23.01,893.64,30,33.57,1
torchinferno,long_output,403,227.79,23.36,905.20,30,33.14,1
torchinferno,long_output,404,158.67,23.07,873.75,32,36.62,1
torchinferno,long_output,405,217.44,23.69,928.14,31,33.40,1
torchinferno,long_output,406,163.57,24.08,885.93,31,34.99,1
torchinferno,long_output,407,184.42,23.84,899.64,31,34.46,1
torchinferno,long_output,408,173.12,23.62,905.46,32,35.34,1
torchinferno,long_output,409,1143.90,25.84,2720.12,62,22.79,1
torchinferno,long_output,410,1137.27,26.60,2786.70,63,22.61,1
torchinferno,long_output,411,1138.33,26.94,2808.80,63,22.43,1
torchinferno,long_output,412,1092.31,26.73,2776.30,64,23.05,1
torchinferno,long_output,413,413.09,26.41,2103.51,65,30.90,1
torchinferno,long_output,414,410.82,26.43,2102.02,65,30.92,1
torchinferno,long_output,415,416.52,27.09,2123.09,64,30.14,1
torchinferno,long_output,416,392.22,26.42,2109.77,66,31.28,1
torchinferno,long_output,417,445.15,27.13,2154.12,64,29.71,1
torchinferno,long_output,418,399.78,26.92,2122.90,65,30.62,1
torchinferno,long_output,419,369.85,26.23,2100.70,67,31.89,1
torchinferno,long_output,420,385.04,26.44,2129.77,67,31.46,1
torchinferno,long_output,421,392.83,27.07,2152.54,66,30.66,1
torchinferno,long_output,422,644.99,23.68,2184.49,66,30.21,1
torchinferno,long_output,423,695.62,24.08,1441.97,32,22.19,1
torchinferno,long_output,424,681.73,24.27,1458.31,33,22.63,1
torchinferno,long_output,425,691.25,24.35,1470.43,33,22.44,1
torchinferno,long_output,426,295.15,23.01,1077.41,35,32.49,1
torchinferno,long_output,427,687.47,24.49,1471.23,33,22.43,1
torchinferno,long_output,428,313.34,23.97,1104.51,34,30.78,1
torchinferno,long_output,429,325.38,23.78,1110.23,34,30.62,1
torchinferno,long_output,430,317.05,23.23,1106.70,35,31.63,1
torchinferno,long_output,431,292.54,22.99,1097.03,36,32.82,1
torchinferno,long_output,432,261.57,22.64,1076.71,37,34.36,1
torchinferno,long_output,433,283.81,23.39,1102.30,36,32.66,1
torchinferno,long_output,434,678.08,24.94,1501.23,34,22.65,1
torchinferno,long_output,435,300.91,24.09,1119.96,35,31.25,1
torchinferno,long_output,436,235.68,22.39,1064.26,38,35.71,1
torchinferno,long_output,437,254.29,22.69,1093.72,38,34.74,1
torchinferno,long_output,438,202.29,22.12,1042.72,39,37.40,1
torchinferno,long_output,439,290.86,23.85,1125.67,36,31.98,1
torchinferno,long_output,440,246.51,23.36,1110.66,38,34.21,1
torchinferno,long_output,441,255.13,24.15,1124.42,37,32.91,1
torchinferno,long_output,442,281.84,23.98,1145.06,37,32.31,1
torchinferno,long_output,443,349.66,20.48,1127.79,39,34.58,1
torchinferno,long_output,444,292.88,20.23,1081.75,40,36.98,1
torchinferno,long_output,445,309.84,20.14,1095.37,40,36.52,1
torchinferno,long_output,446,340.84,21.28,1149.63,39,33.92,1
torchinferno,long_output,447,311.30,20.39,1106.48,40,36.15,1
torchinferno,long_output,448,294.99,19.95,1092.87,41,37.52,1
torchinferno,long_output,449,276.67,20.71,1105.06,41,37.10,1
torchinferno,long_output,450,276.81,20.00,1096.61,42,38.30,1
torchinferno,long_output,451,128.06,19.89,963.42,43,44.63,1
torchinferno,long_output,452,274.71,20.46,1113.54,42,37.72,1
torchinferno,long_output,453,286.11,20.95,1124.17,41,36.47,1
torchinferno,long_output,454,262.01,20.06,1104.44,43,38.93,1
torchinferno,long_output,455,253.65,20.29,1105.64,43,38.89,1
torchinferno,long_output,456,121.66,19.68,967.84,44,45.46,1
torchinferno,long_output,457,265.93,20.88,1122.00,42,37.43,1
torchinferno,long_output,458,113.55,20.05,975.57,44,45.10,1
torchinferno,long_output,459,354.26,28.19,1566.40,44,28.09,1
torchinferno,long_output,460,340.90,27.76,1562.36,45,28.80,1
torchinferno,long_output,461,276.72,27.10,1496.31,46,30.74,1
torchinferno,long_output,462,347.70,27.11,1567.71,46,29.34,1
torchinferno,long_output,463,251.47,26.98,1492.74,47,31.49,1
torchinferno,long_output,464,241.21,26.60,1464.93,47,32.08,1
torchinferno,long_output,465,357.08,28.10,1593.36,45,28.24,1
torchinferno,long_output,466,266.36,27.02,1509.40,47,31.14,1
torchinferno,long_output,467,234.41,26.25,1468.01,48,32.70,1
torchinferno,long_output,468,351.02,27.50,1588.53,46,28.96,1
torchinferno,long_output,469,348.03,28.39,1597.37,45,28.17,1
torchinferno,long_output,470,215.61,26.70,1470.30,48,32.65,1
torchinferno,long_output,471,219.13,26.96,1486.44,48,32.29,1
torchinferno,long_output,472,205.63,26.64,1484.52,49,33.01,1
torchinferno,long_output,473,406.87,26.98,1701.76,49,28.79,1
torchinferno,long_output,474,297.25,26.93,1617.06,50,30.92,1
torchinferno,long_output,475,275.19,27.29,1612.54,50,31.01,1
torchinferno,long_output,476,271.13,18.44,418.64,9,21.50,1
torchinferno,long_output,477,322.49,27.92,1662.62,49,29.47,1
torchinferno,long_output,478,273.36,18.25,419.35,9,21.46,1
torchinferno,long_output,479,261.66,26.40,1608.01,52,32.34,1
torchinferno,long_output,480,271.19,19.68,428.64,9,21.00,1
torchinferno,long_output,481,301.94,27.79,1663.41,50,30.06,1
torchinferno,long_output,482,222.99,26.09,1579.73,53,33.55,1
torchinferno,long_output,483,259.94,27.49,1634.45,51,31.20,1
torchinferno,long_output,484,243.78,26.98,1619.89,52,32.10,1
torchinferno,long_output,485,255.76,17.90,434.77,11,25.30,1
torchinferno,long_output,486,251.32,27.10,1633.23,52,31.84,1
torchinferno,long_output,487,272.83,27.41,1643.56,51,31.03,1
torchinferno,long_output,488,260.42,21.41,453.10,10,22.07,1
torchinferno,long_output,489,252.32,18.75,439.78,11,25.01,1
torchinferno,long_output,490,237.57,26.71,1626.43,53,32.59,1
torchinferno,long_output,491,273.01,27.94,1670.18,51,30.54,1
torchinferno,long_output,492,261.69,23.97,477.39,10,20.95,1
torchinferno,long_output,493,193.36,26.84,1589.02,53,33.35,1
torchinferno,long_output,494,605.10,18.06,767.66,10,13.03,1
torchinferno,long_output,495,572.70,15.95,732.15,11,15.02,1
torchinferno,long_output,496,225.92,17.31,416.37,12,28.82,1
torchinferno,long_output,497,425.78,23.06,1647.92,54,32.77,1
torchinferno,long_output,498,425.55,23.45,1668.40,54,32.37,1
torchinferno,long_output,499,207.63,18.58,412.01,12,29.13,1
torchinferno,long_output,500,407.55,23.12,1655.92,55,33.21,1
torchinferno,long_output,501,194.82,16.96,398.40,13,32.63,1
torchinferno,long_output,502,196.92,19.66,413.17,12,29.04,1
torchinferno,long_output,503,451.60,23.74,1709.63,54,31.59,1
torchinferno,long_output,504,401.91,22.93,1662.86,56,33.68,1
torchinferno,long_output,505,417.78,23.32,1677.31,55,32.79,1
torchinferno,long_output,506,190.60,19.34,422.70,13,30.75,1
torchinferno,long_output,507,181.76,17.07,403.73,14,34.68,1
torchinferno,long_output,508,410.85,23.69,1690.02,55,32.54,1
torchinferno,long_output,509,388.05,23.50,1680.60,56,33.32,1
torchinferno,long_output,510,382.55,23.01,1670.85,57,34.11,1
torchinferno,long_output,511,366.60,22.73,1662.39,58,34.89,1
torchinferno,long_output,512,171.46,18.48,430.22,15,34.87,1
torchinferno,long_output,513,677.15,18.82,1712.08,56,32.71,1
torchinferno,long_output,514,391.44,23.44,1703.89,57,33.45,1
torchinferno,long_output,515,151.34,16.89,421.59,17,40.32,1
torchinferno,long_output,516,364.50,22.62,1676.29,59,35.20,1
torchinferno,long_output,517,359.99,23.15,1679.70,58,34.53,1
torchinferno,long_output,518,381.71,23.11,1698.93,58,34.14,1
torchinferno,long_output,519,161.03,20.65,450.10,15,33.33,1
torchinferno,long_output,520,152.05,17.56,433.01,17,39.26,1
torchinferno,long_output,521,329.47,23.17,1696.50,60,35.37,1
torchinferno,long_output,522,326.68,23.22,1696.45,60,35.37,1
torchinferno,long_output,523,141.19,19.33,469.84,18,38.31,1
torchinferno,long_output,524,652.49,19.78,1760.40,57,32.38,1
torchinferno,long_output,525,286.40,23.12,1673.74,61,36.45,1
torchinferno,long_output,526,627.61,19.30,1746.73,59,33.78,1
torchinferno,long_output,527,609.43,19.42,1735.80,59,33.99,1
torchinferno,long_output,528,570.64,21.43,1835.04,60,32.70,1
torchinferno,long_output,529,549.24,21.46,1836.86,61,33.21,1
torchinferno,long_output,530,525.24,21.51,1837.46,62,33.74,1
torchinferno,long_output,531,505.10,21.36,1829.32,63,34.44,1
torchinferno,long_output,532,512.11,21.37,1837.33,63,34.29,1
torchinferno,long_output,533,524.76,21.73,1850.03,62,33.51,1
torchinferno,long_output,534,533.02,21.90,1869.06,62,33.17,1
torchinferno,long_output,535,525.37,21.39,1851.53,63,34.03,1
torchinferno,long_output,536,493.19,21.38,1840.18,64,34.78,1
torchinferno,long_output,537,538.98,22.47,1887.22,61,32.32,1
torchinferno,long_output,538,506.30,21.39,1853.71,64,34.53,1
torchinferno,long_output,539,485.15,21.72,1853.33,64,34.53,1
torchinferno,long_output,540,495.16,21.17,1850.04,65,35.13,1
torchinferno,long_output,541,479.84,21.44,1851.74,65,35.10,1
torchinferno,long_output,542,486.47,21.46,1859.80,65,34.95,1
torchinferno,long_output,543,522.98,28.39,863.69,13,15.05,1
torchinferno,long_output,544,504.22,27.14,857.01,14,16.34,1
torchinferno,long_output,545,503.61,27.18,856.99,14,16.34,1
torchinferno,long_output,546,487.00,32.67,944.40,15,15.88,1
torchinferno,long_output,547,489.21,30.79,951.07,16,16.82,1
torchinferno,long_output,548,481.60,29.23,949.36,17,17.91,1
torchinferno,long_output,549,486.79,31.99,966.68,16,16.55,1
torchinferno,long_output,550,156.47,28.25,664.92,19,28.58,1
torchinferno,long_output,551,459.23,29.63,962.91,18,18.69,1
torchinferno,long_output,552,465.25,29.48,966.38,18,18.63,1
torchinferno,long_output,553,489.25,33.95,998.43,16,16.03,1
torchinferno,long_output,554,169.13,29.84,706.32,19,26.90,1
torchinferno,long_output,555,309.55,22.19,709.03,19,26.80,1
torchinferno,long_output,556,297.78,21.03,697.34,20,28.68,1
torchinferno,long_output,557,308.97,20.69,702.17,20,28.48,1
torchinferno,long_output,558,315.73,21.06,715.81,20,27.94,1
torchinferno,long_output,559,296.89,20.58,708.58,21,29.64,1
torchinferno,long_output,560,310.03,21.33,736.69,21,28.51,1
torchinferno,long_output,561,279.20,20.14,722.33,23,31.84,1
torchinferno,long_output,562,280.73,21.72,736.76,22,29.86,1
torchinferno,long_output,563,276.16,21.02,738.54,23,31.14,1
torchinferno,long_output,564,258.20,21.58,733.02,23,31.38,1
torchinferno,long_output,565,281.23,22.07,744.64,22,29.54,1
torchinferno,long_output,566,300.48,23.29,766.31,21,27.40,1
torchinferno,long_output,567,277.49,22.79,756.06,22,29.10,1
torchinferno,long_output,568,263.16,22.54,781.56,24,30.71,1
torchinferno,long_output,569,250.98,23.16,783.66,24,30.63,1
torchinferno,long_output,570,255.44,23.27,790.61,24,30.36,1
torchinferno,long_output,571,226.94,22.37,786.08,26,33.08,1
torchinferno,long_output,572,234.43,23.33,794.37,25,31.47,1
torchinferno,long_output,573,235.38,23.93,809.68,25,30.88,1
torchinferno,long_output,574,229.66,22.62,795.14,26,32.70,1
torchinferno,long_output,575,240.37,24.11,818.90,25,30.53,1
torchinferno,long_output,576,234.93,22.67,801.65,26,32.43,1
torchinferno,long_output,577,205.66,27.51,920.81,27,29.32,1
torchinferno,long_output,578,281.31,23.93,1837.00,66,35.93,1
torchinferno,long_output,579,229.19,27.03,931.95,27,28.97,1
torchinferno,long_output,580,289.69,24.06,1853.30,66,35.61,1
torchinferno,long_output,581,210.79,27.84,934.65,27,28.89,1
torchinferno,long_output,582,297.19,24.15,1866.64,66,35.36,1
torchinferno,long_output,583,172.00,26.98,900.48,28,31.09,1
torchinferno,long_output,584,287.43,23.72,1852.87,67,36.16,1
torchinferno,long_output,585,159.20,26.71,906.96,29,31.98,1
torchinferno,long_output,586,169.83,27.66,916.64,28,30.55,1
torchinferno,long_output,587,279.24,24.13,1871.84,67,35.79,1
torchinferno,long_output,588,179.71,27.94,934.06,28,29.98,1
torchinferno,long_output,589,408.49,28.75,1213.39,29,23.90,1
torchinferno,long_output,590,427.73,28.47,1224.88,29,23.68,1
torchinferno,long_output,591,273.82,28.12,1089.23,30,27.54,1
torchinferno,long_output,592,401.68,28.50,1228.04,30,24.43,1
torchinferno,long_output,593,245.47,27.46,1069.39,31,28.99,1
torchinferno,long_output,594,214.35,26.69,1041.64,32,30.72,1
torchinferno,long_output,595,204.55,26.39,1048.91,33,31.46,1
torchinferno,long_output,596,220.58,27.22,1064.41,32,30.06,1
torchinferno,long_output,597,168.46,26.09,1029.51,34,33.03,1
torchinferno,long_output,598,213.65,28.75,1076.29,31,28.80,1
torchinferno,long_output,599,185.14,26.93,1046.99,33,31.52,1
torchinferno,long_output,600,193.18,25.87,1046.94,34,32.48,1
torchinferno,long_output,601,205.15,27.15,1073.94,33,30.73,1
torchinferno,long_output,602,246.60,30.25,1123.86,30,26.69,1
torchinferno,long_output,603,212.06,29.98,1111.32,31,27.89,1
torchinferno,long_output,604,489.99,24.19,1239.93,32,25.81,1
torchinferno,long_output,605,439.06,26.27,1306.07,34,26.03,1
torchinferno,long_output,606,431.10,25.78,1307.49,35,26.77,1
torchinferno,long_output,607,371.59,25.70,1245.32,35,28.11,1
torchinferno,long_output,608,236.15,25.42,1125.98,36,31.97,1
torchinferno,long_output,609,375.60,26.14,1264.50,35,27.68,1
torchinferno,long_output,610,262.93,25.82,1166.77,36,30.85,1
torchinferno,long_output,611,238.26,25.20,1145.40,37,32.30,1
torchinferno,long_output,612,198.31,25.58,1119.31,37,33.06,1
torchinferno,long_output,613,194.52,25.00,1119.37,38,33.95,1
torchinferno,long_output,614,234.90,25.75,1162.04,37,31.84,1
torchinferno,long_output,615,203.12,25.37,1141.92,38,33.28,1
torchinferno,long_output,616,351.74,27.84,1326.07,36,27.15,1
torchinferno,long_output,617,324.03,21.53,1142.22,39,34.14,1
torchinferno,long_output,618,301.84,21.41,1136.66,40,35.19,1
torchinferno,long_output,619,323.69,20.94,1140.25,40,35.08,1
torchinferno,long_output,620,291.81,21.56,1132.74,40,35.31,1
torchinferno,long_output,621,301.91,22.38,1152.49,39,33.84,1
torchinferno,long_output,622,370.03,22.83,1214.75,38,31.28,1
torchinferno,long_output,623,332.87,22.65,1193.58,39,32.67,1
torchinferno,long_output,624,258.53,21.46,1116.91,41,36.71,1
torchinferno,long_output,625,254.29,21.75,1124.49,41,36.46,1
torchinferno,long_output,626,235.57,21.40,1112.98,42,37.74,1
torchinferno,long_output,627,236.18,21.37,1112.22,42,37.76,1
torchinferno,long_output,628,238.51,21.43,1117.32,42,37.59,1
torchinferno,long_output,629,158.84,20.76,1051.72,44,41.84,1
torchinferno,long_output,630,238.85,20.88,1115.81,43,38.54,1
torchinferno,long_output,631,276.00,22.03,1157.07,41,35.43,1
torchinferno,long_output,632,160.44,21.11,1068.31,44,41.19,1
torchinferno,long_output,633,231.86,21.38,1129.73,43,38.06,1
torchinferno,long_output,634,179.18,21.59,1085.83,43,39.60,1
torchinferno,long_output,635,407.30,25.99,1524.72,44,28.86,1
torchinferno,long_output,636,404.78,25.50,1526.82,45,29.47,1
torchinferno,long_output,637,409.30,25.46,1529.40,45,29.42,1
torchinferno,long_output,638,402.69,25.10,1532.34,46,30.02,1
torchinferno,long_output,639,400.37,25.19,1533.96,46,29.99,1
torchinferno,long_output,640,263.73,24.98,1412.70,47,33.27,1
torchinferno,long_output,641,254.74,25.12,1410.04,47,33.33,1
torchinferno,long_output,642,244.32,24.70,1405.32,48,34.16,1
torchinferno,long_output,643,260.51,25.47,1432.12,47,32.82,1
torchinferno,long_output,644,254.98,24.28,1420.61,49,34.49,1
torchinferno,long_output,645,270.71,26.05,1442.99,46,31.88,1
torchinferno,long_output,646,261.63,24.88,1430.90,48,33.55,1
torchinferno,long_output,647,238.97,24.49,1414.58,49,34.64,1
torchinferno,long_output,648,250.94,25.24,1437.35,48,33.39,1
torchinferno,long_output,649,210.57,24.47,1409.67,50,35.47,1
torchinferno,long_output,650,233.41,24.79,1423.15,49,34.43,1
torchinferno,long_output,651,223.02,24.37,1417.05,50,35.28,1
torchinferno,long_output,652,400.50,27.59,1614.44,45,27.87,1
torchinferno,long_output,653,312.87,17.46,452.55,9,19.89,1
torchinferno,long_output,654,304.29,19.02,456.42,9,19.72,1
torchinferno,long_output,655,307.50,19.86,466.41,9,19.30,1
torchinferno,long_output,656,288.11,18.17,451.65,10,22.14,1
torchinferno,long_output,657,309.14,25.06,1537.26,50,32.53,1
torchinferno,long_output,658,279.18,19.22,452.16,10,22.12,1
torchinferno,long_output,659,292.47,18.44,458.44,10,21.81,1
torchinferno,long_output,660,270.36,18.42,454.57,11,24.20,1
torchinferno,long_output,661,264.62,16.68,448.15,12,26.78,1
torchinferno,long_output,662,277.09,25.37,1545.62,51,33.00,1
torchinferno,long_output,663,302.17,25.28,1566.08,51,32.57,1
torchinferno,long_output,664,276.43,24.81,1541.61,52,33.73,1
torchinferno,long_output,665,283.30,20.22,485.52,11,22.66,1
torchinferno,long_output,666,274.46,22.34,497.89,11,22.09,1
torchinferno,long_output,667,261.49,24.44,1532.39,53,34.59,1
torchinferno,long_output,668,303.68,25.51,1579.11,51,32.30,1
torchinferno,long_output,669,269.59,21.11,501.82,12,23.91,1
torchinferno,long_output,670,271.60,21.46,507.64,12,23.64,1
torchinferno,long_output,671,242.35,24.63,1547.73,54,34.89,1
torchinferno,long_output,672,258.18,25.66,1566.90,52,33.19,1
torchinferno,long_output,673,211.46,24.23,1520.01,55,36.18,1
torchinferno,long_output,674,256.31,25.40,1577.12,53,33.61,1
torchinferno,long_output,675,226.15,25.15,1559.35,54,34.63,1
torchinferno,long_output,676,276.55,26.02,1603.77,52,32.42,1
torchinferno,long_output,677,253.35,25.53,1580.81,53,33.53,1
torchinferno,long_output,678,232.93,24.97,1581.32,55,34.78,1
torchinferno,long_output,679,240.04,25.85,1610.11,54,33.54,1
torchinferno,long_output,680,334.65,26.13,1771.82,56,31.61,1
torchinferno,long_output,681,303.99,25.61,1738.17,57,32.79,1
torchinferno,long_output,682,317.00,26.21,1758.73,56,31.84,1
torchinferno,long_output,683,286.73,25.88,1736.22,57,32.83,1
torchinferno,long_output,684,318.57,26.43,1771.97,56,31.60,1
torchinferno,long_output,685,288.48,25.44,1738.32,58,33.37,1
torchinferno,long_output,686,311.98,26.04,1770.20,57,32.20,1
torchinferno,long_output,687,258.38,25.38,1730.54,59,34.09,1
torchinferno,long_output,688,430.72,27.46,1913.81,55,28.74,1
torchinferno,long_output,689,261.00,25.46,1737.85,59,33.95,1
torchinferno,long_output,690,448.06,17.17,654.07,13,19.88,1
torchinferno,long_output,691,282.72,26.64,1801.23,58,32.20,1
torchinferno,long_output,692,269.86,26.73,1793.24,58,32.34,1
torchinferno,long_output,693,836.32,19.48,1070.04,13,12.15,1
torchinferno,long_output,694,459.17,21.62,1734.47,60,34.59,1
torchinferno,long_output,695,434.43,20.37,678.91,13,19.15,1
torchinferno,long_output,696,420.97,18.96,667.42,14,20.98,1
torchinferno,long_output,697,462.23,21.61,1736.96,60,34.54,1
torchinferno,long_output,698,386.26,17.10,642.80,16,24.89,1
torchinferno,long_output,699,395.36,16.57,643.93,16,24.85,1
torchinferno,long_output,700,436.84,21.59,1732.24,61,35.21,1
torchinferno,long_output,701,429.53,17.74,677.89,15,22.13,1
torchinferno,long_output,702,493.20,22.29,1785.84,59,33.04,1
torchinferno,long_output,703,449.60,22.06,1751.16,60,34.26,1
torchinferno,long_output,704,433.24,18.36,690.35,15,21.73,1
torchinferno,long_output,705,419.05,19.16,687.28,15,21.83,1
torchinferno,long_output,706,412.49,18.01,682.59,16,23.44,1
torchinferno,long_output,707,380.44,17.78,664.86,17,25.57,1
torchinferno,long_output,708,450.47,21.83,1760.23,61,34.65,1
torchinferno,long_output,709,414.15,21.67,1736.02,62,35.71,1
torchinferno,long_output,710,370.56,16.55,651.89,18,27.61,1
torchinferno,long_output,711,443.02,22.04,1765.37,61,34.55,1
torchinferno,long_output,712,437.56,21.57,1753.39,62,35.36,1
torchinferno,long_output,713,347.42,16.33,641.37,19,29.62,1
torchinferno,long_output,714,368.44,17.51,666.11,18,27.02,1
torchinferno,long_output,715,402.42,21.06,1729.23,64,37.01,1
torchinferno,long_output,716,401.31,21.16,1734.62,64,36.90,1
torchinferno,long_output,717,319.88,16.36,630.77,20,31.71,1
torchinferno,long_output,718,441.65,23.06,741.37,14,18.88,1
torchinferno,long_output,719,431.63,21.97,1771.60,62,35.00,1
torchinferno,long_output,720,338.97,16.20,646.68,20,30.93,1
torchinferno,long_output,721,409.30,21.89,1766.18,63,35.67,1
torchinferno,long_output,722,409.66,21.88,1765.93,63,35.68,1
torchinferno,long_output,723,396.78,21.08,1745.77,65,37.23,1
torchinferno,long_output,724,386.07,20.29,710.67,17,23.92,1
torchinferno,long_output,725,353.98,17.95,677.04,19,28.06,1
torchinferno,long_output,726,336.38,15.97,655.73,21,32.03,1
torchinferno,long_output,727,310.32,16.43,638.97,21,32.87,1
torchinferno,long_output,728,375.40,21.56,1755.34,65,37.03,1
torchinferno,long_output,729,358.66,20.17,701.53,18,25.66,1
torchinferno,long_output,730,313.65,17.78,669.22,21,31.38,1
torchinferno,long_output,731,390.52,22.14,1785.06,64,35.85,1
torchinferno,long_output,732,343.40,19.86,700.96,19,27.11,1
torchinferno,long_output,733,370.24,22.62,732.11,17,23.22,1
torchinferno,long_output,734,411.06,22.46,1803.58,63,34.93,1
torchinferno,long_output,735,340.79,19.41,709.55,20,28.19,1
torchinferno,long_output,736,390.60,22.02,1799.57,65,36.12,1
torchinferno,long_output,737,867.87,32.68,1292.66,14,10.83,1
torchinferno,long_output,738,347.19,23.41,1869.07,66,35.31,1
torchinferno,long_output,739,335.79,23.55,1866.24,66,35.37,1
torchinferno,long_output,740,345.67,23.93,1901.28,66,34.71,1
torchinferno,long_output,741,326.60,23.70,1890.95,67,35.43,1
torchinferno,long_output,742,728.03,26.39,1282.29,22,17.16,1
torchinferno,long_output,743,298.67,26.70,859.32,22,25.60,1
torchinferno,long_output,744,300.40,27.03,868.08,22,25.34,1
torchinferno,long_output,745,285.66,26.24,862.92,23,26.65,1
torchinferno,long_output,746,286.06,26.21,862.63,23,26.66,1
torchinferno,long_output,747,286.39,26.21,863.08,23,26.65,1
torchinferno,long_output,748,272.75,25.96,869.86,24,27.59,1
torchinferno,long_output,749,234.04,25.53,846.78,25,29.52,1
torchinferno,long_output,750,255.17,26.10,881.57,25,28.36,1
torchinferno,long_output,751,259.39,27.78,898.32,24,26.72,1
torchinferno,long_output,752,549.44,16.27,923.56,24,25.99,1
torchinferno,long_output,753,484.56,15.69,876.78,26,29.65,1
torchinferno,long_output,754,179.67,23.91,849.26,29,34.15,1
torchinferno,long_output,755,192.56,25.02,868.07,28,32.26,1
torchinferno,long_output,756,261.63,28.19,938.09,25,26.65,1
torchinferno,long_output,757,483.86,15.43,884.95,27,30.51,1
torchinferno,long_output,758,176.45,24.70,868.10,29,33.41,1
torchinferno,long_output,759,494.58,16.73,912.86,26,28.48,1
torchinferno,long_output,760,488.96,16.91,911.59,26,28.52,1
torchinferno,long_output,761,484.95,16.02,901.55,27,29.95,1
torchinferno,long_output,762,464.58,15.86,892.92,28,31.36,1
torchinferno,long_output,763,487.34,16.23,909.34,27,29.69,1
torchinferno,long_output,764,458.23,15.81,900.86,29,32.19,1
torchinferno,long_output,765,460.28,17.19,924.33,28,30.29,1
torchinferno,long_output,766,456.74,18.15,983.07,30,30.52,1
torchinferno,long_output,767,441.30,18.86,988.14,30,30.36,1
torchinferno,long_output,768,443.66,18.68,985.39,30,30.44,1
torchinferno,long_output,769,141.26,25.20,972.74,34,34.95,1
torchinferno,long_output,770,434.26,18.18,997.89,32,32.07,1
torchinferno,long_output,771,450.54,18.55,1007.08,31,30.78,1
torchinferno,long_output,772,449.72,18.59,1007.32,31,30.77,1
torchinferno,long_output,773,441.79,18.15,1004.43,32,31.86,1
torchinferno,long_output,774,424.63,18.84,1008.72,32,31.72,1
torchinferno,long_output,775,430.17,19.69,1020.98,31,30.36,1
torchinferno,long_output,776,418.36,22.04,1123.65,33,29.37,1
torchinferno,long_output,777,422.47,22.43,1140.31,33,28.94,1
torchinferno,long_output,778,415.32,22.63,1139.56,33,28.96,1
torchinferno,long_output,779,424.50,21.10,1141.87,35,30.65,1
torchinferno,long_output,780,400.52,21.57,1133.78,35,30.87,1
torchinferno,long_output,781,417.31,22.15,1148.27,34,29.61,1
torchinferno,long_output,782,419.57,22.57,1164.29,34,29.20,1
torchinferno,long_output,783,401.87,21.34,1148.82,36,31.34,1
torchinferno,long_output,784,414.00,21.99,1161.77,35,30.13,1
torchinferno,long_output,785,397.07,20.87,1148.40,37,32.22,1
torchinferno,long_output,786,389.67,22.30,1170.18,36,30.76,1
torchinferno,long_output,787,379.33,21.17,1162.51,38,32.69,1
torchinferno,long_output,788,379.86,21.08,1159.74,38,32.77,1
torchinferno,long_output,789,382.47,22.16,1180.09,37,31.35,1
torchinferno,long_output,790,370.21,21.49,1165.45,38,32.61,1
torchinferno,long_output,791,387.95,22.21,1187.61,37,31.16,1
torchinferno,long_output,792,358.85,21.15,1162.37,39,33.55,1
torchinferno,long_output,793,362.55,21.30,1171.84,39,33.28,1
torchinferno,long_output,794,377.57,21.07,1178.13,39,33.10,1
torchinferno,long_output,795,361.06,20.85,1174.34,40,34.06,1
torchinferno,long_output,796,409.04,22.96,1212.69,36,29.69,1
torchinferno,long_output,797,346.36,21.22,1173.81,40,34.08,1
torchinferno,long_output,798,356.59,21.34,1188.87,40,33.65,1
torchinferno,long_output,799,340.42,20.91,1176.91,41,34.84,1
torchinferno,long_output,800,921.09,23.58,2477.21,67,27.05,1
torchinferno,long_output,801,308.80,25.11,1313.17,41,31.22,1
torchinferno,long_output,802,390.30,25.17,1397.10,41,29.35,1
torchinferno,long_output,803,312.13,25.32,1350.38,42,31.10,1
torchinferno,long_output,804,237.14,24.24,1279.26,44,34.39,1
torchinferno,long_output,805,231.50,24.54,1286.58,44,34.20,1
torchinferno,long_output,806,234.71,24.65,1294.79,44,33.98,1
torchinferno,long_output,807,218.48,24.19,1282.97,45,35.07,1
torchinferno,long_output,808,275.74,26.17,1348.68,42,31.14,1
torchinferno,long_output,809,247.01,25.72,1327.21,43,32.40,1
torchinferno,long_output,810,188.26,24.74,1276.61,45,35.25,1
torchinferno,long_output,811,288.53,26.60,1379.13,42,30.45,1
torchinferno,long_output,812,174.45,24.20,1263.47,46,36.41,1
torchinferno,long_output,813,351.26,21.33,1289.69,45,34.89,1
torchinferno,long_output,814,267.81,26.30,1372.22,43,31.34,1
torchinferno,long_output,815,243.95,26.55,1359.21,43,31.64,1
torchinferno,long_output,816,333.64,21.59,1304.98,46,35.25,1
torchinferno,long_output,817,303.57,21.26,1281.67,47,36.67,1
torchinferno,long_output,818,315.84,21.40,1300.19,47,36.15,1
torchinferno,long_output,819,315.82,22.04,1307.44,46,35.18,1
torchinferno,long_output,820,285.96,21.41,1292.31,48,37.14,1
torchinferno,long_output,821,282.14,20.79,1280.26,49,38.27,1
torchinferno,long_output,822,303.11,21.17,1297.96,48,36.98,1
torchinferno,long_output,823,277.68,21.11,1290.92,49,37.96,1
torchinferno,long_output,824,286.78,21.61,1302.44,48,36.85,1
torchinferno,long_output,825,275.48,20.75,1292.19,50,38.69,1
torchinferno,long_output,826,299.54,22.37,1328.62,47,35.38,1
torchinferno,long_output,827,244.42,21.03,1275.00,50,39.22,1
torchinferno,long_output,828,292.02,21.59,1328.56,49,36.88,1
torchinferno,long_output,829,263.86,21.30,1307.76,50,38.23,1
torchinferno,long_output,830,170.63,20.81,1210.98,51,42.11,1
torchinferno,long_output,831,181.88,21.00,1231.78,51,41.40,1
torchinferno,long_output,832,162.68,21.43,1234.13,51,41.32,1
torchinferno,long_output,833,347.54,25.28,1662.04,53,31.89,1
torchinferno,long_output,834,364.55,25.95,1688.17,52,30.80,1
torchinferno,long_output,835,347.08,26.24,1685.11,52,30.86,1
torchinferno,long_output,836,335.55,25.84,1679.18,53,31.56,1
torchinferno,long_output,837,340.08,25.96,1690.12,53,31.36,1
torchinferno,long_output,838,359.21,26.28,1699.35,52,30.60,1
torchinferno,long_output,839,336.18,25.46,1685.31,54,32.04,1
torchinferno,long_output,840,231.84,47.58,612.45,9,14.69,1
torchinferno,long_output,841,212.50,48.16,597.75,9,15.06,1
torchinferno,long_output,842,184.08,25.55,1563.66,55,35.17,1
torchinferno,long_output,843,221.33,26.07,1603.29,54,33.68,1
torchinferno,long_output,844,183.87,25.23,1571.70,56,35.63,1
torchinferno,long_output,845,205.04,25.70,1593.10,55,34.52,1
torchinferno,long_output,846,202.29,26.35,1599.03,54,33.77,1
torchinferno,long_output,847,480.38,19.41,635.64,9,14.16,1
torchinferno,long_output,848,454.82,15.74,612.21,11,17.97,1
torchinferno,long_output,849,455.94,15.75,613.47,11,17.93,1
torchinferno,long_output,850,420.07,16.13,597.51,12,20.08,1
torchinferno,long_output,851,392.74,20.88,1561.99,57,36.49,1
torchinferno,long_output,852,422.53,21.31,1594.55,56,35.12,1
torchinferno,long_output,853,452.39,21.51,1613.69,55,34.08,1
torchinferno,long_output,854,417.75,20.85,1585.37,57,35.95,1
torchinferno,long_output,855,422.81,20.87,1591.77,57,35.81,1
torchinferno,long_output,856,388.19,20.61,1562.98,58,37.11,1
torchinferno,long_output,857,431.54,21.45,1611.16,56,34.76,1
torchinferno,long_output,858,434.39,18.43,637.12,12,18.83,1
torchinferno,long_output,859,397.14,20.28,1573.67,59,37.49,1
torchinferno,long_output,860,414.39,17.11,619.76,13,20.98,1
torchinferno,long_output,861,396.45,15.46,597.43,14,23.43,1
torchinferno,long_output,862,445.69,21.06,656.31,11,16.76,1
torchinferno,long_output,863,375.13,20.76,1579.32,59,37.36,1
torchinferno,long_output,864,399.73,16.97,620.29,14,22.57,1
torchinferno,long_output,865,464.54,24.01,680.59,10,14.69,1
torchinferno,long_output,866,459.44,25.42,688.20,10,14.53,1
torchinferno,long_output,867,370.57,20.52,1581.00,60,37.95,1
torchinferno,long_output,868,457.69,25.23,684.75,10,14.60,1
torchinferno,long_output,869,353.54,20.29,1570.89,61,38.83,1
torchinferno,long_output,870,359.60,20.71,1581.78,60,37.93,1
torchinferno,long_output,871,400.28,21.34,1616.63,58,35.88,1
torchinferno,long_output,872,434.59,21.93,675.78,12,17.76,1
torchinferno,long_output,873,419.21,19.79,656.64,13,19.80,1
torchinferno,long_output,874,388.12,21.66,1622.66,58,35.74,1
torchinferno,long_output,875,380.47,21.24,1612.52,59,36.59,1
torchinferno,long_output,876,364.70,21.00,1603.77,60,37.41,1
torchinferno,long_output,877,345.76,20.65,1585.06,61,38.48,1
torchinferno,long_output,878,368.70,20.72,1612.12,61,37.84,1
torchinferno,long_output,879,346.84,20.46,1595.08,62,38.87,1
torchinferno,long_output,880,419.85,22.02,684.09,13,19.00,1
torchinferno,long_output,881,340.84,20.66,1600.87,62,38.73,1
torchinferno,long_output,882,348.75,26.44,692.45,14,20.22,1
torchinferno,long_output,883,343.76,26.31,712.17,15,21.06,1
torchinferno,long_output,884,326.20,26.62,698.87,15,21.46,1
torchinferno,long_output,885,293.77,23.24,665.59,17,25.54,1
torchinferno,long_output,886,321.80,25.08,698.06,16,22.92,1
torchinferno,long_output,887,326.85,25.12,703.59,16,22.74,1
torchinferno,long_output,888,323.75,25.62,708.11,16,22.60,1
torchinferno,long_output,889,333.51,27.74,721.93,15,20.78,1
torchinferno,long_output,890,301.25,24.29,689.92,17,24.64,1
torchinferno,long_output,891,265.46,22.62,672.53,19,28.25,1
torchinferno,long_output,892,293.46,26.21,712.76,17,23.85,1
torchinferno,long_output,893,281.40,24.42,696.57,18,25.84,1
torchinferno,long_output,894,273.92,24.83,696.10,18,25.86,1
torchinferno,long_output,895,453.98,14.93,707.85,18,25.43,1
torchinferno,long_output,896,238.20,21.92,676.51,21,31.04,1
torchinferno,long_output,897,418.88,15.68,716.87,20,27.90,1
torchinferno,long_output,898,270.29,26.08,739.73,19,25.68,1
torchinferno,long_output,899,416.63,15.93,719.33,20,27.80,1
torchinferno,long_output,900,428.34,17.11,736.29,19,25.80,1
torchinferno,long_output,901,225.30,21.54,699.28,23,32.89,1
torchinferno,long_output,902,427.43,16.09,733.23,20,27.28,1
torchinferno,long_output,903,394.01,15.46,718.77,22,30.61,1
torchinferno,long_output,904,415.32,16.08,736.86,21,28.50,1
torchinferno,long_output,905,407.73,16.03,744.46,22,29.55,1
torchinferno,long_output,906,388.30,15.93,738.86,23,31.13,1
torchinferno,long_output,907,396.10,14.93,739.46,24,32.46,1
torchinferno,long_output,908,384.92,15.07,731.57,24,32.81,1
torchinferno,long_output,909,368.64,15.92,750.83,25,33.30,1
torchinferno,long_output,910,185.17,21.30,738.95,27,36.54,1
torchinferno,long_output,911,359.24,15.57,748.45,26,34.74,1
torchinferno,long_output,912,388.73,16.55,769.27,24,31.20,1
torchinferno,long_output,913,362.81,16.66,762.75,25,32.78,1
torchinferno,long_output,914,414.33,19.68,807.91,21,25.99,1
torchinferno,long_output,915,374.16,16.63,773.35,25,32.33,1
torchinferno,long_output,916,397.52,19.68,810.71,22,27.14,1
torchinferno,long_output,917,394.88,18.34,798.34,23,28.81,1
torchinferno,long_output,918,377.27,16.26,783.82,26,33.17,1
torchinferno,long_output,919,375.08,16.35,783.76,26,33.17,1
torchinferno,long_output,920,349.17,18.17,821.47,27,32.87,1
torchinferno,long_output,921,347.99,18.47,828.26,27,32.60,1
torchinferno,long_output,922,338.48,18.01,842.71,29,34.41,1
torchinferno,long_output,923,332.09,18.14,840.04,29,34.52,1
torchinferno,long_output,924,338.58,17.64,832.56,29,34.83,1
torchinferno,long_output,925,361.49,18.50,861.11,28,32.52,1
torchinferno,long_output,926,345.87,18.98,858.32,28,32.62,1
torchinferno,long_output,927,335.59,19.41,859.71,28,32.57,1
torchinferno,long_output,928,306.27,22.23,950.94,30,31.55,1
torchinferno,long_output,929,314.17,22.67,971.65,30,30.88,1
torchinferno,long_output,930,328.85,22.20,972.55,30,30.85,1
torchinferno,long_output,931,378.37,25.61,1940.36,62,31.95,1
torchinferno,long_output,932,354.68,25.62,1942.93,63,32.43,1
torchinferno,long_output,933,297.90,25.45,1901.44,64,33.66,1
torchinferno,long_output,934,329.49,25.85,1932.49,63,32.60,1
torchinferno,long_output,935,329.28,25.99,1940.69,63,32.46,1
torchinferno,long_output,936,282.89,25.38,1906.96,65,34.09,1
torchinferno,long_output,937,325.05,25.62,1939.37,64,33.00,1
torchinferno,long_output,938,308.79,25.80,1934.07,64,33.09,1
torchinferno,long_output,939,291.57,25.61,1930.82,65,33.66,1
torchinferno,long_output,940,267.74,25.23,1907.71,66,34.60,1
torchinferno,long_output,941,295.65,25.74,1942.92,65,33.45,1
torchinferno,long_output,942,275.32,25.69,1945.36,66,33.93,1
torchinferno,long_output,943,285.73,25.62,1951.29,66,33.82,1
torchinferno,long_output,944,518.49,21.61,1944.61,67,34.45,1
torchinferno,long_output,945,521.72,21.77,1958.82,67,34.20,1
torchinferno,long_output,946,272.75,22.30,941.78,31,32.92,1
torchinferno,long_output,947,271.03,22.98,960.44,31,32.28,1
torchinferno,long_output,948,276.07,22.00,958.18,32,33.40,1
torchinferno,long_output,949,297.56,23.19,993.24,31,31.21,1
torchinferno,long_output,950,263.17,22.30,954.33,32,33.53,1
torchinferno,long_output,951,217.30,21.08,934.09,35,37.47,1
torchinferno,long_output,952,253.63,22.32,968.02,33,34.09,1
torchinferno,long_output,953,230.70,21.91,953.90,34,35.64,1
torchinferno,long_output,954,201.47,21.31,926.02,35,37.80,1
torchinferno,long_output,955,254.11,22.69,980.04,33,33.67,1
torchinferno,long_output,956,218.17,21.42,946.42,35,36.98,1
torchinferno,long_output,957,439.24,17.78,990.53,32,32.31,1
torchinferno,long_output,958,146.25,20.50,904.87,38,41.99,1
torchinferno,long_output,959,403.07,17.48,979.85,34,34.70,1
torchinferno,long_output,960,436.36,18.28,1021.16,33,32.32,1
torchinferno,long_output,961,401.41,17.88,991.55,34,34.29,1
torchinferno,long_output,962,342.17,17.50,954.54,36,37.71,1
torchinferno,long_output,963,329.29,17.45,957.33,37,38.65,1
torchinferno,long_output,964,347.93,17.77,970.05,36,37.11,1
torchinferno,long_output,965,316.32,16.54,928.18,38,40.94,1
torchinferno,long_output,966,349.64,18.02,980.47,36,36.72,1
torchinferno,long_output,967,348.54,17.22,968.43,37,38.21,1
torchinferno,long_output,968,328.62,17.59,961.82,37,38.47,1
torchinferno,long_output,969,328.22,16.78,949.07,38,40.04,1
torchinferno,long_output,970,297.07,16.96,941.56,39,41.42,1
torchinferno,long_output,971,264.95,16.87,922.85,40,43.34,1
torchinferno,long_output,972,290.97,17.48,955.20,39,40.83,1
torchinferno,long_output,973,239.25,16.67,906.02,41,45.25,1
torchinferno,long_output,974,254.76,16.60,918.87,41,44.62,1
torchinferno,long_output,975,289.43,17.44,952.30,39,40.95,1
torchinferno,long_output,976,253.26,16.59,916.84,41,44.72,1
torchinferno,long_output,977,274.11,16.90,933.08,40,42.87,1
torchinferno,long_output,978,260.62,16.96,922.23,40,43.37,1
torchinferno,long_output,979,250.34,16.54,928.55,42,45.23,1
torchinferno,long_output,980,233.98,16.97,929.88,42,45.17,1
torchinferno,long_output,981,168.26,16.74,871.42,43,49.34,1
torchinferno,long_output,982,172.23,16.17,867.54,44,50.72,1
torchinferno,long_output,983,224.54,16.65,923.89,43,46.54,1
torchinferno,long_output,984,246.89,16.73,932.79,42,45.03,1
torchinferno,long_output,985,237.60,16.32,923.06,43,46.58,1
torchinferno,long_output,986,454.64,12.81,1005.63,44,43.75,1
torchinferno,long_output,987,456.21,12.78,1005.76,44,43.75,1
torchinferno,long_output,988,233.94,12.80,822.76,47,57.12,1
torchinferno,long_output,989,443.35,13.34,1030.20,45,43.68,1
torchinferno,long_output,990,314.32,13.04,901.26,46,51.04,1
torchinferno,long_output,991,447.57,13.40,1037.18,45,43.39,1
torchinferno,long_output,992,304.86,12.73,890.32,47,52.79,1
torchinferno,long_output,993,437.22,13.52,1032.16,45,43.60,1
torchinferno,long_output,994,443.85,13.02,1029.69,46,44.67,1
torchinferno,long_output,995,303.95,13.16,896.11,46,51.33,1
torchinferno,long_output,996,212.99,13.03,812.26,47,57.86,1
torchinferno,long_output,997,203.40,21.20,1199.58,48,40.01,1
torchinferno,long_output,998,186.24,21.26,1185.44,48,40.49,1
torchinferno,long_output,999,193.34,21.19,1189.24,48,40.36,1
vllm,few_shot,0,170.21,0.00,170.40,1,5.87,1
vllm,few_shot,1,180.00,0.00,183.34,1,5.45,1
vllm,few_shot,2,180.51,0.00,182.17,1,5.49,1
vllm,few_shot,3,179.60,0.00,181.60,1,5.51,1
vllm,few_shot,4,172.05,0.00,178.96,1,5.59,1
vllm,few_shot,5,176.03,0.00,185.02,1,5.40,1
vllm,few_shot,6,195.26,0.00,216.28,1,4.62,1
vllm,few_shot,7,201.85,0.00,222.64,1,4.49,1
vllm,few_shot,8,200.97,0.00,228.82,1,4.37,1
vllm,few_shot,9,200.16,0.00,228.40,1,4.38,1
vllm,few_shot,10,203.69,0.00,232.52,1,4.30,1
vllm,few_shot,11,194.24,0.00,230.52,1,4.34,1
vllm,few_shot,12,221.76,0.00,229.65,1,4.35,1
vllm,few_shot,13,189.74,44.84,234.57,2,8.53,1
vllm,few_shot,14,203.62,46.94,250.56,2,7.98,1
vllm,few_shot,15,194.89,47.73,242.62,2,8.24,1
vllm,few_shot,16,199.00,0.00,227.36,1,4.40,1
vllm,few_shot,17,201.95,47.89,249.84,2,8.01,1
vllm,few_shot,18,218.34,0.00,235.00,1,4.26,1
vllm,few_shot,19,229.39,0.00,245.79,1,4.07,1
vllm,few_shot,20,202.35,54.66,257.01,2,7.78,1
vllm,few_shot,21,227.64,43.63,271.27,2,7.37,1
vllm,few_shot,22,211.20,0.00,251.54,1,3.98,1
vllm,few_shot,23,201.47,0.00,240.78,1,4.15,1
vllm,few_shot,24,204.59,0.00,246.00,1,4.07,1
vllm,few_shot,25,209.17,66.98,276.15,2,7.24,1
vllm,few_shot,26,207.91,0.00,255.63,1,3.91,1
vllm,few_shot,27,194.84,72.49,267.32,2,7.48,1
vllm,few_shot,28,202.15,0.00,249.15,1,4.01,1
vllm,few_shot,29,214.30,64.48,278.78,2,7.17,1
vllm,few_shot,30,199.70,56.27,255.98,2,7.81,1
vllm,few_shot,31,202.36,80.63,282.99,2,7.07,1
vllm,few_shot,32,214.26,72.85,287.11,2,6.97,1
vllm,few_shot,33,204.43,0.00,256.48,1,3.90,1
vllm,few_shot,34,237.90,0.00,256.93,1,3.89,1
vllm,few_shot,35,210.32,0.00,247.36,1,4.04,1
vllm,few_shot,36,224.87,0.00,254.67,1,3.93,1
vllm,few_shot,37,227.60,0.00,260.52,1,3.84,1
vllm,few_shot,38,208.04,66.35,274.38,2,7.29,1
vllm,few_shot,39,242.11,0.00,242.39,1,4.13,1
vllm,few_shot,40,208.01,77.27,285.28,2,7.01,1
vllm,few_shot,41,211.13,0.00,258.04,1,3.88,1
vllm,few_shot,42,133.18,0.00,146.84,1,6.81,1
vllm,few_shot,43,142.34,0.00,157.88,1,6.33,1
vllm,few_shot,44,210.99,45.18,256.17,2,7.81,1
vllm,few_shot,45,228.84,0.00,262.03,1,3.82,1
vllm,few_shot,46,205.72,51.33,257.05,2,7.78,1
vllm,few_shot,47,237.95,0.00,256.86,1,3.89,1
vllm,few_shot,48,250.66,0.38,251.04,2,7.97,1
vllm,few_shot,49,229.25,0.00,274.12,1,3.65,1
vllm,few_shot,50,128.37,0.00,164.62,1,6.07,1
vllm,few_shot,51,235.02,0.00,257.71,1,3.88,1
vllm,few_shot,52,236.45,0.00,254.22,1,3.93,1
vllm,few_shot,53,222.07,41.93,263.99,2,7.58,1
vllm,few_shot,54,237.53,0.00,259.90,1,3.85,1
vllm,few_shot,55,205.40,64.70,270.09,2,7.40,1
vllm,few_shot,56,225.66,60.95,286.61,2,6.98,1
vllm,few_shot,57,218.63,57.19,275.82,2,7.25,1
vllm,few_shot,58,244.29,38.32,282.61,2,7.08,1
vllm,few_shot,59,110.38,0.00,110.62,1,9.04,1
vllm,few_shot,60,208.16,95.12,303.28,2,6.59,1
vllm,few_shot,61,157.93,0.00,180.49,1,5.54,1
vllm,few_shot,62,219.85,70.10,289.95,2,6.90,1
vllm,few_shot,63,124.77,0.00,124.99,1,8.00,1
vllm,few_shot,64,116.42,0.00,170.99,1,5.85,1
vllm,few_shot,65,84.82,37.68,122.50,2,16.33,1
vllm,few_shot,66,245.34,0.00,299.74,1,3.34,1
vllm,few_shot,67,140.17,0.00,194.27,1,5.15,1
vllm,few_shot,68,115.80,18.79,134.59,2,14.86,1
vllm,few_shot,69,229.44,55.76,285.20,2,7.01,1
vllm,few_shot,70,229.51,49.53,279.04,2,7.17,1
vllm,few_shot,71,230.25,85.45,315.70,2,6.34,1
vllm,few_shot,72,223.49,57.21,280.70,2,7.13,1
vllm,few_shot,73,89.52,0.00,111.78,1,8.95,1
vllm,few_shot,74,118.78,0.00,139.56,1,7.17,1
vllm,few_shot,75,120.77,0.00,125.44,1,7.97,1
vllm,few_shot,76,124.25,1.88,126.13,2,15.86,1
vllm,few_shot,77,84.72,41.86,126.57,2,15.80,1
vllm,few_shot,78,123.33,19.03,142.37,2,14.05,1
vllm,few_shot,79,261.47,34.98,296.45,2,6.75,1
vllm,few_shot,80,96.59,35.41,132.00,2,15.15,1
vllm,few_shot,81,75.00,38.33,113.34,2,17.65,1
vllm,few_shot,82,98.78,0.00,119.05,1,8.40,1
vllm,few_shot,83,86.92,0.00,124.28,1,8.05,1
vllm,few_shot,84,97.81,25.81,123.62,2,16.18,1
vllm,few_shot,85,103.26,0.00,117.94,1,8.48,1
vllm,few_shot,86,123.56,0.00,144.54,1,6.92,1
vllm,few_shot,87,112.41,0.00,136.08,1,7.35,1
vllm,few_shot,88,141.36,0.00,151.09,1,6.62,1
vllm,few_shot,89,126.64,0.00,138.65,1,7.21,1
vllm,few_shot,90,104.81,0.00,122.24,1,8.18,1
vllm,few_shot,91,133.93,0.00,150.04,1,6.67,1
vllm,few_shot,92,145.95,0.00,164.53,1,6.08,1
vllm,few_shot,93,114.33,0.00,135.44,1,7.38,1
vllm,few_shot,94,122.17,0.00,140.75,1,7.10,1
vllm,few_shot,95,80.29,33.35,113.64,2,17.60,1
vllm,few_shot,96,115.94,0.00,138.63,1,7.21,1
vllm,few_shot,97,148.76,0.00,171.34,1,5.84,1
vllm,few_shot,98,129.22,0.00,153.75,1,6.50,1
vllm,few_shot,99,145.82,0.00,171.52,1,5.83,1
vllm,few_shot,100,124.57,0.00,153.33,1,6.52,1
vllm,few_shot,101,101.26,0.00,128.22,1,7.80,1
vllm,few_shot,102,128.39,0.00,158.43,1,6.31,1
vllm,few_shot,103,171.76,0.00,202.17,1,4.95,1
vllm,few_shot,104,133.00,0.00,162.49,1,6.15,1
vllm,few_shot,105,136.24,47.95,184.19,2,10.86,1
vllm,few_shot,106,145.04,0.00,178.62,1,5.60,1
vllm,few_shot,107,125.91,53.61,179.52,2,11.14,1
vllm,few_shot,108,148.98,0.00,178.16,1,5.61,1
vllm,few_shot,109,144.50,0.00,171.54,1,5.83,1
vllm,few_shot,110,166.39,0.00,203.09,1,4.92,1
vllm,few_shot,111,172.26,0.00,212.68,1,4.70,1
vllm,few_shot,112,133.23,0.00,160.01,1,6.25,1
vllm,few_shot,113,150.91,0.00,168.46,1,5.94,1
vllm,few_shot,114,177.90,55.52,233.41,2,8.57,1
vllm,few_shot,115,153.76,0.00,178.64,1,5.60,1
vllm,few_shot,116,148.42,60.23,208.65,2,9.59,1
vllm,few_shot,117,125.42,0.00,159.45,1,6.27,1
vllm,few_shot,118,185.77,61.89,247.66,2,8.08,1
vllm,few_shot,119,174.72,67.03,241.74,2,8.27,1
vllm,few_shot,120,126.50,66.80,193.29,2,10.35,1
vllm,few_shot,121,201.47,0.00,243.25,1,4.11,1
vllm,few_shot,122,144.25,64.61,208.86,2,9.58,1
vllm,few_shot,123,159.66,47.06,206.72,2,9.67,1
vllm,few_shot,124,184.71,0.00,217.74,1,4.59,1
vllm,few_shot,125,87.65,0.00,107.86,1,9.27,1
vllm,few_shot,126,169.23,0.00,194.21,1,5.15,1
vllm,few_shot,127,194.11,53.46,247.57,2,8.08,1
vllm,few_shot,128,138.97,0.00,192.48,1,5.20,1
vllm,few_shot,129,159.18,0.00,205.86,1,4.86,1
vllm,few_shot,130,244.39,0.33,244.72,2,8.17,1
vllm,few_shot,131,163.37,0.00,212.50,1,4.71,1
vllm,few_shot,132,175.64,53.62,229.27,2,8.72,1
vllm,few_shot,133,74.72,0.00,83.62,1,11.96,1
vllm,few_shot,134,169.09,15.32,184.42,2,10.85,1
vllm,few_shot,135,153.81,22.53,176.34,2,11.34,1
vllm,few_shot,136,187.77,64.97,252.75,2,7.91,1
vllm,few_shot,137,141.50,88.71,230.21,2,8.69,1
vllm,few_shot,138,133.59,62.37,195.95,2,10.21,1
vllm,few_shot,139,187.02,32.79,219.81,2,9.10,1
vllm,few_shot,140,93.92,0.00,132.13,1,7.57,1
vllm,few_shot,141,103.73,28.68,132.41,2,15.10,1
vllm,few_shot,142,151.60,66.78,218.38,2,9.16,1
vllm,few_shot,143,89.24,0.00,115.81,1,8.63,1
vllm,few_shot,144,87.94,0.00,130.29,1,7.68,1
vllm,few_shot,145,97.26,0.41,97.67,2,20.48,1
vllm,few_shot,146,84.11,0.00,104.31,1,9.59,1
vllm,few_shot,147,146.25,74.32,220.57,2,9.07,1
vllm,few_shot,148,164.75,75.30,240.04,2,8.33,1
vllm,few_shot,149,163.02,0.00,197.83,1,5.05,1
vllm,few_shot,150,141.77,25.36,192.48,3,15.59,0
vllm,few_shot,151,159.17,48.47,207.65,2,9.63,1
vllm,few_shot,152,100.12,0.00,110.10,1,9.08,1
vllm,few_shot,153,109.25,56.27,165.51,2,12.08,1
vllm,few_shot,154,137.00,0.00,227.71,1,4.39,1
vllm,few_shot,155,100.45,0.00,110.42,1,9.06,1
vllm,few_shot,156,110.06,0.00,110.34,1,9.06,1
vllm,few_shot,157,87.57,0.00,92.38,1,10.82,1
vllm,few_shot,158,105.95,66.50,172.45,2,11.60,1
vllm,few_shot,159,130.42,65.08,195.49,2,10.23,1
vllm,few_shot,160,130.71,100.06,230.77,2,8.67,1
vllm,few_shot,161,157.46,0.00,200.47,1,4.99,1
vllm,few_shot,162,149.22,10.13,159.35,2,12.55,1
vllm,few_shot,163,86.83,0.00,145.97,1,6.85,1
vllm,few_shot,164,114.11,5.18,119.29,2,16.77,1
vllm,few_shot,165,105.19,63.45,168.64,2,11.86,1
vllm,few_shot,166,138.01,103.08,241.08,2,8.30,1
vllm,few_shot,167,87.53,8.66,96.20,2,20.79,1
vllm,few_shot,168,187.98,101.35,289.34,2,6.91,1
vllm,few_shot,169,82.74,53.05,135.79,2,14.73,1
vllm,few_shot,170,99.23,0.00,102.33,1,9.77,1
vllm,few_shot,171,97.88,0.00,106.53,1,9.39,1
vllm,few_shot,172,77.29,25.21,102.50,2,19.51,1
vllm,few_shot,173,101.03,2.16,103.19,2,19.38,1
vllm,few_shot,174,73.07,34.02,107.09,2,18.68,1
vllm,few_shot,175,93.07,27.09,120.15,2,16.65,1
vllm,few_shot,176,95.97,0.00,107.27,1,9.32,1
vllm,few_shot,177,103.00,0.00,113.35,1,8.82,1
vllm,few_shot,178,106.35,0.00,129.10,1,7.75,1
vllm,few_shot,179,128.10,0.00,142.20,1,7.03,1
vllm,few_shot,180,119.24,0.00,133.65,1,7.48,1
vllm,few_shot,181,99.47,0.00,113.51,1,8.81,1
vllm,few_shot,182,99.12,0.00,117.70,1,8.50,1
vllm,few_shot,183,133.64,0.00,154.03,1,6.49,1
vllm,few_shot,184,98.25,0.00,120.94,1,8.27,1
vllm,few_shot,185,152.75,0.00,169.12,1,5.91,1
vllm,few_shot,186,113.06,0.00,130.11,1,7.69,1
vllm,few_shot,187,117.15,0.00,134.22,1,7.45,1
vllm,few_shot,188,142.18,0.00,158.98,1,6.29,1
vllm,few_shot,189,107.10,0.00,124.42,1,8.04,1
vllm,few_shot,190,144.77,0.00,160.23,1,6.24,1
vllm,few_shot,191,131.84,0.00,153.60,1,6.51,1
vllm,few_shot,192,141.29,38.46,179.75,2,11.13,1
vllm,few_shot,193,174.90,40.69,215.60,2,9.28,1
vllm,few_shot,194,148.80,47.70,196.50,2,10.18,1
vllm,few_shot,195,148.61,0.00,185.41,1,5.39,1
vllm,few_shot,196,115.83,0.00,142.58,1,7.01,1
vllm,few_shot,197,159.18,47.66,206.84,2,9.67,1
vllm,few_shot,198,163.69,0.00,205.50,1,4.87,1
vllm,few_shot,199,127.10,0.00,165.63,1,6.04,1
vllm,few_shot,200,169.93,0.00,203.14,1,4.92,1
vllm,few_shot,201,145.55,0.00,179.29,1,5.58,1
vllm,few_shot,202,180.63,58.28,238.91,2,8.37,1
vllm,few_shot,203,192.55,0.00,238.90,1,4.19,1
vllm,few_shot,204,136.04,0.00,175.39,1,5.70,1
vllm,few_shot,205,141.69,58.23,199.93,2,10.00,1
vllm,few_shot,206,185.37,0.00,210.58,1,4.75,1
vllm,few_shot,207,180.69,0.00,191.71,1,5.22,1
vllm,few_shot,208,140.48,0.00,169.08,1,5.91,1
vllm,few_shot,209,192.33,51.14,243.48,2,8.21,1
vllm,few_shot,210,168.63,0.00,183.83,1,5.44,1
vllm,few_shot,211,127.86,55.87,183.73,2,10.89,1
vllm,few_shot,212,185.92,0.00,218.85,1,4.57,1
vllm,few_shot,213,174.92,0.00,212.54,1,4.71,1
vllm,few_shot,214,187.24,62.53,249.77,2,8.01,1
vllm,few_shot,215,213.02,0.00,213.24,1,4.69,1
vllm,few_shot,216,98.07,0.00,106.80,1,9.36,1
vllm,few_shot,217,85.59,24.65,110.24,2,18.14,1
vllm,few_shot,218,184.20,0.00,234.67,1,4.26,1
vllm,few_shot,219,106.81,0.00,133.49,1,7.49,1
vllm,few_shot,220,201.96,53.50,255.45,2,7.83,1
vllm,few_shot,221,178.00,5.40,183.40,2,10.90,1
vllm,few_shot,222,234.18,0.00,282.00,1,3.55,1
vllm,few_shot,223,195.98,0.00,246.61,1,4.06,1
vllm,few_shot,224,157.23,0.00,188.51,1,5.30,1
vllm,few_shot,225,194.08,51.21,245.28,2,8.15,1
vllm,few_shot,226,163.40,0.00,207.76,1,4.81,1
vllm,few_shot,227,161.06,0.00,200.11,1,5.00,1
vllm,few_shot,228,158.41,0.00,200.29,1,4.99,1
vllm,few_shot,229,158.90,58.66,217.56,2,9.19,1
vllm,few_shot,230,71.00,0.00,92.57,1,10.80,1
vllm,few_shot,231,169.55,67.96,237.52,2,8.42,1
vllm,few_shot,232,170.43,0.00,207.17,1,4.83,1
vllm,few_shot,233,235.12,50.02,285.14,2,7.01,1
vllm,few_shot,234,68.92,0.00,96.87,1,10.32,1
vllm,few_shot,235,144.65,70.44,215.09,2,9.30,1
vllm,few_shot,236,88.76,12.72,101.49,2,19.71,1
vllm,few_shot,237,63.51,33.37,96.88,2,20.64,1
vllm,few_shot,238,136.50,53.19,189.70,2,10.54,1
vllm,few_shot,239,157.65,0.00,210.10,1,4.76,1
vllm,few_shot,240,82.71,38.85,121.55,2,16.45,1
vllm,few_shot,241,208.03,0.00,248.84,1,4.02,1
vllm,few_shot,242,188.11,65.46,253.58,2,7.89,1
vllm,few_shot,243,192.41,77.54,269.94,2,7.41,1
vllm,few_shot,244,143.99,0.00,228.34,1,4.38,1
vllm,few_shot,245,197.48,0.00,246.93,1,4.05,1
vllm,few_shot,246,185.47,55.44,240.91,2,8.30,1
vllm,few_shot,247,175.39,55.66,231.05,2,8.66,1
vllm,few_shot,248,145.91,93.31,239.22,2,8.36,1
vllm,few_shot,249,105.70,57.00,162.71,2,12.29,1
vllm,few_shot,250,73.18,0.00,128.81,1,7.76,1
vllm,few_shot,251,85.78,74.78,160.56,2,12.46,1
vllm,few_shot,252,75.06,51.66,126.72,2,15.78,1
vllm,few_shot,253,85.44,5.72,91.16,2,21.94,1
vllm,few_shot,254,138.52,69.12,207.63,2,9.63,1
vllm,few_shot,255,87.65,0.00,104.18,1,9.60,1
vllm,few_shot,256,133.33,0.00,133.54,1,7.49,1
vllm,few_shot,257,87.14,0.00,172.22,1,5.81,1
vllm,few_shot,258,65.10,33.42,98.52,2,20.30,1
vllm,few_shot,259,91.10,0.00,108.61,1,9.21,1
vllm,few_shot,260,98.02,23.90,121.92,2,16.40,1
vllm,few_shot,261,104.37,0.00,122.39,1,8.17,1
vllm,few_shot,262,102.81,0.00,118.19,1,8.46,1
vllm,few_shot,263,120.37,23.01,143.38,2,13.95,1
vllm,few_shot,264,137.01,0.00,148.47,1,6.74,1
vllm,few_shot,265,115.25,0.00,131.77,1,7.59,1
vllm,few_shot,266,136.35,0.00,151.31,1,6.61,1
vllm,few_shot,267,126.31,0.00,148.23,1,6.75,1
vllm,few_shot,268,95.17,40.58,135.75,2,14.73,0
vllm,few_shot,269,131.14,0.00,148.73,1,6.72,1
vllm,few_shot,270,133.05,32.65,165.70,2,12.07,1
vllm,few_shot,271,112.89,31.49,144.38,2,13.85,1
vllm,few_shot,272,152.10,0.00,164.88,1,6.06,1
vllm,few_shot,273,115.34,0.00,130.61,1,7.66,1
vllm,few_shot,274,112.60,41.37,153.98,2,12.99,1
vllm,few_shot,275,175.96,0.00,194.11,1,5.15,1
vllm,few_shot,276,141.10,0.00,165.52,1,6.04,1
vllm,few_shot,277,138.98,0.00,158.73,1,6.30,1
vllm,few_shot,278,108.86,0.00,137.56,1,7.27,1
vllm,few_shot,279,131.45,30.70,192.85,3,15.56,1
vllm,few_shot,280,96.32,0.00,125.28,1,7.98,1
vllm,few_shot,281,156.75,0.00,192.97,1,5.18,1
vllm,few_shot,282,172.94,47.05,219.99,2,9.09,1
vllm,few_shot,283,123.60,43.62,167.22,2,11.96,1
vllm,few_shot,284,217.93,0.00,238.87,1,4.19,1
vllm,few_shot,285,151.26,0.00,183.34,1,5.45,1
vllm,few_shot,286,108.34,56.94,165.28,2,12.10,1
vllm,few_shot,287,164.41,0.00,192.51,1,5.19,1
vllm,few_shot,288,132.13,60.27,192.41,2,10.39,1
vllm,few_shot,289,144.93,0.00,182.74,1,5.47,1
vllm,few_shot,290,172.30,0.00,201.14,1,4.97,1
vllm,few_shot,291,130.69,64.15,194.84,2,10.27,1
vllm,few_shot,292,175.92,0.00,208.03,1,4.81,1
vllm,few_shot,293,145.07,0.00,188.93,1,5.29,1
vllm,few_shot,294,120.11,0.00,166.01,1,6.02,1
vllm,few_shot,295,195.84,0.00,220.94,1,4.53,1
vllm,few_shot,296,132.78,49.31,182.09,2,10.98,1
vllm,few_shot,297,178.19,0.00,196.43,1,5.09,1
vllm,few_shot,298,139.37,52.43,191.80,2,10.43,1
vllm,few_shot,299,145.56,0.00,179.36,1,5.58,1
vllm,few_shot,300,165.00,0.00,202.38,1,4.94,1
vllm,few_shot,301,80.07,0.00,84.94,1,11.77,1
vllm,few_shot,302,143.44,26.91,170.35,2,11.74,1
vllm,few_shot,303,161.41,0.00,203.80,1,4.91,1
vllm,few_shot,304,179.55,0.00,213.48,1,4.68,1
vllm,few_shot,305,82.46,0.00,92.36,1,10.83,1
vllm,few_shot,306,156.84,41.25,198.09,2,10.10,1
vllm,few_shot,307,91.98,0.00,101.80,1,9.82,1
vllm,few_shot,308,158.83,0.00,185.14,1,5.40,1
vllm,few_shot,309,127.09,0.00,127.31,1,7.86,1
vllm,few_shot,310,136.91,0.00,158.18,1,6.32,1
vllm,few_shot,311,162.30,0.00,211.28,1,4.73,1
vllm,few_shot,312,160.14,66.95,227.09,2,8.81,1
vllm,few_shot,313,79.71,0.00,94.85,1,10.54,1
vllm,few_shot,314,175.55,49.59,225.14,2,8.88,1
vllm,few_shot,315,157.60,70.71,228.31,2,8.76,1
vllm,few_shot,316,138.66,54.26,192.91,2,10.37,1
vllm,few_shot,317,140.44,12.23,152.67,2,13.10,1
vllm,few_shot,318,163.54,0.00,209.29,1,4.78,1
vllm,few_shot,319,161.71,41.24,244.19,3,12.29,1
vllm,few_shot,320,143.02,76.61,219.63,2,9.11,1
vllm,few_shot,321,205.59,0.00,249.18,1,4.01,1
vllm,few_shot,322,112.59,0.00,120.97,1,8.27,1
vllm,few_shot,323,74.56,34.71,109.27,2,18.30,1
vllm,few_shot,324,143.61,0.00,198.11,1,5.05,1
vllm,few_shot,325,153.62,0.00,177.36,1,5.64,1
vllm,few_shot,326,109.71,39.37,149.08,2,13.42,1
vllm,few_shot,327,173.10,91.97,265.07,2,7.55,1
vllm,few_shot,328,136.96,0.00,205.27,1,4.87,1
vllm,few_shot,329,73.32,38.98,112.30,2,17.81,1
vllm,few_shot,330,141.69,0.00,184.24,1,5.43,1
vllm,few_shot,331,124.19,0.00,170.37,1,5.87,1
vllm,few_shot,332,180.72,94.54,275.26,2,7.27,1
vllm,few_shot,333,92.27,0.40,92.67,2,21.58,1
vllm,few_shot,334,162.47,49.99,212.46,2,9.41,1
vllm,few_shot,335,101.32,54.72,156.04,2,12.82,1
vllm,few_shot,336,89.64,10.60,100.25,2,19.95,1
vllm,few_shot,337,113.31,17.75,308.59,12,38.89,0
vllm,few_shot,338,72.08,0.00,80.62,1,12.40,1
vllm,few_shot,339,87.92,0.00,106.24,1,9.41,1
vllm,few_shot,340,88.57,0.00,98.67,1,10.14,1
vllm,few_shot,341,95.63,0.00,100.74,1,9.93,1
vllm,few_shot,342,199.30,0.00,271.99,1,3.68,1
vllm,few_shot,343,82.44,2.63,85.07,2,23.51,1
vllm,few_shot,344,108.89,0.00,117.48,1,8.51,1
vllm,few_shot,345,148.36,60.86,209.22,2,9.56,0
vllm,few_shot,346,150.04,0.00,236.66,1,4.23,1
vllm,few_shot,347,119.62,6.55,126.17,2,15.85,1
vllm,few_shot,348,114.74,2.98,117.72,2,16.99,1
vllm,few_shot,349,94.37,31.60,125.98,2,15.88,1
vllm,few_shot,350,113.25,0.00,130.94,1,7.64,1
vllm,few_shot,351,130.87,0.00,149.96,1,6.67,1
vllm,few_shot,352,116.64,0.00,130.64,1,7.65,1
vllm,few_shot,353,86.41,0.00,106.85,1,9.36,1
vllm,few_shot,354,92.30,0.00,115.04,1,8.69,1
vllm,few_shot,355,118.88,0.00,142.52,1,7.02,1
vllm,few_shot,356,111.67,34.02,145.69,2,13.73,1
vllm,few_shot,357,111.85,37.03,148.88,2,13.43,1
vllm,few_shot,358,105.65,0.00,128.14,1,7.80,1
vllm,few_shot,359,84.96,43.81,128.77,2,15.53,1
vllm,few_shot,360,151.22,0.00,179.09,1,5.58,1
vllm,few_shot,361,143.39,0.00,160.11,1,6.25,1
vllm,few_shot,362,163.30,0.00,188.05,1,5.32,1
vllm,few_shot,363,162.54,0.00,189.12,1,5.29,1
vllm,few_shot,364,154.55,47.82,202.37,2,9.88,1
vllm,few_shot,365,114.01,0.00,139.77,1,7.15,1
vllm,few_shot,366,101.59,0.00,130.83,1,7.64,1
vllm,few_shot,367,138.54,0.00,167.97,1,5.95,1
vllm,few_shot,368,146.83,0.00,180.58,1,5.54,1
vllm,few_shot,369,120.56,0.00,152.12,1,6.57,1
vllm,few_shot,370,163.16,79.24,242.40,2,8.25,1
vllm,few_shot,371,158.71,53.90,266.51,3,11.26,0
vllm,few_shot,372,164.47,0.00,231.31,1,4.32,1
vllm,few_shot,373,134.03,0.00,201.57,1,4.96,1
vllm,few_shot,374,174.64,90.96,265.60,2,7.53,1
vllm,few_shot,375,115.70,97.15,212.85,2,9.40,1
vllm,few_shot,376,147.28,0.00,216.59,1,4.62,1
vllm,few_shot,377,226.41,0.00,237.67,1,4.21,1
vllm,few_shot,378,135.19,0.00,140.51,1,7.12,1
vllm,few_shot,379,133.63,100.44,234.06,2,8.54,1
vllm,few_shot,380,191.62,0.00,196.71,1,5.08,1
vllm,few_shot,381,173.31,0.00,257.81,1,3.88,1
vllm,few_shot,382,154.14,0.00,239.21,1,4.18,1
vllm,few_shot,383,196.67,0.00,206.49,1,4.84,1
vllm,few_shot,384,123.64,88.50,212.15,2,9.43,1
vllm,few_shot,385,228.47,0.00,245.08,1,4.08,1
vllm,few_shot,386,256.40,0.00,261.53,1,3.82,1
vllm,few_shot,387,219.21,0.00,224.23,1,4.46,1
vllm,few_shot,388,239.54,0.00,260.65,1,3.84,1
vllm,few_shot,389,183.57,0.00,214.48,1,4.66,1
vllm,few_shot,390,152.91,90.61,243.52,2,8.21,1
vllm,few_shot,391,136.54,5.23,141.77,2,14.11,0
vllm,few_shot,392,220.94,9.59,230.54,2,8.68,1
vllm,few_shot,393,178.17,90.44,268.61,2,7.45,1
vllm,few_shot,394,230.69,0.00,231.01,1,4.33,1
vllm,few_shot,395,133.15,127.48,260.63,2,7.67,1
vllm,few_shot,396,126.41,0.00,227.20,1,4.40,1
vllm,few_shot,397,109.37,0.00,123.54,1,8.09,1
vllm,few_shot,398,127.22,0.00,235.98,1,4.24,1
vllm,few_shot,399,132.52,20.47,152.99,2,13.07,1
vllm,few_shot,400,144.87,0.00,188.68,1,5.30,1
vllm,few_shot,401,204.66,0.00,253.78,1,3.94,1
vllm,few_shot,402,100.78,0.00,136.03,1,7.35,1
vllm,few_shot,403,121.64,0.00,171.00,1,5.85,1
vllm,few_shot,404,152.41,0.00,260.17,1,3.84,1
vllm,few_shot,405,106.17,0.00,111.49,1,8.97,1
vllm,few_shot,406,184.96,9.59,194.56,2,10.28,1
vllm,few_shot,407,125.34,54.95,180.29,2,11.09,1
vllm,few_shot,408,242.91,55.23,298.14,2,6.71,1
vllm,few_shot,409,136.05,5.09,141.14,2,14.17,1
vllm,few_shot,410,236.50,0.00,236.72,1,4.22,1
vllm,few_shot,411,169.66,130.83,300.48,2,6.66,1
vllm,few_shot,412,93.80,31.55,125.35,2,15.96,1
vllm,few_shot,413,193.89,52.50,246.40,2,8.12,1
vllm,few_shot,414,178.65,0.00,300.26,1,3.33,1
vllm,few_shot,415,95.44,0.00,131.87,1,7.58,1
vllm,few_shot,416,121.15,3.83,124.97,2,16.00,1
vllm,few_shot,417,100.57,23.84,124.42,2,16.08,1
vllm,few_shot,418,222.54,75.48,298.01,2,6.71,1
vllm,few_shot,419,170.85,76.87,247.72,2,8.07,1
vllm,few_shot,420,195.78,0.41,196.19,2,10.19,1
vllm,few_shot,421,211.90,0.00,283.38,1,3.53,1
vllm,few_shot,422,104.31,0.00,144.44,1,6.92,1
vllm,few_shot,423,209.93,74.56,284.49,2,7.03,0
vllm,few_shot,424,132.19,141.98,274.17,2,7.29,1
vllm,few_shot,425,175.75,33.65,310.35,5,16.11,1
vllm,few_shot,426,139.71,0.36,140.07,2,14.28,1
vllm,few_shot,427,212.94,82.80,295.74,2,6.76,1
vllm,few_shot,428,224.86,0.00,309.04,1,3.24,1
vllm,few_shot,429,121.15,84.65,205.80,2,9.72,1
vllm,few_shot,430,247.48,0.00,304.87,1,3.28,1
vllm,few_shot,431,92.28,0.00,150.76,1,6.63,1
vllm,few_shot,432,138.07,6.95,145.02,2,13.79,1
vllm,few_shot,433,219.97,90.47,310.44,2,6.44,1
vllm,few_shot,434,97.97,23.42,121.39,2,16.48,1
vllm,few_shot,435,104.81,30.18,134.98,2,14.82,1
vllm,few_shot,436,99.32,30.06,129.39,2,15.46,1
vllm,few_shot,437,67.10,0.00,85.47,1,11.70,1
vllm,few_shot,438,125.36,0.00,145.69,1,6.86,1
vllm,few_shot,439,116.20,0.00,138.89,1,7.20,1
vllm,few_shot,440,130.50,37.89,168.40,2,11.88,0
vllm,few_shot,441,114.08,36.47,150.55,2,13.28,1
vllm,few_shot,442,121.18,0.00,147.36,1,6.79,1
vllm,few_shot,443,114.09,0.00,140.30,1,7.13,1
vllm,few_shot,444,170.88,0.00,189.55,1,5.28,1
vllm,few_shot,445,193.28,0.00,205.57,1,4.86,1
vllm,few_shot,446,137.85,0.00,157.57,1,6.35,1
vllm,few_shot,447,140.07,0.00,163.92,1,6.10,1
vllm,few_shot,448,95.49,45.76,141.25,2,14.16,1
vllm,few_shot,449,138.33,48.11,186.44,2,10.73,1
vllm,few_shot,450,143.48,0.00,171.99,1,5.81,1
vllm,few_shot,451,137.70,0.00,166.68,1,6.00,1
vllm,few_shot,452,95.98,51.93,147.91,2,13.52,1
vllm,few_shot,453,135.21,0.00,165.96,1,6.03,1
vllm,few_shot,454,157.73,54.30,212.03,2,9.43,1
vllm,few_shot,455,162.18,0.00,193.16,1,5.18,1
vllm,few_shot,456,158.26,0.00,191.16,1,5.23,1
vllm,few_shot,457,155.83,82.02,237.85,2,8.41,1
vllm,few_shot,458,168.20,0.00,231.47,1,4.32,1
vllm,few_shot,459,142.28,0.00,202.46,1,4.94,1
vllm,few_shot,460,136.43,83.77,220.20,2,9.08,1
vllm,few_shot,461,130.03,85.90,215.92,2,9.26,1
vllm,few_shot,462,182.47,0.00,253.93,1,3.94,1
vllm,few_shot,463,145.91,0.00,205.22,1,4.87,1
vllm,few_shot,464,166.79,0.00,234.63,1,4.26,1
vllm,few_shot,465,157.52,0.00,221.27,1,4.52,1
vllm,few_shot,466,186.99,78.66,265.65,2,7.53,1
vllm,few_shot,467,141.15,0.00,163.08,1,6.13,1
vllm,few_shot,468,198.71,0.00,210.58,1,4.75,1
vllm,few_shot,469,121.31,100.45,221.76,2,9.02,1
vllm,few_shot,470,166.87,103.08,269.95,2,7.41,1
vllm,few_shot,471,191.68,0.00,209.71,1,4.77,1
vllm,few_shot,472,208.58,0.00,236.22,1,4.23,1
vllm,few_shot,473,221.20,0.00,251.60,1,3.97,1
vllm,few_shot,474,148.12,83.84,231.95,2,8.62,1
vllm,few_shot,475,186.30,0.00,218.38,1,4.58,1
vllm,few_shot,476,128.13,92.93,221.06,2,9.05,1
vllm,few_shot,477,235.82,0.00,264.33,1,3.78,1
vllm,few_shot,478,167.52,39.09,206.61,2,9.68,0
vllm,few_shot,479,191.04,22.66,213.71,2,9.36,1
vllm,few_shot,480,198.79,23.08,221.88,2,9.01,1
vllm,few_shot,481,178.25,0.00,220.05,1,4.54,1
vllm,few_shot,482,130.29,0.00,152.00,1,6.58,1
vllm,few_shot,483,192.67,0.00,229.17,1,4.36,1
vllm,few_shot,484,138.29,97.47,235.77,2,8.48,1
vllm,few_shot,485,131.99,0.00,155.37,1,6.44,1
vllm,few_shot,486,178.30,0.00,276.22,1,3.62,1
vllm,few_shot,487,203.61,40.71,244.31,2,8.19,1
vllm,few_shot,488,268.20,0.00,293.79,1,3.40,1
vllm,few_shot,489,94.46,0.00,99.55,1,10.04,1
vllm,few_shot,490,122.24,40.88,163.12,2,12.26,0
vllm,few_shot,491,174.18,57.12,231.29,2,8.65,1
vllm,few_shot,492,259.14,57.59,316.74,2,6.31,1
vllm,few_shot,493,124.30,9.52,133.82,2,14.95,1
vllm,few_shot,494,248.45,53.70,302.15,2,6.62,1
vllm,few_shot,495,98.03,0.00,112.36,1,8.90,1
vllm,few_shot,496,140.29,36.93,177.22,2,11.29,1
vllm,few_shot,497,230.29,54.26,284.55,2,7.03,1
vllm,few_shot,498,206.45,31.21,237.66,2,8.42,1
vllm,few_shot,499,129.28,50.64,179.93,2,11.12,1
vllm,few_shot,500,91.15,0.00,123.57,1,8.09,1
vllm,few_shot,501,181.08,70.09,251.18,2,7.96,1
vllm,few_shot,502,96.41,28.48,124.88,2,16.01,1
vllm,few_shot,503,140.71,0.00,144.95,1,6.90,1
vllm,few_shot,504,113.83,22.39,136.21,2,14.68,1
vllm,few_shot,505,200.71,76.44,277.14,2,7.22,1
vllm,few_shot,506,147.07,5.29,152.36,2,13.13,1
vllm,few_shot,507,150.03,132.79,282.82,2,7.07,1
vllm,few_shot,508,178.63,77.57,256.21,2,7.81,1
vllm,few_shot,509,86.81,37.08,123.88,2,16.14,1
vllm,few_shot,510,192.80,70.33,263.14,2,7.60,1
vllm,few_shot,511,93.99,44.32,138.31,2,14.46,1
vllm,few_shot,512,163.76,128.80,292.56,2,6.84,1
vllm,few_shot,513,112.26,0.00,134.67,1,7.43,1
vllm,few_shot,514,88.26,45.29,133.55,2,14.98,0
vllm,few_shot,515,163.23,0.00,251.29,1,3.98,1
vllm,few_shot,516,89.88,43.15,133.03,2,15.03,1
vllm,few_shot,517,147.45,0.33,147.78,2,13.53,1
vllm,few_shot,518,133.63,1.91,135.54,2,14.76,1
vllm,few_shot,519,129.79,0.00,168.77,1,5.93,1
vllm,few_shot,520,95.57,52.84,148.41,2,13.48,1
vllm,few_shot,521,69.74,0.00,80.86,1,12.37,1
vllm,few_shot,522,69.53,0.00,86.61,1,11.55,1
vllm,few_shot,523,118.65,0.00,130.39,1,7.67,1
vllm,few_shot,524,125.03,0.00,136.95,1,7.30,1
vllm,few_shot,525,104.89,29.30,134.19,2,14.90,1
vllm,few_shot,526,123.00,38.76,161.76,2,12.36,1
vllm,few_shot,527,102.80,41.98,144.78,2,13.81,1
vllm,few_shot,528,135.10,0.00,140.38,1,7.12,1
vllm,few_shot,529,139.93,0.00,150.03,1,6.67,1
vllm,few_shot,530,142.34,0.00,154.44,1,6.47,1
vllm,few_shot,531,144.26,0.00,162.17,1,6.17,1
vllm,few_shot,532,109.08,0.00,116.23,1,8.60,1
vllm,few_shot,533,168.48,0.00,182.19,1,5.49,1
vllm,few_shot,534,150.78,0.00,161.40,1,6.20,1
vllm,few_shot,535,142.89,0.00,160.88,1,6.22,1
vllm,few_shot,536,113.91,0.00,134.86,1,7.42,1
vllm,few_shot,537,179.79,0.00,198.97,1,5.03,1
vllm,few_shot,538,109.73,26.23,135.96,2,14.71,1
vllm,few_shot,539,129.82,36.99,166.81,2,11.99,1
vllm,few_shot,540,153.45,0.00,172.84,1,5.79,1
vllm,few_shot,541,169.18,26.15,195.33,2,10.24,1
vllm,few_shot,542,190.01,0.00,214.29,1,4.67,1
vllm,few_shot,543,164.39,36.75,201.14,2,9.94,1
vllm,few_shot,544,141.62,0.00,161.33,1,6.20,1
vllm,few_shot,545,157.12,23.34,180.46,2,11.08,1
vllm,few_shot,546,152.99,0.00,178.22,1,5.61,1
vllm,few_shot,547,156.75,0.00,169.91,1,5.89,1
vllm,few_shot,548,171.95,34.25,206.20,2,9.70,1
vllm,few_shot,549,187.00,0.00,209.79,1,4.77,1
vllm,few_shot,550,188.02,0.00,204.50,1,4.89,1
vllm,few_shot,551,189.46,38.49,227.94,2,8.77,0
vllm,few_shot,552,142.32,0.00,169.43,1,5.90,1
vllm,few_shot,553,136.07,29.33,165.40,2,12.09,0
vllm,few_shot,554,152.44,27.32,179.76,2,11.13,1
vllm,few_shot,555,158.52,33.50,192.02,2,10.42,1
vllm,few_shot,556,154.02,0.00,184.07,1,5.43,1
vllm,few_shot,557,196.20,29.22,225.43,2,8.87,1
vllm,few_shot,558,121.33,42.61,163.94,2,12.20,1
vllm,few_shot,559,129.12,48.19,177.32,2,11.28,1
vllm,few_shot,560,163.91,0.00,179.73,1,5.56,1
vllm,few_shot,561,199.80,0.00,214.12,1,4.67,1
vllm,few_shot,562,196.76,0.00,209.29,1,4.78,1
vllm,few_shot,563,193.19,0.00,209.37,1,4.78,1
vllm,few_shot,564,172.97,0.00,191.41,1,5.22,1
vllm,few_shot,565,175.19,0.00,203.66,1,4.91,1
vllm,few_shot,566,159.39,55.43,214.82,2,9.31,1
vllm,few_shot,567,164.34,0.00,193.48,1,5.17,1
vllm,few_shot,568,179.22,0.00,202.59,1,4.94,1
vllm,few_shot,569,196.07,33.08,229.14,2,8.73,1
vllm,few_shot,570,140.71,50.42,191.13,2,10.46,1
vllm,few_shot,571,180.40,0.00,198.34,1,5.04,1
vllm,few_shot,572,160.64,0.00,197.13,1,5.07,1
vllm,few_shot,573,116.96,22.52,139.48,2,14.34,1
vllm,few_shot,574,177.25,0.00,210.05,1,4.76,1
vllm,few_shot,575,154.54,0.00,192.06,1,5.21,1
vllm,few_shot,576,188.88,5.18,194.06,2,10.31,1
vllm,few_shot,577,157.41,72.34,229.75,2,8.71,1
vllm,few_shot,578,161.14,51.02,212.17,2,9.43,1
vllm,few_shot,579,168.80,49.09,217.89,2,9.18,1
vllm,few_shot,580,162.18,47.69,209.86,2,9.53,1
vllm,few_shot,581,213.31,0.00,269.12,1,3.72,1
vllm,few_shot,582,213.92,4.70,218.62,2,9.15,1
vllm,few_shot,583,191.96,4.00,195.95,2,10.21,1
vllm,few_shot,584,128.75,40.72,169.46,2,11.80,1
vllm,few_shot,585,152.70,0.00,157.71,1,6.34,1
vllm,few_shot,586,189.19,0.00,214.61,1,4.66,1
vllm,few_shot,587,97.90,0.00,135.00,1,7.41,1
vllm,few_shot,588,125.17,0.00,163.84,1,6.10,1
vllm,few_shot,589,118.66,0.00,118.96,1,8.41,1
vllm,few_shot,590,116.78,22.78,139.56,2,14.33,1
vllm,few_shot,591,103.06,24.92,127.98,2,15.63,1
vllm,few_shot,592,164.70,0.00,222.56,1,4.49,1
vllm,few_shot,593,205.17,47.44,252.61,2,7.92,1
vllm,few_shot,594,111.77,0.00,132.39,1,7.55,1
vllm,few_shot,595,92.10,0.00,120.77,1,8.28,1
vllm,few_shot,596,108.28,0.00,133.69,1,7.48,1
vllm,few_shot,597,116.61,0.00,142.95,1,7.00,1
vllm,few_shot,598,135.29,0.00,165.93,1,6.03,1
vllm,few_shot,599,110.97,0.00,113.79,1,8.79,1
vllm,few_shot,600,112.28,49.26,161.53,2,12.38,1
vllm,few_shot,601,112.36,0.00,121.31,1,8.24,1
vllm,few_shot,602,113.35,0.00,132.19,1,7.56,1
vllm,few_shot,603,91.88,0.00,107.79,1,9.28,1
vllm,few_shot,604,117.27,0.00,133.04,1,7.52,1
vllm,few_shot,605,105.35,0.00,142.37,1,7.02,1
vllm,few_shot,606,112.55,45.50,158.06,2,12.65,1
vllm,few_shot,607,84.14,44.69,128.84,2,15.52,1
vllm,few_shot,608,116.40,0.00,139.58,1,7.16,1
vllm,few_shot,609,99.65,64.96,164.60,2,12.15,1
vllm,few_shot,610,130.15,47.47,177.62,2,11.26,1
vllm,few_shot,611,98.82,0.00,117.16,1,8.54,1
vllm,few_shot,612,115.51,0.00,140.20,1,7.13,1
vllm,few_shot,613,90.74,22.46,113.21,2,17.67,1
vllm,few_shot,614,112.40,0.00,134.55,1,7.43,1
vllm,few_shot,615,83.28,31.56,114.85,2,17.41,1
vllm,few_shot,616,100.04,54.11,154.14,2,12.97,1
vllm,few_shot,617,88.69,35.68,124.37,2,16.08,1
vllm,few_shot,618,119.19,28.27,147.46,2,13.56,1
vllm,few_shot,619,89.39,0.00,113.71,1,8.79,1
vllm,few_shot,620,95.71,46.09,141.80,2,14.10,1
vllm,few_shot,621,113.20,0.00,163.44,1,6.12,1
vllm,few_shot,622,113.37,48.58,161.95,2,12.35,1
vllm,few_shot,623,127.05,57.52,184.57,2,10.84,1
vllm,few_shot,624,124.03,78.45,202.48,2,9.88,1
vllm,few_shot,625,116.18,0.00,140.47,1,7.12,1
vllm,few_shot,626,100.11,26.44,126.56,2,15.80,1
vllm,few_shot,627,106.39,0.00,137.92,1,7.25,1
vllm,few_shot,628,124.24,0.00,148.93,1,6.71,1
vllm,few_shot,629,128.12,0.00,142.57,1,7.01,1
vllm,few_shot,630,134.86,0.00,150.32,1,6.65,1
vllm,few_shot,631,99.20,44.85,144.05,2,13.88,1
vllm,few_shot,632,134.65,0.00,158.84,1,6.30,1
vllm,few_shot,633,122.76,0.00,145.54,1,6.87,1
vllm,few_shot,634,127.12,0.00,152.75,1,6.55,1
vllm,few_shot,635,134.43,0.00,160.36,1,6.24,1
vllm,few_shot,636,110.05,25.53,135.59,2,14.75,1
vllm,few_shot,637,107.78,0.00,139.57,1,7.16,1
vllm,few_shot,638,122.18,50.55,172.73,2,11.58,1
vllm,few_shot,639,102.95,0.00,134.28,1,7.45,1
vllm,few_shot,640,114.49,0.00,152.04,1,6.58,1
vllm,few_shot,641,120.88,0.00,132.82,1,7.53,1
vllm,few_shot,642,144.46,38.21,182.66,2,10.95,1
vllm,few_shot,643,118.00,0.00,143.77,1,6.96,1
vllm,few_shot,644,127.52,0.00,157.05,1,6.37,1
vllm,few_shot,645,103.96,0.00,131.81,1,7.59,1
vllm,few_shot,646,136.84,47.20,184.03,2,10.87,1
vllm,few_shot,647,120.59,31.39,151.98,2,13.16,1
vllm,few_shot,648,131.28,33.90,165.17,2,12.11,1
vllm,few_shot,649,144.21,52.05,196.25,2,10.19,1
vllm,few_shot,650,110.58,35.03,145.61,2,13.74,1
vllm,few_shot,651,136.61,34.73,171.34,2,11.67,1
vllm,few_shot,652,104.86,38.75,143.61,2,13.93,1
vllm,few_shot,653,106.09,55.42,161.50,2,12.38,1
vllm,few_shot,654,147.98,0.00,165.00,1,6.06,1
vllm,few_shot,655,127.99,58.52,186.52,2,10.72,1
vllm,few_shot,656,117.33,44.19,161.53,2,12.38,1
vllm,few_shot,657,112.65,59.45,172.10,2,11.62,1
vllm,few_shot,658,99.24,0.00,128.32,1,7.79,1
vllm,few_shot,659,84.79,0.00,108.98,1,9.18,1
vllm,few_shot,660,124.59,0.36,124.95,2,16.01,1
vllm,few_shot,661,134.28,0.00,134.52,1,7.43,1
vllm,few_shot,662,120.58,0.00,135.97,1,7.35,1
vllm,few_shot,663,96.07,49.48,145.55,2,13.74,1
vllm,few_shot,664,122.45,0.00,143.34,1,6.98,1
vllm,few_shot,665,124.63,0.00,147.10,1,6.80,1
vllm,few_shot,666,124.99,0.00,153.19,1,6.53,1
vllm,few_shot,667,136.74,0.00,153.87,1,6.50,1
vllm,few_shot,668,140.27,0.00,174.84,1,5.72,1
vllm,few_shot,669,102.05,0.00,138.44,1,7.22,1
vllm,few_shot,670,107.37,0.00,118.04,1,8.47,1
vllm,few_shot,671,140.09,0.00,144.73,1,6.91,1
vllm,few_shot,672,138.86,35.76,174.62,2,11.45,1
vllm,few_shot,673,107.56,0.00,142.20,1,7.03,1
vllm,few_shot,674,91.00,0.00,103.00,1,9.71,1
vllm,few_shot,675,91.28,0.00,137.36,1,7.28,1
vllm,few_shot,676,134.14,40.94,175.08,2,11.42,1
vllm,few_shot,677,123.01,39.73,162.75,2,12.29,1
vllm,few_shot,678,101.35,0.00,114.56,1,8.73,1
vllm,few_shot,679,81.02,0.00,98.98,1,10.10,1
vllm,few_shot,680,101.05,58.39,159.43,2,12.54,1
vllm,few_shot,681,133.58,23.26,156.84,2,12.75,1
vllm,few_shot,682,110.39,32.97,143.36,2,13.95,1
vllm,few_shot,683,102.97,0.00,134.80,1,7.42,1
vllm,few_shot,684,157.45,23.58,181.03,2,11.05,1
vllm,few_shot,685,87.34,0.00,124.35,1,8.04,1
vllm,few_shot,686,113.88,37.32,151.20,2,13.23,1
vllm,few_shot,687,164.81,20.85,185.66,2,10.77,1
vllm,few_shot,688,94.27,0.00,103.64,1,9.65,1
vllm,few_shot,689,87.10,27.19,114.29,2,17.50,0
vllm,few_shot,690,103.27,26.54,129.81,2,15.41,1
vllm,few_shot,691,112.15,0.00,116.53,1,8.58,1
vllm,few_shot,692,116.55,67.60,184.14,2,10.86,1
vllm,few_shot,693,103.69,0.00,106.35,1,9.40,1
vllm,few_shot,694,72.76,17.94,90.70,2,22.05,1
vllm,few_shot,695,87.58,28.79,116.37,2,17.19,1
vllm,few_shot,696,143.38,56.98,200.35,2,9.98,1
vllm,few_shot,697,118.49,55.44,173.93,2,11.50,1
vllm,few_shot,698,199.44,0.67,200.12,2,9.99,1
vllm,few_shot,699,115.88,0.00,201.24,1,4.97,1
vllm,few_shot,700,103.72,0.00,137.59,1,7.27,1
vllm,few_shot,701,93.43,0.00,123.77,1,8.08,1
vllm,few_shot,702,95.79,25.78,147.35,3,20.36,1
vllm,few_shot,703,127.55,0.00,131.07,1,7.63,1
vllm,few_shot,704,113.11,37.48,150.59,2,13.28,1
vllm,few_shot,705,109.06,0.00,119.55,1,8.36,1
vllm,few_shot,706,126.08,0.00,129.86,1,7.70,1
vllm,few_shot,707,100.82,0.00,109.64,1,9.12,1
vllm,few_shot,708,140.97,0.00,153.21,1,6.53,1
vllm,few_shot,709,140.10,0.00,152.84,1,6.54,1
vllm,few_shot,710,99.27,0.00,140.95,1,7.09,1
vllm,few_shot,711,122.42,0.00,135.51,1,7.38,1
vllm,few_shot,712,120.17,11.45,131.63,2,15.19,1
vllm,few_shot,713,100.09,0.00,118.22,1,8.46,1
vllm,few_shot,714,90.14,54.30,144.44,2,13.85,1
vllm,few_shot,715,133.21,8.30,141.51,2,14.13,1
vllm,few_shot,716,101.65,27.73,129.38,2,15.46,1
vllm,few_shot,717,115.56,0.00,177.68,1,5.63,1
vllm,few_shot,718,154.80,3.68,158.47,2,12.62,1
vllm,few_shot,719,100.93,58.69,159.62,2,12.53,1
vllm,few_shot,720,159.46,28.04,187.50,2,10.67,1
vllm,few_shot,721,139.18,29.01,168.19,2,11.89,1
vllm,few_shot,722,126.53,39.40,165.93,2,12.05,1
vllm,few_shot,723,135.33,17.09,152.42,2,13.12,1
vllm,few_shot,724,105.50,0.00,113.88,1,8.78,1
vllm,few_shot,725,108.21,0.00,121.91,1,8.20,1
vllm,few_shot,726,101.36,47.64,149.00,2,13.42,1
vllm,few_shot,727,97.54,4.20,101.74,2,19.66,1
vllm,few_shot,728,82.79,0.00,101.38,1,9.86,1
vllm,few_shot,729,112.85,82.57,195.42,2,10.23,1
vllm,few_shot,730,87.64,0.00,108.28,1,9.24,1
vllm,few_shot,731,119.35,52.97,172.32,2,11.61,1
vllm,few_shot,732,115.44,47.94,163.38,2,12.24,1
vllm,few_shot,733,86.67,0.00,123.14,1,8.12,1
vllm,few_shot,734,114.04,0.00,136.65,1,7.32,1
vllm,few_shot,735,125.48,0.00,149.47,1,6.69,1
vllm,few_shot,736,119.37,0.00,142.29,1,7.03,1
vllm,few_shot,737,105.90,0.00,117.54,1,8.51,1
vllm,few_shot,738,111.43,0.00,125.39,1,7.97,1
vllm,few_shot,739,98.32,0.00,114.33,1,8.75,1
vllm,few_shot,740,139.69,0.00,158.02,1,6.33,1
vllm,few_shot,741,125.99,35.48,161.47,2,12.39,1
vllm,few_shot,742,90.33,42.92,133.25,2,15.01,1
vllm,few_shot,743,109.62,0.00,133.54,1,7.49,1
vllm,few_shot,744,125.44,0.00,147.59,1,6.78,1
vllm,few_shot,745,129.92,27.58,157.50,2,12.70,1
vllm,few_shot,746,105.81,0.00,135.83,1,7.36,1
vllm,few_shot,747,127.73,0.00,131.62,1,7.60,1
vllm,few_shot,748,136.97,0.00,149.05,1,6.71,1
vllm,few_shot,749,144.47,33.49,177.96,2,11.24,1
vllm,few_shot,750,109.41,0.00,129.12,1,7.74,1
vllm,few_shot,751,126.89,39.21,166.10,2,12.04,1
vllm,few_shot,752,96.60,39.64,136.25,2,14.68,1
vllm,few_shot,753,106.21,0.00,146.11,1,6.84,1
vllm,few_shot,754,120.08,35.35,155.43,2,12.87,1
vllm,few_shot,755,118.91,37.34,156.25,2,12.80,1
vllm,few_shot,756,116.17,20.26,136.43,2,14.66,0
vllm,few_shot,757,137.68,45.85,183.53,2,10.90,1
vllm,few_shot,758,113.11,31.02,144.12,2,13.88,1
vllm,few_shot,759,100.55,37.66,138.22,2,14.47,1
vllm,few_shot,760,155.44,38.88,194.31,2,10.29,1
vllm,few_shot,761,121.73,0.00,172.03,1,5.81,1
vllm,few_shot,762,101.32,0.00,145.82,1,6.86,1
vllm,few_shot,763,135.18,49.67,184.86,2,10.82,0
vllm,few_shot,764,130.05,0.00,132.56,1,7.54,1
vllm,few_shot,765,115.53,0.00,119.19,1,8.39,1
vllm,few_shot,766,88.50,24.35,112.85,2,17.72,1
vllm,few_shot,767,93.23,23.06,116.29,2,17.20,1
vllm,few_shot,768,108.24,46.76,155.01,2,12.90,1
vllm,few_shot,769,106.61,0.00,138.06,1,7.24,1
vllm,few_shot,770,121.68,0.00,150.61,1,6.64,1
vllm,few_shot,771,133.97,0.00,169.81,1,5.89,1
vllm,few_shot,772,114.86,0.00,148.34,1,6.74,1
vllm,few_shot,773,134.54,0.00,171.48,1,5.83,1
vllm,few_shot,774,142.87,0.00,149.21,1,6.70,1
vllm,few_shot,775,117.28,0.00,133.12,1,7.51,1
vllm,few_shot,776,116.32,0.00,135.06,1,7.40,1
vllm,few_shot,777,108.71,0.00,129.49,1,7.72,1
vllm,few_shot,778,114.38,0.00,135.39,1,7.39,1
vllm,few_shot,779,101.55,50.89,152.44,2,13.12,1
vllm,few_shot,780,102.96,65.50,168.47,2,11.87,1
vllm,few_shot,781,120.44,0.00,148.75,1,6.72,1
vllm,few_shot,782,130.12,52.79,182.91,2,10.93,1
vllm,few_shot,783,161.08,20.92,182.00,2,10.99,1
vllm,few_shot,784,145.17,0.00,178.21,1,5.61,1
vllm,few_shot,785,115.68,0.00,145.45,1,6.88,1
vllm,few_shot,786,96.17,24.72,120.89,2,16.54,1
vllm,few_shot,787,135.05,0.00,154.93,1,6.45,1
vllm,few_shot,788,123.97,0.00,159.12,1,6.28,1
vllm,few_shot,789,96.43,67.54,163.96,2,12.20,1
vllm,few_shot,790,129.43,41.06,170.50,2,11.73,1
vllm,few_shot,791,151.68,0.00,181.46,1,5.51,1
vllm,few_shot,792,103.47,63.22,166.70,2,12.00,1
vllm,few_shot,793,110.06,64.93,174.99,2,11.43,1
vllm,few_shot,794,150.04,43.06,193.09,2,10.36,1
vllm,few_shot,795,108.69,0.00,152.78,1,6.55,1
vllm,few_shot,796,96.84,39.52,136.36,2,14.67,1
vllm,few_shot,797,117.05,41.79,158.84,2,12.59,1
vllm,few_shot,798,100.42,0.00,121.09,1,8.26,1
vllm,few_shot,799,100.79,0.00,108.07,1,9.25,1
vllm,few_shot,800,128.29,52.11,180.40,2,11.09,1
vllm,few_shot,801,93.61,32.70,126.31,2,15.83,1
vllm,few_shot,802,103.68,40.83,144.51,2,13.84,0
vllm,few_shot,803,115.10,0.00,175.78,1,5.69,1
vllm,few_shot,804,104.48,0.00,108.48,1,9.22,1
vllm,few_shot,805,100.42,0.00,117.88,1,8.48,1
vllm,few_shot,806,115.44,0.00,126.45,1,7.91,1
vllm,few_shot,807,109.27,0.00,134.33,1,7.44,1
vllm,few_shot,808,79.46,38.93,118.39,2,16.89,1
vllm,few_shot,809,89.32,55.82,145.13,2,13.78,1
vllm,few_shot,810,140.65,0.00,149.77,1,6.68,1
vllm,few_shot,811,77.11,48.02,125.13,2,15.98,1
vllm,few_shot,812,147.87,0.00,148.17,1,6.75,1
vllm,few_shot,813,127.78,9.87,137.65,2,14.53,0
vllm,few_shot,814,93.10,0.00,109.06,1,9.17,1
vllm,few_shot,815,93.99,52.57,146.55,2,13.65,1
vllm,few_shot,816,132.07,0.00,137.01,1,7.30,1
vllm,few_shot,817,109.31,0.00,129.86,1,7.70,1
vllm,few_shot,818,92.95,0.00,128.23,1,7.80,1
vllm,few_shot,819,118.36,4.80,123.16,2,16.24,1
vllm,few_shot,820,94.33,27.22,121.55,2,16.45,1
vllm,few_shot,821,90.67,0.00,119.17,1,8.39,1
vllm,few_shot,822,124.54,0.00,160.72,1,6.22,1
vllm,few_shot,823,142.21,3.22,145.43,2,13.75,0
vllm,few_shot,824,137.57,34.29,171.86,2,11.64,1
vllm,few_shot,825,124.08,35.93,160.00,2,12.50,1
vllm,few_shot,826,110.56,25.48,136.04,2,14.70,1
vllm,few_shot,827,78.71,0.00,120.29,1,8.31,1
vllm,few_shot,828,103.70,32.88,136.58,2,14.64,1
vllm,few_shot,829,93.47,33.45,126.92,2,15.76,1
vllm,few_shot,830,116.17,50.84,167.01,2,11.98,1
vllm,few_shot,831,110.46,38.82,149.27,2,13.40,1
vllm,few_shot,832,86.19,29.26,115.45,2,17.32,1
vllm,few_shot,833,106.21,14.28,120.49,2,16.60,0
vllm,few_shot,834,52.65,23.08,75.74,2,26.41,1
vllm,few_shot,835,97.97,24.59,122.56,2,16.32,1
vllm,few_shot,836,89.67,0.00,100.25,1,9.98,1
vllm,few_shot,837,120.02,0.00,130.91,1,7.64,1
vllm,few_shot,838,109.64,0.00,117.01,1,8.55,1
vllm,few_shot,839,78.12,0.00,92.02,1,10.87,1
vllm,few_shot,840,110.02,0.00,121.53,1,8.23,1
vllm,few_shot,841,85.78,21.90,107.68,2,18.57,1
vllm,few_shot,842,104.00,0.00,119.40,1,8.38,1
vllm,few_shot,843,155.16,0.00,171.52,1,5.83,1
vllm,few_shot,844,102.61,34.21,136.81,2,14.62,1
vllm,few_shot,845,130.69,0.00,149.47,1,6.69,1
vllm,few_shot,846,134.12,32.45,166.57,2,12.01,1
vllm,few_shot,847,146.87,0.00,163.71,1,6.11,1
vllm,few_shot,848,157.99,34.83,192.82,2,10.37,1
vllm,few_shot,849,177.73,0.00,196.36,1,5.09,1
vllm,few_shot,850,161.92,0.00,181.17,1,5.52,1
vllm,few_shot,851,128.38,39.74,168.12,2,11.90,1
vllm,few_shot,852,141.69,0.00,162.64,1,6.15,1
vllm,few_shot,853,168.62,0.00,186.58,1,5.36,1
vllm,few_shot,854,130.71,0.00,158.86,1,6.29,1
vllm,few_shot,855,120.77,0.00,147.39,1,6.78,1
vllm,few_shot,856,180.87,0.00,203.50,1,4.91,1
vllm,few_shot,857,175.84,35.00,210.84,2,9.49,1
vllm,few_shot,858,143.05,0.00,161.29,1,6.20,1
vllm,few_shot,859,140.68,0.00,170.38,1,5.87,1
vllm,few_shot,860,153.62,49.47,203.09,2,9.85,1
vllm,few_shot,861,180.63,0.00,213.98,1,4.67,1
vllm,few_shot,862,134.96,0.00,172.10,1,5.81,1
vllm,few_shot,863,174.86,0.00,201.47,1,4.96,1
vllm,few_shot,864,165.41,47.38,212.79,2,9.40,1
vllm,few_shot,865,204.95,0.00,235.21,1,4.25,1
vllm,few_shot,866,156.51,0.00,186.01,1,5.38,1
vllm,few_shot,867,156.31,0.00,197.59,1,5.06,1
vllm,few_shot,868,164.49,74.15,238.64,2,8.38,1
vllm,few_shot,869,154.36,0.00,210.51,1,4.75,1
vllm,few_shot,870,130.57,68.08,198.65,2,10.07,1
vllm,few_shot,871,153.87,77.88,231.75,2,8.63,1
vllm,few_shot,872,130.94,57.66,188.60,2,10.60,1
vllm,few_shot,873,144.96,43.46,188.42,2,10.61,1
vllm,few_shot,874,125.00,0.00,186.79,1,5.35,1
vllm,few_shot,875,165.12,0.00,227.22,1,4.40,1
vllm,few_shot,876,164.38,0.00,226.61,1,4.41,1
vllm,few_shot,877,155.15,0.00,166.99,1,5.99,1
vllm,few_shot,878,132.38,87.55,219.93,2,9.09,1
vllm,few_shot,879,160.18,0.00,224.69,1,4.45,1
vllm,few_shot,880,196.28,0.00,250.04,1,4.00,1
vllm,few_shot,881,130.97,73.89,204.86,2,9.76,1
vllm,few_shot,882,141.61,73.34,214.95,2,9.30,1
vllm,few_shot,883,145.75,0.00,167.06,1,5.99,1
vllm,few_shot,884,170.88,0.00,200.87,1,4.98,1
vllm,few_shot,885,158.92,69.52,228.44,2,8.76,1
vllm,few_shot,886,236.55,0.00,246.63,1,4.05,1
vllm,few_shot,887,170.67,0.00,206.01,1,4.85,1
vllm,few_shot,888,192.44,77.77,270.21,2,7.40,1
vllm,few_shot,889,181.73,0.00,212.79,1,4.70,1
vllm,few_shot,890,180.69,0.00,218.36,1,4.58,1
vllm,few_shot,891,180.10,0.00,183.10,1,5.46,1
vllm,few_shot,892,166.22,0.00,207.54,1,4.82,1
vllm,few_shot,893,129.40,39.31,168.71,2,11.85,1
vllm,few_shot,894,148.20,83.05,231.25,2,8.65,1
vllm,few_shot,895,189.22,0.00,230.44,1,4.34,1
vllm,few_shot,896,114.56,0.00,127.47,1,7.84,1
vllm,few_shot,897,117.25,0.00,117.55,1,8.51,1
vllm,few_shot,898,134.10,44.19,178.29,2,11.22,1
vllm,few_shot,899,136.77,49.48,186.26,2,10.74,1
vllm,few_shot,900,190.10,25.52,215.62,2,9.28,1
vllm,few_shot,901,86.66,0.00,86.91,1,11.51,1
vllm,few_shot,902,109.64,0.00,112.30,1,8.91,1
vllm,few_shot,903,106.33,0.00,136.18,1,7.34,1
vllm,few_shot,904,108.07,0.00,138.81,1,7.20,1
vllm,few_shot,905,72.26,0.00,91.19,1,10.97,1
vllm,few_shot,906,151.87,55.12,206.98,2,9.66,1
vllm,few_shot,907,151.11,0.00,210.21,1,4.76,1
vllm,few_shot,908,191.78,55.80,247.58,2,8.08,1
vllm,few_shot,909,97.49,0.00,101.30,1,9.87,1
vllm,few_shot,910,87.03,8.55,95.58,2,20.92,1
vllm,few_shot,911,106.58,4.35,110.93,2,18.03,1
vllm,few_shot,912,207.71,53.55,261.26,2,7.66,1
vllm,few_shot,913,87.77,0.00,117.24,1,8.53,1
vllm,few_shot,914,89.72,0.00,106.27,1,9.41,1
vllm,few_shot,915,90.46,18.67,109.13,2,18.33,1
vllm,few_shot,916,97.99,77.80,175.79,2,11.38,1
vllm,few_shot,917,131.37,0.00,139.57,1,7.17,1
vllm,few_shot,918,100.79,0.00,116.85,1,8.56,1
vllm,few_shot,919,146.10,74.80,220.89,2,9.05,1
vllm,few_shot,920,144.25,0.00,147.18,1,6.79,1
vllm,few_shot,921,106.99,0.00,122.47,1,8.17,1
vllm,few_shot,922,138.08,85.12,223.20,2,8.96,1
vllm,few_shot,923,150.04,0.35,150.39,2,13.30,1
vllm,few_shot,924,113.18,0.00,154.92,1,6.46,1
vllm,few_shot,925,107.40,0.00,149.64,1,6.68,1
vllm,few_shot,926,130.48,3.41,133.89,2,14.94,1
vllm,few_shot,927,104.11,49.50,153.61,2,13.02,1
vllm,few_shot,928,233.08,87.50,320.57,2,6.24,1
vllm,few_shot,929,166.83,0.00,167.05,1,5.99,1
vllm,few_shot,930,84.65,28.45,113.09,2,17.68,1
vllm,few_shot,931,84.95,0.00,101.11,1,9.89,1
vllm,few_shot,932,60.75,0.00,82.97,1,12.05,1
vllm,few_shot,933,111.46,0.00,122.52,1,8.16,1
vllm,few_shot,934,65.12,33.56,98.67,2,20.27,1
vllm,few_shot,935,109.95,0.00,126.74,1,7.89,1
vllm,few_shot,936,72.51,0.00,89.82,1,11.13,1
vllm,few_shot,937,102.40,0.00,121.79,1,8.21,1
vllm,few_shot,938,115.21,34.45,149.67,2,13.36,1
vllm,few_shot,939,101.72,0.00,119.15,1,8.39,1
vllm,few_shot,940,111.18,31.92,143.10,2,13.98,1
vllm,few_shot,941,119.52,33.56,153.08,2,13.07,1
vllm,few_shot,942,136.58,0.00,150.82,1,6.63,1
vllm,few_shot,943,151.87,0.00,166.91,1,5.99,1
vllm,few_shot,944,94.98,36.39,131.38,2,15.22,1
vllm,few_shot,945,134.84,0.00,157.51,1,6.35,1
vllm,few_shot,946,133.61,0.00,158.95,1,6.29,1
vllm,few_shot,947,154.95,0.00,181.58,1,5.51,1
vllm,few_shot,948,83.13,0.00,109.45,1,9.14,1
vllm,few_shot,949,153.13,0.00,182.36,1,5.48,1
vllm,few_shot,950,147.09,40.00,187.08,2,10.69,0
vllm,few_shot,951,189.61,0.00,209.80,1,4.77,1
vllm,few_shot,952,137.08,47.91,184.99,2,10.81,1
vllm,few_shot,953,137.15,0.00,159.70,1,6.26,1
vllm,few_shot,954,119.57,51.07,170.64,2,11.72,1
vllm,few_shot,955,168.35,0.00,191.68,1,5.22,1
vllm,few_shot,956,130.20,0.00,156.53,1,6.39,1
vllm,few_shot,957,123.03,0.00,149.06,1,6.71,1
vllm,few_shot,958,136.68,50.64,187.32,2,10.68,1
vllm,few_shot,959,171.94,0.00,197.00,1,5.08,1
vllm,few_shot,960,151.09,0.00,181.80,1,5.50,1
vllm,few_shot,961,168.13,0.00,198.32,1,5.04,1
vllm,few_shot,962,149.32,0.00,181.13,1,5.52,1
vllm,few_shot,963,148.25,0.00,177.09,1,5.65,1
vllm,few_shot,964,167.78,0.00,192.97,1,5.18,1
vllm,few_shot,965,155.21,37.16,192.37,2,10.40,1
vllm,few_shot,966,133.69,0.00,156.36,1,6.40,1
vllm,few_shot,967,129.94,0.00,148.16,1,6.75,1
vllm,few_shot,968,156.05,0.00,174.34,1,5.74,1
vllm,few_shot,969,165.51,0.00,182.77,1,5.47,1
vllm,few_shot,970,131.85,48.25,180.10,2,11.11,1
vllm,few_shot,971,169.62,0.00,190.80,1,5.24,1
vllm,few_shot,972,124.34,48.33,172.67,2,11.58,1
vllm,few_shot,973,187.75,0.00,212.18,1,4.71,1
vllm,few_shot,974,157.32,49.90,207.22,2,9.65,1
vllm,few_shot,975,124.79,48.19,172.98,2,11.56,1
vllm,few_shot,976,129.91,0.00,160.21,1,6.24,1
vllm,few_shot,977,155.63,0.00,165.02,1,6.06,1
vllm,few_shot,978,144.78,0.00,174.56,1,5.73,1
vllm,few_shot,979,110.02,0.00,119.34,1,8.38,1
vllm,few_shot,980,151.71,0.00,163.11,1,6.13,1
vllm,few_shot,981,143.81,24.62,168.43,2,11.87,0
vllm,few_shot,982,99.09,0.00,106.45,1,9.39,1
vllm,few_shot,983,141.78,29.76,171.54,2,11.66,1
vllm,few_shot,984,164.04,0.00,174.48,1,5.73,1
vllm,few_shot,985,139.19,29.20,168.39,2,11.88,1
vllm,few_shot,986,196.56,32.15,228.71,2,8.74,1
vllm,few_shot,987,168.89,27.00,195.89,2,10.21,1
vllm,few_shot,988,166.62,26.76,193.38,2,10.34,1
vllm,few_shot,989,116.40,0.00,123.29,1,8.11,1
vllm,few_shot,990,169.01,31.32,200.33,2,9.98,1
vllm,few_shot,991,156.20,31.07,187.26,2,10.68,1
vllm,few_shot,992,126.57,0.00,134.52,1,7.43,1
vllm,few_shot,993,138.87,0.00,153.03,1,6.53,1
vllm,few_shot,994,139.70,0.00,154.69,1,6.46,1
vllm,few_shot,995,150.49,25.91,176.40,2,11.34,1
vllm,few_shot,996,124.92,16.06,140.98,2,14.19,1
vllm,few_shot,997,127.62,11.19,138.81,2,14.41,1
vllm,few_shot,998,142.29,20.77,163.06,2,12.27,1
vllm,few_shot,999,147.53,18.47,165.99,2,12.05,1
vllm,self_consistency,0,198.47,0.00,202.48,1,4.94,1
vllm,self_consistency,1,180.84,0.00,185.43,1,5.39,1
vllm,self_consistency,2,155.22,0.00,169.58,1,5.90,1
vllm,self_consistency,3,116.50,0.00,137.42,1,7.28,1
vllm,self_consistency,4,124.77,0.00,149.99,1,6.67,1
vllm,self_consistency,5,174.38,0.00,206.71,1,4.84,1
vllm,self_consistency,6,72.28,0.00,95.85,1,10.43,1
vllm,self_consistency,7,195.05,0.00,195.41,1,5.12,1
vllm,self_consistency,8,96.58,0.00,115.28,1,8.67,1
vllm,self_consistency,9,65.36,0.00,90.32,1,11.07,1
vllm,self_consistency,10,263.09,0.00,277.44,1,3.60,1
vllm,self_consistency,11,59.82,0.00,104.60,1,9.56,1
vllm,self_consistency,12,142.96,0.00,151.66,1,6.59,1
vllm,self_consistency,13,131.98,0.00,180.86,1,5.53,1
vllm,self_consistency,14,220.69,0.00,225.62,1,4.43,1
vllm,self_consistency,15,289.22,0.00,337.30,1,2.96,1
vllm,self_consistency,16,171.14,0.00,176.39,1,5.67,1
vllm,self_consistency,17,194.32,0.00,213.43,1,4.69,1
vllm,self_consistency,18,67.17,0.00,90.35,1,11.07,1
vllm,self_consistency,19,310.30,0.00,315.41,1,3.17,1
vllm,self_consistency,20,135.10,0.00,146.18,1,6.84,1
vllm,self_consistency,21,79.54,0.00,138.76,1,7.21,1
vllm,self_consistency,22,179.41,0.00,179.66,1,5.57,1
vllm,self_consistency,23,210.47,0.00,230.28,1,4.34,1
vllm,self_consistency,24,152.48,0.00,180.37,1,5.54,1
vllm,self_consistency,25,70.49,0.00,84.92,1,11.78,1
vllm,self_consistency,26,103.47,0.00,103.70,1,9.64,1
vllm,self_consistency,27,137.13,0.00,142.84,1,7.00,1
vllm,self_consistency,28,186.99,0.00,204.62,1,4.89,1
vllm,self_consistency,29,132.79,0.00,162.54,1,6.15,1
vllm,self_consistency,30,137.63,0.00,140.52,1,7.12,1
vllm,self_consistency,31,123.66,0.00,163.46,1,6.12,1
vllm,self_consistency,32,174.49,0.00,190.74,1,5.24,1
vllm,self_consistency,33,108.10,0.00,134.66,1,7.43,1
vllm,self_consistency,34,287.47,0.00,294.29,1,3.40,1
vllm,self_consistency,35,181.42,0.00,186.02,1,5.38,1
vllm,self_consistency,36,135.02,0.00,135.26,1,7.39,1
vllm,self_consistency,37,77.92,0.00,98.66,1,10.14,1
vllm,self_consistency,38,86.55,0.00,115.41,1,8.66,1
vllm,self_consistency,39,339.62,0.00,350.03,1,2.86,1
vllm,self_consistency,40,210.92,0.00,237.29,1,4.21,1
vllm,self_consistency,41,175.57,0.00,209.49,1,4.77,1
vllm,self_consistency,42,109.11,0.00,127.42,1,7.85,1
vllm,self_consistency,43,136.84,0.00,167.07,1,5.99,1
vllm,self_consistency,44,133.48,0.00,156.97,1,6.37,1
vllm,self_consistency,45,174.10,0.00,197.24,1,5.07,1
vllm,self_consistency,46,276.00,0.00,281.37,1,3.55,1
vllm,self_consistency,47,139.42,0.00,144.60,1,6.92,1
vllm,self_consistency,48,114.23,0.00,132.86,1,7.53,1
vllm,self_consistency,49,75.46,0.00,86.13,1,11.61,1
vllm,self_consistency,50,159.97,0.00,184.58,1,5.42,1
vllm,self_consistency,51,137.15,0.00,160.92,1,6.21,1
vllm,self_consistency,52,165.73,0.00,170.94,1,5.85,1
vllm,self_consistency,53,185.91,0.00,195.48,1,5.12,1
vllm,self_consistency,54,170.67,0.00,180.22,1,5.55,1
vllm,self_consistency,55,132.83,0.00,149.74,1,6.68,1
vllm,self_consistency,56,157.21,0.00,168.20,1,5.95,1
vllm,self_consistency,57,265.85,0.00,297.24,1,3.36,1
vllm,self_consistency,58,238.50,0.00,317.89,1,3.15,1
vllm,self_consistency,59,139.98,0.00,145.35,1,6.88,1
vllm,self_consistency,60,160.55,0.00,216.12,1,4.63,1
vllm,self_consistency,61,255.39,0.00,278.87,1,3.59,1
vllm,self_consistency,62,310.18,0.00,319.97,1,3.13,1
vllm,self_consistency,63,210.26,0.00,229.35,1,4.36,1
vllm,self_consistency,64,123.25,0.00,151.40,1,6.60,1
vllm,self_consistency,65,172.32,0.00,200.54,1,4.99,1
vllm,self_consistency,66,153.34,0.00,165.90,1,6.03,1
vllm,self_consistency,67,182.28,0.00,182.51,1,5.48,1
vllm,self_consistency,68,155.08,0.00,207.32,1,4.82,1
vllm,self_consistency,69,110.94,0.00,135.02,1,7.41,1
vllm,self_consistency,70,156.58,0.00,156.89,1,6.37,1
vllm,self_consistency,71,145.77,0.00,156.03,1,6.41,1
vllm,self_consistency,72,240.65,0.00,261.99,1,3.82,1
vllm,self_consistency,73,221.21,0.00,241.75,1,4.14,1
vllm,self_consistency,74,142.87,0.00,163.43,1,6.12,1
vllm,self_consistency,75,252.30,0.00,275.50,1,3.63,1
vllm,self_consistency,76,207.39,0.00,253.37,1,3.95,1
vllm,self_consistency,77,278.60,0.00,293.54,1,3.41,1
vllm,self_consistency,78,191.60,0.00,237.23,1,4.22,1
vllm,self_consistency,79,155.36,0.00,165.82,1,6.03,1
vllm,self_consistency,80,136.92,0.00,149.40,1,6.69,1
vllm,self_consistency,81,132.92,0.00,161.82,1,6.18,1
vllm,self_consistency,82,151.55,0.00,151.79,1,6.59,1
vllm,self_consistency,83,267.16,0.00,300.68,1,3.33,1
vllm,self_consistency,84,193.51,0.00,193.81,1,5.16,1
vllm,self_consistency,85,184.19,0.00,193.33,1,5.17,1
vllm,self_consistency,86,193.03,0.00,214.58,1,4.66,1
vllm,self_consistency,87,224.76,0.00,234.78,1,4.26,1
vllm,self_consistency,88,139.80,0.00,161.61,1,6.19,1
vllm,self_consistency,89,174.11,0.00,180.09,1,5.55,1
vllm,self_consistency,90,213.53,0.00,238.13,1,4.20,1
vllm,self_consistency,91,207.27,0.00,235.73,1,4.24,1
vllm,self_consistency,92,191.21,0.00,213.56,1,4.68,1
vllm,self_consistency,93,315.29,0.00,333.87,1,3.00,1
vllm,self_consistency,94,287.03,0.00,306.96,1,3.26,1
vllm,self_consistency,95,177.84,0.00,187.63,1,5.33,1
vllm,self_consistency,96,112.51,0.00,132.30,1,7.56,1
vllm,self_consistency,97,189.86,0.00,194.89,1,5.13,1
vllm,self_consistency,98,108.72,0.00,108.99,1,9.18,1
vllm,self_consistency,99,58.03,0.00,75.75,1,13.20,1
vllm,self_consistency,100,153.42,0.00,153.72,1,6.51,1
vllm,self_consistency,101,113.03,0.00,129.76,1,7.71,1
vllm,self_consistency,102,198.15,0.00,272.59,1,3.67,1
vllm,self_consistency,103,139.45,0.00,139.71,1,7.16,1
vllm,self_consistency,104,111.30,0.00,122.88,1,8.14,1
vllm,self_consistency,105,92.02,0.00,103.06,1,9.70,1
vllm,self_consistency,106,64.57,0.00,93.90,1,10.65,1
vllm,self_consistency,107,343.84,0.00,344.11,1,2.91,1
vllm,self_consistency,108,182.00,0.00,192.14,1,5.20,1
vllm,self_consistency,109,121.32,0.00,157.47,1,6.35,1
vllm,self_consistency,110,156.78,0.00,192.35,1,5.20,1
vllm,self_consistency,111,181.71,0.00,204.69,1,4.89,1
vllm,self_consistency,112,192.27,0.00,208.39,1,4.80,1
vllm,self_consistency,113,184.83,0.00,227.74,1,4.39,1
vllm,self_consistency,114,171.78,0.00,205.11,1,4.88,1
vllm,self_consistency,115,158.38,0.00,183.50,1,5.45,1
vllm,self_consistency,116,154.13,0.00,181.66,1,5.50,1
vllm,self_consistency,117,185.74,0.00,195.42,1,5.12,1
vllm,self_consistency,118,423.58,0.00,504.32,1,1.98,1
vllm,self_consistency,119,218.42,0.00,233.98,1,4.27,1
vllm,self_consistency,120,145.34,0.00,161.55,1,6.19,1
vllm,self_consistency,121,169.90,0.00,170.15,1,5.88,1
vllm,self_consistency,122,85.11,0.00,97.03,1,10.31,1
vllm,self_consistency,123,124.32,0.00,141.94,1,7.05,1
vllm,self_consistency,124,151.30,0.00,174.82,1,5.72,1
vllm,self_consistency,125,165.64,0.00,165.93,1,6.03,1
vllm,self_consistency,126,189.77,0.00,273.57,1,3.66,1
vllm,self_consistency,127,174.48,0.00,174.99,1,5.71,1
vllm,self_consistency,128,134.13,0.00,134.41,1,7.44,1
vllm,self_consistency,129,105.35,0.00,130.44,1,7.67,1
vllm,self_consistency,130,170.09,0.00,190.32,1,5.25,1
vllm,self_consistency,131,140.76,0.00,160.64,1,6.23,1
vllm,self_consistency,132,273.15,0.00,278.25,1,3.59,1
vllm,self_consistency,133,123.22,0.00,149.72,1,6.68,1
vllm,self_consistency,134,175.46,0.00,180.10,1,5.55,1
vllm,self_consistency,135,158.78,0.00,258.65,1,3.87,1
vllm,self_consistency,136,133.02,0.00,199.33,1,5.02,1
vllm,self_consistency,137,241.64,0.00,342.51,1,2.92,1
vllm,self_consistency,138,272.61,0.00,316.50,1,3.16,1
vllm,self_consistency,139,134.26,0.00,179.27,1,5.58,1
vllm,self_consistency,140,120.81,0.00,136.60,1,7.32,1
vllm,self_consistency,141,215.47,0.00,225.55,1,4.43,1
vllm,self_consistency,142,141.14,0.00,145.98,1,6.85,1
vllm,self_consistency,143,249.74,0.00,269.24,1,3.71,1
vllm,self_consistency,144,164.39,0.00,169.28,1,5.91,1
vllm,self_consistency,145,220.36,0.00,220.72,1,4.53,1
vllm,self_consistency,146,132.26,0.00,145.58,1,6.87,1
vllm,self_consistency,147,147.58,0.00,195.29,1,5.12,1
vllm,self_consistency,148,164.59,0.00,173.99,1,5.75,1
vllm,self_consistency,149,179.13,0.00,194.15,1,5.15,1
vllm,self_consistency,150,209.85,0.00,233.21,1,4.29,1
vllm,self_consistency,151,275.21,0.00,275.46,1,3.63,1
vllm,self_consistency,152,212.49,0.00,268.14,1,3.73,1
vllm,self_consistency,153,127.96,0.00,149.95,1,6.67,1
vllm,self_consistency,154,127.27,0.00,146.59,1,6.82,1
vllm,self_consistency,155,105.39,0.00,123.58,1,8.09,1
vllm,self_consistency,156,100.08,0.00,124.20,1,8.05,1
vllm,self_consistency,157,69.43,0.00,92.66,1,10.79,1
vllm,self_consistency,158,58.63,0.00,86.55,1,11.55,1
vllm,self_consistency,159,197.58,0.00,197.92,1,5.05,1
vllm,self_consistency,160,130.88,0.00,164.68,1,6.07,1
vllm,self_consistency,161,77.71,0.00,102.29,1,9.78,1
vllm,self_consistency,162,276.37,0.00,281.34,1,3.55,1
vllm,self_consistency,163,147.78,0.00,172.64,1,5.79,1
vllm,self_consistency,164,331.97,0.00,369.27,1,2.71,1
vllm,self_consistency,165,122.30,0.00,152.14,1,6.57,1
vllm,self_consistency,166,150.33,0.00,200.22,1,4.99,1
vllm,self_consistency,167,141.53,0.00,146.77,1,6.81,1
vllm,self_consistency,168,125.28,0.00,153.79,1,6.50,1
vllm,self_consistency,169,115.11,0.00,119.88,1,8.34,1
vllm,self_consistency,170,206.04,0.00,211.27,1,4.73,1
vllm,self_consistency,171,171.93,0.00,172.18,1,5.81,1
vllm,self_consistency,172,240.73,0.00,241.02,1,4.15,1
vllm,self_consistency,173,253.38,0.00,293.22,1,3.41,1
vllm,self_consistency,174,100.25,0.00,122.56,1,8.16,1
vllm,self_consistency,175,123.19,0.00,151.91,1,6.58,1
vllm,self_consistency,176,174.22,0.00,239.91,1,4.17,1
vllm,self_consistency,177,119.51,0.00,174.34,1,5.74,1
vllm,self_consistency,178,158.47,0.00,158.70,1,6.30,1
vllm,self_consistency,179,78.70,0.00,95.20,1,10.50,1
vllm,self_consistency,180,265.93,0.00,286.30,1,3.49,1
vllm,self_consistency,181,153.43,0.00,162.90,1,6.14,1
vllm,self_consistency,182,232.23,0.00,261.05,1,3.83,1
vllm,self_consistency,183,170.20,0.00,170.51,1,5.86,1
vllm,self_consistency,184,185.53,0.00,274.29,1,3.65,1
vllm,self_consistency,185,231.44,0.00,231.74,1,4.32,1
vllm,self_consistency,186,150.16,0.00,174.14,1,5.74,1
vllm,self_consistency,187,262.01,0.00,287.02,1,3.48,1
vllm,self_consistency,188,214.45,0.00,224.68,1,4.45,1
vllm,self_consistency,189,97.29,0.00,112.72,1,8.87,1
vllm,self_consistency,190,65.59,0.00,93.22,1,10.73,1
vllm,self_consistency,191,329.76,0.00,355.35,1,2.81,1
vllm,self_consistency,192,217.12,0.00,217.39,1,4.60,1
vllm,self_consistency,193,457.26,0.00,457.59,1,2.19,1
vllm,self_consistency,194,224.56,0.00,257.03,1,3.89,1
vllm,self_consistency,195,91.58,0.00,136.13,1,7.35,1
vllm,self_consistency,196,151.02,0.00,180.52,1,5.54,1
vllm,self_consistency,197,190.75,0.00,242.42,1,4.13,1
vllm,self_consistency,198,182.13,0.00,259.20,1,3.86,1
vllm,self_consistency,199,78.65,0.00,103.27,1,9.68,1
vllm,self_consistency,200,71.04,0.00,94.97,1,10.53,1
vllm,self_consistency,201,216.31,0.00,245.59,1,4.07,1
vllm,self_consistency,202,184.25,0.00,210.15,1,4.76,1
vllm,self_consistency,203,135.53,0.00,164.44,1,6.08,1
vllm,self_consistency,204,126.50,0.00,168.41,1,5.94,1
vllm,self_consistency,205,158.77,0.00,178.45,1,5.60,1
vllm,self_consistency,206,73.94,0.00,97.35,1,10.27,1
vllm,self_consistency,207,179.26,0.00,183.13,1,5.46,1
vllm,self_consistency,208,242.89,0.00,297.82,1,3.36,1
vllm,self_consistency,209,226.37,0.00,248.31,1,4.03,1
vllm,self_consistency,210,244.72,0.00,275.42,1,3.63,1
vllm,self_consistency,211,150.83,0.00,155.78,1,6.42,1
vllm,self_consistency,212,84.91,0.00,90.20,1,11.09,1
vllm,self_consistency,213,120.58,0.00,133.06,1,7.52,1
vllm,self_consistency,214,230.76,0.00,254.86,1,3.92,1
vllm,self_consistency,215,95.84,0.00,131.36,1,7.61,1
vllm,self_consistency,216,46.10,0.00,56.94,1,17.56,1
vllm,self_consistency,217,199.54,0.00,224.61,1,4.45,1
vllm,self_consistency,218,104.62,0.00,118.25,1,8.46,1
vllm,self_consistency,219,78.81,0.00,106.15,1,9.42,1
vllm,self_consistency,220,128.91,0.00,149.41,1,6.69,1
vllm,self_consistency,221,112.56,0.00,126.36,1,7.91,1
vllm,self_consistency,222,175.42,0.00,204.58,1,4.89,1
vllm,self_consistency,223,181.23,0.00,186.46,1,5.36,1
vllm,self_consistency,224,221.65,0.00,241.50,1,4.14,1
vllm,self_consistency,225,90.40,0.00,125.83,1,7.95,1
vllm,self_consistency,226,116.23,0.00,118.72,1,8.42,1
vllm,self_consistency,227,223.16,0.00,244.02,1,4.10,1
vllm,self_consistency,228,166.92,0.00,194.46,1,5.14,1
vllm,self_consistency,229,98.45,0.00,103.47,1,9.66,1
vllm,self_consistency,230,199.61,0.00,217.21,1,4.60,1
vllm,self_consistency,231,145.25,0.00,198.16,1,5.05,1
vllm,self_consistency,232,139.85,0.00,144.06,1,6.94,1
vllm,self_consistency,233,275.54,0.00,291.25,1,3.43,1
vllm,self_consistency,234,106.80,0.00,124.21,1,8.05,1
vllm,self_consistency,235,136.98,0.00,148.20,1,6.75,1
vllm,self_consistency,236,287.17,0.00,298.29,1,3.35,1
vllm,self_consistency,237,222.30,0.00,222.57,1,4.49,1
vllm,self_consistency,238,136.03,0.00,170.34,1,5.87,1
vllm,self_consistency,239,196.08,0.00,207.43,1,4.82,1
vllm,self_consistency,240,197.30,0.00,217.09,1,4.61,1
vllm,self_consistency,241,291.44,0.00,326.57,1,3.06,1
vllm,self_consistency,242,193.16,0.00,208.16,1,4.80,1
vllm,self_consistency,243,246.46,0.00,266.32,1,3.75,1
vllm,self_consistency,244,100.70,0.00,140.25,1,7.13,1
vllm,self_consistency,245,100.88,0.00,124.08,1,8.06,1
vllm,self_consistency,246,130.55,0.00,130.90,1,7.64,1
vllm,self_consistency,247,110.54,0.00,128.52,1,7.78,1
vllm,self_consistency,248,174.51,0.00,179.77,1,5.56,1
vllm,self_consistency,249,150.99,0.00,177.91,1,5.62,1
vllm,self_consistency,250,253.91,0.00,262.21,1,3.81,1
vllm,self_consistency,251,153.72,0.00,178.40,1,5.61,1
vllm,self_consistency,252,239.11,0.00,248.96,1,4.02,1
vllm,self_consistency,253,139.47,0.00,144.81,1,6.91,1
vllm,self_consistency,254,134.98,0.00,148.18,1,6.75,1
vllm,self_consistency,255,126.94,0.00,139.80,1,7.15,1
vllm,self_consistency,256,167.27,0.00,196.12,1,5.10,1
vllm,self_consistency,257,80.38,0.00,116.82,1,8.56,1
vllm,self_consistency,258,173.03,0.00,200.20,1,5.00,1
vllm,self_consistency,259,111.00,0.00,131.76,1,7.59,1
vllm,self_consistency,260,79.01,0.00,105.45,1,9.48,1
vllm,self_consistency,261,210.20,0.00,220.68,1,4.53,1
vllm,self_consistency,262,90.53,0.00,138.09,1,7.24,1
vllm,self_consistency,263,149.08,0.00,174.93,1,5.72,1
vllm,self_consistency,264,124.47,0.00,166.91,1,5.99,1
vllm,self_consistency,265,199.63,0.00,199.92,1,5.00,1
vllm,self_consistency,266,247.97,0.00,252.46,1,3.96,1
vllm,self_consistency,267,157.65,0.00,220.04,1,4.54,1
vllm,self_consistency,268,105.75,0.00,110.52,1,9.05,1
vllm,self_consistency,269,85.99,0.00,113.66,1,8.80,1
vllm,self_consistency,270,214.92,0.00,252.13,1,3.97,1
vllm,self_consistency,271,148.33,0.00,152.44,1,6.56,1
vllm,self_consistency,272,127.76,0.00,137.50,1,7.27,1
vllm,self_consistency,273,156.91,0.00,182.59,1,5.48,1
vllm,self_consistency,274,111.71,0.00,122.46,1,8.17,1
vllm,self_consistency,275,70.31,0.00,98.24,1,10.18,1
vllm,self_consistency,276,56.19,0.00,70.71,1,14.14,1
vllm,self_consistency,277,120.02,0.00,129.32,1,7.73,1
vllm,self_consistency,278,216.89,0.00,234.11,1,4.27,1
vllm,self_consistency,279,268.32,0.00,333.26,1,3.00,1
vllm,self_consistency,280,123.14,0.00,141.06,1,7.09,1
vllm,self_consistency,281,159.58,0.00,167.89,1,5.96,1
vllm,self_consistency,282,81.71,0.00,97.65,1,10.24,1
vllm,self_consistency,283,185.86,0.00,219.97,1,4.55,1
vllm,self_consistency,284,104.90,0.00,119.27,1,8.38,1
vllm,self_consistency,285,119.98,0.00,120.28,1,8.31,1
vllm,self_consistency,286,126.08,0.00,150.71,1,6.64,1
vllm,self_consistency,287,206.23,0.00,211.27,1,4.73,1
vllm,self_consistency,288,128.36,0.00,147.64,1,6.77,1
vllm,self_consistency,289,108.22,0.00,122.24,1,8.18,1
vllm,self_consistency,290,267.31,0.00,271.99,1,3.68,1
vllm,self_consistency,291,102.90,0.00,135.12,1,7.40,1
vllm,self_consistency,292,158.54,0.00,191.17,1,5.23,1
vllm,self_consistency,293,156.23,0.00,168.05,1,5.95,1
vllm,self_consistency,294,99.99,0.00,113.25,1,8.83,1
vllm,self_consistency,295,73.24,0.00,97.89,1,10.22,1
vllm,self_consistency,296,168.53,0.00,172.99,1,5.78,1
vllm,self_consistency,297,135.48,0.00,182.18,1,5.49,1
vllm,self_consistency,298,187.58,0.00,205.32,1,4.87,1
vllm,self_consistency,299,174.23,0.00,177.46,1,5.64,1
vllm,self_consistency,300,191.97,0.00,196.28,1,5.09,1
vllm,self_consistency,301,210.81,0.00,290.10,1,3.45,1
vllm,self_consistency,302,158.90,0.00,166.17,1,6.02,1
vllm,self_consistency,303,235.30,0.00,270.84,1,3.69,1
vllm,self_consistency,304,115.99,0.00,141.70,1,7.06,1
vllm,self_consistency,305,137.05,0.00,150.81,1,6.63,1
vllm,self_consistency,306,96.26,0.00,116.78,1,8.56,1
vllm,self_consistency,307,174.40,0.00,198.98,1,5.03,1
vllm,self_consistency,308,117.72,0.00,136.44,1,7.33,1
vllm,self_consistency,309,138.17,0.00,195.69,1,5.11,1
vllm,self_consistency,310,255.01,0.00,255.30,1,3.92,1
vllm,self_consistency,311,170.75,0.00,171.00,1,5.85,1
vllm,self_consistency,312,152.93,0.00,153.19,1,6.53,1
vllm,self_consistency,313,195.73,0.00,205.31,1,4.87,1
vllm,self_consistency,314,240.45,0.00,244.22,1,4.09,1
vllm,self_consistency,315,163.30,0.00,163.54,1,6.11,1
vllm,self_consistency,316,298.76,0.00,324.15,1,3.08,1
vllm,self_consistency,317,173.53,0.00,212.05,1,4.72,1
vllm,self_consistency,318,125.96,0.00,129.93,1,7.70,1
vllm,self_consistency,319,256.18,0.00,310.20,1,3.22,1
vllm,self_consistency,320,212.18,0.00,254.71,1,3.93,1
vllm,self_consistency,321,131.37,0.00,153.62,1,6.51,1
vllm,self_consistency,322,204.46,0.00,209.30,1,4.78,1
vllm,self_consistency,323,204.54,0.00,218.72,1,4.57,1
vllm,self_consistency,324,105.81,0.00,106.05,1,9.43,1
vllm,self_consistency,325,175.17,0.00,186.35,1,5.37,1
vllm,self_consistency,326,137.38,0.00,137.61,1,7.27,1
vllm,self_consistency,327,121.44,0.00,121.71,1,8.22,1
vllm,self_consistency,328,147.84,0.00,172.31,1,5.80,1
vllm,self_consistency,329,216.58,0.00,216.88,1,4.61,1
vllm,self_consistency,330,112.42,0.00,198.83,1,5.03,1
vllm,self_consistency,331,139.96,0.00,167.18,1,5.98,1
vllm,self_consistency,332,91.84,0.00,104.97,1,9.53,1
vllm,self_consistency,333,268.63,0.00,288.91,1,3.46,1
vllm,self_consistency,334,195.96,0.00,233.24,1,4.29,1
vllm,self_consistency,335,138.66,0.00,148.03,1,6.76,1
vllm,self_consistency,336,130.16,0.00,134.15,1,7.45,1
vllm,self_consistency,337,115.63,0.00,147.84,1,6.76,1
vllm,self_consistency,338,257.74,0.00,292.83,1,3.41,1
vllm,self_consistency,339,120.27,0.00,141.18,1,7.08,1
vllm,self_consistency,340,176.91,0.00,187.04,1,5.35,1
vllm,self_consistency,341,102.72,0.00,119.99,1,8.33,1
vllm,self_consistency,342,115.17,0.00,139.80,1,7.15,1
vllm,self_consistency,343,80.37,0.00,114.02,1,8.77,1
vllm,self_consistency,344,134.16,0.00,216.38,1,4.62,1
vllm,self_consistency,345,173.11,0.00,188.62,1,5.30,1
vllm,self_consistency,346,62.03,0.00,94.17,1,10.62,1
vllm,self_consistency,347,199.23,0.00,215.24,1,4.65,1
vllm,self_consistency,348,179.35,0.00,208.97,1,4.79,1
vllm,self_consistency,349,142.70,0.00,142.94,1,7.00,1
vllm,self_consistency,350,162.90,0.00,198.29,1,5.04,1
vllm,self_consistency,351,106.24,0.00,133.41,1,7.50,1
vllm,self_consistency,352,219.53,0.00,219.78,1,4.55,1
vllm,self_consistency,353,285.79,0.00,295.27,1,3.39,1
vllm,self_consistency,354,126.86,0.00,157.15,1,6.36,1
vllm,self_consistency,355,116.79,0.00,152.06,1,6.58,1
vllm,self_consistency,356,242.93,0.00,244.70,1,4.09,1
vllm,self_consistency,357,129.87,0.00,158.40,1,6.31,1
vllm,self_consistency,358,169.95,0.00,190.68,1,5.24,1
vllm,self_consistency,359,91.13,0.00,112.89,1,8.86,1
vllm,self_consistency,360,158.57,0.00,178.29,1,5.61,1
vllm,self_consistency,361,120.08,0.00,124.66,1,8.02,1
vllm,self_consistency,362,296.63,0.00,301.15,1,3.32,1
vllm,self_consistency,363,119.68,0.00,119.94,1,8.34,1
vllm,self_consistency,364,139.05,0.00,201.74,1,4.96,1
vllm,self_consistency,365,113.31,0.00,124.15,1,8.06,1
vllm,self_consistency,366,66.59,0.00,94.01,1,10.64,1
vllm,self_consistency,367,179.68,0.00,179.91,1,5.56,1
vllm,self_consistency,368,136.29,0.00,162.29,1,6.16,1
vllm,self_consistency,369,202.31,0.00,233.41,1,4.28,1
vllm,self_consistency,370,161.02,0.00,216.81,1,4.61,1
vllm,self_consistency,371,188.50,0.00,234.51,1,4.26,1
vllm,self_consistency,372,150.24,0.00,169.69,1,5.89,1
vllm,self_consistency,373,255.91,0.00,270.39,1,3.70,1
vllm,self_consistency,374,94.36,0.00,116.96,1,8.55,1
vllm,self_consistency,375,118.01,0.00,138.71,1,7.21,1
vllm,self_consistency,376,169.29,0.00,169.55,1,5.90,1
vllm,self_consistency,377,201.60,0.00,230.86,1,4.33,1
vllm,self_consistency,378,120.61,0.00,130.40,1,7.67,1
vllm,self_consistency,379,166.70,0.00,167.12,1,5.98,1
vllm,self_consistency,380,126.34,0.00,130.29,1,7.68,1
vllm,self_consistency,381,90.68,0.00,108.84,1,9.19,1
vllm,self_consistency,382,176.42,0.00,181.33,1,5.51,1
vllm,self_consistency,383,131.59,0.00,149.36,1,6.70,1
vllm,self_consistency,384,150.05,0.00,163.52,1,6.12,1
vllm,self_consistency,385,268.88,0.00,285.70,1,3.50,1
vllm,self_consistency,386,160.61,0.00,204.80,1,4.88,1
vllm,self_consistency,387,134.36,0.00,174.86,1,5.72,1
vllm,self_consistency,388,239.30,0.00,262.80,1,3.81,1
vllm,self_consistency,389,161.60,0.00,188.89,1,5.29,1
vllm,self_consistency,390,121.90,0.00,137.58,1,7.27,1
vllm,self_consistency,391,119.87,0.00,123.32,1,8.11,1
vllm,self_consistency,392,203.58,0.00,246.60,1,4.06,1
vllm,self_consistency,393,313.81,0.00,318.98,1,3.14,1
vllm,self_consistency,394,403.37,0.00,426.59,1,2.34,1
vllm,self_consistency,395,175.85,0.00,212.80,1,4.70,1
vllm,self_consistency,396,186.41,0.00,195.51,1,5.11,1
vllm,self_consistency,397,141.69,0.00,167.31,1,5.98,1
vllm,self_consistency,398,154.69,0.00,196.81,1,5.08,1
vllm,self_consistency,399,200.06,0.00,200.33,1,4.99,1
vllm,self_consistency,400,187.43,0.00,202.80,1,4.93,1
vllm,self_consistency,401,222.11,0.00,222.35,1,4.50,1
vllm,self_consistency,402,145.85,0.00,150.85,1,6.63,1
vllm,self_consistency,403,121.34,0.00,150.95,1,6.62,1
vllm,self_consistency,404,237.06,0.00,237.36,1,4.21,1
vllm,self_consistency,405,261.08,0.00,261.32,1,3.83,1
vllm,self_consistency,406,135.04,0.00,183.77,1,5.44,1
vllm,self_consistency,407,81.52,0.00,103.70,1,9.64,1
vllm,self_consistency,408,113.72,0.00,134.05,1,7.46,1
vllm,self_consistency,409,88.86,0.00,104.32,1,9.59,1
vllm,self_consistency,410,104.36,0.00,146.46,1,6.83,1
vllm,self_consistency,411,105.10,0.00,138.11,1,7.24,1
vllm,self_consistency,412,79.94,0.00,129.67,1,7.71,1
vllm,self_consistency,413,152.89,0.00,176.98,1,5.65,1
vllm,self_consistency,414,153.42,0.00,168.05,1,5.95,1
vllm,self_consistency,415,205.62,0.00,216.87,1,4.61,1
vllm,self_consistency,416,160.37,0.00,213.20,1,4.69,1
vllm,self_consistency,417,124.21,0.00,147.49,1,6.78,1
vllm,self_consistency,418,154.83,0.00,175.49,1,5.70,1
vllm,self_consistency,419,87.28,0.00,99.33,1,10.07,1
vllm,self_consistency,420,126.76,0.00,130.78,1,7.65,1
vllm,self_consistency,421,99.11,0.00,124.57,1,8.03,1
vllm,self_consistency,422,128.80,0.00,153.64,1,6.51,1
vllm,self_consistency,423,234.56,0.00,274.27,1,3.65,1
vllm,self_consistency,424,169.49,0.00,196.72,1,5.08,1
vllm,self_consistency,425,135.17,0.00,168.33,1,5.94,1
vllm,self_consistency,426,128.23,0.00,190.13,1,5.26,1
vllm,self_consistency,427,274.65,0.00,346.85,1,2.88,1
vllm,self_consistency,428,197.95,0.00,223.54,1,4.47,1
vllm,self_consistency,429,141.34,0.00,155.98,1,6.41,1
vllm,self_consistency,430,191.67,0.00,197.03,1,5.08,1
vllm,self_consistency,431,228.09,0.00,246.51,1,4.06,1
vllm,self_consistency,432,165.50,0.00,179.48,1,5.57,1
vllm,self_consistency,433,173.35,0.00,183.39,1,5.45,1
vllm,self_consistency,434,103.95,0.00,143.79,1,6.95,1
vllm,self_consistency,435,153.44,0.00,159.33,1,6.28,1
vllm,self_consistency,436,133.72,0.00,193.35,1,5.17,1
vllm,self_consistency,437,145.97,0.00,168.94,1,5.92,1
vllm,self_consistency,438,76.80,0.00,99.11,1,10.09,1
vllm,self_consistency,439,132.83,0.00,133.07,1,7.51,1
vllm,self_consistency,440,105.82,0.00,145.78,1,6.86,1
vllm,self_consistency,441,118.97,0.00,145.57,1,6.87,1
vllm,self_consistency,442,241.17,0.00,248.43,1,4.03,1
vllm,self_consistency,443,218.29,0.00,218.66,1,4.57,1
vllm,self_consistency,444,179.34,0.00,191.22,1,5.23,1
vllm,self_consistency,445,279.56,0.00,312.34,1,3.20,1
vllm,self_consistency,446,86.29,0.00,131.12,1,7.63,1
vllm,self_consistency,447,81.93,0.00,117.54,1,8.51,1
vllm,self_consistency,448,197.33,0.00,201.99,1,4.95,1
vllm,self_consistency,449,111.04,0.00,151.47,1,6.60,1
vllm,self_consistency,450,76.33,0.00,107.96,1,9.26,1
vllm,self_consistency,451,190.90,0.00,195.76,1,5.11,1
vllm,self_consistency,452,86.14,0.00,94.67,1,10.56,1
vllm,self_consistency,453,206.95,0.00,216.62,1,4.62,1
vllm,self_consistency,454,81.44,0.00,163.05,1,6.13,1
vllm,self_consistency,455,158.21,0.00,172.19,1,5.81,1
vllm,self_consistency,456,123.09,0.00,130.53,1,7.66,1
vllm,self_consistency,457,118.39,0.00,160.57,1,6.23,1
vllm,self_consistency,458,299.83,0.00,362.76,1,2.76,1
vllm,self_consistency,459,257.86,0.00,266.07,1,3.76,1
vllm,self_consistency,460,256.10,0.00,264.74,1,3.78,1
vllm,self_consistency,461,205.69,0.00,205.97,1,4.86,1
vllm,self_consistency,462,101.21,0.00,117.27,1,8.53,1
vllm,self_consistency,463,235.11,0.00,297.85,1,3.36,1
vllm,self_consistency,464,79.17,0.00,96.00,1,10.42,1
vllm,self_consistency,465,123.66,0.00,128.68,1,7.77,1
vllm,self_consistency,466,132.38,0.00,140.54,1,7.12,1
vllm,self_consistency,467,205.93,0.00,223.43,1,4.48,1
vllm,self_consistency,468,250.62,0.00,255.69,1,3.91,1
vllm,self_consistency,469,231.45,0.00,236.16,1,4.23,1
vllm,self_consistency,470,123.49,0.00,169.07,1,5.91,1
vllm,self_consistency,471,197.39,0.00,219.48,1,4.56,1
vllm,self_consistency,472,270.44,0.00,357.04,1,2.80,1
vllm,self_consistency,473,106.84,0.00,129.76,1,7.71,1
vllm,self_consistency,474,192.35,0.00,197.69,1,5.06,1
vllm,self_consistency,475,66.11,0.00,97.94,1,10.21,1
vllm,self_consistency,476,153.24,0.00,163.69,1,6.11,1
vllm,self_consistency,477,99.71,0.00,105.92,1,9.44,1
vllm,self_consistency,478,130.84,0.00,173.47,1,5.76,1
vllm,self_consistency,479,142.86,0.00,157.03,1,6.37,1
vllm,self_consistency,480,199.79,0.00,251.81,1,3.97,1
vllm,self_consistency,481,109.81,0.00,127.77,1,7.83,1
vllm,self_consistency,482,158.27,0.00,167.06,1,5.99,1
vllm,self_consistency,483,151.23,0.00,175.66,1,5.69,1
vllm,self_consistency,484,167.59,0.00,167.84,1,5.96,1
vllm,self_consistency,485,253.57,0.00,258.51,1,3.87,1
vllm,self_consistency,486,121.66,0.00,165.74,1,6.03,1
vllm,self_consistency,487,68.42,0.00,93.08,1,10.74,1
vllm,self_consistency,488,174.36,0.00,192.77,1,5.19,1
vllm,self_consistency,489,157.99,0.00,182.18,1,5.49,1
vllm,self_consistency,490,174.31,0.00,187.58,1,5.33,1
vllm,self_consistency,491,156.19,0.00,224.25,1,4.46,1
vllm,self_consistency,492,113.65,0.00,128.49,1,7.78,1
vllm,self_consistency,493,173.15,0.00,184.21,1,5.43,1
vllm,self_consistency,494,137.64,0.00,155.97,1,6.41,1
vllm,self_consistency,495,242.65,0.00,242.93,1,4.12,1
vllm,self_consistency,496,163.43,0.00,210.80,1,4.74,1
vllm,self_consistency,497,300.12,0.00,305.45,1,3.27,1
vllm,self_consistency,498,98.38,0.00,105.05,1,9.52,1
vllm,self_consistency,499,129.15,0.00,164.53,1,6.08,1
vllm,self_consistency,500,145.01,0.00,148.76,1,6.72,1
vllm,self_consistency,501,288.33,0.00,288.56,1,3.47,1
vllm,self_consistency,502,268.93,0.00,269.17,1,3.72,1
vllm,self_consistency,503,207.17,0.00,259.05,1,3.86,1
vllm,self_consistency,504,90.30,0.00,145.31,1,6.88,1
vllm,self_consistency,505,100.33,0.00,117.34,1,8.52,1
vllm,self_consistency,506,217.70,0.00,226.20,1,4.42,1
vllm,self_consistency,507,126.55,0.00,182.67,1,5.47,1
vllm,self_consistency,508,139.14,0.00,200.72,1,4.98,1
vllm,self_consistency,509,188.85,0.00,193.80,1,5.16,1
vllm,self_consistency,510,107.95,0.00,118.23,1,8.46,1
vllm,self_consistency,511,214.02,0.00,218.21,1,4.58,1
vllm,self_consistency,512,138.41,0.00,163.72,1,6.11,1
vllm,self_consistency,513,174.05,0.00,194.24,1,5.15,1
vllm,self_consistency,514,86.93,0.00,138.19,1,7.24,1
vllm,self_consistency,515,104.17,0.00,135.36,1,7.39,1
vllm,self_consistency,516,348.81,0.00,353.36,1,2.83,1
vllm,self_consistency,517,178.20,0.00,187.01,1,5.35,1
vllm,self_consistency,518,274.60,0.00,274.92,1,3.64,1
vllm,self_consistency,519,179.21,0.00,235.78,1,4.24,1
vllm,self_consistency,520,132.24,0.00,147.39,1,6.78,1
vllm,self_consistency,521,175.36,0.00,213.99,1,4.67,1
vllm,self_consistency,522,152.98,0.00,157.94,1,6.33,1
vllm,self_consistency,523,229.06,0.00,229.33,1,4.36,1
vllm,self_consistency,524,248.66,0.00,277.46,1,3.60,1
vllm,self_consistency,525,249.36,0.00,258.65,1,3.87,1
vllm,self_consistency,526,125.63,0.00,143.72,1,6.96,1
vllm,self_consistency,527,125.06,0.00,127.41,1,7.85,1
vllm,self_consistency,528,269.37,0.00,288.52,1,3.47,1
vllm,self_consistency,529,373.02,0.00,373.31,1,2.68,1
vllm,self_consistency,530,148.36,0.00,149.71,1,6.68,1
vllm,self_consistency,531,321.70,0.00,325.68,1,3.07,1
vllm,self_consistency,532,394.12,0.00,436.33,1,2.29,1
vllm,self_consistency,533,327.49,0.00,347.57,1,2.88,1
vllm,self_consistency,534,319.86,0.00,349.36,1,2.86,1
vllm,self_consistency,535,192.78,0.00,202.97,1,4.93,1
vllm,self_consistency,536,246.82,0.00,251.69,1,3.97,1
vllm,self_consistency,537,243.56,0.00,243.87,1,4.10,1
vllm,self_consistency,538,165.85,0.00,185.39,1,5.39,1
vllm,self_consistency,539,179.58,0.00,199.89,1,5.00,1
vllm,self_consistency,540,154.10,0.00,219.90,1,4.55,1
vllm,self_consistency,541,186.41,0.00,216.05,1,4.63,1
vllm,self_consistency,542,168.69,0.00,184.01,1,5.43,1
vllm,self_consistency,543,108.06,0.00,185.58,1,5.39,1
vllm,self_consistency,544,227.68,0.00,227.97,1,4.39,1
vllm,self_consistency,545,308.82,0.00,318.16,1,3.14,1
vllm,self_consistency,546,89.97,0.00,137.01,1,7.30,1
vllm,self_consistency,547,133.14,0.00,138.10,1,7.24,1
vllm,self_consistency,548,142.37,0.00,160.19,1,6.24,1
vllm,self_consistency,549,195.87,0.00,222.82,1,4.49,1
vllm,self_consistency,550,232.87,0.00,233.12,1,4.29,1
vllm,self_consistency,551,259.68,0.00,284.74,1,3.51,1
vllm,self_consistency,552,236.39,0.00,296.59,1,3.37,1
vllm,self_consistency,553,209.09,0.00,229.32,1,4.36,1
vllm,self_consistency,554,222.18,0.00,282.30,1,3.54,1
vllm,self_consistency,555,302.13,0.00,364.78,1,2.74,1
vllm,self_consistency,556,340.15,0.00,360.35,1,2.78,1
vllm,self_consistency,557,255.88,0.00,256.16,1,3.90,1
vllm,self_consistency,558,363.45,0.00,363.72,1,2.75,1
vllm,self_consistency,559,208.77,0.00,268.60,1,3.72,1
vllm,self_consistency,560,225.18,0.00,255.24,1,3.92,1
vllm,self_consistency,561,159.49,0.00,190.14,1,5.26,1
vllm,self_consistency,562,305.51,0.00,367.20,1,2.72,1
vllm,self_consistency,563,273.02,0.00,288.39,1,3.47,1
vllm,self_consistency,564,252.36,0.00,320.59,1,3.12,1
vllm,self_consistency,565,184.43,0.00,251.68,1,3.97,1
vllm,self_consistency,566,223.07,0.00,228.44,1,4.38,1
vllm,self_consistency,567,163.15,0.00,172.95,1,5.78,1
vllm,self_consistency,568,240.17,0.00,295.06,1,3.39,1
vllm,self_consistency,569,356.91,0.00,362.23,1,2.76,1
vllm,self_consistency,570,360.27,0.00,503.43,1,1.99,1
vllm,self_consistency,571,271.82,0.00,295.54,1,3.38,1
vllm,self_consistency,572,173.94,0.00,210.03,1,4.76,1
vllm,self_consistency,573,216.97,0.00,252.63,1,3.96,1
vllm,self_consistency,574,277.84,0.00,351.75,1,2.84,1
vllm,self_consistency,575,153.52,0.00,256.50,1,3.90,1
vllm,self_consistency,576,334.87,0.00,384.41,1,2.60,1
vllm,self_consistency,577,315.44,0.00,320.35,1,3.12,1
vllm,self_consistency,578,251.89,0.00,277.31,1,3.61,1
vllm,self_consistency,579,361.54,0.00,377.01,1,2.65,1
vllm,self_consistency,580,348.92,0.00,384.01,1,2.60,1
vllm,self_consistency,581,205.38,0.00,241.13,1,4.15,1
vllm,self_consistency,582,224.38,0.00,305.58,1,3.27,1
vllm,self_consistency,583,218.41,0.00,246.84,1,4.05,1
vllm,self_consistency,584,229.06,0.00,234.25,1,4.27,1
vllm,self_consistency,585,253.98,0.00,329.46,1,3.04,1
vllm,self_consistency,586,355.33,0.00,381.00,1,2.62,1
vllm,self_consistency,587,209.76,0.00,264.56,1,3.78,1
vllm,self_consistency,588,262.28,0.00,262.56,1,3.81,1
vllm,self_consistency,589,291.42,0.00,343.06,1,2.91,1
vllm,self_consistency,590,295.16,0.00,412.55,1,2.42,1
vllm,self_consistency,591,228.02,0.00,338.61,1,2.95,1
vllm,self_consistency,592,209.04,0.00,299.05,1,3.34,1
vllm,self_consistency,593,258.17,0.00,258.51,1,3.87,1
vllm,self_consistency,594,263.03,0.00,263.33,1,3.80,1
vllm,self_consistency,595,276.21,0.00,276.48,1,3.62,1
vllm,self_consistency,596,330.68,0.00,361.27,1,2.77,1
vllm,self_consistency,597,186.00,0.00,186.26,1,5.37,1
vllm,self_consistency,598,363.74,0.00,429.21,1,2.33,1
vllm,self_consistency,599,187.69,0.00,276.68,1,3.61,1
vllm,self_consistency,600,273.68,0.00,402.28,1,2.49,1
vllm,self_consistency,601,158.44,0.00,293.54,1,3.41,1
vllm,self_consistency,602,184.79,0.00,280.51,1,3.56,1
vllm,self_consistency,603,206.94,0.00,232.56,1,4.30,1
vllm,self_consistency,604,313.63,0.00,364.03,1,2.75,1
vllm,self_consistency,605,262.09,0.00,281.51,1,3.55,1
vllm,self_consistency,606,252.44,0.00,252.72,1,3.96,1
vllm,self_consistency,607,282.57,0.00,357.18,1,2.80,1
vllm,self_consistency,608,351.47,0.00,366.52,1,2.73,1
vllm,self_consistency,609,239.55,0.00,239.84,1,4.17,1
vllm,self_consistency,610,318.30,0.00,357.74,1,2.80,1
vllm,self_consistency,611,432.86,0.00,433.19,1,2.31,1
vllm,self_consistency,612,347.36,0.00,347.65,1,2.88,1
vllm,self_consistency,613,374.89,0.00,414.31,1,2.41,1
vllm,self_consistency,614,316.21,0.00,361.53,1,2.77,1
vllm,self_consistency,615,469.78,0.00,575.98,1,1.74,1
vllm,self_consistency,616,221.22,0.00,348.61,1,2.87,1
vllm,self_consistency,617,310.98,0.00,421.36,1,2.37,1
vllm,self_consistency,618,210.40,0.00,210.72,1,4.75,1
vllm,self_consistency,619,210.14,0.00,233.83,1,4.28,1
vllm,self_consistency,620,298.14,0.00,328.02,1,3.05,1
vllm,self_consistency,621,269.17,0.00,304.26,1,3.29,1
vllm,self_consistency,622,245.22,0.00,369.96,1,2.70,1
vllm,self_consistency,623,262.35,0.00,360.72,1,2.77,1
vllm,self_consistency,624,249.89,0.00,389.39,1,2.57,1
vllm,self_consistency,625,418.76,0.00,443.07,1,2.26,1
vllm,self_consistency,626,306.29,0.00,364.48,1,2.74,1
vllm,self_consistency,627,106.03,0.00,203.32,1,4.92,1
vllm,self_consistency,628,330.29,0.00,335.67,1,2.98,1
vllm,self_consistency,629,214.88,0.00,328.01,1,3.05,1
vllm,self_consistency,630,208.55,0.00,223.83,1,4.47,1
vllm,self_consistency,631,265.88,0.00,266.25,1,3.76,1
vllm,self_consistency,632,322.72,0.00,327.44,1,3.05,1
vllm,self_consistency,633,166.18,0.00,166.54,1,6.00,1
vllm,self_consistency,634,434.40,0.00,434.72,1,2.30,1
vllm,self_consistency,635,281.85,0.00,325.60,1,3.07,1
vllm,self_consistency,636,364.89,0.00,477.25,1,2.10,1
vllm,self_consistency,637,363.81,0.00,364.06,1,2.75,1
vllm,self_consistency,638,268.56,0.00,300.18,1,3.33,1
vllm,self_consistency,639,370.10,0.00,370.37,1,2.70,1
vllm,self_consistency,640,226.28,0.00,239.47,1,4.18,1
vllm,self_consistency,641,159.33,0.00,204.75,1,4.88,1
vllm,self_consistency,642,261.10,0.00,266.17,1,3.76,1
vllm,self_consistency,643,302.74,0.00,307.70,1,3.25,1
vllm,self_consistency,644,264.62,0.00,264.89,1,3.78,1
vllm,self_consistency,645,281.30,0.00,281.55,1,3.55,1
vllm,self_consistency,646,237.12,0.00,279.21,1,3.58,1
vllm,self_consistency,647,197.15,0.00,197.50,1,5.06,1
vllm,self_consistency,648,147.63,0.00,159.25,1,6.28,1
vllm,self_consistency,649,309.20,0.00,313.07,1,3.19,1
vllm,self_consistency,650,192.36,0.00,363.78,1,2.75,1
vllm,self_consistency,651,414.00,0.00,441.69,1,2.26,1
vllm,self_consistency,652,125.42,0.00,193.63,1,5.16,1
vllm,self_consistency,653,102.72,0.00,125.46,1,7.97,1
vllm,self_consistency,654,204.73,0.00,209.63,1,4.77,1
vllm,self_consistency,655,121.60,0.00,145.80,1,6.86,1
vllm,self_consistency,656,141.79,0.00,165.34,1,6.05,1
vllm,self_consistency,657,276.75,0.00,285.90,1,3.50,1
vllm,self_consistency,658,233.14,0.00,233.41,1,4.28,1
vllm,self_consistency,659,240.63,0.00,263.91,1,3.79,1
vllm,self_consistency,660,176.81,0.00,186.51,1,5.36,1
vllm,self_consistency,661,175.81,0.00,200.63,1,4.98,1
vllm,self_consistency,662,293.15,0.00,361.81,1,2.76,1
vllm,self_consistency,663,136.01,0.00,139.87,1,7.15,1
vllm,self_consistency,664,202.92,0.00,223.79,1,4.47,1
vllm,self_consistency,665,344.55,0.00,353.30,1,2.83,1
vllm,self_consistency,666,317.02,0.00,339.47,1,2.95,1
vllm,self_consistency,667,375.84,0.00,379.92,1,2.63,1
vllm,self_consistency,668,155.57,0.00,176.27,1,5.67,1
vllm,self_consistency,669,398.02,0.00,411.61,1,2.43,1
vllm,self_consistency,670,158.56,0.00,170.34,1,5.87,1
vllm,self_consistency,671,327.73,0.00,367.29,1,2.72,1
vllm,self_consistency,672,401.11,0.00,421.38,1,2.37,1
vllm,self_consistency,673,337.93,0.00,352.19,1,2.84,1
vllm,self_consistency,674,224.26,0.00,236.30,1,4.23,1
vllm,self_consistency,675,418.30,0.00,437.53,1,2.29,1
vllm,self_consistency,676,246.79,0.00,263.71,1,3.79,1
vllm,self_consistency,677,282.57,0.00,313.22,1,3.19,1
vllm,self_consistency,678,223.32,0.00,228.46,1,4.38,1
vllm,self_consistency,679,297.37,0.00,321.06,1,3.11,1
vllm,self_consistency,680,264.68,0.00,294.81,1,3.39,1
vllm,self_consistency,681,191.70,0.00,207.73,1,4.81,1
vllm,self_consistency,682,258.89,0.00,259.17,1,3.86,1
vllm,self_consistency,683,267.21,0.00,275.61,1,3.63,1
vllm,self_consistency,684,234.12,0.00,269.66,1,3.71,1
vllm,self_consistency,685,201.37,0.00,229.77,1,4.35,1
vllm,self_consistency,686,227.24,0.00,265.96,1,3.76,1
vllm,self_consistency,687,267.39,0.00,272.39,1,3.67,1
vllm,self_consistency,688,214.57,0.00,258.51,1,3.87,1
vllm,self_consistency,689,244.52,0.00,249.79,1,4.00,1
vllm,self_consistency,690,370.27,0.00,403.60,1,2.48,1
vllm,self_consistency,691,252.07,0.00,252.39,1,3.96,1
vllm,self_consistency,692,325.28,0.00,325.54,1,3.07,1
vllm,self_consistency,693,299.88,0.00,338.83,1,2.95,1
vllm,self_consistency,694,345.40,0.00,354.35,1,2.82,1
vllm,self_consistency,695,305.31,0.00,353.10,1,2.83,1
vllm,self_consistency,696,242.81,0.00,288.88,1,3.46,1
vllm,self_consistency,697,415.28,0.00,415.54,1,2.41,1
vllm,self_consistency,698,416.37,0.00,457.58,1,2.19,1
vllm,self_consistency,699,259.09,0.00,288.84,1,3.46,1
vllm,self_consistency,700,273.65,0.00,335.72,1,2.98,1
vllm,self_consistency,701,318.71,0.00,342.52,1,2.92,1
vllm,self_consistency,702,365.60,0.00,375.97,1,2.66,1
vllm,self_consistency,703,346.79,0.00,375.40,1,2.66,1
vllm,self_consistency,704,275.31,0.00,350.08,1,2.86,1
vllm,self_consistency,705,385.14,0.00,435.71,1,2.30,1
vllm,self_consistency,706,200.38,0.00,214.09,1,4.67,1
vllm,self_consistency,707,242.09,0.00,247.04,1,4.05,1
vllm,self_consistency,708,254.57,0.00,259.70,1,3.85,1
vllm,self_consistency,709,244.96,0.00,279.45,1,3.58,1
vllm,self_consistency,710,207.06,0.00,260.64,1,3.84,1
vllm,self_consistency,711,204.95,0.00,209.84,1,4.77,1
vllm,self_consistency,712,254.93,0.00,260.00,1,3.85,1
vllm,self_consistency,713,223.83,0.00,264.51,1,3.78,1
vllm,self_consistency,714,264.99,0.00,270.07,1,3.70,1
vllm,self_consistency,715,256.32,0.00,314.03,1,3.18,1
vllm,self_consistency,716,276.89,0.00,305.54,1,3.27,1
vllm,self_consistency,717,331.37,0.00,331.62,1,3.02,1
vllm,self_consistency,718,189.84,0.00,230.47,1,4.34,1
vllm,self_consistency,719,339.34,0.00,339.61,1,2.94,1
vllm,self_consistency,720,260.31,0.00,349.17,1,2.86,1
vllm,self_consistency,721,309.51,0.00,334.37,1,2.99,1
vllm,self_consistency,722,443.68,0.00,449.00,1,2.23,1
vllm,self_consistency,723,264.77,0.00,273.76,1,3.65,1
vllm,self_consistency,724,365.57,0.00,370.88,1,2.70,1
vllm,self_consistency,725,273.69,0.00,321.91,1,3.11,1
vllm,self_consistency,726,175.01,0.00,185.11,1,5.40,1
vllm,self_consistency,727,273.24,0.00,278.33,1,3.59,1
vllm,self_consistency,728,268.85,0.00,347.92,1,2.87,1
vllm,self_consistency,729,263.34,0.00,314.27,1,3.18,1
vllm,self_consistency,730,230.75,0.00,235.42,1,4.25,1
vllm,self_consistency,731,232.77,0.00,267.77,1,3.73,1
vllm,self_consistency,732,352.40,0.00,352.67,1,2.84,1
vllm,self_consistency,733,339.21,0.00,339.47,1,2.95,1
vllm,self_consistency,734,240.20,0.00,270.79,1,3.69,1
vllm,self_consistency,735,281.53,0.00,281.80,1,3.55,1
vllm,self_consistency,736,350.25,0.00,355.56,1,2.81,1
vllm,self_consistency,737,370.81,0.00,385.81,1,2.59,1
vllm,self_consistency,738,245.90,0.00,276.26,1,3.62,1
vllm,self_consistency,739,331.43,0.00,336.61,1,2.97,1
vllm,self_consistency,740,269.76,0.00,270.02,1,3.70,1
vllm,self_consistency,741,314.18,0.00,442.76,1,2.26,1
vllm,self_consistency,742,278.02,0.00,313.59,1,3.19,1
vllm,self_consistency,743,259.00,0.00,343.45,1,2.91,1
vllm,self_consistency,744,305.86,0.00,306.13,1,3.27,1
vllm,self_consistency,745,211.69,0.00,212.03,1,4.72,1
vllm,self_consistency,746,174.79,0.00,185.12,1,5.40,1
vllm,self_consistency,747,401.51,0.00,451.47,1,2.21,1
vllm,self_consistency,748,363.12,0.00,413.73,1,2.42,1
vllm,self_consistency,749,174.85,0.00,252.13,1,3.97,1
vllm,self_consistency,750,270.36,0.00,270.60,1,3.70,1
vllm,self_consistency,751,225.44,0.00,230.56,1,4.34,1
vllm,self_consistency,752,213.21,0.00,343.58,1,2.91,1
vllm,self_consistency,753,182.43,0.00,182.67,1,5.47,1
vllm,self_consistency,754,307.16,0.00,307.40,1,3.25,1
vllm,self_consistency,755,374.11,0.00,434.84,1,2.30,1
vllm,self_consistency,756,253.07,0.00,263.34,1,3.80,1
vllm,self_consistency,757,243.96,0.00,244.19,1,4.10,1
vllm,self_consistency,758,424.53,0.00,424.76,1,2.35,1
vllm,self_consistency,759,231.56,0.00,294.04,1,3.40,1
vllm,self_consistency,760,280.81,0.00,340.91,1,2.93,1
vllm,self_consistency,761,167.30,0.00,240.06,1,4.17,1
vllm,self_consistency,762,383.69,0.00,478.13,1,2.09,1
vllm,self_consistency,763,270.46,0.00,341.83,1,2.93,1
vllm,self_consistency,764,227.84,0.00,233.09,1,4.29,1
vllm,self_consistency,765,325.54,0.00,390.86,1,2.56,1
vllm,self_consistency,766,414.86,0.00,459.14,1,2.18,1
vllm,self_consistency,767,218.24,0.00,300.69,1,3.33,1
vllm,self_consistency,768,262.26,0.00,277.72,1,3.60,1
vllm,self_consistency,769,225.01,0.00,225.29,1,4.44,1
vllm,self_consistency,770,169.70,0.00,235.27,1,4.25,1
vllm,self_consistency,771,369.03,0.00,469.44,1,2.13,1
vllm,self_consistency,772,219.78,0.00,274.82,1,3.64,1
vllm,self_consistency,773,246.02,0.00,404.79,1,2.47,1
vllm,self_consistency,774,308.56,0.00,383.25,1,2.61,1
vllm,self_consistency,775,283.38,0.00,338.79,1,2.95,1
vllm,self_consistency,776,313.23,0.00,333.70,1,3.00,1
vllm,self_consistency,777,251.95,0.00,306.59,1,3.26,1
vllm,self_consistency,778,220.37,0.00,250.69,1,3.99,1
vllm,self_consistency,779,287.80,0.00,373.99,1,2.67,1
vllm,self_consistency,780,327.08,0.00,356.72,1,2.80,1
vllm,self_consistency,781,291.38,0.00,311.54,1,3.21,1
vllm,self_consistency,782,247.36,0.00,271.89,1,3.68,1
vllm,self_consistency,783,244.29,0.00,249.55,1,4.01,1
vllm,self_consistency,784,381.95,0.00,386.84,1,2.59,1
vllm,self_consistency,785,227.08,0.00,227.41,1,4.40,1
vllm,self_consistency,786,212.68,0.00,307.15,1,3.26,1
vllm,self_consistency,787,195.43,0.00,210.82,1,4.74,1
vllm,self_consistency,788,151.64,0.00,155.13,1,6.45,1
vllm,self_consistency,789,155.71,0.00,220.20,1,4.54,1
vllm,self_consistency,790,281.70,0.00,282.02,1,3.55,1
vllm,self_consistency,791,218.79,0.00,222.54,1,4.49,1
vllm,self_consistency,792,234.99,0.00,272.23,1,3.67,1
vllm,self_consistency,793,235.64,0.00,349.32,1,2.86,1
vllm,self_consistency,794,317.95,0.00,318.24,1,3.14,1
vllm,self_consistency,795,368.41,0.00,368.70,1,2.71,1
vllm,self_consistency,796,274.66,0.00,415.83,1,2.40,1
vllm,self_consistency,797,205.86,0.00,249.11,1,4.01,1
vllm,self_consistency,798,531.25,0.00,571.66,1,1.75,1
vllm,self_consistency,799,409.84,0.00,520.53,1,1.92,1
vllm,self_consistency,800,259.91,0.00,295.53,1,3.38,1
vllm,self_consistency,801,212.44,0.00,221.91,1,4.51,1
vllm,self_consistency,802,411.78,0.00,481.45,1,2.08,1
vllm,self_consistency,803,380.64,0.00,380.90,1,2.63,1
vllm,self_consistency,804,241.80,0.00,245.95,1,4.07,1
vllm,self_consistency,805,214.40,0.00,214.65,1,4.66,1
vllm,self_consistency,806,263.52,0.00,272.39,1,3.67,1
vllm,self_consistency,807,215.27,0.00,219.95,1,4.55,1
vllm,self_consistency,808,352.43,0.00,386.84,1,2.59,1
vllm,self_consistency,809,206.36,0.00,228.81,1,4.37,1
vllm,self_consistency,810,347.68,0.00,358.49,1,2.79,1
vllm,self_consistency,811,200.94,0.00,230.23,1,4.34,1
vllm,self_consistency,812,255.66,0.00,283.33,1,3.53,1
vllm,self_consistency,813,234.29,0.00,254.81,1,3.92,1
vllm,self_consistency,814,263.15,0.00,271.57,1,3.68,1
vllm,self_consistency,815,269.89,0.00,322.30,1,3.10,1
vllm,self_consistency,816,287.62,0.00,300.21,1,3.33,1
vllm,self_consistency,817,197.04,0.00,229.96,1,4.35,1
vllm,self_consistency,818,217.75,0.00,229.48,1,4.36,1
vllm,self_consistency,819,259.16,0.00,283.22,1,3.53,1
vllm,self_consistency,820,215.29,0.00,239.45,1,4.18,1
vllm,self_consistency,821,293.53,0.00,298.43,1,3.35,1
vllm,self_consistency,822,268.88,0.00,283.71,1,3.52,1
vllm,self_consistency,823,181.84,0.00,201.42,1,4.96,1
vllm,self_consistency,824,204.58,0.00,281.17,1,3.56,1
vllm,self_consistency,825,154.26,0.00,177.53,1,5.63,1
vllm,self_consistency,826,290.28,0.00,301.04,1,3.32,1
vllm,self_consistency,827,307.30,0.00,330.17,1,3.03,1
vllm,self_consistency,828,136.86,0.00,177.66,1,5.63,1
vllm,self_consistency,829,138.70,0.00,138.96,1,7.20,1
vllm,self_consistency,830,283.43,0.00,290.82,1,3.44,1
vllm,self_consistency,831,248.41,0.00,275.90,1,3.62,1
vllm,self_consistency,832,251.71,0.00,279.65,1,3.58,1
vllm,self_consistency,833,233.27,0.00,263.19,1,3.80,1
vllm,self_consistency,834,576.81,0.00,616.99,1,1.62,1
vllm,self_consistency,835,155.70,0.00,190.80,1,5.24,1
vllm,self_consistency,836,215.34,0.00,233.83,1,4.28,1
vllm,self_consistency,837,222.56,0.00,252.04,1,3.97,1
vllm,self_consistency,838,209.70,0.00,213.67,1,4.68,1
vllm,self_consistency,839,287.46,0.00,302.16,1,3.31,1
vllm,self_consistency,840,263.04,0.00,295.01,1,3.39,1
vllm,self_consistency,841,262.11,0.00,297.95,1,3.36,1
vllm,self_consistency,842,314.11,0.00,338.33,1,2.96,1
vllm,self_consistency,843,251.79,0.00,270.04,1,3.70,1
vllm,self_consistency,844,147.49,0.00,190.81,1,5.24,1
vllm,self_consistency,845,172.03,0.00,222.37,1,4.50,1
vllm,self_consistency,846,191.83,0.00,230.47,1,4.34,1
vllm,self_consistency,847,240.15,0.00,247.88,1,4.03,1
vllm,self_consistency,848,252.83,0.00,272.18,1,3.67,1
vllm,self_consistency,849,253.39,0.00,286.05,1,3.50,1
vllm,self_consistency,850,250.02,0.00,282.98,1,3.53,1
vllm,self_consistency,851,316.98,0.00,317.31,1,3.15,1
vllm,self_consistency,852,197.12,0.00,264.03,1,3.79,1
vllm,self_consistency,853,328.09,0.00,351.55,1,2.84,1
vllm,self_consistency,854,233.23,0.00,258.25,1,3.87,1
vllm,self_consistency,855,210.20,0.00,232.23,1,4.31,1
vllm,self_consistency,856,281.26,0.00,309.38,1,3.23,1
vllm,self_consistency,857,160.09,0.00,186.13,1,5.37,1
vllm,self_consistency,858,216.29,0.00,252.65,1,3.96,1
vllm,self_consistency,859,234.59,0.00,252.80,1,3.96,1
vllm,self_consistency,860,160.53,0.00,186.57,1,5.36,1
vllm,self_consistency,861,254.67,0.00,277.85,1,3.60,1
vllm,self_consistency,862,358.23,0.00,383.19,1,2.61,1
vllm,self_consistency,863,238.62,0.00,286.95,1,3.48,1
vllm,self_consistency,864,262.19,0.00,262.48,1,3.81,1
vllm,self_consistency,865,238.80,0.00,244.04,1,4.10,1
vllm,self_consistency,866,351.88,0.00,388.37,1,2.57,1
vllm,self_consistency,867,334.11,0.00,344.04,1,2.91,1
vllm,self_consistency,868,238.09,0.00,282.27,1,3.54,1
vllm,self_consistency,869,281.32,0.00,301.35,1,3.32,1
vllm,self_consistency,870,250.06,0.00,265.02,1,3.77,1
vllm,self_consistency,871,237.41,0.00,269.81,1,3.71,1
vllm,self_consistency,872,350.52,0.00,391.02,1,2.56,1
vllm,self_consistency,873,289.88,0.00,350.84,1,2.85,1
vllm,self_consistency,874,238.91,0.00,244.18,1,4.10,1
vllm,self_consistency,875,336.32,0.00,410.33,1,2.44,1
vllm,self_consistency,876,355.06,0.00,384.68,1,2.60,1
vllm,self_consistency,877,289.51,0.00,332.11,1,3.01,1
vllm,self_consistency,878,186.05,0.00,225.32,1,4.44,1
vllm,self_consistency,879,262.02,0.00,262.40,1,3.81,1
vllm,self_consistency,880,199.87,0.00,258.65,1,3.87,1
vllm,self_consistency,881,278.50,0.00,288.24,1,3.47,1
vllm,self_consistency,882,177.91,0.00,220.56,1,4.53,1
vllm,self_consistency,883,307.38,0.00,311.98,1,3.21,1
vllm,self_consistency,884,254.04,0.00,279.57,1,3.58,1
vllm,self_consistency,885,315.30,0.00,346.00,1,2.89,1
vllm,self_consistency,886,423.55,0.00,433.38,1,2.31,1
vllm,self_consistency,887,281.23,0.00,308.24,1,3.24,1
vllm,self_consistency,888,194.43,0.00,205.05,1,4.88,1
vllm,self_consistency,889,300.96,0.00,305.83,1,3.27,1
vllm,self_consistency,890,189.07,0.00,229.39,1,4.36,1
vllm,self_consistency,891,279.97,0.00,323.23,1,3.09,1
vllm,self_consistency,892,224.34,0.00,272.48,1,3.67,1
vllm,self_consistency,893,240.86,0.00,249.71,1,4.00,1
vllm,self_consistency,894,358.83,0.00,383.63,1,2.61,1
vllm,self_consistency,895,269.99,0.00,280.04,1,3.57,1
vllm,self_consistency,896,449.45,0.00,502.23,1,1.99,1
vllm,self_consistency,897,370.37,0.00,375.62,1,2.66,1
vllm,self_consistency,898,225.79,0.00,251.18,1,3.98,1
vllm,self_consistency,899,281.33,0.00,357.53,1,2.80,1
vllm,self_consistency,900,284.97,0.00,327.00,1,3.06,1
vllm,self_consistency,901,172.67,0.00,177.66,1,5.63,1
vllm,self_consistency,902,321.96,0.00,351.29,1,2.85,1
vllm,self_consistency,903,207.58,0.00,212.32,1,4.71,1
vllm,self_consistency,904,218.38,0.00,242.26,1,4.13,1
vllm,self_consistency,905,389.46,0.00,394.43,1,2.54,1
vllm,self_consistency,906,286.58,0.00,291.19,1,3.43,1
vllm,self_consistency,907,224.92,0.00,229.69,1,4.35,1
vllm,self_consistency,908,323.32,0.00,373.52,1,2.68,1
vllm,self_consistency,909,265.44,0.00,265.68,1,3.76,1
vllm,self_consistency,910,299.32,0.00,304.26,1,3.29,1
vllm,self_consistency,911,256.99,0.00,291.88,1,3.43,1
vllm,self_consistency,912,181.27,0.00,186.45,1,5.36,1
vllm,self_consistency,913,354.80,0.00,416.72,1,2.40,1
vllm,self_consistency,914,308.99,0.00,313.15,1,3.19,1
vllm,self_consistency,915,271.60,0.00,276.53,1,3.62,1
vllm,self_consistency,916,226.83,0.00,309.25,1,3.23,1
vllm,self_consistency,917,268.84,0.00,297.23,1,3.36,1
vllm,self_consistency,918,280.36,0.00,285.36,1,3.50,1
vllm,self_consistency,919,255.43,0.00,272.66,1,3.67,1
vllm,self_consistency,920,210.12,0.00,217.82,1,4.59,1
vllm,self_consistency,921,280.58,0.00,284.88,1,3.51,1
vllm,self_consistency,922,354.68,0.00,397.45,1,2.52,1
vllm,self_consistency,923,219.40,0.00,223.76,1,4.47,1
vllm,self_consistency,924,239.10,0.00,282.56,1,3.54,1
vllm,self_consistency,925,285.52,0.00,300.46,1,3.33,1
vllm,self_consistency,926,240.32,0.00,250.02,1,4.00,1
vllm,self_consistency,927,221.32,0.00,235.27,1,4.25,1
vllm,self_consistency,928,357.11,0.00,402.73,1,2.48,1
vllm,self_consistency,929,305.41,0.00,335.36,1,2.98,1
vllm,self_consistency,930,291.22,0.00,303.42,1,3.30,1
vllm,self_consistency,931,258.92,0.00,294.20,1,3.40,1
vllm,self_consistency,932,252.95,0.00,256.53,1,3.90,1
vllm,self_consistency,933,170.34,0.00,192.41,1,5.20,1
vllm,self_consistency,934,203.15,0.00,241.47,1,4.14,1
vllm,self_consistency,935,229.97,0.00,283.54,1,3.53,1
vllm,self_consistency,936,235.70,0.00,245.80,1,4.07,1
vllm,self_consistency,937,203.43,0.00,218.12,1,4.58,1
vllm,self_consistency,938,185.15,0.00,191.03,1,5.23,1
vllm,self_consistency,939,172.74,0.00,173.98,1,5.75,1
vllm,self_consistency,940,194.18,0.00,231.46,1,4.32,1
vllm,self_consistency,941,230.24,0.00,234.29,1,4.27,1
vllm,self_consistency,942,295.27,0.00,397.04,1,2.52,1
vllm,self_consistency,943,190.95,0.00,201.74,1,4.96,1
vllm,self_consistency,944,169.38,0.00,184.69,1,5.41,1
vllm,self_consistency,945,172.78,0.00,182.75,1,5.47,1
vllm,self_consistency,946,182.15,0.00,194.58,1,5.14,1
vllm,self_consistency,947,167.37,0.00,187.78,1,5.33,1
vllm,self_consistency,948,161.05,0.00,177.26,1,5.64,1
vllm,self_consistency,949,174.24,0.00,194.96,1,5.13,1
vllm,self_consistency,950,147.98,0.00,169.29,1,5.91,1
vllm,self_consistency,951,174.41,0.00,188.56,1,5.30,1
vllm,self_consistency,952,153.35,0.00,172.79,1,5.79,1
vllm,self_consistency,953,205.72,0.00,217.55,1,4.60,1
vllm,self_consistency,954,223.40,0.00,235.69,1,4.24,1
vllm,self_consistency,955,137.05,0.00,151.26,1,6.61,1
vllm,self_consistency,956,131.34,0.00,143.88,1,6.95,1
vllm,self_consistency,957,150.15,0.00,165.55,1,6.04,1
vllm,self_consistency,958,186.77,0.00,204.50,1,4.89,1
vllm,self_consistency,959,156.34,0.00,173.19,1,5.77,1
vllm,self_consistency,960,150.58,0.00,163.39,1,6.12,1
vllm,self_consistency,961,153.35,0.00,168.56,1,5.93,1
vllm,self_consistency,962,174.44,0.00,193.03,1,5.18,1
vllm,self_consistency,963,224.45,0.00,240.69,1,4.15,1
vllm,self_consistency,964,129.10,0.00,147.16,1,6.80,1
vllm,self_consistency,965,134.90,0.00,150.96,1,6.62,1
vllm,self_consistency,966,198.13,0.00,217.09,1,4.61,1
vllm,self_consistency,967,97.69,0.00,111.15,1,9.00,1
vllm,self_consistency,968,115.46,0.00,128.91,1,7.76,1
vllm,self_consistency,969,107.61,0.00,120.59,1,8.29,1
vllm,self_consistency,970,128.62,0.00,142.34,1,7.03,1
vllm,self_consistency,971,149.23,0.00,164.71,1,6.07,1
vllm,self_consistency,972,166.88,0.00,176.18,1,5.68,1
vllm,self_consistency,973,192.28,0.00,202.59,1,4.94,1
vllm,self_consistency,974,125.80,0.00,134.92,1,7.41,1
vllm,self_consistency,975,186.11,0.00,195.84,1,5.11,1
vllm,self_consistency,976,167.81,0.00,179.99,1,5.56,1
vllm,self_consistency,977,129.72,0.00,141.29,1,7.08,1
vllm,self_consistency,978,135.90,0.00,146.76,1,6.81,1
vllm,self_consistency,979,171.59,0.00,185.92,1,5.38,1
vllm,self_consistency,980,117.51,0.00,131.84,1,7.58,1
vllm,self_consistency,981,129.10,0.00,139.81,1,7.15,1
vllm,self_consistency,982,139.53,0.00,151.12,1,6.62,1
vllm,self_consistency,983,122.82,0.00,137.56,1,7.27,1
vllm,self_consistency,984,140.78,0.00,156.88,1,6.37,1
vllm,self_consistency,985,156.80,0.00,171.79,1,5.82,1
vllm,self_consistency,986,118.37,0.00,131.17,1,7.62,1
vllm,self_consistency,987,117.99,0.00,132.62,1,7.54,1
vllm,self_consistency,988,136.99,0.00,151.70,1,6.59,1
vllm,self_consistency,989,116.33,0.00,128.74,1,7.77,1
vllm,self_consistency,990,169.56,0.00,181.43,1,5.51,1
vllm,self_consistency,991,126.89,0.00,141.12,1,7.09,1
vllm,self_consistency,992,164.40,0.00,177.70,1,5.63,1
vllm,self_consistency,993,147.23,0.00,159.59,1,6.27,1
vllm,self_consistency,994,148.31,0.00,164.06,1,6.10,1
vllm,self_consistency,995,118.65,0.00,137.68,1,7.26,1
vllm,self_consistency,996,165.73,0.00,183.32,1,5.46,1
vllm,self_consistency,997,204.19,0.00,208.30,1,4.80,1
vllm,self_consistency,998,161.50,0.00,170.08,1,5.88,1
vllm,self_consistency,999,181.33,0.00,191.69,1,5.22,1
vllm,multi_turn,0,86.39,0.00,104.45,1,9.57,1
vllm,multi_turn,1,94.56,0.00,113.90,1,8.78,1
vllm,multi_turn,2,121.16,0.00,170.99,1,5.85,1
vllm,multi_turn,3,114.22,0.00,114.50,1,8.73,1
vllm,multi_turn,4,114.91,0.00,130.27,1,7.68,1
vllm,multi_turn,5,133.07,0.34,133.40,2,14.99,1
vllm,multi_turn,6,171.88,0.00,187.61,1,5.33,1
vllm,multi_turn,7,129.53,0.00,189.13,1,5.29,1
vllm,multi_turn,8,63.21,0.00,77.97,1,12.82,1
vllm,multi_turn,9,165.85,80.03,245.88,2,8.13,1
vllm,multi_turn,10,163.43,14.07,177.51,2,11.27,1
vllm,multi_turn,11,140.32,0.00,183.24,1,5.46,1
vllm,multi_turn,12,64.44,70.87,135.31,2,14.78,1
vllm,multi_turn,13,132.66,0.00,166.44,1,6.01,1
vllm,multi_turn,14,119.53,0.42,119.95,2,16.67,1
vllm,multi_turn,15,124.77,0.00,148.47,1,6.74,1
vllm,multi_turn,16,59.65,33.04,92.69,2,21.58,1
vllm,multi_turn,17,117.77,42.44,160.21,2,12.48,1
vllm,multi_turn,18,173.58,0.00,214.60,1,4.66,1
vllm,multi_turn,19,193.34,0.00,227.85,1,4.39,1
vllm,multi_turn,20,116.46,0.00,121.39,1,8.24,1
vllm,multi_turn,21,155.54,0.00,174.71,1,5.72,1
vllm,multi_turn,22,247.13,0.44,247.57,2,8.08,1
vllm,multi_turn,23,161.35,29.74,191.09,2,10.47,1
vllm,multi_turn,24,84.78,0.00,102.04,1,9.80,1
vllm,multi_turn,25,146.60,0.00,242.65,1,4.12,1
vllm,multi_turn,26,187.77,0.00,188.61,1,5.30,1
vllm,multi_turn,27,188.46,80.75,269.21,2,7.43,1
vllm,multi_turn,28,145.51,0.00,196.37,1,5.09,1
vllm,multi_turn,29,148.89,0.00,149.11,1,6.71,1
vllm,multi_turn,30,107.94,0.00,117.03,1,8.55,1
vllm,multi_turn,31,129.29,0.33,129.62,2,15.43,1
vllm,multi_turn,32,57.24,0.00,77.25,1,12.94,1
vllm,multi_turn,33,118.50,0.00,137.72,1,7.26,1
vllm,multi_turn,34,183.07,0.00,236.98,1,4.22,1
vllm,multi_turn,35,211.51,0.00,226.86,1,4.41,1
vllm,multi_turn,36,112.49,0.00,116.39,1,8.59,1
vllm,multi_turn,37,141.68,51.84,193.53,2,10.33,1
vllm,multi_turn,38,152.85,4.57,157.41,2,12.71,0
vllm,multi_turn,39,234.86,0.00,270.41,1,3.70,1
vllm,multi_turn,40,70.96,80.68,151.64,2,13.19,1
vllm,multi_turn,41,145.68,0.00,183.19,1,5.46,1
vllm,multi_turn,42,135.53,0.00,140.63,1,7.11,1
vllm,multi_turn,43,153.97,0.00,186.09,1,5.37,1
vllm,multi_turn,44,140.07,0.00,140.35,1,7.12,1
vllm,multi_turn,45,129.10,0.00,178.68,1,5.60,1
vllm,multi_turn,46,179.27,0.00,179.50,1,5.57,1
vllm,multi_turn,47,193.14,42.94,236.08,2,8.47,1
vllm,multi_turn,48,37.42,0.00,49.38,1,20.25,1
vllm,multi_turn,49,77.05,38.64,115.69,2,17.29,1
vllm,multi_turn,50,110.60,0.00,135.42,1,7.38,1
vllm,multi_turn,51,181.98,0.00,199.39,1,5.02,1
vllm,multi_turn,52,191.14,0.00,221.75,1,4.51,1
vllm,multi_turn,53,134.52,0.45,134.97,2,14.82,1
vllm,multi_turn,54,256.70,109.91,366.61,2,5.46,1
vllm,multi_turn,55,154.20,110.48,264.68,2,7.56,1
vllm,multi_turn,56,68.54,35.01,103.55,2,19.31,1
vllm,multi_turn,57,150.36,77.58,227.95,2,8.77,1
vllm,multi_turn,58,154.46,0.00,154.70,1,6.46,1
vllm,multi_turn,59,137.51,67.49,205.00,2,9.76,1
vllm,multi_turn,60,121.14,0.00,137.21,1,7.29,1
vllm,multi_turn,61,220.21,0.00,255.70,1,3.91,1
vllm,multi_turn,62,152.77,36.65,189.42,2,10.56,1
vllm,multi_turn,63,188.16,0.00,188.39,1,5.31,1
vllm,multi_turn,64,56.20,0.00,87.77,1,11.39,1
vllm,multi_turn,65,109.75,36.94,146.69,2,13.63,1
vllm,multi_turn,66,165.92,0.00,210.47,1,4.75,1
vllm,multi_turn,67,135.56,0.00,145.22,1,6.89,1
vllm,multi_turn,68,126.90,0.00,191.86,1,5.21,1
vllm,multi_turn,69,198.85,80.33,279.18,2,7.16,1
vllm,multi_turn,70,196.24,0.00,206.35,1,4.85,1
vllm,multi_turn,71,146.98,76.50,223.48,2,8.95,1
vllm,multi_turn,72,67.52,0.00,95.15,1,10.51,1
vllm,multi_turn,73,97.56,33.75,131.31,2,15.23,1
vllm,multi_turn,74,161.59,68.21,229.80,2,8.70,1
vllm,multi_turn,75,188.37,0.00,227.41,1,4.40,1
vllm,multi_turn,76,200.42,31.08,231.50,2,8.64,1
vllm,multi_turn,77,148.60,0.00,217.05,1,4.61,1
vllm,multi_turn,78,119.39,0.00,150.32,1,6.65,1
vllm,multi_turn,79,210.12,16.95,227.07,2,8.81,1
vllm,multi_turn,80,70.45,0.00,75.51,1,13.24,1
vllm,multi_turn,81,142.08,0.00,209.53,1,4.77,1
vllm,multi_turn,82,100.80,0.00,131.30,1,7.62,1
vllm,multi_turn,83,175.44,0.00,224.48,1,4.45,1
vllm,multi_turn,84,190.96,0.00,212.22,1,4.71,1
vllm,multi_turn,85,148.66,0.00,255.75,1,3.91,1
vllm,multi_turn,86,142.30,34.22,176.52,2,11.33,1
vllm,multi_turn,87,221.48,0.00,229.00,1,4.37,1
vllm,multi_turn,88,79.53,0.00,101.46,1,9.86,1
vllm,multi_turn,89,103.01,37.64,140.65,2,14.22,1
vllm,multi_turn,90,175.34,17.22,192.56,2,10.39,1
vllm,multi_turn,91,208.87,69.86,278.73,2,7.18,1
vllm,multi_turn,92,152.21,11.79,164.00,2,12.20,1
vllm,multi_turn,93,186.44,0.00,201.88,1,4.95,1
vllm,multi_turn,94,277.33,0.00,282.43,1,3.54,1
vllm,multi_turn,95,193.77,46.75,240.53,2,8.32,1
vllm,multi_turn,96,70.35,0.00,94.03,1,10.63,1
vllm,multi_turn,97,135.18,0.00,157.90,1,6.33,1
vllm,multi_turn,98,163.40,0.00,221.96,1,4.51,1
vllm,multi_turn,99,172.07,0.00,200.90,1,4.98,1
vllm,multi_turn,100,166.69,0.00,179.85,1,5.56,1
vllm,multi_turn,101,205.47,0.00,329.11,1,3.04,1
vllm,multi_turn,102,260.33,0.38,260.71,2,7.67,1
vllm,multi_turn,103,174.30,0.00,194.08,1,5.15,1
vllm,multi_turn,104,63.08,0.00,81.40,1,12.28,1
vllm,multi_turn,105,139.58,94.98,234.56,2,8.53,1
vllm,multi_turn,106,121.72,0.00,168.03,1,5.95,1
vllm,multi_turn,107,163.16,0.00,255.58,1,3.91,1
vllm,multi_turn,108,212.77,110.02,322.79,2,6.20,1
vllm,multi_turn,109,140.97,0.00,159.03,1,6.29,1
vllm,multi_turn,110,193.17,0.00,208.25,1,4.80,1
vllm,multi_turn,111,142.60,0.00,168.18,1,5.95,1
vllm,multi_turn,112,67.04,39.02,106.07,2,18.86,1
vllm,multi_turn,113,138.39,0.00,164.17,1,6.09,1
vllm,multi_turn,114,140.58,64.47,205.05,2,9.75,1
vllm,multi_turn,115,144.38,0.00,160.56,1,6.23,1
vllm,multi_turn,116,82.95,0.00,121.27,1,8.25,1
vllm,multi_turn,117,216.05,110.27,326.31,2,6.13,1
vllm,multi_turn,118,276.04,117.82,393.86,2,5.08,1
vllm,multi_turn,119,161.56,0.00,234.17,1,4.27,1
vllm,multi_turn,120,67.29,0.00,102.36,1,9.77,1
vllm,multi_turn,121,167.97,0.00,182.69,1,5.47,1
vllm,multi_turn,122,150.97,0.00,197.12,1,5.07,1
vllm,multi_turn,123,215.15,0.00,258.59,1,3.87,1
vllm,multi_turn,124,182.47,26.21,208.68,2,9.58,1
vllm,multi_turn,125,118.54,0.00,166.94,1,5.99,1
vllm,multi_turn,126,235.67,0.00,264.15,1,3.79,1
vllm,multi_turn,127,257.80,107.79,365.59,2,5.47,1
vllm,multi_turn,128,61.87,0.00,83.43,1,11.99,1
vllm,multi_turn,129,151.65,0.00,177.16,1,5.64,1
vllm,multi_turn,130,157.13,49.46,206.59,2,9.68,1
vllm,multi_turn,131,221.71,0.00,344.85,1,2.90,1
vllm,multi_turn,132,145.41,62.87,208.28,2,9.60,1
vllm,multi_turn,133,145.71,5.00,150.71,2,13.27,1
vllm,multi_turn,134,144.75,0.00,268.56,1,3.72,1
vllm,multi_turn,135,275.37,0.00,311.26,1,3.21,1
vllm,multi_turn,136,55.03,34.95,89.98,2,22.23,1
vllm,multi_turn,137,143.45,0.00,157.06,1,6.37,1
vllm,multi_turn,138,187.22,0.00,191.49,1,5.22,1
vllm,multi_turn,139,200.87,0.00,217.99,1,4.59,1
vllm,multi_turn,140,80.82,0.00,138.69,1,7.21,1
vllm,multi_turn,141,189.75,168.09,357.84,2,5.59,1
vllm,multi_turn,142,238.64,0.00,312.64,1,3.20,1
vllm,multi_turn,143,188.93,101.76,290.69,2,6.88,1
vllm,multi_turn,144,65.67,0.00,134.70,1,7.42,1
vllm,multi_turn,145,161.78,0.00,194.57,1,5.14,1
vllm,multi_turn,146,88.08,34.18,122.26,2,16.36,1
vllm,multi_turn,147,198.34,90.14,288.48,2,6.93,1
vllm,multi_turn,148,192.88,0.00,225.36,1,4.44,1
vllm,multi_turn,149,158.07,0.00,158.34,1,6.32,1
vllm,multi_turn,150,224.54,64.16,288.70,2,6.93,1
vllm,multi_turn,151,275.45,0.00,305.20,1,3.28,1
vllm,multi_turn,152,53.44,33.47,86.92,2,23.01,1
vllm,multi_turn,153,95.63,36.85,132.48,2,15.10,1
vllm,multi_turn,154,164.68,73.75,238.44,2,8.39,1
vllm,multi_turn,155,146.55,0.00,154.00,1,6.49,1
vllm,multi_turn,156,129.24,0.00,165.21,1,6.05,1
vllm,multi_turn,157,288.50,123.66,412.17,2,4.85,1
vllm,multi_turn,158,151.82,98.11,249.93,2,8.00,1
vllm,multi_turn,159,288.66,0.00,326.29,1,3.06,1
vllm,multi_turn,160,132.87,0.00,147.82,1,6.76,1
vllm,multi_turn,161,149.80,0.00,150.02,1,6.67,1
vllm,multi_turn,162,180.44,0.00,194.15,1,5.15,1
vllm,multi_turn,163,243.18,48.89,292.08,2,6.85,1
vllm,multi_turn,164,134.27,0.00,134.49,1,7.44,1
vllm,multi_turn,165,166.88,47.80,214.68,2,9.32,1
vllm,multi_turn,166,162.49,0.00,174.38,1,5.73,1
vllm,multi_turn,167,235.25,3.89,239.13,2,8.36,1
vllm,multi_turn,168,140.59,34.54,175.13,2,11.42,1
vllm,multi_turn,169,162.36,0.00,162.59,1,6.15,1
vllm,multi_turn,170,208.91,30.76,239.67,2,8.34,1
vllm,multi_turn,171,147.92,0.00,152.90,1,6.54,1
vllm,multi_turn,172,162.25,0.00,177.19,1,5.64,1
vllm,multi_turn,173,189.61,0.00,189.88,1,5.27,1
vllm,multi_turn,174,205.90,130.55,336.44,2,5.94,1
vllm,multi_turn,175,187.84,64.56,252.41,2,7.92,1
vllm,multi_turn,176,57.91,0.00,76.29,1,13.11,1
vllm,multi_turn,177,97.92,22.26,120.18,2,16.64,1
vllm,multi_turn,178,149.34,79.45,228.80,2,8.74,1
vllm,multi_turn,179,217.65,52.50,270.15,2,7.40,1
vllm,multi_turn,180,131.33,0.00,144.23,1,6.93,1
vllm,multi_turn,181,176.59,0.00,274.13,1,3.65,1
vllm,multi_turn,182,214.83,218.23,433.06,2,4.62,0
vllm,multi_turn,183,196.81,0.00,243.88,1,4.10,1
vllm,multi_turn,184,80.58,30.97,111.55,2,17.93,1
vllm,multi_turn,185,159.01,78.35,237.36,2,8.43,1
vllm,multi_turn,186,148.17,0.00,150.92,1,6.63,1
vllm,multi_turn,187,170.61,0.00,207.26,1,4.82,1
vllm,multi_turn,188,234.28,0.00,281.95,1,3.55,1
vllm,multi_turn,189,262.02,0.00,283.46,1,3.53,1
vllm,multi_turn,190,162.85,48.14,210.99,2,9.48,1
vllm,multi_turn,191,189.82,47.74,237.56,2,8.42,1
vllm,multi_turn,192,93.73,14.60,108.34,2,18.46,1
vllm,multi_turn,193,206.08,0.00,222.46,1,4.50,1
vllm,multi_turn,194,144.32,0.00,153.52,1,6.51,1
vllm,multi_turn,195,238.08,0.00,246.20,1,4.06,1
vllm,multi_turn,196,198.48,0.00,234.34,1,4.27,1
vllm,multi_turn,197,188.53,0.00,188.78,1,5.30,1
vllm,multi_turn,198,184.21,108.48,292.69,2,6.83,1
vllm,multi_turn,199,213.23,78.67,291.91,2,6.85,1
vllm,multi_turn,200,87.83,0.00,107.29,1,9.32,1
vllm,multi_turn,201,194.03,0.00,198.90,1,5.03,1
vllm,multi_turn,202,94.74,0.00,171.17,1,5.84,1
vllm,multi_turn,203,174.26,0.00,207.14,1,4.83,1
vllm,multi_turn,204,246.22,90.29,336.51,2,5.94,1
vllm,multi_turn,205,165.45,0.00,181.06,1,5.52,1
vllm,multi_turn,206,254.75,0.00,258.77,1,3.86,1
vllm,multi_turn,207,208.66,0.00,283.03,1,3.53,1
vllm,multi_turn,208,68.12,0.00,86.86,1,11.51,1
vllm,multi_turn,209,109.57,34.38,143.95,2,13.89,1
vllm,multi_turn,210,174.12,0.00,223.85,1,4.47,1
vllm,multi_turn,211,218.11,0.00,222.13,1,4.50,1
vllm,multi_turn,212,90.15,0.00,145.64,1,6.87,1
vllm,multi_turn,213,360.69,14.98,375.67,2,5.32,1
vllm,multi_turn,214,173.80,77.35,251.16,2,7.96,1
vllm,multi_turn,215,271.61,58.51,330.12,2,6.06,1
vllm,multi_turn,216,59.67,0.00,72.32,1,13.83,1
vllm,multi_turn,217,149.80,0.00,177.97,1,5.62,1
vllm,multi_turn,218,183.55,0.00,183.82,1,5.44,1
vllm,multi_turn,219,244.02,59.69,303.71,2,6.59,1
vllm,multi_turn,220,180.56,0.00,195.03,1,5.13,1
vllm,multi_turn,221,202.50,0.00,202.74,1,4.93,1
vllm,multi_turn,222,241.95,0.00,298.90,1,3.35,1
vllm,multi_turn,223,306.62,0.00,370.86,1,2.70,1
vllm,multi_turn,224,78.04,46.40,124.44,2,16.07,1
vllm,multi_turn,225,101.30,36.45,137.76,2,14.52,1
vllm,multi_turn,226,150.51,0.00,268.71,1,3.72,1
vllm,multi_turn,227,160.25,0.00,213.20,1,4.69,1
vllm,multi_turn,228,344.33,0.00,383.44,1,2.61,1
vllm,multi_turn,229,226.49,0.00,262.19,1,3.81,1
vllm,multi_turn,230,218.76,0.00,241.88,1,4.13,1
vllm,multi_turn,231,128.86,0.00,161.86,1,6.18,1
vllm,multi_turn,232,97.85,0.00,109.85,1,9.10,1
vllm,multi_turn,233,152.43,179.38,331.81,2,6.03,1
vllm,multi_turn,234,196.79,0.00,204.55,1,4.89,1
vllm,multi_turn,235,241.09,41.10,282.18,2,7.09,1
vllm,multi_turn,236,146.30,0.33,146.63,2,13.64,1
vllm,multi_turn,237,173.98,0.00,207.23,1,4.83,1
vllm,multi_turn,238,247.14,0.00,271.05,1,3.69,1
vllm,multi_turn,239,168.92,19.66,188.59,2,10.61,1
vllm,multi_turn,240,92.92,0.00,118.67,1,8.43,1
vllm,multi_turn,241,151.96,0.00,175.00,1,5.71,1
vllm,multi_turn,242,92.47,0.00,184.83,1,5.41,1
vllm,multi_turn,243,197.94,16.64,214.58,2,9.32,1
vllm,multi_turn,244,209.96,126.16,336.11,2,5.95,1
vllm,multi_turn,245,209.96,38.57,248.53,2,8.05,1
vllm,multi_turn,246,190.38,0.00,193.68,1,5.16,1
vllm,multi_turn,247,272.89,0.00,287.47,1,3.48,1
vllm,multi_turn,248,147.43,0.00,202.28,1,4.94,1
vllm,multi_turn,249,108.04,0.00,151.41,1,6.60,1
vllm,multi_turn,250,194.14,133.19,327.33,2,6.11,1
vllm,multi_turn,251,173.59,0.00,243.04,1,4.11,1
vllm,multi_turn,252,192.44,0.00,214.08,1,4.67,1
vllm,multi_turn,253,128.27,0.00,128.53,1,7.78,1
vllm,multi_turn,254,193.27,0.00,222.93,1,4.49,1
vllm,multi_turn,255,143.52,65.46,208.97,2,9.57,0
vllm,multi_turn,256,87.07,0.00,87.30,1,11.45,1
vllm,multi_turn,257,135.00,81.80,216.80,2,9.22,1
vllm,multi_turn,258,121.71,0.00,170.06,1,5.88,1
vllm,multi_turn,259,170.54,42.17,212.71,2,9.40,1
vllm,multi_turn,260,220.09,0.00,230.18,1,4.34,1
vllm,multi_turn,261,153.16,50.69,203.85,2,9.81,1
vllm,multi_turn,262,188.53,148.89,337.42,2,5.93,1
vllm,multi_turn,263,196.46,156.30,352.76,2,5.67,1
vllm,multi_turn,264,61.70,49.66,111.36,2,17.96,1
vllm,multi_turn,265,139.14,0.00,163.08,1,6.13,1
vllm,multi_turn,266,184.50,10.51,195.01,2,10.26,1
vllm,multi_turn,267,173.50,0.00,192.95,1,5.18,1
vllm,multi_turn,268,208.18,0.00,216.95,1,4.61,1
vllm,multi_turn,269,263.34,54.58,317.92,2,6.29,1
vllm,multi_turn,270,157.40,106.68,264.08,2,7.57,1
vllm,multi_turn,271,234.48,0.00,392.15,1,2.55,1
vllm,multi_turn,272,186.54,0.00,212.58,1,4.70,1
vllm,multi_turn,273,131.75,0.00,140.42,1,7.12,1
vllm,multi_turn,274,163.80,109.90,273.70,2,7.31,1
vllm,multi_turn,275,217.49,0.00,222.52,1,4.49,1
vllm,multi_turn,276,201.31,27.22,228.53,2,8.75,1
vllm,multi_turn,277,187.32,12.62,199.94,2,10.00,1
vllm,multi_turn,278,126.40,0.00,141.68,1,7.06,1
vllm,multi_turn,279,214.05,10.59,224.64,2,8.90,1
vllm,multi_turn,280,68.49,0.00,120.62,1,8.29,1
vllm,multi_turn,281,137.26,0.00,193.63,1,5.16,1
vllm,multi_turn,282,167.18,0.00,202.43,1,4.94,1
vllm,multi_turn,283,149.48,0.00,275.90,1,3.62,1
vllm,multi_turn,284,202.45,51.80,254.25,2,7.87,1
vllm,multi_turn,285,261.06,69.74,330.80,2,6.05,1
vllm,multi_turn,286,197.65,0.00,216.86,1,4.61,1
vllm,multi_turn,287,143.47,131.97,275.44,2,7.26,1
vllm,multi_turn,288,104.67,2.89,107.56,2,18.59,1
vllm,multi_turn,289,116.32,0.00,181.50,1,5.51,1
vllm,multi_turn,290,166.67,0.00,199.38,1,5.02,1
vllm,multi_turn,291,191.14,68.40,259.54,2,7.71,1
vllm,multi_turn,292,255.05,133.40,388.45,2,5.15,1
vllm,multi_turn,293,204.83,0.00,220.15,1,4.54,1
vllm,multi_turn,294,231.75,109.22,340.97,2,5.87,1
vllm,multi_turn,295,135.68,0.00,141.60,1,7.06,1
vllm,multi_turn,296,161.69,103.67,265.36,2,7.54,1
vllm,multi_turn,297,140.85,0.00,141.15,1,7.08,1
vllm,multi_turn,298,131.01,0.00,165.38,1,6.05,1
vllm,multi_turn,299,169.51,0.00,169.74,1,5.89,1
vllm,multi_turn,300,256.31,0.00,256.54,1,3.90,1
vllm,multi_turn,301,221.81,71.39,293.20,2,6.82,1
vllm,multi_turn,302,200.17,0.00,211.58,1,4.73,1
vllm,multi_turn,303,249.05,0.00,280.45,1,3.57,1
vllm,multi_turn,304,148.57,0.00,157.31,1,6.36,1
vllm,multi_turn,305,162.56,57.67,220.23,2,9.08,1
vllm,multi_turn,306,106.10,0.00,122.71,1,8.15,1
vllm,multi_turn,307,143.74,0.00,166.31,1,6.01,1
vllm,multi_turn,308,227.70,83.76,311.46,2,6.42,1
vllm,multi_turn,309,247.69,74.32,322.01,2,6.21,1
vllm,multi_turn,310,241.83,0.00,308.56,1,3.24,1
vllm,multi_turn,311,185.42,0.00,199.97,1,5.00,1
vllm,multi_turn,312,135.65,77.79,213.44,2,9.37,1
vllm,multi_turn,313,162.03,0.00,168.21,1,5.95,1
vllm,multi_turn,314,145.51,0.00,150.61,1,6.64,1
vllm,multi_turn,315,182.58,44.34,226.92,2,8.81,1
vllm,multi_turn,316,180.32,18.62,198.94,2,10.05,1
vllm,multi_turn,317,210.56,0.00,310.88,1,3.22,1
vllm,multi_turn,318,136.64,82.91,219.55,2,9.11,1
vllm,multi_turn,319,192.07,30.66,222.73,2,8.98,1
vllm,multi_turn,320,79.94,0.00,101.79,1,9.82,1
vllm,multi_turn,321,145.68,0.00,208.06,1,4.81,1
vllm,multi_turn,322,131.48,79.82,211.31,2,9.46,1
vllm,multi_turn,323,244.72,0.00,245.00,1,4.08,1
vllm,multi_turn,324,196.18,0.00,429.50,1,2.33,1
vllm,multi_turn,325,196.26,0.00,231.09,1,4.33,1
vllm,multi_turn,326,252.04,0.00,285.03,1,3.51,1
vllm,multi_turn,327,158.31,35.61,193.92,2,10.31,1
vllm,multi_turn,328,140.34,0.00,169.18,1,5.91,1
vllm,multi_turn,329,156.08,0.00,165.06,1,6.06,1
vllm,multi_turn,330,193.42,99.81,293.23,2,6.82,1
vllm,multi_turn,331,173.31,0.00,327.43,1,3.05,1
vllm,multi_turn,332,247.40,0.00,267.35,1,3.74,1
vllm,multi_turn,333,190.10,30.29,220.38,2,9.08,1
vllm,multi_turn,334,130.01,0.00,135.15,1,7.40,1
vllm,multi_turn,335,141.77,0.00,164.75,1,6.07,1
vllm,multi_turn,336,148.28,0.00,153.48,1,6.52,1
vllm,multi_turn,337,113.27,86.32,199.59,2,10.02,1
vllm,multi_turn,338,181.87,0.00,188.75,1,5.30,1
vllm,multi_turn,339,338.26,77.08,415.34,2,4.82,1
vllm,multi_turn,340,202.43,0.00,238.95,1,4.18,1
vllm,multi_turn,341,175.70,0.00,202.99,1,4.93,1
vllm,multi_turn,342,161.05,0.00,170.22,1,5.87,1
vllm,multi_turn,343,151.07,23.97,175.04,2,11.43,1
vllm,multi_turn,344,140.93,0.00,165.03,1,6.06,1
vllm,multi_turn,345,162.04,0.00,162.28,1,6.16,1
vllm,multi_turn,346,155.20,73.35,228.55,2,8.75,1
vllm,multi_turn,347,202.02,0.00,223.06,1,4.48,1
vllm,multi_turn,348,167.88,9.49,177.37,2,11.28,1
vllm,multi_turn,349,163.77,55.84,219.61,2,9.11,1
vllm,multi_turn,350,284.34,0.00,362.02,1,2.76,1
vllm,multi_turn,351,186.24,28.98,215.22,2,9.29,1
vllm,multi_turn,352,77.76,29.57,107.33,2,18.63,1
vllm,multi_turn,353,186.64,0.00,225.04,1,4.44,1
vllm,multi_turn,354,162.91,0.33,163.24,2,12.25,1
vllm,multi_turn,355,146.73,144.41,291.14,2,6.87,1
vllm,multi_turn,356,172.82,0.00,256.60,1,3.90,1
vllm,multi_turn,357,285.23,0.00,285.88,1,3.50,1
vllm,multi_turn,358,278.12,0.00,363.08,1,2.75,1
vllm,multi_turn,359,180.40,28.35,208.75,2,9.58,1
vllm,multi_turn,360,51.19,51.85,103.04,2,19.41,1
vllm,multi_turn,361,180.36,81.18,261.54,2,7.65,1
vllm,multi_turn,362,112.65,30.01,142.67,2,14.02,1
vllm,multi_turn,363,169.13,133.68,302.80,2,6.60,1
vllm,multi_turn,364,409.22,0.00,410.05,1,2.44,1
vllm,multi_turn,365,173.52,0.00,264.36,1,3.78,1
vllm,multi_turn,366,163.69,0.00,246.78,1,4.05,1
vllm,multi_turn,367,203.71,0.00,223.45,1,4.48,1
vllm,multi_turn,368,109.60,93.96,203.56,2,9.83,1
vllm,multi_turn,369,81.16,38.40,119.56,2,16.73,1
vllm,multi_turn,370,208.82,125.70,334.52,2,5.98,1
vllm,multi_turn,371,296.33,0.35,296.68,2,6.74,1
vllm,multi_turn,372,218.42,56.38,274.80,2,7.28,1
vllm,multi_turn,373,203.52,0.00,218.26,1,4.58,1
vllm,multi_turn,374,150.50,62.37,212.87,2,9.40,1
vllm,multi_turn,375,131.81,0.00,140.75,1,7.10,1
vllm,multi_turn,376,67.03,0.00,79.21,1,12.62,1
vllm,multi_turn,377,177.89,75.68,253.57,2,7.89,0
vllm,multi_turn,378,115.47,59.91,175.38,2,11.40,0
vllm,multi_turn,379,308.88,0.00,318.94,1,3.14,1
vllm,multi_turn,380,150.40,0.00,282.32,1,3.54,1
vllm,multi_turn,381,180.23,125.53,305.75,2,6.54,1
vllm,multi_turn,382,286.34,0.00,399.22,1,2.50,1
vllm,multi_turn,383,123.11,0.00,141.30,1,7.08,1
vllm,multi_turn,384,130.12,82.18,212.29,2,9.42,1
vllm,multi_turn,385,270.87,95.50,366.38,2,5.46,1
vllm,multi_turn,386,197.77,92.69,290.46,2,6.89,1
vllm,multi_turn,387,204.63,0.00,222.00,1,4.50,1
vllm,multi_turn,388,142.84,14.86,157.70,2,12.68,1
vllm,multi_turn,389,194.53,0.00,199.39,1,5.02,1
vllm,multi_turn,390,102.43,0.00,149.43,1,6.69,1
vllm,multi_turn,391,163.15,0.00,185.65,1,5.39,1
vllm,multi_turn,392,185.77,0.00,203.27,1,4.92,1
vllm,multi_turn,393,205.68,41.07,246.75,2,8.11,1
vllm,multi_turn,394,93.71,17.79,111.50,2,17.94,1
vllm,multi_turn,395,168.92,53.83,222.75,2,8.98,1
vllm,multi_turn,396,161.57,0.00,166.91,1,5.99,1
vllm,multi_turn,397,238.85,0.36,239.21,2,8.36,1
vllm,multi_turn,398,292.17,113.37,405.54,2,4.93,1
vllm,multi_turn,399,146.26,0.00,169.31,1,5.91,1
vllm,multi_turn,400,100.76,25.97,126.72,2,15.78,1
vllm,multi_turn,401,109.94,0.00,219.48,1,4.56,1
vllm,multi_turn,402,135.70,5.06,140.75,2,14.21,1
vllm,multi_turn,403,172.33,129.47,301.79,2,6.63,1
vllm,multi_turn,404,231.45,155.43,386.88,2,5.17,1
vllm,multi_turn,405,178.35,0.00,208.38,1,4.80,1
vllm,multi_turn,406,223.15,65.05,288.21,2,6.94,1
vllm,multi_turn,407,251.00,0.00,281.31,1,3.55,1
vllm,multi_turn,408,76.90,53.60,130.50,2,15.33,1
vllm,multi_turn,409,189.32,100.52,289.83,2,6.90,1
vllm,multi_turn,410,140.85,0.00,156.98,1,6.37,1
vllm,multi_turn,411,148.02,66.58,214.61,2,9.32,1
vllm,multi_turn,412,281.68,0.00,306.86,1,3.26,1
vllm,multi_turn,413,264.34,62.22,326.56,2,6.12,1
vllm,multi_turn,414,295.65,0.00,367.97,1,2.72,1
vllm,multi_turn,415,175.11,0.00,208.50,1,4.80,1
vllm,multi_turn,416,116.92,0.00,136.71,1,7.31,1
vllm,multi_turn,417,237.76,0.00,242.69,1,4.12,1
vllm,multi_turn,418,116.31,25.04,266.55,7,26.26,0
vllm,multi_turn,419,200.37,38.86,239.23,2,8.36,1
vllm,multi_turn,420,127.47,0.00,237.87,1,4.20,1
vllm,multi_turn,421,190.86,104.83,295.69,2,6.76,1
vllm,multi_turn,422,159.15,181.59,340.74,2,5.87,1
vllm,multi_turn,423,155.81,0.00,185.96,1,5.38,1
vllm,multi_turn,424,128.62,0.00,237.46,1,4.21,1
vllm,multi_turn,425,120.60,0.00,139.17,1,7.19,1
vllm,multi_turn,426,141.18,0.00,162.72,1,6.15,1
vllm,multi_turn,427,179.18,46.22,225.40,2,8.87,1
vllm,multi_turn,428,171.15,0.00,237.34,1,4.21,1
vllm,multi_turn,429,169.00,76.12,245.12,2,8.16,1
vllm,multi_turn,430,256.60,56.30,312.91,2,6.39,1
vllm,multi_turn,431,215.44,0.00,245.76,1,4.07,1
vllm,multi_turn,432,202.55,21.32,287.84,5,17.37,0
vllm,multi_turn,433,156.11,0.00,170.68,1,5.86,1
vllm,multi_turn,434,99.27,0.00,121.18,1,8.25,1
vllm,multi_turn,435,229.37,80.10,309.46,2,6.46,1
vllm,multi_turn,436,251.44,23.21,274.66,2,7.28,1
vllm,multi_turn,437,211.58,0.00,226.41,1,4.42,1
vllm,multi_turn,438,176.74,0.00,203.37,1,4.92,1
vllm,multi_turn,439,202.33,58.57,260.90,2,7.67,1
vllm,multi_turn,440,141.34,0.00,185.10,1,5.40,1
vllm,multi_turn,441,145.32,0.00,162.26,1,6.16,1
vllm,multi_turn,442,140.50,97.11,237.61,2,8.42,1
vllm,multi_turn,443,233.72,109.27,342.99,2,5.83,0
vllm,multi_turn,444,130.50,30.39,160.90,2,12.43,1
vllm,multi_turn,445,112.83,76.76,189.59,2,10.55,1
vllm,multi_turn,446,182.56,0.00,245.45,1,4.07,1
vllm,multi_turn,447,299.76,0.00,321.59,1,3.11,1
vllm,multi_turn,448,192.48,95.83,288.30,2,6.94,1
vllm,multi_turn,449,117.60,0.00,131.42,1,7.61,1
vllm,multi_turn,450,229.16,21.26,250.42,2,7.99,1
vllm,multi_turn,451,125.61,27.87,153.48,2,13.03,1
vllm,multi_turn,452,183.23,0.00,193.46,1,5.17,1
vllm,multi_turn,453,246.68,0.00,279.45,1,3.58,1
vllm,multi_turn,454,325.77,137.90,463.67,2,4.31,1
vllm,multi_turn,455,195.10,0.00,229.39,1,4.36,1
vllm,multi_turn,456,184.79,104.15,288.94,2,6.92,1
vllm,multi_turn,457,199.23,78.14,277.37,2,7.21,1
vllm,multi_turn,458,141.27,0.00,141.50,1,7.07,1
vllm,multi_turn,459,193.61,132.90,326.51,2,6.13,1
vllm,multi_turn,460,198.54,0.00,285.01,1,3.51,1
vllm,multi_turn,461,99.22,0.00,128.98,1,7.75,1
vllm,multi_turn,462,148.79,100.40,249.19,2,8.03,1
vllm,multi_turn,463,185.16,46.49,231.65,2,8.63,1
vllm,multi_turn,464,138.08,0.00,161.01,1,6.21,1
vllm,multi_turn,465,137.40,0.00,182.00,1,5.49,1
vllm,multi_turn,466,214.09,0.00,250.80,1,3.99,1
vllm,multi_turn,467,175.40,0.00,193.07,1,5.18,1
vllm,multi_turn,468,190.45,0.00,234.86,1,4.26,1
vllm,multi_turn,469,213.75,159.42,373.17,2,5.36,1
vllm,multi_turn,470,202.14,78.63,280.76,2,7.12,1
vllm,multi_turn,471,209.62,89.16,298.77,2,6.69,1
vllm,multi_turn,472,60.66,0.00,88.96,1,11.24,1
vllm,multi_turn,473,179.26,0.00,225.33,1,4.44,1
vllm,multi_turn,474,122.45,0.00,126.80,1,7.89,1
vllm,multi_turn,475,183.49,0.00,338.99,1,2.95,1
vllm,multi_turn,476,211.75,53.02,264.77,2,7.55,1
vllm,multi_turn,477,202.02,64.67,266.69,2,7.50,1
vllm,multi_turn,478,335.41,68.28,403.69,2,4.95,1
vllm,multi_turn,479,248.75,0.00,321.16,1,3.11,1
vllm,multi_turn,480,190.34,0.00,233.90,1,4.28,1
vllm,multi_turn,481,196.08,39.45,235.53,2,8.49,1
vllm,multi_turn,482,136.28,35.77,172.05,2,11.62,1
vllm,multi_turn,483,272.58,56.82,329.40,2,6.07,1
vllm,multi_turn,484,137.39,0.00,167.94,1,5.95,1
vllm,multi_turn,485,165.46,0.00,165.75,1,6.03,1
vllm,multi_turn,486,203.09,0.00,331.18,1,3.02,1
vllm,multi_turn,487,179.78,94.24,274.02,2,7.30,1
vllm,multi_turn,488,128.86,87.77,216.63,2,9.23,1
vllm,multi_turn,489,156.88,0.00,177.12,1,5.65,1
vllm,multi_turn,490,139.65,22.81,162.46,2,12.31,1
vllm,multi_turn,491,233.65,0.00,312.04,1,3.20,1
vllm,multi_turn,492,317.12,0.00,426.46,1,2.34,1
vllm,multi_turn,493,214.08,0.00,314.95,1,3.18,1
vllm,multi_turn,494,181.82,117.31,299.13,2,6.69,1
vllm,multi_turn,495,83.03,31.20,114.23,2,17.51,1
vllm,multi_turn,496,128.25,108.02,236.27,2,8.46,1
vllm,multi_turn,497,192.96,37.45,230.41,2,8.68,1
vllm,multi_turn,498,105.80,0.00,110.28,1,9.07,1
vllm,multi_turn,499,210.18,89.42,299.61,2,6.68,1
vllm,multi_turn,500,347.87,89.01,436.89,2,4.58,1
vllm,multi_turn,501,212.05,69.39,281.44,2,7.11,1
vllm,multi_turn,502,215.96,0.00,287.25,1,3.48,1
vllm,multi_turn,503,177.40,0.00,252.50,1,3.96,1
vllm,multi_turn,504,68.33,0.00,116.37,1,8.59,1
vllm,multi_turn,505,113.30,34.29,319.01,7,21.94,0
vllm,multi_turn,506,210.59,121.07,331.66,2,6.03,1
vllm,multi_turn,507,201.16,0.00,330.15,1,3.03,1
vllm,multi_turn,508,193.90,0.00,234.67,1,4.26,1
vllm,multi_turn,509,357.05,0.00,389.57,1,2.57,1
vllm,multi_turn,510,258.61,0.00,288.03,1,3.47,1
vllm,multi_turn,511,228.49,154.95,383.44,2,5.22,1
vllm,multi_turn,512,149.83,0.00,173.74,1,5.76,1
vllm,multi_turn,513,182.10,0.00,182.38,1,5.48,1
vllm,multi_turn,514,188.16,0.00,212.02,1,4.72,1
vllm,multi_turn,515,136.63,0.00,162.53,1,6.15,1
vllm,multi_turn,516,127.66,0.00,127.88,1,7.82,1
vllm,multi_turn,517,175.89,62.50,300.89,3,9.97,0
vllm,multi_turn,518,151.94,0.00,216.68,1,4.62,1
vllm,multi_turn,519,193.94,0.00,264.04,1,3.79,1
vllm,multi_turn,520,126.08,21.81,147.89,2,13.52,1
vllm,multi_turn,521,127.02,26.68,153.70,2,13.01,1
vllm,multi_turn,522,127.30,34.12,161.42,2,12.39,1
vllm,multi_turn,523,135.41,0.00,170.67,1,5.86,1
vllm,multi_turn,524,119.25,0.00,155.24,1,6.44,1
vllm,multi_turn,525,76.20,35.73,111.93,2,17.87,1
vllm,multi_turn,526,144.91,24.79,169.70,2,11.79,1
vllm,multi_turn,527,186.77,35.10,221.87,2,9.01,1
vllm,multi_turn,528,144.43,0.00,157.04,1,6.37,1
vllm,multi_turn,529,95.57,0.00,99.67,1,10.03,1
vllm,multi_turn,530,206.86,0.00,244.10,1,4.10,1
vllm,multi_turn,531,100.59,0.00,104.85,1,9.54,1
vllm,multi_turn,532,103.48,41.90,145.38,2,13.76,1
vllm,multi_turn,533,113.81,5.18,118.99,2,16.81,1
vllm,multi_turn,534,128.91,0.00,151.56,1,6.60,1
vllm,multi_turn,535,105.22,31.03,136.24,2,14.68,1
vllm,multi_turn,536,244.27,0.00,327.78,1,3.05,1
vllm,multi_turn,537,266.71,0.00,348.84,1,2.87,1
vllm,multi_turn,538,172.09,0.00,191.94,1,5.21,1
vllm,multi_turn,539,91.59,0.00,96.58,1,10.35,1
vllm,multi_turn,540,227.57,0.00,237.90,1,4.20,1
vllm,multi_turn,541,193.06,0.00,216.55,1,4.62,1
vllm,multi_turn,542,123.89,0.00,143.90,1,6.95,1
vllm,multi_turn,543,323.19,2.76,325.95,2,6.14,1
vllm,multi_turn,544,197.38,45.44,242.81,2,8.24,1
vllm,multi_turn,545,163.95,0.00,179.24,1,5.58,1
vllm,multi_turn,546,211.11,30.82,241.93,2,8.27,1
vllm,multi_turn,547,149.08,52.78,201.86,2,9.91,1
vllm,multi_turn,548,92.64,0.00,97.53,1,10.25,1
vllm,multi_turn,549,177.66,0.00,214.35,1,4.67,1
vllm,multi_turn,550,223.38,44.76,268.13,2,7.46,1
vllm,multi_turn,551,172.08,0.00,180.53,1,5.54,1
vllm,multi_turn,552,315.48,89.13,404.61,2,4.94,1
vllm,multi_turn,553,153.22,0.00,181.57,1,5.51,1
vllm,multi_turn,554,111.95,0.36,112.32,2,17.81,1
vllm,multi_turn,555,107.33,0.00,142.74,1,7.01,1
vllm,multi_turn,556,85.81,0.00,86.04,1,11.62,1
vllm,multi_turn,557,192.15,0.00,235.02,1,4.25,1
vllm,multi_turn,558,126.65,0.00,135.05,1,7.40,1
vllm,multi_turn,559,226.19,0.00,307.78,1,3.25,1
vllm,multi_turn,560,246.71,0.00,279.36,1,3.58,1
vllm,multi_turn,561,83.94,0.00,103.45,1,9.67,1
vllm,multi_turn,562,147.01,0.00,277.52,1,3.60,1
vllm,multi_turn,563,122.94,0.00,150.55,1,6.64,1
vllm,multi_turn,564,138.82,4.66,143.48,2,13.94,1
vllm,multi_turn,565,133.23,0.00,164.62,1,6.07,1
vllm,multi_turn,566,96.20,0.00,96.42,1,10.37,1
vllm,multi_turn,567,118.88,31.84,150.72,2,13.27,1
vllm,multi_turn,568,184.30,164.74,349.04,2,5.73,1
vllm,multi_turn,569,211.58,0.00,243.18,1,4.11,1
vllm,multi_turn,570,164.07,0.00,185.28,1,5.40,1
vllm,multi_turn,571,110.45,0.00,120.12,1,8.33,1
vllm,multi_turn,572,188.53,0.00,226.80,1,4.41,1
vllm,multi_turn,573,153.08,0.00,164.38,1,6.08,1
vllm,multi_turn,574,148.08,37.12,185.20,2,10.80,1
vllm,multi_turn,575,166.71,0.00,183.73,1,5.44,1
vllm,multi_turn,576,127.65,30.74,158.40,2,12.63,1
vllm,multi_turn,577,114.87,0.00,138.88,1,7.20,1
vllm,multi_turn,578,152.80,73.42,226.22,2,8.84,1
vllm,multi_turn,579,136.19,8.74,153.66,3,19.52,0
vllm,multi_turn,580,162.05,15.42,177.47,2,11.27,1
vllm,multi_turn,581,216.14,0.00,278.65,1,3.59,1
vllm,multi_turn,582,115.53,0.00,121.79,1,8.21,1
vllm,multi_turn,583,163.68,0.00,163.95,1,6.10,1
vllm,multi_turn,584,139.10,24.81,163.91,2,12.20,1
vllm,multi_turn,585,190.63,0.00,261.22,1,3.83,1
vllm,multi_turn,586,256.08,66.36,322.44,2,6.20,1
vllm,multi_turn,587,160.48,0.00,185.11,1,5.40,1
vllm,multi_turn,588,226.47,54.26,280.72,2,7.12,1
vllm,multi_turn,589,96.84,35.32,132.16,2,15.13,1
vllm,multi_turn,590,126.39,0.00,157.24,1,6.36,1
vllm,multi_turn,591,79.26,0.00,103.61,1,9.65,1
vllm,multi_turn,592,210.58,0.00,225.60,1,4.43,1
vllm,multi_turn,593,212.96,0.00,247.78,1,4.04,1
vllm,multi_turn,594,114.04,0.00,130.05,1,7.69,1
vllm,multi_turn,595,132.39,90.70,223.09,2,8.96,1
vllm,multi_turn,596,127.41,133.08,260.49,2,7.68,1
vllm,multi_turn,597,204.85,73.69,278.54,2,7.18,1
vllm,multi_turn,598,137.34,50.10,187.43,2,10.67,1
vllm,multi_turn,599,99.71,0.00,99.94,1,10.01,1
vllm,multi_turn,600,228.16,70.60,298.76,2,6.69,1
vllm,multi_turn,601,176.16,0.00,207.59,1,4.82,1
vllm,multi_turn,602,72.21,55.91,128.12,2,15.61,1
vllm,multi_turn,603,214.17,0.00,258.65,1,3.87,1
vllm,multi_turn,604,135.39,50.17,185.57,2,10.78,1
vllm,multi_turn,605,204.55,45.36,249.91,2,8.00,1
vllm,multi_turn,606,111.01,0.00,130.59,1,7.66,1
vllm,multi_turn,607,247.25,67.21,314.46,2,6.36,1
vllm,multi_turn,608,138.33,0.00,174.34,1,5.74,1
vllm,multi_turn,609,198.36,0.00,229.55,1,4.36,1
vllm,multi_turn,610,110.93,0.00,116.14,1,8.61,1
vllm,multi_turn,611,153.75,123.84,277.58,2,7.21,1
vllm,multi_turn,612,123.88,0.00,146.49,1,6.83,1
vllm,multi_turn,613,136.59,0.00,136.82,1,7.31,1
vllm,multi_turn,614,162.22,0.00,179.13,1,5.58,1
vllm,multi_turn,615,105.66,55.98,161.64,2,12.37,1
vllm,multi_turn,616,235.92,0.00,256.41,1,3.90,1
vllm,multi_turn,617,177.30,0.00,212.78,1,4.70,1
vllm,multi_turn,618,205.58,0.00,223.18,1,4.48,1
vllm,multi_turn,619,138.80,0.00,139.03,1,7.19,1
vllm,multi_turn,620,176.88,0.00,239.27,1,4.18,1
vllm,multi_turn,621,104.95,35.97,140.92,2,14.19,1
vllm,multi_turn,622,256.30,1.72,258.02,2,7.75,1
vllm,multi_turn,623,146.41,106.86,253.27,2,7.90,1
vllm,multi_turn,624,139.59,41.08,180.66,2,11.07,1
vllm,multi_turn,625,248.67,0.00,248.92,1,4.02,1
vllm,multi_turn,626,152.92,149.60,302.52,2,6.61,1
vllm,multi_turn,627,177.71,0.00,181.96,1,5.50,1
vllm,multi_turn,628,222.82,86.77,309.59,2,6.46,1
vllm,multi_turn,629,204.31,0.00,319.50,1,3.13,1
vllm,multi_turn,630,234.82,0.00,253.20,1,3.95,1
vllm,multi_turn,631,156.48,32.91,189.39,2,10.56,1
vllm,multi_turn,632,246.28,110.26,356.54,2,5.61,0
vllm,multi_turn,633,143.10,0.00,180.90,1,5.53,1
vllm,multi_turn,634,80.36,0.00,90.31,1,11.07,1
vllm,multi_turn,635,209.16,0.00,226.90,1,4.41,1
vllm,multi_turn,636,218.67,170.05,388.72,2,5.15,1
vllm,multi_turn,637,199.04,67.56,266.60,2,7.50,1
vllm,multi_turn,638,161.25,0.00,252.08,1,3.97,1
vllm,multi_turn,639,175.97,0.00,197.42,1,5.07,1
vllm,multi_turn,640,175.86,0.00,190.78,1,5.24,1
vllm,multi_turn,641,103.19,0.00,174.63,1,5.73,1
vllm,multi_turn,642,148.71,135.05,283.76,2,7.05,1
vllm,multi_turn,643,174.02,0.00,232.01,1,4.31,1
vllm,multi_turn,644,123.17,0.00,142.93,1,7.00,1
vllm,multi_turn,645,148.64,0.00,229.47,1,4.36,1
vllm,multi_turn,646,136.72,89.29,226.01,2,8.85,1
vllm,multi_turn,647,186.52,0.00,210.77,1,4.74,1
vllm,multi_turn,648,213.88,0.00,255.70,1,3.91,1
vllm,multi_turn,649,118.81,26.45,145.26,2,13.77,1
vllm,multi_turn,650,165.82,49.34,215.16,2,9.30,1
vllm,multi_turn,651,107.82,0.00,128.07,1,7.81,1
vllm,multi_turn,652,78.95,0.00,132.23,1,7.56,1
vllm,multi_turn,653,179.59,64.64,244.23,2,8.19,1
vllm,multi_turn,654,273.84,0.00,389.23,1,2.57,1
vllm,multi_turn,655,115.70,0.00,146.81,1,6.81,1
vllm,multi_turn,656,193.36,105.59,298.95,2,6.69,1
vllm,multi_turn,657,199.48,0.00,229.57,1,4.36,1
vllm,multi_turn,658,170.10,0.00,183.95,1,5.44,1
vllm,multi_turn,659,97.39,77.56,174.95,2,11.43,1
vllm,multi_turn,660,177.50,0.00,260.26,1,3.84,1
vllm,multi_turn,661,324.84,15.18,340.02,2,5.88,1
vllm,multi_turn,662,189.58,52.76,242.34,2,8.25,1
vllm,multi_turn,663,155.66,0.00,189.82,1,5.27,1
vllm,multi_turn,664,194.58,57.54,252.12,2,7.93,1
vllm,multi_turn,665,215.83,0.00,272.14,1,3.67,1
vllm,multi_turn,666,200.28,0.00,219.26,1,4.56,1
vllm,multi_turn,667,158.78,0.00,159.06,1,6.29,1
vllm,multi_turn,668,142.98,65.42,208.39,2,9.60,1
vllm,multi_turn,669,180.55,0.00,193.29,1,5.17,1
vllm,multi_turn,670,152.50,0.34,152.84,2,13.09,1
vllm,multi_turn,671,162.91,52.28,215.19,2,9.29,1
vllm,multi_turn,672,153.99,0.00,154.26,1,6.48,1
vllm,multi_turn,673,160.31,0.00,178.93,1,5.59,1
vllm,multi_turn,674,138.22,10.45,148.67,2,13.45,1
vllm,multi_turn,675,170.58,64.91,235.49,2,8.49,1
vllm,multi_turn,676,135.61,39.28,174.89,2,11.44,1
vllm,multi_turn,677,162.21,0.00,192.65,1,5.19,1
vllm,multi_turn,678,241.60,0.00,276.44,1,3.62,1
vllm,multi_turn,679,184.56,0.00,211.33,1,4.73,1
vllm,multi_turn,680,136.72,0.00,196.57,1,5.09,1
vllm,multi_turn,681,132.91,0.00,150.84,1,6.63,1
vllm,multi_turn,682,173.56,0.00,192.02,1,5.21,1
vllm,multi_turn,683,145.54,82.60,228.14,2,8.77,1
vllm,multi_turn,684,113.35,0.00,131.39,1,7.61,1
vllm,multi_turn,685,145.12,0.00,175.39,1,5.70,1
vllm,multi_turn,686,232.41,0.00,323.10,1,3.10,1
vllm,multi_turn,687,121.52,52.90,174.43,2,11.47,1
vllm,multi_turn,688,272.20,47.94,368.09,3,8.15,0
vllm,multi_turn,689,152.21,36.72,188.93,2,10.59,1
vllm,multi_turn,690,78.30,0.00,132.66,1,7.54,1
vllm,multi_turn,691,186.83,47.99,234.82,2,8.52,0
vllm,multi_turn,692,257.26,20.35,277.62,2,7.20,1
vllm,multi_turn,693,193.57,70.82,264.39,2,7.56,1
vllm,multi_turn,694,242.75,95.94,338.70,2,5.91,1
vllm,multi_turn,695,200.94,0.00,238.31,1,4.20,1
vllm,multi_turn,696,167.84,32.54,200.38,2,9.98,1
vllm,multi_turn,697,78.57,71.35,149.92,2,13.34,1
vllm,multi_turn,698,132.73,116.39,249.13,2,8.03,1
vllm,multi_turn,699,168.70,54.51,223.22,2,8.96,1
vllm,multi_turn,700,153.55,0.00,170.65,1,5.86,1
vllm,multi_turn,701,198.92,0.00,209.16,1,4.78,1
vllm,multi_turn,702,228.35,0.00,253.50,1,3.94,1
vllm,multi_turn,703,177.54,61.05,238.59,2,8.38,1
vllm,multi_turn,704,253.68,0.00,277.18,1,3.61,1
vllm,multi_turn,705,117.71,0.00,122.38,1,8.17,1
vllm,multi_turn,706,191.89,67.57,259.45,2,7.71,1
vllm,multi_turn,707,131.18,55.49,186.67,2,10.71,1
vllm,multi_turn,708,235.21,198.59,433.80,2,4.61,1
vllm,multi_turn,709,163.84,0.00,196.67,1,5.08,1
vllm,multi_turn,710,126.09,32.67,158.75,2,12.60,1
vllm,multi_turn,711,91.12,0.00,109.93,1,9.10,1
vllm,multi_turn,712,126.31,0.00,130.85,1,7.64,1
vllm,multi_turn,713,193.18,0.00,252.95,1,3.95,1
vllm,multi_turn,714,152.81,27.31,180.12,2,11.10,1
vllm,multi_turn,715,105.00,0.00,118.78,1,8.42,1
vllm,multi_turn,716,208.47,0.00,235.76,1,4.24,1
vllm,multi_turn,717,167.96,1.44,169.40,2,11.81,1
vllm,multi_turn,718,169.85,0.00,293.27,1,3.41,1
vllm,multi_turn,719,129.60,0.00,174.57,1,5.73,1
vllm,multi_turn,720,236.52,53.92,290.44,2,6.89,1
vllm,multi_turn,721,206.82,0.00,244.20,1,4.10,1
vllm,multi_turn,722,90.29,0.00,100.19,1,9.98,1
vllm,multi_turn,723,166.86,0.00,184.09,1,5.43,1
vllm,multi_turn,724,139.40,2.63,142.04,2,14.08,1
vllm,multi_turn,725,234.00,0.00,264.53,1,3.78,1
vllm,multi_turn,726,229.57,62.65,292.22,2,6.84,1
vllm,multi_turn,727,201.34,40.66,242.00,2,8.26,1
vllm,multi_turn,728,166.82,0.00,214.39,1,4.66,1
vllm,multi_turn,729,129.63,31.32,160.95,2,12.43,1
vllm,multi_turn,730,180.48,15.20,195.68,2,10.22,1
vllm,multi_turn,731,205.29,0.00,210.18,1,4.76,1
vllm,multi_turn,732,284.68,0.00,311.94,1,3.21,1
vllm,multi_turn,733,234.20,58.43,292.63,2,6.83,1
vllm,multi_turn,734,161.83,0.00,172.19,1,5.81,1
vllm,multi_turn,735,83.18,0.00,113.20,1,8.83,1
vllm,multi_turn,736,141.93,28.35,170.28,2,11.75,1
vllm,multi_turn,737,109.51,0.00,124.43,1,8.04,1
vllm,multi_turn,738,228.96,62.64,291.60,2,6.86,1
vllm,multi_turn,739,179.46,0.00,213.76,1,4.68,1
vllm,multi_turn,740,236.60,181.66,418.25,2,4.78,1
vllm,multi_turn,741,146.93,0.00,182.93,1,5.47,1
vllm,multi_turn,742,205.40,0.00,231.18,1,4.33,1
vllm,multi_turn,743,91.18,0.00,96.04,1,10.41,1
vllm,multi_turn,744,140.88,0.00,141.14,1,7.09,1
vllm,multi_turn,745,215.80,116.16,331.96,2,6.02,1
vllm,multi_turn,746,191.59,0.00,235.36,1,4.25,1
vllm,multi_turn,747,197.55,0.00,227.61,1,4.39,1
vllm,multi_turn,748,84.69,71.20,155.88,2,12.83,1
vllm,multi_turn,749,189.01,0.00,219.50,1,4.56,1
vllm,multi_turn,750,157.99,0.00,174.76,1,5.72,1
vllm,multi_turn,751,65.76,0.00,115.87,1,8.63,1
vllm,multi_turn,752,180.53,0.00,209.08,1,4.78,1
vllm,multi_turn,753,205.00,0.00,232.93,1,4.29,1
vllm,multi_turn,754,129.27,0.00,175.21,1,5.71,1
vllm,multi_turn,755,204.57,0.00,209.16,1,4.78,1
vllm,multi_turn,756,107.90,0.00,123.15,1,8.12,1
vllm,multi_turn,757,237.04,0.00,259.94,1,3.85,1
vllm,multi_turn,758,172.67,119.42,292.10,2,6.85,1
vllm,multi_turn,759,132.67,60.62,193.29,2,10.35,1
vllm,multi_turn,760,118.64,49.77,168.41,2,11.88,1
vllm,multi_turn,761,155.62,0.00,205.77,1,4.86,1
vllm,multi_turn,762,160.31,0.00,172.80,1,5.79,1
vllm,multi_turn,763,159.22,0.00,183.29,1,5.46,1
vllm,multi_turn,764,147.00,0.00,189.53,1,5.28,1
vllm,multi_turn,765,70.09,0.00,149.61,1,6.68,1
vllm,multi_turn,766,304.78,0.33,305.12,2,6.55,1
vllm,multi_turn,767,138.84,0.00,206.38,1,4.85,1
vllm,multi_turn,768,234.07,0.00,283.62,1,3.53,1
vllm,multi_turn,769,204.24,133.84,338.08,2,5.92,1
vllm,multi_turn,770,152.50,0.00,170.32,1,5.87,1
vllm,multi_turn,771,153.77,8.95,162.71,2,12.29,1
vllm,multi_turn,772,267.04,0.00,294.96,1,3.39,1
vllm,multi_turn,773,198.21,0.00,203.27,1,4.92,1
vllm,multi_turn,774,172.51,0.00,188.37,1,5.31,1
vllm,multi_turn,775,74.52,44.22,118.74,2,16.84,1
vllm,multi_turn,776,102.12,39.98,142.11,2,14.07,1
vllm,multi_turn,777,143.18,42.43,185.62,2,10.77,1
vllm,multi_turn,778,92.04,0.00,154.10,1,6.49,1
vllm,multi_turn,779,135.97,102.06,238.03,2,8.40,1
vllm,multi_turn,780,191.84,0.00,248.54,1,4.02,1
vllm,multi_turn,781,295.21,0.00,371.39,1,2.69,1
vllm,multi_turn,782,138.95,0.00,166.65,1,6.00,1
vllm,multi_turn,783,79.91,0.00,88.68,1,11.28,1
vllm,multi_turn,784,236.25,0.00,257.40,1,3.88,1
vllm,multi_turn,785,117.45,26.79,144.24,2,13.87,1
vllm,multi_turn,786,109.76,0.00,125.85,1,7.95,1
vllm,multi_turn,787,170.55,0.00,185.96,1,5.38,1
vllm,multi_turn,788,125.33,0.00,149.02,1,6.71,1
vllm,multi_turn,789,128.95,0.00,143.21,1,6.98,1
vllm,multi_turn,790,164.47,0.00,169.31,1,5.91,1
vllm,multi_turn,791,195.14,0.00,264.98,1,3.77,1
vllm,multi_turn,792,120.91,0.00,130.89,1,7.64,1
vllm,multi_turn,793,230.46,0.00,290.65,1,3.44,1
vllm,multi_turn,794,159.79,59.07,218.86,2,9.14,1
vllm,multi_turn,795,243.68,165.17,408.85,2,4.89,1
vllm,multi_turn,796,109.14,0.00,135.35,1,7.39,1
vllm,multi_turn,797,131.59,29.71,161.30,2,12.40,1
vllm,multi_turn,798,82.95,53.56,136.52,2,14.65,1
vllm,multi_turn,799,109.91,23.59,133.50,2,14.98,1
vllm,multi_turn,800,124.72,28.70,153.43,2,13.04,1
vllm,multi_turn,801,119.37,0.00,122.94,1,8.13,1
vllm,multi_turn,802,193.11,101.84,294.95,2,6.78,1
vllm,multi_turn,803,259.71,108.01,367.72,2,5.44,1
vllm,multi_turn,804,142.86,95.78,238.64,2,8.38,1
vllm,multi_turn,805,238.55,108.61,347.16,2,5.76,1
vllm,multi_turn,806,156.78,0.00,170.24,1,5.87,1
vllm,multi_turn,807,126.45,0.00,146.88,1,6.81,1
vllm,multi_turn,808,74.81,0.00,119.64,1,8.36,1
vllm,multi_turn,809,159.09,155.66,314.75,2,6.35,0
vllm,multi_turn,810,252.85,0.00,295.28,1,3.39,1
vllm,multi_turn,811,132.85,0.00,271.51,1,3.68,1
vllm,multi_turn,812,132.11,0.00,157.40,1,6.35,1
vllm,multi_turn,813,120.86,0.00,149.31,1,6.70,1
vllm,multi_turn,814,141.60,0.00,164.33,1,6.09,1
vllm,multi_turn,815,140.36,0.00,158.14,1,6.32,1
vllm,multi_turn,816,156.50,111.18,267.68,2,7.47,1
vllm,multi_turn,817,193.64,0.00,298.55,1,3.35,1
vllm,multi_turn,818,183.37,0.00,203.72,1,4.91,1
vllm,multi_turn,819,175.73,62.90,238.63,2,8.38,1
vllm,multi_turn,820,77.33,0.00,91.88,1,10.88,1
vllm,multi_turn,821,161.02,136.08,297.10,2,6.73,1
vllm,multi_turn,822,201.57,28.14,229.71,2,8.71,1
vllm,multi_turn,823,109.87,0.00,137.40,1,7.28,1
vllm,multi_turn,824,245.61,0.00,308.57,1,3.24,1
vllm,multi_turn,825,255.12,65.24,320.36,2,6.24,1
vllm,multi_turn,826,208.90,63.70,272.60,2,7.34,1
vllm,multi_turn,827,147.34,0.00,160.84,1,6.22,1
vllm,multi_turn,828,113.26,86.46,199.72,2,10.01,1
vllm,multi_turn,829,167.75,102.47,270.22,2,7.40,1
vllm,multi_turn,830,165.04,0.00,174.21,1,5.74,1
vllm,multi_turn,831,132.01,0.00,157.11,1,6.36,1
vllm,multi_turn,832,92.00,0.00,101.05,1,9.90,1
vllm,multi_turn,833,205.69,118.41,324.10,2,6.17,1
vllm,multi_turn,834,168.70,73.48,242.18,2,8.26,1
vllm,multi_turn,835,163.93,68.91,232.84,2,8.59,1
vllm,multi_turn,836,207.64,0.00,239.80,1,4.17,1
vllm,multi_turn,837,101.47,0.00,119.54,1,8.37,1
vllm,multi_turn,838,164.44,33.74,198.18,2,10.09,1
vllm,multi_turn,839,127.80,0.00,152.34,1,6.56,1
vllm,multi_turn,840,181.51,0.39,181.89,2,11.00,1
vllm,multi_turn,841,143.10,0.00,215.56,1,4.64,1
vllm,multi_turn,842,135.20,24.44,159.64,2,12.53,1
vllm,multi_turn,843,111.43,44.60,200.63,3,14.95,0
vllm,multi_turn,844,141.49,64.30,205.79,2,9.72,1
vllm,multi_turn,845,230.03,0.00,280.30,1,3.57,1
vllm,multi_turn,846,224.78,0.00,258.58,1,3.87,1
vllm,multi_turn,847,147.47,30.43,177.90,2,11.24,1
vllm,multi_turn,848,77.59,47.55,125.14,2,15.98,1
vllm,multi_turn,849,194.62,66.33,260.95,2,7.66,1
vllm,multi_turn,850,261.02,25.38,286.40,2,6.98,1
vllm,multi_turn,851,243.36,0.00,336.40,1,2.97,1
vllm,multi_turn,852,118.09,73.01,191.10,2,10.47,1
vllm,multi_turn,853,139.44,23.69,163.12,2,12.26,1
vllm,multi_turn,854,109.34,0.00,126.43,1,7.91,1
vllm,multi_turn,855,114.56,31.44,146.01,2,13.70,1
vllm,multi_turn,856,75.90,0.00,100.39,1,9.96,1
vllm,multi_turn,857,216.02,0.00,296.88,1,3.37,1
vllm,multi_turn,858,157.05,0.00,266.66,1,3.75,1
vllm,multi_turn,859,123.08,0.00,141.60,1,7.06,1
vllm,multi_turn,860,106.56,46.37,152.93,2,13.08,1
vllm,multi_turn,861,219.44,0.00,290.22,1,3.45,1
vllm,multi_turn,862,180.70,51.04,231.74,2,8.63,1
vllm,multi_turn,863,111.89,0.00,125.42,1,7.97,1
vllm,multi_turn,864,82.66,74.20,156.86,2,12.75,1
vllm,multi_turn,865,192.17,0.00,304.64,1,3.28,1
vllm,multi_turn,866,217.55,3.19,220.74,2,9.06,1
vllm,multi_turn,867,182.46,84.01,266.47,2,7.51,1
vllm,multi_turn,868,213.58,81.27,294.85,2,6.78,1
vllm,multi_turn,869,124.21,28.42,152.63,2,13.10,1
vllm,multi_turn,870,112.51,14.71,127.22,2,15.72,1
vllm,multi_turn,871,110.91,0.00,117.98,1,8.48,1
vllm,multi_turn,872,102.80,68.73,171.53,2,11.66,1
vllm,multi_turn,873,212.13,0.00,297.62,1,3.36,1
vllm,multi_turn,874,140.59,94.58,235.17,2,8.50,1
vllm,multi_turn,875,186.99,159.45,346.44,2,5.77,1
vllm,multi_turn,876,122.69,52.89,175.58,2,11.39,1
vllm,multi_turn,877,103.12,24.73,127.85,2,15.64,1
vllm,multi_turn,878,188.12,41.00,229.12,2,8.73,1
vllm,multi_turn,879,81.26,31.83,113.10,2,17.68,1
vllm,multi_turn,880,195.92,0.00,213.16,1,4.69,1
vllm,multi_turn,881,97.82,34.83,132.65,2,15.08,1
vllm,multi_turn,882,243.95,115.66,359.61,2,5.56,1
vllm,multi_turn,883,182.48,0.00,234.78,1,4.26,1
vllm,multi_turn,884,263.58,0.00,273.66,1,3.65,1
vllm,multi_turn,885,219.69,93.54,313.22,2,6.39,1
vllm,multi_turn,886,192.01,56.87,248.88,2,8.04,1
vllm,multi_turn,887,103.84,35.46,139.30,2,14.36,1
vllm,multi_turn,888,93.48,0.00,116.67,1,8.57,1
vllm,multi_turn,889,174.95,0.00,212.54,1,4.70,1
vllm,multi_turn,890,265.70,0.00,270.68,1,3.69,1
vllm,multi_turn,891,305.90,30.09,335.98,2,5.95,1
vllm,multi_turn,892,185.05,76.74,261.79,2,7.64,1
vllm,multi_turn,893,154.00,23.09,177.09,2,11.29,1
vllm,multi_turn,894,81.70,0.00,110.44,1,9.05,1
vllm,multi_turn,895,112.30,0.00,128.02,1,7.81,1
vllm,multi_turn,896,153.27,0.00,163.16,1,6.13,1
vllm,multi_turn,897,145.19,90.63,235.82,2,8.48,1
vllm,multi_turn,898,215.20,103.87,319.08,2,6.27,1
vllm,multi_turn,899,164.70,0.00,177.42,1,5.64,1
vllm,multi_turn,900,119.14,81.11,200.25,2,9.99,1
vllm,multi_turn,901,245.54,0.00,254.70,1,3.93,1
vllm,multi_turn,902,178.73,0.00,217.80,1,4.59,1
vllm,multi_turn,903,122.05,20.70,142.76,2,14.01,1
vllm,multi_turn,904,221.62,0.00,314.01,1,3.18,1
vllm,multi_turn,905,127.49,52.86,180.35,2,11.09,1
vllm,multi_turn,906,97.83,0.35,98.18,2,20.37,1
vllm,multi_turn,907,177.19,0.00,202.10,1,4.95,1
vllm,multi_turn,908,310.94,88.82,399.76,2,5.00,1
vllm,multi_turn,909,165.65,0.00,224.07,1,4.46,1
vllm,multi_turn,910,260.11,50.80,310.90,2,6.43,0
vllm,multi_turn,911,105.16,0.00,129.86,1,7.70,1
vllm,multi_turn,912,155.82,84.09,239.91,2,8.34,1
vllm,multi_turn,913,78.65,0.00,88.78,1,11.26,1
vllm,multi_turn,914,223.00,15.72,238.72,2,8.38,1
vllm,multi_turn,915,171.93,75.52,247.45,2,8.08,1
vllm,multi_turn,916,211.18,0.00,226.41,1,4.42,1
vllm,multi_turn,917,95.98,0.00,190.09,1,5.26,1
vllm,multi_turn,918,151.19,0.00,176.07,1,5.68,1
vllm,multi_turn,919,108.37,46.91,155.28,2,12.88,0
vllm,multi_turn,920,90.19,0.00,130.81,1,7.64,1
vllm,multi_turn,921,165.30,86.15,251.45,2,7.95,1
vllm,multi_turn,922,170.43,75.59,321.61,3,9.33,1
vllm,multi_turn,923,160.35,0.00,205.86,1,4.86,1
vllm,multi_turn,924,271.25,70.87,412.98,3,7.26,1
vllm,multi_turn,925,112.02,0.00,135.95,1,7.36,1
vllm,multi_turn,926,92.90,0.54,93.97,3,31.92,1
vllm,multi_turn,927,84.73,25.93,110.66,2,18.07,1
vllm,multi_turn,928,217.22,0.00,235.11,1,4.25,1
vllm,multi_turn,929,79.51,0.00,159.94,1,6.25,1
vllm,multi_turn,930,195.53,0.00,303.55,1,3.29,1
vllm,multi_turn,931,166.01,83.90,249.91,2,8.00,1
vllm,multi_turn,932,171.45,71.25,242.70,2,8.24,1
vllm,multi_turn,933,202.92,0.00,258.07,1,3.87,1
vllm,multi_turn,934,242.27,61.34,303.61,2,6.59,1
vllm,multi_turn,935,116.91,27.20,144.11,2,13.88,1
vllm,multi_turn,936,136.26,0.00,204.69,1,4.89,1
vllm,multi_turn,937,222.84,0.00,244.86,1,4.08,1
vllm,multi_turn,938,207.48,53.30,260.78,2,7.67,1
vllm,multi_turn,939,256.04,136.16,392.20,2,5.10,1
vllm,multi_turn,940,129.78,78.69,208.47,2,9.59,1
vllm,multi_turn,941,154.32,0.00,167.58,1,5.97,1
vllm,multi_turn,942,96.91,0.00,150.90,1,6.63,1
vllm,multi_turn,943,104.04,20.84,124.88,2,16.02,0
vllm,multi_turn,944,129.59,0.00,194.59,1,5.14,1
vllm,multi_turn,945,192.90,0.00,207.23,1,4.83,1
vllm,multi_turn,946,177.32,10.71,188.03,2,10.64,1
vllm,multi_turn,947,197.03,0.00,277.42,1,3.60,1
vllm,multi_turn,948,202.99,0.00,309.53,1,3.23,1
vllm,multi_turn,949,156.96,0.00,172.18,1,5.81,1
vllm,multi_turn,950,87.44,0.00,97.62,1,10.24,1
vllm,multi_turn,951,50.97,0.00,68.50,1,14.60,1
vllm,multi_turn,952,136.69,0.00,156.51,1,6.39,1
vllm,multi_turn,953,208.94,0.00,251.95,1,3.97,1
vllm,multi_turn,954,266.79,93.16,359.96,2,5.56,1
vllm,multi_turn,955,198.17,89.16,287.34,2,6.96,1
vllm,multi_turn,956,190.15,61.58,251.73,2,7.94,1
vllm,multi_turn,957,165.54,36.56,202.11,2,9.90,1
vllm,multi_turn,958,113.81,0.00,126.52,1,7.90,1
vllm,multi_turn,959,50.75,18.37,69.12,2,28.93,1
vllm,multi_turn,960,165.41,0.00,228.71,1,4.37,1
vllm,multi_turn,961,237.53,0.00,268.41,1,3.73,1
vllm,multi_turn,962,268.06,0.33,268.39,2,7.45,1
vllm,multi_turn,963,223.05,67.66,290.71,2,6.88,1
vllm,multi_turn,964,316.83,0.00,379.51,1,2.63,1
vllm,multi_turn,965,141.57,70.73,212.30,2,9.42,1
vllm,multi_turn,966,89.77,0.00,110.34,1,9.06,1
vllm,multi_turn,967,40.48,25.45,65.93,2,30.34,1
vllm,multi_turn,968,281.77,0.00,334.02,1,2.99,1
vllm,multi_turn,969,218.31,0.00,236.99,1,4.22,1
vllm,multi_turn,970,156.33,65.42,221.75,2,9.02,1
vllm,multi_turn,971,231.86,0.00,249.06,1,4.02,1
vllm,multi_turn,972,169.02,0.00,173.57,1,5.76,1
vllm,multi_turn,973,139.43,70.30,209.73,2,9.54,1
vllm,multi_turn,974,97.45,0.00,111.73,1,8.95,1
vllm,multi_turn,975,46.64,20.72,67.36,2,29.69,1
vllm,multi_turn,976,182.03,36.86,218.88,2,9.14,1
vllm,multi_turn,977,107.05,0.00,107.33,1,9.32,1
vllm,multi_turn,978,189.24,0.00,226.56,1,4.41,1
vllm,multi_turn,979,301.88,0.00,325.91,1,3.07,1
vllm,multi_turn,980,294.99,0.00,362.65,1,2.76,1
vllm,multi_turn,981,160.19,48.69,208.89,2,9.57,1
vllm,multi_turn,982,107.13,42.29,149.42,2,13.38,0
vllm,multi_turn,983,44.25,20.69,64.94,2,30.80,1
vllm,multi_turn,984,103.75,0.00,108.86,1,9.19,1
vllm,multi_turn,985,187.05,35.17,222.22,2,9.00,1
vllm,multi_turn,986,231.27,0.00,351.15,1,2.85,1
vllm,multi_turn,987,151.97,123.14,275.11,2,7.27,1
vllm,multi_turn,988,252.25,0.00,311.27,1,3.21,1
vllm,multi_turn,989,177.65,0.00,238.02,1,4.20,1
vllm,multi_turn,990,101.47,0.00,111.75,1,8.95,1
vllm,multi_turn,991,50.01,21.21,71.22,2,28.08,1
vllm,multi_turn,992,251.10,0.00,361.60,1,2.77,1
vllm,multi_turn,993,154.31,0.00,197.22,1,5.07,1
vllm,multi_turn,994,262.48,0.00,294.43,1,3.40,1
vllm,multi_turn,995,215.56,71.23,286.79,2,6.97,1
vllm,multi_turn,996,170.35,39.55,209.90,2,9.53,1
vllm,multi_turn,997,60.15,46.07,106.22,2,18.83,1
vllm,multi_turn,998,88.70,0.00,102.09,1,9.80,1
vllm,multi_turn,999,55.05,20.93,75.98,2,26.32,1
vllm,tree_of_thought,0,37.68,0.00,46.47,1,21.52,1
vllm,tree_of_thought,1,56.13,30.54,86.67,2,23.08,1
vllm,tree_of_thought,2,43.87,0.00,64.43,1,15.52,1
vllm,tree_of_thought,3,64.52,0.00,80.54,1,12.42,1
vllm,tree_of_thought,4,49.52,0.00,63.29,1,15.80,1
vllm,tree_of_thought,5,55.02,34.97,90.00,2,22.22,1
vllm,tree_of_thought,6,57.96,49.79,107.75,2,18.56,1
vllm,tree_of_thought,7,66.02,27.80,93.83,2,21.32,1
vllm,tree_of_thought,8,57.52,0.00,72.24,1,13.84,1
vllm,tree_of_thought,9,54.43,38.15,92.58,2,21.60,1
vllm,tree_of_thought,10,65.22,28.88,94.10,2,21.25,1
vllm,tree_of_thought,11,55.73,28.44,84.17,2,23.76,1
vllm,tree_of_thought,12,53.53,31.35,84.88,2,23.56,1
vllm,tree_of_thought,13,71.24,0.00,88.93,1,11.24,1
vllm,tree_of_thought,14,74.75,0.00,85.36,1,11.71,1
vllm,tree_of_thought,15,60.51,29.41,89.92,2,22.24,1
vllm,tree_of_thought,16,2039.16,1774.67,3813.84,2,0.52,1
vllm,tree_of_thought,17,141.24,0.00,151.17,1,6.62,1
vllm,tree_of_thought,18,149.33,19.64,168.97,2,11.84,1
vllm,tree_of_thought,19,129.31,26.70,156.01,2,12.82,1
vllm,tree_of_thought,20,64.78,0.00,75.70,1,13.21,1
vllm,tree_of_thought,21,63.97,0.00,85.41,1,11.71,1
vllm,tree_of_thought,22,57.03,0.00,75.42,1,13.26,1
vllm,tree_of_thought,23,50.00,0.00,71.57,1,13.97,1
vllm,tree_of_thought,24,65.63,36.00,101.63,2,19.68,1
vllm,tree_of_thought,25,49.26,31.05,80.32,2,24.90,1
vllm,tree_of_thought,26,50.00,0.00,64.56,1,15.49,1
vllm,tree_of_thought,27,53.91,25.65,79.56,2,25.14,1
vllm,tree_of_thought,28,58.59,26.46,85.05,2,23.52,1
vllm,tree_of_thought,29,48.92,21.05,91.02,3,32.96,1
vllm,tree_of_thought,30,53.55,0.00,71.21,1,14.04,1
vllm,tree_of_thought,31,56.89,0.00,78.91,1,12.67,1
vllm,tree_of_thought,32,48.22,0.00,74.59,1,13.41,1
vllm,tree_of_thought,33,57.48,0.00,72.69,1,13.76,1
vllm,tree_of_thought,34,54.45,28.87,83.32,2,24.00,1
vllm,tree_of_thought,35,50.30,0.00,71.50,1,13.99,1
vllm,tree_of_thought,36,56.12,0.00,81.71,1,12.24,1
vllm,tree_of_thought,37,53.56,0.00,70.81,1,14.12,1
vllm,tree_of_thought,38,72.97,0.00,82.48,1,12.12,1
vllm,tree_of_thought,39,62.66,0.00,83.19,1,12.02,1
vllm,tree_of_thought,40,68.92,0.00,83.55,1,11.97,1
vllm,tree_of_thought,41,62.27,25.72,87.99,2,22.73,1
vllm,tree_of_thought,42,70.21,29.71,99.92,2,20.02,1
vllm,tree_of_thought,43,51.25,36.99,88.24,2,22.66,1
vllm,tree_of_thought,44,56.53,29.30,85.82,2,23.30,1
vllm,tree_of_thought,45,51.08,0.00,69.93,1,14.30,1
vllm,tree_of_thought,46,62.57,24.94,112.44,3,26.68,1
vllm,tree_of_thought,47,3758.34,0.00,3778.66,1,0.26,1
vllm,tree_of_thought,48,127.57,0.00,127.89,1,7.82,1
vllm,tree_of_thought,49,138.32,0.00,143.44,1,6.97,1
vllm,tree_of_thought,50,145.67,0.00,156.22,1,6.40,1
vllm,tree_of_thought,51,46.23,21.93,90.09,3,33.30,0
vllm,tree_of_thought,52,62.66,31.86,94.53,2,21.16,1
vllm,tree_of_thought,53,51.36,0.00,70.28,1,14.23,1
vllm,tree_of_thought,54,61.27,0.00,86.67,1,11.54,1
vllm,tree_of_thought,55,72.12,22.76,94.88,2,21.08,1
vllm,tree_of_thought,56,60.22,0.00,72.74,1,13.75,1
vllm,tree_of_thought,57,51.39,0.00,66.37,1,15.07,1
vllm,tree_of_thought,58,49.55,26.60,76.14,2,26.27,1
vllm,tree_of_thought,59,56.70,0.00,71.72,1,13.94,1
vllm,tree_of_thought,60,54.80,32.74,87.54,2,22.85,1
vllm,tree_of_thought,61,56.35,0.00,76.05,1,13.15,1
vllm,tree_of_thought,62,61.17,0.00,82.64,1,12.10,1
vllm,tree_of_thought,63,56.34,32.07,88.41,2,22.62,1
vllm,tree_of_thought,64,58.31,30.87,89.18,2,22.43,1
vllm,tree_of_thought,65,57.10,29.14,86.24,2,23.19,1
vllm,tree_of_thought,66,64.79,0.00,72.62,1,13.77,1
vllm,tree_of_thought,67,49.18,0.00,73.63,1,13.58,1
vllm,tree_of_thought,68,66.13,27.36,93.49,2,21.39,0
vllm,tree_of_thought,69,72.40,0.00,92.23,1,10.84,1
vllm,tree_of_thought,70,71.27,0.00,80.59,1,12.41,1
vllm,tree_of_thought,71,58.26,35.85,94.11,2,21.25,1
vllm,tree_of_thought,72,62.87,0.00,78.44,1,12.75,1
vllm,tree_of_thought,73,51.19,0.00,69.70,1,14.35,1
vllm,tree_of_thought,74,66.97,0.00,88.45,1,11.31,1
vllm,tree_of_thought,75,72.19,0.00,88.35,1,11.32,1
vllm,tree_of_thought,76,57.01,33.47,90.47,2,22.11,0
vllm,tree_of_thought,77,62.98,0.00,89.48,1,11.18,1
vllm,tree_of_thought,78,3772.66,0.00,3794.91,1,0.26,1
vllm,tree_of_thought,79,136.61,25.03,161.64,2,12.37,1
vllm,tree_of_thought,80,144.59,28.97,173.57,2,11.52,1
vllm,tree_of_thought,81,51.58,0.00,68.38,1,14.63,1
vllm,tree_of_thought,82,57.22,22.81,102.84,3,29.17,1
vllm,tree_of_thought,83,64.21,0.00,81.66,1,12.25,1
vllm,tree_of_thought,84,55.92,0.00,70.61,1,14.16,1
vllm,tree_of_thought,85,53.99,0.00,70.35,1,14.22,1
vllm,tree_of_thought,86,69.33,33.02,102.35,2,19.54,1
vllm,tree_of_thought,87,61.27,0.00,78.80,1,12.69,1
vllm,tree_of_thought,88,44.99,26.25,71.24,2,28.07,1
vllm,tree_of_thought,89,57.54,0.00,67.36,1,14.85,1
vllm,tree_of_thought,90,62.35,34.78,97.13,2,20.59,1
vllm,tree_of_thought,91,65.19,36.56,101.76,2,19.65,1
vllm,tree_of_thought,92,52.52,0.00,74.49,1,13.42,1
vllm,tree_of_thought,93,48.78,33.64,82.42,2,24.27,1
vllm,tree_of_thought,94,51.26,0.00,70.73,1,14.14,1
vllm,tree_of_thought,95,52.88,0.00,75.90,1,13.18,1
vllm,tree_of_thought,96,53.02,0.00,69.49,1,14.39,1
vllm,tree_of_thought,97,63.43,0.00,90.80,1,11.01,1
vllm,tree_of_thought,98,59.29,28.63,87.92,2,22.75,1
vllm,tree_of_thought,99,52.25,0.00,65.87,1,15.18,1
vllm,tree_of_thought,100,73.48,30.84,104.32,2,19.17,1
vllm,tree_of_thought,101,61.14,27.77,88.92,2,22.49,1
vllm,tree_of_thought,102,52.35,0.00,67.12,1,14.90,1
vllm,tree_of_thought,103,69.28,31.00,100.27,2,19.95,1
vllm,tree_of_thought,104,54.77,0.00,64.29,1,15.55,1
vllm,tree_of_thought,105,70.11,29.64,99.75,2,20.05,1
vllm,tree_of_thought,106,66.98,0.00,89.62,1,11.16,1
vllm,tree_of_thought,107,56.92,0.00,76.19,1,13.12,1
vllm,tree_of_thought,108,68.18,3702.36,3770.54,2,0.53,1
vllm,tree_of_thought,109,79.16,15.74,94.89,2,21.08,1
vllm,tree_of_thought,110,164.72,0.00,178.82,1,5.59,1
vllm,tree_of_thought,111,53.33,35.02,88.35,2,22.64,1
vllm,tree_of_thought,112,51.14,0.00,66.28,1,15.09,1
vllm,tree_of_thought,113,62.25,24.50,86.74,2,23.06,1
vllm,tree_of_thought,114,50.10,0.00,62.37,1,16.03,1
vllm,tree_of_thought,115,64.70,29.74,94.44,2,21.18,1
vllm,tree_of_thought,116,60.62,0.00,85.71,1,11.67,1
vllm,tree_of_thought,117,53.36,33.09,86.44,2,23.14,1
vllm,tree_of_thought,118,64.60,0.00,82.06,1,12.19,1
vllm,tree_of_thought,119,58.79,29.77,88.56,2,22.58,1
vllm,tree_of_thought,120,75.09,34.99,110.07,2,18.17,1
vllm,tree_of_thought,121,58.23,0.00,72.42,1,13.81,1
vllm,tree_of_thought,122,67.50,0.00,77.94,1,12.83,1
vllm,tree_of_thought,123,66.43,0.00,79.67,1,12.55,1
vllm,tree_of_thought,124,47.71,26.15,73.87,2,27.08,1
vllm,tree_of_thought,125,50.95,33.33,84.28,2,23.73,1
vllm,tree_of_thought,126,49.94,28.65,78.59,2,25.45,1
vllm,tree_of_thought,127,50.27,26.87,77.14,2,25.93,1
vllm,tree_of_thought,128,64.94,0.00,82.02,1,12.19,1
vllm,tree_of_thought,129,71.20,0.00,80.14,1,12.48,1
vllm,tree_of_thought,130,77.27,0.00,95.77,1,10.44,1
vllm,tree_of_thought,131,60.44,0.00,67.14,1,14.89,1
vllm,tree_of_thought,132,60.96,29.93,90.89,2,22.00,1
vllm,tree_of_thought,133,58.39,35.46,93.85,2,21.31,1
vllm,tree_of_thought,134,68.27,0.00,81.80,1,12.22,1
vllm,tree_of_thought,135,47.11,42.11,89.22,2,22.42,1
vllm,tree_of_thought,136,68.91,0.00,76.06,1,13.15,1
vllm,tree_of_thought,137,54.87,0.00,76.95,1,13.00,1
vllm,tree_of_thought,138,3737.98,0.00,3796.22,1,0.26,1
vllm,tree_of_thought,139,2044.23,1770.99,3815.22,2,0.52,0
vllm,tree_of_thought,140,131.90,6.02,137.92,2,14.50,1
vllm,tree_of_thought,141,58.30,0.00,71.52,1,13.98,1
vllm,tree_of_thought,142,67.64,25.32,92.96,2,21.52,1
vllm,tree_of_thought,143,54.76,29.92,84.68,2,23.62,0
vllm,tree_of_thought,144,64.11,0.00,83.37,1,11.99,1
vllm,tree_of_thought,145,54.42,36.67,91.09,2,21.96,1
vllm,tree_of_thought,146,67.96,0.00,86.00,1,11.63,1
vllm,tree_of_thought,147,56.04,45.39,101.43,2,19.72,0
vllm,tree_of_thought,148,61.16,35.01,96.17,2,20.80,1
vllm,tree_of_thought,149,55.94,0.00,63.04,1,15.86,1
vllm,tree_of_thought,150,52.86,37.71,90.57,2,22.08,1
vllm,tree_of_thought,151,70.97,0.00,82.45,1,12.13,1
vllm,tree_of_thought,152,55.67,0.00,79.19,1,12.63,1
vllm,tree_of_thought,153,64.92,0.00,76.45,1,13.08,1
vllm,tree_of_thought,154,62.89,26.71,89.60,2,22.32,1
vllm,tree_of_thought,155,52.38,0.00,73.54,1,13.60,1
vllm,tree_of_thought,156,51.05,40.09,91.14,2,21.94,1
vllm,tree_of_thought,157,59.04,31.84,90.88,2,22.01,1
vllm,tree_of_thought,158,73.08,0.00,93.22,1,10.73,1
vllm,tree_of_thought,159,61.39,0.00,82.56,1,12.11,1
vllm,tree_of_thought,160,55.69,0.00,65.76,1,15.21,1
vllm,tree_of_thought,161,55.80,32.03,87.83,2,22.77,1
vllm,tree_of_thought,162,64.41,36.56,100.97,2,19.81,1
vllm,tree_of_thought,163,52.06,35.79,87.85,2,22.77,0
vllm,tree_of_thought,164,58.70,0.00,74.00,1,13.51,1
vllm,tree_of_thought,165,58.53,31.43,89.96,2,22.23,1
vllm,tree_of_thought,166,68.35,0.00,86.85,1,11.51,1
vllm,tree_of_thought,167,3789.83,0.00,3803.96,1,0.26,1
vllm,tree_of_thought,168,3748.10,0.00,3762.29,1,0.27,1
vllm,tree_of_thought,169,3755.58,17.12,3772.70,2,0.53,1
vllm,tree_of_thought,170,3760.91,22.11,3783.01,2,0.53,1
vllm,tree_of_thought,171,118.93,0.00,144.84,1,6.90,1
vllm,tree_of_thought,172,61.56,0.00,81.85,1,12.22,1
vllm,tree_of_thought,173,58.32,37.70,96.02,2,20.83,1
vllm,tree_of_thought,174,73.17,0.00,86.72,1,11.53,1
vllm,tree_of_thought,175,55.86,0.00,77.16,1,12.96,1
vllm,tree_of_thought,176,56.44,0.00,76.88,1,13.01,1
vllm,tree_of_thought,177,53.28,0.00,71.93,1,13.90,1
vllm,tree_of_thought,178,55.64,33.41,89.05,2,22.46,1
vllm,tree_of_thought,179,55.36,0.00,69.16,1,14.46,1
vllm,tree_of_thought,180,47.85,0.00,58.50,1,17.10,1
vllm,tree_of_thought,181,65.30,0.00,80.45,1,12.43,1
vllm,tree_of_thought,182,81.69,0.00,101.37,1,9.86,1
vllm,tree_of_thought,183,57.06,29.90,86.96,2,23.00,1
vllm,tree_of_thought,184,58.44,0.00,74.07,1,13.50,1
vllm,tree_of_thought,185,61.90,38.41,100.30,2,19.94,1
vllm,tree_of_thought,186,50.77,30.06,80.84,2,24.74,1
vllm,tree_of_thought,187,54.36,0.00,73.22,1,13.66,1
vllm,tree_of_thought,188,61.22,32.83,94.05,2,21.26,1
vllm,tree_of_thought,189,62.33,0.00,71.24,1,14.04,1
vllm,tree_of_thought,190,57.35,0.00,81.20,1,12.31,1
vllm,tree_of_thought,191,60.37,0.00,76.32,1,13.10,1
vllm,tree_of_thought,192,66.58,30.97,97.55,2,20.50,1
vllm,tree_of_thought,193,66.04,30.57,96.61,2,20.70,1
vllm,tree_of_thought,194,65.14,0.00,78.25,1,12.78,1
vllm,tree_of_thought,195,63.03,29.21,92.24,2,21.68,1
vllm,tree_of_thought,196,62.85,0.00,77.56,1,12.89,1
vllm,tree_of_thought,197,62.39,34.23,96.61,2,20.70,1
vllm,tree_of_thought,198,67.69,0.00,91.37,1,10.94,1
vllm,tree_of_thought,199,56.80,0.00,74.21,1,13.47,1
vllm,tree_of_thought,200,60.10,0.00,81.62,1,12.25,1
vllm,tree_of_thought,201,55.54,34.28,89.83,2,22.26,1
vllm,tree_of_thought,202,3775.76,0.00,3783.57,1,0.26,1
vllm,tree_of_thought,203,126.06,0.00,134.06,1,7.46,1
vllm,tree_of_thought,204,133.88,31.06,164.95,2,12.13,1
vllm,tree_of_thought,205,145.03,27.15,172.18,2,11.62,1
vllm,tree_of_thought,206,50.21,35.46,85.67,2,23.35,0
vllm,tree_of_thought,207,73.58,0.00,91.59,1,10.92,1
vllm,tree_of_thought,208,53.36,0.00,76.93,1,13.00,1
vllm,tree_of_thought,209,65.18,0.00,87.86,1,11.38,1
vllm,tree_of_thought,210,64.70,33.38,98.08,2,20.39,1
vllm,tree_of_thought,211,69.66,0.00,85.67,1,11.67,1
vllm,tree_of_thought,212,60.41,0.00,77.43,1,12.91,1
vllm,tree_of_thought,213,80.79,0.00,99.12,1,10.09,1
vllm,tree_of_thought,214,59.90,33.65,93.55,2,21.38,1
vllm,tree_of_thought,215,64.49,0.00,82.71,1,12.09,1
vllm,tree_of_thought,216,66.12,30.06,96.19,2,20.79,1
vllm,tree_of_thought,217,59.79,36.91,96.70,2,20.68,1
vllm,tree_of_thought,218,57.80,0.00,73.57,1,13.59,1
vllm,tree_of_thought,219,54.42,29.96,84.39,2,23.70,1
vllm,tree_of_thought,220,73.23,0.00,94.96,1,10.53,1
vllm,tree_of_thought,221,66.68,0.00,81.18,1,12.32,1
vllm,tree_of_thought,222,57.86,26.66,84.53,2,23.66,1
vllm,tree_of_thought,223,66.84,34.74,101.58,2,19.69,1
vllm,tree_of_thought,224,54.21,0.00,70.11,1,14.26,1
vllm,tree_of_thought,225,66.05,0.00,79.86,1,12.52,1
vllm,tree_of_thought,226,64.31,39.47,103.77,2,19.27,1
vllm,tree_of_thought,227,63.58,0.00,91.30,1,10.95,1
vllm,tree_of_thought,228,55.73,29.76,85.49,2,23.39,1
vllm,tree_of_thought,229,3748.84,0.00,3763.03,1,0.27,1
vllm,tree_of_thought,230,3731.58,0.00,3740.62,1,0.27,1
vllm,tree_of_thought,231,3737.58,21.80,3759.38,2,0.53,1
vllm,tree_of_thought,232,3732.13,15.96,3748.09,2,0.53,1
vllm,tree_of_thought,233,144.01,0.00,150.81,1,6.63,1
vllm,tree_of_thought,234,61.38,0.00,74.99,1,13.34,1
vllm,tree_of_thought,235,63.79,0.00,85.54,1,11.69,1
vllm,tree_of_thought,236,59.62,0.00,75.84,1,13.19,1
vllm,tree_of_thought,237,71.39,26.97,98.36,2,20.33,1
vllm,tree_of_thought,238,47.55,0.00,72.55,1,13.78,1
vllm,tree_of_thought,239,51.82,0.00,68.90,1,14.51,1
vllm,tree_of_thought,240,67.59,34.92,102.52,2,19.51,1
vllm,tree_of_thought,241,69.17,0.00,79.52,1,12.57,1
vllm,tree_of_thought,242,75.86,0.00,91.86,1,10.89,1
vllm,tree_of_thought,243,54.84,0.00,70.49,1,14.19,1
vllm,tree_of_thought,244,55.93,0.00,69.23,1,14.44,1
vllm,tree_of_thought,245,53.82,0.00,70.48,1,14.19,1
vllm,tree_of_thought,246,56.62,25.09,81.71,2,24.48,1
vllm,tree_of_thought,247,58.67,0.00,75.39,1,13.26,1
vllm,tree_of_thought,248,45.91,0.00,68.94,1,14.50,1
vllm,tree_of_thought,249,49.70,0.00,69.63,1,14.36,1
vllm,tree_of_thought,250,55.44,0.00,69.17,1,14.46,1
vllm,tree_of_thought,251,57.31,0.00,72.88,1,13.72,1
vllm,tree_of_thought,252,47.88,37.26,85.14,2,23.49,1
vllm,tree_of_thought,253,55.32,0.00,72.28,1,13.83,1
vllm,tree_of_thought,254,54.28,0.00,74.06,1,13.50,1
vllm,tree_of_thought,255,65.21,30.95,96.16,2,20.80,1
vllm,tree_of_thought,256,69.83,0.00,82.38,1,12.14,1
vllm,tree_of_thought,257,57.04,0.00,72.65,1,13.77,1
vllm,tree_of_thought,258,64.48,30.21,94.70,2,21.12,1
vllm,tree_of_thought,259,47.78,35.68,83.46,2,23.96,1
vllm,tree_of_thought,260,60.49,0.00,78.67,1,12.71,1
vllm,tree_of_thought,261,63.25,0.00,87.50,1,11.43,1
vllm,tree_of_thought,262,70.59,0.00,88.19,1,11.34,1
vllm,tree_of_thought,263,72.69,2001.55,2074.24,2,0.96,1
vllm,tree_of_thought,264,1777.03,0.00,1787.30,1,0.56,1
vllm,tree_of_thought,265,127.53,0.00,135.82,1,7.36,1
vllm,tree_of_thought,266,147.50,20.60,168.10,2,11.90,1
vllm,tree_of_thought,267,58.69,0.00,72.06,1,13.88,1
vllm,tree_of_thought,268,47.78,28.21,75.98,2,26.32,1
vllm,tree_of_thought,269,57.89,30.72,88.60,2,22.57,1
vllm,tree_of_thought,270,56.46,0.00,75.57,1,13.23,1
vllm,tree_of_thought,271,59.42,31.72,91.14,2,21.94,1
vllm,tree_of_thought,272,75.10,34.13,109.24,2,18.31,1
vllm,tree_of_thought,273,68.16,0.00,87.70,1,11.40,1
vllm,tree_of_thought,274,75.27,0.00,92.32,1,10.83,1
vllm,tree_of_thought,275,71.08,36.44,107.52,2,18.60,1
vllm,tree_of_thought,276,65.42,36.30,101.72,2,19.66,1
vllm,tree_of_thought,277,67.17,26.55,93.72,2,21.34,1
vllm,tree_of_thought,278,61.68,36.92,98.60,2,20.28,1
vllm,tree_of_thought,279,44.26,0.00,62.52,1,16.00,1
vllm,tree_of_thought,280,49.31,0.00,58.22,1,17.18,1
vllm,tree_of_thought,281,49.68,0.00,67.55,1,14.80,1
vllm,tree_of_thought,282,59.16,0.00,76.41,1,13.09,1
vllm,tree_of_thought,283,57.56,0.00,75.08,1,13.32,1
vllm,tree_of_thought,284,48.99,37.53,86.52,2,23.12,1
vllm,tree_of_thought,285,67.64,0.00,83.75,1,11.94,1
vllm,tree_of_thought,286,63.60,0.00,76.61,1,13.05,1
vllm,tree_of_thought,287,60.62,0.00,79.15,1,12.63,1
vllm,tree_of_thought,288,63.05,30.14,93.20,2,21.46,1
vllm,tree_of_thought,289,54.51,36.68,91.19,2,21.93,1
vllm,tree_of_thought,290,71.85,0.00,89.49,1,11.17,1
vllm,tree_of_thought,291,66.67,3703.28,3769.94,2,0.53,1
vllm,tree_of_thought,292,2039.91,1788.61,3828.52,2,0.52,1
vllm,tree_of_thought,293,3765.38,19.77,3785.14,2,0.53,1
vllm,tree_of_thought,294,3735.27,39.80,3814.87,3,0.79,0
vllm,tree_of_thought,295,121.43,23.95,145.38,2,13.76,1
vllm,tree_of_thought,296,48.99,33.29,82.28,2,24.31,1
vllm,tree_of_thought,297,65.69,0.00,79.99,1,12.50,1
vllm,tree_of_thought,298,55.41,37.02,92.43,2,21.64,1
vllm,tree_of_thought,299,67.15,29.57,96.72,2,20.68,1
vllm,tree_of_thought,300,55.78,0.00,68.47,1,14.61,1
vllm,tree_of_thought,301,66.79,0.00,80.08,1,12.49,1
vllm,tree_of_thought,302,71.82,0.00,79.42,1,12.59,1
vllm,tree_of_thought,303,63.51,31.28,94.79,2,21.10,1
vllm,tree_of_thought,304,42.62,0.00,59.09,1,16.92,1
vllm,tree_of_thought,305,52.06,0.00,65.09,1,15.36,1
vllm,tree_of_thought,306,55.05,0.00,66.80,1,14.97,1
vllm,tree_of_thought,307,72.73,29.44,102.16,2,19.58,1
vllm,tree_of_thought,308,62.44,27.50,89.94,2,22.24,1
vllm,tree_of_thought,309,77.19,32.72,109.91,2,18.20,1
vllm,tree_of_thought,310,67.57,0.00,84.22,1,11.87,1
vllm,tree_of_thought,311,62.62,39.66,102.29,2,19.55,1
vllm,tree_of_thought,312,65.94,40.05,105.99,2,18.87,1
vllm,tree_of_thought,313,67.29,36.99,104.28,2,19.18,1
vllm,tree_of_thought,314,52.18,0.00,70.57,1,14.17,1
vllm,tree_of_thought,315,64.17,36.37,100.54,2,19.89,1
vllm,tree_of_thought,316,66.59,0.00,90.30,1,11.07,1
vllm,tree_of_thought,317,49.23,37.67,86.90,2,23.02,1
vllm,tree_of_thought,318,54.17,0.00,65.07,1,15.37,1
vllm,tree_of_thought,319,54.42,33.98,88.41,2,22.62,0
vllm,tree_of_thought,320,72.59,24.83,97.42,2,20.53,1
vllm,tree_of_thought,321,75.82,39.62,115.44,2,17.32,1
vllm,tree_of_thought,322,3753.52,0.00,3764.21,1,0.27,1
vllm,tree_of_thought,323,3745.19,0.00,3759.10,1,0.27,1
vllm,tree_of_thought,324,3753.43,0.00,3768.88,1,0.27,1
vllm,tree_of_thought,325,3736.69,29.06,3765.76,2,0.53,1
vllm,tree_of_thought,326,139.45,28.07,167.52,2,11.94,1
vllm,tree_of_thought,327,64.13,0.00,86.96,1,11.50,1
vllm,tree_of_thought,328,58.18,0.00,73.48,1,13.61,1
vllm,tree_of_thought,329,60.10,0.00,82.14,1,12.17,1
vllm,tree_of_thought,330,61.04,0.00,71.87,1,13.91,1
vllm,tree_of_thought,331,54.95,28.74,83.69,2,23.90,1
vllm,tree_of_thought,332,52.05,30.29,82.34,2,24.29,1
vllm,tree_of_thought,333,67.18,0.00,83.92,1,11.92,1
vllm,tree_of_thought,334,68.27,0.00,90.14,1,11.09,1
vllm,tree_of_thought,335,68.17,31.93,100.10,2,19.98,1
vllm,tree_of_thought,336,59.56,0.00,68.61,1,14.58,1
vllm,tree_of_thought,337,55.06,0.00,69.23,1,14.44,1
vllm,tree_of_thought,338,57.27,0.00,74.62,1,13.40,1
vllm,tree_of_thought,339,54.50,34.06,88.56,2,22.58,1
vllm,tree_of_thought,340,62.06,0.00,75.43,1,13.26,1
vllm,tree_of_thought,341,49.87,0.00,60.90,1,16.42,1
vllm,tree_of_thought,342,58.23,0.00,74.24,1,13.47,1
vllm,tree_of_thought,343,58.50,0.00,77.01,1,12.98,1
vllm,tree_of_thought,344,59.13,32.90,92.03,2,21.73,1
vllm,tree_of_thought,345,66.98,32.58,99.56,2,20.09,1
vllm,tree_of_thought,346,53.67,0.00,69.90,1,14.31,1
vllm,tree_of_thought,347,56.06,36.87,92.92,2,21.52,1
vllm,tree_of_thought,348,49.30,0.00,68.40,1,14.62,1
vllm,tree_of_thought,349,57.81,0.00,72.73,1,13.75,1
vllm,tree_of_thought,350,52.98,0.00,74.31,1,13.46,1
vllm,tree_of_thought,351,51.51,0.00,69.65,1,14.36,1
vllm,tree_of_thought,352,65.63,26.08,91.71,2,21.81,1
vllm,tree_of_thought,353,2049.40,0.00,3762.02,1,0.27,1
vllm,tree_of_thought,354,2035.99,1771.56,3807.55,2,0.53,1
vllm,tree_of_thought,355,3751.56,0.00,3762.32,1,0.27,1
vllm,tree_of_thought,356,3781.03,0.00,3796.29,1,0.26,1
vllm,tree_of_thought,357,121.78,28.35,150.13,2,13.32,1
vllm,tree_of_thought,358,51.40,30.69,82.08,2,24.37,1
vllm,tree_of_thought,359,58.66,0.00,75.65,1,13.22,1
vllm,tree_of_thought,360,52.08,0.00,75.35,1,13.27,1
vllm,tree_of_thought,361,58.58,34.91,93.49,2,21.39,1
vllm,tree_of_thought,362,66.81,29.59,96.41,2,20.75,1
vllm,tree_of_thought,363,59.49,0.00,74.65,1,13.40,1
vllm,tree_of_thought,364,56.84,0.00,70.52,1,14.18,1
vllm,tree_of_thought,365,63.98,28.45,92.42,2,21.64,1
vllm,tree_of_thought,366,79.28,32.53,111.81,2,17.89,1
vllm,tree_of_thought,367,61.18,0.00,75.21,1,13.30,1
vllm,tree_of_thought,368,69.68,0.00,87.33,1,11.45,1
vllm,tree_of_thought,369,64.14,34.58,98.72,2,20.26,1
vllm,tree_of_thought,370,60.38,0.00,79.34,1,12.60,1
vllm,tree_of_thought,371,54.30,0.00,69.42,1,14.41,1
vllm,tree_of_thought,372,60.70,0.00,84.49,1,11.84,1
vllm,tree_of_thought,373,54.74,0.00,68.40,1,14.62,1
vllm,tree_of_thought,374,52.19,0.00,70.31,1,14.22,1
vllm,tree_of_thought,375,66.54,24.15,114.84,3,26.12,0
vllm,tree_of_thought,376,69.01,0.00,83.91,1,11.92,1
vllm,tree_of_thought,377,54.16,0.00,73.86,1,13.54,1
vllm,tree_of_thought,378,62.10,40.22,102.32,2,19.55,1
vllm,tree_of_thought,379,52.83,22.13,97.08,3,30.90,0
vllm,tree_of_thought,380,52.24,28.99,81.23,2,24.62,1
vllm,tree_of_thought,381,72.33,0.00,89.92,1,11.12,1
vllm,tree_of_thought,382,56.40,30.37,86.77,2,23.05,1
vllm,tree_of_thought,383,56.10,30.46,86.56,2,23.10,1
vllm,tree_of_thought,384,3743.15,71.86,3815.01,2,0.52,0
vllm,tree_of_thought,385,3773.02,0.00,3783.61,1,0.26,1
vllm,tree_of_thought,386,3768.32,0.00,3773.40,1,0.27,1
vllm,tree_of_thought,387,3745.69,24.86,3770.55,2,0.53,1
vllm,tree_of_thought,388,134.18,22.10,156.28,2,12.80,1
vllm,tree_of_thought,389,48.73,43.00,91.73,2,21.80,1
vllm,tree_of_thought,390,55.52,0.00,78.38,1,12.76,1
vllm,tree_of_thought,391,66.41,36.97,103.38,2,19.35,1
vllm,tree_of_thought,392,60.88,30.77,91.65,2,21.82,1
vllm,tree_of_thought,393,58.93,0.00,70.73,1,14.14,1
vllm,tree_of_thought,394,56.46,31.69,88.14,2,22.69,1
vllm,tree_of_thought,395,76.09,0.00,84.30,1,11.86,1
vllm,tree_of_thought,396,68.74,27.69,96.42,2,20.74,1
vllm,tree_of_thought,397,66.45,0.00,90.70,1,11.03,1
vllm,tree_of_thought,398,50.66,0.00,67.23,1,14.87,1
vllm,tree_of_thought,399,67.55,0.00,82.07,1,12.18,1
vllm,tree_of_thought,400,51.81,0.00,75.42,1,13.26,1
vllm,tree_of_thought,401,50.10,0.00,63.56,1,15.73,1
vllm,tree_of_thought,402,62.90,0.00,79.79,1,12.53,1
vllm,tree_of_thought,403,62.86,0.00,85.52,1,11.69,1
vllm,tree_of_thought,404,61.86,37.01,98.87,2,20.23,1
vllm,tree_of_thought,405,53.60,0.00,73.32,1,13.64,1
vllm,tree_of_thought,406,51.91,0.00,67.94,1,14.72,1
vllm,tree_of_thought,407,55.94,0.00,73.71,1,13.57,1
vllm,tree_of_thought,408,64.72,29.75,94.47,2,21.17,1
vllm,tree_of_thought,409,61.75,30.83,92.58,2,21.60,1
vllm,tree_of_thought,410,60.39,38.30,98.69,2,20.27,1
vllm,tree_of_thought,411,69.32,31.81,101.13,2,19.78,1
vllm,tree_of_thought,412,62.31,2008.62,2070.93,2,0.97,1
vllm,tree_of_thought,413,2044.97,0.00,3757.25,1,0.27,1
vllm,tree_of_thought,414,3743.94,39.77,3823.49,3,0.78,1
vllm,tree_of_thought,415,144.31,27.77,172.08,2,11.62,1
vllm,tree_of_thought,416,56.39,24.43,80.82,2,24.75,0
vllm,tree_of_thought,417,47.82,30.94,78.76,2,25.40,1
vllm,tree_of_thought,418,62.97,0.00,79.43,1,12.59,1
vllm,tree_of_thought,419,75.63,0.00,85.88,1,11.64,1
vllm,tree_of_thought,420,52.49,0.00,70.19,1,14.25,1
vllm,tree_of_thought,421,62.75,29.31,92.06,2,21.73,1
vllm,tree_of_thought,422,50.57,0.00,67.00,1,14.93,1
vllm,tree_of_thought,423,66.15,0.00,80.15,1,12.48,1
vllm,tree_of_thought,424,43.06,28.66,71.72,2,27.89,1
vllm,tree_of_thought,425,63.24,0.00,78.39,1,12.76,1
vllm,tree_of_thought,426,67.98,28.03,96.01,2,20.83,1
vllm,tree_of_thought,427,58.33,0.00,76.21,1,13.12,1
vllm,tree_of_thought,428,49.57,0.00,59.08,1,16.93,1
vllm,tree_of_thought,429,68.81,31.60,100.41,2,19.92,1
vllm,tree_of_thought,430,66.78,0.00,80.05,1,12.49,1
vllm,tree_of_thought,431,63.05,33.76,96.81,2,20.66,1
vllm,tree_of_thought,432,55.45,35.59,91.04,2,21.97,1
vllm,tree_of_thought,433,65.56,0.00,75.30,1,13.28,1
vllm,tree_of_thought,434,52.52,31.35,83.87,2,23.85,1
vllm,tree_of_thought,435,49.11,32.17,81.28,2,24.61,1
vllm,tree_of_thought,436,52.98,0.00,75.40,1,13.26,1
vllm,tree_of_thought,437,60.54,0.00,78.83,1,12.69,1
vllm,tree_of_thought,438,64.77,0.00,78.95,1,12.67,1
vllm,tree_of_thought,439,63.31,0.00,83.98,1,11.91,1
vllm,tree_of_thought,440,51.54,0.00,69.71,1,14.34,1
vllm,tree_of_thought,441,61.64,0.00,73.14,1,13.67,1
vllm,tree_of_thought,442,57.37,0.00,68.67,1,14.56,1
vllm,tree_of_thought,443,56.49,33.27,89.75,2,22.28,1
vllm,tree_of_thought,444,58.32,31.99,90.32,2,22.14,1
vllm,tree_of_thought,445,73.40,0.00,83.92,1,11.92,1
vllm,tree_of_thought,446,2047.33,0.00,3765.64,1,0.27,1
vllm,tree_of_thought,447,3750.82,0.00,3811.40,1,0.26,1
vllm,tree_of_thought,448,3787.53,0.00,3799.18,1,0.26,1
vllm,tree_of_thought,449,3757.87,0.00,3779.62,1,0.26,1
vllm,tree_of_thought,450,121.47,29.13,150.59,2,13.28,1
vllm,tree_of_thought,451,62.33,0.00,78.32,1,12.77,1
vllm,tree_of_thought,452,52.77,0.00,73.65,1,13.58,1
vllm,tree_of_thought,453,67.03,44.01,111.04,2,18.01,1
vllm,tree_of_thought,454,57.39,33.90,91.29,2,21.91,1
vllm,tree_of_thought,455,50.58,0.00,74.86,1,13.36,1
vllm,tree_of_thought,456,57.01,32.07,89.07,2,22.45,1
vllm,tree_of_thought,457,61.21,29.27,90.48,2,22.10,1
vllm,tree_of_thought,458,90.50,31.34,121.84,2,16.41,1
vllm,tree_of_thought,459,68.90,37.26,106.16,2,18.84,1
vllm,tree_of_thought,460,47.08,32.11,79.20,2,25.25,1
vllm,tree_of_thought,461,53.76,26.98,80.74,2,24.77,1
vllm,tree_of_thought,462,65.11,30.64,95.76,2,20.89,1
vllm,tree_of_thought,463,56.71,29.97,86.67,2,23.08,1
vllm,tree_of_thought,464,75.92,0.00,95.16,1,10.51,1
vllm,tree_of_thought,465,47.47,31.85,79.32,2,25.21,1
vllm,tree_of_thought,466,53.65,0.00,66.42,1,15.06,1
vllm,tree_of_thought,467,48.51,33.66,82.17,2,24.34,1
vllm,tree_of_thought,468,55.20,33.66,88.86,2,22.51,1
vllm,tree_of_thought,469,65.05,0.00,80.95,1,12.35,1
vllm,tree_of_thought,470,57.07,32.95,90.03,2,22.22,1
vllm,tree_of_thought,471,55.05,33.49,88.54,2,22.59,1
vllm,tree_of_thought,472,69.73,0.00,86.66,1,11.54,1
vllm,tree_of_thought,473,57.93,0.00,73.79,1,13.55,1
vllm,tree_of_thought,474,53.15,0.00,65.54,1,15.26,1
vllm,tree_of_thought,475,56.77,36.59,93.36,2,21.42,1
vllm,tree_of_thought,476,52.57,40.92,93.49,2,21.39,1
vllm,tree_of_thought,477,63.19,2007.68,2070.87,2,0.97,1
vllm,tree_of_thought,478,2047.20,0.00,3761.48,1,0.27,1
vllm,tree_of_thought,479,3769.43,0.00,3788.73,1,0.26,1
vllm,tree_of_thought,480,3743.59,78.88,3822.47,2,0.52,1
vllm,tree_of_thought,481,135.93,29.65,165.58,2,12.08,1
vllm,tree_of_thought,482,58.45,0.00,75.70,1,13.21,1
vllm,tree_of_thought,483,67.73,0.00,87.63,1,11.41,1
vllm,tree_of_thought,484,57.69,0.00,78.26,1,12.78,1
vllm,tree_of_thought,485,55.60,33.47,89.07,2,22.45,1
vllm,tree_of_thought,486,55.00,31.06,86.07,2,23.24,1
vllm,tree_of_thought,487,64.30,0.00,84.97,1,11.77,1
vllm,tree_of_thought,488,65.94,29.49,95.43,2,20.96,1
vllm,tree_of_thought,489,69.94,23.78,93.72,2,21.34,1
vllm,tree_of_thought,490,70.57,22.33,115.23,3,26.04,1
vllm,tree_of_thought,491,57.58,29.40,86.98,2,22.99,1
vllm,tree_of_thought,492,60.50,0.00,77.90,1,12.84,1
vllm,tree_of_thought,493,60.51,33.39,93.91,2,21.30,1
vllm,tree_of_thought,494,69.89,0.00,78.36,1,12.76,1
vllm,tree_of_thought,495,70.58,28.17,98.75,2,20.25,1
vllm,tree_of_thought,496,49.47,32.69,82.16,2,24.34,1
vllm,tree_of_thought,497,56.65,30.34,86.99,2,22.99,1
vllm,tree_of_thought,498,64.30,0.00,90.50,1,11.05,1
vllm,tree_of_thought,499,62.43,25.65,88.08,2,22.71,1
vllm,tree_of_thought,500,72.32,0.00,82.75,1,12.08,1
vllm,tree_of_thought,501,63.33,31.03,94.35,2,21.20,0
vllm,tree_of_thought,502,57.77,0.00,79.99,1,12.50,1
vllm,tree_of_thought,503,65.10,0.00,81.95,1,12.20,1
vllm,tree_of_thought,504,77.55,0.00,96.09,1,10.41,1
vllm,tree_of_thought,505,71.59,42.71,114.31,2,17.50,1
vllm,tree_of_thought,506,57.10,26.94,84.04,2,23.80,1
vllm,tree_of_thought,507,78.46,34.01,112.47,2,17.78,1
vllm,tree_of_thought,508,56.27,31.66,87.93,2,22.75,1
vllm,tree_of_thought,509,65.04,0.00,82.50,1,12.12,1
vllm,tree_of_thought,510,56.95,0.00,75.52,1,13.24,1
vllm,tree_of_thought,511,55.10,0.00,70.15,1,14.25,1
vllm,tree_of_thought,512,54.97,0.00,76.21,1,13.12,1
vllm,tree_of_thought,513,54.78,0.00,70.47,1,14.19,1
vllm,tree_of_thought,514,51.99,32.54,84.53,2,23.66,1
vllm,tree_of_thought,515,67.23,29.63,96.86,2,20.65,1
vllm,tree_of_thought,516,61.71,35.29,97.00,2,20.62,1
vllm,tree_of_thought,517,58.75,0.00,71.71,1,13.95,1
vllm,tree_of_thought,518,55.21,0.00,66.87,1,14.96,1
vllm,tree_of_thought,519,64.37,0.00,82.85,1,12.07,1
vllm,tree_of_thought,520,53.85,0.00,77.13,1,12.97,1
vllm,tree_of_thought,521,50.96,0.00,69.71,1,14.34,1
vllm,tree_of_thought,522,56.40,28.10,84.50,2,23.67,1
vllm,tree_of_thought,523,56.50,0.00,70.53,1,14.18,1
vllm,tree_of_thought,524,61.91,31.29,93.21,2,21.46,1
vllm,tree_of_thought,525,57.24,0.00,67.92,1,14.72,1
vllm,tree_of_thought,526,51.35,0.00,65.45,1,15.28,1
vllm,tree_of_thought,527,64.81,0.00,87.37,1,11.45,1
vllm,tree_of_thought,528,54.32,0.00,68.05,1,14.69,1
vllm,tree_of_thought,529,54.75,0.00,67.32,1,14.85,1
vllm,tree_of_thought,530,61.53,30.86,92.39,2,21.65,1
vllm,tree_of_thought,531,62.71,0.00,84.51,1,11.83,1
vllm,tree_of_thought,532,60.67,0.00,70.48,1,14.19,1
vllm,tree_of_thought,533,56.45,34.16,90.61,2,22.07,1
vllm,tree_of_thought,534,58.37,33.32,91.69,2,21.81,1
vllm,tree_of_thought,535,59.95,0.00,77.48,1,12.91,1
vllm,tree_of_thought,536,56.46,0.00,71.55,1,13.98,1
vllm,tree_of_thought,537,62.95,28.41,91.36,2,21.89,1
vllm,tree_of_thought,538,55.89,32.57,88.46,2,22.61,1
vllm,tree_of_thought,539,55.63,31.07,86.71,2,23.07,1
vllm,tree_of_thought,540,66.52,0.00,81.72,1,12.24,1
vllm,tree_of_thought,541,52.58,0.00,73.08,1,13.68,1
vllm,tree_of_thought,542,58.86,0.00,69.78,1,14.33,1
vllm,tree_of_thought,543,59.16,0.00,80.64,1,12.40,1
vllm,tree_of_thought,544,57.30,0.00,72.76,1,13.74,1
vllm,tree_of_thought,545,66.34,0.00,83.14,1,12.03,1
vllm,tree_of_thought,546,74.66,0.00,86.22,1,11.60,1
vllm,tree_of_thought,547,66.53,0.00,93.03,1,10.75,1
vllm,tree_of_thought,548,52.07,0.00,63.64,1,15.71,1
vllm,tree_of_thought,549,58.81,0.00,70.70,1,14.14,1
vllm,tree_of_thought,550,58.31,0.00,77.18,1,12.96,1
vllm,tree_of_thought,551,54.79,29.86,84.65,2,23.63,1
vllm,tree_of_thought,552,72.81,0.00,84.58,1,11.82,1
vllm,tree_of_thought,553,46.88,23.11,69.98,2,28.58,1
vllm,tree_of_thought,554,54.73,0.00,72.99,1,13.70,1
vllm,tree_of_thought,555,79.31,24.95,104.26,2,19.18,1
vllm,tree_of_thought,556,70.92,32.30,103.23,2,19.38,1
vllm,tree_of_thought,557,59.28,27.73,87.01,2,22.99,1
vllm,tree_of_thought,558,56.65,0.00,69.86,1,14.31,1
vllm,tree_of_thought,559,60.81,28.97,89.77,2,22.28,1
vllm,tree_of_thought,560,54.92,33.70,88.62,2,22.57,1
vllm,tree_of_thought,561,53.92,34.73,88.65,2,22.56,1
vllm,tree_of_thought,562,69.54,0.00,75.92,1,13.17,1
vllm,tree_of_thought,563,52.30,24.24,100.79,3,29.77,1
vllm,tree_of_thought,564,65.60,28.00,93.60,2,21.37,1
vllm,tree_of_thought,565,62.77,0.00,80.61,1,12.41,1
vllm,tree_of_thought,566,63.85,30.81,94.66,2,21.13,1
vllm,tree_of_thought,567,82.56,0.00,82.90,1,12.06,1
vllm,tree_of_thought,568,61.19,0.00,80.37,1,12.44,1
vllm,tree_of_thought,569,67.75,30.69,98.45,2,20.32,1
vllm,tree_of_thought,570,51.55,0.00,68.37,1,14.63,1
vllm,tree_of_thought,571,57.81,0.00,73.92,1,13.53,1
vllm,tree_of_thought,572,51.94,0.00,65.43,1,15.28,1
vllm,tree_of_thought,573,62.80,0.00,79.31,1,12.61,1
vllm,tree_of_thought,574,65.28,0.00,93.36,1,10.71,1
vllm,tree_of_thought,575,58.30,0.00,73.29,1,13.64,1
vllm,tree_of_thought,576,65.50,0.00,81.99,1,12.20,1
vllm,tree_of_thought,577,70.25,34.42,104.67,2,19.11,1
vllm,tree_of_thought,578,60.84,22.07,82.91,2,24.12,1
vllm,tree_of_thought,579,66.99,0.00,84.11,1,11.89,1
vllm,tree_of_thought,580,64.87,0.00,81.77,1,12.23,1
vllm,tree_of_thought,581,52.58,29.50,82.09,2,24.36,1
vllm,tree_of_thought,582,66.04,20.31,106.67,3,28.12,0
vllm,tree_of_thought,583,59.27,33.42,92.69,2,21.58,1
vllm,tree_of_thought,584,67.75,0.00,77.21,1,12.95,1
vllm,tree_of_thought,585,87.77,0.00,94.07,1,10.63,1
vllm,tree_of_thought,586,54.08,27.89,81.97,2,24.40,1
vllm,tree_of_thought,587,53.32,26.62,79.94,2,25.02,1
vllm,tree_of_thought,588,58.29,32.27,90.56,2,22.09,1
vllm,tree_of_thought,589,53.26,0.00,69.46,1,14.40,1
vllm,tree_of_thought,590,60.08,0.00,77.66,1,12.88,1
vllm,tree_of_thought,591,49.57,0.00,63.88,1,15.65,1
vllm,tree_of_thought,592,56.94,0.00,75.23,1,13.29,1
vllm,tree_of_thought,593,60.74,0.00,75.03,1,13.33,1
vllm,tree_of_thought,594,68.91,29.15,98.06,2,20.39,1
vllm,tree_of_thought,595,70.74,29.81,100.55,2,19.89,0
vllm,tree_of_thought,596,68.10,0.00,81.37,1,12.29,1
vllm,tree_of_thought,597,71.38,0.00,90.99,1,10.99,1
vllm,tree_of_thought,598,69.59,0.00,85.91,1,11.64,1
vllm,tree_of_thought,599,57.31,0.00,73.34,1,13.63,1
vllm,tree_of_thought,600,54.13,21.19,96.51,3,31.09,1
vllm,tree_of_thought,601,68.32,0.00,79.58,1,12.57,1
vllm,tree_of_thought,602,45.92,33.21,79.14,2,25.27,1
vllm,tree_of_thought,603,52.99,0.00,74.02,1,13.51,1
vllm,tree_of_thought,604,54.38,28.70,83.09,2,24.07,1
vllm,tree_of_thought,605,73.90,30.04,103.94,2,19.24,1
vllm,tree_of_thought,606,59.90,33.26,93.16,2,21.47,0
vllm,tree_of_thought,607,62.26,0.00,84.67,1,11.81,1
vllm,tree_of_thought,608,74.54,0.00,90.14,1,11.09,1
vllm,tree_of_thought,609,70.19,0.00,89.86,1,11.13,1
vllm,tree_of_thought,610,52.18,0.00,70.59,1,14.17,1
vllm,tree_of_thought,611,63.25,0.00,79.85,1,12.52,1
vllm,tree_of_thought,612,56.65,32.84,89.49,2,22.35,0
vllm,tree_of_thought,613,55.98,0.00,76.30,1,13.11,1
vllm,tree_of_thought,614,54.58,0.00,73.67,1,13.57,1
vllm,tree_of_thought,615,74.39,0.00,88.12,1,11.35,1
vllm,tree_of_thought,616,52.71,38.06,90.77,2,22.03,1
vllm,tree_of_thought,617,57.03,0.00,70.12,1,14.26,1
vllm,tree_of_thought,618,73.37,0.00,84.29,1,11.86,1
vllm,tree_of_thought,619,69.57,36.37,105.94,2,18.88,1
vllm,tree_of_thought,620,66.71,0.00,74.76,1,13.38,1
vllm,tree_of_thought,621,79.72,27.95,107.67,2,18.57,1
vllm,tree_of_thought,622,71.16,29.10,100.26,2,19.95,1
vllm,tree_of_thought,623,66.09,0.00,87.40,1,11.44,1
vllm,tree_of_thought,624,53.73,25.24,78.97,2,25.33,1
vllm,tree_of_thought,625,62.11,0.00,86.23,1,11.60,1
vllm,tree_of_thought,626,53.82,31.34,85.16,2,23.48,1
vllm,tree_of_thought,627,54.26,0.00,77.28,1,12.94,1
vllm,tree_of_thought,628,71.90,0.00,91.67,1,10.91,1
vllm,tree_of_thought,629,67.11,28.99,96.10,2,20.81,1
vllm,tree_of_thought,630,51.42,0.00,65.72,1,15.22,1
vllm,tree_of_thought,631,51.71,33.17,84.88,2,23.56,1
vllm,tree_of_thought,632,59.07,35.07,94.14,2,21.25,1
vllm,tree_of_thought,633,61.77,0.00,84.18,1,11.88,1
vllm,tree_of_thought,634,54.34,0.00,74.56,1,13.41,1
vllm,tree_of_thought,635,67.34,22.80,112.94,3,26.56,1
vllm,tree_of_thought,636,52.50,0.00,72.37,1,13.82,1
vllm,tree_of_thought,637,62.17,0.00,87.82,1,11.39,1
vllm,tree_of_thought,638,67.88,30.56,98.44,2,20.32,1
vllm,tree_of_thought,639,66.28,41.01,107.28,2,18.64,1
vllm,tree_of_thought,640,67.61,27.88,95.48,2,20.95,1
vllm,tree_of_thought,641,52.15,27.34,79.49,2,25.16,1
vllm,tree_of_thought,642,54.52,24.25,78.77,2,25.39,1
vllm,tree_of_thought,643,47.43,28.03,75.46,2,26.51,1
vllm,tree_of_thought,644,61.19,0.00,84.93,1,11.77,1
vllm,tree_of_thought,645,63.79,0.00,76.23,1,13.12,1
vllm,tree_of_thought,646,39.59,0.00,61.67,1,16.22,1
vllm,tree_of_thought,647,59.00,0.00,76.20,1,13.12,1
vllm,tree_of_thought,648,60.29,28.95,89.24,2,22.41,1
vllm,tree_of_thought,649,53.27,34.10,87.37,2,22.89,1
vllm,tree_of_thought,650,46.40,0.00,63.93,1,15.64,1
vllm,tree_of_thought,651,47.87,0.00,64.95,1,15.40,1
vllm,tree_of_thought,652,68.36,32.98,101.33,2,19.74,1
vllm,tree_of_thought,653,52.38,32.49,84.87,2,23.56,1
vllm,tree_of_thought,654,69.05,0.00,82.60,1,12.11,1
vllm,tree_of_thought,655,66.60,29.12,95.72,2,20.89,1
vllm,tree_of_thought,656,58.68,0.00,77.25,1,12.94,1
vllm,tree_of_thought,657,69.69,0.00,88.24,1,11.33,1
vllm,tree_of_thought,658,57.07,26.26,83.34,2,24.00,1
vllm,tree_of_thought,659,66.81,30.33,97.13,2,20.59,1
vllm,tree_of_thought,660,54.91,0.00,74.16,1,13.48,1
vllm,tree_of_thought,661,65.59,0.00,89.26,1,11.20,1
vllm,tree_of_thought,662,62.59,0.00,72.37,1,13.82,1
vllm,tree_of_thought,663,57.40,0.00,71.68,1,13.95,1
vllm,tree_of_thought,664,62.79,39.19,101.99,2,19.61,1
vllm,tree_of_thought,665,64.68,27.87,92.55,2,21.61,1
vllm,tree_of_thought,666,64.26,30.68,94.93,2,21.07,1
vllm,tree_of_thought,667,73.17,25.57,98.73,2,20.26,1
vllm,tree_of_thought,668,58.19,0.00,79.01,1,12.66,1
vllm,tree_of_thought,669,53.75,0.00,62.12,1,16.10,1
vllm,tree_of_thought,670,68.36,29.90,98.26,2,20.35,1
vllm,tree_of_thought,671,53.79,36.08,89.87,2,22.25,0
vllm,tree_of_thought,672,58.06,0.00,72.20,1,13.85,1
vllm,tree_of_thought,673,65.06,37.14,102.20,2,19.57,1
vllm,tree_of_thought,674,84.64,0.00,85.57,1,11.69,1
vllm,tree_of_thought,675,50.02,33.65,83.67,2,23.90,1
vllm,tree_of_thought,676,58.91,0.00,71.66,1,13.95,1
vllm,tree_of_thought,677,54.19,0.00,73.54,1,13.60,1
vllm,tree_of_thought,678,59.40,38.96,98.36,2,20.33,1
vllm,tree_of_thought,679,58.99,39.32,98.31,2,20.34,1
vllm,tree_of_thought,680,70.21,29.16,99.37,2,20.13,1
vllm,tree_of_thought,681,51.91,0.00,72.07,1,13.87,1
vllm,tree_of_thought,682,54.16,0.00,82.14,1,12.17,1
vllm,tree_of_thought,683,72.12,31.72,103.84,2,19.26,0
vllm,tree_of_thought,684,57.29,29.80,87.09,2,22.96,0
vllm,tree_of_thought,685,68.13,0.00,77.69,1,12.87,1
vllm,tree_of_thought,686,68.24,0.00,86.71,1,11.53,1
vllm,tree_of_thought,687,63.83,35.50,99.34,2,20.13,1
vllm,tree_of_thought,688,70.68,0.00,83.50,1,11.98,1
vllm,tree_of_thought,689,72.77,0.00,81.69,1,12.24,1
vllm,tree_of_thought,690,65.58,0.00,85.94,1,11.64,1
vllm,tree_of_thought,691,57.20,36.49,93.69,2,21.35,1
vllm,tree_of_thought,692,58.37,27.11,85.49,2,23.40,1
vllm,tree_of_thought,693,45.36,29.18,74.54,2,26.83,1
vllm,tree_of_thought,694,62.79,0.00,76.14,1,13.13,1
vllm,tree_of_thought,695,59.79,0.00,82.85,1,12.07,1
vllm,tree_of_thought,696,62.45,0.00,83.30,1,12.00,1
vllm,tree_of_thought,697,72.59,27.21,99.80,2,20.04,1
vllm,tree_of_thought,698,77.76,0.00,94.14,1,10.62,1
vllm,tree_of_thought,699,62.12,0.00,81.49,1,12.27,1
vllm,tree_of_thought,700,55.75,0.00,67.07,1,14.91,1
vllm,tree_of_thought,701,53.88,38.16,92.05,2,21.73,1
vllm,tree_of_thought,702,67.93,17.41,172.38,7,40.61,0
vllm,tree_of_thought,703,51.06,0.00,81.46,1,12.28,1
vllm,tree_of_thought,704,62.17,26.38,88.55,2,22.59,1
vllm,tree_of_thought,705,64.94,0.00,79.23,1,12.62,1
vllm,tree_of_thought,706,61.67,0.00,79.09,1,12.64,1
vllm,tree_of_thought,707,55.91,0.00,70.57,1,14.17,1
vllm,tree_of_thought,708,70.92,0.00,80.61,1,12.40,1
vllm,tree_of_thought,709,70.80,0.00,85.52,1,11.69,1
vllm,tree_of_thought,710,81.71,0.00,91.75,1,10.90,1
vllm,tree_of_thought,711,63.19,0.00,93.88,1,10.65,1
vllm,tree_of_thought,712,57.71,0.00,76.83,1,13.02,1
vllm,tree_of_thought,713,68.09,0.00,80.72,1,12.39,1
vllm,tree_of_thought,714,49.29,0.00,68.58,1,14.58,1
vllm,tree_of_thought,715,66.80,0.00,89.34,1,11.19,1
vllm,tree_of_thought,716,66.95,0.00,77.06,1,12.98,1
vllm,tree_of_thought,717,62.29,27.70,89.98,2,22.23,1
vllm,tree_of_thought,718,57.52,0.00,69.96,1,14.29,1
vllm,tree_of_thought,719,55.72,33.30,89.02,2,22.47,1
vllm,tree_of_thought,720,67.11,34.86,101.97,2,19.61,1
vllm,tree_of_thought,721,66.21,27.50,93.71,2,21.34,1
vllm,tree_of_thought,722,60.06,0.00,78.94,1,12.67,1
vllm,tree_of_thought,723,60.60,0.00,79.20,1,12.63,1
vllm,tree_of_thought,724,66.42,31.10,97.52,2,20.51,1
vllm,tree_of_thought,725,53.93,0.00,73.51,1,13.60,1
vllm,tree_of_thought,726,62.80,33.84,96.63,2,20.70,1
vllm,tree_of_thought,727,55.20,28.34,83.54,2,23.94,1
vllm,tree_of_thought,728,67.28,29.48,96.76,2,20.67,1
vllm,tree_of_thought,729,64.89,0.00,84.27,1,11.87,1
vllm,tree_of_thought,730,48.65,36.14,84.79,2,23.59,1
vllm,tree_of_thought,731,72.09,0.00,83.81,1,11.93,1
vllm,tree_of_thought,732,59.67,0.00,74.43,1,13.44,1
vllm,tree_of_thought,733,76.63,33.22,109.85,2,18.21,1
vllm,tree_of_thought,734,45.78,0.00,60.70,1,16.47,1
vllm,tree_of_thought,735,56.55,0.00,71.56,1,13.97,1
vllm,tree_of_thought,736,51.30,0.00,87.42,1,11.44,1
vllm,tree_of_thought,737,71.95,21.36,114.67,3,26.16,0
vllm,tree_of_thought,738,54.25,31.83,86.08,2,23.23,1
vllm,tree_of_thought,739,58.69,0.00,69.67,1,14.35,1
vllm,tree_of_thought,740,60.18,0.00,74.47,1,13.43,1
vllm,tree_of_thought,741,57.53,19.68,77.21,2,25.90,1
vllm,tree_of_thought,742,64.04,0.00,85.04,1,11.76,1
vllm,tree_of_thought,743,73.86,0.00,87.38,1,11.44,1
vllm,tree_of_thought,744,44.22,0.00,64.73,1,15.45,1
vllm,tree_of_thought,745,59.79,0.00,72.08,1,13.87,1
vllm,tree_of_thought,746,62.07,40.07,102.14,2,19.58,1
vllm,tree_of_thought,747,65.95,17.93,173.52,7,40.34,0
vllm,tree_of_thought,748,58.06,0.00,72.69,1,13.76,1
vllm,tree_of_thought,749,68.54,0.00,85.85,1,11.65,1
vllm,tree_of_thought,750,64.45,0.00,82.09,1,12.18,1
vllm,tree_of_thought,751,51.04,35.25,86.29,2,23.18,1
vllm,tree_of_thought,752,54.65,32.71,87.36,2,22.89,1
vllm,tree_of_thought,753,57.48,28.18,85.66,2,23.35,1
vllm,tree_of_thought,754,57.36,0.00,71.33,1,14.02,1
vllm,tree_of_thought,755,62.87,31.26,94.13,2,21.25,1
vllm,tree_of_thought,756,51.21,0.00,74.86,1,13.36,1
vllm,tree_of_thought,757,57.05,0.00,73.03,1,13.69,1
vllm,tree_of_thought,758,58.41,0.00,70.56,1,14.17,1
vllm,tree_of_thought,759,69.42,0.00,82.56,1,12.11,1
vllm,tree_of_thought,760,58.37,0.00,73.16,1,13.67,1
vllm,tree_of_thought,761,53.53,0.00,74.17,1,13.48,1
vllm,tree_of_thought,762,67.42,36.64,104.06,2,19.22,1
vllm,tree_of_thought,763,61.97,0.00,77.75,1,12.86,1
vllm,tree_of_thought,764,65.76,37.86,103.62,2,19.30,1
vllm,tree_of_thought,765,47.42,0.00,64.92,1,15.40,1
vllm,tree_of_thought,766,73.14,26.50,99.64,2,20.07,1
vllm,tree_of_thought,767,70.84,0.00,81.15,1,12.32,1
vllm,tree_of_thought,768,63.53,0.00,79.18,1,12.63,1
vllm,tree_of_thought,769,71.71,0.00,82.40,1,12.14,1
vllm,tree_of_thought,770,54.77,0.00,72.57,1,13.78,1
vllm,tree_of_thought,771,65.30,0.00,85.19,1,11.74,1
vllm,tree_of_thought,772,73.84,0.00,94.10,1,10.63,1
vllm,tree_of_thought,773,59.54,33.25,92.79,2,21.55,1
vllm,tree_of_thought,774,57.93,33.50,91.43,2,21.87,1
vllm,tree_of_thought,775,55.98,0.00,78.44,1,12.75,1
vllm,tree_of_thought,776,60.18,0.00,77.82,1,12.85,1
vllm,tree_of_thought,777,55.79,31.77,87.56,2,22.84,1
vllm,tree_of_thought,778,50.61,34.11,84.71,2,23.61,1
vllm,tree_of_thought,779,63.35,0.00,86.81,1,11.52,1
vllm,tree_of_thought,780,56.88,0.00,68.13,1,14.68,1
vllm,tree_of_thought,781,52.31,26.44,78.75,2,25.40,1
vllm,tree_of_thought,782,52.94,0.00,71.75,1,13.94,1
vllm,tree_of_thought,783,52.31,0.00,68.18,1,14.67,1
vllm,tree_of_thought,784,59.76,36.81,96.57,2,20.71,1
vllm,tree_of_thought,785,57.23,0.00,67.74,1,14.76,1
vllm,tree_of_thought,786,53.75,40.36,94.11,2,21.25,1
vllm,tree_of_thought,787,52.30,0.00,76.79,1,13.02,1
vllm,tree_of_thought,788,66.50,0.00,77.30,1,12.94,1
vllm,tree_of_thought,789,63.58,0.00,77.40,1,12.92,1
vllm,tree_of_thought,790,52.87,32.08,84.95,2,23.54,1
vllm,tree_of_thought,791,63.93,30.32,94.25,2,21.22,1
vllm,tree_of_thought,792,76.14,0.00,92.13,1,10.85,1
vllm,tree_of_thought,793,64.51,28.59,93.10,2,21.48,1
vllm,tree_of_thought,794,59.42,37.00,96.42,2,20.74,1
vllm,tree_of_thought,795,62.88,0.00,92.49,1,10.81,1
vllm,tree_of_thought,796,66.43,0.00,72.08,1,13.87,1
vllm,tree_of_thought,797,61.88,0.00,82.42,1,12.13,1
vllm,tree_of_thought,798,63.06,29.69,92.74,2,21.56,1
vllm,tree_of_thought,799,77.81,39.58,117.39,2,17.04,1
vllm,tree_of_thought,800,49.07,0.00,64.76,1,15.44,1
vllm,tree_of_thought,801,49.25,0.00,67.62,1,14.79,1
vllm,tree_of_thought,802,56.80,0.00,72.39,1,13.81,1
vllm,tree_of_thought,803,56.86,26.45,83.31,2,24.01,1
vllm,tree_of_thought,804,52.07,24.64,76.71,2,26.07,1
vllm,tree_of_thought,805,50.43,27.85,78.28,2,25.55,1
vllm,tree_of_thought,806,57.77,0.00,68.88,1,14.52,1
vllm,tree_of_thought,807,71.11,0.00,85.86,1,11.65,1
vllm,tree_of_thought,808,65.13,0.00,80.46,1,12.43,1
vllm,tree_of_thought,809,70.46,28.86,99.32,2,20.14,1
vllm,tree_of_thought,810,54.97,0.00,69.59,1,14.37,1
vllm,tree_of_thought,811,64.80,0.00,80.77,1,12.38,1
vllm,tree_of_thought,812,62.75,0.00,71.00,1,14.09,1
vllm,tree_of_thought,813,77.48,21.78,99.26,2,20.15,1
vllm,tree_of_thought,814,66.18,0.00,80.52,1,12.42,1
vllm,tree_of_thought,815,53.38,0.00,67.85,1,14.74,1
vllm,tree_of_thought,816,66.95,0.00,84.65,1,11.81,1
vllm,tree_of_thought,817,62.20,32.39,94.59,2,21.14,1
vllm,tree_of_thought,818,51.79,32.75,84.54,2,23.66,1
vllm,tree_of_thought,819,66.09,32.67,98.75,2,20.25,1
vllm,tree_of_thought,820,57.64,35.14,92.78,2,21.56,1
vllm,tree_of_thought,821,68.05,32.65,100.70,2,19.86,1
vllm,tree_of_thought,822,54.42,18.00,162.43,7,43.10,0
vllm,tree_of_thought,823,59.05,0.00,67.04,1,14.92,1
vllm,tree_of_thought,824,57.40,0.00,62.31,1,16.05,1
vllm,tree_of_thought,825,55.14,0.00,70.98,1,14.09,1
vllm,tree_of_thought,826,56.19,0.00,71.79,1,13.93,1
vllm,tree_of_thought,827,70.47,29.58,100.05,2,19.99,1
vllm,tree_of_thought,828,72.76,0.00,84.23,1,11.87,1
vllm,tree_of_thought,829,67.22,0.00,81.81,1,12.22,1
vllm,tree_of_thought,830,63.91,35.84,99.75,2,20.05,1
vllm,tree_of_thought,831,63.53,0.00,84.72,1,11.80,1
vllm,tree_of_thought,832,56.42,0.00,68.02,1,14.70,1
vllm,tree_of_thought,833,51.49,21.25,72.74,2,27.49,1
vllm,tree_of_thought,834,65.78,0.00,77.28,1,12.94,1
vllm,tree_of_thought,835,65.60,24.63,90.23,2,22.17,1
vllm,tree_of_thought,836,42.87,0.00,59.23,1,16.88,1
vllm,tree_of_thought,837,75.13,0.00,94.35,1,10.60,1
vllm,tree_of_thought,838,52.53,0.00,74.25,1,13.47,1
vllm,tree_of_thought,839,57.57,0.00,77.86,1,12.84,1
vllm,tree_of_thought,840,53.97,33.33,87.30,2,22.91,1
vllm,tree_of_thought,841,53.13,0.00,71.89,1,13.91,1
vllm,tree_of_thought,842,60.23,0.00,76.89,1,13.00,1
vllm,tree_of_thought,843,69.56,20.18,109.92,3,27.29,0
vllm,tree_of_thought,844,74.45,27.71,102.16,2,19.58,1
vllm,tree_of_thought,845,70.07,0.00,79.16,1,12.63,1
vllm,tree_of_thought,846,56.81,0.00,73.39,1,13.63,1
vllm,tree_of_thought,847,65.03,0.00,84.79,1,11.79,1
vllm,tree_of_thought,848,68.77,39.63,108.40,2,18.45,1
vllm,tree_of_thought,849,50.36,0.00,65.35,1,15.30,1
vllm,tree_of_thought,850,70.16,0.00,90.30,1,11.07,1
vllm,tree_of_thought,851,67.79,0.00,84.64,1,11.82,1
vllm,tree_of_thought,852,61.40,0.00,76.59,1,13.06,1
vllm,tree_of_thought,853,68.27,0.00,89.13,1,11.22,1
vllm,tree_of_thought,854,50.07,0.00,66.90,1,14.95,1
vllm,tree_of_thought,855,57.07,34.86,91.93,2,21.76,1
vllm,tree_of_thought,856,75.95,0.00,83.71,1,11.95,1
vllm,tree_of_thought,857,67.04,18.00,139.03,5,35.96,0
vllm,tree_of_thought,858,66.73,0.00,77.61,1,12.89,1
vllm,tree_of_thought,859,53.99,0.00,76.74,1,13.03,1
vllm,tree_of_thought,860,64.59,0.00,82.40,1,12.14,1
vllm,tree_of_thought,861,61.62,37.68,99.29,2,20.14,1
vllm,tree_of_thought,862,63.60,41.90,105.49,2,18.96,1
vllm,tree_of_thought,863,47.29,0.00,56.66,1,17.65,1
vllm,tree_of_thought,864,52.00,0.00,63.02,1,15.87,1
vllm,tree_of_thought,865,64.67,0.00,78.65,1,12.71,1
vllm,tree_of_thought,866,55.24,33.25,88.49,2,22.60,1
vllm,tree_of_thought,867,39.12,0.00,49.15,1,20.35,1
vllm,tree_of_thought,868,54.49,0.00,76.11,1,13.14,1
vllm,tree_of_thought,869,69.48,0.00,80.69,1,12.39,1
vllm,tree_of_thought,870,56.22,0.00,75.55,1,13.24,1
vllm,tree_of_thought,871,73.27,0.00,85.80,1,11.65,1
vllm,tree_of_thought,872,70.65,29.87,100.51,2,19.90,1
vllm,tree_of_thought,873,62.81,0.00,80.87,1,12.37,1
vllm,tree_of_thought,874,49.59,0.00,74.54,1,13.41,1
vllm,tree_of_thought,875,50.58,0.00,64.43,1,15.52,1
vllm,tree_of_thought,876,56.98,0.00,67.62,1,14.79,1
vllm,tree_of_thought,877,55.42,0.00,70.37,1,14.21,1
vllm,tree_of_thought,878,67.70,30.82,98.53,2,20.30,1
vllm,tree_of_thought,879,58.83,29.95,88.77,2,22.53,1
vllm,tree_of_thought,880,57.10,0.00,72.06,1,13.88,1
vllm,tree_of_thought,881,63.23,33.82,97.04,2,20.61,1
vllm,tree_of_thought,882,65.15,28.17,93.31,2,21.43,1
vllm,tree_of_thought,883,69.30,0.00,83.87,1,11.92,1
vllm,tree_of_thought,884,75.94,0.00,85.93,1,11.64,1
vllm,tree_of_thought,885,64.05,0.00,87.47,1,11.43,1
vllm,tree_of_thought,886,63.36,0.00,83.54,1,11.97,1
vllm,tree_of_thought,887,67.67,28.81,96.48,2,20.73,1
vllm,tree_of_thought,888,60.75,29.56,90.32,2,22.14,1
vllm,tree_of_thought,889,57.87,25.82,83.69,2,23.90,1
vllm,tree_of_thought,890,64.81,30.90,95.71,2,20.90,1
vllm,tree_of_thought,891,80.69,25.68,106.37,2,18.80,1
vllm,tree_of_thought,892,53.78,0.00,68.04,1,14.70,1
vllm,tree_of_thought,893,50.94,32.47,83.41,2,23.98,1
vllm,tree_of_thought,894,54.68,25.03,79.71,2,25.09,1
vllm,tree_of_thought,895,65.01,0.00,76.57,1,13.06,1
vllm,tree_of_thought,896,56.55,0.00,70.93,1,14.10,1
vllm,tree_of_thought,897,57.94,0.00,70.92,1,14.10,1
vllm,tree_of_thought,898,53.44,18.73,90.89,3,33.01,0
vllm,tree_of_thought,899,51.96,33.54,85.50,2,23.39,1
vllm,tree_of_thought,900,64.82,0.00,83.84,1,11.93,1
vllm,tree_of_thought,901,79.15,24.48,103.63,2,19.30,1
vllm,tree_of_thought,902,61.62,30.85,92.47,2,21.63,1
vllm,tree_of_thought,903,60.77,30.62,91.39,2,21.89,1
vllm,tree_of_thought,904,52.32,0.00,66.09,1,15.13,1
vllm,tree_of_thought,905,60.17,29.35,89.52,2,22.34,1
vllm,tree_of_thought,906,60.09,0.00,73.76,1,13.56,1
vllm,tree_of_thought,907,73.32,0.00,86.68,1,11.54,1
vllm,tree_of_thought,908,56.60,0.00,69.05,1,14.48,1
vllm,tree_of_thought,909,58.99,0.00,79.34,1,12.60,1
vllm,tree_of_thought,910,58.51,30.98,89.50,2,22.35,1
vllm,tree_of_thought,911,68.85,0.00,81.72,1,12.24,1
vllm,tree_of_thought,912,77.44,0.00,89.02,1,11.23,1
vllm,tree_of_thought,913,63.31,36.92,100.23,2,19.95,1
vllm,tree_of_thought,914,53.95,23.88,101.71,3,29.50,0
vllm,tree_of_thought,915,58.12,35.13,93.25,2,21.45,1
vllm,tree_of_thought,916,59.60,0.00,75.69,1,13.21,1
vllm,tree_of_thought,917,47.11,0.00,65.37,1,15.30,1
vllm,tree_of_thought,918,59.24,25.70,84.94,2,23.55,1
vllm,tree_of_thought,919,60.13,0.00,72.88,1,13.72,1
vllm,tree_of_thought,920,52.65,0.00,68.45,1,14.61,1
vllm,tree_of_thought,921,81.36,0.00,91.72,1,10.90,1
vllm,tree_of_thought,922,60.25,0.00,78.56,1,12.73,1
vllm,tree_of_thought,923,55.33,26.11,81.45,2,24.56,1
vllm,tree_of_thought,924,61.43,23.21,84.64,2,23.63,1
vllm,tree_of_thought,925,76.24,0.00,95.15,1,10.51,1
vllm,tree_of_thought,926,72.97,0.00,90.63,1,11.03,1
vllm,tree_of_thought,927,57.97,27.38,85.34,2,23.43,1
vllm,tree_of_thought,928,63.15,26.81,89.95,2,22.23,1
vllm,tree_of_thought,929,33.83,0.00,44.85,1,22.30,1
vllm,tree_of_thought,930,59.33,24.37,83.70,2,23.89,1
vllm,tree_of_thought,931,61.61,0.00,88.55,1,11.29,1
vllm,tree_of_thought,932,64.85,0.00,84.53,1,11.83,1
vllm,tree_of_thought,933,57.19,0.00,69.69,1,14.35,1
vllm,tree_of_thought,934,62.21,0.00,78.55,1,12.73,1
vllm,tree_of_thought,935,51.24,0.00,65.55,1,15.25,1
vllm,tree_of_thought,936,79.24,0.00,90.78,1,11.02,1
vllm,tree_of_thought,937,65.48,31.85,97.33,2,20.55,1
vllm,tree_of_thought,938,47.38,30.69,78.07,2,25.62,1
vllm,tree_of_thought,939,69.78,0.00,86.53,1,11.56,1
vllm,tree_of_thought,940,70.93,27.52,98.45,2,20.32,1
vllm,tree_of_thought,941,66.05,0.00,82.65,1,12.10,1
vllm,tree_of_thought,942,56.03,0.00,75.98,1,13.16,1
vllm,tree_of_thought,943,52.95,29.68,82.63,2,24.20,1
vllm,tree_of_thought,944,65.86,29.91,95.77,2,20.88,1
vllm,tree_of_thought,945,79.09,25.20,104.29,2,19.18,0
vllm,tree_of_thought,946,55.94,0.00,65.09,1,15.36,1
vllm,tree_of_thought,947,61.33,0.00,75.76,1,13.20,1
vllm,tree_of_thought,948,71.07,0.00,85.13,1,11.75,1
vllm,tree_of_thought,949,59.93,34.20,94.13,2,21.25,1
vllm,tree_of_thought,950,61.86,27.92,89.78,2,22.28,1
vllm,tree_of_thought,951,58.36,0.00,74.67,1,13.39,1
vllm,tree_of_thought,952,64.99,0.00,80.72,1,12.39,1
vllm,tree_of_thought,953,67.23,30.31,97.54,2,20.50,1
vllm,tree_of_thought,954,56.40,0.00,68.96,1,14.50,1
vllm,tree_of_thought,955,54.00,34.43,88.42,2,22.62,1
vllm,tree_of_thought,956,54.02,0.00,69.31,1,14.43,1
vllm,tree_of_thought,957,61.11,0.00,73.19,1,13.66,1
vllm,tree_of_thought,958,49.46,0.00,65.95,1,15.16,1
vllm,tree_of_thought,959,55.70,0.00,71.39,1,14.01,1
vllm,tree_of_thought,960,53.11,14.59,111.47,5,44.85,0
vllm,tree_of_thought,961,57.43,0.00,64.19,1,15.58,1
vllm,tree_of_thought,962,60.18,29.27,89.45,2,22.36,1
vllm,tree_of_thought,963,51.35,38.41,89.76,2,22.28,1
vllm,tree_of_thought,964,54.14,37.82,91.96,2,21.75,1
vllm,tree_of_thought,965,68.52,0.00,77.58,1,12.89,1
vllm,tree_of_thought,966,51.72,0.00,71.85,1,13.92,1
vllm,tree_of_thought,967,60.57,0.00,72.60,1,13.77,1
vllm,tree_of_thought,968,67.71,24.21,91.93,2,21.76,1
vllm,tree_of_thought,969,56.65,0.00,67.78,1,14.75,1
vllm,tree_of_thought,970,68.61,35.74,104.35,2,19.17,1
vllm,tree_of_thought,971,57.79,0.00,82.99,1,12.05,1
vllm,tree_of_thought,972,68.29,27.73,96.02,2,20.83,1
vllm,tree_of_thought,973,50.96,0.00,73.11,1,13.68,1
vllm,tree_of_thought,974,65.58,37.05,102.63,2,19.49,1
vllm,tree_of_thought,975,56.16,27.92,84.08,2,23.79,1
vllm,tree_of_thought,976,66.74,0.00,87.15,1,11.47,1
vllm,tree_of_thought,977,58.03,0.00,78.45,1,12.75,1
vllm,tree_of_thought,978,59.58,0.00,71.25,1,14.03,1
vllm,tree_of_thought,979,65.53,0.00,77.00,1,12.99,1
vllm,tree_of_thought,980,70.72,19.59,90.31,2,22.14,1
vllm,tree_of_thought,981,46.12,26.32,72.44,2,27.61,1
vllm,tree_of_thought,982,69.98,0.00,88.29,1,11.33,1
vllm,tree_of_thought,983,61.18,26.75,87.93,2,22.75,1
vllm,tree_of_thought,984,66.14,36.94,103.08,2,19.40,1
vllm,tree_of_thought,985,54.17,25.30,104.77,3,28.63,0
vllm,tree_of_thought,986,72.84,22.79,95.63,2,20.91,1
vllm,tree_of_thought,987,59.65,0.00,75.14,1,13.31,1
vllm,tree_of_thought,988,55.20,0.00,72.85,1,13.73,1
vllm,tree_of_thought,989,58.33,35.35,93.68,2,21.35,1
vllm,tree_of_thought,990,70.99,26.46,97.45,2,20.52,1
vllm,tree_of_thought,991,35.10,19.71,54.81,2,36.49,1
vllm,long_output,0,45.08,29.42,280.47,9,32.09,1
vllm,long_output,1,50.04,27.11,294.00,10,34.01,1
vllm,long_output,2,52.69,27.32,298.58,10,33.49,1
vllm,long_output,3,78.11,25.63,308.82,10,32.38,1
vllm,long_output,4,93.94,28.05,318.33,9,28.27,1
vllm,long_output,5,75.19,24.10,316.19,11,34.79,1
vllm,long_output,6,82.00,23.42,316.16,11,34.79,1
vllm,long_output,7,70.59,22.44,317.42,12,37.80,1
vllm,long_output,8,81.40,22.19,325.47,12,36.87,1
vllm,long_output,9,70.35,21.57,329.24,13,39.48,1
vllm,long_output,10,70.69,24.06,335.35,12,35.78,1
vllm,long_output,11,96.26,19.94,335.55,13,38.74,1
vllm,long_output,12,74.57,27.60,350.55,11,31.38,1
vllm,long_output,13,86.12,21.54,344.54,13,37.73,1
vllm,long_output,14,89.56,19.72,345.95,14,40.47,1
vllm,long_output,15,79.78,20.40,344.94,14,40.59,1
vllm,long_output,16,85.94,36.67,379.29,9,23.73,1
vllm,long_output,17,67.48,20.33,352.10,15,42.60,1
vllm,long_output,18,90.40,20.91,362.20,14,38.65,1
vllm,long_output,19,71.04,20.53,358.42,15,41.85,1
vllm,long_output,20,78.63,19.04,364.30,16,43.92,1
vllm,long_output,21,68.74,19.59,362.55,16,44.13,1
vllm,long_output,22,71.86,19.81,368.98,16,43.36,1
vllm,long_output,23,81.15,20.97,374.66,15,40.04,1
vllm,long_output,24,83.38,18.59,380.85,17,44.64,1
vllm,long_output,25,86.77,18.61,384.46,17,44.22,1
vllm,long_output,26,87.38,18.65,385.77,17,44.07,1
vllm,long_output,27,80.67,18.07,387.80,18,46.42,1
vllm,long_output,28,71.39,18.63,388.14,18,46.37,1
vllm,long_output,29,83.35,18.27,393.89,18,45.70,1
vllm,long_output,30,77.71,18.40,408.83,19,46.47,1
vllm,long_output,31,116.38,16.91,420.67,19,45.17,1
vllm,long_output,32,112.34,17.44,426.25,19,44.57,1
vllm,long_output,33,110.74,19.02,472.16,20,42.36,1
vllm,long_output,34,112.00,19.19,476.57,20,41.97,1
vllm,long_output,35,106.38,19.61,479.04,20,41.75,1
vllm,long_output,36,107.43,19.19,491.25,21,42.75,1
vllm,long_output,37,113.90,18.99,493.61,21,42.54,1
vllm,long_output,38,106.52,19.25,491.60,21,42.72,1
vllm,long_output,39,99.39,19.06,499.62,22,44.03,1
vllm,long_output,40,101.48,19.03,501.03,22,43.91,1
vllm,long_output,41,102.94,19.15,505.15,22,43.55,1
vllm,long_output,42,96.59,18.71,508.14,23,45.26,1
vllm,long_output,43,95.30,18.87,510.52,23,45.05,1
vllm,long_output,44,114.56,18.59,523.58,23,43.93,1
vllm,long_output,45,104.22,18.78,536.08,24,44.77,1
vllm,long_output,46,98.83,18.07,532.55,25,46.94,1
vllm,long_output,47,109.69,19.11,549.23,24,43.70,1
vllm,long_output,48,165.19,16.68,548.81,24,43.73,1
vllm,long_output,49,107.33,18.38,548.46,25,45.58,1
vllm,long_output,50,166.71,16.24,556.46,25,44.93,1
vllm,long_output,51,149.56,16.44,560.65,26,46.37,1
vllm,long_output,52,150.99,16.45,562.33,26,46.24,1
vllm,long_output,53,144.42,17.16,573.35,26,45.35,1
vllm,long_output,54,148.57,16.34,573.41,27,47.09,1
vllm,long_output,55,141.84,16.34,566.60,27,47.65,1
vllm,long_output,56,139.07,16.79,575.73,27,46.90,1
vllm,long_output,57,126.81,16.59,574.63,28,48.73,1
vllm,long_output,58,137.03,16.64,586.34,28,47.75,1
vllm,long_output,59,132.23,16.86,587.55,28,47.66,1
vllm,long_output,60,113.23,16.52,575.90,29,50.36,1
vllm,long_output,61,105.03,16.33,578.46,30,51.86,1
vllm,long_output,62,120.03,16.85,591.89,29,49.00,1
vllm,long_output,63,126.67,16.32,583.76,29,49.68,1
vllm,long_output,64,97.17,17.10,592.94,30,50.60,1
vllm,long_output,65,94.35,17.24,594.33,30,50.48,1
vllm,long_output,66,78.32,18.46,632.16,31,49.04,1
vllm,long_output,67,85.87,18.10,628.99,31,49.29,1
vllm,long_output,68,69.07,18.00,627.16,32,51.02,1
vllm,long_output,69,88.70,17.83,641.32,32,49.90,1
vllm,long_output,70,91.71,17.37,647.46,33,50.97,1
vllm,long_output,71,124.26,16.90,664.95,33,49.63,1
vllm,long_output,72,69.82,16.97,646.82,35,54.11,1
vllm,long_output,73,107.23,18.15,688.02,33,47.96,1
vllm,long_output,74,111.17,16.91,669.18,34,50.81,1
vllm,long_output,75,132.56,19.43,715.39,31,43.33,1
vllm,long_output,76,101.06,17.55,680.30,34,49.98,1
vllm,long_output,77,85.11,17.73,687.94,35,50.88,1
vllm,long_output,78,155.77,15.40,679.42,35,51.51,1
vllm,long_output,79,149.83,15.02,675.61,36,53.28,1
vllm,long_output,80,84.83,16.86,674.79,36,53.35,1
vllm,long_output,81,76.33,16.49,669.80,37,55.24,1
vllm,long_output,82,126.10,15.18,672.69,37,55.00,1
vllm,long_output,83,126.89,15.30,677.69,37,54.60,1
vllm,long_output,84,168.07,16.76,721.18,34,47.15,1
vllm,long_output,85,141.85,15.93,699.24,36,51.48,1
vllm,long_output,86,114.27,15.48,687.07,38,55.31,1
vllm,long_output,87,110.76,14.96,679.40,39,57.40,1
vllm,long_output,88,92.04,14.55,659.32,40,60.67,1
vllm,long_output,89,104.86,15.92,693.88,38,54.76,1
vllm,long_output,90,116.42,15.10,690.35,39,56.49,1
vllm,long_output,91,101.86,15.89,705.66,39,55.27,1
vllm,long_output,92,88.52,14.70,661.64,40,60.46,1
vllm,long_output,93,105.30,15.27,700.69,40,57.09,1
vllm,long_output,94,119.90,22.51,817.82,32,39.13,1
vllm,long_output,95,120.71,17.23,758.23,38,50.12,1
vllm,long_output,96,82.60,15.02,683.53,41,59.98,1
vllm,long_output,97,72.91,14.65,658.74,41,62.24,1
vllm,long_output,98,71.61,14.79,663.24,41,61.82,1
vllm,long_output,99,64.57,14.64,664.92,42,63.17,1
vllm,long_output,100,57.73,14.73,661.66,42,63.48,1
vllm,long_output,101,68.34,14.49,662.54,42,63.39,1
vllm,long_output,102,52.39,15.61,707.99,43,60.74,1
vllm,long_output,103,83.38,16.62,781.59,43,55.02,1
vllm,long_output,104,78.67,16.73,781.27,43,55.04,1
vllm,long_output,105,66.07,16.61,780.11,44,56.40,1
vllm,long_output,106,74.18,16.71,792.91,44,55.49,1
vllm,long_output,107,62.60,16.97,792.16,44,55.54,1
vllm,long_output,108,69.77,16.67,803.42,45,56.01,1
vllm,long_output,109,69.09,16.32,787.32,45,57.16,1
vllm,long_output,110,72.16,16.56,800.64,45,56.21,1
vllm,long_output,111,56.35,16.38,793.33,46,57.98,1
vllm,long_output,112,61.30,16.37,798.07,46,57.64,1
vllm,long_output,113,62.00,16.50,804.31,46,57.19,1
vllm,long_output,114,84.63,16.64,850.02,47,55.29,1
vllm,long_output,115,76.67,16.91,854.71,47,54.99,1
vllm,long_output,116,89.71,16.61,853.70,47,55.05,1
vllm,long_output,117,59.38,16.72,845.13,48,56.80,1
vllm,long_output,118,59.28,16.74,845.95,48,56.74,1
vllm,long_output,119,73.68,16.29,855.49,49,57.28,1
vllm,long_output,120,81.72,16.94,877.88,48,54.68,1
vllm,long_output,121,111.94,15.70,865.57,49,56.61,1
vllm,long_output,122,116.58,15.53,862.26,49,56.83,1
vllm,long_output,123,92.68,15.55,854.40,50,58.52,1
vllm,long_output,124,103.91,15.68,872.00,50,57.34,1
vllm,long_output,125,93.40,15.37,862.08,51,59.16,1
vllm,long_output,126,99.79,15.78,872.80,50,57.29,1
vllm,long_output,127,95.77,15.55,873.48,51,58.39,1
vllm,long_output,128,72.78,13.17,178.11,9,50.53,1
vllm,long_output,129,66.79,14.48,182.62,9,49.28,1
vllm,long_output,130,66.76,15.72,852.67,51,59.81,1
vllm,long_output,131,74.21,16.03,218.48,10,45.77,1
vllm,long_output,132,119.36,15.04,239.65,9,37.55,1
vllm,long_output,133,85.99,15.86,228.70,10,43.73,1
vllm,long_output,134,110.18,14.78,243.21,10,41.12,1
vllm,long_output,135,97.79,14.76,245.35,11,44.83,1
vllm,long_output,136,85.01,15.36,238.56,11,46.11,1
vllm,long_output,137,88.72,15.71,889.72,52,58.45,1
vllm,long_output,138,85.99,15.20,238.03,11,46.21,1
vllm,long_output,139,83.09,13.39,230.37,12,52.09,1
vllm,long_output,140,90.53,13.83,242.72,12,49.44,1
vllm,long_output,141,68.82,14.17,238.86,13,54.43,1
vllm,long_output,142,67.43,14.43,240.54,13,54.04,1
vllm,long_output,143,123.07,13.22,268.51,12,44.69,1
vllm,long_output,144,89.33,13.97,257.01,13,50.58,1
vllm,long_output,145,72.00,14.56,261.22,14,53.59,1
vllm,long_output,146,77.32,13.62,254.43,14,55.03,1
vllm,long_output,147,67.92,14.69,258.87,14,54.08,1
vllm,long_output,148,191.11,14.92,952.06,52,54.62,1
vllm,long_output,149,115.17,15.43,917.43,53,57.77,1
vllm,long_output,150,102.30,15.70,918.72,53,57.69,1
vllm,long_output,151,96.32,15.82,934.92,54,57.76,1
vllm,long_output,152,207.50,15.90,1018.30,52,51.07,1
vllm,long_output,153,206.47,15.67,1021.53,53,51.88,1
vllm,long_output,154,112.52,15.87,953.65,54,56.62,1
vllm,long_output,155,59.35,14.28,259.29,15,57.85,1
vllm,long_output,156,80.82,14.33,281.41,15,53.30,1
vllm,long_output,157,149.22,15.62,992.54,55,55.41,1
vllm,long_output,158,72.18,15.02,282.53,15,53.09,1
vllm,long_output,159,172.49,15.62,1000.13,54,53.99,1
vllm,long_output,160,68.42,14.33,283.35,16,56.47,1
vllm,long_output,161,108.68,15.47,975.15,57,58.45,1
vllm,long_output,162,195.13,15.21,1016.71,55,54.10,1
vllm,long_output,163,125.44,15.70,989.06,56,56.62,1
vllm,long_output,164,70.72,14.97,295.32,16,54.18,1
vllm,long_output,165,220.04,14.90,1024.48,55,53.69,1
vllm,long_output,166,206.07,14.70,1014.44,56,55.20,1
vllm,long_output,167,123.18,15.19,989.04,58,58.64,1
vllm,long_output,168,88.02,14.63,307.54,16,52.03,1
vllm,long_output,169,114.87,15.42,993.69,58,58.37,1
vllm,long_output,170,140.01,15.56,1011.38,57,56.36,1
vllm,long_output,171,83.83,13.81,304.86,17,55.76,1
vllm,long_output,172,139.83,15.62,1014.54,57,56.18,1
vllm,long_output,173,88.23,14.80,325.01,17,52.31,1
vllm,long_output,174,209.12,15.18,1044.03,56,53.64,1
vllm,long_output,175,178.99,14.75,1019.46,58,56.89,1
vllm,long_output,176,69.04,15.69,320.09,17,53.11,1
vllm,long_output,177,75.88,14.28,318.60,18,56.50,1
vllm,long_output,178,142.00,14.96,1009.49,59,58.45,1
vllm,long_output,179,164.08,14.79,1021.93,59,57.73,1
vllm,long_output,180,83.83,14.07,322.99,18,55.73,1
vllm,long_output,181,143.70,15.21,1025.64,59,57.52,1
vllm,long_output,182,102.33,14.17,343.14,18,52.46,1
vllm,long_output,183,207.23,13.67,1013.76,60,59.19,1
vllm,long_output,184,81.80,13.86,331.37,19,57.34,1
vllm,long_output,185,68.09,14.90,336.25,19,56.51,1
vllm,long_output,186,143.59,15.28,1045.12,60,57.41,1
vllm,long_output,187,206.47,13.63,1024.24,61,59.56,1
vllm,long_output,188,212.89,13.83,1042.64,61,58.51,1
vllm,long_output,189,203.33,13.39,1020.08,62,60.78,1
vllm,long_output,190,159.13,13.66,992.37,62,62.48,1
vllm,long_output,191,94.55,14.67,358.56,19,52.99,1
vllm,long_output,192,156.67,13.66,1003.56,63,62.78,1
vllm,long_output,193,155.28,13.63,1000.41,63,62.97,1
vllm,long_output,194,182.35,14.06,1039.89,62,59.62,1
vllm,long_output,195,133.48,13.83,990.87,63,63.58,1
vllm,long_output,196,204.52,14.48,1073.47,61,56.82,1
vllm,long_output,197,74.59,14.27,345.68,20,57.86,1
vllm,long_output,198,92.29,13.82,354.82,20,56.37,1
vllm,long_output,199,63.92,13.59,335.77,21,62.54,1
vllm,long_output,200,63.98,13.82,340.40,21,61.69,1
vllm,long_output,201,235.07,14.72,1103.59,60,54.37,1
vllm,long_output,202,132.24,14.01,1014.90,64,63.06,1
vllm,long_output,203,49.72,14.27,335.08,21,62.67,1
vllm,long_output,204,86.26,17.01,409.41,20,48.85,1
vllm,long_output,205,104.67,14.24,1001.59,64,63.90,1
vllm,long_output,206,99.26,13.66,960.14,64,66.66,1
vllm,long_output,207,94.78,13.71,972.37,65,66.85,1
vllm,long_output,208,101.75,13.26,380.19,22,57.87,1
vllm,long_output,209,83.30,13.83,968.56,65,67.11,1
vllm,long_output,210,56.18,15.27,376.84,22,58.38,1
vllm,long_output,211,76.07,14.14,981.14,65,66.25,1
vllm,long_output,212,83.49,13.88,985.48,66,66.97,1
vllm,long_output,213,87.22,15.84,419.82,22,52.40,1
vllm,long_output,214,89.66,13.81,987.03,66,66.87,1
vllm,long_output,215,93.87,13.92,998.51,66,66.10,1
vllm,long_output,216,82.35,15.76,429.11,23,53.60,1
vllm,long_output,217,82.27,15.54,424.23,23,54.22,1
vllm,long_output,218,76.91,14.11,1007.93,67,66.47,1
vllm,long_output,219,66.80,14.11,997.97,67,67.14,1
vllm,long_output,220,68.90,16.33,444.45,24,54.00,1
vllm,long_output,221,93.45,16.44,455.23,23,50.52,1
vllm,long_output,222,108.42,14.94,452.10,24,53.09,1
vllm,long_output,223,98.52,15.70,459.57,24,52.22,1
vllm,long_output,224,68.03,15.86,448.60,25,55.73,1
vllm,long_output,225,91.47,15.61,466.20,25,53.63,1
vllm,long_output,226,88.33,16.14,475.70,25,52.55,1
vllm,long_output,227,103.05,15.69,495.23,26,52.50,1
vllm,long_output,228,104.89,15.83,500.62,26,51.94,1
vllm,long_output,229,142.23,15.05,518.44,26,50.15,1
vllm,long_output,230,78.44,15.87,506.82,28,55.25,1
vllm,long_output,231,171.20,13.44,520.67,27,51.86,1
vllm,long_output,232,116.97,15.65,523.91,27,51.54,1
vllm,long_output,233,160.25,14.03,525.09,27,51.42,1
vllm,long_output,234,102.82,15.74,527.90,28,53.04,1
vllm,long_output,235,138.97,14.98,543.34,28,51.53,1
vllm,long_output,236,119.65,15.13,543.25,29,53.38,1
vllm,long_output,237,92.69,15.74,533.45,29,54.36,1
vllm,long_output,238,115.63,15.24,557.66,30,53.80,1
vllm,long_output,239,174.98,14.42,578.72,29,50.11,1
vllm,long_output,240,121.46,15.59,573.45,30,52.32,1
vllm,long_output,241,146.09,15.65,600.00,30,50.00,1
vllm,long_output,242,118.28,15.92,595.74,31,52.04,1
vllm,long_output,243,139.13,15.59,606.75,31,51.09,1
vllm,long_output,244,120.17,15.67,605.86,32,52.82,1
vllm,long_output,245,168.09,15.24,625.14,31,49.59,1
vllm,long_output,246,149.73,15.51,630.44,32,50.76,1
vllm,long_output,247,120.79,15.83,627.25,33,52.61,1
vllm,long_output,248,116.13,15.59,615.10,33,53.65,1
vllm,long_output,249,133.26,15.46,627.99,33,52.55,1
vllm,long_output,250,110.61,15.34,632.09,35,55.37,1
vllm,long_output,251,121.59,15.75,641.24,34,53.02,1
vllm,long_output,252,136.33,15.55,649.49,34,52.35,1
vllm,long_output,253,242.85,15.10,710.92,32,45.01,1
vllm,long_output,254,171.08,15.45,680.84,34,49.94,1
vllm,long_output,255,125.54,15.28,660.48,36,54.51,1
vllm,long_output,256,157.34,15.24,675.52,35,51.81,1
vllm,long_output,257,131.13,15.61,677.38,36,53.15,1
vllm,long_output,258,126.20,15.06,668.53,37,55.35,1
vllm,long_output,259,191.65,14.85,696.47,35,50.25,1
vllm,long_output,260,151.21,15.51,694.10,36,51.87,1
vllm,long_output,261,115.62,15.26,680.22,38,55.86,1
vllm,long_output,262,139.59,15.26,688.84,37,53.71,1
vllm,long_output,263,109.50,15.32,691.57,39,56.39,1
vllm,long_output,264,135.11,15.36,703.52,38,54.01,1
vllm,long_output,265,177.65,14.87,713.06,37,51.89,1
vllm,long_output,266,160.70,15.02,716.31,38,53.05,1
vllm,long_output,267,135.04,14.92,702.04,39,55.55,1
vllm,long_output,268,121.35,15.02,692.21,39,56.34,1
vllm,long_output,269,120.29,15.01,705.82,40,56.67,1
vllm,long_output,270,73.10,15.18,665.27,40,60.13,1
vllm,long_output,271,101.34,16.00,725.22,40,55.16,1
vllm,long_output,272,108.28,15.50,728.16,41,56.31,1
vllm,long_output,273,86.27,15.97,725.04,41,56.55,1
vllm,long_output,274,85.66,16.19,733.20,41,55.92,1
vllm,long_output,275,68.14,16.16,730.59,42,57.49,1
vllm,long_output,276,53.60,16.17,716.59,42,58.61,1
vllm,long_output,277,68.52,16.03,725.63,42,57.88,1
vllm,long_output,278,63.56,15.87,730.28,43,58.88,1
vllm,long_output,279,67.78,15.94,737.29,43,58.32,1
vllm,long_output,280,62.75,16.00,734.69,43,58.53,1
vllm,long_output,281,59.20,16.01,747.68,44,58.85,1
vllm,long_output,282,63.08,15.85,744.54,44,59.10,1
vllm,long_output,283,69.30,15.87,751.81,44,58.53,1
vllm,long_output,284,66.79,15.91,766.65,45,58.70,1
vllm,long_output,285,60.56,16.11,769.41,45,58.49,1
vllm,long_output,286,54.55,16.38,775.11,45,58.06,1
vllm,long_output,287,51.44,15.99,770.94,46,59.67,1
vllm,long_output,288,65.59,15.82,777.28,46,59.18,1
vllm,long_output,289,76.70,15.86,790.20,46,58.21,1
vllm,long_output,290,47.64,15.61,765.90,47,61.37,1
vllm,long_output,291,51.50,15.83,779.86,47,60.27,1
vllm,long_output,292,51.92,15.91,783.89,47,59.96,1
vllm,long_output,293,54.01,15.76,794.66,48,60.40,1
vllm,long_output,294,65.10,15.80,807.82,48,59.42,1
vllm,long_output,295,55.38,15.86,801.01,48,59.92,1
vllm,long_output,296,57.93,15.62,807.78,49,60.66,1
vllm,long_output,297,70.83,15.48,813.73,49,60.22,1
vllm,long_output,298,69.12,15.45,810.63,49,60.45,1
vllm,long_output,299,62.61,15.26,810.48,50,61.69,1
vllm,long_output,300,59.48,15.48,817.92,50,61.13,1
vllm,long_output,301,68.54,15.34,820.09,50,60.97,1
vllm,long_output,302,59.81,13.61,168.70,9,53.35,1
vllm,long_output,303,60.17,14.76,178.25,9,50.49,1
vllm,long_output,304,65.64,14.81,184.08,9,48.89,1
vllm,long_output,305,47.46,15.20,807.59,51,63.15,1
vllm,long_output,306,55.96,15.55,833.21,51,61.21,1
vllm,long_output,307,55.92,14.57,187.08,10,53.45,1
vllm,long_output,308,48.51,15.76,190.34,10,52.54,1
vllm,long_output,309,61.13,15.10,831.33,52,62.55,1
vllm,long_output,310,68.58,15.55,846.27,51,60.26,1
vllm,long_output,311,45.68,15.26,824.02,52,63.11,1
vllm,long_output,312,57.28,14.95,819.61,52,63.45,1
vllm,long_output,313,61.71,14.64,193.51,10,51.68,1
vllm,long_output,314,51.66,15.15,839.58,53,63.13,1
vllm,long_output,315,78.37,13.65,214.91,11,51.18,1
vllm,long_output,316,87.05,13.47,221.79,11,49.60,1
vllm,long_output,317,49.26,15.28,843.93,53,62.80,1
vllm,long_output,318,52.10,15.74,209.47,11,52.51,1
vllm,long_output,319,68.11,15.02,848.98,53,62.43,1
vllm,long_output,320,68.05,14.90,857.57,54,62.97,1
vllm,long_output,321,63.31,15.04,860.52,54,62.75,1
vllm,long_output,322,85.09,12.78,225.68,12,53.17,1
vllm,long_output,323,73.85,14.49,233.27,12,51.44,1
vllm,long_output,324,59.61,15.09,859.59,54,62.82,1
vllm,long_output,325,59.10,13.94,212.38,12,56.50,1
vllm,long_output,326,48.40,13.64,212.13,13,61.28,1
vllm,long_output,327,50.79,14.06,219.54,13,59.22,1
vllm,long_output,328,43.32,14.86,845.63,55,65.04,1
vllm,long_output,329,65.95,14.78,864.21,55,63.64,1
vllm,long_output,330,58.14,15.06,871.25,55,63.13,1
vllm,long_output,331,94.33,14.56,269.00,13,48.33,1
vllm,long_output,332,64.47,14.79,878.13,56,63.77,1
vllm,long_output,333,89.83,14.71,281.07,14,49.81,1
vllm,long_output,334,56.00,14.92,876.74,56,63.87,1
vllm,long_output,335,69.62,14.91,889.80,56,62.94,1
vllm,long_output,336,53.18,14.81,882.53,57,64.59,1
vllm,long_output,337,109.40,14.99,304.33,14,46.00,1
vllm,long_output,338,89.53,14.53,278.44,14,50.28,1
vllm,long_output,339,74.78,14.88,283.11,15,52.98,1
vllm,long_output,340,96.89,14.45,906.02,57,62.91,1
vllm,long_output,341,58.00,14.86,265.99,15,56.39,1
vllm,long_output,342,86.95,14.67,908.32,57,62.75,1
vllm,long_output,343,73.65,14.56,903.79,58,64.17,1
vllm,long_output,344,81.63,14.57,912.00,58,63.60,1
vllm,long_output,345,84.89,15.55,302.54,15,49.58,1
vllm,long_output,346,67.92,14.59,914.20,59,64.54,1
vllm,long_output,347,80.64,14.86,927.63,58,62.52,1
vllm,long_output,348,49.26,15.19,277.05,16,57.75,1
vllm,long_output,349,70.90,14.75,292.17,16,54.76,1
vllm,long_output,350,63.24,16.01,303.34,16,52.75,1
vllm,long_output,351,58.59,14.50,290.64,17,58.49,1
vllm,long_output,352,128.13,13.75,925.80,59,63.73,1
vllm,long_output,353,119.04,14.10,936.98,59,62.97,1
vllm,long_output,354,94.69,13.84,911.23,60,65.84,1
vllm,long_output,355,104.05,13.84,920.82,60,65.16,1
vllm,long_output,356,51.98,14.95,291.11,17,58.40,1
vllm,long_output,357,114.30,14.12,947.09,60,63.35,1
vllm,long_output,358,98.70,13.72,921.72,61,66.18,1
vllm,long_output,359,51.65,14.68,286.54,17,59.33,1
vllm,long_output,360,96.72,13.96,934.49,61,65.28,1
vllm,long_output,361,102.51,14.00,942.35,61,64.73,1
vllm,long_output,362,88.59,13.50,318.11,18,56.58,1
vllm,long_output,363,88.04,13.80,322.65,18,55.79,1
vllm,long_output,364,76.37,14.60,324.65,18,55.44,1
vllm,long_output,365,71.98,15.07,343.22,19,55.36,1
vllm,long_output,366,56.04,15.12,328.13,19,57.90,1
vllm,long_output,367,65.13,13.86,910.55,62,68.09,1
vllm,long_output,368,65.86,13.98,918.53,62,67.50,1
vllm,long_output,369,55.26,14.00,909.23,62,68.19,1
vllm,long_output,370,54.24,14.13,930.36,63,67.72,1
vllm,long_output,371,79.49,15.45,357.51,19,53.15,1
vllm,long_output,372,78.01,15.23,367.29,20,54.45,1
vllm,long_output,373,73.03,13.91,935.20,63,67.37,1
vllm,long_output,374,65.34,14.06,936.97,63,67.24,1
vllm,long_output,375,68.25,15.36,375.51,21,55.92,1
vllm,long_output,376,66.05,15.39,373.84,21,56.17,1
vllm,long_output,377,87.36,15.95,390.42,20,51.23,1
vllm,long_output,378,103.86,15.58,399.78,20,50.03,1
vllm,long_output,379,71.95,15.44,380.71,21,55.16,1
vllm,long_output,380,67.58,15.34,389.67,22,56.46,1
vllm,long_output,381,55.12,14.07,941.40,64,67.98,1
vllm,long_output,382,81.03,13.93,958.69,64,66.76,1
vllm,long_output,383,57.05,14.06,942.72,64,67.89,1
vllm,long_output,384,59.64,13.85,946.13,65,68.70,1
vllm,long_output,385,87.15,15.08,403.75,22,54.49,1
vllm,long_output,386,79.84,15.67,408.97,22,53.79,1
vllm,long_output,387,65.30,15.76,411.96,23,55.83,1
vllm,long_output,388,67.34,13.94,959.30,65,67.76,1
vllm,long_output,389,52.49,13.96,945.82,65,68.72,1
vllm,long_output,390,46.04,15.90,395.87,23,58.10,1
vllm,long_output,391,49.94,13.90,953.63,66,69.21,1
vllm,long_output,392,68.15,16.06,421.54,23,54.56,1
vllm,long_output,393,66.76,15.40,420.87,24,57.02,1
vllm,long_output,394,57.88,15.98,425.36,24,56.42,1
vllm,long_output,395,62.46,15.94,429.17,24,55.92,1
vllm,long_output,396,53.79,15.90,435.34,25,57.43,1
vllm,long_output,397,64.45,15.77,442.97,25,56.44,1
vllm,long_output,398,62.69,16.02,447.13,25,55.91,1
vllm,long_output,399,82.14,14.12,999.78,66,66.01,1
vllm,long_output,400,59.91,15.64,450.96,26,57.65,1
vllm,long_output,401,81.81,14.17,1002.90,66,65.81,1
vllm,long_output,402,67.07,15.46,453.49,26,57.33,1
vllm,long_output,403,70.53,15.77,464.79,26,55.94,1
vllm,long_output,404,58.99,15.25,455.43,27,59.29,1
vllm,long_output,405,67.63,14.16,1002.52,67,66.83,1
vllm,long_output,406,61.59,14.30,1005.21,67,66.65,1
vllm,long_output,407,75.80,15.69,483.65,27,55.83,1
vllm,long_output,408,73.17,15.84,484.96,27,55.68,1
vllm,long_output,409,68.32,15.18,478.13,28,58.56,1
vllm,long_output,410,63.18,15.42,479.46,28,58.40,1
vllm,long_output,411,90.74,16.32,531.32,28,52.70,1
vllm,long_output,412,78.56,16.28,534.49,29,54.26,1
vllm,long_output,413,64.92,16.61,529.91,29,54.73,1
vllm,long_output,414,74.29,16.72,542.51,29,53.46,1
vllm,long_output,415,83.75,16.51,562.41,30,53.34,1
vllm,long_output,416,94.80,16.20,564.74,30,53.12,1
vllm,long_output,417,101.62,16.58,582.56,30,51.50,1
vllm,long_output,418,87.89,16.00,567.93,31,54.58,1
vllm,long_output,419,87.44,16.30,576.40,31,53.78,1
vllm,long_output,420,92.38,16.30,581.31,31,53.33,1
vllm,long_output,421,82.80,15.98,578.25,32,55.34,1
vllm,long_output,422,77.77,16.24,581.33,32,55.05,1
vllm,long_output,423,85.18,16.34,591.74,32,54.08,1
vllm,long_output,424,72.21,15.68,573.91,33,57.50,1
vllm,long_output,425,57.54,16.01,569.82,33,57.91,1
vllm,long_output,426,74.18,16.09,589.13,33,56.01,1
vllm,long_output,427,49.22,15.97,576.08,34,59.02,1
vllm,long_output,428,52.95,15.83,575.39,34,59.09,1
vllm,long_output,429,73.49,15.94,599.35,34,56.73,1
vllm,long_output,430,60.92,15.99,604.43,35,57.91,1
vllm,long_output,431,70.39,16.29,624.41,35,56.05,1
vllm,long_output,432,61.32,15.82,615.15,36,58.52,1
vllm,long_output,433,57.86,16.58,621.62,35,56.30,1
vllm,long_output,434,52.19,16.24,620.45,36,58.02,1
vllm,long_output,435,82.44,15.74,633.44,36,56.83,1
vllm,long_output,436,55.50,15.92,628.49,37,58.87,1
vllm,long_output,437,60.85,15.76,628.33,37,58.89,1
vllm,long_output,438,56.69,15.89,628.87,37,58.84,1
vllm,long_output,439,70.30,15.95,660.31,38,57.55,1
vllm,long_output,440,66.24,15.92,655.31,38,57.99,1
vllm,long_output,441,66.61,16.24,667.49,38,56.93,1
vllm,long_output,442,69.07,15.82,670.05,39,58.21,1
vllm,long_output,443,79.50,15.77,678.65,39,57.47,1
vllm,long_output,444,64.10,16.02,672.77,39,57.97,1
vllm,long_output,445,72.90,15.48,676.46,40,59.13,1
vllm,long_output,446,79.73,15.60,687.98,40,58.14,1
vllm,long_output,447,81.38,15.70,693.52,40,57.68,1
vllm,long_output,448,69.16,15.45,687.34,41,59.65,1
vllm,long_output,449,69.43,15.66,695.80,41,58.92,1
vllm,long_output,450,61.23,15.76,691.68,41,59.28,1
vllm,long_output,451,57.15,15.68,700.17,42,59.99,1
vllm,long_output,452,72.83,15.29,699.75,42,60.02,1
vllm,long_output,453,65.28,15.44,698.20,42,60.16,1
vllm,long_output,454,61.42,16.23,743.07,43,57.87,1
vllm,long_output,455,55.87,16.21,736.48,43,58.39,1
vllm,long_output,456,48.63,16.28,732.21,43,58.73,1
vllm,long_output,457,60.90,16.10,753.40,44,58.40,1
vllm,long_output,458,52.73,16.19,748.88,44,58.75,1
vllm,long_output,459,60.05,16.17,755.26,44,58.26,1
vllm,long_output,460,61.13,16.05,767.41,45,58.64,1
vllm,long_output,461,57.86,16.01,762.15,45,59.04,1
vllm,long_output,462,50.58,16.10,759.16,45,59.28,1
vllm,long_output,463,114.39,15.21,799.02,46,57.57,1
vllm,long_output,464,102.89,15.61,805.26,46,57.12,1
vllm,long_output,465,108.84,15.48,805.49,46,57.11,1
vllm,long_output,466,99.69,15.39,807.54,47,58.20,1
vllm,long_output,467,99.53,15.47,811.35,47,57.93,1
vllm,long_output,468,96.19,15.57,812.54,47,57.84,1
vllm,long_output,469,97.86,15.21,812.85,48,59.05,1
vllm,long_output,470,101.41,15.21,816.11,48,58.82,1
vllm,long_output,471,86.82,15.02,792.65,48,60.56,1
vllm,long_output,472,75.39,15.14,802.08,49,61.09,1
vllm,long_output,473,85.53,15.13,811.85,49,60.36,1
vllm,long_output,474,81.16,15.15,808.29,49,60.62,1
vllm,long_output,475,56.25,15.09,795.69,50,62.84,1
vllm,long_output,476,59.66,14.90,789.98,50,63.29,1
vllm,long_output,477,71.47,14.80,796.57,50,62.77,1
vllm,long_output,478,59.10,14.91,804.43,51,63.40,1
vllm,long_output,479,37.53,14.95,784.98,51,64.97,1
vllm,long_output,480,82.36,14.75,200.38,9,44.91,1
vllm,long_output,481,78.39,15.18,199.86,9,45.03,1
vllm,long_output,482,55.05,14.99,819.59,52,63.45,1
vllm,long_output,483,78.18,15.31,200.63,9,44.86,1
vllm,long_output,484,62.84,14.95,825.50,52,62.99,1
vllm,long_output,485,87.93,15.03,839.63,51,60.74,1
vllm,long_output,486,58.51,15.11,828.94,52,62.73,1
vllm,long_output,487,79.63,15.06,215.19,10,46.47,1
vllm,long_output,488,82.29,16.14,227.59,10,43.94,1
vllm,long_output,489,92.21,14.32,221.10,10,45.23,1
vllm,long_output,490,81.14,14.58,839.41,53,63.14,1
vllm,long_output,491,95.07,14.61,854.80,53,62.00,1
vllm,long_output,492,75.34,14.11,216.46,11,50.82,1
vllm,long_output,493,79.29,15.39,233.23,11,47.16,1
vllm,long_output,494,63.76,14.11,204.86,11,53.70,1
vllm,long_output,495,73.91,14.61,848.05,54,63.68,1
vllm,long_output,496,60.62,13.59,210.13,12,57.11,1
vllm,long_output,497,59.83,14.28,216.87,12,55.33,1
vllm,long_output,498,79.30,15.23,871.51,53,60.81,1
vllm,long_output,499,78.75,14.31,837.23,54,64.50,1
vllm,long_output,500,87.73,14.37,849.34,54,63.58,1
vllm,long_output,501,76.40,14.31,849.07,55,64.78,1
vllm,long_output,502,72.68,14.26,842.54,55,65.28,1
vllm,long_output,503,46.05,14.52,205.77,12,58.32,1
vllm,long_output,504,66.11,14.36,841.42,55,65.37,1
vllm,long_output,505,49.27,14.12,218.72,13,59.44,1
vllm,long_output,506,51.02,14.42,224.08,13,58.02,1
vllm,long_output,507,49.09,14.35,838.47,56,66.79,1
vllm,long_output,508,59.11,14.41,232.08,13,56.01,1
vllm,long_output,509,46.31,14.86,239.53,14,58.45,1
vllm,long_output,510,87.38,14.49,884.25,56,63.33,1
vllm,long_output,511,73.68,14.66,880.02,56,63.63,1
vllm,long_output,512,67.25,14.54,881.57,57,64.66,1
vllm,long_output,513,74.80,14.45,883.79,57,64.50,1
vllm,long_output,514,48.67,14.44,857.59,57,66.47,1
vllm,long_output,515,45.49,14.28,859.22,58,67.50,1
vllm,long_output,516,46.36,14.32,862.51,58,67.25,1
vllm,long_output,517,71.52,14.96,266.04,14,52.62,1
vllm,long_output,518,63.60,14.47,888.62,58,65.27,1
vllm,long_output,519,57.43,14.33,888.41,59,66.41,1
vllm,long_output,520,70.49,15.06,281.31,15,53.32,1
vllm,long_output,521,92.39,15.37,307.52,15,48.78,1
vllm,long_output,522,116.12,15.24,314.18,14,44.56,1
vllm,long_output,523,103.94,15.42,319.86,15,46.90,1
vllm,long_output,524,66.38,14.29,895.14,59,65.91,1
vllm,long_output,525,69.83,14.26,896.80,59,65.79,1
vllm,long_output,526,64.83,14.12,898.11,60,66.81,1
vllm,long_output,527,103.70,14.84,326.36,16,49.03,1
vllm,long_output,528,101.87,15.37,332.41,16,48.13,1
vllm,long_output,529,95.25,16.75,346.49,16,46.18,1
vllm,long_output,530,99.90,14.40,330.25,17,51.48,1
vllm,long_output,531,89.00,15.03,329.52,17,51.59,1
vllm,long_output,532,73.03,14.13,906.71,60,66.17,1
vllm,long_output,533,73.40,14.18,910.12,60,65.93,1
vllm,long_output,534,78.03,14.82,330.03,18,54.54,1
vllm,long_output,535,58.44,14.21,911.09,61,66.95,1
vllm,long_output,536,95.47,14.63,344.12,18,52.31,1
vllm,long_output,537,124.83,14.27,353.23,17,48.13,1
vllm,long_output,538,81.11,15.91,351.65,18,51.19,1
vllm,long_output,539,84.48,14.65,348.12,19,54.58,1
vllm,long_output,540,60.87,14.83,342.66,20,58.37,1
vllm,long_output,541,117.57,13.65,363.31,19,52.30,1
vllm,long_output,542,100.97,13.67,921.30,61,66.21,1
vllm,long_output,543,97.73,13.62,914.83,61,66.68,1
vllm,long_output,544,68.02,14.81,349.32,20,57.25,1
vllm,long_output,545,75.87,13.63,907.32,62,68.33,1
vllm,long_output,546,86.65,13.59,915.89,62,67.69,1
vllm,long_output,547,95.19,13.59,924.21,62,67.08,1
vllm,long_output,548,103.24,14.17,372.39,20,53.71,1
vllm,long_output,549,94.41,16.27,387.23,19,49.07,1
vllm,long_output,550,87.91,13.51,925.31,63,68.09,1
vllm,long_output,551,72.85,14.42,361.24,21,58.13,1
vllm,long_output,552,89.76,14.26,374.97,21,56.00,1
vllm,long_output,553,74.76,14.76,370.04,21,56.75,1
vllm,long_output,554,68.67,14.61,375.39,22,58.61,1
vllm,long_output,555,74.10,14.45,377.48,22,58.28,1
vllm,long_output,556,84.86,13.61,928.54,63,67.85,1
vllm,long_output,557,84.12,13.91,946.71,63,66.55,1
vllm,long_output,558,74.75,13.74,940.13,64,68.08,1
vllm,long_output,559,68.68,14.67,376.75,22,58.39,1
vllm,long_output,560,69.42,14.49,388.31,23,59.23,1
vllm,long_output,561,47.53,14.60,368.72,23,62.38,1
vllm,long_output,562,60.49,14.82,386.42,23,59.52,1
vllm,long_output,563,52.81,13.87,926.76,64,69.06,1
vllm,long_output,564,51.96,13.90,927.56,64,69.00,1
vllm,long_output,565,50.48,15.67,410.89,24,58.41,1
vllm,long_output,566,63.49,14.34,980.95,65,66.26,1
vllm,long_output,567,73.85,14.04,972.56,65,66.83,1
vllm,long_output,568,63.20,16.14,434.33,24,55.26,1
vllm,long_output,569,91.64,15.23,441.83,24,54.32,1
vllm,long_output,570,77.31,14.20,986.03,65,65.92,1
vllm,long_output,571,70.48,14.10,986.71,66,66.89,1
vllm,long_output,572,70.57,15.54,443.55,25,56.36,1
vllm,long_output,573,71.01,15.83,450.96,25,55.44,1
vllm,long_output,574,77.84,15.68,454.18,25,55.04,1
vllm,long_output,575,61.88,14.19,984.12,66,67.07,1
vllm,long_output,576,62.49,14.16,982.87,66,67.15,1
vllm,long_output,577,51.82,14.08,981.34,67,68.27,1
vllm,long_output,578,90.00,15.12,467.93,26,55.56,1
vllm,long_output,579,66.22,15.56,455.14,26,57.13,1
vllm,long_output,580,77.97,15.86,474.59,26,54.78,1
vllm,long_output,581,62.21,14.87,448.84,27,60.15,1
vllm,long_output,582,63.97,15.53,467.81,27,57.72,1
vllm,long_output,583,59.91,15.72,468.70,27,57.61,1
vllm,long_output,584,62.18,15.28,474.71,28,58.98,1
vllm,long_output,585,63.68,15.40,479.46,28,58.40,1
vllm,long_output,586,49.88,15.41,465.83,28,60.11,1
vllm,long_output,587,79.53,14.64,1045.92,67,64.06,1
vllm,long_output,588,68.36,16.61,533.53,29,54.35,1
vllm,long_output,589,95.35,16.45,555.93,29,52.17,1
vllm,long_output,590,101.84,15.95,564.36,30,53.16,1
vllm,long_output,591,149.26,15.20,574.82,29,50.45,1
vllm,long_output,592,79.52,16.56,559.71,30,53.60,1
vllm,long_output,593,76.11,16.11,559.34,31,55.42,1
vllm,long_output,594,91.00,15.86,566.74,31,54.70,1
vllm,long_output,595,92.00,16.12,575.58,31,53.86,1
vllm,long_output,596,73.18,16.26,577.34,32,55.43,1
vllm,long_output,597,128.48,16.16,596.98,30,50.25,1
vllm,long_output,598,92.95,15.91,586.12,32,54.60,1
vllm,long_output,599,89.64,16.12,589.21,32,54.31,1
vllm,long_output,600,110.00,15.92,619.45,33,53.27,1
vllm,long_output,601,134.09,15.33,624.57,33,52.84,1
vllm,long_output,602,107.25,15.94,617.47,33,53.44,1
vllm,long_output,603,96.93,15.80,618.29,34,54.99,1
vllm,long_output,604,99.98,16.10,631.42,34,53.85,1
vllm,long_output,605,108.70,16.09,639.59,34,53.16,1
vllm,long_output,606,92.78,15.83,630.97,35,55.47,1
vllm,long_output,607,110.81,15.56,640.01,35,54.69,1
vllm,long_output,608,80.88,15.70,630.37,36,57.11,1
vllm,long_output,609,98.27,15.57,643.09,36,55.98,1
vllm,long_output,610,96.44,15.60,642.30,36,56.05,1
vllm,long_output,611,115.45,16.12,663.60,35,52.74,1
vllm,long_output,612,89.30,15.56,649.50,37,56.97,1
vllm,long_output,613,95.36,15.77,663.09,37,55.80,1
vllm,long_output,614,97.05,15.59,673.84,38,56.39,1
vllm,long_output,615,122.92,15.50,680.97,37,54.33,1
vllm,long_output,616,106.00,15.50,679.49,38,55.92,1
vllm,long_output,617,87.67,16.18,686.29,38,55.37,1
vllm,long_output,618,89.29,15.58,681.41,39,57.23,1
vllm,long_output,619,101.27,15.59,693.51,39,56.24,1
vllm,long_output,620,86.31,15.13,676.25,40,59.15,1
vllm,long_output,621,102.83,15.84,704.79,39,55.34,1
vllm,long_output,622,78.17,15.40,678.91,40,58.92,1
vllm,long_output,623,74.34,15.69,686.07,40,58.30,1
vllm,long_output,624,89.96,15.15,696.07,41,58.90,1
vllm,long_output,625,88.40,15.70,716.54,41,57.22,1
vllm,long_output,626,64.52,15.44,697.54,42,60.21,1
vllm,long_output,627,82.63,15.84,716.19,41,57.25,1
vllm,long_output,628,69.66,15.52,705.87,42,59.50,1
vllm,long_output,629,40.44,16.14,702.37,42,59.80,1
vllm,long_output,630,59.16,16.56,754.48,43,56.99,1
vllm,long_output,631,74.69,16.20,755.24,43,56.94,1
vllm,long_output,632,82.30,16.22,763.58,43,56.31,1
vllm,long_output,633,74.93,16.23,772.73,44,56.94,1
vllm,long_output,634,103.23,15.96,789.69,44,55.72,1
vllm,long_output,635,96.84,16.03,785.97,44,55.98,1
vllm,long_output,636,80.53,15.68,770.64,45,58.39,1
vllm,long_output,637,93.29,15.84,790.27,45,56.94,1
vllm,long_output,638,111.64,15.91,811.82,45,55.43,1
vllm,long_output,639,103.44,15.80,814.25,46,56.49,1
vllm,long_output,640,124.52,15.34,814.70,46,56.46,1
vllm,long_output,641,127.08,15.33,816.90,46,56.31,1
vllm,long_output,642,99.28,15.32,803.99,47,58.46,1
vllm,long_output,643,113.23,15.26,815.10,47,57.66,1
vllm,long_output,644,110.10,15.41,819.11,47,57.38,1
vllm,long_output,645,104.27,15.17,817.36,48,58.73,1
vllm,long_output,646,95.89,15.37,818.05,48,58.68,1
vllm,long_output,647,78.19,15.39,801.47,48,59.89,1
vllm,long_output,648,81.00,15.08,805.05,49,60.87,1
vllm,long_output,649,75.46,15.14,802.08,49,61.09,1
vllm,long_output,650,74.78,15.29,808.76,49,60.59,1
vllm,long_output,651,57.62,15.36,810.49,50,61.69,1
vllm,long_output,652,49.06,15.29,798.39,50,62.63,1
vllm,long_output,653,51.40,14.72,169.13,9,53.21,1
vllm,long_output,654,60.96,15.30,810.42,50,61.70,1
vllm,long_output,655,57.49,15.02,808.37,51,63.09,1
vllm,long_output,656,72.73,13.60,195.18,10,51.24,1
vllm,long_output,657,75.19,14.93,821.50,51,62.08,1
vllm,long_output,658,89.83,15.12,210.77,9,42.70,1
vllm,long_output,659,60.51,14.69,809.59,52,64.23,1
vllm,long_output,660,69.99,16.40,217.62,10,45.95,1
vllm,long_output,661,80.66,14.74,832.28,52,62.48,1
vllm,long_output,662,75.19,15.49,849.89,51,60.01,1
vllm,long_output,663,74.34,14.78,827.99,52,62.80,1
vllm,long_output,664,129.28,14.74,247.22,9,36.40,1
vllm,long_output,665,65.08,17.72,224.52,10,44.54,1
vllm,long_output,666,106.81,14.15,248.33,11,44.30,1
vllm,long_output,667,67.91,14.91,843.11,53,62.86,1
vllm,long_output,668,78.81,14.95,856.46,53,61.88,1
vllm,long_output,669,79.69,14.92,855.59,53,61.95,1
vllm,long_output,670,105.90,14.66,252.54,11,43.56,1
vllm,long_output,671,63.24,14.61,837.36,54,64.49,1
vllm,long_output,672,119.82,12.79,247.70,11,44.41,1
vllm,long_output,673,100.13,13.37,247.16,12,48.55,1
vllm,long_output,674,56.71,14.76,839.19,54,64.35,1
vllm,long_output,675,63.79,14.91,854.18,54,63.22,1
vllm,long_output,676,59.56,14.55,845.40,55,65.06,1
vllm,long_output,677,161.07,11.14,283.60,12,42.31,1
vllm,long_output,678,71.04,14.43,850.25,55,64.69,1
vllm,long_output,679,90.92,14.74,253.03,12,47.42,1
vllm,long_output,680,90.56,14.26,860.50,55,63.92,1
vllm,long_output,681,69.68,14.12,846.50,56,66.15,1
vllm,long_output,682,75.85,14.37,866.39,56,64.64,1
vllm,long_output,683,75.05,14.56,875.90,56,63.93,1
vllm,long_output,684,58.17,14.41,865.14,57,65.88,1
vllm,long_output,685,112.95,13.30,272.55,13,47.70,1
vllm,long_output,686,90.06,14.29,890.36,57,64.02,1
vllm,long_output,687,68.13,14.22,878.43,58,66.03,1
vllm,long_output,688,93.41,15.13,275.00,13,47.27,1
vllm,long_output,689,112.42,15.30,295.98,13,43.92,1
vllm,long_output,690,72.59,14.14,878.68,58,66.01,1
vllm,long_output,691,86.86,14.71,910.52,57,62.60,1
vllm,long_output,692,63.46,14.74,903.69,58,64.18,1
vllm,long_output,693,103.87,14.88,297.33,14,47.09,1
vllm,long_output,694,93.60,15.13,290.30,14,48.23,1
vllm,long_output,695,82.02,14.04,896.12,59,65.84,1
vllm,long_output,696,83.40,14.07,899.53,59,65.59,1
vllm,long_output,697,114.54,14.75,306.34,14,45.70,1
vllm,long_output,698,61.62,14.35,894.02,59,65.99,1
vllm,long_output,699,85.11,15.35,300.08,15,49.99,1
vllm,long_output,700,84.59,15.06,295.45,15,50.77,1
vllm,long_output,701,62.24,14.38,910.59,60,65.89,1
vllm,long_output,702,66.91,14.67,301.67,17,56.35,1
vllm,long_output,703,105.24,15.21,318.12,15,47.15,1
vllm,long_output,704,108.47,13.59,910.36,60,65.91,1
vllm,long_output,705,102.94,14.88,326.18,16,49.05,1
vllm,long_output,706,112.43,13.62,916.25,60,65.48,1
vllm,long_output,707,99.58,13.55,912.85,61,66.82,1
vllm,long_output,708,77.63,15.35,323.15,17,52.61,1
vllm,long_output,709,94.06,13.67,914.08,61,66.73,1
vllm,long_output,710,115.67,14.78,337.35,16,47.43,1
vllm,long_output,711,97.33,13.79,924.75,61,65.96,1
vllm,long_output,712,88.93,13.67,923.00,62,67.17,1
vllm,long_output,713,77.60,14.90,316.07,17,53.79,1
vllm,long_output,714,91.82,13.21,897.85,62,69.05,1
vllm,long_output,715,138.65,15.47,370.73,16,43.16,1
vllm,long_output,716,92.90,13.62,923.59,62,67.13,1
vllm,long_output,717,96.74,14.45,342.40,18,52.57,1
vllm,long_output,718,75.12,13.48,911.07,63,69.15,1
vllm,long_output,719,68.17,13.60,911.29,63,69.13,1
vllm,long_output,720,86.78,15.12,343.89,18,52.34,1
vllm,long_output,721,76.56,13.60,919.76,63,68.50,1
vllm,long_output,722,80.59,15.37,357.18,19,53.19,1
vllm,long_output,723,68.53,15.29,343.69,19,55.28,1
vllm,long_output,724,126.31,14.92,379.94,18,47.38,1
vllm,long_output,725,101.46,15.36,377.98,19,50.27,1
vllm,long_output,726,76.53,15.00,361.52,20,55.32,1
vllm,long_output,727,63.00,13.49,912.75,64,70.12,1
vllm,long_output,728,52.11,15.49,362.00,21,58.01,1
vllm,long_output,729,101.98,14.58,379.08,20,52.76,1
vllm,long_output,730,74.65,16.08,380.19,20,52.61,1
vllm,long_output,731,76.38,14.69,370.10,21,56.74,1
vllm,long_output,732,93.65,15.14,396.44,21,52.97,1
vllm,long_output,733,63.70,15.02,379.10,22,58.03,1
vllm,long_output,734,54.30,15.05,370.38,22,59.40,1
vllm,long_output,735,74.95,14.91,387.99,22,56.70,1
vllm,long_output,736,65.20,15.22,399.98,23,57.50,1
vllm,long_output,737,63.64,15.05,394.68,23,58.28,1
vllm,long_output,738,70.55,15.28,406.70,23,56.55,1
vllm,long_output,739,57.28,15.05,403.45,24,59.49,1
vllm,long_output,740,73.11,14.12,962.59,64,66.49,1
vllm,long_output,741,118.28,13.97,998.48,64,64.10,1
vllm,long_output,742,64.47,15.28,415.89,24,57.71,1
vllm,long_output,743,104.72,13.77,986.12,65,65.91,1
vllm,long_output,744,88.64,15.10,436.03,24,55.04,1
vllm,long_output,745,67.81,14.99,427.58,25,58.47,1
vllm,long_output,746,76.58,15.24,442.43,25,56.51,1
vllm,long_output,747,100.81,14.02,998.08,65,65.12,1
vllm,long_output,748,57.29,14.07,971.90,66,67.91,1
vllm,long_output,749,93.48,13.88,981.72,65,66.21,1
vllm,long_output,750,58.96,15.22,439.44,26,59.17,1
vllm,long_output,751,83.95,13.87,985.49,66,66.97,1
vllm,long_output,752,91.55,15.29,458.52,25,54.52,1
vllm,long_output,753,65.72,14.81,436.03,26,59.63,1
vllm,long_output,754,97.82,13.82,996.25,66,66.25,1
vllm,long_output,755,53.18,13.90,970.78,67,69.02,1
vllm,long_output,756,65.44,14.25,1006.22,67,66.59,1
vllm,long_output,757,112.82,14.67,479.58,26,54.21,1
vllm,long_output,758,79.83,15.00,469.71,27,57.48,1
vllm,long_output,759,88.79,14.74,471.92,27,57.21,1
vllm,long_output,760,73.19,15.16,482.50,28,58.03,1
vllm,long_output,761,96.28,15.15,490.23,27,55.08,1
vllm,long_output,762,68.33,15.23,479.55,28,58.39,1
vllm,long_output,763,67.91,15.30,480.99,28,58.21,1
vllm,long_output,764,85.24,14.85,501.04,29,57.88,1
vllm,long_output,765,77.90,15.24,504.59,29,57.47,1
vllm,long_output,766,91.81,15.30,520.19,29,55.75,1
vllm,long_output,767,76.47,15.20,517.41,30,57.98,1
vllm,long_output,768,92.03,14.81,521.59,30,57.52,1
vllm,long_output,769,111.98,14.37,528.60,30,56.75,1
vllm,long_output,770,79.17,14.90,526.17,31,58.92,1
vllm,long_output,771,88.29,14.90,535.42,31,57.90,1
vllm,long_output,772,86.15,14.84,531.40,31,58.34,1
vllm,long_output,773,93.48,14.24,535.02,32,59.81,1
vllm,long_output,774,74.61,15.00,539.76,32,59.29,1
vllm,long_output,775,88.58,14.53,538.98,32,59.37,1
vllm,long_output,776,92.62,14.96,571.40,33,57.75,1
vllm,long_output,777,101.92,14.78,574.98,33,57.39,1
vllm,long_output,778,64.53,15.03,560.55,34,60.65,1
vllm,long_output,779,78.17,15.24,565.72,33,58.33,1
vllm,long_output,780,77.55,14.89,568.99,34,59.75,1
vllm,long_output,781,80.95,14.97,574.86,34,59.15,1
vllm,long_output,782,80.93,14.53,574.81,35,60.89,1
vllm,long_output,783,75.10,14.85,579.89,35,60.36,1
vllm,long_output,784,61.57,14.70,576.14,36,62.49,1
vllm,long_output,785,74.24,15.00,584.20,35,59.91,1
vllm,long_output,786,84.47,14.77,601.43,36,59.86,1
vllm,long_output,787,81.38,15.08,609.20,36,59.09,1
vllm,long_output,788,72.86,15.02,613.52,37,60.31,1
vllm,long_output,789,71.93,15.30,622.67,37,59.42,1
vllm,long_output,790,68.50,15.11,612.43,37,60.41,1
vllm,long_output,791,62.82,15.24,626.68,38,60.64,1
vllm,long_output,792,56.77,15.11,615.98,38,61.69,1
vllm,long_output,793,72.50,14.94,625.17,38,60.78,1
vllm,long_output,794,55.26,15.18,631.95,39,61.71,1
vllm,long_output,795,54.88,15.05,626.73,39,62.23,1
vllm,long_output,796,55.75,14.90,622.05,39,62.70,1
vllm,long_output,797,67.03,14.92,648.88,40,61.65,1
vllm,long_output,798,67.23,15.10,656.09,40,60.97,1
vllm,long_output,799,59.62,14.91,640.98,40,62.40,1
vllm,long_output,800,50.61,15.07,653.26,41,62.76,1
vllm,long_output,801,63.03,15.07,665.93,41,61.57,1
vllm,long_output,802,51.95,15.18,659.05,41,62.21,1
vllm,long_output,803,61.77,14.98,676.04,42,62.13,1
vllm,long_output,804,59.41,14.81,666.45,42,63.02,1
vllm,long_output,805,95.32,14.54,691.41,42,60.75,1
vllm,long_output,806,46.85,14.84,670.12,43,64.17,1
vllm,long_output,807,62.81,14.79,684.16,43,62.85,1
vllm,long_output,808,76.82,14.65,692.15,43,62.13,1
vllm,long_output,809,78.99,14.90,719.63,44,61.14,1
vllm,long_output,810,78.21,14.89,718.31,44,61.26,1
vllm,long_output,811,83.26,14.85,721.89,44,60.95,1
vllm,long_output,812,79.11,14.95,736.82,45,61.07,1
vllm,long_output,813,86.78,14.67,732.43,45,61.44,1
vllm,long_output,814,66.84,14.85,734.94,46,62.59,1
vllm,long_output,815,96.90,14.57,737.88,45,60.99,1
vllm,long_output,816,73.18,14.85,741.28,46,62.05,1
vllm,long_output,817,75.02,14.94,747.43,46,61.54,1
vllm,long_output,818,70.52,14.93,757.47,47,62.05,1
vllm,long_output,819,81.77,14.50,748.83,47,62.76,1
vllm,long_output,820,71.64,14.64,745.23,47,63.07,1
vllm,long_output,821,63.33,14.95,766.09,48,62.66,1
vllm,long_output,822,64.93,14.77,758.96,48,63.24,1
vllm,long_output,823,53.94,15.26,771.23,48,62.24,1
vllm,long_output,824,76.44,14.68,781.14,49,62.73,1
vllm,long_output,825,63.81,14.50,774.09,50,64.59,1
vllm,long_output,826,79.00,15.04,800.76,49,61.19,1
vllm,long_output,827,72.73,15.27,805.60,49,60.82,1
vllm,long_output,828,69.57,14.94,801.84,50,62.36,1
vllm,long_output,829,58.77,15.15,179.99,9,50.00,1
vllm,long_output,830,51.01,14.78,790.08,51,64.55,1
vllm,long_output,831,63.87,14.98,798.05,50,62.65,1
vllm,long_output,832,67.56,14.08,180.22,9,49.94,1
vllm,long_output,833,58.96,14.75,796.71,51,64.01,1
vllm,long_output,834,88.69,14.01,789.05,51,64.63,1
vllm,long_output,835,53.30,14.26,780.45,52,66.63,1
vllm,long_output,836,66.90,14.63,198.55,10,50.37,1
vllm,long_output,837,59.30,14.18,796.66,53,66.53,1
vllm,long_output,838,71.95,14.28,200.48,10,49.88,1
vllm,long_output,839,49.62,21.13,218.67,9,41.16,1
vllm,long_output,840,56.74,14.85,813.94,52,63.89,1
vllm,long_output,841,66.03,14.94,827.99,52,62.80,1
vllm,long_output,842,74.82,14.11,808.47,53,65.56,1
vllm,long_output,843,74.90,14.29,818.04,53,64.79,1
vllm,long_output,844,69.40,14.40,832.69,54,64.85,1
vllm,long_output,845,73.77,13.80,804.98,54,67.08,1
vllm,long_output,846,58.45,14.10,805.96,54,67.00,1
vllm,long_output,847,53.26,14.03,810.85,55,67.83,1
vllm,long_output,848,58.08,14.07,818.11,55,67.23,1
vllm,long_output,849,178.27,10.96,276.88,10,36.12,1
vllm,long_output,850,68.21,14.03,825.89,55,66.59,1
vllm,long_output,851,90.68,14.59,236.59,11,46.49,1
vllm,long_output,852,143.50,14.83,291.76,11,37.70,1
vllm,long_output,853,69.94,13.81,829.46,56,67.51,1
vllm,long_output,854,73.14,14.01,843.92,56,66.36,1
vllm,long_output,855,158.97,13.98,298.81,11,36.81,1
vllm,long_output,856,68.78,14.11,844.85,56,66.28,1
vllm,long_output,857,66.98,13.90,845.45,57,67.42,1
vllm,long_output,858,66.49,13.96,848.31,57,67.19,1
vllm,long_output,859,127.05,14.84,290.23,12,41.35,1
vllm,long_output,860,45.36,14.02,830.73,57,68.61,1
vllm,long_output,861,130.85,15.45,300.76,12,39.90,1
vllm,long_output,862,43.35,13.93,837.23,58,69.28,1
vllm,long_output,863,138.80,13.58,301.76,13,43.08,1
vllm,long_output,864,102.01,15.06,282.75,13,45.98,1
vllm,long_output,865,66.39,13.78,851.57,58,68.11,1
vllm,long_output,866,58.58,13.82,846.17,58,68.54,1
vllm,long_output,867,60.08,13.70,854.47,59,69.05,1
vllm,long_output,868,104.00,15.26,302.36,14,46.30,1
vllm,long_output,869,194.24,15.43,363.93,12,32.97,1
vllm,long_output,870,121.34,15.37,321.12,14,43.60,1
vllm,long_output,871,61.51,13.91,868.11,59,67.96,1
vllm,long_output,872,109.48,14.80,316.73,15,47.36,1
vllm,long_output,873,131.71,15.11,328.08,14,42.67,1
vllm,long_output,874,50.96,13.91,857.80,59,68.78,1
vllm,long_output,875,152.21,16.57,351.06,13,37.03,1
vllm,long_output,876,49.72,13.90,869.61,60,69.00,1
vllm,long_output,877,86.10,15.17,313.66,16,51.01,1
vllm,long_output,878,58.81,13.67,865.58,60,69.32,1
vllm,long_output,879,64.11,13.83,879.85,60,68.19,1
vllm,long_output,880,128.41,15.16,340.69,15,44.03,1
vllm,long_output,881,84.96,14.65,319.32,17,53.24,1
vllm,long_output,882,147.91,15.19,360.53,15,41.61,1
vllm,long_output,883,56.67,13.78,883.18,61,69.07,1
vllm,long_output,884,120.31,15.54,353.45,16,45.27,1
vllm,long_output,885,125.83,14.99,350.68,16,45.63,1
vllm,long_output,886,112.45,15.14,354.76,17,47.92,1
vllm,long_output,887,117.49,15.12,359.40,17,47.30,1
vllm,long_output,888,95.38,14.47,341.31,18,52.74,1
vllm,long_output,889,51.70,13.79,879.35,61,69.37,1
vllm,long_output,890,79.05,14.33,322.74,18,55.77,1
vllm,long_output,891,51.92,13.87,884.03,61,69.00,1
vllm,long_output,892,92.20,14.86,344.79,18,52.21,1
vllm,long_output,893,53.06,15.25,327.55,19,58.01,1
vllm,long_output,894,85.77,14.28,342.87,19,55.41,1
vllm,long_output,895,70.58,13.72,907.69,62,68.31,1
vllm,long_output,896,78.88,14.69,343.25,19,55.35,1
vllm,long_output,897,54.09,14.24,324.71,20,61.59,1
vllm,long_output,898,67.58,14.50,342.99,20,58.31,1
vllm,long_output,899,62.30,14.26,333.29,20,60.01,1
vllm,long_output,900,60.68,13.92,909.62,62,68.16,1
vllm,long_output,901,79.18,13.86,924.60,62,67.06,1
vllm,long_output,902,75.00,13.95,939.61,63,67.05,1
vllm,long_output,903,77.58,15.17,381.05,21,55.11,1
vllm,long_output,904,79.11,15.81,395.23,21,53.13,1
vllm,long_output,905,81.21,14.86,378.37,21,55.50,1
vllm,long_output,906,64.93,15.26,385.38,22,57.09,1
vllm,long_output,907,84.72,13.82,941.79,63,66.89,1
vllm,long_output,908,66.69,14.03,936.29,63,67.29,1
vllm,long_output,909,91.82,14.82,403.02,22,54.59,1
vllm,long_output,910,71.24,13.82,941.75,64,67.96,1
vllm,long_output,911,76.17,14.80,401.75,23,57.25,1
vllm,long_output,912,100.73,14.81,411.73,22,53.43,1
vllm,long_output,913,73.88,14.76,398.56,23,57.71,1
vllm,long_output,914,71.32,14.86,398.25,23,57.75,1
vllm,long_output,915,79.43,13.85,951.94,64,67.23,1
vllm,long_output,916,71.49,13.92,948.47,64,67.48,1
vllm,long_output,917,67.74,13.74,946.97,65,68.64,1
vllm,long_output,918,69.19,14.59,404.78,24,59.29,1
vllm,long_output,919,74.45,14.63,410.84,24,58.42,1
vllm,long_output,920,72.80,14.87,414.70,24,57.87,1
vllm,long_output,921,75.14,14.79,429.99,25,58.14,1
vllm,long_output,922,65.76,14.81,421.23,25,59.35,1
vllm,long_output,923,64.00,13.86,950.94,65,68.35,1
vllm,long_output,924,64.94,15.10,427.33,25,58.50,1
vllm,long_output,925,53.28,14.03,950.94,65,68.35,1
vllm,long_output,926,63.54,14.76,432.60,26,60.10,1
vllm,long_output,927,53.00,14.04,965.91,66,68.33,1
vllm,long_output,928,58.74,15.19,438.37,26,59.31,1
vllm,long_output,929,52.37,15.77,446.67,26,58.21,1
vllm,long_output,930,87.00,13.94,992.95,66,66.47,1
vllm,long_output,931,83.33,14.01,993.75,66,66.42,1
vllm,long_output,932,73.97,13.91,992.31,67,67.52,1
vllm,long_output,933,75.55,14.76,459.42,27,58.77,1
vllm,long_output,934,79.08,14.68,460.68,27,58.61,1
vllm,long_output,935,99.60,13.65,1000.35,67,66.98,1
vllm,long_output,936,47.83,14.91,450.47,28,62.16,1
vllm,long_output,937,57.64,14.86,458.77,28,61.03,1
vllm,long_output,938,79.29,14.84,465.25,27,58.03,1
vllm,long_output,939,56.94,14.99,461.63,28,60.65,1
vllm,long_output,940,63.03,15.24,489.74,29,59.22,1
vllm,long_output,941,65.76,15.30,494.20,29,58.68,1
vllm,long_output,942,60.35,14.70,486.61,30,61.65,1
vllm,long_output,943,68.65,15.22,494.68,29,58.62,1
vllm,long_output,944,55.83,14.87,486.96,30,61.61,1
vllm,long_output,945,67.71,14.86,498.70,30,60.16,1
vllm,long_output,946,59.46,14.80,503.34,31,61.59,1
vllm,long_output,947,75.25,14.89,522.06,31,59.38,1
vllm,long_output,948,103.02,14.43,535.99,31,57.84,1
vllm,long_output,949,77.70,14.60,530.25,32,60.35,1
vllm,long_output,950,80.61,14.54,531.25,32,60.24,1
vllm,long_output,951,70.07,14.45,532.35,33,61.99,1
vllm,long_output,952,86.88,14.23,542.29,33,60.85,1
vllm,long_output,953,109.36,14.59,561.70,32,56.97,1
vllm,long_output,954,69.81,14.10,535.26,34,63.52,1
vllm,long_output,955,98.04,14.08,548.60,33,60.15,1
vllm,long_output,956,79.13,14.29,550.74,34,61.73,1
vllm,long_output,957,70.58,14.13,537.01,34,63.31,1
vllm,long_output,958,67.33,13.77,535.64,35,65.34,1
vllm,long_output,959,74.89,13.90,547.53,35,63.92,1
vllm,long_output,960,75.92,13.73,542.70,35,64.49,1
vllm,long_output,961,58.59,13.68,537.41,36,66.99,1
vllm,long_output,962,69.71,13.62,546.52,36,65.87,1
vllm,long_output,963,61.86,13.66,539.79,36,66.69,1
vllm,long_output,964,74.95,13.17,548.95,37,67.40,1
vllm,long_output,965,54.30,13.59,543.40,37,68.09,1
vllm,long_output,966,84.18,13.42,567.25,37,65.23,1
vllm,long_output,967,69.60,13.27,560.45,38,67.80,1
vllm,long_output,968,71.31,13.30,563.33,38,67.46,1
vllm,long_output,969,93.03,13.03,575.24,38,66.06,1
vllm,long_output,970,69.63,13.29,574.47,39,67.89,1
vllm,long_output,971,91.15,13.17,591.70,39,65.91,1
vllm,long_output,972,103.34,12.82,590.55,39,66.04,1
vllm,long_output,973,77.54,12.91,580.90,40,68.86,1
vllm,long_output,974,86.98,12.94,591.75,40,67.60,1
vllm,long_output,975,87.52,12.86,589.17,40,67.89,1
vllm,long_output,976,79.29,12.81,591.61,41,69.30,1
vllm,long_output,977,67.51,12.74,577.29,41,71.02,1
vllm,long_output,978,57.71,12.92,574.43,41,71.37,1
vllm,long_output,979,77.61,12.52,591.07,42,71.06,1
vllm,long_output,980,88.68,12.20,589.05,42,71.30,1
vllm,long_output,981,72.93,12.68,592.86,42,70.84,1
vllm,long_output,982,70.63,12.49,595.02,43,72.27,1
vllm,long_output,983,79.56,12.31,596.49,43,72.09,1
vllm,long_output,984,64.06,12.65,595.42,43,72.22,1
vllm,long_output,985,51.09,12.53,589.85,44,74.60,1
vllm,long_output,986,59.12,12.38,591.42,44,74.40,1
vllm,long_output,987,55.38,12.40,588.67,44,74.74,1
vllm,long_output,988,55.99,12.29,596.62,45,75.43,1
vllm,long_output,989,59.81,12.24,598.28,45,75.22,1
vllm,long_output,990,67.92,12.12,601.26,45,74.84,1
vllm,long_output,991,68.40,12.04,610.33,46,75.37,1
vllm,long_output,992,67.52,11.94,604.93,46,76.04,1
vllm,long_output,993,57.43,11.92,594.04,46,77.44,1
vllm,long_output,994,63.47,11.63,598.48,47,78.53,1
vllm,long_output,995,63.97,11.81,607.08,47,77.42,1
vllm,long_output,996,69.89,11.73,609.49,47,77.11,1
vllm,long_output,997,56.46,11.71,606.98,48,79.08,1
vllm,long_output,998,52.13,11.70,602.13,48,79.72,1
vllm,long_output,999,68.19,11.58,612.61,48,78.35,1
sglang,few_shot,0,542.04,0.00,866.98,1,1.15,1
sglang,few_shot,1,528.44,0.00,858.66,1,1.16,1
sglang,few_shot,2,528.41,0.00,851.55,1,1.17,1
sglang,few_shot,3,556.36,0.00,875.49,1,1.14,1
sglang,few_shot,4,534.66,0.00,873.39,1,1.14,1
sglang,few_shot,5,555.20,0.00,886.20,1,1.13,1
sglang,few_shot,6,493.29,0.00,818.70,1,1.22,1
sglang,few_shot,7,513.67,0.00,850.26,1,1.18,1
sglang,few_shot,8,532.82,0.00,849.95,1,1.18,1
sglang,few_shot,9,530.97,0.00,873.99,1,1.14,1
sglang,few_shot,10,499.05,0.00,837.78,1,1.19,1
sglang,few_shot,11,523.74,343.60,867.34,2,2.31,1
sglang,few_shot,12,537.35,0.00,881.29,1,1.13,1
sglang,few_shot,13,494.38,0.00,833.84,1,1.20,1
sglang,few_shot,14,510.48,0.00,835.68,1,1.20,1
sglang,few_shot,15,515.98,317.51,833.49,2,2.40,1
sglang,few_shot,16,490.69,0.00,832.21,1,1.20,1
sglang,few_shot,17,495.08,0.00,834.14,1,1.20,1
sglang,few_shot,18,542.25,355.36,897.61,2,2.23,1
sglang,few_shot,19,513.97,336.17,850.14,2,2.35,1
sglang,few_shot,20,551.50,332.06,883.56,2,2.26,1
sglang,few_shot,21,508.25,339.60,847.85,2,2.36,1
sglang,few_shot,22,519.77,0.00,848.18,1,1.18,1
sglang,few_shot,23,509.79,0.00,865.81,1,1.15,1
sglang,few_shot,24,523.33,0.00,872.56,1,1.15,1
sglang,few_shot,25,501.67,0.00,856.21,1,1.17,1
sglang,few_shot,26,488.90,353.16,842.05,2,2.38,1
sglang,few_shot,27,525.05,339.25,864.30,2,2.31,1
sglang,few_shot,28,489.87,0.00,828.24,1,1.21,1
sglang,few_shot,29,301.66,616.52,918.17,2,2.18,1
sglang,few_shot,30,525.69,367.94,893.62,2,2.24,1
sglang,few_shot,31,531.23,352.20,883.43,2,2.26,1
sglang,few_shot,32,520.00,362.87,882.87,2,2.27,1
sglang,few_shot,33,540.81,0.00,909.31,1,1.10,1
sglang,few_shot,34,531.24,345.29,876.53,2,2.28,1
sglang,few_shot,35,521.44,367.45,888.89,2,2.25,1
sglang,few_shot,36,507.98,351.55,859.53,2,2.33,1
sglang,few_shot,37,496.49,0.00,842.76,1,1.19,1
sglang,few_shot,38,528.14,377.14,905.27,2,2.21,1
sglang,few_shot,39,523.86,372.45,896.31,2,2.23,1
sglang,few_shot,40,511.43,0.00,876.27,1,1.14,1
sglang,few_shot,41,499.56,0.00,849.44,1,1.18,1
sglang,few_shot,42,482.33,0.00,846.82,1,1.18,1
sglang,few_shot,43,554.45,366.50,920.95,2,2.17,1
sglang,few_shot,44,578.46,351.28,929.74,2,2.15,1
sglang,few_shot,45,488.08,364.67,852.75,2,2.35,1
sglang,few_shot,46,475.42,374.30,849.72,2,2.35,1
sglang,few_shot,47,530.15,0.00,888.60,1,1.13,1
sglang,few_shot,48,541.66,366.47,908.13,2,2.20,1
sglang,few_shot,49,769.08,80.91,849.99,2,2.35,1
sglang,few_shot,50,766.19,83.30,849.49,2,2.35,1
sglang,few_shot,51,517.03,0.00,898.40,1,1.11,1
sglang,few_shot,52,514.95,378.55,893.50,2,2.24,1
sglang,few_shot,53,552.68,0.00,927.42,1,1.08,1
sglang,few_shot,54,492.27,380.20,872.47,2,2.29,1
sglang,few_shot,55,498.62,371.98,870.60,2,2.30,1
sglang,few_shot,56,527.02,388.64,915.66,2,2.18,1
sglang,few_shot,57,525.54,0.00,896.60,1,1.12,1
sglang,few_shot,58,510.63,0.00,892.36,1,1.12,1
sglang,few_shot,59,491.95,380.66,872.60,2,2.29,1
sglang,few_shot,60,534.10,376.42,910.52,2,2.20,1
sglang,few_shot,61,497.57,0.00,877.15,1,1.14,1
sglang,few_shot,62,495.77,386.21,881.98,2,2.27,1
sglang,few_shot,63,492.62,376.21,868.83,2,2.30,1
sglang,few_shot,64,125.49,0.00,193.55,1,5.17,1
sglang,few_shot,65,234.62,0.00,249.85,1,4.00,1
sglang,few_shot,66,133.45,0.00,203.35,1,4.92,1
sglang,few_shot,67,138.13,0.00,210.64,1,4.75,1
sglang,few_shot,68,192.57,0.00,228.43,1,4.38,1
sglang,few_shot,69,170.25,0.00,248.95,1,4.02,1
sglang,few_shot,70,146.66,0.00,219.55,1,4.55,1
sglang,few_shot,71,209.47,26.40,235.87,2,8.48,1
sglang,few_shot,72,172.66,0.00,212.49,1,4.71,1
sglang,few_shot,73,127.45,0.00,250.65,1,3.99,1
sglang,few_shot,74,152.23,0.00,238.19,1,4.20,1
sglang,few_shot,75,225.20,0.00,261.02,1,3.83,1
sglang,few_shot,76,198.79,35.86,234.64,2,8.52,1
sglang,few_shot,77,172.53,0.00,215.29,1,4.64,1
sglang,few_shot,78,153.38,33.17,186.55,2,10.72,1
sglang,few_shot,79,181.44,0.00,207.00,1,4.83,1
sglang,few_shot,80,190.52,40.72,231.24,2,8.65,1
sglang,few_shot,81,217.21,0.00,257.44,1,3.88,1
sglang,few_shot,82,166.74,0.00,201.16,1,4.97,1
sglang,few_shot,83,143.54,0.00,238.95,1,4.18,1
sglang,few_shot,84,164.39,0.00,206.67,1,4.84,1
sglang,few_shot,85,164.13,93.61,257.74,2,7.76,1
sglang,few_shot,86,163.38,0.00,260.05,1,3.85,1
sglang,few_shot,87,146.56,0.00,202.73,1,4.93,1
sglang,few_shot,88,163.22,57.17,220.38,2,9.08,1
sglang,few_shot,89,205.05,0.00,242.20,1,4.13,1
sglang,few_shot,90,164.86,0.00,228.20,1,4.38,1
sglang,few_shot,91,209.75,0.00,273.50,1,3.66,1
sglang,few_shot,92,164.50,0.00,219.19,1,4.56,1
sglang,few_shot,93,227.77,0.00,281.62,1,3.55,1
sglang,few_shot,94,147.05,0.00,213.46,1,4.68,1
sglang,few_shot,95,206.94,60.19,267.13,2,7.49,1
sglang,few_shot,96,195.93,0.00,243.18,1,4.11,1
sglang,few_shot,97,109.62,114.03,223.65,2,8.94,1
sglang,few_shot,98,204.84,0.00,259.99,1,3.85,1
sglang,few_shot,99,134.80,110.45,245.26,2,8.15,1
sglang,few_shot,100,227.77,53.32,281.09,2,7.12,1
sglang,few_shot,101,165.53,0.00,234.79,1,4.26,1
sglang,few_shot,102,179.37,52.19,231.56,2,8.64,1
sglang,few_shot,103,168.36,56.87,225.24,2,8.88,1
sglang,few_shot,104,180.55,0.00,253.21,1,3.95,1
sglang,few_shot,105,219.60,0.00,279.60,1,3.58,1
sglang,few_shot,106,142.17,116.34,258.51,2,7.74,1
sglang,few_shot,107,160.60,66.98,227.58,2,8.79,1
sglang,few_shot,108,178.51,0.00,239.51,1,4.18,1
sglang,few_shot,109,171.13,80.98,252.11,2,7.93,1
sglang,few_shot,110,198.02,65.50,263.52,2,7.59,1
sglang,few_shot,111,195.48,0.00,270.53,1,3.70,1
sglang,few_shot,112,153.18,0.00,281.06,1,3.56,1
sglang,few_shot,113,211.28,0.00,274.80,1,3.64,1
sglang,few_shot,114,211.98,0.00,294.20,1,3.40,1
sglang,few_shot,115,110.11,130.12,240.24,2,8.33,1
sglang,few_shot,116,181.00,78.29,259.29,2,7.71,1
sglang,few_shot,117,208.57,88.54,297.10,2,6.73,1
sglang,few_shot,118,155.27,0.00,231.57,1,4.32,1
sglang,few_shot,119,168.66,69.79,238.45,2,8.39,1
sglang,few_shot,120,201.42,0.00,279.02,1,3.58,1
sglang,few_shot,121,147.41,90.89,238.29,2,8.39,1
sglang,few_shot,122,184.32,0.00,261.84,1,3.82,1
sglang,few_shot,123,213.33,79.49,292.83,2,6.83,1
sglang,few_shot,124,214.13,85.87,299.99,2,6.67,1
sglang,few_shot,125,191.21,0.00,280.24,1,3.57,1
sglang,few_shot,126,171.71,99.28,271.00,2,7.38,1
sglang,few_shot,127,127.02,148.36,275.38,2,7.26,1
sglang,few_shot,128,126.04,0.00,189.46,1,5.28,1
sglang,few_shot,129,131.38,0.00,200.42,1,4.99,1
sglang,few_shot,130,120.92,0.00,227.65,1,4.39,1
sglang,few_shot,131,138.03,0.00,209.59,1,4.77,1
sglang,few_shot,132,177.64,0.00,199.06,1,5.02,1
sglang,few_shot,133,167.01,0.00,241.97,1,4.13,1
sglang,few_shot,134,231.80,0.00,250.91,1,3.99,1
sglang,few_shot,135,168.66,30.57,199.23,2,10.04,1
sglang,few_shot,136,167.15,31.98,199.13,2,10.04,1
sglang,few_shot,137,153.57,0.00,188.80,1,5.30,1
sglang,few_shot,138,185.66,0.00,221.57,1,4.51,1
sglang,few_shot,139,219.00,0.00,255.10,1,3.92,1
sglang,few_shot,140,177.96,77.03,254.99,2,7.84,1
sglang,few_shot,141,164.45,0.00,200.64,1,4.98,1
sglang,few_shot,142,152.25,82.10,234.35,2,8.53,1
sglang,few_shot,143,121.20,0.00,203.51,1,4.91,1
sglang,few_shot,144,159.54,0.00,193.29,1,5.17,1
sglang,few_shot,145,135.49,0.00,218.37,1,4.58,1
sglang,few_shot,146,207.65,0.00,253.28,1,3.95,1
sglang,few_shot,147,166.50,35.29,201.79,2,9.91,1
sglang,few_shot,148,166.48,0.00,256.89,1,3.89,1
sglang,few_shot,149,158.27,33.93,192.20,2,10.41,1
sglang,few_shot,150,167.66,46.55,214.20,2,9.34,1
sglang,few_shot,151,173.58,57.81,231.39,2,8.64,1
sglang,few_shot,152,171.02,35.88,206.91,2,9.67,1
sglang,few_shot,153,153.11,0.00,249.89,1,4.00,1
sglang,few_shot,154,161.78,93.73,255.51,2,7.83,1
sglang,few_shot,155,160.36,0.00,264.44,1,3.78,1
sglang,few_shot,156,180.37,40.66,221.03,2,9.05,1
sglang,few_shot,157,139.65,0.00,241.18,1,4.15,1
sglang,few_shot,158,199.74,47.01,246.74,2,8.11,1
sglang,few_shot,159,140.91,107.81,248.72,2,8.04,1
sglang,few_shot,160,172.38,47.08,219.47,2,9.11,1
sglang,few_shot,161,211.22,0.00,262.35,1,3.81,1
sglang,few_shot,162,158.95,104.61,263.56,2,7.59,1
sglang,few_shot,163,183.26,0.00,244.17,1,4.10,1
sglang,few_shot,164,146.71,0.00,205.35,1,4.87,1
sglang,few_shot,165,189.50,55.86,245.36,2,8.15,1
sglang,few_shot,166,202.11,59.94,262.05,2,7.63,1
sglang,few_shot,167,160.09,112.18,272.27,2,7.35,1
sglang,few_shot,168,192.75,73.41,266.16,2,7.51,1
sglang,few_shot,169,204.53,0.00,261.16,1,3.83,1
sglang,few_shot,170,171.86,0.00,249.65,1,4.01,1
sglang,few_shot,171,149.44,0.00,220.43,1,4.54,1
sglang,few_shot,172,185.92,112.66,298.59,2,6.70,1
sglang,few_shot,173,212.07,0.00,294.71,1,3.39,1
sglang,few_shot,174,207.72,0.00,292.46,1,3.42,1
sglang,few_shot,175,189.32,62.46,251.79,2,7.94,1
sglang,few_shot,176,170.73,0.00,236.40,1,4.23,1
sglang,few_shot,177,171.19,0.00,245.90,1,4.07,1
sglang,few_shot,178,158.94,72.40,231.33,2,8.65,1
sglang,few_shot,179,180.72,76.37,257.09,2,7.78,1
sglang,few_shot,180,155.98,0.00,243.88,1,4.10,1
sglang,few_shot,181,199.46,0.00,271.68,1,3.68,1
sglang,few_shot,182,173.91,81.13,255.04,2,7.84,1
sglang,few_shot,183,160.92,62.59,286.09,3,10.49,0
sglang,few_shot,184,161.50,134.99,296.49,2,6.75,1
sglang,few_shot,185,158.11,82.62,240.73,2,8.31,1
sglang,few_shot,186,165.51,0.00,261.64,1,3.82,1
sglang,few_shot,187,203.25,95.89,299.14,2,6.69,1
sglang,few_shot,188,210.76,88.52,299.28,2,6.68,1
sglang,few_shot,189,189.24,96.90,286.14,2,6.99,1
sglang,few_shot,190,185.67,0.00,278.75,1,3.59,1
sglang,few_shot,191,206.42,106.98,313.40,2,6.38,1
sglang,few_shot,192,165.05,0.00,183.00,1,5.46,1
sglang,few_shot,193,120.50,0.00,190.67,1,5.24,1
sglang,few_shot,194,174.62,0.00,209.60,1,4.77,1
sglang,few_shot,195,95.10,0.00,171.16,1,5.84,1
sglang,few_shot,196,156.03,0.00,176.30,1,5.67,1
sglang,few_shot,197,132.98,0.00,169.51,1,5.90,1
sglang,few_shot,198,131.51,0.00,207.19,1,4.83,1
sglang,few_shot,199,150.36,0.00,190.94,1,5.24,1
sglang,few_shot,200,152.42,0.00,167.06,1,5.99,1
sglang,few_shot,201,203.91,0.00,226.85,1,4.41,1
sglang,few_shot,202,144.32,0.00,224.42,1,4.46,1
sglang,few_shot,203,169.92,0.00,199.40,1,5.02,1
sglang,few_shot,204,176.70,0.00,198.93,1,5.03,1
sglang,few_shot,205,188.40,0.00,203.52,1,4.91,1
sglang,few_shot,206,196.56,0.00,224.68,1,4.45,1
sglang,few_shot,207,144.12,0.00,180.31,1,5.55,1
sglang,few_shot,208,154.75,0.00,187.11,1,5.34,1
sglang,few_shot,209,144.68,0.00,170.08,1,5.88,1
sglang,few_shot,210,94.13,0.00,219.31,1,4.56,1
sglang,few_shot,211,140.46,0.00,178.57,1,5.60,1
sglang,few_shot,212,193.99,0.00,245.44,1,4.07,1
sglang,few_shot,213,149.28,0.00,205.69,1,4.86,1
sglang,few_shot,214,123.40,0.00,222.21,1,4.50,1
sglang,few_shot,215,157.49,0.00,180.95,1,5.53,1
sglang,few_shot,216,145.91,0.00,194.14,1,5.15,1
sglang,few_shot,217,156.97,0.00,221.03,1,4.52,1
sglang,few_shot,218,179.07,0.00,243.32,1,4.11,1
sglang,few_shot,219,99.37,0.00,197.46,1,5.06,1
sglang,few_shot,220,192.53,0.00,233.73,1,4.28,1
sglang,few_shot,221,146.52,0.00,179.60,1,5.57,1
sglang,few_shot,222,132.68,0.00,177.44,1,5.64,1
sglang,few_shot,223,151.43,0.00,218.32,1,4.58,1
sglang,few_shot,224,103.07,0.00,212.69,1,4.70,1
sglang,few_shot,225,180.40,0.00,235.63,1,4.24,1
sglang,few_shot,226,177.46,0.00,242.62,1,4.12,1
sglang,few_shot,227,165.67,0.00,229.80,1,4.35,1
sglang,few_shot,228,158.07,0.00,213.77,1,4.68,1
sglang,few_shot,229,188.38,0.00,240.89,1,4.15,1
sglang,few_shot,230,131.79,0.00,189.18,1,5.29,1
sglang,few_shot,231,151.45,0.00,209.56,1,4.77,1
sglang,few_shot,232,152.55,0.00,225.23,1,4.44,1
sglang,few_shot,233,143.38,96.30,239.68,2,8.34,1
sglang,few_shot,234,147.65,143.10,290.74,2,6.88,1
sglang,few_shot,235,83.75,147.77,231.53,2,8.64,1
sglang,few_shot,236,151.27,102.72,253.98,2,7.87,1
sglang,few_shot,237,130.02,147.20,277.22,2,7.21,1
sglang,few_shot,238,127.84,144.23,272.08,2,7.35,1
sglang,few_shot,239,145.90,103.21,249.11,2,8.03,1
sglang,few_shot,240,182.29,108.82,291.11,2,6.87,1
sglang,few_shot,241,131.06,93.04,224.10,2,8.92,1
sglang,few_shot,242,144.47,90.15,234.62,2,8.52,1
sglang,few_shot,243,163.70,116.83,280.53,2,7.13,1
sglang,few_shot,244,139.98,154.92,294.90,2,6.78,1
sglang,few_shot,245,139.15,103.58,242.73,2,8.24,1
sglang,few_shot,246,120.55,121.29,241.84,2,8.27,1
sglang,few_shot,247,152.60,117.08,269.67,2,7.42,1
sglang,few_shot,248,131.26,109.07,240.33,2,8.32,1
sglang,few_shot,249,138.81,132.62,271.42,2,7.37,1
sglang,few_shot,250,129.52,128.09,257.61,2,7.76,1
sglang,few_shot,251,129.25,108.39,237.64,2,8.42,1
sglang,few_shot,252,133.44,114.73,248.17,2,8.06,1
sglang,few_shot,253,157.21,119.48,276.69,2,7.23,1
sglang,few_shot,254,133.21,173.63,306.83,2,6.52,1
sglang,few_shot,255,152.80,112.12,264.93,2,7.55,1
sglang,few_shot,256,141.04,0.00,243.28,1,4.11,1
sglang,few_shot,257,98.79,0.00,205.05,1,4.88,1
sglang,few_shot,258,107.82,0.00,213.22,1,4.69,1
sglang,few_shot,259,117.97,0.00,223.51,1,4.47,1
sglang,few_shot,260,135.08,0.00,166.46,1,6.01,1
sglang,few_shot,261,159.75,0.00,222.51,1,4.49,1
sglang,few_shot,262,143.38,0.00,210.90,1,4.74,1
sglang,few_shot,263,116.11,0.00,149.36,1,6.70,1
sglang,few_shot,264,151.09,0.00,228.34,1,4.38,1
sglang,few_shot,265,153.09,72.55,225.64,2,8.86,1
sglang,few_shot,266,120.68,0.00,154.28,1,6.48,1
sglang,few_shot,267,145.01,84.64,229.64,2,8.71,1
sglang,few_shot,268,148.31,0.00,185.80,1,5.38,1
sglang,few_shot,269,135.29,0.00,183.91,1,5.44,1
sglang,few_shot,270,143.95,0.00,181.17,1,5.52,1
sglang,few_shot,271,181.16,0.00,259.26,1,3.86,1
sglang,few_shot,272,130.11,122.71,252.83,2,7.91,1
sglang,few_shot,273,125.10,0.00,249.40,1,4.01,1
sglang,few_shot,274,123.79,54.68,178.47,2,11.21,1
sglang,few_shot,275,167.55,0.00,257.04,1,3.89,1
sglang,few_shot,276,131.89,94.70,226.59,2,8.83,1
sglang,few_shot,277,137.11,0.00,229.86,1,4.35,1
sglang,few_shot,278,123.23,0.00,173.47,1,5.76,1
sglang,few_shot,279,141.12,0.00,189.97,1,5.26,1
sglang,few_shot,280,145.54,97.25,242.79,2,8.24,1
sglang,few_shot,281,130.29,60.49,190.78,2,10.48,1
sglang,few_shot,282,134.59,54.99,189.58,2,10.55,1
sglang,few_shot,283,110.96,61.45,172.41,2,11.60,1
sglang,few_shot,284,152.89,104.89,257.78,2,7.76,1
sglang,few_shot,285,166.05,0.00,265.08,1,3.77,1
sglang,few_shot,286,106.53,0.00,246.65,1,4.05,1
sglang,few_shot,287,142.60,66.69,209.30,2,9.56,1
sglang,few_shot,288,108.82,0.00,249.46,1,4.01,1
sglang,few_shot,289,165.35,0.00,261.84,1,3.82,1
sglang,few_shot,290,145.77,99.98,245.75,2,8.14,1
sglang,few_shot,291,136.14,0.00,281.60,1,3.55,1
sglang,few_shot,292,139.20,0.00,241.56,1,4.14,1
sglang,few_shot,293,147.73,0.00,213.54,1,4.68,1
sglang,few_shot,294,136.39,152.63,289.03,2,6.92,1
sglang,few_shot,295,115.54,0.00,266.27,1,3.76,1
sglang,few_shot,296,143.80,0.00,213.65,1,4.68,1
sglang,few_shot,297,118.58,0.00,191.83,1,5.21,1
sglang,few_shot,298,145.76,116.52,262.29,2,7.63,0
sglang,few_shot,299,201.73,0.00,277.18,1,3.61,1
sglang,few_shot,300,144.32,0.00,261.17,1,3.83,1
sglang,few_shot,301,171.13,79.00,250.13,2,8.00,1
sglang,few_shot,302,138.02,61.89,261.80,3,11.46,1
sglang,few_shot,303,139.77,114.03,253.80,2,7.88,1
sglang,few_shot,304,134.06,80.53,214.59,2,9.32,1
sglang,few_shot,305,143.78,0.00,263.99,1,3.79,1
sglang,few_shot,306,169.44,127.02,296.46,2,6.75,1
sglang,few_shot,307,130.14,166.02,296.16,2,6.75,1
sglang,few_shot,308,127.78,0.00,217.03,1,4.61,1
sglang,few_shot,309,120.24,28.86,293.43,7,23.86,0
sglang,few_shot,310,154.41,127.29,281.71,2,7.10,1
sglang,few_shot,311,135.82,0.00,261.16,1,3.83,1
sglang,few_shot,312,131.21,0.00,219.19,1,4.56,1
sglang,few_shot,313,168.03,131.54,299.58,2,6.68,1
sglang,few_shot,314,123.66,0.00,212.31,1,4.71,1
sglang,few_shot,315,129.80,0.00,306.55,1,3.26,1
sglang,few_shot,316,155.65,45.37,291.75,4,13.71,1
sglang,few_shot,317,110.45,0.00,210.59,1,4.75,1
sglang,few_shot,318,122.32,104.79,227.10,2,8.81,1
sglang,few_shot,319,134.74,105.00,239.74,2,8.34,1
sglang,few_shot,320,172.88,0.00,190.30,1,5.25,1
sglang,few_shot,321,163.09,0.00,193.69,1,5.16,1
sglang,few_shot,322,146.17,0.00,171.03,1,5.85,1
sglang,few_shot,323,127.56,0.00,139.81,1,7.15,1
sglang,few_shot,324,173.57,0.00,195.50,1,5.12,1
sglang,few_shot,325,162.98,0.00,185.44,1,5.39,1
sglang,few_shot,326,149.74,70.84,220.58,2,9.07,1
sglang,few_shot,327,164.05,0.00,179.31,1,5.58,1
sglang,few_shot,328,159.78,0.00,174.67,1,5.73,1
sglang,few_shot,329,152.11,0.00,225.41,1,4.44,1
sglang,few_shot,330,112.38,0.00,220.16,1,4.54,1
sglang,few_shot,331,131.52,0.00,152.50,1,6.56,1
sglang,few_shot,332,147.77,0.00,189.89,1,5.27,1
sglang,few_shot,333,191.84,0.00,219.09,1,4.56,1
sglang,few_shot,334,127.39,0.00,159.82,1,6.26,1
sglang,few_shot,335,140.72,50.12,190.85,2,10.48,1
sglang,few_shot,336,167.71,0.00,212.75,1,4.70,1
sglang,few_shot,337,137.05,0.00,218.31,1,4.58,1
sglang,few_shot,338,144.30,0.00,175.68,1,5.69,1
sglang,few_shot,339,164.86,0.00,165.12,1,6.06,1
sglang,few_shot,340,140.15,57.07,197.22,2,10.14,1
sglang,few_shot,341,159.67,32.72,192.39,2,10.40,1
sglang,few_shot,342,193.68,0.00,232.76,1,4.30,1
sglang,few_shot,343,157.25,52.27,209.52,2,9.55,1
sglang,few_shot,344,124.01,42.65,166.66,2,12.00,1
sglang,few_shot,345,147.41,19.37,205.53,4,19.46,0
sglang,few_shot,346,119.27,0.00,179.41,1,5.57,1
sglang,few_shot,347,121.67,0.00,179.41,1,5.57,1
sglang,few_shot,348,146.75,55.81,202.56,2,9.87,1
sglang,few_shot,349,165.53,57.82,223.35,2,8.95,1
sglang,few_shot,350,194.69,0.00,204.28,1,4.90,1
sglang,few_shot,351,133.02,67.24,200.26,2,9.99,1
sglang,few_shot,352,112.52,0.00,217.82,1,4.59,1
sglang,few_shot,353,115.08,0.00,217.86,1,4.59,1
sglang,few_shot,354,226.64,0.00,231.87,1,4.31,1
sglang,few_shot,355,207.03,18.51,225.53,2,8.87,1
sglang,few_shot,356,154.24,65.60,219.84,2,9.10,1
sglang,few_shot,357,165.17,30.67,195.83,2,10.21,1
sglang,few_shot,358,198.74,0.00,253.06,1,3.95,1
sglang,few_shot,359,135.54,15.22,196.42,5,25.46,1
sglang,few_shot,360,100.90,108.22,209.12,2,9.56,1
sglang,few_shot,361,146.99,71.86,218.85,2,9.14,1
sglang,few_shot,362,163.52,0.00,229.33,1,4.36,1
sglang,few_shot,363,118.16,116.10,234.25,2,8.54,1
sglang,few_shot,364,152.16,113.15,265.31,2,7.54,0
sglang,few_shot,365,140.29,0.00,208.93,1,4.79,1
sglang,few_shot,366,145.47,0.00,211.25,1,4.73,1
sglang,few_shot,367,111.30,83.29,194.59,2,10.28,1
sglang,few_shot,368,241.34,18.09,259.43,2,7.71,1
sglang,few_shot,369,166.16,79.86,246.02,2,8.13,1
sglang,few_shot,370,186.72,90.11,276.83,2,7.22,1
sglang,few_shot,371,181.55,75.52,257.07,2,7.78,1
sglang,few_shot,372,127.55,0.00,215.78,1,4.63,1
sglang,few_shot,373,97.16,125.56,222.72,2,8.98,1
sglang,few_shot,374,119.28,0.00,210.69,1,4.75,1
sglang,few_shot,375,128.62,0.00,227.38,1,4.40,1
sglang,few_shot,376,154.12,0.00,232.89,1,4.29,1
sglang,few_shot,377,164.55,0.00,255.24,1,3.92,1
sglang,few_shot,378,137.13,0.00,212.10,1,4.71,1
sglang,few_shot,379,128.24,88.64,216.88,2,9.22,1
sglang,few_shot,380,173.40,90.64,264.03,2,7.57,1
sglang,few_shot,381,93.79,0.00,231.89,1,4.31,1
sglang,few_shot,382,173.65,0.00,262.32,1,3.81,1
sglang,few_shot,383,170.25,107.06,277.31,2,7.21,1
sglang,few_shot,384,81.52,0.00,191.08,1,5.23,1
sglang,few_shot,385,146.90,0.00,227.72,1,4.39,1
sglang,few_shot,386,110.07,0.00,196.30,1,5.09,1
sglang,few_shot,387,124.24,0.00,210.82,1,4.74,1
sglang,few_shot,388,146.67,0.00,229.80,1,4.35,1
sglang,few_shot,389,128.89,0.00,218.97,1,4.57,1
sglang,few_shot,390,146.48,0.00,210.43,1,4.75,1
sglang,few_shot,391,145.05,0.00,202.41,1,4.94,1
sglang,few_shot,392,159.71,0.00,194.58,1,5.14,1
sglang,few_shot,393,182.61,0.00,208.30,1,4.80,1
sglang,few_shot,394,116.83,0.00,183.79,1,5.44,1
sglang,few_shot,395,164.58,0.00,230.87,1,4.33,1
sglang,few_shot,396,111.80,0.00,179.48,1,5.57,1
sglang,few_shot,397,133.10,0.00,167.25,1,5.98,1
sglang,few_shot,398,144.15,0.00,215.74,1,4.64,1
sglang,few_shot,399,164.49,0.00,196.36,1,5.09,1
sglang,few_shot,400,169.67,76.97,246.64,2,8.11,1
sglang,few_shot,401,133.11,44.68,177.79,2,11.25,1
sglang,few_shot,402,130.35,75.81,206.16,2,9.70,1
sglang,few_shot,403,140.56,0.00,179.61,1,5.57,1
sglang,few_shot,404,167.53,0.00,240.68,1,4.15,1
sglang,few_shot,405,126.87,0.00,239.04,1,4.18,1
sglang,few_shot,406,192.08,53.50,245.58,2,8.14,0
sglang,few_shot,407,139.51,0.00,191.40,1,5.22,1
sglang,few_shot,408,131.83,0.00,246.04,1,4.06,1
sglang,few_shot,409,140.46,0.00,220.63,1,4.53,1
sglang,few_shot,410,149.27,46.81,196.08,2,10.20,1
sglang,few_shot,411,134.01,52.04,186.05,2,10.75,1
sglang,few_shot,412,155.06,0.00,236.36,1,4.23,1
sglang,few_shot,413,118.01,88.48,206.49,2,9.69,1
sglang,few_shot,414,147.34,59.09,206.44,2,9.69,1
sglang,few_shot,415,160.05,59.29,219.35,2,9.12,1
sglang,few_shot,416,122.68,0.00,221.22,1,4.52,1
sglang,few_shot,417,160.51,0.00,251.17,1,3.98,1
sglang,few_shot,418,147.03,0.00,216.97,1,4.61,1
sglang,few_shot,419,134.35,91.88,226.22,2,8.84,1
sglang,few_shot,420,138.61,60.01,198.62,2,10.07,0
sglang,few_shot,421,113.80,98.46,212.27,2,9.42,1
sglang,few_shot,422,151.70,98.20,249.90,2,8.00,1
sglang,few_shot,423,155.84,0.00,225.25,1,4.44,1
sglang,few_shot,424,131.53,131.71,263.24,2,7.60,1
sglang,few_shot,425,140.00,0.00,242.93,1,4.12,1
sglang,few_shot,426,187.58,71.76,259.34,2,7.71,1
sglang,few_shot,427,188.11,71.37,259.47,2,7.71,1
sglang,few_shot,428,147.30,78.41,225.71,2,8.86,1
sglang,few_shot,429,147.18,71.68,218.86,2,9.14,1
sglang,few_shot,430,131.18,0.00,234.40,1,4.27,1
sglang,few_shot,431,169.30,83.21,252.51,2,7.92,1
sglang,few_shot,432,137.27,142.83,280.10,2,7.14,1
sglang,few_shot,433,144.48,0.00,218.57,1,4.58,1
sglang,few_shot,434,207.52,0.00,280.86,1,3.56,1
sglang,few_shot,435,106.49,142.70,249.19,2,8.03,1
sglang,few_shot,436,137.71,80.98,218.70,2,9.15,1
sglang,few_shot,437,171.37,86.78,258.15,2,7.75,1
sglang,few_shot,438,134.24,121.76,256.00,2,7.81,1
sglang,few_shot,439,146.92,92.42,239.34,2,8.36,1
sglang,few_shot,440,146.93,0.00,274.60,1,3.64,1
sglang,few_shot,441,134.62,93.20,227.82,2,8.78,1
sglang,few_shot,442,141.96,154.45,296.41,2,6.75,1
sglang,few_shot,443,133.97,88.55,222.51,2,8.99,1
sglang,few_shot,444,137.62,158.75,296.37,2,6.75,1
sglang,few_shot,445,136.40,119.66,256.06,2,7.81,0
sglang,few_shot,446,140.05,122.79,262.84,2,7.61,1
sglang,few_shot,447,124.79,129.84,254.64,2,7.85,1
sglang,few_shot,448,144.85,0.00,218.95,1,4.57,1
sglang,few_shot,449,125.65,0.00,206.22,1,4.85,1
sglang,few_shot,450,178.42,0.00,195.79,1,5.11,1
sglang,few_shot,451,138.18,0.00,158.22,1,6.32,1
sglang,few_shot,452,160.62,0.00,222.70,1,4.49,1
sglang,few_shot,453,131.82,0.00,164.82,1,6.07,1
sglang,few_shot,454,126.85,0.00,211.53,1,4.73,1
sglang,few_shot,455,100.35,0.00,188.71,1,5.30,1
sglang,few_shot,456,156.82,0.00,227.16,1,4.40,1
sglang,few_shot,457,143.17,0.00,213.73,1,4.68,1
sglang,few_shot,458,133.23,0.00,231.82,1,4.31,1
sglang,few_shot,459,147.41,0.00,192.66,1,5.19,1
sglang,few_shot,460,111.50,96.78,208.28,2,9.60,1
sglang,few_shot,461,86.80,99.84,186.63,2,10.72,1
sglang,few_shot,462,132.27,0.00,232.45,1,4.30,1
sglang,few_shot,463,162.26,0.00,231.36,1,4.32,1
sglang,few_shot,464,197.53,0.00,246.60,1,4.06,1
sglang,few_shot,465,174.60,0.00,249.75,1,4.00,1
sglang,few_shot,466,114.69,78.53,193.21,2,10.35,1
sglang,few_shot,467,144.29,75.52,219.81,2,9.10,1
sglang,few_shot,468,153.35,0.00,201.84,1,4.95,1
sglang,few_shot,469,115.96,103.79,219.75,2,9.10,1
sglang,few_shot,470,106.79,111.53,218.32,2,9.16,1
sglang,few_shot,471,182.29,0.00,231.55,1,4.32,1
sglang,few_shot,472,127.04,0.00,217.50,1,4.60,1
sglang,few_shot,473,137.91,90.33,228.24,2,8.76,0
sglang,few_shot,474,133.64,0.00,185.28,1,5.40,1
sglang,few_shot,475,126.20,0.00,214.76,1,4.66,1
sglang,few_shot,476,140.36,50.18,190.53,2,10.50,1
sglang,few_shot,477,89.47,115.61,205.08,2,9.75,1
sglang,few_shot,478,138.01,0.00,201.40,1,4.97,1
sglang,few_shot,479,123.66,0.00,184.31,1,5.43,1
sglang,few_shot,480,139.24,57.10,196.34,2,10.19,0
sglang,few_shot,481,122.64,69.66,192.30,2,10.40,1
sglang,few_shot,482,106.53,97.80,204.32,2,9.79,1
sglang,few_shot,483,160.61,91.55,252.16,2,7.93,1
sglang,few_shot,484,117.43,99.06,216.49,2,9.24,1
sglang,few_shot,485,162.96,70.09,233.05,2,8.58,1
sglang,few_shot,486,139.13,0.00,206.13,1,4.85,1
sglang,few_shot,487,146.63,76.10,222.73,2,8.98,1
sglang,few_shot,488,131.91,96.72,228.63,2,8.75,1
sglang,few_shot,489,198.40,0.00,271.99,1,3.68,1
sglang,few_shot,490,151.89,80.73,232.61,2,8.60,1
sglang,few_shot,491,143.69,0.00,217.20,1,4.60,1
sglang,few_shot,492,147.01,67.41,214.42,2,9.33,1
sglang,few_shot,493,124.67,79.06,203.73,2,9.82,1
sglang,few_shot,494,199.83,0.00,268.69,1,3.72,1
sglang,few_shot,495,152.03,0.00,261.88,1,3.82,1
sglang,few_shot,496,132.55,109.56,242.11,2,8.26,1
sglang,few_shot,497,155.93,85.86,241.79,2,8.27,1
sglang,few_shot,498,115.63,141.38,257.00,2,7.78,1
sglang,few_shot,499,153.58,0.00,232.35,1,4.30,1
sglang,few_shot,500,150.85,84.73,235.59,2,8.49,1
sglang,few_shot,501,121.31,112.18,233.48,2,8.57,1
sglang,few_shot,502,165.35,114.01,279.36,2,7.16,1
sglang,few_shot,503,149.40,81.69,231.09,2,8.65,0
sglang,few_shot,504,133.95,85.69,219.64,2,9.11,1
sglang,few_shot,505,146.90,0.00,265.59,1,3.77,1
sglang,few_shot,506,167.21,128.27,295.48,2,6.77,1
sglang,few_shot,507,159.81,0.00,254.16,1,3.93,1
sglang,few_shot,508,170.85,125.12,295.97,2,6.76,1
sglang,few_shot,509,137.09,0.00,261.53,1,3.82,1
sglang,few_shot,510,127.13,98.49,225.62,2,8.86,1
sglang,few_shot,511,92.91,192.92,285.83,2,7.00,1
sglang,few_shot,512,75.90,21.85,97.75,2,20.46,1
sglang,few_shot,513,100.84,0.00,179.52,1,5.57,1
sglang,few_shot,514,163.60,0.00,219.86,1,4.55,1
sglang,few_shot,515,146.35,0.00,193.87,1,5.16,1
sglang,few_shot,516,105.90,0.00,192.36,1,5.20,1
sglang,few_shot,517,185.46,0.00,210.76,1,4.74,1
sglang,few_shot,518,142.37,0.00,199.78,1,5.01,1
sglang,few_shot,519,101.73,0.00,162.79,1,6.14,1
sglang,few_shot,520,156.51,0.00,194.61,1,5.14,1
sglang,few_shot,521,122.91,0.00,160.57,1,6.23,1
sglang,few_shot,522,136.39,0.00,203.40,1,4.92,1
sglang,few_shot,523,136.24,0.00,199.89,1,5.00,1
sglang,few_shot,524,131.76,0.00,171.67,1,5.83,1
sglang,few_shot,525,142.89,0.00,217.28,1,4.60,1
sglang,few_shot,526,171.62,71.31,242.93,2,8.23,1
sglang,few_shot,527,180.69,0.00,219.36,1,4.56,1
sglang,few_shot,528,153.96,41.39,195.35,2,10.24,1
sglang,few_shot,529,138.81,38.89,177.71,2,11.25,1
sglang,few_shot,530,133.55,0.00,235.26,1,4.25,1
sglang,few_shot,531,136.99,37.18,174.17,2,11.48,1
sglang,few_shot,532,145.03,79.06,224.09,2,8.92,1
sglang,few_shot,533,144.80,0.00,190.21,1,5.26,1
sglang,few_shot,534,107.33,0.00,215.75,1,4.63,1
sglang,few_shot,535,110.11,108.67,218.78,2,9.14,1
sglang,few_shot,536,91.90,140.86,232.76,2,8.59,1
sglang,few_shot,537,145.16,90.34,235.49,2,8.49,1
sglang,few_shot,538,186.06,0.00,241.49,1,4.14,1
sglang,few_shot,539,153.51,0.00,204.55,1,4.89,1
sglang,few_shot,540,133.53,0.00,194.68,1,5.14,1
sglang,few_shot,541,110.84,87.63,198.46,2,10.08,1
sglang,few_shot,542,163.76,56.62,220.38,2,9.08,1
sglang,few_shot,543,122.86,0.00,211.49,1,4.73,1
sglang,few_shot,544,131.00,62.95,193.95,2,10.31,1
sglang,few_shot,545,130.42,56.50,186.92,2,10.70,1
sglang,few_shot,546,174.90,66.34,241.24,2,8.29,1
sglang,few_shot,547,128.76,0.00,196.88,1,5.08,1
sglang,few_shot,548,164.99,0.00,224.58,1,4.45,1
sglang,few_shot,549,140.73,71.36,212.09,2,9.43,1
sglang,few_shot,550,148.14,0.00,248.70,1,4.02,1
sglang,few_shot,551,180.16,76.85,257.01,2,7.78,0
sglang,few_shot,552,134.65,76.62,211.27,2,9.47,0
sglang,few_shot,553,146.92,0.00,226.13,1,4.42,1
sglang,few_shot,554,144.35,66.63,210.98,2,9.48,1
sglang,few_shot,555,136.70,0.00,235.74,1,4.24,1
sglang,few_shot,556,168.29,102.19,270.48,2,7.39,0
sglang,few_shot,557,146.96,0.00,227.62,1,4.39,1
sglang,few_shot,558,97.91,138.07,235.98,2,8.48,1
sglang,few_shot,559,155.44,0.00,226.95,1,4.41,1
sglang,few_shot,560,116.71,137.40,254.12,2,7.87,1
sglang,few_shot,561,111.73,0.00,226.30,1,4.42,1
sglang,few_shot,562,149.36,0.00,222.25,1,4.50,1
sglang,few_shot,563,123.44,0.00,200.49,1,4.99,1
sglang,few_shot,564,146.48,0.00,227.72,1,4.39,1
sglang,few_shot,565,127.86,144.48,272.34,2,7.34,1
sglang,few_shot,566,155.94,0.00,243.09,1,4.11,1
sglang,few_shot,567,158.01,0.00,269.74,1,3.71,1
sglang,few_shot,568,124.75,117.31,242.06,2,8.26,1
sglang,few_shot,569,167.07,114.81,281.88,2,7.10,1
sglang,few_shot,570,109.10,128.16,237.27,2,8.43,1
sglang,few_shot,571,162.04,0.00,288.79,1,3.46,1
sglang,few_shot,572,108.19,0.00,197.91,1,5.05,1
sglang,few_shot,573,93.87,150.94,244.81,2,8.17,1
sglang,few_shot,574,137.28,131.54,268.82,2,7.44,1
sglang,few_shot,575,189.95,100.19,290.13,2,6.89,1
sglang,few_shot,576,134.52,0.00,260.35,1,3.84,1
sglang,few_shot,577,122.91,0.00,170.56,1,5.86,1
sglang,few_shot,578,128.68,0.00,157.74,1,6.34,1
sglang,few_shot,579,120.54,0.00,142.74,1,7.01,1
sglang,few_shot,580,100.65,0.00,155.67,1,6.42,1
sglang,few_shot,581,142.86,0.00,198.20,1,5.05,1
sglang,few_shot,582,153.38,0.00,163.12,1,6.13,1
sglang,few_shot,583,129.14,0.00,134.34,1,7.44,1
sglang,few_shot,584,134.08,0.00,139.30,1,7.18,1
sglang,few_shot,585,134.78,28.42,163.20,2,12.26,1
sglang,few_shot,586,146.70,69.19,215.90,2,9.26,1
sglang,few_shot,587,149.82,0.00,184.26,1,5.43,1
sglang,few_shot,588,170.44,0.00,205.24,1,4.87,1
sglang,few_shot,589,115.07,33.32,148.40,2,13.48,1
sglang,few_shot,590,142.33,74.59,216.92,2,9.22,1
sglang,few_shot,591,137.77,29.39,167.16,2,11.96,1
sglang,few_shot,592,134.49,0.00,181.46,1,5.51,1
sglang,few_shot,593,134.85,42.54,177.40,2,11.27,1
sglang,few_shot,594,168.30,0.00,203.08,1,4.92,1
sglang,few_shot,595,103.21,48.35,151.56,2,13.20,1
sglang,few_shot,596,157.12,0.00,187.48,1,5.33,1
sglang,few_shot,597,158.94,0.00,159.16,1,6.28,1
sglang,few_shot,598,141.13,40.64,181.77,2,11.00,1
sglang,few_shot,599,129.14,0.00,214.28,1,4.67,1
sglang,few_shot,600,93.64,0.00,177.73,1,5.63,1
sglang,few_shot,601,144.60,58.62,203.22,2,9.84,1
sglang,few_shot,602,117.05,0.00,171.10,1,5.84,1
sglang,few_shot,603,130.97,45.64,176.61,2,11.32,1
sglang,few_shot,604,114.71,0.00,171.61,1,5.83,1
sglang,few_shot,605,146.81,82.70,229.51,2,8.71,1
sglang,few_shot,606,126.57,0.00,173.16,1,5.77,1
sglang,few_shot,607,140.12,0.00,231.22,1,4.32,1
sglang,few_shot,608,101.76,0.00,223.25,1,4.48,1
sglang,few_shot,609,155.17,0.00,204.94,1,4.88,1
sglang,few_shot,610,147.25,67.29,214.54,2,9.32,1
sglang,few_shot,611,110.65,94.85,205.50,2,9.73,1
sglang,few_shot,612,113.37,0.00,210.21,1,4.76,1
sglang,few_shot,613,161.65,62.01,223.66,2,8.94,1
sglang,few_shot,614,155.22,67.82,223.05,2,8.97,1
sglang,few_shot,615,122.40,70.48,192.88,2,10.37,1
sglang,few_shot,616,135.09,63.93,199.02,2,10.05,1
sglang,few_shot,617,129.62,113.70,243.32,2,8.22,1
sglang,few_shot,618,110.82,0.00,218.89,1,4.57,1
sglang,few_shot,619,144.66,0.00,255.43,1,3.91,1
sglang,few_shot,620,134.29,79.16,213.45,2,9.37,1
sglang,few_shot,621,176.95,0.00,264.93,1,3.77,1
sglang,few_shot,622,139.39,0.00,212.76,1,4.70,1
sglang,few_shot,623,114.42,75.49,189.91,2,10.53,1
sglang,few_shot,624,183.86,80.29,264.15,2,7.57,1
sglang,few_shot,625,167.14,87.57,254.71,2,7.85,1
sglang,few_shot,626,169.64,0.00,225.35,1,4.44,1
sglang,few_shot,627,120.83,0.00,196.83,1,5.08,1
sglang,few_shot,628,129.40,0.00,204.27,1,4.90,1
sglang,few_shot,629,154.19,94.21,248.40,2,8.05,1
sglang,few_shot,630,156.19,0.00,245.84,1,4.07,1
sglang,few_shot,631,126.60,85.29,211.88,2,9.44,1
sglang,few_shot,632,154.32,100.50,254.82,2,7.85,1
sglang,few_shot,633,137.88,0.00,226.48,1,4.42,1
sglang,few_shot,634,141.44,0.00,224.03,1,4.46,1
sglang,few_shot,635,184.05,82.98,267.03,2,7.49,1
sglang,few_shot,636,134.53,0.00,211.27,1,4.73,1
sglang,few_shot,637,126.63,125.78,252.41,2,7.92,1
sglang,few_shot,638,90.92,131.74,222.66,2,8.98,1
sglang,few_shot,639,120.42,101.85,222.27,2,9.00,1
sglang,few_shot,640,155.20,96.71,251.91,2,7.94,1
sglang,few_shot,641,141.09,0.00,179.57,1,5.57,1
sglang,few_shot,642,131.77,0.00,204.35,1,4.89,1
sglang,few_shot,643,133.02,0.00,157.62,1,6.34,1
sglang,few_shot,644,110.86,0.00,218.49,1,4.58,1
sglang,few_shot,645,109.85,0.00,163.92,1,6.10,1
sglang,few_shot,646,167.78,0.00,197.77,1,5.06,1
sglang,few_shot,647,141.00,0.00,194.27,1,5.15,1
sglang,few_shot,648,187.90,31.24,219.14,2,9.13,1
sglang,few_shot,649,150.51,0.00,177.18,1,5.64,1
sglang,few_shot,650,111.57,0.00,170.35,1,5.87,1
sglang,few_shot,651,143.75,0.00,230.25,1,4.34,1
sglang,few_shot,652,144.17,0.00,234.02,1,4.27,1
sglang,few_shot,653,130.56,0.00,170.11,1,5.88,1
sglang,few_shot,654,154.30,0.00,181.61,1,5.51,1
sglang,few_shot,655,138.35,0.00,168.39,1,5.94,1
sglang,few_shot,656,135.57,0.00,179.45,1,5.57,1
sglang,few_shot,657,136.92,96.16,233.08,2,8.58,1
sglang,few_shot,658,127.89,0.00,223.29,1,4.48,1
sglang,few_shot,659,158.91,0.00,223.28,1,4.48,1
sglang,few_shot,660,136.60,30.14,166.74,2,11.99,1
sglang,few_shot,661,106.48,101.41,207.89,2,9.62,1
sglang,few_shot,662,169.62,45.35,214.97,2,9.30,1
sglang,few_shot,663,134.87,19.68,174.23,3,17.22,1
sglang,few_shot,664,181.96,38.89,220.85,2,9.06,1
sglang,few_shot,665,161.21,78.28,239.49,2,8.35,1
sglang,few_shot,666,154.42,75.54,229.96,2,8.70,1
sglang,few_shot,667,132.02,0.00,177.77,1,5.63,1
sglang,few_shot,668,161.91,0.00,214.02,1,4.67,1
sglang,few_shot,669,129.54,82.57,212.11,2,9.43,1
sglang,few_shot,670,138.13,0.00,193.23,1,5.18,1
sglang,few_shot,671,138.55,47.21,185.76,2,10.77,1
sglang,few_shot,672,135.53,56.01,191.54,2,10.44,1
sglang,few_shot,673,175.25,86.50,261.75,2,7.64,1
sglang,few_shot,674,121.39,81.33,202.72,2,9.87,1
sglang,few_shot,675,135.77,0.00,217.72,1,4.59,1
sglang,few_shot,676,201.98,58.72,260.70,2,7.67,1
sglang,few_shot,677,130.36,0.00,181.34,1,5.51,1
sglang,few_shot,678,156.38,90.67,247.05,2,8.10,1
sglang,few_shot,679,165.17,0.00,253.37,1,3.95,1
sglang,few_shot,680,132.98,0.00,227.91,1,4.39,1
sglang,few_shot,681,181.38,64.32,245.70,2,8.14,1
sglang,few_shot,682,75.74,125.88,201.62,2,9.92,0
sglang,few_shot,683,132.54,73.15,205.70,2,9.72,1
sglang,few_shot,684,124.66,72.33,196.99,2,10.15,1
sglang,few_shot,685,122.07,0.00,249.08,1,4.01,1
sglang,few_shot,686,124.95,0.00,192.38,1,5.20,1
sglang,few_shot,687,156.51,104.35,260.85,2,7.67,1
sglang,few_shot,688,180.24,0.00,278.48,1,3.59,1
sglang,few_shot,689,170.95,68.02,238.97,2,8.37,1
sglang,few_shot,690,177.96,0.00,248.57,1,4.02,1
sglang,few_shot,691,129.20,0.00,207.83,1,4.81,1
sglang,few_shot,692,112.51,110.03,222.55,2,8.99,1
sglang,few_shot,693,184.38,0.00,253.95,1,3.94,1
sglang,few_shot,694,196.39,0.00,265.71,1,3.76,1
sglang,few_shot,695,177.40,79.42,256.82,2,7.79,1
sglang,few_shot,696,138.16,102.88,241.04,2,8.30,1
sglang,few_shot,697,145.77,86.72,232.49,2,8.60,1
sglang,few_shot,698,122.00,105.32,227.32,2,8.80,1
sglang,few_shot,699,195.61,74.82,270.43,2,7.40,1
sglang,few_shot,700,118.13,142.11,260.24,2,7.69,1
sglang,few_shot,701,179.60,0.00,267.00,1,3.75,1
sglang,few_shot,702,158.05,0.00,239.22,1,4.18,1
sglang,few_shot,703,148.22,112.18,260.40,2,7.68,1
sglang,few_shot,704,180.74,122.03,302.77,2,6.61,1
sglang,few_shot,705,108.28,0.00,177.51,1,5.63,1
sglang,few_shot,706,87.46,0.00,156.48,1,6.39,1
sglang,few_shot,707,105.43,0.00,210.01,1,4.76,1
sglang,few_shot,708,147.90,0.00,224.20,1,4.46,1
sglang,few_shot,709,135.24,0.00,181.86,1,5.50,1
sglang,few_shot,710,115.86,0.00,195.83,1,5.11,1
sglang,few_shot,711,153.26,0.00,178.41,1,5.61,1
sglang,few_shot,712,136.42,0.00,190.72,1,5.24,1
sglang,few_shot,713,146.44,61.84,208.27,2,9.60,1
sglang,few_shot,714,131.60,0.00,163.26,1,6.13,1
sglang,few_shot,715,146.83,27.30,174.13,2,11.49,1
sglang,few_shot,716,161.92,0.00,197.81,1,5.06,1
sglang,few_shot,717,131.56,27.80,159.36,2,12.55,1
sglang,few_shot,718,150.13,0.00,180.24,1,5.55,1
sglang,few_shot,719,146.34,40.87,187.21,2,10.68,1
sglang,few_shot,720,151.02,45.99,197.02,2,10.15,0
sglang,few_shot,721,167.66,0.00,213.37,1,4.69,1
sglang,few_shot,722,203.47,35.12,238.59,2,8.38,1
sglang,few_shot,723,136.27,0.00,174.63,1,5.73,1
sglang,few_shot,724,138.48,0.00,228.77,1,4.37,1
sglang,few_shot,725,170.16,0.00,219.65,1,4.55,1
sglang,few_shot,726,112.57,0.00,182.51,1,5.48,1
sglang,few_shot,727,117.14,0.00,193.08,1,5.18,1
sglang,few_shot,728,148.06,0.00,195.06,1,5.13,1
sglang,few_shot,729,118.63,102.73,221.36,2,9.04,1
sglang,few_shot,730,152.81,48.20,201.02,2,9.95,1
sglang,few_shot,731,169.82,0.00,217.42,1,4.60,1
sglang,few_shot,732,131.23,0.00,206.25,1,4.85,1
sglang,few_shot,733,140.97,0.00,248.19,1,4.03,1
sglang,few_shot,734,126.96,57.55,184.51,2,10.84,1
sglang,few_shot,735,158.76,0.00,263.58,1,3.79,1
sglang,few_shot,736,175.73,0.00,232.93,1,4.29,1
sglang,few_shot,737,145.28,0.00,199.46,1,5.01,1
sglang,few_shot,738,112.93,81.35,194.28,2,10.29,1
sglang,few_shot,739,160.39,60.65,221.04,2,9.05,1
sglang,few_shot,740,154.87,62.68,217.55,2,9.19,1
sglang,few_shot,741,135.60,0.00,192.67,1,5.19,1
sglang,few_shot,742,152.89,0.00,244.21,1,4.09,1
sglang,few_shot,743,131.32,111.18,242.50,2,8.25,1
sglang,few_shot,744,160.52,95.31,255.83,2,7.82,1
sglang,few_shot,745,169.21,66.17,235.37,2,8.50,1
sglang,few_shot,746,116.97,0.00,213.02,1,4.69,1
sglang,few_shot,747,125.65,0.00,245.30,1,4.08,1
sglang,few_shot,748,145.55,0.00,213.49,1,4.68,1
sglang,few_shot,749,124.19,0.00,226.08,1,4.42,1
sglang,few_shot,750,158.51,93.20,251.70,2,7.95,1
sglang,few_shot,751,125.65,0.00,228.62,1,4.37,1
sglang,few_shot,752,160.51,99.15,259.66,2,7.70,1
sglang,few_shot,753,140.59,72.18,212.77,2,9.40,0
sglang,few_shot,754,151.45,123.85,275.30,2,7.26,1
sglang,few_shot,755,156.98,109.51,266.49,2,7.50,1
sglang,few_shot,756,161.31,0.00,271.53,1,3.68,1
sglang,few_shot,757,123.72,0.00,228.36,1,4.38,1
sglang,few_shot,758,132.26,131.35,263.60,2,7.59,1
sglang,few_shot,759,191.96,88.66,280.62,2,7.13,1
sglang,few_shot,760,133.74,138.19,271.94,2,7.35,1
sglang,few_shot,761,160.60,107.90,268.50,2,7.45,1
sglang,few_shot,762,138.75,0.00,272.56,1,3.67,1
sglang,few_shot,763,160.52,90.61,251.14,2,7.96,1
sglang,few_shot,764,135.52,92.70,228.21,2,8.76,1
sglang,few_shot,765,107.92,140.47,248.38,2,8.05,1
sglang,few_shot,766,142.90,97.31,240.21,2,8.33,1
sglang,few_shot,767,151.90,140.66,292.56,2,6.84,1
sglang,few_shot,768,117.07,143.16,260.22,2,7.69,1
sglang,few_shot,769,176.30,0.00,176.60,1,5.66,1
sglang,few_shot,770,134.97,0.00,140.19,1,7.13,1
sglang,few_shot,771,149.42,0.00,171.66,1,5.83,1
sglang,few_shot,772,132.18,0.00,192.63,1,5.19,1
sglang,few_shot,773,184.44,0.00,189.30,1,5.28,1
sglang,few_shot,774,184.23,0.00,189.38,1,5.28,1
sglang,few_shot,775,186.06,0.00,207.68,1,4.82,1
sglang,few_shot,776,116.78,0.00,177.18,1,5.64,1
sglang,few_shot,777,112.62,0.00,172.20,1,5.81,1
sglang,few_shot,778,188.36,0.00,211.58,1,4.73,1
sglang,few_shot,779,164.27,0.00,201.73,1,4.96,1
sglang,few_shot,780,134.13,41.24,175.37,2,11.40,0
sglang,few_shot,781,161.67,0.00,200.83,1,4.98,1
sglang,few_shot,782,187.88,0.00,221.52,1,4.51,1
sglang,few_shot,783,117.70,0.00,192.84,1,5.19,1
sglang,few_shot,784,99.75,110.67,210.42,2,9.50,1
sglang,few_shot,785,154.98,0.00,179.38,1,5.57,1
sglang,few_shot,786,159.03,5.06,164.09,2,12.19,1
sglang,few_shot,787,163.38,0.00,209.17,1,4.78,1
sglang,few_shot,788,123.68,0.00,167.34,1,5.98,1
sglang,few_shot,789,153.11,0.00,197.25,1,5.07,1
sglang,few_shot,790,140.76,0.00,187.05,1,5.35,1
sglang,few_shot,791,160.18,0.00,194.99,1,5.13,1
sglang,few_shot,792,133.96,0.00,173.72,1,5.76,1
sglang,few_shot,793,156.60,40.09,196.69,2,10.17,1
sglang,few_shot,794,133.88,43.46,177.33,2,11.28,1
sglang,few_shot,795,193.42,0.00,193.68,1,5.16,1
sglang,few_shot,796,160.73,49.75,210.47,2,9.50,0
sglang,few_shot,797,189.06,0.00,248.76,1,4.02,1
sglang,few_shot,798,191.36,0.00,215.55,1,4.64,1
sglang,few_shot,799,101.99,93.03,195.02,2,10.26,1
sglang,few_shot,800,147.84,87.57,235.41,2,8.50,1
sglang,few_shot,801,159.66,0.00,252.58,1,3.96,1
sglang,few_shot,802,130.90,57.86,188.75,2,10.60,1
sglang,few_shot,803,154.14,90.25,244.39,2,8.18,1
sglang,few_shot,804,119.36,96.40,215.75,2,9.27,1
sglang,few_shot,805,155.81,0.00,250.10,1,4.00,1
sglang,few_shot,806,180.25,57.78,238.03,2,8.40,1
sglang,few_shot,807,96.70,0.00,197.25,1,5.07,1
sglang,few_shot,808,134.31,94.74,229.05,2,8.73,1
sglang,few_shot,809,162.78,63.74,226.51,2,8.83,1
sglang,few_shot,810,129.99,0.00,237.76,1,4.21,1
sglang,few_shot,811,157.16,0.00,229.43,1,4.36,1
sglang,few_shot,812,126.38,0.00,192.07,1,5.21,1
sglang,few_shot,813,187.79,81.32,269.11,2,7.43,1
sglang,few_shot,814,143.63,58.95,202.57,2,9.87,1
sglang,few_shot,815,138.54,108.80,247.33,2,8.09,1
sglang,few_shot,816,148.80,83.23,232.03,2,8.62,1
sglang,few_shot,817,142.51,109.29,251.80,2,7.94,1
sglang,few_shot,818,132.68,75.44,208.12,2,9.61,1
sglang,few_shot,819,160.84,62.21,223.06,2,8.97,1
sglang,few_shot,820,152.04,81.55,233.59,2,8.56,1
sglang,few_shot,821,181.89,86.96,268.85,2,7.44,1
sglang,few_shot,822,144.30,83.52,227.82,2,8.78,1
sglang,few_shot,823,154.00,113.48,267.49,2,7.48,1
sglang,few_shot,824,137.82,74.40,212.22,2,9.42,1
sglang,few_shot,825,138.60,0.00,220.24,1,4.54,1
sglang,few_shot,826,158.57,79.00,237.57,2,8.42,1
sglang,few_shot,827,167.17,119.79,286.96,2,6.97,1
sglang,few_shot,828,142.77,124.69,267.46,2,7.48,1
sglang,few_shot,829,191.52,0.00,280.86,1,3.56,1
sglang,few_shot,830,129.51,98.75,228.26,2,8.76,1
sglang,few_shot,831,129.77,0.00,227.60,1,4.39,1
sglang,few_shot,832,133.95,100.73,234.68,2,8.52,0
sglang,few_shot,833,596.75,0.00,611.24,1,1.64,1
sglang,few_shot,834,639.39,0.00,648.97,1,1.54,1
sglang,few_shot,835,587.10,0.00,616.83,1,1.62,1
sglang,few_shot,836,595.37,0.00,610.41,1,1.64,1
sglang,few_shot,837,609.93,0.00,650.72,1,1.54,1
sglang,few_shot,838,605.88,0.00,635.40,1,1.57,1
sglang,few_shot,839,603.45,0.00,628.76,1,1.59,1
sglang,few_shot,840,585.08,0.00,609.52,1,1.64,1
sglang,few_shot,841,628.43,0.00,666.10,1,1.50,1
sglang,few_shot,842,596.22,0.00,601.39,1,1.66,1
sglang,few_shot,843,615.17,0.38,615.55,2,3.25,1
sglang,few_shot,844,608.31,44.94,653.24,2,3.06,1
sglang,few_shot,845,617.83,0.00,664.98,1,1.50,1
sglang,few_shot,846,604.51,0.00,642.35,1,1.56,1
sglang,few_shot,847,610.83,48.39,659.22,2,3.03,1
sglang,few_shot,848,613.19,0.00,637.99,1,1.57,1
sglang,few_shot,849,621.72,0.00,664.21,1,1.51,1
sglang,few_shot,850,580.56,41.63,622.18,2,3.21,1
sglang,few_shot,851,616.86,0.00,672.37,1,1.49,1
sglang,few_shot,852,590.23,55.10,645.33,2,3.10,1
sglang,few_shot,853,620.55,0.00,640.37,1,1.56,1
sglang,few_shot,854,595.25,0.00,625.14,1,1.60,1
sglang,few_shot,855,620.58,0.00,620.83,1,1.61,1
sglang,few_shot,856,82.55,0.00,659.99,1,1.52,1
sglang,few_shot,857,599.65,34.73,634.38,2,3.15,1
sglang,few_shot,858,613.59,0.00,665.27,1,1.50,1
sglang,few_shot,859,605.37,0.00,651.40,1,1.54,1
sglang,few_shot,860,601.13,0.00,645.25,1,1.55,1
sglang,few_shot,861,600.48,60.10,660.57,2,3.03,1
sglang,few_shot,862,587.20,0.00,638.68,1,1.57,1
sglang,few_shot,863,634.15,74.32,708.47,2,2.82,0
sglang,few_shot,864,616.00,29.36,645.36,2,3.10,1
sglang,few_shot,865,631.39,0.00,656.49,1,1.52,1
sglang,few_shot,866,582.36,58.56,640.91,2,3.12,1
sglang,few_shot,867,607.78,64.84,672.62,2,2.97,1
sglang,few_shot,868,670.15,9.97,680.12,2,2.94,1
sglang,few_shot,869,616.34,0.00,700.91,1,1.43,1
sglang,few_shot,870,633.78,67.58,701.36,2,2.85,1
sglang,few_shot,871,648.16,0.00,696.88,1,1.43,1
sglang,few_shot,872,626.44,68.16,694.60,2,2.88,1
sglang,few_shot,873,710.56,5.06,715.62,2,2.79,1
sglang,few_shot,874,640.86,0.00,661.32,1,1.51,1
sglang,few_shot,875,636.29,73.29,709.58,2,2.82,1
sglang,few_shot,876,635.90,78.66,714.55,2,2.80,1
sglang,few_shot,877,608.54,72.12,680.66,2,2.94,1
sglang,few_shot,878,651.68,15.09,666.78,2,3.00,1
sglang,few_shot,879,591.60,0.00,687.11,1,1.46,1
sglang,few_shot,880,614.11,0.00,656.07,1,1.52,1
sglang,few_shot,881,648.34,19.31,667.65,2,3.00,1
sglang,few_shot,882,612.58,0.00,704.67,1,1.42,1
sglang,few_shot,883,630.63,65.48,696.10,2,2.87,1
sglang,few_shot,884,639.86,63.57,703.43,2,2.84,1
sglang,few_shot,885,585.63,0.00,654.54,1,1.53,1
sglang,few_shot,886,635.60,0.00,650.00,1,1.54,1
sglang,few_shot,887,628.43,0.00,657.98,1,1.52,1
sglang,few_shot,888,698.35,0.00,706.63,1,1.42,1
sglang,few_shot,889,583.07,83.49,666.56,2,3.00,1
sglang,few_shot,890,616.62,94.22,710.84,2,2.81,1
sglang,few_shot,891,633.44,50.70,684.14,2,2.92,1
sglang,few_shot,892,602.17,58.94,661.11,2,3.03,1
sglang,few_shot,893,609.37,0.00,692.33,1,1.44,1
sglang,few_shot,894,598.93,0.00,689.30,1,1.45,1
sglang,few_shot,895,584.32,87.47,671.79,2,2.98,1
sglang,few_shot,896,719.87,0.00,734.98,1,1.36,1
sglang,few_shot,897,77.59,0.00,83.70,1,11.95,1
sglang,few_shot,898,129.14,0.00,178.59,1,5.60,1
sglang,few_shot,899,139.89,0.00,182.75,1,5.47,1
sglang,few_shot,900,102.28,0.00,148.15,1,6.75,1
sglang,few_shot,901,109.42,0.00,161.26,1,6.20,1
sglang,few_shot,902,171.61,0.00,227.64,1,4.39,1
sglang,few_shot,903,173.22,0.00,197.78,1,5.06,1
sglang,few_shot,904,195.80,0.00,209.86,1,4.77,1
sglang,few_shot,905,128.73,0.00,185.95,1,5.38,1
sglang,few_shot,906,139.10,56.01,195.11,2,10.25,1
sglang,few_shot,907,158.63,0.00,178.36,1,5.61,1
sglang,few_shot,908,147.17,0.00,173.08,1,5.78,1
sglang,few_shot,909,163.74,0.00,202.46,1,4.94,1
sglang,few_shot,910,161.21,0.00,190.64,1,5.25,1
sglang,few_shot,911,88.46,0.00,156.17,1,6.40,1
sglang,few_shot,912,152.26,28.97,181.24,2,11.04,0
sglang,few_shot,913,168.85,0.00,206.50,1,4.84,1
sglang,few_shot,914,140.53,0.00,181.89,1,5.50,1
sglang,few_shot,915,95.67,70.30,165.96,2,12.05,1
sglang,few_shot,916,125.97,77.94,203.91,2,9.81,1
sglang,few_shot,917,100.66,0.00,173.76,1,5.76,1
sglang,few_shot,918,170.53,0.00,216.33,1,4.62,1
sglang,few_shot,919,167.03,0.00,197.10,1,5.07,1
sglang,few_shot,920,147.74,0.00,184.74,1,5.41,1
sglang,few_shot,921,116.86,0.00,224.32,1,4.46,1
sglang,few_shot,922,148.88,45.80,194.68,2,10.27,1
sglang,few_shot,923,128.82,0.00,169.34,1,5.91,1
sglang,few_shot,924,158.06,46.75,204.81,2,9.77,1
sglang,few_shot,925,141.48,0.00,185.61,1,5.39,1
sglang,few_shot,926,117.79,50.65,168.44,2,11.87,1
sglang,few_shot,927,176.65,0.00,234.73,1,4.26,1
sglang,few_shot,928,138.37,56.61,194.98,2,10.26,1
sglang,few_shot,929,179.82,0.00,233.95,1,4.27,1
sglang,few_shot,930,130.48,93.62,224.09,2,8.92,1
sglang,few_shot,931,179.87,0.00,242.17,1,4.13,1
sglang,few_shot,932,114.95,0.00,206.87,1,4.83,1
sglang,few_shot,933,134.13,121.75,255.88,2,7.82,1
sglang,few_shot,934,126.30,123.79,250.09,2,8.00,1
sglang,few_shot,935,163.50,90.04,253.54,2,7.89,1
sglang,few_shot,936,149.10,0.00,241.32,1,4.14,1
sglang,few_shot,937,122.18,0.00,187.17,1,5.34,1
sglang,few_shot,938,153.28,0.00,222.18,1,4.50,1
sglang,few_shot,939,127.82,0.00,187.19,1,5.34,1
sglang,few_shot,940,162.15,93.14,255.29,2,7.83,1
sglang,few_shot,941,194.64,74.46,269.10,2,7.43,1
sglang,few_shot,942,118.08,73.04,191.12,2,10.46,1
sglang,few_shot,943,130.93,0.00,202.84,1,4.93,1
sglang,few_shot,944,171.75,47.49,219.24,2,9.12,1
sglang,few_shot,945,190.32,63.11,253.42,2,7.89,1
sglang,few_shot,946,132.73,0.00,202.10,1,4.95,1
sglang,few_shot,947,159.37,0.00,231.16,1,4.33,1
sglang,few_shot,948,130.67,0.00,196.60,1,5.09,1
sglang,few_shot,949,128.06,62.73,190.79,2,10.48,1
sglang,few_shot,950,140.41,0.00,199.46,1,5.01,1
sglang,few_shot,951,153.86,0.00,210.80,1,4.74,1
sglang,few_shot,952,145.30,55.25,200.55,2,9.97,1
sglang,few_shot,953,109.98,96.91,206.89,2,9.67,1
sglang,few_shot,954,140.72,75.45,216.17,2,9.25,1
sglang,few_shot,955,168.37,93.60,261.97,2,7.63,1
sglang,few_shot,956,121.62,0.00,251.84,1,3.97,1
sglang,few_shot,957,197.64,0.00,260.92,1,3.83,1
sglang,few_shot,958,137.83,105.23,243.06,2,8.23,1
sglang,few_shot,959,142.12,104.35,246.47,2,8.11,1
sglang,few_shot,960,124.48,0.00,185.27,1,5.40,1
sglang,few_shot,961,110.75,0.00,191.44,1,5.22,1
sglang,few_shot,962,96.14,0.00,109.69,1,9.12,1
sglang,few_shot,963,115.86,0.00,137.31,1,7.28,1
sglang,few_shot,964,93.90,0.00,108.91,1,9.18,1
sglang,few_shot,965,132.79,0.00,146.14,1,6.84,1
sglang,few_shot,966,118.22,0.00,137.62,1,7.27,1
sglang,few_shot,967,84.60,0.00,109.15,1,9.16,1
sglang,few_shot,968,109.14,0.00,123.75,1,8.08,1
sglang,few_shot,969,101.73,0.00,117.67,1,8.50,1
sglang,few_shot,970,144.28,0.00,147.54,1,6.78,1
sglang,few_shot,971,143.18,0.00,154.78,1,6.46,1
sglang,few_shot,972,96.48,0.00,121.58,1,8.23,1
sglang,few_shot,973,120.04,0.00,128.16,1,7.80,1
sglang,few_shot,974,111.85,0.00,132.34,1,7.56,1
sglang,few_shot,975,99.94,0.00,124.55,1,8.03,1
sglang,few_shot,976,100.63,0.00,114.40,1,8.74,1
sglang,few_shot,977,121.19,0.00,138.10,1,7.24,1
sglang,few_shot,978,145.29,0.00,155.82,1,6.42,1
sglang,few_shot,979,115.65,0.00,138.36,1,7.23,1
sglang,few_shot,980,106.12,0.00,119.62,1,8.36,1
sglang,few_shot,981,112.65,14.40,127.05,2,15.74,1
sglang,few_shot,982,101.10,18.25,119.35,2,16.76,1
sglang,few_shot,983,124.62,16.05,140.67,2,14.22,1
sglang,few_shot,984,112.66,0.00,132.33,1,7.56,1
sglang,few_shot,985,109.10,0.00,130.75,1,7.65,1
sglang,few_shot,986,128.81,23.29,152.10,2,13.15,1
sglang,few_shot,987,118.14,19.27,137.41,2,14.56,1
sglang,few_shot,988,88.83,34.40,123.23,2,16.23,1
sglang,few_shot,989,138.75,18.11,156.86,2,12.75,1
sglang,few_shot,990,142.06,7.98,150.04,2,13.33,1
sglang,few_shot,991,129.75,31.51,161.26,2,12.40,1
sglang,few_shot,992,112.92,32.76,145.67,2,13.73,1
sglang,few_shot,993,97.14,30.50,127.64,2,15.67,1
sglang,few_shot,994,80.58,66.14,146.72,2,13.63,1
sglang,few_shot,995,110.47,26.88,137.35,2,14.56,0
sglang,few_shot,996,142.79,22.22,165.00,2,12.12,1
sglang,few_shot,997,137.27,29.12,166.38,2,12.02,1
sglang,few_shot,998,119.63,35.23,154.87,2,12.91,1
sglang,few_shot,999,108.14,28.69,136.83,2,14.62,1
sglang,self_consistency,0,70162.62,0.00,70163.00,1,0.01,1
sglang,self_consistency,1,70274.51,0.00,70314.28,1,0.01,1
sglang,self_consistency,2,70163.80,0.00,70181.15,1,0.01,1
sglang,self_consistency,3,70247.31,0.00,70281.50,1,0.01,1
sglang,self_consistency,4,70289.54,0.00,70304.71,1,0.01,1
sglang,self_consistency,5,70219.45,0.00,70224.77,1,0.01,1
sglang,self_consistency,6,70215.47,0.00,70249.19,1,0.01,1
sglang,self_consistency,7,70142.59,0.00,70158.18,1,0.01,1
sglang,self_consistency,8,70188.07,0.00,70225.94,1,0.01,1
sglang,self_consistency,9,70262.02,0.00,70312.16,1,0.01,1
sglang,self_consistency,10,70179.73,0.00,70208.53,1,0.01,1
sglang,self_consistency,11,70211.91,0.00,70217.25,1,0.01,1
sglang,self_consistency,12,70165.97,0.00,70171.24,1,0.01,1
sglang,self_consistency,13,70273.19,0.00,70333.14,1,0.01,1
sglang,self_consistency,14,70188.66,0.00,70214.03,1,0.01,1
sglang,self_consistency,15,70218.05,0.00,70238.55,1,0.01,1
sglang,self_consistency,16,70201.24,0.00,70252.40,1,0.01,1
sglang,self_consistency,17,70168.12,0.00,70193.66,1,0.01,1
sglang,self_consistency,18,70202.06,0.00,70237.70,1,0.01,1
sglang,self_consistency,19,70246.57,0.00,70267.01,1,0.01,1
sglang,self_consistency,20,70259.28,0.00,70325.75,1,0.01,1
sglang,self_consistency,21,70195.00,0.00,70240.59,1,0.01,1
sglang,self_consistency,22,70257.74,0.00,70308.57,1,0.01,1
sglang,self_consistency,23,70252.60,0.00,70252.87,1,0.01,1
sglang,self_consistency,24,70264.03,0.00,70314.88,1,0.01,1
sglang,self_consistency,25,70244.04,0.00,70325.32,1,0.01,1
sglang,self_consistency,26,70177.25,0.00,70177.53,1,0.01,1
sglang,self_consistency,27,70309.39,0.00,70319.62,1,0.01,1
sglang,self_consistency,28,70260.18,0.00,70285.75,1,0.01,1
sglang,self_consistency,29,70300.89,0.00,70311.24,1,0.01,1
sglang,self_consistency,30,70198.56,0.00,70224.13,1,0.01,1
sglang,self_consistency,31,70121.99,0.00,70187.52,1,0.01,1
sglang,self_consistency,32,70287.30,0.00,70364.83,1,0.01,1
sglang,self_consistency,33,70257.39,0.00,70336.70,1,0.01,1
sglang,self_consistency,34,70274.67,0.00,70299.98,1,0.01,1
sglang,self_consistency,35,70227.60,0.00,70316.98,1,0.01,1
sglang,self_consistency,36,70159.84,0.00,70233.61,1,0.01,1
sglang,self_consistency,37,70214.70,0.00,70214.99,1,0.01,1
sglang,self_consistency,38,70192.37,0.00,70227.96,1,0.01,1
sglang,self_consistency,39,70331.52,0.00,70361.99,1,0.01,1
sglang,self_consistency,40,70231.57,0.00,70325.50,1,0.01,1
sglang,self_consistency,41,70284.45,0.00,70391.04,1,0.01,1
sglang,self_consistency,42,70260.92,0.00,70363.51,1,0.01,1
sglang,self_consistency,43,70196.20,0.00,70201.51,1,0.01,1
sglang,self_consistency,44,70166.82,0.00,70249.94,1,0.01,1
sglang,self_consistency,45,70158.05,0.00,70233.91,1,0.01,1
sglang,self_consistency,46,70245.21,0.00,70255.57,1,0.01,1
sglang,self_consistency,47,70174.94,0.00,70215.45,1,0.01,1
sglang,self_consistency,48,70261.00,0.00,70316.77,1,0.01,1
sglang,self_consistency,49,70276.08,0.00,70392.39,1,0.01,1
sglang,self_consistency,50,70249.94,0.00,70358.73,1,0.01,1
sglang,self_consistency,51,70252.22,0.00,70262.42,1,0.01,1
sglang,self_consistency,52,70191.40,0.00,70201.74,1,0.01,1
sglang,self_consistency,53,70221.52,0.00,70277.47,1,0.01,1
sglang,self_consistency,54,70265.80,0.00,70316.61,1,0.01,1
sglang,self_consistency,55,70117.78,0.00,70213.23,1,0.01,1
sglang,self_consistency,56,70269.56,0.00,70397.14,1,0.01,1
sglang,self_consistency,57,70202.07,0.00,70319.15,1,0.01,1
sglang,self_consistency,58,70386.28,0.00,70386.57,1,0.01,1
sglang,self_consistency,59,70251.70,0.00,70277.29,1,0.01,1
sglang,self_consistency,60,70157.44,0.00,70417.89,1,0.01,1
sglang,self_consistency,61,70296.31,0.00,70337.14,1,0.01,1
sglang,self_consistency,62,70174.24,0.00,70294.22,1,0.01,1
sglang,self_consistency,63,70331.01,0.00,70386.81,1,0.01,1
sglang,self_consistency,64,70267.85,0.00,70405.23,1,0.01,1
sglang,self_consistency,65,70252.43,0.00,70383.82,1,0.01,1
sglang,self_consistency,66,70126.93,0.00,70243.91,1,0.01,1
sglang,self_consistency,67,70260.20,0.00,70404.70,1,0.01,1
sglang,self_consistency,68,70175.78,0.00,70261.78,1,0.01,1
sglang,self_consistency,69,70269.87,0.00,70290.23,1,0.01,1
sglang,self_consistency,70,70133.30,0.00,70239.72,1,0.01,1
sglang,self_consistency,71,70294.82,0.00,70315.13,1,0.01,1
sglang,self_consistency,72,70302.09,0.00,70317.62,1,0.01,1
sglang,self_consistency,73,70282.49,0.00,70282.81,1,0.01,1
sglang,self_consistency,74,70389.69,0.00,70400.19,1,0.01,1
sglang,self_consistency,75,70278.12,0.00,70432.69,1,0.01,1
sglang,self_consistency,76,70255.59,0.00,70265.95,1,0.01,1
sglang,self_consistency,77,70342.12,0.00,70402.68,1,0.01,1
sglang,self_consistency,78,70235.23,0.00,70378.52,1,0.01,1
sglang,self_consistency,79,70265.02,0.00,70423.36,1,0.01,1
sglang,self_consistency,80,70209.10,0.00,70350.90,1,0.01,1
sglang,self_consistency,81,70262.62,0.00,70417.45,1,0.01,1
sglang,self_consistency,82,70272.64,0.00,70313.42,1,0.01,1
sglang,self_consistency,83,70286.81,0.00,70444.14,1,0.01,1
sglang,self_consistency,84,70308.88,0.00,70309.11,1,0.01,1
sglang,self_consistency,85,70173.05,0.00,70248.96,1,0.01,1
sglang,self_consistency,86,70206.44,0.00,70348.55,1,0.01,1
sglang,self_consistency,87,70401.50,0.00,70446.83,1,0.01,1
sglang,self_consistency,88,70325.42,0.00,70330.59,1,0.01,1
sglang,self_consistency,89,70278.83,0.00,70279.09,1,0.01,1
sglang,self_consistency,90,70230.41,0.00,70403.23,1,0.01,1
sglang,self_consistency,91,70141.41,0.00,70278.37,1,0.01,1
sglang,self_consistency,92,70210.10,0.00,70310.37,1,0.01,1
sglang,self_consistency,93,70265.05,0.00,70275.41,1,0.01,1
sglang,self_consistency,94,70164.09,0.00,70280.17,1,0.01,1
sglang,self_consistency,95,70212.85,0.00,70379.99,1,0.01,1
sglang,self_consistency,96,70275.72,0.00,70290.77,1,0.01,1
sglang,self_consistency,97,70300.90,0.00,70306.22,1,0.01,1
sglang,self_consistency,98,70233.49,0.00,70410.81,1,0.01,1
sglang,self_consistency,99,70176.09,0.00,70335.75,1,0.01,1
sglang,self_consistency,100,70215.96,0.00,70378.40,1,0.01,1
sglang,self_consistency,101,70239.99,0.00,70316.06,1,0.01,1
sglang,self_consistency,102,70144.41,0.00,70274.89,1,0.01,1
sglang,self_consistency,103,70243.42,0.00,70426.45,1,0.01,1
sglang,self_consistency,104,70235.02,0.00,70409.77,1,0.01,1
sglang,self_consistency,105,70318.26,0.00,70373.81,1,0.01,1
sglang,self_consistency,106,70161.63,0.00,70347.89,1,0.01,1
sglang,self_consistency,107,70318.45,0.00,70318.70,1,0.01,1
sglang,self_consistency,108,70249.15,0.00,70436.99,1,0.01,1
sglang,self_consistency,109,70301.67,0.00,70447.35,1,0.01,1
sglang,self_consistency,110,70266.21,0.00,70471.21,1,0.01,1
sglang,self_consistency,111,70243.59,0.00,70390.42,1,0.01,1
sglang,self_consistency,112,70257.10,0.00,70457.10,1,0.01,1
sglang,self_consistency,113,70334.38,0.00,70367.70,1,0.01,1
sglang,self_consistency,114,70245.71,0.00,70381.43,1,0.01,1
sglang,self_consistency,115,70211.61,0.00,70316.61,1,0.01,1
sglang,self_consistency,116,70291.73,0.00,70291.99,1,0.01,1
sglang,self_consistency,117,70376.02,0.00,70399.83,1,0.01,1
sglang,self_consistency,118,70300.14,0.00,70319.72,1,0.01,1
sglang,self_consistency,119,70369.30,0.00,70388.55,1,0.01,1
sglang,self_consistency,120,70336.54,0.00,70340.33,1,0.01,1
sglang,self_consistency,121,70328.51,0.00,70333.56,1,0.01,1
sglang,self_consistency,122,70434.81,0.00,70437.16,1,0.01,1
sglang,self_consistency,123,70271.76,0.00,70318.05,1,0.01,1
sglang,self_consistency,124,70452.72,0.00,70452.95,1,0.01,1
sglang,self_consistency,125,70355.51,0.00,70409.92,1,0.01,1
sglang,self_consistency,126,70394.24,0.00,70425.77,1,0.01,1
sglang,self_consistency,127,70279.37,0.00,70509.54,1,0.01,1
sglang,self_consistency,128,254.20,0.00,347.63,1,2.88,1
sglang,self_consistency,129,127.06,0.00,228.58,1,4.37,1
sglang,self_consistency,130,273.31,0.00,347.00,1,2.88,1
sglang,self_consistency,131,226.51,0.00,330.26,1,3.03,1
sglang,self_consistency,132,251.56,0.00,318.99,1,3.13,1
sglang,self_consistency,133,237.03,0.00,297.87,1,3.36,1
sglang,self_consistency,134,171.90,0.00,221.98,1,4.50,1
sglang,self_consistency,135,186.93,0.00,220.19,1,4.54,1
sglang,self_consistency,136,245.14,0.00,288.30,1,3.47,1
sglang,self_consistency,137,127.07,0.00,280.49,1,3.57,1
sglang,self_consistency,138,287.72,0.00,339.25,1,2.95,1
sglang,self_consistency,139,190.26,0.00,235.96,1,4.24,1
sglang,self_consistency,140,172.77,0.00,213.44,1,4.69,1
sglang,self_consistency,141,134.65,0.00,220.91,1,4.53,1
sglang,self_consistency,142,290.52,0.00,376.84,1,2.65,1
sglang,self_consistency,143,209.87,0.00,269.33,1,3.71,1
sglang,self_consistency,144,201.95,0.00,288.42,1,3.47,1
sglang,self_consistency,145,192.58,0.00,270.32,1,3.70,1
sglang,self_consistency,146,234.19,0.00,327.13,1,3.06,1
sglang,self_consistency,147,331.72,0.00,386.19,1,2.59,1
sglang,self_consistency,148,104.49,0.00,238.53,1,4.19,1
sglang,self_consistency,149,196.36,0.00,249.51,1,4.01,1
sglang,self_consistency,150,275.27,0.00,378.84,1,2.64,1
sglang,self_consistency,151,222.75,0.00,264.27,1,3.78,1
sglang,self_consistency,152,246.25,0.00,309.11,1,3.24,1
sglang,self_consistency,153,237.88,0.00,327.50,1,3.05,1
sglang,self_consistency,154,266.67,0.00,333.82,1,3.00,1
sglang,self_consistency,155,264.74,0.00,330.24,1,3.03,1
sglang,self_consistency,156,211.15,0.00,266.68,1,3.75,1
sglang,self_consistency,157,271.53,0.00,347.00,1,2.88,1
sglang,self_consistency,158,200.16,0.00,349.31,1,2.86,1
sglang,self_consistency,159,175.16,0.00,322.07,1,3.10,1
sglang,self_consistency,160,246.88,0.00,330.05,1,3.03,1
sglang,self_consistency,161,320.20,0.00,340.36,1,2.94,1
sglang,self_consistency,162,177.92,0.00,259.44,1,3.85,1
sglang,self_consistency,163,164.96,0.00,281.12,1,3.56,1
sglang,self_consistency,164,180.74,0.00,291.86,1,3.43,1
sglang,self_consistency,165,243.82,0.00,253.72,1,3.94,1
sglang,self_consistency,166,266.86,0.00,423.76,1,2.36,1
sglang,self_consistency,167,173.26,0.00,282.10,1,3.54,1
sglang,self_consistency,168,306.48,0.00,380.69,1,2.63,1
sglang,self_consistency,169,242.56,0.00,372.87,1,2.68,1
sglang,self_consistency,170,252.54,0.00,292.86,1,3.41,1
sglang,self_consistency,171,207.69,0.00,370.40,1,2.70,1
sglang,self_consistency,172,331.20,0.00,394.63,1,2.53,1
sglang,self_consistency,173,197.60,0.00,281.72,1,3.55,1
sglang,self_consistency,174,180.15,0.00,314.29,1,3.18,1
sglang,self_consistency,175,214.41,0.00,338.66,1,2.95,1
sglang,self_consistency,176,236.12,0.00,291.87,1,3.43,1
sglang,self_consistency,177,270.70,0.00,347.91,1,2.87,1
sglang,self_consistency,178,209.26,0.00,288.61,1,3.46,1
sglang,self_consistency,179,225.34,0.00,352.51,1,2.84,1
sglang,self_consistency,180,187.21,0.00,326.09,1,3.07,1
sglang,self_consistency,181,262.14,0.00,436.50,1,2.29,1
sglang,self_consistency,182,243.98,0.00,368.97,1,2.71,1
sglang,self_consistency,183,310.54,0.00,410.82,1,2.43,1
sglang,self_consistency,184,306.79,0.00,437.76,1,2.28,1
sglang,self_consistency,185,242.06,0.00,330.76,1,3.02,1
sglang,self_consistency,186,203.49,0.00,329.82,1,3.03,1
sglang,self_consistency,187,171.04,0.00,278.64,1,3.59,1
sglang,self_consistency,188,264.37,0.00,374.03,1,2.67,1
sglang,self_consistency,189,204.14,0.00,301.20,1,3.32,1
sglang,self_consistency,190,183.41,0.00,293.14,1,3.41,1
sglang,self_consistency,191,235.58,0.00,350.58,1,2.85,1
sglang,self_consistency,192,323.50,0.00,399.25,1,2.50,1
sglang,self_consistency,193,194.16,0.00,286.92,1,3.49,1
sglang,self_consistency,194,292.96,0.00,446.44,1,2.24,1
sglang,self_consistency,195,262.56,0.00,448.18,1,2.23,1
sglang,self_consistency,196,121.75,0.00,307.05,1,3.26,1
sglang,self_consistency,197,187.62,0.00,295.61,1,3.38,1
sglang,self_consistency,198,268.33,0.00,383.44,1,2.61,1
sglang,self_consistency,199,372.78,0.00,462.72,1,2.16,1
sglang,self_consistency,200,204.15,0.00,399.01,1,2.51,1
sglang,self_consistency,201,315.85,0.00,418.32,1,2.39,1
sglang,self_consistency,202,230.19,0.00,280.61,1,3.56,1
sglang,self_consistency,203,255.82,0.00,383.78,1,2.61,1
sglang,self_consistency,204,236.20,0.00,344.65,1,2.90,1
sglang,self_consistency,205,239.08,0.00,349.54,1,2.86,1
sglang,self_consistency,206,289.58,0.00,417.91,1,2.39,1
sglang,self_consistency,207,240.70,0.00,356.51,1,2.80,1
sglang,self_consistency,208,210.07,0.00,366.62,1,2.73,1
sglang,self_consistency,209,261.21,0.00,460.49,1,2.17,1
sglang,self_consistency,210,210.76,0.00,369.19,1,2.71,1
sglang,self_consistency,211,194.53,0.00,356.75,1,2.80,1
sglang,self_consistency,212,286.13,0.00,453.94,1,2.20,1
sglang,self_consistency,213,283.83,0.00,442.96,1,2.26,1
sglang,self_consistency,214,429.50,0.00,434.62,1,2.30,1
sglang,self_consistency,215,212.58,0.00,345.60,1,2.89,1
sglang,self_consistency,216,195.70,0.00,315.21,1,3.17,1
sglang,self_consistency,217,253.14,0.00,429.65,1,2.33,1
sglang,self_consistency,218,180.14,0.00,298.72,1,3.35,1
sglang,self_consistency,219,167.56,0.00,302.99,1,3.30,1
sglang,self_consistency,220,153.60,0.00,338.34,1,2.96,1
sglang,self_consistency,221,212.75,0.00,332.77,1,3.01,1
sglang,self_consistency,222,169.25,0.00,300.47,1,3.33,1
sglang,self_consistency,223,230.27,0.00,357.07,1,2.80,1
sglang,self_consistency,224,330.19,0.00,460.79,1,2.17,1
sglang,self_consistency,225,237.61,0.00,411.80,1,2.43,1
sglang,self_consistency,226,274.81,0.00,432.29,1,2.31,1
sglang,self_consistency,227,213.77,0.00,399.99,1,2.50,1
sglang,self_consistency,228,313.73,0.00,435.37,1,2.30,1
sglang,self_consistency,229,166.19,0.00,305.20,1,3.28,1
sglang,self_consistency,230,281.06,0.00,460.73,1,2.17,1
sglang,self_consistency,231,239.03,0.00,359.92,1,2.78,1
sglang,self_consistency,232,143.17,0.00,330.16,1,3.03,1
sglang,self_consistency,233,238.65,0.00,427.50,1,2.34,1
sglang,self_consistency,234,252.63,0.00,387.86,1,2.58,1
sglang,self_consistency,235,335.97,0.00,494.71,1,2.02,1
sglang,self_consistency,236,175.42,0.00,325.32,1,3.07,1
sglang,self_consistency,237,333.39,0.00,474.61,1,2.11,1
sglang,self_consistency,238,333.11,0.00,489.94,1,2.04,1
sglang,self_consistency,239,172.62,0.00,309.52,1,3.23,1
sglang,self_consistency,240,196.94,0.00,400.31,1,2.50,1
sglang,self_consistency,241,226.57,0.00,417.26,1,2.40,1
sglang,self_consistency,242,254.10,0.00,415.24,1,2.41,1
sglang,self_consistency,243,342.50,0.00,515.13,1,1.94,1
sglang,self_consistency,244,170.44,0.00,320.20,1,3.12,1
sglang,self_consistency,245,277.20,0.00,472.73,1,2.12,1
sglang,self_consistency,246,220.28,0.00,430.35,1,2.32,1
sglang,self_consistency,247,198.09,0.00,340.16,1,2.94,1
sglang,self_consistency,248,314.25,0.00,378.19,1,2.64,1
sglang,self_consistency,249,198.25,0.00,409.67,1,2.44,1
sglang,self_consistency,250,275.52,0.00,474.85,1,2.11,1
sglang,self_consistency,251,254.69,0.00,473.03,1,2.11,1
sglang,self_consistency,252,232.56,0.00,398.59,1,2.51,1
sglang,self_consistency,253,252.01,0.00,422.81,1,2.37,1
sglang,self_consistency,254,292.14,0.00,471.84,1,2.12,1
sglang,self_consistency,255,250.71,0.00,407.42,1,2.45,1
sglang,self_consistency,256,158.79,0.00,306.87,1,3.26,1
sglang,self_consistency,257,246.16,0.00,357.35,1,2.80,1
sglang,self_consistency,258,132.93,0.00,244.52,1,4.09,1
sglang,self_consistency,259,162.02,0.00,277.66,1,3.60,1
sglang,self_consistency,260,149.76,0.00,268.90,1,3.72,1
sglang,self_consistency,261,127.79,0.00,238.98,1,4.18,1
sglang,self_consistency,262,140.81,0.00,262.55,1,3.81,1
sglang,self_consistency,263,151.77,0.00,231.14,1,4.33,1
sglang,self_consistency,264,165.53,0.00,323.87,1,3.09,1
sglang,self_consistency,265,181.98,0.00,278.03,1,3.60,1
sglang,self_consistency,266,243.23,0.00,325.55,1,3.07,1
sglang,self_consistency,267,177.77,0.00,303.16,1,3.30,1
sglang,self_consistency,268,212.70,0.00,315.35,1,3.17,1
sglang,self_consistency,269,149.67,0.00,314.94,1,3.18,1
sglang,self_consistency,270,135.51,0.00,234.22,1,4.27,1
sglang,self_consistency,271,205.35,0.00,331.39,1,3.02,1
sglang,self_consistency,272,258.65,0.00,338.21,1,2.96,1
sglang,self_consistency,273,224.29,0.00,265.86,1,3.76,1
sglang,self_consistency,274,179.36,0.00,243.37,1,4.11,1
sglang,self_consistency,275,171.88,0.00,304.32,1,3.29,1
sglang,self_consistency,276,248.27,0.00,329.79,1,3.03,1
sglang,self_consistency,277,240.70,0.00,350.13,1,2.86,1
sglang,self_consistency,278,202.75,0.00,379.93,1,2.63,1
sglang,self_consistency,279,258.25,0.00,360.10,1,2.78,1
sglang,self_consistency,280,231.47,0.00,378.88,1,2.64,1
sglang,self_consistency,281,153.25,0.00,239.06,1,4.18,1
sglang,self_consistency,282,261.99,0.00,377.69,1,2.65,1
sglang,self_consistency,283,208.30,0.00,315.38,1,3.17,1
sglang,self_consistency,284,222.94,0.00,370.90,1,2.70,1
sglang,self_consistency,285,220.30,0.00,302.84,1,3.30,1
sglang,self_consistency,286,185.81,0.00,239.85,1,4.17,1
sglang,self_consistency,287,156.27,0.00,247.27,1,4.04,1
sglang,self_consistency,288,232.70,0.00,381.50,1,2.62,1
sglang,self_consistency,289,175.85,0.00,367.23,1,2.72,1
sglang,self_consistency,290,319.02,0.00,384.82,1,2.60,1
sglang,self_consistency,291,216.90,0.00,321.75,1,3.11,1
sglang,self_consistency,292,174.11,0.00,301.39,1,3.32,1
sglang,self_consistency,293,193.02,0.00,322.17,1,3.10,1
sglang,self_consistency,294,265.20,0.00,392.70,1,2.55,1
sglang,self_consistency,295,139.32,0.00,301.43,1,3.32,1
sglang,self_consistency,296,164.58,0.00,345.35,1,2.90,1
sglang,self_consistency,297,228.72,0.00,412.72,1,2.42,1
sglang,self_consistency,298,221.13,0.00,318.60,1,3.14,1
sglang,self_consistency,299,204.37,0.00,342.04,1,2.92,1
sglang,self_consistency,300,279.62,0.00,414.88,1,2.41,1
sglang,self_consistency,301,139.70,0.00,302.47,1,3.31,1
sglang,self_consistency,302,215.38,0.00,374.29,1,2.67,1
sglang,self_consistency,303,250.15,0.00,419.68,1,2.38,1
sglang,self_consistency,304,232.12,0.00,398.77,1,2.51,1
sglang,self_consistency,305,247.72,0.00,358.02,1,2.79,1
sglang,self_consistency,306,214.38,0.00,386.87,1,2.58,1
sglang,self_consistency,307,271.61,0.00,407.15,1,2.46,1
sglang,self_consistency,308,143.02,0.00,316.38,1,3.16,1
sglang,self_consistency,309,189.85,0.00,328.70,1,3.04,1
sglang,self_consistency,310,248.61,0.00,388.91,1,2.57,1
sglang,self_consistency,311,176.06,0.00,340.73,1,2.93,1
sglang,self_consistency,312,125.58,0.00,300.49,1,3.33,1
sglang,self_consistency,313,190.52,0.00,396.23,1,2.52,1
sglang,self_consistency,314,267.53,0.00,435.03,1,2.30,1
sglang,self_consistency,315,179.21,0.00,382.70,1,2.61,1
sglang,self_consistency,316,178.63,0.00,389.55,1,2.57,1
sglang,self_consistency,317,305.99,0.00,421.17,1,2.37,1
sglang,self_consistency,318,251.13,0.00,409.16,1,2.44,1
sglang,self_consistency,319,254.20,0.00,403.09,1,2.48,1
sglang,self_consistency,320,195.44,0.00,376.04,1,2.66,1
sglang,self_consistency,321,256.54,0.00,437.50,1,2.29,1
sglang,self_consistency,322,166.86,0.00,350.19,1,2.86,1
sglang,self_consistency,323,234.74,0.00,352.77,1,2.83,1
sglang,self_consistency,324,303.25,0.00,432.63,1,2.31,1
sglang,self_consistency,325,218.42,0.00,406.92,1,2.46,1
sglang,self_consistency,326,175.31,0.00,335.33,1,2.98,1
sglang,self_consistency,327,211.45,0.00,370.25,1,2.70,1
sglang,self_consistency,328,181.24,0.00,341.85,1,2.93,1
sglang,self_consistency,329,246.99,0.00,398.90,1,2.51,1
sglang,self_consistency,330,190.25,0.00,348.46,1,2.87,1
sglang,self_consistency,331,197.53,0.00,351.62,1,2.84,1
sglang,self_consistency,332,151.01,0.00,339.28,1,2.95,1
sglang,self_consistency,333,225.46,0.00,409.44,1,2.44,1
sglang,self_consistency,334,162.22,0.00,390.57,1,2.56,1
sglang,self_consistency,335,236.14,0.00,457.88,1,2.18,1
sglang,self_consistency,336,194.29,0.00,394.35,1,2.54,1
sglang,self_consistency,337,304.85,0.00,436.08,1,2.29,1
sglang,self_consistency,338,257.01,0.00,403.26,1,2.48,1
sglang,self_consistency,339,281.42,0.00,446.83,1,2.24,1
sglang,self_consistency,340,197.18,0.00,372.53,1,2.68,1
sglang,self_consistency,341,170.92,0.00,460.31,1,2.17,1
sglang,self_consistency,342,219.95,0.00,385.87,1,2.59,1
sglang,self_consistency,343,161.87,0.00,369.81,1,2.70,1
sglang,self_consistency,344,221.17,0.00,416.00,1,2.40,1
sglang,self_consistency,345,187.58,0.00,329.48,1,3.04,1
sglang,self_consistency,346,173.76,0.00,322.94,1,3.10,1
sglang,self_consistency,347,186.43,0.00,339.48,1,2.95,1
sglang,self_consistency,348,246.35,0.00,399.20,1,2.51,1
sglang,self_consistency,349,231.65,0.00,432.66,1,2.31,1
sglang,self_consistency,350,276.27,0.00,478.67,1,2.09,1
sglang,self_consistency,351,218.08,0.00,398.12,1,2.51,1
sglang,self_consistency,352,220.90,0.00,399.48,1,2.50,1
sglang,self_consistency,353,204.72,0.00,410.47,1,2.44,1
sglang,self_consistency,354,197.87,0.00,350.37,1,2.85,1
sglang,self_consistency,355,251.69,0.00,414.27,1,2.41,1
sglang,self_consistency,356,187.26,0.00,350.02,1,2.86,1
sglang,self_consistency,357,192.49,0.00,339.54,1,2.95,1
sglang,self_consistency,358,226.12,0.00,391.50,1,2.55,1
sglang,self_consistency,359,237.20,0.00,394.52,1,2.53,1
sglang,self_consistency,360,219.15,0.00,380.24,1,2.63,1
sglang,self_consistency,361,304.37,0.00,497.00,1,2.01,1
sglang,self_consistency,362,198.09,0.00,355.52,1,2.81,1
sglang,self_consistency,363,171.30,0.00,359.08,1,2.78,1
sglang,self_consistency,364,200.12,0.00,380.23,1,2.63,1
sglang,self_consistency,365,170.89,0.00,378.85,1,2.64,1
sglang,self_consistency,366,188.58,0.00,442.86,1,2.26,1
sglang,self_consistency,367,240.58,0.00,485.24,1,2.06,1
sglang,self_consistency,368,159.77,0.00,419.77,1,2.38,1
sglang,self_consistency,369,181.41,0.00,354.04,1,2.82,1
sglang,self_consistency,370,163.79,0.00,356.02,1,2.81,1
sglang,self_consistency,371,202.14,0.00,374.70,1,2.67,1
sglang,self_consistency,372,215.14,0.00,381.34,1,2.62,1
sglang,self_consistency,373,244.67,0.00,432.54,1,2.31,1
sglang,self_consistency,374,180.33,0.00,438.48,1,2.28,1
sglang,self_consistency,375,168.72,0.00,419.41,1,2.38,1
sglang,self_consistency,376,248.93,0.00,419.50,1,2.38,1
sglang,self_consistency,377,266.53,0.00,442.89,1,2.26,1
sglang,self_consistency,378,206.11,0.00,381.27,1,2.62,1
sglang,self_consistency,379,234.55,0.00,405.31,1,2.47,1
sglang,self_consistency,380,293.10,0.00,473.02,1,2.11,1
sglang,self_consistency,381,227.30,0.00,419.57,1,2.38,1
sglang,self_consistency,382,249.79,0.00,493.59,1,2.03,1
sglang,self_consistency,383,221.50,0.00,431.57,1,2.32,1
sglang,self_consistency,384,146.34,0.00,180.76,1,5.53,1
sglang,self_consistency,385,140.72,0.00,158.63,1,6.30,1
sglang,self_consistency,386,137.35,0.00,161.89,1,6.18,1
sglang,self_consistency,387,135.95,0.00,169.35,1,5.90,1
sglang,self_consistency,388,121.62,0.00,158.00,1,6.33,1
sglang,self_consistency,389,157.17,0.00,172.71,1,5.79,1
sglang,self_consistency,390,138.94,0.00,158.57,1,6.31,1
sglang,self_consistency,391,129.14,0.00,163.09,1,6.13,1
sglang,self_consistency,392,153.90,0.00,181.68,1,5.50,1
sglang,self_consistency,393,131.14,0.00,157.24,1,6.36,1
sglang,self_consistency,394,160.99,0.00,194.38,1,5.14,1
sglang,self_consistency,395,77.09,0.00,155.73,1,6.42,1
sglang,self_consistency,396,134.26,0.00,160.70,1,6.22,1
sglang,self_consistency,397,132.85,0.00,175.38,1,5.70,1
sglang,self_consistency,398,122.90,0.00,155.81,1,6.42,1
sglang,self_consistency,399,137.37,0.00,157.73,1,6.34,1
sglang,self_consistency,400,136.64,0.00,172.39,1,5.80,1
sglang,self_consistency,401,165.34,0.00,198.89,1,5.03,1
sglang,self_consistency,402,154.88,0.00,196.96,1,5.08,1
sglang,self_consistency,403,146.92,0.00,181.50,1,5.51,1
sglang,self_consistency,404,130.22,0.00,172.17,1,5.81,1
sglang,self_consistency,405,142.80,0.00,194.06,1,5.15,1
sglang,self_consistency,406,140.33,0.00,187.39,1,5.34,1
sglang,self_consistency,407,138.95,0.00,189.08,1,5.29,1
sglang,self_consistency,408,157.46,0.00,191.98,1,5.21,1
sglang,self_consistency,409,120.08,0.00,169.03,1,5.92,1
sglang,self_consistency,410,163.32,0.00,209.03,1,4.78,1
sglang,self_consistency,411,144.00,0.00,196.02,1,5.10,1
sglang,self_consistency,412,135.39,0.00,185.56,1,5.39,1
sglang,self_consistency,413,119.94,0.00,176.86,1,5.65,1
sglang,self_consistency,414,148.63,0.00,209.18,1,4.78,1
sglang,self_consistency,415,141.69,0.00,189.82,1,5.27,1
sglang,self_consistency,416,144.59,0.00,205.07,1,4.88,1
sglang,self_consistency,417,135.10,0.00,189.24,1,5.28,1
sglang,self_consistency,418,181.40,0.00,347.69,1,2.88,1
sglang,self_consistency,419,225.45,0.00,334.01,1,2.99,1
sglang,self_consistency,420,194.90,0.00,340.16,1,2.94,1
sglang,self_consistency,421,249.54,0.00,422.26,1,2.37,1
sglang,self_consistency,422,179.37,0.00,352.18,1,2.84,1
sglang,self_consistency,423,196.02,0.00,348.12,1,2.87,1
sglang,self_consistency,424,228.13,0.00,344.72,1,2.90,1
sglang,self_consistency,425,167.20,0.00,373.56,1,2.68,1
sglang,self_consistency,426,194.98,0.00,351.12,1,2.85,1
sglang,self_consistency,427,221.63,0.00,336.72,1,2.97,1
sglang,self_consistency,428,229.28,0.00,302.24,1,3.31,1
sglang,self_consistency,429,226.99,0.00,327.43,1,3.05,1
sglang,self_consistency,430,214.99,0.00,274.39,1,3.64,1
sglang,self_consistency,431,216.43,0.00,318.45,1,3.14,1
sglang,self_consistency,432,192.30,0.00,355.88,1,2.81,1
sglang,self_consistency,433,234.45,0.00,312.13,1,3.20,1
sglang,self_consistency,434,228.96,0.00,354.34,1,2.82,1
sglang,self_consistency,435,222.34,0.00,323.63,1,3.09,1
sglang,self_consistency,436,212.12,0.00,345.71,1,2.89,1
sglang,self_consistency,437,233.17,0.00,308.75,1,3.24,1
sglang,self_consistency,438,228.24,0.00,335.41,1,2.98,1
sglang,self_consistency,439,228.35,0.00,303.93,1,3.29,1
sglang,self_consistency,440,227.52,0.00,333.29,1,3.00,1
sglang,self_consistency,441,200.06,0.00,376.40,1,2.66,1
sglang,self_consistency,442,233.45,0.00,313.61,1,3.19,1
sglang,self_consistency,443,189.39,0.00,242.04,1,4.13,1
sglang,self_consistency,444,224.30,0.00,330.84,1,3.02,1
sglang,self_consistency,445,231.63,0.00,351.01,1,2.85,1
sglang,self_consistency,446,203.80,0.00,272.74,1,3.67,1
sglang,self_consistency,447,200.86,0.00,381.98,1,2.62,1
sglang,self_consistency,448,199.08,0.00,269.87,1,3.71,1
sglang,self_consistency,449,235.69,0.00,330.79,1,3.02,1
sglang,self_consistency,450,225.77,0.00,319.65,1,3.13,1
sglang,self_consistency,451,223.62,0.00,346.37,1,2.89,1
sglang,self_consistency,452,213.93,0.00,371.55,1,2.69,1
sglang,self_consistency,453,211.24,0.00,278.77,1,3.59,1
sglang,self_consistency,454,239.21,0.00,331.18,1,3.02,1
sglang,self_consistency,455,198.52,0.00,268.23,1,3.73,1
sglang,self_consistency,456,218.45,0.00,345.02,1,2.90,1
sglang,self_consistency,457,193.22,0.00,270.04,1,3.70,1
sglang,self_consistency,458,211.93,0.00,369.87,1,2.70,1
sglang,self_consistency,459,191.68,0.00,261.66,1,3.82,1
sglang,self_consistency,460,191.94,0.00,289.83,1,3.45,1
sglang,self_consistency,461,210.97,0.00,379.25,1,2.64,1
sglang,self_consistency,462,246.81,0.00,344.49,1,2.90,1
sglang,self_consistency,463,187.06,0.00,268.48,1,3.72,1
sglang,self_consistency,464,221.63,0.00,361.06,1,2.77,1
sglang,self_consistency,465,216.30,0.00,386.33,1,2.59,1
sglang,self_consistency,466,184.83,0.00,414.46,1,2.41,1
sglang,self_consistency,467,243.19,0.00,376.88,1,2.65,1
sglang,self_consistency,468,227.98,0.00,338.72,1,2.95,1
sglang,self_consistency,469,212.66,0.00,387.68,1,2.58,1
sglang,self_consistency,470,203.12,0.00,293.56,1,3.41,1
sglang,self_consistency,471,203.26,0.00,284.84,1,3.51,1
sglang,self_consistency,472,221.49,0.00,342.23,1,2.92,1
sglang,self_consistency,473,239.26,0.00,361.81,1,2.76,1
sglang,self_consistency,474,220.28,0.00,395.32,1,2.53,1
sglang,self_consistency,475,231.46,0.00,385.12,1,2.60,1
sglang,self_consistency,476,197.19,0.00,293.09,1,3.41,1
sglang,self_consistency,477,252.40,0.00,369.43,1,2.71,1
sglang,self_consistency,478,205.72,0.00,299.93,1,3.33,1
sglang,self_consistency,479,237.69,0.00,363.72,1,2.75,1
sglang,self_consistency,480,185.64,0.00,289.97,1,3.45,1
sglang,self_consistency,481,229.88,0.00,352.18,1,2.84,1
sglang,self_consistency,482,213.37,0.00,407.16,1,2.46,1
sglang,self_consistency,483,245.65,0.00,372.96,1,2.68,1
sglang,self_consistency,484,230.44,0.00,393.71,1,2.54,1
sglang,self_consistency,485,204.64,0.00,315.59,1,3.17,1
sglang,self_consistency,486,218.24,0.00,408.82,1,2.45,1
sglang,self_consistency,487,191.76,0.00,307.34,1,3.25,1
sglang,self_consistency,488,211.22,0.00,402.58,1,2.48,1
sglang,self_consistency,489,183.72,0.00,438.24,1,2.28,1
sglang,self_consistency,490,208.49,0.00,348.91,1,2.87,1
sglang,self_consistency,491,202.58,0.00,317.56,1,3.15,1
sglang,self_consistency,492,230.17,0.00,377.55,1,2.65,1
sglang,self_consistency,493,188.10,0.00,300.75,1,3.32,1
sglang,self_consistency,494,220.58,0.00,388.62,1,2.57,1
sglang,self_consistency,495,213.92,0.00,326.10,1,3.07,1
sglang,self_consistency,496,245.24,0.00,386.88,1,2.58,1
sglang,self_consistency,497,195.30,0.00,320.36,1,3.12,1
sglang,self_consistency,498,238.80,0.00,377.83,1,2.65,1
sglang,self_consistency,499,230.01,0.00,404.76,1,2.47,1
sglang,self_consistency,500,228.60,0.00,342.44,1,2.92,1
sglang,self_consistency,501,238.59,0.00,379.91,1,2.63,1
sglang,self_consistency,502,225.56,0.00,369.85,1,2.70,1
sglang,self_consistency,503,225.32,0.00,405.26,1,2.47,1
sglang,self_consistency,504,205.80,0.00,336.77,1,2.97,1
sglang,self_consistency,505,226.67,0.00,387.90,1,2.58,1
sglang,self_consistency,506,222.17,0.00,413.60,1,2.42,1
sglang,self_consistency,507,225.40,0.00,385.50,1,2.59,1
sglang,self_consistency,508,226.37,0.00,407.59,1,2.45,1
sglang,self_consistency,509,224.18,0.00,441.53,1,2.26,1
sglang,self_consistency,510,198.50,0.00,338.26,1,2.96,1
sglang,self_consistency,511,231.93,0.00,400.03,1,2.50,1
sglang,self_consistency,512,236.78,0.00,392.87,1,2.55,1
sglang,self_consistency,513,226.92,0.00,412.27,1,2.43,1
sglang,self_consistency,514,233.50,0.00,424.01,1,2.36,1
sglang,self_consistency,515,224.83,0.00,426.88,1,2.34,1
sglang,self_consistency,516,207.43,0.00,372.33,1,2.69,1
sglang,self_consistency,517,215.74,0.00,438.80,1,2.28,1
sglang,self_consistency,518,227.54,0.00,449.07,1,2.23,1
sglang,self_consistency,519,232.52,0.00,401.82,1,2.49,1
sglang,self_consistency,520,228.88,0.00,429.43,1,2.33,1
sglang,self_consistency,521,198.88,0.00,339.92,1,2.94,1
sglang,self_consistency,522,248.80,0.00,417.20,1,2.40,1
sglang,self_consistency,523,219.07,0.00,455.99,1,2.19,1
sglang,self_consistency,524,237.75,0.00,443.42,1,2.26,1
sglang,self_consistency,525,210.49,0.00,446.54,1,2.24,1
sglang,self_consistency,526,217.30,0.00,456.85,1,2.19,1
sglang,self_consistency,527,217.72,0.00,459.36,1,2.18,1
sglang,self_consistency,528,229.52,0.00,414.97,1,2.41,1
sglang,self_consistency,529,236.24,0.00,444.30,1,2.25,1
sglang,self_consistency,530,213.77,0.00,449.33,1,2.23,1
sglang,self_consistency,531,218.40,0.00,454.22,1,2.20,1
sglang,self_consistency,532,207.49,0.00,359.95,1,2.78,1
sglang,self_consistency,533,215.08,0.00,369.96,1,2.70,1
sglang,self_consistency,534,201.20,0.00,351.85,1,2.84,1
sglang,self_consistency,535,222.37,0.00,435.28,1,2.30,1
sglang,self_consistency,536,193.69,0.00,354.57,1,2.82,1
sglang,self_consistency,537,186.81,0.00,357.72,1,2.80,1
sglang,self_consistency,538,195.81,0.00,353.73,1,2.83,1
sglang,self_consistency,539,191.89,0.00,480.04,1,2.08,1
sglang,self_consistency,540,202.16,0.00,368.05,1,2.72,1
sglang,self_consistency,541,197.22,0.00,358.69,1,2.79,1
sglang,self_consistency,542,197.54,0.00,372.88,1,2.68,1
sglang,self_consistency,543,194.06,0.00,368.47,1,2.71,1
sglang,self_consistency,544,222.02,0.00,428.59,1,2.33,1
sglang,self_consistency,545,213.87,0.00,392.90,1,2.55,1
sglang,self_consistency,546,139.51,0.00,257.06,1,3.89,1
sglang,self_consistency,547,134.06,0.00,284.70,1,3.51,1
sglang,self_consistency,548,176.32,0.00,328.92,1,3.04,1
sglang,self_consistency,549,166.23,0.00,281.24,1,3.56,1
sglang,self_consistency,550,202.94,0.00,360.91,1,2.77,1
sglang,self_consistency,551,205.76,0.00,290.65,1,3.44,1
sglang,self_consistency,552,211.16,0.00,339.03,1,2.95,1
sglang,self_consistency,553,160.53,0.00,246.29,1,4.06,1
sglang,self_consistency,554,162.47,0.00,350.73,1,2.85,1
sglang,self_consistency,555,215.00,0.00,311.19,1,3.21,1
sglang,self_consistency,556,200.75,0.00,369.78,1,2.70,1
sglang,self_consistency,557,201.74,0.00,306.34,1,3.26,1
sglang,self_consistency,558,228.35,0.00,256.14,1,3.90,1
sglang,self_consistency,559,222.85,0.00,324.67,1,3.08,1
sglang,self_consistency,560,144.85,0.00,318.19,1,3.14,1
sglang,self_consistency,561,229.00,0.00,296.60,1,3.37,1
sglang,self_consistency,562,209.46,0.00,264.67,1,3.78,1
sglang,self_consistency,563,174.62,0.00,280.98,1,3.56,1
sglang,self_consistency,564,154.16,0.00,331.99,1,3.01,1
sglang,self_consistency,565,226.23,0.00,343.77,1,2.91,1
sglang,self_consistency,566,313.49,0.00,360.49,1,2.77,1
sglang,self_consistency,567,188.58,0.00,302.63,1,3.30,1
sglang,self_consistency,568,197.97,0.00,337.42,1,2.96,1
sglang,self_consistency,569,208.15,0.00,294.33,1,3.40,1
sglang,self_consistency,570,205.61,0.00,249.71,1,4.00,1
sglang,self_consistency,571,225.48,0.00,314.59,1,3.18,1
sglang,self_consistency,572,183.30,0.00,327.43,1,3.05,1
sglang,self_consistency,573,267.32,0.00,317.50,1,3.15,1
sglang,self_consistency,574,248.52,0.00,374.02,1,2.67,1
sglang,self_consistency,575,151.36,0.00,267.76,1,3.73,1
sglang,self_consistency,576,242.88,0.00,305.04,1,3.28,1
sglang,self_consistency,577,266.94,0.00,400.00,1,2.50,1
sglang,self_consistency,578,230.70,0.00,294.30,1,3.40,1
sglang,self_consistency,579,227.88,0.00,387.82,1,2.58,1
sglang,self_consistency,580,163.55,0.00,268.47,1,3.72,1
sglang,self_consistency,581,223.14,0.00,322.71,1,3.10,1
sglang,self_consistency,582,191.46,0.00,393.89,1,2.54,1
sglang,self_consistency,583,218.51,0.00,315.01,1,3.17,1
sglang,self_consistency,584,308.86,0.00,403.26,1,2.48,1
sglang,self_consistency,585,183.29,0.00,346.40,1,2.89,1
sglang,self_consistency,586,169.69,0.00,279.03,1,3.58,1
sglang,self_consistency,587,206.73,0.00,282.32,1,3.54,1
sglang,self_consistency,588,228.41,0.00,305.40,1,3.27,1
sglang,self_consistency,589,224.07,0.00,358.80,1,2.79,1
sglang,self_consistency,590,169.61,0.00,317.53,1,3.15,1
sglang,self_consistency,591,214.69,0.00,359.36,1,2.78,1
sglang,self_consistency,592,160.76,0.00,273.59,1,3.66,1
sglang,self_consistency,593,221.43,0.00,294.36,1,3.40,1
sglang,self_consistency,594,128.32,0.00,374.37,1,2.67,1
sglang,self_consistency,595,203.72,0.00,383.04,1,2.61,1
sglang,self_consistency,596,227.54,0.00,321.69,1,3.11,1
sglang,self_consistency,597,195.62,0.00,378.47,1,2.64,1
sglang,self_consistency,598,126.00,0.00,313.26,1,3.19,1
sglang,self_consistency,599,168.46,0.00,292.33,1,3.42,1
sglang,self_consistency,600,180.02,0.00,260.98,1,3.83,1
sglang,self_consistency,601,184.84,0.00,372.68,1,2.68,1
sglang,self_consistency,602,225.41,0.00,411.49,1,2.43,1
sglang,self_consistency,603,209.47,0.00,311.33,1,3.21,1
sglang,self_consistency,604,186.80,0.00,303.17,1,3.30,1
sglang,self_consistency,605,208.00,0.00,294.31,1,3.40,1
sglang,self_consistency,606,218.25,0.00,344.13,1,2.91,1
sglang,self_consistency,607,184.55,0.00,285.73,1,3.50,1
sglang,self_consistency,608,203.16,0.00,337.15,1,2.97,1
sglang,self_consistency,609,259.42,0.00,424.80,1,2.35,1
sglang,self_consistency,610,210.64,0.00,299.98,1,3.33,1
sglang,self_consistency,611,168.38,0.00,297.84,1,3.36,1
sglang,self_consistency,612,267.16,0.00,372.46,1,2.68,1
sglang,self_consistency,613,189.32,0.00,313.54,1,3.19,1
sglang,self_consistency,614,177.52,0.00,341.14,1,2.93,1
sglang,self_consistency,615,207.06,0.00,307.14,1,3.26,1
sglang,self_consistency,616,173.38,0.00,380.54,1,2.63,1
sglang,self_consistency,617,263.76,0.00,432.60,1,2.31,1
sglang,self_consistency,618,183.23,0.00,295.52,1,3.38,1
sglang,self_consistency,619,214.88,0.00,357.73,1,2.80,1
sglang,self_consistency,620,125.74,0.00,326.79,1,3.06,1
sglang,self_consistency,621,234.85,0.00,336.60,1,2.97,1
sglang,self_consistency,622,245.30,0.00,387.61,1,2.58,1
sglang,self_consistency,623,125.72,0.00,338.37,1,2.96,1
sglang,self_consistency,624,280.44,0.00,426.05,1,2.35,1
sglang,self_consistency,625,241.46,0.00,417.07,1,2.40,1
sglang,self_consistency,626,262.40,0.00,378.13,1,2.64,1
sglang,self_consistency,627,223.15,0.00,369.75,1,2.70,1
sglang,self_consistency,628,201.22,0.00,423.97,1,2.36,1
sglang,self_consistency,629,192.92,0.00,315.52,1,3.17,1
sglang,self_consistency,630,252.10,0.00,441.91,1,2.26,1
sglang,self_consistency,631,261.80,0.00,394.67,1,2.53,1
sglang,self_consistency,632,259.94,0.00,383.74,1,2.61,1
sglang,self_consistency,633,202.27,0.00,360.02,1,2.78,1
sglang,self_consistency,634,257.96,0.00,380.10,1,2.63,1
sglang,self_consistency,635,278.38,0.00,420.40,1,2.38,1
sglang,self_consistency,636,235.16,0.00,460.93,1,2.17,1
sglang,self_consistency,637,189.98,0.00,323.10,1,3.10,1
sglang,self_consistency,638,154.22,0.00,377.82,1,2.65,1
sglang,self_consistency,639,287.74,0.00,410.32,1,2.44,1
sglang,self_consistency,640,273.06,0.00,416.71,1,2.40,1
sglang,self_consistency,641,196.79,0.00,431.19,1,2.32,1
sglang,self_consistency,642,210.00,0.00,351.63,1,2.84,1
sglang,self_consistency,643,209.61,0.00,342.26,1,2.92,1
sglang,self_consistency,644,231.34,0.00,406.49,1,2.46,1
sglang,self_consistency,645,168.70,0.00,403.45,1,2.48,1
sglang,self_consistency,646,189.92,0.00,376.41,1,2.66,1
sglang,self_consistency,647,221.17,0.00,379.84,1,2.63,1
sglang,self_consistency,648,245.75,0.00,467.73,1,2.14,1
sglang,self_consistency,649,230.84,0.00,443.62,1,2.25,1
sglang,self_consistency,650,203.23,0.00,423.05,1,2.36,1
sglang,self_consistency,651,197.96,0.00,351.81,1,2.84,1
sglang,self_consistency,652,221.20,0.00,390.08,1,2.56,1
sglang,self_consistency,653,189.06,0.00,356.75,1,2.80,1
sglang,self_consistency,654,278.88,0.00,472.63,1,2.12,1
sglang,self_consistency,655,234.70,0.00,467.58,1,2.14,1
sglang,self_consistency,656,223.12,0.00,392.98,1,2.54,1
sglang,self_consistency,657,272.60,0.00,497.94,1,2.01,1
sglang,self_consistency,658,290.61,0.00,482.59,1,2.07,1
sglang,self_consistency,659,210.64,0.00,401.66,1,2.49,1
sglang,self_consistency,660,194.70,0.00,393.13,1,2.54,1
sglang,self_consistency,661,173.40,0.00,351.17,1,2.85,1
sglang,self_consistency,662,227.65,0.00,491.26,1,2.04,1
sglang,self_consistency,663,289.31,0.00,464.99,1,2.15,1
sglang,self_consistency,664,282.27,0.00,480.50,1,2.08,1
sglang,self_consistency,665,218.17,0.00,394.64,1,2.53,1
sglang,self_consistency,666,210.79,0.00,490.94,1,2.04,1
sglang,self_consistency,667,271.90,0.00,479.12,1,2.09,1
sglang,self_consistency,668,200.95,0.00,477.04,1,2.10,1
sglang,self_consistency,669,210.84,0.00,390.64,1,2.56,1
sglang,self_consistency,670,224.27,0.00,421.64,1,2.37,1
sglang,self_consistency,671,188.53,0.00,439.79,1,2.27,1
sglang,self_consistency,672,243.71,0.00,495.97,1,2.02,1
sglang,self_consistency,673,181.90,0.00,411.09,1,2.43,1
sglang,self_consistency,674,227.31,0.00,329.10,1,3.04,1
sglang,self_consistency,675,233.58,0.00,316.50,1,3.16,1
sglang,self_consistency,676,279.56,0.00,375.98,1,2.66,1
sglang,self_consistency,677,272.84,0.00,374.10,1,2.67,1
sglang,self_consistency,678,197.43,0.00,302.86,1,3.30,1
sglang,self_consistency,679,228.34,0.00,336.04,1,2.98,1
sglang,self_consistency,680,232.33,0.00,323.09,1,3.10,1
sglang,self_consistency,681,238.93,0.00,285.46,1,3.50,1
sglang,self_consistency,682,252.98,0.00,363.18,1,2.75,1
sglang,self_consistency,683,203.00,0.00,309.40,1,3.23,1
sglang,self_consistency,684,166.38,0.00,283.80,1,3.52,1
sglang,self_consistency,685,254.47,0.00,370.09,1,2.70,1
sglang,self_consistency,686,191.78,0.00,303.05,1,3.30,1
sglang,self_consistency,687,233.90,0.00,337.72,1,2.96,1
sglang,self_consistency,688,214.13,0.00,289.64,1,3.45,1
sglang,self_consistency,689,161.25,0.00,280.88,1,3.56,1
sglang,self_consistency,690,197.63,0.00,248.27,1,4.03,1
sglang,self_consistency,691,216.96,0.00,250.73,1,3.99,1
sglang,self_consistency,692,267.02,0.00,364.92,1,2.74,1
sglang,self_consistency,693,281.47,0.00,322.31,1,3.10,1
sglang,self_consistency,694,268.15,0.00,334.88,1,2.99,1
sglang,self_consistency,695,161.88,0.00,337.58,1,2.96,1
sglang,self_consistency,696,245.62,0.00,290.84,1,3.44,1
sglang,self_consistency,697,190.28,0.00,292.61,1,3.42,1
sglang,self_consistency,698,301.13,0.00,354.69,1,2.82,1
sglang,self_consistency,699,294.64,0.00,380.89,1,2.63,1
sglang,self_consistency,700,198.42,0.00,256.16,1,3.90,1
sglang,self_consistency,701,267.10,0.00,326.79,1,3.06,1
sglang,self_consistency,702,280.57,0.00,416.23,1,2.40,1
sglang,self_consistency,703,247.63,0.00,295.47,1,3.38,1
sglang,self_consistency,704,246.44,0.00,387.40,1,2.58,1
sglang,self_consistency,705,229.65,0.00,282.20,1,3.54,1
sglang,self_consistency,706,250.56,0.00,347.39,1,2.88,1
sglang,self_consistency,707,219.14,0.00,286.26,1,3.49,1
sglang,self_consistency,708,305.16,0.00,408.87,1,2.45,1
sglang,self_consistency,709,226.34,0.00,291.81,1,3.43,1
sglang,self_consistency,710,273.23,0.00,340.84,1,2.93,1
sglang,self_consistency,711,197.88,0.00,283.37,1,3.53,1
sglang,self_consistency,712,302.04,0.00,376.32,1,2.66,1
sglang,self_consistency,713,260.14,0.00,417.28,1,2.40,1
sglang,self_consistency,714,220.35,0.00,330.37,1,3.03,1
sglang,self_consistency,715,208.09,0.00,272.85,1,3.67,1
sglang,self_consistency,716,324.98,0.00,413.85,1,2.42,1
sglang,self_consistency,717,193.86,0.00,263.04,1,3.80,1
sglang,self_consistency,718,261.27,0.00,386.86,1,2.58,1
sglang,self_consistency,719,262.33,0.00,382.72,1,2.61,1
sglang,self_consistency,720,184.27,0.00,274.47,1,3.64,1
sglang,self_consistency,721,170.36,0.00,336.74,1,2.97,1
sglang,self_consistency,722,281.21,0.00,356.58,1,2.80,1
sglang,self_consistency,723,192.99,0.00,292.19,1,3.42,1
sglang,self_consistency,724,236.21,0.00,308.67,1,3.24,1
sglang,self_consistency,725,134.25,0.00,299.48,1,3.34,1
sglang,self_consistency,726,190.90,0.00,276.20,1,3.62,1
sglang,self_consistency,727,256.15,0.00,416.58,1,2.40,1
sglang,self_consistency,728,272.06,0.00,435.25,1,2.30,1
sglang,self_consistency,729,279.03,0.00,415.68,1,2.41,1
sglang,self_consistency,730,205.66,0.00,283.92,1,3.52,1
sglang,self_consistency,731,180.89,0.00,283.47,1,3.53,1
sglang,self_consistency,732,244.84,0.00,339.28,1,2.95,1
sglang,self_consistency,733,211.17,0.00,338.28,1,2.96,1
sglang,self_consistency,734,220.62,0.00,386.72,1,2.59,1
sglang,self_consistency,735,281.72,0.00,394.10,1,2.54,1
sglang,self_consistency,736,120.20,0.00,375.60,1,2.66,1
sglang,self_consistency,737,306.89,0.00,416.24,1,2.40,1
sglang,self_consistency,738,245.56,0.00,419.73,1,2.38,1
sglang,self_consistency,739,191.12,0.00,290.00,1,3.45,1
sglang,self_consistency,740,242.21,0.00,388.34,1,2.58,1
sglang,self_consistency,741,359.17,0.00,455.28,1,2.20,1
sglang,self_consistency,742,284.35,0.00,429.94,1,2.33,1
sglang,self_consistency,743,206.88,0.00,307.94,1,3.25,1
sglang,self_consistency,744,217.83,0.00,401.13,1,2.49,1
sglang,self_consistency,745,365.70,0.00,464.15,1,2.15,1
sglang,self_consistency,746,243.23,0.00,425.12,1,2.35,1
sglang,self_consistency,747,325.38,0.00,433.41,1,2.31,1
sglang,self_consistency,748,184.29,0.00,312.51,1,3.20,1
sglang,self_consistency,749,206.48,0.00,329.42,1,3.04,1
sglang,self_consistency,750,245.80,0.00,379.07,1,2.64,1
sglang,self_consistency,751,233.82,0.00,384.16,1,2.60,1
sglang,self_consistency,752,322.21,0.00,440.24,1,2.27,1
sglang,self_consistency,753,237.54,0.00,355.90,1,2.81,1
sglang,self_consistency,754,306.64,0.00,428.02,1,2.34,1
sglang,self_consistency,755,214.40,0.00,375.47,1,2.66,1
sglang,self_consistency,756,261.33,0.00,374.06,1,2.67,1
sglang,self_consistency,757,273.13,0.00,404.35,1,2.47,1
sglang,self_consistency,758,258.79,0.00,390.17,1,2.56,1
sglang,self_consistency,759,301.50,0.00,432.76,1,2.31,1
sglang,self_consistency,760,246.91,0.00,385.65,1,2.59,1
sglang,self_consistency,761,239.60,0.00,411.64,1,2.43,1
sglang,self_consistency,762,257.14,0.00,435.05,1,2.30,1
sglang,self_consistency,763,247.78,0.00,394.93,1,2.53,1
sglang,self_consistency,764,192.27,0.00,309.98,1,3.23,1
sglang,self_consistency,765,251.34,0.00,435.09,1,2.30,1
sglang,self_consistency,766,264.92,0.00,482.12,1,2.07,1
sglang,self_consistency,767,200.84,0.00,342.55,1,2.92,1
sglang,self_consistency,768,249.49,0.00,416.86,1,2.40,1
sglang,self_consistency,769,207.84,0.00,383.10,1,2.61,1
sglang,self_consistency,770,242.04,0.00,459.56,1,2.18,1
sglang,self_consistency,771,229.01,0.00,380.35,1,2.63,1
sglang,self_consistency,772,224.43,0.00,415.00,1,2.41,1
sglang,self_consistency,773,229.76,0.00,386.47,1,2.59,1
sglang,self_consistency,774,206.93,0.00,356.10,1,2.81,1
sglang,self_consistency,775,204.40,0.00,391.54,1,2.55,1
sglang,self_consistency,776,185.31,0.00,397.59,1,2.52,1
sglang,self_consistency,777,193.49,0.00,409.04,1,2.44,1
sglang,self_consistency,778,330.91,0.00,484.21,1,2.07,1
sglang,self_consistency,779,287.39,0.00,490.56,1,2.04,1
sglang,self_consistency,780,307.75,0.00,499.88,1,2.00,1
sglang,self_consistency,781,212.01,0.00,361.69,1,2.76,1
sglang,self_consistency,782,247.02,0.00,447.42,1,2.24,1
sglang,self_consistency,783,317.32,0.00,485.21,1,2.06,1
sglang,self_consistency,784,216.91,0.00,441.68,1,2.26,1
sglang,self_consistency,785,263.43,0.00,488.39,1,2.05,1
sglang,self_consistency,786,243.09,0.00,405.48,1,2.47,1
sglang,self_consistency,787,172.79,0.00,369.78,1,2.70,1
sglang,self_consistency,788,237.27,0.00,447.56,1,2.23,1
sglang,self_consistency,789,236.43,0.00,470.22,1,2.13,1
sglang,self_consistency,790,241.38,0.00,452.56,1,2.21,1
sglang,self_consistency,791,274.25,0.00,469.68,1,2.13,1
sglang,self_consistency,792,222.11,0.00,398.94,1,2.51,1
sglang,self_consistency,793,182.67,0.00,388.01,1,2.58,1
sglang,self_consistency,794,257.71,0.00,459.64,1,2.18,1
sglang,self_consistency,795,252.46,0.00,437.36,1,2.29,1
sglang,self_consistency,796,280.81,0.00,446.98,1,2.24,1
sglang,self_consistency,797,222.47,0.00,387.30,1,2.58,1
sglang,self_consistency,798,210.52,0.00,374.65,1,2.67,1
sglang,self_consistency,799,189.47,0.00,434.50,1,2.30,1
sglang,self_consistency,800,299.69,0.00,515.14,1,1.94,1
sglang,self_consistency,801,258.08,0.00,511.85,1,1.95,1
sglang,self_consistency,802,202.80,0.00,318.23,1,3.14,1
sglang,self_consistency,803,197.68,0.00,321.19,1,3.11,1
sglang,self_consistency,804,166.62,0.00,293.32,1,3.41,1
sglang,self_consistency,805,216.06,0.00,336.28,1,2.97,1
sglang,self_consistency,806,279.14,0.00,363.04,1,2.75,1
sglang,self_consistency,807,158.19,0.00,282.07,1,3.55,1
sglang,self_consistency,808,210.70,0.00,341.38,1,2.93,1
sglang,self_consistency,809,226.44,0.00,347.02,1,2.88,1
sglang,self_consistency,810,183.67,0.00,255.79,1,3.91,1
sglang,self_consistency,811,208.48,0.00,335.62,1,2.98,1
sglang,self_consistency,812,193.36,0.00,295.10,1,3.39,1
sglang,self_consistency,813,219.24,0.00,269.89,1,3.71,1
sglang,self_consistency,814,251.82,0.00,386.78,1,2.59,1
sglang,self_consistency,815,178.45,0.00,252.62,1,3.96,1
sglang,self_consistency,816,153.48,0.00,263.15,1,3.80,1
sglang,self_consistency,817,186.29,0.00,261.53,1,3.82,1
sglang,self_consistency,818,218.30,0.00,335.91,1,2.98,1
sglang,self_consistency,819,191.47,0.00,238.57,1,4.19,1
sglang,self_consistency,820,101.41,0.00,311.16,1,3.21,1
sglang,self_consistency,821,140.63,0.00,256.89,1,3.89,1
sglang,self_consistency,822,222.06,0.00,326.40,1,3.06,1
sglang,self_consistency,823,219.92,0.00,274.84,1,3.64,1
sglang,self_consistency,824,280.41,0.00,374.62,1,2.67,1
sglang,self_consistency,825,192.14,0.00,288.27,1,3.47,1
sglang,self_consistency,826,221.61,0.00,379.93,1,2.63,1
sglang,self_consistency,827,242.70,0.00,305.09,1,3.28,1
sglang,self_consistency,828,200.80,0.00,332.19,1,3.01,1
sglang,self_consistency,829,193.16,0.00,272.97,1,3.66,1
sglang,self_consistency,830,271.94,0.00,358.45,1,2.79,1
sglang,self_consistency,831,166.80,0.00,290.24,1,3.45,1
sglang,self_consistency,832,240.72,0.00,374.50,1,2.67,1
sglang,self_consistency,833,187.82,0.00,291.67,1,3.43,1
sglang,self_consistency,834,202.05,0.00,271.66,1,3.68,1
sglang,self_consistency,835,259.58,0.00,324.61,1,3.08,1
sglang,self_consistency,836,262.44,0.00,357.86,1,2.79,1
sglang,self_consistency,837,265.85,0.00,331.72,1,3.01,1
sglang,self_consistency,838,188.13,0.00,282.30,1,3.54,1
sglang,self_consistency,839,329.48,0.00,410.75,1,2.43,1
sglang,self_consistency,840,181.57,0.00,355.98,1,2.81,1
sglang,self_consistency,841,298.22,0.00,380.58,1,2.63,1
sglang,self_consistency,842,187.69,0.00,297.12,1,3.37,1
sglang,self_consistency,843,308.18,0.00,396.03,1,2.53,1
sglang,self_consistency,844,245.46,0.00,330.08,1,3.03,1
sglang,self_consistency,845,194.49,0.00,268.74,1,3.72,1
sglang,self_consistency,846,218.47,0.00,297.11,1,3.37,1
sglang,self_consistency,847,219.05,0.00,300.29,1,3.33,1
sglang,self_consistency,848,270.96,0.00,364.63,1,2.74,1
sglang,self_consistency,849,200.73,0.00,429.98,1,2.33,1
sglang,self_consistency,850,248.94,0.00,428.38,1,2.33,1
sglang,self_consistency,851,295.49,0.00,381.19,1,2.62,1
sglang,self_consistency,852,259.09,0.00,359.70,1,2.78,1
sglang,self_consistency,853,203.86,0.00,302.09,1,3.31,1
sglang,self_consistency,854,294.49,0.00,408.94,1,2.45,1
sglang,self_consistency,855,331.84,0.00,435.34,1,2.30,1
sglang,self_consistency,856,303.21,0.00,395.79,1,2.53,1
sglang,self_consistency,857,265.32,0.00,354.23,1,2.82,1
sglang,self_consistency,858,195.49,0.00,295.85,1,3.38,1
sglang,self_consistency,859,283.94,0.00,381.74,1,2.62,1
sglang,self_consistency,860,204.58,0.00,303.10,1,3.30,1
sglang,self_consistency,861,212.81,0.00,336.17,1,2.97,1
sglang,self_consistency,862,280.53,0.00,389.19,1,2.57,1
sglang,self_consistency,863,211.25,0.00,314.73,1,3.18,1
sglang,self_consistency,864,157.79,0.00,357.66,1,2.80,1
sglang,self_consistency,865,238.57,0.00,345.18,1,2.90,1
sglang,self_consistency,866,236.90,0.00,413.18,1,2.42,1
sglang,self_consistency,867,164.60,0.00,308.67,1,3.24,1
sglang,self_consistency,868,181.97,0.00,319.60,1,3.13,1
sglang,self_consistency,869,198.48,0.00,369.30,1,2.71,1
sglang,self_consistency,870,255.78,0.00,392.38,1,2.55,1
sglang,self_consistency,871,207.81,0.00,377.30,1,2.65,1
sglang,self_consistency,872,247.82,0.00,354.74,1,2.82,1
sglang,self_consistency,873,233.82,0.00,369.05,1,2.71,1
sglang,self_consistency,874,169.13,0.00,307.65,1,3.25,1
sglang,self_consistency,875,275.74,0.00,446.22,1,2.24,1
sglang,self_consistency,876,207.39,0.00,346.02,1,2.89,1
sglang,self_consistency,877,260.68,0.00,434.86,1,2.30,1
sglang,self_consistency,878,225.87,0.00,409.97,1,2.44,1
sglang,self_consistency,879,176.64,0.00,361.95,1,2.76,1
sglang,self_consistency,880,227.81,0.00,350.86,1,2.85,1
sglang,self_consistency,881,186.29,0.00,334.61,1,2.99,1
sglang,self_consistency,882,229.31,0.00,381.32,1,2.62,1
sglang,self_consistency,883,171.65,0.00,322.62,1,3.10,1
sglang,self_consistency,884,232.96,0.00,439.46,1,2.28,1
sglang,self_consistency,885,185.43,0.00,365.94,1,2.73,1
sglang,self_consistency,886,174.81,0.00,390.16,1,2.56,1
sglang,self_consistency,887,144.93,0.00,352.04,1,2.84,1
sglang,self_consistency,888,190.20,0.00,404.33,1,2.47,1
sglang,self_consistency,889,241.64,0.00,400.02,1,2.50,1
sglang,self_consistency,890,304.53,0.00,448.28,1,2.23,1
sglang,self_consistency,891,198.56,0.00,348.60,1,2.87,1
sglang,self_consistency,892,244.79,0.00,402.92,1,2.48,1
sglang,self_consistency,893,279.09,0.00,398.78,1,2.51,1
sglang,self_consistency,894,228.33,0.00,383.32,1,2.61,1
sglang,self_consistency,895,278.51,0.00,469.00,1,2.13,1
sglang,self_consistency,896,250.85,0.00,475.10,1,2.10,1
sglang,self_consistency,897,268.75,0.00,454.80,1,2.20,1
sglang,self_consistency,898,202.74,0.00,360.00,1,2.78,1
sglang,self_consistency,899,209.80,0.00,389.72,1,2.57,1
sglang,self_consistency,900,233.96,0.00,449.29,1,2.23,1
sglang,self_consistency,901,253.40,0.00,412.90,1,2.42,1
sglang,self_consistency,902,253.04,0.00,438.05,1,2.28,1
sglang,self_consistency,903,245.03,0.00,364.20,1,2.75,1
sglang,self_consistency,904,203.65,0.00,350.28,1,2.85,1
sglang,self_consistency,905,185.25,0.00,329.71,1,3.03,1
sglang,self_consistency,906,291.56,0.00,477.24,1,2.10,1
sglang,self_consistency,907,274.10,0.00,470.65,1,2.12,1
sglang,self_consistency,908,244.87,0.00,428.18,1,2.34,1
sglang,self_consistency,909,220.11,0.00,446.51,1,2.24,1
sglang,self_consistency,910,239.28,0.00,418.13,1,2.39,1
sglang,self_consistency,911,188.66,0.00,370.69,1,2.70,1
sglang,self_consistency,912,283.30,0.00,475.95,1,2.10,1
sglang,self_consistency,913,236.30,0.00,403.40,1,2.48,1
sglang,self_consistency,914,197.37,0.00,327.18,1,3.06,1
sglang,self_consistency,915,188.03,0.00,377.95,1,2.65,1
sglang,self_consistency,916,184.76,0.00,366.30,1,2.73,1
sglang,self_consistency,917,186.24,0.00,378.95,1,2.64,1
sglang,self_consistency,918,228.41,0.00,397.83,1,2.51,1
sglang,self_consistency,919,154.64,0.00,372.50,1,2.68,1
sglang,self_consistency,920,241.33,0.00,466.26,1,2.14,1
sglang,self_consistency,921,266.97,0.00,433.99,1,2.30,1
sglang,self_consistency,922,273.31,0.00,400.53,1,2.50,1
sglang,self_consistency,923,164.77,0.00,328.21,1,3.05,1
sglang,self_consistency,924,168.60,0.00,358.44,1,2.79,1
sglang,self_consistency,925,246.85,0.00,449.41,1,2.23,1
sglang,self_consistency,926,272.27,0.00,458.08,1,2.18,1
sglang,self_consistency,927,228.08,0.00,455.90,1,2.19,1
sglang,self_consistency,928,231.89,0.00,426.45,1,2.34,1
sglang,self_consistency,929,277.59,0.00,438.52,1,2.28,1
sglang,self_consistency,930,196.74,0.00,227.95,1,4.39,1
sglang,self_consistency,931,190.59,0.00,222.48,1,4.49,1
sglang,self_consistency,932,108.83,0.00,175.53,1,5.70,1
sglang,self_consistency,933,137.21,0.00,164.49,1,6.08,1
sglang,self_consistency,934,152.22,0.00,183.36,1,5.45,1
sglang,self_consistency,935,164.92,0.00,231.46,1,4.32,1
sglang,self_consistency,936,141.72,0.00,213.07,1,4.69,1
sglang,self_consistency,937,146.56,0.00,214.63,1,4.66,1
sglang,self_consistency,938,216.61,0.00,234.95,1,4.26,1
sglang,self_consistency,939,216.02,0.00,250.53,1,3.99,1
sglang,self_consistency,940,149.09,0.00,185.61,1,5.39,1
sglang,self_consistency,941,199.40,0.00,218.96,1,4.57,1
sglang,self_consistency,942,131.03,0.00,205.42,1,4.87,1
sglang,self_consistency,943,135.78,0.00,211.56,1,4.73,1
sglang,self_consistency,944,210.88,0.00,241.26,1,4.14,1
sglang,self_consistency,945,163.87,0.00,181.83,1,5.50,1
sglang,self_consistency,946,182.78,0.00,223.09,1,4.48,1
sglang,self_consistency,947,151.08,0.00,168.65,1,5.93,1
sglang,self_consistency,948,167.60,0.00,188.07,1,5.32,1
sglang,self_consistency,949,151.44,0.00,227.41,1,4.40,1
sglang,self_consistency,950,147.17,0.00,225.24,1,4.44,1
sglang,self_consistency,951,146.48,0.00,220.07,1,4.54,1
sglang,self_consistency,952,220.33,0.00,237.50,1,4.21,1
sglang,self_consistency,953,143.52,0.00,173.06,1,5.78,1
sglang,self_consistency,954,143.75,0.00,180.45,1,5.54,1
sglang,self_consistency,955,165.33,0.00,197.40,1,5.07,1
sglang,self_consistency,956,142.36,0.00,249.83,1,4.00,1
sglang,self_consistency,957,183.03,0.00,212.43,1,4.71,1
sglang,self_consistency,958,194.12,0.00,208.35,1,4.80,1
sglang,self_consistency,959,145.13,0.00,172.90,1,5.78,1
sglang,self_consistency,960,216.50,0.00,237.80,1,4.21,1
sglang,self_consistency,961,133.05,0.00,181.19,1,5.52,1
sglang,self_consistency,962,235.75,0.00,252.44,1,3.96,1
sglang,self_consistency,963,155.50,0.00,183.45,1,5.45,1
sglang,self_consistency,964,149.31,0.00,175.37,1,5.70,1
sglang,self_consistency,965,161.44,0.00,202.72,1,4.93,1
sglang,self_consistency,966,171.46,0.00,191.16,1,5.23,1
sglang,self_consistency,967,188.07,0.00,236.12,1,4.24,1
sglang,self_consistency,968,219.55,0.00,234.51,1,4.26,1
sglang,self_consistency,969,175.85,0.00,207.27,1,4.82,1
sglang,self_consistency,970,177.42,0.00,212.33,1,4.71,1
sglang,self_consistency,971,175.69,0.00,215.02,1,4.65,1
sglang,self_consistency,972,197.55,0.00,237.59,1,4.21,1
sglang,self_consistency,973,222.28,0.00,258.18,1,3.87,1
sglang,self_consistency,974,180.87,0.00,189.55,1,5.28,1
sglang,self_consistency,975,177.32,0.00,257.12,1,3.89,1
sglang,self_consistency,976,174.55,0.00,193.22,1,5.18,1
sglang,self_consistency,977,177.66,0.00,204.82,1,4.88,1
sglang,self_consistency,978,153.82,0.00,182.73,1,5.47,1
sglang,self_consistency,979,174.44,0.00,200.10,1,5.00,1
sglang,self_consistency,980,233.69,0.00,259.95,1,3.85,1
sglang,self_consistency,981,162.82,0.00,190.94,1,5.24,1
sglang,self_consistency,982,174.68,0.00,219.54,1,4.55,1
sglang,self_consistency,983,174.31,0.00,218.34,1,4.58,1
sglang,self_consistency,984,212.74,0.00,252.74,1,3.96,1
sglang,self_consistency,985,213.80,0.00,265.44,1,3.77,1
sglang,self_consistency,986,158.58,0.00,198.52,1,5.04,1
sglang,self_consistency,987,134.27,0.00,182.59,1,5.48,1
sglang,self_consistency,988,143.24,0.00,189.37,1,5.28,1
sglang,self_consistency,989,230.18,0.00,264.89,1,3.78,1
sglang,self_consistency,990,200.79,0.00,245.09,1,4.08,1
sglang,self_consistency,991,176.05,0.00,213.73,1,4.68,1
sglang,self_consistency,992,200.16,0.00,254.02,1,3.94,1
sglang,self_consistency,993,170.72,0.00,212.95,1,4.70,1
sglang,self_consistency,994,183.81,0.00,209.92,1,4.76,1
sglang,self_consistency,995,184.05,0.00,211.33,1,4.73,1
sglang,self_consistency,996,197.19,0.00,205.06,1,4.88,1
sglang,self_consistency,997,221.38,0.00,238.78,1,4.19,1
sglang,self_consistency,998,148.65,0.00,186.06,1,5.37,1
sglang,self_consistency,999,224.53,0.00,227.03,1,4.40,1
sglang,multi_turn,0,353.04,0.00,356.62,1,2.80,1
sglang,multi_turn,1,133.99,0.00,190.10,1,5.26,1
sglang,multi_turn,2,194.36,0.00,292.81,1,3.42,1
sglang,multi_turn,3,112.25,0.00,333.55,1,3.00,1
sglang,multi_turn,4,149.09,0.00,274.55,1,3.64,1
sglang,multi_turn,5,169.71,115.07,284.78,2,7.02,1
sglang,multi_turn,6,190.92,0.00,261.50,1,3.82,1
sglang,multi_turn,7,225.89,0.00,280.44,1,3.57,1
sglang,multi_turn,8,360.24,0.00,387.34,1,2.58,1
sglang,multi_turn,9,93.58,48.66,142.24,2,14.06,1
sglang,multi_turn,10,179.68,157.74,337.42,2,5.93,1
sglang,multi_turn,11,153.68,113.48,267.16,2,7.49,1
sglang,multi_turn,12,198.03,0.00,325.08,1,3.08,1
sglang,multi_turn,13,171.31,0.00,269.51,1,3.71,1
sglang,multi_turn,14,162.97,178.53,341.50,2,5.86,0
sglang,multi_turn,15,196.97,0.00,222.69,1,4.49,1
sglang,multi_turn,16,357.51,0.00,376.85,1,2.65,1
sglang,multi_turn,17,100.65,0.00,197.55,1,5.06,1
sglang,multi_turn,18,165.74,0.00,272.07,1,3.68,1
sglang,multi_turn,19,165.73,0.00,305.93,1,3.27,1
sglang,multi_turn,20,186.77,131.89,318.66,2,6.28,1
sglang,multi_turn,21,90.33,0.00,251.36,1,3.98,1
sglang,multi_turn,22,164.85,0.00,362.01,1,2.76,1
sglang,multi_turn,23,189.24,20.95,210.19,2,9.52,1
sglang,multi_turn,24,451.77,0.00,524.40,1,1.91,1
sglang,multi_turn,25,179.16,0.00,300.83,1,3.32,1
sglang,multi_turn,26,159.47,0.00,325.81,1,3.07,1
sglang,multi_turn,27,148.58,111.91,260.49,2,7.68,1
sglang,multi_turn,28,194.04,0.00,230.54,1,4.34,1
sglang,multi_turn,29,184.81,0.00,276.47,1,3.62,1
sglang,multi_turn,30,85.39,0.00,170.27,1,5.87,1
sglang,multi_turn,31,148.63,67.85,216.48,2,9.24,1
sglang,multi_turn,32,407.31,0.00,474.06,1,2.11,1
sglang,multi_turn,33,215.38,0.00,297.98,1,3.36,1
sglang,multi_turn,34,161.41,117.28,278.69,2,7.18,1
sglang,multi_turn,35,220.79,0.00,249.85,1,4.00,1
sglang,multi_turn,36,231.67,0.00,280.97,1,3.56,1
sglang,multi_turn,37,208.54,0.00,296.04,1,3.38,1
sglang,multi_turn,38,92.43,0.00,173.66,1,5.76,1
sglang,multi_turn,39,156.32,64.12,220.43,2,9.07,0
sglang,multi_turn,40,373.76,3.30,377.05,2,5.30,1
sglang,multi_turn,41,109.70,81.48,191.18,2,10.46,1
sglang,multi_turn,42,164.34,102.01,266.35,2,7.51,1
sglang,multi_turn,43,170.52,0.00,319.86,1,3.13,1
sglang,multi_turn,44,178.57,0.00,268.09,1,3.73,1
sglang,multi_turn,45,177.48,196.53,374.02,2,5.35,1
sglang,multi_turn,46,128.69,117.69,246.37,2,8.12,1
sglang,multi_turn,47,222.91,0.00,293.98,1,3.40,1
sglang,multi_turn,48,355.02,0.00,378.40,1,2.64,1
sglang,multi_turn,49,105.93,0.00,203.46,1,4.91,1
sglang,multi_turn,50,160.45,0.00,281.64,1,3.55,1
sglang,multi_turn,51,157.73,150.61,308.34,2,6.49,1
sglang,multi_turn,52,123.51,0.00,295.72,1,3.38,1
sglang,multi_turn,53,155.02,0.00,243.18,1,4.11,1
sglang,multi_turn,54,216.21,0.00,342.16,1,2.92,1
sglang,multi_turn,55,219.70,0.00,289.25,1,3.46,1
sglang,multi_turn,56,448.94,15.30,464.24,2,4.31,1
sglang,multi_turn,57,236.48,0.00,308.13,1,3.25,1
sglang,multi_turn,58,166.10,198.18,364.28,2,5.49,1
sglang,multi_turn,59,144.37,113.06,257.43,2,7.77,1
sglang,multi_turn,60,139.40,0.00,224.78,1,4.45,1
sglang,multi_turn,61,182.92,0.00,271.33,1,3.69,1
sglang,multi_turn,62,100.20,74.75,174.95,2,11.43,1
sglang,multi_turn,63,153.19,0.00,234.77,1,4.26,1
sglang,multi_turn,64,346.49,0.00,350.18,1,2.86,1
sglang,multi_turn,65,117.40,49.26,166.66,2,12.00,1
sglang,multi_turn,66,174.87,73.81,248.69,2,8.04,1
sglang,multi_turn,67,217.62,112.48,330.10,2,6.06,1
sglang,multi_turn,68,227.78,135.18,362.96,2,5.51,1
sglang,multi_turn,69,135.19,0.00,241.66,1,4.14,1
sglang,multi_turn,70,208.33,0.00,284.08,1,3.52,1
sglang,multi_turn,71,205.99,160.03,366.02,2,5.46,1
sglang,multi_turn,72,365.54,20.08,385.62,2,5.19,1
sglang,multi_turn,73,111.31,49.77,161.08,2,12.42,1
sglang,multi_turn,74,201.08,0.00,283.76,1,3.52,1
sglang,multi_turn,75,138.67,0.00,271.07,1,3.69,1
sglang,multi_turn,76,197.74,0.00,260.29,1,3.84,1
sglang,multi_turn,77,239.71,0.00,358.87,1,2.79,1
sglang,multi_turn,78,204.48,70.34,274.82,2,7.28,1
sglang,multi_turn,79,210.13,179.63,389.77,2,5.13,1
sglang,multi_turn,80,389.29,0.00,394.70,1,2.53,1
sglang,multi_turn,81,91.87,58.10,149.97,2,13.34,1
sglang,multi_turn,82,163.09,0.00,268.42,1,3.73,1
sglang,multi_turn,83,192.82,0.00,379.41,1,2.64,1
sglang,multi_turn,84,144.46,0.00,227.12,1,4.40,1
sglang,multi_turn,85,212.91,152.24,365.15,2,5.48,1
sglang,multi_turn,86,149.81,175.44,325.25,2,6.15,1
sglang,multi_turn,87,162.52,126.21,288.74,2,6.93,1
sglang,multi_turn,88,356.94,22.67,379.61,2,5.27,1
sglang,multi_turn,89,103.86,0.00,160.60,1,6.23,1
sglang,multi_turn,90,202.94,0.00,279.33,1,3.58,1
sglang,multi_turn,91,183.45,0.00,351.22,1,2.85,1
sglang,multi_turn,92,151.80,0.00,284.95,1,3.51,1
sglang,multi_turn,93,177.23,112.18,289.41,2,6.91,1
sglang,multi_turn,94,187.03,0.00,284.47,1,3.52,1
sglang,multi_turn,95,195.60,164.69,360.29,2,5.55,1
sglang,multi_turn,96,426.68,0.00,504.34,1,1.98,1
sglang,multi_turn,97,217.91,0.00,299.41,1,3.34,1
sglang,multi_turn,98,143.12,0.00,266.70,1,3.75,1
sglang,multi_turn,99,171.56,0.00,274.27,1,3.65,1
sglang,multi_turn,100,244.69,0.00,316.22,1,3.16,1
sglang,multi_turn,101,159.08,0.00,270.36,1,3.70,1
sglang,multi_turn,102,91.50,93.94,185.44,2,10.79,1
sglang,multi_turn,103,143.02,0.00,302.45,1,3.31,1
sglang,multi_turn,104,381.29,0.43,381.72,2,5.24,1
sglang,multi_turn,105,96.62,40.18,136.80,2,14.62,1
sglang,multi_turn,106,186.59,86.36,272.95,2,7.33,1
sglang,multi_turn,107,202.44,145.46,347.90,2,5.75,1
sglang,multi_turn,108,181.08,0.00,282.85,1,3.54,1
sglang,multi_turn,109,196.22,0.00,272.67,1,3.67,1
sglang,multi_turn,110,185.96,0.00,390.52,1,2.56,1
sglang,multi_turn,111,185.01,0.00,340.17,1,2.94,1
sglang,multi_turn,112,433.04,0.00,474.03,1,2.11,1
sglang,multi_turn,113,149.54,154.62,304.16,2,6.58,0
sglang,multi_turn,114,190.46,186.18,376.64,2,5.31,0
sglang,multi_turn,115,98.54,0.00,158.17,1,6.32,1
sglang,multi_turn,116,246.06,0.00,297.83,1,3.36,1
sglang,multi_turn,117,214.42,182.73,397.15,2,5.04,1
sglang,multi_turn,118,191.53,0.00,250.18,1,4.00,1
sglang,multi_turn,119,246.30,0.00,300.98,1,3.32,1
sglang,multi_turn,120,401.29,104.90,506.19,2,3.95,1
sglang,multi_turn,121,160.99,44.24,205.23,2,9.75,1
sglang,multi_turn,122,133.20,0.00,295.26,1,3.39,1
sglang,multi_turn,123,202.02,84.10,286.12,2,6.99,1
sglang,multi_turn,124,232.89,176.60,409.49,2,4.88,1
sglang,multi_turn,125,137.03,161.12,298.15,2,6.71,1
sglang,multi_turn,126,178.85,0.00,235.92,1,4.24,1
sglang,multi_turn,127,225.16,0.00,279.16,1,3.58,1
sglang,multi_turn,128,412.74,0.00,496.87,1,2.01,1
sglang,multi_turn,129,219.75,0.00,282.56,1,3.54,1
sglang,multi_turn,130,157.19,0.00,293.06,1,3.41,1
sglang,multi_turn,131,241.08,0.00,299.05,1,3.34,1
sglang,multi_turn,132,232.07,0.00,267.12,1,3.74,1
sglang,multi_turn,133,140.56,258.43,398.99,2,5.01,1
sglang,multi_turn,134,199.45,39.78,239.23,2,8.36,0
sglang,multi_turn,135,209.47,0.00,295.44,1,3.38,1
sglang,multi_turn,136,400.57,0.00,465.38,1,2.15,1
sglang,multi_turn,137,206.42,110.60,317.03,2,6.31,1
sglang,multi_turn,138,185.68,194.97,380.66,2,5.25,1
sglang,multi_turn,139,133.33,0.00,225.77,1,4.43,1
sglang,multi_turn,140,179.35,175.47,354.82,2,5.64,1
sglang,multi_turn,141,155.05,0.00,243.32,1,4.11,1
sglang,multi_turn,142,212.76,125.75,338.51,2,5.91,1
sglang,multi_turn,143,181.34,0.00,240.69,1,4.15,1
sglang,multi_turn,144,417.86,0.00,453.92,1,2.20,1
sglang,multi_turn,145,205.74,0.00,338.03,1,2.96,1
sglang,multi_turn,146,155.48,0.00,295.09,1,3.39,1
sglang,multi_turn,147,200.79,0.00,262.91,1,3.80,1
sglang,multi_turn,148,201.50,0.00,269.14,1,3.72,1
sglang,multi_turn,149,218.96,0.00,319.67,1,3.13,1
sglang,multi_turn,150,212.09,196.08,408.18,2,4.90,1
sglang,multi_turn,151,139.59,0.00,200.81,1,4.98,1
sglang,multi_turn,152,416.83,0.00,532.01,1,1.88,1
sglang,multi_turn,153,165.18,0.00,269.99,1,3.70,1
sglang,multi_turn,154,152.18,31.20,339.41,7,20.62,0
sglang,multi_turn,155,142.85,138.70,281.55,2,7.10,1
sglang,multi_turn,156,152.91,0.00,214.72,1,4.66,1
sglang,multi_turn,157,240.39,177.85,418.24,2,4.78,1
sglang,multi_turn,158,156.35,38.06,194.42,2,10.29,1
sglang,multi_turn,159,266.31,0.00,292.23,1,3.42,1
sglang,multi_turn,160,392.71,0.00,458.04,1,2.18,1
sglang,multi_turn,161,206.80,96.64,303.43,2,6.59,1
sglang,multi_turn,162,168.04,171.93,339.98,2,5.88,1
sglang,multi_turn,163,151.45,140.50,291.95,2,6.85,1
sglang,multi_turn,164,151.20,0.00,306.74,1,3.26,1
sglang,multi_turn,165,129.17,54.99,184.16,2,10.86,1
sglang,multi_turn,166,229.94,183.29,413.23,2,4.84,1
sglang,multi_turn,167,156.17,0.00,212.86,1,4.70,1
sglang,multi_turn,168,413.41,0.00,480.36,1,2.08,1
sglang,multi_turn,169,216.19,0.00,281.32,1,3.55,1
sglang,multi_turn,170,192.61,0.00,267.78,1,3.73,1
sglang,multi_turn,171,258.06,55.66,313.73,2,6.37,1
sglang,multi_turn,172,234.30,115.17,349.47,2,5.72,1
sglang,multi_turn,173,182.92,180.93,363.85,2,5.50,1
sglang,multi_turn,174,163.19,0.00,316.63,1,3.16,1
sglang,multi_turn,175,84.26,0.00,173.95,1,5.75,1
sglang,multi_turn,176,413.67,124.38,538.05,2,3.72,1
sglang,multi_turn,177,180.28,105.18,285.47,2,7.01,1
sglang,multi_turn,178,175.84,0.00,271.39,1,3.68,1
sglang,multi_turn,179,172.10,123.55,295.65,2,6.76,1
sglang,multi_turn,180,152.38,0.00,321.31,1,3.11,1
sglang,multi_turn,181,189.28,71.81,261.09,2,7.66,1
sglang,multi_turn,182,209.51,0.00,291.80,1,3.43,1
sglang,multi_turn,183,256.64,0.00,316.26,1,3.16,1
sglang,multi_turn,184,415.57,121.92,537.49,2,3.72,1
sglang,multi_turn,185,197.79,0.00,272.54,1,3.67,1
sglang,multi_turn,186,167.47,118.66,286.12,2,6.99,1
sglang,multi_turn,187,210.30,0.00,317.43,1,3.15,1
sglang,multi_turn,188,206.84,0.00,265.90,1,3.76,1
sglang,multi_turn,189,233.79,76.22,310.01,2,6.45,1
sglang,multi_turn,190,227.30,131.19,358.49,2,5.58,1
sglang,multi_turn,191,199.61,0.00,237.04,1,4.22,1
sglang,multi_turn,192,409.17,0.00,468.61,1,2.13,1
sglang,multi_turn,193,242.91,47.61,290.53,2,6.88,1
sglang,multi_turn,194,180.14,0.00,295.97,1,3.38,1
sglang,multi_turn,195,250.32,0.00,363.87,1,2.75,1
sglang,multi_turn,196,158.86,0.00,263.22,1,3.80,1
sglang,multi_turn,197,187.68,182.33,370.01,2,5.41,1
sglang,multi_turn,198,186.87,0.00,260.53,1,3.84,1
sglang,multi_turn,199,206.10,62.97,269.07,2,7.43,1
sglang,multi_turn,200,411.25,27.08,438.34,2,4.56,1
sglang,multi_turn,201,232.83,0.00,268.91,1,3.72,1
sglang,multi_turn,202,195.02,0.00,368.19,1,2.72,1
sglang,multi_turn,203,150.94,0.00,209.67,1,4.77,1
sglang,multi_turn,204,245.22,0.00,335.95,1,2.98,1
sglang,multi_turn,205,144.69,209.84,354.52,2,5.64,1
sglang,multi_turn,206,217.18,0.00,308.20,1,3.24,1
sglang,multi_turn,207,198.07,0.00,258.42,1,3.87,1
sglang,multi_turn,208,424.90,0.00,435.25,1,2.30,1
sglang,multi_turn,209,193.09,79.00,272.09,2,7.35,1
sglang,multi_turn,210,180.82,0.00,377.98,1,2.65,1
sglang,multi_turn,211,170.29,98.18,268.47,2,7.45,1
sglang,multi_turn,212,200.33,0.00,259.93,1,3.85,1
sglang,multi_turn,213,198.12,0.00,347.52,1,2.88,1
sglang,multi_turn,214,196.59,0.00,292.70,1,3.42,1
sglang,multi_turn,215,216.28,62.65,278.93,2,7.17,1
sglang,multi_turn,216,406.13,66.23,472.36,2,4.23,1
sglang,multi_turn,217,194.95,106.87,301.83,2,6.63,1
sglang,multi_turn,218,149.88,148.10,297.98,2,6.71,1
sglang,multi_turn,219,186.62,0.00,216.90,1,4.61,1
sglang,multi_turn,220,234.71,202.32,437.04,2,4.58,1
sglang,multi_turn,221,128.11,0.00,199.10,1,5.02,1
sglang,multi_turn,222,219.60,0.00,277.53,1,3.60,1
sglang,multi_turn,223,199.53,0.00,328.49,1,3.04,1
sglang,multi_turn,224,399.33,47.55,446.88,2,4.48,1
sglang,multi_turn,225,204.29,0.00,233.58,1,4.28,1
sglang,multi_turn,226,192.91,0.00,345.94,1,2.89,1
sglang,multi_turn,227,180.00,98.40,278.40,2,7.18,1
sglang,multi_turn,228,235.16,116.03,351.18,2,5.70,1
sglang,multi_turn,229,184.36,0.00,335.02,1,2.98,1
sglang,multi_turn,230,180.01,164.18,344.19,2,5.81,1
sglang,multi_turn,231,87.99,103.31,191.30,2,10.45,1
sglang,multi_turn,232,423.74,92.15,515.89,2,3.88,1
sglang,multi_turn,233,180.32,144.61,324.92,2,6.16,1
sglang,multi_turn,234,153.65,0.00,305.58,1,3.27,1
sglang,multi_turn,235,172.87,0.00,222.61,1,4.49,1
sglang,multi_turn,236,216.20,0.00,285.89,1,3.50,1
sglang,multi_turn,237,229.76,0.00,431.32,1,2.32,1
sglang,multi_turn,238,171.75,0.00,222.50,1,4.49,1
sglang,multi_turn,239,251.44,0.00,296.74,1,3.37,1
sglang,multi_turn,240,407.73,101.31,509.03,2,3.93,1
sglang,multi_turn,241,171.35,68.77,240.12,2,8.33,1
sglang,multi_turn,242,197.55,134.42,331.97,2,6.02,1
sglang,multi_turn,243,231.05,0.44,231.49,2,8.64,1
sglang,multi_turn,244,180.27,214.07,394.33,2,5.07,1
sglang,multi_turn,245,148.37,0.00,293.97,1,3.40,1
sglang,multi_turn,246,193.87,118.48,312.35,2,6.40,1
sglang,multi_turn,247,199.18,0.00,232.96,1,4.29,1
sglang,multi_turn,248,401.61,0.00,468.84,1,2.13,1
sglang,multi_turn,249,245.16,15.56,338.49,7,20.68,0
sglang,multi_turn,250,182.72,85.68,268.39,2,7.45,1
sglang,multi_turn,251,217.07,0.00,341.87,1,2.93,1
sglang,multi_turn,252,119.53,0.00,307.75,1,3.25,1
sglang,multi_turn,253,169.93,0.00,304.76,1,3.28,1
sglang,multi_turn,254,206.55,0.00,251.13,1,3.98,1
sglang,multi_turn,255,226.14,81.30,307.44,2,6.51,1
sglang,multi_turn,256,421.52,92.62,514.14,2,3.89,1
sglang,multi_turn,257,190.48,54.42,244.90,2,8.17,1
sglang,multi_turn,258,150.45,0.00,278.88,1,3.59,1
sglang,multi_turn,259,245.08,0.00,379.61,1,2.63,1
sglang,multi_turn,260,126.97,0.00,213.50,1,4.68,1
sglang,multi_turn,261,177.56,0.00,348.47,1,2.87,1
sglang,multi_turn,262,200.57,138.75,339.32,2,5.89,1
sglang,multi_turn,263,105.25,143.21,248.45,2,8.05,1
sglang,multi_turn,264,404.73,17.82,476.03,5,10.50,0
sglang,multi_turn,265,198.68,0.00,278.29,1,3.59,1
sglang,multi_turn,266,137.92,0.00,296.41,1,3.37,1
sglang,multi_turn,267,174.54,97.34,271.88,2,7.36,1
sglang,multi_turn,268,237.23,121.01,358.24,2,5.58,1
sglang,multi_turn,269,135.69,0.00,228.86,1,4.37,1
sglang,multi_turn,270,218.82,0.00,317.13,1,3.15,1
sglang,multi_turn,271,271.18,50.58,321.76,2,6.22,1
sglang,multi_turn,272,425.29,101.17,526.46,2,3.80,1
sglang,multi_turn,273,183.03,0.00,298.53,1,3.35,1
sglang,multi_turn,274,147.53,96.66,244.19,2,8.19,1
sglang,multi_turn,275,180.93,158.91,339.85,2,5.89,1
sglang,multi_turn,276,174.70,0.00,241.32,1,4.14,1
sglang,multi_turn,277,197.82,0.00,277.81,1,3.60,1
sglang,multi_turn,278,200.75,0.00,438.44,1,2.28,1
sglang,multi_turn,279,159.92,52.57,212.49,2,9.41,1
sglang,multi_turn,280,425.30,0.00,522.80,1,1.91,1
sglang,multi_turn,281,175.53,0.00,238.42,1,4.19,1
sglang,multi_turn,282,165.06,0.00,383.51,1,2.61,1
sglang,multi_turn,283,160.12,0.00,250.71,1,3.99,1
sglang,multi_turn,284,195.44,165.97,361.41,2,5.53,1
sglang,multi_turn,285,130.53,0.00,206.22,1,4.85,1
sglang,multi_turn,286,197.18,0.00,387.14,1,2.58,1
sglang,multi_turn,287,194.86,0.00,231.33,1,4.32,1
sglang,multi_turn,288,420.66,0.00,518.17,1,1.93,1
sglang,multi_turn,289,166.88,130.55,297.43,2,6.72,1
sglang,multi_turn,290,140.59,0.00,282.08,1,3.55,1
sglang,multi_turn,291,183.09,0.00,278.88,1,3.59,1
sglang,multi_turn,292,164.16,192.79,356.95,2,5.60,1
sglang,multi_turn,293,137.62,123.78,261.40,2,7.65,1
sglang,multi_turn,294,206.51,0.00,348.69,1,2.87,1
sglang,multi_turn,295,171.02,0.00,222.04,1,4.50,1
sglang,multi_turn,296,430.48,81.27,511.75,2,3.91,1
sglang,multi_turn,297,155.65,0.00,213.29,1,4.69,1
sglang,multi_turn,298,247.80,107.71,355.51,2,5.63,1
sglang,multi_turn,299,213.30,89.12,302.42,2,6.61,1
sglang,multi_turn,300,207.51,114.99,322.49,2,6.20,1
sglang,multi_turn,301,142.42,0.00,321.33,1,3.11,1
sglang,multi_turn,302,193.00,179.84,372.84,2,5.36,1
sglang,multi_turn,303,129.08,0.00,190.27,1,5.26,1
sglang,multi_turn,304,424.06,108.59,532.65,2,3.75,1
sglang,multi_turn,305,163.47,0.00,221.60,1,4.51,1
sglang,multi_turn,306,164.61,0.00,302.88,1,3.30,1
sglang,multi_turn,307,187.71,0.00,373.07,1,2.68,1
sglang,multi_turn,308,162.60,0.00,227.76,1,4.39,1
sglang,multi_turn,309,155.73,0.00,310.38,1,3.22,1
sglang,multi_turn,310,221.43,115.92,337.35,2,5.93,1
sglang,multi_turn,311,189.52,91.65,281.17,2,7.11,1
sglang,multi_turn,312,398.20,0.00,474.20,1,2.11,1
sglang,multi_turn,313,171.69,61.86,233.55,2,8.56,1
sglang,multi_turn,314,162.77,190.50,353.27,2,5.66,1
sglang,multi_turn,315,181.70,87.08,268.78,2,7.44,1
sglang,multi_turn,316,175.82,0.00,317.83,1,3.15,1
sglang,multi_turn,317,183.49,0.00,379.81,1,2.63,1
sglang,multi_turn,318,157.63,0.00,237.83,1,4.20,1
sglang,multi_turn,319,221.30,59.24,280.54,2,7.13,1
sglang,multi_turn,320,423.13,0.00,456.45,1,2.19,1
sglang,multi_turn,321,191.96,0.00,283.07,1,3.53,1
sglang,multi_turn,322,217.73,0.00,332.86,1,3.00,1
sglang,multi_turn,323,166.12,0.00,251.07,1,3.98,1
sglang,multi_turn,324,245.86,137.12,382.98,2,5.22,1
sglang,multi_turn,325,125.15,208.72,333.86,2,5.99,1
sglang,multi_turn,326,177.87,114.14,292.01,2,6.85,1
sglang,multi_turn,327,192.85,0.00,250.24,1,4.00,1
sglang,multi_turn,328,394.03,95.58,489.61,2,4.08,1
sglang,multi_turn,329,202.07,0.00,221.13,1,4.52,1
sglang,multi_turn,330,176.72,202.14,378.86,2,5.28,1
sglang,multi_turn,331,166.99,0.00,198.22,1,5.04,1
sglang,multi_turn,332,199.70,0.00,315.04,1,3.17,1
sglang,multi_turn,333,205.02,0.00,306.77,1,3.26,1
sglang,multi_turn,334,213.05,127.23,340.27,2,5.88,1
sglang,multi_turn,335,183.87,126.70,310.56,2,6.44,1
sglang,multi_turn,336,439.45,63.49,502.94,2,3.98,1
sglang,multi_turn,337,208.61,0.00,268.89,1,3.72,1
sglang,multi_turn,338,205.92,0.00,355.63,1,2.81,1
sglang,multi_turn,339,131.91,0.00,221.35,1,4.52,1
sglang,multi_turn,340,217.58,0.00,397.46,1,2.52,1
sglang,multi_turn,341,140.21,0.00,238.52,1,4.19,1
sglang,multi_turn,342,210.60,0.00,372.79,1,2.68,1
sglang,multi_turn,343,178.39,65.56,243.95,2,8.20,1
sglang,multi_turn,344,399.65,0.00,463.11,1,2.16,1
sglang,multi_turn,345,197.31,0.00,304.53,1,3.28,1
sglang,multi_turn,346,144.64,126.64,271.29,2,7.37,1
sglang,multi_turn,347,207.24,0.00,306.17,1,3.27,1
sglang,multi_turn,348,200.32,95.20,295.52,2,6.77,1
sglang,multi_turn,349,187.76,66.66,254.42,2,7.86,1
sglang,multi_turn,350,219.37,0.00,427.06,1,2.34,1
sglang,multi_turn,351,175.01,56.34,231.35,2,8.65,1
sglang,multi_turn,352,412.13,98.84,510.97,2,3.91,1
sglang,multi_turn,353,221.97,64.05,286.01,2,6.99,1
sglang,multi_turn,354,183.27,0.00,307.49,1,3.25,1
sglang,multi_turn,355,211.06,124.27,335.33,2,5.96,1
sglang,multi_turn,356,158.25,0.00,202.15,1,4.95,1
sglang,multi_turn,357,217.13,0.00,421.92,1,2.37,1
sglang,multi_turn,358,183.52,146.63,330.15,2,6.06,1
sglang,multi_turn,359,164.17,0.00,224.89,1,4.45,1
sglang,multi_turn,360,409.62,0.00,444.47,1,2.25,1
sglang,multi_turn,361,228.41,0.00,263.20,1,3.80,1
sglang,multi_turn,362,177.05,166.86,343.91,2,5.82,1
sglang,multi_turn,363,212.89,0.00,260.47,1,3.84,1
sglang,multi_turn,364,179.55,207.60,387.15,2,5.17,1
sglang,multi_turn,365,164.36,118.57,282.93,2,7.07,1
sglang,multi_turn,366,206.89,0.00,361.51,1,2.77,1
sglang,multi_turn,367,170.71,59.12,229.82,2,8.70,1
sglang,multi_turn,368,421.40,29.23,450.63,2,4.44,1
sglang,multi_turn,369,242.01,0.00,358.74,1,2.79,1
sglang,multi_turn,370,146.32,93.90,240.23,2,8.33,1
sglang,multi_turn,371,212.90,0.00,252.67,1,3.96,1
sglang,multi_turn,372,234.95,0.00,297.65,1,3.36,1
sglang,multi_turn,373,233.70,0.00,440.37,1,2.27,1
sglang,multi_turn,374,168.31,110.52,278.83,2,7.17,1
sglang,multi_turn,375,191.16,77.00,268.16,2,7.46,1
sglang,multi_turn,376,399.86,0.00,428.26,1,2.34,1
sglang,multi_turn,377,224.60,0.00,347.30,1,2.88,1
sglang,multi_turn,378,148.96,0.00,273.01,1,3.66,1
sglang,multi_turn,379,189.38,169.56,358.94,2,5.57,1
sglang,multi_turn,380,139.79,0.00,229.32,1,4.36,1
sglang,multi_turn,381,211.44,65.54,276.98,2,7.22,1
sglang,multi_turn,382,233.11,170.45,403.56,2,4.96,1
sglang,multi_turn,383,172.49,0.00,245.55,1,4.07,1
sglang,multi_turn,384,434.19,0.00,528.42,1,1.89,1
sglang,multi_turn,385,138.81,0.00,198.25,1,5.04,1
sglang,multi_turn,386,250.15,87.20,337.35,2,5.93,1
sglang,multi_turn,387,224.11,138.27,362.38,2,5.52,1
sglang,multi_turn,388,176.82,0.00,341.92,1,2.92,1
sglang,multi_turn,389,127.83,0.00,268.36,1,3.73,1
sglang,multi_turn,390,186.66,182.37,369.03,2,5.42,1
sglang,multi_turn,391,133.91,0.00,207.90,1,4.81,1
sglang,multi_turn,392,424.56,87.06,511.63,2,3.91,1
sglang,multi_turn,393,213.56,0.00,233.73,1,4.28,1
sglang,multi_turn,394,168.33,0.00,293.17,1,3.41,1
sglang,multi_turn,395,201.62,113.01,314.63,2,6.36,1
sglang,multi_turn,396,231.57,128.55,360.12,2,5.55,1
sglang,multi_turn,397,171.84,0.00,346.56,1,2.89,1
sglang,multi_turn,398,157.51,66.57,224.07,2,8.93,1
sglang,multi_turn,399,248.06,0.00,317.98,1,3.14,1
sglang,multi_turn,400,413.98,100.88,514.86,2,3.88,1
sglang,multi_turn,401,222.24,0.00,229.07,1,4.37,1
sglang,multi_turn,402,252.32,169.70,422.02,2,4.74,1
sglang,multi_turn,403,143.28,0.00,225.72,1,4.43,1
sglang,multi_turn,404,190.65,0.00,312.17,1,3.20,1
sglang,multi_turn,405,202.03,180.24,382.27,2,5.23,1
sglang,multi_turn,406,165.68,95.53,261.21,2,7.66,1
sglang,multi_turn,407,203.05,0.00,288.67,1,3.46,1
sglang,multi_turn,408,412.48,0.00,473.68,1,2.11,1
sglang,multi_turn,409,217.56,141.69,359.25,2,5.57,1
sglang,multi_turn,410,148.70,0.00,320.01,1,3.12,1
sglang,multi_turn,411,171.14,0.00,201.64,1,4.96,1
sglang,multi_turn,412,220.75,0.00,312.56,1,3.20,1
sglang,multi_turn,413,204.10,192.65,396.76,2,5.04,1
sglang,multi_turn,414,178.53,50.25,228.78,2,8.74,1
sglang,multi_turn,415,225.94,114.42,340.36,2,5.88,1
sglang,multi_turn,416,425.16,0.00,511.04,1,1.96,1
sglang,multi_turn,417,185.28,30.97,216.25,2,9.25,1
sglang,multi_turn,418,228.79,0.00,331.71,1,3.01,1
sglang,multi_turn,419,186.96,0.00,342.05,1,2.92,1
sglang,multi_turn,420,187.52,133.41,320.93,2,6.23,1
sglang,multi_turn,421,150.98,0.00,246.27,1,4.06,1
sglang,multi_turn,422,210.34,0.00,360.89,1,2.77,1
sglang,multi_turn,423,202.90,0.00,277.67,1,3.60,1
sglang,multi_turn,424,414.87,0.00,463.53,1,2.16,1
sglang,multi_turn,425,219.78,90.52,310.30,2,6.45,1
sglang,multi_turn,426,166.78,0.00,348.58,1,2.87,1
sglang,multi_turn,427,165.37,80.16,245.54,2,8.15,1
sglang,multi_turn,428,181.52,151.56,333.08,2,6.00,1
sglang,multi_turn,429,174.15,0.00,271.63,1,3.68,1
sglang,multi_turn,430,202.42,0.00,384.75,1,2.60,1
sglang,multi_turn,431,153.88,88.55,242.43,2,8.25,1
sglang,multi_turn,432,402.70,0.00,446.60,1,2.24,1
sglang,multi_turn,433,178.54,0.00,295.73,1,3.38,1
sglang,multi_turn,434,191.85,134.28,326.13,2,6.13,1
sglang,multi_turn,435,201.21,65.30,266.51,2,7.50,0
sglang,multi_turn,436,155.45,201.09,356.54,2,5.61,1
sglang,multi_turn,437,151.27,92.83,244.10,2,8.19,1
sglang,multi_turn,438,219.20,0.00,334.45,1,2.99,1
sglang,multi_turn,439,226.87,0.00,312.12,1,3.20,1
sglang,multi_turn,440,409.81,53.77,463.58,2,4.31,1
sglang,multi_turn,441,210.53,42.26,252.79,2,7.91,1
sglang,multi_turn,442,226.06,0.00,415.37,1,2.41,1
sglang,multi_turn,443,137.66,78.11,215.77,2,9.27,1
sglang,multi_turn,444,223.96,0.00,298.96,1,3.34,1
sglang,multi_turn,445,210.63,0.00,311.42,1,3.21,1
sglang,multi_turn,446,201.31,204.63,405.94,2,4.93,1
sglang,multi_turn,447,140.43,85.84,226.27,2,8.84,1
sglang,multi_turn,448,398.28,0.00,501.31,1,1.99,1
sglang,multi_turn,449,169.73,0.00,229.60,1,4.36,1
sglang,multi_turn,450,212.41,124.70,337.11,2,5.93,1
sglang,multi_turn,451,186.13,0.00,246.53,1,4.06,1
sglang,multi_turn,452,213.10,0.00,267.33,1,3.74,1
sglang,multi_turn,453,230.48,220.89,451.37,2,4.43,1
sglang,multi_turn,454,169.64,0.00,266.29,1,3.76,1
sglang,multi_turn,455,206.73,0.00,286.29,1,3.49,1
sglang,multi_turn,456,407.09,0.00,467.48,1,2.14,1
sglang,multi_turn,457,210.24,0.00,277.49,1,3.60,1
sglang,multi_turn,458,230.49,0.00,318.80,1,3.14,1
sglang,multi_turn,459,195.20,0.00,260.24,1,3.84,1
sglang,multi_turn,460,184.30,257.16,441.46,2,4.53,1
sglang,multi_turn,461,134.35,116.61,250.96,2,7.97,1
sglang,multi_turn,462,184.93,0.00,260.51,1,3.84,1
sglang,multi_turn,463,279.31,77.76,357.07,2,5.60,1
sglang,multi_turn,464,454.27,0.00,514.54,1,1.94,1
sglang,multi_turn,465,205.95,0.00,294.12,1,3.40,1
sglang,multi_turn,466,169.83,163.09,332.92,2,6.01,1
sglang,multi_turn,467,147.10,0.00,227.34,1,4.40,1
sglang,multi_turn,468,223.89,0.00,248.68,1,4.02,1
sglang,multi_turn,469,178.79,0.00,367.39,1,2.72,1
sglang,multi_turn,470,208.22,0.00,339.62,1,2.94,1
sglang,multi_turn,471,222.91,80.36,303.27,2,6.59,1
sglang,multi_turn,472,404.80,0.00,499.24,1,2.00,1
sglang,multi_turn,473,169.44,0.00,193.58,1,5.17,1
sglang,multi_turn,474,185.45,0.00,370.73,1,2.70,1
sglang,multi_turn,475,148.17,182.13,330.30,2,6.06,1
sglang,multi_turn,476,158.19,0.00,287.54,1,3.48,1
sglang,multi_turn,477,158.54,158.54,317.08,2,6.31,1
sglang,multi_turn,478,178.42,0.00,239.24,1,4.18,1
sglang,multi_turn,479,255.99,86.86,342.85,2,5.83,1
sglang,multi_turn,480,420.98,0.00,471.06,1,2.12,1
sglang,multi_turn,481,163.67,0.00,303.95,1,3.29,1
sglang,multi_turn,482,157.26,0.00,294.65,1,3.39,1
sglang,multi_turn,483,155.08,0.00,269.90,1,3.71,1
sglang,multi_turn,484,219.43,0.00,301.76,1,3.31,1
sglang,multi_turn,485,150.46,166.28,316.74,2,6.31,1
sglang,multi_turn,486,202.30,208.70,410.99,2,4.87,1
sglang,multi_turn,487,136.04,93.96,230.00,2,8.70,1
sglang,multi_turn,488,389.95,0.00,504.01,1,1.98,1
sglang,multi_turn,489,224.34,0.00,321.52,1,3.11,1
sglang,multi_turn,490,172.69,199.56,372.26,2,5.37,1
sglang,multi_turn,491,127.24,0.00,282.44,1,3.54,1
sglang,multi_turn,492,147.85,151.71,299.56,2,6.68,1
sglang,multi_turn,493,102.50,159.26,261.75,2,7.64,1
sglang,multi_turn,494,207.88,0.00,350.12,1,2.86,1
sglang,multi_turn,495,184.07,0.00,267.51,1,3.74,1
sglang,multi_turn,496,420.09,0.00,526.88,1,1.90,1
sglang,multi_turn,497,184.19,28.92,213.11,2,9.38,1
sglang,multi_turn,498,221.56,0.00,377.16,1,2.65,1
sglang,multi_turn,499,130.63,146.25,276.88,2,7.22,1
sglang,multi_turn,500,188.85,0.00,217.45,1,4.60,1
sglang,multi_turn,501,172.57,233.48,406.06,2,4.93,1
sglang,multi_turn,502,200.12,160.49,360.62,2,5.55,1
sglang,multi_turn,503,154.54,88.84,243.38,2,8.22,1
sglang,multi_turn,504,409.66,0.00,543.35,1,1.84,1
sglang,multi_turn,505,180.90,55.30,236.20,2,8.47,1
sglang,multi_turn,506,161.40,201.77,363.18,2,5.51,1
sglang,multi_turn,507,176.90,0.00,191.35,1,5.23,1
sglang,multi_turn,508,263.30,114.14,377.45,2,5.30,1
sglang,multi_turn,509,154.27,0.00,360.34,1,2.78,1
sglang,multi_turn,510,175.47,0.00,226.05,1,4.42,1
sglang,multi_turn,511,188.30,158.05,346.35,2,5.77,1
sglang,multi_turn,512,189.11,63.80,252.91,2,7.91,1
sglang,multi_turn,513,118.17,0.00,178.42,1,5.60,1
sglang,multi_turn,514,147.05,0.00,281.18,1,3.56,1
sglang,multi_turn,515,169.95,62.76,232.71,2,8.59,1
sglang,multi_turn,516,154.65,0.00,220.91,1,4.53,1
sglang,multi_turn,517,91.88,16.92,108.80,2,18.38,1
sglang,multi_turn,518,129.52,195.98,325.50,2,6.14,1
sglang,multi_turn,519,137.94,0.00,246.05,1,4.06,1
sglang,multi_turn,520,146.40,82.70,229.10,2,8.73,1
sglang,multi_turn,521,124.42,0.00,149.30,1,6.70,1
sglang,multi_turn,522,150.97,120.55,271.52,2,7.37,1
sglang,multi_turn,523,118.53,0.00,201.62,1,4.96,1
sglang,multi_turn,524,197.07,70.65,267.72,2,7.47,1
sglang,multi_turn,525,205.60,229.65,435.25,2,4.60,1
sglang,multi_turn,526,140.02,0.00,217.34,1,4.60,1
sglang,multi_turn,527,158.67,0.00,252.33,1,3.96,1
sglang,multi_turn,528,206.82,119.28,326.10,2,6.13,1
sglang,multi_turn,529,133.73,0.00,194.66,1,5.14,1
sglang,multi_turn,530,139.42,40.21,179.64,2,11.13,1
sglang,multi_turn,531,201.12,0.00,322.89,1,3.10,1
sglang,multi_turn,532,155.63,0.00,241.41,1,4.14,1
sglang,multi_turn,533,217.10,0.00,323.46,1,3.09,1
sglang,multi_turn,534,186.15,0.00,316.09,1,3.16,1
sglang,multi_turn,535,184.63,0.00,229.58,1,4.36,1
sglang,multi_turn,536,253.66,0.00,377.47,1,2.65,1
sglang,multi_turn,537,128.80,0.00,198.44,1,5.04,1
sglang,multi_turn,538,148.60,0.00,207.01,1,4.83,1
sglang,multi_turn,539,160.54,0.00,223.75,1,4.47,1
sglang,multi_turn,540,185.77,0.00,293.19,1,3.41,1
sglang,multi_turn,541,192.27,46.45,285.16,3,10.52,0
sglang,multi_turn,542,198.97,0.00,343.90,1,2.91,1
sglang,multi_turn,543,214.42,0.00,255.05,1,3.92,1
sglang,multi_turn,544,214.12,113.30,327.41,2,6.11,1
sglang,multi_turn,545,128.33,0.00,197.25,1,5.07,1
sglang,multi_turn,546,142.43,86.35,228.79,2,8.74,1
sglang,multi_turn,547,194.73,132.24,326.96,2,6.12,1
sglang,multi_turn,548,137.27,0.00,290.22,1,3.45,1
sglang,multi_turn,549,148.65,0.00,281.64,1,3.55,1
sglang,multi_turn,550,130.16,170.01,300.17,2,6.66,1
sglang,multi_turn,551,184.09,0.00,234.43,1,4.27,1
sglang,multi_turn,552,153.36,0.00,197.55,1,5.06,1
sglang,multi_turn,553,209.99,0.00,291.46,1,3.43,1
sglang,multi_turn,554,132.78,0.00,165.21,1,6.05,1
sglang,multi_turn,555,187.80,67.94,255.75,2,7.82,1
sglang,multi_turn,556,206.49,131.16,337.65,2,5.92,1
sglang,multi_turn,557,149.72,167.35,317.07,2,6.31,1
sglang,multi_turn,558,150.56,171.52,322.08,2,6.21,1
sglang,multi_turn,559,158.92,0.00,229.29,1,4.36,1
sglang,multi_turn,560,261.74,0.00,325.62,1,3.07,1
sglang,multi_turn,561,142.00,0.00,219.33,1,4.56,1
sglang,multi_turn,562,196.64,0.00,226.43,1,4.42,1
sglang,multi_turn,563,212.25,0.00,217.51,1,4.60,1
sglang,multi_turn,564,216.26,0.00,288.74,1,3.46,1
sglang,multi_turn,565,196.29,0.00,330.36,1,3.03,1
sglang,multi_turn,566,233.27,0.00,281.62,1,3.55,1
sglang,multi_turn,567,265.46,82.85,348.31,2,5.74,1
sglang,multi_turn,568,188.32,0.00,236.78,1,4.22,1
sglang,multi_turn,569,119.96,0.00,202.39,1,4.94,1
sglang,multi_turn,570,171.06,0.00,188.66,1,5.30,1
sglang,multi_turn,571,259.98,0.00,280.21,1,3.57,1
sglang,multi_turn,572,209.80,0.00,319.08,1,3.13,1
sglang,multi_turn,573,139.46,103.89,243.36,2,8.22,1
sglang,multi_turn,574,221.99,176.64,398.63,2,5.02,1
sglang,multi_turn,575,135.69,124.32,260.01,2,7.69,1
sglang,multi_turn,576,241.38,32.16,305.70,3,9.81,0
sglang,multi_turn,577,103.39,107.96,211.35,2,9.46,1
sglang,multi_turn,578,145.39,0.00,219.37,1,4.56,1
sglang,multi_turn,579,167.72,75.36,243.08,2,8.23,0
sglang,multi_turn,580,162.37,133.29,295.66,2,6.76,1
sglang,multi_turn,581,203.94,145.59,349.53,2,5.72,1
sglang,multi_turn,582,152.51,125.43,277.94,2,7.20,1
sglang,multi_turn,583,152.98,0.00,283.45,1,3.53,1
sglang,multi_turn,584,178.49,81.69,260.17,2,7.69,1
sglang,multi_turn,585,166.87,0.00,229.23,1,4.36,1
sglang,multi_turn,586,150.03,40.94,190.97,2,10.47,1
sglang,multi_turn,587,192.32,0.00,247.16,1,4.05,1
sglang,multi_turn,588,218.10,165.91,384.01,2,5.21,1
sglang,multi_turn,589,136.47,88.21,224.68,2,8.90,1
sglang,multi_turn,590,210.93,0.00,375.62,1,2.66,1
sglang,multi_turn,591,162.76,102.32,265.09,2,7.54,1
sglang,multi_turn,592,186.33,91.50,277.83,2,7.20,0
sglang,multi_turn,593,113.73,0.00,166.03,1,6.02,1
sglang,multi_turn,594,195.75,0.00,221.00,1,4.52,1
sglang,multi_turn,595,175.29,0.00,238.13,1,4.20,1
sglang,multi_turn,596,185.37,132.22,317.59,2,6.30,1
sglang,multi_turn,597,177.88,150.28,328.16,2,6.09,1
sglang,multi_turn,598,216.37,0.00,364.06,1,2.75,1
sglang,multi_turn,599,153.88,0.00,275.38,1,3.63,1
sglang,multi_turn,600,154.73,87.07,241.80,2,8.27,1
sglang,multi_turn,601,120.84,77.69,198.53,2,10.07,1
sglang,multi_turn,602,148.99,57.76,206.75,2,9.67,1
sglang,multi_turn,603,155.18,0.00,279.54,1,3.58,1
sglang,multi_turn,604,161.19,0.00,245.88,1,4.07,1
sglang,multi_turn,605,184.14,107.52,291.65,2,6.86,1
sglang,multi_turn,606,232.51,71.46,303.96,2,6.58,1
sglang,multi_turn,607,162.94,215.88,378.82,2,5.28,1
sglang,multi_turn,608,198.12,100.35,298.47,2,6.70,1
sglang,multi_turn,609,157.86,0.00,238.81,1,4.19,1
sglang,multi_turn,610,200.72,0.00,210.92,1,4.74,1
sglang,multi_turn,611,148.89,0.00,235.31,1,4.25,1
sglang,multi_turn,612,190.03,0.00,211.72,1,4.72,1
sglang,multi_turn,613,226.24,0.00,432.05,1,2.31,1
sglang,multi_turn,614,145.33,64.28,209.61,2,9.54,1
sglang,multi_turn,615,244.50,0.00,407.85,1,2.45,1
sglang,multi_turn,616,204.29,83.73,288.02,2,6.94,1
sglang,multi_turn,617,157.39,0.00,233.52,1,4.28,1
sglang,multi_turn,618,199.89,25.34,225.23,2,8.88,1
sglang,multi_turn,619,112.45,0.00,191.06,1,5.23,1
sglang,multi_turn,620,206.27,172.08,378.35,2,5.29,1
sglang,multi_turn,621,166.51,0.00,193.78,1,5.16,1
sglang,multi_turn,622,234.99,0.00,411.51,1,2.43,1
sglang,multi_turn,623,137.30,189.38,326.67,2,6.12,1
sglang,multi_turn,624,129.66,0.00,193.09,1,5.18,1
sglang,multi_turn,625,116.58,138.25,254.82,2,7.85,0
sglang,multi_turn,626,145.01,0.00,277.61,1,3.60,1
sglang,multi_turn,627,142.21,0.00,201.08,1,4.97,1
sglang,multi_turn,628,215.69,0.00,308.01,1,3.25,1
sglang,multi_turn,629,189.81,0.00,284.63,1,3.51,1
sglang,multi_turn,630,261.11,0.00,344.64,1,2.90,1
sglang,multi_turn,631,188.62,0.00,248.62,1,4.02,1
sglang,multi_turn,632,180.71,88.44,269.16,2,7.43,1
sglang,multi_turn,633,143.34,0.00,230.98,1,4.33,1
sglang,multi_turn,634,142.26,38.62,180.89,2,11.06,1
sglang,multi_turn,635,162.45,0.00,383.71,1,2.61,1
sglang,multi_turn,636,144.17,88.40,232.57,2,8.60,1
sglang,multi_turn,637,172.45,0.00,312.79,1,3.20,1
sglang,multi_turn,638,175.18,0.00,261.12,1,3.83,1
sglang,multi_turn,639,230.68,0.00,286.42,1,3.49,1
sglang,multi_turn,640,167.16,0.00,225.58,1,4.43,1
sglang,multi_turn,641,172.58,120.76,293.33,2,6.82,1
sglang,multi_turn,642,118.44,121.24,239.68,2,8.34,1
sglang,multi_turn,643,112.38,0.00,162.04,1,6.17,1
sglang,multi_turn,644,196.81,0.00,303.71,1,3.29,1
sglang,multi_turn,645,247.74,169.67,417.40,2,4.79,1
sglang,multi_turn,646,140.52,0.00,231.67,1,4.32,1
sglang,multi_turn,647,219.01,0.00,279.29,1,3.58,1
sglang,multi_turn,648,197.39,0.00,232.49,1,4.30,1
sglang,multi_turn,649,175.42,23.13,198.55,2,10.07,1
sglang,multi_turn,650,160.89,163.67,324.56,2,6.16,1
sglang,multi_turn,651,152.30,0.00,236.80,1,4.22,1
sglang,multi_turn,652,216.29,83.11,299.41,2,6.68,1
sglang,multi_turn,653,215.68,0.00,392.32,1,2.55,1
sglang,multi_turn,654,149.11,72.68,221.79,2,9.02,0
sglang,multi_turn,655,198.02,0.00,255.09,1,3.92,1
sglang,multi_turn,656,138.42,0.00,218.11,1,4.58,1
sglang,multi_turn,657,182.31,102.13,284.44,2,7.03,1
sglang,multi_turn,658,116.25,95.54,211.79,2,9.44,1
sglang,multi_turn,659,155.73,0.00,294.15,1,3.40,1
sglang,multi_turn,660,166.33,0.00,217.68,1,4.59,1
sglang,multi_turn,661,201.62,147.86,349.48,2,5.72,1
sglang,multi_turn,662,168.87,0.00,266.84,1,3.75,1
sglang,multi_turn,663,241.31,0.00,306.07,1,3.27,1
sglang,multi_turn,664,110.51,68.09,178.60,2,11.20,1
sglang,multi_turn,665,184.61,0.00,206.54,1,4.84,1
sglang,multi_turn,666,200.52,0.00,245.36,1,4.08,1
sglang,multi_turn,667,213.01,0.00,278.84,1,3.59,1
sglang,multi_turn,668,264.38,0.00,315.05,1,3.17,1
sglang,multi_turn,669,255.16,0.00,396.63,1,2.52,1
sglang,multi_turn,670,160.12,108.27,268.39,2,7.45,1
sglang,multi_turn,671,203.12,0.00,233.45,1,4.28,1
sglang,multi_turn,672,152.34,0.00,211.62,1,4.73,1
sglang,multi_turn,673,154.95,0.00,275.82,1,3.63,1
sglang,multi_turn,674,113.63,95.32,208.95,2,9.57,1
sglang,multi_turn,675,183.20,0.00,246.82,1,4.05,1
sglang,multi_turn,676,229.14,0.00,353.47,1,2.83,1
sglang,multi_turn,677,141.10,137.06,278.16,2,7.19,1
sglang,multi_turn,678,182.53,0.00,337.05,1,2.97,1
sglang,multi_turn,679,183.98,0.00,216.12,1,4.63,1
sglang,multi_turn,680,125.54,0.00,171.58,1,5.83,1
sglang,multi_turn,681,188.02,0.00,228.38,1,4.38,1
sglang,multi_turn,682,177.53,0.00,208.44,1,4.80,1
sglang,multi_turn,683,225.28,0.00,371.05,1,2.70,1
sglang,multi_turn,684,122.20,194.54,316.74,2,6.31,1
sglang,multi_turn,685,124.24,0.00,329.80,1,3.03,1
sglang,multi_turn,686,151.20,66.67,217.87,2,9.18,1
sglang,multi_turn,687,204.59,0.00,266.27,1,3.76,1
sglang,multi_turn,688,138.48,0.00,181.62,1,5.51,1
sglang,multi_turn,689,161.06,66.94,228.00,2,8.77,1
sglang,multi_turn,690,135.61,94.15,229.76,2,8.70,1
sglang,multi_turn,691,187.73,143.88,331.61,2,6.03,1
sglang,multi_turn,692,169.59,0.00,236.87,1,4.22,1
sglang,multi_turn,693,220.15,0.00,344.82,1,2.90,1
sglang,multi_turn,694,234.89,95.54,330.43,2,6.05,1
sglang,multi_turn,695,199.42,0.00,231.28,1,4.32,1
sglang,multi_turn,696,163.08,46.00,209.07,2,9.57,1
sglang,multi_turn,697,192.14,0.00,226.73,1,4.41,1
sglang,multi_turn,698,176.58,0.00,258.31,1,3.87,1
sglang,multi_turn,699,172.08,158.85,330.93,2,6.04,1
sglang,multi_turn,700,172.55,0.00,222.09,1,4.50,1
sglang,multi_turn,701,220.90,144.18,365.08,2,5.48,1
sglang,multi_turn,702,161.82,82.00,243.81,2,8.20,1
sglang,multi_turn,703,198.77,0.00,293.76,1,3.40,1
sglang,multi_turn,704,129.09,0.00,178.58,1,5.60,1
sglang,multi_turn,705,155.74,0.00,239.14,1,4.18,1
sglang,multi_turn,706,112.39,148.47,260.86,2,7.67,1
sglang,multi_turn,707,145.09,0.00,263.96,1,3.79,1
sglang,multi_turn,708,154.30,0.00,250.73,1,3.99,1
sglang,multi_turn,709,216.84,0.00,337.18,1,2.97,1
sglang,multi_turn,710,240.52,0.00,273.30,1,3.66,1
sglang,multi_turn,711,171.41,0.00,299.94,1,3.33,1
sglang,multi_turn,712,181.57,104.75,286.33,2,6.99,1
sglang,multi_turn,713,175.70,0.00,218.94,1,4.57,1
sglang,multi_turn,714,141.35,134.66,276.01,2,7.25,1
sglang,multi_turn,715,129.89,138.64,268.53,2,7.45,1
sglang,multi_turn,716,166.80,104.11,270.91,2,7.38,1
sglang,multi_turn,717,94.14,239.68,333.82,2,5.99,1
sglang,multi_turn,718,176.47,0.00,247.10,1,4.05,1
sglang,multi_turn,719,205.00,0.00,264.82,1,3.78,1
sglang,multi_turn,720,154.12,0.00,188.43,1,5.31,1
sglang,multi_turn,721,177.11,114.43,291.53,2,6.86,1
sglang,multi_turn,722,185.37,0.00,267.86,1,3.73,1
sglang,multi_turn,723,140.50,0.00,162.57,1,6.15,1
sglang,multi_turn,724,218.75,210.43,429.18,2,4.66,1
sglang,multi_turn,725,108.88,0.00,166.86,1,5.99,1
sglang,multi_turn,726,254.08,0.00,433.12,1,2.31,1
sglang,multi_turn,727,136.42,0.00,198.14,1,5.05,1
sglang,multi_turn,728,129.93,0.00,190.08,1,5.26,1
sglang,multi_turn,729,115.64,0.00,253.56,1,3.94,1
sglang,multi_turn,730,172.62,64.87,237.49,2,8.42,1
sglang,multi_turn,731,207.76,166.55,374.31,2,5.34,1
sglang,multi_turn,732,137.34,153.24,290.59,2,6.88,1
sglang,multi_turn,733,147.52,0.00,188.94,1,5.29,1
sglang,multi_turn,734,236.01,0.00,437.48,1,2.29,1
sglang,multi_turn,735,142.38,0.00,169.55,1,5.90,1
sglang,multi_turn,736,192.50,0.00,232.10,1,4.31,1
sglang,multi_turn,737,165.02,0.00,285.90,1,3.50,1
sglang,multi_turn,738,129.03,107.43,236.46,2,8.46,1
sglang,multi_turn,739,99.89,140.55,240.44,2,8.32,1
sglang,multi_turn,740,170.15,110.07,280.22,2,7.14,1
sglang,multi_turn,741,170.33,0.00,307.24,1,3.25,1
sglang,multi_turn,742,245.48,96.62,342.10,2,5.85,1
sglang,multi_turn,743,221.44,0.00,247.15,1,4.05,1
sglang,multi_turn,744,148.73,0.00,233.99,1,4.27,1
sglang,multi_turn,745,128.57,0.00,284.96,1,3.51,1
sglang,multi_turn,746,173.73,14.75,188.48,2,10.61,1
sglang,multi_turn,747,209.65,0.00,338.40,1,2.96,1
sglang,multi_turn,748,142.24,0.00,210.67,1,4.75,1
sglang,multi_turn,749,261.57,0.00,366.01,1,2.73,1
sglang,multi_turn,750,209.57,107.79,317.37,2,6.30,1
sglang,multi_turn,751,195.48,0.00,230.32,1,4.34,1
sglang,multi_turn,752,133.46,0.00,162.42,1,6.16,1
sglang,multi_turn,753,175.47,102.50,277.96,2,7.20,1
sglang,multi_turn,754,144.64,0.00,243.57,1,4.11,1
sglang,multi_turn,755,104.46,0.00,218.11,1,4.58,1
sglang,multi_turn,756,256.09,0.00,385.89,1,2.59,1
sglang,multi_turn,757,128.55,0.00,249.86,1,4.00,1
sglang,multi_turn,758,189.99,0.00,279.56,1,3.58,1
sglang,multi_turn,759,256.47,0.00,289.70,1,3.45,1
sglang,multi_turn,760,145.06,68.38,213.43,2,9.37,1
sglang,multi_turn,761,99.76,0.00,166.41,1,6.01,1
sglang,multi_turn,762,167.11,169.79,336.89,2,5.94,1
sglang,multi_turn,763,141.74,138.97,280.70,2,7.12,1
sglang,multi_turn,764,166.15,106.29,272.43,2,7.34,1
sglang,multi_turn,765,201.51,174.79,376.31,2,5.31,1
sglang,multi_turn,766,137.98,155.97,293.94,2,6.80,1
sglang,multi_turn,767,148.68,0.00,179.17,1,5.58,1
sglang,multi_turn,768,142.00,104.00,245.99,2,8.13,1
sglang,multi_turn,769,144.10,0.00,224.36,1,4.46,1
sglang,multi_turn,770,120.84,165.60,286.44,2,6.98,1
sglang,multi_turn,771,146.27,74.39,295.06,3,10.17,0
sglang,multi_turn,772,126.51,131.32,257.83,2,7.76,1
sglang,multi_turn,773,165.60,0.00,235.52,1,4.25,1
sglang,multi_turn,774,239.83,0.00,362.86,1,2.76,1
sglang,multi_turn,775,192.73,0.00,253.55,1,3.94,1
sglang,multi_turn,776,143.47,0.00,218.04,1,4.59,1
sglang,multi_turn,777,134.49,0.00,248.13,1,4.03,1
sglang,multi_turn,778,167.47,0.00,172.83,1,5.79,1
sglang,multi_turn,779,191.48,172.81,364.29,2,5.49,1
sglang,multi_turn,780,150.50,116.24,266.74,2,7.50,1
sglang,multi_turn,781,187.46,62.60,250.07,2,8.00,1
sglang,multi_turn,782,221.46,0.00,290.50,1,3.44,1
sglang,multi_turn,783,271.64,0.00,304.23,1,3.29,1
sglang,multi_turn,784,146.17,0.00,205.74,1,4.86,1
sglang,multi_turn,785,264.06,52.78,316.84,2,6.31,1
sglang,multi_turn,786,122.38,71.13,193.51,2,10.34,1
sglang,multi_turn,787,202.55,0.00,318.01,1,3.14,1
sglang,multi_turn,788,121.67,204.34,326.01,2,6.13,1
sglang,multi_turn,789,155.77,135.07,290.83,2,6.88,1
sglang,multi_turn,790,171.45,0.00,290.32,1,3.44,1
sglang,multi_turn,791,189.62,0.00,229.00,1,4.37,1
sglang,multi_turn,792,186.93,0.00,212.68,1,4.70,1
sglang,multi_turn,793,147.48,97.85,245.33,2,8.15,1
sglang,multi_turn,794,184.53,0.00,268.99,1,3.72,1
sglang,multi_turn,795,154.00,145.74,299.74,2,6.67,1
sglang,multi_turn,796,129.50,0.00,212.70,1,4.70,1
sglang,multi_turn,797,278.46,0.00,307.05,1,3.26,1
sglang,multi_turn,798,251.42,0.00,304.63,1,3.28,1
sglang,multi_turn,799,217.67,101.45,319.12,2,6.27,1
sglang,multi_turn,800,130.31,0.00,249.49,1,4.01,1
sglang,multi_turn,801,139.60,0.00,239.58,1,4.17,1
sglang,multi_turn,802,125.70,0.00,200.79,1,4.98,1
sglang,multi_turn,803,179.91,0.00,282.49,1,3.54,1
sglang,multi_turn,804,231.50,0.00,262.54,1,3.81,1
sglang,multi_turn,805,235.45,0.00,335.10,1,2.98,1
sglang,multi_turn,806,207.48,151.24,358.72,2,5.58,1
sglang,multi_turn,807,160.16,68.08,228.24,2,8.76,1
sglang,multi_turn,808,163.20,0.00,212.32,1,4.71,1
sglang,multi_turn,809,162.46,0.00,259.40,1,3.85,1
sglang,multi_turn,810,151.46,0.00,233.00,1,4.29,1
sglang,multi_turn,811,176.20,112.34,288.53,2,6.93,1
sglang,multi_turn,812,166.79,0.00,320.68,1,3.12,1
sglang,multi_turn,813,168.10,0.00,303.85,1,3.29,1
sglang,multi_turn,814,148.87,0.00,245.42,1,4.07,1
sglang,multi_turn,815,179.57,102.39,281.96,2,7.09,1
sglang,multi_turn,816,151.42,0.00,215.96,1,4.63,1
sglang,multi_turn,817,143.30,0.00,170.15,1,5.88,1
sglang,multi_turn,818,214.14,52.17,266.30,2,7.51,1
sglang,multi_turn,819,209.23,77.48,286.71,2,6.98,1
sglang,multi_turn,820,230.63,0.00,259.62,1,3.85,1
sglang,multi_turn,821,235.93,129.41,365.33,2,5.47,1
sglang,multi_turn,822,212.59,103.83,316.42,2,6.32,1
sglang,multi_turn,823,203.31,43.42,246.73,2,8.11,1
sglang,multi_turn,824,110.80,0.00,250.16,1,4.00,1
sglang,multi_turn,825,121.10,0.00,179.75,1,5.56,1
sglang,multi_turn,826,177.35,90.78,268.13,2,7.46,1
sglang,multi_turn,827,143.93,133.92,277.85,2,7.20,1
sglang,multi_turn,828,194.53,73.41,267.93,2,7.46,1
sglang,multi_turn,829,156.84,145.13,301.98,2,6.62,1
sglang,multi_turn,830,147.50,0.00,365.28,1,2.74,1
sglang,multi_turn,831,178.77,42.72,221.50,2,9.03,1
sglang,multi_turn,832,140.94,0.00,242.31,1,4.13,1
sglang,multi_turn,833,127.10,97.35,224.44,2,8.91,1
sglang,multi_turn,834,126.15,48.63,223.40,3,13.43,1
sglang,multi_turn,835,182.39,0.00,274.08,1,3.65,1
sglang,multi_turn,836,169.77,96.73,363.24,3,8.26,1
sglang,multi_turn,837,134.79,0.00,315.67,1,3.17,1
sglang,multi_turn,838,139.97,77.75,295.47,3,10.15,1
sglang,multi_turn,839,152.48,36.14,188.62,2,10.60,1
sglang,multi_turn,840,163.11,56.31,219.42,2,9.11,1
sglang,multi_turn,841,139.22,71.57,210.78,2,9.49,1
sglang,multi_turn,842,164.88,0.00,305.15,1,3.28,1
sglang,multi_turn,843,115.12,66.84,181.96,2,10.99,1
sglang,multi_turn,844,237.99,0.00,384.68,1,2.60,1
sglang,multi_turn,845,178.53,0.00,293.51,1,3.41,1
sglang,multi_turn,846,195.99,0.00,322.53,1,3.10,1
sglang,multi_turn,847,182.68,0.00,219.72,1,4.55,1
sglang,multi_turn,848,129.45,0.00,198.27,1,5.04,1
sglang,multi_turn,849,145.55,0.00,203.28,1,4.92,1
sglang,multi_turn,850,164.61,128.60,293.21,2,6.82,1
sglang,multi_turn,851,154.51,0.00,271.52,1,3.68,1
sglang,multi_turn,852,182.10,0.00,252.21,1,3.96,1
sglang,multi_turn,853,229.27,47.20,276.48,2,7.23,1
sglang,multi_turn,854,240.12,0.00,312.60,1,3.20,1
sglang,multi_turn,855,232.10,72.21,304.30,2,6.57,1
sglang,multi_turn,856,99.70,0.00,191.68,1,5.22,1
sglang,multi_turn,857,117.19,81.83,199.01,2,10.05,1
sglang,multi_turn,858,194.00,0.00,236.39,1,4.23,1
sglang,multi_turn,859,209.27,187.87,397.14,2,5.04,1
sglang,multi_turn,860,143.96,0.00,259.53,1,3.85,1
sglang,multi_turn,861,139.23,0.00,227.18,1,4.40,1
sglang,multi_turn,862,197.93,0.00,290.52,1,3.44,1
sglang,multi_turn,863,217.37,103.14,320.51,2,6.24,1
sglang,multi_turn,864,121.96,105.55,227.50,2,8.79,1
sglang,multi_turn,865,128.65,0.00,145.94,1,6.85,1
sglang,multi_turn,866,196.87,0.00,228.32,1,4.38,1
sglang,multi_turn,867,247.36,0.00,379.52,1,2.63,1
sglang,multi_turn,868,143.55,0.00,326.11,1,3.07,1
sglang,multi_turn,869,155.72,164.70,320.43,2,6.24,1
sglang,multi_turn,870,155.02,83.83,238.85,2,8.37,0
sglang,multi_turn,871,145.86,105.14,251.00,2,7.97,1
sglang,multi_turn,872,158.92,69.06,227.98,2,8.77,1
sglang,multi_turn,873,192.26,0.00,275.21,1,3.63,1
sglang,multi_turn,874,153.75,0.00,211.54,1,4.73,1
sglang,multi_turn,875,200.79,0.00,305.69,1,3.27,1
sglang,multi_turn,876,195.30,66.62,261.92,2,7.64,1
sglang,multi_turn,877,200.00,0.00,267.17,1,3.74,1
sglang,multi_turn,878,244.61,187.03,431.64,2,4.63,1
sglang,multi_turn,879,123.75,75.61,199.36,2,10.03,1
sglang,multi_turn,880,162.11,0.00,282.03,1,3.55,1
sglang,multi_turn,881,135.31,0.00,169.60,1,5.90,1
sglang,multi_turn,882,185.50,0.00,221.64,1,4.51,1
sglang,multi_turn,883,181.07,0.00,275.94,1,3.62,1
sglang,multi_turn,884,245.85,124.43,370.28,2,5.40,1
sglang,multi_turn,885,206.36,0.00,321.76,1,3.11,1
sglang,multi_turn,886,202.56,0.00,347.25,1,2.88,1
sglang,multi_turn,887,159.76,34.17,193.94,2,10.31,1
sglang,multi_turn,888,124.81,82.99,207.80,2,9.62,1
sglang,multi_turn,889,140.06,0.00,243.67,1,4.10,1
sglang,multi_turn,890,134.01,95.16,229.17,2,8.73,1
sglang,multi_turn,891,149.49,65.90,215.39,2,9.29,1
sglang,multi_turn,892,233.39,0.00,421.19,1,2.37,1
sglang,multi_turn,893,134.08,0.00,178.00,1,5.62,1
sglang,multi_turn,894,270.52,0.00,342.24,1,2.92,1
sglang,multi_turn,895,234.05,45.09,279.14,2,7.16,0
sglang,multi_turn,896,161.57,0.00,238.85,1,4.19,1
sglang,multi_turn,897,179.27,0.00,229.44,1,4.36,1
sglang,multi_turn,898,163.24,110.62,273.86,2,7.30,1
sglang,multi_turn,899,153.52,135.28,288.80,2,6.93,1
sglang,multi_turn,900,104.38,0.00,183.34,1,5.45,1
sglang,multi_turn,901,210.43,129.29,339.72,2,5.89,1
sglang,multi_turn,902,252.92,0.00,315.38,1,3.17,1
sglang,multi_turn,903,185.14,103.88,289.02,2,6.92,1
sglang,multi_turn,904,173.42,0.00,265.86,1,3.76,1
sglang,multi_turn,905,126.42,0.00,208.10,1,4.81,1
sglang,multi_turn,906,154.79,70.10,224.89,2,8.89,1
sglang,multi_turn,907,158.46,104.55,263.01,2,7.60,1
sglang,multi_turn,908,210.52,115.48,326.01,2,6.13,1
sglang,multi_turn,909,215.29,0.00,367.05,1,2.72,1
sglang,multi_turn,910,155.54,0.00,281.43,1,3.55,1
sglang,multi_turn,911,172.24,47.67,219.91,2,9.09,0
sglang,multi_turn,912,140.57,0.00,232.58,1,4.30,1
sglang,multi_turn,913,162.88,0.00,219.18,1,4.56,1
sglang,multi_turn,914,171.01,0.00,191.87,1,5.21,1
sglang,multi_turn,915,193.41,0.00,281.25,1,3.56,1
sglang,multi_turn,916,269.09,96.64,365.72,2,5.47,1
sglang,multi_turn,917,209.29,110.45,319.74,2,6.26,1
sglang,multi_turn,918,210.22,0.00,258.16,1,3.87,1
sglang,multi_turn,919,188.82,105.92,294.74,2,6.79,1
sglang,multi_turn,920,158.54,0.00,217.88,1,4.59,1
sglang,multi_turn,921,216.85,64.89,281.74,2,7.10,1
sglang,multi_turn,922,144.41,108.29,252.70,2,7.91,1
sglang,multi_turn,923,104.85,0.00,200.56,1,4.99,1
sglang,multi_turn,924,268.07,0.00,355.42,1,2.81,1
sglang,multi_turn,925,217.64,89.18,306.82,2,6.52,1
sglang,multi_turn,926,191.93,107.41,299.34,2,6.68,1
sglang,multi_turn,927,196.53,74.33,270.86,2,7.38,1
sglang,multi_turn,928,130.75,0.00,225.49,1,4.43,1
sglang,multi_turn,929,128.12,0.00,156.76,1,6.38,1
sglang,multi_turn,930,128.82,0.00,230.71,1,4.33,1
sglang,multi_turn,931,180.77,212.05,392.82,2,5.09,1
sglang,multi_turn,932,144.83,136.32,281.15,2,7.11,1
sglang,multi_turn,933,178.16,142.48,320.64,2,6.24,1
sglang,multi_turn,934,174.82,0.00,252.55,1,3.96,1
sglang,multi_turn,935,186.76,72.07,258.82,2,7.73,1
sglang,multi_turn,936,158.23,86.65,244.88,2,8.17,1
sglang,multi_turn,937,125.44,0.00,248.50,1,4.02,1
sglang,multi_turn,938,104.50,135.62,240.12,2,8.33,1
sglang,multi_turn,939,120.26,120.12,240.38,2,8.32,1
sglang,multi_turn,940,148.92,157.92,306.84,2,6.52,1
sglang,multi_turn,941,200.89,121.60,322.49,2,6.20,1
sglang,multi_turn,942,191.78,137.75,329.53,2,6.07,1
sglang,multi_turn,943,165.04,45.32,210.36,2,9.51,1
sglang,multi_turn,944,188.75,67.62,256.37,2,7.80,1
sglang,multi_turn,945,134.62,0.00,193.04,1,5.18,1
sglang,multi_turn,946,181.02,0.00,287.64,1,3.48,1
sglang,multi_turn,947,102.15,0.00,214.98,1,4.65,1
sglang,multi_turn,948,226.64,140.11,366.74,2,5.45,1
sglang,multi_turn,949,150.32,0.00,260.52,1,3.84,1
sglang,multi_turn,950,236.69,146.68,383.36,2,5.22,1
sglang,multi_turn,951,169.20,35.55,204.76,2,9.77,1
sglang,multi_turn,952,120.51,0.00,207.56,1,4.82,1
sglang,multi_turn,953,204.32,0.00,281.84,1,3.55,1
sglang,multi_turn,954,160.11,0.00,264.01,1,3.79,1
sglang,multi_turn,955,139.61,109.62,249.23,2,8.02,1
sglang,multi_turn,956,160.67,111.03,271.70,2,7.36,1
sglang,multi_turn,957,244.22,0.00,279.91,1,3.57,1
sglang,multi_turn,958,277.04,133.60,410.64,2,4.87,1
sglang,multi_turn,959,182.82,34.49,217.31,2,9.20,1
sglang,multi_turn,960,173.77,0.00,228.39,1,4.38,1
sglang,multi_turn,961,148.41,0.00,252.68,1,3.96,1
sglang,multi_turn,962,138.32,0.00,175.83,1,5.69,1
sglang,multi_turn,963,170.49,146.70,317.19,2,6.31,1
sglang,multi_turn,964,188.85,0.00,258.92,1,3.86,1
sglang,multi_turn,965,229.54,0.00,415.26,1,2.41,1
sglang,multi_turn,966,173.13,0.00,260.89,1,3.83,1
sglang,multi_turn,967,172.68,76.68,249.36,2,8.02,1
sglang,multi_turn,968,144.11,68.92,213.03,2,9.39,1
sglang,multi_turn,969,195.02,79.82,274.83,2,7.28,1
sglang,multi_turn,970,160.38,71.27,231.66,2,8.63,1
sglang,multi_turn,971,192.81,116.43,309.25,2,6.47,1
sglang,multi_turn,972,156.22,0.00,357.40,1,2.80,1
sglang,multi_turn,973,136.72,0.00,153.72,1,6.51,1
sglang,multi_turn,974,257.44,0.00,436.34,1,2.29,1
sglang,multi_turn,975,130.64,69.55,200.19,2,9.99,1
sglang,multi_turn,976,152.36,55.21,207.58,2,9.64,1
sglang,multi_turn,977,107.75,0.00,202.63,1,4.94,1
sglang,multi_turn,978,183.41,75.82,259.23,2,7.72,1
sglang,multi_turn,979,107.19,0.00,215.52,1,4.64,1
sglang,multi_turn,980,230.67,171.72,402.39,2,4.97,1
sglang,multi_turn,981,149.36,0.00,295.58,1,3.38,1
sglang,multi_turn,982,210.36,0.00,337.24,1,2.97,1
sglang,multi_turn,983,168.12,45.87,213.99,2,9.35,1
sglang,multi_turn,984,132.99,86.73,219.72,2,9.10,1
sglang,multi_turn,985,132.49,104.63,237.12,2,8.43,1
sglang,multi_turn,986,86.86,158.92,245.78,2,8.14,1
sglang,multi_turn,987,166.31,0.00,308.13,1,3.25,1
sglang,multi_turn,988,155.59,137.78,293.37,2,6.82,1
sglang,multi_turn,989,170.91,55.55,226.46,2,8.83,1
sglang,multi_turn,990,257.44,0.00,312.47,1,3.20,1
sglang,multi_turn,991,242.15,42.57,284.73,2,7.02,1
sglang,multi_turn,992,148.65,0.00,205.76,1,4.86,1
sglang,multi_turn,993,170.42,28.74,199.15,2,10.04,1
sglang,multi_turn,994,215.69,30.39,246.08,2,8.13,1
sglang,multi_turn,995,163.10,0.00,277.24,1,3.61,1
sglang,multi_turn,996,192.36,137.94,330.30,2,6.06,1
sglang,multi_turn,997,152.82,0.00,243.40,1,4.11,1
sglang,multi_turn,998,288.77,0.00,411.50,1,2.43,1
sglang,multi_turn,999,159.79,73.15,232.94,2,8.59,1
sglang,tree_of_thought,0,112.83,17.05,129.88,2,15.40,1
sglang,tree_of_thought,1,117.71,22.35,140.07,2,14.28,1
sglang,tree_of_thought,2,104.70,34.99,139.69,2,14.32,1
sglang,tree_of_thought,3,114.81,0.00,156.23,1,6.40,1
sglang,tree_of_thought,4,135.18,0.00,135.41,1,7.38,1
sglang,tree_of_thought,5,127.69,24.64,152.33,2,13.13,1
sglang,tree_of_thought,6,99.70,0.00,103.05,1,9.70,1
sglang,tree_of_thought,7,94.44,22.26,116.70,2,17.14,1
sglang,tree_of_thought,8,629.61,18.28,647.89,2,3.09,1
sglang,tree_of_thought,9,79.88,0.00,719.61,1,1.39,1
sglang,tree_of_thought,10,648.89,35.70,684.59,2,2.92,1
sglang,tree_of_thought,11,673.62,40.32,713.95,2,2.80,0
sglang,tree_of_thought,12,98.37,0.00,187.74,1,5.33,1
sglang,tree_of_thought,13,76.96,0.00,174.11,1,5.74,1
sglang,tree_of_thought,14,82.89,0.00,155.85,1,6.42,1
sglang,tree_of_thought,15,82.71,58.16,140.86,2,14.20,1
sglang,tree_of_thought,16,85.15,26.56,111.71,2,17.90,1
sglang,tree_of_thought,17,97.76,0.00,186.15,1,5.37,1
sglang,tree_of_thought,18,79.69,0.00,109.41,1,9.14,1
sglang,tree_of_thought,19,103.30,0.00,139.07,1,7.19,1
sglang,tree_of_thought,20,104.12,0.00,171.01,1,5.85,1
sglang,tree_of_thought,21,90.79,0.00,113.83,1,8.79,1
sglang,tree_of_thought,22,108.30,0.00,144.12,1,6.94,1
sglang,tree_of_thought,23,101.38,75.76,177.13,2,11.29,1
sglang,tree_of_thought,24,89.81,112.49,202.30,2,9.89,1
sglang,tree_of_thought,25,75.07,13.23,88.30,2,22.65,1
sglang,tree_of_thought,26,78.57,0.00,143.24,1,6.98,1
sglang,tree_of_thought,27,86.01,0.00,170.34,1,5.87,1
sglang,tree_of_thought,28,57.58,0.00,96.18,1,10.40,1
sglang,tree_of_thought,29,74.87,62.33,137.20,2,14.58,1
sglang,tree_of_thought,30,78.32,0.00,81.87,1,12.21,1
sglang,tree_of_thought,31,105.59,0.00,115.76,1,8.64,1
sglang,tree_of_thought,32,81.42,0.00,116.30,1,8.60,1
sglang,tree_of_thought,33,101.55,0.00,136.20,1,7.34,1
sglang,tree_of_thought,34,98.67,34.80,133.47,2,14.98,1
sglang,tree_of_thought,35,102.94,0.00,103.15,1,9.69,1
sglang,tree_of_thought,36,73.65,24.52,98.17,2,20.37,1
sglang,tree_of_thought,37,52.82,25.20,78.02,2,25.63,1
sglang,tree_of_thought,38,102.88,22.05,124.93,2,16.01,1
sglang,tree_of_thought,39,637.83,0.00,659.26,1,1.52,1
sglang,tree_of_thought,40,664.81,20.13,684.94,2,2.92,1
sglang,tree_of_thought,41,681.45,42.23,723.68,2,2.76,1
sglang,tree_of_thought,42,641.65,12.13,665.92,3,4.51,1
sglang,tree_of_thought,43,67.70,0.00,101.48,1,9.85,1
sglang,tree_of_thought,44,95.45,59.37,154.82,2,12.92,1
sglang,tree_of_thought,45,83.43,46.60,130.04,2,15.38,1
sglang,tree_of_thought,46,89.76,90.16,179.92,2,11.12,1
sglang,tree_of_thought,47,89.85,0.00,107.19,1,9.33,1
sglang,tree_of_thought,48,95.56,0.00,209.85,1,4.77,1
sglang,tree_of_thought,49,86.88,0.00,142.20,1,7.03,1
sglang,tree_of_thought,50,91.77,0.00,171.22,1,5.84,1
sglang,tree_of_thought,51,85.58,119.14,204.72,2,9.77,1
sglang,tree_of_thought,52,103.29,0.00,137.22,1,7.29,1
sglang,tree_of_thought,53,82.24,0.00,110.28,1,9.07,1
sglang,tree_of_thought,54,92.75,104.37,197.11,2,10.15,1
sglang,tree_of_thought,55,101.58,73.01,174.59,2,11.46,1
sglang,tree_of_thought,56,71.38,0.00,78.61,1,12.72,1
sglang,tree_of_thought,57,74.37,0.00,180.19,1,5.55,1
sglang,tree_of_thought,58,97.37,109.10,206.46,2,9.69,1
sglang,tree_of_thought,59,82.23,48.26,130.49,2,15.33,1
sglang,tree_of_thought,60,95.59,67.27,162.86,2,12.28,1
sglang,tree_of_thought,61,78.49,0.00,85.87,1,11.65,1
sglang,tree_of_thought,62,143.53,0.00,168.17,1,5.95,1
sglang,tree_of_thought,63,156.82,0.00,176.79,1,5.66,1
sglang,tree_of_thought,64,138.06,0.00,172.97,1,5.78,1
sglang,tree_of_thought,65,145.89,46.30,192.19,2,10.41,1
sglang,tree_of_thought,66,115.31,4.63,119.94,2,16.67,1
sglang,tree_of_thought,67,144.07,0.00,148.85,1,6.72,1
sglang,tree_of_thought,68,165.60,0.00,222.29,1,4.50,1
sglang,tree_of_thought,69,83.02,30.24,113.26,2,17.66,1
sglang,tree_of_thought,70,666.72,29.08,695.80,2,2.87,1
sglang,tree_of_thought,71,681.69,43.23,724.92,2,2.76,1
sglang,tree_of_thought,72,680.45,0.00,680.66,1,1.47,1
sglang,tree_of_thought,73,653.23,0.00,654.61,1,1.53,1
sglang,tree_of_thought,74,87.09,0.00,161.72,1,6.18,1
sglang,tree_of_thought,75,83.43,107.68,191.11,2,10.47,1
sglang,tree_of_thought,76,82.08,42.74,124.81,2,16.02,1
sglang,tree_of_thought,77,85.94,0.00,146.80,1,6.81,1
sglang,tree_of_thought,78,79.28,27.21,106.49,2,18.78,1
sglang,tree_of_thought,79,102.59,0.00,179.78,1,5.56,1
sglang,tree_of_thought,80,74.07,0.00,108.32,1,9.23,1
sglang,tree_of_thought,81,98.93,36.18,135.11,2,14.80,1
sglang,tree_of_thought,82,107.34,59.13,166.48,2,12.01,1
sglang,tree_of_thought,83,105.99,0.00,171.05,1,5.85,1
sglang,tree_of_thought,84,118.26,0.00,146.80,1,6.81,1
sglang,tree_of_thought,85,58.22,147.22,205.44,2,9.74,1
sglang,tree_of_thought,86,85.45,44.44,129.89,2,15.40,1
sglang,tree_of_thought,87,76.08,0.00,82.39,1,12.14,1
sglang,tree_of_thought,88,81.34,0.00,155.32,1,6.44,1
sglang,tree_of_thought,89,93.86,0.00,126.22,1,7.92,1
sglang,tree_of_thought,90,72.28,138.94,211.22,2,9.47,0
sglang,tree_of_thought,91,82.94,105.04,187.98,2,10.64,1
sglang,tree_of_thought,92,81.44,0.00,92.02,1,10.87,1
sglang,tree_of_thought,93,118.18,0.00,147.54,1,6.78,1
sglang,tree_of_thought,94,137.29,19.34,156.63,2,12.77,1
sglang,tree_of_thought,95,122.23,45.86,168.09,2,11.90,1
sglang,tree_of_thought,96,108.48,0.00,153.93,1,6.50,1
sglang,tree_of_thought,97,108.60,0.00,113.15,1,8.84,1
sglang,tree_of_thought,98,162.50,0.00,212.86,1,4.70,1
sglang,tree_of_thought,99,79.45,0.00,95.90,1,10.43,1
sglang,tree_of_thought,100,62.89,0.00,73.50,1,13.61,1
sglang,tree_of_thought,101,657.52,0.00,667.58,1,1.50,1
sglang,tree_of_thought,102,82.76,0.00,740.61,1,1.35,1
sglang,tree_of_thought,103,660.52,45.35,705.88,2,2.83,1
sglang,tree_of_thought,104,71.80,663.65,735.45,2,2.72,1
sglang,tree_of_thought,105,88.49,0.00,161.46,1,6.19,1
sglang,tree_of_thought,106,90.57,0.00,118.41,1,8.44,1
sglang,tree_of_thought,107,96.33,0.00,194.35,1,5.15,1
sglang,tree_of_thought,108,96.53,0.00,153.93,1,6.50,1
sglang,tree_of_thought,109,59.85,57.15,116.99,2,17.10,1
sglang,tree_of_thought,110,108.09,0.00,186.57,1,5.36,1
sglang,tree_of_thought,111,86.17,0.00,167.55,1,5.97,1
sglang,tree_of_thought,112,90.65,58.70,149.35,2,13.39,1
sglang,tree_of_thought,113,90.30,43.46,133.76,2,14.95,1
sglang,tree_of_thought,114,95.67,0.00,188.48,1,5.31,1
sglang,tree_of_thought,115,99.53,38.78,138.31,2,14.46,1
sglang,tree_of_thought,116,95.25,74.38,169.63,2,11.79,1
sglang,tree_of_thought,117,88.44,107.65,196.09,2,10.20,1
sglang,tree_of_thought,118,81.20,6.19,87.38,2,22.89,1
sglang,tree_of_thought,119,81.99,108.20,190.18,2,10.52,1
sglang,tree_of_thought,120,78.40,86.39,164.79,2,12.14,1
sglang,tree_of_thought,121,61.73,43.62,105.35,2,18.98,1
sglang,tree_of_thought,122,74.98,65.54,140.52,2,14.23,1
sglang,tree_of_thought,123,71.86,0.00,87.35,1,11.45,1
sglang,tree_of_thought,124,116.47,32.80,149.26,2,13.40,1
sglang,tree_of_thought,125,139.75,0.00,155.75,1,6.42,1
sglang,tree_of_thought,126,131.61,0.00,165.59,1,6.04,1
sglang,tree_of_thought,127,118.53,0.00,149.29,1,6.70,1
sglang,tree_of_thought,128,96.39,0.00,101.08,1,9.89,1
sglang,tree_of_thought,129,144.97,13.98,158.95,2,12.58,1
sglang,tree_of_thought,130,134.03,4.65,138.67,2,14.42,1
sglang,tree_of_thought,131,89.11,0.00,109.94,1,9.10,1
sglang,tree_of_thought,132,85.84,0.00,728.82,1,1.37,1
sglang,tree_of_thought,133,663.18,0.00,691.74,1,1.45,1
sglang,tree_of_thought,134,77.56,0.00,724.14,1,1.38,1
sglang,tree_of_thought,135,642.86,37.08,679.95,2,2.94,1
sglang,tree_of_thought,136,103.74,0.00,147.77,1,6.77,1
sglang,tree_of_thought,137,98.30,0.00,193.00,1,5.18,1
sglang,tree_of_thought,138,70.80,0.00,122.75,1,8.15,1
sglang,tree_of_thought,139,93.61,90.70,184.31,2,10.85,1
sglang,tree_of_thought,140,89.76,27.06,116.83,2,17.12,1
sglang,tree_of_thought,141,103.00,0.00,130.21,1,7.68,1
sglang,tree_of_thought,142,110.24,0.00,173.62,1,5.76,1
sglang,tree_of_thought,143,104.71,95.26,199.97,2,10.00,1
sglang,tree_of_thought,144,79.29,43.84,123.13,2,16.24,1
sglang,tree_of_thought,145,101.09,0.00,161.72,1,6.18,1
sglang,tree_of_thought,146,111.28,0.00,145.58,1,6.87,1
sglang,tree_of_thought,147,92.34,107.07,199.41,2,10.03,1
sglang,tree_of_thought,148,87.87,37.76,125.63,2,15.92,1
sglang,tree_of_thought,149,79.64,5.77,85.41,2,23.42,1
sglang,tree_of_thought,150,88.29,0.00,170.93,1,5.85,1
sglang,tree_of_thought,151,84.86,0.00,156.90,1,6.37,1
sglang,tree_of_thought,152,75.08,0.00,107.85,1,9.27,1
sglang,tree_of_thought,153,73.11,68.32,141.43,2,14.14,1
sglang,tree_of_thought,154,75.48,0.00,95.54,1,10.47,1
sglang,tree_of_thought,155,114.92,0.00,145.38,1,6.88,1
sglang,tree_of_thought,156,126.25,14.52,155.29,3,19.32,0
sglang,tree_of_thought,157,105.42,0.00,146.58,1,6.82,1
sglang,tree_of_thought,158,114.08,0.00,164.00,1,6.10,1
sglang,tree_of_thought,159,106.89,0.00,110.94,1,9.01,1
sglang,tree_of_thought,160,106.48,0.00,113.44,1,8.82,1
sglang,tree_of_thought,161,60.89,11.06,83.01,3,36.14,0
sglang,tree_of_thought,162,83.74,23.50,107.23,2,18.65,1
sglang,tree_of_thought,163,648.62,0.41,649.03,2,3.08,1
sglang,tree_of_thought,164,673.43,0.00,687.52,1,1.45,1
sglang,tree_of_thought,165,668.50,47.13,715.64,2,2.79,1
sglang,tree_of_thought,166,638.98,12.36,651.34,2,3.07,1
sglang,tree_of_thought,167,77.82,0.00,127.63,1,7.84,1
sglang,tree_of_thought,168,96.25,0.00,160.56,1,6.23,1
sglang,tree_of_thought,169,75.99,45.55,121.54,2,16.46,1
sglang,tree_of_thought,170,99.03,90.66,189.69,2,10.54,0
sglang,tree_of_thought,171,86.48,24.41,110.89,2,18.04,1
sglang,tree_of_thought,172,94.69,0.00,127.62,1,7.84,1
sglang,tree_of_thought,173,70.56,37.89,108.45,2,18.44,1
sglang,tree_of_thought,174,101.44,62.67,164.10,2,12.19,1
sglang,tree_of_thought,175,99.48,88.67,188.15,2,10.63,1
sglang,tree_of_thought,176,75.58,0.00,168.11,1,5.95,1
sglang,tree_of_thought,177,100.13,0.00,121.96,1,8.20,1
sglang,tree_of_thought,178,68.79,34.54,103.33,2,19.36,1
sglang,tree_of_thought,179,92.70,72.20,164.90,2,12.13,1
sglang,tree_of_thought,180,72.05,0.00,83.24,1,12.01,1
sglang,tree_of_thought,181,91.59,0.00,179.71,1,5.56,1
sglang,tree_of_thought,182,85.34,0.00,157.76,1,6.34,1
sglang,tree_of_thought,183,78.82,0.00,109.52,1,9.13,1
sglang,tree_of_thought,184,84.96,0.00,140.90,1,7.10,1
sglang,tree_of_thought,185,78.01,0.00,87.17,1,11.47,1
sglang,tree_of_thought,186,134.89,0.00,217.55,1,4.60,1
sglang,tree_of_thought,187,132.95,83.69,216.64,2,9.23,1
sglang,tree_of_thought,188,113.50,90.73,204.23,2,9.79,1
sglang,tree_of_thought,189,124.14,90.76,214.90,2,9.31,1
sglang,tree_of_thought,190,135.85,0.00,138.13,1,7.24,1
sglang,tree_of_thought,191,147.17,0.00,224.29,1,4.46,1
sglang,tree_of_thought,192,64.07,0.00,80.87,1,12.37,1
sglang,tree_of_thought,193,78.66,39.78,118.44,2,16.89,1
sglang,tree_of_thought,194,635.69,0.00,640.99,1,1.56,1
sglang,tree_of_thought,195,667.33,45.07,712.40,2,2.81,1
sglang,tree_of_thought,196,652.63,0.00,690.37,1,1.45,1
sglang,tree_of_thought,197,637.27,0.00,648.14,1,1.54,1
sglang,tree_of_thought,198,80.63,0.00,151.17,1,6.62,1
sglang,tree_of_thought,199,78.72,0.00,175.87,1,5.69,1
sglang,tree_of_thought,200,79.91,0.00,111.73,1,8.95,1
sglang,tree_of_thought,201,81.23,61.72,142.94,2,13.99,0
sglang,tree_of_thought,202,93.00,0.00,104.72,1,9.55,1
sglang,tree_of_thought,203,90.88,89.38,180.25,2,11.10,1
sglang,tree_of_thought,204,90.40,119.89,210.29,2,9.51,1
sglang,tree_of_thought,205,96.18,0.00,136.20,1,7.34,1
sglang,tree_of_thought,206,95.84,0.00,158.41,1,6.31,1
sglang,tree_of_thought,207,91.77,0.00,145.84,1,6.86,1
sglang,tree_of_thought,208,114.78,0.00,176.33,1,5.67,1
sglang,tree_of_thought,209,65.49,0.00,94.76,1,10.55,1
sglang,tree_of_thought,210,89.07,45.66,134.73,2,14.84,1
sglang,tree_of_thought,211,73.14,0.00,81.49,1,12.27,1
sglang,tree_of_thought,212,91.36,0.00,167.37,1,5.97,1
sglang,tree_of_thought,213,89.00,111.00,199.99,2,10.00,1
sglang,tree_of_thought,214,76.93,45.50,122.43,2,16.34,1
sglang,tree_of_thought,215,92.79,60.44,153.23,2,13.05,1
sglang,tree_of_thought,216,79.00,0.00,90.81,1,11.01,1
sglang,tree_of_thought,217,98.68,0.00,216.41,1,4.62,1
sglang,tree_of_thought,218,126.98,0.00,207.59,1,4.82,1
sglang,tree_of_thought,219,118.85,0.00,209.73,1,4.77,1
sglang,tree_of_thought,220,131.54,94.79,226.33,2,8.84,1
sglang,tree_of_thought,221,137.58,0.00,140.66,1,7.11,1
sglang,tree_of_thought,222,100.44,4.44,104.88,2,19.07,1
sglang,tree_of_thought,223,97.89,15.53,113.42,2,17.63,1
sglang,tree_of_thought,224,68.35,25.46,93.81,2,21.32,1
sglang,tree_of_thought,225,668.69,36.91,705.60,2,2.83,1
sglang,tree_of_thought,226,83.40,0.00,731.63,1,1.37,1
sglang,tree_of_thought,227,632.94,28.20,661.14,2,3.03,1
sglang,tree_of_thought,228,686.98,4.61,691.59,2,2.89,1
sglang,tree_of_thought,229,89.59,0.00,185.27,1,5.40,1
sglang,tree_of_thought,230,100.59,113.83,214.43,2,9.33,1
sglang,tree_of_thought,231,84.41,0.00,176.96,1,5.65,1
sglang,tree_of_thought,232,84.93,69.48,154.41,2,12.95,1
sglang,tree_of_thought,233,94.31,28.16,122.46,2,16.33,1
sglang,tree_of_thought,234,90.98,0.00,178.76,1,5.59,1
sglang,tree_of_thought,235,75.11,0.00,110.08,1,9.08,1
sglang,tree_of_thought,236,102.90,61.99,164.89,2,12.13,1
sglang,tree_of_thought,237,101.20,39.52,140.71,2,14.21,1
sglang,tree_of_thought,238,126.66,0.00,142.55,1,7.01,1
sglang,tree_of_thought,239,108.19,0.00,169.01,1,5.92,1
sglang,tree_of_thought,240,86.05,0.00,116.49,1,8.58,1
sglang,tree_of_thought,241,60.32,36.68,96.99,2,20.62,1
sglang,tree_of_thought,242,74.46,13.05,87.52,2,22.85,1
sglang,tree_of_thought,243,84.58,83.65,168.23,2,11.89,1
sglang,tree_of_thought,244,91.09,105.30,196.39,2,10.18,1
sglang,tree_of_thought,245,79.97,0.00,148.19,1,6.75,1
sglang,tree_of_thought,246,81.34,19.84,121.01,3,24.79,1
sglang,tree_of_thought,247,72.57,0.00,92.94,1,10.76,1
sglang,tree_of_thought,248,90.49,0.00,110.52,1,9.05,1
sglang,tree_of_thought,249,94.65,0.00,119.19,1,8.39,1
sglang,tree_of_thought,250,118.34,13.41,131.75,2,15.18,1
sglang,tree_of_thought,251,106.16,38.01,144.17,2,13.87,1
sglang,tree_of_thought,252,119.40,0.00,123.62,1,8.09,1
sglang,tree_of_thought,253,62.26,0.00,77.13,1,12.96,1
sglang,tree_of_thought,254,73.53,32.25,105.77,2,18.91,1
sglang,tree_of_thought,255,163.33,73.14,236.47,2,8.46,1
sglang,tree_of_thought,256,684.01,0.00,698.58,1,1.43,1
sglang,tree_of_thought,257,671.60,4.80,676.40,2,2.96,1
sglang,tree_of_thought,258,639.20,0.00,653.60,1,1.53,1
sglang,tree_of_thought,259,644.15,12.17,656.31,2,3.05,1
sglang,tree_of_thought,260,92.31,0.00,173.06,1,5.78,1
sglang,tree_of_thought,261,77.68,0.00,110.56,1,9.04,1
sglang,tree_of_thought,262,98.19,61.51,159.70,2,12.52,1
sglang,tree_of_thought,263,93.26,44.84,138.09,2,14.48,1
sglang,tree_of_thought,264,78.08,0.00,91.12,1,10.97,1
sglang,tree_of_thought,265,96.23,0.00,198.98,1,5.03,1
sglang,tree_of_thought,266,85.34,0.00,185.41,1,5.39,1
sglang,tree_of_thought,267,80.77,0.00,165.48,1,6.04,1
sglang,tree_of_thought,268,82.96,70.53,153.48,2,13.03,1
sglang,tree_of_thought,269,97.91,0.00,182.58,1,5.48,1
sglang,tree_of_thought,270,102.20,0.00,160.43,1,6.23,1
sglang,tree_of_thought,271,84.97,0.00,117.19,1,8.53,1
sglang,tree_of_thought,272,107.33,45.80,153.13,2,13.06,1
sglang,tree_of_thought,273,78.40,0.00,80.65,1,12.40,1
sglang,tree_of_thought,274,89.22,0.00,159.71,1,6.26,1
sglang,tree_of_thought,275,74.88,0.00,202.85,1,4.93,1
sglang,tree_of_thought,276,88.57,0.00,138.54,1,7.22,1
sglang,tree_of_thought,277,100.09,99.06,199.14,2,10.04,1
sglang,tree_of_thought,278,73.28,0.00,95.13,1,10.51,1
sglang,tree_of_thought,279,151.50,0.00,180.70,1,5.53,1
sglang,tree_of_thought,280,132.87,0.00,201.56,1,4.96,1
sglang,tree_of_thought,281,148.34,38.17,186.52,2,10.72,1
sglang,tree_of_thought,282,124.07,0.00,205.07,1,4.88,1
sglang,tree_of_thought,283,96.00,0.00,96.24,1,10.39,1
sglang,tree_of_thought,284,133.07,0.00,139.57,1,7.16,1
sglang,tree_of_thought,285,67.92,0.00,79.93,1,12.51,1
sglang,tree_of_thought,286,92.53,0.00,100.31,1,9.97,1
sglang,tree_of_thought,287,62.93,0.00,741.07,1,1.35,1
sglang,tree_of_thought,288,102.34,0.00,737.58,1,1.36,1
sglang,tree_of_thought,289,77.25,648.45,725.70,2,2.76,1
sglang,tree_of_thought,290,90.95,662.18,753.13,2,2.66,1
sglang,tree_of_thought,291,93.13,83.90,177.02,2,11.30,1
sglang,tree_of_thought,292,93.78,106.52,200.30,2,9.98,1
sglang,tree_of_thought,293,91.22,0.00,131.40,1,7.61,1
sglang,tree_of_thought,294,96.06,31.48,159.02,3,18.87,1
sglang,tree_of_thought,295,89.18,0.00,100.63,1,9.94,1
sglang,tree_of_thought,296,94.54,0.00,198.73,1,5.03,1
sglang,tree_of_thought,297,74.53,0.00,184.14,1,5.43,1
sglang,tree_of_thought,298,81.99,0.00,169.54,1,5.90,1
sglang,tree_of_thought,299,82.34,33.89,150.11,3,19.98,0
sglang,tree_of_thought,300,106.77,0.00,155.80,1,6.42,1
sglang,tree_of_thought,301,109.33,0.00,142.72,1,7.01,1
sglang,tree_of_thought,302,92.19,106.71,198.90,2,10.06,1
sglang,tree_of_thought,303,86.45,35.16,121.61,2,16.45,1
sglang,tree_of_thought,304,62.32,0.00,87.31,1,11.45,1
sglang,tree_of_thought,305,98.21,0.00,159.48,1,6.27,1
sglang,tree_of_thought,306,93.22,0.00,140.02,1,7.14,1
sglang,tree_of_thought,307,80.45,41.19,121.64,2,16.44,1
sglang,tree_of_thought,308,96.29,105.93,202.22,2,9.89,1
sglang,tree_of_thought,309,79.63,0.00,98.69,1,10.13,1
sglang,tree_of_thought,310,139.80,21.42,161.22,2,12.41,1
sglang,tree_of_thought,311,137.69,38.48,176.17,2,11.35,1
sglang,tree_of_thought,312,128.95,46.83,175.77,2,11.38,1
sglang,tree_of_thought,313,160.27,30.02,190.29,2,10.51,1
sglang,tree_of_thought,314,101.87,0.00,106.41,1,9.40,1
sglang,tree_of_thought,315,118.20,0.00,135.76,1,7.37,1
sglang,tree_of_thought,316,59.85,0.00,75.35,1,13.27,1
sglang,tree_of_thought,317,80.35,0.00,101.63,1,9.84,1
sglang,tree_of_thought,318,77.19,629.65,706.84,2,2.83,1
sglang,tree_of_thought,319,87.29,642.23,729.52,2,2.74,1
sglang,tree_of_thought,320,676.63,0.00,696.72,1,1.44,1
sglang,tree_of_thought,321,661.03,14.83,675.86,2,2.96,1
sglang,tree_of_thought,322,99.80,0.00,172.44,1,5.80,1
sglang,tree_of_thought,323,77.50,0.00,125.64,1,7.96,1
sglang,tree_of_thought,324,93.50,0.00,194.18,1,5.15,1
sglang,tree_of_thought,325,79.76,84.74,164.50,2,12.16,1
sglang,tree_of_thought,326,87.60,28.95,116.55,2,17.16,1
sglang,tree_of_thought,327,106.77,34.03,140.80,2,14.20,0
sglang,tree_of_thought,328,108.28,0.00,172.47,1,5.80,1
sglang,tree_of_thought,329,102.46,96.63,199.09,2,10.05,1
sglang,tree_of_thought,330,79.67,0.00,121.45,1,8.23,1
sglang,tree_of_thought,331,87.59,0.00,140.02,1,7.14,1
sglang,tree_of_thought,332,91.75,34.16,125.90,2,15.89,0
sglang,tree_of_thought,333,67.39,30.85,98.24,2,20.36,1
sglang,tree_of_thought,334,115.74,70.53,186.27,2,10.74,1
sglang,tree_of_thought,335,64.62,0.00,76.80,1,13.02,1
sglang,tree_of_thought,336,74.30,0.00,172.16,1,5.81,1
sglang,tree_of_thought,337,70.25,0.00,147.80,1,6.77,1
sglang,tree_of_thought,338,92.50,0.00,117.93,1,8.48,1
sglang,tree_of_thought,339,98.24,110.52,208.76,2,9.58,1
sglang,tree_of_thought,340,74.90,22.64,97.54,2,20.50,1
sglang,tree_of_thought,341,118.37,0.00,127.51,1,7.84,1
sglang,tree_of_thought,342,99.45,30.19,129.64,2,15.43,1
sglang,tree_of_thought,343,100.13,0.00,134.36,1,7.44,1
sglang,tree_of_thought,344,108.04,41.45,149.49,2,13.38,1
sglang,tree_of_thought,345,110.94,0.00,119.83,1,8.35,1
sglang,tree_of_thought,346,59.86,0.00,72.25,1,13.84,1
sglang,tree_of_thought,347,195.52,31.17,226.69,2,8.82,1
sglang,tree_of_thought,348,73.88,32.74,106.63,2,18.76,1
sglang,tree_of_thought,349,669.59,0.00,674.94,1,1.48,1
sglang,tree_of_thought,350,74.51,646.46,720.96,2,2.77,0
sglang,tree_of_thought,351,673.14,4.52,677.66,2,2.95,1
sglang,tree_of_thought,352,619.89,0.00,649.14,1,1.54,1
sglang,tree_of_thought,353,85.71,0.00,178.52,1,5.60,1
sglang,tree_of_thought,354,86.21,82.44,168.65,2,11.86,1
sglang,tree_of_thought,355,87.91,0.00,123.20,1,8.12,1
sglang,tree_of_thought,356,81.47,68.69,150.15,2,13.32,1
sglang,tree_of_thought,357,78.74,0.00,94.17,1,10.62,1
sglang,tree_of_thought,358,62.36,0.00,208.32,1,4.80,1
sglang,tree_of_thought,359,87.27,0.00,168.58,1,5.93,1
sglang,tree_of_thought,360,90.35,0.00,148.62,1,6.73,1
sglang,tree_of_thought,361,84.84,130.06,214.90,2,9.31,1
sglang,tree_of_thought,362,89.30,0.00,181.95,1,5.50,1
sglang,tree_of_thought,363,80.35,0.00,108.94,1,9.18,1
sglang,tree_of_thought,364,99.80,0.00,136.12,1,7.35,1
sglang,tree_of_thought,365,95.78,73.52,169.30,2,11.81,1
sglang,tree_of_thought,366,76.97,0.00,92.68,1,10.79,1
sglang,tree_of_thought,367,81.61,0.00,171.45,1,5.83,1
sglang,tree_of_thought,368,85.83,0.00,153.24,1,6.53,1
sglang,tree_of_thought,369,75.86,58.39,134.26,2,14.90,1
sglang,tree_of_thought,370,74.59,0.00,110.80,1,9.02,1
sglang,tree_of_thought,371,82.41,23.87,106.28,2,18.82,1
sglang,tree_of_thought,372,129.81,0.00,202.86,1,4.93,1
sglang,tree_of_thought,373,134.60,82.44,217.04,2,9.21,1
sglang,tree_of_thought,374,135.63,86.73,222.36,2,8.99,1
sglang,tree_of_thought,375,154.79,0.00,205.96,1,4.86,1
sglang,tree_of_thought,376,92.89,0.00,112.62,1,8.88,1
sglang,tree_of_thought,377,123.81,0.00,124.19,1,8.05,1
sglang,tree_of_thought,378,72.30,25.31,97.61,2,20.49,1
sglang,tree_of_thought,379,105.97,17.41,123.38,2,16.21,1
sglang,tree_of_thought,380,641.48,12.04,653.52,2,3.06,1
sglang,tree_of_thought,381,667.54,0.00,687.16,1,1.46,1
sglang,tree_of_thought,382,672.83,46.54,719.37,2,2.78,1
sglang,tree_of_thought,383,642.90,0.00,649.47,1,1.54,1
sglang,tree_of_thought,384,95.93,0.00,144.94,1,6.90,1
sglang,tree_of_thought,385,98.84,0.00,168.93,1,5.92,1
sglang,tree_of_thought,386,90.70,0.00,120.73,1,8.28,1
sglang,tree_of_thought,387,67.32,43.51,110.83,2,18.05,1
sglang,tree_of_thought,388,79.25,0.00,93.20,1,10.73,1
sglang,tree_of_thought,389,90.83,0.00,201.49,1,4.96,1
sglang,tree_of_thought,390,103.44,67.73,171.17,2,11.68,1
sglang,tree_of_thought,391,107.89,90.95,198.84,2,10.06,1
sglang,tree_of_thought,392,104.15,43.17,147.31,2,13.58,0
sglang,tree_of_thought,393,79.06,0.00,166.82,1,5.99,1
sglang,tree_of_thought,394,96.66,0.00,158.37,1,6.31,1
sglang,tree_of_thought,395,98.37,0.00,135.20,1,7.40,1
sglang,tree_of_thought,396,78.93,31.97,110.91,2,18.03,1
sglang,tree_of_thought,397,81.69,0.00,87.79,1,11.39,1
sglang,tree_of_thought,398,63.28,0.00,192.15,1,5.20,1
sglang,tree_of_thought,399,100.25,0.00,167.65,1,5.96,1
sglang,tree_of_thought,400,87.80,0.00,115.29,1,8.67,1
sglang,tree_of_thought,401,89.02,68.97,157.99,2,12.66,1
sglang,tree_of_thought,402,75.80,27.31,103.11,2,19.40,1
sglang,tree_of_thought,403,132.77,0.00,178.72,1,5.60,1
sglang,tree_of_thought,404,141.55,47.32,188.87,2,10.59,1
sglang,tree_of_thought,405,138.80,49.09,187.89,2,10.64,1
sglang,tree_of_thought,406,151.17,48.16,199.33,2,10.03,1
sglang,tree_of_thought,407,106.72,11.64,118.36,2,16.90,1
sglang,tree_of_thought,408,144.62,0.00,144.83,1,6.90,1
sglang,tree_of_thought,409,76.25,0.00,85.10,1,11.75,1
sglang,tree_of_thought,410,90.22,31.73,121.95,2,16.40,1
sglang,tree_of_thought,411,655.43,0.00,655.66,1,1.53,1
sglang,tree_of_thought,412,679.53,0.00,713.51,1,1.40,1
sglang,tree_of_thought,413,663.67,35.80,699.46,2,2.86,1
sglang,tree_of_thought,414,637.88,20.60,658.48,2,3.04,1
sglang,tree_of_thought,415,82.88,0.00,160.83,1,6.22,1
sglang,tree_of_thought,416,75.22,63.78,139.00,2,14.39,1
sglang,tree_of_thought,417,108.07,81.21,189.28,2,10.57,1
sglang,tree_of_thought,418,77.06,0.00,123.93,1,8.07,1
sglang,tree_of_thought,419,79.24,30.74,109.98,2,18.18,1
sglang,tree_of_thought,420,92.78,0.00,176.15,1,5.68,1
sglang,tree_of_thought,421,99.89,0.00,153.47,1,6.52,1
sglang,tree_of_thought,422,100.32,0.00,132.57,1,7.54,1
sglang,tree_of_thought,423,71.79,40.05,111.84,2,17.88,1
sglang,tree_of_thought,424,93.92,0.00,160.00,1,6.25,1
sglang,tree_of_thought,425,83.72,104.36,188.08,2,10.63,1
sglang,tree_of_thought,426,92.62,45.10,137.73,2,14.52,1
sglang,tree_of_thought,427,83.10,30.36,113.47,2,17.63,1
sglang,tree_of_thought,428,71.89,8.93,89.75,3,33.43,1
sglang,tree_of_thought,429,54.78,0.00,91.15,1,10.97,1
sglang,tree_of_thought,430,87.65,0.00,118.47,1,8.44,1
sglang,tree_of_thought,431,95.78,83.51,179.29,2,11.16,1
sglang,tree_of_thought,432,91.20,64.56,155.76,2,12.84,1
sglang,tree_of_thought,433,87.10,18.07,105.18,2,19.02,1
sglang,tree_of_thought,434,126.57,0.00,150.77,1,6.63,1
sglang,tree_of_thought,435,131.45,0.00,157.07,1,6.37,1
sglang,tree_of_thought,436,126.99,0.00,172.46,1,5.80,1
sglang,tree_of_thought,437,138.83,0.00,171.69,1,5.82,1
sglang,tree_of_thought,438,90.53,13.23,117.00,3,25.64,1
sglang,tree_of_thought,439,143.29,3.93,147.22,2,13.59,1
sglang,tree_of_thought,440,126.77,0.00,130.24,1,7.68,1
sglang,tree_of_thought,441,90.05,0.00,111.99,1,8.93,1
sglang,tree_of_thought,442,648.36,24.10,672.46,2,2.97,1
sglang,tree_of_thought,443,639.98,0.00,640.20,1,1.56,1
sglang,tree_of_thought,444,71.46,0.00,725.54,1,1.38,1
sglang,tree_of_thought,445,665.42,46.87,712.29,2,2.81,1
sglang,tree_of_thought,446,83.44,111.76,195.19,2,10.25,1
sglang,tree_of_thought,447,64.91,147.66,212.56,2,9.41,1
sglang,tree_of_thought,448,86.67,64.45,151.12,2,13.23,1
sglang,tree_of_thought,449,89.50,45.30,180.11,3,16.66,0
sglang,tree_of_thought,450,91.13,20.34,111.47,2,17.94,1
sglang,tree_of_thought,451,107.09,0.00,173.28,1,5.77,1
sglang,tree_of_thought,452,83.29,64.08,147.37,2,13.57,1
sglang,tree_of_thought,453,79.71,123.87,203.58,2,9.82,1
sglang,tree_of_thought,454,96.75,35.51,132.25,2,15.12,1
sglang,tree_of_thought,455,89.81,0.00,174.48,1,5.73,1
sglang,tree_of_thought,456,101.08,0.00,150.08,1,6.66,1
sglang,tree_of_thought,457,107.60,0.00,130.01,1,7.69,1
sglang,tree_of_thought,458,81.39,36.74,118.13,2,16.93,1
sglang,tree_of_thought,459,75.34,0.00,89.69,1,11.15,1
sglang,tree_of_thought,460,79.81,0.00,131.08,1,7.63,1
sglang,tree_of_thought,461,86.28,81.16,167.44,2,11.94,1
sglang,tree_of_thought,462,73.35,0.00,115.92,1,8.63,1
sglang,tree_of_thought,463,82.04,111.98,194.02,2,10.31,1
sglang,tree_of_thought,464,79.79,30.94,110.72,2,18.06,1
sglang,tree_of_thought,465,165.71,0.00,175.31,1,5.70,1
sglang,tree_of_thought,466,164.26,0.00,193.89,1,5.16,1
sglang,tree_of_thought,467,155.08,0.00,174.42,1,5.73,1
sglang,tree_of_thought,468,151.76,0.00,200.41,1,4.99,1
sglang,tree_of_thought,469,96.82,0.00,111.29,1,8.99,1
sglang,tree_of_thought,470,117.31,28.83,146.14,2,13.69,1
sglang,tree_of_thought,471,86.03,0.00,107.40,1,9.31,1
sglang,tree_of_thought,472,66.51,28.38,94.89,2,21.08,1
sglang,tree_of_thought,473,80.29,0.00,718.70,1,1.39,1
sglang,tree_of_thought,474,662.84,19.27,682.11,2,2.93,1
sglang,tree_of_thought,475,651.14,9.97,661.11,2,3.03,1
sglang,tree_of_thought,476,701.70,0.00,711.83,1,1.40,1
sglang,tree_of_thought,477,76.83,0.00,175.69,1,5.69,1
sglang,tree_of_thought,478,84.58,0.00,154.70,1,6.46,1
sglang,tree_of_thought,479,98.27,0.00,197.97,1,5.05,1
sglang,tree_of_thought,480,77.07,68.77,145.84,2,13.71,1
sglang,tree_of_thought,481,75.91,0.00,88.03,1,11.36,1
sglang,tree_of_thought,482,80.04,0.00,192.19,1,5.20,1
sglang,tree_of_thought,483,83.81,65.24,149.05,2,13.42,1
sglang,tree_of_thought,484,96.52,126.42,222.94,2,8.97,1
sglang,tree_of_thought,485,84.82,0.00,183.72,1,5.44,1
sglang,tree_of_thought,486,87.90,0.00,150.59,1,6.64,1
sglang,tree_of_thought,487,115.33,72.78,188.11,2,10.63,1
sglang,tree_of_thought,488,73.71,30.64,104.35,2,19.17,1
sglang,tree_of_thought,489,89.56,48.99,138.55,2,14.44,1
sglang,tree_of_thought,490,64.71,0.00,73.53,1,13.60,1
sglang,tree_of_thought,491,79.63,82.69,162.32,2,12.32,1
sglang,tree_of_thought,492,93.33,39.31,132.63,2,15.08,1
sglang,tree_of_thought,493,83.60,104.77,188.36,2,10.62,0
sglang,tree_of_thought,494,68.48,24.73,365.30,13,35.59,0
sglang,tree_of_thought,495,70.00,84.93,154.94,2,12.91,1
sglang,tree_of_thought,496,84.29,0.00,159.49,1,6.27,1
sglang,tree_of_thought,497,54.37,0.00,185.20,1,5.40,1
sglang,tree_of_thought,498,87.63,0.00,149.26,1,6.70,1
sglang,tree_of_thought,499,76.50,0.00,122.56,1,8.16,1
sglang,tree_of_thought,500,82.02,0.00,115.94,1,8.63,1
sglang,tree_of_thought,501,62.75,29.68,92.43,2,21.64,1
sglang,tree_of_thought,502,106.27,74.06,180.33,2,11.09,1
sglang,tree_of_thought,503,88.26,70.74,159.00,2,12.58,1
sglang,tree_of_thought,504,86.51,0.00,160.54,1,6.23,1
sglang,tree_of_thought,505,83.13,0.00,113.10,1,8.84,1
sglang,tree_of_thought,506,85.91,62.99,148.90,2,13.43,1
sglang,tree_of_thought,507,89.25,113.34,202.59,2,9.87,1
sglang,tree_of_thought,508,73.00,37.53,110.53,2,18.10,1
sglang,tree_of_thought,509,75.52,0.00,204.37,1,4.89,1
sglang,tree_of_thought,510,92.21,59.92,152.13,2,13.15,1
sglang,tree_of_thought,511,116.41,64.98,181.39,2,11.03,1
sglang,tree_of_thought,512,64.66,0.00,95.00,1,10.53,1
sglang,tree_of_thought,513,85.89,0.00,158.85,1,6.30,1
sglang,tree_of_thought,514,81.57,127.64,209.21,2,9.56,1
sglang,tree_of_thought,515,82.97,0.00,154.37,1,6.48,1
sglang,tree_of_thought,516,86.64,48.32,134.96,2,14.82,1
sglang,tree_of_thought,517,98.83,0.00,148.20,1,6.75,1
sglang,tree_of_thought,518,63.83,14.00,91.83,3,32.67,0
sglang,tree_of_thought,519,109.83,0.00,142.74,1,7.01,1
sglang,tree_of_thought,520,84.95,0.00,127.85,1,7.82,1
sglang,tree_of_thought,521,73.02,30.58,103.61,2,19.30,1
sglang,tree_of_thought,522,90.52,0.00,148.79,1,6.72,1
sglang,tree_of_thought,523,95.77,0.00,129.46,1,7.72,1
sglang,tree_of_thought,524,78.24,0.00,114.78,1,8.71,1
sglang,tree_of_thought,525,62.04,31.53,93.57,2,21.37,1
sglang,tree_of_thought,526,104.38,0.00,114.82,1,8.71,1
sglang,tree_of_thought,527,58.95,0.00,182.07,1,5.49,1
sglang,tree_of_thought,528,80.19,0.00,115.83,1,8.63,1
sglang,tree_of_thought,529,89.94,55.26,145.20,2,13.77,1
sglang,tree_of_thought,530,95.74,79.10,174.84,2,11.44,1
sglang,tree_of_thought,531,112.79,0.00,161.73,1,6.18,1
sglang,tree_of_thought,532,112.59,0.00,146.62,1,6.82,1
sglang,tree_of_thought,533,90.18,33.91,124.09,2,16.12,1
sglang,tree_of_thought,534,92.01,108.29,200.30,2,9.98,1
sglang,tree_of_thought,535,92.23,0.00,170.71,1,5.86,1
sglang,tree_of_thought,536,93.68,105.94,199.62,2,10.02,1
sglang,tree_of_thought,537,81.53,0.00,125.77,1,7.95,1
sglang,tree_of_thought,538,85.50,0.00,153.97,1,6.49,1
sglang,tree_of_thought,539,85.70,0.00,205.41,1,4.87,1
sglang,tree_of_thought,540,87.84,49.83,137.67,2,14.53,1
sglang,tree_of_thought,541,94.84,97.94,192.78,2,10.37,1
sglang,tree_of_thought,542,97.67,70.05,167.71,2,11.93,1
sglang,tree_of_thought,543,93.12,20.17,113.30,2,17.65,1
sglang,tree_of_thought,544,86.55,0.00,168.83,1,5.92,1
sglang,tree_of_thought,545,92.13,0.00,130.99,1,7.63,1
sglang,tree_of_thought,546,93.19,65.78,158.98,2,12.58,1
sglang,tree_of_thought,547,68.40,43.43,111.83,2,17.88,0
sglang,tree_of_thought,548,104.90,0.00,133.35,1,7.50,1
sglang,tree_of_thought,549,83.86,0.00,180.60,1,5.54,1
sglang,tree_of_thought,550,104.26,67.89,172.14,2,11.62,1
sglang,tree_of_thought,551,81.48,46.57,128.05,2,15.62,1
sglang,tree_of_thought,552,78.30,0.00,86.82,1,11.52,1
sglang,tree_of_thought,553,79.00,0.00,133.84,1,7.47,1
sglang,tree_of_thought,554,81.75,38.81,120.55,2,16.59,1
sglang,tree_of_thought,555,92.26,93.55,185.81,2,10.76,1
sglang,tree_of_thought,556,100.68,66.35,167.03,2,11.97,1
sglang,tree_of_thought,557,102.44,0.00,119.04,1,8.40,1
sglang,tree_of_thought,558,87.45,0.00,171.19,1,5.84,1
sglang,tree_of_thought,559,85.87,74.42,160.28,2,12.48,0
sglang,tree_of_thought,560,71.49,0.00,108.44,1,9.22,1
sglang,tree_of_thought,561,74.33,61.14,135.47,2,14.76,0
sglang,tree_of_thought,562,89.74,0.00,183.29,1,5.46,1
sglang,tree_of_thought,563,107.44,0.00,139.98,1,7.14,1
sglang,tree_of_thought,564,99.33,72.98,172.31,2,11.61,1
sglang,tree_of_thought,565,88.41,0.00,120.63,1,8.29,1
sglang,tree_of_thought,566,94.57,0.00,198.01,1,5.05,1
sglang,tree_of_thought,567,95.66,82.42,178.08,2,11.23,1
sglang,tree_of_thought,568,89.40,39.98,129.39,2,15.46,1
sglang,tree_of_thought,569,87.28,67.70,154.98,2,12.90,1
sglang,tree_of_thought,570,97.00,0.00,181.05,1,5.52,1
sglang,tree_of_thought,571,89.04,0.00,208.31,1,4.80,1
sglang,tree_of_thought,572,92.40,0.00,141.79,1,7.05,1
sglang,tree_of_thought,573,97.67,76.11,173.79,2,11.51,1
sglang,tree_of_thought,574,92.51,0.00,96.64,1,10.35,1
sglang,tree_of_thought,575,79.50,0.00,135.47,1,7.38,1
sglang,tree_of_thought,576,76.06,0.00,163.83,1,6.10,1
sglang,tree_of_thought,577,80.87,37.43,118.30,2,16.91,1
sglang,tree_of_thought,578,64.31,66.80,197.91,3,15.16,0
sglang,tree_of_thought,579,82.16,0.00,109.84,1,9.10,1
sglang,tree_of_thought,580,110.50,0.00,155.14,1,6.45,1
sglang,tree_of_thought,581,101.79,39.44,141.23,2,14.16,1
sglang,tree_of_thought,582,64.96,0.00,97.39,1,10.27,1
sglang,tree_of_thought,583,81.50,0.00,103.72,1,9.64,1
sglang,tree_of_thought,584,84.54,0.00,165.02,1,6.06,1
sglang,tree_of_thought,585,82.35,0.00,143.20,1,6.98,1
sglang,tree_of_thought,586,76.24,0.00,107.01,1,9.34,1
sglang,tree_of_thought,587,101.27,0.00,125.96,1,7.94,1
sglang,tree_of_thought,588,102.37,0.00,117.74,1,8.49,1
sglang,tree_of_thought,589,66.34,0.00,159.45,1,6.27,1
sglang,tree_of_thought,590,73.40,142.45,215.85,2,9.27,1
sglang,tree_of_thought,591,67.64,87.68,155.32,2,12.88,1
sglang,tree_of_thought,592,59.99,144.03,204.02,2,9.80,1
sglang,tree_of_thought,593,80.82,0.00,172.24,1,5.81,1
sglang,tree_of_thought,594,99.43,61.66,161.08,2,12.42,0
sglang,tree_of_thought,595,101.95,0.00,142.30,1,7.03,1
sglang,tree_of_thought,596,77.59,0.00,112.96,1,8.85,1
sglang,tree_of_thought,597,108.02,0.00,198.66,1,5.03,1
sglang,tree_of_thought,598,83.87,84.42,168.29,2,11.88,1
sglang,tree_of_thought,599,109.38,86.16,195.54,2,10.23,1
sglang,tree_of_thought,600,73.60,71.03,144.63,2,13.83,1
sglang,tree_of_thought,601,103.97,0.00,161.80,1,6.18,1
sglang,tree_of_thought,602,100.50,0.00,139.55,1,7.17,1
sglang,tree_of_thought,603,68.82,0.00,114.57,1,8.73,1
sglang,tree_of_thought,604,99.96,99.09,199.05,2,10.05,1
sglang,tree_of_thought,605,109.75,0.00,112.53,1,8.89,1
sglang,tree_of_thought,606,108.28,64.73,173.01,2,11.56,1
sglang,tree_of_thought,607,87.42,40.25,127.67,2,15.67,1
sglang,tree_of_thought,608,67.24,41.53,108.77,2,18.39,1
sglang,tree_of_thought,609,80.59,0.00,158.03,1,6.33,1
sglang,tree_of_thought,610,57.67,0.00,92.48,1,10.81,1
sglang,tree_of_thought,611,104.03,0.00,167.90,1,5.96,1
sglang,tree_of_thought,612,110.53,0.00,147.86,1,6.76,1
sglang,tree_of_thought,613,88.14,0.00,133.48,1,7.49,1
sglang,tree_of_thought,614,74.44,0.00,85.88,1,11.64,1
sglang,tree_of_thought,615,80.38,0.00,134.49,1,7.44,1
sglang,tree_of_thought,616,96.03,31.25,127.28,2,15.71,1
sglang,tree_of_thought,617,71.14,100.12,171.26,2,11.68,1
sglang,tree_of_thought,618,80.00,0.00,112.83,1,8.86,1
sglang,tree_of_thought,619,96.98,0.00,117.89,1,8.48,1
sglang,tree_of_thought,620,61.77,32.15,93.93,2,21.29,1
sglang,tree_of_thought,621,76.45,0.00,152.28,1,6.57,1
sglang,tree_of_thought,622,69.44,111.69,181.14,2,11.04,1
sglang,tree_of_thought,623,63.94,65.87,129.81,2,15.41,1
sglang,tree_of_thought,624,90.60,0.00,155.15,1,6.45,1
sglang,tree_of_thought,625,114.38,65.34,179.72,2,11.13,1
sglang,tree_of_thought,626,64.65,0.00,96.33,1,10.38,1
sglang,tree_of_thought,627,89.21,41.55,130.75,2,15.30,1
sglang,tree_of_thought,628,103.27,0.00,188.61,1,5.30,1
sglang,tree_of_thought,629,95.14,0.00,168.60,1,5.93,1
sglang,tree_of_thought,630,87.19,43.31,130.49,2,15.33,0
sglang,tree_of_thought,631,87.23,0.00,159.01,1,6.29,1
sglang,tree_of_thought,632,91.28,0.00,196.37,1,5.09,1
sglang,tree_of_thought,633,78.72,0.00,115.26,1,8.68,1
sglang,tree_of_thought,634,86.64,0.00,177.60,1,5.63,1
sglang,tree_of_thought,635,97.63,63.13,160.76,2,12.44,1
sglang,tree_of_thought,636,102.75,3.93,106.68,2,18.75,1
sglang,tree_of_thought,637,73.98,0.00,112.13,1,8.92,1
sglang,tree_of_thought,638,103.95,0.00,163.88,1,6.10,1
sglang,tree_of_thought,639,65.28,0.00,187.78,1,5.33,1
sglang,tree_of_thought,640,83.24,66.49,149.73,2,13.36,1
sglang,tree_of_thought,641,75.94,0.00,162.88,1,6.14,1
sglang,tree_of_thought,642,89.66,0.00,141.96,1,7.04,1
sglang,tree_of_thought,643,101.97,0.00,130.81,1,7.64,1
sglang,tree_of_thought,644,75.80,43.16,118.96,2,16.81,1
sglang,tree_of_thought,645,89.16,22.52,111.67,2,17.91,1
sglang,tree_of_thought,646,99.56,0.00,124.44,1,8.04,1
sglang,tree_of_thought,647,97.48,0.00,151.01,1,6.62,1
sglang,tree_of_thought,648,71.64,29.76,101.40,2,19.72,1
sglang,tree_of_thought,649,83.27,37.06,120.33,2,16.62,1
sglang,tree_of_thought,650,92.91,0.00,107.23,1,9.33,1
sglang,tree_of_thought,651,76.61,0.00,107.92,1,9.27,1
sglang,tree_of_thought,652,86.63,80.81,167.44,2,11.94,1
sglang,tree_of_thought,653,84.70,0.00,192.16,1,5.20,1
sglang,tree_of_thought,654,82.79,62.01,144.81,2,13.81,1
sglang,tree_of_thought,655,97.25,0.00,151.87,1,6.58,1
sglang,tree_of_thought,656,76.95,0.00,108.65,1,9.20,1
sglang,tree_of_thought,657,90.19,101.10,191.28,2,10.46,1
sglang,tree_of_thought,658,101.19,47.75,148.94,2,13.43,1
sglang,tree_of_thought,659,105.65,0.00,180.68,1,5.53,1
sglang,tree_of_thought,660,84.51,0.00,117.93,1,8.48,1
sglang,tree_of_thought,661,86.67,82.51,169.18,2,11.82,1
sglang,tree_of_thought,662,80.09,62.50,142.59,2,14.03,1
sglang,tree_of_thought,663,77.50,0.00,185.63,1,5.39,1
sglang,tree_of_thought,664,85.99,0.00,149.81,1,6.68,1
sglang,tree_of_thought,665,93.05,134.33,227.38,2,8.80,1
sglang,tree_of_thought,666,115.66,33.30,182.27,3,16.46,1
sglang,tree_of_thought,667,88.42,0.00,111.86,1,8.94,1
sglang,tree_of_thought,668,87.84,0.00,156.47,1,6.39,1
sglang,tree_of_thought,669,72.12,35.53,107.65,2,18.58,1
sglang,tree_of_thought,670,86.77,70.82,157.59,2,12.69,1
sglang,tree_of_thought,671,85.80,50.29,136.09,2,14.70,1
sglang,tree_of_thought,672,89.03,61.46,150.49,2,13.29,1
sglang,tree_of_thought,673,74.32,100.94,175.26,2,11.41,1
sglang,tree_of_thought,674,84.31,107.08,191.40,2,10.45,1
sglang,tree_of_thought,675,90.17,22.41,135.00,3,22.22,1
sglang,tree_of_thought,676,81.03,0.00,99.50,1,10.05,1
sglang,tree_of_thought,677,87.39,0.00,143.95,1,6.95,1
sglang,tree_of_thought,678,102.50,0.00,127.54,1,7.84,1
sglang,tree_of_thought,679,84.10,101.17,185.27,2,10.79,1
sglang,tree_of_thought,680,75.83,44.16,120.00,2,16.67,1
sglang,tree_of_thought,681,96.55,0.00,108.53,1,9.21,1
sglang,tree_of_thought,682,68.24,0.00,192.70,1,5.19,1
sglang,tree_of_thought,683,86.03,0.00,154.51,1,6.47,1
sglang,tree_of_thought,684,68.48,0.00,129.97,1,7.69,1
sglang,tree_of_thought,685,81.60,107.29,188.89,2,10.59,1
sglang,tree_of_thought,686,77.19,0.00,166.67,1,6.00,1
sglang,tree_of_thought,687,91.40,0.00,136.29,1,7.34,1
sglang,tree_of_thought,688,69.41,34.31,103.72,2,19.28,1
sglang,tree_of_thought,689,94.82,69.26,164.08,2,12.19,1
sglang,tree_of_thought,690,100.47,0.00,174.23,1,5.74,1
sglang,tree_of_thought,691,102.70,0.00,154.94,1,6.45,1
sglang,tree_of_thought,692,94.06,42.11,136.17,2,14.69,1
sglang,tree_of_thought,693,66.60,44.40,111.00,2,18.02,1
sglang,tree_of_thought,694,73.20,0.00,107.91,1,9.27,1
sglang,tree_of_thought,695,107.91,88.67,196.58,2,10.17,1
sglang,tree_of_thought,696,80.77,0.00,147.85,1,6.76,1
sglang,tree_of_thought,697,113.18,0.00,174.14,1,5.74,1
sglang,tree_of_thought,698,101.96,0.00,104.11,1,9.61,1
sglang,tree_of_thought,699,76.12,0.00,133.46,1,7.49,1
sglang,tree_of_thought,700,66.76,0.00,90.18,1,11.09,1
sglang,tree_of_thought,701,77.45,0.00,115.96,1,8.62,1
sglang,tree_of_thought,702,76.71,0.00,168.26,1,5.94,1
sglang,tree_of_thought,703,82.64,0.00,176.41,1,5.67,1
sglang,tree_of_thought,704,86.65,0.00,116.26,1,8.60,1
sglang,tree_of_thought,705,98.01,0.00,140.33,1,7.13,1
sglang,tree_of_thought,706,101.22,67.97,169.19,2,11.82,1
sglang,tree_of_thought,707,75.04,0.00,95.90,1,10.43,1
sglang,tree_of_thought,708,90.85,0.00,144.24,1,6.93,1
sglang,tree_of_thought,709,84.61,27.70,112.32,2,17.81,1
sglang,tree_of_thought,710,91.86,41.63,133.49,2,14.98,1
sglang,tree_of_thought,711,84.65,99.15,183.79,2,10.88,1
sglang,tree_of_thought,712,91.86,29.75,121.61,2,16.45,1
sglang,tree_of_thought,713,84.72,0.00,185.76,1,5.38,1
sglang,tree_of_thought,714,81.04,0.00,113.90,1,8.78,1
sglang,tree_of_thought,715,85.09,63.61,148.70,2,13.45,1
sglang,tree_of_thought,716,88.39,21.62,196.49,6,30.54,0
sglang,tree_of_thought,717,84.37,0.00,142.05,1,7.04,1
sglang,tree_of_thought,718,93.04,0.00,126.43,1,7.91,1
sglang,tree_of_thought,719,63.85,0.00,95.95,1,10.42,1
sglang,tree_of_thought,720,59.40,36.88,96.28,2,20.77,1
sglang,tree_of_thought,721,106.53,104.97,211.50,2,9.46,1
sglang,tree_of_thought,722,99.34,63.43,162.77,2,12.29,1
sglang,tree_of_thought,723,90.61,0.00,137.39,1,7.28,1
sglang,tree_of_thought,724,96.52,92.98,189.50,2,10.55,1
sglang,tree_of_thought,725,89.70,0.00,182.38,1,5.48,1
sglang,tree_of_thought,726,92.37,0.00,212.09,1,4.72,1
sglang,tree_of_thought,727,93.41,0.00,137.92,1,7.25,1
sglang,tree_of_thought,728,100.06,0.00,169.42,1,5.90,1
sglang,tree_of_thought,729,92.48,0.00,113.36,1,8.82,1
sglang,tree_of_thought,730,93.84,0.00,144.43,1,6.92,1
sglang,tree_of_thought,731,91.41,41.91,133.33,2,15.00,1
sglang,tree_of_thought,732,73.82,0.00,108.84,1,9.19,1
sglang,tree_of_thought,733,86.03,95.59,181.62,2,11.01,1
sglang,tree_of_thought,734,86.96,0.00,135.75,1,7.37,1
sglang,tree_of_thought,735,92.74,0.00,124.29,1,8.05,1
sglang,tree_of_thought,736,73.26,97.75,171.01,2,11.69,1
sglang,tree_of_thought,737,78.15,0.00,110.04,1,9.09,1
sglang,tree_of_thought,738,89.13,0.00,109.63,1,9.12,1
sglang,tree_of_thought,739,102.05,0.00,158.19,1,6.32,1
sglang,tree_of_thought,740,86.04,0.00,140.70,1,7.11,1
sglang,tree_of_thought,741,92.83,0.00,123.07,1,8.13,1
sglang,tree_of_thought,742,80.53,33.49,114.02,2,17.54,1
sglang,tree_of_thought,743,94.38,26.57,120.95,2,16.54,1
sglang,tree_of_thought,744,65.30,0.00,148.85,1,6.72,1
sglang,tree_of_thought,745,96.90,102.47,199.37,2,10.03,1
sglang,tree_of_thought,746,67.32,109.19,176.52,2,11.33,1
sglang,tree_of_thought,747,86.41,39.61,126.02,2,15.87,1
sglang,tree_of_thought,748,76.17,0.00,166.16,1,6.02,1
sglang,tree_of_thought,749,90.63,0.00,153.44,1,6.52,1
sglang,tree_of_thought,750,62.45,0.00,97.90,1,10.21,1
sglang,tree_of_thought,751,92.18,44.51,136.69,2,14.63,1
sglang,tree_of_thought,752,85.10,0.00,161.89,1,6.18,1
sglang,tree_of_thought,753,85.23,0.00,144.62,1,6.91,1
sglang,tree_of_thought,754,91.24,112.63,203.86,2,9.81,1
sglang,tree_of_thought,755,85.01,45.70,130.70,2,15.30,1
sglang,tree_of_thought,756,75.07,0.00,193.12,1,5.18,1
sglang,tree_of_thought,757,83.43,0.00,180.36,1,5.54,1
sglang,tree_of_thought,758,94.84,0.00,154.36,1,6.48,1
sglang,tree_of_thought,759,75.29,0.00,122.12,1,8.19,1
sglang,tree_of_thought,760,107.24,0.00,110.65,1,9.04,1
sglang,tree_of_thought,761,75.55,0.00,135.14,1,7.40,1
sglang,tree_of_thought,762,97.74,0.00,167.53,1,5.97,1
sglang,tree_of_thought,763,98.45,96.54,194.99,2,10.26,1
sglang,tree_of_thought,764,79.27,45.75,125.02,2,16.00,1
sglang,tree_of_thought,765,110.53,0.00,153.19,1,6.53,1
sglang,tree_of_thought,766,103.65,0.00,139.73,1,7.16,1
sglang,tree_of_thought,767,71.21,42.56,113.77,2,17.58,1
sglang,tree_of_thought,768,88.63,22.85,134.32,3,22.33,0
sglang,tree_of_thought,769,74.20,25.35,99.54,2,20.09,1
sglang,tree_of_thought,770,103.37,0.00,135.77,1,7.37,1
sglang,tree_of_thought,771,96.02,0.00,161.07,1,6.21,1
sglang,tree_of_thought,772,76.10,30.80,106.90,2,18.71,1
sglang,tree_of_thought,773,85.60,38.22,123.82,2,16.15,1
sglang,tree_of_thought,774,99.02,30.22,129.24,2,15.48,1
sglang,tree_of_thought,775,76.57,0.00,170.84,1,5.85,1
sglang,tree_of_thought,776,75.31,0.00,156.19,1,6.40,1
sglang,tree_of_thought,777,59.63,37.16,96.79,2,20.66,1
sglang,tree_of_thought,778,71.11,63.06,134.17,2,14.91,1
sglang,tree_of_thought,779,94.28,0.00,174.32,1,5.74,1
sglang,tree_of_thought,780,80.06,0.00,108.02,1,9.26,1
sglang,tree_of_thought,781,102.64,0.00,171.36,1,5.84,1
sglang,tree_of_thought,782,105.44,45.97,151.41,2,13.21,1
sglang,tree_of_thought,783,81.33,0.00,163.73,1,6.11,1
sglang,tree_of_thought,784,105.31,89.81,195.12,2,10.25,1
sglang,tree_of_thought,785,78.78,0.00,147.26,1,6.79,1
sglang,tree_of_thought,786,79.89,45.11,124.99,2,16.00,1
sglang,tree_of_thought,787,98.30,0.00,188.62,1,5.30,1
sglang,tree_of_thought,788,109.35,0.00,168.51,1,5.93,1
sglang,tree_of_thought,789,84.31,0.00,149.14,1,6.71,1
sglang,tree_of_thought,790,73.12,42.99,116.11,2,17.22,1
sglang,tree_of_thought,791,92.06,14.80,106.86,2,18.72,1
sglang,tree_of_thought,792,91.24,0.00,171.33,1,5.84,1
sglang,tree_of_thought,793,102.46,32.28,134.74,2,14.84,1
sglang,tree_of_thought,794,71.38,0.00,114.25,1,8.75,1
sglang,tree_of_thought,795,97.44,67.36,164.80,2,12.14,1
sglang,tree_of_thought,796,73.53,0.00,162.59,1,6.15,1
sglang,tree_of_thought,797,95.05,0.00,142.88,1,7.00,1
sglang,tree_of_thought,798,95.55,33.61,129.16,2,15.48,1
sglang,tree_of_thought,799,85.18,29.59,114.77,2,17.43,1
sglang,tree_of_thought,800,78.97,0.00,93.78,1,10.66,1
sglang,tree_of_thought,801,75.94,0.00,157.52,1,6.35,1
sglang,tree_of_thought,802,73.45,37.50,110.95,2,18.03,1
sglang,tree_of_thought,803,96.02,39.38,135.40,2,14.77,1
sglang,tree_of_thought,804,82.69,27.82,166.14,4,24.08,1
sglang,tree_of_thought,805,90.45,18.97,109.42,2,18.28,1
sglang,tree_of_thought,806,77.84,0.00,169.95,1,5.88,1
sglang,tree_of_thought,807,62.72,0.00,192.66,1,5.19,1
sglang,tree_of_thought,808,65.12,0.00,128.56,1,7.78,1
sglang,tree_of_thought,809,73.30,0.00,159.28,1,6.28,1
sglang,tree_of_thought,810,86.14,0.00,180.72,1,5.53,1
sglang,tree_of_thought,811,80.78,0.00,105.92,1,9.44,1
sglang,tree_of_thought,812,101.92,65.94,167.86,2,11.91,1
sglang,tree_of_thought,813,100.00,46.53,146.53,2,13.65,0
sglang,tree_of_thought,814,101.18,0.00,193.54,1,5.17,1
sglang,tree_of_thought,815,86.37,0.00,157.16,1,6.36,1
sglang,tree_of_thought,816,102.31,0.00,186.14,1,5.37,1
sglang,tree_of_thought,817,74.53,33.82,142.17,3,21.10,1
sglang,tree_of_thought,818,59.17,0.00,209.53,1,4.77,1
sglang,tree_of_thought,819,84.24,0.00,170.49,1,5.87,1
sglang,tree_of_thought,820,89.16,62.61,151.77,2,13.18,1
sglang,tree_of_thought,821,77.38,137.66,215.04,2,9.30,1
sglang,tree_of_thought,822,92.78,12.71,105.49,2,18.96,1
sglang,tree_of_thought,823,97.57,0.00,130.18,1,7.68,1
sglang,tree_of_thought,824,92.54,0.00,162.56,1,6.15,1
sglang,tree_of_thought,825,94.09,90.53,184.61,2,10.83,0
sglang,tree_of_thought,826,78.97,0.00,121.51,1,8.23,1
sglang,tree_of_thought,827,102.53,0.00,151.90,1,6.58,1
sglang,tree_of_thought,828,99.90,0.00,134.24,1,7.45,1
sglang,tree_of_thought,829,57.18,0.00,89.22,1,11.21,1
sglang,tree_of_thought,830,91.69,28.80,120.49,2,16.60,0
sglang,tree_of_thought,831,92.93,0.00,95.46,1,10.48,1
sglang,tree_of_thought,832,63.82,0.00,174.27,1,5.74,1
sglang,tree_of_thought,833,74.28,0.00,137.99,1,7.25,1
sglang,tree_of_thought,834,87.14,0.00,123.56,1,8.09,1
sglang,tree_of_thought,835,68.45,96.15,164.59,2,12.15,1
sglang,tree_of_thought,836,92.84,28.23,121.07,2,16.52,1
sglang,tree_of_thought,837,87.33,0.00,138.68,1,7.21,1
sglang,tree_of_thought,838,82.28,0.00,113.87,1,8.78,1
sglang,tree_of_thought,839,57.96,0.00,95.86,1,10.43,1
sglang,tree_of_thought,840,91.82,0.00,175.43,1,5.70,1
sglang,tree_of_thought,841,76.26,0.00,173.86,1,5.75,1
sglang,tree_of_thought,842,82.68,0.00,123.95,1,8.07,1
sglang,tree_of_thought,843,91.72,0.00,157.86,1,6.33,1
sglang,tree_of_thought,844,64.58,138.71,203.29,2,9.84,1
sglang,tree_of_thought,845,97.31,0.00,176.85,1,5.65,1
sglang,tree_of_thought,846,73.72,33.64,107.37,2,18.63,1
sglang,tree_of_thought,847,77.37,0.00,162.79,1,6.14,1
sglang,tree_of_thought,848,94.16,46.71,140.87,2,14.20,1
sglang,tree_of_thought,849,103.71,0.00,137.41,1,7.28,1
sglang,tree_of_thought,850,100.66,0.00,196.21,1,5.10,1
sglang,tree_of_thought,851,101.32,71.51,172.82,2,11.57,1
sglang,tree_of_thought,852,97.44,127.24,224.68,2,8.90,1
sglang,tree_of_thought,853,81.35,0.00,101.33,1,9.87,1
sglang,tree_of_thought,854,89.96,0.00,168.35,1,5.94,1
sglang,tree_of_thought,855,91.77,0.00,134.01,1,7.46,1
sglang,tree_of_thought,856,89.11,72.31,161.42,2,12.39,1
sglang,tree_of_thought,857,74.67,39.36,114.04,2,17.54,1
sglang,tree_of_thought,858,85.80,0.00,110.54,1,9.05,1
sglang,tree_of_thought,859,75.91,99.45,175.36,2,11.41,1
sglang,tree_of_thought,860,94.85,45.10,139.96,2,14.29,1
sglang,tree_of_thought,861,92.86,65.39,158.25,2,12.64,1
sglang,tree_of_thought,862,98.60,13.65,112.26,2,17.82,1
sglang,tree_of_thought,863,80.71,0.00,134.36,1,7.44,1
sglang,tree_of_thought,864,73.60,0.00,99.39,1,10.06,1
sglang,tree_of_thought,865,97.44,69.92,167.36,2,11.95,1
sglang,tree_of_thought,866,81.33,0.00,126.79,1,7.89,1
sglang,tree_of_thought,867,98.39,15.53,129.44,3,23.18,0
sglang,tree_of_thought,868,62.65,0.00,91.00,1,10.99,1
sglang,tree_of_thought,869,62.62,0.00,126.90,1,7.88,1
sglang,tree_of_thought,870,72.40,0.00,157.89,1,6.33,1
sglang,tree_of_thought,871,77.40,106.68,184.07,2,10.87,1
sglang,tree_of_thought,872,85.05,0.00,172.46,1,5.80,1
sglang,tree_of_thought,873,92.14,0.00,155.91,1,6.41,1
sglang,tree_of_thought,874,107.87,0.00,143.84,1,6.95,1
sglang,tree_of_thought,875,74.39,41.27,115.67,2,17.29,1
sglang,tree_of_thought,876,87.11,0.00,169.08,1,5.91,1
sglang,tree_of_thought,877,81.23,63.25,144.48,2,13.84,1
sglang,tree_of_thought,878,83.59,113.42,197.01,2,10.15,1
sglang,tree_of_thought,879,84.06,0.00,124.53,1,8.03,1
sglang,tree_of_thought,880,88.44,0.00,141.51,1,7.07,1
sglang,tree_of_thought,881,75.09,41.62,116.71,2,17.14,1
sglang,tree_of_thought,882,81.92,104.75,186.68,2,10.71,0
sglang,tree_of_thought,883,81.76,133.43,215.19,2,9.29,1
sglang,tree_of_thought,884,100.33,0.00,104.22,1,9.60,1
sglang,tree_of_thought,885,96.27,0.00,174.35,1,5.74,1
sglang,tree_of_thought,886,102.43,0.00,154.10,1,6.49,1
sglang,tree_of_thought,887,73.48,46.51,119.99,2,16.67,1
sglang,tree_of_thought,888,78.82,67.14,145.97,2,13.70,1
sglang,tree_of_thought,889,78.59,0.00,100.58,1,9.94,1
sglang,tree_of_thought,890,113.12,0.00,166.84,1,5.99,1
sglang,tree_of_thought,891,101.46,0.00,125.31,1,7.98,1
sglang,tree_of_thought,892,120.61,33.60,154.21,2,12.97,1
sglang,tree_of_thought,893,79.51,13.45,92.96,2,21.51,1
sglang,tree_of_thought,894,91.90,0.00,145.29,1,6.88,1
sglang,tree_of_thought,895,71.97,0.00,129.17,1,7.74,1
sglang,tree_of_thought,896,72.69,0.00,102.30,1,9.78,1
sglang,tree_of_thought,897,78.01,0.00,120.40,1,8.31,1
sglang,tree_of_thought,898,98.40,14.53,156.52,5,31.94,0
sglang,tree_of_thought,899,83.77,0.00,151.00,1,6.62,1
sglang,tree_of_thought,900,84.13,0.00,177.70,1,5.63,1
sglang,tree_of_thought,901,74.61,0.00,133.61,1,7.48,1
sglang,tree_of_thought,902,74.94,41.07,116.01,2,17.24,1
sglang,tree_of_thought,903,62.62,0.00,178.77,1,5.59,1
sglang,tree_of_thought,904,107.00,0.00,172.66,1,5.79,1
sglang,tree_of_thought,905,82.21,36.07,154.35,3,19.44,0
sglang,tree_of_thought,906,81.56,44.13,125.69,2,15.91,1
sglang,tree_of_thought,907,57.88,0.00,201.12,1,4.97,1
sglang,tree_of_thought,908,95.77,0.00,190.01,1,5.26,1
sglang,tree_of_thought,909,82.42,0.00,143.24,1,6.98,1
sglang,tree_of_thought,910,85.11,89.46,174.57,2,11.46,1
sglang,tree_of_thought,911,85.37,0.00,196.77,1,5.08,1
sglang,tree_of_thought,912,89.80,0.00,183.64,1,5.45,1
sglang,tree_of_thought,913,93.27,0.00,161.90,1,6.18,1
sglang,tree_of_thought,914,91.24,0.00,140.14,1,7.14,1
sglang,tree_of_thought,915,87.16,0.00,95.43,1,10.48,1
sglang,tree_of_thought,916,77.09,0.00,161.39,1,6.20,1
sglang,tree_of_thought,917,83.35,0.00,122.37,1,8.17,1
sglang,tree_of_thought,918,67.30,129.30,196.60,2,10.17,1
sglang,tree_of_thought,919,86.69,40.62,330.40,7,21.19,0
sglang,tree_of_thought,920,61.61,0.00,110.51,1,9.05,1
sglang,tree_of_thought,921,97.54,0.00,117.10,1,8.54,1
sglang,tree_of_thought,922,82.31,0.00,101.63,1,9.84,1
sglang,tree_of_thought,923,80.02,16.87,96.89,2,20.64,1
sglang,tree_of_thought,924,76.89,100.16,177.04,2,11.30,1
sglang,tree_of_thought,925,77.99,0.00,91.60,1,10.92,1
sglang,tree_of_thought,926,96.46,0.00,115.46,1,8.66,1
sglang,tree_of_thought,927,85.02,0.00,102.32,1,9.77,1
sglang,tree_of_thought,928,79.20,17.04,96.24,2,20.78,1
sglang,tree_of_thought,929,42.37,0.00,50.45,1,19.82,1
sglang,tree_of_thought,930,76.34,0.00,168.10,1,5.95,1
sglang,tree_of_thought,931,82.11,0.00,151.49,1,6.60,1
sglang,tree_of_thought,932,61.53,0.00,94.77,1,10.55,1
sglang,tree_of_thought,933,66.22,68.72,134.94,2,14.82,1
sglang,tree_of_thought,934,86.05,0.00,175.48,1,5.70,1
sglang,tree_of_thought,935,95.89,0.00,154.74,1,6.46,1
sglang,tree_of_thought,936,103.06,0.00,147.65,1,6.77,1
sglang,tree_of_thought,937,80.99,38.42,119.41,2,16.75,1
sglang,tree_of_thought,938,95.33,0.00,188.12,1,5.32,1
sglang,tree_of_thought,939,97.78,0.00,168.16,1,5.95,1
sglang,tree_of_thought,940,90.67,0.00,159.12,1,6.28,1
sglang,tree_of_thought,941,88.26,49.15,137.41,2,14.56,1
sglang,tree_of_thought,942,89.60,64.68,154.28,2,12.96,1
sglang,tree_of_thought,943,80.54,47.45,127.99,2,15.63,1
sglang,tree_of_thought,944,90.41,100.80,191.21,2,10.46,1
sglang,tree_of_thought,945,83.90,136.02,219.93,2,9.09,1
sglang,tree_of_thought,946,88.46,30.57,271.89,7,25.75,0
sglang,tree_of_thought,947,84.35,0.00,161.98,1,6.17,1
sglang,tree_of_thought,948,88.55,0.00,176.54,1,5.66,1
sglang,tree_of_thought,949,59.72,0.00,189.66,1,5.27,1
sglang,tree_of_thought,950,123.55,0.00,218.55,1,4.58,1
sglang,tree_of_thought,951,78.99,0.00,89.07,1,11.23,1
sglang,tree_of_thought,952,68.24,0.00,81.36,1,12.29,1
sglang,tree_of_thought,953,84.93,28.69,113.62,2,17.60,1
sglang,tree_of_thought,954,63.47,17.02,80.49,2,24.85,1
sglang,tree_of_thought,955,81.05,0.00,171.24,1,5.84,1
sglang,tree_of_thought,956,104.43,0.00,124.71,1,8.02,1
sglang,tree_of_thought,957,92.83,0.00,110.82,1,9.02,1
sglang,tree_of_thought,958,74.87,62.46,137.33,2,14.56,1
sglang,tree_of_thought,959,86.81,20.43,107.24,2,18.65,1
sglang,tree_of_thought,960,41.03,0.00,49.85,1,20.06,1
sglang,tree_of_thought,961,67.45,0.00,186.84,1,5.35,1
sglang,tree_of_thought,962,78.02,132.30,210.32,2,9.51,1
sglang,tree_of_thought,963,69.72,137.72,207.44,2,9.64,1
sglang,tree_of_thought,964,63.82,141.16,204.98,2,9.76,1
sglang,tree_of_thought,965,100.66,0.00,189.86,1,5.27,1
sglang,tree_of_thought,966,91.31,0.00,170.70,1,5.86,1
sglang,tree_of_thought,967,89.64,0.00,157.72,1,6.34,1
sglang,tree_of_thought,968,86.27,47.37,133.64,2,14.97,1
sglang,tree_of_thought,969,94.39,0.00,148.76,1,6.72,1
sglang,tree_of_thought,970,81.18,0.00,176.33,1,5.67,1
sglang,tree_of_thought,971,71.19,50.40,121.60,2,16.45,1
sglang,tree_of_thought,972,77.32,136.48,213.80,2,9.35,1
sglang,tree_of_thought,973,86.07,0.43,86.50,2,23.12,1
sglang,tree_of_thought,974,84.06,14.45,98.51,2,20.30,1
sglang,tree_of_thought,975,90.18,0.00,90.42,1,11.06,1
sglang,tree_of_thought,976,86.33,7.20,107.92,4,37.06,0
sglang,tree_of_thought,977,89.71,0.00,165.55,1,6.04,1
sglang,tree_of_thought,978,86.12,0.00,164.34,1,6.08,1
sglang,tree_of_thought,979,95.07,0.00,179.08,1,5.58,1
sglang,tree_of_thought,980,96.79,60.19,156.98,2,12.74,1
sglang,tree_of_thought,981,115.87,94.46,210.34,2,9.51,1
sglang,tree_of_thought,982,61.64,0.00,68.45,1,14.61,1
sglang,tree_of_thought,983,83.70,0.00,95.05,1,10.52,1
sglang,tree_of_thought,984,66.73,17.64,84.37,2,23.71,1
sglang,tree_of_thought,985,73.40,18.51,91.91,2,21.76,1
sglang,tree_of_thought,986,77.16,102.07,179.23,2,11.16,1
sglang,tree_of_thought,987,81.78,0.00,94.43,1,10.59,1
sglang,tree_of_thought,988,82.09,0.00,93.37,1,10.71,1
sglang,tree_of_thought,989,100.87,30.47,131.34,2,15.23,1
sglang,tree_of_thought,990,85.32,27.27,112.59,2,17.76,1
sglang,tree_of_thought,991,42.08,18.12,60.20,2,33.22,1
sglang,long_output,0,109.12,31.63,362.14,9,24.85,1
sglang,long_output,1,171.71,24.24,365.62,9,24.62,1
sglang,long_output,2,168.16,21.49,361.54,10,27.66,1
sglang,long_output,3,172.99,25.12,373.91,9,24.07,1
sglang,long_output,4,167.49,20.19,369.38,11,29.78,1
sglang,long_output,5,170.46,23.33,380.43,10,26.29,1
sglang,long_output,6,165.59,21.14,377.00,11,29.18,1
sglang,long_output,7,165.57,21.40,379.54,11,28.98,1
sglang,long_output,8,165.29,19.51,379.89,12,31.59,1
sglang,long_output,9,170.79,24.37,390.14,10,25.63,1
sglang,long_output,10,225.59,13.52,387.81,13,33.52,1
sglang,long_output,11,157.57,21.31,392.02,12,30.61,1
sglang,long_output,12,153.64,20.02,393.89,13,33.00,1
sglang,long_output,13,159.45,21.99,401.38,12,29.90,1
sglang,long_output,14,216.63,13.96,398.14,14,35.16,1
sglang,long_output,15,248.54,12.28,408.14,14,34.30,1
sglang,long_output,16,257.42,13.47,419.02,13,31.02,1
sglang,long_output,17,266.80,10.77,417.54,15,35.92,1
sglang,long_output,18,219.20,16.06,428.05,14,32.71,1
sglang,long_output,19,210.52,13.87,418.62,16,38.22,1
sglang,long_output,20,211.66,15.33,426.24,15,35.19,1
sglang,long_output,21,237.19,12.41,423.34,16,37.80,1
sglang,long_output,22,409.35,1.11,425.97,16,37.56,1
sglang,long_output,23,201.11,14.28,429.53,17,39.58,1
sglang,long_output,24,204.91,14.25,432.97,17,39.26,1
sglang,long_output,25,201.62,14.67,436.28,17,38.97,1
sglang,long_output,26,451.07,0.59,459.36,15,32.65,1
sglang,long_output,27,256.15,16.68,539.65,18,33.35,1
sglang,long_output,28,281.89,15.87,551.68,18,32.63,1
sglang,long_output,29,221.27,18.29,550.58,19,34.51,1
sglang,long_output,30,203.88,19.40,553.10,19,34.35,1
sglang,long_output,31,205.02,20.81,558.83,18,32.21,1
sglang,long_output,32,296.88,14.56,559.03,19,33.99,1
sglang,long_output,33,252.73,16.40,564.27,20,35.44,1
sglang,long_output,34,204.35,19.07,566.73,20,35.29,1
sglang,long_output,35,211.91,19.03,573.44,20,34.88,1
sglang,long_output,36,225.90,17.34,572.69,21,36.67,1
sglang,long_output,37,229.55,17.41,577.83,21,36.34,1
sglang,long_output,38,214.38,18.32,580.70,21,36.16,1
sglang,long_output,39,226.61,17.00,583.59,22,37.70,1
sglang,long_output,40,243.35,16.53,590.42,22,37.26,1
sglang,long_output,41,232.01,17.05,590.16,22,37.28,1
sglang,long_output,42,239.90,16.09,593.80,23,38.73,1
sglang,long_output,43,187.09,18.46,593.24,23,38.77,1
sglang,long_output,44,183.25,18.84,597.75,23,38.48,1
sglang,long_output,45,194.58,17.90,606.16,24,39.59,1
sglang,long_output,46,367.11,10.70,613.18,24,39.14,1
sglang,long_output,47,197.59,18.22,616.56,24,38.93,1
sglang,long_output,48,176.58,21.12,683.44,25,36.58,1
sglang,long_output,49,176.83,21.55,694.12,25,36.02,1
sglang,long_output,50,324.22,14.72,692.35,26,37.55,1
sglang,long_output,51,180.97,20.70,698.45,26,37.23,1
sglang,long_output,52,183.80,20.72,701.92,26,37.04,1
sglang,long_output,53,180.61,21.93,706.95,25,35.36,1
sglang,long_output,54,232.41,18.15,704.31,27,38.34,1
sglang,long_output,55,252.21,17.80,714.96,27,37.76,1
sglang,long_output,56,170.54,20.89,713.62,27,37.84,1
sglang,long_output,57,196.77,19.09,712.10,28,39.32,1
sglang,long_output,58,234.66,18.07,722.59,28,38.75,1
sglang,long_output,59,208.63,19.11,724.66,28,38.64,1
sglang,long_output,60,260.43,17.02,736.88,29,39.35,1
sglang,long_output,61,183.87,19.87,740.28,29,39.17,1
sglang,long_output,62,190.27,19.73,742.65,29,39.05,1
sglang,long_output,63,157.87,22.84,820.31,30,36.57,1
sglang,long_output,64,186.98,20.73,788.07,30,38.07,1
sglang,long_output,65,186.83,21.15,800.26,30,37.49,1
sglang,long_output,66,179.98,20.30,788.96,31,39.29,1
sglang,long_output,67,116.16,22.58,793.70,31,39.06,1
sglang,long_output,68,189.65,20.60,807.54,31,38.39,1
sglang,long_output,69,160.34,20.34,790.81,32,40.46,1
sglang,long_output,70,164.01,20.42,796.89,32,40.16,1
sglang,long_output,71,183.57,20.24,811.16,32,39.45,1
sglang,long_output,72,159.71,20.37,811.46,33,40.67,1
sglang,long_output,73,120.99,21.74,816.71,33,40.41,1
sglang,long_output,74,155.74,20.44,809.91,33,40.75,1
sglang,long_output,75,144.59,22.07,872.94,34,38.95,1
sglang,long_output,76,142.27,22.04,869.43,34,39.11,1
sglang,long_output,77,138.74,22.47,880.33,34,38.62,1
sglang,long_output,78,135.07,21.74,874.09,35,40.04,1
sglang,long_output,79,111.23,22.19,865.52,35,40.44,1
sglang,long_output,80,123.03,22.12,875.08,35,40.00,1
sglang,long_output,81,109.61,21.45,860.26,36,41.85,1
sglang,long_output,82,102.13,21.81,865.47,36,41.60,1
sglang,long_output,83,121.53,21.31,867.26,36,41.51,1
sglang,long_output,84,108.82,21.01,865.13,37,42.77,1
sglang,long_output,85,102.99,21.42,874.13,37,42.33,1
sglang,long_output,86,117.09,21.11,876.95,37,42.19,1
sglang,long_output,87,103.57,20.94,878.46,38,43.26,1
sglang,long_output,88,94.93,21.03,873.09,38,43.52,1
sglang,long_output,89,104.70,21.20,889.27,38,42.73,1
sglang,long_output,90,81.28,22.69,943.36,39,41.34,1
sglang,long_output,91,119.21,21.91,951.84,39,40.97,1
sglang,long_output,92,107.34,21.93,940.65,39,41.46,1
sglang,long_output,93,104.35,21.72,951.25,40,42.05,1
sglang,long_output,94,130.44,21.05,951.30,40,42.05,1
sglang,long_output,95,104.43,21.87,957.36,40,41.78,1
sglang,long_output,96,88.31,21.58,951.64,41,43.08,1
sglang,long_output,97,97.48,21.66,963.71,41,42.54,1
sglang,long_output,98,84.26,21.72,952.97,41,43.02,1
sglang,long_output,99,107.95,20.86,963.38,42,43.60,1
sglang,long_output,100,96.40,21.02,958.21,42,43.83,1
sglang,long_output,101,101.68,21.07,965.44,42,43.50,1
sglang,long_output,102,91.54,22.04,1017.19,43,42.27,1
sglang,long_output,103,84.86,22.23,1018.58,43,42.22,1
sglang,long_output,104,95.12,21.94,1016.63,43,42.30,1
sglang,long_output,105,94.52,21.67,1026.24,44,42.88,1
sglang,long_output,106,85.27,21.70,1018.48,44,43.20,1
sglang,long_output,107,86.20,21.82,1024.56,44,42.95,1
sglang,long_output,108,69.48,21.26,1005.01,45,44.78,1
sglang,long_output,109,84.69,21.33,1023.15,45,43.98,1
sglang,long_output,110,63.91,21.40,1005.50,45,44.75,1
sglang,long_output,111,61.58,21.33,1021.23,46,45.04,1
sglang,long_output,112,112.57,21.16,1064.75,46,43.20,1
sglang,long_output,113,94.55,21.81,1076.13,46,42.75,1
sglang,long_output,114,102.30,21.03,1069.55,47,43.94,1
sglang,long_output,115,110.38,21.00,1076.43,47,43.66,1
sglang,long_output,116,104.40,21.01,1070.83,47,43.89,1
sglang,long_output,117,100.78,20.47,1063.07,48,45.15,1
sglang,long_output,118,93.20,20.86,1073.62,48,44.71,1
sglang,long_output,119,116.47,20.52,1081.14,48,44.40,1
sglang,long_output,120,95.46,20.57,1082.85,49,45.25,1
sglang,long_output,121,85.83,20.91,1089.28,49,44.98,1
sglang,long_output,122,88.76,20.69,1081.71,49,45.30,1
sglang,long_output,123,63.50,21.56,1120.01,50,44.64,1
sglang,long_output,124,68.26,21.65,1129.10,50,44.28,1
sglang,long_output,125,84.38,21.92,1158.63,50,43.15,1
sglang,long_output,126,65.90,21.45,1138.51,51,44.80,1
sglang,long_output,127,64.54,21.50,1139.32,51,44.76,1
sglang,long_output,128,86.63,19.46,242.29,9,37.15,1
sglang,long_output,129,65.79,24.07,258.36,9,34.84,1
sglang,long_output,130,68.17,24.31,262.64,9,34.27,1
sglang,long_output,131,85.60,19.30,259.30,10,38.57,1
sglang,long_output,132,82.25,20.02,262.46,10,38.10,1
sglang,long_output,133,74.11,20.09,254.89,10,39.23,1
sglang,long_output,134,53.66,19.34,247.03,11,44.53,1
sglang,long_output,135,67.63,20.44,272.01,11,40.44,1
sglang,long_output,136,71.61,20.44,275.98,11,39.86,1
sglang,long_output,137,49.43,23.27,305.37,12,39.30,1
sglang,long_output,138,48.05,23.38,305.22,12,39.32,1
sglang,long_output,139,72.29,24.54,342.24,12,35.06,1
sglang,long_output,140,52.68,23.65,336.43,13,38.64,1
sglang,long_output,141,66.10,23.76,351.27,13,37.01,1
sglang,long_output,142,52.28,24.03,340.65,13,38.16,1
sglang,long_output,143,78.97,23.28,1242.87,51,41.03,1
sglang,long_output,144,87.08,22.71,1245.08,52,41.76,1
sglang,long_output,145,89.60,22.77,1250.88,52,41.57,1
sglang,long_output,146,60.23,23.78,369.34,14,37.91,1
sglang,long_output,147,72.25,23.31,1261.02,52,41.24,1
sglang,long_output,148,76.79,22.42,1242.67,53,42.65,1
sglang,long_output,149,84.65,22.40,1249.39,53,42.42,1
sglang,long_output,150,55.20,22.36,345.89,14,40.48,1
sglang,long_output,151,58.11,22.47,350.16,14,39.98,1
sglang,long_output,152,80.68,22.72,1262.11,53,41.99,1
sglang,long_output,153,71.76,22.30,1253.42,54,43.08,1
sglang,long_output,154,61.61,22.46,1251.98,54,43.13,1
sglang,long_output,155,59.06,20.96,352.45,15,42.56,1
sglang,long_output,156,51.66,22.62,368.29,15,40.73,1
sglang,long_output,157,52.78,22.56,1248.56,54,43.25,1
sglang,long_output,158,54.40,21.31,352.76,15,42.52,1
sglang,long_output,159,52.17,23.58,1325.65,55,41.49,1
sglang,long_output,160,34.49,25.02,409.82,16,39.04,1
sglang,long_output,161,39.17,25.27,418.20,16,38.26,1
sglang,long_output,162,32.34,24.28,420.83,17,40.40,1
sglang,long_output,163,53.20,26.18,445.83,16,35.89,1
sglang,long_output,164,82.55,23.57,1355.44,55,40.58,1
sglang,long_output,165,78.61,23.61,1353.80,55,40.63,1
sglang,long_output,166,61.41,24.58,454.72,17,37.39,1
sglang,long_output,167,62.84,24.49,454.75,17,37.38,1
sglang,long_output,168,91.03,22.94,1352.64,56,41.40,1
sglang,long_output,169,86.43,23.04,1353.71,56,41.37,1
sglang,long_output,170,95.43,23.12,1366.94,56,40.97,1
sglang,long_output,171,80.54,22.76,1355.30,57,42.06,1
sglang,long_output,172,82.93,22.84,1362.06,57,41.85,1
sglang,long_output,173,78.48,22.85,1358.36,57,41.96,1
sglang,long_output,174,81.74,22.36,1356.41,58,42.76,1
sglang,long_output,175,84.62,22.37,1359.47,58,42.66,1
sglang,long_output,176,71.46,22.73,1366.95,58,42.43,1
sglang,long_output,177,61.72,22.24,1351.50,59,43.66,1
sglang,long_output,178,76.37,22.33,1371.29,59,43.03,1
sglang,long_output,179,64.42,22.31,1358.20,59,43.44,1
sglang,long_output,180,55.99,22.94,1409.20,60,42.58,1
sglang,long_output,181,58.47,25.23,487.37,18,36.93,1
sglang,long_output,182,46.83,25.17,474.73,18,37.92,1
sglang,long_output,183,50.02,25.47,483.09,18,37.26,1
sglang,long_output,184,44.01,24.75,489.48,19,38.82,1
sglang,long_output,185,47.33,23.32,1423.38,60,42.15,1
sglang,long_output,186,78.29,23.90,508.46,19,37.37,1
sglang,long_output,187,74.23,25.23,528.44,19,35.95,1
sglang,long_output,188,68.88,23.25,510.72,20,39.16,1
sglang,long_output,189,71.84,23.27,514.01,20,38.91,1
sglang,long_output,190,104.07,21.83,518.90,20,38.54,1
sglang,long_output,191,81.68,21.51,511.91,21,41.02,1
sglang,long_output,192,88.82,21.46,518.12,21,40.53,1
sglang,long_output,193,98.37,21.63,530.93,21,39.55,1
sglang,long_output,194,70.18,23.17,1437.05,60,41.75,1
sglang,long_output,195,79.84,21.49,531.10,22,41.42,1
sglang,long_output,196,70.69,21.53,522.72,22,42.09,1
sglang,long_output,197,81.46,21.68,536.70,22,40.99,1
sglang,long_output,198,78.73,23.42,1484.10,61,41.10,1
sglang,long_output,199,82.66,23.49,1492.19,61,40.88,1
sglang,long_output,200,66.15,23.50,583.06,23,39.45,1
sglang,long_output,201,60.36,23.64,580.34,23,39.63,1
sglang,long_output,202,64.06,23.99,591.86,23,38.86,1
sglang,long_output,203,73.68,23.36,1498.65,62,41.37,1
sglang,long_output,204,58.95,23.36,596.14,24,40.26,1
sglang,long_output,205,60.44,23.54,1496.41,62,41.43,1
sglang,long_output,206,68.94,24.38,1531.94,61,39.82,1
sglang,long_output,207,56.23,23.24,1496.84,63,42.09,1
sglang,long_output,208,62.18,23.63,1503.57,62,41.24,1
sglang,long_output,209,49.15,23.14,1483.78,63,42.46,1
sglang,long_output,210,56.02,24.11,610.59,24,39.31,1
sglang,long_output,211,46.42,22.82,1483.86,64,43.13,1
sglang,long_output,212,53.27,23.27,1496.04,63,42.11,1
sglang,long_output,213,73.07,22.25,584.82,24,41.04,1
sglang,long_output,214,69.69,24.17,649.71,25,38.48,1
sglang,long_output,215,71.21,24.16,651.00,25,38.40,1
sglang,long_output,216,63.04,24.26,645.36,25,38.74,1
sglang,long_output,217,60.99,23.47,647.63,26,40.15,1
sglang,long_output,218,104.68,22.96,1551.41,64,41.25,1
sglang,long_output,219,89.68,23.39,1563.37,64,40.94,1
sglang,long_output,220,90.71,22.72,1544.48,65,42.09,1
sglang,long_output,221,92.67,22.80,1552.09,65,41.88,1
sglang,long_output,222,78.79,23.23,1565.75,65,41.51,1
sglang,long_output,223,81.85,22.64,1553.70,66,42.48,1
sglang,long_output,224,84.86,22.69,1560.02,66,42.31,1
sglang,long_output,225,89.04,22.70,1564.47,66,42.19,1
sglang,long_output,226,69.23,22.53,1556.16,67,43.05,1
sglang,long_output,227,82.06,22.67,1577.99,67,42.46,1
sglang,long_output,228,79.76,25.79,724.46,26,35.89,1
sglang,long_output,229,77.33,25.84,723.23,26,35.95,1
sglang,long_output,230,98.68,23.90,720.10,27,37.49,1
sglang,long_output,231,99.73,24.36,733.21,27,36.82,1
sglang,long_output,232,95.00,24.73,737.90,27,36.59,1
sglang,long_output,233,83.42,23.91,729.02,28,38.41,1
sglang,long_output,234,84.62,24.23,738.91,28,37.89,1
sglang,long_output,235,83.03,24.07,732.91,28,38.20,1
sglang,long_output,236,64.68,23.47,721.98,29,40.17,1
sglang,long_output,237,76.91,23.64,738.85,29,39.25,1
sglang,long_output,238,72.63,23.88,741.16,29,39.13,1
sglang,long_output,239,62.37,23.66,748.65,30,40.07,1
sglang,long_output,240,65.51,23.78,755.10,30,39.73,1
sglang,long_output,241,50.57,23.82,741.37,30,40.47,1
sglang,long_output,242,46.18,25.19,801.84,31,38.66,1
sglang,long_output,243,46.45,25.20,802.42,31,38.63,1
sglang,long_output,244,63.85,24.76,806.65,31,38.43,1
sglang,long_output,245,48.73,24.33,803.10,32,39.85,1
sglang,long_output,246,52.88,24.38,808.53,32,39.58,1
sglang,long_output,247,45.19,24.41,801.77,32,39.91,1
sglang,long_output,248,33.91,24.42,815.33,33,40.47,1
sglang,long_output,249,48.25,25.17,853.61,33,38.66,1
sglang,long_output,250,61.45,25.05,863.05,33,38.24,1
sglang,long_output,251,80.70,23.55,857.89,34,39.63,1
sglang,long_output,252,58.57,24.48,866.52,34,39.24,1
sglang,long_output,253,78.20,23.68,859.79,34,39.54,1
sglang,long_output,254,76.34,23.45,873.54,35,40.07,1
sglang,long_output,255,61.34,23.58,863.00,35,40.56,1
sglang,long_output,256,65.81,23.57,867.07,35,40.37,1
sglang,long_output,257,48.44,23.14,858.25,36,41.95,1
sglang,long_output,258,58.09,23.37,875.97,36,41.10,1
sglang,long_output,259,47.00,23.36,864.74,36,41.63,1
sglang,long_output,260,43.11,24.45,923.29,37,40.07,1
sglang,long_output,261,45.02,24.64,932.20,37,39.69,1
sglang,long_output,262,108.51,23.99,972.06,37,38.06,1
sglang,long_output,263,103.37,23.86,986.20,38,38.53,1
sglang,long_output,264,104.36,23.91,989.19,38,38.42,1
sglang,long_output,265,130.37,23.24,990.07,38,38.38,1
sglang,long_output,266,123.69,22.61,982.82,39,39.68,1
sglang,long_output,267,119.95,22.73,983.55,39,39.65,1
sglang,long_output,268,112.50,22.97,985.34,39,39.58,1
sglang,long_output,269,102.45,22.76,990.24,40,40.39,1
sglang,long_output,270,107.96,22.81,997.38,40,40.11,1
sglang,long_output,271,107.92,22.87,999.66,40,40.01,1
sglang,long_output,272,103.01,23.80,1054.81,41,38.87,1
sglang,long_output,273,95.77,23.96,1054.31,41,38.89,1
sglang,long_output,274,101.77,24.03,1063.16,41,38.56,1
sglang,long_output,275,91.73,23.59,1059.08,42,39.66,1
sglang,long_output,276,50.06,23.63,1018.95,42,41.22,1
sglang,long_output,277,93.39,23.83,1070.29,42,39.24,1
sglang,long_output,278,75.19,23.53,1063.55,43,40.43,1
sglang,long_output,279,102.78,22.88,1063.76,43,40.42,1
sglang,long_output,280,106.03,23.04,1073.51,43,40.06,1
sglang,long_output,281,94.58,22.64,1068.02,44,41.20,1
sglang,long_output,282,86.58,22.70,1062.82,44,41.40,1
sglang,long_output,283,82.70,22.87,1066.09,44,41.27,1
sglang,long_output,284,72.17,22.49,1061.73,45,42.38,1
sglang,long_output,285,83.39,22.46,1071.53,45,42.00,1
sglang,long_output,286,74.99,22.69,1073.55,45,41.92,1
sglang,long_output,287,57.60,22.37,1064.32,46,43.22,1
sglang,long_output,288,65.35,22.37,1071.94,46,42.91,1
sglang,long_output,289,58.94,22.41,1067.55,46,43.09,1
sglang,long_output,290,56.71,21.88,1063.20,47,44.21,1
sglang,long_output,291,61.28,21.78,1063.17,47,44.21,1
sglang,long_output,292,58.63,22.50,1093.43,47,42.98,1
sglang,long_output,293,57.53,22.19,1100.70,48,43.61,1
sglang,long_output,294,100.35,21.34,1103.32,48,43.50,1
sglang,long_output,295,114.07,21.39,1119.25,48,42.89,1
sglang,long_output,296,91.60,21.28,1113.23,49,44.02,1
sglang,long_output,297,63.41,21.94,1116.38,49,43.89,1
sglang,long_output,298,85.25,21.32,1108.53,49,44.20,1
sglang,long_output,299,74.72,22.15,1160.11,50,43.10,1
sglang,long_output,300,66.45,23.97,258.22,9,34.85,1
sglang,long_output,301,70.63,22.29,1162.79,50,43.00,1
sglang,long_output,302,64.93,24.45,260.56,9,34.54,1
sglang,long_output,303,82.08,22.31,1175.03,50,42.55,1
sglang,long_output,304,58.14,24.54,254.45,9,35.37,1
sglang,long_output,305,47.79,21.85,1140.35,51,44.72,1
sglang,long_output,306,52.74,21.93,1149.12,51,44.38,1
sglang,long_output,307,68.73,22.19,1178.34,51,43.28,1
sglang,long_output,308,53.21,24.12,270.25,10,37.00,1
sglang,long_output,309,46.47,21.78,1157.48,52,44.93,1
sglang,long_output,310,67.61,21.89,1183.85,52,43.92,1
sglang,long_output,311,70.28,22.00,1192.25,52,43.62,1
sglang,long_output,312,65.19,22.36,266.43,10,37.53,1
sglang,long_output,313,77.61,20.15,259.00,10,38.61,1
sglang,long_output,314,62.48,20.78,1143.04,53,46.37,1
sglang,long_output,315,61.75,20.79,1142.98,53,46.37,1
sglang,long_output,316,56.37,21.27,1162.16,53,45.60,1
sglang,long_output,317,54.61,19.28,247.46,11,44.45,1
sglang,long_output,318,42.05,19.53,237.35,11,46.35,1
sglang,long_output,319,60.37,20.08,261.15,11,42.12,1
sglang,long_output,320,35.55,20.76,1136.01,54,47.53,1
sglang,long_output,321,59.74,20.81,1162.64,54,46.45,1
sglang,long_output,322,41.09,18.94,249.43,12,48.11,1
sglang,long_output,323,37.88,19.73,254.94,12,47.07,1
sglang,long_output,324,98.40,21.89,339.19,12,35.38,1
sglang,long_output,325,87.85,21.31,343.54,13,37.84,1
sglang,long_output,326,96.84,21.20,351.25,13,37.01,1
sglang,long_output,327,55.05,21.93,1217.56,54,44.35,1
sglang,long_output,328,92.36,22.12,357.75,13,36.34,1
sglang,long_output,329,75.85,21.87,360.23,14,38.86,1
sglang,long_output,330,85.33,21.11,359.81,14,38.91,1
sglang,long_output,331,88.64,21.43,367.20,14,38.13,1
sglang,long_output,332,63.87,21.04,358.36,15,41.86,1
sglang,long_output,333,82.64,20.97,376.19,15,39.87,1
sglang,long_output,334,69.57,21.48,370.22,15,40.52,1
sglang,long_output,335,64.14,23.88,422.28,16,37.89,1
sglang,long_output,336,77.20,21.70,1249.17,55,44.03,1
sglang,long_output,337,88.88,21.53,1251.76,55,43.94,1
sglang,long_output,338,59.57,22.28,1262.65,55,43.56,1
sglang,long_output,339,65.02,21.45,1244.54,56,45.00,1
sglang,long_output,340,56.94,21.70,1250.28,56,44.79,1
sglang,long_output,341,75.87,21.70,1269.19,56,44.12,1
sglang,long_output,342,56.18,21.55,1262.79,57,45.14,1
sglang,long_output,343,52.25,21.50,1256.23,57,45.37,1
sglang,long_output,344,47.62,21.59,1256.77,57,45.35,1
sglang,long_output,345,43.02,21.48,1267.30,58,45.77,1
sglang,long_output,346,83.85,25.92,472.68,16,33.85,1
sglang,long_output,347,90.96,26.02,481.27,16,33.25,1
sglang,long_output,348,68.58,24.46,459.92,17,36.96,1
sglang,long_output,349,84.47,23.09,453.96,17,37.45,1
sglang,long_output,350,67.68,24.82,464.78,17,36.58,1
sglang,long_output,351,80.69,22.21,458.22,18,39.28,1
sglang,long_output,352,85.04,22.57,468.78,18,38.40,1
sglang,long_output,353,81.27,22.85,469.79,18,38.31,1
sglang,long_output,354,71.33,21.92,465.87,19,40.78,1
sglang,long_output,355,73.13,22.10,470.92,19,40.35,1
sglang,long_output,356,68.12,21.84,461.28,19,41.19,1
sglang,long_output,357,64.39,21.05,464.39,20,43.07,1
sglang,long_output,358,58.85,21.16,460.86,20,43.40,1
sglang,long_output,359,59.61,22.08,1318.25,58,44.00,1
sglang,long_output,360,66.40,21.61,477.08,20,41.92,1
sglang,long_output,361,66.56,22.24,1334.39,58,43.47,1
sglang,long_output,362,77.69,21.82,1343.10,59,43.93,1
sglang,long_output,363,68.33,22.35,1364.64,59,43.23,1
sglang,long_output,364,74.99,21.95,1348.31,59,43.76,1
sglang,long_output,365,76.28,21.54,1347.03,60,44.54,1
sglang,long_output,366,72.03,21.74,1354.83,60,44.29,1
sglang,long_output,367,71.38,21.83,1359.53,60,44.13,1
sglang,long_output,368,55.73,21.39,1339.10,61,45.55,1
sglang,long_output,369,50.48,21.43,1336.10,61,45.66,1
sglang,long_output,370,69.55,21.50,1359.28,61,44.88,1
sglang,long_output,371,48.71,21.31,1348.40,62,45.98,1
sglang,long_output,372,78.18,21.22,502.58,21,41.78,1
sglang,long_output,373,67.49,22.55,518.48,21,40.50,1
sglang,long_output,374,76.03,21.46,505.20,21,41.57,1
sglang,long_output,375,70.77,21.18,515.61,22,42.67,1
sglang,long_output,376,67.51,21.56,520.34,22,42.28,1
sglang,long_output,377,62.85,21.38,511.87,22,42.98,1
sglang,long_output,378,58.92,23.61,578.29,23,39.77,1
sglang,long_output,379,60.42,23.84,584.95,23,39.32,1
sglang,long_output,380,42.79,24.04,571.61,23,40.24,1
sglang,long_output,381,40.09,23.29,575.77,24,41.68,1
sglang,long_output,382,41.01,23.63,584.45,24,41.06,1
sglang,long_output,383,84.40,22.07,1430.58,62,43.34,1
sglang,long_output,384,84.59,22.07,1431.11,62,43.32,1
sglang,long_output,385,85.49,21.95,1446.63,63,43.55,1
sglang,long_output,386,71.58,22.13,1443.80,63,43.63,1
sglang,long_output,387,72.88,22.09,1442.61,63,43.67,1
sglang,long_output,388,71.28,22.63,1496.67,64,42.76,1
sglang,long_output,389,67.18,24.66,634.42,24,37.83,1
sglang,long_output,390,80.49,23.56,645.98,25,38.70,1
sglang,long_output,391,76.22,23.72,645.39,25,38.74,1
sglang,long_output,392,83.28,23.79,654.14,25,38.22,1
sglang,long_output,393,66.10,25.61,706.30,26,36.81,1
sglang,long_output,394,60.85,25.74,704.25,26,36.92,1
sglang,long_output,395,65.49,24.48,701.85,27,38.47,1
sglang,long_output,396,58.34,24.62,698.45,27,38.66,1
sglang,long_output,397,59.21,26.50,721.70,26,36.03,1
sglang,long_output,398,54.90,24.72,697.75,27,38.70,1
sglang,long_output,399,41.74,24.35,699.32,28,40.04,1
sglang,long_output,400,83.83,23.14,1541.41,64,41.52,1
sglang,long_output,401,86.62,23.38,1559.37,64,41.04,1
sglang,long_output,402,82.26,23.09,1559.97,65,41.67,1
sglang,long_output,403,75.77,23.20,1560.52,65,41.65,1
sglang,long_output,404,74.76,23.22,1560.80,65,41.65,1
sglang,long_output,405,85.12,23.40,1606.37,66,41.09,1
sglang,long_output,406,68.09,24.09,1634.05,66,40.39,1
sglang,long_output,407,83.06,23.76,1627.63,66,40.55,1
sglang,long_output,408,108.63,24.27,764.05,28,36.65,1
sglang,long_output,409,71.71,23.73,1638.10,67,40.90,1
sglang,long_output,410,89.30,25.59,780.13,28,35.89,1
sglang,long_output,411,78.15,24.97,777.26,29,37.31,1
sglang,long_output,412,74.49,25.07,776.43,29,37.35,1
sglang,long_output,413,72.98,24.08,1662.29,67,40.31,1
sglang,long_output,414,93.34,24.50,779.39,29,37.21,1
sglang,long_output,415,58.48,24.51,769.24,30,39.00,1
sglang,long_output,416,86.54,24.01,782.94,30,38.32,1
sglang,long_output,417,88.90,23.70,776.06,30,38.66,1
sglang,long_output,418,81.34,25.63,850.19,31,36.46,1
sglang,long_output,419,69.72,26.10,852.84,31,36.35,1
sglang,long_output,420,78.32,26.12,861.90,31,35.97,1
sglang,long_output,421,70.89,25.33,856.20,32,37.37,1
sglang,long_output,422,68.13,25.47,857.62,32,37.31,1
sglang,long_output,423,71.36,25.57,864.02,32,37.04,1
sglang,long_output,424,60.80,24.99,860.37,33,38.36,1
sglang,long_output,425,61.64,25.08,864.18,33,38.19,1
sglang,long_output,426,86.02,25.57,904.28,33,36.49,1
sglang,long_output,427,71.93,25.14,901.54,34,37.71,1
sglang,long_output,428,98.87,24.61,911.04,34,37.32,1
sglang,long_output,429,85.50,25.27,919.41,34,36.98,1
sglang,long_output,430,117.09,23.21,906.25,35,38.62,1
sglang,long_output,431,105.93,23.52,905.53,35,38.65,1
sglang,long_output,432,81.71,24.42,912.14,35,38.37,1
sglang,long_output,433,72.96,24.01,913.46,36,39.41,1
sglang,long_output,434,86.67,23.43,906.74,36,39.70,1
sglang,long_output,435,104.30,23.52,927.42,36,38.82,1
sglang,long_output,436,76.41,24.81,969.74,37,38.15,1
sglang,long_output,437,78.62,24.85,973.38,37,38.01,1
sglang,long_output,438,81.59,25.00,981.59,37,37.69,1
sglang,long_output,439,52.32,24.39,954.61,38,39.81,1
sglang,long_output,440,57.88,24.63,969.24,38,39.21,1
sglang,long_output,441,57.08,24.75,972.75,38,39.06,1
sglang,long_output,442,96.11,23.93,1005.55,39,38.78,1
sglang,long_output,443,79.17,24.67,1016.81,39,38.36,1
sglang,long_output,444,93.57,24.11,1009.75,39,38.62,1
sglang,long_output,445,76.40,23.73,1001.86,40,39.93,1
sglang,long_output,446,86.02,23.66,1008.93,40,39.65,1
sglang,long_output,447,62.66,23.81,991.30,40,40.35,1
sglang,long_output,448,38.29,23.30,970.18,41,42.26,1
sglang,long_output,449,64.98,23.42,1001.73,41,40.93,1
sglang,long_output,450,42.71,23.49,982.49,41,41.73,1
sglang,long_output,451,36.21,23.28,990.68,42,42.40,1
sglang,long_output,452,72.04,23.40,1031.28,42,40.73,1
sglang,long_output,453,61.94,23.98,1045.14,42,40.19,1
sglang,long_output,454,52.11,22.64,1003.02,43,42.87,1
sglang,long_output,455,57.83,22.74,1012.77,43,42.46,1
sglang,long_output,456,51.81,22.82,1010.13,43,42.57,1
sglang,long_output,457,110.34,21.79,1047.30,44,42.01,1
sglang,long_output,458,79.30,22.52,1047.64,44,42.00,1
sglang,long_output,459,95.17,22.01,1041.75,44,42.24,1
sglang,long_output,460,86.92,21.64,1039.03,45,43.31,1
sglang,long_output,461,91.41,21.70,1046.10,45,43.02,1
sglang,long_output,462,87.03,21.87,1049.24,45,42.89,1
sglang,long_output,463,61.48,21.40,1024.67,46,44.89,1
sglang,long_output,464,72.92,21.59,1044.27,46,44.05,1
sglang,long_output,465,71.03,21.78,1051.06,46,43.77,1
sglang,long_output,466,43.31,21.26,1021.43,47,46.01,1
sglang,long_output,467,52.92,21.34,1034.71,47,45.42,1
sglang,long_output,468,46.42,21.40,1030.90,47,45.59,1
sglang,long_output,469,75.82,21.49,1085.95,48,44.20,1
sglang,long_output,470,111.94,21.31,1113.70,48,43.10,1
sglang,long_output,471,116.12,20.89,1098.17,48,43.71,1
sglang,long_output,472,93.12,20.39,1071.85,49,45.72,1
sglang,long_output,473,91.48,20.70,1084.87,49,45.17,1
sglang,long_output,474,73.31,20.46,1075.80,50,46.48,1
sglang,long_output,475,73.87,20.53,1079.84,50,46.30,1
sglang,long_output,476,79.40,20.35,1076.45,50,46.45,1
sglang,long_output,477,98.43,21.03,1107.68,49,44.24,1
sglang,long_output,478,74.71,20.16,1082.94,51,47.09,1
sglang,long_output,479,64.95,16.11,193.84,9,46.43,1
sglang,long_output,480,70.37,16.65,203.53,9,44.22,1
sglang,long_output,481,65.13,20.34,1082.26,51,47.12,1
sglang,long_output,482,64.53,20.57,1092.93,51,46.66,1
sglang,long_output,483,67.03,18.69,216.58,9,41.55,1
sglang,long_output,484,57.35,16.44,205.28,10,48.71,1
sglang,long_output,485,62.34,16.76,213.18,10,46.91,1
sglang,long_output,486,64.48,20.32,1100.93,52,47.23,1
sglang,long_output,487,95.24,20.50,1140.53,52,45.59,1
sglang,long_output,488,73.72,21.03,1146.38,52,45.36,1
sglang,long_output,489,78.74,20.31,1135.00,53,46.70,1
sglang,long_output,490,76.75,20.32,1133.37,53,46.76,1
sglang,long_output,491,81.09,20.42,1142.74,53,46.38,1
sglang,long_output,492,75.82,20.24,1148.51,54,47.02,1
sglang,long_output,493,66.20,20.36,1145.54,54,47.14,1
sglang,long_output,494,58.84,20.40,1140.29,54,47.36,1
sglang,long_output,495,74.89,27.73,324.49,10,30.82,1
sglang,long_output,496,115.24,21.67,331.90,11,33.14,1
sglang,long_output,497,101.30,24.65,347.82,11,31.63,1
sglang,long_output,498,123.28,22.04,343.67,11,32.01,1
sglang,long_output,499,104.55,21.57,341.80,12,35.11,1
sglang,long_output,500,105.69,21.45,341.70,12,35.12,1
sglang,long_output,501,83.37,24.48,352.61,12,34.03,1
sglang,long_output,502,100.00,26.08,412.98,13,31.48,1
sglang,long_output,503,99.47,26.26,414.55,13,31.36,1
sglang,long_output,504,88.19,26.86,410.53,13,31.67,1
sglang,long_output,505,79.17,25.61,412.10,14,33.97,1
sglang,long_output,506,89.13,25.21,416.88,14,33.58,1
sglang,long_output,507,86.20,25.88,422.64,14,33.13,1
sglang,long_output,508,76.01,24.22,415.08,15,36.14,1
sglang,long_output,509,74.09,24.44,416.22,15,36.04,1
sglang,long_output,510,82.60,24.60,426.97,15,35.13,1
sglang,long_output,511,65.92,23.37,416.47,16,38.42,1
sglang,long_output,512,71.66,23.68,426.81,16,37.49,1
sglang,long_output,513,60.38,22.91,1297.32,55,42.39,1
sglang,long_output,514,71.36,22.74,1299.07,55,42.34,1
sglang,long_output,515,86.72,21.95,1293.82,56,43.28,1
sglang,long_output,516,87.86,22.00,1297.62,56,43.16,1
sglang,long_output,517,91.36,22.41,1301.34,55,42.26,1
sglang,long_output,518,78.69,22.03,1290.40,56,43.40,1
sglang,long_output,519,64.31,21.90,1290.66,57,44.16,1
sglang,long_output,520,56.86,22.00,1289.10,57,44.22,1
sglang,long_output,521,77.42,21.95,1306.57,57,43.63,1
sglang,long_output,522,52.30,21.86,1298.20,58,44.68,1
sglang,long_output,523,64.49,29.36,504.89,16,31.69,1
sglang,long_output,524,56.95,27.87,502.92,17,33.80,1
sglang,long_output,525,76.14,26.73,503.87,17,33.74,1
sglang,long_output,526,76.45,26.77,504.84,17,33.67,1
sglang,long_output,527,71.25,25.70,508.21,18,35.42,1
sglang,long_output,528,54.69,25.78,492.87,18,36.52,1
sglang,long_output,529,60.67,25.88,500.70,18,35.95,1
sglang,long_output,530,79.39,22.32,1351.89,58,42.90,1
sglang,long_output,531,52.50,25.69,515.00,19,36.89,1
sglang,long_output,532,86.02,22.30,1357.09,58,42.74,1
sglang,long_output,533,71.52,23.07,1409.67,59,41.85,1
sglang,long_output,534,77.95,22.94,1408.57,59,41.89,1
sglang,long_output,535,67.13,22.98,1399.69,59,42.15,1
sglang,long_output,536,66.85,22.76,1409.67,60,42.56,1
sglang,long_output,537,56.79,25.73,519.98,19,36.54,1
sglang,long_output,538,60.06,27.17,549.18,19,34.60,1
sglang,long_output,539,55.41,24.45,519.97,20,38.46,1
sglang,long_output,540,50.84,25.85,541.90,20,36.91,1
sglang,long_output,541,70.44,24.77,540.98,20,36.97,1
sglang,long_output,542,50.18,24.26,535.30,21,39.23,1
sglang,long_output,543,49.79,24.48,539.49,21,38.93,1
sglang,long_output,544,75.79,23.37,1454.39,60,41.25,1
sglang,long_output,545,71.96,23.46,1456.18,60,41.20,1
sglang,long_output,546,68.42,23.16,1458.20,61,41.83,1
sglang,long_output,547,81.17,22.85,1452.44,61,42.00,1
sglang,long_output,548,83.06,22.97,1461.19,61,41.75,1
sglang,long_output,549,73.57,22.53,1448.13,62,42.81,1
sglang,long_output,550,72.47,22.73,1458.85,62,42.50,1
sglang,long_output,551,78.64,22.77,1467.58,62,42.25,1
sglang,long_output,552,66.41,22.62,1469.06,63,42.88,1
sglang,long_output,553,57.22,22.59,1457.67,63,43.22,1
sglang,long_output,554,78.55,25.40,586.54,21,35.80,1
sglang,long_output,555,97.18,25.70,636.82,22,34.55,1
sglang,long_output,556,85.96,26.02,632.47,22,34.78,1
sglang,long_output,557,94.17,26.34,647.28,22,33.99,1
sglang,long_output,558,78.84,25.42,638.05,23,36.05,1
sglang,long_output,559,70.45,25.59,633.52,23,36.31,1
sglang,long_output,560,82.24,25.80,649.73,23,35.40,1
sglang,long_output,561,68.04,24.93,641.32,24,37.42,1
sglang,long_output,562,70.87,24.94,644.38,24,37.24,1
sglang,long_output,563,62.36,25.02,637.92,24,37.62,1
sglang,long_output,564,55.75,24.49,643.52,25,38.85,1
sglang,long_output,565,86.63,23.50,1543.33,63,40.82,1
sglang,long_output,566,69.34,23.33,1539.09,64,41.58,1
sglang,long_output,567,69.93,23.60,1557.02,64,41.10,1
sglang,long_output,568,66.68,23.44,1543.58,64,41.46,1
sglang,long_output,569,80.68,25.06,682.12,25,36.65,1
sglang,long_output,570,91.30,24.18,671.67,25,37.22,1
sglang,long_output,571,64.53,23.24,1551.97,65,41.88,1
sglang,long_output,572,94.99,23.46,681.50,26,38.15,1
sglang,long_output,573,85.85,23.98,685.24,26,37.94,1
sglang,long_output,574,89.09,24.05,690.34,26,37.66,1
sglang,long_output,575,75.33,24.96,724.31,27,37.28,1
sglang,long_output,576,74.17,24.95,722.74,27,37.36,1
sglang,long_output,577,91.49,25.30,749.32,27,36.03,1
sglang,long_output,578,71.72,24.67,737.73,28,37.95,1
sglang,long_output,579,59.13,24.78,728.15,28,38.45,1
sglang,long_output,580,77.68,24.05,1616.64,65,40.21,1
sglang,long_output,581,81.03,24.09,1622.60,65,40.06,1
sglang,long_output,582,55.96,25.26,737.89,28,37.95,1
sglang,long_output,583,67.58,23.69,731.02,29,39.67,1
sglang,long_output,584,68.75,23.81,735.54,29,39.43,1
sglang,long_output,585,71.46,24.03,1633.51,66,40.40,1
sglang,long_output,586,84.27,23.73,1626.88,66,40.57,1
sglang,long_output,587,75.47,23.99,747.21,29,38.81,1
sglang,long_output,588,89.08,23.83,1637.91,66,40.30,1
sglang,long_output,589,53.85,23.47,734.35,30,40.85,1
sglang,long_output,590,75.98,23.41,1621.07,67,41.33,1
sglang,long_output,591,86.10,23.59,1643.25,67,40.77,1
sglang,long_output,592,62.50,24.19,763.98,30,39.27,1
sglang,long_output,593,35.26,23.35,735.78,31,42.13,1
sglang,long_output,594,46.56,23.47,750.79,31,41.29,1
sglang,long_output,595,62.69,24.39,770.03,30,38.96,1
sglang,long_output,596,39.01,23.63,747.93,31,41.45,1
sglang,long_output,597,66.33,25.06,843.20,32,37.95,1
sglang,long_output,598,66.26,25.07,843.54,32,37.94,1
sglang,long_output,599,64.32,25.39,851.34,32,37.59,1
sglang,long_output,600,53.97,24.94,851.92,33,38.74,1
sglang,long_output,601,55.83,23.90,820.57,33,40.22,1
sglang,long_output,602,53.61,24.09,824.57,33,40.02,1
sglang,long_output,603,49.17,23.14,812.72,34,41.83,1
sglang,long_output,604,48.97,23.33,819.01,34,41.51,1
sglang,long_output,605,53.12,23.41,825.67,34,41.18,1
sglang,long_output,606,36.98,24.19,859.33,35,40.73,1
sglang,long_output,607,32.34,24.30,858.49,35,40.77,1
sglang,long_output,608,62.86,24.12,882.86,35,39.64,1
sglang,long_output,609,58.41,23.58,883.79,36,40.73,1
sglang,long_output,610,86.25,22.84,885.56,36,40.65,1
sglang,long_output,611,77.63,23.09,885.85,36,40.64,1
sglang,long_output,612,65.55,22.67,881.77,37,41.96,1
sglang,long_output,613,70.52,22.49,880.08,37,42.04,1
sglang,long_output,614,75.95,22.66,891.65,37,41.50,1
sglang,long_output,615,50.16,22.60,886.50,38,42.87,1
sglang,long_output,616,46.39,22.66,884.69,38,42.95,1
sglang,long_output,617,57.54,22.94,906.20,38,41.93,1
sglang,long_output,618,45.59,23.87,952.49,39,40.95,1
sglang,long_output,619,80.27,23.66,979.54,39,39.81,1
sglang,long_output,620,72.85,23.82,978.11,39,39.87,1
sglang,long_output,621,84.36,22.69,969.26,40,41.27,1
sglang,long_output,622,92.99,22.89,985.67,40,40.58,1
sglang,long_output,623,89.36,22.99,985.93,40,40.57,1
sglang,long_output,624,68.46,22.57,971.46,41,42.20,1
sglang,long_output,625,80.44,22.65,986.42,41,41.56,1
sglang,long_output,626,71.72,22.71,980.26,41,41.83,1
sglang,long_output,627,58.31,22.39,976.18,42,43.02,1
sglang,long_output,628,70.35,22.54,994.32,42,42.24,1
sglang,long_output,629,58.11,23.46,1020.12,42,41.17,1
sglang,long_output,630,64.18,22.70,1017.56,43,42.26,1
sglang,long_output,631,63.97,22.70,1017.26,43,42.27,1
sglang,long_output,632,70.68,22.89,1031.89,43,41.67,1
sglang,long_output,633,61.57,22.28,1019.59,44,43.15,1
sglang,long_output,634,64.84,22.40,1027.89,44,42.81,1
sglang,long_output,635,61.95,22.40,1025.07,44,42.92,1
sglang,long_output,636,48.31,22.20,1024.89,45,43.91,1
sglang,long_output,637,42.08,22.19,1018.65,45,44.18,1
sglang,long_output,638,46.20,22.33,1028.73,45,43.74,1
sglang,long_output,639,82.45,22.92,1113.83,46,41.30,1
sglang,long_output,640,73.11,22.98,1107.23,46,41.55,1
sglang,long_output,641,84.62,23.05,1121.87,46,41.00,1
sglang,long_output,642,67.72,22.67,1110.62,47,42.32,1
sglang,long_output,643,62.43,22.74,1108.27,47,42.41,1
sglang,long_output,644,69.31,22.64,1110.79,47,42.31,1
sglang,long_output,645,66.49,22.55,1126.20,48,42.62,1
sglang,long_output,646,58.84,22.56,1118.97,48,42.90,1
sglang,long_output,647,111.16,21.71,1131.42,48,42.42,1
sglang,long_output,648,133.70,21.13,1148.00,49,42.68,1
sglang,long_output,649,135.49,21.29,1157.33,49,42.34,1
sglang,long_output,650,133.93,21.37,1159.57,49,42.26,1
sglang,long_output,651,121.82,21.98,1198.73,50,41.71,1
sglang,long_output,652,133.87,21.92,1207.71,50,41.40,1
sglang,long_output,653,98.69,22.66,1209.03,50,41.36,1
sglang,long_output,654,112.50,21.76,1200.48,51,42.48,1
sglang,long_output,655,102.46,21.83,1194.10,51,42.71,1
sglang,long_output,656,124.12,21.99,1223.45,51,41.69,1
sglang,long_output,657,93.15,21.84,1207.19,52,43.08,1
sglang,long_output,658,95.02,21.79,1206.24,52,43.11,1
sglang,long_output,659,96.55,21.51,1214.90,53,43.62,1
sglang,long_output,660,72.55,23.83,263.17,9,34.20,1
sglang,long_output,661,100.34,22.11,1228.01,52,42.35,1
sglang,long_output,662,73.65,24.71,271.32,9,33.17,1
sglang,long_output,663,61.34,23.31,271.14,10,36.88,1
sglang,long_output,664,65.09,26.29,275.41,9,32.68,1
sglang,long_output,665,87.09,20.89,275.14,10,36.34,1
sglang,long_output,666,81.67,24.23,299.70,10,33.37,1
sglang,long_output,667,45.63,19.68,242.43,11,45.37,1
sglang,long_output,668,85.87,20.36,289.47,11,38.00,1
sglang,long_output,669,66.72,21.02,276.92,11,39.72,1
sglang,long_output,670,40.59,19.98,260.35,12,46.09,1
sglang,long_output,671,81.56,21.86,1218.25,53,43.51,1
sglang,long_output,672,36.31,20.19,258.36,12,46.45,1
sglang,long_output,673,78.77,22.08,1226.97,53,43.20,1
sglang,long_output,674,56.96,21.75,1209.49,54,44.65,1
sglang,long_output,675,61.52,21.42,1196.98,54,45.11,1
sglang,long_output,676,45.57,21.02,1180.75,55,46.58,1
sglang,long_output,677,55.41,21.23,1202.04,55,45.76,1
sglang,long_output,678,90.26,21.66,1238.16,54,43.61,1
sglang,long_output,679,39.78,21.27,1188.52,55,46.28,1
sglang,long_output,680,37.25,22.23,1260.00,56,44.44,1
sglang,long_output,681,72.17,25.20,374.54,13,34.71,1
sglang,long_output,682,117.66,24.49,387.02,12,31.01,1
sglang,long_output,683,70.28,22.09,1285.40,56,43.57,1
sglang,long_output,684,118.89,22.48,388.66,13,33.45,1
sglang,long_output,685,130.22,22.74,403.13,13,32.25,1
sglang,long_output,686,67.01,22.31,1293.79,56,43.28,1
sglang,long_output,687,109.20,22.49,401.60,14,34.86,1
sglang,long_output,688,112.96,22.90,410.63,14,34.09,1
sglang,long_output,689,94.65,22.95,393.03,14,35.62,1
sglang,long_output,690,80.43,22.87,400.67,15,37.44,1
sglang,long_output,691,88.98,23.17,413.35,15,36.29,1
sglang,long_output,692,78.49,23.22,403.57,15,37.17,1
sglang,long_output,693,77.37,25.03,452.80,16,35.34,1
sglang,long_output,694,79.73,25.43,461.20,16,34.69,1
sglang,long_output,695,61.90,25.64,446.54,16,35.83,1
sglang,long_output,696,58.31,24.92,457.05,17,37.20,1
sglang,long_output,697,58.37,22.67,1327.78,57,42.93,1
sglang,long_output,698,66.51,22.34,1317.34,57,43.27,1
sglang,long_output,699,98.69,21.97,1329.21,57,42.88,1
sglang,long_output,700,80.88,21.76,1320.92,58,43.91,1
sglang,long_output,701,89.99,21.79,1332.14,58,43.54,1
sglang,long_output,702,77.68,21.87,1324.26,58,43.80,1
sglang,long_output,703,57.08,21.68,1314.69,59,44.88,1
sglang,long_output,704,53.51,21.73,1313.83,59,44.91,1
sglang,long_output,705,73.47,21.83,1339.62,59,44.04,1
sglang,long_output,706,52.27,22.38,1372.73,60,43.71,1
sglang,long_output,707,90.61,25.70,501.83,17,33.88,1
sglang,long_output,708,81.66,26.69,508.73,17,33.42,1
sglang,long_output,709,53.47,22.29,1368.57,60,43.84,1
sglang,long_output,710,118.68,23.29,514.54,18,34.98,1
sglang,long_output,711,111.51,23.47,510.43,18,35.26,1
sglang,long_output,712,101.69,24.45,517.28,18,34.80,1
sglang,long_output,713,84.99,23.87,514.71,19,36.91,1
sglang,long_output,714,101.06,22.99,514.88,19,36.90,1
sglang,long_output,715,95.91,23.29,515.09,19,36.89,1
sglang,long_output,716,84.76,24.70,554.14,20,36.09,1
sglang,long_output,717,79.86,25.11,556.90,20,35.91,1
sglang,long_output,718,84.70,25.34,566.20,20,35.32,1
sglang,long_output,719,75.61,24.19,559.39,21,37.54,1
sglang,long_output,720,61.26,24.80,557.23,21,37.69,1
sglang,long_output,721,67.46,24.80,563.42,21,37.27,1
sglang,long_output,722,60.25,23.95,563.15,22,39.07,1
sglang,long_output,723,81.84,22.76,1424.85,60,42.11,1
sglang,long_output,724,70.43,23.40,1474.31,61,41.38,1
sglang,long_output,725,76.35,23.48,1485.07,61,41.08,1
sglang,long_output,726,63.40,23.54,1475.98,61,41.33,1
sglang,long_output,727,75.29,22.85,1468.87,62,42.21,1
sglang,long_output,728,71.52,22.91,1469.00,62,42.21,1
sglang,long_output,729,58.69,23.30,1479.89,62,41.90,1
sglang,long_output,730,57.14,22.59,1457.90,63,43.21,1
sglang,long_output,731,75.76,22.65,1479.92,63,42.57,1
sglang,long_output,732,62.63,26.07,610.20,22,36.05,1
sglang,long_output,733,56.21,22.92,1477.40,63,42.64,1
sglang,long_output,734,39.63,25.51,575.28,22,38.24,1
sglang,long_output,735,39.64,27.17,637.35,23,36.09,1
sglang,long_output,736,61.83,25.62,625.44,23,36.77,1
sglang,long_output,737,69.81,25.92,640.06,23,35.93,1
sglang,long_output,738,59.78,25.26,640.78,24,37.45,1
sglang,long_output,739,58.26,25.36,641.43,24,37.42,1
sglang,long_output,740,58.60,24.75,627.92,24,38.22,1
sglang,long_output,741,54.24,24.13,633.25,25,39.48,1
sglang,long_output,742,55.55,24.44,642.18,25,38.93,1
sglang,long_output,743,37.85,24.44,624.51,25,40.03,1
sglang,long_output,744,35.50,25.32,668.51,26,38.89,1
sglang,long_output,745,31.85,25.89,678.98,26,38.29,1
sglang,long_output,746,71.67,23.36,1543.16,64,41.47,1
sglang,long_output,747,92.24,23.08,1546.52,64,41.38,1
sglang,long_output,748,62.22,23.81,1562.30,64,40.97,1
sglang,long_output,749,62.72,23.18,1546.02,65,42.04,1
sglang,long_output,750,75.85,22.83,1536.79,65,42.30,1
sglang,long_output,751,57.75,23.28,1547.74,65,42.00,1
sglang,long_output,752,59.81,22.66,1532.67,66,43.06,1
sglang,long_output,753,73.89,22.74,1551.67,66,42.53,1
sglang,long_output,754,64.08,22.73,1541.69,66,42.81,1
sglang,long_output,755,55.07,22.69,1552.88,67,43.15,1
sglang,long_output,756,78.02,26.58,742.51,26,35.02,1
sglang,long_output,757,59.67,26.05,737.01,27,36.63,1
sglang,long_output,758,71.08,26.23,753.11,27,35.85,1
sglang,long_output,759,71.43,26.52,760.99,27,35.48,1
sglang,long_output,760,77.95,24.79,747.19,28,37.47,1
sglang,long_output,761,74.00,25.17,753.67,28,37.15,1
sglang,long_output,762,69.47,25.25,751.32,28,37.27,1
sglang,long_output,763,57.85,24.70,749.56,29,38.69,1
sglang,long_output,764,63.92,24.80,758.37,29,38.24,1
sglang,long_output,765,56.82,24.98,756.33,29,38.34,1
sglang,long_output,766,42.02,26.73,817.09,30,36.72,1
sglang,long_output,767,44.76,26.78,821.38,30,36.52,1
sglang,long_output,768,36.58,27.21,825.57,30,36.34,1
sglang,long_output,769,76.38,24.39,1686.40,67,39.73,1
sglang,long_output,770,52.58,26.38,844.07,31,36.73,1
sglang,long_output,771,51.99,25.25,809.48,31,38.30,1
sglang,long_output,772,54.66,25.53,820.51,31,37.78,1
sglang,long_output,773,59.41,24.43,816.63,32,39.19,1
sglang,long_output,774,55.20,24.48,814.02,32,39.31,1
sglang,long_output,775,57.63,24.81,826.76,32,38.71,1
sglang,long_output,776,54.20,25.51,870.63,33,37.90,1
sglang,long_output,777,37.35,25.63,857.36,33,38.49,1
sglang,long_output,778,37.87,25.70,860.28,33,38.36,1
sglang,long_output,779,33.83,25.13,863.17,34,39.39,1
sglang,long_output,780,93.39,24.12,889.43,34,38.23,1
sglang,long_output,781,75.81,24.91,897.90,34,37.87,1
sglang,long_output,782,77.80,23.81,887.42,35,39.44,1
sglang,long_output,783,62.06,24.52,895.81,35,39.07,1
sglang,long_output,784,91.36,24.01,907.64,35,38.56,1
sglang,long_output,785,42.67,23.50,865.16,36,41.61,1
sglang,long_output,786,67.69,23.61,894.03,36,40.27,1
sglang,long_output,787,73.90,23.66,901.92,36,39.92,1
sglang,long_output,788,72.01,24.02,936.62,37,39.50,1
sglang,long_output,789,90.82,23.50,936.73,37,39.50,1
sglang,long_output,790,76.28,24.27,949.93,37,38.95,1
sglang,long_output,791,85.95,23.04,938.54,38,40.49,1
sglang,long_output,792,82.20,23.14,938.51,38,40.49,1
sglang,long_output,793,67.22,23.95,953.25,38,39.86,1
sglang,long_output,794,74.37,23.02,949.16,39,41.09,1
sglang,long_output,795,72.35,23.11,950.35,39,41.04,1
sglang,long_output,796,66.48,23.22,948.84,39,41.10,1
sglang,long_output,797,62.85,22.77,950.82,40,42.07,1
sglang,long_output,798,42.09,22.85,933.40,40,42.85,1
sglang,long_output,799,56.99,23.16,960.19,40,41.66,1
sglang,long_output,800,74.19,22.36,968.53,41,42.33,1
sglang,long_output,801,66.91,22.42,963.62,41,42.55,1
sglang,long_output,802,57.36,22.48,956.42,41,42.87,1
sglang,long_output,803,60.37,22.09,965.96,42,43.48,1
sglang,long_output,804,45.07,22.22,955.96,42,43.93,1
sglang,long_output,805,53.61,22.31,968.22,42,43.38,1
sglang,long_output,806,33.17,22.05,959.25,43,44.83,1
sglang,long_output,807,37.01,22.24,971.18,43,44.28,1
sglang,long_output,808,81.20,22.79,1038.26,43,41.42,1
sglang,long_output,809,79.09,21.95,1023.12,44,43.01,1
sglang,long_output,810,84.53,22.20,1039.27,44,42.34,1
sglang,long_output,811,92.18,22.20,1046.99,44,42.03,1
sglang,long_output,812,73.47,21.87,1035.70,45,43.45,1
sglang,long_output,813,92.10,21.69,1046.53,45,43.00,1
sglang,long_output,814,86.51,21.74,1043.19,45,43.14,1
sglang,long_output,815,69.30,21.51,1037.42,46,44.34,1
sglang,long_output,816,67.68,21.90,1053.40,46,43.67,1
sglang,long_output,817,73.83,21.81,1055.19,46,43.59,1
sglang,long_output,818,45.88,21.61,1040.05,47,45.19,1
sglang,long_output,819,66.55,21.83,1070.75,47,43.89,1
sglang,long_output,820,67.59,22.40,1097.91,47,42.81,1
sglang,long_output,821,69.72,21.92,1100.06,48,43.63,1
sglang,long_output,822,87.95,21.45,1096.10,48,43.79,1
sglang,long_output,823,74.56,22.02,1109.35,48,43.27,1
sglang,long_output,824,51.60,21.61,1089.06,49,44.99,1
sglang,long_output,825,71.58,21.41,1099.20,49,44.58,1
sglang,long_output,826,83.64,21.43,1112.11,49,44.06,1
sglang,long_output,827,53.52,21.20,1092.54,50,45.77,1
sglang,long_output,828,60.58,21.31,1104.71,50,45.26,1
sglang,long_output,829,58.51,21.39,1106.57,50,45.18,1
sglang,long_output,830,68.23,27.84,290.95,9,30.93,1
sglang,long_output,831,61.02,27.55,281.42,9,31.98,1
sglang,long_output,832,74.76,28.51,302.81,9,29.72,1
sglang,long_output,833,49.30,25.82,281.70,10,35.50,1
sglang,long_output,834,49.11,22.39,1168.85,51,43.63,1
sglang,long_output,835,62.77,22.43,1184.33,51,43.06,1
sglang,long_output,836,60.17,22.48,1183.97,51,43.08,1
sglang,long_output,837,100.92,20.19,282.67,10,35.38,1
sglang,long_output,838,69.44,25.95,303.01,10,33.00,1
sglang,long_output,839,61.21,21.70,1168.01,52,44.52,1
sglang,long_output,840,61.27,22.19,1193.02,52,43.59,1
sglang,long_output,841,75.43,21.80,1187.22,52,43.80,1
sglang,long_output,842,90.53,20.01,290.60,11,37.85,1
sglang,long_output,843,69.35,22.78,297.10,11,37.02,1
sglang,long_output,844,78.93,18.80,285.71,12,42.00,1
sglang,long_output,845,50.94,21.67,1177.55,53,45.01,1
sglang,long_output,846,94.62,21.27,307.37,11,35.79,1
sglang,long_output,847,42.27,21.71,1171.37,53,45.25,1
sglang,long_output,848,70.67,19.37,283.79,12,42.28,1
sglang,long_output,849,76.90,19.97,296.54,12,40.47,1
sglang,long_output,850,36.72,21.80,1170.29,53,45.29,1
sglang,long_output,851,30.33,21.57,1173.38,54,46.02,1
sglang,long_output,852,64.84,19.27,296.09,13,43.91,1
sglang,long_output,853,61.09,19.16,290.99,13,44.67,1
sglang,long_output,854,65.85,21.99,1231.30,54,43.86,1
sglang,long_output,855,63.80,22.06,1232.76,54,43.80,1
sglang,long_output,856,56.10,21.78,1232.45,55,44.63,1
sglang,long_output,857,68.40,20.81,318.09,13,40.87,1
sglang,long_output,858,63.06,21.96,1248.65,55,44.05,1
sglang,long_output,859,54.76,20.20,317.39,14,44.11,1
sglang,long_output,860,67.22,20.21,330.00,14,42.42,1
sglang,long_output,861,60.96,20.71,330.15,14,42.40,1
sglang,long_output,862,43.38,23.06,366.16,15,40.97,1
sglang,long_output,863,44.44,23.55,374.14,15,40.09,1
sglang,long_output,864,65.88,22.37,1273.77,55,43.18,1
sglang,long_output,865,49.41,24.24,388.82,15,38.58,1
sglang,long_output,866,76.54,21.82,1276.45,56,43.87,1
sglang,long_output,867,62.77,22.39,1294.13,56,43.27,1
sglang,long_output,868,72.73,22.04,1285.08,56,43.58,1
sglang,long_output,869,67.34,21.80,1288.22,57,44.25,1
sglang,long_output,870,60.48,21.85,1284.16,57,44.39,1
sglang,long_output,871,59.94,21.87,1284.42,57,44.38,1
sglang,long_output,872,61.64,21.64,1294.98,58,44.79,1
sglang,long_output,873,53.52,25.16,430.85,16,37.14,1
sglang,long_output,874,55.82,25.30,435.27,16,36.76,1
sglang,long_output,875,84.48,23.82,441.81,16,36.21,1
sglang,long_output,876,77.62,22.72,441.17,17,38.53,1
sglang,long_output,877,95.40,22.30,452.19,17,37.60,1
sglang,long_output,878,81.22,23.34,454.67,17,37.39,1
sglang,long_output,879,76.44,22.07,451.64,18,39.86,1
sglang,long_output,880,83.66,21.68,452.26,18,39.80,1
sglang,long_output,881,68.89,22.76,455.83,18,39.49,1
sglang,long_output,882,73.14,21.27,456.09,19,41.66,1
sglang,long_output,883,78.28,21.35,462.50,19,41.08,1
sglang,long_output,884,74.39,21.77,466.24,19,40.75,1
sglang,long_output,885,62.79,24.23,523.07,20,38.24,1
sglang,long_output,886,68.56,24.67,537.32,20,37.22,1
sglang,long_output,887,55.79,23.79,531.60,21,39.50,1
sglang,long_output,888,57.38,23.68,531.03,21,39.55,1
sglang,long_output,889,69.99,25.44,553.37,20,36.14,1
sglang,long_output,890,79.29,23.43,1414.66,58,41.00,1
sglang,long_output,891,76.37,23.46,1413.75,58,41.03,1
sglang,long_output,892,101.37,22.81,1424.24,59,41.43,1
sglang,long_output,893,96.47,22.87,1422.83,59,41.47,1
sglang,long_output,894,94.42,22.90,1422.51,59,41.48,1
sglang,long_output,895,73.47,22.59,1405.99,60,42.67,1
sglang,long_output,896,84.87,22.76,1427.55,60,42.03,1
sglang,long_output,897,77.62,22.75,1419.83,60,42.26,1
sglang,long_output,898,54.07,23.62,1471.52,61,41.45,1
sglang,long_output,899,62.87,23.61,1479.32,61,41.24,1
sglang,long_output,900,68.79,23.75,1494.07,61,40.83,1
sglang,long_output,901,68.10,26.89,605.97,21,34.66,1
sglang,long_output,902,79.89,24.84,601.49,22,36.58,1
sglang,long_output,903,89.37,25.30,620.62,22,35.45,1
sglang,long_output,904,80.86,25.63,619.11,22,35.53,1
sglang,long_output,905,63.19,26.10,637.41,23,36.08,1
sglang,long_output,906,63.79,26.35,643.57,23,35.74,1
sglang,long_output,907,77.05,26.34,656.63,23,35.03,1
sglang,long_output,908,62.28,25.92,658.47,24,36.45,1
sglang,long_output,909,74.24,23.77,1524.28,62,40.67,1
sglang,long_output,910,66.49,24.18,1541.56,62,40.22,1
sglang,long_output,911,73.77,23.87,1529.69,62,40.53,1
sglang,long_output,912,70.20,24.22,1571.94,63,40.08,1
sglang,long_output,913,67.05,24.24,1569.75,63,40.13,1
sglang,long_output,914,71.29,24.52,1591.69,63,39.58,1
sglang,long_output,915,43.86,24.04,1558.29,64,41.07,1
sglang,long_output,916,50.76,24.12,1570.36,64,40.76,1
sglang,long_output,917,61.74,24.24,1588.81,64,40.28,1
sglang,long_output,918,94.68,28.85,758.15,24,31.66,1
sglang,long_output,919,111.39,27.92,753.63,24,31.85,1
sglang,long_output,920,103.68,26.95,750.51,25,33.31,1
sglang,long_output,921,96.12,27.44,754.75,25,33.12,1
sglang,long_output,922,86.56,28.56,772.12,25,32.38,1
sglang,long_output,923,77.16,26.74,745.63,26,34.87,1
sglang,long_output,924,89.90,26.81,760.03,26,34.21,1
sglang,long_output,925,84.50,27.11,762.33,26,34.11,1
sglang,long_output,926,74.72,26.19,755.68,27,35.73,1
sglang,long_output,927,74.90,26.30,758.64,27,35.59,1
sglang,long_output,928,59.76,26.47,747.97,27,36.10,1
sglang,long_output,929,51.51,24.34,1609.35,65,40.39,1
sglang,long_output,930,96.70,24.77,1682.27,65,38.64,1
sglang,long_output,931,83.94,24.84,1673.67,65,38.84,1
sglang,long_output,932,82.01,24.57,1679.13,66,39.31,1
sglang,long_output,933,75.25,24.67,1678.71,66,39.32,1
sglang,long_output,934,68.07,24.74,1675.85,66,39.38,1
sglang,long_output,935,67.54,24.47,1682.74,67,39.82,1
sglang,long_output,936,80.51,24.19,1677.22,67,39.95,1
sglang,long_output,937,84.53,26.69,805.03,28,34.78,1
sglang,long_output,938,106.14,25.97,807.29,28,34.68,1
sglang,long_output,939,92.04,26.12,797.35,28,35.12,1
sglang,long_output,940,87.89,25.42,799.76,29,36.26,1
sglang,long_output,941,85.13,25.71,804.95,29,36.03,1
sglang,long_output,942,87.91,25.43,799.86,29,36.26,1
sglang,long_output,943,81.27,26.13,838.98,30,35.76,1
sglang,long_output,944,71.34,26.12,828.89,30,36.19,1
sglang,long_output,945,73.75,26.11,830.85,30,36.11,1
sglang,long_output,946,62.28,25.65,831.67,31,37.27,1
sglang,long_output,947,56.21,25.69,826.79,31,37.49,1
sglang,long_output,948,58.70,25.95,837.29,31,37.02,1
sglang,long_output,949,84.97,23.71,820.11,32,39.02,1
sglang,long_output,950,116.80,23.08,832.42,32,38.44,1
sglang,long_output,951,81.03,24.40,837.55,32,38.21,1
sglang,long_output,952,89.28,22.71,815.97,33,40.44,1
sglang,long_output,953,98.58,22.77,827.24,33,39.89,1
sglang,long_output,954,83.13,23.67,840.54,33,39.26,1
sglang,long_output,955,67.80,22.40,807.08,34,42.13,1
sglang,long_output,956,90.94,22.36,828.83,34,41.02,1
sglang,long_output,957,73.53,22.38,812.22,34,41.86,1
sglang,long_output,958,60.14,21.93,805.75,35,43.44,1
sglang,long_output,959,64.82,22.01,813.31,35,43.03,1
sglang,long_output,960,69.08,22.20,823.85,35,42.48,1
sglang,long_output,961,56.93,21.75,818.13,36,44.00,1
sglang,long_output,962,88.93,20.40,802.89,36,44.84,1
sglang,long_output,963,90.13,20.49,807.15,36,44.60,1
sglang,long_output,964,39.39,20.20,766.63,37,48.26,1
sglang,long_output,965,73.19,20.50,811.34,37,45.60,1
sglang,long_output,966,60.25,19.50,762.10,37,48.55,1
sglang,long_output,967,52.03,19.42,770.72,38,49.30,1
sglang,long_output,968,51.73,19.36,767.93,38,49.48,1
sglang,long_output,969,84.05,17.96,748.42,38,50.77,1
sglang,long_output,970,55.16,18.28,749.89,39,52.01,1
sglang,long_output,971,59.74,17.72,733.04,39,53.20,1
sglang,long_output,972,78.57,17.83,756.22,39,51.57,1
sglang,long_output,973,36.88,17.52,720.28,40,55.53,1
sglang,long_output,974,43.94,17.57,729.01,40,54.87,1
sglang,long_output,975,40.97,17.57,726.09,40,55.09,1
sglang,long_output,976,81.96,16.14,727.66,41,56.35,1
sglang,long_output,977,78.92,16.22,727.64,41,56.35,1
sglang,long_output,978,84.26,16.01,724.85,41,56.56,1
sglang,long_output,979,76.64,15.89,728.09,42,57.69,1
sglang,long_output,980,66.83,15.86,717.09,42,58.57,1
sglang,long_output,981,74.44,15.88,725.69,42,57.88,1
sglang,long_output,982,100.85,14.44,707.37,43,60.79,1
sglang,long_output,983,98.51,14.52,708.51,43,60.69,1
sglang,long_output,984,124.09,13.71,699.97,43,61.43,1
sglang,long_output,985,111.78,13.72,701.85,44,62.69,1
sglang,long_output,986,103.23,13.69,691.89,44,63.59,1
sglang,long_output,987,112.37,13.66,699.79,44,62.88,1
sglang,long_output,988,97.53,13.64,697.58,45,64.51,1
sglang,long_output,989,95.00,13.61,693.67,45,64.87,1
sglang,long_output,990,87.31,13.63,687.10,45,65.49,1
sglang,long_output,991,83.87,13.57,694.48,46,66.24,1
sglang,long_output,992,83.44,13.51,691.51,46,66.52,1
sglang,long_output,993,63.40,13.47,669.38,46,68.72,1
sglang,long_output,994,84.23,12.23,646.94,47,72.65,1
sglang,long_output,995,86.65,11.99,638.20,47,73.64,1
sglang,long_output,996,82.04,12.25,645.43,47,72.82,1
sglang,long_output,997,75.60,11.97,638.19,48,75.21,1
sglang,long_output,998,68.17,11.97,630.68,48,76.11,1
sglang,long_output,999,78.60,11.96,640.68,48,74.92,1
